Cell ID,T,T_Avg,Volume
0,0.04275,376.47536,0.00011
