/*--------------------------------*- C++ -*----------------------------------*\
  =========                 |
  \\      /  F ield         | OpenFOAM: The Open Source CFD Toolbox
   \\    /   O peration     | Website:  https://openfoam.org
    \\  /    A nd           | Version:  12
     \\/     M anipulation  |
\*---------------------------------------------------------------------------*/
FoamFile
{
    format      ascii;
    class       labelList;
    location    "constant/water/polyMesh";
    object      cellRegionAddressing;
}
// * * * * * * * * * * * * * * * * * * * * * * * * * * * * * * * * * * * * * //


107297
(
988
989
990
991
992
1004
1005
1006
1007
1008
1009
1010
1020
1021
1022
1023
1024
1025
1026
1027
1028
1037
1038
1039
1040
1041
1042
1043
1044
1045
1054
1055
1056
1057
1058
1059
1060
1061
1062
1071
1072
1073
1074
1075
1076
1077
1078
1079
1088
1089
1090
1091
1092
1093
1094
1095
1096
1106
1107
1108
1109
1110
1111
1112
1124
1125
1126
1127
1128
1258
1259
1260
1261
1262
1274
1275
1276
1277
1278
1279
1280
1290
1291
1292
1293
1294
1295
1296
1297
1298
1307
1308
1309
1310
1311
1312
1313
1314
1315
1324
1325
1326
1327
1328
1329
1330
1331
1332
1341
1342
1343
1344
1345
1346
1347
1348
1349
1358
1359
1360
1361
1362
1363
1364
1365
1366
1376
1377
1378
1379
1380
1381
1382
1394
1395
1396
1397
1398
1529
1530
1531
1544
1545
1546
1547
1548
1549
1550
1561
1562
1563
1564
1565
1566
1567
1577
1578
1579
1580
1581
1582
1583
1584
1585
1594
1595
1596
1597
1598
1599
1600
1601
1602
1611
1612
1613
1614
1615
1616
1617
1618
1619
1629
1630
1631
1632
1633
1634
1635
1646
1647
1648
1649
1650
1651
1665
1666
1667
1815
1816
1817
1818
1819
1831
1832
1833
1834
1835
1836
1837
1848
1849
1850
1851
1852
1853
1854
1865
1866
1867
1868
1869
1870
1871
1882
1883
1884
1885
1886
1887
1888
1899
1900
1901
1902
1903
1904
1905
1917
1918
1919
1920
1921
4783
4789
4790
4796
4797
4803
4804
4810
4811
4817
4825
4830
4831
4832
4836
4837
4838
4839
4843
4844
4845
4846
4850
4851
4852
4853
4857
4858
4859
4860
4864
4866
4867
4873
4881
4886
4887
4888
4892
4893
4894
4895
4899
4900
4901
4902
4906
4907
4908
4909
4913
4914
4915
4916
4920
4921
4922
4923
4927
4928
4929
4930
4934
4936
4937
4943
4949
4951
4955
4956
4957
4958
4962
4963
4964
4965
4969
4970
4971
4972
4976
4977
4978
4979
4983
4984
4985
4986
4990
4991
4992
4993
4997
4998
4999
5000
5004
5005
5006
5007
5011
5013
5026
5028
5032
5033
5034
5035
5039
5040
5041
5042
5046
5047
5048
5049
5053
5054
5055
5056
5060
5061
5062
5063
5067
5068
5069
5070
5074
5075
5076
5077
5081
5082
5083
5084
5088
5090
5110
5112
5116
5117
5118
5119
5123
5124
5125
5126
5130
5131
5132
5133
5137
5138
5139
5140
5144
5145
5146
5147
5151
5152
5153
5154
5158
5159
5160
5161
5165
5166
5167
5168
5172
5174
5187
5189
5193
5194
5195
5196
5200
5201
5202
5203
5207
5208
5209
5210
5214
5215
5216
5217
5221
5222
5223
5224
5228
5229
5230
5231
5235
5236
5237
5238
5242
5243
5244
5245
5249
5251
5257
5263
5264
5266
5270
5271
5272
5273
5277
5278
5279
5280
5284
5285
5286
5287
5291
5292
5293
5294
5298
5299
5300
5301
5305
5306
5307
5308
5312
5313
5314
5319
5327
5333
5334
5336
5340
5341
5342
5343
5347
5348
5349
5350
5354
5355
5356
5357
5361
5362
5363
5364
5368
5369
5370
5375
5383
5389
5390
5396
5397
5403
5404
5410
5411
5417
5479
5483
5485
5486
5489
5490
5492
5493
5496
5497
5499
5500
5503
5504
5506
5507
5510
5511
5513
5517
5535
5539
5540
5541
5542
5544
5545
5546
5548
5549
5550
5552
5553
5555
5559
5570
5574
5575
5576
5577
5579
5580
5581
5583
5584
5585
5587
5588
5590
5594
5603
5605
5607
5609
5611
5613
5615
5631
5633
5635
5637
5638
5639
5640
5641
5642
5643
5644
5646
5648
5650
5666
5668
5670
5672
5673
5674
5675
5676
5677
5678
5679
5680
5681
5682
5683
5684
5685
5686
5688
5690
5692
5708
5710
5712
5714
5715
5716
5717
5718
5719
5720
5721
5722
5723
5724
5725
5726
5727
5728
5730
5732
5734
5743
5747
5750
5752
5753
5754
5756
5757
5758
5759
5760
5761
5762
5763
5764
5765
5767
5768
5769
5774
5785
5789
5792
5794
5795
5796
5798
5799
5800
5802
5803
5804
5809
5827
5831
5834
5837
5838
5841
5844
5845
5848
5851
5852
5855
5858
5859
5865
5913
5919
5920
5924
5926
5927
5930
5931
5933
5934
5937
5938
5940
5941
5944
5947
5955
5959
5960
5961
5962
5965
5966
5967
5968
5969
5971
5972
5973
5974
5975
5976
5977
5979
5980
5982
5983
5986
5987
5989
5993
5997
6002
6003
6004
6006
6008
6010
6011
6012
6014
6017
6023
6025
6029
6030
6031
6032
6034
6035
6036
6037
6038
6039
6040
6042
6043
6045
6049
6051
6053
6055
6057
6059
6061
6063
6065
6067
6069
6071
6073
6075
6077
6079
6081
6083
6086
6087
6088
6089
6090
6092
6093
6094
6095
6096
6097
6098
6101
6103
6107
6114
6116
6118
6120
6121
6122
6124
6126
6135
6139
6142
6144
6145
6146
6149
6150
6151
6152
6153
6155
6156
6157
6158
6159
6160
6161
6163
6164
6166
6167
6173
6177
6184
6188
6191
6194
6195
6198
6201
6202
6205
6208
6235
6241
6242
6248
6249
6255
6276
6277
6281
6282
6283
6284
6287
6288
6289
6290
6291
6294
6295
6296
6297
6298
6301
6302
6304
6305
6308
6309
6311
6312
6315
6324
6326
6330
6331
6332
6333
6335
6336
6337
6338
6339
6340
6341
6343
6344
6346
6350
6354
6359
6360
6361
6363
6365
6367
6368
6369
6371
6374
6380
6382
6387
6388
6389
6391
6393
6394
6395
6396
6397
6399
6402
6408
6410
6415
6416
6417
6419
6421
6422
6423
6424
6425
6427
6430
6436
6443
6445
6447
6449
6450
6451
6453
6455
6464
6466
6468
6471
6472
6473
6474
6475
6477
6478
6479
6480
6481
6482
6483
6486
6488
6499
6503
6506
6508
6509
6510
6513
6514
6515
6516
6517
6520
6521
6522
6523
6524
6527
6528
6530
6531
6534
6537
6555
6562
6569
6655
6661
6662
6668
6669
6675
6676
6682
6683
6689
6697
6702
6703
6704
6709
6710
6711
6716
6717
6718
6724
6725
6731
6737
6739
6744
6745
6746
6751
6752
6753
6759
6772
6774
6780
6800
6802
6808
6821
6823
6828
6829
6830
6835
6836
6837
6843
6849
6856
6858
6863
6864
6865
6870
6871
6872
6877
6878
6891
6898
6905
6912
6919
8627
8632
8633
8634
8637
8639
8640
8641
8644
8646
8647
8648
8651
8653
8654
8661
8690
8693
8695
8696
8697
8700
8702
8703
8704
8707
8709
8710
8711
8714
8716
8717
8718
8721
8723
8724
8725
8728
8730
8731
8735
8738
8753
8758
8759
8760
8763
8765
8766
8767
8770
8772
8773
8774
8777
8779
8780
8781
8784
8786
8787
8788
8791
8793
8794
8795
8798
8800
8801
8802
8805
8807
8808
8830
8833
8835
8836
8837
8840
8842
8843
8844
8847
8849
8850
8851
8854
8856
8857
8858
8861
8863
8864
8865
8868
8870
8871
8872
8875
8877
8878
8879
8882
8884
8885
8889
8892
8900
8903
8905
8906
8907
8910
8912
8913
8914
8917
8919
8920
8921
8924
8926
8927
8928
8931
8933
8934
8935
8938
8940
8941
8942
8945
8947
8948
8949
8952
8954
8955
8959
8962
8977
8980
8982
8983
8984
8987
8989
8990
8991
8994
8996
8997
8998
9001
9003
9004
9005
9008
9010
9011
9012
9015
9017
9018
9019
9022
9024
9025
9026
9029
9031
9032
9036
9039
9059
9061
9064
9066
9067
9068
9071
9073
9074
9075
9078
9080
9081
9082
9085
9087
9088
9089
9092
9094
9095
9096
9099
9101
9102
9103
9106
9108
9109
9141
9143
9145
9148
9150
9151
9152
9155
9157
9158
9159
9162
9164
9165
9166
9169
9171
9172
9173
9176
9178
9179
9183
9211
9213
9218
9220
9225
9227
9299
9306
9308
9310
9312
9313
9315
9317
9319
9320
9322
9324
9326
9341
9342
9343
9345
9346
9347
9348
9349
9350
9351
9352
9353
9354
9355
9356
9357
9358
9359
9360
9361
9364
9368
9376
9377
9378
9380
9381
9382
9385
9389
9397
9404
9405
9406
9407
9408
9409
9410
9411
9412
9413
9414
9415
9416
9417
9418
9420
9421
9422
9423
9424
9425
9426
9429
9430
9432
9433
9434
9435
9436
9437
9438
9446
9447
9450
9451
9453
9454
9455
9456
9457
9458
9459
9460
9461
9462
9463
9464
9465
9466
9467
9468
9469
9470
9471
9472
9473
9474
9475
9476
9477
9478
9479
9480
9488
9489
9492
9493
9495
9496
9497
9498
9499
9500
9501
9502
9503
9504
9505
9506
9507
9508
9509
9510
9511
9512
9513
9514
9515
9537
9538
9539
9540
9541
9542
9543
9546
9547
9550
9559
9563
9565
9566
9567
9568
9569
9570
9571
9572
9573
9574
9575
9576
9577
9578
9580
9581
9582
9584
9585
9594
9598
9600
9601
9603
9604
9605
9606
9608
9610
9612
9714
9716
9721
9723
9728
9747
9748
9749
9751
9754
9755
9756
9757
9758
9759
9760
9761
9762
9763
9764
9765
9766
9767
9768
9769
9770
9771
9772
9774
9777
9789
9790
9791
9793
9796
9797
9798
9799
9800
9801
9802
9803
9804
9805
9806
9807
9808
9809
9810
9811
9812
9813
9814
9816
9840
9841
9842
9844
9860
9863
9866
9867
9868
9869
9870
9871
9872
9873
9874
9875
9876
9877
9878
9879
9880
9881
9882
9883
9884
9886
9902
9905
9908
9909
9910
9911
9912
9913
9914
9915
9916
9917
9918
9919
9920
9921
9937
9944
9945
9946
9947
9949
9957
9958
9959
9960
9961
9962
9964
9965
9966
9967
9968
9969
9970
9971
9972
9973
9974
9975
9976
9977
9981
9993
9999
10000
10001
10002
10003
10004
10006
10007
10008
10009
10010
10011
10012
10013
10014
10015
10016
10017
10018
10019
10021
10022
10023
10049
10051
10052
10053
10055
10056
10057
10058
10059
10060
10063
10064
10065
10066
10067
10072
10153
10154
10155
10157
10159
10160
10161
10162
10164
10165
10166
10167
10168
10169
10171
10173
10176
10180
10195
10196
10197
10199
10200
10201
10202
10203
10204
10205
10206
10207
10208
10209
10210
10211
10212
10213
10214
10215
10218
10222
10230
10231
10232
10234
10235
10237
10238
10239
10240
10241
10242
10243
10244
10245
10246
10247
10248
10249
10250
10265
10266
10267
10269
10270
10271
10274
10278
10302
10303
10306
10314
10315
10316
10318
10319
10321
10322
10323
10324
10325
10326
10327
10328
10329
10330
10331
10332
10333
10334
10350
10354
10356
10357
10358
10359
10360
10361
10362
10363
10364
10365
10366
10367
10368
10369
10371
10372
10373
10374
10375
10376
10385
10389
10392
10393
10394
10395
10396
10397
10413
10417
10420
10422
10424
10496
10498
10500
10503
10505
10507
10509
10512
10514
10538
10542
10545
10546
10547
10552
10553
10554
10559
10561
10562
10563
10565
10596
10597
10598
10600
10608
10609
10612
10615
10616
10617
10622
10623
10624
10629
10630
10631
10632
10633
10634
10635
10643
10644
10647
10648
10650
10651
10652
10657
10658
10659
10679
10682
10686
10687
10688
10689
10690
10691
10713
10714
10716
10717
10718
10720
10721
10722
10727
10728
10729
10763
10765
10766
10767
10769
10770
10771
10772
10773
10774
10775
10777
10778
10779
10780
10781
10782
12817
12838
12841
12852
12859
12861
12862
12864
12865
12866
12868
12869
12880
12883
12887
12890
12894
12897
12901
12904
12906
12907
12908
12910
12911
12913
12914
12915
12917
12918
12929
12932
12936
12939
12943
12946
12950
12953
12955
12956
12957
12959
12960
12962
12963
12964
12966
12967
12971
12974
12985
12997
12998
12999
13001
13002
13006
13008
13009
13027
13055
13069
13076
13081
13082
13083
13093
13097
13100
13101
13104
13106
13107
13108
13110
13111
13114
13115
13117
13118
13120
13121
13122
13123
13124
13125
13127
13128
13129
13132
13134
13135
13136
13139
13141
13142
13143
13146
13148
13149
13150
13152
13153
13154
13155
13156
13157
13160
13162
13163
13164
13167
13169
13170
13171
13174
13176
13177
13178
13181
13183
13184
13185
13188
13190
13191
13192
13195
13197
13198
13199
13204
13205
13206
13209
13211
13212
13213
13216
13218
13219
13220
13222
13223
13224
13225
13226
13234
13237
13239
13240
13244
13247
13248
13250
13251
13253
13254
13255
13257
13258
13261
13262
13263
13264
13265
13267
13268
13272
13286
13298
13299
13300
13307
13334
13342
13345
13352
13353
13356
13358
13359
13360
13362
13363
13366
13367
13368
13369
13370
13372
13373
13374
13376
13377
13379
13380
13381
13384
13386
13387
13388
13391
13393
13394
13395
13398
13400
13401
13402
13405
13407
13408
13409
13412
13414
13415
13416
13419
13421
13422
13423
13426
13428
13429
13430
13433
13435
13436
13437
13440
13442
13443
13444
13447
13449
13450
13451
13454
13456
13457
13458
13461
13463
13464
13465
13468
13470
13471
13472
13475
13477
13478
13479
13482
13484
13485
13486
13489
13491
13492
13493
13496
13498
13499
13500
13503
13505
13506
13514
13517
13519
13520
13527
13528
13529
13530
13531
13533
13534
13535
13537
13538
13541
13542
13544
13545
13547
13548
13565
13594
13596
13608
13610
13611
13615
13620
13621
13622
13623
13625
13626
13629
13631
13632
13633
13636
13638
13639
13640
13643
13645
13646
13647
13649
13650
13651
13652
13653
13654
13657
13659
13660
13661
13664
13666
13667
13668
13671
13673
13674
13675
13678
13680
13681
13682
13685
13687
13688
13689
13692
13694
13695
13696
13699
13701
13702
13703
13706
13708
13709
13710
13713
13715
13716
13717
13720
13722
13723
13724
13727
13729
13730
13731
13734
13736
13737
13738
13741
13743
13744
13745
13748
13750
13751
13752
13755
13757
13758
13759
13762
13764
13765
13766
13769
13771
13772
13773
13776
13778
13779
13780
13785
13786
13787
13790
13792
13793
13794
13797
13799
13800
13801
13803
13804
13805
13806
13807
13811
13813
13825
13827
13828
13837
13838
13839
13840
13842
13846
13860
13863
13874
13876
13880
13884
13886
13887
13888
13890
13891
13895
13898
13900
13901
13902
13903
13905
13906
13909
13911
13912
13913
13916
13918
13919
13920
13923
13925
13926
13927
13930
13932
13933
13934
13937
13939
13940
13941
13944
13946
13947
13948
13951
13953
13954
13955
13958
13960
13961
13962
13965
13967
13968
13969
13972
13974
13975
13976
13979
13981
13982
13983
13986
13988
13989
13990
13993
13995
13996
13997
14000
14002
14003
14004
14007
14009
14010
14011
14014
14016
14017
14018
14021
14023
14024
14025
14028
14030
14031
14032
14035
14037
14038
14039
14042
14044
14045
14046
14049
14051
14052
14053
14056
14058
14059
14060
14063
14065
14066
14067
14070
14072
14073
14074
14075
14076
14077
14078
14079
14080
14091
14093
14103
14104
14105
14107
14108
14111
14115
14117
14118
14119
14120
14122
14126
14129
14147
14150
14161
14163
14167
14171
14173
14174
14175
14177
14178
14182
14185
14187
14188
14189
14190
14192
14193
14196
14198
14199
14200
14203
14205
14206
14207
14210
14212
14213
14214
14215
14216
14217
14218
14219
14220
14221
14222
14223
14224
14225
14226
14227
14228
14229
14230
14231
14232
14233
14234
14235
14238
14240
14241
14242
14245
14247
14248
14249
14252
14254
14255
14256
14259
14261
14262
14263
14266
14268
14269
14270
14273
14275
14276
14277
14280
14282
14283
14284
14287
14289
14290
14291
14294
14296
14297
14298
14301
14303
14304
14305
14308
14310
14311
14312
14315
14317
14318
14319
14322
14324
14325
14326
14329
14331
14332
14333
14336
14338
14339
14340
14343
14345
14346
14347
14350
14352
14353
14354
14357
14359
14360
14361
14364
14366
14367
14368
14371
14373
14374
14375
14378
14380
14381
14382
14383
14384
14385
14386
14387
14388
14389
14390
14391
14392
14393
14394
14395
14396
14397
14398
14399
14400
14401
14402
14413
14415
14425
14426
14427
14429
14430
14433
14437
14439
14440
14441
14442
14444
14448
14451
14462
14465
14475
14481
14482
14483
14485
14486
14496
14498
14500
14501
14504
14506
14507
14508
14513
14514
14515
14518
14520
14521
14522
14523
14524
14525
14526
14527
14528
14529
14531
14532
14533
14534
14535
14536
14539
14541
14542
14543
14546
14548
14549
14550
14553
14555
14556
14557
14560
14562
14563
14564
14567
14569
14570
14571
14574
14576
14577
14578
14581
14583
14584
14585
14588
14590
14591
14592
14595
14597
14598
14599
14602
14604
14605
14606
14609
14611
14612
14613
14616
14618
14619
14620
14623
14625
14626
14627
14630
14632
14633
14634
14637
14639
14640
14641
14644
14646
14647
14648
14651
14653
14654
14655
14658
14660
14661
14662
14665
14667
14668
14669
14672
14674
14675
14676
14681
14682
14683
14684
14685
14686
14687
14688
14689
14690
14692
14693
14694
14695
14696
14712
14713
14714
14716
14717
14720
14727
14729
14731
14756
14767
14770
14772
14773
14784
14786
14788
14790
14791
14792
14794
14795
14797
14798
14801
14802
14803
14804
14805
14806
14808
14809
14812
14814
14815
14816
14819
14821
14822
14823
14826
14828
14829
14830
14833
14835
14836
14837
14840
14842
14843
14844
14847
14849
14850
14851
14854
14856
14857
14858
14861
14863
14864
14865
14868
14870
14871
14872
14875
14877
14878
14879
14882
14884
14885
14886
14889
14891
14892
14893
14896
14898
14899
14900
14903
14905
14906
14907
14910
14912
14913
14914
14917
14919
14920
14921
14924
14926
14927
14928
14931
14933
14934
14935
14936
14937
14938
14939
14940
14941
14942
14943
14944
14945
14946
14947
14948
14954
14959
14961
14970
14972
14973
14974
14976
14977
14978
14979
14980
14981
14983
14984
14986
14987
14990
14994
15015
15028
15034
15035
15036
15049
15054
15057
15059
15060
15073
15075
15076
15077
15078
15079
15081
15082
15084
15085
15088
15089
15091
15092
15093
15095
15096
15099
15101
15102
15103
15108
15109
15110
15113
15115
15116
15117
15119
15120
15121
15122
15123
15124
15127
15129
15130
15131
15134
15136
15137
15138
15141
15143
15144
15145
15148
15150
15151
15152
15155
15157
15158
15159
15162
15164
15165
15166
15169
15171
15172
15173
15176
15178
15179
15180
15185
15186
15187
15189
15190
15191
15192
15193
15197
15199
15206
15215
15216
15217
15218
15219
15221
15222
15224
15225
15226
15228
15229
15231
15232
15235
15251
15252
15253
15259
15266
15294
15309
15311
15322
15324
15326
15328
15329
15330
15331
15333
15343
15351
15353
15370
15371
15372
15373
15375
15377
15378
15379
15380
15382
15385
15389
15392
15396
15400
15402
15419
15420
15421
15422
15424
15426
15427
15428
15429
15431
15434
15438
15441
15445
15461
15462
15463
15464
15466
15469
15471
15473
15476
15490
15638
15642
15645
15646
15649
15662
15665
15667
15669
15671
15673
15675
15677
15678
15680
15681
15682
15683
15684
15685
15692
15695
15697
15699
15700
15702
15703
15704
15705
15706
15708
15710
15712
15713
15716
15718
15719
15720
15723
15725
15726
15727
15729
15731
15733
15734
15737
15739
15740
15741
15744
15746
15747
15748
15755
15757
15758
15759
15760
15761
15762
15765
15767
15769
15776
15777
15779
15780
15781
15782
15785
15786
15789
15792
15796
15805
15807
15809
15816
15848
15852
15855
15859
15861
15862
15863
15865
15866
15877
15879
15884
15886
15889
15890
15891
15892
15893
15895
15897
15898
15899
15900
15901
15902
15903
15904
15906
15907
15908
15909
15911
15912
15913
15914
15915
15924
15925
15926
15928
15929
15932
15936
15940
15942
15952
15953
15954
15955
15956
15961
15963
15981
15985
15994
15996
15998
16005
16015
16016
16018
16021
16023
16024
16025
16026
16027
16028
16029
16030
16032
16033
16034
16035
16037
16038
16039
16040
16041
16043
16045
16047
16061
16064
16065
16067
16091
16093
16094
16095
16096
16097
16098
16100
16102
16104
16105
16112
16113
16115
16116
16117
16118
16119
16122
16124
16126
16133
16135
16137
16139
16140
16141
16143
16144
16145
16146
16147
16154
16157
16159
16203
16205
16207
16209
16210
16212
16214
16216
16217
16220
16222
16223
16224
16225
16226
16227
16228
16229
16230
16231
16232
16233
16234
16235
16236
16237
16238
16239
16242
16243
16245
16247
16249
16251
16252
16254
16256
16258
16259
16262
16264
16265
16315
16317
16319
16321
16322
16324
16326
16328
16329
16332
16334
16335
16336
16337
16338
16339
16340
16341
16342
16343
16344
16345
16346
16347
16348
16349
16350
16351
16352
16353
16354
16355
16356
16357
16358
16359
16360
16361
16362
16363
16364
16365
16366
16367
16368
16369
16370
16371
16372
16373
16374
16375
16376
16377
16378
16379
16380
16381
16382
16383
16384
16385
16386
16387
16388
16389
16390
16391
16392
16393
16394
16395
16396
16397
16398
16399
16400
16403
16404
16406
16408
16410
16412
16413
16415
16417
16419
16420
16423
16425
16426
16462
16469
16470
16472
16473
16474
16475
16476
16478
16480
16483
16490
16491
16492
16494
16495
16496
16497
16498
16499
16500
16501
16502
16503
16504
16505
16506
16507
16508
16509
16510
16511
16512
16513
16514
16515
16516
16517
16518
16519
16522
16523
16525
16526
16528
16529
16530
16531
16532
16539
16541
16543
16546
16547
16548
16550
16551
16552
16553
16569
16570
16573
16575
16579
16589
16591
16593
16599
16602
16603
16604
16606
16607
16608
16609
16611
16612
16613
16614
16615
16616
16617
16618
16619
16620
16621
16622
16623
16624
16625
16626
16627
16628
16629
16630
16631
16632
16633
16634
16635
16636
16637
16638
16639
16640
16641
16642
16643
16644
16645
16646
16648
16649
16650
16651
16653
16654
16655
16656
16657
16666
16670
16673
16675
16677
16690
16708
16709
16710
16712
16713
16722
16726
16730
16732
16736
16737
16738
16739
16740
16751
16753
16756
16757
16758
16760
16761
16762
16763
16765
16766
16767
16768
16769
16770
16771
16772
16774
16775
16776
16777
16779
16780
16781
16782
16783
16785
16789
16792
16796
16806
16807
16808
16809
16810
16814
16816
16821
16823
16855
16857
16859
16872
16876
16877
16879
16889
16896
16897
16900
16901
16903
16904
16905
16907
16908
16909
16910
16917
16919
16921
16924
16925
16928
16929
16931
16932
16935
16936
16938
16940
16942
16944
16945
16947
16949
16951
16952
16953
16956
16957
16959
16960
16963
16964
16966
16968
16970
16972
16973
16975
16977
16979
16980
16981
16983
16984
16985
16986
16987
16988
16991
16992
16994
17001
17002
17003
17005
17006
17007
17008
17010
17012
17015
17023
17027
17037
17038
17040
17047
17145
17165
17172
17173
17174
17176
17178
17179
17180
17181
17183
17192
17196
17199
17201
17203
17207
17209
17212
17213
17214
17215
17216
17218
17233
17234
17236
17238
17240
17241
17243
17244
17245
17249
17251
17254
17255
17256
17257
17258
17260
17275
17276
17278
17279
17280
17282
17283
17285
17287
17297
17298
17299
17300
17302
17305
17306
17307
17309
17318
17320
17322
17325
17329
17334
17361
17368
17374
17375
17376
17395
17401
17402
17403
17404
17405
17407
17408
17409
17410
17411
17412
17414
17415
17422
17423
17425
17427
17429
17430
17432
17434
17435
17436
17437
17438
17439
17440
17441
17442
17443
17444
17445
17446
17447
17448
17449
17450
17451
17452
17454
17457
17458
17459
17460
17461
17463
17464
17465
17467
17469
17471
17478
17479
17481
17483
17484
17486
17487
17488
17494
17507
17530
17548
17549
17550
17551
17552
17554
17555
17556
17557
17558
17559
17561
17562
17569
17570
17572
17574
17575
17576
17577
17579
17581
17583
17584
17585
17587
17590
17591
17592
17593
17594
17596
17597
17598
17600
17602
17603
17604
17611
17612
17614
17616
17621
17641
17642
17643
17645
17648
17654
17655
17656
17657
17658
17661
17665
17675
17676
17678
17681
17682
17683
17684
17685
17686
17687
17688
17689
17690
17691
17692
17693
17694
17703
17704
17705
17706
17707
17711
17717
17721
17724
17725
17727
17737
17738
17739
17740
17741
17743
17746
17748
17758
17759
17761
17763
17772
17773
17774
17776
17777
17780
17783
17788
17790
17793
17794
17796
17798
17807
17808
17809
17811
17812
17823
17825
17828
17829
17830
17831
17832
17833
17842
17843
17845
17846
17847
17856
17857
17858
17860
17864
17867
17870
17871
17872
17873
17874
17875
17879
17881
17884
17885
17887
17888
17889
17898
17899
17900
17902
17913
17914
17915
17916
17918
17927
17929
17930
17931
17941
17943
17945
17948
17951
17954
17955
17956
17957
17958
17959
17960
17961
17962
17963
17964
17965
17966
17967
17969
17976
17978
17979
17980
17990
17992
17994
18004
18007
18013
18038
18039
18040
18042
18045
18046
18047
18048
18049
18050
18052
18053
18054
18056
18059
18066
18067
18068
18070
18072
18073
18074
18075
18076
18077
18078
18080
18081
18082
18083
18084
18085
18087
18088
18089
18091
18094
18095
18096
18098
18101
18102
18103
18105
18107
18108
18137
18138
18139
18144
18158
18171
18172
18173
18175
18178
18179
18180
18181
18182
18183
18185
18186
18187
18189
18191
18192
18199
18200
18201
18203
18206
18207
18208
18209
18210
18211
18212
18213
18214
18215
18216
18217
18218
18219
18220
18221
18222
18223
18224
18225
18227
18228
18229
18230
18231
18232
18234
18235
18236
18238
18241
18242
18243
18245
18247
18248
18249
18250
18252
18255
18263
18270
18277
18300
18319
18320
18321
18322
18323
18333
18340
18343
18347
18348
18350
18361
18364
18368
18371
18374
18375
18376
18378
18381
18382
18383
18385
18386
18402
18403
18404
18405
18406
18407
18410
18413
18417
18420
18423
18424
18425
18427
18428
18430
18431
18432
18434
18452
18454
18455
18456
18459
18473
18474
18476
18480
18483
18559
18563
18566
18567
18570
18579
18587
18588
18591
18594
18598
18600
18650
18654
18657
18661
18663
18664
18665
18666
18667
18668
18681
18684
18687
18688
18690
18691
18692
18694
18696
18697
18702
18703
18704
18707
18709
18710
18711
18712
18714
18715
18716
18717
18718
18721
18722
18723
18724
18725
18726
18728
18729
18730
18731
18732
18733
18734
18736
18737
18738
18739
18740
18742
18743
18744
18745
18746
18749
18750
18751
18752
18753
18754
18755
18757
18759
18760
18763
18765
18766
18767
18772
18773
18774
18775
18777
18778
18779
18780
18789
18790
18791
18792
18793
18794
18797
18801
18810
18813
18814
18821
18832
18836
18839
18843
18845
18846
18847
18848
18849
18850
18856
18866
18869
18870
18872
18876
18877
18878
18879
18880
18882
18883
18884
18885
18886
18887
18889
18890
18891
18892
18893
18894
18895
18897
18898
18899
18900
18901
18903
18904
18905
18906
18907
18911
18912
18913
18914
18915
18917
18918
18919
18920
18929
18930
18931
18932
18933
18934
18937
18941
18947
18950
18953
18954
18984
18985
18986
18988
18990
18991
18995
18997
18998
18999
19001
19002
19003
19004
19005
19008
19010
19011
19012
19013
19014
19016
19017
19019
19020
19021
19023
19025
19026
19027
19029
19030
19031
19032
19033
19037
19039
19040
19043
19045
19046
19063
19067
19076
19078
19080
19090
19096
19098
19100
19101
19102
19103
19104
19106
19107
19108
19109
19110
19111
19112
19114
19115
19116
19117
19119
19121
19122
19123
19124
19125
19127
19128
19129
19130
19132
19134
19136
19153
19161
19162
19165
19167
19171
19174
19187
19188
19189
19191
19192
19193
19194
19195
19196
19198
19199
19200
19201
19204
19205
19206
19207
19208
19209
19210
19212
19213
19214
19215
19216
19217
19219
19220
19221
19222
19225
19226
19227
19228
19237
19241
19244
19278
19279
19280
19282
19284
19285
19287
19289
19291
19292
19297
19298
19299
19300
19301
19303
19304
19305
19306
19307
19308
19310
19311
19313
19314
19315
19317
19319
19320
19322
19324
19326
19327
19328
19329
19331
19332
19333
19334
19339
19340
19356
19357
19358
19359
19360
19361
19370
19374
19384
19387
19388
19394
19397
19398
19399
19401
19402
19403
19404
19405
19406
19408
19409
19410
19411
19415
19416
19417
19418
19419
19420
19422
19423
19424
19425
19426
19427
19429
19430
19431
19432
19433
19434
19436
19437
19438
19439
19440
19441
19443
19444
19445
19446
19450
19451
19452
19454
19458
19461
19465
19475
19478
19479
19492
19503
19504
19505
19506
19507
19508
19517
19521
19527
19531
19534
19535
19544
19545
19546
19548
19549
19551
19552
19553
19555
19556
19558
19559
19560
19562
19563
19564
19565
19569
19571
19572
19574
19576
19578
19579
19580
19581
19583
19584
19585
19586
19588
19590
19591
19592
19593
19594
19595
19597
19598
19599
19600
19601
19602
19604
19605
19606
19607
19608
19609
19611
19612
19613
19614
19616
19618
19619
19620
19621
19622
19623
19625
19626
19628
19629
19630
19632
19633
19635
19636
19637
19639
19640
19641
19642
19644
19646
19648
19649
19653
19655
19657
19661
19664
19668
19678
19681
19682
19688
19720
19722
19724
19741
19748
19752
19762
20002
20004
20009
20010
20011
20013
20015
20016
20017
20018
20019
20020
20049
20051
20053
20055
20056
20057
20058
20059
20060
20061
20062
20091
20093
20095
20098
20099
20100
20101
20102
20103
20104
20141
20142
20143
20144
20145
20146
20149
20150
20151
20153
20238
20240
20241
20242
20244
20245
20247
20248
20249
20251
20294
20298
20301
20303
20304
20305
20307
20359
20360
20361
20363
20366
20368
20372
20373
20374
20375
20376
20377
20421
20422
20423
20424
20425
20426
20429
20431
20469
20470
20471
20472
20473
20474
20475
20476
20478
20480
20482
20511
20512
20515
20518
20520
20522
20524
20574
20576
20578
20581
20582
20583
20584
20585
20586
20587
20616
20617
20620
20621
20623
20624
20625
20626
20627
20628
20629
20630
20632
20634
20673
20674
20675
20676
20677
20678
20687
20689
20690
20691
20729
20732
20736
20738
20739
20740
20791
20795
20798
20799
20801
20802
20803
20847
20848
20850
20851
20852
20854
20855
20857
20858
20859
20861
20865
20946
20947
20948
20949
20950
20951
20960
20963
20994
20995
20998
21001
21002
21005
21006
21036
21037
21038
21039
21040
21041
21042
21043
21044
21047
21048
21050
21051
21054
21086
21088
21089
21090
21093
21096
25516
25522
25537
25541
25543
25544
25545
25546
25547
25548
25549
25550
25551
25552
25553
25554
25555
25556
25557
25558
25559
25560
25561
25562
25563
25564
25579
25583
25584
25586
25587
25588
25589
25590
25591
25592
25593
25594
25595
25596
25597
25598
25599
25600
25601
25602
25603
25604
25605
25606
25635
25636
25637
25638
25639
25640
25641
25642
25643
25644
25645
25646
25647
25648
25649
25650
25651
25652
25653
25654
25655
25663
25668
25670
25671
25672
25673
25674
25675
25676
25691
25692
25693
25694
25695
25696
25697
25698
25699
25700
25701
25702
25703
25704
25705
25706
25707
25708
25709
25710
25711
25712
25713
25714
25715
25716
25717
25718
25719
25720
25721
25722
25723
25724
25725
25726
25727
25728
25729
25730
25731
25732
25733
25734
25735
25736
25737
25738
25739
25747
25748
25749
25750
25751
25752
25753
25754
25755
25756
25757
25758
25759
25760
25761
25762
25763
25764
25765
25766
25767
25768
25769
25770
25771
25772
25773
25774
25796
25797
25798
25799
25800
25801
25802
25803
25804
25805
25806
25807
25808
25809
25810
25811
25812
25813
25814
25815
25816
25817
25818
25819
25820
25821
25822
25823
25915
25918
25919
25920
25921
25922
25923
25924
25943
25960
25961
25962
25963
25964
25965
25966
25967
25968
25969
25970
25971
25973
25995
25996
25997
25998
25999
26000
26001
26016
26017
26018
26019
26020
26021
26022
26044
26045
26046
26047
26048
26049
26050
26052
26053
26054
26057
26086
26087
26088
26089
26090
26091
26093
26094
26095
26096
26097
26098
26099
26101
26102
26103
26105
26201
26203
26205
26208
26209
26210
26211
26212
26213
26214
26236
26237
26238
26239
26240
26241
26242
26243
26244
26245
26246
26247
26248
26249
26252
26254
26256
26264
26265
26268
26271
26272
26273
26274
26275
26276
26277
26299
26300
26301
26302
26303
26304
26305
26306
26307
26308
26309
26310
26311
26312
26315
26316
26319
26320
26321
26322
26323
26324
26325
26326
26327
26328
26329
26330
26331
26332
26333
26334
26335
26336
26337
26338
26339
26340
26342
26343
26344
26345
26347
26364
26365
26383
26384
26385
26386
26387
26388
26389
26390
26391
26392
26393
26394
26395
26396
26419
26422
26423
26425
26426
26427
26428
26429
26430
26431
26461
26463
26465
26468
26469
26470
26471
26472
26475
26477
26549
26551
26568
26569
26570
26571
26572
26573
26574
26575
26576
26577
26578
26579
26580
26581
26582
26583
26584
26589
26590
26591
26596
26597
26598
26599
26600
26602
26618
26621
26624
26625
26626
26627
26628
26629
26630
26645
26646
26647
26652
26653
26654
26666
26667
26668
26669
26670
26671
26672
26674
26675
26676
26680
26681
26682
26683
26684
26685
26687
26688
26689
26690
26691
26692
26693
26695
26696
26697
28864
28865
28866
28868
28884
28885
28886
28887
28889
28890
28968
28969
28970
28971
28973
28974
28990
28991
28992
28994
29049
29052
29053
29054
29055
29056
29057
29058
29080
29081
29082
29083
29084
29085
29086
29087
29088
29089
29090
29091
29092
29093
29094
29095
29096
29097
29098
29099
29100
29122
29123
29124
29125
29126
29127
29128
29129
29130
29131
29132
29133
29134
29135
29157
29158
29159
29160
29161
29162
29163
29164
29165
29166
29167
29168
29169
29170
29192
29193
29194
29195
29196
29197
29198
29199
29200
29201
29202
29203
29204
29205
29206
29207
29208
29209
29210
29211
29212
29233
29234
29235
29236
29237
29238
29239
29240
29284
29285
29286
29287
29315
29318
29319
29320
29321
29322
29323
29324
29346
29347
29348
29349
29350
29351
29352
29353
29354
29355
29356
29357
29358
29359
29360
29361
29362
29363
29364
29365
29366
29472
29473
29474
29475
29476
29477
29478
29479
29480
29481
29482
29483
29484
29485
29486
29487
29488
29489
29490
29491
29492
29513
29514
29515
29516
29517
29518
29519
29520
29536
29537
29538
29539
29549
29550
29551
29552
29554
29555
29584
29585
29586
29587
29588
29589
29590
29591
29592
29593
29594
29595
29596
29597
29598
29599
29600
29601
29602
29603
29604
29752
29753
29754
29755
29756
29757
29758
29759
29760
29761
29762
29763
29764
29765
29766
29767
29768
29769
29770
29771
29772
29787
29788
29789
29790
29791
29793
29864
29865
29866
29867
29868
29869
29870
29871
29872
29873
29874
29875
29876
29877
29878
29879
29880
29881
29882
29883
29884
30032
30033
30034
30035
30036
30037
30038
30039
30040
30041
30042
30043
30044
30045
30144
30145
30146
30147
30148
30149
30150
30298
30299
30300
30301
30302
30303
30304
30361
30362
30363
30364
30365
30367
30389
30390
30391
30392
30393
30394
30395
30396
30397
30398
30399
30400
30401
30402
30529
30530
30531
30532
30533
30534
30535
30557
30558
30559
30560
30561
30562
30563
30564
30565
30566
30567
30568
30569
30570
30585
30586
30587
30588
30589
30591
30600
30601
30602
30604
30634
30635
30636
30637
30638
30639
30640
30647
30669
30670
30671
30672
30673
30674
30675
30676
30677
30678
30679
30680
30681
30682
30683
30684
30685
30686
30687
30688
30689
30774
30775
30776
30777
30778
30779
30780
30802
30803
30804
30805
30806
30807
30808
30809
30810
30811
30812
30813
30814
30815
30816
30817
30818
30819
30820
30821
30822
30823
30824
30825
30826
30827
30828
30829
30844
30845
30846
30847
30848
30849
30850
30857
30866
30867
30868
30871
30921
30922
30923
30924
30925
30926
30927
30934
30956
30957
30958
30959
30960
30961
30962
30963
30964
30965
30966
30967
30968
30969
30970
30971
30972
30973
30974
30975
30976
30998
30999
31000
31001
31002
31003
31004
31005
31006
31007
31008
31009
31010
31011
31033
31034
31035
31036
31037
31038
31039
31040
31041
31042
31043
31044
31045
31046
31068
31069
31070
31071
31072
31073
31074
31075
31076
31077
31078
31079
31080
31081
31082
31083
31084
31085
31086
31087
31088
31103
31104
31105
31106
31107
31108
31109
31116
31139
31140
31141
31142
31166
31167
31168
31169
31170
31171
31229
31230
31231
31232
31233
31235
31251
31252
31253
31255
31410
31411
31412
31413
31414
31415
31416
31438
31439
31440
31441
31442
31443
31444
31452
31453
31454
31455
31456
31457
31458
31459
31463
31466
31467
31468
31469
31470
31471
31472
31473
31474
31475
31476
31477
31478
31479
31487
31492
31494
31495
31496
31497
31498
31499
31500
31501
31502
31503
31504
31505
31506
31507
31515
31516
31517
31518
31519
31520
31521
31522
31523
31524
31525
31526
31527
31528
31529
31535
31543
31544
31545
31546
31547
31548
31549
31550
31551
31552
31553
31554
31555
31556
31564
31565
31566
31567
31568
31569
31570
31578
31579
31580
31581
31582
31583
31584
31592
31593
31594
31595
31596
31597
31598
31676
31677
31678
31679
31680
31681
31682
31683
31684
31685
31686
31687
31688
31689
31690
31694
31696
31697
31698
31699
31700
31701
31702
31703
31704
31705
31706
31707
31708
31709
31710
31711
31715
31716
31718
31719
31720
31721
31722
31723
31724
31725
31726
31727
31728
31729
31730
31731
31732
31737
31738
31739
31740
31741
31742
31743
31744
31745
31788
31789
31790
31791
31792
31793
31794
31809
31810
31811
31812
31813
31814
31815
31816
31817
31818
31819
31820
31821
31822
31823
31827
31828
31830
31831
31832
31833
31834
31835
31836
31837
31838
31839
31840
31841
31842
31843
31844
31849
31850
31851
31852
31853
31854
31855
31856
31857
31858
31859
31860
31861
31862
31863
31864
31865
31869
31871
31872
31873
31874
31875
31876
31877
31878
31886
31887
31888
31889
31890
31891
31892
31928
31929
31930
31931
31932
31933
31934
31942
31943
31944
31945
31946
31947
31948
31956
31957
31958
31959
31960
31961
31962
31970
31971
31972
31973
31974
31975
31976
32012
32013
32014
32015
32016
32017
32018
32019
32023
32026
32027
32028
32029
32030
32031
32032
32040
32041
32042
32043
32044
32045
32046
32047
32052
32054
32055
32056
32057
32058
32059
32060
32061
32062
32063
32064
32065
32066
32067
32068
32069
32070
32071
32072
32073
32074
32082
32083
32084
32085
32086
32087
32088
32089
32095
32096
32097
32098
32099
32100
32101
32102
32110
32111
32112
32113
32114
32115
32116
32117
32122
32159
32160
32161
32162
32163
32164
32165
32173
32174
32175
32176
32177
32178
32179
32180
32185
32187
32188
32189
32190
32191
32192
32193
32201
32202
32203
32204
32205
32206
32207
32208
32209
32210
32211
32212
32213
32214
32215
32216
32217
32218
32219
32220
32221
32222
32223
32224
32225
32226
32227
32228
32229
32230
32231
32232
32233
32234
32235
32236
32237
32238
32239
32240
32241
32242
32243
32249
32250
32251
32252
32253
32254
32255
32256
32264
32265
32266
32267
32268
32269
32270
32271
32275
32278
32279
32280
32281
32282
32283
32284
32320
32321
32322
32323
32324
32325
32326
32341
32342
32343
32344
32345
32346
32347
32348
32349
32350
32351
32352
32353
32354
32355
32356
32357
32358
32359
32360
32361
32362
32363
32364
32365
32366
32367
32368
32369
32370
32371
32372
32373
32374
32375
32376
32377
32378
32379
32380
32381
32382
32397
32398
32399
32400
32401
32402
32403
32425
32426
32427
32428
32429
32430
32431
32460
32464
32465
32467
32468
32469
32470
32471
32472
32473
32474
32475
32476
32477
32478
32479
32480
32481
32486
32487
32488
32489
32490
32491
32492
32493
32494
32495
32496
32497
32498
32499
32500
32501
32502
32503
32504
32505
32506
32507
32508
32509
32510
32511
32512
32513
32514
32515
32516
32517
32518
32519
32520
32521
32522
32523
32524
32525
32526
32527
32528
32529
32530
32531
32532
32533
32534
32535
32536
32537
32538
32539
32540
32541
32542
32543
32544
32548
32550
32551
32552
32553
32554
32555
32556
32557
32558
32559
32560
32561
32562
32563
32564
32565
32566
32567
32568
32569
32570
32571
32572
32577
32578
32642
32647
32648
32649
32650
32651
32652
32653
32654
32655
32656
32657
32658
32659
32660
32661
32662
32663
32667
32669
32670
32671
32672
32673
32674
32675
32676
32677
32678
32679
32680
32681
32682
32683
32684
32685
32686
32687
32688
32689
32690
32691
32695
32696
32698
32699
32700
32701
32702
32703
32704
32705
32706
32707
32708
32709
32710
32711
32712
32713
32714
32715
32716
32717
32718
32719
32723
32725
32775
32776
32777
32778
32779
32780
32781
32803
32804
32805
32806
32807
32808
32809
32824
32825
32826
32827
32828
32829
32830
32838
32839
32840
32841
32842
32843
32844
32852
32857
32859
32860
32861
32862
32863
32864
32865
32866
32867
32868
32869
32870
32871
32872
32880
32884
32887
32888
32889
32890
32891
32892
32893
32894
32900
32908
32909
32910
32911
32912
32913
32914
32915
32916
32917
32918
32919
32920
32921
32922
32926
32950
32951
32952
32953
32954
32955
32956
33083
33084
33085
33088
33110
33111
33112
33113
33114
33115
33132
33134
33135
33136
33145
33146
33147
33148
33149
33150
33151
33152
33153
33155
33156
33157
33158
33166
33167
33168
33169
33170
33171
33172
33173
33174
33176
33177
33178
33179
33180
33181
33182
33183
33184
33186
33195
33197
33198
33199
33209
33210
33211
33212
33251
33257
33260
33262
33264
33265
33267
33268
33269
33270
33271
33272
33273
33274
33275
33276
33277
33278
33281
33282
33283
33284
33285
33286
33287
33288
33289
33290
33291
33292
33293
33294
33295
33296
33297
33298
33299
33300
33301
33302
33303
33304
33305
33306
33309
33310
33311
33312
33318
33320
33323
33326
33327
33328
33329
33330
33331
33332
33333
33334
33335
33337
33338
33339
33340
33356
33377
33378
33379
33381
33397
33398
33400
33401
33402
33403
33404
33407
33409
33411
33412
33413
33414
33415
33416
33417
33423
33425
33426
33428
33429
33430
33431
33432
33433
33434
33435
33436
33437
33438
33439
33442
33444
33447
33448
33449
33452
33474
33475
33476
33477
33478
33479
33503
33504
33506
33507
33509
33511
33513
33514
33515
33516
33517
33518
33519
33520
33521
33522
33523
33524
33525
33526
33527
33528
33529
33530
33532
33534
33535
33536
33537
33538
33539
33540
33541
33542
33543
33566
33567
33569
33570
33579
33580
33581
33582
33583
33584
33585
33586
33587
33589
33590
33591
33592
33600
33601
33602
33603
33604
33605
33606
33614
33615
33617
33618
33619
33620
33621
33622
33623
33624
33625
33626
33627
33635
33636
33637
33639
33640
33641
33656
33657
33658
33660
33661
33662
33663
33664
33665
33666
33667
33668
33671
33673
33674
33675
33691
33692
33693
33694
33695
33696
33697
33698
33699
33700
33701
33702
33703
33704
33705
33708
33709
33710
33711
33712
33713
33714
33715
33716
33717
33718
33719
33720
33721
33722
33723
33724
33725
33726
33729
33730
33731
33732
33740
33741
33742
33743
33745
33746
33748
33750
33752
33753
33769
33770
33771
33772
33801
33803
33805
33808
33810
33811
33812
33813
33814
33815
33816
33817
33818
33819
33821
33822
33823
33828
33831
33832
33833
33834
33835
33836
33837
33838
33840
33842
33845
33846
33847
33849
33850
33851
33895
33906
33908
33909
33910
33912
33913
33914
33915
33916
33917
33918
33919
33920
33921
33922
33924
33926
33929
33930
33931
33932
33933
33934
33935
33936
33938
33940
33941
33942
33943
33944
33945
33946
33947
33948
33949
33950
33951
33952
33953
33954
33955
33956
33957
33958
33959
33960
33961
33962
33963
33964
33966
33968
33969
33970
33975
33978
33979
33980
33981
33982
33983
33984
33985
33986
33987
33989
33990
33991
33992
33994
33996
34021
34028
34029
34030
34033
34070
34071
34073
34074
34083
34084
34085
34086
34087
34088
34089
34104
34105
34106
34108
34109
34110
34125
34126
34127
34129
34130
34131
34132
34133
34134
34135
34137
34138
34147
34148
34151
34152
34245
34246
34266
34267
34268
34272
34273
34274
34275
34277
34314
34315
34316
34317
34318
34322
34323
34326
34357
34358
34434
34436
34437
34453
34454
34455
34456
34457
34458
34460
34461
34462
34463
34464
34465
34466
34479
34481
34482
34483
34484
34485
34486
34487
34488
34489
34490
34491
34492
34493
34494
34495
34501
34502
34505
34507
34508
34509
34510
34511
34512
34513
34514
34515
34516
34519
34520
34522
34523
34528
34530
34531
34532
34533
34534
34535
34536
34537
34539
34542
34544
34545
34546
34547
34548
34549
34550
34557
34565
34566
34567
34568
34569
34570
34571
34574
34576
34578
34586
34587
34588
34589
34590
34591
34623
34625
34626
34649
34650
34651
34652
34653
34654
34656
34663
34691
34692
34693
34694
34695
34696
34713
34715
34733
34734
34735
34736
34737
34738
34739
34752
34754
34755
34756
34757
34758
34759
34760
34761
34762
34766
34775
34776
34777
34778
34779
34780
34781
34787
34790
34792
34819
34820
34821
34825
34826
34827
34828
34829
34859
34860
34861
34862
34863
34864
34865
34866
34871
34873
34874
34875
34876
34877
34878
34879
34880
34883
34885
34886
34887
34888
34889
34890
34891
34892
34893
34894
34895
34896
34897
34898
34899
34900
34901
34905
34908
34911
34913
34914
34923
34924
34925
34927
34928
34958
34959
34960
34961
34962
34972
34974
34976
35006
35008
35010
35011
35013
35018
35020
35021
35022
35023
35024
35025
35026
35027
35028
35029
35030
35031
35032
35033
35034
35036
35038
35040
35041
35042
35043
35044
35045
35046
35047
35048
35053
35056
35058
35061
35099
35100
35125
35127
35130
35132
35133
35134
35135
35136
35137
35138
35144
35146
35147
35148
35149
35150
35151
35152
35160
35161
35162
35163
35164
35165
35166
35167
35169
35171
35174
35175
35176
35177
35178
35179
35180
35185
35224
35227
35228
35230
35231
35232
35233
35234
35235
35251
35258
35273
35277
35278
35279
35280
35281
35282
35284
35285
35335
35336
35337
35338
35339
35340
35349
35350
35354
35356
35357
35358
35359
35360
35361
35362
35374
35377
35378
35379
35380
35381
35382
35383
35384
35385
35386
35387
35388
35389
35390
35391
35395
35398
35400
35402
35404
35405
35406
35407
35408
35409
35410
35411
35412
35413
35414
35415
35416
35417
35418
35419
35421
35423
35425
35426
35430
35433
35434
35435
35436
35437
35438
35439
35440
35441
35444
35447
35448
35449
35450
35451
35452
35453
35458
35469
35473
35474
35482
35483
35484
35485
35487
35488
35539
35541
35567
35568
35569
35571
35572
35609
35611
35614
35916
35917
35918
35950
35951
35952
35953
35954
35955
35980
35983
35985
35986
35987
35988
35989
35990
35991
35999
36000
36001
36002
36003
36004
36005
36006
36007
36008
36009
36010
36012
36035
36036
36037
36063
36064
36065
36083
36084
36085
36086
36087
36088
36089
36125
36126
36127
36128
36129
36130
36131
36160
36161
36162
36163
36164
36165
36166
36182
36183
36184
36202
36203
36204
36205
36206
36207
36258
36259
36260
36261
36262
36263
36264
36337
36340
36342
36343
36344
36345
36346
36347
36348
36356
36357
36358
36359
36360
36361
36362
36365
36367
36412
36413
36414
36415
36416
36417
36418
36427
36431
36454
36455
36456
36457
36458
36459
36482
36483
36484
36485
36486
36487
36488
36510
36511
36512
36513
36514
36515
36516
36545
36546
36547
36548
36550
36551
36574
36575
36576
36594
36595
36596
36597
36598
36599
36600
36622
36623
36624
36625
36626
36627
36628
36650
36651
36652
36653
36654
36655
36656
36714
36715
36716
36769
36770
36771
36772
36773
36774
36775
36784
36787
36791
36795
36804
36805
36806
36807
36809
36810
41826
41827
41828
41831
41849
41852
41861
41866
41868
41870
41873
41874
41875
41876
41877
41878
41879
41880
41895
41897
41898
41901
41909
41910
41912
41914
41915
41916
41917
41918
41919
41920
41921
41922
41923
41924
41925
41926
41927
41928
41929
41944
41946
41947
41949
41950
41958
41959
41961
41963
41964
41966
41967
41968
41970
41971
41988
41989
41992
42001
42003
42006
42008
42009
42010
42011
42012
42013
42017
42050
42052
42105
42106
42107
42108
42109
42110
42111
42128
42129
42132
42140
42141
42143
42145
42146
42147
42148
42150
42152
42153
42259
42260
42261
42262
42263
42264
42265
42269
42272
42290
42293
42309
42311
42314
42330
42331
42332
42335
42352
42356
42365
42367
42370
42372
42377
42504
42505
42506
42507
42508
42509
42510
42525
42526
42527
42528
42529
42530
42531
42539
42540
42542
42543
42545
42609
42610
42611
42612
42613
42614
42615
42630
42632
42633
42636
42644
42645
42646
42647
42648
42649
42650
42651
42652
42654
42656
42657
42829
42832
42848
42850
42853
42868
42869
42870
42871
42872
42873
42874
42889
42891
42892
42893
42895
42903
42904
42905
42906
42907
42908
42909
42910
42911
42913
42915
42916
43043
43044
43045
43046
43047
43048
43049
43071
43072
43073
43074
43075
43076
43077
43084
43101
43102
43105
43116
43119
43121
43123
43126
43149
43150
43151
43152
43154
43171
43172
43175
43184
43185
43186
43187
43188
43189
43191
43193
43196
43323
43324
43325
43326
43327
43328
43329
43351
43352
43353
43354
43355
43356
43357
43375
43389
43409
43436
43438
43470
43471
43472
43473
43474
43475
43476
43584
43585
43588
43604
43605
43606
43607
43608
43609
43618
43620
43621
43623
43625
43627
43628
43630
43661
43665
43682
43686
43695
43697
43700
43708
43709
43710
43711
43712
43713
43714
43729
43730
43731
43732
43733
43734
43735
43743
43744
43746
43747
43749
43792
43793
43794
43795
43796
43797
43798
43822
43823
43826
43842
43843
43844
43845
43846
43847
43856
43858
43859
43861
43863
43865
43866
43868
43969
43973
43982
43984
43987
44001
44018
44019
44022
44031
44033
44036
44040
44043
44060
44068
44145
44147
44149
44173
44187
44193
44199
44200
44202
44203
44205
44206
44207
44210
44213
44214
44215
44216
44217
44219
44220
44221
44222
44226
44227
44228
44234
44235
44238
44240
44241
44242
44243
44244
44245
44246
44247
44248
44249
44250
44254
44255
44257
44259
44261
44262
44272
44273
44275
44276
44280
44285
44287
44290
44299
44300
44301
44302
44303
44304
44347
44349
44350
44351
44352
44353
44354
44355
44356
44357
44358
44359
44360
44361
44363
44364
44365
44366
44367
44371
44373
44385
44387
44388
44392
44394
44402
44411
44412
44413
44414
44415
44417
44418
44419
44420
44421
44422
44423
44424
44426
44427
44428
44429
44430
44431
44433
44434
44435
44436
44437
44455
44482
44483
44488
44489
44491
44516
44523
44536
44537
44540
44541
44542
44543
44544
44546
44547
44548
44549
44550
44551
44553
44554
44555
44556
44557
44559
44560
44562
44563
44564
44570
44571
44573
44577
44578
44579
44580
44581
44583
44584
44585
44586
44590
44591
44592
44593
44594
44595
44596
44597
44598
44599
44600
44601
44602
44603
44604
44605
44606
44607
44608
44609
44610
44611
44612
44634
44640
44641
44643
44645
44647
44648
44649
44650
44651
44652
44653
44654
44655
44656
44660
44661
44662
44663
44664
44665
44666
44667
44668
44669
44670
44671
44672
44673
44674
44675
44676
44677
44678
44679
44680
44681
44682
44683
44684
44685
44686
44687
44688
44689
44690
44691
44692
44693
44694
44695
44696
44697
44698
44699
44700
44701
44702
44703
44726
44727
44729
44731
44734
44735
44737
44738
44748
44754
44755
44758
44761
44762
44763
44764
44765
44766
44774
44775
44776
44777
44778
44779
44780
44781
44782
44783
44784
44785
44786
44787
44788
44789
44790
44791
44792
44793
44794
44795
44796
44797
44798
44799
44800
44801
44837
44838
44839
44840
44841
44842
44843
44844
44845
44846
44847
44848
44849
44850
44851
44857
44858
44859
44863
44865
44866
44868
44870
44879
44882
44883
44885
44886
44887
44888
44889
44890
44892
44895
44897
44903
44905
44906
44916
44918
44926
44929
44930
44931
44932
44933
44942
44944
44945
44946
44947
44948
44949
44950
44951
44952
44953
44954
44955
44956
44957
44958
44959
44960
44961
44962
44963
44967
44968
44969
44987
45014
45015
45026
45027
45030
45031
45032
45033
45034
45035
45037
45038
45039
45040
45041
45043
45044
45045
45046
45047
45053
45054
45055
45057
45059
45061
45062
45066
45075
45076
45077
45078
45079
45081
45082
45085
45086
45088
45239
45243
45254
45255
45258
45267
45269
45272
45285
45288
45292
45302
45303
45304
45305
45307
45316
45318
45319
45321
45331
45334
45345
45353
45378
45379
45380
45381
45382
45383
45387
45389
45391
45394
45395
45396
45398
45406
45407
45408
45409
45410
45411
45412
45418
45421
45422
45425
45427
45428
45429
45430
45431
45432
45433
45434
45435
45436
45437
45438
45439
45440
45441
45442
45443
45445
45446
45447
45448
45449
45451
45452
45453
45454
45455
45456
45459
45460
45461
45504
45505
45506
45507
45508
45509
45513
45514
45515
45517
45520
45522
45524
45532
45533
45534
45535
45536
45537
45538
45540
45541
45544
45551
45553
45554
45555
45556
45557
45558
45559
45560
45561
45562
45563
45564
45565
45566
45567
45568
45569
45570
45571
45572
45573
45623
45628
45630
45631
45634
45637
45638
45640
45642
45644
45647
45648
45650
45658
45659
45660
45661
45662
45663
45687
45690
45695
45696
45699
45715
45716
45719
45726
45735
45736
45737
45738
45739
45740
45741
45742
45743
45744
45745
45746
45747
45748
45749
45750
45751
45752
45753
45754
45755
45756
45758
45759
45760
45761
45762
45785
45788
45792
45793
45794
45795
45797
45813
45814
45816
45817
45821
45824
45833
45834
45835
45836
45837
45838
45839
45840
45841
45842
45843
45844
45845
45846
45870
45877
45889
45892
45894
45895
45896
45897
45898
45899
45900
45901
45902
45903
45905
45906
45907
45909
45910
45912
45913
45914
45916
45917
45918
45919
45921
45922
45923
45924
45925
45926
45928
45929
45930
45931
45932
45935
45936
45937
45938
45939
45940
45941
45942
45943
45944
45945
45946
45947
45948
45949
45950
45951
45967
45971
45974
45978
46036
46037
46038
46039
46040
46041
46042
46043
46044
46045
46046
46047
46048
46049
46050
46051
46052
46053
46054
46055
46056
46064
46065
46067
46068
46069
46071
46072
46074
46075
46076
46078
46082
46085
46087
46088
46089
46092
46094
46095
46096
46120
46124
46127
46128
46131
46134
46135
46136
46138
46141
46143
46145
46146
46148
46149
46150
46151
46152
46153
46162
46163
46164
46165
46166
46167
46168
46169
46171
46172
46173
46174
46175
46176
46178
46180
46182
46183
46184
46185
46186
46187
46188
46189
46190
46192
46193
46194
46195
46197
46199
46200
46201
46203
46212
46216
46226
46229
46325
46326
46327
46328
46329
46330
46332
46334
46336
46338
46346
46347
46351
46353
46354
46355
46358
46360
46361
46362
46363
46364
46365
46366
46367
46368
46369
46371
46372
46373
46374
46375
46377
46378
46379
46380
46381
46382
46386
46387
46403
46404
46405
46408
46419
46425
46458
46460
46461
46462
46463
46464
46470
46480
46481
46482
46483
46484
46485
46491
46496
46497
46499
46509
46510
46511
46512
46528
46529
46530
46531
46532
46533
46535
46537
46539
46541
46549
46550
46551
46554
46556
46557
46561
46577
46578
46579
46580
46581
46582
46583
46599
46600
46601
46603
46606
46610
46628
46630
46662
46663
46664
46665
46666
46669
46671
46673
46691
46692
46693
46696
46697
46698
46700
46701
46702
46703
46704
46705
46707
46708
46709
46710
46711
46715
46716
46725
46732
46781
46782
46783
46786
46803
46810
46815
46819
46820
46821
46822
46824
46825
46826
46827
46828
46829
46831
46832
46833
46834
46835
46847
46851
46852
46853
46854
46855
46856
46868
46873
46875
46876
46880
46881
46882
46883
46892
46896
46897
46898
46899
46901
46902
46903
46904
46905
46906
46908
46909
46910
46911
46912
46956
46957
46958
46960
46970
46973
46985
46987
47005
47006
47007
47008
47009
47019
47020
47022
47034
47035
47036
47047
47061
47154
47156
47158
47162
47169
47170
47171
47173
47182
47183
47184
47185
47187
47196
47197
47200
47203
47205
47207
47211
47213
47216
47217
47218
47219
47220
47221
47222
47230
47231
47232
47233
47234
47236
47245
47246
47249
47267
47268
47271
47282
47288
47301
47304
47305
47309
47316
47329
47330
47331
47333
47334
47349
47350
47352
47353
47354
47355
47356
47357
47358
47360
47361
47362
47363
47364
47366
47367
47368
47369
47370
47376
47440
47443
47445
47447
47448
47451
47454
47455
47457
47459
47461
47464
47465
47467
47475
47476
47477
47478
47479
47480
47490
47491
47493
47498
47499
47500
47502
47505
47518
47519
47520
47521
47522
47525
47526
47529
47538
47539
47540
47541
47542
47543
47544
47553
47554
47556
47559
47560
47561
47562
47563
47564
47565
47568
47570
47580
47581
47582
47583
47584
47585
47588
47589
47592
47631
47632
47635
47652
47659
47664
47667
47668
47669
47670
47671
47673
47674
47675
47676
47677
47678
47680
47681
47682
47683
47684
47699
47700
47701
47703
47704
47705
47706
47707
47708
47710
47711
47712
47713
47714
47715
47717
47718
47719
47720
47726
47735
47742
47783
47785
47787
47790
47791
47794
47797
47798
47799
47801
47804
47806
47808
47809
47811
47812
47813
47814
47815
47816
47825
47826
47827
47828
47829
47830
47831
47832
47834
47836
47837
47838
47839
47841
47842
47843
47844
47845
47846
47848
47849
47850
47851
47852
47854
47868
52032
52039
52046
52132
52146
52209
52223
52233
52235
52240
52242
52247
52255
52258
52260
52261
52262
52265
52267
52268
52269
52275
52276
52277
52278
52279
52281
52282
52283
52284
52285
52286
52288
52289
52290
52296
52297
52299
52300
52302
52303
52304
52306
52307
52309
52310
52349
52352
52368
52370
52373
52380
52397
52398
52399
52412
52414
52417
52419
52421
52426
52447
52450
52466
52468
52471
52475
52478
52494
52495
52496
52497
52499
52510
52512
52515
52517
52519
52520
52521
52523
52524
52525
52526
52527
52528
52529
52530
52531
52532
52533
52534
52535
52539
52540
52541
52542
52544
52545
52546
52547
52548
52549
52551
52552
52553
52554
52555
52576
52593
52594
52597
52608
52611
52613
52615
52618
52643
52644
52662
52664
52666
52671
52674
52690
52691
52692
52693
52695
52706
52709
52711
52713
52714
52716
52720
52741
52742
52760
52762
52764
52766
52768
52769
52770
52771
52772
52773
52775
52776
52777
52778
52779
52780
52782
52783
52784
52785
52786
52787
52791
52792
52793
52811
52825
52881
52895
52934
52940
52941
52942
52943
52944
52945
52947
52948
52949
52950
52951
52952
52954
52955
52959
52962
52964
52965
52967
52968
52969
52971
52972
52974
52975
52982
52984
52989
52991
52996
53004
53007
53009
53010
53011
53014
53016
53017
53047
53054
53061
53256
53257
53261
53262
53263
53264
53265
53266
53268
53269
53270
53271
53272
53273
53275
53276
53283
53290
53297
53301
53334
53336
53343
53346
53364
53367
53383
53385
53388
53391
53392
53395
53411
53412
53413
53414
53415
53416
53425
53427
53429
53430
53432
53434
53436
53437
53441
53443
53444
53455
53456
53458
53461
53462
53463
53465
53472
53479
53480
53481
53482
53483
53484
53485
53486
53487
53489
53490
53491
53492
53493
53494
53495
53497
53498
53500
53501
53502
53504
53505
53506
53507
53508
53514
53515
53516
53517
53518
53519
53520
53521
53522
53524
53525
53526
53527
53528
53529
53530
53532
53533
53534
53535
53536
53539
53540
53541
53542
53544
53545
53546
53548
53549
53566
53567
53570
53579
53581
53584
53586
53587
53588
53589
53590
53591
53592
53593
53594
53595
53596
53597
53598
53613
53614
53615
53616
53617
53618
53619
53627
53628
53630
53632
53633
53634
53635
53636
53637
53638
53639
53640
53662
53663
53664
53665
53666
53667
53668
53669
53670
53671
53672
53673
53674
53675
53676
53677
53678
53679
53680
53681
53682
53697
53699
53700
53701
53703
53711
53712
53714
53715
53717
53760
53761
53762
53763
53764
53765
53766
53781
53783
53784
53787
53795
53796
53798
53799
53801
53802
53803
53804
53805
53806
53807
53808
53852
53853
53854
53857
53875
53878
53887
53892
53894
53896
53899
53900
53901
53902
53903
53904
53905
53906
53928
53929
53930
53931
53932
53933
53934
53949
53950
53951
53952
53953
53954
53955
53963
53964
53966
53968
53969
53970
53971
53972
53973
53974
53975
53976
54014
54015
54018
54034
54035
54036
54037
54038
54039
54048
54050
54052
54053
54055
54057
54058
54060
54064
54067
54085
54086
54104
54106
54108
54110
54112
54113
54114
54115
54116
54117
54118
54120
54122
54123
54124
54125
54127
54128
54129
54130
54131
54137
54138
54139
54140
54141
54142
54143
54144
54148
54150
54151
54162
54164
54165
54168
54169
54170
54172
54179
54185
54187
54188
54189
54190
54191
54192
54193
54194
54196
54197
54198
54199
54200
54201
54202
54204
54205
54206
54207
54208
54209
54210
54211
54212
54213
54214
54215
54218
54219
54220
54221
54313
54314
54317
54319
54320
54321
54322
54323
54324
54326
54327
54328
54329
54330
54332
54333
54338
54347
54354
54454
54461
54468
54498
54501
54519
54522
54538
54540
54543
54547
54580
54582
54588
54589
54592
54608
54609
54610
54611
54612
54613
54622
54624
54626
54627
54629
54631
54633
54634
54638
54640
54641
54651
54652
54653
54655
54659
54660
54662
54669
54676
54677
54678
54679
54680
54681
54682
54683
54684
54686
54687
54688
54689
54690
54691
54692
54694
54695
54696
54697
54698
54699
54700
54701
54702
54703
54704
54705
54708
54709
54710
54711
54712
54714
54715
54716
54717
54718
54719
54720
54722
54723
54725
54726
54727
54729
54730
54731
54732
54733
54739
54740
54741
54742
54743
54744
54745
54746
54768
54769
54770
54771
54772
54773
54774
54796
54797
54798
54799
54800
54801
54802
55076
55077
55078
55079
55080
55081
55082
55099
55100
55103
55111
55112
55114
55115
55117
55118
55119
55121
55123
55124
55167
55168
55169
55170
55171
55172
55173
55211
55212
55215
55231
55232
55233
55234
55235
55236
55245
55247
55249
55250
55252
55254
55255
55257
55261
55294
55296
55300
55302
55303
55304
55305
55306
55307
55308
55310
55311
55312
55313
55314
55317
55318
55319
55320
55324
55326
55327
55337
55338
55340
55341
55345
55346
55348
55355
55361
55363
55364
55365
55366
55367
55368
55369
55370
55372
55373
55374
55375
55376
55377
55378
55380
55382
55383
55384
55385
55387
55388
55389
55390
55391
55396
55398
55399
55400
55401
55402
55403
55404
55448
55455
55462
55554
55562
55614
55616
55621
55623
55628
55636
55639
55641
55642
55643
55646
55648
55649
55667
55681
55685
55690
55692
55693
55694
55695
55697
55698
55699
55700
55701
55702
55704
55705
55706
55708
55709
55711
55712
55713
55719
55720
55722
55723
55724
55726
55727
55728
55729
55730
55731
55732
55733
55748
55749
55750
55751
55752
55753
55754
55762
55763
55765
55767
55768
55770
55771
55772
55774
55775
55792
55793
55796
55805
55807
55810
55812
55813
55814
55815
55816
55817
55818
55819
55820
55821
55822
55823
55824
55846
55847
55848
55849
55850
55851
55852
56232
56233
56234
56237
56254
56258
56267
56269
56272
56274
56279
56280
56281
56282
56283
56284
56285
56286
56309
56310
56311
56313
56314
56331
56332
56333
56344
56346
56348
56351
56352
56353
56354
56355
56356
56357
56358
56359
56360
56361
56362
56363
56364
56365
56366
56367
56368
56369
56370
56387
56395
56419
56421
56426
56428
56431
56441
56444
56446
56447
56448
56451
56452
56454
56490
56495
56497
56498
56499
56500
56501
56503
56504
56505
56506
56507
56509
56510
56511
56513
56514
56515
56517
56518
56524
56525
56527
56528
56529
56531
56556
56570
56598
56601
56617
56619
56622
56643
56660
56661
56662
56673
56675
56677
56682
56684
56689
56703
56706
56729
56730
56733
56735
56737
56738
56739
56740
56741
56742
56746
56747
56748
56752
56755
56771
56772
56773
56774
56776
56787
56789
56792
56794
56796
56797
56798
56799
56801
56802
56803
56804
56805
56807
56808
56809
56810
56811
56833
56834
56835
56836
56837
56838
56839
56854
56856
56857
56858
56860
56868
56869
56871
56872
56874
57274
57275
57276
57277
57278
57279
57280
57295
57297
57298
57301
57309
57310
57311
57312
57313
57314
57315
57316
57317
57319
57321
57322
57344
57345
57346
57347
57348
57349
57350
57365
57367
57368
57369
57371
57379
57380
57382
57383
57384
57386
57387
57388
57389
57390
57391
57392
57393
57394
57395
57396
57397
57398
57399
57400
57401
57402
57403
57404
57405
57406
57427
57444
57445
57448
57457
57459
57462
57466
57469
57484
57486
57487
57488
57489
57490
57491
57492
57493
57494
57495
57496
57497
57498
57502
57503
57504
57508
57522
57524
57548
57549
57551
57554
57555
57557
57558
57559
57560
57561
57563
57564
57565
57566
57567
57571
57574
57590
57591
57592
57593
57595
57606
57608
57611
57613
57615
57616
57623
57640
57641
57644
57655
57658
57660
57662
57665
57703
57705
57716
57718
57720
57732
57734
57744
57745
57746
57747
57749
57760
57763
57772
57773
57775
57776
57778
57780
57781
57782
57783
57784
57785
57787
57788
57789
57790
57791
57795
57816
57817
57835
57837
57839
57841
57842
57844
57845
57846
57847
57848
57849
57850
57851
57852
57853
57854
57855
57859
57860
57861
57862
57863
57864
57865
57866
57867
57868
57890
57891
57892
57893
57894
57895
57896
57897
57898
57899
57900
57901
57902
57903
57918
57920
57921
57924
57932
57933
57935
57936
57938
57939
57940
57941
57942
57943
57944
57945
57946
57947
57948
57949
57950
57951
57952
57974
57975
57976
57977
57978
57979
57980
57981
57982
57983
57984
57985
57986
57987
57988
57989
57990
57991
57992
57993
57994
57995
57996
57997
57998
57999
58000
58001
58002
58003
58004
58005
58006
58007
58008
58009
58010
58011
58012
58013
58014
58015
58016
58017
58018
58019
58020
58021
58022
58023
58024
58025
58026
58027
58028
58029
58030
58031
58032
58033
58034
58035
58036
58037
58038
58039
58040
58041
58042
58043
58044
58045
58046
58047
58048
58049
58050
58429
58430
58431
58432
58433
58434
58435
58450
58452
58453
58455
58456
58464
58465
58466
58467
58468
58469
58470
58471
58472
58474
58476
58477
58478
58479
58480
58481
58482
58483
58484
58506
58507
58508
58509
58510
58511
58512
58513
58514
58515
58516
58517
58518
58519
58534
58536
58537
58538
58548
58549
58551
58552
58553
58555
58556
58557
58558
58559
58560
58561
58562
58563
58564
58565
58566
58567
58568
58569
58570
58571
58572
58573
58574
58575
58576
58577
58578
58579
58580
58581
58582
58583
58584
58585
58586
58587
58588
58589
58590
58591
58592
58593
58594
58595
58596
58597
58598
58599
58600
58601
58602
58603
58604
58605
58606
58607
58608
58609
58610
58611
58612
58613
58614
58615
58616
58617
58618
58619
58620
58621
58622
58623
58624
58625
58626
58627
58628
58629
58630
58631
58669
58673
58682
58684
58687
58709
58711
58712
58713
58714
58715
58716
58718
58719
58720
58721
58722
58726
58728
58738
58739
58740
58742
58743
58754
58757
58766
58767
58769
58771
58772
58773
58775
58776
58777
58778
58779
58783
58784
58785
58789
58810
58811
58829
58831
58833
58852
58866
58922
58942
58947
58953
58954
58955
58956
58957
58958
58960
58961
58962
58963
58964
58965
58967
58968
58972
58975
58977
58978
58980
58981
58982
58984
58985
58987
58988
59029
59032
59036
59039
59044
59045
59048
59050
59051
59059
59061
59063
59065
59066
59067
59068
59069
59070
59071
59072
59094
59095
59096
59097
59098
59099
59100
59102
59103
59104
59107
59125
59128
59137
59142
59144
59146
59149
59150
59151
59152
59153
59154
59155
59156
59171
59172
59173
59174
59175
59176
59177
59185
59186
59188
59190
59191
59192
59193
59194
59195
59196
59197
59198
59199
59200
59201
59202
59203
59204
59205
59206
59207
59208
59209
59210
59211
59212
59213
59214
59215
59216
59217
59218
59219
59599
59600
59601
59602
59604
59621
59622
59625
59634
59635
59636
59637
59638
59639
59641
59643
59646
59647
59648
59649
59650
59651
59652
59653
59668
59669
59670
59671
59672
59673
59674
59682
59683
59685
59686
59688
59690
59691
59692
59695
59713
59714
59725
59729
59732
59734
59736
59738
59739
59740
59741
59742
59743
59744
59745
59746
59747
59748
59749
59750
59751
59752
59753
59754
59755
59756
59757
59758
59759
59760
59761
59762
59763
59764
59765
59766
59767
59768
59769
59770
59771
59772
59815
59821
59822
59823
59824
59825
59827
59828
59829
59830
59831
59832
59833
59834
59836
59841
59843
59845
59846
59848
59849
59850
59852
59853
59854
59856
59867
59887
59897
59900
59903
59907
59912
59913
59916
59917
59919
59927
59929
59931
59933
59998
60005
60012
60062
60063
60066
60082
60083
60084
60085
60086
60087
60096
60098
60100
60101
60103
60105
60106
60108
60146
60150
60167
60169
60180
60182
60184
60193
60194
60196
60197
60198
60199
60200
60201
60202
60205
60206
60207
60208
60210
60211
60212
60213
60214
60215
60216
60217
60218
60219
60220
60221
60227
60231
60233
60234
60245
60247
60248
60251
60252
60253
60255
60262
60268
60270
60271
60272
60273
60274
60275
60276
60277
60278
60280
60281
60282
60283
60284
60285
60286
60288
60289
60290
60291
60294
60295
60296
60297
60319
60320
60321
60322
60323
60324
60325
60342
60343
60346
60354
60355
60357
60358
60360
60361
60362
60364
60366
60367
60389
60390
60391
60392
60393
60394
60395
60648
60649
60650
60651
60652
60653
60654
60669
60670
60671
60672
60673
60674
60675
60683
60684
60685
60686
60687
60688
60689
60690
60691
60692
60693
60694
60695
60696
60697
60698
60699
60700
60701
60702
60703
60718
60719
60720
60721
60722
60723
60724
60732
60733
60734
60735
60736
60737
60738
60739
60740
60741
60742
60743
60744
60745
60746
60747
60748
60749
60750
60751
60752
60769
60770
60771
60781
60782
60784
60785
60786
60788
60789
60791
60792
60793
60795
60796
60797
60798
60799
60800
60801
60802
60803
60804
60805
60806
60807
60808
60809
60810
60811
60812
60813
60814
60815
60816
60817
60818
60819
60820
60821
60822
60823
60824
60825
60826
60827
60828
60829
60830
60831
60832
60833
60834
60835
60836
60837
60838
60839
60840
60841
60842
60843
60844
60845
60846
60847
60848
60849
60850
60851
60852
60853
60854
60855
60856
60857
60858
60859
60860
60861
60862
60863
60864
60867
60894
60896
60909
60913
60930
60934
60943
60945
60948
60991
60992
60994
60995
60996
60997
60998
60999
61000
61002
61004
61005
61006
61008
61009
61010
61011
61012
61013
61014
61015
61016
61017
61018
61019
61024
61026
61027
61029
61030
61031
61032
61033
61034
61035
61037
61038
61039
61040
61041
61042
61043
61044
61045
61046
61047
61050
61051
61052
61053
61057
61059
61060
61071
61072
61074
61077
61078
61079
61081
61087
61094
61096
61097
61098
61099
61100
61101
61102
61111
61118
61125
61271
61272
61275
61277
61278
61279
61280
61281
61282
61284
61285
61286
61287
61288
61290
61291
61296
61305
61312
61364
61365
61368
61384
61385
61386
61387
61388
61389
61398
61400
61402
61403
61405
61407
61408
61410
61448
61475
61477
61488
61489
61491
61492
61493
61494
61495
61496
61497
61499
61500
61501
61502
61503
61504
61505
61506
61507
61508
61509
61512
61513
61514
61515
61519
61521
61522
61532
61533
61535
61536
61540
61541
61543
61550
61556
61558
61559
61560
61561
61562
61563
61564
61565
61566
61568
61569
61570
61571
61572
61573
61574
61577
61578
61579
61580
61582
61583
61584
61585
61586
61587
61588
61589
61590
61591
61592
61593
61598
61600
61601
61602
61603
61604
61605
61606
61629
61630
61631
61634
61651
61655
61664
61666
61669
61671
61676
61678
61679
61680
61681
61683
61700
61701
61702
61713
61714
61715
61716
61717
61718
61720
61722
61724
61726
61727
61728
61729
61730
61731
61732
61754
61755
61756
61757
61758
61759
61760
61775
61777
61778
61781
61789
61790
61791
61792
61793
61794
61795
61796
61797
61799
61801
61802
61803
61804
61805
61806
61807
61808
61809
61824
61826
61827
61828
61829
61838
61839
61841
61842
61843
61866
61867
61868
61869
61870
61871
61872
61887
61889
61890
61892
61893
61901
61902
61904
61906
61907
61908
61909
61910
61911
61912
61913
61914
61929
61931
61932
61933
61943
61944
61945
61946
61947
61948
61949
61950
61951
61953
61954
61955
61957
61958
61959
61960
61961
61962
61963
61978
61979
61980
61981
61982
61983
61984
61992
61993
61995
61996
61998
62000
62001
62002
62003
62005
62022
62023
62026
62035
62036
62037
62038
62039
62040
62042
62044
62047
62049
62050
62051
62054
62071
62073
62084
62086
62088
62091
62095
62097
62098
62099
62100
62101
62102
62103
62104
62105
62106
62107
62108
62109
62110
62113
62117
62134
62138
62147
62149
62152
62162
62189
62191
62237
62238
62240
62241
62242
62243
62244
62245
62246
62248
62249
62250
62251
62254
62255
62256
62257
62258
62259
62261
62262
62263
62264
62265
62266
62267
62269
62271
62272
62273
62275
62276
62277
62278
62279
62280
62281
62282
62283
62284
62285
62286
62291
62296
62298
62299
62309
62310
62311
62313
62317
62318
62320
62326
62333
62335
62336
62337
62338
62339
62340
62341
62363
62364
62368
62369
62370
62371
62372
62373
62374
62375
62377
62378
62379
62380
62381
62382
62389
62396
62402
62546
62553
62560
62610
62618
62641
62644
62648
62651
62654
62657
62660
62662
62663
62671
62673
62675
62676
62678
62683
62685
62686
62687
62688
62689
62691
62692
62693
62694
62695
62697
62698
62699
62701
62702
62703
62705
62706
62712
62713
62715
62716
62717
62719
62765
62785
62796
62813
62814
62817
62826
62828
62831
62835
62838
62867
62868
62870
62871
62872
62873
62874
62878
62879
62880
62881
62882
62884
62885
62886
62887
62888
62890
62891
62892
62893
62894
62898
62912
62914
62938
62939
62941
62947
62949
62959
62960
62961
62962
62964
62975
62977
62987
62988
62990
62992
63016
63020
63029
63031
63034
63070
63071
63073
63074
63075
63076
63077
63079
63080
63081
63082
63083
63084
63085
63087
63088
63089
63090
63091
63092
63093
63094
63095
63096
63097
63098
63102
63103
63104
63108
63110
63120
63121
63122
63124
63125
63136
63139
63148
63149
63151
63153
63157
63171
63172
63197
63198
63200
63245
63250
63252
63253
63254
63255
63257
63258
63259
63260
63261
63262
63263
63264
63266
63268
63269
63271
63272
63273
63278
63280
63282
63283
63284
63285
63292
63295
63298
63302
63307
63308
63311
63312
63314
63322
63324
63326
63328
63346
63366
63414
63421
63428
63746
63773
63774
63778
63784
63785
63786
63791
63792
63793
63795
63798
63806
63809
63811
63812
63813
63814
63815
63816
63818
63819
63851
63857
63871
63872
63875
63883
63887
63890
63891
63895
63897
63898
63899
63902
63904
63906
63908
63910
63911
63912
63913
63914
63915
63917
63926
63928
63930
63931
63941
63942
63943
63945
63949
63954
63956
63959
63968
63969
63970
63971
63972
63973
63974
63975
63978
63979
63980
63981
63982
63984
63985
63986
63987
63988
63989
63991
63992
63993
63994
63997
63998
64001
64031
64038
64046
64047
64048
64050
64054
64067
64068
64069
64070
64080
64081
64082
64083
64084
64085
64087
64089
64091
64093
64094
64097
64098
64099
64100
64101
64102
64104
64105
64106
64107
64108
64110
64111
64112
64113
64114
64118
64121
64124
64125
64127
64128
64129
64130
64131
64132
64133
64134
64135
64136
64139
64141
64142
64145
64146
64149
64155
64156
64158
64159
64161
64162
64163
64164
64167
64169
64170
64171
64172
64173
64175
64176
64177
64180
64182
64183
64184
64189
64191
64192
64193
64194
64195
64196
64197
64198
64199
64203
64204
64205
64206
64207
64208
64209
64210
64211
64212
64216
64219
64221
64222
64223
64225
64226
64229
64232
64233
64234
64235
64236
64237
64239
64240
64241
64244
64246
64247
64250
64251
64253
64254
64260
64261
64262
64263
64264
64265
64266
64267
64268
64269
64272
64274
64275
64276
64277
64278
64279
64280
64281
64282
64285
64287
64289
64294
64296
64298
64299
64300
64301
64303
64304
64308
64309
64310
64311
64312
64313
64314
64315
64318
64320
64322
64346
64360
64366
64367
64370
64371
64372
64373
64374
64376
64377
64378
64379
64380
64381
64383
64384
64385
64386
64389
64390
64391
64393
64397
64410
64411
64413
64414
64423
64424
64425
64426
64427
64428
64430
64432
64435
64438
64439
64442
64472
64479
64485
64486
64489
64490
64491
64492
64493
64494
64496
64497
64498
64499
64500
64502
64503
64504
64505
64506
64512
64513
64514
64519
64520
64521
64523
64524
64534
64537
64539
64540
64541
64542
64543
64544
64545
64547
64565
64592
64593
64618
64622
64625
64626
64629
64632
64633
64634
64637
64639
64641
64643
64644
64646
64647
64648
64649
64650
64652
64670
64676
64690
64691
64694
64733
64735
64747
64748
64750
64754
64755
64764
64773
64774
64775
64776
64777
64782
64784
64796
64797
64799
64803
64804
64813
64822
64823
64824
64825
64826
64828
64830
64831
64832
64833
64834
64835
64836
64837
64838
64839
64840
64841
64842
64843
64844
64845
64846
64847
64848
64849
64853
64854
64855
64879
64883
64887
64890
64893
64895
64896
64906
64907
64908
64910
64911
64917
64921
64925
64929
64932
64935
64937
64938
64948
64949
64950
64952
64953
64959
64961
64962
64963
64965
64966
64967
64968
64969
64970
64971
64972
64973
64974
64975
64976
64977
64978
64979
64980
64981
64982
64986
64987
64988
64989
64991
64992
64993
64994
64995
64996
64998
64999
65000
65001
65002
65003
65005
65006
65007
65008
65009
65010
65011
65012
65013
65014
65015
65016
65017
65019
65020
65021
65022
65023
65024
65026
65027
65028
65029
65030
65031
65033
65034
65035
65036
65037
65052
65054
65055
65056
65057
65058
65059
65060
65061
65062
65063
65064
65065
65066
65067
65068
65069
65070
65071
65072
65073
65077
65078
65079
65083
65085
65097
65099
65100
65104
65107
65114
65123
65124
65125
65126
65128
65131
65135
65139
65142
65145
65148
65149
65158
65159
65160
65162
65163
65170
65192
65193
65194
65196
65197
65198
65199
65200
65201
65202
65203
65204
65205
65206
65207
65208
65209
65210
65211
65212
65213
65217
65218
65219
65222
65226
65230
65233
65236
65238
65239
65249
65250
65251
65253
65254
65260
65293
65320
65321
65353
65359
65360
65361
65363
65366
65367
65368
65373
65381
65382
65383
65384
65386
65387
65388
65391
65393
65394
65405
65411
65425
65426
65429
65458
65462
65465
65466
65467
65470
65472
65473
65477
65479
65480
65481
65482
65483
65485
65486
65488
65490
65492
65500
65502
65503
65504
65505
65506
65507
65509
65510
65511
65512
65513
65514
65515
65516
65517
65518
65519
65520
65521
65523
65524
65525
65526
65527
65528
65530
65531
65532
65533
65534
65535
65537
65538
65539
65540
65541
65542
65544
65545
65546
65547
65548
65549
65555
65556
65557
65559
65562
65563
65564
65567
65577
65578
65579
65580
65582
65583
65584
65587
65588
65590
65629
65635
65649
65650
65652
65661
65665
65668
65669
65670
65672
65675
65676
65680
65682
65683
65684
65685
65686
65687
65689
65691
65693
65695
65738
65739
65742
65743
65744
65745
65746
65748
65749
65750
65751
65752
65753
65755
65756
65757
65758
65760
65762
65764
65765
65775
65776
65777
65779
65783
65788
65790
65793
65802
65803
65804
65805
65806
65807
65809
65811
65813
65837
65851
65857
65858
65861
65862
65863
65864
65865
65866
65868
65869
65870
65871
65872
65874
65875
65876
65877
65880
65881
65882
65884
65888
65901
65902
65903
65904
65914
65915
65916
65917
65918
65919
65921
65923
65925
65928
65929
65931
65956
65963
65977
65979
65981
65982
65992
65993
65995
65996
66000
66005
66007
66010
66019
66020
66021
66022
66023
66024
66025
66026
66029
66030
66031
66032
66033
66034
66036
66037
66038
66039
66040
66042
66043
66044
66045
66047
66049
66051
66075
66089
66097
66098
66099
66101
66105
66118
66119
66120
66121
66131
66132
66133
66134
66135
66136
66138
66140
66142
66242
66246
66249
66252
66253
66255
66256
66257
66258
66259
66260
66261
66262
66263
66264
66267
66269
66270
66272
66274
66277
66279
66280
66282
66283
66284
66290
66291
66292
66295
66297
66298
66299
66300
66301
66303
66304
66305
66308
66310
66311
66312
66317
66319
66320
66321
66322
66323
66324
66325
66326
66327
66331
66332
66333
66334
66335
66336
66337
66338
66339
66340
66341
66342
66343
66344
66345
66346
66347
66348
66349
66350
66351
66352
66353
66354
66355
66356
66357
66358
66359
66360
66361
66363
66364
66365
66367
66368
66374
66375
66377
66381
66382
66383
66384
66385
66386
66388
66389
66390
66394
66395
66396
66401
66403
66406
66407
66409
66410
66411
66412
66413
66414
66415
66416
66417
66418
66421
66422
66424
66426
66429
66431
66433
66434
66435
66436
66438
66442
66445
66446
66449
66450
66452
66453
66454
66455
66456
66457
66459
66462
66463
66465
66466
66470
66473
66474
66475
66476
66477
66478
66479
66480
66481
66484
66485
66487
66488
66489
66490
66491
66492
66493
66641
66645
66648
66650
66651
66652
66654
66655
66658
66661
66662
66663
66664
66665
66666
66668
66669
66670
66673
66675
66676
66678
66680
66681
66683
66684
66685
66686
66687
66688
66689
66690
66696
66697
66698
66701
66703
66704
66705
66706
66707
66708
66709
66710
66711
66714
66716
66718
66723
66725
66727
66728
66729
66730
66732
66733
66737
66738
66739
66740
66741
66742
66743
66744
66746
66747
66748
66749
66750
66751
66752
66753
66754
66755
66756
66757
66758
66759
66760
66761
66762
66763
66764
66765
66766
66767
66768
66769
66770
66771
66772
66773
66774
66775
66776
66777
66778
66779
66780
66781
66782
66783
66784
66785
66786
66787
66788
66789
66790
66791
66792
66793
66794
66795
66796
66797
66798
66799
66800
66801
66802
66803
66804
66805
66806
66807
66808
66809
66810
66811
66812
66813
66814
66815
66816
66817
66818
66819
66820
66821
66822
66823
66824
66825
66826
66827
66828
66829
66830
66831
66832
66833
66834
66835
66836
66837
66838
66839
66840
66841
66842
66843
66844
66845
66846
66847
66848
66849
66850
66851
66852
66853
66854
66855
66856
66857
66858
66859
66860
66861
66862
66863
66864
66865
66866
66867
66868
66869
66870
66871
66872
66873
66874
66875
66876
66877
66878
66879
66880
66881
66882
66883
66884
66885
66886
66887
66888
66889
66890
66891
66892
66893
66894
66895
66896
66897
66898
66899
66900
66906
66907
66909
66912
66913
66914
66915
66916
66917
66918
66919
66920
66921
66922
66926
66927
66928
66933
66935
66937
66938
66940
66941
66942
66945
66946
66949
66950
66951
66952
66954
66955
66956
66957
66960
66961
66963
66965
66967
66968
66970
66971
66972
66973
66974
66975
66976
66977
66981
66984
66985
66988
66989
66991
66992
66993
66994
66995
66996
66997
66998
67001
67002
67005
67009
67012
67014
67015
67016
67017
67019
67020
67023
67024
67026
67027
67028
67029
67030
67031
67111
67113
67115
67139
67153
67159
67160
67163
67164
67165
67166
67167
67168
67170
67171
67172
67173
67174
67176
67177
67178
67179
67181
67183
67184
67185
67189
67196
67197
67199
67200
67209
67210
67211
67212
67213
67214
67223
67224
67227
67231
67232
67235
67265
67272
67278
67279
67282
67283
67284
67285
67286
67287
67289
67290
67291
67292
67293
67294
67296
67297
67298
67299
67300
67301
67302
67303
67304
67305
67306
67307
67308
67309
67310
67311
67312
67313
67314
67315
67316
67317
67318
67319
67320
67321
67322
67323
67324
67325
67326
67328
67329
67331
67333
67336
67337
67338
67340
67350
67356
67357
67359
67363
67364
67365
67366
67367
67368
67376
67377
67380
67381
67382
67383
67384
67385
67387
67388
67389
67390
67391
67393
67394
67395
67396
67398
67400
67402
67426
67440
67447
67449
67450
67451
67455
67462
67463
67464
67465
67475
67476
67477
67478
67479
67480
67489
67490
67492
67495
67496
67499
67500
67501
67502
67503
67504
67506
67507
67508
67509
67510
67511
67513
67514
67515
67518
67519
67522
67552
67559
67572
67578
67579
67580
67585
67586
67587
67589
67590
67600
67603
67605
67606
67607
67608
67609
67610
67611
67613
67624
67651
67652
67684
67688
67691
67692
67695
67698
67699
67700
67703
67705
67707
67709
67710
67712
67713
67714
67715
67716
67718
67735
67742
67749
67750
67753
67768
67770
67771
67772
67773
67774
67775
67776
67777
67778
67779
67780
67781
67782
67784
67785
67786
67787
67788
67789
67791
67792
67793
67794
67795
67796
67798
67799
67800
67801
67802
67803
67804
67805
67806
67807
67808
67809
67810
67811
67812
67813
67814
67815
67816
67817
67818
67819
67820
67821
67822
67823
67824
67825
67826
67827
67828
67829
67830
67831
67832
67833
67834
67835
67836
67837
67838
67839
67840
67841
67842
67843
67844
67845
67846
67847
67848
67849
67850
67851
67852
67853
67854
67855
67856
67857
67858
67859
67860
67861
67862
67863
67864
67865
67866
67867
67868
67869
67870
67871
67872
67873
67874
67875
67876
67877
67878
67879
67880
67881
67882
67883
67884
67885
67886
67887
67888
67889
67890
67891
67892
67893
67894
67895
67896
67897
67898
67899
67900
67901
67902
67903
67904
67905
67906
67907
67908
67910
67911
67912
67913
67914
67915
67916
67917
67918
67919
67920
67921
67922
67924
67925
67926
67927
67928
67929
67931
67932
67933
67934
67935
67936
67938
67939
67940
67941
67942
67981
68008
68009
68020
68024
68027
68028
68032
68034
68035
68036
68039
68041
68043
68045
68046
68048
68049
68050
68051
68052
68053
68092
68099
68106
68107
68108
68139
68141
68142
68143
68144
68145
68146
68147
68148
68149
68150
68151
68152
68153
68154
68155
68156
68157
68158
68159
68160
68164
68165
68166
68183
68185
68191
68193
68194
68204
68207
68214
68217
68218
68219
68220
68222
68231
68235
68239
68242
68246
68249
68250
68252
68253
68254
68256
68257
68270
68272
68273
68274
68276
68277
68278
68279
68280
68281
68282
68283
68284
68285
68286
68287
68288
68289
68290
68291
68292
68293
68297
68298
68299
68322
68326
68330
68333
68337
68339
68340
68343
68344
68345
68347
68348
68360
68363
68364
68365
68366
68367
68368
68369
68370
68372
68373
68374
68375
68376
68377
68379
68380
68381
68382
68383
68384
68386
68387
68388
68389
68390
68391
68393
68394
68395
68396
68397
68398
68399
68400
68401
68402
68403
68404
68405
68407
68408
68409
68410
68411
68412
68414
68415
68416
68417
68418
68419
68421
68422
68423
68424
68425
68426
68428
68429
68430
68431
68432
68435
68437
68443
68444
68446
68456
68459
68465
68469
68470
68471
68472
68473
68484
68486
68492
68493
68495
68505
68508
68514
68518
68519
68520
68521
68522
68545
68546
68547
68549
68550
68551
68552
68553
68554
68555
68556
68557
68558
68559
68560
68561
68562
68563
68564
68565
68566
68570
68571
68572
68574
68578
68582
68584
68589
68591
68592
68595
68596
68597
68598
68600
68612
68616
68620
68624
68626
68631
68633
68634
68637
68638
68639
68640
68642
68654
68699
68705
68706
68707
68709
68712
68713
68714
68717
68727
68728
68729
68730
68732
68733
68734
68737
68738
68740
68778
68785
68792
68793
68795
68811
68815
68818
68819
68820
68822
68825
68826
68830
68832
68833
68834
68835
68836
68837
68839
68841
68843
68845
68875
68876
68878
68903
68910
68924
68925
68927
68929
68932
68933
68935
68936
68946
68952
68953
68956
68959
68960
68961
68962
68963
68964
68972
68973
68976
68977
68978
68979
68980
68981
68983
68984
68985
68986
68987
68988
68990
68991
68992
68994
68996
68998
69022
69036
69043
69045
69046
69047
69051
69058
69059
69060
69061
69071
69072
69073
69074
69075
69076
69085
69086
69088
69091
69093
69094
69095
69097
69098
69104
69105
69107
69111
69112
69113
69114
69115
69116
69118
69119
69120
69124
69125
69126
69131
69133
69135
69137
69138
69140
69141
69142
69143
69144
69145
69146
69147
69148
69151
69152
69154
69156
69159
69161
69163
69164
69165
69166
69168
69172
69175
69176
69179
69180
69182
69183
69184
69185
69186
69187
69189
69191
69193
69194
69196
69200
69203
69204
69207
69208
69210
69211
69212
69213
69214
69215
69216
69217
69223
69224
69226
69229
69230
69231
69232
69233
69234
69235
69236
69237
69238
69239
69243
69244
69245
69247
69248
69250
69251
69252
69257
69259
69261
69263
69266
69267
69268
69269
69271
69272
69273
69274
69277
69278
69280
69282
69284
69285
69287
69288
69289
69290
69291
69292
69293
69294
69298
69301
69302
69305
69306
69308
69309
69310
69311
69312
69313
69314
69315
69317
69319
69322
69324
69325
69326
69327
69329
69333
69336
69337
69340
69341
69343
69344
69345
69346
69347
69348
69350
69351
69354
69355
69356
69357
69358
69359
69361
69362
69363
69364
69365
69367
69368
69369
69370
69372
69373
69375
69377
69380
69381
69382
69384
69394
69400
69401
69403
69407
69408
69409
69410
69411
69412
69421
69422
69424
69449
69456
69469
69470
69473
69474
69475
69476
69477
69478
69480
69481
69482
69483
69484
69485
69487
69488
69489
69491
69493
69494
69495
69499
69506
69507
69508
69509
69519
69520
69521
69522
69523
69524
69533
69534
69536
69540
69542
69544
69568
69582
69598
69625
69626
69665
69669
69672
69673
69674
69677
69679
69680
69684
69686
69687
69688
69689
69690
69691
69693
69695
69697
69698
69716
69723
69730
69731
69732
69961
69966
69968
69973
70039
70047
70058
70063
70065
70066
70070
70072
70073
70075
70076
70079
70082
70084
70085
70093
70094
70095
70096
70097
70098
70100
70103
70105
70106
70107
70108
70109
70110
70111
70112
70113
70114
70116
70117
70118
70120
70121
70123
70124
70126
70127
70152
70155
70165
70168
70178
70179
70180
70183
70195
70206
70207
70210
70214
70216
70218
70219
70220
70221
70222
70223
70225
70234
70238
70248
70249
70250
70252
70253
70262
70264
70266
70267
70277
70280
70282
70283
70284
70285
70286
70287
70288
70289
70291
70292
70293
70294
70295
70352
70354
70356
70358
70359
70366
70368
70370
70371
70373
70378
70380
70381
70382
70384
70386
70387
70388
70392
70393
70394
70395
70396
70398
70400
70401
70406
70407
70409
70413
70424
70425
70428
70437
70439
70442
70455
70457
70458
70459
70460
70461
70462
70463
70464
70466
70467
70468
70469
70470
70527
70528
70529
70531
70533
70534
70535
70538
70540
70541
70542
70543
70545
70546
70548
70553
70554
70555
70557
70559
70561
70562
70569
70571
70573
70575
70576
70581
70611
70614
70616
70617
70618
70619
70620
70621
70622
70623
70624
70625
70627
70628
70630
70631
70632
70634
70635
70637
70638
70639
70644
70646
70647
70650
70653
70654
70656
70659
70660
70663
70664
70666
70674
70675
70676
70677
70678
70680
70699
70710
70711
70714
70718
70720
70721
70723
70724
70725
70726
70727
70729
70747
70750
70760
70763
70773
70774
70775
70778
70801
70804
70808
70811
70954
70955
70957
70958
70960
70961
70962
70964
70965
70967
70968
70972
70975
70977
70978
70981
70982
70984
70985
70988
71011
71012
71013
71033
71040
71045
71046
71047
71049
71050
71051
71052
71053
71055
71056
71057
71058
71059
71060
71063
71064
71065
71066
71067
71068
71069
71070
71071
71072
71074
71075
71076
71109
71116
71122
71123
71124
71125
71126
71128
71129
71132
71134
71135
71143
71144
71145
71146
71147
71148
71150
71155
71157
71158
71160
71162
71164
71170
71171
71172
71173
71176
71178
71179
71181
71183
71184
71185
71187
71188
71189
71190
71191
71192
71194
71195
71196
71197
71198
71199
71201
71202
71203
71204
71205
71206
71208
71209
71210
71211
71212
71213
71214
71215
71216
71217
71218
71222
71224
71225
71229
71230
71232
71233
71241
71242
71243
71244
71245
71246
71247
71252
71256
71257
71260
71262
71263
71264
71265
71266
71267
71268
71269
71270
71271
71272
71273
71275
71276
71279
71280
71282
71290
71291
71292
71293
71295
71296
71297
71301
71304
71305
71307
71310
71312
71313
71314
71347
71354
71360
71366
71367
71368
71369
71371
71374
71375
71377
71379
71380
71388
71389
71391
71393
71394
71395
71396
71398
71399
71400
71402
71407
71409
71411
71412
71414
71416
71418
71419
71420
71466
71467
71468
71488
71495
71529
71534
71543
71547
71605
71606
71607
71608
71609
71610
71611
71612
71613
71614
71616
71617
71618
71619
71620
71622
71623
71624
71625
71626
71627
71630
71631
71632
71634
71635
71636
71662
71676
71682
71688
71689
71690
71691
71694
71696
71697
71699
71701
71702
71703
71704
71705
71706
71707
71709
71710
71713
71715
71716
71724
71725
71726
71727
71728
71729
71731
71736
71738
71739
71741
71743
71745
71746
71747
71748
71749
71750
71754
71755
71756
71757
71761
71764
71765
71773
71774
71775
71776
71777
71778
71779
71781
71782
71784
71792
71794
71795
71796
71798
71799
71800
71801
71802
71804
71805
71806
71807
71808
71809
71812
71813
71814
71815
71819
71822
71823
71824
71826
71829
71830
71832
71833
71835
71837
71838
71839
71865
71879
71885
71886
71887
71888
71889
71891
71892
71895
71896
71898
71906
71907
71908
71909
71910
71911
71913
71917
71920
71921
71923
71925
71935
71940
71949
71953
72011
72016
72018
72019
72023
72025
72026
72028
72029
72032
72035
72037
72038
72046
72047
72048
72049
72050
72051
72062
72070
72081
72083
72085
72087
72088
72089
72090
72091
72092
72093
72094
72095
72097
72098
72099
72100
72102
72104
72105
72107
72108
72119
72122
72125
72128
72138
72139
72140
72143
72169
72173
72174
72177
72186
72187
72188
72189
72190
72192
72195
72197
72199
72207
72209
72210
72211
72212
72213
72214
72216
72217
72218
72219
72220
72221
72223
72224
72225
72226
72227
72228
72230
72231
72232
72233
72234
72263
72265
72267
72269
72270
72271
72272
72273
72274
72275
72276
72277
72279
72280
72281
72282
72284
72286
72287
72288
72290
72300
72308
72329
72332
72335
72338
72348
72349
72350
72352
72365
72369
72370
72372
72382
72383
72384
72385
72386
72387
72391
72393
72395
72417
72418
72419
72420
72421
72422
72423
72424
72426
72427
72428
72429
72430
72432
72436
72446
72447
72448
72450
72451
72460
72462
72464
72465
72475
72478
72508
72510
72512
72514
72515
72522
72524
72526
72527
72529
72534
72564
72565
72566
72568
72569
72571
72572
72576
72577
72578
72579
72580
72582
72584
72585
72589
72591
72593
72596
72601
72602
72603
72621
72622
72624
72631
72642
72646
72656
72657
72658
72659
72660
72670
72672
72673
72675
72685
72687
72690
72692
72694
72696
72697
72704
72706
72708
72709
72711
72717
72746
72747
72748
72750
72751
72753
72754
72758
72759
72760
72761
72762
72764
72766
72767
72771
72773
72803
72807
72818
72819
72822
72831
72833
72836
72849
72851
72852
72853
72854
72855
72856
72857
72858
72860
72861
72862
72863
72864
72893
72894
72895
72897
72899
72900
72901
72904
72906
72907
72908
72909
72911
72912
72914
72919
72920
72949
72950
72953
72954
72956
72963
72965
72967
72969
72970
72974
72978
72981
72985
72986
72987
72988
72989
73006
73007
73009
73010
73014
73016
73026
73027
73028
73029
73030
73031
73032
73033
73035
73036
73037
73038
73039
73041
73045
73056
73057
73059
73069
73071
73074
73086
73089
73090
73091
73093
73095
73096
73097
73100
73101
73103
73104
73105
73107
73108
73110
73114
73116
73145
73146
73149
73150
73152
73159
73161
73163
73165
73166
73170
73201
73204
73206
73207
73208
73209
73210
73211
73212
73213
73214
73215
73217
73218
73220
73221
73222
73224
73225
73227
73228
73257
73261
73264
73265
73268
73271
73272
73273
73276
73278
73280
73282
73283
73285
73286
73287
73288
73289
73291
73317
73328
73329
73332
73336
73338
73339
73341
73342
73343
73344
73345
73347
73364
73367
73371
73374
73377
73378
73379
73382
73397
73399
73400
73401
73402
73403
73404
73406
73407
73408
73409
73410
73411
73413
73414
73415
73416
73417
73418
73420
73421
73422
73423
73424
73434
73441
73453
73457
73460
73461
73465
73467
73468
73469
73472
73474
73476
73478
73479
73481
73482
73483
73484
73485
73486
73527
73538
73539
73542
73546
73548
73549
73551
73552
73553
73554
73555
73556
73588
73590
73595
73597
73601
73602
73603
73604
73636
73639
73643
73646
73719
73720
73721
73722
73723
73724
73728
73730
73731
73735
73736
73738
73739
73747
73748
73749
73750
73751
73752
73753
73758
73762
73763
73766
73768
73769
73770
73771
73772
73773
73774
73775
73776
73777
73778
73779
73780
73782
73784
73786
73787
73789
73790
73791
73792
73794
73795
73803
73807
73810
73811
73812
73815
73818
73819
73820
73853
73860
73866
73872
73873
73874
73875
73877
73880
73881
73882
73884
73886
73887
73888
73889
73891
73892
73893
73894
73895
73896
73898
73899
73900
73901
73902
73905
73906
73907
73908
73909
73910
73911
73912
73913
73914
73915
73916
73917
73918
73919
73920
73924
73926
73927
73931
73932
73933
73934
73943
73944
73945
73946
73947
73948
73949
73954
73958
73959
73961
73964
73965
73966
73967
73968
73969
73971
73973
73975
73976
73978
73979
73980
73981
73982
73983
73992
73996
73999
74000
74001
74003
74006
74012
74013
74014
74015
74017
74020
74021
74022
74024
74026
74028
74029
74030
74063
74070
74132
74133
74135
74137
74138
74139
74140
74142
74143
74144
74146
74151
74153
74155
74156
74158
74160
74162
74163
74164
74210
74211
74212
74232
74239
74251
74252
74253
74254
74255
74256
74260
74261
74262
74263
74267
74270
74271
74279
74280
74281
74282
74283
74284
74285
74287
74288
74290
74298
74300
74301
74302
74304
74305
74306
74307
74308
74309
74311
74312
74313
74314
74315
74318
74319
74320
74321
74325
74328
74329
74330
74332
74335
74336
74337
74339
74340
74343
74344
74345
74371
74385
74391
74392
74393
74394
74395
74396
74398
74400
74402
74403
74405
74406
74407
74408
74409
74410
74419
74423
74426
74427
74428
74430
74433
74435
74436
74437
74438
74439
74440
74442
74443
74444
74445
74446
74447
74449
74450
74451
74452
74453
74454
74456
74457
74458
74459
74460
74461
74462
74463
74464
74465
74466
74467
74468
74469
74470
74472
74473
74474
74475
74476
74477
74479
74480
74481
74482
74483
74486
74487
74488
74489
74490
74491
74492
74493
74494
74498
74499
74500
74501
74505
74507
74508
74517
74518
74519
74520
74521
74522
74523
74525
74526
74528
74535
74538
74544
74545
74546
74547
74549
74552
74553
74554
74556
74558
74559
74560
74561
74562
74563
74564
74566
74568
74570
74571
74573
74574
74575
74576
74577
74578
74587
74591
74594
74595
74596
74598
74602
74603
74604
74630
74644
74721
74722
74723
74743
74750
74777
74782
74791
74795
74853
74855
74857
74859
74860
74861
74862
74863
74864
74865
74866
74867
74869
74870
74871
74872
74874
74876
74877
74878
74880
74918
74925
74946
74949
74953
74956
74966
74967
74968
74970
74990
74994
74995
74997
75007
75008
75009
75010
75011
75012
75016
75018
75020
75043
75046
75051
75052
75053
75071
75072
75074
75081
75092
75095
75113
75114
75116
75117
75121
75123
75133
75134
75137
75138
75140
75147
75149
75151
75152
75154
75159
75161
75162
75163
75165
75166
75168
75169
75173
75174
75175
75176
75177
75179
75181
75182
75186
75188
75245
75246
75247
75248
75249
75250
75251
75252
75254
75255
75256
75257
75258
75260
75263
75267
75268
75269
75270
75271
75288
75289
75291
75292
75296
75298
75309
75312
75317
75318
75320
75337
75338
75341
75347
75357
75358
75359
75361
75362
75364
75365
75368
75369
75371
75372
75373
75375
75376
75378
75382
75383
75385
75386
75389
75390
75392
75399
75401
75403
75405
75406
75410
75469
75473
75476
75477
75481
75483
75484
75485
75488
75490
75492
75494
75495
75497
75498
75499
75500
75501
75502
75520
75527
75571
75575
75576
75579
75588
75589
75590
75591
75592
75593
75597
75599
75600
75618
75620
75625
75627
75638
75639
75640
75641
75751
75758
75828
75829
75830
75831
75835
75838
75857
75859
75877
75878
75879
75880
75882
75884
75886
75889
75906
75907
75910
75949
75969
75989
75990
75991
75992
75993
75996
75998
75999
76018
76019
76020
76038
76039
76040
76043
76045
76050
76067
76071
76082
76102
76143
76150
76241
76242
76243
76246
76257
76263
76273
76283
76284
76285
76286
76287
76288
76293
76299
76301
76302
76312
76313
76314
76315
76317
76321
76322
76323
76324
76326
76327
76328
76329
76330
76331
76333
76334
76335
76336
76337
76404
76419
76427
76430
76431
76434
76436
76438
76440
76442
76443
76445
76446
76447
76449
76457
76458
76459
76461
76462
76463
76464
76465
76467
76468
76469
76470
76471
76472
76475
76477
76479
76480
76481
76484
76514
76519
76521
76526
76527
76528
76529
76530
76531
76533
76537
76539
76540
76548
76550
76551
76552
76553
76560
76562
76563
76565
76567
76569
76570
76573
76574
76575
76576
76577
76578
76580
76581
76582
76583
76584
76586
76587
76588
76589
76590
76592
76593
76594
76596
76597
76600
76601
76603
76604
76605
76606
76607
76608
76609
76610
76611
76612
76613
76615
76617
76618
76619
76620
76621
76623
76624
76625
76628
76630
76631
76632
76633
76634
76637
76638
76639
76640
76641
76642
76643
76644
76645
76646
76647
76648
76649
76650
76652
76653
76656
76657
76659
76660
76661
76662
76664
76666
76667
76669
76670
76672
76673
76674
76677
76679
76680
76681
76682
76683
76684
76685
76686
76687
76688
76689
76690
76693
76694
76695
76696
76697
76698
76699
76700
76702
76704
76706
76707
76716
76717
76720
76723
76724
76725
76728
76730
76731
76732
76733
76734
76736
76740
76741
76743
76751
76753
76754
76756
76757
76762
76765
76766
76768
76771
76773
76774
76775
76778
76808
76812
76815
76819
76821
76822
76825
76826
76827
76828
76829
76830
76832
76833
76834
76835
76836
76838
76839
76840
76841
76863
76867
76868
76869
76870
76872
76873
76874
76875
76876
76877
76879
76880
76881
76882
76883
76889
76899
76900
76901
76902
76903
76904
76911
76915
76916
76918
76928
76929
76930
76932
76972
76979
76983
76984
76987
76989
76991
76993
76994
76996
76998
76999
77000
77002
77041
77078
77088
77089
77090
77091
77092
77093
77098
77104
77106
77107
77117
77118
77119
77120
77137
77138
77139
77142
77153
77159
77164
77168
77169
77170
77171
77173
77174
77175
77176
77177
77178
77180
77181
77182
77183
77184
77216
77259
77263
77264
77267
77274
77276
77278
77279
77280
77282
77283
77285
77287
77289
77297
77301
77304
77306
77307
77310
77311
77313
77314
77317
77318
77319
77320
77321
77322
77324
77325
77326
77327
77328
77329
77331
77332
77333
77334
77335
77336
77337
77338
77339
77340
77341
77342
77343
77344
77345
77346
77347
77348
77349
77350
77351
77352
77353
77355
77356
77357
77358
77359
77360
77361
77362
77363
77364
77365
77366
77367
77372
77374
77376
77377
77379
77381
77383
77384
77385
77388
77389
77390
77391
77393
77394
77395
77396
77397
77398
77399
77400
77402
77403
77404
77405
77406
77407
77408
77409
77410
77411
77412
77413
77414
77415
77430
77434
77435
77436
77437
77439
77440
77441
77442
77443
77444
77446
77447
77448
77449
77450
77466
77467
77468
77470
77482
77488
77524
77539
77543
77544
77546
77554
77556
77558
77559
77560
77561
77563
77565
77567
77569
77620
77634
77675
77676
77677
77679
77680
77681
77682
77683
77685
77686
77687
77688
77689
77690
77693
77695
77697
77698
77699
77701
77725
77730
77739
77743
77745
77746
77749
77750
77751
77752
77753
77754
77756
77757
77758
77759
77760
77762
77763
77764
77765
77766
77767
77768
77769
77770
77772
77776
77778
77779
77787
77789
77790
77791
77792
77799
77801
77802
77804
77806
77808
77809
77810
77811
77812
77813
77815
77817
77820
77821
77829
77830
77831
77833
77836
77837
77841
77843
77844
77845
77847
77848
77849
77850
77851
77853
77854
77855
77856
77857
77858
77861
77862
77864
77865
77868
77869
77870
77871
77872
77873
77875
77876
77877
77878
77879
77881
77882
77883
77884
77886
77887
77888
77890
77914
77919
77928
77931
77934
77935
77936
77937
77938
77940
77944
77945
77947
77955
77957
77958
77959
77960
77966
77969
77970
77972
77974
77977
77991
78047
78048
78049
78050
78054
78057
78076
78078
78103
78104
78105
78106
78108
78117
78118
78121
78132
78133
78136
78181
78195
78207
78209
78210
78211
78212
78214
78215
78216
78217
78218
78219
78220
78221
78224
78225
78227
78228
78229
78230
78232
78234
78235
78236
78237
78238
78240
78241
78242
78245
78247
78248
78249
78250
78251
78254
78255
78256
78257
78258
78259
78260
78261
78262
78263
78265
78266
78267
78268
78270
78271
78272
78273
78274
78275
78276
78277
78280
78281
78283
78284
78285
78286
78288
78289
78291
78292
78293
78294
78295
78297
78298
78301
78302
78304
78305
78306
78307
78309
78310
78320
78321
78322
78324
78325
78334
78335
78338
78349
78350
78352
78412
78426
78453
78454
78455
78456
78457
78460
78462
78463
78482
78483
78484
78495
78496
78497
78500
78509
78513
78524
78528
78546
78566
78599
78600
78601
78602
78603
78604
78605
78606
78607
78608
78609
78610
78611
78613
78616
78617
78619
78620
78621
78622
78624
78626
78627
78629
78630
78632
78633
78634
78637
78639
78640
78641
78642
78643
78644
78645
78646
78647
78648
78649
78650
78653
78654
78655
78656
78657
78658
78659
78660
78661
78662
78663
78664
78665
78666
78667
78669
78672
78673
78675
78676
78677
78678
78680
78681
78683
78685
78686
78687
78689
78690
78693
78694
78696
78697
78698
78699
78700
78701
78702
78703
78704
78705
78706
78708
78709
78733
78734
78735
78738
78747
78751
78762
78765
78784
78804
78845
78852
78907
78908
78909
78910
78911
78912
78914
78916
78918
78919
78928
78929
78932
78935
78936
78937
78940
78942
78943
78944
78945
78946
78947
78951
78953
78954
78956
78958
78959
78961
78962
78974
78977
78978
78979
78982
78985
78986
78987
78990
79020
79024
79027
79031
79033
79034
79037
79038
79039
79040
79041
79042
79044
79045
79046
79047
79048
79049
79051
79052
79053
79054
79055
79056
79058
79059
79060
79061
79062
79063
79065
79066
79067
79068
79069
79073
79074
79075
79076
79077
79078
79079
79080
79082
79084
79086
79087
79096
79097
79100
79103
79104
79105
79107
79110
79111
79112
79113
79114
79115
79119
79121
79122
79124
79126
79127
79128
79129
79142
79145
79146
79147
79149
79152
79153
79156
79157
79158
79159
79160
79161
79163
79164
79165
79166
79167
79168
79170
79171
79172
79174
79175
79176
79179
79209
79213
79216
79220
79250
79254
79255
79256
79257
79259
79260
79261
79262
79263
79264
79266
79267
79268
79269
79270
79289
79293
79294
79295
79296
79297
79298
79311
79315
79317
79318
79322
79323
79324
79326
79366
79373
79377
79378
79381
79383
79385
79387
79388
79390
79392
79393
79394
79396
79428
79446
79448
79449
79450
79451
79452
79453
79454
79455
79456
79457
79458
79459
79460
79465
79467
79469
79470
79472
79474
79476
79477
79478
79481
79482
79483
79484
79486
79487
79488
79489
79490
79491
79492
79493
79495
79496
79497
79498
79499
79500
79501
79502
79503
79504
79505
79506
79507
79508
79509
79511
79512
79513
79514
79515
79516
79517
79518
79519
79520
79521
79522
79523
79524
79525
79526
79527
79528
79529
79530
79534
79537
79539
79540
79541
79544
79546
79547
79548
79551
79552
79553
79554
79555
79556
79558
79559
79560
79561
79562
79563
79573
79574
79575
79576
79595
79602
79611
79615
79616
79617
79618
79619
79620
79633
79637
79639
79640
79644
79645
79646
79647
79674
79682
79685
79686
79689
79691
79693
79695
79696
79698
79700
79701
79702
79703
79764
79803
79807
79808
79809
79810
79812
79813
79814
79815
79816
79817
79819
79820
79821
79822
79823
79853
79854
79855
79857
79875
79882
79911
79933
79937
79938
79940
79948
79950
79952
79953
79954
79955
79957
79959
79961
79963
80006
80007
80008
80009
80010
80011
80013
80015
80018
80019
80027
80028
80029
80031
80034
80035
80039
80041
80042
80043
80045
80046
80047
80048
80049
80050
80052
80053
80054
80055
80056
80059
80060
80062
80063
80066
80067
80068
80069
80070
80071
80073
80074
80075
80076
80077
80078
80080
80081
80082
80084
80085
80086
80088
80112
80117
80126
80129
80132
80133
80134
80135
80136
80137
80141
80143
80144
80146
80148
80149
80150
80151
80164
80167
80168
80169
80171
80174
80175
80176
80177
80178
80179
80180
80181
80183
80184
80185
80186
80188
80189
80190
80191
80192
80193
80194
80195
80198
80199
80201
80202
80203
80204
80206
80207
80209
80210
80211
80212
80213
80214
80216
80219
80220
80222
80223
80224
80225
80227
80228
80230
80231
80232
80233
80234
80235
80236
80237
80238
80239
80240
80241
80242
80244
80247
80248
80250
80251
80252
80253
80255
80256
80258
80260
80261
80262
80263
80265
80266
80267
80268
80269
80270
80271
80272
80275
80276
80278
80279
80280
80281
80283
80284
80286
80287
80288
80290
80291
80292
80293
80294
80295
80297
80298
80299
80300
80301
80305
80306
80307
80308
80309
80310
80311
80312
80314
80316
80318
80319
80328
80329
80330
80332
80335
80336
80339
80342
80343
80346
80347
80348
80349
80350
80351
80353
80354
80355
80356
80357
80358
80360
80361
80362
80363
80364
80365
80366
80367
80368
80372
80374
80375
80377
80379
80380
80381
80382
80395
80398
80399
80400
80402
80406
80407
80408
80410
80434
80438
80448
80451
80458
80462
80463
80464
80465
80466
80467
80480
80484
80486
80487
80491
80492
80493
80494
80511
80512
80513
80514
80533
80540
80570
80574
80575
80578
80585
80587
80589
80590
80591
80592
80594
80596
80598
80599
80632
80686
80700
80749
80750
80751
80753
80754
80763
80764
80767
80778
80779
80781
80841
80855
80875
80876
80877
80880
80889
80893
80904
80907
80939
80953
81408
81415
81493
81494
81497
81508
81514
81519
81522
81524
81526
81527
81531
81533
81534
81536
81537
81540
81543
81545
81546
81554
81555
81556
81557
81558
81559
81561
81564
81565
81566
81567
81568
81570
81571
81572
81573
81574
81575
81577
81578
81579
81580
81581
81737
81739
81741
81745
81748
81750
81751
81752
81753
81754
81755
81756
81764
81765
81766
81767
81769
81770
81779
81780
81783
81785
81786
81787
81788
81789
81790
81791
81926
81928
81930
81934
81941
81942
81944
81945
81954
81955
81956
81958
81959
81968
81969
81972
81974
81975
81976
81977
81978
81979
81980
82149
82152
82153
82154
82155
82156
82158
82159
82160
82161
82162
82163
82165
82166
82167
82168
82169
82170
82173
82175
82177
82178
82181
82184
82185
82187
82190
82191
82194
82195
82197
82205
82206
82207
82208
82209
82211
82381
82388
82486
82500
82541
82542
82544
82545
82546
82547
82548
82549
82550
82552
82553
82554
82555
82556
82558
82559
82560
82561
82562
82568
82569
82570
82572
82573
82574
82575
82576
82577
82578
82580
82581
82582
82583
82584
82586
82587
82588
82589
82590
82596
82780
82783
82784
82788
82795
82808
82809
82810
82811
82813
82828
82829
82831
82832
82833
82834
82835
82836
82837
82839
82840
82841
82842
82843
82845
82846
82847
82848
82849
82854
82997
83011
83059
83062
83064
83066
83067
83071
83073
83074
83076
83077
83080
83083
83085
83086
83094
83095
83096
83097
83098
83099
83117
83118
83121
83132
83138
83143
83145
83147
83148
83149
83150
83152
83153
83154
83155
83156
83157
83159
83160
83161
83162
83163
83353
83355
83357
83358
83359
83360
83362
83363
83364
83365
83366
83367
83369
83370
83371
83372
83373
83390
83391
83393
83405
83411
83542
83543
83544
83545
83546
83547
83548
83550
83552
83554
83558
83561
83563
83564
83565
83566
83567
83568
83569
83577
83578
83579
83580
83582
83583
83592
83593
83596
83732
83733
83735
83740
83741
83742
83743
83747
83760
83761
83762
83763
83764
83767
83768
83770
83781
83783
83785
83789
83791
83794
83795
83796
83797
83798
83799
83800
83808
83809
83810
83811
83812
83814
83823
83824
83826
83984
83986
83988
83992
83999
84000
84002
84003
84012
84013
84014
84016
84017
84026
84027
84030
84032
84033
84034
84035
84036
84037
84038
84173
84174
84176
84179
84180
84181
84182
84183
84184
84185
84188
84191
84200
84201
84202
84203
84204
84205
84208
84209
84211
84221
84222
84223
84224
84225
84226
84227
84229
84231
84233
84237
84244
84245
84246
84247
84257
84258
84259
84260
84262
84271
84272
84274
84417
84420
84421
84422
84423
84424
84426
84427
84428
84429
84430
84431
84433
84434
84435
84436
84437
84473
84475
84477
84480
84481
84484
84487
84488
84489
84492
84494
84496
84498
84499
84501
84502
84503
84504
84505
84507
84678
84679
84680
84699
84706
84711
84713
84715
84718
84719
84723
84725
84726
84727
84730
84732
84734
84736
84737
84739
84740
84741
84742
84743
84744
84908
84915
84971
84974
84975
84979
84986
84999
85000
85001
85002
85004
85019
85020
85021
85023
85024
85025
85026
85027
85028
85030
85031
85032
85033
85034
85035
85037
85038
85039
85040
85045
85229
85230
85231
85233
85234
85235
85236
85237
85238
85240
85241
85242
85243
85244
85245
85247
85248
85249
85250
85256
85257
85258
85259
85261
85262
85263
85264
85265
85266
85268
85269
85270
85271
85272
85273
85275
85276
85277
85278
85284
85286
85289
85290
85294
85301
85314
85315
85316
85318
85319
85517
85531
85600
85602
85604
85605
85606
85607
85609
85610
85611
85612
85613
85614
85616
85617
85618
85619
85620
85665
85666
85668
85686
85693
85853
85854
85856
85861
85862
85863
85864
85868
85881
85882
85883
85884
85885
85888
85889
85891
85902
85903
85905
85908
85909
85910
85911
85912
85913
85914
85917
85919
85929
85930
85931
85932
85933
85934
85937
85938
85940
86083
86084
86085
86086
86087
86088
86089
86091
86092
86094
86097
86098
86099
86100
86101
86102
86103
86106
86109
86118
86119
86120
86121
86122
86123
86126
86127
86129
86140
86141
86143
86148
86149
86150
86151
86155
86168
86169
86170
86171
86172
86175
86176
86178
86321
86323
86325
86328
86329
86333
86335
86336
86337
86340
86342
86344
86346
86347
86349
86350
86351
86352
86353
86354
86372
86373
86374
86393
86400
101150
101151
101152
101153
101154
101155
101156
101157
101158
101159
101160
101161
101162
101163
101164
101165
101166
101167
101168
101169
101170
101171
101172
101173
101174
101175
101176
101177
101178
101179
101180
101181
101182
101183
101184
101185
101186
101187
101188
101189
101190
101191
101192
101193
101194
101195
101196
101197
101198
101199
101200
101201
101202
101203
101204
101205
101206
101207
101208
101209
101210
101211
101212
101213
101214
101215
101216
101217
101218
101219
101220
101221
101222
101223
101224
101225
101226
101227
101228
101229
101230
101231
101232
101233
101234
101235
101236
101237
101238
101239
101240
101248
101249
101250
101251
101252
101253
101254
101255
101256
101257
101258
101259
101260
101261
101262
101263
101264
101265
101266
101267
101268
101269
101270
101271
101272
101273
101274
101275
101276
101277
101278
101279
101280
101281
101282
101283
101284
101285
101286
101287
101288
101289
101290
101291
101292
101293
101294
101295
101296
101297
101298
101299
101300
101301
101302
101303
101304
101305
101306
101307
101308
101309
101310
101311
101312
101313
101314
101315
101316
101317
101318
101319
101320
101321
101322
101323
101324
101325
101326
101327
101328
101329
101330
101331
101332
101333
101334
101335
101336
101337
101338
101346
101347
101348
101349
101350
101351
101352
101353
101354
101355
101356
101357
101358
101359
101360
101361
101362
101363
101364
101365
101366
101367
101368
101369
101370
101371
101372
101373
101374
101375
101376
101377
101378
101379
101380
101381
101382
101383
101384
101385
101386
101387
101402
101403
101404
101405
101406
101407
101408
101409
101410
101411
101412
101413
101414
101415
101423
101424
101425
101426
101427
101428
101429
101430
101431
101432
101433
101434
101435
101436
101437
101438
101439
101440
101441
101442
101443
101444
101445
101446
101447
101448
101449
101450
101451
101452
101453
101454
101455
101456
101457
101458
101459
101460
101461
101462
101463
101464
101465
101466
101467
101468
101469
101470
101471
101472
101473
101474
101475
101476
101477
101478
101479
101480
101481
101482
101483
101484
101485
101486
101487
101488
101489
101490
101491
101492
101493
101494
101495
101496
101497
101498
101499
101500
101501
101502
101503
101504
101505
101506
101507
101508
101509
101510
101511
101512
101513
101521
101522
101523
101524
101525
101526
101527
101528
101529
101530
101531
101532
101533
101534
101542
101543
101544
101546
101547
101548
101549
101550
101551
101552
101553
101554
101555
101556
101558
101559
101560
101562
101570
101571
101572
101573
101574
101575
101576
101577
101578
101579
101580
101581
101582
101583
101584
101585
101586
101587
101588
101589
101590
101591
101592
101593
101594
101595
101596
101597
101598
101599
101600
101601
101602
101603
101604
101612
101613
101614
101615
101616
101617
101618
101626
101627
101629
101630
101631
101633
101634
101635
101636
101637
101638
101639
101647
101648
101649
101650
101651
101652
101653
101654
101655
101656
101657
101658
101659
101660
101668
101669
101670
101671
101672
101673
101674
101675
101676
101677
101678
101679
101680
101681
101682
101683
101684
101689
101690
101691
101696
101697
101698
101703
101704
101705
101710
101711
101712
101717
101718
101719
101731
101732
101733
101738
101739
101740
101745
101746
101747
101752
101753
101754
101759
101760
101761
101762
101763
101764
101765
101766
101767
101768
101773
101774
101775
101780
101781
101782
101783
101784
101785
101786
103218
103219
103220
103221
103222
103223
103224
103232
103233
103234
103235
103236
103237
103238
103246
103247
103248
103249
103250
103251
103252
103253
103254
103255
103256
103257
103258
103259
103260
103261
103262
103263
103264
103265
103266
103267
103268
103269
103270
103271
103272
103273
103274
103275
103276
103277
103278
103279
103280
103288
103289
103290
103291
103292
103293
103294
103302
103303
103304
103305
103306
103307
103308
103309
103310
103311
103312
103313
103314
103315
103316
103317
103318
103319
103320
103321
103322
103323
103324
103325
103326
103327
103328
103329
103330
103331
103332
103333
103334
103335
103336
103337
103338
103339
103340
103341
103342
103343
103344
103345
103346
103347
103348
103349
103350
103351
103352
103353
103354
103355
103356
103357
103358
103359
103360
103361
103362
103363
103364
103365
103366
103367
103368
103369
103370
103371
103372
103373
103374
103375
103376
103377
103378
103379
103380
103381
103382
103383
103384
103385
103386
103387
103388
103389
103390
103391
103392
103393
103394
103395
103396
103397
103398
103399
103407
103408
103409
103410
103411
103412
103413
103414
103415
103416
103417
103418
103419
103420
103421
103422
103423
103424
103425
103426
103427
103428
103429
103430
103431
103432
103433
103434
103435
103436
103437
103438
103439
103440
103441
103449
103450
103451
103452
103453
103454
103455
103456
103457
103458
103459
103460
103461
103462
103463
103464
103465
103466
103467
103468
103469
103470
103471
103472
103473
103474
103475
103476
103477
103478
103479
103480
103481
103482
103483
103484
103485
103486
103487
103488
103489
103490
103491
103492
103493
103494
103495
103496
103497
103498
103499
103500
103501
103502
103503
103504
103505
103506
103507
103508
103509
103510
103511
103512
103513
103514
103515
103516
103517
103518
103519
103520
103521
103522
103523
103524
103525
103526
103527
103528
103529
103530
103531
103532
103533
103534
103535
103536
103537
103538
103539
103540
103541
103542
103543
103544
103545
103546
103547
103548
103549
103550
103551
103552
103553
103554
103555
103556
103557
103558
103559
103560
103561
103562
103563
103564
103565
103566
103567
103568
103569
103570
103571
103572
103573
103574
103575
103576
103577
103578
103579
103580
103581
103582
103583
103584
103585
103586
103587
103588
103589
103590
103591
103592
103593
103594
103595
103603
103604
103605
103606
103607
103608
103609
103610
103611
103612
103613
103614
103615
103616
103617
103618
103619
103620
103621
103622
103623
103624
103625
103626
103627
103628
103629
103630
103645
103646
103647
103648
103649
103650
103651
103652
103653
103654
103655
103656
103657
103658
103659
103660
103661
103662
103663
103664
103665
103666
103667
103668
103669
103670
103671
103672
103673
103674
103675
103676
103677
103678
103679
103680
103681
103682
103683
103684
103685
103686
103687
103688
103689
103690
103691
103692
103693
103694
103695
103696
103697
103698
103699
103700
103701
103702
103703
103704
103705
103706
103707
103708
103709
103710
103711
103712
103713
103714
103715
103716
103717
103718
103719
103720
103721
103722
103723
103724
103725
103726
103727
103728
103729
103730
103731
103732
103733
103734
103735
103736
103737
103738
103739
103740
103741
103742
103743
103744
103745
103746
103747
103748
103749
103750
103751
103752
103753
103754
103755
103756
103757
103758
103759
103760
103761
103762
103763
103764
103765
103766
103767
103768
103769
103770
103771
103772
103773
103774
103775
103776
103777
103778
103779
103780
103781
103782
103783
103784
103785
103786
103787
103788
103789
103790
103791
103792
103793
103794
103795
103796
103797
103798
103799
103800
103801
103802
103803
103804
103805
103806
103807
103808
103809
103810
103811
103812
103813
103814
103815
103816
103817
103818
103819
103827
103828
103829
103830
103831
103832
103833
103848
103849
103850
103851
103852
103853
103854
103855
103856
103857
103858
103859
103860
103861
103862
103863
103864
103865
103866
103867
103868
103869
103870
103871
103872
103873
103874
103875
103876
103877
103878
103879
103880
103881
103882
103883
103884
103885
103886
103887
103888
103889
103890
103891
103892
103893
103894
103895
103896
103897
103898
103899
103900
103901
103902
103903
103904
103905
103906
103907
103908
103909
103910
103911
103912
103913
103914
103915
103916
103917
103918
103919
103920
103921
103922
103923
103924
103925
103926
103927
103928
103929
103930
103931
103932
103933
103934
103935
103936
103937
103938
103939
103940
103941
103942
103943
103944
103945
103946
103947
103948
103949
103950
103951
103952
103953
103954
103955
103956
103957
103958
103959
103960
103961
103962
103963
103964
103965
103966
103967
103968
103969
103970
103971
103972
103973
103974
103975
103976
103977
103978
103979
103980
103981
103982
103983
103984
103985
103986
103987
103988
103989
103990
103991
103992
103993
103994
103995
103996
103997
103998
103999
104000
104001
104002
104003
104004
104005
104006
104007
104008
104009
104010
104011
104012
104013
104014
104015
104016
104017
104018
104019
104020
104021
104022
104030
104031
104032
104033
104034
104035
104036
104044
104045
104046
104047
104048
104049
104050
104058
104059
104060
104061
104062
104063
104064
104065
104066
104067
104068
104069
104070
104071
104072
104073
104074
104075
104076
104077
104078
104079
104080
104081
104082
104083
104084
104085
104086
104087
104088
104089
104090
104091
104092
104093
104094
104095
104096
104097
104098
104099
104100
104101
104102
104103
104104
104105
104106
104107
104108
104109
104110
104111
104112
104113
104114
104115
104116
104117
104118
104119
104120
104121
104122
104123
104124
104125
104126
104127
104128
104129
104130
104131
104132
104133
104134
104135
104136
104137
104138
104139
104140
104141
104142
104143
104144
104145
104146
104147
104148
104149
104150
104151
104152
104153
104154
104155
104156
104157
104158
104159
104160
104161
104162
104163
104164
104165
104166
104167
104168
104169
104170
104171
104172
104173
104174
104175
104176
104177
104178
104179
104180
104181
104182
104183
104184
104185
104186
104187
104188
104189
104190
104191
104192
104193
104194
104195
104196
104197
104205
104206
104207
104208
104209
104210
104211
104212
104213
104214
104215
104216
104217
104218
104219
104220
104221
104222
104223
104224
104225
104226
104227
104228
104229
104230
104231
104232
104233
104234
104235
104236
104237
104238
104239
104247
104248
104249
104250
104251
104252
104253
104261
104262
104263
104264
104265
104266
104267
104268
104269
104270
104271
104272
104273
104274
104275
104276
104277
104278
104279
104280
104281
104282
104283
104284
104285
104286
104287
104288
104289
104290
104291
104292
104293
104294
104295
104296
104297
104298
104299
104300
104301
104302
104303
104304
104305
104306
104307
104308
104309
104310
104311
104312
104313
104314
104315
104316
104317
104318
104319
104320
104321
104322
104323
104324
104325
104326
104327
104328
104329
104330
104331
104332
104333
104334
104335
104336
104337
104338
104339
104340
104341
104342
104343
104344
104352
104353
104354
104355
104356
104357
104358
104359
104360
104361
104362
104363
104364
104365
104366
104367
104368
104369
104370
104371
104372
104373
104374
104375
104376
104377
104378
104379
104394
104395
104396
104397
104398
104399
104400
104401
104402
104403
104404
104405
104406
104407
104408
104409
104410
104411
104412
104413
104414
104415
104416
104417
104418
104419
104420
104421
104429
104430
104431
104432
104433
104434
104435
104443
104444
104445
104446
104447
104448
104449
104457
104458
104459
104460
104461
104462
104463
104464
104465
104466
104467
104468
104469
104470
104478
104479
104480
104481
104482
104483
104484
104485
104486
104487
104488
104489
104490
104491
104492
104493
104494
104495
104496
104497
104498
104499
104500
104501
104502
104503
104504
104505
104513
104514
104515
104516
104517
104518
104519
104569
104570
104571
104572
104573
104574
104576
104577
104578
104579
104580
104581
104582
104590
104591
104592
104593
104594
104595
104596
104604
104605
104606
104607
104608
104609
104610
104618
104619
104620
104621
104622
104623
104624
104625
104626
104627
104628
104629
104630
104653
104654
104655
104656
104657
104658
104660
104661
104662
104663
104664
104665
104674
104675
104676
104677
104678
104679
104680
104688
104689
104690
104691
104692
104693
104694
104695
104696
104697
104698
104699
104700
104701
104751
104752
104753
104754
104755
104756
104757
104758
104759
104760
104761
104762
104763
104764
104786
104787
104788
104789
104790
104791
104792
104800
104801
104802
104803
104804
104805
104806
104807
104808
104809
104810
104811
104812
104813
104814
104815
104816
104817
104818
104819
104820
104821
104822
104823
104824
104825
104826
104827
104828
104829
104830
104831
104832
104833
104834
104835
104836
104837
104838
104839
104840
104841
104842
104843
104844
104845
104846
104847
104848
104849
104850
104851
104852
104853
104854
104855
104863
104864
104865
104866
104867
104868
104870
104871
104872
104873
104874
104875
104876
104877
104878
104879
104880
104881
104882
104883
104884
104885
104886
104887
104889
104890
104912
104913
104914
104915
104916
104917
104919
104920
104921
104922
104923
104924
104925
104947
104948
104949
104950
104951
104952
104953
104954
104955
104956
104957
104958
104959
104960
104968
104969
104970
104971
104973
104974
105003
105004
105005
105006
105007
105008
105009
105010
105011
105012
105013
105014
105015
105016
105024
105025
105026
105027
105028
105029
105030
105032
105035
105036
105038
105039
105040
105041
105042
105043
105044
105045
105046
105047
105048
105049
105050
105051
105052
105053
105054
105055
105056
105057
105058
105059
105060
105061
105062
105063
105064
105065
105073
105074
105075
105076
105077
105078
105079
105080
105081
105082
105083
105084
105085
105086
105087
105088
105089
105090
105091
105092
105093
105101
105102
105103
105104
105105
105106
105107
105108
105109
105110
105111
105112
105113
105114
105115
105116
105117
105118
105119
105120
105121
105122
105123
105124
105125
105126
105127
105128
105130
105133
105134
105136
105137
105138
105139
105140
105141
105142
105143
105144
105145
105146
105147
105148
105149
105150
105151
105152
105153
105154
105155
105156
105157
105158
105159
105160
105161
105162
105163
105164
105165
105166
105167
105168
105169
105170
105171
105172
105173
105174
105175
105176
105177
105185
105186
105187
105188
105189
105190
105191
105199
105200
105201
105202
105203
105204
105205
105206
105207
105208
105209
105210
105211
105212
105213
105214
105215
105216
105217
105218
105219
105220
105221
105222
105223
105224
105225
105226
105234
105235
105236
105237
105238
105239
105240
105241
105242
105243
105244
105245
105246
105247
105248
105249
105250
105251
105252
105253
105254
105255
105256
105257
105258
105259
105260
105261
105262
105263
105264
105265
105266
105267
105268
105269
105270
105271
105272
105273
105274
105275
105283
105284
105285
105286
105287
105288
105289
105290
105291
105292
105293
105294
105295
105296
105297
105298
105299
105300
105301
105302
105303
105304
105305
105306
105307
105308
105309
105310
105325
105326
105327
105328
105329
105330
105331
105332
105333
105334
105335
105336
105337
105338
105339
105340
105341
105342
105343
105344
105345
105346
105347
105348
105349
105350
105351
105352
105360
105361
105362
105363
105364
105365
105366
105368
105371
105372
105374
105375
105376
105377
105378
105379
105380
105381
105382
105383
105384
105385
105386
105387
105388
105389
105390
105391
105392
105393
105394
105395
105396
105397
105398
105399
105400
105401
105402
105403
105404
105405
105406
105407
105408
105416
105417
105418
105419
105420
105421
105422
105423
105424
105425
105426
105427
105428
105429
105430
105431
105432
105433
105434
105435
105436
105437
105438
105439
105440
105441
105442
105443
105451
105452
105453
105454
105455
105456
105457
105458
105459
105460
105461
105462
105463
105464
105466
105470
105471
105479
105480
105481
105482
105483
105484
105485
105486
105487
105488
105489
105490
105491
105492
105500
105501
105502
105503
105504
105505
105506
105507
105508
105509
105510
105511
105512
105513
105514
105515
105516
105517
105518
105519
105520
105521
105522
105523
105524
105525
105526
105527
105542
105544
105545
105546
105547
105549
105550
105551
105552
105553
105554
105555
105556
105557
105558
105559
105560
105561
105562
105563
105564
105565
105566
105567
105568
105569
105577
105578
105579
105580
105581
105582
105583
105584
105585
105586
105587
105588
105589
105590
105598
105599
105600
105601
105602
105603
105604
105612
105613
105614
105615
105616
105617
105618
105619
105620
105621
105622
105623
105624
105625
105626
105628
105629
105630
105632
105640
105642
105643
105644
105645
105654
105655
105656
105657
105658
105659
105660
105661
105662
105663
105664
105665
105666
105667
105668
105669
105670
105672
105673
105674
105675
105676
105677
105678
105679
105680
105681
105689
105690
105691
105692
105693
105694
105695
105696
105697
105698
105699
105700
105701
105702
105703
105704
105705
105706
105707
105708
105709
105710
105711
105712
105713
105714
105715
105716
105724
105725
105726
105727
105728
105729
105730
105731
105732
105733
105734
105735
105736
105737
105738
105739
105740
105741
105742
105743
105744
105745
105746
105747
105748
105749
105750
105751
105752
105753
105754
105755
105756
105757
105758
105766
105767
105768
105769
105770
105771
105772
105773
105774
105775
105776
105777
105778
105779
105780
105781
105782
105783
105784
105785
105786
105794
105795
105796
105797
105798
105799
105800
105801
105802
105803
105804
105805
105806
105807
105815
105816
105817
105818
105819
105820
105821
105822
105823
105824
105825
105826
105827
105828
105829
105830
105831
105832
105833
105834
105835
105843
105844
105845
105846
105847
105848
105849
105850
105851
105852
105853
105854
105855
105856
105857
105858
105859
105860
105861
105862
105863
105871
105872
105873
105874
105875
105876
105877
105878
105879
105880
105881
105882
105883
105884
105892
105893
105894
105895
105896
105897
105898
105899
105900
105902
105903
105904
105906
105907
105908
105910
105911
105912
105913
105914
105915
105916
105917
105918
105919
105920
105921
105922
105923
105924
105925
105926
105927
105928
105929
105930
105931
105932
105933
105934
105935
105936
105938
105939
105940
105948
105949
105951
105953
105954
105969
105970
105971
105972
105973
105974
105975
105983
105984
105985
105986
105987
105988
105989
105990
105991
105992
105993
105994
105995
105996
105997
105998
105999
106000
106001
106002
106003
106004
106005
106006
106007
106008
106009
106010
106018
106019
106020
106021
106022
106023
106024
106025
106026
106027
106028
106029
106030
106031
106039
106040
106041
106042
106043
106044
106045
106053
106054
106055
106056
106057
106058
106059
106060
106061
106063
106065
106066
106074
106075
106076
106077
106078
106079
106080
106081
106082
106083
106084
106085
106086
106087
106158
106159
106160
106161
106162
106163
106164
106165
106166
106167
106168
106169
106170
106171
106186
106187
106188
106189
106190
106191
106192
106207
106208
106209
106210
106211
106212
106213
106242
106243
106244
106245
106246
106247
106248
106256
106257
106258
106259
106260
106261
106262
106368
106369
106370
106371
106372
106373
106374
106396
106397
106398
106399
106400
106401
106402
106417
106418
106419
106420
106421
106422
106423
106431
106432
106433
106434
106435
106436
106437
106445
106446
106447
106448
106449
106450
106451
106452
106453
106454
106455
106456
106457
106458
108084
108086
108089
108090
108091
108092
108093
108094
108095
108096
108104
108105
108106
108107
108108
108109
108110
108111
108112
108113
108114
108115
108116
108117
108118
108119
108120
108121
108122
108123
108124
108132
108133
108135
108136
108138
108142
108146
108147
108148
108149
108150
108151
108152
108174
108176
108177
108178
108179
108180
108181
108182
108183
108184
108185
108186
108187
108188
108189
108190
108191
108192
108193
108194
108195
108196
108197
108198
108199
108200
108201
108202
108203
108204
108205
108206
108207
108208
108209
108210
108211
108212
108213
108214
108215
108216
108217
108218
108219
108220
108221
108222
108223
108224
108225
108226
108227
108228
108229
108230
108231
108232
108233
108234
108235
108236
108237
108238
108239
108240
108241
108242
108243
108244
108245
108246
108247
108248
108249
108250
108251
108252
108253
108254
108255
108256
108257
108258
108259
108260
108261
108262
108263
108264
108265
108266
108267
108268
108269
108270
108271
108272
108273
108274
108275
108276
108277
108278
108279
108280
108281
108282
108283
108284
108285
108286
108287
108288
108289
108290
108291
108292
108293
108294
108295
108296
108297
108298
108299
108307
108308
108309
108310
108311
108312
108313
108314
108315
108316
108317
108318
108319
108320
108324
108327
108330
108331
108334
108342
108343
108344
108345
108346
108347
108348
108363
108364
108365
108366
108367
108368
108369
108371
108373
108376
108377
108378
108379
108380
108381
108382
108383
108384
108385
108386
108387
108388
108389
108390
108391
108392
108393
108394
108395
108396
108397
108398
108399
108400
108401
108402
108403
108404
108405
108406
108407
108408
108409
108410
108411
108412
108413
108414
108415
108416
108417
108418
108419
108420
108421
108422
108423
108424
108425
108426
108427
108428
108429
108430
108431
108432
108433
108434
108435
108436
108437
108438
108439
108440
108441
108442
108443
108444
108445
108446
108447
108448
108449
108450
108451
108452
108453
108454
108455
108456
108457
108458
108459
108460
108461
108462
108463
108464
108465
108466
108467
108468
108469
108470
108471
108472
108473
108474
108475
108476
108477
108478
108479
108480
108481
108482
108483
108484
108485
108486
108487
108488
108489
108490
108491
108492
108493
108494
108495
108496
108497
108498
108499
108500
108501
108502
108503
108504
108505
108506
108507
108508
108509
108510
108511
108512
108513
108514
108515
108516
108517
108518
108519
108520
108521
108522
108523
108524
108525
108526
108527
108528
108529
108530
108531
108532
108533
108534
108535
108536
108537
108538
108539
108540
108541
108542
108543
108544
108559
108560
108561
108562
108563
108564
108565
108587
108588
108589
108590
108591
108592
108593
108594
108595
108596
108597
108598
108599
108600
108601
108602
108603
108604
108605
108606
108607
108608
108609
108610
108611
108612
108613
108614
108615
108616
108617
108618
108619
108620
108621
108622
108623
108624
108625
108626
108627
108628
108629
108630
108631
108632
108633
108634
108635
108636
108637
108638
108639
108640
108641
108642
108643
108644
108645
108646
108647
108648
108649
108650
108651
108652
108653
108654
108655
108656
108657
108658
108659
108660
108661
108662
108663
108664
108665
108666
108667
108668
108669
108670
108671
108672
108673
108674
108675
108676
108677
108678
108679
108680
108681
108682
108683
108684
108685
108686
108687
108688
108689
108690
108691
108692
108693
108694
108695
108696
108697
108698
108699
108700
108701
108702
108703
108704
108705
108706
108707
108708
108709
108710
108711
108712
108713
108714
108715
108716
108717
108718
108719
108720
108721
108722
108723
108724
108725
108726
108727
108728
108729
108730
108731
108732
108733
108734
108735
108736
108737
108738
108739
108740
108741
108742
108743
108744
108745
108746
108747
108748
108749
108750
108751
108752
108753
108754
108755
108756
108757
108758
108759
108760
108761
108762
108763
108764
108765
108766
108767
108768
108769
108770
108771
108772
108773
108774
108775
108776
108777
108778
108779
108780
108781
108782
108783
108784
108785
108786
108787
108788
108789
108798
108799
108800
108802
108803
108811
108812
108813
108814
108815
108816
108817
108818
108819
108820
108821
108822
108823
108824
108839
108840
108841
108842
108843
108844
108845
108846
108847
108848
108849
108850
108851
108852
108853
108854
108855
108856
108857
108858
108859
108860
108861
108862
108863
108864
108865
108866
108867
108868
108869
108870
108871
108872
108873
108874
108875
108876
108877
108878
108879
108880
108881
108882
108883
108884
108885
108886
108887
108888
108889
108890
108891
108892
108893
108894
108895
108896
108897
108898
108899
108900
108901
108902
108903
108904
108905
108906
108907
108908
108909
108910
108911
108912
108913
108914
108915
108916
108917
108918
108919
108920
108921
108922
108923
108924
108925
108926
108927
108928
108929
108930
108931
108932
108933
108934
108935
108936
108937
108938
108939
108940
108941
108942
108943
108944
108945
108946
108947
108948
108949
108950
108951
108952
108953
108954
108955
108956
108957
108958
108959
108960
108961
108962
108963
108964
108965
108966
108967
108968
108969
108970
108971
108972
108973
108974
108975
108976
108977
108978
108979
108980
108981
108982
108983
108984
108985
108986
108987
108988
108989
108990
108991
108992
108993
108994
108995
108996
108997
108998
108999
109000
109001
109002
109003
109004
109005
109006
109007
109008
109009
109010
109011
109012
109013
109021
109022
109023
109024
109025
109026
109027
109028
109029
109030
109031
109032
109033
109034
109035
109036
109037
109038
109039
109040
109041
109042
109043
109044
109045
109046
109047
109048
109049
109050
109051
109052
109053
109054
109055
109063
109064
109065
109066
109067
109068
109069
109077
109078
109080
109081
109083
109084
109085
109086
109087
109088
109089
109090
109091
109092
109093
109094
109095
109096
109097
109098
109099
109100
109101
109102
109103
109104
109105
109106
109107
109108
109109
109110
109111
109112
109113
109114
109115
109116
109117
109118
109119
109120
109121
109122
109123
109124
109125
109126
109127
109128
109129
109130
109131
109132
109133
109134
109135
109136
109137
109138
109139
109140
109141
109142
109143
109144
109145
109146
109147
109148
109149
109150
109151
109152
109153
109154
109155
109156
109157
109158
109159
109160
109161
109162
109163
109164
109165
109166
109167
109168
109169
109170
109171
109172
109173
109174
109175
109176
109177
109178
109179
109180
109181
109182
109183
109184
109185
109186
109187
109188
109189
109190
109191
109192
109193
109194
109195
109196
109197
109198
109199
109200
109201
109202
109203
109204
109205
109206
109207
109208
109209
109210
109211
109212
109213
109214
109215
109216
109217
109218
109219
109220
109221
109222
109223
109224
109225
109226
109227
109228
109229
109230
109231
109232
109233
109234
109235
109236
109237
109238
109239
109240
109241
109242
109243
109244
109245
109246
109247
109248
109249
109250
109251
109259
109260
109261
109262
109263
109264
109265
109266
109267
109268
109269
109270
109271
109272
109274
109275
109276
109278
109279
109283
109289
109294
109295
109296
109297
109298
109299
109300
109301
109302
109303
109304
109305
109306
109307
109315
109316
109317
109318
109319
109320
109321
109322
109323
109324
109325
109326
109327
109328
109329
109330
109331
109332
109333
109334
109335
109336
109337
109338
109339
109340
109341
109342
109343
109344
109345
109346
109347
109348
109349
109350
109351
109352
109353
109354
109355
109356
109357
109358
109359
109360
109361
109362
109363
109364
109365
109366
109367
109368
109369
109370
109371
109372
109373
109374
109375
109376
109377
109378
109379
109380
109381
109382
109383
109384
109385
109386
109387
109388
109389
109390
109391
109392
109393
109394
109395
109396
109397
109398
109399
109400
109401
109402
109403
109404
109405
109406
109407
109408
109409
109410
109411
109412
109413
109414
109415
109416
109417
109418
109419
109420
109421
109422
109423
109424
109425
109426
109427
109428
109429
109430
109431
109432
109433
109434
109435
109436
109437
109438
109439
109440
109441
109442
109443
109444
109445
109446
109447
109448
109449
109450
109451
109452
109453
109454
109455
109456
109457
109458
109459
109460
109461
109462
109463
109464
109465
109466
109467
109468
109469
109471
109472
109473
109476
109477
109478
109479
109480
109481
109482
109485
109489
109492
109493
109496
109497
109498
109499
109500
109501
109502
109503
109525
109526
109527
109528
109529
109530
109531
109532
109533
109534
109535
109536
109537
109538
109539
109540
109541
109542
109543
109544
109545
109546
109547
109548
109549
109550
109551
109552
109553
109554
109555
109556
109557
109558
109559
109560
109561
109562
109563
109564
109565
109566
109567
109568
109569
109570
109571
109572
109573
109574
109575
109576
109577
109578
109579
109580
109581
109582
109583
109584
109585
109586
109587
109588
109589
109590
109591
109592
109593
109594
109595
109596
109597
109598
109599
109600
109601
109602
109603
109604
109605
109606
109607
109608
109609
109611
109612
109613
109616
109617
109618
109619
109620
109621
109622
109652
109653
109654
109655
109657
109658
109659
109660
109661
109662
109663
109664
109672
109673
109674
109675
109676
109677
109678
109679
109680
109681
109682
109683
109684
109685
109687
109688
109689
109690
109692
109696
109714
109715
109716
109717
109718
109719
109720
109729
109742
109743
109744
109745
109746
109747
109748
109770
109771
109772
109773
109774
109775
109776
109777
109778
109779
109780
109781
109782
109783
109784
109785
109786
109787
109788
109789
109790
109805
109806
109807
109808
109809
109810
109811
109812
109813
109814
109815
109816
109817
109818
109819
109820
109821
109822
109823
109824
109825
109834
109836
109837
109861
109862
109863
109864
109865
109866
109867
109868
109874
109875
109876
109877
109878
109879
109880
109881
109882
109883
109884
109885
109886
109887
109888
109889
109890
109891
109892
109893
109894
109895
109896
109897
109898
109899
109900
109901
109902
109903
109904
109905
109906
109907
109908
109909
109917
109918
109919
109920
109921
109922
109923
109945
109946
109947
109948
109949
109950
109951
109952
109958
109959
109960
109961
109962
109963
109964
109965
109966
109967
109968
109969
109970
109971
109972
109976
109978
109980
109981
109982
109983
109984
109985
109986
109994
109995
109996
109997
109998
109999
110000
110009
110022
110023
110024
110025
110026
110027
110028
110029
110030
110031
110032
110033
110034
110035
110036
110037
110038
110039
110040
110041
110042
110043
110044
110045
110046
110047
110048
110049
110057
110058
110059
110060
110061
110062
110063
110064
110065
110066
110067
110068
110069
110070
110071
110072
110073
110074
110075
110076
110077
110092
110093
110094
110095
110096
110097
110098
110113
110114
110115
110116
110117
110118
110119
110120
110121
110122
110123
110124
110125
110126
110134
110135
110136
110137
110138
110139
110140
110148
110149
110150
110151
110152
110153
110154
110155
110156
110157
110158
110159
110160
110161
110162
110163
110164
110165
110166
110167
110168
110169
110170
110171
110172
110173
110174
110175
110176
110177
110178
110179
110180
110181
110182
110183
110184
110185
110186
110187
110188
110189
110190
110191
110192
110193
110194
110195
110196
110197
110198
110199
110200
110201
110202
110203
110218
110219
110220
110221
110222
110223
110224
110225
110226
110227
110228
110229
110230
110231
110240
110241
110243
110246
110247
110248
110249
110250
110251
110252
110253
110254
110255
110256
110257
110258
110259
110260
110261
110262
110263
110264
110265
110266
110267
110268
110269
110270
110271
110272
110273
110274
110275
110276
110277
110278
110279
110280
110309
110310
110311
110312
110313
110314
110315
110330
110331
110333
110334
110335
110336
110337
110338
110339
110340
110341
110342
110343
110344
110347
110348
110350
110365
110366
110367
110368
110369
110370
110371
110386
110387
110388
110389
110390
110391
110392
110393
110394
110395
110396
110397
110398
110399
110400
110401
110402
110403
110404
110405
110406
110407
110408
110409
110410
110411
110412
110413
110414
110415
110416
110417
110418
110419
110420
110421
110422
110423
110424
110425
110426
110427
110428
110430
110431
110432
110433
110434
110442
110443
110444
110445
110446
110447
110448
110449
110450
110451
110452
110453
110454
110455
110466
110468
110470
110471
110472
110473
110474
110475
110476
110477
110478
110479
110480
110481
110482
110483
110491
110492
110493
110494
110495
110496
110497
110498
110499
110500
110501
110502
110503
110504
110512
110513
110515
110516
110517
110518
110526
110527
110528
110529
110530
110531
110532
110533
110536
110537
110539
110603
110604
110605
110606
110607
110608
110609
110610
110611
110612
110613
110614
110615
110616
110625
110628
110633
110635
110646
110647
110648
110649
110651
110659
110661
110663
110665
110666
110667
110668
110669
110670
110671
110672
110680
110681
110682
110683
110684
110685
110686
110687
110688
110689
110690
110691
110692
110693
110694
110695
110696
110697
110698
110699
110700
110701
110702
110703
110704
110705
110706
110707
110708
110709
110710
110711
110712
110713
110714
110723
110724
110725
110728
110729
110730
110731
110732
110733
110734
110735
110736
110738
110740
110742
110750
110751
110752
110753
110754
110755
110756
110757
110758
110759
110760
110761
110762
110763
110764
110765
110766
110767
110768
110769
110770
110771
110772
110773
110774
110775
110776
110777
110778
110779
110781
110782
110783
110784
110806
110807
110808
110809
110810
110811
110812
110813
110814
110816
110817
110818
110819
110820
110823
110824
110826
110834
110835
110836
110837
110838
110839
110840
110841
110842
110843
110844
110845
110846
110847
110855
110856
110857
110858
110859
110860
110861
110862
110863
110864
110865
110866
110867
110868
110869
110870
110871
110872
110873
110874
110875
110876
110877
110878
110879
110880
110881
110882
110883
110884
110885
110886
110887
110888
110889
110890
110893
110894
110896
110898
110901
110906
110908
110911
110912
110913
110914
110915
110916
110917
110918
110919
110920
110921
110922
110923
110924
110926
110927
110928
110929
110931
110953
110954
110955
110956
110957
110958
110959
110960
110961
110962
110963
110964
110965
110966
110967
110969
110970
110971
110972
110973
110974
110977
110978
110981
110982
110983
110984
110985
110986
110987
110988
110989
110990
110991
110992
110993
110994
110995
110996
110997
110998
110999
111000
111001
111002
111003
111004
111005
111006
111007
111008
111016
111017
111018
111019
111020
111021
111022
111023
111024
111025
111026
111027
111028
111029
111038
111042
111045
111049
111059
111060
111061
111064
111065
111066
111067
111068
111069
111070
111071
111072
111073
111074
111075
111076
111077
111078
111079
111080
111082
111083
111084
111085
111086
111087
111088
111089
111090
111091
111092
111093
111094
111095
111096
111097
111098
111099
111100
111101
111102
111103
111104
111105
111135
111136
111137
111138
111139
111140
111141
111142
111143
111144
111146
111147
111148
111149
111151
111153
111154
111156
111157
111158
111159
111160
111161
111162
111163
111164
111165
111166
111167
111168
111169
111170
111171
111172
111173
111174
111175
111176
111177
111180
111181
111183
111191
111192
111193
111194
111195
111196
111197
111198
111199
111200
111201
111202
111203
111204
111205
111207
111208
111209
111210
111211
111212
111213
111214
111215
111216
111217
111218
111219
111222
111223
111227
111231
111241
111244
111261
111262
111263
111265
111267
111268
111269
111270
111271
111272
111274
111275
111276
111277
111278
111279
111280
111281
111289
111290
111291
111293
111294
111295
111296
111297
111298
111299
111300
111301
111302
111303
111304
111305
111306
111307
111308
111309
111310
111311
111312
111313
111314
111315
111316
111317
111318
111319
111320
111321
111322
111323
111324
111325
111326
111327
111328
111329
111330
111331
111332
111334
111336
111337
111345
111346
111347
111348
111349
111350
111351
111355
111368
111371
111401
111402
111403
111404
111405
111406
111407
111408
111409
111410
111411
111412
111413
111414
111415
111416
111417
111418
111419
111420
111421
111422
111423
111424
111425
111426
111427
111428
111439
111442
111450
111451
111452
111453
111454
111456
111457
111458
111459
111461
111463
111464
111465
111466
111467
111468
111469
111470
111471
111472
111473
111475
111476
111477
111485
111486
111487
111488
111489
111490
111491
111492
111493
111494
111495
111496
111497
111498
111513
111514
111515
111516
111517
111518
111519
111520
111521
111522
111523
111524
111525
111526
111527
111528
111529
111530
111531
111532
111533
111543
111544
111545
111548
111549
111551
111552
111553
111557
111558
111559
111562
111563
111564
111565
111566
111567
111568
111569
111570
111571
111572
111573
111574
111575
111576
111577
111578
111580
111582
111583
111584
111585
111586
111587
111588
111589
111597
111598
111599
111600
111601
111602
111603
111604
111605
111606
111607
111608
111609
111610
111612
111634
111641
111644
111653
111654
111655
111656
111657
111658
111659
111660
111661
111662
111663
111664
111665
111666
111667
111668
111669
111670
111671
111672
111673
111674
111675
111676
111677
111678
111679
111680
111681
111683
111684
111685
111686
111687
111688
111689
111690
111691
111692
111693
111694
111695
111696
111697
111698
111699
111700
111701
111711
111714
111716
111717
111718
111719
111720
111721
111722
111723
111724
111725
111726
111727
111728
111729
111730
111732
111733
111734
111735
111736
111737
111738
111739
111740
111741
111742
111743
111744
111745
111746
111747
111748
111749
111750
111774
111775
111776
111779
111780
111781
111783
111784
111788
111789
111790
111794
111814
111815
111817
111818
111819
111826
111828
111829
111830
111831
111832
111833
111834
111835
111836
111837
111838
111839
111840
111841
111842
111843
111844
111845
111846
111847
111848
111852
111855
111864
111865
111866
111867
111868
111898
111899
111900
111901
111902
111903
111904
111905
111906
111907
111909
111912
111913
111915
111916
111917
111918
111919
111920
111921
111922
111923
111924
111925
111933
111934
111935
111936
111937
111938
111939
111961
111962
111963
111964
111965
111966
111967
111968
111969
111971
111972
111975
111976
111977
111978
111979
111981
111982
111983
111984
111986
111987
111994
112010
112011
112012
112013
112014
112015
112016
112017
112018
112019
112020
112021
112022
112023
112024
112025
112026
112027
112028
112029
112030
112031
112032
112033
112034
112035
112036
112037
112038
112039
112040
112041
112042
112043
112044
112059
112060
112061
112062
112063
112064
112065
112068
112071
112087
112088
112089
112090
112091
112092
112093
112094
112095
112096
112097
112098
112099
112100
112101
112102
112103
112104
112105
112106
112107
112108
112110
112111
112112
112113
112114
112115
112116
112117
112118
112119
112120
112121
112122
112123
112124
112125
112126
112127
112128
112129
112130
112131
112133
112136
112137
112138
112140
112141
112142
112143
112144
112145
112146
112147
112148
112149
112150
112151
112152
112153
112154
112155
112156
112186
112199
112200
112201
112202
112203
112204
112205
112213
112214
112215
112217
112220
112221
112222
112223
112224
112225
112227
112228
112229
112230
112231
112232
112233
112234
112235
112236
112237
112238
112239
112240
112241
112242
112243
112244
112245
112246
112247
112255
112256
112257
112258
112259
112260
112261
112262
112263
112264
112265
112266
112267
112268
112269
112270
112271
112272
112273
112274
112275
112276
112277
112278
112279
112280
112281
112282
112283
112285
112286
112287
112288
112289
112298
114307
114311
114328
114329
114330
114331
114333
114337
114349
114350
114351
114352
114354
114369
114370
114371
114372
114373
114374
114375
114376
114377
114378
114379
114381
114382
114383
114386
114388
114389
114390
114391
114392
114393
114394
114395
114396
114397
114398
114399
114400
114401
114402
114403
114404
114405
114406
114407
114408
114409
114410
114419
114420
114421
114422
114424
114432
114433
114434
114435
114436
114437
114438
114439
114440
114441
114442
114443
114444
114445
114446
114447
114448
114449
114450
114451
114452
114460
114461
114462
114463
114464
114465
114466
114481
114487
114488
114489
114490
114491
114492
114493
114494
114502
114503
114504
114505
114506
114507
114508
114509
114510
114511
114512
114513
114514
114515
114516
114522
114523
114524
114525
114526
114527
114528
114529
114530
114531
114532
114533
114534
114535
114536
114537
114543
114544
114545
114546
114547
114548
114549
114550
114551
114552
114553
114554
114555
114556
114557
114558
114559
114560
114561
114562
114563
114564
114565
114566
114567
114568
114569
114570
114571
114580
114581
114582
114583
114585
114593
114594
114595
114596
114597
114598
114599
114614
114615
114616
114617
114618
114619
114620
114628
114634
114635
114636
114637
114638
114639
114640
114641
114642
114643
114644
114645
114646
114647
114648
114649
114653
114656
114657
114658
114659
114660
114661
114662
114663
114664
114665
114666
114667
114668
114669
114670
114676
114677
114678
114679
114680
114681
114682
114683
114684
114685
114686
114687
114688
114689
114690
114698
114699
114700
114701
114702
114703
114704
114705
114706
114707
114708
114709
114710
114711
114713
114714
114715
114716
114718
114722
114741
114742
114743
114744
114746
114761
114762
114763
114764
114765
114766
114767
114768
114769
114770
114771
114772
114773
114774
114775
114776
114777
114778
114779
114780
114781
114789
114790
114791
114792
114793
114794
114795
114796
114797
114798
114799
114801
114802
114803
114806
114808
114809
114818
114822
114839
114840
114841
114842
114843
114846
114847
114848
114849
114850
114852
114853
114854
114855
114856
114857
114858
114862
114866
114867
114868
114869
114870
114871
114872
114876
114879
114882
114883
114886
114894
114895
114896
114897
114898
114899
114900
114901
114903
114904
114905
114908
114909
114910
114911
114912
114913
114914
114915
114918
114920
114921
114922
114923
114925
114926
114928
114936
114937
114938
114939
114940
114941
114942
114943
114949
114950
114951
114952
114953
114954
114955
114956
114964
114965
114966
114967
114968
114969
114970
114971
114972
114973
114974
114975
114976
114977
114978
114979
114980
114981
114982
114983
114984
114992
114993
114994
114995
114996
114997
114998
114999
115000
115001
115002
115003
115004
115005
115013
115014
115016
115017
115018
115034
115035
115036
115037
115038
115039
115040
115041
115042
115043
115044
115045
115046
115047
115048
115049
115050
115051
115052
115053
115054
115055
115056
115057
115058
115059
115060
115061
115062
115063
115064
115065
115066
115067
115068
115069
115070
115072
115073
115074
115075
115076
115077
115078
115079
115080
115081
115082
115083
115084
115085
115086
115087
115088
115089
115090
115091
115092
115093
115094
115095
115096
115097
115098
115099
115100
115101
115102
115103
115104
115105
115106
115107
115108
115109
115110
115111
115112
115113
115114
115115
115116
115117
115118
115119
115120
115121
115122
115123
115124
115125
115126
115127
115128
115129
115130
115131
115132
115133
115134
115135
115136
115137
115138
115139
115140
115141
115142
115143
115144
115145
115153
115154
115155
115156
115157
115158
115159
115160
115161
115162
115163
115164
115165
115166
115167
115168
115169
115170
115171
115172
115173
115174
115175
115176
115177
115178
115179
115180
115181
115182
115183
115184
115185
115186
115187
115188
115189
115190
115191
115192
115193
115194
115195
115196
115197
115198
115199
115200
115201
115202
115203
115204
115205
115206
115207
115208
115209
115210
115211
115212
115213
115214
115215
115231
115233
115236
115237
115238
115239
115240
115241
115242
115243
115244
115245
115246
115247
115248
115249
115250
115251
115252
115253
115254
115255
115256
115257
115258
115259
115260
115261
115262
115263
115264
115279
115280
115281
115282
115283
115284
115285
115286
115287
115288
115289
115290
115291
115292
115293
115294
115296
115297
115298
115299
115300
115301
115302
115303
115304
115305
115306
115307
115308
115309
115310
115311
115312
115313
115321
115323
115324
115325
115328
115329
115330
115331
115332
115333
115334
115338
115341
115344
115345
115346
115356
115357
115358
115359
115360
115361
115362
115363
115364
115365
115366
115367
115368
115369
115370
115376
115377
115378
115379
115380
115381
115382
115383
115391
115392
115393
115394
115395
115396
115397
115398
115401
115403
115404
115405
115406
115408
115410
115411
115419
115420
115421
115422
115423
115424
115425
115433
115434
115435
115436
115437
115438
115439
115448
115449
115450
115452
115453
115454
115455
115456
115457
115458
115459
115460
115462
115463
115464
115465
115466
115476
115480
115492
115495
115498
115499
115502
115510
115511
115512
115513
115514
115515
115516
115520
115524
115525
115526
115527
115528
115529
115530
115531
115533
115534
115535
115538
115539
115540
115541
115542
115543
115544
115545
115548
115550
115551
115552
115553
115555
115556
115558
115566
115567
115568
115569
115570
115571
115572
115580
115581
115582
115583
115584
115585
115586
115587
115588
115589
115590
115591
115592
115593
115594
115600
115601
115602
115603
115604
115605
115606
115607
115615
115616
115617
115618
115619
115620
115621
115622
115623
115624
115625
115626
115627
115628
115636
115637
115638
115639
115640
115641
115642
115643
115644
115645
115646
115647
115648
115649
115650
115651
115652
115653
115654
115655
115656
115664
115665
115666
115667
115668
115669
115670
115671
115672
115673
115674
115675
115676
115677
115678
115679
115680
115681
115682
115683
115684
115685
115686
115687
115688
115689
115690
115691
115692
115693
115694
115695
115696
115697
115698
115699
115700
115701
115702
115703
115704
115705
115706
115707
115708
115709
115710
115711
115712
115713
115714
115715
115716
115717
115718
115719
115720
115721
115722
115723
115724
115725
115726
115727
115728
115729
115730
115731
115732
115733
115734
115735
115736
115737
115738
115739
115740
115741
115742
115743
115744
115745
115746
115747
115748
115749
115750
115751
115752
115753
115754
115755
115756
115757
115758
115759
115760
115761
115762
115763
115764
115765
115766
115767
115768
115769
115770
115771
115772
115773
115774
115775
115776
115777
115778
115779
115780
115781
115782
115783
115784
115785
115786
115787
115788
115789
115790
115791
115792
115793
115794
115795
115796
115797
115798
115799
115800
115801
115802
115803
115804
115805
115806
115807
115808
115809
115810
115811
115812
115813
115814
115815
115816
115817
115818
115819
115820
115821
115822
115823
115824
115825
115826
115827
115828
115829
115830
115831
115832
115833
115834
115835
115836
115837
115838
115839
115840
115841
115842
115843
115844
115845
115846
115847
115848
115849
115850
115851
115852
115853
115854
115855
115856
115857
115858
115859
115860
115861
115862
115863
115864
115865
115866
115867
115868
115869
115870
115871
115872
115873
115874
115875
115876
115877
115878
115879
115880
115881
115882
115883
115884
115885
115886
115887
115888
115889
115890
115891
115892
115893
115894
115895
115896
115897
115898
115899
115900
115901
115902
115903
115904
115905
115906
115907
115908
115909
115910
115911
115912
115913
115914
115915
115916
115917
115918
115919
115920
115921
115922
115923
115924
115925
115926
115927
115928
115929
115930
115931
115932
115933
115934
115935
115936
115937
115938
115939
115940
115941
115942
115943
115944
115945
115946
115947
115948
115949
115950
115951
115952
115953
115954
115955
115956
115957
115958
115959
115960
115961
115962
115963
115964
115965
115966
115967
115968
115969
115970
115971
115972
115973
115974
115975
115976
115977
115978
115979
115980
115981
115982
115983
115984
115985
115986
115987
115988
115989
115990
115991
115992
115993
115994
115995
115996
115997
115998
115999
116000
116001
116002
116003
116004
116005
116006
116007
116008
116009
116010
116011
116012
116013
116014
116015
116016
116017
116018
116019
116020
116021
116022
116023
116024
116025
116026
116027
116028
116029
116030
116031
116032
116033
116034
116035
116036
116037
116038
116039
116040
116041
116056
116058
116059
116060
116061
116062
116063
116064
116065
116066
116067
116068
116069
116070
116071
116072
116073
116074
116075
116076
116077
116078
116079
116080
116081
116082
116083
116084
116085
116086
116087
116088
116089
116090
116091
116092
116093
116094
116095
116096
116097
116105
116106
116107
116108
116109
116110
116111
116112
116113
116114
116115
116116
116117
116118
116126
116128
116129
116130
116133
116134
116135
116136
116137
116138
116139
116143
116147
116148
116149
116150
116151
116152
116153
116154
116155
116156
116157
116158
116159
116160
116161
116162
116163
116164
116165
116166
116167
116175
116176
116177
116178
116179
116180
116181
116182
116185
116187
116188
116189
116190
116192
116193
116195
116203
116204
116205
116206
116207
116208
116209
116210
116216
116217
116218
116219
116220
116221
116222
116223
116231
116232
116233
116234
116235
116236
116237
116246
116249
116274
116275
116276
116277
116278
116283
116301
116302
116303
116304
116305
116306
116307
116308
116309
116310
116311
116313
116314
116315
116318
116320
116321
116323
116324
116325
116326
116328
116336
116337
116338
116339
116340
116341
116342
116343
116344
116345
116346
116347
116348
116349
116350
116351
116352
116353
116354
116355
116356
116371
116372
116373
116374
116375
116376
116377
116378
116379
116380
116381
116382
116383
116384
116392
116393
116395
116396
116397
116399
116400
116401
116402
116403
116404
116405
116406
116407
116408
116409
116410
116411
116412
116413
116414
116415
116416
116417
116418
116419
116420
116421
116422
116423
116424
116425
116426
116427
116428
116429
116431
116432
116433
116434
116435
116436
116437
116438
116439
116440
116441
116442
116443
116444
116445
116446
116447
116448
116449
116450
116451
116452
116453
116454
116455
116456
116457
116458
116459
116460
116461
116462
116463
116464
116465
116466
116467
116468
116469
116470
116471
116472
116473
116474
116475
116476
116477
116478
116479
116480
116481
116482
116483
116484
116485
116486
116487
116488
116489
116490
116491
116492
116493
116494
116495
116496
116497
116498
116499
116500
116501
116502
116503
116504
116505
116506
116507
116508
116509
116510
116511
116512
116513
116514
116515
116516
116517
116518
116519
116520
116521
116522
116523
116524
116525
116526
116527
116528
116529
116530
116531
116532
116533
116534
116535
116536
116537
116538
116539
116540
116541
116542
116543
116544
116545
116546
116547
116548
116549
116550
116551
116552
116553
116554
116555
116556
116557
116558
116559
116560
116561
116562
116563
116564
116565
116566
116567
116568
116569
116570
116571
116572
116573
116574
116575
116576
116577
116578
116579
116580
116581
116582
116583
116584
116585
116586
116587
116588
116589
116590
116591
116592
116593
116594
116595
116596
116597
116598
116599
116600
116601
116602
116603
116604
116605
116606
116607
116608
116609
116610
116611
116612
116613
116614
116615
116616
116617
116618
116619
116620
116621
116622
116623
116624
116625
116626
116627
116628
116629
116630
116631
116632
116633
116634
116635
116636
116637
116638
116639
116640
116641
116642
116643
116644
116645
116646
116647
116648
116649
116650
116651
116652
116653
116654
116655
116656
116657
116658
116659
116660
116661
116662
116663
116664
116665
116666
116667
116668
116669
116670
116671
116672
116673
116674
116675
116676
116677
116678
116679
116680
116681
116682
116683
116684
116685
116686
116687
116688
116689
116690
116691
116692
116693
116694
116695
116696
116697
116698
116699
116700
116701
116702
116703
116704
116705
116706
116707
116708
116709
116710
116711
116712
116713
116714
116715
116716
116717
116718
116719
116720
116721
116722
116723
116724
116725
116726
116727
116728
116729
116730
116731
116732
116733
116734
116735
116736
116737
116738
116739
116740
116741
116742
116743
116744
116745
116746
116747
116748
116749
116750
116751
116752
116753
116754
116755
116756
116757
116758
116759
116760
116761
116762
116763
116764
116765
116766
116767
116768
116769
116770
116771
116772
116773
116774
116775
116776
116777
116778
116779
116780
116781
116782
116783
116784
116785
116786
116787
116788
116789
116790
116791
116792
116793
116794
116795
116796
116797
116798
116799
116800
116801
116802
116803
116804
116805
116806
116807
116808
116809
116810
116811
116812
116813
116814
116815
116816
116817
116818
116819
116820
116821
116822
116823
116824
116825
116826
116827
116828
116829
116830
116831
116832
116833
116834
116835
116836
116837
116838
116839
116840
116841
116842
116843
116844
116845
116846
116847
116848
116849
116850
116851
116852
116853
116854
116855
116856
116857
116858
116859
116860
116861
116862
116863
116864
116865
116866
116867
116868
116869
116870
116871
116872
116873
116874
116875
116876
116877
116878
116879
116880
116881
116882
116883
116884
116885
116886
116887
116888
116889
116890
116891
116892
116893
116894
116895
116896
116897
116898
116899
116900
116901
116902
116903
116904
116905
116906
116907
116908
116909
116910
116911
116912
116913
116914
116915
116916
116917
116918
116919
116920
116921
116922
116923
116924
116925
116926
116927
116928
116929
116930
116931
116932
116933
116934
116935
116936
116937
116938
116939
116940
116941
116942
116943
116944
116945
116946
116947
116948
116949
116950
116951
116966
116967
116968
116969
116970
116971
116972
116974
116976
116979
116980
116981
116982
116983
116984
116985
116986
116987
116988
116989
116990
116991
116992
116993
116994
116995
116996
116997
116998
116999
117000
117001
117002
117003
117004
117005
117006
117007
117015
117016
117018
117019
117020
117022
117023
117024
117025
117026
117027
117028
117029
117030
117031
117033
117034
117035
117036
117037
117038
117039
117040
117041
117042
117044
117045
117046
117048
117049
117053
117064
117065
117066
117067
117068
117069
117070
117071
117072
117073
117074
117076
117077
117078
117081
117082
117084
117092
117093
117094
117095
117096
117097
117098
117099
117100
117101
117102
117103
117104
117105
117106
117107
117108
117109
117110
117111
117112
117114
117115
117116
117117
117119
117142
117143
117144
117145
117147
117155
117156
117157
117158
117159
117160
117161
117162
117163
117164
117165
117166
117167
117168
117169
117170
117171
117172
117173
117174
117175
117176
117177
117178
117179
117180
117181
117182
117197
117203
117204
117205
117206
117207
117208
117209
117210
117211
117212
117213
117214
117215
117216
117217
117225
117226
117227
117228
117229
117230
117231
117232
117233
117234
117235
117236
117237
117238
117246
117251
117253
117254
117255
117256
117257
117258
117259
117260
117261
117262
117263
117264
117265
117266
117267
117268
117269
117270
117271
117272
117273
117274
117280
117281
117282
117283
117284
117285
117286
117287
117288
117289
117290
117291
117292
117293
117294
117295
117296
117297
117298
117299
117300
117301
117302
117303
117304
117305
117306
117307
117308
117309
117310
117311
117312
117313
117314
117315
117323
117324
117325
117326
117327
117328
117329
117330
117331
117332
117333
117334
117335
117336
117337
117338
117339
117340
117341
117342
117343
117344
117345
117346
117347
117348
117349
117350
117351
117352
117353
117354
117355
117356
117357
117358
117359
117360
117361
117362
117363
117364
117365
117366
117367
117368
117369
117370
117371
117372
117373
117374
117375
117376
117377
117378
117379
117380
117381
117382
117383
117384
117385
117386
117387
117388
117389
117390
117391
117392
117393
117394
117395
117396
117397
117398
117399
117400
117401
117402
117403
117404
117405
117406
117407
117408
117409
117410
117411
117412
117413
117414
117415
117416
117417
117418
117419
117420
117421
117422
117423
117424
117425
117426
117427
117428
117429
117430
117431
117432
117433
117434
117435
117436
117437
117438
117439
117440
117441
117442
117443
117444
117445
117446
117447
117448
117449
117450
117451
117452
117453
117454
117455
117456
117457
117458
117459
117460
117461
117462
117463
117464
117465
117466
117467
117468
117469
117470
117471
117472
117473
117474
117475
117476
117477
117478
117479
117480
117481
117482
117483
117484
117485
117486
117487
117488
117489
117490
117491
117492
117493
117494
117495
117496
117497
117498
117499
117500
117501
117502
117503
117504
117505
117506
117507
117508
117509
117510
117511
117512
117513
117514
117515
117516
117517
117518
117519
117520
117521
117522
117523
117524
117525
117526
117527
117528
117529
117530
117531
117532
117533
117534
117535
117536
117537
117538
117539
117540
117541
117542
117543
117544
117545
117546
117547
117548
117549
117550
117551
117552
117553
117554
117555
117556
117557
117558
117559
117560
117561
117562
117563
117564
117565
117566
117567
117568
117569
117570
117571
117572
117573
117574
117575
117576
117577
117578
117579
117580
117581
117582
117583
117584
117585
117586
117587
117588
117589
117590
117591
117592
117593
117594
117595
117596
117597
117598
117599
117600
117601
117602
117603
117604
117605
117606
117607
117608
117609
117610
117611
117612
117613
117614
117615
117616
117617
117618
117619
117620
117621
117622
117623
117624
117625
117626
117627
117628
117629
117630
117631
117632
117633
117634
117635
117636
117637
117638
117639
117640
117641
117642
117643
117644
117645
117646
117647
117648
117649
117650
117651
117652
117653
117654
117655
117656
117657
117658
117659
117660
117661
117662
117663
117664
117665
117666
117667
117668
117669
117670
117671
117672
117673
117674
117675
117676
117677
117678
117679
117680
117681
117682
117683
117684
117685
117686
117687
117688
117689
117690
117691
117692
117693
117694
117695
117696
117697
117698
117699
117700
117701
117702
117703
117704
117705
117706
117707
117708
117709
117710
117711
117712
117713
117714
117715
117716
117717
117718
117719
117720
117721
117722
117723
117724
117725
117726
117727
117728
117729
117730
117731
117732
117733
117734
117735
117736
117737
117738
117739
117740
117741
117742
117743
117744
117745
117746
117747
117748
117749
117750
117751
117752
117753
117754
117755
117756
117757
117758
117759
117760
117761
117762
117763
117764
117765
117766
117767
117768
117769
117770
117771
117772
117773
117774
117775
117776
117777
117778
117779
117780
117781
117782
117783
117784
117785
117786
117787
117788
117789
117790
117791
117792
117793
117794
117795
117796
117797
117798
117799
117800
117801
117802
117803
117804
117805
117806
117807
117808
117809
117810
117811
117812
117813
117814
117815
117816
117817
117818
117819
117820
117821
117822
117823
117824
117825
117826
117827
117828
117829
117830
117831
117832
117833
117834
117835
117836
117837
117838
117839
117840
117841
117842
117843
117844
117845
117846
117847
117848
117849
117850
117851
117852
117853
117854
117855
117856
117857
117858
117859
117860
117861
117869
117870
117871
117872
117873
117874
117875
117876
117877
117878
117879
117880
117881
117882
117883
117884
117885
117886
117887
117888
117889
117890
117891
117892
117893
117894
117895
117896
117897
117898
117899
117900
117901
117902
117903
117911
117912
117913
117914
117915
117916
117917
117918
117919
117920
117921
117922
117923
117924
117925
117931
117932
117933
117934
117935
117936
117937
117938
117946
117947
117948
117949
117950
117951
117952
117953
117954
117955
117956
117957
117958
117959
117960
117961
117962
117963
117964
117965
117966
117981
117986
117988
117989
117990
117991
117992
117993
117994
117995
117996
117997
117998
117999
118000
118001
118002
118003
118004
118005
118006
118007
118008
118009
118015
118016
118017
118018
118019
118020
118021
118022
118044
118045
118046
118047
118048
118049
118050
118051
118052
118053
118054
118055
118056
118057
118066
118067
118068
118069
118070
118072
118073
118074
118075
118076
118077
118078
118093
118099
118100
118101
118102
118103
118104
118105
118106
118107
118108
118109
118110
118111
118112
118113
118114
118118
118121
118122
118123
118124
118125
118126
118127
118128
118129
118130
118131
118132
118133
118134
118142
118143
118144
118145
118146
118147
118148
118156
118161
118163
118164
118165
118166
118167
118168
118169
118170
118171
118172
118173
118174
118175
118176
118184
118185
118186
118187
118188
118189
118190
118191
118192
118193
118194
118195
118196
118197
118205
118206
118207
118208
118209
118210
118211
118219
118220
118221
118222
118223
118224
118225
118226
118227
118228
118229
118230
118231
118232
118233
118234
118235
118236
118237
118238
118239
118247
118248
118249
118250
118251
118252
118253
118261
118262
118263
118264
118265
118266
118267
118275
118276
118277
118278
118279
118280
118281
118289
118290
118291
118292
118293
118294
118295
118296
118297
118298
118299
118300
118301
118302
118303
118304
118305
118306
118307
118308
118309
118310
118311
118312
118313
118314
118315
118316
118317
118318
118319
118320
118321
118322
118323
118324
118325
118326
118327
118328
118329
118330
118331
118332
118333
118334
118335
118336
118337
118338
118339
118340
118341
118342
118343
118344
118345
118346
118347
118348
118349
118350
118351
118352
118353
118354
118355
118356
118357
118358
118359
118360
118361
118362
118363
118364
118365
118366
118367
118368
118369
118370
118371
118372
118373
118374
118375
118376
118377
118378
118379
118380
118381
118382
118383
118384
118385
118386
118387
118388
118389
118390
118391
118392
118393
118394
118395
118396
118397
118398
118399
118400
118401
118402
118403
118404
118405
118406
118407
118408
118409
118410
118411
118412
118413
118414
118415
118416
118417
118418
118419
118420
118421
118422
118423
118424
118425
118426
118427
118428
118429
118430
118431
118432
118433
118434
118435
118436
118437
118438
118439
118440
118441
118442
118443
118444
118445
118446
118447
118448
118449
118450
118451
118452
118453
118454
118455
118456
118457
118458
118459
118460
118461
118462
118463
118464
118465
118466
118467
118468
118469
118470
118471
118472
118473
118474
118475
118476
118477
118478
118479
118480
118481
118482
118483
118484
118485
118486
118487
118488
118489
118490
118491
118492
118493
118494
118495
118496
118497
118498
118499
118500
118501
118502
118503
118504
118505
118506
118507
118508
118509
118510
118511
118512
118513
118514
118515
118516
118517
118518
118519
118520
118521
118522
118523
118524
118525
118526
118527
118528
118529
118530
118531
118532
118533
118534
118535
118536
118537
118538
118539
118540
118541
118542
118543
118544
118545
118546
118547
118548
118549
118550
118551
118552
118553
118554
118555
118556
118557
118558
118559
118560
118561
118562
118563
118564
118565
118566
118567
118568
118569
118570
118571
118572
118573
118574
118575
118576
118577
118578
118579
118580
118581
118582
118583
118584
118585
118586
118587
118588
118589
118590
118591
118592
118593
118594
118595
118596
118597
118598
118599
118600
118601
118602
118603
118604
118605
118606
118607
118608
118609
118610
118611
118612
118613
118614
118615
118616
118617
118618
118619
118620
118621
118622
118623
118624
118625
118626
118627
118628
118629
118630
118631
118632
118633
118634
118635
118636
118637
118638
118639
118640
118641
118642
118643
118644
118645
118646
118647
118648
118649
118650
118651
118652
118653
118654
118655
118656
118657
118658
118659
118660
118661
118662
118663
118664
118665
118666
118667
118668
118669
118670
118671
118672
118673
118674
118675
118676
118677
118678
118679
118680
118681
118682
118683
118684
118685
118686
118687
118688
118689
118690
118691
118692
118693
118694
118695
118696
118697
118698
118699
118700
118701
118702
118703
118704
118705
118706
118707
118708
118709
118710
118711
118712
118713
118714
118715
118716
118717
118718
118719
118720
118721
118722
118723
118724
118725
118726
118727
118728
118729
118730
118731
118732
118733
118734
118735
118736
118737
118738
118739
118740
118741
118742
118743
118744
118745
118746
118747
118748
118749
118750
118751
118752
118753
118754
118755
118756
118757
118758
118759
118760
118761
118762
118763
118764
118765
118766
118767
118768
118769
118770
118771
118772
118773
118774
118775
118776
118777
118778
118779
118780
118781
118782
118783
118784
118785
118786
118787
118788
118789
118790
118791
118792
118793
118794
118795
118796
118797
118798
118799
118800
118801
118802
118803
118804
118805
118806
118807
118808
118809
118810
118811
118812
118813
118814
118815
118816
118817
118818
118819
118820
118821
118822
118823
118824
118825
118826
118827
118828
118829
118830
118831
118832
118833
118834
118835
118836
118837
118838
118839
118840
118841
118842
118843
118844
118845
118846
118847
118848
118849
118850
118851
118852
118853
118854
118855
118856
118857
118858
118859
118860
118861
118862
118863
118864
118865
118866
118867
118868
118869
118870
118871
118872
118873
118874
118875
118876
118877
118878
118879
118880
118881
118882
118883
118898
118899
118900
118901
118902
118903
118904
118905
118906
118907
118908
118909
118910
118911
118919
118920
118921
118922
118923
118924
118925
118933
118934
118935
118936
118937
118938
118939
118940
118941
118942
118943
118944
118945
118946
118947
118948
118949
118950
118951
118952
118953
118961
118962
118963
118964
118965
118966
118967
118975
118976
118977
118978
118979
118980
118981
118982
118983
118984
118985
118986
118987
118988
118989
118990
118991
118992
118993
118994
118995
118996
118997
118998
118999
119000
119001
119002
119003
119004
119005
119006
119007
119008
119009
119010
119011
119012
119013
119014
119015
119016
119017
119018
119019
119020
119021
119022
119023
119024
119025
119026
119027
119028
119029
119030
119031
119032
119033
119034
119035
119036
119037
119038
119039
119040
119041
119042
119043
119044
119045
119046
119047
119048
119049
119050
119051
119052
119053
119054
119055
119056
119057
119058
119059
119060
119061
119062
119063
119064
119065
119074
119075
119076
119078
119079
119080
119081
119082
119083
119084
119085
119086
119094
119100
119101
119102
119103
119104
119105
119106
119107
119108
119109
119110
119111
119112
119113
119114
119115
119120
119122
119123
119124
119125
119126
119127
119128
119129
119130
119131
119132
119133
119134
119135
119143
119148
119150
119151
119152
119153
119154
119155
119156
119157
119158
119159
119160
119161
119162
119163
119164
119165
119166
119167
119168
119169
119170
119178
119179
119180
119181
119182
119183
119184
119192
119193
119194
119195
119196
119197
119198
119214
119215
119216
119217
119219
119223
119242
119243
119244
119245
119247
119255
119256
119257
119258
119259
119260
119261
119262
119263
119264
119265
119266
119267
119268
119269
119270
119271
119272
119273
119274
119275
119290
119291
119292
119293
119294
119295
119296
119297
119298
119299
119300
119302
119303
119304
119306
119308
119310
119318
119319
119320
119321
119322
119323
119324
119325
119326
119327
119328
119329
119330
119331
119332
119333
119334
119335
119336
119337
119338
119354
119356
119359
119360
119361
119362
119363
119364
119365
119366
119381
119382
119383
119384
119385
119386
119387
119388
119389
119390
119391
119392
119393
119394
119395
119396
119397
119398
119399
119400
119401
119402
119403
119404
119405
119406
119407
119408
119409
119410
119411
119412
119413
119414
119415
119416
119417
119419
119420
119421
119422
119423
119424
119425
119426
119427
119428
119429
119430
119431
119432
119433
119434
119435
119436
119437
119438
119439
119440
119441
119442
119443
119444
119445
119446
119447
119448
119449
119450
119451
119452
119453
119454
119455
119456
119457
119458
119459
119460
119461
119462
119463
119464
119465
119466
119467
119468
119469
119470
119471
119472
119473
119474
119475
119476
119477
119478
119479
119480
119481
119482
119483
119484
119485
119486
119487
119488
119489
119490
119491
119492
119493
119494
119495
119496
119497
119498
119499
119500
119501
119502
119503
119504
119505
119506
119507
119508
119509
119510
119511
119512
119513
119514
119515
119516
119517
119518
119519
119520
119521
119522
119523
119524
119525
119526
119527
119528
119529
119530
119531
119532
119533
119534
119535
119536
119537
119538
119539
119540
119541
119542
119543
119544
119545
119546
119547
119548
119549
119550
119551
119552
119553
119554
119555
119556
119557
119558
119559
119560
119561
119562
119563
119564
119565
119566
119567
119568
119569
119570
119571
119572
119573
119574
119575
119576
119577
119578
119579
119580
119581
119582
119583
119584
119585
119586
119587
119588
119589
119590
119591
119592
119593
119594
119595
119596
119597
119598
119599
119600
119601
119602
119603
119604
119605
119606
119607
119608
119609
119610
119611
119612
119613
119614
119615
119616
119617
119618
119619
119620
119621
119622
119623
119624
119625
119626
119627
119628
119629
119630
119631
119632
119633
119634
119635
119636
119637
119638
119639
119640
119641
119642
119643
119644
119645
119646
119647
119648
119649
119650
119651
119652
119653
119654
119655
119656
119657
119658
119659
119660
119661
119662
119663
119664
119665
119666
119667
119668
119669
119670
119671
119672
119673
119674
119675
119676
119677
119678
119679
119680
119681
119682
119683
119684
119685
119686
119687
119688
119689
119690
119691
119692
119693
119694
119695
119696
119697
119698
119699
119700
119701
119702
119703
119704
119705
119706
119707
119708
119709
119710
119711
119712
119713
119714
119715
119716
119717
119718
119719
119720
119721
119722
119723
119724
119725
119726
119727
119728
119729
119730
119731
119732
119733
119734
119735
119736
119737
119738
119739
119740
119741
119742
119743
119744
119745
119746
119747
119748
119749
119750
119751
119752
119753
119754
119755
119756
119757
119758
119759
119760
119761
119762
119763
119764
119765
119766
119767
119768
119769
119770
119771
119772
119773
119774
119775
119776
119777
119778
119779
119780
119781
119782
119783
119784
119785
119786
119787
119788
119789
119790
119791
119792
119793
119794
119795
119796
119797
119798
119799
119800
119801
119802
119803
119804
119805
119806
119807
119808
119809
119810
119811
119812
119813
119814
119815
119816
119817
119818
119819
119820
119821
119822
119823
119824
119825
119826
119827
119828
119829
119830
119831
119832
119833
119834
119835
119836
119837
119838
119839
119840
119841
119842
119843
119844
119845
119846
119847
119848
119849
119850
119851
119852
119853
119854
119855
119856
119857
119858
119859
119860
119861
119862
119863
119864
119865
119866
119867
119868
119869
119870
119871
119872
119873
119874
119875
119876
119877
119878
119879
119880
119881
119882
119883
119884
119885
119886
119887
119888
119889
119890
119891
119892
119893
119894
119895
119896
119897
119898
119899
119900
119901
119902
119903
119904
119905
119906
119907
119908
119909
119910
119911
119912
119913
119914
119915
119916
119917
119918
119919
119920
119921
119922
119923
119924
119925
119926
119927
119928
119929
119930
119931
119932
119933
119941
119942
119943
119944
119945
119946
119947
119955
119956
119958
119959
119961
119976
119977
119978
119979
119980
119981
119982
119998
120000
120002
120004
120005
120006
120007
120008
120009
120010
120011
120012
120013
120014
120015
120016
120017
120018
120019
120020
120021
120022
120023
120024
120025
120026
120027
120028
120029
120030
120031
120032
120033
120035
120036
120037
120038
120039
120040
120041
120042
120043
120044
120045
120046
120047
120048
120049
120050
120051
120052
120067
120068
120069
120070
120071
120072
120073
120074
120075
120076
120077
120078
120079
120080
120081
120082
120083
120084
120085
120086
120087
120089
120090
120091
120093
120094
120109
120110
120111
120112
120113
120114
120115
120116
120117
120118
120119
120120
120122
120123
120125
120127
120129
120145
120149
120158
120160
120161
120162
120165
120166
120167
120168
120169
120170
120171
120181
120185
120188
120189
120190
120193
120194
120195
120196
120197
120198
120199
120207
120208
120209
120210
120211
120212
120213
120214
120219
120221
120222
120223
120224
120225
120226
120227
120235
120236
120237
120238
120239
120240
120241
120242
120245
120247
120248
120249
120250
120252
120254
120255
120263
120264
120265
120266
120267
120268
120269
120270
120271
120272
120273
120274
120275
120276
120277
120278
120279
120280
120281
120282
120283
120291
120292
120293
120294
120295
120296
120297
120298
120299
120300
120301
120302
120303
120304
120305
120306
120307
120308
120309
120310
120311
120312
120313
120314
120315
120316
120317
120318
120333
120335
120336
120337
120338
120339
120340
120341
120342
120343
120344
120345
120346
120354
120355
120356
120357
120358
120359
120360
120361
120362
120363
120364
120365
120366
120367
120368
120369
120370
120371
120372
120373
120374
120375
120376
120377
120378
120379
120380
120381
120382
120383
120384
120385
120386
120387
120388
120389
120390
120391
120392
120393
120394
120395
120396
120397
120398
120399
120400
120401
120402
120403
120404
120405
120406
120407
120408
120409
120410
120411
120412
120413
120414
120415
120416
120417
120418
120419
120420
120421
120422
120423
120424
120425
120426
120427
120428
120429
120430
120431
120432
120433
120434
120435
120436
120437
120438
120439
120440
120441
120442
120443
120444
120445
120446
120447
120448
120449
120450
120451
120452
120453
120454
120455
120456
120457
120458
120459
120460
120461
120462
120463
120464
120465
120466
120467
120468
120469
120470
120471
120472
120473
120474
120475
120476
120477
120478
120479
120480
120481
120482
120483
120484
120485
120486
120487
120488
120489
120490
120491
120492
120493
120494
120495
120496
120497
120498
120499
120500
120501
120502
120503
120504
120505
120506
120507
120508
120509
120510
120511
120512
120513
120514
120515
120516
120517
120518
120519
120520
120521
120522
120523
120524
120525
120526
120527
120528
120529
120530
120531
120532
120533
120534
120535
120536
120537
120538
120539
120540
120541
120542
120543
120544
120545
120546
120547
120548
120549
120550
120551
120552
120553
120554
120555
120556
120557
120558
120559
120560
120561
120562
120563
120564
120565
120566
120567
120568
120569
120570
120571
120572
120573
120574
120575
120576
120577
120578
120579
120580
120581
120582
120583
120584
120585
120586
120587
120588
120589
120590
120591
120592
120593
120594
120595
120596
120597
120598
120599
120600
120601
120602
120603
120604
120605
120606
120607
120608
120609
120610
120611
120612
120613
120614
120615
120616
120617
120618
120619
120620
120621
120622
120623
120624
120625
120626
120627
120628
120629
120630
120631
120632
120633
120634
120635
120636
120637
120638
120639
120640
120641
120642
120643
120644
120645
120646
120647
120648
120649
120650
120651
120652
120653
120654
120655
120656
120657
120658
120659
120660
120661
120662
120663
120664
120665
120666
120667
120668
120669
120670
120671
120672
120673
120674
120675
120676
120677
120678
120679
120680
120681
120682
120683
120684
120685
120686
120687
120688
120689
120690
120691
120692
120693
120694
120695
120696
120697
120698
120699
120700
120701
120702
120703
120711
120712
120713
120714
120715
120716
120717
120732
120733
120734
120735
120736
120737
120738
120760
120762
120763
120764
120765
120766
120767
120768
120769
120770
120771
120772
120773
120774
120775
120776
120777
120778
120779
120780
120781
120782
120783
120784
120785
120786
120787
120788
120789
120790
120791
120792
120793
120794
120795
120796
120797
120798
120799
120800
120801
120802
120803
120804
120805
120806
120807
120808
120811
120816
120817
120818
120819
120820
120821
120822
120825
120829
120832
120833
120836
120837
120838
120839
120840
120841
120842
120843
120858
120859
120860
120861
120862
120863
120864
120865
120869
120872
120873
120874
120875
120876
120877
120878
120886
120887
120888
120889
120890
120891
120892
120893
120894
120895
120896
120897
120898
120899
120900
120901
120902
120903
120904
120905
120906
120914
120917
120919
120920
120921
120922
120924
120925
120927
120943
120947
120964
120965
120966
120968
120969
120970
120971
120972
120973
120974
120975
120976
120978
120979
120980
120981
120982
120984
120986
120987
120988
120991
120992
120993
120994
120995
120996
120997
121007
121012
121013
121014
121015
121016
121017
121018
121019
121020
121021
121022
121023
121024
121025
121026
121027
121028
121029
121030
121031
121032
121040
121043
121045
121046
121047
121048
121050
121051
121053
121061
121062
121063
121064
121065
121066
121067
121068
121073
121075
121076
121077
121078
121079
121080
121081
121089
121090
121091
121092
121093
121094
121095
121096
121097
121098
121099
121100
121101
121102
121103
121104
121105
121106
121107
121108
121109
121110
121111
121112
121113
121114
121115
121116
121131
121132
121133
121134
121135
121136
121137
121139
121141
121144
121145
121146
121147
121148
121149
121150
121151
121159
121160
121162
121163
121164
121166
121167
121168
121169
121170
121171
121172
121173
121174
121175
121177
121178
121179
121180
121181
121182
121183
121184
121185
121186
121187
121188
121189
121190
121191
121192
121193
121194
121195
121196
121197
121198
121199
121200
121201
121202
121203
121204
121205
121206
121207
121208
121209
121210
121211
121212
121213
121214
121215
121216
121217
121218
121219
121220
121221
121229
121230
121231
121232
121233
121234
121235
121236
121237
121238
121239
121240
121241
121242
121243
121244
121245
121246
121247
121248
121249
121250
121251
121252
121253
121254
121255
121256
121257
121258
121259
121260
121261
121262
121263
121264
121265
121266
121267
121268
121269
121270
121271
121272
121273
121274
121275
121276
121277
121285
121286
121287
121288
121289
121290
121291
121306
121307
121308
121309
121310
121311
121312
121313
121314
121315
121316
121317
121318
121319
121327
121328
121330
121331
121333
121348
121349
121350
121351
121352
121353
121354
121356
121358
121360
121362
121363
121364
121365
121366
121367
121368
121369
121370
121371
121373
121374
121375
121376
121377
121378
121379
121380
121381
121382
121385
121389
121392
121393
121396
121397
121398
121399
121400
121401
121402
121403
121413
121418
121419
121420
121421
121422
121423
121424
121432
121433
121434
121435
121436
121437
121438
121439
121440
121441
121442
121443
121444
121445
121446
121447
121448
121449
121450
121451
121452
121460
121461
121462
121463
121464
121465
121466
121467
121471
121474
121475
121476
121477
121478
121479
121480
121488
121489
121490
121491
121492
121493
121494
121495
121498
121500
121501
121502
121503
121505
121506
121508
121516
121517
121518
121519
121520
121521
121522
121524
121525
121526
121527
121528
121531
121532
121533
121534
121535
121545
121548
121559
121560
121561
121563
121564
121568
121579
121580
121581
121582
121583
121584
121585
121586
121587
121588
121589
121591
121592
121593
121595
121597
121598
121600
121601
121602
121603
121604
121605
121606
121607
121608
121609
121610
121611
121612
121613
121614
121615
121616
121617
121618
121619
121620
121629
121630
121631
121632
121634
121642
121643
121644
121645
121646
121647
121648
121649
121650
121651
121652
121653
121654
121655
121656
121661
121663
121664
121665
121666
121667
121668
121669
121670
121671
121672
121673
121674
121675
121676
121677
121678
121679
121680
121681
121682
121683
121691
121692
121693
121694
121695
121696
121697
121698
121703
121705
121706
121707
121708
121709
121710
121711
121712
121713
121714
121715
121716
121717
121718
121719
121720
121721
121722
121723
121724
121725
121726
121732
121733
121734
121735
121736
121737
121738
121739
121740
121741
121742
121743
121744
121745
121746
121776
121777
121778
121780
121781
121782
121783
121784
121785
121786
121787
121788
121796
121801
121803
121804
121805
121806
121807
121808
121809
121810
121811
121812
121813
121814
121815
121816
121817
121818
121819
121820
121821
121822
121823
121824
121829
121831
121832
121833
121834
121835
121836
121837
121838
121843
121845
121846
121847
121848
121849
121850
121851
121852
121853
121854
121855
121856
121857
121858
121866
121867
121868
121869
121870
121871
121872
121880
121881
121882
121883
121884
121885
121886
121915
121916
121917
121918
121919
121920
121921
121922
121923
121924
121925
121926
121927
121928
121929
121930
121931
121932
121933
121934
121935
121943
121944
121945
121946
121947
121948
121949
121950
121951
121952
121953
121954
121956
121957
121959
121961
121963
121965
121966
121967
121969
121970
121986
121990
122114
122115
122118
122119
122120
122121
122122
122123
122124
122139
122140
122142
122143
122144
122145
122146
122147
122148
122149
122150
122151
122152
122153
122156
122158
122159
122176
122181
122182
122183
122184
122185
122186
122187
122188
122189
122190
122191
122192
122193
122194
122202
122203
122204
122206
122207
122208
122209
122211
122213
122215
122216
122217
122218
122219
122220
122221
122222
122223
122224
122225
122226
122227
122228
122229
122238
122240
122241
122244
122245
122246
122247
122248
122249
122250
122258
122259
122260
122261
122262
122263
122264
122265
122266
122267
122268
122269
122270
122271
122272
122273
122274
122275
122276
122277
122278
122293
122294
122295
122296
122297
122298
122299
122301
122303
122304
122307
122308
122309
122310
122311
122312
122313
122321
122322
122323
122324
122325
122326
122327
122328
122329
122330
122331
122332
122333
122334
122335
122336
122337
122338
122339
122340
122341
122342
122343
122344
122345
122346
122347
122348
122363
122364
122365
122366
122367
122368
122369
122370
122371
122372
122373
122374
122375
122376
122384
122385
122386
122387
122388
122389
122390
122398
122399
122400
122401
122402
122403
122404
122405
122406
122407
122408
122409
122410
122411
122426
122427
122428
122429
122430
122431
122432
122433
122434
122435
122436
122437
122438
122439
122461
122462
122463
122464
122465
122466
122467
122468
122469
122470
122471
122472
122473
122474
122489
122490
122491
122492
122493
122494
122495
122496
122497
122498
122499
122500
122501
122502
122510
122511
122512
122513
122514
122515
122516
122524
122525
122526
122527
122528
122529
122530
122531
122532
122533
122534
122535
122536
122537
122546
122559
122560
122561
122562
122563
122564
122565
122573
122574
122575
122576
122577
122578
122579
122580
122581
122582
122583
122584
122585
122586
122587
122588
122589
122590
122591
122592
122593
122595
122597
122598
122601
122602
122603
122604
122605
122606
122607
122622
122623
122624
122625
122626
122627
122628
122636
122637
122638
122639
122640
122641
122642
122643
122644
122645
122646
122647
122648
122649
122664
122665
122667
122668
122669
122670
122671
122672
122673
122674
122675
122676
122677
122678
122681
122683
122684
122688
122691
122692
122693
122694
122695
122696
122697
122698
122713
122714
122715
122716
122717
122718
122719
122727
122728
122729
122731
122732
122733
122734
122736
122738
122739
122743
122748
122749
122750
122751
122752
122753
122754
122776
122777
122778
122779
122780
122781
122782
122804
122805
122806
122807
122808
122809
122810
122825
122827
122828
122829
122830
122831
122839
122840
122841
122842
122843
122844
122845
122846
122847
122848
122849
122850
122851
122852
122874
122875
122876
122877
122878
122879
122880
122902
122903
122904
122905
122906
122907
122908
122909
122910
122911
122913
122914
122915
122916
122920
122923
122924
122925
122926
122927
122928
122929
122930
122932
122933
122934
122935
122936
122937
122938
122939
122940
122941
122942
122943
122944
122945
122946
122947
122948
122949
122950
122951
122952
122953
122954
122955
122956
122957
122958
122964
122965
122966
122967
122968
122969
122970
122971
122972
122973
122974
122975
122976
122977
122978
122979
122984
122986
122987
122988
122989
122990
122991
122992
122993
122995
122996
122997
122998
122999
123000
123001
123002
123003
123004
123005
123006
123007
123008
123009
123010
123011
123012
123013
123021
123023
123024
123025
123026
123027
123035
123036
123037
123038
123039
123040
123041
123042
123043
123044
123045
123046
123047
123048
123056
123057
123058
123059
123060
123061
123062
123098
123099
123100
123101
123102
123103
123104
123105
123106
123107
123109
123110
123111
123133
123134
123135
123136
123137
123138
123139
123150
123151
123154
123155
123156
123157
123158
123159
123160
123182
123183
123185
123186
123187
123188
123196
123197
123198
123199
123200
123201
123202
123203
123206
123208
123209
123212
123217
123218
123219
123220
123221
123222
123223
123238
123239
123240
123241
123242
123243
123244
123245
123246
123247
123249
123250
123251
123259
123261
123263
123265
123266
123270
123273
123275
123276
123277
123278
123279
123280
123281
123282
123283
123284
123285
123286
123287
123288
123289
123290
123291
123292
123293
123294
123295
123296
123297
123298
123299
123300
123301
123302
123303
123304
123305
123306
123307
123308
123314
123315
123316
123317
123318
123319
123320
123321
123322
123323
123324
123325
123326
123327
123328
123329
123334
123336
123338
123339
123340
123341
123342
123343
123344
123345
123346
123347
123348
123349
123350
123351
123352
123353
123354
123355
123356
123357
123358
123359
123360
123361
123362
123363
123371
123372
123374
123375
123376
123377
123385
123386
123387
123388
123389
123390
123391
123392
123395
123396
123398
123415
123420
123421
123422
123423
123424
123425
123426
123427
123428
123429
123430
123431
123432
123433
123434
123435
123436
123438
123439
123440
123448
123450
123452
123454
123483
123484
123485
123486
123487
123488
123489
123497
123498
123499
123500
123501
123502
123503
123504
123505
123506
123507
123508
123509
123510
123511
123512
123513
123514
123515
123516
123517
123518
123519
123520
123521
123522
123523
123524
123533
123535
123536
123539
123540
123541
123542
123543
123544
123545
123560
123561
123562
123563
123564
123565
123566
123574
123575
123576
123577
123578
123579
123580
123581
123582
123583
123584
123585
123586
123587
123588
123589
123590
123591
123592
123593
123594
123596
123598
123599
123602
123603
123604
123605
123606
123607
123608
123617
123630
123631
123632
123633
123634
123635
123636
123637
123638
123639
123640
123641
123642
123643
123652
123654
123655
123658
123659
123660
123661
123662
123663
123664
123672
123673
123674
123675
123676
123677
123678
123679
123680
123681
123682
123683
123684
123685
123686
123687
123688
123689
123690
123691
123692
123707
123708
123709
123710
123711
123712
123713
123715
123717
123718
123756
123757
123758
123759
123760
123761
123762
123763
123764
123765
123766
123767
123768
123769
123784
123785
123786
123787
123788
123789
123790
123791
123792
123793
123794
123795
123796
123797
123805
123806
123807
123808
123809
123810
123811
123812
123813
123814
123815
123816
123817
123818
123826
123827
123828
123829
123830
123831
123832
123847
123848
123849
123850
123851
123852
123853
123854
123855
123856
123857
123858
123859
123860
123875
123876
123877
123878
123879
123880
123881
123889
123890
123891
123892
123893
123894
123895
123896
123897
123898
123899
123900
123901
123902
123917
123918
123919
123920
123921
123922
123923
123924
123925
123926
123927
123928
123929
123930
123938
123939
123940
123941
123942
123943
123944
123945
123946
123947
123948
123949
123950
123951
123959
123960
123961
123962
123963
123964
123965
123980
123981
123982
123983
123984
123985
123986
124022
124023
124024
124025
124026
124027
124028
124050
124051
124052
124053
124054
124055
124056
124057
124058
124059
124060
124061
124062
124063
124071
124072
124073
124074
124075
124076
124077
124085
124086
124087
124088
124089
124090
124091
124099
124100
124101
124102
124103
124104
124105
124113
124114
124115
124116
124117
124118
124119
124120
124121
124122
124123
124124
124125
124126
124127
124128
124129
124130
124131
124132
124133
124134
124135
124136
124137
124138
124139
124140
124141
124142
124143
124144
124145
124146
124147
124148
124149
124150
124151
124152
124153
124154
124155
124156
124157
124158
124159
124160
124161
124162
124163
124164
124165
124166
124167
124168
124169
124170
124171
124172
124173
124174
124175
124176
124177
124178
124179
124180
124181
124182
124183
124184
124185
124186
124187
124188
124189
124190
124191
124192
124193
124194
124195
124196
124197
124198
124199
124200
124201
124202
124203
124204
124205
124206
124207
124208
124209
124210
124211
124212
124213
124214
124215
124216
124217
124218
124219
124220
124221
124222
124223
124224
124225
124226
124227
124228
124229
124230
124231
124232
124233
124234
124235
124236
124237
124238
124239
124240
124241
124242
124243
124244
124245
124246
124247
124248
124249
124250
124251
124252
124253
124254
124255
124256
124257
124258
124259
124260
124261
124262
124263
124264
124265
124266
124267
124268
124269
124270
124271
124272
124273
124274
124275
124276
124277
124278
124279
124280
124281
124282
124283
124284
124285
124286
124287
124288
124289
124290
124291
124292
124293
124294
124295
124296
124297
124298
124299
124300
124301
124302
124303
124304
124305
124306
124307
124308
124309
124310
124311
124312
124313
124314
124315
124316
124317
124318
124319
124320
124321
124322
124323
124324
124325
124326
124327
124328
124329
124337
124338
124339
124340
124341
124342
124343
124351
124352
124353
124354
124355
124356
124357
124379
124380
124381
124382
124383
124384
124385
124386
124387
124388
124389
124390
124391
124392
124400
124401
124402
124403
124404
124405
124406
124414
124415
124416
124417
124418
124419
124420
124428
124429
124430
124431
124432
124433
124434
124442
124443
124444
124445
124446
124447
124448
124470
124471
124472
124473
124474
124475
124476
124485
124498
124499
124500
124501
124502
124503
124504
124512
124513
124514
124515
124516
124517
124518
124519
124520
124521
124522
124523
124524
124525
124526
124527
124528
124529
124530
124531
124532
124534
124535
124537
124540
124541
124542
124543
124544
124545
124546
124561
124562
124563
124564
124565
124566
124567
124575
124576
124577
124578
124579
124580
124581
124582
124583
124584
124585
124586
124587
124588
124589
124590
124591
124592
124593
124594
124595
124596
124597
124598
124599
124600
124601
124602
124603
124604
124605
124606
124607
124608
124609
124610
124611
124612
124613
124614
124615
124616
124617
124618
124619
124620
124621
124622
124623
124624
124625
124626
124627
124628
124629
124630
124631
124632
124633
124634
124635
124636
124637
124646
124647
124649
124652
124653
124654
124655
124656
124657
124658
124666
124667
124668
124669
124670
124671
124672
124673
124674
124675
124676
124677
124678
124679
124680
124681
124682
124683
124684
124685
124686
124695
124708
124709
124710
124711
124712
124713
124714
124716
124717
124719
124722
124723
124724
124725
124726
124727
124728
124736
124737
124738
124739
124740
124741
124742
124743
124744
124745
124746
124747
124748
124749
124750
124751
124752
124753
124754
124755
124756
124792
124793
124795
124796
124797
124798
124799
124800
124801
124802
124803
124804
124805
124806
124809
124811
124812
124816
124819
124820
124821
124822
124823
124824
124825
124826
124841
124842
124843
124844
124845
124846
124847
124855
124856
124857
124859
124860
124861
124862
124864
124866
124867
124871
124876
124877
124878
124879
124880
124881
124882
124883
124884
124885
124886
124887
124888
124889
124890
124896
124897
124898
124899
124900
124901
124902
124903
124904
124905
124906
124907
124908
124909
124910
124911
124916
124918
124919
124920
124921
124922
124923
124924
124925
124927
124928
124929
124930
124931
124932
124933
124934
124935
124936
124937
124938
124939
124940
124941
124942
124943
124944
124945
124946
124947
124948
124949
124950
124951
124952
124953
124954
124955
124956
124957
124958
124959
124960
124961
124962
124963
124964
124965
124966
124967
124968
124969
124970
124971
124972
124973
124974
124975
124976
124977
124978
124979
124980
124981
124982
124983
124984
124985
124986
124987
124988
124989
124990
124991
124992
124993
124994
124995
124996
124997
124998
124999
125000
125001
125002
125003
125004
125005
125006
125007
125008
125009
125010
125011
125012
125013
125014
125015
125016
125017
125018
125019
125020
125021
125022
125023
125024
125025
125026
125027
125028
125029
125030
125034
125037
125038
125039
125040
125041
125042
125043
125044
125045
125046
125047
125048
125049
125050
125051
125055
125058
125059
125060
125061
125062
125063
125064
125065
125067
125068
125069
125070
125071
125072
125073
125074
125075
125076
125077
125078
125079
125080
125081
125082
125083
125084
125085
125103
125106
125107
125108
125109
125110
125111
125112
125113
125114
125115
125116
125117
125118
125119
125120
125128
125129
125130
125132
125133
125134
125135
125137
125139
125140
125158
125163
125164
125165
125166
125167
125168
125169
125177
125179
125180
125181
125182
125183
125191
125192
125193
125194
125195
125196
125197
125198
125199
125200
125201
125202
125203
125204
125219
125220
125221
125222
125223
125224
125225
125254
125255
125256
125257
125258
125259
125260
125268
125269
125270
125272
125273
125274
125289
125290
125291
125292
125293
125294
125295
125303
125304
125305
125306
125307
125308
125309
125310
125316
125317
125318
125319
125320
125321
125322
125323
125324
125325
125326
125327
125328
125329
125330
125331
125336
125338
125340
125341
125342
125343
125344
125345
125346
125347
125348
125349
125350
125351
125352
125353
125354
125355
125356
125357
125358
125359
125360
125361
125362
125363
125364
125365
125366
125367
125368
125369
125370
125371
125372
125373
125377
125380
125381
125382
125383
125384
125385
125386
125387
125388
125389
125390
125391
125392
125393
125394
125398
125401
125403
125404
125405
125406
125407
125408
125409
125410
125411
125412
125413
125414
125415
125416
125417
125418
125419
125420
125421
125422
125423
125424
125425
125426
125427
125428
125436
125437
125438
125439
125440
125441
125442
125464
125465
125466
125467
125468
125469
125470
125492
125493
125494
125496
125497
125498
125513
125514
125515
125516
125517
125518
125519
125541
125542
125543
125544
125545
125546
125547
125569
125570
125572
125573
125574
125575
125583
125584
125585
125586
125587
125588
125589
125590
125593
125594
125596
125613
125618
125619
125620
125621
125622
125623
125624
125625
125626
125627
125628
125629
125630
125631
125632
125633
125634
125636
125637
125638
125646
125648
125650
125652
125667
125668
125669
125670
125671
125672
125673
125682
125695
125696
125697
125698
125699
125700
125701
125702
125703
125704
125705
125706
125707
125708
125717
125718
125720
125723
125724
125725
125726
125727
125728
125729
125737
125738
125739
125740
125741
125742
125743
125744
125745
125746
125747
125748
125749
125750
125751
125752
125753
125754
125755
125756
125757
125772
125773
125774
125775
125776
125777
125778
125780
125781
125783
125786
125787
125788
125789
125790
125791
125792
125807
125808
125809
125810
125811
125812
125813
125821
125822
125823
125824
125825
125826
125827
125828
125829
125830
125831
125832
125833
125834
125842
125843
125844
125845
125846
125847
125848
125856
125857
125858
125859
125860
125861
125862
125870
125871
125872
125873
125874
125875
125876
125877
125878
125879
125880
125881
125882
125883
125891
125892
125893
125894
125895
125896
125897
125905
125906
125907
125908
125909
125910
125911
125912
125913
125914
125915
125916
125917
125918
125926
125927
125928
125929
125930
125931
125932
125933
125934
125935
125936
125937
125938
125939
125947
125948
125949
125950
125951
125952
125953
125961
125962
125963
125964
125965
125966
125967
125982
125983
125984
125985
125986
125987
125988
125996
125997
125998
125999
126000
126001
126002
126010
126011
126012
126013
126014
126015
126016
126024
126025
126026
126027
126028
126029
126030
126038
126039
126040
126041
126042
126043
126044
126045
126046
126047
126048
126049
126050
126051
126059
126060
126061
126062
126063
126064
126065
126073
126074
126075
126076
126077
126078
126079
126080
126081
126082
126083
126084
126085
126086
126087
126088
126089
126090
126091
126092
126093
126094
126095
126096
126097
126098
126099
126100
126109
126110
126112
126115
126116
126117
126118
126119
126120
126121
126130
126143
126144
126145
126146
126147
126148
126149
126157
126158
126159
126160
126161
126162
126163
126164
126165
126166
126167
126168
126169
126170
126171
126172
126173
126174
126175
126176
126177
126179
126180
126182
126185
126186
126187
126188
126189
126190
126191
126209
126212
126213
126214
126215
126216
126217
126218
126219
126234
126235
126236
126237
126238
126239
126240
126241
126242
126243
126245
126246
126247
126255
126257
126259
126260
126264
126269
126270
126271
126272
126273
126274
126275
126354
126359
126361
126366
126389
126390
126391
126393
126394
126402
126403
126404
126405
126406
126407
126408
126409
126410
126412
126413
126414
126415
126416
126419
126421
126422
126430
126431
126432
126433
126434
126435
126436
126437
126438
126439
126440
126441
126442
126443
126444
126446
126447
126448
126449
126450
126451
126454
126457
126458
126459
126460
126461
126462
126463
126464
126468
126471
126474
126477
126486
126487
126488
126489
126490
126491
126492
126493
126494
126495
126497
126508
126511
126516
126518
126521
126522
126523
126524
126525
126526
126527
126528
126529
126530
126531
126532
126533
126534
126535
126536
126537
126538
126539
126540
126541
126542
126545
126547
126548
126570
126572
126574
126576
126577
126578
126579
126580
126581
126582
126583
126584
126585
126586
126587
126588
126589
126590
126596
126598
126599
126600
126601
126602
126603
126604
126612
126613
126614
126616
126618
126619
126620
126621
126622
126623
126624
126625
126633
126634
126635
126636
126637
126638
126639
126640
126641
126642
126643
126644
126645
126646
126647
126648
126649
126650
126651
126652
126653
126661
126662
126663
126664
126665
126666
126667
126668
126669
126670
126671
126672
126673
126674
126682
126683
126684
126685
126686
126687
126688
126689
126690
126691
126692
126693
126694
126695
126696
126697
126698
126699
126700
126701
126702
126703
126706
126708
126709
126731
126732
126733
126735
126737
126738
126739
126740
126741
126742
126743
126744
126752
126753
126754
126755
126756
126757
126758
126759
126760
126761
126762
126763
126764
126765
126766
126767
126768
126769
126770
126771
126772
126773
126775
126777
126779
126780
126781
126782
126783
126784
126785
126786
126787
126788
126789
126790
126791
126792
126793
126798
126801
126802
126803
126804
126805
126806
126807
126829
126830
126831
126832
126833
126834
126835
126836
126837
126838
126839
126840
126841
126842
126843
126845
126846
126847
126848
126849
126850
126853
126855
126857
126858
126859
126860
126861
126862
126863
126864
126865
126866
126867
126868
126869
126870
126871
126872
126874
126875
126876
126877
126878
126881
126882
126884
126892
126893
126894
126895
126896
126897
126898
126899
126900
126901
126903
126916
126919
126922
126925
126935
126938
126942
126945
126977
126978
126979
126982
126984
126985
126986
126989
126990
126991
126992
126993
126995
126996
127011
127012
127013
127014
127015
127016
127017
127018
127019
127020
127021
127022
127023
127024
127025
127026
127027
127028
127029
127030
127031
127039
127040
127041
127042
127043
127044
127045
127046
127047
127048
127049
127050
127051
127052
127053
127054
127056
127057
127058
127059
127060
127061
127062
127063
127064
127065
127066
127081
127082
127083
127084
127086
127087
127095
127096
127097
127098
127099
127100
127101
127102
127103
127105
127106
127109
127110
127111
127112
127113
127114
127115
127116
127117
127118
127119
127120
127121
127122
127123
127124
127125
127126
127127
127128
127129
127135
127137
127138
127140
127141
127142
127143
127144
127145
127146
127147
127148
127149
127150
127151
127152
127153
127154
127155
127156
127157
127158
127159
127160
127161
127162
127163
127164
127165
127166
127167
127168
127169
127170
127171
127172
127173
127174
127175
127176
127177
127178
127179
127180
127181
127182
127183
127184
127185
127186
127187
127188
127189
127190
127191
127192
127193
127194
127195
127196
127197
127198
127199
127200
127202
127204
127205
127207
127208
127209
127210
127211
127212
127213
127221
127222
127223
127224
127225
127226
127227
127228
127229
127230
127231
127232
127233
127234
127235
127236
127238
127239
127240
127241
127242
127243
127244
127245
127246
127248
127256
127257
127258
127259
127260
127261
127262
127263
127264
127266
127267
127270
127271
127272
127273
127274
127275
127276
127291
127292
127293
127294
127295
127296
127297
127298
127299
127300
127301
127302
127303
127304
127305
127306
127307
127308
127309
127310
127311
127316
127319
127320
127322
127323
127324
127325
127326
127327
127328
127329
127330
127331
127348
127349
127350
127352
127369
127374
127383
127387
127403
127404
127405
127406
127407
127408
127409
127410
127411
127412
127413
127414
127415
127416
127417
127418
127420
127421
127422
127423
127424
127425
127426
127427
127428
127429
127430
127431
127432
127433
127434
127435
127436
127437
127438
127439
127440
127441
127442
127443
127444
127452
127453
127454
127455
127456
127457
127458
127473
127474
127475
127476
127477
127478
127479
127480
127481
127482
127483
127484
127485
127486
127487
127488
127489
127490
127491
127492
127493
127499
127501
127502
127504
127505
127506
127507
127508
127509
127510
127511
127513
127514
127522
127523
127524
127525
127526
127527
127528
127529
127530
127532
127533
127536
127537
127538
127539
127540
127541
127542
127543
127545
127548
127549
127557
127558
127559
127560
127561
127562
127563
127564
127565
127566
127567
127568
127569
127570
127571
127572
127573
127574
127575
127576
127577
127585
127586
127587
127588
127589
127590
127591
127592
127593
127594
127595
127596
127597
127598
127599
127600
127601
127602
127603
127604
127605
127610
127613
127614
127616
127617
127618
127619
127620
127621
127622
127623
127624
127625
127626
127641
127642
127643
127644
127645
127647
127655
127656
127657
127658
127659
127660
127661
127662
127663
127665
127666
127670
127675
127684
127688
127704
127705
127706
127707
127708
127709
127710
127711
127712
127714
127715
127716
127717
127718
127721
127723
127724
127733
127734
127735
127737
127738
127753
127754
127755
127756
127757
127758
127759
127760
127761
127762
127763
127764
127765
127766
127767
127769
127770
127771
127772
127773
127774
127775
127776
127777
127778
127779
127780
127781
127784
127787
127791
127794
127797
127800
127809
127810
127811
127812
127813
127814
127815
127816
127817
127818
127820
127830
127831
127832
127833
127834
127835
127836
127837
127838
127839
127840
127841
127842
127843
127844
127845
127846
127847
127848
127849
127850
127851
127852
127853
127854
127855
127856
127857
127858
127859
127860
127861
127862
127863
127864
127865
127866
127867
127868
127869
127870
127871
127872
127873
127874
127875
127876
127877
127878
127879
127880
127881
127882
127883
127884
127885
127900
127901
127902
127903
127904
127905
127906
127907
127908
127909
127910
127911
127912
127913
127914
127916
127917
127918
127919
127920
127921
127922
127923
127924
127925
127926
127927
127928
127931
127932
127943
127944
127945
127946
127947
127959
127962
127965
127968
127977
127978
127979
127980
127981
127982
127983
127984
127985
127986
127988
127998
127999
128000
128001
128002
128003
128004
128005
128006
128007
128008
128009
128010
128011
128012
128013
128014
128015
128016
128017
128018
128019
128022
128024
128025
128027
128030
128035
128037
128047
128049
128051
128053
128054
128055
128056
128057
128058
128059
128060
128061
128062
128063
128064
128065
128066
128067
128073
128075
128076
128077
128078
128079
128080
128081
128103
128104
128105
128107
128108
128110
128111
128112
128113
128114
128115
128116
128117
128118
128119
128120
128121
128122
128123
128131
128132
128133
128134
128135
128136
128137
128138
128139
128140
128141
128142
128143
128144
128152
128153
128154
128155
128156
128157
128158
128159
128160
128161
128162
128163
128164
128165
128174
128177
128182
128184
128187
128189
128191
128193
128194
128195
128196
128197
128198
128199
128200
128201
128202
128203
128204
128205
128206
128207
128212
128215
128216
128217
128218
128219
128220
128221
128236
128237
128238
128240
128241
128243
128244
128245
128246
128247
128248
128249
128250
128251
128252
128253
128254
128255
128256
128264
128265
128266
128267
128268
128269
128270
128271
128272
128273
128274
128275
128276
128277
128299
128300
128301
128302
128303
128304
128305
128306
128307
128308
128309
128310
128311
128312
128320
128321
128322
128323
128324
128325
128326
128327
128328
128329
128330
128331
128332
128333
128334
128335
128336
128337
128338
128339
128340
128341
128344
128346
128347
128362
128363
128364
128366
128368
128369
128370
128371
128372
128373
128374
128375
128383
128384
128385
128386
128387
128388
128389
128390
128391
128392
128393
128394
128395
128396
128397
128398
128399
128400
128401
128402
128403
128411
128412
128415
128416
128418
128419
128420
128421
128422
128423
128424
128425
128426
128427
128428
128429
128430
128431
128432
128433
128434
128435
128436
128437
128438
128443
128454
128457
128462
128464
128467
128468
128469
128470
128471
128472
128473
128474
128475
128476
128477
128478
128479
128480
128481
128482
128483
128484
128485
128486
128487
128488
128491
128492
128494
128502
128503
128504
128505
128506
128507
128508
128509
128510
128511
128512
128513
128514
128515
128523
128524
128525
128527
128529
128530
128531
128532
128533
128534
128535
128536
128544
128545
128546
128547
128548
128549
128550
128551
128552
128553
128554
128555
128556
128557
128558
128559
128560
128561
128562
128563
128564
128579
128580
128583
128584
128586
128587
128588
128589
128590
128591
128592
128593
128594
128595
128596
128597
128598
128599
128600
128601
128602
128603
128604
128605
128606
128611
128635
128636
128637
128638
128639
128640
128641
128642
128643
128644
128645
128646
128647
128648
128649
128651
128652
128653
128654
128655
128656
128659
128661
128663
128664
128665
128666
128667
128668
128669
128677
128678
128679
128680
128681
128682
128683
128684
128685
128686
128688
128689
128690
128691
128693
128695
128696
128705
128706
128707
128708
128709
128710
128711
128712
128713
128714
128716
128728
128731
128735
128738
128740
128741
128742
128743
128744
128745
128746
128747
128748
128749
128750
128751
128752
128753
128754
128755
128756
128757
128758
128759
128760
128761
128762
128763
128764
128765
128766
128767
128768
128769
128770
128771
128772
128773
128774
128775
128776
128777
128778
128779
128780
128781
128782
128783
128784
128785
128786
128787
128788
128789
128790
128791
128792
128793
128794
128795
128797
128798
128799
128800
128801
128817
128818
128819
128820
128821
128822
128823
128824
128825
128826
128828
128829
128830
128831
128833
128835
128836
128852
128853
128854
128855
128856
128857
128858
128859
128860
128861
128863
128875
128877
128882
128884
128895
128898
128902
128905
128936
128938
128940
128941
128943
128944
128945
128946
128947
128948
128949
128957
128958
128959
128960
128961
128962
128963
128964
128965
128966
128967
128968
128969
128970
128971
128972
128974
128975
128976
128977
128978
128979
128980
128981
128982
128983
128985
128986
128987
128988
128989
128990
128991
128999
129000
129001
129003
129006
129007
129008
129009
129010
129011
129012
129027
129028
129029
129030
129031
129032
129033
129034
129035
129036
129037
129038
129039
129040
129041
129042
129043
129044
129045
129046
129047
129052
129055
129056
129057
129059
129060
129061
129062
129063
129064
129065
129066
129067
129068
129069
129070
129071
129072
129073
129074
129075
129076
129077
129078
129079
129080
129081
129082
129090
129091
129092
129093
129094
129095
129096
129097
129098
129099
129100
129101
129102
129103
129104
129105
129107
129108
129109
129110
129111
129113
129115
129116
129118
129119
129120
129121
129122
129123
129124
129132
129133
129134
129135
129136
129137
129139
129140
129141
129142
129143
129144
129145
129153
129154
129155
129157
129160
129161
129162
129163
129164
129165
129166
129167
129168
129169
129170
129171
129172
129173
129174
129175
129176
129177
129178
129179
129180
129185
129188
129189
129190
129192
129193
129194
129195
129196
129197
129198
129199
129200
129201
129237
129238
129239
129240
129241
129242
129259
129260
129261
129263
129265
129266
129267
129268
129269
129270
129271
129272
129274
129277
129278
129286
129287
129288
129289
129290
129291
129292
129293
129294
129295
129296
129297
129298
129299
129300
129301
129302
129303
129304
129305
129306
129314
129315
129316
129317
129318
129319
129320
129321
129322
129323
129324
129325
129326
129327
129328
129329
129330
129331
129332
129333
129334
129339
129342
129343
129344
129346
129347
129348
129349
129350
129351
129352
129353
129354
129355
129370
129371
129372
129373
129374
129375
129377
129378
129379
129380
129381
129382
129383
129391
129392
129393
129395
129398
129399
129400
129401
129402
129403
129404
129405
129406
129407
129408
129409
129410
129411
129412
129413
129414
129415
129416
129417
129418
129419
129420
129421
129422
129423
129424
129425
129426
129427
129428
129429
129430
129431
129432
129433
129434
129435
129436
129437
129438
129439
129440
129441
129442
129443
129444
129445
129446
129447
129448
129449
129450
129451
129452
129453
129454
129455
129456
129457
129458
129459
129460
129461
129462
129463
129464
129465
129466
129467
129468
129469
129471
129472
129473
129474
129475
129476
129477
129478
129479
129480
129481
129482
129483
129484
129485
129486
129487
129488
129489
129490
129491
129492
129493
129494
129495
129503
129504
129505
129506
129507
129508
129509
129510
129512
129514
129515
129524
129525
129526
129527
129528
129529
129530
129531
129532
129533
129534
129535
129536
129537
129538
129539
129540
129541
129542
129543
129544
129549
129552
129553
129554
129556
129557
129558
129559
129560
129561
129562
129563
129564
129566
129567
129568
129569
129570
129571
129572
129580
129581
129582
129584
129587
129588
129589
129590
129591
129592
129593
129609
129610
129611
129612
129616
129617
129618
129619
129623
129628
129637
129641
129664
129665
129666
129667
129668
129669
129670
129671
129672
129673
129674
129675
129676
129677
129678
129680
129681
129682
129683
129684
129685
129686
129687
129688
129689
129690
129691
129692
129695
129696
129707
129708
129709
129710
129711
129729
129732
129736
129739
129748
129749
129750
129751
129752
129753
129754
129755
129756
129757
129759
129776
129777
129778
129779
129780
129781
129782
129783
129784
129785
129786
129787
129788
129789
129798
129801
129805
129806
129807
129808
129809
129813
129815
129818
129819
129822
129823
129825
129826
129827
129828
129829
129830
129831
129832
129833
129834
129835
129836
129837
129838
129839
129840
129841
129842
129843
129844
129845
129850
129860
129861
129862
129864
129865
129867
129868
129869
129870
129871
129872
129873
129874
129875
129876
129877
129878
129879
129880
129888
129889
129890
129891
129892
129893
129894
129895
129896
129897
129898
129899
129900
129901
129923
129924
129925
129926
129927
129928
129929
129930
129931
129932
129933
129934
129935
129936
129937
129938
129939
129940
129941
129942
129943
129944
129947
129948
129950
129952
129955
129960
129962
129972
129973
129974
129975
129976
129977
129978
129979
129980
129981
129982
129983
129984
129985
129993
129994
129995
129997
129998
130000
130001
130002
130003
130004
130005
130006
130007
130008
130009
130010
130011
130012
130013
130021
130022
130023
130024
130025
130026
130027
130028
130029
130030
130031
130032
130033
130034
130035
130036
130039
130040
130042
130043
130044
130045
130046
130047
130048
130049
130050
130051
130052
130053
130054
130055
130056
130057
130058
130059
130060
130061
130062
130067
130098
130099
130100
130101
130102
130103
130104
130105
130106
130107
130109
130110
130111
130112
130114
130116
130117
130120
130121
130122
130123
130124
130154
130155
130156
130157
130158
130159
130160
130161
130162
130163
130165
130177
130179
130184
130186
130225
130247
130248
130249
130252
130253
130255
130256
130258
130261
130262
130263
130276
130289
130294
130295
130297
130298
130299
130303
130304
130305
130317
130318
130321
130325
130338
130351
130381
130394
130397
130409
130412
130413
130414
130415
130416
130417
130418
130419
130420
130421
130422
130423
130424
130425
130426
130427
130429
130430
130431
130432
130433
130434
130435
130436
130437
130438
130439
130440
130441
130442
130443
130444
130445
130446
130447
130456
130457
130458
130459
130460
130461
130469
130470
130471
130472
130473
130474
130475
130481
130483
130484
130485
130486
130487
130489
130490
130491
130492
130493
130494
130495
130496
130497
130498
130499
130500
130501
130502
130503
130504
130505
130507
130508
130510
130518
130519
130520
130521
130522
130523
130524
130533
130538
130540
130545
130549
130553
130554
130555
130556
130557
130558
130559
130560
130561
130563
130564
130565
130567
130568
130569
130570
130571
130572
130573
130581
130582
130583
130584
130585
130586
130587
130588
130589
130590
130591
130592
130593
130594
130595
130596
130597
130598
130599
130600
130601
130602
130605
130606
130608
130616
130617
130618
130619
130620
130621
130622
130623
130624
130625
130626
130627
130628
130629
130630
130631
130632
130633
130634
130635
130636
130637
130638
130639
130640
130641
130642
130643
130651
130652
130653
130654
130655
130656
130657
130658
130659
130660
130661
130662
130663
130664
130665
130666
130667
130668
130669
130670
130671
130672
130673
130674
130675
130676
130677
130678
130679
130680
130681
130682
130683
130684
130685
130686
130687
130688
130689
130690
130691
130692
130693
130694
130695
130696
130697
130698
130699
130707
130708
130709
130710
130711
130712
130713
130714
130715
130716
130717
130718
130719
130720
130721
130722
130723
130724
130725
130726
130727
130728
130729
130730
130731
130732
130733
130734
130735
130738
130740
130741
130749
130750
130751
130752
130753
130754
130755
130756
130757
130758
130759
130760
130761
130762
130763
130764
130765
130766
130767
130768
130769
130770
130771
130772
130774
130775
130777
130778
130779
130780
130782
130783
130784
130785
130786
130787
130788
130789
130790
130798
130799
130800
130802
130803
130804
130808
130812
130813
130814
130815
130816
130817
130818
130819
130820
130822
130823
130825
130834
130838
130841
130845
130847
130848
130849
130850
130851
130852
130853
130861
130862
130863
130864
130865
130866
130867
130868
130869
130870
130871
130872
130873
130874
130882
130883
130884
130885
130886
130887
130888
130889
130890
130891
130892
130893
130894
130895
130896
130898
130899
130900
130901
130902
130903
130904
130905
130906
130907
130908
130909
130910
130911
130912
130913
130914
130915
130916
130927
130930
130945
130946
130947
130948
130949
130950
130951
130957
130959
130960
130961
130962
130963
130964
130967
130968
130969
130970
130971
130972
130983
130986
130990
131003
131006
131008
131009
131010
131011
131012
131013
131014
131015
131016
131017
131018
131019
131020
131021
131022
131024
131025
131026
131027
131028
131029
131030
131031
131032
131033
131034
131035
131036
131037
131038
131039
131040
131041
131042
131044
131045
131046
131047
131048
131049
131064
131065
131066
131067
131068
131069
131070
131076
131078
131079
131080
131081
131082
131084
131088
131091
131095
131098
131099
131100
131101
131102
131103
131104
131105
131106
131107
131108
131109
131110
131111
131112
131113
131114
131115
131116
131117
131118
131119
131120
131121
131122
131123
131124
131125
131126
131134
131135
131136
131137
131138
131139
131140
131141
131142
131143
131144
131145
131146
131147
131148
131149
131150
131151
131152
131153
131154
131155
131156
131157
131158
131159
131160
131161
131165
131167
131172
131173
131176
131177
131178
131179
131180
131181
131182
131183
131184
131185
131186
131187
131188
131189
131204
131205
131206
131207
131208
131209
131210
131211
131212
131213
131214
131215
131216
131217
131218
131220
131221
131222
131223
131224
131225
131226
131227
131228
131229
131230
131231
131232
131233
131234
131235
131236
131237
131238
131242
131255
131257
131261
131262
131263
131264
131265
131266
131274
131275
131276
131277
131278
131279
131280
131285
131288
131289
131290
131291
131292
131294
131317
131330
131331
131332
131333
131334
131335
131336
131337
131338
131339
131340
131341
131342
131343
131344
131345
131347
131348
131350
131358
131359
131360
131361
131362
131363
131364
131373
131378
131380
131384
131386
131387
131388
131389
131390
131391
131392
131400
131401
131402
131403
131404
131405
131406
131407
131408
131409
131410
131411
131412
131413
131417
131421
131422
131423
131424
131425
131426
131427
131428
131429
131431
131432
131433
131435
131436
131437
131438
131439
131440
131442
131443
131444
131447
131448
131449
131450
131451
131452
131453
131454
131455
131456
131457
131458
131460
131461
131462
131470
131471
131472
131473
131474
131475
131476
131477
131478
131479
131480
131481
131482
131483
131484
131485
131487
131488
131490
131498
131499
131500
131501
131502
131503
131504
131505
131506
131507
131508
131509
131510
131511
131519
131520
131521
131522
131523
131524
131525
131526
131527
131528
131529
131530
131531
131532
131541
131546
131548
131551
131557
131561
131562
131563
131564
131565
131566
131567
131568
131569
131571
131572
131573
131576
131598
131599
131600
131603
131604
131605
131607
131609
131612
131613
131614
131626
131640
131645
131646
131647
131648
131649
131650
131651
131652
131654
131656
131657
131666
131667
131668
131669
131670
131671
131672
131673
131674
131675
131676
131677
131678
131679
131680
131681
131682
131683
131684
131685
131686
131687
131688
131689
131690
131691
131692
131693
131701
131702
131703
131704
131705
131706
131707
131708
131709
131710
131711
131712
131713
131714
131715
131716
131717
131718
131719
131720
131721
131722
131723
131724
131725
131726
131727
131728
131729
131730
131731
131732
131733
131734
131735
131736
131737
131738
131739
131740
131741
131742
131743
131744
131745
131746
131747
131748
131749
131750
131752
131754
131755
131764
131765
131766
131767
131768
131769
131770
131771
131772
131773
131774
131775
131776
131777
131778
131779
131780
131781
131782
131783
131784
131785
131786
131787
131788
131789
131790
131791
131799
131800
131801
131802
131803
131804
131805
131806
131807
131808
131809
131810
131811
131812
131813
131814
131815
131816
131817
131818
131819
131820
131821
131822
131824
131825
131829
131830
131831
131843
131857
131862
131863
131865
131866
131867
131871
131872
131873
131885
131886
131889
131893
131906
131918
131919
131920
131921
131922
131923
131924
131925
131926
131927
131928
131929
131930
131931
131932
131933
131934
131935
131936
131937
131938
131939
131940
131941
131942
131943
131944
131945
131946
131947
131948
131949
131950
131951
131952
131960
131961
131962
131963
131964
131965
131966
131967
131968
131969
131970
131971
131972
131973
131974
131975
131976
131977
131978
131979
131980
131981
131984
131986
131987
131995
131996
131997
131998
131999
132000
132001
132002
132003
132004
132005
132006
132007
132008
132009
132010
132011
132012
132013
132014
132015
132016
132017
132018
132019
132020
132021
132022
132023
132024
132025
132026
132027
132028
132029
132030
132031
132032
132033
132034
132035
132036
132037
132038
132039
132040
132041
132042
132043
132044
132045
132046
132047
132048
132049
132050
132058
132059
132060
132061
132062
132063
132064
132065
132066
132067
132068
132069
132070
132071
132072
132073
132074
132075
132076
132077
132078
132079
132082
132083
132085
132093
132094
132095
132096
132097
132098
132099
132100
132101
132102
132103
132104
132105
132106
132107
132108
132109
132110
132111
132112
132113
132123
132124
132126
132131
132144
132157
132184
132185
132186
132188
132189
132191
132192
132193
132194
132196
132197
132198
132199
132200
132201
132202
132203
132204
132212
132213
132214
132216
132217
132218
132221
132226
132227
132228
132229
132230
132231
132232
132233
132234
132235
132237
132239
132248
132252
132255
132259
132261
132262
132263
132264
132265
132266
132267
132275
132276
132277
132278
132279
132280
132281
132282
132283
132284
132285
132286
132287
132288
132289
132290
132291
132292
132293
132294
132295
132296
132297
132298
132299
132300
132301
132302
132303
132304
132305
132308
132309
132310
132311
132312
132313
132314
132315
132316
132324
132325
132326
132328
132329
132331
132332
132333
132334
132335
132336
132338
132339
132340
132341
132342
132343
132344
132352
132353
132354
132356
132357
132358
132361
132366
132367
132368
132369
132370
132371
132372
132373
132374
132375
132377
132378
132380
132381
132382
132383
132384
132385
132386
132394
132395
132396
132397
132398
132399
132400
132401
132402
132403
132404
132405
132406
132407
132416
132420
132423
132427
132443
132444
132445
132446
132447
132448
132449
132450
132451
132452
132453
132454
132455
132456
132457
132459
132460
132461
132462
132463
132464
132465
132466
132467
132468
132469
132470
132471
132472
132473
132474
132475
132476
132477
132501
132504
132520
132521
132522
132523
132524
132525
132526
132532
132534
132535
132536
132537
132538
132539
132542
132543
132544
132545
132546
132547
132555
132556
132557
132558
132559
132560
132561
132562
132563
132564
132565
132566
132567
132568
132569
132570
132571
132572
132573
132574
132575
132576
132577
132578
132579
132580
132581
132582
132586
132588
132593
132594
132597
132598
132599
132600
132601
132602
132603
132604
132605
132606
132607
132608
132609
132610
132618
132619
132620
132621
132622
132623
132624
132625
132626
132627
132628
132629
132630
132631
132632
132633
132634
132635
132636
132637
132638
132639
132640
132641
132642
132643
132644
132645
132646
132647
132648
132649
132650
132651
132652
132653
132654
132655
132656
132657
132658
132659
132663
132664
132670
132671
132674
132675
132676
132677
132678
132679
132680
132683
132690
132692
132711
132713
132737
132738
132739
132740
132741
132742
132743
132749
132751
132752
132753
132754
132755
132756
132766
132767
132768
132769
132770
132771
132772
132773
132774
132775
132776
132777
132778
132779
132780
132781
132782
132783
132784
132785
132786
132788
132789
132790
132791
132792
132793
132794
132795
132796
132797
132798
132799
132800
132801
132802
132803
132804
132805
132806
132816
132823
132825
132836
132837
132838
132839
132840
132841
132849
132850
132851
132852
132853
132854
132855
132860
132863
132864
132865
132866
132867
132869
132877
132878
132879
132880
132881
132882
132884
132885
132886
132889
132890
132891
132892
132893
132894
132895
132896
132897
132898
132899
132900
132902
132903
132904
132912
132913
132914
132915
132916
132917
132918
132919
132920
132921
132922
132923
132924
132925
132926
132927
132928
132930
132931
132933
132934
132935
132936
132937
132938
132939
132947
132948
132949
132950
132951
132952
132953
132961
132962
132963
132964
132965
132966
132967
132968
132969
132970
132971
132972
132973
132974
132983
132988
132990
132993
132998
133003
133004
133005
133006
133007
133008
133009
133010
133011
133012
133014
133015
133017
133018
133019
133020
133021
133022
133023
133024
133025
133026
133027
133028
133029
133030
133031
133032
133033
133034
133035
133036
133037
133038
133039
133040
133041
133042
133043
133044
133045
133047
133049
133050
133059
133060
133061
133062
133063
133064
133065
133066
133067
133068
133069
133070
133071
133072
133073
133074
133075
133076
133077
133078
133079
133080
133081
133082
133083
133084
133085
133086
133087
133088
133089
133090
133091
133092
133093
133101
133102
133103
133104
133105
133106
133107
133108
133109
133110
133111
133112
133113
133114
133115
133116
133117
133118
133119
133120
133121
133122
133123
133124
133125
133126
133127
133128
133129
133130
133131
133132
133133
133134
133135
133136
133137
133138
133139
133140
133141
133142
133143
133144
133145
133146
133147
133148
133149
133157
133158
133159
133160
133161
133162
133163
133164
133165
133166
133167
133168
133169
133170
133171
133172
133173
133174
133175
133176
133177
133178
133180
133182
133183
133192
133193
133194
133195
133196
133197
133198
133199
133200
133201
133202
133203
133204
133205
133206
133207
133208
133209
133210
133211
133212
133213
133214
133215
133216
133217
133218
133219
133220
133221
133222
133223
133224
133225
133226
133227
133228
133229
133232
133233
133234
133235
133236
133237
133238
133239
133240
133248
133249
133250
133251
133252
133253
133255
133256
133257
133259
133260
133262
133263
133264
133265
133266
133267
133268
133269
133270
133271
133273
133274
133275
133283
133284
133285
133286
133287
133288
133289
133297
133298
133299
133300
133301
133302
133303
133304
133305
133306
133307
133308
133309
133310
133313
133318
133319
133320
133321
133322
133323
133324
133325
133326
133327
133329
133330
133340
133344
133347
133350
133362
133364
133369
133376
133378
133402
133403
133404
133405
133406
133407
133408
133414
133416
133417
133418
133419
133420
133421
133424
133425
133426
133427
133428
133429
133438
133451
133452
133453
133455
133456
133460
133461
133462
133474
133488
133502
133503
133505
133509
133523
133592
133605
133606
133607
133608
133609
133610
133611
133615
133618
133633
133634
133635
133636
133637
133638
133639
133640
133641
133643
133644
133647
133648
133649
133650
133652
133653
133661
133662
133663
133664
133665
133666
133667
133668
133669
133670
133671
133672
133673
133674
133675
133676
133677
133678
133679
133680
133681
133682
133684
133685
133686
133687
133688
133689
133690
133691
133692
133693
133694
133695
133794
133795
133796
133797
133798
133799
133800
133801
133802
133803
133804
133805
133806
133807
133808
133809
133810
133811
133812
133813
133814
133815
133816
133817
133818
133819
133820
133821
133822
133823
133824
133825
133826
133827
133828
133948
133949
133951
133952
133953
133960
133962
133963
133964
133965
133966
133967
133968
133969
133970
133971
133972
133973
133974
133975
133976
133977
133978
133979
133980
133981
133982
134116
134117
134118
134119
134120
134121
134122
134123
134124
134125
134126
134127
134128
134129
134130
134131
134132
134133
134134
134135
134136
134137
134139
134140
134141
134142
134143
134144
134145
134146
134147
134148
134149
134150
134158
134159
134160
134161
134162
134163
134164
134165
134166
134168
134169
134172
134173
134174
134175
134176
134178
134285
134320
134340
134341
134342
134343
134344
134345
134346
134347
134348
134349
134352
134354
134355
134357
134358
134359
134360
134361
134362
134363
134364
134365
134366
134367
134375
134376
134377
134378
134379
134380
134381
134382
134383
134384
134385
134386
134387
134388
134389
134390
134391
134394
134396
134397
134399
134400
134401
134402
134403
134404
134405
134406
134407
134408
134409
134417
134418
134419
134420
134421
134422
134423
134495
134496
134497
134498
134499
134515
134516
134517
134518
134519
134520
134521
134522
134523
134524
134526
134529
134530
134532
134533
134534
134535
134536
134537
134538
134539
134540
134541
134542
134550
134551
134552
134553
134554
134555
134556
134607
134634
134635
134636
134637
134638
134639
134640
134641
134642
134644
134645
134648
134649
134650
134651
134653
134654
134655
134656
134657
134658
134659
134660
134661
134665
134668
134683
134684
134685
134686
134687
134688
134689
134690
134691
134692
134693
134694
134695
134696
134697
134698
134699
134700
134701
134702
134703
134704
134705
134706
134707
134708
134709
134710
134711
134713
134714
134715
134716
134717
134830
134831
134832
134833
134834
134835
134836
134837
134838
134839
134840
134841
134842
134843
134844
134845
134846
134847
134848
134849
134850
134851
134852
134853
134854
134855
134856
134857
134858
134860
134861
134862
134863
134864
134865
134866
134867
134868
134869
134870
134871
134875
134878
134956
134957
134958
134959
134960
134961
134962
134963
134964
134965
134966
134967
134968
134969
134970
134971
134972
134973
134974
134975
134976
134977
134978
134979
134980
134981
134982
134983
134984
134985
134986
134987
134988
134989
134990
135110
135111
135112
135114
135115
135121
135124
135125
135126
135127
135128
135129
135130
135131
135132
135133
135134
135135
135136
135137
135257
135258
135260
135261
135262
135269
135271
135272
135273
135274
135275
135276
135277
135278
135279
135280
135281
135282
135283
135284
135285
135286
135287
135288
135289
135290
135291
135411
135412
135413
135414
135415
135416
135417
135418
135419
135420
135421
135422
135423
135424
135425
135426
135427
135428
135429
135430
135431
135432
135433
135434
135435
135436
135437
135438
135439
135440
135441
135442
135443
135444
135445
135446
135447
135449
135450
135451
135457
135586
135587
135588
135589
135590
135591
135592
135593
135594
135595
135596
135597
135598
135599
135600
135601
135602
135603
135604
135605
135606
135607
135609
135610
135611
135612
135613
135614
135615
135616
135617
135618
135619
135620
135628
135629
135630
135631
135632
135633
135634
135642
135643
135644
135646
135649
135650
135651
135652
135653
135654
135754
135755
135756
135757
135758
135759
135760
135763
135765
135775
135776
135777
135778
135779
135780
135781
135789
135790
135791
135793
135796
135797
135798
135799
135800
135801
135888
135916
135917
135918
135919
135920
135936
135937
135938
135939
135940
135941
135942
135943
135944
135945
135947
135950
135951
135952
135954
135955
135956
135957
135958
135959
135960
135961
135962
135963
135964
135965
135966
135967
135968
135969
135970
136048
136049
136050
136051
136052
136053
136054
136055
136056
136057
136060
136062
136063
136064
136066
136067
136068
136069
136070
136071
136072
136073
136074
136075
136076
136077
136078
136079
136080
136081
136082
136090
136091
136092
136093
136094
136095
136096
136097
136098
136099
136102
136104
136105
136106
136108
136109
136110
136111
136112
136113
136114
136115
136116
136117
136118
136119
136120
136121
136122
136123
136124
136133
136134
136135
136136
136137
136224
136244
136245
136246
136247
136248
136249
136250
136251
136252
136253
136254
136255
136256
136257
136258
136259
136260
136261
136262
136263
136264
136265
136266
136267
136268
136269
136270
136271
136272
136274
136275
136276
136277
136278
136286
136287
136288
136289
136290
136291
136292
136295
136298
136405
136406
136407
136409
136410
136416
136419
136420
136421
136422
136423
136424
136425
136426
136427
136428
136429
136430
136431
136432
136552
136553
136554
136555
136556
136557
136558
136559
136560
136561
136562
136563
136564
136565
136566
136567
136568
136569
136570
136571
136572
136573
136574
136575
136576
136577
136578
136579
136580
136581
136582
136583
136584
136585
136586
136587
136588
136589
136591
136592
136598
136720
136721
136722
136723
136724
136725
136726
136734
136735
136736
136738
136741
136742
136743
136744
136745
136746
136748
136749
136750
136751
136752
136753
136754
136757
136759
144659
144661
144663
144668
144671
144680
144685
144694
144695
144696
144698
144728
144729
144730
144731
144732
144733
144734
144741
144744
144748
144756
144757
144758
144759
144761
144762
144764
144768
144769
144770
144771
144772
144775
144776
144777
144778
144779
144780
144781
144782
144783
144805
144806
144807
144808
144809
144810
144811
144814
144818
144825
144833
144834
144835
144836
144838
144839
144840
144841
144842
144845
144846
144848
144852
144853
144918
144919
144921
144927
144930
144939
144943
144946
144947
144948
144950
145001
145002
145003
145004
145005
145006
145007
145008
145009
145010
145011
145012
145013
145014
145015
145016
145017
145018
145019
145020
145021
145022
145023
145024
145025
145026
145027
145028
145029
145030
145031
145032
145033
145034
145035
145036
145037
145038
145039
145040
145041
145042
145043
145044
145045
145046
145047
145048
145049
145050
145051
145052
145053
145054
145055
145056
145057
145058
145059
145060
145061
145062
145063
145064
145065
145066
145067
145068
145069
145070
145071
145072
145073
145074
145075
145076
145077
145099
145100
145101
145102
145103
145104
145105
145120
145121
145122
145123
145124
145125
145126
145127
145128
145129
145130
145131
145132
145133
145134
145135
145136
145137
145138
145139
145140
145141
145142
145143
145144
145145
145146
145147
145148
145149
145150
145151
145152
145153
145154
145205
145218
145219
145220
145221
145222
145223
145224
145247
145260
145261
145262
145263
145264
145265
145266
145267
145268
145269
145270
145271
145272
145273
145274
145275
145276
145277
145278
145279
145280
145281
145282
145283
145284
145285
145286
145287
145302
145303
145304
145305
145306
145307
145308
145309
145310
145311
145312
145313
145314
145315
145316
145317
145318
145319
145320
145321
145322
145323
145324
145325
145326
145327
145328
145329
145344
145345
145346
145347
145348
145349
145351
145352
145353
145354
145355
145356
145357
145358
145359
145360
145361
145362
145363
145364
145365
145368
145369
145372
145375
145376
145379
145381
145382
145383
145384
145385
145393
145394
145395
145396
145397
145398
145399
145400
145401
145402
145403
145404
145405
145406
145407
145408
145409
145410
145411
145412
145413
145414
145415
145416
145417
145418
145419
145420
145421
145422
145423
145424
145425
145426
145427
145428
145429
145430
145431
145432
145433
145434
145435
145436
145437
145438
145439
145440
145441
145449
145450
145451
145452
145453
145454
145455
145456
145457
145458
145459
145460
145461
145463
145464
145465
145466
145467
145468
145469
145470
145472
145474
145477
145479
145480
145481
145482
145483
145484
145487
145488
145492
145496
145507
145511
145513
145514
145515
145516
145517
145518
145526
145527
145528
145529
145530
145531
145532
145533
145534
145535
145536
145537
145538
145539
145540
145541
145542
145543
145544
145545
145546
145566
145580
145582
145585
145586
145588
145589
145590
145591
145592
145593
145594
145597
145600
145605
145609
145618
145619
145620
145621
145622
145623
145631
145632
145633
145634
145635
145636
145637
145653
145656
145659
145660
145661
145662
145663
145664
145665
145666
145667
145669
145670
145671
145673
145676
145677
145679
145687
145688
145689
145690
145691
145692
145693
145694
145695
145696
145697
145698
145699
145700
145701
145702
145703
145704
145705
145706
145707
145708
145709
145710
145711
145712
145713
145714
145715
145718
145720
145721
145722
145723
145724
145725
145726
145727
145728
145729
145730
145731
145732
145733
145734
145735
145736
145738
145739
145740
145741
145742
145751
145752
145753
145754
145755
145758
145760
145761
145762
145780
145782
145803
145817
145820
145822
145824
145825
145827
145828
145829
145830
145831
145832
145834
145835
145836
145837
145838
145839
145840
145869
145870
145871
145872
145873
145874
145875
145877
145880
145883
145884
145885
145887
145888
145890
145892
145894
145895
145897
145898
145899
145900
145901
145902
145903
145911
145913
145915
145917
145918
145919
145920
145921
145922
145923
145924
145925
145926
145927
145928
145929
145930
145931
145932
145934
145935
145936
145937
145938
145940
145941
145942
145943
145944
145954
145955
145957
145958
145969
145971
146011
146012
146015
146017
146019
146022
146044
146045
146046
146047
146048
146049
146050
146051
146052
146053
146054
146055
146056
146057
146058
146059
146060
146061
146062
146063
146064
146065
146066
146067
146068
146069
146070
146071
146072
146073
146075
146076
146077
146078
146109
146110
146113
146115
146116
146119
146128
146129
146130
146131
146132
146133
146134
146135
146136
146137
146138
146139
146140
146141
146156
146157
146158
146159
146160
146161
146162
146163
146164
146167
146168
146170
146171
146172
146173
146174
146175
146177
146178
146179
146180
146181
146182
146183
146188
146195
146198
146200
146201
146202
146205
146206
146207
146208
146209
146210
146211
146212
146213
146214
146215
146216
146217
146218
146219
146220
146222
146223
146224
146225
146226
146227
146228
146229
146230
146231
146232
146233
146234
146235
146236
146237
146238
146239
146240
146241
146242
146243
146244
146245
146247
146248
146251
146252
146254
146255
146256
146257
146258
146259
146260
146265
146268
146270
146271
146272
146279
147724
147725
147726
147727
147728
147729
147730
147731
147732
147733
147734
147735
147736
147738
147739
147740
147741
147742
147743
147744
147745
147749
147752
147754
147755
147756
147758
147759
147761
147762
147763
147794
147795
147796
147797
147798
147799
147800
147801
147802
147803
147804
147805
147806
147807
147808
147810
147811
147812
147813
147814
147983
147984
147985
147986
147987
147988
147989
147990
147991
147992
147993
147994
147995
147996
147997
147999
148000
148001
148002
148003
148011
148012
148013
148014
148015
148016
148017
148018
148019
148020
148021
148022
148023
148025
148026
148027
148028
148029
148030
148031
148032
148036
148039
148041
148042
148043
148045
148046
148048
148049
148050
148138
148140
148151
148152
148153
148154
148155
148156
148157
148158
148159
148160
148161
148162
148163
148164
148165
148166
148167
148168
148169
148170
148171
148249
148250
148251
148252
148253
148254
148255
148256
148257
148258
148259
148260
148261
148262
148354
148355
148356
148357
148358
148359
148360
148361
148362
148363
148364
148365
148366
148367
148466
148467
148468
148469
148470
148471
148472
148473
148474
148475
148476
148477
148478
148479
148543
148544
148545
148546
148547
148548
148549
148550
148551
148552
148553
148554
148555
148556
148635
148637
148641
148642
148643
148644
148645
148646
148647
148648
148649
148650
148651
148652
148653
148654
148655
148656
148657
148658
148659
148660
148661
148683
148684
148685
148686
148687
148688
148689
148690
148691
148692
148693
148694
148695
148696
148697
148698
148699
148700
148701
148702
148704
148706
148707
148708
148710
148711
148715
148718
148720
148721
148722
148796
148797
148809
148810
148811
148812
148813
148814
148815
148816
148817
148818
148819
148820
148821
148822
148823
148824
148825
148826
148827
148828
148829
148928
148929
148930
148931
148932
148933
148934
149362
149363
149364
149365
149366
149367
149368
149433
149434
149439
149440
149441
149442
149443
149444
149445
149446
149447
149448
149449
149450
149451
149452
149453
149454
149455
149456
149457
149458
149459
149467
149468
149469
149470
149471
149472
149473
149474
149475
149476
149477
149478
149479
149480
149481
149482
149483
149484
149485
149486
149488
149490
149491
149492
149494
149495
149499
149502
149504
149505
149506
149523
149524
149525
149526
149527
149528
149529
149530
149531
149532
149533
149534
149535
149536
149537
149539
149540
149541
149542
149543
149635
149636
149637
149638
149639
149640
149641
149642
149643
149644
149645
149646
149647
149648
150209
150210
150211
150212
150213
150214
150215
150216
150217
150218
150219
150220
150221
150222
150237
150238
150239
150240
150241
150242
150243
150244
150245
150246
150247
150248
150249
150250
150251
150253
150254
150255
150256
150257
150440
150441
150442
150443
150444
150445
150446
150447
150448
150449
150450
150451
150452
150453
150454
150455
150456
150457
150458
150459
150460
150461
150462
150463
150464
150465
150466
150467
151077
151078
151079
151080
151081
151082
151083
151084
151085
151086
151087
151088
151089
151090
151091
151092
151093
151094
151095
151096
151097
151098
151099
151100
151101
151102
151103
151104
151343
151344
151345
151346
151347
151348
151349
151350
151351
151352
151353
151354
151355
151356
151357
151358
151359
151360
151361
151362
151363
151364
151365
151366
151367
151368
151369
151370
151371
151372
151373
151374
151375
151376
151377
151378
151379
151380
151381
151382
151383
151384
151994
151995
151996
151997
151998
151999
152000
152001
152002
152003
152004
152005
152006
152007
152008
152009
152010
152011
152012
152013
152014
152015
152016
152017
152018
152019
152020
152021
152022
152023
152024
152025
152026
152027
152028
152029
152030
152031
152032
152033
152034
152035
152127
152128
152129
152130
152131
152132
152133
152134
152135
152136
152137
152138
152139
152140
152141
152143
152144
152145
152146
152147
152211
152212
152213
152214
152215
152216
152217
152218
152219
152220
152221
152222
152223
152224
152225
152226
152227
152228
152229
152230
152231
152232
152233
152234
152235
152236
152237
152238
152743
152744
152745
152746
152747
152748
152749
152806
152807
152808
152809
152810
152811
152812
152813
152814
152815
152816
152817
152818
152819
152834
152835
152836
152837
152838
152839
152840
152841
152842
152843
152844
152845
152846
152847
152848
152850
152851
152852
152853
152854
152862
152863
152864
152865
152866
152867
152868
152869
152870
152871
152872
152873
152874
152876
152877
152878
152879
152880
152881
152882
152883
152887
152890
152892
152893
152894
152896
152897
152899
152900
152901
152960
152961
152962
152963
152964
152965
152966
152967
152968
152969
152970
152971
152972
152973
152974
152975
152976
152977
152978
152979
152980
153003
153005
153100
153101
153102
153103
153104
153105
153106
153443
153444
153445
153446
153447
153448
153449
153576
153577
153578
153579
153580
153581
153582
153583
153584
153585
153586
153587
153588
153589
153590
153591
153592
153593
153594
153595
153596
153597
153598
153599
153600
153601
153602
153603
153604
153605
153606
153607
153608
153609
153610
153611
153612
153613
153614
153615
153616
153617
153618
153619
153620
153621
153622
153623
153624
153625
153626
153627
153628
153629
153630
153631
153632
153633
153634
153635
153636
153637
153638
153639
153640
153641
153642
153643
153644
153645
153646
153647
153648
153649
153650
153651
153652
153653
153654
153655
153656
153657
153658
153659
153660
153661
153662
153663
153664
153665
153666
153681
153682
153683
153684
153685
153686
153687
153688
153689
153690
153691
153692
153693
153694
153695
153696
153697
153698
153699
153700
153701
153702
153703
153704
153705
153706
153707
153708
153731
153733
153744
153745
153746
153747
153748
153749
153750
153751
153752
153753
153754
153755
153756
153758
153759
153760
153761
153762
153763
153764
153765
153767
153768
153769
153772
153776
153779
153781
153782
153783
153785
153842
153843
153844
153845
153846
153847
153848
153849
153850
153851
153852
153853
153854
153855
153856
153857
153858
153859
153860
153861
153862
153885
153886
153947
153948
153949
153950
153951
153952
153953
153954
153955
153956
153957
153958
153959
153960
154066
154067
154068
154069
154070
154071
154072
154073
154074
154075
154076
154077
154078
154079
154185
154186
154187
154188
154189
154190
154191
154192
154193
154194
154195
154196
154197
154198
154255
154256
154257
154258
154259
154260
154261
154262
154263
154264
154265
154266
154267
154268
154283
154284
154285
154286
154287
154288
154289
154290
154291
154292
154293
154294
154295
154296
154297
154298
154299
154300
154301
154302
154303
154304
154305
154306
154307
154308
154309
154310
154333
154334
154360
154361
154362
154363
154364
154365
154366
154367
154368
154369
154370
154371
154372
154373
154374
154375
154376
154377
154378
154379
154381
154383
154384
154385
154387
154388
154392
154395
154397
154398
154399
154416
154417
154418
154419
154420
154421
154422
154423
154424
154425
154426
154427
154428
154429
154430
154432
154433
154434
154435
154436
154563
154564
154565
154566
154567
154568
154569
154570
154571
154572
154573
154574
154575
154576
154577
154579
154580
154581
154582
154583
154605
154606
154607
154608
154609
154610
154611
154612
154613
154614
154615
154616
154617
154618
154619
154620
154621
154622
154623
154624
154626
154628
154629
154630
154633
154635
154636
154637
154639
154640
154644
154703
154704
154705
154706
154707
154708
154709
154710
154711
154712
154713
154714
154715
154716
154752
154753
154754
154755
154756
154757
154758
154759
154760
154761
154762
154763
154764
154765
154766
154767
154768
154769
154770
154771
154772
154787
154788
154789
154790
154791
154792
154793
154794
154795
154796
154797
154798
154799
154800
154801
154802
154803
154804
154805
154806
154807
154809
154810
154813
154817
154821
154830
154831
154832
154834
154837
154842
154887
154888
154891
154901
154914
154916
154919
154927
154928
154929
154930
154931
154932
154933
154984
154986
154989
155000
155019
155021
155024
155060
155061
155062
155063
155064
155065
155066
155067
155068
155069
155070
155071
155072
155073
155074
155075
155076
155077
155078
155079
155080
155081
155082
155083
155084
155085
155086
155087
155102
155103
155104
155105
155106
155107
155108
155109
155110
155111
155112
155113
155114
155115
155116
155117
155118
155119
155120
155121
155122
155123
155124
155125
155126
155127
155128
155129
155130
155131
155132
155133
155134
155135
155136
155228
155229
155230
155231
155232
155233
155234
155235
155236
155237
155238
155239
155240
155241
155262
155263
155264
155265
155266
155268
155269
155271
155275
155276
155278
155280
155282
155283
155284
155285
155286
155287
155288
155289
155290
155291
155292
155293
155294
155295
155296
155297
155304
155308
155311
155319
155320
155321
155324
155325
155326
155327
155328
155329
155331
155332
155334
155338
155339
155340
155341
155342
155343
155344
155345
155346
155347
155348
155349
155350
155351
155352
155353
155374
155376
155380
155381
155383
155385
155387
155388
155389
155390
155391
155392
155394
155395
155459
155460
155461
155462
155463
155464
155465
155466
155467
155468
155469
155470
155471
155472
155480
155481
155482
155483
155484
155485
155486
155487
155488
155489
155490
155491
155492
155493
155507
155515
155516
155517
155518
155520
155521
155523
155525
155527
155528
155530
155534
155535
155536
155537
155538
155539
155540
155541
155542
155543
155544
155545
155546
155547
155548
155549
155552
155556
155563
155572
155576
155577
155578
155579
155580
155581
155583
155584
155585
155586
155587
155590
155591
155592
155593
155594
155595
155596
155597
155598
155599
155600
155601
155602
155603
155604
155605
155619
155628
155630
155632
155633
155635
155639
155640
155641
155642
155643
155644
155646
155647
155648
155649
155650
155651
155652
155653
155654
155655
155656
155657
155658
155659
155660
155661
155662
155663
155664
155665
155666
155667
155668
155704
155705
155706
155707
155708
155709
155710
155711
155712
155713
155714
155715
155716
155717
155718
155719
155720
155721
155722
155723
155724
155739
155740
155741
155742
155743
155744
155745
155746
155747
155748
155749
155750
155751
155752
155753
155754
155755
155756
155757
155758
155759
155760
155761
155762
155763
155764
155765
155766
155767
155768
155769
155770
155771
155772
155773
155774
155775
155776
155777
155778
155779
155780
155809
155810
155811
155812
155813
155814
155815
155816
155817
155818
155819
155820
155821
155822
155823
155824
155825
155826
155827
155828
155829
155859
155860
155863
155867
155871
155880
155881
155882
155884
155887
155892
155935
155936
155937
155938
155939
155940
155941
155944
155945
155948
155958
155971
155973
155976
155984
155985
155986
155987
155988
155989
155990
155991
155992
155993
155994
155995
155996
155997
155998
155999
156000
156001
156002
156003
156004
156055
156057
156059
156064
156067
156076
156081
156090
156091
156092
156094
156096
156097
156098
156099
156100
156101
156102
156140
156141
156144
156154
156167
156169
156172
156258
156259
156262
156274
156286
156288
156291
156334
156335
156336
156337
156338
156339
156340
156341
156342
156343
156344
156345
156346
156347
156348
156349
156350
156351
156352
156353
156354
156355
156356
156357
156358
156359
156360
156361
156362
156363
156364
156365
156366
156367
156368
156369
156370
156371
156372
156373
156374
156375
156376
156377
156378
156379
156380
156381
156382
156383
156384
156385
156386
156387
156388
156389
156390
156391
156392
156393
156394
156395
156396
156397
156398
156399
156400
156401
156402
156403
156404
156405
156406
156407
156408
156409
156410
156411
156412
156413
156414
156415
156416
156417
156418
156419
156420
156421
156422
156423
156424
156425
156426
156427
156428
156429
156430
156431
156434
156435
156436
156442
156445
156461
156465
156468
156469
156470
156472
156524
156526
156528
156539
156545
156547
156550
156565
156566
156567
156568
156569
156570
156571
156607
156608
156609
156610
156611
156612
156613
156614
156615
156616
156617
156618
156619
156620
156621
156622
156623
156624
156625
156626
156627
156642
156643
156644
156645
156646
156647
156648
156649
156650
156651
156652
156653
156654
156655
156656
156657
156658
156659
156660
156661
156662
156663
156664
156665
156666
156667
156668
156669
156698
156699
156700
156701
156702
156703
156704
156705
156706
156707
156708
156709
156710
156711
156712
156713
156714
156715
156716
156717
156718
156733
156734
156735
156736
156737
156738
156739
156740
156741
156742
156743
156744
156745
156746
156768
156769
156770
156771
156772
156773
156774
156781
156785
156788
156796
156797
156798
156801
156802
156803
156804
156805
156806
156808
156809
156811
156815
156816
156817
156818
156819
156820
156821
156822
156823
156824
156825
156826
156827
156828
156829
156830
156851
156853
156857
156858
156860
156862
156864
156865
156866
156867
156868
156869
156871
156872
156873
156874
156875
156876
156877
156878
156879
156880
156881
156882
156883
156884
156885
156886
156887
156888
156889
156890
156891
156892
156893
156894
156895
156896
156897
156898
156899
156900
156901
156902
156903
156904
156905
156906
156907
156908
156909
156910
156911
156912
156913
156914
156915
156916
156917
156918
156919
156920
156921
156922
156923
156924
156925
156926
156927
156928
156929
156930
156931
156932
156933
156934
156935
156936
156937
156938
156939
156940
156941
156942
156943
156944
156945
156946
156947
156948
156949
156950
156951
156952
156953
156954
156955
156956
156957
156958
156959
156960
156961
156962
156963
156970
156973
156977
156985
156986
156987
156988
156990
156991
156993
156997
156998
156999
157000
157001
157004
157005
157006
157007
157008
157009
157010
157011
157012
157013
157014
157015
157016
157017
157018
157019
157020
157021
157022
157023
157024
157025
157026
157047
157049
157053
157054
157056
157058
157060
157061
157062
157063
157064
157065
157067
157068
157139
157140
157141
157142
157143
157144
157145
157148
157152
157159
157168
157172
157173
157174
157175
157176
157177
157179
157180
157181
157182
157183
157186
157187
157188
157189
157190
157191
157192
157193
157194
157195
157196
157197
157198
157199
157200
157201
157215
157224
157226
157228
157229
157231
157235
157236
157237
157238
157239
157240
157242
157243
157244
157245
157246
157247
157248
157249
157250
157251
157252
157253
157254
157255
157256
157257
157258
157259
157260
157261
157262
157263
157264
157267
157271
157278
157286
157287
157288
157289
157291
157292
157293
157294
157295
157298
157299
157301
157305
157306
157307
157308
157309
157310
157311
157312
157313
157314
157315
157316
157317
157318
157319
157320
157321
157322
157323
157324
157325
157326
157327
157341
157350
157352
157354
157355
157357
157361
157362
157363
157364
157365
157366
157368
157369
157440
157441
157442
157443
157444
157445
157446
157447
157448
157449
157450
157451
157452
157453
157461
157462
157463
157464
157465
157466
157467
157468
157469
157470
157471
157472
157473
157474
157475
157476
157477
157478
157479
157480
157481
157510
157511
157512
157513
157514
157515
157516
157517
157518
157519
157520
157521
157522
157523
157524
157525
157526
157527
157528
157529
157530
157595
157596
157598
157604
157607
157616
157620
157623
157624
157625
157627
157636
157637
157638
157639
157640
157641
157642
157679
157681
157683
157694
157700
157702
157705
157722
157723
157724
157730
157733
157749
157753
157756
157757
157758
157760
157811
157812
157813
157814
157815
157816
157817
157819
157821
157823
157834
157840
157842
157845
157923
157924
157925
157926
157927
157928
157929
157930
157931
157932
157933
157934
157935
157936
157937
157938
157939
157940
157941
157942
157943
158007
158008
158009
158010
158011
158012
158014
158015
158016
158017
158018
158019
158020
158021
158022
158023
158024
158025
158026
158027
158028
158031
158032
158035
158038
158039
158042
158044
158045
158046
158047
158048
158049
158050
158051
158052
158053
158054
158055
158056
158057
158058
158059
158060
158061
158062
158063
158064
158065
158066
158067
158068
158069
158084
158085
158086
158088
158090
158091
158092
158095
158096
158098
158099
158100
158101
158102
158103
158104
158105
158106
158107
158108
158109
158110
158111
158112
158118
158133
158134
158135
158136
158137
158138
158139
158140
158141
158142
158143
158144
158145
158146
158147
158148
158149
158150
158151
158152
158153
158154
158155
158156
158157
158158
158159
158160
158161
158162
158163
158164
158165
158166
158167
158168
158169
158170
158172
158173
158174
158175
158176
158177
158178
158179
158180
158181
158182
158183
158184
158185
158186
158187
158188
158189
158190
158191
158192
158193
158194
158195
158196
158197
158198
158199
158200
158201
158202
158203
158204
158205
158206
158207
158208
158209
158210
158211
158212
158213
158214
158215
158216
158217
158218
158219
158220
158221
158222
158223
158224
158225
158226
158228
158229
158230
158231
158232
158233
158234
158235
158236
158237
158238
158239
158240
158241
158242
158243
158244
158245
158246
158247
158248
158249
158250
158251
158252
158253
158254
158255
158256
158257
158258
158259
158260
158261
158262
158263
158264
158265
158266
158267
158268
158270
158272
158273
158274
158277
158278
158280
158281
158282
158283
158284
158285
158286
158287
158288
158289
158290
158291
158292
158293
158294
158300
158322
158323
158324
158325
158326
158327
158329
158330
158331
158332
158333
158334
158335
158336
158337
158338
158339
158340
158341
158342
158343
158345
158346
158347
158348
158349
158350
158353
158354
158357
158360
158361
158379
158380
158381
158382
158383
158384
158387
158394
158401
158405
158422
158426
158435
158436
158437
158438
158439
158440
158448
158452
158453
158455
158456
158457
158459
158460
158461
158462
158463
158464
158465
158466
158467
158468
158469
158470
158471
158472
158473
158474
158475
158476
158479
158482
158483
158485
158489
158490
158492
158493
158494
158495
158496
158497
158498
158499
158500
158501
158502
158503
158504
158505
158506
158507
158509
158510
158511
158512
158513
158514
158515
158516
158517
158518
158519
158520
158521
158522
158523
158524
158525
158526
158527
158528
158529
158530
158531
158532
158533
158534
158535
158536
158537
158538
158539
158542
158545
158546
158549
158552
158553
158555
158556
158557
158558
158559
158560
158561
158562
158563
158565
158566
158567
158568
158569
158570
158571
158572
158573
158574
158575
158576
158577
158578
158579
158580
158596
158612
158615
158633
158636
158652
158653
158654
158655
158656
158657
158658
158659
158660
158661
158662
158663
158664
158665
158669
158670
158672
158673
158674
158676
158677
158678
158679
158680
158681
158682
158683
158684
158685
158694
158695
158696
158697
158698
158699
158702
158709
158728
158729
158730
158731
158732
158733
158734
158735
158736
158737
158738
158739
158740
158742
158743
158744
158745
158746
158747
158748
158749
158751
158753
158756
158758
158759
158760
158761
158762
158763
158766
158767
158770
158774
158775
158777
158778
158779
158781
158782
158783
158784
158785
158786
158787
158788
158789
158790
158793
158797
158814
158818
158827
158828
158829
158830
158831
158832
158840
158841
158842
158843
158844
158845
158846
158869
158875
158879
158880
158882
158883
158884
158885
158886
158887
158888
158889
158890
158891
158893
158894
158895
158896
158897
158898
158899
158900
158901
158902
158905
158909
158926
158930
158939
158940
158941
158942
158943
158944
158959
158960
158961
158962
158963
158964
158965
158966
158967
158968
158969
158970
158971
158973
158974
158975
158976
158977
158978
158979
158980
158983
158984
158987
158989
158991
158994
158996
158997
158998
158999
159000
159008
159009
159010
159011
159012
159013
159014
159015
159016
159017
159018
159019
159020
159021
159022
159023
159024
159025
159026
159027
159028
159043
159044
159045
159047
159048
159050
159051
159052
159053
159054
159055
159056
159057
159058
159061
159062
159064
159065
159066
159067
159068
159069
159070
159071
159076
159078
159080
159084
159085
159087
159088
159089
159090
159091
159092
159094
159098
159099
159100
159101
159102
159103
159104
159105
159106
159107
159108
159109
159110
159111
159112
159113
159114
159115
159116
159118
159119
159120
159121
159122
159123
159124
159125
159126
159127
159128
159129
159130
159131
159132
159133
159134
159136
159140
159141
159143
159144
159145
159146
159147
159148
159151
159154
159155
159156
159157
159158
159159
159160
159161
159162
159163
159164
159165
159167
159168
159169
159170
159171
159172
159173
159174
159175
159176
159177
159178
159179
159180
159181
159182
159197
159198
159199
159201
159202
159204
159205
159206
159207
159208
159209
159210
159211
159212
159215
159216
159218
159219
159220
159221
159222
159223
159224
159225
159230
159246
159247
159248
159249
159250
159251
159252
159253
159254
159255
159256
159257
159258
159259
159260
159261
159262
159263
159264
159265
159266
159267
159268
159269
159270
159271
159272
159273
159274
159275
159276
159277
159278
159279
159280
159281
159282
159283
159285
159286
159287
159288
159289
159290
159291
159292
159293
159294
159295
159296
159297
159298
159299
159300
159301
159302
159303
159304
159305
159306
159307
159308
159309
159310
159311
159312
159313
159314
159315
159316
159317
159318
159319
159320
159321
159322
159323
159324
159325
159326
159327
159328
159329
159344
159345
159346
159347
159348
159349
159350
159351
159352
159354
159355
159356
159357
159358
159359
159360
159361
159362
159363
159364
159365
159366
159367
159368
159369
159370
159371
159372
159373
159374
159375
159376
159377
159378
159379
159380
159381
159382
159383
159384
159385
159386
159387
159388
159389
159390
159391
159392
159393
159394
159395
159396
159397
159398
159399
159400
159401
159402
159403
159404
159405
159406
159407
159408
159409
159411
159412
159413
159414
159415
159416
159417
159418
159419
159420
159421
159422
159423
159424
159425
159426
159427
159442
159443
159444
159445
159446
159447
159448
159449
159450
159451
159453
159454
159455
159456
159457
159458
159459
159460
159461
159462
159463
159464
159465
159466
159467
159468
159469
159470
159471
159472
159473
159474
159475
159476
159477
159478
159479
159480
159481
159482
159483
159484
159485
159486
159487
159488
159489
159490
159491
159492
159493
159495
159497
159498
159499
159502
159503
159505
159506
159507
159508
159509
159510
159511
159512
159513
159514
159515
159516
159517
159518
159519
159525
159540
159541
159542
159543
159544
159545
159546
159547
159548
159549
159550
159551
159552
159553
159554
159557
159560
159561
159564
159567
159568
159570
159571
159572
159573
159574
159575
159576
159577
159578
159580
159581
159582
159583
159584
159585
159586
159587
159588
159589
159590
159591
159592
159593
159594
159595
159596
159597
159598
159599
159600
159601
159602
159603
159604
159605
159606
159607
159608
159609
159610
159613
159616
159617
159620
159623
159624
159626
159627
159628
159629
159630
159631
159632
159633
159634
159636
159637
159638
159639
159640
159641
159642
159643
159644
159645
159646
159647
159648
159649
159650
159651
159652
159653
159654
159655
159656
159657
159658
159659
159660
159661
159662
159663
159664
159665
159666
159667
159668
159669
159670
159671
159672
159673
159675
159676
159677
159679
159680
159681
159684
159685
159687
159688
159689
159690
159691
159692
159693
159694
159700
159701
159702
159703
159704
159705
159706
159707
159729
159730
159731
159732
159733
159734
159736
159737
159738
159739
159740
159741
159742
159743
159744
159745
159746
159747
159748
159749
159750
159752
159753
159754
159755
159756
159757
159760
159761
159764
159767
159768
159786
159801
159804
159816
159819
159835
159836
159837
159838
159839
159840
159848
159849
159850
159851
159852
159853
159854
159855
159859
159860
159862
159863
159864
159866
159867
159868
159869
159870
159871
159872
159873
159874
159875
159891
159904
159905
159906
159907
159908
159909
159910
159912
159916
159927
159931
159940
159941
159942
159943
159944
159945
159960
159964
159965
159967
159968
159969
159971
159972
159973
159974
159975
159976
159977
159978
159979
159980
159996
159997
159998
159999
160000
160001
160004
160011
160038
160044
160048
160049
160051
160052
160053
160054
160055
160056
160057
160058
160059
160060
160062
160063
160064
160065
160066
160067
160068
160069
160070
160071
160073
160077
160088
160092
160101
160102
160103
160104
160105
160106
160121
160122
160123
160124
160125
160126
160127
160128
160130
160134
160135
160137
160138
160139
160140
160141
160142
160145
160148
160149
160150
160151
160152
160153
160154
160155
160156
160157
160158
160159
160161
160162
160163
160164
160165
160166
160167
160168
160169
160170
160171
160172
160173
160174
160175
160176
160177
160178
160179
160180
160181
160182
160183
160184
160185
160186
160187
160188
160189
160190
160191
160193
160197
160198
160200
160201
160202
160203
160204
160205
160208
160211
160212
160213
160214
160215
160216
160217
160218
160219
160220
160221
160222
160224
160225
160226
160227
160228
160229
160230
160231
160232
160248
160261
160262
160263
160264
160265
160266
160267
160268
160272
160273
160275
160276
160277
160279
160280
160281
160282
160283
160284
160285
160286
160287
160288
160290
160294
160305
160309
160318
160319
160320
160321
160322
160323
160353
160354
160355
160356
160357
160358
160361
160368
160380
160381
160382
160383
160384
160385
160386
160387
160388
160389
160390
160391
160392
160394
160395
160396
160397
160398
160399
160400
160401
160404
160405
160408
160410
160412
160415
160417
160418
160419
160420
160421
160443
160444
160445
160447
160448
160450
160451
160452
160453
160454
160455
160456
160457
160458
160461
160462
160464
160465
160466
160467
160468
160469
160470
160471
160476
160478
160479
160480
160481
160482
160483
160484
160485
160486
160487
160488
160489
160490
160491
160492
160493
160494
160495
160496
160497
160498
160527
160528
160529
160530
160531
160532
160533
160534
160535
160537
160538
160539
160540
160541
160542
160543
160544
160545
160546
160547
160548
160549
160550
160551
160552
160553
160554
160576
160577
160578
160579
160580
160581
160582
160583
160584
160585
160587
160588
160589
160590
160591
160592
160593
160594
160595
160596
160597
160598
160599
160600
160601
160602
160603
160604
160605
160606
160607
160608
160609
160610
160611
160612
160613
160614
160615
160616
160617
160618
160619
160620
160621
160622
160623
160624
160625
160627
160628
160629
160630
160632
160633
160634
160635
160636
160637
160638
160639
160640
160643
160644
160646
160651
160653
160654
160655
160656
160657
160658
160659
160696
160697
160698
160699
160700
160703
160705
160706
160707
160725
160727
160738
160741
160744
160745
160746
160747
160748
160749
160750
160751
160752
160753
160755
160756
160758
160759
160760
160761
160762
160763
160764
160765
160768
160769
160771
160779
160782
160784
160785
160786
160787
160788
160789
160790
160791
160792
160793
160794
160795
160796
160797
160798
160799
160800
160802
160803
160804
160805
160806
160807
160808
160812
160813
160814
160815
160816
160817
160818
160819
160820
160821
160822
160823
160824
160825
160826
160827
160828
160830
160831
160832
160833
160834
160843
160846
160849
160850
160851
160852
160853
160854
160855
160856
160857
160859
160860
160861
160863
160866
160867
160869
160877
160878
160879
160880
160881
160882
160883
160892
160893
160894
160895
160896
160899
160900
160902
160903
160907
160909
160966
160979
160982
160983
160984
160985
160986
160987
160989
160992
160993
160995
160996
160997
160998
160999
161000
161001
161002
161003
161004
161005
161006
161007
161008
161009
161010
161014
161015
161016
161017
161018
161019
161020
161021
161022
161023
161046
161052
161053
161054
161055
161056
161057
161058
161059
161060
161061
161062
161063
161064
161065
161066
161067
161068
161069
161070
161071
161072
161073
161074
161075
161076
161077
161078
161079
161080
161081
161082
161083
161084
161085
161086
161088
161089
161090
161091
161093
161109
161114
161123
161125
161128
161129
161130
161131
161132
161133
161134
161135
161136
161139
161141
161142
161150
161151
161152
161153
161154
161155
161156
161157
161158
161162
161163
161164
161165
161166
161167
161168
161169
161170
161171
161172
161173
161174
161175
161176
161177
161178
161179
161180
161181
161182
161183
161184
161185
161188
161190
161191
161199
161200
161201
161202
161203
161204
161205
161206
161207
161208
161209
161210
161211
161212
161213
161214
161218
161219
161220
161221
161222
161223
161224
161225
161226
161228
161229
161230
161231
161233
161256
161258
161261
161263
161268
161271
161274
161286
161289
161298
161299
161300
161301
161302
161303
161304
161305
161306
161307
161308
161309
161310
161333
161339
161340
161341
161342
161343
161344
161345
161346
161347
161348
161349
161350
161351
161352
161358
161372
161374
161377
161378
161380
161381
161382
161383
161384
161385
161386
161388
161389
161390
161391
161392
161393
161394
161395
161396
161397
161398
161399
161400
161401
161402
161406
161407
161408
161428
161441
161444
161445
161446
161447
161448
161449
161451
161454
161455
161457
161472
161473
161474
161475
161476
161477
161478
161479
161480
161481
161482
161483
161484
161485
161486
161490
161491
161492
161549
161550
161551
161552
161553
161554
161555
161556
161557
161558
161559
161560
161561
161562
161563
161567
161568
161569
161578
161579
161580
161581
161582
161592
161593
161595
161596
161607
161609
161619
161620
161621
161622
161623
161624
161625
161648
161654
161655
161656
161657
161658
161659
161660
161661
161662
161663
161664
161665
161666
161667
161670
161672
161677
161681
161690
161691
161692
161693
161694
161695
161703
161704
161705
161706
161707
161708
161709
161710
161711
161712
161713
161714
161715
161716
161739
161746
161747
161748
161749
161750
161760
161762
161763
161764
161782
161784
161795
161798
161801
161802
161803
161804
161805
161806
161807
161808
161809
161810
161812
161813
161815
161816
161817
161818
161819
161820
161821
161822
161825
161826
161828
161836
161838
161840
161842
161843
161844
161845
161846
161847
161848
161849
161850
161851
161852
161853
161854
161855
161856
161857
161859
161860
161861
161862
161863
161864
161865
161866
161867
161868
161869
161870
161871
161872
161873
161874
161875
161876
161877
161878
161879
161880
161881
161882
161883
161884
161886
161887
161888
161889
161890
161907
161911
161914
161916
161919
161927
161928
161929
161930
161931
161932
161933
161934
161937
161939
161940
161948
161949
161950
161951
161952
161953
161954
161955
161956
161960
161961
161962
161963
161964
161965
161966
161967
161968
161969
161970
161971
161972
161973
161974
161975
161976
161977
161978
161979
161980
161981
161982
161983
161984
161985
161986
161987
161988
161989
161990
161991
161992
161993
161994
161995
161996
161998
161999
162000
162001
162002
162019
162021
162024
162033
162037
162039
162040
162041
162042
162043
162044
162045
162046
162049
162051
162052
162060
162061
162062
162063
162064
162065
162066
162067
162068
162072
162073
162074
162075
162076
162077
162078
162079
162080
162081
162082
162083
162084
162085
162086
162087
162088
162091
162092
162094
162095
162096
162097
162098
162099
162100
162101
162102
162104
162105
162106
162107
162108
162109
162110
162111
162112
162113
162114
162115
162116
162117
162121
162122
162123
162124
162125
162126
162127
162128
162129
162130
162131
162132
162133
162134
162135
162136
162137
162139
162140
162141
162142
162143
162151
162152
162153
162154
162155
162156
162157
162159
162162
162165
162166
162167
162169
162170
162172
162174
162176
162177
162179
162180
162181
162182
162183
162184
162185
162193
162194
162195
162196
162197
162198
162199
162200
162202
162204
162206
162207
162208
162209
162210
162211
162212
162213
162221
162222
162223
162224
162225
162226
162227
162228
162229
162230
162231
162232
162233
162234
162235
162236
162240
162241
162243
162244
162245
162246
162248
162271
162273
162276
162278
162283
162284
162285
162286
162287
162288
162289
162290
162291
162292
162293
162294
162295
162296
162297
162298
162299
162300
162301
162302
162303
162304
162305
162306
162307
162308
162309
162310
162311
162312
162314
162316
162318
162319
162320
162321
162322
162323
162324
162325
162333
162334
162335
162336
162337
162338
162339
162340
162341
162345
162346
162347
162348
162349
162350
162351
162352
162353
162355
162356
162357
162358
162360
162383
162385
162388
162390
162395
162403
162404
162405
162406
162407
162408
162409
162411
162415
162417
162418
162420
162421
162422
162431
162433
162435
162436
162438
162439
162440
162441
162442
162443
162444
162453
162454
162455
162456
162457
162460
162461
162463
162464
162468
162470
162496
162499
162511
162514
162523
162524
162525
162526
162527
162528
162529
162530
162531
162532
162533
162534
162535
162558
162564
162565
162566
162567
162568
162569
162570
162571
162572
162573
162574
162575
162576
162577
162578
162579
162580
162581
162582
162583
162584
162586
162590
162601
162605
162607
162608
162609
162610
162611
162612
162620
162621
162622
162623
162624
162625
162626
162627
162628
162629
162630
162631
162632
162633
162656
162673
162687
162690
162692
162694
162695
162697
162698
162699
162700
162701
162702
162704
162705
162706
162707
162708
162709
162710
162711
162712
162713
162714
162715
162716
162717
162718
162722
162723
162724
162785
162800
162802
162804
162806
162807
162809
162810
162811
162812
162813
162814
162816
162817
162818
162819
162820
162821
162822
162823
162824
162825
162826
162827
162828
162829
162830
162834
162835
162836
162865
162866
162867
162868
162869
162870
162871
162872
162873
162874
162875
162876
162877
162878
162879
162883
162884
162885
162888
162890
162895
162899
162908
162909
162910
162911
162912
162913
162921
162922
162923
162924
162925
162926
162927
162928
162929
162930
162931
162932
162933
162934
162957
162963
162964
162965
162966
162967
162968
162969
162970
162971
162972
162973
162974
162975
162976
162977
162978
162979
162980
162981
162982
162983
162985
162986
162987
162988
162989
163006
163008
163011
163020
163024
163026
163027
163028
163029
163030
163031
163032
163033
163035
163037
163039
163040
163041
163042
163043
163044
163045
163046
163054
163055
163056
163057
163058
163059
163060
163061
163062
163066
163067
163068
163069
163070
163071
163072
163073
163074
163075
163076
163077
163078
163079
163080
163081
163082
163083
163084
163085
163086
163087
163088
163089
163090
163091
163092
163093
163094
163095
163096
163097
163098
163099
163100
163101
163102
163103
163105
163107
163109
163110
163111
163112
163113
163114
163115
163116
163124
163125
163126
163127
163128
163129
163130
163131
163132
163136
163137
163138
163139
163140
163141
163142
163143
163144
163146
163147
163148
163149
163150
163167
163169
163172
163181
163185
163187
163188
163189
163190
163191
163192
163193
163195
163198
163203
163207
163216
163217
163218
163219
163220
163221
163229
163230
163231
163232
163233
163234
163235
163236
163237
163238
163239
163240
163241
163242
163265
163275
163290
163292
163294
163296
163297
163299
163300
163301
163302
163303
163304
163320
163321
163322
163323
163324
163325
163326
163327
163328
163329
163330
163331
163332
163333
163334
163338
163339
163340
163342
163343
163344
163345
163346
163356
163358
163359
163360
163378
163380
163383
163386
163387
163389
163390
163391
163392
163393
163394
163395
163396
163397
163399
163400
163401
163402
163403
163404
163405
163406
163407
163408
163409
163410
163418
163419
163420
163421
163422
163423
163424
163426
163430
163432
163433
163435
163436
163437
163446
163448
163450
163451
163453
163454
163455
163456
163457
163458
163459
163495
163496
163499
163500
163502
163503
163504
163505
163506
163507
163509
163510
163511
163512
163513
163514
163515
163520
163527
163530
163532
163533
163534
163565
163566
163567
163568
163569
163570
163571
163572
163573
163574
163575
163576
163577
163578
163579
163580
163582
163583
163584
163585
163644
163645
163648
163657
163659
163662
163663
163664
163665
163666
163667
163668
163669
163670
163671
163672
163673
163674
163675
163676
163698
163699
163700
163701
163702
163703
163704
163705
163706
163707
163708
163709
163710
163711
163712
163713
163714
163715
163716
163717
163718
163719
163720
163721
163722
163723
163724
163725
163726
163727
163729
163730
163731
163732
163782
163783
163786
163787
163789
163790
163791
163792
163793
163794
163796
163797
163798
163799
163800
163801
163802
163803
163805
163806
163807
163814
163821
163838
163839
163840
163841
163842
163843
163845
163846
163849
163850
163852
163853
163854
163855
163856
163857
163858
163863
163866
163868
163869
163870
163877
163880
163881
163882
163883
163884
163885
163886
163950
163951
163952
163953
163954
163955
163956
163964
163965
163966
163967
163968
163969
163970
164027
164028
164029
164030
164031
164032
164034
164035
164038
164039
164041
164042
164043
164044
164045
164046
164047
164052
164059
164062
164064
164065
164066
164069
164070
164071
164072
164073
164074
164075
164076
164077
164078
164079
164080
164081
164082
164083
164084
164086
164087
164088
164089
164160
164161
164162
164163
164164
164165
164166
164246
164247
164250
164259
164261
164264
164265
164266
164267
164268
164269
164270
164271
164272
164273
164274
164275
164276
164277
164278
164300
164301
164302
164303
164304
164305
164306
164307
164308
164309
164310
164311
164312
164313
164323
164324
164327
164329
164331
164334
164342
164343
164344
164345
164346
164347
164348
164349
164350
164351
164352
164353
164354
164355
164386
164387
164390
164392
164393
164396
164426
164427
164428
164429
164430
164431
164432
164433
164434
164435
164436
164437
164438
164439
164440
164441
164443
164444
164445
164446
164489
164490
164491
164492
164493
164494
164495
164510
164511
164512
164513
164514
164515
164516
164545
164546
164547
164548
164549
164550
164551
164552
164553
164554
164555
164556
164557
164558
164559
164560
164562
164563
164564
164565
164608
164609
164612
164613
164615
164616
164617
164618
164619
164620
164622
164623
164624
164625
164626
164627
164628
164629
164631
164632
164633
164640
164647
164650
164651
164652
164653
164654
164655
164656
164713
164714
164715
164716
164717
164718
164719
164727
164728
164729
164730
164731
164732
164733
164797
164798
164799
164800
164801
164802
164804
164805
164808
164809
164811
164812
164813
164814
164815
164816
164817
164822
164829
164832
164834
164835
164836
164909
164910
164911
164912
164913
164914
164915
164916
164917
164918
164919
164920
164921
164922
164953
164954
164957
164959
164960
164963
164981
164982
164985
164987
164988
164991
165021
165022
165023
165024
165025
165026
165027
165028
165029
165030
165031
165032
165033
165034
165035
165036
165038
165039
165040
165041
170278
170284
170285
170286
170288
170290
170291
170292
170293
170294
170295
170296
170297
170298
170299
170302
170304
170305
170306
170309
170311
170312
170313
170314
170315
170316
170317
170318
170319
170393
170396
170412
170413
170414
170417
170460
170461
170462
170463
170464
170465
170466
170477
170480
170495
170496
170497
170498
170499
170501
170509
170510
170511
170512
170513
170514
170515
170517
170522
170523
170524
170526
170527
170528
170529
170537
170539
170541
170543
170544
170545
170546
170547
170548
170549
170550
170551
170552
170553
170554
170555
170556
170557
170558
170559
170560
170561
170562
170563
170564
170565
170566
170567
170568
170569
170570
170571
170572
170573
170574
170575
170576
170577
170578
170663
170665
170666
170668
170669
170670
170676
170677
170678
170679
170680
170681
170682
170683
170684
170687
170689
170690
170691
170692
170694
170696
170697
170733
170735
170736
170737
170739
170740
170741
170745
170746
170747
170748
170749
170750
170751
170752
170753
170754
170757
170759
170760
170761
170762
170763
170764
170765
170766
170767
170768
170769
170770
170771
170772
170773
170774
170775
170776
170777
170778
170779
170780
170781
170782
170783
170784
170785
170786
170787
170788
170789
170790
170791
170792
170793
170794
170795
170796
170797
170798
170799
170800
170801
170802
170803
170804
170805
170806
170807
170808
170809
170810
170811
170812
170813
170814
170815
170816
170817
170818
170819
170820
170821
170822
170823
170894
170895
170896
170897
170898
170899
170900
170901
170902
170906
170907
170908
170911
170913
170914
170915
170916
170917
170918
170919
170920
170921
170964
170965
170966
170967
170968
170969
170970
170971
170972
170976
170977
170978
170981
170983
170984
170985
170986
170987
170988
170989
170990
170991
170992
170994
170995
170997
170998
170999
171000
171001
171002
171003
171004
171005
171006
171009
171011
171012
171013
171014
171015
171016
171017
171018
171019
171083
171086
171088
171089
171090
171096
171097
171098
171099
171100
171101
171102
171103
171111
171114
171116
171117
171118
171119
171120
171121
171122
171123
171124
171156
171157
171159
171160
171161
171162
171163
171164
171165
171166
171174
171175
171176
171177
171178
171179
171180
171190
171192
171195
171196
171197
171198
171199
171200
171201
171202
171204
171205
171206
171207
171208
171209
171210
171211
171212
171213
171214
171215
171216
171217
171218
171219
171220
171221
171222
171223
171224
171225
171226
171227
171228
171229
171238
171240
171243
171322
171323
171324
171326
171327
171336
171338
171340
171341
171358
171362
171384
171385
171386
171387
171388
171389
171390
171391
171392
171393
171394
171395
171396
171397
171398
171399
171400
171401
171402
171403
171404
171405
171406
171407
171408
171409
171410
171411
171482
171485
171487
171488
171496
171497
171498
171499
171500
171501
171502
171503
171504
171505
171506
171507
171508
171509
171515
171522
171559
171561
171562
171563
171564
171565
171566
171567
171569
171571
171572
171573
171576
171578
171579
171580
171581
171582
171583
171584
171585
171586
171587
171589
171590
171591
171592
171593
171594
171595
171597
171599
171600
171601
171604
171606
171607
171608
171609
171610
171611
171612
171613
171614
172035
172036
172037
172038
172039
172040
172041
172042
172043
172044
172045
172046
172047
172048
172049
172050
172051
172052
172053
172054
172055
172056
172057
172058
172059
172060
172061
172062
172085
172086
172087
172088
172090
172108
172111
172146
172148
172149
172150
172151
172152
172153
172171
172174
172203
172204
172205
172206
172207
172208
172209
172210
172211
172215
172216
172217
172218
172219
172220
172221
172222
172223
172230
172237
172238
172240
172241
172242
172243
172244
172245
172250
172252
172253
172254
172257
172258
172259
172260
172261
172262
172263
172264
172265
172266
172269
172271
172272
172273
172276
172278
172279
172280
172281
172282
172283
172284
172285
172286
172353
172356
172379
172380
172381
172384
172427
172428
172429
172430
172431
172432
172433
172435
172440
172441
172442
172444
172445
172446
172447
172455
172457
172459
172461
172462
172463
172464
172465
172466
172467
172468
172476
172477
172478
172479
172480
172481
172482
172493
172496
172511
172512
172513
172514
172515
172517
173022
173023
173024
173025
173026
173027
173028
173029
173030
173031
173032
173033
173034
173035
173036
173037
173038
173039
173040
173041
173042
173043
173044
173045
173046
173047
173048
173049
173120
173121
173122
173123
173124
173125
173126
173127
173128
173129
173130
173131
173132
173133
173134
173135
173136
173137
173138
173139
173140
173141
173142
173143
173144
173145
173146
173147
173176
173177
173178
173179
173180
173181
173182
173183
173184
173188
173189
173190
173191
173192
173193
173194
173195
173196
173197
173198
173199
173201
173202
173203
173239
173240
173241
173242
173243
173244
173245
173246
173247
173248
173249
173250
173251
173252
173253
173254
173255
173256
173257
173258
173259
173260
173261
173262
173263
173264
173265
173266
173351
173352
173354
173356
173357
173358
173363
173365
173366
173367
173368
173369
173370
173371
173372
173373
173375
173377
173378
173379
173382
173384
173385
173421
173422
173423
173424
173425
173426
173427
173428
173429
173430
173431
173432
173433
173434
173435
173436
173437
173438
173439
173440
173441
173442
173443
173444
173445
173446
173447
173448
173449
173451
173452
173453
173455
173456
173457
173461
173462
173463
173464
173465
173466
173467
173468
173469
173470
173473
173475
173476
173477
173478
173479
173480
173481
173482
173483
174143
174148
174149
174150
174151
174152
174153
174154
174155
174173
174176
174213
174215
174217
174218
174226
174227
174228
174229
174230
174231
174232
174249
174250
174253
174254
174255
174256
174257
174258
174259
174260
174261
174262
174263
174264
174265
174266
174267
174268
174269
174270
174271
174272
174273
174274
174275
174276
174277
174278
174279
174280
174281
174282
174283
174284
174285
174286
174287
174288
174380
174381
174382
174383
174384
174385
174386
174387
174388
174392
174393
174394
174395
174396
174397
174398
174399
174400
174401
174404
174406
174407
174457
174458
174459
174460
174461
174462
174463
174464
174465
174466
174467
174468
174469
174470
174471
174472
174473
174474
174475
174476
174477
174478
174479
174480
174481
174482
174483
174484
174485
174486
174487
174488
174489
174490
174491
174492
174493
174494
174495
174496
174497
174498
174499
174500
174504
174505
174506
174509
174511
174512
174513
174514
174515
174516
174517
174518
174519
175024
175025
175026
175027
175028
175029
175030
175031
175032
175033
175034
175035
175036
175037
175038
175039
175040
175041
175042
175043
175044
175045
175046
175047
175048
175049
175050
175051
175052
175053
175054
175055
175056
175057
175058
175157
175158
175159
175160
175161
175162
175163
175164
175165
175166
175167
175168
175169
175170
175171
175172
175173
175174
175175
175176
175177
175178
175179
175180
175181
175182
175183
175184
175185
175186
175187
175188
175189
175190
175191
175228
175233
175234
175235
175237
175239
175240
175241
175242
175243
175244
175245
175246
175247
175258
175261
175262
175264
175265
175267
175268
175272
175279
175290
175291
175293
175295
175296
175298
175302
175304
175305
175306
175307
175308
175309
175310
175314
175317
175325
175327
175328
175330
175331
175332
175333
175335
175337
175338
175339
175340
175341
175342
175343
175344
175345
175346
175347
175348
175349
175350
175351
175352
175353
175356
175358
175359
175423
175426
175428
175429
175430
175435
175437
175438
175439
175440
175441
175442
175443
175444
175447
175449
175450
175458
175459
175460
175461
175462
175463
175464
175493
175495
175496
175497
175498
175499
175500
175501
175502
175503
175504
175505
175506
175507
175508
175509
175510
175511
175512
175513
175514
175515
175516
175517
175518
175519
175520
175524
175525
175527
175528
175529
175530
175531
175532
175533
175534
175542
175543
175544
175545
175546
175547
175548
175558
175560
175563
175564
175565
175566
175567
175568
175569
176074
176075
176076
176077
176078
176079
176080
176081
176082
176083
176084
176085
176086
176087
176088
176089
176090
176091
176092
176093
176094
176095
176096
176097
176098
176099
176100
176101
176102
176103
176104
176105
176106
176107
176108
176214
176215
176216
176217
176218
176219
176220
176221
176222
176223
176224
176225
176226
176227
176228
176229
176230
176231
176232
176233
176234
176235
176236
176237
176238
176239
176240
176241
176264
176271
176273
176276
176313
176315
176341
176343
176346
176418
176419
176420
176422
176423
176432
176434
176436
176437
176454
176458
176550
176551
176552
176553
176554
176555
176556
176557
176558
176559
176560
176561
176562
176563
176564
176565
176566
176567
176568
176569
176570
176571
176572
176573
176574
176575
176576
176577
177001
177003
177004
177012
177013
177014
177015
177016
177017
177018
177019
177020
177021
177022
177023
177024
177025
177040
177041
177042
177043
177044
177045
177046
177110
177111
177112
177113
177114
177115
177116
177117
177118
177119
177120
177121
177122
177123
177124
177125
177126
177127
177128
177129
177130
177131
177132
177133
177134
177135
177136
177137
177166
177169
177170
177172
177173
177174
177175
177176
177177
177178
177179
177180
177181
177185
177186
177187
177190
177192
177193
177194
177201
177204
177205
177207
177208
177209
177210
177211
177212
177213
177214
177215
177216
177217
177220
177221
177222
177223
177224
177225
177226
177227
177228
177229
177231
177233
177235
177251
177252
177253
177254
177256
177280
177284
177314
177315
177316
177317
177318
177319
177326
177343
177347
177362
177363
177364
177365
177366
177367
177368
177369
177370
177374
177375
177376
177377
177378
177379
177380
177381
177382
177389
177396
177397
177399
177400
177401
177402
177403
177418
177419
177420
177421
177422
177423
177424
177425
177426
177427
177428
177429
177430
177431
177432
177433
177434
177435
177436
177437
177438
177439
177440
177441
177442
177443
177444
177445
177516
177517
177518
177519
177520
177521
177522
177523
177524
177525
177526
177527
177528
177529
177530
177531
177532
177533
177534
177535
177536
177537
177538
177539
177540
177541
177542
177543
177572
177573
177574
177575
177576
177577
177578
177579
177580
177584
177585
177586
177587
177588
177589
177590
177591
177592
177593
177594
177595
177597
177598
177599
177775
177776
177777
177778
177779
177780
177781
177782
177783
177784
177785
177786
177787
177788
177789
177790
177791
177792
177793
177794
177795
177796
177797
177798
177799
177800
177801
177802
177890
177892
177893
177901
177902
177903
177904
177905
177906
177907
177908
177909
177910
177911
177912
177913
177914
177929
177930
177931
177932
177933
177934
177935
177999
178000
178001
178002
178003
178004
178005
178006
178007
178008
178009
178010
178011
178012
178013
178014
178015
178016
178017
178018
178019
178020
178021
178022
178023
178024
178025
178026
178055
178058
178059
178061
178062
178063
178064
178065
178066
178067
178068
178069
178070
178071
178074
178075
178076
178077
178078
178079
178080
178081
178082
178083
178085
178087
178089
178090
178093
178094
178096
178097
178098
178099
178100
178101
178102
178103
178104
178105
178109
178110
178111
178114
178116
178117
178118
178244
178245
178246
178247
178248
178249
178250
178252
178257
178274
178278
178280
178282
178284
178285
178293
178294
178295
178296
178297
178298
178299
178316
178317
178320
178392
178396
178398
178399
178400
178401
178402
178403
178404
178405
178406
178408
178410
178411
178415
178418
178426
178428
178429
178430
178432
178440
178441
178443
178445
178446
178448
178452
178454
178455
178456
178457
178458
178459
178460
178464
178467
178475
178477
178478
178480
178481
178485
178492
178518
178520
178523
178525
178560
178562
178594
178595
178596
178597
178598
178599
178600
178608
178609
178610
178613
178614
178624
178625
178628
178672
178673
178674
178677
178708
178735
178736
178764
178779
178819
178820
178822
178825
178826
178827
178828
178829
178830
178831
178832
178833
178837
178838
178839
178840
178842
178843
178844
178845
178846
178847
178848
178849
178850
178851
178852
178855
178856
178859
178876
178877
178878
178893
178896
178898
178900
178902
178903
178904
178905
178906
178907
178908
178909
178910
178911
178912
178913
178914
178915
178916
178917
178918
178919
178920
178921
178922
178923
178924
178925
178926
178927
178928
178929
178932
178933
178934
178937
178938
178939
178940
178941
178942
178943
178966
178967
178969
178971
178972
178973
178974
178976
178978
178980
178982
178984
178997
179008
179012
179022
179023
179025
179028
179029
179030
179031
179032
179033
179034
179049
179050
179051
179052
179053
179054
179055
179063
179064
179065
179066
179067
179068
179069
179070
179071
179072
179073
179074
179075
179076
179077
179078
179079
179080
179081
179082
179083
179084
179085
179086
179087
179088
179089
179090
179091
179092
179093
179094
179095
179096
179097
179098
179099
179100
179101
179102
179103
179104
179126
179127
179128
179130
179131
179132
179133
179134
179135
179136
179137
179138
179139
179140
179142
179144
179146
179147
179148
179149
179150
179151
179152
179153
179154
179155
179159
179160
179161
179168
179171
179173
179174
179203
179206
179208
179209
179210
179211
179216
179217
179218
179219
179220
179221
179222
179223
179224
179231
179232
179234
179236
179237
179283
179287
179288
179289
179290
179291
179292
179293
179301
179302
179303
179304
179305
179306
179322
179323
179324
179325
179326
179327
179328
179364
179365
179366
179367
179368
179369
179370
179371
179372
179373
179374
179375
179376
179377
179378
179379
179380
179381
179382
179383
179384
179385
179386
179387
179388
179389
179390
179391
179420
179422
179424
179425
179426
179427
179428
179429
179430
179431
179432
179433
179434
179435
179436
179437
179438
179439
179440
179441
179448
179449
179450
179451
179452
179453
179454
179455
179456
179457
179458
179459
179460
179461
179462
179463
179465
179466
179467
179469
179470
179471
179472
179473
179474
179475
179498
179499
179500
179501
179502
179513
179514
179516
179517
179531
179532
179533
179535
179538
179539
179540
179542
179545
179553
179554
179555
179556
179558
179559
179560
179561
179562
179563
179565
179566
179575
179576
179577
179578
179584
179612
179623
179627
179628
179630
179631
179632
179633
179634
179635
179636
179637
179638
179639
179640
179641
179642
179643
179644
179646
179647
179648
179649
179650
179651
179652
179653
179654
179655
179656
179657
179658
179660
179662
179663
179664
179665
179666
179667
179668
179669
179670
179671
179672
179679
179680
179681
179682
179683
179684
179685
179686
179687
179688
179689
179690
179691
179692
179693
179694
179695
179696
179697
179698
179699
179700
179701
179703
179704
179705
179736
179737
179738
179739
179740
179741
179752
179806
179810
179812
179813
179814
179815
179816
179817
179818
179819
179820
179821
179824
179825
179828
179829
179832
179839
179854
179855
179856
179857
179858
179859
179860
179861
179862
179863
179866
179867
179877
179878
179881
179932
179933
179934
179936
179961
179974
179975
180003
180036
180037
180038
180039
180040
180041
180042
180043
180045
180047
180050
180052
180054
180057
180058
180059
180060
180061
180062
180063
180064
180065
180066
180067
180068
180069
180070
180071
180072
180073
180074
180075
180076
180078
180079
180080
180081
180082
180083
180084
180085
180086
180087
180088
180089
180090
180091
180092
180093
180094
180095
180096
180097
180098
180099
180101
180102
180103
180104
180105
180106
180107
180108
180109
180110
180111
180112
180113
180114
180115
180116
180117
180118
180119
180120
180121
180125
180126
180127
180128
180130
180131
180132
180133
180134
180135
180136
180137
180138
180139
180140
180144
180184
180185
180187
180191
180193
180195
180206
180207
180208
180223
180233
180234
180236
180239
180240
180241
180242
180243
180244
180245
180246
180247
180248
180249
180250
180251
180252
180253
180254
180255
180256
180257
180258
180259
180260
180261
180262
180263
180264
180265
180266
180269
180270
180271
180274
180275
180276
180277
180278
180279
180280
180303
180304
180306
180308
180309
180310
180311
180313
180315
180338
180340
180342
180355
180366
180370
180380
180381
180383
180386
180387
180388
180389
180390
180391
180392
180400
180401
180402
180403
180404
180405
180406
180414
180415
180416
180417
180418
180419
180420
180428
180429
180430
180431
180432
180433
180434
180435
180436
180437
180438
180439
180440
180441
180442
180443
180444
180445
180446
180447
180448
180449
180450
180451
180452
180453
180454
180455
180456
180457
180458
180459
180460
180461
180462
180484
180485
180486
180488
180489
180490
180491
180492
180493
180494
180495
180496
180497
180498
180499
180500
180501
180502
180503
180504
180505
180506
180507
180508
180509
180510
180511
180512
180513
180514
180515
180516
180517
180518
180519
180520
180521
180522
180523
180524
180525
180526
180527
180528
180529
180530
180531
180532
180533
180534
180535
180536
180537
180538
180539
180540
180541
180542
180543
180544
180545
180546
180547
180548
180549
180550
180551
180552
180553
180554
180555
180556
180557
180558
180559
180560
180596
180597
180600
180601
180603
180604
180605
180606
180607
180608
180609
180610
180611
180615
180616
180617
180624
180626
180628
180630
180631
180634
180636
180637
180638
180639
180644
180645
180646
180647
180648
180649
180650
180651
180652
180659
180660
180662
180664
180665
180738
180743
180744
180745
180746
180747
180748
180749
180750
180751
180752
180753
180754
180755
180771
180772
180773
180774
180775
180776
180777
180785
180786
180787
180788
180789
180790
180791
180792
180793
180794
180795
180796
180797
180798
180799
180800
180801
180802
180803
180804
180805
180806
180807
180808
180809
180810
180811
180812
180848
180849
180850
180851
180852
180853
180854
180855
180856
180857
180858
180859
180860
180861
180862
180863
180864
180865
180866
180867
180868
180869
180870
180871
180872
180873
180874
180875
180904
180905
180906
180907
180908
180909
180910
180911
180912
180913
180914
180915
180916
180917
180921
180961
180963
180965
180968
180969
180971
180976
180977
180978
180980
180999
181002
181003
181004
181005
181006
181007
181008
181009
181010
181011
181012
181013
181015
181023
181024
181025
181026
181027
181028
181029
181030
181031
181032
181034
181036
181037
181040
181042
181079
181080
181082
181084
181085
181095
181098
181100
181101
181102
181103
181104
181105
181106
181114
181115
181116
181117
181118
181119
181120
181121
181122
181123
181124
181125
181126
181127
181128
181129
181131
181132
181133
181134
181135
181136
181138
181139
181140
181141
181157
181158
181159
181160
181161
181172
181173
181175
181176
181197
181198
181199
181201
181204
181205
181206
181208
181211
181219
181220
181221
181222
181224
181225
181226
181227
181228
181229
181231
181232
181234
181235
181236
181237
181250
181278
181282
181286
181287
181289
181290
181291
181292
181293
181294
181295
181296
181297
181298
181299
181300
181301
181302
181303
181305
181306
181307
181308
181309
181317
181319
181320
181321
181322
181323
181324
181328
181331
181333
181334
181335
181338
181340
181341
181342
181345
181346
181347
181348
181349
181350
181351
181352
181353
181354
181355
181356
181357
181358
181388
181389
181390
181391
181392
181393
181404
181458
181462
181464
181465
181466
181467
181468
181469
181470
181471
181472
181473
181476
181477
181480
181481
181484
181491
181499
181500
181501
181502
181503
181504
181505
181506
181508
181510
181513
181515
181517
181520
181521
181522
181523
181524
181525
181526
181527
181528
181529
181530
181531
181532
181533
181534
181535
181536
181537
181538
181539
181541
181542
181543
181544
181545
181546
181547
181548
181549
181550
181551
181552
181553
181554
181555
181556
181557
181558
181559
181560
181561
181562
181564
181565
181566
181567
181568
181569
181570
181571
181572
181573
181574
181575
181579
181619
181620
181622
181625
181626
181627
181628
181629
181631
181639
181640
181641
181642
181643
181644
181645
181646
181647
181648
181650
181652
181653
181656
181658
181661
181662
181664
181669
181670
181671
181673
181692
181695
181696
181697
181698
181699
181700
181701
181737
181738
181739
181740
181741
181742
181743
181744
181745
181747
181748
181749
181750
181751
181752
181754
181755
181756
181757
181758
181759
181761
181763
181764
181774
181777
181779
181780
181781
181782
181783
181784
181785
181793
181794
181795
181796
181797
181798
181799
181871
181873
181876
181893
181897
181912
181913
181914
181915
181916
181917
181918
181920
181922
181925
181929
181940
181942
181943
181944
181946
181954
181955
181956
181957
181958
181959
181960
181961
181962
181966
181967
181968
181969
181970
181971
181972
181973
181974
181978
181981
181989
181991
181992
181993
181994
181995
182020
182032
182034
182035
182036
182040
182042
182053
182054
182055
182056
182057
182073
182078
182080
182081
182082
182085
182086
182087
182088
182089
182090
182091
182092
182093
182094
182096
182097
182099
182100
182101
182107
182108
182109
182110
182111
182112
182113
182114
182115
182121
182122
182123
182124
182125
182126
182127
182128
182129
182130
182134
182135
182136
182139
182141
182142
182150
182151
182152
182153
182154
182155
182156
182166
182168
182172
182173
182174
182175
182176
182186
182187
182188
182189
182191
182214
182216
182219
182221
182226
182276
182277
182278
182280
182281
182282
182283
182284
182285
182287
182288
182289
182290
182291
182292
182293
182294
182295
182296
182297
182302
182303
182305
182307
182309
182316
182324
182325
182326
182327
182328
182330
182331
182332
182333
182334
182335
182336
182337
182338
182339
182340
182342
182344
182345
182346
182347
182348
182351
182353
182354
182356
182357
182358
182359
182360
182361
182362
182363
182364
182365
182366
182381
182382
182383
182384
182385
182386
182387
182397
182410
182411
182412
182418
182425
182427
182428
182433
182436
182437
182438
182439
182440
182441
182442
182443
182451
182453
182454
182455
182456
182457
182458
182459
182460
182461
182462
182463
182464
182465
182466
182467
182468
182469
182470
182471
182472
182473
182474
182475
182476
182477
182478
182479
182481
182482
182483
182490
182493
182496
182497
182500
182501
182502
182503
182504
182505
182507
182508
182509
182510
182511
182512
182513
182514
182515
182516
182517
182518
182519
182520
182536
182563
182564
182565
182567
182568
182569
182570
182571
182572
182573
182574
182575
182576
182577
182578
182579
182581
182582
182583
182584
182588
182590
182591
182592
182594
182596
182597
182598
182599
182600
182603
182605
182606
182608
182609
182610
182611
182612
182613
182614
182615
182616
182617
182618
182627
182629
182631
182638
182646
182647
182648
182649
182650
182652
182653
182654
182655
182656
182657
182658
182659
182660
182668
182669
182670
182671
182672
182673
182674
182677
182684
182686
182687
182692
182695
182696
182697
182698
182699
182700
182701
182702
182719
182732
182733
182734
182738
182739
182740
182741
182742
182743
182744
182775
182796
182802
182803
182804
182806
182816
182819
182824
182826
182837
182838
182839
182840
182841
182842
182857
182858
182859
182860
182861
182863
182864
182865
182866
182867
182868
182869
182870
182878
182879
182880
182881
182882
182883
182884
182885
182887
182889
182892
182895
182897
182899
182900
182902
182904
182905
182912
182918
182920
182921
182922
182923
182924
182925
182926
182934
182935
182936
182937
182938
182939
182940
182955
182956
182957
182958
182959
182960
182961
182962
182963
182964
182965
182966
182967
182968
182969
182970
182972
182973
182974
182975
182984
182985
182988
182999
183003
183025
183026
183027
183028
183029
183030
183031
183033
183035
183038
183042
183053
183055
183056
183057
183059
183067
183068
183069
183070
183071
183072
183073
183074
183075
183076
183077
183078
183079
183080
183081
183082
183086
183087
183090
183094
183095
183097
183098
183099
183100
183101
183133
183137
183138
183139
183140
183141
183142
183143
183144
183145
183146
183147
183148
183149
183150
183151
183153
183154
183155
183156
183157
183158
183159
183160
183161
183162
183163
183164
183165
183166
183167
183168
183169
183170
183171
183180
183181
183183
183184
183188
183190
183194
183195
183196
183197
183198
183207
183212
183214
183215
183216
183219
183220
183221
183222
183223
183224
183225
183226
183227
183228
183230
183231
183233
183234
183235
183241
183242
183243
183244
183245
183246
183247
183248
183263
183268
183270
183271
183272
183273
183274
183275
183276
183277
183278
183282
183283
183284
183286
183288
183290
183291
183292
183293
183294
183295
183296
183297
183314
183316
183320
183321
183322
183323
183324
183334
183335
183336
183337
183339
183362
183364
183367
183369
183374
183424
183425
183426
183427
183428
183429
183430
183447
183448
183449
183453
183456
183459
183460
183461
183462
183463
183464
183465
183466
183467
183468
183469
183470
183471
183473
183474
183475
183476
183477
183478
183479
183480
183481
183482
183483
183484
183485
183486
183487
183488
183489
183490
183491
183492
183493
183494
183498
183500
183501
183502
183503
183504
183505
183506
183507
183508
183509
183511
183512
183513
183514
183515
183516
183517
183518
183519
183520
183521
183522
183529
183531
183532
183533
183534
183536
183537
183538
183539
183540
183541
183542
183543
183544
183547
183548
183550
183551
183552
183553
183554
183555
183556
183557
183559
183560
183561
183562
183563
183564
183565
183566
183567
183568
183569
183570
183571
183572
183573
183574
183575
183576
183577
183578
183579
183580
183581
183582
183583
183584
183585
183587
183588
183589
183596
183599
183602
183603
183606
183607
183608
183609
183610
183611
183613
183614
183615
183616
183617
183618
183619
183620
183621
183622
183623
183624
183625
183626
183649
183650
183651
183652
183653
183654
183671
183675
183677
183678
183679
183680
183681
183682
183699
183703
183747
183774
183775
183776
183777
183778
183779
183780
183788
183789
183790
183791
183792
183793
183794
183795
183796
183797
183799
183800
183801
183802
183803
183804
183806
183807
183808
183809
183816
183817
183818
183819
183820
183821
183822
183823
183824
183825
183827
183828
183829
183830
183831
183832
183834
183835
183836
183837
183845
183866
183867
183868
183869
183870
183873
183877
183878
183888
183890
183891
183893
183894
183895
183896
183897
183898
183900
183901
183902
183903
183904
183905
183906
183919
183922
183926
183927
183937
183939
183940
183942
183943
183944
183945
183946
183947
183949
183950
183951
183952
183953
183954
183955
183968
183992
184007
184020
184021
184022
184024
184034
184037
184042
184044
184055
184056
184057
184058
184059
184060
184075
184076
184077
184078
184079
184080
184082
184083
184084
184085
184086
184087
184088
184089
184090
184091
184092
184093
184094
184095
184103
184105
184107
184110
184112
184114
184117
184118
184119
184122
184123
184129
184136
184138
184139
184140
184141
184142
184143
184144
184145
184146
184147
184148
184149
184150
184151
184159
184160
184161
184162
184163
184164
184165
184166
184167
184168
184169
184170
184171
184172
184173
184174
184176
184177
184178
184179
184194
184195
184196
184197
184198
184199
184200
184201
184202
184203
184204
184205
184206
184207
184208
184210
184211
184212
184213
184214
184215
184216
184217
184218
184219
184220
184221
184222
184223
184224
184225
184226
184227
184228
184229
184230
184231
184232
184233
184234
184235
184245
184246
184247
184257
184258
184259
184260
184261
184262
184263
184265
184268
184271
184272
184273
184274
184275
184276
184278
184279
184280
184281
184282
184283
184284
184285
184286
184287
184288
184289
184290
184291
184292
184293
184294
184295
184296
184297
184298
184299
184303
184304
184306
184307
184308
184309
184310
184311
184312
184313
184314
184315
184316
184317
184318
184319
184320
184321
184323
184324
184325
184326
184327
184334
184336
184337
184338
184339
184341
184342
184343
184344
184345
184346
184347
184348
184349
184352
184353
184355
184356
184357
184358
184359
184360
184361
184370
184371
184372
184373
184374
184375
184392
184396
184412
184413
184414
184415
184416
184417
184427
184431
184474
184475
184476
184477
184478
184479
184480
184481
184482
184483
184484
184485
184486
184487
184488
184489
184490
184491
184492
184493
184494
184495
184496
184498
184499
184500
184501
184502
184504
184507
184509
184515
184516
184517
184518
184519
184520
184521
184522
184530
184531
184532
184533
184534
184535
184536
184560
184562
184567
184569
184580
184581
184582
184583
184584
184585
184593
184594
184595
184596
184597
184598
184600
184601
184602
184603
184604
184605
184606
184607
184608
184609
184610
184611
184612
184613
184621
184623
184625
184628
184630
184632
184635
184636
184637
184638
184639
184640
184641
184642
184643
184644
184645
184646
184647
184648
184649
184650
184651
184652
184653
184654
184655
184656
184659
184660
184661
184662
184663
184664
184665
184666
184667
184668
184669
184670
184671
184672
184673
184674
184675
184676
184677
184681
184683
184684
184685
184686
184688
184689
184690
184691
184692
184693
184694
184695
184696
184697
184698
184700
184701
184702
184709
184719
184720
184723
184724
184726
184727
184728
184729
184730
184731
184732
184733
184734
184735
184736
184737
184738
184739
184775
184776
184777
184778
184780
184781
184782
184783
184784
184785
184786
184787
184788
184789
184790
184791
184792
184793
184794
184795
184796
184799
184802
184803
184806
184809
184810
184812
184813
184815
184816
184832
184833
184834
184837
184848
184860
184861
184862
184863
184864
184865
184883
184894
184896
184897
184898
184901
184903
184904
184905
184907
184908
184910
184911
184912
184914
184915
184916
184917
184918
184919
184920
184921
184922
184923
184924
184925
184926
184927
184928
184978
184979
184980
184981
184982
184983
184984
184985
184986
184987
184988
184989
184990
184991
185000
185001
185002
185012
185020
185021
185022
185023
185024
185025
185026
185030
185032
185033
185035
185037
185039
185040
185041
185046
185048
185049
185050
185053
185055
185056
185057
185060
185061
185062
185063
185064
185065
185066
185067
185068
185069
185070
185071
185072
185073
185074
185075
185083
185084
185085
185086
185087
185088
185089
185090
185091
185092
185093
185094
185095
185096
185097
185098
185099
185100
185101
185102
185103
185104
185105
185107
185108
185109
185110
185111
185113
185116
185118
185124
185125
185126
185127
185128
185129
185130
185131
185139
185140
185141
185142
185143
185144
185145
185167
185168
185169
185170
185171
185172
185174
185175
185176
185177
185178
185179
185180
185181
185182
185183
185184
185185
185186
185187
185195
185197
185199
185202
185204
185206
185211
185213
185218
185220
185231
185232
185233
185234
185235
185236
185258
185259
185260
185261
185262
185263
185264
185265
185266
185267
185268
185269
185270
185271
185286
185290
185293
185294
185295
185298
185299
185300
185301
185302
185303
185304
185305
185306
185307
185309
185310
185311
185313
185314
185315
185316
185317
185318
185319
185320
185321
185324
185327
185338
185341
185344
185351
185352
185355
185384
185385
185386
185387
185388
185389
185390
185393
185396
185399
185400
185401
185402
185404
185440
185442
185444
185446
185447
185448
185449
185450
185451
185452
185453
185454
185455
185456
185457
185458
185459
185460
185461
185462
185463
185464
185465
185466
185467
185468
185471
185473
185474
185477
185479
185482
185483
185484
185485
185486
185487
185488
185496
185497
185498
185500
185501
185505
185507
185510
185511
185512
185513
185514
185515
185516
185553
185566
185567
185568
185569
185570
185571
185572
185573
185574
185575
185577
185578
185580
185581
185582
185583
185584
185585
185586
185601
185602
185603
185604
185605
185606
185607
185608
185611
185612
185613
185614
185615
185616
185617
185618
185619
185620
185621
185622
185623
185624
185625
185626
185627
185628
185629
185633
185635
185636
185637
185638
185640
185641
185642
185643
185644
185645
185646
185647
185648
185649
185650
185652
185653
185654
185661
185671
185672
185675
185676
185678
185679
185680
185681
185682
185683
185684
185685
185686
185687
185688
185689
185690
185691
185700
185702
185705
185790
185791
185792
185793
185795
185796
185797
185798
185799
185800
185801
185802
185803
185804
185805
185806
185807
185808
185809
185810
185811
185814
185817
185818
185821
185824
185825
185827
185828
185830
185831
185854
185855
185856
185859
185870
185882
185883
185884
185885
185886
185887
185905
185920
185925
185926
185927
185930
185931
185934
185935
185937
185938
185939
185940
185941
185942
185944
185945
185946
185947
185948
185949
185951
185955
185957
185958
185959
185960
185961
185962
185963
185964
185965
185966
185967
185968
185969
185970
185971
185972
185975
185976
185977
185978
185979
185980
185981
185982
185983
185984
185985
186014
186015
186016
186017
186018
186019
186020
186021
186022
186023
186024
186025
186026
186027
186057
186058
186059
186068
186077
186078
186079
186080
186081
186082
186083
186086
186088
186090
186092
186094
186096
186097
186098
186103
186105
186106
186107
186110
186112
186113
186114
186117
186118
186119
186120
186121
186122
186123
186124
186125
186126
186127
186128
186129
186130
186131
186132
186149
186150
186151
186158
186161
186162
186163
186164
186165
186166
186168
186169
186172
186173
186175
186176
186177
186178
186179
186180
186182
186186
186187
186189
186190
186191
186192
186193
186194
186195
186196
186197
186198
186199
186200
186201
186202
186203
186206
186207
186208
186209
186210
186211
186212
186213
186214
186215
186216
186231
186235
186238
186239
186240
186243
186244
186245
186246
186247
186248
186249
186250
186251
186252
186254
186255
186256
186258
186259
186260
186261
186262
186263
186264
186265
186266
186269
186272
186296
186299
186303
186310
186311
186314
186343
186344
186345
186346
186347
186348
186349
186352
186355
186358
186359
186360
186361
186363
186371
186373
186375
186377
186378
186379
186380
186381
186382
186383
186384
186385
186386
186387
186388
186389
186390
186391
186392
186393
186394
186395
186396
186397
186398
186399
186402
186404
186405
186435
186438
186441
186442
186443
186444
186445
186446
186447
186448
186449
186450
186452
186453
186462
186463
186464
186465
186466
186467
186468
186471
186473
186505
186518
186519
186520
186521
186522
186523
186524
186525
186526
186527
186529
186530
186532
186533
186534
186535
186536
186537
186538
186568
186570
186573
186648
186651
186652
186653
186654
186655
186656
186657
186665
186666
186667
186670
186674
186676
186679
186680
186681
186682
186683
186684
186685
186702
186721
186724
186726
186728
186729
186730
186733
186734
186735
186736
186737
186738
186739
186740
186741
186742
186743
186744
186745
186747
186748
186749
186756
186757
186758
186759
186760
186761
186762
186770
186773
186774
186776
186777
186778
186779
186780
186781
186782
186783
186784
186785
186786
186787
186788
186789
186790
186791
186793
186794
186795
186796
186797
186806
186807
186810
186813
186815
186816
186818
186834
186835
186836
186837
186838
186839
186840
186842
186844
186846
186847
186848
186849
186850
186851
186852
186853
186861
186862
186863
186864
186865
186866
186867
186868
186870
186872
186874
186891
186897
186899
186901
186910
186911
186912
186913
186914
186915
186916
186917
186918
186919
186920
186921
186922
186923
186924
186925
186926
186927
186928
186929
186930
186945
186946
186947
186948
186949
186950
186951
186952
186953
186954
186955
186956
186957
186958
186959
186960
186961
186962
186963
186964
186965
186966
186967
186968
186969
186970
186971
186972
186980
186982
186984
186985
186987
186988
186989
186990
186991
186992
186993
186994
186999
187001
187003
187005
187007
187008
187037
187041
187042
187043
187044
187045
187046
187047
187048
187049
187050
187051
187052
187053
187055
187056
187073
187074
187077
187093
187094
187095
187098
187116
187135
187137
187144
187155
187156
187157
187158
187159
187160
187161
187178
187180
187182
187185
187187
187189
187198
187199
187200
187213
187226
187227
187228
187241
187246
187253
187255
187256
187259
187260
187262
187263
187264
187265
187266
187267
187269
187270
187271
187272
187273
187288
187289
187291
187292
187293
187294
187295
187296
187297
187298
187299
187300
187301
187302
187303
187304
187305
187306
187307
187308
187309
187310
187311
187312
187313
187314
187315
187316
187317
187318
187319
187320
187321
187322
187323
187330
187331
187332
187334
187335
187337
187338
187339
187341
187342
187343
187344
187348
187350
187351
187352
187353
187355
187356
187357
187358
187359
187360
187361
187362
187363
187364
187365
187366
187367
187368
187369
187370
187371
187387
187394
187397
187401
187404
187405
187423
187427
187437
187439
187450
187451
187452
187453
187454
187455
187464
187467
187472
187474
187485
187486
187487
187488
187489
187490
187498
187499
187500
187501
187502
187504
187505
187506
187507
187508
187509
187510
187511
187519
187520
187521
187522
187523
187524
187525
187526
187530
187533
187536
187538
187540
187541
187543
187544
187545
187546
187547
187550
187553
187554
187556
187559
187561
187562
187563
187564
187565
187566
187567
187575
187576
187577
187578
187579
187580
187581
187603
187604
187605
187606
187607
187608
187609
187610
187611
187612
187613
187614
187615
187616
187617
187618
187619
187620
187621
187622
187623
187628
187631
187632
187633
187634
187635
187636
187637
187638
187639
187640
187643
187652
187653
187654
187655
187656
187657
187658
187661
187663
187673
187676
187678
187680
187681
187682
187685
187686
187687
187688
187689
187690
187691
187692
187693
187694
187695
187696
187697
187699
187700
187701
187708
187709
187710
187711
187712
187713
187714
187724
187750
187752
187754
187755
187757
187758
187759
187760
187761
187762
187763
187764
187765
187766
187767
187768
187769
187770
187771
187773
187774
187775
187776
187777
187786
187787
187790
187793
187795
187796
187798
187814
187815
187816
187817
187818
187819
187820
187821
187822
187823
187824
187825
187826
187827
187828
187831
187832
187834
187835
187836
187837
187838
187839
187840
187841
187842
187843
187844
187845
187846
187847
187855
187857
187859
187861
187869
187870
187871
187872
187873
187874
187875
187876
187877
187878
187879
187880
187881
187882
187883
187884
187885
187886
187887
187888
187889
187899
187905
187907
187909
187932
187933
187934
187935
187936
187937
187938
187939
187940
187941
187942
187943
187944
187945
187946
187947
187948
187949
187950
187951
187952
187953
187954
187955
187956
187957
187958
187959
187960
187962
187964
187965
187967
187968
187969
187970
187971
187972
187973
187974
187979
187981
187983
187985
187987
187988
188024
188028
188029
188030
188031
188032
188033
188034
188035
188036
188037
188038
188039
188040
188042
188043
188060
188061
188064
188073
188074
188075
188078
188096
188122
188124
188131
188142
188145
188146
188149
188153
188156
188158
188159
188160
188161
188162
188163
188164
188167
188168
188170
188171
188172
188173
188174
188175
188176
188177
188178
188179
188180
188181
188182
188183
188184
188185
188186
188187
188188
188189
188190
188191
188192
188193
188194
188195
188196
188197
188198
188201
188202
188203
188204
188205
188206
188207
188208
188209
188210
188211
188212
188213
188214
188215
188216
188217
188218
188219
188220
188221
188222
188223
188224
188225
188226
188227
188229
188230
188231
188232
188233
188234
188235
188236
188237
188238
188239
188240
188241
188242
188243
188244
188245
188246
188247
188248
188249
188250
188251
188252
188253
188254
188255
188256
188257
188258
188259
188260
188261
188268
188269
188270
188272
188273
188275
188276
188277
188279
188280
188281
188282
188286
188288
188289
188290
188291
188293
188294
188295
188296
188297
188298
188299
188300
188301
188302
188303
188304
188305
188306
188307
188308
188309
188325
188332
188335
188339
188342
188343
188369
188388
188389
188390
188393
188423
188427
188438
188440
188444
188445
188446
188447
188448
188449
188465
188468
188473
188475
188486
188487
188488
188489
188490
188491
188499
188500
188501
188502
188503
188504
188506
188507
188508
188509
188510
188511
188512
188513
188514
188515
188516
188517
188518
188519
188527
188531
188534
188536
188538
188541
188542
188543
188545
188546
188547
188548
188550
188553
188555
188557
188560
188562
188563
188564
188565
188566
188567
188568
188569
188570
188571
188572
188573
188574
188575
188583
188584
188585
188586
188587
188588
188589
188590
188591
188592
188593
188594
188595
188596
188597
188598
188599
188600
188601
188602
188603
188625
188626
188627
188628
188629
188630
188631
188632
188634
188636
188639
188641
188642
188643
188644
188645
188646
188650
188653
188654
188655
188656
188657
188658
188659
188660
188661
188664
188665
188667
188668
188669
188670
188671
188672
188673
188674
188675
188676
188677
188678
188679
188680
188681
188682
188683
188684
188685
188686
188687
188688
188691
188692
188693
188694
188695
188696
188697
188698
188699
188700
188701
188702
188703
188704
188705
188706
188707
188708
188709
188710
188711
188712
188713
188714
188715
188726
188759
188760
188761
188763
193961
193962
193988
193989
193990
193991
193992
193993
194010
194014
194017
194093
194100
194101
194104
194142
194143
194212
194216
194219
194220
194223
194224
194261
194303
194312
194313
194317
194318
194319
194320
194322
194326
194329
194337
194338
194339
194340
194341
194342
194343
194347
194348
194354
194355
194380
194381
194382
194383
194384
194385
194393
194395
194396
194398
194399
194406
194407
194408
194410
194412
194413
194421
194422
194423
194424
194425
194426
194427
194428
194430
194431
194434
194441
194445
194448
194456
194457
194458
194459
194461
194462
194463
194464
194465
194466
194467
194468
194469
194471
194472
194473
194475
194476
194499
194503
194504
194505
194506
194507
194508
194509
194510
194511
194512
194513
194514
194515
194516
194517
194518
194519
194520
194521
194522
194523
194524
194525
194526
194527
194528
194529
194530
194531
194532
194533
194534
194535
194536
194537
194538
194539
194543
194545
194550
194552
194560
194567
194568
194569
194570
194571
194572
194573
194574
194575
194580
194581
194582
194583
194584
194585
194586
194587
194588
194589
194590
194592
194593
194594
194595
194596
194597
194598
194599
194600
194601
194602
194603
194608
194610
194611
194612
194613
194614
194615
194616
194617
194618
194620
194622
194623
194624
194625
194626
194627
194628
194629
194630
194695
194700
194701
194702
194703
194704
194705
194706
194707
194725
194728
194765
194767
194769
194770
194778
194779
194780
194781
194782
194783
194784
194801
194802
194805
194842
194847
194848
194849
194850
194853
194854
194855
194856
194857
194858
194859
194860
194861
194862
194864
194865
194867
194868
194879
194882
194885
194893
194904
194905
194907
194908
194910
194912
194917
194918
194919
194920
194921
194922
194923
194924
194932
194934
194935
194937
194938
194942
194945
194963
195024
195026
195029
195030
195031
195032
195033
195034
195035
195036
195040
195042
195046
195047
195049
195050
195093
195094
195096
195098
195099
195100
195101
195104
195106
195107
195108
195109
195110
195111
195112
195113
195114
195117
195118
195128
195130
195131
195133
195134
195138
195152
195184
195190
195191
195192
195194
195196
195197
195198
195199
195200
195201
195202
195203
195204
195205
195206
195207
195208
195209
195210
195211
195212
195218
195219
195221
195222
195224
195225
195228
195236
195246
195247
195248
195249
195250
195251
195252
195253
195254
195255
195257
195258
195260
195268
195269
195270
195271
195272
195273
195274
195275
195277
195278
195280
195281
195289
195290
195291
195292
195294
195295
195296
195297
195298
195299
195300
195301
195302
195303
195304
195306
195308
195309
195310
195311
195313
195315
195316
195317
195318
195319
195320
195321
195322
195323
195324
195325
195326
195327
195328
195329
195330
195338
195340
195344
195345
195347
195348
195349
195351
195352
195353
195355
195357
195358
195359
195360
195362
195364
195365
195366
195372
195373
195374
195375
195376
195377
195378
195379
195380
195381
195382
195383
195384
195385
195386
195387
195388
195389
195390
195391
195392
195393
195394
195395
195396
195397
195398
195399
195400
195401
195407
195408
195409
195410
195411
195412
195413
195414
195415
195416
195417
195418
195419
195420
195421
195422
195423
195424
195425
195426
195427
195428
195429
195430
195431
195432
195433
195434
195435
195472
195476
195478
195479
195481
195482
195484
195485
195486
195487
195488
195489
195490
195491
195495
195497
195506
195508
195509
195511
195512
195516
195523
195534
195535
195537
195539
195540
195542
195545
195548
195549
195550
195551
195552
195553
195554
195558
195559
195569
195571
195572
195574
195575
195640
195644
195646
195647
195648
195649
195650
195651
195652
195656
195659
195710
195712
195713
195715
195723
195724
195725
195726
195727
195728
195729
195739
195740
195743
195754
195768
195800
195806
195807
195808
195809
195812
195813
195814
195815
195816
195817
195818
195819
195820
195821
195823
195824
195826
195827
195828
195833
195835
195836
195837
195838
195839
195840
195841
195845
195852
195862
195863
195864
195865
195866
195867
195868
195869
195870
195871
195872
195874
195876
195877
195879
195880
195881
195883
195891
195892
195893
195894
195895
195896
195897
195915
195976
195977
195980
195982
195983
195984
195985
195986
195987
195988
195991
195992
195994
195995
195999
196002
196045
196046
196048
196049
196051
196052
196053
196056
196058
196059
196060
196061
196062
196063
196064
196065
196073
196075
196076
196078
196079
196080
196083
196086
196087
196093
196094
196095
196096
196097
196098
196099
196100
196101
196102
196103
196104
196105
196106
196107
196108
196109
196110
196111
196112
196113
196114
196115
196116
196117
196118
196119
196120
196121
196122
196128
196129
196130
196131
196132
196133
196134
196135
196136
196137
196138
196139
196140
196141
196142
196143
196144
196145
196146
196147
196148
196149
196150
196151
196152
196153
196154
196155
196156
196164
196165
196166
196167
196169
196170
196171
196172
196173
196174
196175
196176
196177
196178
196179
196181
196183
196184
196185
196186
196188
196190
196191
196199
196202
196204
196206
196208
196209
196211
196212
196213
196214
196216
196218
196219
196220
196221
196223
196225
196226
196249
196256
196258
196261
196298
196300
196375
196380
196382
196384
196385
196387
196424
196473
196474
196475
196477
196478
196501
196504
196505
196507
196508
196509
196510
196511
196512
196513
196514
196515
196516
196517
196518
196519
196520
196521
196522
196523
196524
196525
196526
196527
196528
196529
196530
196531
196532
196533
196534
196535
196536
196537
196538
196539
196540
196541
196544
196548
196551
196555
196556
196557
196558
196559
196560
196561
196562
196569
196576
196577
196582
196583
196584
196585
196586
196587
196588
196589
196590
196591
196592
196594
196595
196596
196597
196598
196599
196600
196601
196602
196603
196604
196605
196611
196612
196613
196614
196615
196616
196617
196618
196619
196620
196622
196624
196625
196626
196627
196628
196629
196630
196631
196632
196655
196664
196665
196669
196670
196671
196672
196674
196678
196681
196689
196690
196691
196692
196693
196694
196695
196699
196700
196706
196707
196732
196733
196734
196735
196736
196737
196745
196747
196748
196750
196751
196757
196759
196760
196762
196764
196765
196773
196774
196775
196776
196777
196778
196779
196780
196782
196783
196786
196792
196797
196800
196808
196809
196810
196811
196812
196814
196815
196816
196817
196818
196819
196820
196821
196831
196832
196858
196859
196860
196861
196862
196863
196880
196884
196887
196942
196949
196963
196970
196976
196978
196979
196980
196981
196982
196983
196984
196986
196989
196990
196991
196993
196996
197004
197005
197006
197007
197008
197009
197010
197011
197012
197013
197014
197015
197016
197017
197018
197020
197021
197022
197023
197024
197025
197026
197028
197029
197030
197031
197032
197033
197035
197036
197037
197038
197039
197046
197048
197049
197050
197051
197052
197053
197054
197056
197057
197058
197059
197060
197061
197063
197064
197065
197066
197067
197077
197091
197096
197097
197098
197099
197100
197101
197105
197119
197124
197125
197126
197127
197128
197129
197133
197140
197147
197152
197153
197154
197155
197156
197157
197166
197168
197171
197250
197251
197252
197254
197255
197264
197266
197267
197269
197286
197290
197313
197314
197315
197316
197318
197336
197339
197374
197376
197377
197378
197379
197380
197381
197399
197402
197431
197432
197433
197434
197435
197436
197437
197438
197439
197442
197444
197445
197446
197447
197448
197449
197450
197451
197456
197465
197466
197468
197469
197470
197471
197472
197476
197478
197479
197487
197488
197489
197490
197491
197492
197493
197494
197495
197496
197497
197498
197499
197500
197515
197516
197517
197518
197519
197520
197521
197585
197586
197587
197588
197589
197590
197591
197592
197593
197594
197595
197596
197597
197598
197599
197600
197601
197602
197603
197604
197605
197606
197607
197608
197609
197610
197611
197612
197641
197643
197645
197647
197648
197649
197650
197651
197652
197653
197654
197655
197656
197659
197661
197662
197669
197672
197674
197675
197676
197678
197680
197682
197683
197684
197685
197686
197687
197688
197689
197690
197691
197693
197694
197696
197697
197699
197701
197702
197704
197705
197706
197707
197708
197709
197710
197713
197714
197717
197724
197731
197732
197733
197734
197735
197737
197738
197739
197740
197741
197742
197743
197744
197745
197754
197759
197765
197773
197774
197775
197776
197777
197779
197780
197781
197782
197783
197784
197786
197787
197788
197789
197791
197794
197795
197796
197797
197800
197802
197803
197805
197806
197808
197809
197810
197811
197812
197813
197814
197815
197859
197860
197861
197865
197866
197867
197868
197869
197870
197871
197872
197877
197878
197879
197880
197881
197882
197883
197884
197885
197886
197887
197889
197890
197891
197892
197893
197894
197895
197896
197897
197898
197899
197900
197901
197902
197903
197904
197905
197906
197914
197915
197916
197917
197918
197919
197920
197921
197922
197923
197925
197927
197928
197929
197931
197933
197934
197935
197938
197939
197940
197941
197942
197943
197944
197945
197946
197947
197948
197949
197950
197951
197952
197953
197954
197955
197971
197976
197978
197982
197985
197987
197989
197990
197991
197992
197993
197994
197995
197996
197997
197998
197999
198000
198001
198002
198003
198004
198005
198006
198007
198008
198009
198010
198011
198012
198013
198014
198015
198016
198017
198018
198019
198020
198021
198022
198023
198024
198025
198026
198029
198032
198033
198035
198039
198040
198042
198043
198046
198047
198048
198049
198050
198051
198052
198053
198054
198055
198056
198057
198059
198060
198061
198062
198063
198064
198065
198066
198067
198068
198070
198071
198073
198074
198075
198076
198077
198078
198079
198080
198081
198082
198085
198086
198088
198089
198090
198091
198092
198093
198094
198095
198159
198162
198164
198165
198166
198171
198173
198174
198175
198176
198177
198178
198179
198180
198183
198185
198186
198194
198195
198196
198197
198198
198199
198200
198232
198233
198235
198236
198237
198238
198239
198240
198241
198242
198250
198251
198252
198253
198254
198255
198256
198259
198262
198271
198272
198273
198274
198275
198276
198277
198278
198280
198281
198282
198283
198284
198285
198286
198287
198288
198289
198290
198291
198292
198293
198294
198295
198296
198297
198298
198299
198300
198301
198302
198303
198304
198305
198306
198307
198308
198309
198310
198311
198312
198313
198314
198315
198316
198317
198318
198319
198320
198321
198322
198323
198324
198325
198326
198327
198328
198329
198330
198331
198332
198333
198404
198405
198406
198407
198408
198409
198410
198411
198412
198413
198414
198415
198416
198417
198418
198419
198420
198421
198422
198423
198424
198425
198426
198427
198428
198429
198430
198431
198460
198461
198462
198463
198464
198465
198466
198467
198468
198471
198472
198474
198475
198476
198478
198479
198480
198481
198482
198483
198484
198485
198486
198487
198488
198489
198490
198491
198492
198493
198494
198495
198496
198497
198498
198499
198500
198501
198502
198503
198504
198505
198506
198507
198508
198509
198510
198511
198512
198513
198514
198515
198600
198601
198602
198603
198604
198605
198606
198607
198608
198609
198610
198611
198612
198613
198614
198615
198616
198617
198618
198619
198620
198621
198622
198623
198624
198625
198626
198627
198628
198629
198630
198631
198632
198633
198634
198635
198636
198637
198638
198639
198640
198641
198642
198643
198644
198645
198646
198647
198648
198719
198720
198721
198722
198723
198724
198725
198726
198727
198731
198732
198733
198734
198735
198736
198737
198738
198739
198740
198743
198745
198746
198789
198790
198791
198792
198793
198794
198795
198796
198797
198800
198801
198803
198804
198805
198806
198807
198808
198809
198810
198813
198814
198816
198992
198993
198994
198995
198996
198997
198998
198999
199000
199001
199002
199003
199004
199005
199006
199007
199008
199009
199010
199011
199012
199013
199014
199015
199016
199017
199018
199019
199104
199105
199107
199109
199110
199111
199116
199118
199119
199120
199121
199122
199123
199124
199125
199126
199128
199130
199131
199132
199135
199137
199138
199174
199175
199177
199178
199180
199181
199182
199185
199186
199188
199189
199190
199191
199192
199193
199194
199195
199196
199197
199198
199199
199200
199201
199202
199205
199206
199208
199209
199210
199211
199212
199213
199214
199215
199216
199217
199218
199219
199220
199221
199222
199223
199224
199225
199226
199227
199228
199229
199230
199231
199232
199233
199234
199235
199236
199412
199418
199419
199420
199422
199423
199425
199426
199427
199428
199429
199430
199431
199432
199433
199436
199437
199439
199440
199443
199445
199446
199447
199448
199449
199450
199451
199452
199453
199527
199530
199546
199547
199548
199551
199594
199595
199596
199597
199598
199599
199600
199611
199614
199629
199630
199631
199632
199633
199635
199643
199644
199645
199646
199647
199648
199649
199651
199656
199657
199658
199660
199661
199662
199663
199671
199673
199675
199677
199678
199679
199680
199681
199682
199683
199684
199685
199686
199687
199688
199689
199690
199691
199692
199693
199694
199695
199696
199697
199698
199699
199700
199701
199702
199703
199704
199705
199706
199707
199708
199709
199710
199711
199712
199797
199798
199799
199800
199801
199802
199803
199804
199805
199806
199807
199808
199809
199810
199811
199812
199813
199814
199815
199816
199817
199818
199819
199820
199821
199822
199823
199824
199895
199896
199897
199898
199899
199900
199901
199902
199903
199904
199905
199906
199907
199908
199909
199910
199911
199912
199913
199914
199915
199916
199917
199918
199919
199920
199921
199922
199951
199952
199953
199954
199955
199956
199957
199958
199959
199962
199964
199965
199966
199967
199969
199970
199971
199972
199973
199974
199975
199976
199977
199978
199979
199980
199981
199982
199983
199984
199985
199986
199987
199988
199989
199990
199991
199992
200017
200019
200020
200028
200029
200030
200031
200032
200033
200034
200035
200036
200037
200038
200039
200040
200041
200056
200057
200058
200059
200060
200061
200062
200126
200127
200128
200129
200130
200131
200132
200133
200134
200135
200136
200137
200138
200139
200140
200141
200142
200143
200144
200145
200146
200147
200148
200149
200150
200151
200152
200153
200182
200185
200186
200188
200189
200190
200191
200192
200193
200194
200195
200196
200197
200200
200201
200203
200210
200213
200214
200216
200217
200220
200221
200223
200224
200225
200226
200227
200228
200229
200230
200231
200232
200233
200235
200237
200238
200239
200240
200241
200242
200243
200244
200245
200247
200249
200251
200274
200275
200276
200278
200279
200297
200300
200334
200337
200338
200339
200340
200341
200342
200346
200349
200392
200393
200394
200395
200396
200397
200398
200399
200400
200403
200405
200406
200407
200408
200409
200410
200411
200412
200417
200420
200422
200423
200424
200425
200426
200433
200434
200439
200440
200441
200442
200443
200444
200445
200446
200447
200448
200449
200451
200452
200453
200454
200455
200456
200457
200458
200459
200460
200461
200462
200463
200464
200465
200466
200467
200468
200476
200477
200478
200479
200480
200481
200482
200483
200484
200486
200488
200489
200490
200491
200492
200494
200496
200497
200500
200501
200502
200503
200504
200505
200506
200507
200508
200509
200510
200511
200512
200513
200514
200515
200516
200517
200533
200537
200540
200545
200547
200549
200550
200551
200553
200554
200555
200556
200557
200558
200559
200562
200563
200566
200572
200580
200581
200582
200583
200584
200585
200587
200588
200589
200590
200591
200592
200593
200594
200605
200608
200615
200621
200623
200624
200625
200626
200627
200629
200630
200631
200632
200633
200635
200636
200637
200638
200640
200643
200644
200645
200647
200650
200651
200652
200653
200656
200657
200665
200666
200667
200668
200669
200670
200671
200708
200709
200710
200714
200715
200716
200717
200718
200719
200720
200721
200722
200723
200724
200725
200726
200727
200728
200729
200730
200731
200732
200733
200734
200735
200736
200737
200738
200739
200740
200741
200742
200743
200744
200745
200746
200747
200748
200749
200752
200755
200756
200759
200761
200763
200765
200766
200768
200770
200771
200772
200773
200775
200776
200777
200778
200779
200780
200781
200782
200783
200784
200785
200786
200787
200788
200789
200790
200820
200827
200833
200834
200836
200837
200838
200839
200840
200841
200842
200844
200847
200848
200850
200853
200854
200855
200856
200857
200858
200859
200860
200868
200869
200870
200871
200872
200873
200874
200875
200876
200878
200879
200880
200881
200882
200883
200884
200886
200887
200888
200889
200890
200892
200893
200894
200895
200896
200903
200905
200906
200907
200908
200909
200910
200911
200913
200914
200915
200916
200917
200918
200920
200921
200922
200923
200924
200932
200947
200953
200954
200955
200956
200957
200958
200962
200976
200981
200982
200983
200984
200985
200986
200990
200997
201004
201009
201010
201011
201012
201013
201014
201023
201030
201052
201053
201065
201066
201067
201068
201069
201070
201087
201091
201094
201149
201150
201151
201152
201154
201172
201175
201210
201212
201213
201214
201215
201216
201217
201235
201238
201267
201268
201269
201270
201271
201272
201273
201274
201275
201278
201280
201281
201282
201283
201284
201285
201286
201287
201292
201301
201302
201304
201305
201306
201307
201308
201317
201319
201322
201401
201402
201403
201405
201406
201415
201417
201418
201420
201437
201441
201445
201447
201448
201456
201457
201458
201459
201460
201461
201462
201463
201464
201465
201466
201467
201468
201469
201484
201485
201486
201487
201488
201489
201490
201554
201555
201556
201557
201558
201559
201560
201561
201562
201563
201564
201565
201566
201567
201568
201569
201570
201571
201572
201573
201574
201575
201576
201577
201578
201579
201580
201581
201610
201612
201614
201616
201617
201618
201619
201620
201621
201622
201623
201624
201625
201627
201628
201630
201631
201633
201635
201636
201638
201639
201640
201641
201642
201643
201644
201645
201647
201649
201651
201652
201653
201654
201655
201656
201657
201658
201659
201660
201663
201665
201666
201673
201676
201678
201679
201682
201683
201686
201693
201700
201701
201702
201703
201704
201705
201706
201707
201708
201709
201710
201711
201713
201714
201722
201723
201725
201728
201729
201730
201731
201734
201736
201737
201739
201740
201742
201743
201744
201745
201746
201747
201748
201749
201758
201763
201769
201777
201778
201779
201780
201781
201783
201784
201785
201786
201787
201788
201790
201791
201821
201822
201823
201834
201835
201836
201837
201838
201839
201840
201841
201842
201843
201844
201845
201846
201847
201848
201849
201850
201851
201852
201853
201854
201855
201856
201857
201858
201859
201860
201861
201862
201863
201864
201865
201866
201867
201868
201869
201872
201875
201876
201878
201882
201883
201885
201886
201889
201890
201891
201892
201893
201894
201895
201896
201897
201898
201899
201900
201902
201903
201904
201905
201906
201907
201908
201909
201910
201911
201916
201917
201918
201919
201920
201921
201922
201923
201924
201925
201926
201928
201929
201930
201931
201932
201933
201934
201935
201936
201937
201938
201939
201940
201941
201942
201943
201944
201945
201953
201954
201955
201956
201957
201958
201959
201960
201961
201962
201964
201966
201967
201968
201970
201972
201973
201974
201977
201978
201979
201980
201981
201982
201983
201984
201985
201986
201987
201988
201989
201990
201991
201992
201993
201994
202010
202015
202017
202021
202024
202026
202028
202029
202030
202031
202032
202033
202034
202035
202036
202121
202122
202123
202124
202125
202126
202127
202128
202129
202130
202131
202132
202133
202134
202135
202136
202137
202138
202139
202140
202141
202142
202143
202144
202145
202146
202147
202148
202233
202234
202235
202236
202237
202238
202239
202240
202241
202242
202243
202244
202245
202246
202247
202248
202249
202250
202251
202252
202253
202254
202255
202256
202257
202258
202259
202260
203353
203354
203355
203356
203357
203358
203359
203360
203361
203362
203363
203364
203365
203366
203367
203368
203369
203370
203371
203372
203373
203374
203375
203376
203377
203378
203379
203380
203451
203454
203456
203457
203465
203466
203467
203468
203469
203470
203471
203472
203473
203474
203475
203476
203477
203478
203485
203492
203528
203529
203531
203532
203533
203534
203535
203536
203537
203539
203540
203542
203543
203544
203545
203546
203547
203548
203549
203552
203553
203555
203556
203558
203559
203560
203561
203562
203563
203564
203566
203567
203569
203570
203573
203574
203576
203577
203578
203579
203580
203581
203582
203583
203752
203753
203754
203755
203756
203757
203758
203759
203760
203761
203762
203763
203764
203765
203766
203767
203768
203769
203770
203771
203772
203773
203774
203775
203776
203777
203778
203779
203804
203806
203807
203815
203816
203817
203818
203819
203820
203821
203822
203823
203824
203825
203826
203827
203828
203843
203844
203845
203846
203847
203848
203849
203913
203914
203915
203916
203917
203918
203919
203920
203921
203922
203923
203924
203925
203926
203927
203928
203929
203930
203931
203932
203933
203934
203935
203936
203937
203938
203939
203940
203969
203972
203973
203975
203976
203977
203978
203979
203980
203981
203982
203983
203984
203986
203987
203988
203990
203992
203994
203995
203997
203998
203999
204000
204001
204002
204003
204004
204007
204008
204010
204011
204012
204013
204014
204015
204016
204017
204018
204019
204022
204024
204025
204028
204029
204031
204032
204047
204049
204052
204131
204132
204133
204134
204136
204145
204146
204149
204150
204160
204164
204172
204173
204174
204175
204176
204177
204178
204179
204180
204181
204182
204183
204184
204185
204186
204187
204188
204189
204190
204191
204192
204193
204194
204195
204196
204197
204198
204199
204200
204203
204205
204207
204210
204213
204214
204216
204217
204219
204221
204222
204223
204224
204226
204227
204228
204229
204230
204231
204232
204233
204234
204235
204236
204237
204238
204239
204240
204241
204244
204245
204248
204254
204262
204263
204264
204265
204266
204267
204268
204269
204270
204271
204272
204273
204275
204276
204284
204286
204287
204290
204291
204292
204294
204297
204298
204299
204301
204302
204303
204312
204313
204314
204315
204316
204317
204318
204322
204325
204332
204338
204340
204341
204342
204343
204345
204346
204347
204348
204349
204350
204352
204353
204383
204384
204385
204396
204397
204398
204399
204400
204401
204402
204403
204408
204409
204410
204411
204412
204413
204414
204415
204416
204417
204418
204420
204421
204422
204423
204424
204425
204426
204427
204428
204429
204430
204431
204432
204433
204434
204435
204436
204437
204445
204446
204447
204448
204449
204450
204451
204452
204453
204455
204457
204458
204459
204460
204461
204463
204464
204466
204468
204470
204471
204472
204473
204474
204475
204476
204477
204478
204479
204480
204481
204482
204483
204484
204485
204486
204502
204506
204509
204511
204513
204514
204516
204520
204522
204523
204524
204525
204526
204527
204528
204545
204546
204558
204559
204560
204561
204562
204563
204573
204576
204587
204677
204678
204681
204684
204719
204720
204796
204805
204806
204810
204811
204812
204813
204815
204819
204822
204830
204831
204832
204833
204834
204835
204836
204840
204841
204847
204848
204873
204874
204875
204876
204877
204878
204886
204888
204889
204891
204892
204899
204900
204901
204903
204905
204906
204914
204915
204916
204917
204918
204919
204920
204921
204923
204924
204927
204934
204938
204941
204949
204950
204951
204952
204954
204955
204956
204957
204958
204959
204960
204961
204962
204985
204989
204992
204993
204996
204997
205034
205055
205056
205057
205058
205060
205076
205080
205081
205089
205090
205091
205092
205093
205094
205095
205096
205097
205098
205099
205100
205101
205102
205103
205104
205105
205106
205107
205108
205109
205110
205111
205112
205113
205114
205115
205116
205117
205122
205123
205124
205125
205126
205127
205128
205129
205130
205131
205132
205134
205135
205136
205137
205138
205139
205140
205141
205142
205143
205144
205145
205146
205147
205148
205149
205150
205151
205155
205157
205162
205164
205172
205179
205180
205181
205182
205183
205184
205185
205186
205187
205191
205194
205195
205196
205197
205198
205199
205200
205201
205202
205203
205204
205205
205206
205207
205208
205209
205211
205213
205214
205215
205216
205217
205218
205219
205220
205221
205222
205223
205224
205225
205226
205227
205228
205229
205230
205231
205232
205233
205234
205235
205236
205237
205238
205239
205240
205241
205242
205313
205314
205315
205316
205317
205318
205319
205320
205321
205322
205323
205324
205325
205326
205327
205328
205329
205330
205331
205332
205333
205334
205335
205336
205337
205338
205339
205340
205369
205370
205371
205372
205373
205374
205375
205376
205377
205380
205381
205383
205384
205385
205387
205388
205389
205390
205391
205392
205393
205394
205395
205396
205397
205399
205400
205402
205403
205404
205405
205406
205407
205408
205409
205410
205411
205414
205415
205417
205418
205419
205420
205421
205422
205423
205424
205488
205491
205493
205494
205495
205500
205502
205503
205504
205505
205506
205507
205508
205509
205512
205514
205515
205523
205524
205525
205526
205527
205528
205529
205561
205562
205564
205565
205566
205567
205568
205569
205570
205571
205579
205580
205581
205582
205583
205584
205585
205588
205591
205600
205601
205602
205603
205604
205605
205606
205607
205609
205610
205611
205612
205613
205614
205615
205616
205617
205618
205619
205620
205621
205622
205623
205624
205625
205626
205627
205628
205629
205630
205631
205632
205633
205634
205635
205636
205637
205638
205639
205640
205641
205642
205643
205644
205645
205646
205647
205648
205649
205650
205651
205652
205653
205654
205655
205656
205657
205658
205659
205660
205661
205662
205747
205748
205749
205750
205751
205752
205753
205754
205755
205756
205757
205758
205759
205760
207273
207278
207280
207281
207282
207284
207286
207287
207288
207289
207290
207291
207292
207293
207294
207297
207298
207300
207301
207304
207306
207307
207308
207309
207310
207311
207312
207313
207314
207381
207384
207407
207408
207409
207412
207455
207456
207457
207458
207459
207460
207461
207463
207466
207469
207470
207472
207473
207474
207475
207476
207478
207480
207481
207490
207491
207492
207493
207494
207495
207496
207504
207505
207506
207507
207508
207509
207510
207521
207524
207539
207540
207541
207542
207543
207545
207546
207547
207548
207549
207550
207551
207552
207553
207554
207555
207556
207557
207558
207559
207560
207561
207562
207563
207564
207565
207566
207567
207568
207569
207570
207571
207572
207573
207658
207660
207661
207663
207664
207665
207666
207667
207668
207669
207670
207671
207672
207675
207676
207678
207679
207680
207681
207682
207683
207684
207685
207749
207750
207754
207755
207756
207762
207763
207764
207765
207766
207767
207768
207769
207770
207771
207772
207773
207774
207775
207776
207784
207787
207789
207790
207821
207823
207825
207826
207827
207828
207829
207830
207831
207832
207840
207841
207842
207843
207844
207845
207846
207849
207852
207854
207855
207856
207857
207858
207859
207860
207868
207869
207870
207872
207873
207874
207875
207876
207877
207878
207879
207880
207881
207882
207883
207884
207885
207886
207887
207888
207889
207890
207891
207892
207893
207894
207895
207896
207897
207898
207899
207900
207901
207902
207903
207904
207905
207906
207907
207908
207909
207910
207911
207912
207913
207914
207915
207916
207939
207941
207944
207946
207981
207983
208030
208039
208040
208044
208045
208046
208047
208049
208053
208055
208064
208065
208066
208067
208068
208069
208070
208072
208075
208080
208082
208100
208101
208102
208103
208104
208105
208120
208122
208123
208125
208126
208133
208134
208135
208137
208139
208140
208148
208149
208150
208151
208152
208153
208154
208155
208156
208158
208161
208168
208171
208173
208176
208177
208178
208179
208180
208181
208182
208190
208191
208192
208193
208195
208196
208226
208227
208228
208229
208231
208247
208251
208252
208260
208261
208262
208263
208264
208265
208266
208267
208268
208269
208270
208271
208272
208273
208274
208275
208276
208277
208278
208279
208280
208281
208282
208283
208284
208285
208286
208287
208288
208293
208294
208295
208296
208297
208298
208299
208300
208301
208302
208303
208305
208306
208307
208308
208309
208310
208311
208312
208313
208314
208315
208316
208317
208318
208319
208320
208321
208322
208326
208328
208333
208334
208343
208349
208351
208352
208353
208354
208355
208356
208357
208358
208362
208365
208366
208367
208368
208369
208370
208371
208372
208373
208374
208375
208376
208377
208378
208379
208380
208382
208383
208384
208408
208411
208415
208416
208418
208420
208457
208541
208546
208547
208548
208549
208550
208551
208552
208553
208571
208574
208611
208613
208615
208616
208624
208625
208626
208627
208628
208629
208630
208647
208648
208651
208688
208692
208694
208695
208696
208697
208698
208699
208700
208701
208702
208703
208706
208707
208708
208710
208711
208712
208714
208718
208721
208736
208737
208739
208740
208742
208744
208749
208750
208751
208752
208753
208754
208755
208756
208764
208766
208767
208769
208770
208774
208777
208780
208788
208808
208842
208844
208847
208848
208849
208850
208851
208852
208853
208854
208858
208860
208864
208865
208867
208868
208939
208940
208941
208944
208945
208946
208947
208948
208949
208950
208951
208952
208953
208954
208957
208959
208960
208962
208964
208967
208969
208970
208972
208973
208988
208989
208990
208991
208993
208994
208995
208996
208997
208998
208999
209000
209001
209002
209003
209005
209007
209008
209009
209010
209012
209014
209015
209023
209025
209029
209030
209032
209033
209034
209036
209037
209038
209040
209042
209043
209044
209045
209047
209049
209050
209054
209068
209100
209106
209107
209108
209110
209112
209113
209114
209115
209116
209117
209118
209119
209120
209121
209122
209123
209124
209125
209126
209127
209128
209134
209135
209137
209138
209140
209141
209144
209152
209162
209163
209164
209165
209166
209167
209168
209169
209170
209171
209173
209174
209176
209184
209185
209186
209187
209188
209189
209190
209191
209193
209194
209196
209197
209198
209199
209200
209201
209202
209203
209204
209205
209211
209212
209213
209214
209215
209216
209217
209218
209219
209220
209221
209222
209223
209224
209225
209226
209227
209228
209229
209230
209231
209232
209233
209239
209240
209241
209242
209243
209244
209245
209246
209247
209248
209249
209250
209251
209252
209253
209254
209255
209256
209257
209258
209259
209260
209261
209262
209263
209264
209265
209266
209267
209359
209360
209361
209362
209363
209364
209365
209366
209367
209368
209369
209370
209371
209372
209373
209374
209375
209376
209377
209378
209379
209380
209381
209382
209383
209384
209385
209386
209457
209458
209459
209460
209461
209462
209463
209464
209465
209469
209470
209471
209472
209473
209474
209475
209476
209477
209478
209481
209483
209484
209527
209528
209529
209530
209531
209532
209533
209534
209535
209538
209539
209541
209542
209543
209544
209545
209546
209547
209548
209551
209552
209554
211151
211152
211153
211154
211155
211156
211157
211158
211159
211160
211161
211162
211163
211164
211165
211166
211167
211168
211169
211170
211171
211172
211173
211174
211175
211176
211177
211178
211263
211265
211266
211268
211269
211270
211276
211277
211278
211279
211280
211281
211282
211283
211284
211287
211289
211290
211291
211292
211294
211296
211297
211333
211334
211335
211336
211337
211338
211339
211340
211341
211342
211343
211344
211345
211346
211347
211348
211349
211350
211351
211352
211353
211354
211355
211356
211357
211358
211359
211360
211361
211363
211364
211365
211367
211368
211369
211372
211374
211375
211376
211377
211378
211379
211380
211381
211382
211385
211386
211388
211389
211390
211391
211392
211393
211394
211395
211480
211481
211482
211483
211484
211485
211486
211487
211488
211489
211490
211491
211492
211493
211494
211495
211496
211497
211498
211499
211500
211501
211502
211503
211504
211505
211506
211507
211592
211593
211594
211595
211596
211597
211598
211599
211600
211604
211605
211606
211609
211611
211612
211613
211614
211615
211616
211617
211618
211619
211662
211663
211664
211665
211666
211667
211668
211669
211670
211673
211675
211676
211677
211678
211679
211680
211681
211682
211683
211686
211688
211689
211690
211691
211692
211693
211694
211695
211696
211697
211698
211699
211700
211701
211702
211703
211704
211705
211706
211707
211708
211709
211710
211711
211712
211713
211714
211715
211716
211717
211754
211759
211760
211761
211762
211763
211764
211765
211766
211767
211768
211770
211771
211773
211784
211786
211788
211790
211791
211792
211794
211802
211803
211805
211806
211808
211810
211814
211816
211817
211818
211819
211820
211821
211822
211833
211834
211837
211839
211840
211842
211843
211847
211854
211865
211866
211867
211868
211870
211871
211872
211873
211874
211875
211876
211877
211878
211879
211880
211882
211884
211885
211886
211887
211889
211890
211891
211893
211894
211895
211896
211897
211898
211899
211900
211901
211902
211903
211904
211905
211906
211914
211917
211920
211921
211923
211924
211925
211926
211928
211929
211931
211933
211934
211935
211936
211938
211939
211940
211958
211992
211994
211996
211998
211999
212000
212001
212002
212003
212004
212007
212008
212009
212011
212015
212018
212089
212090
212091
212093
212095
212096
212097
212098
212099
212100
212101
212102
212103
212104
212108
212109
212110
212112
212113
212114
212116
212124
212126
212130
212131
212132
212133
212134
212135
212136
212137
212138
212143
212145
212146
212147
212148
212149
212150
212151
212152
212153
212154
212155
212156
212157
212158
212159
212160
212161
212162
212163
212164
212165
212166
212171
212173
212174
212175
212176
212177
212178
212179
212180
212181
212182
212183
212184
212185
212186
212187
212188
212189
212190
212191
212192
212193
212194
212195
212196
212197
212198
212199
212200
212204
212218
212250
212256
212257
212258
212260
212262
212263
212264
212265
212266
212267
212268
212269
212270
212271
212272
212273
212274
212275
212276
212277
212278
212284
212285
212287
212288
212290
212291
212294
212302
212312
212313
212314
212315
212316
212317
212318
212319
212320
212321
212323
212324
212326
212334
212335
212336
212337
212338
212339
212340
212341
212343
212344
212346
212347
212384
212388
212390
212391
212393
212394
212396
212397
212398
212399
212400
212401
212402
212403
212407
212409
212418
212420
212421
212423
212424
212428
212435
212446
212447
212449
212451
212452
212454
212457
212460
212461
212462
212463
212464
212465
212466
212470
212471
212481
212483
212484
212486
212487
212551
212552
212553
212554
212555
212556
212557
212559
212563
212567
212571
212587
212589
212590
212592
212600
212601
212602
212603
212604
212605
212606
212616
212617
212620
212665
212673
212684
212690
212691
212692
212693
212696
212697
212698
212699
212700
212701
212702
212703
212704
212705
212707
212708
212710
212711
212712
212717
212719
212720
212721
212722
212723
212724
212725
212757
212764
212773
212775
212776
212777
212778
212779
212780
212781
212782
212783
212784
212786
212788
212789
212791
212792
212793
212794
212796
212797
212798
212799
212800
212801
212802
212810
212816
212817
212818
212819
212820
212821
212822
212823
212824
212825
212826
212827
212828
212829
212830
212831
212832
212833
212834
212835
212836
212837
212838
212839
212840
212841
212842
212843
212844
212845
212851
212852
212853
212854
212855
212856
212857
212858
212859
212860
212861
212862
212863
212864
212865
212866
212867
212868
212869
212870
212871
212872
212873
212874
212875
212876
212877
212878
212879
212897
212958
212959
212962
212964
212965
212966
212967
212968
212969
212970
212973
212974
212976
212977
212981
212984
213027
213028
213030
213031
213033
213034
213035
213038
213040
213041
213042
213043
213044
213045
213046
213047
213055
213057
213058
213060
213061
213062
213065
213068
213069
213070
213071
213072
213074
213075
213083
213084
213085
213086
213087
213088
213089
213090
213091
213092
213095
213096
213097
213098
213100
213102
213103
213104
213105
213106
213107
213108
213109
213110
213111
213112
213113
213114
213115
213116
213117
213125
213128
213130
213132
213134
213135
213137
213138
213139
213140
213142
213144
213145
213146
213147
213149
213151
213152
213153
213154
213155
213156
213157
213158
213159
213160
213161
213162
213163
213164
213165
213166
213167
213168
213169
213170
213171
213172
213173
213174
213175
213176
213177
213178
213179
213180
213181
213182
213183
213184
213185
213186
213187
213286
213287
213288
213289
213290
213291
213292
213293
213294
213295
213296
213297
213298
213299
213300
213301
213302
213303
213304
213305
213306
213307
213308
213309
213310
213311
213312
213313
213314
213315
213316
213317
213318
213319
213320
213321
213322
213323
213324
213325
213326
213327
213328
213329
213330
213331
213332
213333
213334
213335
213336
213337
213338
213339
213340
213341
213342
213343
213344
213345
213346
213347
213348
213440
213441
213443
213445
213446
213447
213452
213454
213455
213456
213457
213458
213459
213460
213461
213462
213464
213466
213467
213468
213471
213473
213474
213517
213518
213520
213521
213523
213524
213525
213528
213529
213531
213532
213533
213534
213535
213536
213537
213538
213539
213540
213541
213542
213543
213544
213545
213548
213549
213551
213552
213553
213554
213555
213556
213557
213558
213559
213560
213561
213562
213563
213564
213565
213566
213567
213568
213569
213570
213571
213572
213573
213574
213575
213576
213577
213578
213579
213580
213581
213582
213583
213584
213585
213586
213587
213588
213589
213590
213591
213592
213593
213594
213595
213596
213597
213598
213599
213600
213601
213602
213603
213604
213605
213606
213607
213720
213721
213722
213723
213724
213725
213726
213727
213728
213729
213730
213731
213732
213733
213734
213735
213736
213737
213738
213739
213740
213741
213742
213743
213744
213745
213746
213747
213748
213749
213750
213751
213752
213753
213754
213755
213756
213757
213758
213759
213760
213761
213762
213763
213764
213765
213766
213767
213768
213769
213770
213771
213772
213773
213774
213775
213776
213777
213778
213779
213780
213781
213782
213783
213784
213785
213786
213787
213788
213789
213790
213791
213792
213793
213794
213795
213796
213797
213798
213799
213800
213801
213802
213803
213804
213805
213806
213807
213808
213809
213810
213811
213812
213813
213814
213815
213816
213817
213818
213819
213820
213821
213822
213823
213824
213825
213826
213827
213828
213829
213830
213831
213832
213833
213834
213835
213836
213837
213838
213839
213840
213841
213842
213843
213844
213845
213846
213847
213848
213849
213850
213851
213852
213853
213854
213855
213856
213857
213858
213859
213860
213861
213862
213863
213864
213865
213866
213867
213868
213869
213870
213871
213872
213873
213874
213875
213876
213877
213878
213879
213880
213881
213882
213883
213884
213885
213886
213887
213888
213889
213890
213891
213892
213893
213894
213895
213896
213897
213898
213899
213900
213901
213902
213903
213904
213905
213906
213907
213908
213909
213910
213911
213912
213913
213914
213915
213916
213917
213918
213919
213920
213921
213922
213923
213924
213925
213926
213927
213928
213929
213930
213931
213932
213933
213934
213935
213936
215449
215450
215451
215452
215453
215454
215455
215456
215457
215458
215459
215460
215461
215462
215463
215464
215465
215466
215467
215468
215469
215470
215471
215472
215473
215474
215475
215476
215477
215478
215479
215480
215481
215482
215483
215575
215576
215577
215578
215579
215580
215581
215582
215583
215587
215588
215589
215592
215594
215595
215596
215597
215598
215599
215600
215601
215602
215652
215653
215654
215655
215656
215657
215658
215659
215660
215661
215662
215663
215664
215665
215666
215667
215668
215669
215670
215671
215672
215673
215674
215675
215676
215677
215678
215679
215680
215681
215682
215683
215684
215685
215686
215687
215688
215689
215690
215691
215692
215693
215694
215695
215698
215700
215701
215704
215705
215707
215708
215709
215710
215711
215712
215713
215714
215715
215716
215717
215718
215719
215720
215721
215722
215723
215724
215725
215726
215727
215728
215729
215730
215731
215732
215733
215734
215735
215736
215737
215738
215739
215740
215741
215742
215743
215744
215745
215746
215747
215748
215749
215750
215751
215752
215753
215754
215755
215756
215876
215877
215878
215879
215880
215881
215882
215883
215884
215885
215886
215887
215888
215889
215890
215891
215892
215893
215894
215895
215896
215897
215898
215899
215900
215901
215902
215903
215904
215905
215906
215907
215908
215909
215910
215911
215912
215913
215914
215915
215916
215917
215918
215919
215920
215921
215922
215923
215924
215925
215926
215927
215928
215929
215930
215931
215932
215933
215934
215935
215936
215937
215938
215939
215940
215941
215942
215943
215944
215945
215946
215947
215948
215949
215950
215951
215952
216044
216045
216047
216049
216050
216051
216057
216058
216059
216060
216061
216062
216063
216064
216065
216068
216070
216071
216072
216073
216075
216077
216078
216121
216122
216123
216125
216127
216128
216129
216132
216134
216135
216136
216137
216138
216139
216140
216141
216142
216143
216144
216145
216146
216147
216148
216149
216152
216154
216155
216156
216157
216158
216159
216160
216161
216162
216163
216164
216165
216166
216167
216168
216169
216170
216171
216172
216173
216174
216175
216176
216177
216178
216179
216180
216181
216182
216183
216184
216185
216186
216187
216188
216189
216190
216191
216192
216193
216194
216195
216196
216197
216198
216199
216200
216201
216202
216203
216204
216205
216206
216207
216208
216209
216210
216211
216212
216213
216214
216215
216216
216217
216218
216219
216220
216221
216222
216223
216224
216225
216226
216227
216228
216229
216230
216231
216232
216233
216234
216235
216236
216237
216238
216239
216240
216241
216242
216243
216244
216245
216246
216247
216248
216249
216250
216251
216252
216253
216254
216255
216256
216257
216258
216259
216260
216261
216262
216263
216264
216265
216266
216267
216268
216269
216270
216271
216272
216273
216274
216275
216276
216277
216278
216279
216280
216281
216282
216283
216284
216285
216286
216287
216288
216289
216290
216291
216292
216293
216294
216295
216296
216297
216298
216299
216300
216301
216302
216303
216304
216305
216306
216307
216308
216309
216310
216311
216312
216313
216314
216315
216316
216317
216318
216319
216320
216321
216322
216323
216324
216325
216326
216327
216328
216329
216330
216331
216332
216333
216334
216335
216336
216337
216338
216339
216340
216341
216342
216343
216344
216345
216346
216347
216348
216349
216350
216351
216352
216353
216354
216355
216356
216357
216358
216359
216360
216361
216362
216363
216364
216365
216366
216367
216368
216369
216370
216371
216372
216373
216374
216375
216376
216377
216378
216379
216380
216381
216382
216383
216384
216385
216386
216387
216388
216389
216390
216391
216392
216393
216394
216395
216396
216397
216398
216399
216400
216401
216402
216403
216404
216405
216406
216407
216408
216409
216410
216411
216412
216413
216414
216415
216416
216417
216418
216419
216420
216421
216422
216423
216424
216425
216426
216427
216428
216429
216430
216431
216432
216433
216434
216435
216436
216437
216438
216439
216440
216441
216442
216506
216507
216508
216509
216510
216511
216512
216514
216519
216536
216540
216542
216544
216545
216547
216555
216556
216557
216558
216559
216560
216561
216578
216579
216582
216618
216623
216625
216626
216627
216628
216629
216630
216631
216632
216633
216634
216635
216636
216637
216638
216639
216640
216641
216642
216643
216644
216645
216646
216647
216648
216649
216650
216651
216652
216653
216658
216660
216661
216662
216663
216664
216665
216666
216667
216668
216669
216670
216671
216672
216673
216674
216675
216676
216677
216678
216679
216680
216681
216682
216683
216684
216685
216686
216687
216690
216698
216709
216715
216716
216717
216719
216721
216722
216723
216724
216725
216726
216727
216728
216729
216730
216735
216737
216738
216739
216740
216741
216742
216743
216744
216746
216747
216749
216750
216782
216789
216798
216800
216801
216802
216803
216804
216805
216806
216807
216808
216810
216812
216813
216814
216815
216816
216817
216818
216819
216820
216828
216830
216831
216832
216834
216835
216836
216837
216838
216840
216841
216849
216850
216851
216852
216853
216854
216855
216856
216857
216858
216861
216862
216863
216864
216866
216867
216868
216877
216880
216882
216884
216886
216887
216888
216890
216891
216892
216894
216896
216897
216898
216899
216901
216902
216903
216922
216983
216984
216986
216989
216990
216991
216992
216993
216994
216995
216998
216999
217000
217002
217006
217009
217052
217053
217055
217056
217057
217059
217060
217063
217065
217066
217067
217068
217069
217070
217071
217072
217080
217082
217083
217084
217086
217087
217090
217093
217116
217123
217125
217128
217165
217167
217242
217247
217249
217251
217252
217254
217291
217312
217313
217314
217316
217317
217340
217343
217344
217346
217347
217348
217349
217350
217351
217352
217353
217354
217355
217356
217357
217358
217359
217360
217361
217362
217363
217364
217365
217366
217367
217368
217369
217370
217371
217372
217373
217374
217375
217376
217377
217378
217379
217380
217383
217387
217390
217394
217395
217396
217397
217398
217399
217400
217401
217408
217415
217416
217421
217422
217423
217424
217425
217426
217427
217428
217429
217430
217431
217433
217434
217435
217436
217437
217438
217439
217440
217441
217442
217443
217444
217450
217451
217452
217453
217454
217455
217456
217457
217458
217459
217461
217463
217464
217465
217466
217467
217468
217469
217470
217471
217515
217530
217532
217536
217537
217538
217539
217540
217545
217548
217549
217550
217551
217552
217553
217554
217555
217566
217567
217573
217574
217599
217600
217601
217602
217603
217604
217605
217607
217608
217610
217611
217617
217619
217620
217622
217624
217625
217633
217634
217635
217636
217637
217638
217639
217647
217648
217650
217652
217658
217664
217667
217668
217669
217670
217671
217672
217674
217682
217683
217684
217685
217686
217687
217688
217689
217690
217691
217692
217693
217694
217695
217696
217697
217698
217699
217700
217701
217702
217703
217704
217705
217706
217707
217708
217709
217710
217711
217712
217713
217714
217715
217716
217822
217823
217824
217825
217826
217827
217828
217829
217830
217831
217832
217833
217834
217835
217836
217837
217838
217839
217840
217841
217842
217843
217844
217845
217846
217847
217848
217849
217850
217851
217852
217853
217854
217855
217856
217857
217863
217864
217865
217867
217868
217870
217871
217872
217873
217874
217875
217876
217877
217878
217881
217882
217884
217885
217888
217890
217891
217892
217893
217894
217895
217896
217897
217898
217972
217975
217991
217992
217993
217996
218039
218040
218041
218042
218043
218044
218045
218056
218059
218074
218075
218076
218077
218078
218080
218088
218089
218090
218091
218092
218093
218094
218096
218101
218102
218103
218105
218106
218107
218108
218116
218118
218120
218122
218123
218124
218125
218126
218127
218128
218129
218130
218131
218132
218133
218134
218135
218136
218137
218138
218139
218140
218141
218142
218143
218144
218145
218146
218147
218148
218149
218150
218151
218152
218153
218154
218155
218156
218157
218228
218229
218230
218231
218232
218233
218234
218235
218236
218237
218238
218239
218240
218241
218242
218243
218244
218245
218246
218247
218248
218249
218250
218251
218252
218253
218254
218255
218284
218285
218286
218287
218288
218289
218290
218291
218292
218295
218297
218298
218299
218300
218302
218303
218304
218305
218306
218307
218308
218309
218310
218311
218312
218313
218314
218315
218316
218317
218318
218319
218320
218321
218322
218323
218324
218325
218326
218327
218328
218329
218330
218331
218332
218333
218334
218335
218336
218337
218338
218339
218340
218341
218342
218343
218344
218345
218346
218347
218348
218349
218350
218351
218352
218353
218354
218355
218356
218357
218358
218359
218360
218361
218362
218363
218364
218365
218366
218367
218368
218369
218370
218371
218372
218373
218374
219887
219888
219890
219892
219893
219894
219895
219896
219897
219898
219899
219900
219901
219902
219903
219904
219905
219906
219907
219908
219911
219913
219914
219978
219981
219983
219984
219985
219991
219992
219993
219994
219995
219996
219997
219998
220006
220009
220011
220012
220013
220014
220015
220016
220017
220018
220019
220048
220049
220051
220052
220053
220054
220055
220056
220057
220058
220059
220060
220061
220062
220063
220064
220065
220066
220067
220068
220069
220070
220071
220072
220073
220074
220075
220079
220080
220082
220083
220084
220085
220086
220087
220088
220089
220097
220098
220099
220100
220101
220102
220103
220113
220115
220118
220119
220120
220121
220122
220123
220124
220125
220126
220127
220128
220129
220130
220131
220132
220133
220134
220135
220136
220137
220138
220139
220140
220141
220142
220143
220144
220145
220146
220147
220148
220149
220150
220151
220152
220223
220224
220225
220226
220227
220228
220229
220230
220231
220232
220233
220234
220235
220236
220237
220238
220239
220240
220241
220242
220243
220244
220245
220246
220247
220248
220249
220250
220279
220280
220281
220282
220283
220284
220285
220286
220287
220290
220292
220293
220294
220295
220296
220297
220298
220299
220300
220301
220302
220304
220305
220306
220307
220313
220314
220315
220317
220318
220319
220321
220322
220323
220324
220325
220326
220327
220328
220331
220332
220334
220335
220338
220339
220341
220342
220343
220344
220345
220346
220347
220348
220421
220424
220427
220428
220429
220432
220489
220490
220491
220492
220493
220494
220495
220505
220508
220517
220518
220519
220520
220521
220523
220538
220539
220540
220541
220542
220543
220544
220546
220549
220552
220553
220554
220556
220557
220558
220559
220561
220563
220564
220566
220567
220568
220569
220570
220571
220572
220580
220581
220582
220583
220584
220585
220586
220587
220588
220589
220590
220591
220592
220593
220594
220595
220596
220597
220598
220599
220600
220601
220602
220603
220604
220605
220606
220607
220608
220609
220610
220611
220612
220613
220614
220615
220616
220617
220618
220619
220620
220621
220658
220659
220660
220662
220663
220686
220689
220690
220692
220693
220694
220695
220696
220697
220698
220699
220700
220701
220702
220703
220704
220705
220706
220707
220708
220709
220710
220711
220712
220713
220714
220715
220716
220717
220718
220719
220720
220721
220722
220723
220724
220725
220726
220730
220733
220736
220739
220747
220748
220749
220750
220751
220752
220753
220754
220760
220762
220767
220768
220769
220770
220771
220772
220773
220774
220775
220776
220777
220779
220780
220781
220782
220783
220784
220785
220786
220787
220788
220789
220790
220796
220797
220798
220799
220800
220801
220802
220803
220804
220805
220807
220808
220809
220811
220812
220813
220814
220815
220816
220817
220840
220844
220847
220848
220850
220852
220889
220924
220938
220941
220945
220946
220947
220948
220949
220953
220955
220958
220959
220960
220961
220962
220963
220964
220975
220976
220982
220983
221008
221009
221010
221011
221012
221013
221014
221015
221017
221019
221020
221026
221028
221029
221030
221032
221034
221042
221043
221044
221045
221046
221047
221048
221056
221057
221059
221061
221067
221073
221076
221077
221078
221079
221080
221081
221083
221091
221092
221093
221094
221095
221096
221097
221135
221136
221162
221163
221164
221165
221166
221167
221184
221188
221191
221220
221222
221223
221231
221232
221233
221234
221235
221236
221237
221238
221239
221240
221241
221242
221243
221244
221259
221260
221261
221262
221263
221264
221265
221329
221330
221331
221332
221333
221334
221335
221336
221337
221338
221339
221340
221341
221342
221343
221344
221345
221346
221347
221348
221349
221350
221351
221352
221353
221354
221355
221356
221385
221388
221389
221391
221392
221393
221394
221395
221396
221397
221398
221399
221400
221403
221404
221406
221413
221416
221417
221419
221420
221423
221424
221426
221427
221428
221429
221430
221431
221432
221433
221434
221435
221436
221438
221440
221441
221442
221443
221444
221445
221446
221447
221448
221450
221452
221454
221491
221492
221493
221495
221496
221520
221524
221554
221555
221556
221557
221558
221559
221565
221569
221573
221602
221603
221604
221605
221606
221607
221608
221609
221610
221613
221615
221616
221617
221618
221619
221620
221621
221622
221627
221630
221632
221633
221634
221635
221636
221643
221658
221659
221660
221661
221662
221663
221664
221665
221670
221671
221672
221673
221674
221676
221677
221678
221679
221680
221681
221682
221683
221684
221685
221686
221687
221688
221689
221690
221691
221692
221693
221694
221695
221696
221697
221698
221699
221707
221708
221709
221712
221713
221714
221715
221716
221718
221720
221721
221724
221725
221726
221727
221728
221729
221730
221731
221732
221733
221734
221735
221736
221737
221738
221739
221740
221741
221742
221743
221744
221745
221746
221747
221748
221764
221768
221771
221776
221778
221780
221781
221782
221786
221787
221790
221796
221804
221805
221806
221807
221808
221809
221811
221812
221813
221814
221815
221816
221817
221818
221829
221832
221839
221845
221847
221848
221849
221850
221851
221853
221854
221855
221856
221857
221859
221860
221861
221862
221864
221867
221868
221869
221871
221874
221875
221876
221877
221880
221881
221889
221890
221891
221892
221893
221894
221895
221932
221933
221934
221938
221939
221940
221941
221942
221943
221944
221945
221946
221947
221948
221949
221950
221951
221952
221953
221954
221955
221956
221957
221958
221959
221960
221961
221962
221963
221964
221965
221966
221967
221968
221969
221970
221971
221972
221973
221976
221979
221980
221983
221985
221987
221989
221990
221992
221994
221995
221996
221997
221999
222000
222001
222002
222003
222004
222005
222006
222007
222008
222009
222010
222011
222012
222013
222014
222099
222100
222101
222102
222103
222104
222105
222106
222107
222108
222109
222110
222111
222112
222113
222114
222115
222116
222117
222118
222119
222120
222121
222122
222123
222124
222125
222126
222197
222200
222202
222203
222211
222212
222213
222214
222215
222216
222217
222218
222219
222220
222221
222222
222223
222224
222231
222238
222274
222275
222277
222278
222279
222280
222281
222282
222283
222285
222286
222288
222289
222290
222291
222292
222293
222294
222295
222298
222299
222301
222302
222304
222305
222306
222307
222308
222309
222310
222312
222313
222315
222316
222319
222320
222322
222323
222324
222325
222326
222327
222328
222329
222414
222415
222416
222417
222418
222419
222420
222421
222422
222423
222424
222425
222426
222427
222428
222429
222430
222431
222432
222433
222434
222435
222436
222437
222438
222439
222440
222441
223450
223451
223452
223453
223454
223455
223456
223457
223458
223459
223460
223461
223462
223463
223464
223465
223466
223467
223468
223469
223470
223471
223472
223473
223474
223475
223476
223477
223478
223479
223480
223481
223482
223483
223484
223555
223556
223557
223558
223559
223560
223561
223562
223563
223564
223565
223566
223567
223568
223569
223570
223571
223572
223573
223574
223575
223576
223577
223578
223579
223580
223581
223582
223583
223584
223585
223586
223587
223588
223589
223590
223591
223592
223593
223594
223595
223596
223646
223647
223648
223649
223650
223651
223652
223653
223654
223655
223656
223657
223658
223659
223660
223661
223662
223663
223664
223665
223666
223667
223668
223669
223670
223671
223672
223673
223674
223675
223676
223677
223678
223679
223680
223681
223682
223683
223684
223685
223686
223687
223688
223689
223690
223691
223692
223693
223694
223695
223696
223697
223698
223699
223700
223701
223702
223703
223704
223705
223706
223707
223708
223709
223710
223711
223712
223713
223714
223715
223716
223717
223718
223719
223720
223721
223722
223723
223724
223725
223726
223727
223728
223729
223730
223731
223732
223733
223734
223735
223736
223737
223738
223739
223740
223741
223742
223743
223744
223745
223746
223747
223748
223749
223750
223821
223822
223823
223824
223825
223826
223827
223828
223829
223830
223831
223832
223833
223834
223835
223836
223837
223838
223839
223840
223841
223842
223843
223844
223845
223846
223847
223848
223849
223850
223851
223852
223853
223854
223855
223856
223857
223858
223859
223860
223861
223862
223912
223913
223914
223915
223916
223917
223918
223919
223920
223921
223922
223923
223924
223925
223926
223927
223928
223929
223930
223931
223932
223933
223934
223935
223936
223937
223938
223939
223940
223941
223942
223943
223944
223945
223946
223947
223948
223949
223950
223951
223952
223953
223954
223955
223956
223957
223958
223959
223960
223961
223962
223963
223964
223965
223966
223967
223968
223969
223970
223971
223972
223973
223974
223975
223976
223977
223978
223979
223980
223981
223982
223983
223984
223985
223986
223987
223988
223989
223990
223991
223992
223993
223994
223995
223996
223997
223998
223999
224000
224001
224002
224073
224074
224078
224079
224087
224088
224089
224090
224091
224092
224093
224094
224095
224096
224097
224098
224099
224100
224106
224113
224150
224151
224152
224154
224155
224156
224157
224158
224159
224161
224163
224164
224165
224166
224167
224168
224169
224170
224171
224174
224176
224177
224178
224179
224180
224182
224183
224184
224185
224186
224187
224189
224191
224192
224193
224194
224195
224196
224197
224198
224199
224202
224204
224205
224206
224207
224208
224209
224210
224211
224212
224213
224214
224215
224216
224217
224218
224219
224220
224221
224222
224223
224224
224225
224226
224227
224228
224229
224230
224231
224232
224233
224234
224235
224236
224237
224238
224239
224240
224241
224242
224243
224244
224245
224246
224247
224248
224249
224250
224251
224252
224253
224254
224255
224256
224257
224258
224259
224260
224261
224262
224263
224264
224265
224266
224267
224268
224269
224270
224271
224272
224273
224274
224275
224276
224277
224278
224279
224280
224281
224282
224283
224284
224285
224286
224287
224288
224289
224290
224291
224292
224293
224294
224295
224296
224297
224298
224299
224300
224301
224302
224303
224304
224305
224306
224307
224308
224309
224310
224311
224312
224313
224314
224315
224316
224317
224318
224319
224320
224321
224322
224323
224324
224325
224326
224327
224328
224329
224330
224331
224332
224333
224334
224335
224336
224337
224338
224339
224340
224341
224342
224343
224344
224345
224346
224347
224348
224349
224350
224351
224352
224353
224354
224355
224356
224357
224358
224359
224360
224361
224362
224363
224364
224365
224366
224367
224368
224369
224370
224371
224372
224373
224374
224375
224376
224377
224378
224379
224380
224381
224382
224383
224384
224385
224386
224387
224388
224389
224390
224391
224392
224393
224394
224395
224396
224397
224398
224399
224400
224401
224402
224403
224404
224405
224406
224407
224408
224409
224410
224411
224412
224413
224414
224415
224424
224426
224429
224501
224502
224503
224504
224506
224515
224517
224518
224520
224537
224541
224564
224565
224566
224568
224569
224593
224597
224627
224628
224629
224630
224631
224632
224639
224656
224660
224675
224676
224677
224678
224679
224680
224681
224682
224683
224686
224687
224689
224690
224691
224692
224693
224694
224695
224700
224707
224710
224712
224713
224714
224715
224716
224752
224753
224754
224755
224756
224757
224758
224759
224764
224765
224766
224767
224768
224770
224771
224772
224773
224774
224775
224776
224777
224778
224779
224780
224781
224782
224783
224784
224785
224786
224787
224788
224789
224790
224791
224792
224793
224801
224802
224803
224806
224807
224808
224809
224810
224812
224813
224815
224817
224819
224820
224821
224822
224823
224824
224825
224826
224827
224828
224829
224830
224831
224832
224833
224834
224835
224836
224837
224838
224839
224840
224841
224842
224858
224862
224865
224867
224868
224869
224872
224876
224878
224879
224880
224881
224882
224883
224884
224885
224886
224887
224888
224889
224890
224891
224892
224893
224894
224895
224896
224897
224898
224899
224900
224901
224902
224903
224904
224905
224906
224909
224911
224913
224916
224918
224920
224922
224923
224924
224927
224928
224929
224930
224932
224933
224934
224935
224936
224937
224938
224939
224940
224941
224942
224943
224944
224945
224946
224947
224950
224951
224954
224960
224967
224969
224970
224971
224972
224973
224975
224976
224977
224978
224979
224980
224981
224982
224993
224996
225003
225008
225011
225012
225013
225014
225015
225017
225018
225019
225020
225021
225023
225024
225025
225026
225028
225031
225032
225033
225035
225038
225039
225040
225041
225043
225045
225053
225054
225055
225056
225057
225058
225059
225096
225097
225098
225102
225103
225104
225105
225106
225107
225108
225118
225119
225145
225146
225147
225148
225149
225150
225160
225167
225170
225229
225236
225242
225243
225245
225246
225247
225248
225249
225250
225251
225253
225256
225257
225259
225262
225263
225264
225265
225266
225267
225268
225269
225277
225278
225279
225280
225281
225282
225283
225284
225285
225287
225288
225289
225290
225291
225292
225293
225295
225296
225297
225298
225299
225301
225302
225303
225304
225305
225312
225314
225315
225316
225317
225318
225319
225320
225322
225323
225324
225325
225326
225327
225329
225330
225331
225332
225333
225341
225356
225362
225363
225364
225365
225366
225367
225371
225385
225390
225391
225392
225393
225394
225395
225399
225406
225413
225418
225419
225420
225421
225422
225423
225432
225439
225448
225450
225451
225459
225460
225461
225462
225463
225464
225465
225466
225467
225468
225469
225470
225471
225472
225487
225488
225489
225490
225491
225492
225493
225557
225558
225559
225560
225561
225562
225563
225564
225565
225566
225567
225568
225569
225570
225571
225572
225573
225574
225575
225576
225577
225578
225579
225580
225581
225582
225583
225584
225613
225616
225617
225619
225620
225621
225622
225623
225624
225625
225626
225627
225628
225630
225631
225632
225634
225636
225638
225639
225641
225642
225643
225644
225645
225646
225647
225648
225651
225652
225654
225655
225656
225657
225658
225659
225660
225661
225662
225663
225666
225668
225669
225672
225673
225675
225676
225712
225714
225717
225789
225790
225791
225792
225794
225803
225804
225807
225808
225818
225822
225837
225838
225839
225840
225841
225842
225843
225844
225845
225846
225847
225848
225849
225850
225851
225852
225853
225854
225855
225856
225857
225858
225859
225860
225861
225862
225863
225864
225865
225868
225870
225872
225875
225878
225879
225881
225882
225884
225886
225887
225888
225889
225891
225892
225893
225894
225895
225896
225897
225898
225899
225900
225901
225902
225903
225904
225905
225906
225909
225910
225913
225919
225927
225928
225929
225930
225931
225932
225933
225934
225935
225936
225937
225938
225940
225941
225949
225951
225952
225955
225956
225957
225959
225962
225963
225964
225966
225967
225968
225977
225978
225979
225980
225981
225982
225983
225987
225990
225997
226003
226005
226006
226007
226008
226010
226011
226012
226013
226014
226015
226017
226018
226048
226049
226050
226061
226062
226063
226064
226065
226066
226067
226068
226069
226070
226071
226072
226073
226074
226075
226080
226081
226082
226083
226084
226086
226087
226088
226089
226090
226091
226092
226093
226094
226095
226096
226097
226098
226099
226100
226101
226102
226103
226104
226105
226106
226107
226108
226109
226117
226118
226119
226122
226123
226124
226125
226126
226128
226129
226131
226133
226135
226136
226137
226138
226139
226140
226141
226142
226143
226144
226145
226146
226147
226148
226149
226150
226151
226152
226153
226154
226155
226156
226157
226158
226174
226178
226181
226183
226185
226186
226188
226192
226194
226195
226196
226197
226198
226199
226200
226201
226202
226203
226204
226205
226206
226207
226208
226209
226210
226211
226212
226213
226214
226215
226216
226217
226218
226219
226220
226221
226306
226311
226313
226314
226315
226317
226319
226320
226321
226322
226323
226324
226325
226326
226327
226330
226331
226333
226334
226337
226339
226340
226341
226342
226343
226344
226345
226346
226347
226414
226417
226440
226441
226442
226445
226488
226489
226490
226491
226492
226493
226494
226496
226499
226502
226503
226505
226506
226507
226508
226509
226511
226513
226514
226523
226524
226525
226526
226527
226528
226529
226537
226538
226539
226540
226541
226542
226543
226554
226557
226572
226573
226574
226575
226576
226578
226579
226580
226582
226584
226585
226586
226587
226588
226589
226590
226591
226592
226593
226594
226595
226596
226597
226598
226599
226600
226603
226604
226606
226670
226671
226675
226676
226677
226682
226684
226685
226686
226687
226688
226689
226690
226691
226692
226693
226694
226695
226696
226697
226698
226701
226703
226704
226740
226741
226742
226744
226745
226746
226747
226748
226749
226750
226751
226752
226753
226754
226755
226756
226757
226758
226759
226760
226761
226762
226763
226764
226765
226766
226767
226770
226772
226774
226775
226776
226777
226778
226779
226780
226781
226789
226790
226791
226792
226793
226794
226795
226798
226801
226803
226804
226805
226806
226807
226808
226809
226817
226818
226819
226820
226821
226822
226823
226824
226825
226826
226827
226828
226829
226830
226915
226916
226917
226918
226919
226920
226921
226922
226923
226924
226925
226926
226927
226928
226929
226930
226931
226932
226933
226934
226935
226936
226937
226938
226939
226940
226941
226942
227027
227029
227030
227032
227033
227034
227040
227041
227042
227043
227044
227045
227046
227047
227048
227051
227053
227054
227055
227056
227058
227060
227061
227097
227098
227099
227100
227101
227102
227103
227104
227105
227106
227107
227108
227109
227110
227111
227112
227113
227114
227115
227116
227117
227118
227119
227120
227121
227122
227123
227124
227125
227127
227128
227129
227131
227132
227133
227136
227138
227139
227140
227141
227142
227143
227144
227145
227146
227149
227150
227152
227153
227154
227155
227156
227157
227158
227159
227160
227161
227162
227163
227164
227165
227166
227167
227168
227169
227170
227171
227172
227173
227174
227175
227176
227177
227178
227179
227180
227181
227182
227183
227184
227185
227186
227187
227258
227259
227260
227261
227262
227263
227264
227265
227266
227270
227271
227272
227273
227274
227275
227276
227277
227278
227279
227282
227284
227285
227328
227329
227330
227331
227332
227333
227334
227335
227336
227339
227341
227342
227343
227344
227345
227346
227347
227348
227349
227352
227354
227355
227447
227448
227449
227450
227451
227452
227453
227454
227455
227456
227457
227458
227459
227460
227461
227462
227463
227464
227465
227466
227467
227468
227469
227470
227471
227472
227473
227474
227545
227546
227547
227548
227549
227550
227551
227552
227553
227557
227558
227559
227562
227564
227565
227566
227567
227568
227569
227570
227571
227572
227615
227616
227617
227618
227619
227620
227621
227622
227623
227626
227628
227629
227632
227633
227635
227636
227637
227638
227639
227640
227641
227642
227643
227644
227645
227646
227647
227648
227649
227650
227651
227652
227653
227654
227655
227656
227657
227658
227659
227660
227661
227662
227663
227664
227665
227666
227667
227668
227669
227670
227755
227756
227757
227760
227761
227762
227767
227769
227770
227771
227772
227773
227774
227775
227776
227777
227779
227781
227782
227783
227786
227788
227789
227825
227826
227827
227828
227829
227830
227831
227832
227833
227834
227835
227836
227837
227838
227839
227840
227841
227842
227843
227844
227845
227846
227847
227848
227849
227850
227851
227852
227853
227854
227855
227857
227859
227860
227861
227864
227866
227867
227868
227869
227870
227871
227872
227873
227874
227875
227876
227877
227878
227879
227880
227881
227884
227886
227887
227888
227889
227890
227891
227892
227893
227894
227895
227896
227897
227898
227899
227900
227901
227902
227903
227904
227905
227906
227907
227908
227909
227910
227911
227912
227913
227914
227915
227986
227987
227988
227989
227990
227991
227992
227993
227994
227995
227996
227997
227998
227999
228000
228001
228002
228003
228004
228005
228006
228007
228008
228009
228010
228011
228012
228013
228042
228043
228044
228045
228046
228047
228048
228049
228050
228053
228055
228056
228057
228058
228059
228060
228061
228062
228063
228064
228065
228067
228068
228069
228070
228071
228073
228075
228076
228077
228078
228079
228080
228081
228082
228083
228084
228085
228086
228087
228088
228089
228090
228091
228094
228096
228097
228161
228164
228166
228167
228168
228174
228175
228176
228177
228178
228179
228180
228181
228189
228192
228194
228195
228196
228197
228198
228199
228200
228201
228202
228231
228232
228234
228235
228236
228237
228238
228239
228240
228241
228242
228243
228244
228245
228246
228247
228248
228249
228250
228251
228252
228253
228254
228255
228256
228257
228258
228262
228263
228265
228266
228267
228268
228269
228270
228271
228272
228280
228281
228282
228283
228284
228285
228286
228296
228298
228301
228302
228303
228304
228305
228306
228307
228308
228313
228315
228316
228317
228319
228320
228322
228323
228324
228325
228326
228327
228328
228329
228332
228333
228335
228336
228339
228340
228342
228343
228344
228345
228346
228347
228348
228349
228415
228418
228428
228429
228430
228433
228490
228491
228492
228493
228494
228495
228496
228498
228501
228504
228505
228506
228508
228509
228510
228511
228513
228515
228516
228518
228519
228520
228521
228522
228523
228524
228539
228540
228541
228542
228543
228544
228545
228555
228558
228567
228568
228569
228570
228571
228573
228581
228582
228583
228584
228585
228586
228587
228588
228589
228590
228591
228592
228593
228594
228595
228596
228597
228598
228599
228600
228601
228617
228618
228619
228621
228622
228646
228650
228680
228681
228682
228683
228684
228685
228692
228709
228713
228728
228729
228730
228731
228732
228733
228734
228735
228736
228739
228740
228742
228743
228744
228745
228746
228747
228748
228753
228760
228763
228765
228766
228767
228768
228769
228792
228794
228797
228869
228870
228871
228872
228874
228883
228885
228886
228888
228905
228909
228938
228939
228940
228941
228942
228943
228944
228945
228946
228947
228948
228949
228950
228951
228952
228953
228954
228955
228956
228957
228958
228959
228960
228961
228962
228963
228964
228965
228966
228969
228971
228973
228976
228978
228980
228982
228983
228984
228987
228988
228989
228990
228992
228993
228994
228995
228996
228997
228998
228999
229000
229001
229002
229003
229004
229005
229006
229007
229008
229009
229010
229011
229012
229013
229014
229015
229020
229021
229022
229023
229024
229026
229027
229028
229029
229030
229031
229032
229033
229034
229035
229036
229037
229038
229039
229040
229041
229042
229043
229044
229045
229046
229047
229048
229049
229057
229058
229059
229062
229063
229064
229065
229066
229068
229069
229071
229073
229075
229076
229077
229078
229079
229080
229081
229082
229083
229084
229085
229086
229087
229088
229089
229090
229091
229092
229093
229094
229095
229096
229097
229098
229114
229118
229121
229123
229124
229125
229128
229132
229136
229137
229140
229146
229153
229155
229156
229157
229158
229159
229160
229161
229162
229163
229164
229165
229166
229168
229176
229177
229179
229182
229183
229184
229186
229189
229190
229191
229192
229194
229196
229204
229205
229206
229207
229208
229209
229210
229214
229217
229224
229229
229232
229233
229234
229235
229236
229238
229239
229240
229241
229242
229244
229245
229275
229276
229277
229288
229289
229290
229291
229292
229293
229294
229295
229297
229298
229299
229300
229301
229302
229303
229305
229307
229309
229310
229312
229314
229323
229324
229325
229326
229327
229328
229329
229330
229331
229332
229333
229334
229335
229336
229337
229338
229339
229341
229342
229343
229344
229345
229346
229348
229349
229350
229351
229352
229353
229355
229356
229357
229358
229365
229366
229367
229369
229370
229371
229372
229373
229374
229376
229377
229378
229379
229380
229381
229383
229384
229385
229386
229395
229409
229415
229416
229417
229418
229419
229420
229423
229437
229443
229444
229445
229446
229447
229448
229450
229458
229465
229471
229472
229473
229474
229475
229476
229485
229492
229506
229513
229535
229536
229548
229549
229550
229551
229552
229553
229563
229566
229577
229632
229634
229637
229639
229674
229676
229716
229731
229733
229737
229738
229739
229740
229741
229746
229748
229750
229751
229752
229753
229754
229755
229756
229765
229768
229773
229775
229793
229794
229795
229796
229797
229798
229806
229808
229809
229811
229812
229819
229820
229821
229823
229825
229826
229834
229835
229836
229837
229838
229839
229840
229848
229849
229850
229853
229860
229864
229866
229869
229870
229871
229872
229873
229874
229875
229876
229877
229878
229879
229881
229882
229891
229892
229893
229894
229896
229912
229916
229917
229925
229926
229927
229928
229929
229930
229931
229932
229933
229934
229935
229936
229937
229938
229939
229940
229941
229942
229943
229944
229945
229946
229947
229948
229949
229950
229951
229952
229953
229958
229959
229960
229961
229962
229963
229964
229965
229966
229967
229968
229970
229971
229972
229973
229974
229975
229976
229977
229978
229979
229980
229981
229982
229983
229984
229985
229986
229987
229991
229993
229998
229999
230008
230014
230016
230017
230018
230019
230020
230021
230022
230023
230027
230030
230031
230032
230033
230034
230035
230036
230037
230038
230039
230040
230041
230042
230043
230044
230045
230047
230048
230049
230101
230104
230108
230109
230111
230113
230150
230206
230211
230212
230213
230214
230215
230216
230217
230218
230219
230220
230222
230223
230225
230236
230238
230240
230242
230243
230244
230246
230254
230255
230257
230258
230260
230262
230266
230268
230269
230270
230271
230272
230273
230274
230285
230286
230289
230291
230292
230294
230295
230299
230306
230310
230311
230312
230313
230315
230316
230324
230325
230326
230327
230328
230329
230330
230331
230332
230333
230336
230337
230338
230339
230341
230342
230343
230352
230355
230358
230359
230361
230362
230363
230364
230366
230367
230369
230371
230372
230373
230374
230376
230377
230378
230380
230381
230382
230383
230384
230385
230386
230387
230392
230394
230395
230396
230397
230398
230399
230400
230401
230402
230403
230404
230405
230406
230407
230408
230409
230410
230411
230412
230413
230414
230415
230420
230422
230423
230424
230425
230426
230427
230428
230429
230430
230431
230432
230433
230434
230435
230436
230437
230438
230439
230440
230441
230442
230443
230444
230445
230446
230447
230448
230449
230466
230500
230502
230504
230506
230507
230508
230509
230510
230511
230512
230515
230516
230517
230519
230523
230526
230597
230598
230599
230601
230603
230604
230605
230606
230607
230608
230609
230610
230611
230612
230616
230617
230618
230620
230621
230622
230624
230632
230634
230638
230641
230649
230660
230666
230667
230668
230670
230672
230673
230674
230675
230676
230677
230678
230679
230680
230681
230682
230683
230684
230685
230686
230687
230688
230694
230695
230697
230698
230700
230701
230732
230740
230749
230751
230752
230753
230754
230755
230756
230757
230758
230759
230761
230762
230764
230765
230766
230767
230768
230769
230770
230771
230779
230781
230782
230783
230785
230849
230850
230851
230852
230853
230854
230855
230857
230862
230879
230883
230885
230887
230888
230890
230898
230899
230900
230901
230902
230903
230904
230921
230922
230925
230961
230962
230963
230964
230965
230966
230967
230968
230973
230975
230976
230977
230978
230979
230980
230981
230982
230983
230984
230985
230986
230987
230988
230989
230990
230991
230992
230993
230994
230995
230996
231001
231003
231004
231005
231006
231007
231008
231009
231010
231011
231012
231013
231014
231015
231016
231017
231018
231019
231020
231021
231022
231023
231024
231025
231026
231027
231028
231029
231030
231031
231032
231033
231034
231036
231037
231045
231046
231047
231048
231049
231050
231051
231052
231053
231054
231057
231058
231059
231060
231062
231063
231064
231066
231067
231068
231069
231070
231071
231072
231073
231074
231075
231076
231077
231078
231079
231087
231090
231092
231094
231096
231097
231098
231100
231101
231102
231104
231106
231107
231108
231109
231111
231112
231113
231117
231125
231136
231142
231143
231144
231146
231148
231149
231150
231151
231152
231153
231154
231155
231156
231157
231162
231164
231165
231166
231167
231168
231169
231170
231171
231173
231174
231176
231177
231209
231216
231225
231227
231228
231229
231230
231231
231232
231233
231234
231235
231237
231239
231240
231241
231242
231243
231244
231245
231246
231247
231255
231257
231258
231259
231261
231278
231312
231313
231315
231318
231319
231320
231321
231322
231323
231324
231327
231328
231329
231331
231335
231338
231409
231410
231411
231413
231414
231416
231417
231418
231419
231420
231421
231422
231423
231424
231427
231429
231430
231432
231433
231434
231436
231444
231446
231450
231487
231488
231489
231490
231492
231508
231511
231512
231521
231522
231523
231524
231525
231526
231527
231528
231529
231530
231531
231532
231533
231534
231535
231536
231537
231538
231539
231540
231541
231542
231543
231544
231545
231546
231547
231548
231549
231554
231555
231556
231557
231558
231559
231560
231561
231562
231563
231564
231566
231567
231568
231569
231570
231571
231572
231573
231574
231575
231576
231577
231578
231579
231580
231581
231582
231583
231587
231590
231593
231596
231604
231605
231606
231607
231608
231609
231610
231611
231617
231619
231624
231626
231627
231628
231629
231630
231631
231632
231633
231634
231635
231636
231637
231638
231639
231640
231641
231643
231644
231645
231662
231676
231679
231683
231684
231685
231686
231687
231691
231693
231696
231697
231698
231699
231700
231701
231702
231713
231714
231720
231721
231746
231747
231748
231749
231750
231751
231752
231753
231755
231757
231758
231764
231766
231767
231768
231770
231772
231780
231781
231782
231783
231784
231785
231786
231794
231795
231797
231799
231805
231811
231814
231815
231816
231817
231818
231819
231821
231829
231830
231831
231832
231833
231834
231835
231858
231862
231865
231866
231868
231870
231907
231964
231965
231977
231978
231979
231980
231981
231982
231992
231999
232002
232285
232286
232287
232288
232289
232290
232294
232355
232359
232361
232362
232363
232364
232365
232366
232367
232368
232369
232370
232372
232374
232377
232378
232379
232388
232399
232439
232441
232443
232446
232448
232449
232454
232455
232456
232458
232477
232480
232481
232482
232483
232484
232485
232486
232487
232488
232489
232490
232491
232493
232501
232502
232503
232504
232505
232506
232507
232508
232509
232510
232512
232513
232515
232518
232521
232557
232559
232560
232562
232563
232574
232577
232585
232586
232587
232588
232589
232590
232591
232592
232593
232594
232595
232596
232597
232598
232599
232600
232601
232602
232603
232604
232605
232606
232607
232609
232610
232611
232612
232613
232614
232616
232617
232618
232619
232686
232712
232713
232714
232717
232728
232739
232740
232743
232745
232746
232747
232749
232750
232752
232753
232754
232755
232756
232757
232758
232759
232773
232774
232776
232777
232780
232782
232786
232810
232812
232815
232832
232834
232839
232841
232852
232853
232854
232855
232856
232857
232865
232866
232867
232868
232869
232870
232872
232873
232874
232875
232876
232877
232878
232879
232880
232881
232882
232883
232884
232885
232893
232895
232898
232900
232902
232904
232907
232908
232910
232911
232912
232913
232921
232924
232927
232928
232929
232930
232931
232932
232933
232934
232942
232943
232944
232945
232946
232947
232948
232949
232950
232951
232952
232953
232954
232955
232956
232957
232958
232959
232960
232961
232962
232963
232964
232965
232966
232967
232968
232969
232984
232986
232988
232990
232991
232992
232993
232994
232995
232996
232997
232998
232999
233002
233004
233005
233012
233015
233017
233018
233047
233050
233052
233053
233054
233055
233059
233061
233062
233063
233064
233065
233066
233067
233068
233069
233071
233073
233074
233075
233127
233131
233132
233133
233134
233135
233136
233137
233145
233146
233147
233148
233149
233151
233166
233167
233168
233169
233170
233171
233172
233208
233209
233210
233211
233212
233213
233214
233215
233216
233217
233218
233219
233220
233221
233222
233223
233224
233225
233226
233227
233228
233229
233230
233231
233232
233233
233234
233235
233236
233237
233238
233239
233240
233241
233242
233243
233246
233249
233250
233253
233256
233257
233258
233259
233260
233262
233263
233264
233265
233266
233267
233268
233269
233270
233271
233272
233273
233274
233275
233276
233277
233278
233279
233280
233281
233282
233283
233284
233285
233286
233287
233288
233289
233290
233291
233292
233293
233294
233295
233296
233297
233298
233299
233301
233302
233303
233304
233305
233306
233307
233308
233309
233310
233311
233312
233321
233326
233327
233328
233330
233331
233332
233333
233334
233335
233336
233337
233338
233339
233340
233355
233357
233358
233361
233398
233400
233403
233413
233417
233419
233421
233424
233441
233446
233447
233449
233451
233452
233453
233454
233457
233458
233460
233461
233462
233463
233464
233465
233466
233467
233468
233470
233471
233473
233474
233478
233480
233491
233493
233512
233516
233517
233521
233528
233530
233531
233532
233533
233534
233535
233536
233537
233538
233539
233540
233541
233542
233543
233544
233547
233549
233550
233593
233594
233595
233596
233597
233598
233599
233600
233601
233602
233603
233604
233605
233606
233607
233608
233609
233610
233611
233612
233613
233614
233615
233616
233617
233618
233619
233620
233623
233628
233629
233630
233631
233632
233634
233636
233637
233639
233640
233649
233650
233651
233652
233653
233654
233655
233663
233665
233666
233667
233668
233669
233670
233672
233676
233677
233680
233682
233684
233685
233686
233687
233688
233689
233690
233691
233692
233693
233694
233696
233697
233698
233699
233700
233701
233702
233703
233704
233705
233706
233707
233708
233709
233710
233711
233712
233713
233714
233715
233716
233717
233718
233719
233720
233721
233722
233723
233724
233725
233726
233729
233730
233731
233732
233733
233734
233735
233736
233737
233738
233739
233741
233742
233745
233760
233769
233770
233773
233776
233781
233789
233790
233791
233792
233793
233794
233795
233810
233811
233812
233813
233814
233815
233816
233817
233818
233819
233820
233821
233822
233823
233831
233832
233833
233834
233835
233836
233837
233838
233839
233840
233841
233842
233843
233844
233845
233846
233847
233848
233849
233850
233851
233852
233853
233854
233855
233856
233857
233858
233859
233860
233861
233862
233863
233864
233865
233880
233881
233882
233884
233885
233886
233894
233895
233896
233897
233898
233899
233900
233902
233904
233907
233924
233925
233928
233930
233932
233935
233944
233946
233949
233953
233972
233978
233979
233980
233981
233982
233983
233984
233985
233990
233991
233992
233995
233997
233998
233999
234000
234002
234003
234004
234005
234006
234007
234009
234010
234013
234014
234015
234016
234017
234018
234019
234034
234035
234036
234037
234038
234039
234040
234048
234049
234050
234052
234054
234055
234056
234057
234058
234059
234060
234061
234062
234063
234065
234066
234067
234068
234069
234070
234072
234073
234074
234075
234076
234077
234078
234079
234080
234081
234082
234083
234084
234085
234086
234087
234088
234089
234104
234105
234106
234107
234108
234109
234110
234118
234119
234120
234121
234122
234123
234124
234125
234126
234127
234128
234129
234130
234131
234134
234135
234138
234161
234163
234166
234174
234175
234176
234177
234178
234179
234180
234181
234182
234183
234184
234185
234186
234187
234188
234189
234190
234191
234192
234193
234194
234195
234196
234197
234198
234199
234200
234201
234223
234224
234225
234226
234227
234228
234229
234230
234231
234232
234234
234235
234236
234237
234238
234239
234240
234241
234242
234243
234244
234245
234246
234247
234248
234249
234250
234251
234252
234253
234254
234255
234256
234257
234259
234287
234288
234291
234307
234308
234309
234310
234311
234312
234313
234314
234315
234319
234320
234321
234322
234323
234324
234325
234326
234327
234328
234329
234331
234332
234333
234334
234336
234338
234341
234358
234359
234361
234369
234378
234380
234382
234384
234385
234386
234387
234388
234389
234390
234391
234392
234393
234394
234395
234396
234397
234398
234399
234400
234401
234402
234403
234404
234405
234406
234407
234408
234409
234410
234411
234413
234415
234416
234419
234420
234421
234422
234423
234424
234425
234441
234442
234444
234445
234454
234455
234456
234458
234460
234461
234462
234463
234464
234465
234466
234467
234482
234483
234484
234485
234486
234487
234488
234489
234490
234491
234492
234493
234494
234495
234503
234504
234505
234506
234507
234508
234509
234511
234513
234516
234546
234548
234550
234552
234553
234554
234555
234556
234557
234558
234559
234560
234561
234562
234563
234564
234565
234566
234567
234568
234569
234570
234571
234572
234573
234574
234575
234576
234577
234578
234579
234594
234595
234596
234597
234598
234599
234600
234608
234609
234610
234612
234613
234614
234615
234616
234617
234618
234619
234620
234621
234622
234623
234624
234625
234626
234627
234628
234629
234630
234631
234632
234633
234634
234635
234638
234639
234642
234659
234660
234662
234672
234674
234677
234679
234681
234683
234687
234700
234713
234714
234715
234716
234717
234718
234719
234720
234725
234726
234727
234728
234730
234731
234732
234733
234734
234737
234739
234740
234741
234743
234744
234745
234748
234749
234750
234751
234752
234753
234754
234776
234777
234778
234779
234780
234781
234782
234783
234784
234785
234787
234788
234790
234791
234792
234793
234794
234795
234796
234797
234798
234799
234801
234802
234803
234804
234805
234806
234807
234808
234809
234810
234811
234812
234814
234815
234816
234817
234825
234826
234827
234828
234829
234830
234831
234839
234840
234841
234844
234845
234855
234856
234859
234903
234904
234905
234908
234939
234966
234967
234995
235007
235008
235009
235010
235011
235012
235013
235014
235016
235020
235021
235024
235026
235028
235029
235030
235031
235032
235033
235034
235035
235036
235037
235038
235040
235041
235042
235043
235044
235045
235046
235047
235048
235049
235050
235051
235052
235053
235054
235055
235056
235057
235058
235059
235060
235061
235062
235063
235064
235065
235066
235067
235068
235069
235070
235072
235073
235074
235075
235076
235077
235078
235079
235080
235081
235082
235083
235084
235085
235087
235089
235090
235091
235092
235095
235097
235098
235099
235100
235101
235102
235103
235104
235105
235106
235108
235109
235111
235112
235117
235118
235129
235132
235150
235154
235157
235159
235167
235168
235169
235170
235171
235172
235173
235174
235182
235185
235187
235188
235189
235190
235191
235192
235193
235194
235195
235231
235232
235233
235234
235235
235236
235237
235238
235239
235240
235241
235242
235243
235244
235245
235246
235247
235248
235249
235250
235251
235252
235253
235254
235255
235256
235257
235258
235262
235266
235267
235268
235269
235270
235271
235274
235276
235277
235279
235294
235295
235296
235297
235298
235299
235300
235309
235313
235315
235316
235318
235319
235320
235321
235322
235323
235324
235325
235326
235327
235328
235343
235345
235346
235349
235386
235388
235391
235401
235405
235407
235409
235412
235429
235434
235436
235437
235438
235439
235440
235441
235444
235446
235448
235451
235453
235455
235456
235457
235458
235460
235461
235462
235463
235464
235465
235466
235467
235468
235469
235470
235471
235472
235473
235474
235475
235476
235477
235478
235479
235480
235481
235482
235483
235484
235485
235486
235487
235488
235489
235490
235491
235492
235493
235494
235495
235496
235497
235500
235501
235502
235503
235504
235505
235506
235507
235508
235509
235510
235514
235554
235556
235558
235562
235563
235564
235569
235570
235571
235573
235592
235595
235596
235597
235598
235599
235600
235601
235602
235603
235604
235605
235606
235608
235616
235617
235618
235619
235620
235621
235622
235623
235624
235625
235627
235628
235630
235633
235635
235672
235674
235675
235677
235678
235689
235691
235700
235701
235702
235703
235704
235705
235706
235707
235708
235709
235710
235711
235712
235713
235714
235715
235716
235717
235718
235719
235720
235721
235722
235724
235725
235726
235727
235728
235729
235731
235732
235733
235734
235764
235765
235766
235767
235768
235769
235787
235834
235837
235840
235841
235842
235843
235844
235845
235846
235847
235848
235850
235852
235853
235858
235870
235871
235874
235911
235915
235939
235941
235944
235960
235963
235968
235970
235981
235982
235983
235984
235985
235986
235994
235995
235996
235997
235998
235999
236001
236002
236003
236004
236005
236006
236007
236008
236009
236010
236011
236012
236013
236014
236022
236024
236026
236029
236031
236033
236036
236037
236038
236040
236041
236042
236050
236052
236054
236057
236058
236059
236060
236061
236062
236063
236064
236065
236066
236067
236068
236069
236070
236078
236079
236080
236081
236082
236083
236084
236085
236086
236087
236088
236089
236090
236091
236092
236093
236094
236095
236096
236097
236098
236144
236170
236171
236172
236175
236186
236197
236198
236201
236202
236204
236205
236207
236208
236210
236211
236212
236213
236214
236215
236216
236217
236229
236232
236234
236235
236238
236261
236262
236263
236264
236265
236276
236277
236279
236280
236294
236295
236296
236297
236300
236302
236303
236305
236308
236309
236310
236311
236312
236314
236315
236323
236324
236325
236326
236328
236329
236338
236339
236340
236342
236347
236375
236386
236390
236391
236393
236394
236395
236396
236397
236398
236399
236400
236401
236402
236403
236404
236405
236406
236407
236409
236410
236411
236412
236413
236436
236437
236438
236439
236440
236451
236452
236454
236455
236469
236470
236471
236472
236475
236477
236478
236480
236483
236484
236485
236486
236487
236489
236490
236498
236499
236500
236501
236503
236504
236513
236514
236515
236517
236522
236550
236561
236565
236566
236568
236569
236570
236571
236572
236573
236574
236575
236576
236577
236578
236579
236580
236581
236582
236584
236585
236586
236587
236588
236589
236591
236592
236593
236594
236595
236596
236602
236603
236605
236606
236609
236610
236612
236613
236616
236617
236618
236619
236620
236621
236622
236623
236624
236625
236626
236627
236628
236629
236630
236646
236647
236648
236650
236651
236675
236676
236677
236679
236695
236696
236697
236699
236700
236718
236720
236727
236730
236734
236737
236738
236741
236743
236744
236745
236746
236747
236749
236750
236751
236752
236753
236755
236756
236757
236761
236762
236763
236764
236766
236767
236768
236769
236770
236771
236772
236773
236774
236775
236776
236777
236800
236801
236802
236804
236805
236829
236830
236831
236833
236849
236850
236851
236853
236854
236872
236874
236881
236884
236888
236891
236892
236895
236897
236898
236899
236900
236901
236903
236904
236905
236906
236907
236909
236910
236911
236915
236916
236917
236918
236920
236921
236922
236923
236924
236925
236926
236927
236928
236929
236930
236931
236939
236941
236942
236943
236944
236945
236946
236947
236948
236949
236950
236951
236952
236953
236954
236955
236956
236957
236958
236959
236966
236967
236969
236970
236972
236974
236976
236977
236979
236981
236982
236983
236984
236986
236987
236988
236989
236990
236991
236993
236994
236995
236996
236997
236998
236999
237000
237001
237002
237009
237010
237011
237012
237013
237014
237015
237016
237017
237018
237019
237020
237021
237022
237023
237024
237026
237027
237028
237029
237030
237031
237032
237033
237034
237035
237036
237037
237041
237042
237043
237044
237045
237047
237048
237049
237050
237051
237053
237055
237056
237057
237058
237059
237060
237061
237062
237063
237064
237065
237066
237067
237068
237069
237070
237071
237072
237079
237080
237081
237082
237083
237084
237085
237086
237087
237088
237089
237090
237091
237092
237093
237094
237095
237096
237097
237098
237099
237100
237101
237103
237104
237106
237107
237114
237115
237116
237117
237118
237119
237120
237121
237122
237123
237124
237125
237126
237127
237128
237129
237131
237132
237133
237134
237135
237136
237137
237138
237139
237140
237141
237142
237146
237147
237148
237149
237150
237152
237153
237154
237155
237156
237158
237159
237160
237161
237162
237163
237168
237170
237172
237173
237176
237177
237179
237180
237182
237184
237185
237186
237187
237188
237189
237190
237191
237192
237193
237194
237195
237196
237197
237220
237221
237222
237223
237224
237235
237236
237237
237239
237253
237254
237255
237257
237260
237261
237262
237264
237266
237275
237276
237277
237278
237279
237281
237282
237283
237284
237285
237287
237288
237297
237298
237299
237300
237313
237334
237345
237349
237350
237352
237353
237354
237355
237356
237357
237358
237359
237361
237362
237363
237364
237365
237366
237367
237368
237369
237370
237371
237372
237388
237389
237390
237392
237393
237417
237418
237419
237421
237437
237438
237439
237441
237442
237460
237463
237469
237472
237477
237479
237481
237484
237485
237486
237487
237488
237490
237491
237492
237493
237494
237495
237496
237498
237499
237503
237504
237505
237506
237508
237509
237510
237511
237512
237513
237514
237515
237516
237517
237518
237519
237527
237529
237530
237531
237532
237533
237534
237535
237536
237537
237538
237539
237540
237541
237542
237543
237544
237545
237546
237547
237553
237555
237557
237558
237560
237562
237564
237565
237566
237569
237570
237571
237572
237574
237575
237576
237577
237578
237579
237580
237581
237583
237584
237585
237586
237587
237588
237589
237605
237606
237607
237609
237610
237634
237635
237636
237637
237654
237655
237656
237658
237659
237677
237679
237686
237689
237693
237696
237697
237699
237702
237703
237704
237705
237706
237707
237709
237710
237711
237712
237714
237715
237716
237720
237721
237722
237723
237725
237726
237727
237728
237729
237730
237731
237732
237733
237734
237735
237736
237773
237774
237775
237776
237777
237778
237782
237843
237847
237849
237850
237851
237852
237853
237854
237855
237856
237857
237858
237860
237862
237865
237866
237867
237876
237915
237955
237956
237958
237961
237962
237963
237964
237965
237967
237975
237976
237977
237978
237979
237980
237981
237982
237983
237984
237986
237987
237989
237992
237995
237997
237999
238000
238005
238006
238007
238009
238028
238031
238032
238033
238034
238035
238036
238037
238073
238074
238075
238076
238077
238078
238079
238080
238081
238083
238084
238085
238086
238087
238088
238090
238091
238092
238093
238094
238096
238097
238099
238100
238111
238114
238122
238123
238124
238125
238126
238127
238128
238129
238130
238131
238132
238133
238134
238135
238167
238193
238194
238195
238198
238209
238220
238221
238224
238226
238227
238228
238230
238231
238233
238234
238235
238236
238237
238238
238239
238240
238254
238255
238257
238258
238261
238298
238301
238326
238327
238330
238346
238347
238348
238349
238350
238351
238353
238354
238355
238356
238357
238358
238359
238360
238361
238362
238363
238364
238365
238366
238374
238376
238379
238381
238383
238385
238390
238392
238397
238399
238410
238411
238412
238413
238414
238415
238423
238424
238425
238426
238427
238428
238429
238430
238431
238432
238433
238434
238435
238436
238437
238438
238439
238440
238441
238442
238443
238444
238445
238447
238448
238449
238450
238458
238461
238464
238465
238466
238467
238468
238469
238470
238471
238479
238480
238481
238482
238483
238484
238485
238500
238507
238508
238509
238510
238511
238512
238513
238514
238515
238516
238517
238518
238519
238520
238521
238522
238523
238524
238525
238526
238527
238528
238529
238531
238532
238533
238534
238535
238539
238540
238541
238542
238543
238545
238546
238547
238548
238549
238550
238551
238552
238553
238554
238555
238556
238559
238560
238561
238562
238563
238564
238565
238566
238567
238568
238569
238570
238577
238578
238579
238580
238581
238582
238583
238584
238585
238586
238587
238588
238589
238590
238591
238592
238594
238595
238597
238598
238599
238600
238601
238602
238603
238604
238605
238612
238613
238614
238615
238616
238617
238618
238619
238620
238621
238622
238623
238624
238625
238626
238627
238628
238629
238630
238631
238632
238633
238634
238636
238637
238638
238639
238640
238644
238645
238646
238647
238648
238650
238651
238652
238653
238657
238697
238698
238700
238703
238704
238705
238706
238707
238709
238717
238718
238719
238720
238721
238722
238723
238724
238727
238730
238731
238732
238733
238735
238736
238739
238740
238742
238747
238748
238749
238750
238766
238767
238768
238769
238770
238771
238772
238777
238815
238816
238817
238818
238819
238820
238821
238822
238823
238825
238826
238827
238828
238829
238830
238832
238833
238834
238835
238836
238837
238839
238841
238842
238852
238854
238857
238858
238859
238860
238861
238862
238863
238871
238872
238873
238874
238875
238876
238877
238937
238963
238964
238965
238966
238972
238990
238991
238994
238996
238997
238998
239000
239001
239002
239004
239005
239006
239007
239008
239009
239010
239018
239020
239021
239022
239031
239033
239036
239061
239062
239065
239081
239082
239083
239084
239085
239086
239088
239089
239090
239091
239092
239093
239094
239095
239096
239097
239098
239099
239100
239101
239109
239111
239114
239116
239118
239120
239125
239127
239132
239134
239145
239146
239147
239148
239149
239150
239158
239159
239160
239161
239162
239163
239164
239165
239166
239167
239168
239169
239170
239171
239172
239173
239174
239175
239176
239177
239178
239179
239180
239182
239183
239184
239185
239193
239196
239199
239200
239201
239202
239203
239204
239205
239206
239214
239215
239216
239217
239218
239219
239220
239270
239271
239272
239273
239274
239275
239276
239277
239280
239283
239284
239287
239290
239291
239292
239293
239294
239296
239297
239298
239299
239300
239301
239302
239303
239304
239305
239306
239307
239308
239309
239310
239311
239312
239313
239314
239315
239316
239317
239318
239319
239320
239321
239322
239323
239324
239325
239326
239327
239328
239329
239330
239331
239332
239333
239335
239336
239337
239338
239339
239340
239341
239342
239343
239344
239345
239346
239347
239349
239351
239353
239354
239355
239356
239357
239358
239359
239360
239361
239362
239365
239367
239368
239375
239378
239380
239381
239410
239413
239415
239416
239417
239418
239422
239424
239425
239426
239427
239428
239429
239430
239431
239432
239434
239436
239437
239438
239490
239494
239495
239496
239497
239498
239499
239500
239508
239509
239510
239511
239512
239514
239529
239530
239531
239532
239533
239534
239535
239571
239572
239573
239574
239575
239576
239577
239578
239579
239580
239581
239582
239583
239584
239585
239586
239587
239588
239589
239590
239591
239592
239593
239594
239595
239596
239597
239598
239606
239607
239609
239610
239611
239612
239614
239619
239620
239621
239622
239623
239624
239625
239626
239634
239636
239637
239640
239677
239679
239682
239692
239696
239705
239706
239709
239720
239732
239734
239735
239736
239737
239738
239739
239741
239745
239746
239749
239751
239753
239754
239755
239756
239757
239758
239759
239760
239761
239762
239763
239765
239766
239767
239768
239769
239770
239771
239772
239773
239774
239775
239776
239777
239778
239779
239780
239781
239782
239783
239784
239785
239786
239787
239788
239789
239790
239791
239792
239793
239794
239795
239798
239799
239800
239801
239802
239803
239804
239805
239806
239807
239808
239809
239810
239812
239814
239815
239816
239817
239820
239821
239823
239824
239825
239826
239827
239828
239829
239830
239831
239833
239834
239836
239837
239841
239843
239854
239856
239875
239879
239880
239884
239891
239893
239894
239895
239896
239897
239898
239899
239900
239901
239902
239903
239904
239905
239906
239907
239910
239912
239913
239956
239957
239958
239959
239960
239961
239962
239963
239964
239965
239966
239967
239968
239969
239970
239971
239972
239973
239974
239975
239976
239977
239978
239979
239980
239981
239982
239983
239986
239991
239992
239993
239994
239995
239997
239999
240000
240002
240003
240012
240013
240014
240015
240016
240017
240018
240033
240034
240035
240036
240037
240038
240039
240040
240041
240042
240044
240046
240056
240057
240058
240111
240112
240113
240114
240133
240153
240154
240175
240215
240217
240219
240221
240222
240223
240224
240225
240226
240227
240228
240229
240230
240233
240235
240236
240243
240246
240248
240249
240278
240280
240283
240284
240285
240286
240291
240292
240293
240294
240295
240296
240297
240298
240299
240306
240307
240309
240311
240312
240358
240362
240363
240364
240365
240366
240367
240368
240376
240377
240378
240379
240380
240382
240397
240398
240399
240400
240401
240402
240403
240439
240440
240441
240442
240443
240444
240445
240446
240447
240448
240449
240450
240451
240452
240453
240454
240455
240456
240457
240458
240459
240460
240461
240462
240463
240464
240465
240466
240467
240469
240470
240471
240472
240473
240474
240476
240479
240481
240483
240486
240488
240489
240490
240491
240492
240493
240494
240495
240496
240497
240498
240499
240500
240501
240502
240503
240504
240505
240506
240507
240509
240510
240511
240512
240513
240514
240515
240516
240517
240518
240519
240520
240521
240522
240523
240524
240525
240526
240527
240528
240529
240530
240532
240534
240535
240536
240537
240538
240539
240540
240541
240542
240543
240551
240552
240554
240555
240556
240557
240559
240564
240565
240566
240567
240568
240569
240570
240571
240579
240581
240582
240583
240622
240624
240626
240637
240639
240650
240651
240653
240665
240677
240678
240680
240682
240683
240684
240685
240688
240689
240691
240692
240693
240694
240695
240696
240697
240698
240699
240701
240702
240704
240705
240709
240711
240722
240724
240743
240747
240748
240752
240759
240761
240762
240763
240764
240765
240766
240767
240768
240769
240770
240771
240772
240773
240774
240775
240778
240780
240781
240824
240825
240826
240827
240828
240829
240830
240831
240832
240833
240834
240835
240836
240837
240838
240839
240840
240841
240842
240843
240844
240845
240846
240847
240848
240849
240850
240851
240854
240859
240860
240861
240862
240863
240865
240867
240868
240870
240871
240880
240881
240882
240883
240884
240885
240886
240986
240987
240990
241005
241014
241015
241018
241021
241026
241034
241035
241036
241037
241038
241039
241040
241055
241056
241057
241058
241059
241060
241061
241062
241063
241064
241065
241066
241067
241068
241076
241077
241078
241079
241080
241081
241082
241083
241084
241085
241086
241087
241088
241089
241090
241091
241092
241093
241094
241095
241096
241097
241098
241099
241100
241101
241102
241103
241104
241105
241106
241107
241108
241109
241110
241125
241126
241127
241129
241130
241131
241139
241140
241141
241142
241143
241144
241145
241147
241148
241151
241162
241163
241166
241175
241176
241179
241182
241184
241187
241195
241196
241197
241198
241199
241200
241201
241202
241207
241208
241209
241212
241214
241215
241216
241217
241219
241220
241221
241222
241226
241245
241251
241252
241254
241255
241258
241259
241260
241261
241262
241263
241264
241279
241280
241281
241282
241283
241284
241285
241293
241294
241295
241297
241299
241300
241301
241302
241303
241304
241305
241306
241307
241308
241310
241311
241312
241313
241314
241315
241316
241318
241319
241320
241321
241322
241323
241324
241325
241326
241327
241328
241329
241330
241331
241332
241333
241334
241349
241350
241351
241352
241353
241354
241355
241363
241364
241365
241366
241367
241368
241369
241370
241371
241372
241373
241374
241375
241376
241379
241380
241383
241406
241408
241411
241419
241420
241421
241422
241423
241424
241425
241426
241427
241428
241429
241430
241431
241432
241433
241434
241435
241436
241437
241438
241439
241440
241441
241442
241443
241444
241445
241446
241468
241469
241470
241471
241472
241473
241474
241475
241476
241477
241479
241480
241481
241482
241483
241484
241485
241486
241487
241488
241489
241490
241491
241492
241493
241494
241495
241496
241497
241498
241499
241500
241501
241502
241503
241504
241505
241506
241507
241508
241509
241510
241511
241515
241516
241517
241518
241520
241521
241522
241523
241524
241525
241526
241527
241528
241529
241530
241534
241574
241575
241577
241582
241583
241585
241596
241597
241599
241621
241623
241624
241626
241629
241630
241631
241632
241633
241634
241635
241636
241637
241638
241639
241640
241641
241642
241643
241644
241645
241646
241647
241648
241649
241650
241651
241652
241653
241654
241655
241656
241659
241660
241661
241664
241665
241666
241667
241668
241669
241670
241693
241694
241696
241698
241699
241700
241701
241703
241705
241707
241708
241711
241726
241735
241740
241742
241743
241746
241755
241756
241757
241758
241759
241760
241761
241776
241777
241778
241779
241780
241781
241782
241783
241784
241785
241786
241787
241788
241789
241797
241798
241799
241800
241801
241802
241803
241804
241805
241806
241807
241808
241809
241810
241811
241812
241813
241814
241815
241816
241817
241818
241819
241820
241821
241822
241823
241824
241825
241826
241827
241828
241829
241830
241831
241846
241847
241848
241850
241851
241852
241853
241854
241855
241856
241857
241858
241859
241868
241869
241872
241883
241884
241887
241896
241898
241901
241903
241904
241907
241916
241917
241918
241919
241920
241921
241922
241923
241928
241929
241930
241931
241933
241934
241935
241936
241937
241940
241942
241943
241945
241959
241972
241973
241974
241976
241979
241980
241981
241982
241983
241984
241985
242000
242001
242002
242003
242004
242005
242006
242007
242008
242009
242011
242013
242021
242022
242023
242024
242025
242026
242027
242028
242029
242030
242032
242033
242034
242035
242036
242037
242038
242039
242040
242041
242042
242043
242044
242046
242047
242048
242049
242050
242051
242052
242053
242054
242055
242070
242071
242072
242073
242074
242075
242076
242077
242078
242079
242080
242081
242082
242083
242091
242092
242093
242094
242095
242096
242097
242099
242101
242104
242120
242122
242125
242140
242141
242142
242143
242144
242145
242146
242147
242148
242149
242150
242151
242152
242153
242154
242155
242156
242157
242158
242159
242160
242161
242162
242163
242164
242165
242166
242167
242182
242183
242184
242185
242186
242187
242188
242189
242190
242191
242193
242194
242195
242203
242204
242205
242206
242207
242208
242209
242210
242211
242212
242213
242214
242215
242216
242217
242218
242219
242220
242221
242222
242223
242386
242414
242415
242418
242434
242435
242436
242437
242438
242439
242440
242441
242442
242446
242447
242448
242449
242450
242451
242452
242453
242454
242455
242456
242458
242459
242460
242461
242463
242465
242468
242485
242486
242488
242496
242505
242507
242509
242511
242512
242513
242514
242515
242516
242517
242518
242519
242520
242521
242522
242523
242524
242525
242526
242527
242528
242529
242530
242531
242532
242533
242534
242535
242536
242537
242538
242540
242542
242543
242546
242547
242548
242549
242550
242551
242552
242568
242569
242571
242572
242581
242582
242583
242585
242587
242588
242589
242590
242591
242592
242593
242594
242602
242603
242604
242605
242606
242607
242608
242616
242617
242618
242619
242620
242621
242622
242623
242624
242625
242626
242627
242628
242629
242637
242638
242639
242640
242641
242642
242643
242644
242645
242646
242647
242648
242649
242650
242652
242654
242657
242687
242689
242691
242693
242694
242695
242696
242697
242698
242699
242700
242701
242702
242703
242704
242705
242706
242721
242722
242723
242724
242725
242726
242727
242735
242736
242737
242739
242740
242741
242742
242743
242744
242745
242746
242747
242748
242749
242750
242751
242752
242753
242754
242755
242756
242757
242758
242759
242760
242761
242762
242765
242766
242769
242786
242787
242789
242799
242801
242804
242806
242808
242810
242814
242827
242840
242841
242842
242843
242844
242845
242846
242847
242852
242853
242854
242855
242857
242858
242859
242860
242861
242864
242866
242867
242868
242870
242871
242872
242875
242876
242877
242878
242879
242880
242881
242903
242904
242905
242906
242907
242908
242909
242910
242911
242912
242914
242915
242917
242918
242919
242920
242921
242922
242923
242924
242925
242926
242928
242929
242930
242931
242932
242933
242934
242935
242936
242937
242938
242939
242941
242942
242943
242944
242945
242946
242947
242948
242949
242950
242951
242952
242953
242954
242955
242956
242957
242958
242959
242960
242961
242962
242963
242964
242965
242966
242967
242968
242969
242970
242971
242972
242973
242974
242975
242976
242977
242978
242979
242980
242981
242982
242983
242984
242985
242986
242987
242988
242989
242990
242991
242992
242993
242994
242995
242996
242997
242998
242999
243000
243001
243002
243003
243004
243005
243006
243007
243008
243009
243010
243011
243012
243013
243014
243015
243016
243017
243018
243019
243020
243021
243022
243023
243024
243025
243026
243027
243028
243029
243030
243031
243032
243033
243034
243035
243036
243037
243038
243039
243040
243041
243042
243043
243044
243045
243046
243047
243048
243049
243050
243051
243052
243053
243054
243055
243056
243057
243058
243059
243060
243061
243062
243063
243064
243065
243066
243067
243068
243069
243070
243071
243072
243073
243074
243075
243076
243077
243078
243079
243080
243081
243082
243083
243084
243085
243086
243087
243088
243089
243090
243091
243092
243093
243094
243095
243096
243097
243098
243099
243100
243101
243102
243103
243104
243105
243106
243107
243108
243109
243110
243111
243112
243113
243114
243115
243116
243117
243118
243119
243120
243121
243122
243123
243124
243125
243126
243127
243128
243129
243130
243131
243132
243133
243134
243135
243136
243137
243138
243139
243140
243141
243142
243143
243144
243145
243146
243147
243148
243149
243150
243151
243152
243153
243154
243155
243156
243157
243158
243159
243160
243161
243162
243163
243164
243165
243166
243167
243168
243169
243170
243171
243172
243173
243174
243175
243176
243177
243178
243179
243180
243181
243182
243183
243184
243185
243186
243187
243188
243189
243190
243191
243192
243193
243194
243195
243196
243197
243198
243199
243200
243201
243202
243203
243204
243205
243206
243207
243208
243209
243210
243211
243212
243213
243214
243215
243216
243217
243218
243219
243220
243221
243222
243223
243224
243225
243226
243227
243228
243229
243230
243231
243232
243233
243234
243235
243236
243237
243238
243239
243240
243241
243242
243243
243244
243245
243246
243247
243248
243249
243250
243251
243252
243253
243254
243255
243256
243257
243258
243259
243260
243261
243262
243263
243264
243265
243266
243267
243268
243269
243270
243271
243272
243273
243274
243275
243276
243277
243278
243279
243280
243281
243282
243283
243284
243285
243286
243287
243288
243289
243290
243291
243292
243293
243294
243295
243296
243297
243298
243299
243300
243301
243302
243303
243304
243305
243306
243307
243308
243311
243312
243314
243328
243345
243350
243352
243353
243355
243358
243359
243360
243361
243362
243363
243364
243372
243373
243374
243375
243376
243377
243378
243393
243394
243395
243396
243397
243398
243399
243400
243401
243402
243403
243404
243405
243406
243407
243408
243409
243410
243411
243412
243413
243414
243415
243416
243417
243418
243419
243420
243421
243422
243423
243424
243425
243426
243427
243428
243429
243430
243431
243432
243433
243434
243456
243457
243458
243460
243461
243462
243463
243464
243465
243466
243467
243468
243469
243472
243506
243507
243510
243519
243520
243521
243522
243523
243524
243525
243526
243527
243531
243532
243533
243534
243536
243537
243538
243539
243540
243541
243542
243543
243544
243545
243546
243548
243550
243553
243570
243571
243572
243576
243578
243580
243594
243596
243597
243598
243599
243600
243601
243602
243603
243604
243605
243606
243607
243608
243609
243610
243611
243612
243613
243614
243615
243616
243617
243618
243619
243620
243621
243622
243623
243625
243626
243628
243631
243632
243633
243634
243635
243636
243637
243653
243654
243656
243657
243659
243660
243661
243663
243665
243673
243674
243675
243676
243677
243678
243679
243687
243688
243689
243690
243691
243692
243693
243701
243702
243703
243704
243705
243706
243707
243708
243709
243710
243711
243712
243713
243714
243722
243723
243724
243725
243726
243727
243728
243729
243730
243731
243732
243733
243734
243735
243737
243739
243742
243758
243760
243762
243778
243779
243780
243781
243782
243783
243784
243785
243786
243787
243788
243789
243790
243791
243806
243807
243808
243809
243810
243811
243812
243813
243814
243815
243817
243818
243819
243827
243828
243829
243830
243831
243832
243833
243834
243835
243836
243837
243838
243839
243840
243841
243842
243843
243844
243845
243846
243847
243849
243851
243854
243871
243872
243874
243877
243879
243882
243891
243893
243895
243898
243912
243925
243926
243927
243928
243929
243930
243931
243932
243937
243938
243939
243940
243942
243943
243944
243945
243946
243949
243951
243952
243953
243954
243955
243957
243960
243961
243962
243963
243964
243965
243966
243981
243982
243983
243984
243985
243986
243987
243988
243989
243990
243992
243993
244002
244003
244004
244005
244006
244007
244008
244009
244010
244011
244013
244014
244015
244016
244017
244018
244019
244020
244021
244022
244023
244024
244026
244027
244028
244029
244093
244094
244095
244096
244097
244098
244099
244107
244108
244109
244112
244113
244123
244124
244127
244171
244172
244173
244176
244207
244234
244235
244263
244275
244276
244277
244278
244279
244280
244281
244282
244284
244288
244289
244292
244294
244296
244297
244298
244299
244300
244301
244302
244303
244304
244305
244306
244308
244309
244310
244311
244312
244313
244314
244315
244316
244317
244318
244319
244320
244321
244322
244323
244324
244325
244326
244327
244328
244329
244330
244331
244332
244333
244334
244335
244336
244337
244338
244340
244341
244342
244343
244344
244345
244346
244347
244348
244349
244350
244351
244352
244353
244354
244356
244358
244359
244360
244363
244365
244366
244367
244368
244369
244370
244371
244372
244373
244374
244375
244377
244378
244380
244385
244386
244397
244400
244411
244422
244425
244427
244435
244436
244437
244438
244439
244440
244441
244442
244450
244453
244455
244456
244457
244458
244459
244460
244461
244462
244463
244464
244465
244466
244467
244468
244469
244470
244471
244472
244473
244474
244475
244476
244477
244478
244479
244480
244481
244482
244483
244484
244485
244486
244487
244488
244489
244490
244491
244529
244534
244535
244536
244537
244538
244539
244542
244544
244545
244547
244555
244556
244557
244558
244559
244560
244561
244577
244581
244583
244584
244586
244587
244588
244589
244590
244591
244592
244593
244594
244595
244596
244611
244613
244614
244617
244654
244656
244659
244669
244673
244675
244677
244680
244697
244702
244704
244705
244706
244707
244708
244709
244712
244714
244716
244719
244721
244723
244724
244725
244726
244728
244729
244730
244731
244732
244733
244734
244735
244736
244737
244738
244739
244740
244741
244742
244743
244744
244745
244746
244747
244748
244749
244750
244751
244752
244753
244754
244755
244756
244757
244758
244759
244760
244761
244762
244763
244764
244765
244768
244769
244770
244771
244772
244773
244774
244775
244776
244777
244778
244779
244780
244781
244782
244783
244784
244785
244786
244787
244788
244789
244790
244791
244792
244793
244794
244795
244796
244797
244798
244799
244800
244801
244802
244803
244804
244805
244806
244807
244808
244809
244810
244811
244812
244813
244814
244815
244816
244817
244818
244819
244820
244821
244822
244823
244824
244825
244826
244827
244828
244829
244832
244833
244835
244836
244837
244838
244839
244840
244841
244842
244843
244847
244848
244849
244856
244858
244860
244862
244863
244864
244868
244869
244870
244871
244876
244877
244878
244879
244880
244881
244882
244883
244884
244891
244892
244894
244896
244897
244969
244975
244976
244977
244978
244979
244980
244981
244982
244983
244984
244985
244986
244988
244996
244997
244998
244999
245000
245001
245002
245017
245018
245019
245020
245021
245022
245023
245024
245025
245026
245027
245028
245029
245030
245031
245032
245033
245034
245035
245036
245037
245038
245039
245040
245041
245042
245043
245044
245080
245081
245082
245083
245084
245085
245086
245087
245089
245092
245094
245096
245099
245101
245102
245103
245104
245105
245106
245107
245108
245109
245110
245111
245112
245113
245114
245115
245116
245117
245118
245119
245120
245122
245123
245124
245125
245126
245127
245128
245129
245130
245131
245132
245133
245134
245135
245136
245137
245138
245139
245140
245141
245142
245143
245145
245146
245147
245148
245149
245150
245151
245152
245153
245154
245155
245156
245164
245165
245166
245167
245168
245169
245170
245178
245179
245180
245182
245184
245194
245195
245196
245242
245243
245244
245246
245278
245305
245306
245327
245346
245347
245348
245350
245352
245353
245354
245357
245359
245360
245361
245362
245363
245364
245365
245366
245367
245368
245369
245371
245372
245374
245379
245380
245390
245394
245398
245416
245418
245421
245428
245430
245431
245432
245433
245434
245435
245436
245437
245440
245442
245443
245444
245445
245446
245447
245448
245449
245450
245458
245459
245460
245461
245462
245463
245464
245465
245466
245467
245468
245469
245470
245471
245472
245473
245474
245475
245476
245477
245478
245479
245480
245481
245482
245483
245484
245485
245522
245528
245529
245530
245531
245532
245533
245536
245537
245539
245540
245542
245543
245544
245545
245546
245547
245548
245563
245565
245566
245567
245568
245569
245570
245573
245574
245577
245580
245581
245584
245585
245586
245587
245588
245589
245591
245592
245593
245594
245595
245596
245597
245598
245599
245600
245601
245602
245603
245604
245605
245606
245607
245608
245609
245610
245611
245612
245613
245614
245615
245616
245617
245618
245619
245620
245621
245622
245623
245624
245625
245626
245629
245630
245631
245632
245633
245634
245635
245636
245637
245638
245639
245648
245652
245654
245655
245657
245658
245659
245660
245661
245662
245663
245664
245665
245666
245667
245682
245684
245685
245686
245725
245727
245729
245740
245742
245746
245748
245750
245768
245776
245816
245818
245820
245824
245825
245826
245831
245832
245833
245835
245854
245857
245858
245859
245860
245861
245862
245863
245864
245865
245866
245867
245868
245870
245878
245879
245880
245881
245882
245883
245884
245885
245886
245887
245889
245890
245892
245895
245897
245934
245936
245937
245939
245940
245951
245953
245962
245963
245964
245965
245966
245967
245968
245969
245970
245971
245972
245973
245974
245975
245976
245977
245978
245979
245980
245981
245982
245983
245984
245986
245987
245988
245989
245990
245991
245993
245994
245995
245996
246026
246027
246028
246029
246030
246031
246049
246096
246099
246102
246103
246104
246105
246106
246107
246108
246109
246110
246112
246114
246115
246120
246132
246133
246136
246173
246177
246201
246203
246206
246222
246225
246230
246232
246243
246244
246245
246246
246247
246248
246256
246257
246258
246259
246260
246261
246263
246264
246265
246266
246267
246268
246269
246270
246271
246272
246273
246274
246275
246276
246284
246286
246288
246291
246293
246295
246298
246299
246300
246302
246303
246304
246312
246314
246316
246319
246320
246321
246322
246323
246324
246325
246326
246327
246328
246329
246330
246331
246332
246340
246341
246342
246343
246344
246345
246346
246347
246348
246349
246350
246351
246352
246353
246354
246355
246356
246357
246358
246359
246360
246399
246432
246433
246434
246437
246448
246459
246460
246463
246464
246466
246467
246469
246470
246472
246473
246474
246475
246476
246477
246478
246479
246491
246494
246496
246497
246500
246501
246503
246505
246506
246507
246508
246509
246510
246511
246512
246513
246514
246515
246516
246517
246518
246519
246520
246521
246522
246529
246530
246531
246532
246533
246534
246535
246536
246537
246538
246539
246540
246541
246542
246543
246544
246545
246546
246547
246548
246549
246550
246551
246553
246554
246556
246557
246564
246565
246566
246567
246568
246569
246570
246571
246572
246573
246574
246575
246576
246577
246578
246579
246581
246582
246583
246584
246585
246586
246587
246588
246589
246590
246591
246592
246596
246597
246598
246599
246600
246602
246603
246604
246605
246606
246607
246608
246609
246610
246611
246612
246613
246614
246615
246616
246617
246618
246619
246620
246621
246622
246623
246624
246625
246626
246627
246628
246629
246630
246631
246632
246633
246634
246635
246636
246637
246638
246639
246640
246641
246642
246643
246644
246645
246646
246647
246648
246649
246650
246651
246652
246653
246654
246655
246656
246657
246658
246659
246660
246661
246662
246663
246664
246665
246666
246667
246668
246669
246670
246671
246672
246673
246674
246675
246676
246677
246678
246679
246680
246681
246682
246683
246684
246685
246686
246687
246688
246689
246690
246691
246692
246693
246694
246695
246696
246697
246698
246699
246700
246701
246702
246703
246704
246705
246706
246707
246708
246709
246710
246711
246712
246713
246714
246715
246716
246717
246718
246719
246720
246721
246722
246723
246724
246725
246726
246727
246728
246729
246730
246731
246732
246733
246734
246735
246736
246737
246738
246739
246740
246741
246742
246743
246744
246745
246746
246747
246748
246749
246750
246751
246752
246753
246754
246755
246756
246757
246758
246759
246760
246761
246762
246763
246764
246765
246766
246767
246768
246769
246770
246771
246772
246773
246774
246775
246776
246777
246778
246779
246780
246781
246782
246783
246784
246785
246786
246787
246788
246789
246790
246791
246792
246793
246794
246795
246796
246797
246798
246799
246800
246801
246802
246803
246804
246805
246806
246807
246808
246809
246810
246811
246812
246813
246814
246815
246816
246817
246818
246819
246820
246821
246822
246823
246824
246825
246826
246827
246828
246829
246830
246831
246832
246833
246834
246835
246836
246837
246838
246839
246840
246841
246842
246843
246844
246845
246846
246847
246848
246849
246850
246851
246852
246853
246854
246855
246856
246857
246858
246859
246860
246861
246862
246863
246864
246865
246867
246869
246870
246871
246872
246873
246874
246875
246876
246877
246878
246879
246880
246881
246882
246883
246884
246885
246886
246893
246894
246895
246896
246897
246898
246899
246900
246901
246902
246903
246904
246905
246906
246907
246908
246910
246911
246912
246914
246915
246916
246917
246918
246919
246920
246921
246928
246929
246930
246931
246932
246933
246934
246935
246936
246937
246938
246939
246940
246941
246942
246943
246945
246946
246947
246948
246949
246950
246951
246952
246953
246954
246955
246956
246960
246961
246962
246963
246964
246966
246967
246968
246969
247027
247028
247029
247030
247031
247032
247050
247097
247100
247103
247104
247105
247106
247107
247108
247109
247110
247111
247112
247114
247116
247121
247126
247127
247128
247139
247143
247167
247169
247172
247189
247191
247197
247198
247216
247217
247218
247219
247220
247221
247222
247223
247224
247225
247226
247227
247229
247230
247231
247232
247233
247234
247235
247236
247237
247238
247239
247240
247241
247242
247250
247252
247254
247257
247259
247261
247264
247265
247266
247268
247269
247270
247278
247280
247282
247285
247286
247287
247288
247289
247290
247291
247292
247293
247294
247295
247296
247297
247298
247306
247307
247308
247309
247310
247311
247312
247313
247314
247315
247316
247317
247318
247319
247320
247321
247322
247323
247324
247325
247326
247399
247433
247434
247435
247436
247442
247460
247461
247464
247465
247467
247468
247469
247471
247472
247474
247475
247476
247477
247478
247479
247480
247481
247483
247484
247485
247499
247502
247504
247505
247506
247507
247508
247509
247514
247516
247518
247519
247522
247523
247525
247526
247528
247530
247531
247532
247533
247534
247535
247536
247537
247538
247539
247540
247541
247542
247543
247559
247560
247561
247562
247563
247574
247575
247576
247578
247599
247600
247601
247603
247606
247607
247608
247610
247612
247621
247622
247623
247624
247625
247627
247628
247629
247630
247631
247633
247634
247636
247637
247638
247639
247659
247680
247684
247688
247689
247691
247692
247693
247694
247695
247696
247697
247698
247700
247701
247702
247703
247704
247705
247706
247707
247708
247709
247710
247711
247727
247728
247729
247731
247732
247756
247757
247758
247760
247776
247777
247778
247780
247781
247799
247802
247815
247818
247823
247825
247827
247830
247831
247832
247833
247834
247836
247837
247838
247839
247840
247841
247842
247844
247845
247849
247850
247851
247852
247854
247855
247856
247857
247858
247859
247860
247861
247862
247863
247864
247865
247873
247875
247876
247877
247878
247879
247880
247881
247882
247883
247884
247885
247886
247887
247888
247889
247890
247891
247892
247893
247899
247901
247903
247904
247906
247908
247910
247911
247912
247915
247916
247917
247918
247920
247921
247922
247923
247924
247925
247926
247927
247929
247930
247931
247932
247933
247934
247935
247944
247945
247946
247948
247949
247973
247974
247975
247976
247993
247994
247995
247997
247998
248016
248018
248032
248035
248039
248042
248043
248045
248048
248049
248050
248051
248052
248053
248055
248056
248057
248058
248060
248061
248062
248066
248067
248068
248069
248071
248072
248073
248074
248075
248076
248077
248078
248079
248080
248081
248082
248090
248091
248092
248093
248094
248095
248096
248097
248100
248101
248102
248103
248104
248105
248106
248107
248108
248109
248110
248111
248118
248119
248120
248121
248122
248123
248124
248125
248126
248127
248128
248129
248130
248131
248132
248133
248135
248136
248138
248139
248140
248141
248142
248143
248144
248145
248146
248153
248154
248155
248156
248157
248158
248159
248160
248161
248162
248163
248164
248165
248166
248167
248168
248169
248170
248171
248172
248173
248174
248175
248177
248178
248179
248180
248181
248185
248186
248187
248188
248189
248191
248192
248193
248194
248195
248196
248197
248198
248199
248200
248201
248202
248204
248206
248207
248208
248209
248210
248211
248212
248213
248214
248215
248216
248223
248224
248225
248226
248227
248228
248229
248230
248231
248232
248233
248234
248235
248236
248237
248238
248239
248240
248241
248242
248243
248244
248245
248247
248248
248249
248251
248258
248259
248260
248261
248262
248263
248264
248265
248266
248267
248268
248269
248270
248271
248272
248273
248274
248275
248276
248277
248278
248279
248280
248282
248283
248284
248285
248286
248290
248291
248292
248293
248294
248296
248297
248298
248299
248315
248316
248317
248318
248319
248330
248331
248332
248334
248355
248356
248357
248359
248362
248363
248364
248365
248367
248370
248371
248372
248373
248374
248376
248384
248385
248386
248387
248389
248390
248392
248393
248394
248396
248408
248429
248440
248444
248445
248447
248448
248449
248450
248451
248452
248453
248454
248455
248456
248457
248458
248459
248460
248461
248463
248464
248465
248466
248467
248490
248491
248492
248493
248494
248505
248506
248507
248509
248530
248531
248532
248534
248537
248538
248539
248540
248542
248545
248546
248547
248548
248549
248551
248559
248560
248561
248562
248564
248565
248567
248568
248569
248571
248583
248604
248615
248619
248620
248622
248623
248624
248625
248626
248627
248628
248629
248630
248631
248632
248633
248634
248635
248636
248638
248639
248640
248641
248642
248650
248652
248653
248654
248655
248656
248657
248658
248659
248660
248661
248662
248663
248664
248665
248666
248667
248668
248669
248670
248675
248678
248680
248681
248683
248685
248687
248688
248690
248692
248693
248694
248695
248696
248697
248698
248699
248700
248701
248702
248703
248704
248706
248707
248708
248709
248710
248711
248721
248722
248723
248725
248726
248750
248751
248752
248753
248770
248771
248772
248773
248775
248786
248789
248809
248812
248816
248819
248820
248822
248825
248826
248827
248828
248830
248831
248832
248833
248834
248835
248836
248837
248839
248843
248844
248845
248846
248847
248848
248849
248850
248851
248852
248853
248855
248856
248857
248858
248859
248875
248876
248877
248879
248880
248904
248905
248906
248907
248924
248925
248926
248927
248929
248940
248943
248963
248966
248970
248973
248974
248976
248979
248980
248981
248982
248984
248985
248986
248987
248988
248989
248990
248991
248993
248997
248998
248999
249000
249001
249002
249003
249004
249005
249006
249007
249009
249010
249011
249012
249013
249024
249064
249065
249067
249070
249071
249072
249073
249074
249076
249084
249085
249086
249087
249088
249089
249090
249091
249094
249097
249098
249099
249100
249102
249103
249106
249107
249109
249114
249115
249116
249117
249133
249134
249135
249136
249137
249138
249139
249144
249182
249183
249184
249185
249186
249187
249188
249189
249190
249192
249193
249194
249195
249196
249197
249199
249200
249201
249202
249203
249204
249206
249208
249209
249219
249221
249224
249225
249226
249227
249228
249229
249230
249238
249239
249240
249241
249242
249243
249244
249297
249330
249331
249332
249333
249339
249357
249358
249361
249363
249364
249365
249367
249368
249369
249371
249372
249373
249374
249375
249376
249377
249385
249387
249388
249389
249398
249400
249403
249428
249429
249432
249448
249449
249450
249451
249452
249453
249455
249456
249457
249458
249459
249460
249461
249462
249463
249464
249465
249466
249467
249468
249476
249478
249481
249483
249485
249487
249492
249494
249499
249501
249512
249513
249514
249515
249516
249517
249525
249526
249527
249528
249529
249530
249531
249532
249533
249534
249535
249536
249537
249538
249539
249540
249541
249542
249543
249544
249545
249546
249547
249549
249550
249551
249552
249560
249563
249566
249567
249568
249569
249570
249571
249572
249573
249581
249582
249583
249584
249585
249586
249587
249644
249645
249646
249647
249648
249649
249650
249651
249652
249653
249655
249657
249667
249668
249669
249722
249723
249724
249725
249744
249764
249765
249786
249826
249827
249830
249831
249833
249834
249835
249836
249837
249838
249839
249840
249841
249844
249846
249847
249854
249856
249858
249860
249861
249863
249866
249867
249868
249869
249874
249875
249876
249877
249878
249879
249880
249881
249882
249889
249890
249892
249894
249895
249968
249973
249974
249975
249976
249977
249978
249979
249980
249981
249982
249983
249984
249986
250001
250002
250003
250004
250005
250006
250007
250015
250016
250017
250018
250019
250020
250021
250022
250023
250024
250025
250026
250027
250028
250029
250030
250031
250032
250033
250034
250035
250036
250037
250038
250039
250040
250041
250042
250078
250080
250081
250082
250083
250084
250085
250087
250090
250092
250094
250097
250099
250100
250101
250102
250103
250104
250105
250106
250107
250108
250109
250110
250111
250112
250113
250114
250115
250116
250117
250118
250120
250121
250122
250123
250124
250125
250126
250127
250128
250129
250130
250131
250132
250133
250134
250135
250136
250137
250138
250139
250140
250141
250143
250145
250146
250147
250148
250149
250150
250151
250152
250153
250154
250162
250163
250165
250166
250167
250168
250170
250175
250176
250177
250178
250179
250180
250181
250182
250190
250192
250193
250194
250233
250235
250237
250248
250250
250261
250262
250264
250276
250288
250289
250290
250292
250294
250295
250296
250299
250300
250302
250303
250304
250305
250306
250307
250308
250309
250310
250311
250313
250314
250316
250320
250322
250333
250335
250347
250358
250359
250363
250370
250372
250373
250374
250375
250376
250377
250378
250379
250380
250381
250382
250383
250384
250385
250386
250389
250391
250392
250400
250401
250402
250403
250404
250405
250406
250407
250408
250409
250410
250411
250412
250413
250414
250415
250416
250417
250418
250419
250420
250421
250422
250423
250424
250425
250426
250427
250464
250470
250471
250472
250473
250474
250476
250478
250479
250481
250482
250484
250485
250486
250487
250488
250489
250490
250505
250506
250507
250508
250509
250510
250511
250512
250513
250517
250518
250519
250520
250522
250523
250524
250525
250526
250527
250528
250529
250530
250531
250532
250536
250576
250577
250579
250584
250585
250587
250598
250599
250601
250623
250625
250626
250628
250631
250632
250633
250634
250635
250636
250637
250638
250639
250640
250641
250642
250643
250644
250645
250646
250647
250648
250649
250650
250651
250652
250653
250654
250655
250656
250657
250658
250661
250662
250663
250666
250667
250668
250669
250670
250671
250672
250695
250696
250698
250700
250701
250702
250703
250705
250707
250709
250710
250713
250728
250737
250742
250744
250745
250748
250757
250758
250759
250760
250761
250762
250763
250771
250772
250773
250774
250775
250776
250777
250785
250786
250787
250788
250789
250790
250791
250792
250793
250794
250795
250796
250797
250798
250806
250807
250808
250809
250810
250811
250812
250813
250814
250815
250816
250817
250818
250819
250820
250821
250822
250823
250824
250825
250826
250827
250828
250829
250830
250831
250832
250833
250848
250849
250850
250852
250853
250854
250855
250856
250857
250858
250859
250860
250861
250870
250871
250874
250885
250886
250889
250898
250900
250903
250905
250906
250909
250918
250919
250920
250921
250922
250923
250924
250925
250930
250931
250932
250933
250935
250936
250937
250938
250939
250942
250944
250945
250947
250961
250974
250975
250976
250978
250981
250982
250983
250984
250985
250986
250987
251002
251003
251004
251005
251006
251007
251008
251009
251010
251011
251013
251015
251023
251024
251025
251026
251027
251028
251029
251030
251031
251032
251034
251035
251036
251037
251038
251039
251040
251041
251042
251043
251044
251045
251046
251048
251049
251050
251051
251052
251053
251054
251055
251056
251057
251065
251066
251067
251068
251069
251070
251071
251079
251080
251081
251082
251083
251084
251085
251086
251087
251088
251089
251090
251091
251092
251101
251103
251106
251122
251124
251127
251142
251143
251144
251145
251146
251147
251148
251149
251150
251151
251152
251153
251154
251155
251170
251171
251172
251173
251174
251175
251176
251177
251178
251179
251181
251182
251183
251191
251192
251193
251194
251195
251196
251197
251198
251199
251200
251201
251202
251203
251204
251205
251206
251207
251208
251209
251210
251211
251214
251215
251217
251231
251248
251253
251255
251256
251258
251261
251262
251263
251264
251265
251266
251267
251275
251276
251277
251278
251279
251280
251281
251296
251297
251298
251299
251300
251301
251302
251303
251304
251305
251306
251307
251308
251309
251310
251311
251312
251313
251314
251315
251316
251317
251318
251319
251320
251321
251322
251323
251324
251325
251326
251327
251328
251329
251330
251331
251332
251333
251334
251335
251336
251337
251359
251360
251361
251363
251364
251365
251366
251367
251368
251369
251370
251371
251372
251373
251374
251375
251376
251377
251378
251379
251380
251381
251385
251386
251387
251388
251390
251391
251392
251393
251394
251395
251396
251397
251398
251399
251400
251403
251437
251438
251441
251451
251452
251455
251466
251467
251468
251479
251480
251482
251490
251499
251500
251501
251502
251503
251504
251505
251506
251507
251508
251509
251510
251511
251512
251513
251514
251515
251516
251517
251518
251519
251520
251521
251522
251523
251524
251525
251526
251528
251529
251531
251534
251535
251536
251537
251538
251539
251540
251556
251557
251559
251560
251562
251563
251564
251566
251568
251576
251577
251578
251579
251580
251581
251582
251590
251591
251592
251593
251594
251595
251596
251604
251605
251606
251607
251608
251609
251610
251611
251612
251613
251614
251615
251616
251617
251625
251626
251627
251628
251629
251630
251631
251632
251633
251634
251635
251636
251637
251638
251640
251642
251645
251661
251663
251665
251681
251682
251683
251684
251685
251686
251687
251688
251689
251690
251691
251692
251693
251694
251709
251710
251711
251712
251713
251714
251715
251716
251717
251718
251720
251721
251722
251730
251731
251732
251733
251734
251735
251736
251737
251738
251739
251740
251741
251742
251743
251744
251745
251746
251747
251748
251749
251750
251752
251753
251756
251767
251768
251770
251780
251781
251784
251787
251789
251791
251800
251801
251802
251803
251804
251805
251806
251807
251812
251813
251814
251815
251817
251818
251819
251820
251821
251824
251826
251827
251829
251843
251856
251857
251858
251860
251863
251864
251865
251866
251867
251868
251869
251884
251885
251886
251887
251888
251889
251890
251891
251892
251893
251895
251896
251905
251906
251907
251908
251909
251910
251911
251912
251913
251914
251916
251917
251918
251919
251920
251921
251922
251923
251924
251925
251926
251927
251928
251930
251931
251932
251933
251934
251935
251936
251937
251938
251939
251940
251942
251945
251947
251949
251952
251954
251955
251956
251957
251958
251959
251960
251961
251962
251963
251964
251965
251966
251967
251968
251969
251970
251971
251972
251973
251975
251976
251977
251978
251979
251980
251981
251982
251983
251984
251985
251986
251987
251988
251989
251990
251991
251992
251993
251994
251995
251996
251998
251999
252000
252001
252002
252003
252004
252005
252006
252007
252008
252009
252010
252011
252014
252015
252017
252018
252019
252020
252021
252022
252023
252024
252025
252029
252030
252031
252038
252040
252042
252044
252045
252046
252050
252051
252052
252053
252058
252059
252060
252061
252062
252063
252064
252065
252066
252073
252074
252076
252078
252079
252151
252157
252158
252159
252160
252161
252162
252163
252164
252165
252166
252167
252168
252170
252178
252179
252180
252181
252182
252183
252184
252199
252200
252201
252202
252203
252204
252205
252206
252207
252208
252209
252210
252211
252212
252213
252214
252215
252216
252217
252218
252219
252220
252221
252222
252223
252224
252225
252226
252269
252270
252271
252272
252273
252274
252275
252276
252277
252278
252280
252282
252292
252293
252294
252347
252348
252349
252350
252376
252389
252390
252411
252451
252453
252454
252455
252456
252457
252458
252461
252462
252465
252468
252469
252472
252473
252474
252475
252476
252477
252479
252480
252481
252482
252483
252484
252485
252486
252487
252488
252489
252490
252491
252492
252493
252494
252495
252496
252497
252498
252499
252500
252501
252502
252503
252504
252505
252506
252507
252508
252509
252510
252511
252512
252513
252514
252517
252518
252519
252520
252521
252522
252523
252524
252525
252526
252527
252528
252529
252530
252532
252534
252535
252536
252539
252541
252542
252543
252544
252545
252546
252547
252548
252549
252550
252551
252553
252554
252556
252561
252562
252572
252576
252580
252598
252600
252603
252610
252612
252613
252614
252615
252616
252617
252618
252619
252622
252624
252625
252626
252627
252628
252629
252630
252631
252632
252640
252641
252642
252643
252644
252645
252646
252647
252648
252649
252650
252651
252652
252653
252654
252655
252656
252657
252658
252659
252660
252661
252662
252663
252664
252665
252666
252667
252704
252710
252711
252712
252713
252714
252715
252718
252719
252721
252722
252724
252725
252726
252727
252728
252729
252730
252752
252753
252755
252756
252757
252758
252760
252764
252766
252767
252768
252769
252770
252771
252772
252780
252782
252783
252784
252823
252825
252827
252838
252840
252851
252852
252854
252866
252907
252908
252909
252910
252911
252912
252930
252977
252980
252983
252984
252985
252986
252987
252988
252989
252990
252991
252992
252994
252996
253001
253006
253007
253008
253047
253050
253075
253076
253079
253095
253096
253097
253098
253099
253100
253102
253103
253104
253105
253106
253107
253108
253109
253110
253111
253112
253113
253114
253115
253123
253125
253127
253130
253132
253134
253139
253141
253147
253148
253166
253167
253168
253169
253170
253171
253172
253173
253174
253175
253176
253177
253178
253179
253180
253181
253182
253183
253184
253185
253186
253187
253188
253189
253190
253191
253192
253193
253194
253195
253197
253198
253199
253207
253209
253211
253214
253215
253216
253217
253218
253219
253220
253221
253222
253223
253224
253225
253226
253227
253272
253306
253307
253308
253309
253315
253333
253334
253337
253338
253340
253341
253342
253344
253345
253347
253348
253349
253350
253351
253352
253353
253354
253356
253357
253358
253372
253579
253580
253581
253582
253583
253584
253601
253605
253607
253608
253609
253610
253611
253612
253629
253633
253691
253693
253696
253698
253703
253755
253776
253782
253783
253784
253786
253797
253799
253804
253806
253824
253825
253826
253827
253828
253829
253837
253838
253839
253840
253841
253843
253844
253845
253846
253847
253848
253849
253850
253858
253859
253860
253861
253862
253863
253864
253865
253867
253869
253872
253875
253877
253879
253881
253882
253884
253885
253892
253898
253907
253908
253909
253910
253911
253912
253913
253914
253915
253916
253917
253918
253919
253920
253935
253936
253937
253938
253939
253940
253941
253942
253943
253944
253945
253946
253947
253948
253949
253950
253952
253953
253954
253955
253956
253957
253958
253959
253960
253961
253962
253979
253980
253982
253985
253989
253991
253992
253993
253994
253995
253996
253997
253998
253999
254000
254001
254002
254003
254005
254006
254007
254008
254009
254010
254011
254012
254013
254014
254015
254016
254017
254018
254019
254020
254021
254022
254023
254024
254025
254026
254031
254032
254033
254034
254035
254036
254037
254038
254039
254040
254041
254043
254044
254045
254046
254047
254048
254049
254050
254051
254052
254053
254054
254061
254063
254064
254066
254067
254068
254069
254070
254071
254072
254073
254074
254075
254076
254080
254081
254082
254083
254084
254085
254086
254087
254088
254125
254126
254127
254128
254129
254130
254148
254151
254167
254168
254169
254172
254183
254186
254194
254195
254198
254200
254201
254202
254203
254204
254205
254206
254207
254208
254209
254210
254211
254212
254213
254214
254215
254218
254219
254228
254229
254231
254232
254233
254234
254235
254251
254253
254294
254296
254297
254299
254300
254301
254302
254303
254304
254306
254307
254308
254309
254310
254311
254312
254325
254327
254328
254329
254330
254331
254332
254333
254346
254356
254357
254358
254359
254360
254361
254363
254365
254366
254368
254370
254371
254373
254376
254377
254379
254380
254381
254382
254383
254384
254385
254386
254387
254388
254389
254390
254391
254392
254393
254394
254395
254396
254397
254400
254401
254403
254412
254414
254415
254417
254420
254422
254433
254434
254435
254436
254437
254453
254458
254460
254461
254463
254465
254466
254467
254468
254469
254470
254471
254472
254473
254474
254479
254481
254483
254484
254486
254487
254488
254489
254490
254491
254492
254493
254494
254495
254501
254502
254503
254504
254505
254506
254507
254508
254509
254510
254513
254514
254523
254526
254527
254529
254530
254531
254532
254533
254534
254535
254536
254546
254548
254552
254553
254554
254555
254557
254566
254567
254568
254569
254571
254572
254573
254574
254575
254576
254577
254578
254579
254580
254581
254582
254583
254584
254585
254586
254588
254589
254590
254591
254592
254593
254594
254595
254596
254597
254598
254599
254600
254601
254602
254603
254604
254605
254606
254642
254643
254644
254645
254646
254647
254648
254649
254651
254653
254655
254656
254662
254663
254664
254665
254666
254667
254668
254669
254677
254678
254679
254680
254681
254682
254683
254685
254687
254706
254719
254720
254721
254722
254723
254724
254728
254730
254733
254734
254735
254736
254737
254738
254739
254747
254748
254749
254752
254754
254755
254756
254757
254758
254759
254760
254770
254771
254774
254784
254786
254797
254798
254799
254800
254801
254808
254810
254811
254812
254813
254814
254815
254816
254817
254818
254819
254821
254823
254824
254829
254831
254832
254836
254838
254839
254840
254841
254842
254843
254844
254845
254846
254847
254848
254849
254850
254851
254854
254855
254856
254880
254881
254882
254883
254884
254885
254886
254888
254889
254891
254894
254895
254896
254897
254898
254899
254900
254901
254902
254903
254905
254906
254907
254908
254911
254913
254914
254915
254916
254920
254921
254922
254923
254924
254925
254926
254927
254928
254929
254930
254931
254932
254933
254934
254935
254952
254953
254955
254965
254966
254967
254969
254970
254972
254974
254976
254986
254988
254991
255008
255012
255027
255028
255029
255030
255031
255032
255033
255035
255037
255040
255051
255055
255057
255058
255059
255061
255069
255070
255071
255072
255073
255074
255075
255076
255077
255080
255081
255083
255084
255085
255086
255087
255088
255089
255100
255101
255104
255106
255107
255108
255109
255110
255135
255139
255140
255141
255142
255143
255144
255145
255146
255147
255148
255149
255150
255151
255152
255153
255155
255156
255157
255158
255159
255160
255161
255162
255163
255164
255165
255166
255167
255168
255169
255170
255171
255172
255173
255209
255210
255211
255212
255213
255214
255215
255216
255217
255218
255220
255222
255223
255229
255230
255231
255235
255237
255238
255239
255240
255241
255242
255243
255244
255245
255246
255247
255248
255249
255250
255253
255254
255255
255272
255273
255274
255275
255276
255277
255278
255287
255288
255290
255293
255294
255295
255296
255297
255298
255299
255300
255301
255302
255304
255305
255306
255307
255309
255311
255313
255314
255315
255316
255317
255318
255319
255320
255321
255322
255326
255327
255328
255329
255330
255331
255332
255333
255334
255351
255352
255353
255364
255365
255366
255367
255368
255371
255373
255375
255377
255378
255379
255380
255381
255382
255383
255384
255386
255388
255390
255391
255396
255398
255399
255400
255401
255402
255403
255404
255412
255413
255414
255415
255416
255417
255418
255421
255422
255441
255454
255455
255456
255457
255458
255459
255463
255465
255468
255469
255470
255471
255472
255473
255474
255482
255483
255484
255485
255486
255487
255488
255496
255497
255498
255500
255505
255506
255509
255519
255522
255532
255533
255534
255536
255537
255543
255552
255553
255554
255555
255556
255557
255558
255575
255576
255577
255581
255585
255587
255588
255589
255590
255591
255592
255593
255594
255595
255596
255597
255598
255599
255601
255602
255603
255604
255605
255606
255607
255608
255609
255610
255611
255612
255613
255614
255615
255616
255617
255618
255619
255620
255621
255622
255627
255628
255629
255630
255631
255632
255633
255634
255635
255636
255637
255639
255640
255641
255642
255643
255644
255645
255646
255647
255648
255649
255650
255657
255659
255660
255662
255663
255664
255665
255666
255667
255668
255669
255670
255671
255672
255676
255677
255678
255679
255680
255681
255682
255683
255684
255687
255708
255714
255715
255716
255719
255728
255731
255736
255738
255749
255750
255751
255752
255753
255754
255769
255770
255771
255772
255773
255775
255776
255777
255778
255779
255780
255781
255782
255790
255791
255792
255793
255794
255795
255796
255797
255800
255802
255804
255806
255808
255811
255812
255814
255816
255817
255823
255829
255832
255833
255834
255835
255836
255837
255838
255846
255847
255848
255849
255850
255851
255852
255867
255868
255869
255870
255871
255872
255873
255874
255875
255876
255877
255878
255879
255880
255881
255882
255884
255885
255886
255887
255903
255905
255946
255948
255949
255951
255952
255953
255954
255955
255956
255958
255959
255960
255961
255962
255963
255964
255976
255979
255980
255981
255982
255983
255984
255985
255998
256008
256009
256010
256011
256012
256013
256015
256016
256019
256022
256024
256025
256027
256028
256029
256031
256032
256033
256034
256035
256036
256037
256038
256039
256040
256041
256042
256043
256044
256045
256046
256047
256048
256049
256052
256054
256055
256092
256093
256094
256095
256096
256097
256115
256118
256134
256135
256136
256139
256150
256153
256161
256162
256165
256166
256168
256169
256170
256171
256172
256173
256174
256175
256176
256177
256178
256179
256180
256181
256182
256185
256186
256193
256196
256198
256199
256200
256201
256202
256225
256226
256227
256228
256229
256230
256240
256243
256253
256254
256255
256256
256257
256258
256268
256271
256351
256393
256427
256428
256429
256430
256431
256432
256433
256434
256435
256436
256438
256439
256440
256441
256442
256444
256445
256446
256447
256448
256455
256456
256457
256458
256459
256460
256461
256462
256463
256464
256466
256467
256468
256469
256470
256472
256473
256474
256475
256476
256484
256505
256506
256507
256509
256510
256514
256516
256517
256528
256530
256531
256532
256533
256534
256535
256536
256538
256551
256553
256554
256555
256556
256557
256558
256559
256563
256565
256566
256577
256579
256580
256581
256582
256583
256584
256585
256587
256600
256602
256603
256604
256605
256606
256607
256608
256616
256617
256618
256619
256620
256621
256622
256623
256624
256625
256626
256627
256628
256629
256630
256634
256637
256639
256640
256643
256644
256646
256647
256650
256675
256696
256707
256709
256710
256711
256712
256713
256714
256715
256716
256717
256718
256719
256720
256721
256722
256723
256724
256725
256726
256727
256728
256729
256730
256731
256732
256733
256734
256735
256737
256738
256740
256748
256749
256752
256754
256756
256757
256758
256759
256760
256761
256762
256763
256764
256765
256766
256768
256769
256770
256771
256772
256773
256774
256775
256776
256777
256778
256779
256780
256781
256782
256783
256792
256795
256797
256798
256799
256801
256802
256804
256805
256806
256807
256808
256810
256811
256832
256862
256864
256875
256876
256877
256878
256879
256880
256881
256882
256883
256884
256885
256886
256887
256888
256889
256892
256893
256894
256895
256896
256898
256899
256900
256901
256902
256903
256906
256909
256910
256913
256915
256924
256925
256926
256927
256928
256929
256930
256931
256932
256933
256934
256935
256936
256937
256952
256953
256954
256955
256956
256957
256958
256959
256960
256961
256962
256963
256964
256965
256966
256967
256968
256969
256970
256971
256972
256975
256982
257002
257003
257004
257006
257007
257015
257017
257019
257021
257022
257023
257024
257025
257026
257027
257028
257036
257037
257038
257039
257040
257041
257042
257048
257055
257058
257059
257060
257061
257062
257063
257065
257079
257085
257086
257087
257088
257089
257090
257091
257092
257093
257094
257095
257096
257098
257099
257100
257101
257102
257103
257104
257105
257113
257114
257115
257118
257120
257121
257125
257127
257128
257129
257130
257131
257132
257133
257134
257141
257142
257143
257146
257147
257148
257149
257151
257152
257153
257154
257155
257156
257157
257158
257159
257160
257161
257162
257163
257164
257165
257166
257167
257168
257169
257170
257171
257172
257173
257174
257175
257176
257177
257178
257179
257180
257181
257182
257183
257184
257185
257186
257187
257188
257189
257190
257191
257192
257193
257194
257195
257196
257197
257198
257199
257200
257201
257202
257203
257204
257205
257206
257207
257208
257209
257210
257211
257212
257213
257215
257216
257217
257218
257219
257220
257222
257223
257224
257225
257226
257227
257228
257229
257230
257231
257232
257237
257238
257240
257241
257244
257251
257257
257260
257261
257262
257263
257264
257265
257266
257267
257268
257269
257270
257272
257273
257274
257276
257277
257279
257280
257281
257282
257284
257287
257288
257289
257291
257292
257293
257294
257302
257303
257304
257305
257306
257307
257308
257316
257317
257318
257319
257320
257321
257322
257332
257345
257346
257347
257353
257360
257362
257363
257368
257371
257372
257373
257374
257375
257376
257377
257378
257386
257387
257388
257389
257390
257391
257392
257393
257394
257395
257396
257397
257398
257399
257400
257401
257402
257403
257404
257405
257406
257407
257410
257411
257412
257413
257414
257415
257417
257418
257419
257420
257421
257424
257427
257428
257430
257432
257435
257436
257437
257438
257439
257440
257441
257449
257450
257451
257452
257453
257454
257455
257470
257471
257472
257473
257474
257475
257476
257477
257478
257479
257480
257481
257482
257483
257484
257485
257486
257487
257488
257489
257490
257492
257500
257520
257521
257522
257524
257525
257533
257536
257537
257539
257540
257541
257542
257543
257544
257545
257546
257554
257555
257556
257557
257558
257559
257560
257567
257572
257583
257586
257587
257589
257590
257592
257593
257595
257596
257597
257598
257599
257600
257602
257623
257653
257655
257667
257668
257669
257670
257671
257672
257681
257688
257694
257695
257696
257697
257698
257699
257700
257701
257702
257703
257704
257705
257707
257708
257709
257710
257711
257712
257713
257714
257722
257723
257727
257729
257730
257731
257733
257736
257737
257738
257739
257740
257741
257742
257743
257750
257751
257752
257755
257756
257757
257758
257760
257761
257762
257763
257771
257772
257773
257774
257775
257776
257777
257778
257779
257781
257782
257783
257784
257785
257786
257788
257789
257790
257791
257792
257799
257800
257801
257802
257803
257804
257805
257806
257807
257808
257810
257811
257812
257813
257814
257815
257817
257818
257819
257820
257829
257849
257850
257851
257853
257854
257857
257860
257861
257872
257874
257875
257876
257877
257878
257879
257880
257881
257890
257891
257892
257893
257894
257895
257896
257902
257905
257909
257910
257920
257922
257923
257925
257926
257927
257928
257929
257930
257932
257933
257934
257935
257936
257937
257938
257951
257968
258002
258003
258004
258005
258006
258007
258008
258009
258010
258011
258012
258013
258014
258015
258016
258018
258019
258021
258023
258027
258030
258032
258033
258036
258060
258082
258122
258123
258124
258125
258126
258127
258144
258148
258164
258165
258166
258167
258168
258169
258179
258183
258226
258227
258228
258229
258230
258231
258232
258233
258235
258236
258237
258238
258239
258240
258241
258242
258243
258244
258245
258246
258247
258248
258249
258250
258251
258252
258253
258254
258255
258256
258257
258258
258259
258260
258261
258263
258264
258266
258274
258275
258278
258280
258282
258283
258284
258285
258286
258287
258288
258289
258290
258291
258292
258294
258295
258296
258297
258298
258299
258300
258301
258302
258310
258311
258313
258314
258316
258318
258321
258323
258324
258325
258326
258327
258329
258330
258344
258381
258382
258395
258396
258397
258398
258399
258400
258402
258416
258422
258423
258424
258425
258426
258427
258428
258429
258430
258431
258432
258433
258435
258436
258437
258438
258439
258440
258441
258442
258450
258451
258452
258455
258457
258458
258462
258464
258465
258466
258467
258468
258469
258470
258471
258478
258479
258480
258483
258484
258485
258486
258488
258489
258490
258491
258492
258493
258494
258495
258496
258497
258498
258499
258500
258501
258502
258503
258504
258505
258506
258509
258510
258511
258512
258513
258515
258516
258517
258518
258519
258520
258523
258526
258527
258530
258532
258541
258542
258543
258544
258545
258546
258547
258548
258549
258550
258551
258552
258553
258554
258569
258570
258571
258572
258573
258574
258575
258576
258577
258578
258579
258580
258581
258582
258583
258584
258585
258586
258587
258588
258589
258592
258599
258619
258620
258621
258623
258624
258632
258634
258636
258638
258639
258640
258641
258642
258643
258644
258645
258653
258654
258655
258656
258657
258658
258659
258665
258672
258674
258675
258676
258678
258679
258680
258681
258682
258683
258684
258685
258686
258687
258688
258689
258690
258692
258693
258694
258695
258699
258701
258702
258703
258704
258707
258708
258709
258710
258711
258714
258716
258717
258718
258720
258721
258722
258723
258724
258725
258726
258727
258728
258729
258739
258740
258742
258750
258757
258758
258759
258760
258761
258763
258764
258765
258766
258767
258768
258769
258770
258771
258779
258780
258781
258782
258783
258784
258785
258787
258795
258797
258798
258802
258804
258807
258808
258809
258810
258811
258812
258813
258830
258843
258844
258845
258849
258851
258852
258853
258854
258855
258856
258857
258858
258859
258860
258861
258862
258863
258864
258865
258866
258867
258868
258869
258870
258871
258872
258873
258874
258875
258876
258877
258879
258880
258882
258889
258891
258893
258895
258898
258899
258900
258901
258902
258903
258904
258905
258906
258907
258908
258909
258910
258911
258912
258913
258914
258915
258916
258917
258920
258921
258922
258923
258924
258925
258927
258934
258947
258948
258949
258950
258951
258952
258953
258954
258955
258956
258957
258958
258959
258961
258962
258963
258964
258965
258966
258967
258975
258976
258977
258980
258982
258983
258986
258989
258990
258991
258992
258993
258994
258995
258996
259003
259004
259006
259007
259008
259009
259010
259011
259012
259014
259015
259024
259025
259027
259028
259029
259032
259035
259037
259038
259039
259040
259041
259042
259044
259056
259095
259096
259108
259109
259110
259111
259112
259113
259114
259115
259116
259117
259118
259119
259120
259121
259122
259125
259126
259127
259128
259129
259130
259132
259133
259134
259135
259136
259139
259142
259143
259145
259147
259150
259151
259152
259153
259154
259155
259156
259164
259165
259166
259167
259168
259169
259170
259185
259186
259187
259188
259189
259190
259191
259192
259193
259194
259195
259196
259197
259198
259199
259200
259201
259202
259203
259204
259205
259207
259215
259235
259236
259237
259239
259240
259248
259250
259252
259254
259255
259256
259257
259258
259259
259260
259261
259269
259270
259271
259272
259273
259274
259275
259281
259288
259298
259299
259300
259301
259302
259303
259320
259323
259340
259341
259342
259343
259344
259345
259362
259365
259404
259425
259431
259432
259433
259435
259446
259448
259453
259455
259473
259474
259475
259476
259477
259478
259486
259487
259488
259489
259490
259492
259493
259494
259495
259496
259497
259498
259499
259507
259508
259509
259510
259511
259512
259513
259514
259516
259518
259521
259524
259526
259528
259530
259531
259533
259534
259541
259547
259556
259557
259558
259559
259560
259561
259562
259563
259564
259565
259566
259567
259568
259569
259584
259585
259586
259587
259588
259589
259590
259591
259592
259593
259594
259595
259596
259597
259598
259599
259601
259602
259603
259604
259627
259629
259632
259634
259639
259689
259690
259691
259692
259693
259694
259695
259705
259706
259708
259717
259718
259719
259720
259721
259722
259723
259725
259729
259731
259732
259733
259734
259735
259736
259738
259739
259740
259741
259742
259743
259744
259745
259746
259747
259748
259749
259750
259751
259752
259753
259754
259755
259756
259757
259758
259759
259763
259765
259766
259767
259768
259769
259770
259771
259772
259773
259774
259775
259776
259777
259778
259779
259780
259781
259783
259784
259785
259786
259787
259794
259796
259797
259799
259800
259801
259802
259803
259804
259805
259806
259807
259808
259809
259813
259814
259815
259816
259817
259818
259819
259820
259821
259858
259859
259860
259861
259862
259863
259881
259884
259900
259901
259902
259905
259916
259919
259927
259928
259931
259933
259934
259935
259936
259937
259938
259939
259940
259941
259942
259943
259944
259945
259946
259947
259948
259951
259952
259961
259962
259964
259965
259966
259967
259968
259984
259985
259999
260001
260002
260004
260005
260006
260007
260008
260009
260011
260012
260013
260014
260015
260016
260017
260030
260032
260033
260034
260035
260036
260037
260038
260074
260075
260077
260078
260079
260080
260081
260082
260083
260084
260085
260086
260087
260088
260089
260090
260091
260092
260093
260094
260095
260098
260099
260101
260107
260117
260118
260119
260120
260121
260122
260124
260126
260127
260129
260131
260132
260134
260137
260138
260139
260140
260141
260142
260143
260144
260145
260146
260147
260148
260149
260150
260151
260152
260153
260154
260155
260156
260157
260158
260159
260160
260161
260162
260163
260164
260165
260166
260167
260168
260169
260170
260171
260172
260173
260174
260175
260176
260177
260178
260179
260180
260181
260182
260183
260184
260185
260186
260187
260188
260189
260190
260191
260192
260200
260201
260202
260203
260204
260205
260206
260216
260217
260219
260228
260229
260230
260231
260232
260233
260234
260236
260239
260242
260243
260244
260245
260246
260247
260249
260250
260251
260252
260253
260254
260255
260256
260257
260258
260259
260260
260261
260262
260263
260264
260265
260266
260267
260268
260269
260270
260274
260275
260277
260278
260279
260280
260281
260282
260283
260284
260285
260286
260287
260288
260289
260290
260291
260292
260294
260295
260296
260297
260298
260305
260307
260308
260309
260310
260312
260313
260314
260315
260316
260317
260318
260319
260320
260323
260324
260326
260327
260328
260329
260330
260331
260332
260355
260357
260359
260362
260365
260453
260454
260455
260456
260457
260458
260476
260478
260495
260496
260497
260498
260504
260506
260522
260523
260526
260528
260529
260530
260531
260532
260533
260534
260535
260536
260537
260538
260539
260540
260541
260542
260543
260546
260547
260550
260552
260553
260554
260555
260556
260563
260579
260580
260593
260596
260597
260599
260600
260601
260602
260603
260604
260606
260607
260608
260609
260610
260611
260612
260620
260621
260622
260623
260624
260625
260626
260632
260669
260670
260671
260673
260674
260675
260676
260677
260678
260679
260680
260681
260682
260683
260684
260685
260686
260687
260688
260689
260690
260693
260694
260696
260702
260712
260713
260714
260715
260716
260717
260719
260721
260722
260724
260726
260727
260729
260732
260733
260734
260735
260736
260737
260738
260739
260740
260741
260742
260743
260744
260745
260746
260748
260749
260750
260751
260752
260753
260754
260755
260756
260757
260758
260759
260760
260761
260762
260763
260764
260765
260766
260775
260777
260778
260780
260783
260785
260796
260797
260798
260799
260800
260816
260821
260823
260824
260826
260828
260829
260830
260831
260832
260833
260834
260835
260836
260837
260842
260844
260846
260847
260849
260850
260851
260852
260853
260854
260855
260856
260857
260858
260864
260865
260866
260867
260868
260869
260870
260871
260872
260873
260876
260877
260886
260889
260890
260892
260893
260894
260895
260896
260897
260898
260899
260909
260911
260915
260916
260917
260918
260920
260929
260930
260931
260932
260934
260956
260957
260958
260959
260960
260961
260962
260963
260965
260967
260969
260970
260976
260977
260978
260979
260980
260981
260982
260983
260991
260992
260993
260994
260995
260996
260997
260999
261001
261020
261033
261034
261035
261036
261037
261038
261042
261044
261047
261048
261049
261050
261051
261052
261053
261061
261062
261063
261066
261068
261069
261070
261071
261072
261073
261074
261084
261085
261088
261098
261100
261111
261112
261113
261114
261115
261122
261138
261139
261140
261141
261142
261143
261144
261145
261146
261147
261149
261151
261152
261156
261159
261160
261161
261162
261163
261164
261165
261166
261167
261171
261173
261174
261175
261176
261177
261178
261179
261182
261183
261184
261208
261209
261210
261211
261212
261213
261214
261216
261217
261219
261222
261223
261224
261225
261226
261227
261228
261229
261230
261231
261233
261234
261235
261236
261239
261241
261242
261243
261244
261248
261249
261250
261251
261252
261253
261254
261255
261256
261257
261258
261259
261260
261261
261262
261263
261273
261274
261276
261286
261287
261288
261290
261291
261300
261301
261303
261314
261315
261317
261329
261331
261355
261356
261357
261358
261359
261360
261361
261363
261364
261366
261369
261371
261372
261373
261374
261379
261397
261398
261399
261400
261401
261402
261403
261404
261405
261406
261407
261408
261409
261410
261411
261412
261415
261417
261418
261420
261421
261422
261423
261424
261427
261429
261463
261475
261477
261478
261480
261483
261485
261496
261497
261498
261499
261500
261516
261521
261523
261524
261525
261528
261529
261530
261531
261532
261533
261534
261535
261536
261537
261539
261540
261542
261543
261544
261545
261546
261547
261548
261549
261550
261551
261557
261558
261564
261565
261566
261567
261568
261569
261570
261571
261572
261573
261576
261577
261579
261582
261583
261585
261593
261594
261595
261596
261597
261598
261599
261609
261611
261615
261616
261617
261618
261619
261622
261623
261624
261625
261627
261635
261636
261637
261638
261639
261640
261641
261642
261644
261646
261647
261649
261655
261656
261657
261658
261659
261660
261661
261662
261670
261671
261672
261673
261674
261675
261676
261678
261679
261706
261712
261713
261714
261715
261716
261717
261721
261723
261726
261727
261728
261729
261730
261731
261732
261740
261741
261742
261743
261744
261745
261746
261747
261748
261749
261752
261762
261764
261767
261778
261780
261788
261797
261798
261799
261800
261801
261824
261825
261826
261827
261828
261829
261830
261831
261832
261833
261835
261836
261838
261842
261845
261846
261847
261848
261849
261850
261851
261852
261853
261856
261859
261860
261861
261862
261863
261864
261865
261868
261869
261870
261894
261895
261896
261897
261898
261899
261900
261902
261903
261905
261908
261909
261910
261911
261912
261913
261914
261915
261916
261917
261919
261920
261921
261922
261925
261926
261928
261929
261930
261933
261934
261936
261937
261938
261939
261940
261941
261942
261943
261944
261945
261946
261947
261948
261949
261959
261960
261962
261972
261973
261974
261976
261977
261986
261987
261989
262014
262016
262019
262036
262040
262055
262056
262057
262058
262059
262060
262061
262063
262065
262068
262079
262083
262085
262086
262087
262089
262097
262098
262099
262100
262101
262102
262103
262104
262105
262108
262109
262111
262112
262113
262114
262115
262116
262117
262128
262129
262132
262134
262135
262136
262137
262138
262163
262167
262168
262169
262170
262171
262172
262173
262174
262175
262176
262177
262178
262179
262180
262181
262183
262184
262185
262186
262187
262188
262189
262190
262191
262192
262193
262194
262195
262196
262197
262198
262199
262200
262201
262216
262217
262218
262219
262220
262221
262222
262223
262224
262225
262227
262229
262230
262236
262237
262238
262242
262244
262245
262246
262247
262248
262249
262250
262251
262252
262253
262254
262255
262256
262257
262260
262261
262262
262279
262280
262281
262282
262283
262284
262285
262294
262295
262297
262300
262301
262302
262303
262304
262305
262306
262307
262308
262309
262311
262312
262313
262314
262316
262318
262320
262321
262322
262323
262324
262325
262326
262327
262328
262329
262333
262334
262335
262336
262337
262338
262339
262340
262341
262358
262359
262360
262371
262372
262373
262374
262375
262378
262380
262382
262405
262406
262407
262408
262409
262410
262411
262412
262414
262416
262418
262419
262423
262426
262427
262428
262429
262430
262431
262432
262433
262434
262435
262436
262437
262438
262439
262449
262450
262469
262482
262483
262484
262485
262486
262487
262491
262493
262496
262497
262498
262499
262500
262501
262502
262510
262511
262512
262513
262514
262515
262516
262524
262525
262526
262528
262532
262534
262536
262547
262550
262553
262554
262555
262557
262558
262570
262581
262582
262584
262585
262589
262591
262595
262596
262597
262598
262599
262608
262613
262615
262616
262617
262620
262621
262622
262623
262624
262625
262626
262627
262628
262629
262630
262631
262632
262633
262634
262635
262636
262638
262639
262641
262642
262643
262648
262664
262669
262671
262672
262673
262674
262675
262676
262677
262678
262679
262682
262684
262685
262686
262687
262688
262689
262690
262691
262692
262694
262696
262697
262715
262717
262721
262722
262723
262724
262726
262728
262729
262730
262731
262733
262741
262742
262743
262744
262745
262746
262747
262748
262749
262750
262751
262752
262753
262754
262755
262757
262758
262759
262760
262761
262762
262763
262764
262765
262766
262767
262768
262769
262770
262771
262772
262773
262774
262775
262784
262786
262788
262806
262808
262825
262826
262827
262828
262829
262830
262831
262833
262834
262836
262842
262846
262848
262849
262850
262851
262867
262868
262869
262870
262871
262872
262873
262874
262875
262878
262879
262881
262882
262883
262884
262885
262886
262887
262891
262892
262902
262904
262905
262906
262907
262908
262933
262937
262938
262939
262940
262941
262942
262943
262944
262945
262946
262948
262949
262951
262957
262958
262959
262962
262965
262966
262967
262968
262969
262970
262971
262972
262973
262974
262975
262976
262977
262978
262981
262982
262983
263001
263002
263004
263007
263008
263009
263010
263011
263012
263013
263021
263022
263023
263024
263025
263026
263027
263028
263029
263030
263032
263033
263034
263035
263037
263039
263040
263042
263043
263044
263045
263046
263047
263048
263049
263050
263053
263054
263056
263057
263058
263059
263060
263061
263062
263079
263080
263082
263085
263087
263090
263099
263100
263101
263102
263103
263119
263120
263121
263122
263123
263124
263125
263126
263128
263130
263131
263133
263137
263140
263141
263142
263143
263144
263145
263146
263147
263148
263149
263150
263151
263152
263153
263163
263164
263183
263196
263197
263198
263199
263200
263201
263205
263207
263210
263211
263212
263213
263214
263215
263216
263224
263225
263226
263227
263228
263229
263230
263238
263239
263240
263242
263246
263248
263250
263261
263264
263267
263268
263269
263271
263272
263284
263308
263309
263310
263311
263312
263313
263314
263331
263332
263333
263337
263341
263343
263344
263345
263346
263347
263348
263349
263350
263351
263352
263353
263354
263355
263357
263358
263359
263360
263361
263362
263363
263364
263365
263366
263367
263368
263369
263370
263371
263372
263373
263374
263375
263376
263377
263378
263383
263384
263385
263386
263387
263388
263389
263390
263391
263392
263393
263395
263396
263397
263398
263399
263400
263401
263402
263403
263404
263405
263406
263413
263415
263416
263418
263419
263420
263421
263422
263423
263424
263425
263426
263427
263428
263432
263433
263434
263435
263436
263437
263438
263439
263440
263449
263464
263477
263478
263479
263482
263491
263494
263499
263501
263512
263513
263514
263515
263516
263517
263532
263533
263534
263535
263536
263537
263539
263540
263541
263542
263543
263544
263545
263546
263547
263548
263549
263550
263551
263552
263560
263562
263564
263567
263569
263571
263574
263575
263576
263579
263580
263585
263592
263595
263596
263597
263598
263599
263600
263601
263602
263603
263604
263605
263606
263607
263608
263616
263617
263618
263619
263620
263621
263622
263623
263624
263625
263626
263627
263628
263629
263630
263631
263633
263634
263635
263636
263666
263668
263709
263711
263712
263714
263715
263716
263717
263718
263719
263721
263722
263723
263724
263725
263726
263727
263739
263742
263743
263744
263745
263746
263747
263748
263761
263771
263772
263773
263774
263775
263776
263778
263779
263782
263785
263787
263788
263790
263791
263792
263794
263795
263796
263797
263798
263799
263800
263801
263802
263803
263804
263805
263806
263807
263808
263809
263810
263811
263812
263815
263817
263818
263848
263849
263850
263851
263852
263853
263871
263874
263897
263898
263899
263902
263913
263916
263924
263925
263928
263929
263931
263932
263933
263934
263935
263936
263937
263938
263939
263940
263941
263942
263943
263944
263945
263948
263949
263956
263959
263961
263962
263963
263964
263965
263966
263967
263968
263969
263970
263971
263972
263973
263974
263975
263976
263977
263978
263979
263980
263981
263982
263983
263984
263985
263986
263987
263988
263989
263990
263991
263992
263993
263994
263995
263996
263997
263998
263999
264000
264001
264002
264003
264004
264005
264006
264007
264008
264009
264010
264011
264012
264013
264014
264015
264016
264017
264018
264019
264020
264021
264044
264045
264047
264051
264054
264107
264122
264135
264136
264137
264140
264150
264152
264158
264159
264177
264178
264179
264180
264181
264182
264190
264191
264192
264193
264194
264195
264197
264198
264199
264200
264201
264202
264203
264204
264205
264206
264207
264208
264209
264210
264218
264220
264222
264225
264227
264229
264232
264233
264234
264237
264238
264243
264250
264253
264254
264255
264256
264257
264258
264259
264260
264261
264262
264263
264264
264265
264266
264274
264275
264276
264277
264278
264279
264280
264281
264282
264283
264284
264285
264286
264287
264288
264289
264291
264292
264293
264294
264331
264333
264374
264376
264377
264379
264380
264381
264382
264383
264384
264386
264387
264388
264389
264390
264391
264392
264407
264408
264409
264410
264411
264412
264413
264418
264426
264436
264437
264438
264439
264440
264441
264443
264445
264446
264448
264450
264451
264454
264456
264457
264458
264460
264461
264462
264463
264464
264465
264466
264467
264468
264469
264470
264471
264472
264473
264474
264475
264476
264477
264480
264482
264483
264513
264514
264515
264516
264517
264518
264529
264531
264562
264563
264564
264565
264571
264573
264589
264590
264593
264594
264596
264597
264598
264599
264600
264601
264602
264603
264604
264605
264606
264607
264608
264609
264610
264612
264613
264614
264615
264616
264617
264620
264621
264628
264653
264654
264655
264656
264657
264658
264668
264671
264681
264682
264683
264684
264685
264686
264696
264699
264764
264765
264766
264768
264769
264770
264771
264772
264773
264775
264776
264777
264778
264779
264780
264781
264782
264783
264784
264785
264790
264791
264793
264794
264797
264804
264810
264813
264814
264815
264816
264817
264818
264819
264820
264821
264822
264823
264825
264826
264827
264829
264830
264832
264833
264834
264835
264837
264840
264841
264842
264844
264845
264846
264847
264855
264856
264857
264858
264859
264860
264861
264869
264870
264871
264872
264873
264874
264875
264885
264898
264899
264900
264906
264913
264915
264916
264921
264924
264925
264926
264927
264928
264929
264930
264931
264939
264940
264941
264942
264943
264944
264945
264946
264947
264948
264949
264950
264951
264952
264953
264954
264955
264956
264957
264958
264959
264960
264963
264964
264965
264966
264967
264968
264969
264971
264972
264973
264974
264976
264979
264981
264983
264985
264988
264989
264990
264991
264992
264993
264994
264995
264996
264997
264998
264999
265000
265001
265009
265010
265011
265012
265013
265014
265015
265016
265017
265018
265019
265020
265021
265022
265023
265024
265025
265026
265027
265028
265029
265045
265053
265073
265074
265075
265077
265078
265086
265088
265090
265091
265093
265094
265095
265096
265097
265098
265099
265100
265101
265102
265103
265104
265105
265106
265119
265125
265136
265139
265140
265142
265143
265145
265146
265148
265149
265150
265151
265152
265153
265155
265176
265206
265208
265220
265221
265222
265223
265224
265225
265234
265241
265247
265248
265249
265250
265251
265252
265253
265254
265255
265256
265257
265258
265260
265261
265262
265263
265264
265265
265266
265267
265275
265276
265280
265282
265283
265284
265286
265289
265290
265291
265292
265293
265294
265295
265296
265303
265304
265305
265308
265309
265310
265311
265312
265314
265315
265316
265317
265319
265320
265321
265322
265323
265324
265325
265326
265327
265328
265329
265330
265331
265332
265333
265334
265335
265336
265337
265338
265339
265340
265341
265342
265343
265344
265345
265347
265348
265349
265357
265359
265362
265364
265366
265367
265368
265369
265371
265372
265373
265374
265375
265376
265377
265378
265379
265380
265381
265382
265383
265384
265385
265386
265387
265388
265389
265390
265391
265392
265393
265394
265395
265396
265398
265399
265400
265401
265402
265403
265405
265406
265407
265408
265409
265410
265411
265412
265413
265414
265415
265420
265421
265423
265424
265427
265434
265440
265443
265444
265445
265446
265448
265449
265450
265451
265452
265453
265454
265455
265456
265457
265458
265459
265462
265463
265464
265465
265466
265469
265471
265472
265473
265475
265476
265477
265478
265479
265480
265481
265482
265483
265484
265499
265500
265501
265502
265503
265504
265505
265515
265528
265529
265530
265535
265543
265545
265546
265550
265552
265555
265556
265557
265558
265559
265560
265561
265569
265570
265571
265572
265573
265574
265575
265576
265577
265578
265579
265580
265581
265582
265583
265586
265587
265588
265589
265590
265591
265592
265594
265595
265596
265597
265599
265602
265604
265606
265608
265611
265612
265613
265614
265615
265616
265617
265618
265619
265620
265621
265622
265623
265624
265632
265633
265634
265635
265636
265637
265638
265639
265640
265641
265642
265643
265644
265645
265646
265647
265648
265649
265650
265651
265652
265668
265676
265696
265697
265698
265700
265701
265709
265710
265713
265714
265716
265717
265718
265719
265720
265721
265722
265723
265724
265725
265726
265727
265728
265729
265741
265748
265752
265753
265754
265755
265756
265757
265766
265773
265779
265780
265781
265782
265783
265784
265785
265786
265787
265788
265789
265790
265791
265793
265794
265795
265796
265797
265798
265799
265807
265808
265811
265814
265815
265816
265818
265821
265822
265823
265824
265825
265826
265827
265828
265835
265836
265837
265839
265840
265842
265843
265844
265846
265847
265848
265857
265860
265861
265863
265864
265866
265867
265868
265870
265871
265872
265873
265874
265875
265895
265927
265929
265975
265976
265977
265978
265979
265980
265981
265982
265983
265985
265986
265987
265988
265989
265990
265992
265993
265994
265995
265996
266003
266004
266005
266006
266007
266008
266009
266010
266011
266012
266014
266015
266016
266017
266018
266019
266021
266022
266023
266024
266033
266053
266054
266055
266057
266058
266061
266064
266065
266076
266078
266079
266080
266081
266082
266083
266084
266085
266094
266095
266096
266097
266098
266099
266100
266106
266109
266113
266114
266124
266126
266127
266129
266130
266131
266132
266133
266134
266136
266137
266138
266139
266140
266141
266142
266155
266172
266206
266207
266208
266209
266210
266211
266212
266213
266214
266215
266216
266217
266218
266219
266220
266222
266223
266225
266227
266231
266234
266236
266237
266240
266264
266286
266297
266298
266299
266301
266302
266303
266304
266305
266306
266307
266308
266309
266310
266311
266312
266313
266315
266316
266317
266318
266322
266324
266325
266326
266327
266330
266331
266332
266333
266334
266337
266339
266340
266341
266343
266344
266345
266346
266347
266348
266349
266350
266351
266352
266362
266363
266365
266373
266380
266381
266382
266383
266384
266386
266387
266388
266389
266390
266391
266392
266393
266394
266402
266403
266404
266405
266406
266407
266408
266410
266418
266420
266421
266425
266427
266430
266431
266432
266433
266434
266435
266436
266453
266466
266467
266468
266472
266474
266475
266476
266477
266478
266479
266480
266481
266482
266483
266484
266485
266486
266487
266488
266489
266490
266491
266492
266493
266494
266495
266496
266497
266498
266499
266500
266502
266503
266505
266512
266514
266516
266518
266521
266522
266523
266524
266525
266526
266527
266528
266529
266530
266531
266532
266533
266534
266535
266536
266537
266538
266539
266540
266543
266544
266545
266546
266547
266548
266550
266557
266570
266571
266572
266573
266574
266575
266576
266577
266578
266579
266580
266581
266582
266584
266585
266586
266587
266588
266589
266590
266598
266599
266600
266603
266605
266606
266609
266612
266613
266614
266615
266616
266617
266618
266619
266626
266627
266628
266630
266631
266632
266633
266634
266635
266637
266638
266647
266648
266650
266651
266652
266655
266658
266660
266661
266662
266663
266664
266665
266667
266679
266718
266719
266731
266732
266733
266734
266735
266736
266737
266738
266739
266740
266741
266742
266743
266744
266745
266748
266749
266750
266751
266752
266753
266754
266756
266757
266758
266759
266761
266764
266766
266768
266770
266773
266774
266775
266776
266777
266778
266779
266780
266781
266782
266783
266784
266785
266786
266794
266795
266796
266797
266798
266799
266800
266801
266802
266803
266804
266805
266806
266807
266808
266809
266810
266811
266812
266813
266814
266830
266838
266858
266859
266860
266862
266863
266871
266872
266875
266876
266878
266879
266880
266881
266882
266883
266884
266885
266886
266887
266888
266889
266890
266891
266904
266910
266913
266914
266915
266916
266917
266918
266919
266920
266921
266922
266923
266924
266925
266926
266927
266928
266929
266930
266931
266932
266933
266934
266935
266936
266937
266938
266939
266940
266941
266942
266943
266944
266945
266946
266947
266948
266949
266950
266951
266952
266953
266954
266955
266956
266957
266958
266959
266960
266961
266962
266963
266964
266965
266966
266967
266968
266969
266970
266971
266972
266973
266974
266975
266976
266978
266979
266980
266981
266982
266983
266984
266985
266986
266987
266988
266989
266990
266991
266992
266993
266994
266995
266996
266997
266998
266999
267000
267001
267002
267003
267004
267006
267007
267008
267016
267018
267021
267023
267025
267026
267027
267028
267030
267031
267032
267033
267034
267035
267036
267037
267038
267039
267040
267041
267042
267043
267044
267045
267046
267047
267048
267050
267051
267052
267053
267054
267055
267056
267057
267058
267059
267060
267061
267062
267064
267065
267066
267067
267071
267073
267074
267075
267076
267079
267080
267081
267082
267083
267086
267088
267089
267090
267092
267093
267094
267095
267096
267097
267098
267099
267100
267101
267110
267111
267114
267121
267127
267130
267131
267132
267133
267135
267136
267137
267138
267139
267140
267141
267142
267143
267151
267152
267153
267154
267155
267156
267157
267159
267167
267169
267170
267174
267176
267179
267180
267181
267182
267183
267184
267185
267202
267215
267216
267217
267222
267223
267224
267225
267226
267227
267236
267243
267249
267250
267251
267252
267253
267254
267255
267256
267257
267258
267259
267260
267261
267263
267264
267265
267266
267267
267268
267269
267277
267278
267281
267284
267285
267286
267288
267291
267292
267293
267294
267295
267296
267297
267298
267305
267306
267307
267309
267310
267312
267313
267314
267316
267317
267318
267319
267320
267321
267322
267323
267324
267325
267326
267327
267328
267329
267330
267331
267332
267333
267336
267337
267338
267339
267340
267341
267342
267344
267345
267346
267347
267349
267352
267354
267356
267358
267361
267362
267363
267364
267365
267366
267367
267368
267369
267370
267371
267372
267373
267374
267382
267383
267384
267385
267386
267387
267388
267389
267390
267391
267392
267393
267394
267395
267396
267397
267398
267399
267400
267401
267402
267418
267426
267446
267447
267448
267450
267451
267459
267460
267463
267464
267466
267467
267468
267469
267470
267471
267472
267473
267474
267475
267476
267477
267478
267479
267491
267498
267508
267509
267511
267512
267513
267516
267519
267520
267522
267523
267524
267525
267526
267527
267540
267579
267580
267607
267649
267683
267684
267685
267686
267687
267688
267689
267690
267691
267692
267693
267694
267695
267696
267697
267701
267704
267706
267707
267709
267711
267713
267714
267716
267742
267763
267782
267783
267784
267785
267786
267787
267804
267807
267824
267825
267826
267827
267828
267829
267846
267849
267886
267887
267888
267889
267890
267891
267892
267902
267903
267905
267914
267915
267916
267917
267918
267919
267920
267922
267925
267928
267929
267930
267931
267932
267933
267935
267936
267937
267938
267939
267940
267941
267942
267943
267944
267945
267946
267947
267948
267949
267950
267951
267952
267953
267954
267955
267956
267960
267961
267963
267964
267965
267966
267967
267968
267969
267970
267971
267972
267973
267974
267975
267976
267977
267978
267980
267981
267982
267983
267984
267991
267993
267994
267995
267996
267998
267999
268000
268001
268002
268003
268004
268005
268006
268009
268010
268012
268013
268014
268015
268016
268017
268018
268048
268050
268052
268055
268058
268139
268140
268141
268142
268143
268144
268162
268164
268188
268189
268190
268191
268197
268199
268215
268216
268219
268221
268222
268223
268224
268225
268226
268227
268228
268229
268230
268231
268232
268233
268234
268235
268236
268239
268240
268243
268245
268246
268247
268248
268249
268256
268272
268273
268286
268289
268290
268292
268293
268294
268295
268296
268297
268299
268300
268301
268302
268303
268304
268305
268313
268314
268315
268316
268317
268318
268319
268325
268362
268363
268364
268366
268367
268368
268369
268370
268371
268372
268373
268374
268375
268376
268377
268378
268379
268380
268381
268382
268383
268386
268387
268389
268395
268405
268406
268407
268408
268409
268410
268412
268414
268415
268417
268419
268420
268422
268433
268434
268436
268448
268450
268474
268475
268476
268477
268478
268479
268480
268482
268483
268485
268488
268490
268491
268492
268493
268498
268516
268517
268518
268519
268520
268521
268522
268523
268524
268525
268526
268527
268528
268529
268530
268531
268534
268536
268537
268539
268540
268541
268542
268543
268546
268548
268582
268594
268595
268597
268599
268602
268604
268608
268609
268610
268611
268612
268642
268647
268649
268650
268651
268652
268653
268654
268655
268656
268657
268660
268661
268663
268665
268667
268668
268670
268671
268672
268673
268674
268675
268676
268693
268695
268699
268700
268701
268702
268703
268706
268707
268708
268709
268711
268719
268720
268721
268722
268723
268724
268725
268726
268728
268730
268731
268733
268738
268740
268741
268742
268743
268744
268745
268746
268747
268748
268749
268750
268751
268752
268753
268762
268763
268790
268796
268797
268798
268799
268800
268801
268805
268807
268810
268811
268812
268813
268814
268815
268816
268824
268825
268826
268827
268828
268829
268830
268831
268832
268833
268836
268846
268847
268850
268862
268864
268871
268874
268875
268876
268877
268878
268887
268888
268889
268890
268891
268892
268893
268894
268895
268896
268898
268899
268901
268905
268908
268909
268910
268911
268912
268913
268914
268915
268916
268919
268922
268923
268924
268925
268926
268927
268928
268931
268932
268933
268957
268958
268959
268960
268961
268962
268963
268965
268966
268968
268971
268972
268973
268974
268975
268976
268977
268978
268979
268980
268982
268983
268984
268985
268988
268989
268991
268992
268993
268996
268997
268999
269000
269001
269002
269003
269004
269005
269006
269007
269008
269009
269010
269011
269012
269022
269023
269025
269035
269036
269037
269039
269040
269049
269050
269052
269090
269091
269092
269093
269094
269095
269096
269097
269098
269099
269100
269101
269102
269103
269104
269106
269107
269108
269109
269110
269111
269112
269113
269114
269115
269116
269117
269118
269119
269120
269121
269122
269123
269124
269133
269134
269136
269137
269141
269143
269147
269148
269149
269150
269151
269160
269165
269167
269168
269169
269172
269173
269174
269175
269176
269177
269178
269179
269180
269181
269182
269183
269184
269185
269186
269187
269188
269190
269191
269193
269194
269195
269200
269216
269221
269223
269224
269225
269226
269227
269228
269229
269230
269231
269234
269236
269237
269238
269239
269240
269241
269242
269243
269244
269246
269248
269249
269267
269269
269273
269274
269275
269276
269278
269280
269281
269282
269283
269285
269301
269302
269304
269316
269318
269342
269343
269344
269345
269346
269347
269348
269350
269351
269353
269359
269363
269365
269366
269367
269368
269384
269385
269386
269387
269388
269389
269390
269391
269392
269393
269394
269395
269396
269397
269398
269399
269402
269403
269407
269409
269412
269414
269415
269416
269417
269418
269450
269454
269455
269456
269457
269458
269459
269460
269461
269462
269463
269465
269466
269468
269473
269475
269476
269477
269478
269479
269480
269481
269482
269483
269486
269489
269490
269491
269492
269493
269494
269495
269498
269499
269500
269518
269519
269521
269524
269525
269526
269527
269528
269529
269530
269538
269539
269540
269541
269542
269543
269544
269545
269546
269547
269549
269550
269551
269552
269554
269556
269557
269559
269560
269561
269562
269563
269564
269565
269566
269567
269570
269571
269573
269574
269575
269576
269577
269578
269579
269589
269590
269592
269602
269603
269606
269609
269610
269611
269612
269613
269622
269623
269624
269625
269626
269627
269628
269629
269631
269633
269634
269636
269640
269643
269644
269645
269646
269647
269648
269649
269650
269651
269652
269653
269654
269655
269656
269666
269667
269686
269699
269700
269701
269702
269703
269704
269708
269710
269713
269714
269715
269716
269717
269718
269719
269727
269728
269729
269730
269731
269732
269733
269741
269742
269743
269745
269749
269751
269753
269764
269767
269770
269771
269772
269774
269775
269787
269826
269841
269854
269855
269856
269859
269869
269871
269877
269878
269896
269897
269898
269899
269900
269901
269909
269910
269911
269912
269913
269914
269916
269917
269918
269919
269920
269921
269922
269923
269924
269925
269926
269927
269928
269929
269937
269939
269941
269944
269946
269948
269951
269952
269953
269956
269957
269962
269969
269972
269973
269974
269975
269976
269977
269978
269979
269980
269981
269982
269983
269984
269985
269993
269994
269995
269996
269997
269998
269999
270000
270001
270002
270003
270004
270005
270006
270007
270008
270010
270011
270012
270013
270050
270051
270053
270057
270060
270134
270135
270149
270151
270152
270154
270155
270156
270157
270158
270159
270161
270162
270163
270164
270165
270166
270167
270182
270183
270184
270185
270186
270187
270188
270193
270224
270225
270226
270228
270229
270230
270231
270232
270233
270234
270235
270236
270237
270238
270239
270240
270241
270242
270243
270244
270245
270248
270250
270251
270257
270267
270268
270269
270270
270271
270272
270274
270276
270277
270279
270281
270282
270285
270316
270317
270318
270319
270320
270321
270332
270334
270365
270366
270367
270368
270374
270376
270392
270393
270396
270397
270399
270400
270401
270402
270403
270404
270405
270406
270407
270408
270409
270410
270411
270412
270413
270415
270416
270417
270418
270419
270420
270423
270424
270431
270484
270486
270489
270560
270564
270567
270568
270569
270571
270573
270574
270575
270576
270577
270578
270579
270580
270581
270582
270583
270584
270585
270586
270587
270588
270590
270591
270592
270593
270595
270598
270601
270611
270614
270618
270625
270626
270628
270658
270659
270660
270661
270662
270663
270664
270667
270669
270673
270674
270675
270676
270677
270714
270717
270718
270720
270721
270722
270723
270724
270725
270726
270727
270728
270729
270730
270731
270732
270733
270734
270735
270736
270737
270738
270739
270740
270741
270742
270745
270746
270748
270752
270753
270756
270757
270758
270759
270760
270761
270762
270770
270771
270773
270774
270775
270786
270788
270791
270792
270793
270794
270795
270796
270797
270829
270840
270841
270842
270843
270844
270845
270846
270847
270848
270850
270851
270852
270868
270869
270870
270871
270872
270873
270874
270904
270918
270966
270967
270970
270972
270973
270974
270975
270976
270977
270978
270979
270980
270981
270982
270983
270984
270985
270986
270987
270988
270989
270990
270991
270992
270993
270994
270997
270999
271000
271002
271005
271008
271009
271010
271011
271012
271013
271014
271022
271023
271024
271026
271027
271029
271030
271031
271032
271033
271034
271035
271038
271040
271079
271092
271093
271094
271095
271096
271097
271098
271099
271100
271101
271103
271104
271106
271107
271108
271109
271110
271111
271112
271141
271145
271148
271149
271150
271152
271153
271155
271156
271157
271158
271159
271160
271161
271162
271164
271165
271166
271167
271169
271172
271173
271176
271177
271178
271179
271180
271181
271182
271193
271196
271200
271206
271207
271210
271239
271240
271241
271242
271243
271244
271245
271249
271252
271261
271262
271263
271264
271266
271275
271289
271338
271339
271342
271449
271450
271451
271452
271454
271455
271456
271457
271458
271459
271460
271461
271462
271463
271464
271465
271466
271467
271468
271469
271470
271473
271475
271477
271480
271482
271484
271486
271487
271489
271490
271506
271507
271508
271511
271522
271534
271535
271536
271537
271538
271539
271557
271610
271611
271612
271613
271614
271615
271616
271617
271618
271619
271620
271621
271622
271623
271632
271633
271634
271644
271652
271653
271654
271655
271656
271657
271658
271662
271663
271665
271667
271669
271671
271672
271673
271678
271680
271681
271682
271685
271687
271688
271689
271691
271693
271694
271695
271696
271697
271698
271699
271700
271701
271702
271703
271704
271705
271706
271707
271727
271731
271732
271734
271736
271737
271741
271742
271743
271744
271745
271746
271748
271749
271750
271751
271752
271753
271754
271755
271757
271762
271763
271764
271765
271766
271767
271768
271769
271770
271771
271772
271773
271774
271775
271776
271777
271778
271781
271782
271783
271784
271785
271786
271787
271788
271789
271790
271791
271821
271828
271835
271839
271840
271849
271863
271864
271865
271878
271885
271912
271913
271914
271915
271917
271927
271929
271930
271932
271933
271934
271935
271936
271937
271940
271942
271944
271945
271953
271954
271955
271956
271957
271958
271959
271967
271968
271970
271972
271978
271984
271987
271988
271989
271990
271991
271992
271993
271994
272002
272003
272004
272005
272006
272007
272008
272009
272010
272012
272013
272014
272015
272016
272017
272018
272020
272021
272022
272023
272024
272025
272026
272027
272028
272029
272030
272031
272032
272033
272034
272035
272036
272037
272058
272059
272060
272061
272062
272063
272064
272065
272067
272069
272070
272071
272072
272073
272074
272075
272076
272077
272078
272079
272080
272081
272082
272083
272084
272085
272086
272091
272092
272093
272094
272095
272097
272098
272099
272100
272101
272102
272103
272104
272105
272106
272107
272109
272110
272112
272120
272128
272129
272130
272131
272132
272133
272134
272135
272136
272140
272141
272142
272143
272144
272145
272146
272147
272148
272156
272157
272158
272159
272160
272162
272163
272164
272165
272166
272167
272168
272169
272170
272171
272172
272173
272174
272175
272176
272177
272180
272181
272184
272187
272190
272191
272193
272194
272195
272196
272197
272241
272242
272243
272244
272245
272246
272270
272274
272276
272277
272278
272279
272280
272281
272305
272309
272310
272311
272312
272313
272314
272315
272316
272317
272318
272319
272320
272321
272322
272323
272324
272326
272327
272328
272329
272330
272333
272334
272337
272352
272353
272354
272355
272356
272357
272358
272359
272360
272361
272362
272363
272365
272366
272367
272369
272371
272372
272387
272388
272389
272390
272391
272392
272393
272394
272395
272396
272398
272399
272400
272401
272402
272403
272404
272405
272406
272407
272408
272409
272410
272411
272412
272413
272414
272415
272418
272420
272421
272424
272431
272444
272445
272446
272448
272457
272459
272461
272463
272464
272465
272466
272467
272468
272469
272470
272478
272479
272480
272481
272482
272483
272484
272487
272490
272497
272499
272501
272502
272503
272504
272505
272506
272508
272512
272513
272516
272518
272520
272521
272522
272523
272524
272525
272526
272527
272528
272529
272530
272532
272533
272534
272535
272536
272537
272538
272539
272540
272541
272542
272543
272544
272545
272546
272547
272548
272549
272550
272551
272552
272553
272554
272555
272556
272557
272558
272559
272560
272561
272562
272563
272564
272565
272566
272567
272568
272569
272570
272571
272572
272573
272574
272575
272583
272585
272587
272589
272590
272591
272592
272593
272594
272595
272596
272597
272603
272604
272605
272606
272607
272608
272609
272610
272611
272612
272613
272614
272615
272616
272617
272627
272628
272630
272631
272633
272635
272638
272646
272647
272648
272649
272650
272651
272652
272653
272654
272655
272656
272657
272658
272659
272660
272661
272662
272663
272664
272665
272666
272667
272668
272669
272670
272671
272672
272673
272674
272675
272676
272678
272679
272680
272681
272684
272686
272687
272688
272693
272694
272695
272696
272698
272699
272700
272701
272702
272703
272704
272705
272706
272707
272708
272709
272710
272712
272713
272714
272715
272716
272717
272718
272719
272720
272721
272722
272733
272736
272737
272739
272740
272741
272742
272745
272750
272751
272752
272753
272754
272755
272756
272757
272758
272759
272760
272761
272762
272763
272765
272766
272767
272768
272769
272770
272771
272772
272773
272775
272776
272777
272778
272779
272780
272781
272783
272784
272785
272786
272787
272788
272789
272790
272791
272792
272793
272794
272795
272796
272797
272798
272799
272800
272801
272803
272804
272805
272806
272807
272808
272809
272810
272811
272812
272813
272814
272815
272817
272818
272819
272820
272821
272822
272823
272824
272825
272826
272827
272838
272840
272842
272844
272845
272847
272848
272849
272850
272851
272852
272853
272855
272857
272862
272863
272864
272865
272866
272867
272868
272869
272870
272871
272872
272873
272874
272875
272876
272877
272878
272880
272881
272882
272883
272884
272885
272886
272888
272889
272890
272891
272892
272893
272894
272895
272896
272897
272905
272908
272910
272911
272912
272913
272914
272915
272916
272917
272918
272919
272925
272926
272927
272928
272929
272930
272931
272932
272933
272934
272935
272936
272937
272938
272939
272949
272950
272951
272952
272961
272962
272963
272964
272965
272966
272967
272969
272971
272973
272975
272976
272977
272978
272979
272980
272981
272982
272983
272984
272985
272986
272987
272988
272989
272990
272991
272992
272993
272994
272995
272996
272997
272999
273000
273001
273002
273003
273006
273008
273009
273010
273015
273016
273017
273018
273019
273020
273021
273022
273023
273024
273025
273026
273027
273028
273029
273030
273031
273032
273033
273034
273035
273036
273037
273038
273039
273040
273042
273043
273044
273045
273047
273050
273052
273056
273059
273060
273061
273062
273063
273064
273065
273066
273067
273068
273069
273070
273071
273072
273102
273105
273110
273113
273123
273124
273125
273126
273127
273128
273136
273137
273138
273139
273140
273141
273143
273144
273145
273146
273147
273148
273149
273150
273151
273152
273153
273154
273155
273156
273164
273166
273169
273171
273173
273175
273178
273179
273180
273181
273182
273183
273184
273185
273186
273187
273188
273189
273190
273191
273192
273194
273195
273196
273197
273198
273200
273202
273205
273220
273221
273222
273223
273224
273225
273226
273227
273228
273229
273230
273231
273233
273234
273235
273237
273239
273240
273255
273256
273257
273258
273259
273260
273261
273262
273263
273265
273266
273267
273268
273269
273270
273271
273272
273273
273274
273275
273276
273279
273281
273282
273283
273284
273285
273286
273287
273288
273289
273291
273299
273312
273313
273314
273316
273325
273328
273329
273331
273332
273333
273334
273335
273336
273337
273338
273346
273347
273348
273349
273350
273351
273352
273359
273362
273364
273374
273375
273376
273377
273378
273379
273381
273382
273383
273384
273385
273386
273387
273388
273389
273390
273391
273392
273393
273394
273395
273398
273399
273402
273405
273406
273409
273411
273412
273413
273414
273415
273459
273460
273461
273462
273463
273464
273481
273485
273494
273495
273496
273497
273498
273499
273516
273520
273528
273530
273531
273532
273533
273534
273535
273538
273540
273542
273545
273547
273549
273550
273551
273552
273554
273555
273556
273557
273558
273559
273560
273561
273562
273563
273564
273565
273566
273567
273568
273569
273570
273571
273572
273573
273574
273575
273576
273577
273578
273579
273580
273581
273582
273583
273584
273585
273586
273587
273588
273589
273590
273591
273592
273593
273594
273595
273596
273597
273617
273621
273622
273623
273626
273627
273631
273632
273633
273634
273635
273636
273637
273638
273640
273641
273642
273643
273644
273645
273647
273652
273653
273654
273655
273656
273657
273658
273659
273660
273661
273662
273663
273664
273665
273666
273667
273668
273671
273672
273673
273674
273675
273676
273677
273678
273679
273680
273681
273731
273732
273733
273734
273735
273736
273737
273738
273739
273740
273741
273742
273743
273744
273753
273754
273755
273765
273773
273774
273775
273776
273777
273778
273779
273783
273784
273786
273788
273790
273791
273793
273794
273799
273801
273802
273803
273805
273808
273809
273811
273813
273814
273815
273816
273817
273818
273819
273820
273821
273829
273830
273831
273832
273833
273834
273835
273844
273858
273859
273860
273872
273880
273900
273901
273902
273903
273904
273922
273924
273925
273927
273928
273929
273930
273931
273932
273935
273937
273938
273940
273948
273949
273950
273951
273952
273953
273954
273962
273963
273964
273967
273973
273978
273980
273983
273984
273985
273986
273987
273988
273989
273990
273991
273992
273993
273994
273995
273996
274004
274005
274007
274008
274009
274010
274011
274012
274013
274015
274016
274017
274018
274019
274020
274021
274022
274023
274024
274025
274026
274027
274028
274029
274030
274031
274032
274075
274082
274089
274092
274094
274151
274152
274153
274154
274155
274156
274157
274158
274159
274160
274161
274162
274163
274164
274173
274174
274175
274185
274193
274194
274195
274196
274197
274198
274199
274203
274204
274206
274208
274210
274212
274213
274214
274219
274221
274222
274223
274226
274228
274229
274230
274232
274234
274235
274236
274237
274238
274239
274240
274241
274242
274243
274244
274245
274246
274247
274248
274291
274292
274293
274294
274296
274297
274298
274299
274300
274301
274302
274303
274304
274305
274306
274307
274308
274309
274310
274311
274312
274315
274317
274319
274322
274324
274326
274328
274329
274331
274332
274348
274349
274350
274353
274364
274376
274377
274378
274379
274380
274381
274399
274412
274413
274415
274422
274424
274425
274426
274427
274429
274430
274431
274432
274436
274437
274438
274439
274440
274441
274442
274443
274445
274449
274451
274452
274453
274454
274455
274456
274457
274458
274459
274460
274461
274462
274463
274464
274465
274466
274469
274470
274471
274472
274473
274474
274475
274476
274477
274478
274479
274502
274509
274516
274520
274521
274537
274551
274552
274553
274566
274568
274569
274571
274572
274573
274574
274575
274576
274579
274581
274583
274584
274592
274593
274594
274595
274596
274597
274598
274608
274615
274642
274643
274644
274645
274647
274655
274656
274658
274659
274660
274661
274662
274663
274664
274666
274667
274668
274669
274670
274671
274672
274673
274674
274675
274676
274677
274678
274679
274680
274681
274682
274683
274690
274691
274693
274695
274701
274707
274710
274711
274712
274713
274714
274715
274716
274717
274725
274726
274727
274728
274729
274730
274731
274747
274751
274752
274755
274759
274762
274766
274767
274768
274769
274770
274771
274772
274773
274788
274789
274790
274791
274793
274794
274795
274796
274798
274800
274801
274802
274803
274804
274805
274806
274807
274808
274812
274815
274822
274823
274824
274825
274826
274828
274829
274830
274831
274833
274835
274836
274837
274838
274839
274840
274841
274842
274843
274847
274850
274857
274858
274859
274860
274862
274863
274864
274865
274866
274867
274868
274869
274870
274871
274872
274876
274877
274878
274879
274880
274881
274883
274884
274885
274886
274887
274888
274889
274890
274891
274892
274893
274897
274898
274899
274900
274901
274902
274903
274904
274905
274906
274907
274909
274910
274911
274914
274916
274917
274919
274920
274921
274923
274924
274926
274927
274928
274929
274930
274931
274932
274933
274934
274935
274936
274937
274938
274939
274940
274941
274944
274947
274948
274952
274955
274958
274961
274970
274971
274972
274973
274974
274975
274976
274984
274985
274986
274987
274989
274990
274991
274992
274994
274996
274997
274998
274999
275000
275001
275002
275003
275004
275011
275015
275017
275019
275020
275021
275022
275024
275025
275026
275027
275028
275030
275031
275033
275034
275035
275036
275037
275038
275039
275045
275050
275052
275054
275055
275057
275058
275059
275060
275061
275062
275063
275064
275065
275066
275067
275068
275072
275073
275074
275075
275076
275077
275079
275080
275081
275082
275083
275084
275085
275086
275087
275088
275089
275093
275094
275095
275096
275097
275098
275099
275100
275101
275102
275119
275120
275122
275128
275131
275132
275133
275134
275136
275137
275138
275139
275142
275143
275145
275146
275147
275148
275149
275150
275152
275156
275157
275159
275160
275161
275162
275163
275164
275165
275166
275167
275168
275169
275170
275171
275172
275173
275176
275177
275178
275179
275180
275181
275182
275183
275184
275185
275186
275222
275223
275224
275225
275227
275228
275229
275230
275231
275232
275233
275234
275235
275236
275237
275238
275239
275240
275241
275242
275243
275246
275248
275250
275252
275253
275254
275256
275257
275260
275263
275279
275280
275281
275283
275295
275307
275308
275309
275310
275311
275312
275323
275356
275363
275370
275373
275375
275384
275398
275399
275400
275412
275415
275416
275418
275419
275420
275421
275422
275423
275426
275427
275429
275431
275432
275433
275434
275435
275436
275437
275438
275455
275462
275489
275490
275491
275492
275494
275502
275503
275504
275506
275507
275508
275509
275510
275511
275513
275514
275515
275516
275517
275518
275519
275520
275521
275522
275523
275524
275525
275526
275527
275528
275529
275530
275537
275538
275540
275542
275548
275554
275557
275558
275559
275560
275561
275562
275563
275564
275572
275573
275574
275575
275576
275577
275578
275622
275624
275627
275684
275685
275686
275687
275688
275689
275690
275691
275693
275695
275696
275697
275698
275699
275700
275701
275702
275703
275704
275705
275706
275707
275708
275709
275710
275711
275712
275717
275718
275719
275720
275721
275723
275724
275725
275726
275727
275728
275729
275730
275731
275732
275733
275735
275736
275738
275746
275754
275755
275756
275757
275758
275759
275760
275761
275762
275766
275767
275768
275769
275770
275771
275772
275773
275774
275782
275783
275784
275785
275786
275787
275788
275789
275790
275791
275792
275793
275795
275796
275797
275798
275799
275800
275801
275802
275803
275805
275807
275810
275812
275813
275814
275815
275816
275817
275820
275823
275853
275854
275855
275856
275857
275858
275882
275886
275902
275903
275904
275905
275906
275907
275924
275928
275936
275938
275939
275940
275941
275942
275943
275945
275949
275950
275953
275955
275957
275958
275959
275960
275961
275962
275963
275964
275965
275966
275967
275969
275970
275971
275972
275973
275974
275975
275976
275977
275978
275979
275980
275981
275982
275983
275984
275985
275986
275987
275988
275989
275990
275991
275992
275993
275994
275995
275996
275997
275998
275999
276000
276001
276002
276003
276004
276005
276006
276007
276008
276009
276010
276011
276012
276013
276014
276015
276016
276017
276018
276019
276020
276022
276023
276024
276025
276026
276029
276030
276033
276048
276049
276050
276051
276052
276053
276054
276055
276056
276057
276058
276059
276061
276062
276063
276065
276067
276068
276083
276084
276085
276086
276087
276088
276089
276090
276091
276092
276094
276095
276096
276097
276098
276099
276100
276101
276102
276103
276104
276105
276106
276107
276108
276109
276110
276111
276114
276116
276117
276120
276127
276140
276141
276142
276144
276153
276155
276157
276159
276160
276161
276162
276163
276164
276165
276166
276174
276175
276176
276177
276178
276179
276180
276183
276186
276193
276195
276196
276197
276198
276199
276200
276201
276202
276203
276204
276205
276206
276207
276208
276209
276210
276211
276212
276213
276214
276215
276216
276218
276219
276220
276221
276222
276223
276226
276229
276230
276236
276244
276245
276246
276247
276248
276249
276250
276251
276252
276253
276254
276255
276256
276257
276279
276280
276281
276282
276283
276284
276286
276287
276288
276289
276290
276291
276292
276293
276294
276295
276296
276297
276298
276299
276307
276309
276312
276314
276316
276318
276323
276325
276330
276332
276343
276344
276345
276346
276347
276348
276356
276357
276358
276359
276360
276361
276362
276363
276365
276367
276368
276369
276370
276371
276372
276373
276374
276375
276376
276377
276378
276379
276380
276381
276382
276383
276384
276388
276389
276391
276392
276393
276394
276395
276396
276397
276398
276399
276400
276402
276403
276404
276405
276407
276408
276410
276417
276426
276427
276428
276429
276430
276431
276432
276433
276434
276435
276436
276437
276438
276439
276440
276441
276444
276445
276447
276449
276450
276451
276452
276453
276454
276456
276459
276461
276463
276466
276468
276469
276470
276471
276472
276473
276474
276475
276476
276477
276478
276479
276480
276481
276482
276483
276484
276485
276486
276487
276489
276490
276491
276492
276493
276494
276495
276496
276497
276498
276499
276500
276501
276502
276503
276504
276505
276506
276507
276508
276509
276510
276511
276512
276513
276514
276515
276516
276524
276525
276526
276527
276528
276529
276530
276531
276532
276533
276534
276535
276537
276538
276539
276540
276541
276542
276543
276544
276545
276547
276549
276552
276554
276555
276556
276557
276558
276559
276562
276565
276595
276596
276597
276598
276599
276600
276624
276626
276644
276645
276646
276647
276648
276649
276659
276661
276678
276679
276680
276681
276682
276683
276684
276685
276686
276687
276688
276689
276690
276691
276692
276694
276695
276696
276697
276698
276700
276702
276705
276720
276721
276722
276723
276724
276725
276726
276727
276728
276729
276730
276731
276733
276734
276735
276737
276739
276740
276755
276756
276757
276758
276759
276760
276761
276762
276763
276764
276766
276767
276768
276769
276770
276771
276772
276773
276774
276775
276776
276777
276778
276779
276780
276781
276782
276783
276786
276788
276789
276791
276799
276812
276813
276814
276816
276825
276827
276829
276831
276832
276833
276834
276835
276836
276837
276838
276846
276847
276848
276849
276850
276851
276852
276855
276858
276865
276875
276877
276880
276951
276955
276958
276959
276960
276962
276964
276965
276966
276967
276968
276969
276970
276971
276972
276973
276974
276975
276976
276977
276978
276979
276981
276982
276983
276984
276986
276989
276992
277002
277005
277009
277016
277017
277019
277049
277050
277051
277052
277053
277054
277055
277058
277060
277064
277065
277066
277067
277068
277077
277080
277081
277083
277084
277085
277086
277087
277088
277089
277090
277091
277092
277093
277094
277095
277096
277097
277098
277099
277100
277101
277102
277103
277104
277105
277108
277109
277111
277142
277144
277147
277148
277149
277150
277151
277152
277153
277154
277155
277157
277158
277159
277175
277176
277177
277178
277179
277180
277181
277184
277186
277213
277224
277225
277226
277227
277228
277229
277230
277231
277232
277234
277235
277236
277252
277253
277254
277255
277256
277257
277258
277295
277309
277329
277330
277331
277332
277333
277334
277335
277343
277344
277345
277346
277347
277348
277349
277350
277352
277354
277356
277357
277358
277359
277360
277361
277362
277363
277364
277370
277371
277372
277373
277374
277375
277376
277377
277378
277379
277380
277381
277382
277383
277384
277385
277386
277387
277388
277389
277390
277391
277401
277402
277404
277405
277407
277409
277412
277420
277421
277422
277423
277424
277425
277426
277427
277428
277429
277430
277431
277432
277433
277434
277435
277436
277438
277439
277440
277441
277444
277446
277447
277448
277453
277454
277455
277456
277458
277459
277460
277461
277462
277463
277464
277465
277466
277467
277468
277469
277470
277472
277473
277474
277475
277476
277477
277478
277479
277480
277481
277482
277493
277496
277497
277499
277500
277501
277502
277505
277510
277511
277512
277513
277514
277515
277516
277517
277518
277519
277520
277521
277522
277523
277525
277526
277527
277528
277529
277530
277531
277532
277533
277535
277536
277537
277538
277539
277540
277541
277543
277544
277545
277546
277547
277548
277549
277550
277551
277552
277553
277554
277555
277556
277557
277558
277559
277560
277561
277562
277563
277564
277565
277566
277574
277575
277576
277577
277578
277579
277580
277581
277583
277585
277586
277588
277589
277590
277591
277592
277593
277594
277595
277600
277602
277603
277604
277605
277606
277607
277608
277609
277610
277611
277612
277613
277614
277615
277616
277617
277618
277619
277620
277621
277622
277632
277633
277634
277635
277637
277638
277639
277640
277641
277642
277643
277652
277654
277656
277658
277659
277660
277661
277662
277663
277664
277665
277666
277667
277669
277670
277671
277672
277674
277676
277677
277679
277683
277684
277686
277687
277689
277690
277691
277692
277693
277694
277695
277696
277697
277698
277699
277700
277701
277703
277704
277705
277706
277707
277708
277709
277710
277711
277712
277713
277723
277726
277728
277730
277731
277732
277733
277735
277736
277737
277738
277739
277740
277741
277743
277747
277749
277750
277751
277752
277753
277754
277756
277757
277758
277759
277760
277761
277762
277763
277764
277765
277767
277768
277769
277770
277771
277772
277774
277775
277776
277777
277780
277781
277783
277784
277785
277786
277787
277788
277789
277790
277791
277792
277793
277794
277795
277796
277797
277798
277801
277802
277804
277805
277806
277807
277808
277809
277810
277811
277842
277844
277847
277848
277849
277850
277851
277852
277853
277854
277855
277856
277858
277859
277870
277872
277875
277876
277877
277878
277879
277880
277881
277912
277924
277925
277926
277927
277928
277929
277930
277931
277932
277933
277935
277936
277945
277946
277947
277948
277949
277950
277951
277995
278009
278057
278058
278061
278063
278064
278065
278066
278067
278068
278069
278070
278071
278072
278073
278074
278075
278076
278077
278078
278079
278080
278081
278082
278083
278084
278085
278088
278090
278091
278093
278096
278099
278100
278101
278102
278103
278104
278105
278113
278114
278115
278117
278118
278120
278121
278122
278123
278124
278125
278126
278129
278131
278170
278183
278184
278185
278186
278187
278188
278189
278190
278191
278192
278194
278195
278197
278198
278199
278200
278201
278202
278203
278218
278222
278225
278226
278227
278229
278230
278232
278233
278234
278235
278236
278237
278238
278239
278241
278242
278243
278244
278246
278249
278250
278253
278254
278255
278256
278257
278258
278259
278283
278286
278291
278297
278298
278301
278330
278331
278332
278333
278334
278335
278336
278340
278343
278352
278353
278354
278355
278357
278366
278380
278421
278422
278423
278424
278425
278426
278427
278428
278429
278430
278431
278432
278433
278434
278435
278436
278437
278439
278440
278441
278442
278443
278444
278445
278446
278447
278448
278449
278450
278452
278453
278454
278455
278456
278457
278458
278459
278460
278461
278462
278473
278475
278477
278479
278480
278482
278483
278484
278485
278486
278487
278488
278490
278492
278497
278498
278499
278500
278501
278502
278503
278504
278505
278506
278507
278508
278509
278510
278511
278512
278513
278515
278516
278517
278518
278519
278520
278521
278523
278524
278525
278526
278527
278528
278529
278530
278531
278532
278540
278543
278545
278546
278547
278548
278549
278550
278551
278552
278553
278554
278560
278561
278562
278563
278564
278565
278566
278567
278568
278569
278570
278571
278572
278573
278574
278584
278585
278586
278587
278596
278597
278598
278599
278600
278601
278602
278604
278606
278608
278610
278611
278612
278613
278614
278615
278616
278617
278618
278619
278620
278621
278622
278623
278624
278625
278626
278627
278628
278629
278630
278631
278632
278634
278635
278636
278637
278638
278641
278643
278644
278645
278650
278651
278652
278653
278654
278655
278656
278657
278658
278659
278660
278661
278662
278663
278664
278665
278666
278667
278668
278670
278671
278672
278673
278674
278675
278676
278677
278678
278679
278680
278681
278683
278684
278685
278686
278687
278688
278689
278690
278691
278692
278693
278703
278705
278708
278710
278711
278712
278713
278715
278716
278717
278718
278719
278720
278721
278723
278727
278729
278730
278731
278732
278733
278734
278736
278737
278738
278739
278740
278741
278742
278743
278744
278745
278747
278748
278749
278750
278751
278752
278754
278755
278756
278757
278758
278759
278760
278761
278762
278763
278771
278773
278775
278776
278778
278779
278780
278781
278782
278783
278784
278785
278790
278792
278793
278794
278795
278796
278797
278798
278799
278800
278801
278802
278803
278804
278805
278815
278816
278817
278818
278820
278821
278822
278823
278824
278825
278826
278835
278837
278839
278841
278842
278843
278844
278845
278846
278847
278848
278849
278850
278851
278852
278853
278854
278855
278856
278857
278858
278859
278860
278861
278862
278863
278864
278866
278867
278868
278869
278871
278873
278874
278876
278880
278881
278883
278887
278890
278891
278893
278894
278895
278897
278898
278899
278900
278901
278902
278903
278904
278907
278908
278911
278913
278914
278915
278916
278918
278919
278920
278921
278922
278923
278924
278949
278952
278955
278962
278963
278965
278995
278996
278997
278998
278999
279000
279001
279004
279006
279017
279018
279019
279020
279021
279031
279045
279094
279095
279098
279170
279171
279172
279173
279174
279175
279176
279177
279178
279179
279180
279181
279182
279183
279184
279185
279186
279187
279188
279189
279190
279191
279192
279193
279195
279196
279197
279198
279200
279203
279205
279209
279212
279213
279214
279215
279216
279217
279218
279219
279220
279221
279222
279223
279224
279225
279255
279258
279263
279266
279276
279277
279278
279279
279280
279281
279289
279290
279291
279292
279293
279294
279296
279297
279298
279299
279300
279301
279302
279303
279304
279305
279306
279307
279308
279309
279317
279319
279322
279324
279326
279328
279331
279332
279333
279334
279335
279336
279337
279338
279339
279340
279341
279342
279343
279344
279345
279347
279348
279349
279350
279351
279353
279354
279357
279366
279367
279368
279369
279370
279371
279372
279380
279381
279382
279383
279384
279385
279387
279388
279390
279392
279393
279394
279395
279396
279397
279398
279399
279400
279401
279402
279404
279405
279406
279407
279408
279409
279410
279411
279412
279413
279414
279415
279418
279420
279421
279422
279423
279424
279425
279426
279427
279428
279444
279452
279465
279466
279467
279469
279478
279480
279482
279483
279485
279486
279487
279488
279489
279490
279491
279492
279493
279494
279495
279496
279497
279498
279511
279515
279517
279527
279528
279529
279530
279531
279532
279534
279535
279536
279537
279538
279539
279540
279541
279542
279543
279544
279545
279546
279547
279548
279551
279552
279555
279558
279559
279562
279564
279565
279566
279567
279568
279612
279613
279614
279615
279616
279617
279634
279638
279647
279648
279649
279650
279651
279652
279669
279673
279681
279683
279684
279685
279686
279687
279688
279691
279693
279695
279698
279700
279702
279703
279704
279705
279707
279708
279709
279710
279711
279712
279713
279714
279715
279716
279717
279718
279719
279720
279721
279722
279723
279724
279725
279726
279727
279728
279729
279730
279731
279732
279733
279734
279735
279736
279737
279738
279739
279740
279741
279742
279743
279744
279745
279746
279747
279748
279749
279750
279751
279752
279753
279754
279755
279756
279757
279758
279761
279762
279763
279764
279765
279766
279767
279768
279769
279770
279771
279772
279773
279774
279775
279776
279777
279778
279779
279784
279785
279786
279787
279788
279790
279791
279792
279793
279794
279795
279796
279797
279798
279799
279800
279802
279803
279804
279812
279821
279822
279826
279827
279828
279829
279830
279831
279832
279833
279834
279835
279836
279837
279838
279839
279840
279841
279842
279843
279844
279845
279846
279847
279848
279849
279850
279851
279852
279853
279854
279855
279856
279857
279858
279859
279860
279861
279862
279863
279864
279865
279867
279868
279869
279870
279872
279875
279877
279881
279884
279885
279886
279887
279888
279889
279890
279891
279892
279893
279894
279895
279896
279897
279927
279930
279935
279938
279948
279949
279950
279951
279952
279953
279961
279962
279963
279964
279965
279966
279968
279969
279970
279971
279972
279973
279974
279975
279976
279977
279978
279979
279980
279981
279989
279991
279993
279996
279998
280000
280003
280004
280005
280006
280007
280008
280009
280010
280011
280012
280013
280014
280015
280016
280017
280019
280020
280021
280022
280023
280025
280026
280029
280038
280039
280040
280041
280042
280043
280044
280052
280053
280055
280057
280058
280059
280060
280061
280062
280063
280064
280066
280067
280068
280069
280070
280071
280072
280073
280074
280075
280077
280078
280079
280080
280081
280082
280083
280084
280085
280086
280087
280088
280089
280090
280091
280092
280093
280094
280097
280099
280100
280116
280124
280137
280138
280139
280141
280150
280151
280154
280155
280157
280158
280159
280160
280161
280162
280163
280164
280165
280166
280167
280168
280169
280170
280180
280182
280189
280192
280194
280195
280196
280197
280198
280199
280202
280203
280206
280209
280210
280213
280214
280215
280216
280217
280218
280220
280221
280222
280223
280224
280225
280226
280227
280228
280229
280230
280231
280232
280233
280234
280235
280236
280237
280238
280239
280240
280241
280242
280243
280244
280245
280246
280247
280248
280249
280250
280251
280252
280253
280254
280255
280256
280257
280258
280259
280260
280261
280269
280270
280271
280272
280273
280274
280276
280277
280278
280279
280280
280281
280282
280283
280284
280285
280286
280287
280288
280289
280290
280293
280294
280297
280300
280301
280304
280306
280307
280308
280309
280310
280354
280355
280356
280357
280358
280359
280376
280378
280389
280390
280391
280392
280393
280394
280411
280413
280449
280453
280454
280455
280458
280459
280463
280464
280465
280466
280467
280468
280469
280470
280472
280473
280474
280475
280476
280477
280479
280484
280485
280486
280487
280488
280489
280490
280491
280492
280493
280494
280495
280496
280497
280498
280499
280500
280503
280504
280505
280506
280507
280508
280509
280510
280511
280512
280513
280549
280550
280551
280552
280553
280554
280555
280556
280557
280558
280559
280560
280561
280562
280592
280593
280594
280603
280612
280613
280614
280615
280616
280617
280618
280621
280623
280624
280627
280629
280630
280632
280633
280638
280640
280641
280642
280644
280647
280648
280650
280652
280653
280654
280655
280656
280657
280658
280659
280660
280668
280669
280670
280671
280672
280673
280674
280683
280697
280698
280699
280711
280719
280739
280740
280741
280742
280743
280761
280763
280764
280766
280767
280768
280769
280770
280771
280774
280776
280777
280779
280787
280788
280789
280790
280791
280792
280793
280801
280802
280803
280806
280812
280817
280819
280822
280823
280824
280825
280826
280827
280828
280829
280830
280831
280832
280833
280834
280835
280843
280844
280846
280847
280848
280849
280850
280851
280852
280854
280855
280856
280857
280858
280859
280860
280861
280862
280863
280864
280865
280866
280867
280868
280869
280870
280871
280914
280921
280928
280931
280933
280941
280943
280944
280945
280948
280950
280951
280953
280954
280955
280957
280958
280960
280961
280962
280963
280964
280965
280966
280967
280968
280969
280970
280971
280972
280973
280974
280975
280978
280981
280982
280986
280989
280992
280995
281004
281005
281006
281007
281008
281009
281010
281018
281019
281020
281021
281023
281024
281025
281026
281028
281030
281031
281032
281033
281034
281035
281036
281037
281038
281045
281049
281051
281053
281054
281055
281056
281058
281059
281060
281061
281062
281064
281065
281067
281068
281069
281070
281071
281072
281073
281079
281084
281086
281088
281089
281091
281092
281093
281094
281095
281096
281097
281098
281099
281100
281101
281102
281106
281107
281108
281109
281110
281111
281113
281114
281115
281116
281117
281118
281119
281120
281121
281122
281123
281127
281128
281129
281130
281131
281132
281133
281134
281135
281136
281137
281139
281140
281141
281144
281146
281147
281148
281149
281151
281153
281154
281155
281156
281158
281159
281160
281161
281162
281163
281164
281165
281166
281167
281168
281169
281170
281171
281173
281177
281178
281181
281184
281188
281191
281193
281194
281195
281196
281197
281198
281199
281214
281215
281216
281217
281219
281220
281221
281222
281223
281225
281226
281228
281229
281230
281231
281232
281233
281234
281240
281245
281247
281249
281250
281251
281252
281254
281255
281256
281257
281258
281260
281261
281263
281264
281265
281266
281267
281268
281269
281275
281280
281282
281284
281285
281286
281288
281289
281290
281291
281292
281293
281294
281295
281296
281297
281298
281302
281303
281304
281305
281306
281307
281309
281310
281311
281312
281313
281314
281315
281316
281317
281318
281319
281323
281324
281325
281354
281355
281356
281357
281359
281360
281361
281362
281363
281364
281365
281366
281367
281368
281369
281370
281371
281372
281373
281374
281375
281377
281378
281379
281381
281382
281385
281387
281389
281392
281394
281418
281419
281420
281421
281427
281446
281447
281448
281449
281450
281451
281462
281501
281502
281503
281504
281505
281506
281507
281508
281509
281510
281511
281512
281513
281514
281544
281545
281546
281555
281564
281565
281566
281567
281568
281569
281570
281572
281574
281575
281577
281580
281582
281583
281585
281590
281592
281593
281594
281596
281599
281600
281601
281603
281605
281606
281607
281608
281609
281610
281611
281612
281613
281614
281615
281616
281617
281618
281619
281635
281649
281650
281651
281664
281672
281698
281699
281700
281701
281702
281713
281715
281716
281718
281719
281720
281721
281722
281724
281726
281727
281729
281730
281739
281740
281741
281742
281743
281744
281745
281753
281754
281755
281758
281764
281769
281771
281774
281775
281776
281777
281778
281779
281780
281781
281782
281783
281784
281785
281786
281787
281795
281796
281797
281799
281800
281801
281802
281803
281804
281806
281807
281808
281809
281810
281811
281812
281813
281814
281815
281816
281817
281818
281819
281820
281821
281822
281823
281873
281880
281887
281890
281891
281909
281910
281912
281918
281921
281922
281923
281924
281926
281927
281928
281929
281932
281933
281935
281936
281937
281938
281939
281940
281942
281946
281947
281949
281950
281951
281952
281953
281954
281955
281956
281957
281958
281959
281960
281961
281962
281963
281966
281967
281968
281969
281970
281971
281972
281973
281974
281975
281976
282012
282013
282014
282015
282017
282018
282019
282020
282021
282022
282023
282024
282025
282026
282027
282028
282029
282030
282031
282032
282033
282036
282038
282040
282042
282043
282044
282046
282047
282050
282053
282076
282077
282078
282080
282092
282104
282105
282106
282107
282108
282109
282120
282153
282160
282167
282170
282172
282181
282195
282196
282197
282209
282212
282213
282215
282216
282217
282218
282219
282220
282223
282224
282226
282228
282229
282230
282231
282232
282233
282234
282235
282252
282259
282286
282287
282288
282289
282291
282299
282300
282301
282303
282304
282305
282306
282307
282308
282310
282311
282312
282313
282314
282315
282316
282317
282318
282319
282320
282321
282322
282323
282324
282325
282326
282327
282334
282335
282337
282339
282345
282351
282354
282355
282356
282357
282358
282359
282360
282361
282369
282370
282371
282372
282373
282374
282375
282397
282398
282399
282400
282401
282402
282403
282404
282405
282406
282407
282408
282409
282410
282411
282412
282413
282414
282415
282416
282417
282418
282420
282421
282422
282423
282424
282425
282428
282431
282432
282438
282446
282447
282448
282449
282450
282451
282452
282453
282454
282455
282456
282457
282458
282459
282481
282482
282483
282484
282485
282486
282488
282489
282490
282491
282492
282493
282494
282495
282496
282497
282498
282499
282500
282501
282509
282511
282514
282516
282518
282520
282525
282527
282532
282534
282545
282546
282547
282548
282549
282550
282558
282559
282560
282561
282562
282563
282564
282565
282567
282569
282570
282571
282572
282573
282574
282575
282576
282577
282578
282579
282580
282581
282582
282583
282584
282585
282586
282590
282591
282593
282594
282595
282596
282597
282598
282599
282600
282601
282602
282604
282605
282606
282607
282609
282610
282612
282619
282628
282629
282630
282631
282632
282633
282634
282635
282636
282637
282638
282639
282640
282641
282642
282643
282646
282647
282649
282651
282652
282653
282654
282655
282656
282658
282661
282663
282665
282668
282670
282671
282672
282673
282674
282675
282676
282677
282678
282679
282680
282681
282682
282683
282684
282685
282686
282687
282688
282689
282691
282692
282693
282694
282695
282696
282697
282698
282699
282700
282701
282702
282703
282704
282705
282706
282707
282708
282709
282710
282711
282712
282713
282714
282715
282716
282717
282718
282726
282727
282728
282729
282730
282731
282732
282733
282734
282735
282736
282737
282739
282740
282741
282742
282743
282744
282745
282746
282747
282749
282751
282754
282756
282757
282758
282759
282760
282761
282764
282767
282797
282798
282799
282800
282801
282802
282826
282828
282846
282847
282848
282849
282850
282851
282861
282863
282880
282881
282882
282883
282884
282885
282886
282887
282888
282889
282890
282891
282892
282893
282894
282896
282897
282898
282899
282900
282902
282903
282906
282915
282916
282917
282918
282919
282920
282921
282929
282930
282931
282932
282933
282934
282936
282937
282939
282941
282942
282943
282944
282945
282946
282947
282948
282949
282950
282951
282952
282954
282955
282956
282957
282958
282959
282960
282961
282962
282963
282964
282965
282966
282967
282968
282969
282970
282971
282974
282976
282977
282993
283001
283014
283015
283016
283018
283027
283028
283031
283032
283034
283035
283036
283037
283038
283039
283040
283041
283042
283043
283044
283045
283046
283047
283057
283060
283066
283069
283070
283071
283072
283073
283074
283075
283076
283077
283078
283079
283080
283081
283082
283083
283084
283085
283086
283087
283088
283089
283097
283098
283099
283100
283101
283102
283103
283104
283106
283108
283109
283111
283112
283113
283114
283115
283116
283117
283118
283123
283125
283126
283127
283128
283129
283130
283131
283132
283133
283134
283135
283136
283137
283138
283139
283140
283141
283142
283143
283144
283145
283155
283156
283157
283158
283160
283161
283162
283163
283164
283165
283166
283175
283177
283179
283181
283182
283183
283184
283185
283186
283187
283188
283189
283190
283192
283193
283194
283195
283197
283199
283200
283202
283206
283207
283209
283210
283211
283213
283214
283215
283216
283217
283218
283219
283220
283221
283222
283223
283224
283226
283227
283228
283229
283230
283231
283232
283233
283234
283235
283236
283246
283249
283251
283253
283254
283255
283256
283258
283259
283260
283261
283262
283263
283264
283266
283270
283272
283273
283274
283275
283276
283277
283279
283280
283281
283282
283283
283284
283285
283286
283287
283288
283290
283291
283292
283293
283294
283295
283297
283298
283299
283300
283301
283302
283303
283304
283305
283306
283307
283308
283309
283310
283311
283312
283313
283314
283315
283316
283318
283319
283320
283321
283322
283323
283324
283325
283326
283327
283328
283329
283331
283332
283333
283334
283335
283336
283337
283338
283339
283340
283341
283351
283353
283356
283358
283359
283360
283361
283363
283364
283365
283366
283367
283368
283369
283371
283375
283377
283378
283379
283380
283381
283382
283384
283385
283386
283387
283388
283389
283390
283391
283392
283393
283395
283396
283397
283398
283399
283400
283402
283403
283404
283405
283406
283407
283408
283409
283410
283411
283419
283420
283421
283422
283423
283424
283425
283426
283428
283430
283431
283433
283434
283435
283436
283437
283438
283439
283440
283445
283447
283448
283449
283450
283451
283452
283453
283454
283455
283456
283457
283458
283459
283460
283461
283462
283463
283464
283465
283466
283467
283477
283478
283479
283480
283482
283483
283484
283485
283486
283487
283488
283497
283499
283501
283503
283504
283505
283506
283507
283508
283509
283510
283511
283512
283514
283515
283516
283517
283519
283521
283522
283524
283528
283529
283531
283532
283533
283534
283535
283536
283537
283538
283541
283542
283543
283544
283545
283546
283547
283548
283549
283550
283551
283552
283553
283554
283555
283556
283557
283558
283559
283564
283565
283566
283567
283568
283570
283571
283572
283573
283574
283575
283576
283577
283578
283579
283580
283582
283583
283584
283592
283601
283602
283606
283607
283608
283609
283610
283611
283612
283613
283614
283615
283616
283617
283618
283619
283620
283621
283622
283623
283624
283625
283626
283627
283628
283629
283630
283631
283632
283633
283634
283635
283636
283637
283638
283639
283640
283641
283642
283643
283644
283645
283647
283648
283649
283650
283652
283655
283657
283661
283664
283665
283666
283667
283668
283669
283670
283671
283672
283673
283674
283675
283676
283677
283706
283707
283708
283709
283710
283711
283713
283714
283715
283716
283717
283718
283719
283720
283721
283722
283723
283724
283725
283726
283734
283736
283738
283741
283743
283745
283749
283752
283757
283760
283770
283771
283772
283773
283774
283775
283783
283785
283786
283787
283788
283789
283790
283793
283794
283797
283800
283801
283804
283805
283806
283807
283808
283809
283811
283812
283813
283814
283815
283816
283817
283818
283819
283820
283821
283822
283823
283824
283825
283826
283827
283828
283829
283830
283831
283832
283833
283834
283835
283836
283837
283838
283839
283840
283841
283842
283843
283844
283845
283846
283847
283848
283849
283850
283851
283852
283853
283854
283855
283856
283857
283858
283859
283860
283861
283862
283863
283864
283865
283866
283867
283869
283870
283871
283872
283873
283875
283876
283879
283888
283889
283890
283891
283892
283893
283894
283902
283903
283905
283907
283908
283909
283910
283911
283912
283913
283914
283916
283917
283918
283919
283920
283921
283922
283923
283924
283925
283927
283928
283929
283930
283931
283932
283933
283934
283935
283936
283937
283938
283939
283940
283941
283942
283943
283944
283947
283949
283950
283966
283974
283987
283988
283989
283991
284000
284001
284004
284005
284007
284008
284009
284010
284011
284012
284013
284014
284015
284016
284017
284018
284019
284020
284030
284032
284039
284049
284050
284051
284052
284053
284054
284055
284056
284057
284058
284059
284060
284061
284063
284064
284065
284066
284067
284068
284069
284070
284072
284074
284077
284079
284080
284081
284082
284083
284084
284087
284088
284120
284121
284122
284123
284124
284125
284142
284144
284169
284170
284171
284172
284173
284174
284184
284186
284231
284232
284233
284234
284235
284236
284237
284238
284239
284240
284241
284242
284243
284244
284274
284275
284276
284285
284294
284295
284296
284297
284298
284299
284300
284302
284304
284305
284307
284310
284312
284313
284315
284320
284322
284323
284324
284326
284329
284330
284331
284333
284335
284336
284337
284338
284339
284340
284341
284342
284343
284344
284345
284346
284347
284348
284349
284385
284386
284387
284388
284390
284391
284392
284393
284394
284395
284396
284397
284398
284399
284400
284401
284402
284403
284404
284405
284406
284408
284409
284410
284412
284413
284416
284418
284420
284423
284425
284449
284450
284451
284452
284458
284477
284478
284479
284480
284481
284482
284493
284512
284526
284527
284528
284541
284543
284544
284546
284547
284548
284549
284550
284552
284554
284555
284557
284558
284567
284568
284569
284570
284571
284572
284573
284583
284591
284617
284618
284619
284620
284621
284630
284631
284632
284634
284635
284636
284637
284638
284639
284641
284642
284643
284644
284645
284646
284647
284648
284649
284650
284651
284652
284653
284654
284655
284656
284657
284658
284665
284666
284667
284670
284676
284681
284683
284686
284687
284688
284689
284690
284691
284692
284693
284694
284695
284696
284697
284698
284699
284743
284750
284757
284760
284761
284785
284787
284790
284847
284850
284851
284853
284854
284855
284856
284857
284858
284859
284860
284861
284862
284863
284864
284865
284866
284867
284868
284871
284872
284874
284875
284876
284877
284878
284879
284880
284881
284912
284914
284917
284918
284919
284920
284921
284922
284923
284924
284925
284926
284928
284929
284940
284942
284945
284946
284947
284948
284949
284950
284951
284982
284994
284995
284996
284997
284998
284999
285000
285001
285002
285003
285005
285006
285015
285016
285017
285018
285019
285020
285021
285065
285079
285099
285103
285106
285107
285109
285110
285111
285113
285114
285115
285116
285117
285118
285119
285120
285123
285124
285127
285129
285130
285131
285132
285134
285135
285136
285137
285138
285139
285140
285165
285168
285171
285178
285179
285181
285211
285212
285213
285214
285215
285216
285217
285220
285222
285233
285234
285235
285236
285237
285247
285261
285424
285443
285444
285445
285448
285520
285524
285525
285526
285527
285528
285529
285530
285531
285532
285533
285534
285535
285536
285537
285539
285556
285557
285560
285576
285577
285578
285581
285599
285618
285620
285627
285640
285644
285654
285656
285667
285668
285669
285670
285671
285672
285682
285684
285689
285691
285702
285703
285704
285705
285706
285707
285715
285716
285717
285718
285719
285721
285722
285723
285724
285725
285726
285727
285728
285736
285737
285738
285739
285740
285741
285742
285743
285747
285750
285753
285755
285757
285759
285760
285761
285762
285763
285764
285767
285770
285771
285774
285776
285785
285786
285787
285788
285789
285790
285791
285792
285793
285794
285795
285796
285797
285798
285820
285821
285822
285823
285824
285825
285826
285827
285828
285829
285830
285831
285832
285833
285834
285835
285836
285837
285838
285839
285840
285841
285844
285847
285848
285853
285855
285857
285858
285859
285860
285861
285862
285863
285867
285868
285869
285870
285871
285872
285873
285874
285875
285876
285877
285878
285879
285880
285881
285882
285883
285884
285885
285886
285887
285888
285889
285890
285891
285892
285893
285894
285895
285896
285897
285900
285901
285902
285903
285904
285905
285906
285907
285908
285909
285910
285911
285912
285913
285914
285915
285916
285917
285918
285919
285920
285921
285922
285923
285924
286485
286487
286489
286491
286492
286493
286494
286495
286496
286497
286498
286506
286507
286508
286509
286510
286511
286512
286513
286515
286517
286518
286537
286549
286551
286554
286555
286556
286557
286558
286559
286560
286561
286562
286563
286564
286565
286566
286567
286568
286569
286570
286571
286572
286573
286574
286575
286590
286591
286592
286593
286594
286595
286596
286597
286598
286599
286600
286601
286602
286603
286604
286605
286606
286607
286608
286609
286610
286611
286612
286613
286614
286615
286616
286617
286625
286627
286629
286630
286632
286633
286634
286635
286636
286637
286638
286639
286643
286646
286648
286650
286651
286653
286660
286661
286662
286663
286664
286665
286666
287084
287087
287088
287089
287090
287091
287092
287093
287101
287102
287103
287106
287110
287113
287115
287116
287117
287118
287119
287120
287121
287139
287157
287160
287162
287164
287165
287167
287169
287170
287171
287172
287173
287174
287175
287176
287177
287178
287185
287186
287187
287188
287190
287191
287192
287193
287194
287195
287196
287197
287198
287206
287209
287210
287212
287213
287214
287215
287216
287217
287218
287219
287220
287222
287223
287224
287225
287226
287227
287228
287229
287230
287231
287232
287233
287242
287243
287246
287249
287251
287253
287254
287270
287271
287272
287273
287274
287275
287276
287277
287278
287279
287280
287281
287282
287710
287713
287715
287717
287722
287724
287726
287727
287728
287729
287730
287731
287732
287736
287737
287738
287739
287740
287741
287742
287743
287744
287745
287746
287747
287748
287749
287750
287751
287752
287753
287754
287755
287756
287757
287758
287759
287760
287761
287762
287763
287764
287765
287766
287769
287770
287771
287772
287773
287774
287775
287776
287777
287778
287779
287780
287781
287782
287783
287784
287785
287786
287787
287788
287789
287790
287791
287792
287793
287796
287800
287810
287813
287823
287824
287825
287826
287827
287828
287837
287840
287845
287847
287858
287859
287860
287861
287862
287863
287871
287872
287873
287874
287875
287877
287878
287879
287880
287881
287882
287883
287884
287892
287893
287894
287895
287896
287897
287898
287899
287902
287904
287906
287910
287913
287914
287916
287917
287918
287919
287920
287923
287925
287927
287929
287931
287934
287935
287936
287937
287938
287939
287940
287948
287949
287950
287951
287952
287953
287954
287976
287977
287978
287979
287980
287981
287982
287983
287984
287985
287986
287987
287988
287989
287990
287991
287992
287993
287994
287995
287996
288580
288600
288601
288602
288604
288665
288698
288699
288700
288702
288753
288754
288756
288757
288758
288759
288760
288761
288762
288763
288764
288765
288766
288767
288768
288769
288770
288771
288772
288773
288774
288775
288776
288777
288778
288779
288780
288781
288782
288783
288784
288785
288786
288787
288788
288795
288796
288797
288799
288800
288801
288802
288803
288804
288806
288808
288809
288814
288815
288816
288817
288818
288820
288821
288822
288823
288824
288825
288826
288827
288828
288829
288830
288831
288832
288833
288834
288835
288836
288852
288856
288859
288866
288869
288870
288872
288873
288875
288876
288877
288878
288879
288880
288881
288882
288883
288884
288885
288886
288887
288888
288889
288890
288891
288892
288893
288894
288895
288896
288897
288898
288899
288900
288901
288902
288903
288904
288905
288906
288907
288914
288915
288916
288918
288919
288920
288921
288922
288923
288925
288927
288928
288933
288934
288935
288936
288937
288939
288940
288941
288942
288943
288944
288945
288946
288947
288948
288949
288950
288951
288952
288953
288954
288955
288971
288975
288978
288985
288988
288989
289327
289328
289329
289330
289331
289332
289333
289350
289352
289353
289357
289359
289361
289370
289371
289372
289378
289398
289399
289400
289413
289418
289425
289427
289428
289429
289430
289431
289432
289434
289435
289436
289439
289441
289442
289443
289444
289445
289460
289461
289463
289464
289465
289466
289467
289468
289469
289470
289471
289472
289473
289474
289475
289476
289477
289478
289479
289480
289481
289482
289483
289484
289485
289486
289487
289488
289489
289490
289491
289492
289493
289494
289495
289502
289503
289504
289506
289507
289508
289509
289510
289511
289513
289514
289516
289520
289521
289523
289524
289525
289526
289527
289528
289529
289530
289531
289532
289534
289535
289536
289537
289538
289539
289540
289541
289542
289543
289559
289563
289566
289569
289570
289573
289883
289916
289917
289918
289921
289973
289977
289987
289989
290000
290001
290002
290003
290004
290005
290015
290017
290022
290024
290035
290036
290037
290038
290039
290040
290048
290049
290050
290051
290052
290054
290055
290056
290057
290058
290059
290060
290061
290069
290070
290071
290072
290073
290074
290075
290076
290080
290083
290086
290088
290090
290092
290093
290094
290095
290096
290097
290100
290103
290104
290107
290109
290118
290119
290120
290121
290122
290123
290124
290125
290126
290127
290128
290129
290130
290131
290153
290154
290155
290156
290157
290158
290159
290160
290161
290162
290163
290164
290165
290166
290167
290168
290169
290170
290171
290172
290173
290196
290200
290201
290202
290203
290204
290205
290206
290207
290208
290209
290210
290211
290212
290213
290215
290232
290233
290236
290252
290253
290254
290257
290275
290294
290296
290303
290314
290316
290320
290321
290323
290324
290325
290326
290327
290328
290333
290335
290336
290337
290338
290339
290340
290341
290342
290343
290347
290348
290349
290350
290351
290352
290353
290354
290355
290356
290357
290358
290359
290360
290361
290362
290363
290364
290365
290366
290367
290368
290369
290370
290373
290374
290375
290376
290377
290378
290379
290380
290381
290382
290383
290384
290385
290386
290387
290388
290389
290390
290391
290392
290393
290394
290395
290396
290397
290881
290883
290886
290888
290890
290891
290892
290893
290894
290895
290899
290902
290903
290904
290905
290906
290907
290908
290909
290910
290913
290914
290916
290917
290918
290919
290920
290921
290922
290923
290924
290925
290926
290927
290928
290929
290930
290931
290932
290933
290934
290935
290936
290937
290940
290941
290942
290943
290944
290945
290946
290947
290948
290949
290950
290951
290952
290953
290954
290955
290956
290957
290958
290959
290960
290961
290962
290963
290964
290987
290991
290992
290993
290994
290995
290996
290997
290998
290999
291000
291001
291002
291003
291004
291006
291016
291017
291018
291043
291044
291045
291047
291066
291085
291086
291094
291532
291533
291534
291535
291536
291537
291538
291539
291541
291543
291545
291546
291547
291548
291549
291550
291551
291552
291560
291561
291562
291563
291564
291565
291566
291567
291569
291571
291572
291591
291603
291605
291608
291609
291610
291611
291612
291613
291614
291615
291616
291617
291618
291619
291620
291621
291622
291623
291624
291625
291626
291627
291628
291629
291644
291645
291646
291647
291648
291649
291650
291651
291652
291653
291654
291655
291656
291657
291658
291659
291660
291661
291662
291663
291664
291665
291666
291667
291668
291669
291670
291671
291679
291681
291683
291684
291686
291687
291688
291689
291690
291691
291692
291693
291697
291700
291702
291704
291705
291707
292131
292134
292135
292136
292137
292138
292139
292140
292141
292142
292143
292145
292155
292156
292157
292158
292159
292160
292161
292164
292166
292176
292177
292181
292183
292184
292185
292188
292189
292190
292191
292192
292193
292194
292195
292196
292197
292198
292199
292200
292201
292202
292203
292204
292205
292206
292207
292209
292210
292211
292227
292253
292254
292257
292258
292260
292261
292262
292263
292264
292265
292266
292267
292268
292269
292270
292271
292272
292273
292274
292276
292277
292278
292279
292280
292289
292290
292292
292296
292297
292299
292301
292310
292311
292312
292313
292314
292315
292323
292325
292327
292329
292330
292331
292332
292333
292334
292335
292336
292344
292345
292346
292347
292348
292349
292350
292351
292353
292355
292356
292374
292380
292382
292385
292393
292394
292395
292396
292397
292398
292399
292400
292401
292402
292403
292404
292405
292406
292407
292408
292409
292410
292411
292412
292413
292428
292429
292430
292431
292432
292433
292434
292435
292436
292437
292438
292439
292440
292441
292442
292443
292444
292445
292446
292447
292448
292449
292450
292451
292452
292453
292454
292455
292463
292464
292467
292468
292470
292471
292472
292473
292474
292475
292476
292477
292483
292484
292491
292493
292495
292497
292915
292918
292919
292920
292921
292922
292923
292924
292932
292933
292934
292937
292941
292944
292946
292947
292948
292949
292950
292951
292952
292970
292988
292991
292993
292995
292996
292998
293000
293001
293002
293003
293004
293005
293006
293007
293008
293009
293016
293017
293018
293019
293021
293022
293023
293024
293025
293026
293027
293028
293029
293037
293040
293041
293043
293044
293045
293046
293047
293048
293049
293050
293051
293053
293054
293055
293056
293057
293058
293059
293060
293061
293062
293063
293064
293073
293074
293077
293080
293082
293084
293085
293101
293102
293103
293104
293105
293106
293107
293108
293109
293110
293111
293112
293113
293527
293528
293531
293532
293534
293535
293536
293537
293538
293539
293540
293541
293542
293543
293544
293545
293546
293547
293555
293557
293559
293561
293569
293570
293571
293572
293573
293574
293575
293576
293577
293578
293579
293580
293581
293582
293583
293584
293585
293586
293587
293588
293589
293599
293605
293607
293610
293632
293633
293634
293635
293636
293637
293638
293639
293640
293641
293642
293643
293644
293645
293646
293647
293648
293649
293650
293651
293652
293653
293654
293655
293656
293657
293658
293659
293660
293661
293664
293665
293667
293668
293669
293670
293671
293672
293673
293674
293678
293681
293683
293685
293686
293688
293702
293703
293704
293705
293706
293707
293708
293713
293716
293717
293718
293719
293720
293721
293722
293730
293731
293732
293734
293739
293742
293744
293745
293746
293747
293748
293749
293750
293767
293786
293788
293791
293793
293794
293795
293798
293799
293800
293801
293802
293803
293804
293805
293806
293807
293808
293809
293810
293812
293813
293814
293815
293816
293817
293818
293819
293820
293821
293835
293838
293839
293841
293842
293843
293844
293845
293846
293847
293848
293849
293850
293851
293852
293853
293854
293855
293856
293858
293859
293860
293861
293862
293871
293872
293874
293878
293879
293881
293882
293892
293893
293894
293895
293896
293897
294318
294321
294323
294325
294330
294332
294334
294335
294336
294337
294338
294339
294340
294344
294345
294346
294347
294348
294349
294350
294351
294352
294353
294354
294355
294356
294357
294358
294359
294360
294361
294362
294363
294364
294365
294366
294367
294368
294369
294370
294371
294372
294373
294374
294377
294378
294379
294380
294381
294382
294383
294384
294385
294386
294387
294388
294389
294390
294391
294392
294393
294394
294395
294396
294397
294398
294399
294400
294401
294417
294421
294432
294435
294438
294439
294440
294441
294442
294443
294459
294462
294467
294469
294480
294481
294482
294483
294484
294485
294493
294494
294495
294496
294497
294498
294500
294501
294502
294503
294504
294505
294506
294507
294508
294509
294510
294511
294512
294513
294521
294523
294525
294528
294532
294535
294536
294537
294539
294540
294541
294542
294544
294546
294549
294551
294553
294556
294557
294558
294559
294560
294561
294562
294563
294564
294565
294566
294567
294568
294569
294577
294578
294579
294580
294581
294582
294583
294584
294585
294586
294587
294588
294589
294590
294591
294592
294593
294594
294595
294596
294597
295110
295114
295115
295116
295117
295118
295119
295120
295121
295122
295123
295124
295125
295126
295127
295128
295132
295133
295134
295159
295160
295161
295162
295175
295208
295209
295217
295229
295233
295244
295247
295250
295251
295252
295253
295254
295255
295272
295274
295280
295281
295299
295300
295301
295302
295303
295304
295305
295306
295307
295308
295309
295310
295312
295313
295314
295315
295316
295317
295318
295319
295320
295321
295322
295323
295324
295325
295333
295337
295340
295342
295344
295347
295348
295349
295351
295352
295353
295354
295356
295358
295361
295363
295365
295368
295369
295370
295371
295372
295373
295374
295375
295376
295377
295378
295379
295380
295381
295389
295390
295391
295392
295393
295394
295395
295396
295397
295398
295399
295400
295401
295402
295403
295404
295405
295406
295407
295408
295409
295895
295915
295916
295917
295919
295970
295971
295972
295973
295974
295975
295976
295993
295995
295996
296000
296002
296004
296013
296014
296015
296021
296041
296042
296043
296056
296061
296068
296070
296071
296072
296073
296074
296075
296077
296078
296079
296082
296084
296085
296086
296087
296088
296103
296104
296106
296107
296108
296109
296110
296111
296112
296113
296114
296115
296116
296117
296118
296119
296120
296121
296122
296123
296124
296125
296126
296127
296128
296129
296130
296131
296132
296133
296134
296135
296136
296137
296138
296145
296146
296147
296149
296150
296151
296152
296153
296154
296156
296157
296159
296163
296164
296166
296167
296168
296169
296170
296171
296172
296173
296174
296175
296177
296178
296179
296180
296181
296182
296183
296184
296185
296186
296202
296206
296209
296212
296213
296216
296558
296559
296561
296562
296563
296564
296565
296566
296567
296568
296569
296570
296571
296572
296573
296574
296575
296576
296577
296578
296579
296580
296581
296582
296583
296584
296585
296586
296587
296588
296589
296590
296591
296592
296593
296600
296601
296602
296604
296606
296607
296608
296609
296611
296612
296613
296614
296619
296620
296621
296622
296623
296625
296626
296627
296628
296629
296630
296631
296632
296633
296634
296635
296636
296637
296638
296639
296640
296641
296657
296664
296667
296671
296674
296675
296677
296678
296680
296681
296682
296683
296684
296685
296686
296687
296688
296689
296690
296691
296692
296693
296694
296695
296696
296697
296698
296699
296700
296701
296702
296703
296704
296705
296706
296707
296708
296709
296710
296711
296712
296719
296720
296721
296723
296725
296726
296727
296728
296730
296731
296732
296733
296738
296739
296740
296741
296742
296744
296745
296746
296747
296748
296749
296750
296751
296752
296753
296754
296755
296756
296757
296758
296759
296760
296776
296783
296786
296790
296793
296794
296796
296797
296798
296799
296800
296801
296802
296819
296821
296822
296826
296828
296829
296839
296840
296841
296854
296867
296868
296869
296882
296887
296894
296896
296897
296898
296901
296903
296904
296905
296906
296907
296908
296910
296911
296912
296913
296914
297254
297287
297288
297289
297292
297342
297344
297347
297349
297351
297352
297353
297354
297355
297356
297360
297363
297364
297365
297366
297367
297368
297369
297370
297371
297374
297375
297377
297378
297379
297380
297381
297382
297383
297384
297385
297386
297387
297388
297389
297390
297391
297392
297393
297394
297395
297396
297397
297398
297401
297402
297403
297404
297405
297406
297407
297408
297409
297410
297411
297412
297413
297414
297415
297416
297417
297418
297419
297420
297421
297422
297423
297424
297425
297462
297466
297467
297468
297469
297470
297471
297472
297473
297474
297475
297476
297477
297478
297479
297481
297491
297492
297493
297511
297512
297513
297515
297534
297560
297561
297569
298130
298133
298134
298135
298136
298137
298138
298139
298140
298141
298142
298144
298154
298155
298156
298157
298158
298159
298160
298163
298165
298175
298176
298180
298182
298183
298184
298187
298188
298189
298190
298191
298192
298193
298194
298195
298196
298197
298198
298199
298200
298201
298202
298203
298204
298205
298206
298208
298209
298210
298226
298252
298253
298256
298257
298259
298260
298261
298262
298263
298264
298265
298266
298267
298268
298269
298270
298271
298272
298273
298275
298276
298277
298278
298279
298288
298289
298291
298295
298296
298298
298300
298309
298310
298311
298312
298313
298314
298322
298323
298326
298327
298329
298330
298331
298332
298333
298334
298335
298336
298337
298338
298339
298340
298341
298342
298350
298352
298354
298355
298364
298365
298366
298367
298368
298369
298370
298371
298372
298373
298374
298375
298376
298377
298378
298379
298380
298381
298382
298383
298384
298394
298400
298402
298405
298427
298428
298429
298430
298431
298432
298433
298434
298435
298436
298437
298438
298439
298440
298441
298442
298443
298444
298445
298446
298447
298448
298449
298450
298451
298452
298453
298454
298455
298456
298459
298460
298462
298463
298464
298465
298466
298467
298468
298469
298475
298476
298483
298485
298487
298489
298910
298911
298912
298913
298914
298915
298916
298917
298918
298921
298922
298924
298925
298926
298927
298928
298929
298930
298931
298932
298933
298934
298935
298936
298937
298945
298947
298949
298951
298959
298960
298961
298962
298963
298964
298965
298966
298967
298968
298969
298970
298971
298972
298973
298974
298975
298976
298977
298978
298979
298989
298995
298997
299000
299022
299023
299024
299025
299026
299027
299028
299029
299030
299031
299032
299033
299034
299035
299036
299037
299038
299039
299040
299041
299042
299043
299044
299045
299046
299047
299048
299049
299050
299051
299054
299055
299057
299058
299059
299060
299061
299062
299063
299064
299068
299071
299073
299075
299076
299078
299096
299099
299100
299101
299102
299103
299104
299105
299106
299107
299108
299110
299120
299121
299122
299123
299124
299125
299126
299129
299132
299141
299143
299146
299148
299149
299150
299153
299154
299155
299156
299157
299158
299159
299160
299161
299162
299163
299164
299165
299167
299168
299169
299170
299171
299172
299173
299174
299175
299176
299192
299218
299220
299222
299223
299225
299226
299227
299228
299229
299230
299231
299232
299233
299234
299235
299236
299237
299238
299239
299241
299242
299243
299244
299245
299254
299255
299257
299261
299262
299264
299265
299275
299276
299277
299278
299279
299280
299702
299706
299717
299720
299723
299724
299725
299726
299727
299728
299745
299747
299753
299754
299772
299773
299774
299775
299776
299777
299778
299779
299780
299781
299782
299783
299785
299786
299787
299788
299789
299790
299791
299792
299793
299794
299795
299796
299797
299798
299806
299810
299813
299815
299817
299820
299821
299822
299824
299825
299826
299827
299829
299831
299834
299836
299838
299841
299842
299843
299844
299845
299846
299847
299848
299849
299850
299851
299852
299853
299854
299862
299863
299864
299865
299866
299867
299868
299869
299870
299871
299872
299873
299874
299875
299876
299877
299878
299879
299880
299881
299882
299926
299930
299931
299932
299933
299934
299935
299936
299937
299938
299939
299940
299941
299942
299943
299944
299948
299949
299950
299975
299976
299977
299978
299991
300024
300025
300033
331131
331132
331133
331134
331135
331136
331137
331978
331979
331980
331981
331982
331983
331984
332027
332028
332029
332030
332031
332032
332033
332034
332035
332036
332037
332038
332039
332040
332041
332042
332043
332044
332045
332046
332047
332048
332049
332050
332051
332052
332053
332054
332055
332056
332057
332058
332059
332060
332061
332062
332063
332064
332065
332066
332067
332068
332069
332070
332071
332072
332073
332074
332075
332076
332077
332078
332079
332080
332081
332082
332426
332427
332428
332429
332430
332431
332432
332433
332434
332435
332436
332437
332438
332439
332440
332441
332442
332443
332444
332445
332446
332447
332448
332449
332450
332451
332452
332453
332454
332455
332456
332457
332458
332459
332460
332461
332462
332463
332464
332465
332466
332467
332468
332469
332470
332471
332472
332473
332474
332475
332476
332477
332478
332479
332480
332481
332489
332490
332491
332492
332493
332494
332495
332496
332497
332498
332499
332500
332501
332502
333217
333218
333219
333220
333221
333222
333223
333224
333225
333226
333227
333228
333229
333230
333231
333232
333233
333234
333235
333236
333237
333238
333239
333240
333241
333242
333243
333244
333259
333260
333261
333262
333263
333264
333265
333266
333267
333268
333269
333270
333271
333272
333280
333281
333282
333283
333284
333285
333286
333294
333295
333296
333297
333298
333299
333300
333301
333302
333303
333304
333305
333306
333307
333308
333309
333310
333311
333312
333313
333314
333315
333316
333317
333318
333319
333320
333321
333336
333337
333338
333339
333340
333341
333342
333343
333344
333345
333346
333347
333348
333349
333357
333358
333359
333360
333361
333362
333363
333364
333365
333366
333367
333368
333369
333370
333371
333372
333373
333374
333375
333376
333377
333378
333379
333380
333381
333382
333383
333384
333392
333393
333394
333395
333396
333397
333398
333399
333400
333401
333402
333403
333404
333405
333406
333407
333408
333409
333410
333411
333412
333413
333414
333415
333416
333417
333418
333419
333420
333421
333422
333423
333424
333425
333426
333427
333428
333429
333430
333431
333432
333433
333434
333435
333436
333437
333438
333439
333440
333441
333442
333443
333444
333445
333446
333447
333448
333449
333450
333451
333452
333453
333454
333455
333456
333457
333458
333459
333460
333461
333462
333463
333464
333465
333466
333467
333468
333476
333477
333478
333479
333480
333481
333482
333483
333484
333485
333486
333487
333488
333489
333490
333491
333492
333493
333494
333495
333496
333497
333498
333499
333500
333501
333502
333503
333539
333540
333541
333542
333543
333544
333545
333546
333547
333548
333549
333550
333551
333552
333553
333554
333555
333556
333557
333558
333559
333560
333561
333562
333563
333564
333565
333566
333567
333568
333569
333570
333571
333572
333573
333574
333575
333576
333577
333578
333579
333580
333581
333582
333583
333584
333585
333586
333587
333588
333589
333590
333591
333592
333593
333594
333595
333596
333597
333598
333599
333600
333601
333602
333603
333604
333605
333606
333607
333608
334729
334730
334731
334732
334733
334734
334735
334736
334737
334738
334739
334740
334741
334742
334743
334744
334745
334746
334747
334748
334749
334750
334751
334752
334753
334754
334755
334756
334953
334954
334955
334956
334957
334958
334959
334960
334961
334962
334963
334964
334965
334966
334988
334989
334990
334991
334992
334993
334994
334995
334996
334997
334998
334999
335000
335001
335002
335003
335004
335005
335006
335007
335008
335009
335010
335011
335012
335013
335014
335015
335016
335017
335018
335019
335020
335021
335022
335023
335024
335025
335026
335027
335028
335029
335051
335052
335053
335054
335055
335056
335057
335058
335059
335060
335061
335062
335063
335064
335065
335066
335067
335068
335069
335070
335071
335072
335073
335074
335075
335076
335077
335078
335079
335080
335081
335082
335083
335084
335085
335086
335087
335088
335089
335090
335091
335092
335107
335108
335109
335110
335111
335112
335113
335121
335122
335123
335124
335125
335126
335127
335142
335143
335144
335145
335146
335147
335148
335156
335157
335158
335159
335160
335161
335162
335163
335164
335165
335166
335167
335168
335169
335170
335171
335172
335173
335174
335175
335176
335177
335178
335179
335180
335181
335182
335183
335184
335185
335186
335187
335188
335189
335190
335191
335192
335193
335194
335195
335196
335197
335198
335199
335200
335201
335202
335203
335204
335212
335213
335214
335215
335216
335217
335218
335226
335227
335228
335229
335230
335231
335232
335254
335255
335256
335257
335258
335259
335260
335268
335269
335270
335271
335272
335273
335274
335289
335290
335291
335292
335293
335294
335295
335296
335297
335298
335299
335300
335301
335302
335303
335304
335305
335306
335307
335308
335309
335310
335311
335312
335313
335314
335315
335316
335317
335318
335319
335320
335321
335322
335323
335324
335325
335326
335327
335328
335329
335330
335331
335332
335333
335334
335335
335336
335337
335338
335339
335340
335341
335342
335343
335344
335345
335346
335347
335348
335349
335350
335351
335352
335353
335354
335355
335356
335357
335358
335359
335360
335361
335362
335363
335364
335365
335807
335808
335809
335810
335811
335812
335813
335814
335815
335816
335817
335818
335819
335820
335821
335822
335823
335824
335825
335826
335827
335828
335829
335830
335831
335832
335833
335834
335849
335850
335851
335852
335853
335854
335855
335856
335857
335858
335859
335860
335861
335862
335877
335878
335879
335880
335881
335882
335883
335947
335948
335949
335950
335951
335952
335953
335954
335955
335956
335957
335958
335959
335960
336738
336739
336740
336741
336742
336743
336744
336745
336746
336747
336748
336749
336750
336751
336836
336837
336838
336839
336840
336841
336842
336864
336865
336866
336867
336868
336869
336870
336955
336956
336957
336958
336959
336960
336961
336983
336984
336985
336986
336987
336988
336989
337088
337089
337090
337091
337092
337093
337094
337095
337096
337097
337098
337099
337100
337101
337102
337103
337104
337105
337106
337107
337108
337109
337110
337111
337112
337113
337114
337115
337116
337117
337118
337119
337120
337121
337122
337200
337201
337202
337203
337204
337205
337206
337228
337229
337230
337231
337232
337233
337234
337319
337320
337321
337322
337323
337324
337325
337347
337348
337349
337350
337351
337352
337353
337431
337432
337433
337434
337435
337436
337437
337438
337439
337440
337441
337442
337443
337444
337501
337502
337503
337504
337505
337506
337507
337508
337509
337510
337511
337512
337513
337514
337515
337516
337517
337518
337519
337520
337521
337522
337523
337524
337525
337526
337527
337528
337536
337537
337538
337539
337540
337541
337542
337550
337551
337552
337553
337554
337555
337556
337557
337558
337559
337560
337561
337562
337563
337564
337565
337566
337567
337568
337569
337570
337571
337572
337573
337574
337575
337576
337577
337578
337579
337580
337581
337582
337583
337584
337585
337586
337587
337588
337589
337590
337591
337599
337600
337601
337602
337603
337604
337605
337613
337614
337615
337616
337617
337618
337619
337620
337621
337622
337623
337624
337625
337626
337627
337628
337629
337630
337631
337632
337633
337634
337635
337636
337637
337638
337639
337640
337641
337642
337643
337644
337645
337646
337647
337648
337649
337650
337651
337652
337653
337654
337655
337656
337657
337658
337659
337660
337661
337662
337663
337664
337665
337666
337667
337668
337669
337670
337671
337672
337673
337674
337675
337676
337677
337678
337679
337680
337681
337682
337683
337684
337685
337686
337687
337688
337689
337690
337691
337692
337693
337694
337695
337696
337697
337698
337699
337700
337701
337702
337703
337711
337712
337713
337714
337715
337716
337717
337725
337726
337727
337728
337729
337730
337731
337732
337733
337734
337735
337736
337737
337738
337739
337740
337741
337742
337743
337744
337745
337753
337754
337755
337756
337757
337758
337759
337795
337796
337797
337798
337799
337800
337801
337816
337817
337818
337819
337820
337821
337822
337830
337831
337832
337833
337834
337835
337836
337837
337838
337839
337840
337841
337842
337843
337865
337866
337867
337868
337869
337870
337871
337886
337887
337888
337889
337890
337891
337892
337900
337901
337902
337903
337904
337905
337906
337914
337915
337916
337917
337918
337919
337920
337921
337922
337923
337924
337925
337926
337927
337935
337936
337937
337938
337939
337940
337941
337942
337943
337944
337945
337946
337947
337948
337970
337971
337972
337973
337974
337975
337976
337991
337992
337993
337994
337995
337996
337997
338005
338006
338007
338008
338009
338010
338011
338012
338013
338014
338015
338016
338017
338018
338054
338055
338056
338057
338058
338059
338060
338222
338223
338224
338225
338226
338227
338228
338229
338230
338231
338232
338233
338234
338235
338236
338237
338238
338239
338240
338241
338242
338243
338244
338245
338246
338247
338248
338249
338320
338321
338322
338323
338324
338325
338326
338327
338328
338329
338330
338331
338332
338333
338334
338335
338336
338337
338338
338339
338340
338341
338342
338343
338344
338345
338346
338347
338502
338503
338504
338505
338506
338507
338508
338509
338510
338511
338512
338513
338514
338515
338551
338552
338553
338554
338555
338556
338557
338558
338559
338560
338561
338562
338563
338564
338600
338601
338602
338603
338604
338605
338606
338607
338608
338609
338610
338611
338612
338613
340056
340057
340058
340059
340060
340061
340062
340063
340064
340065
340066
340067
340068
340069
340070
340071
340072
340073
340074
340075
340076
340077
340078
340079
340080
340081
340082
340083
340084
340085
340086
340087
340088
340089
340090
343164
343165
343166
343167
343168
343169
343170
343171
343172
343173
343174
343175
343176
343177
343178
343179
343180
343181
343182
343183
343184
343185
343186
343187
343188
343189
343190
343191
343192
343193
343194
343195
343196
343197
343198
343199
343200
343201
343202
343203
343204
343205
343206
343207
343208
343209
343210
343211
343212
343213
343214
343215
343216
343217
343218
343219
343220
343221
343222
343223
343224
343225
343226
343227
343228
343229
343230
343231
343232
343233
343234
343235
343236
343237
343238
343239
343240
343241
343242
343243
343244
343245
343246
343247
343248
343249
343250
343251
343252
343253
343254
343255
343256
343257
343258
343259
343260
343261
343262
343263
343264
343265
343266
343267
343268
343269
343270
343271
343272
343273
343274
343275
343276
343277
343278
343279
343280
343281
343282
343283
343284
343285
343286
343287
343288
343289
343290
343291
343292
343293
343294
343295
343296
343297
343298
343299
343300
343301
343302
343303
343304
343305
343306
343307
343308
343309
343310
343311
343312
343313
343314
343315
343316
343317
343318
343319
343320
343321
343322
343323
343324
343325
343326
343327
343328
343329
343330
343331
343332
343333
343334
343335
343336
343337
343338
343339
343340
343341
343342
343343
343344
343345
343346
343347
343348
343349
343350
343351
343352
343353
343354
343355
343356
343357
343358
343359
343360
343361
343362
343363
343364
343365
343366
343367
343368
343369
343370
343371
343372
343373
343374
343375
343376
343377
343378
343379
343380
343381
343382
343383
343384
343385
343386
343387
343388
343389
343390
343391
343392
343393
343394
343395
343396
343397
343398
343399
343400
343401
343402
343403
343404
343405
343406
343407
343408
343409
343410
343411
343412
343413
343414
343415
343416
343417
343418
343419
343420
343421
343422
343423
343424
343425
343426
343427
343428
343429
343430
343431
343432
343433
343434
343435
343436
345075
345076
345077
345078
345079
345080
345081
345082
345083
345084
345085
345086
345087
345088
345089
345090
345091
345092
345093
345094
345095
345096
345097
345098
345099
345100
345101
345102
345103
345104
345105
345106
345107
345108
345109
345110
345111
345112
345113
345114
345115
345116
345117
345118
345119
345120
345121
345122
345123
345124
345125
345126
345127
345128
345129
345130
345131
345132
345133
345134
345135
345136
345137
345138
345139
345140
345141
345142
345143
345144
345145
345146
345147
345148
345149
345150
345151
345152
345153
345154
345155
345156
345157
345158
345159
345160
345161
345162
345163
345164
345165
345166
345167
345168
345169
345170
345171
345172
345173
345174
345175
345176
345177
345178
345179
345180
345181
345182
345183
345184
345185
345186
345187
345188
345189
345190
345191
345192
345193
345194
345195
345196
345197
345198
345199
345200
345201
345202
345203
345204
345205
345206
345207
345208
345209
345210
345211
345212
345213
345214
345215
345216
345217
345218
345219
345220
345221
345222
345223
345224
345225
345226
345227
345228
345229
345230
345231
345232
345233
345234
345235
345236
345237
345238
345239
345240
345241
345242
345243
345244
345245
345246
345247
345248
345249
345250
345251
345252
345253
345254
345255
345256
345257
345258
345259
345260
345261
345262
345263
345264
345265
345266
345267
345268
345269
345270
345271
345272
345273
345274
345275
345276
345277
345278
345279
345280
345281
345282
345283
345284
345285
345286
345287
345288
345289
345290
345291
345292
345293
345294
345295
345296
345297
345298
345299
345300
345301
345302
345303
345304
345305
345306
345307
345308
345309
345310
345311
345312
345313
345314
345315
345316
345317
345318
345319
345320
345321
345322
345323
345324
345325
345326
345327
345328
345329
345330
345331
345332
345333
345334
345335
345336
345337
345338
345339
345340
345341
345342
345343
345344
345345
345346
345347
345348
345349
345350
345351
345352
345353
345354
345355
345356
345357
345358
345359
345360
345361
345362
345363
345364
345365
345366
345367
345368
345369
345370
345371
345372
345373
345374
345375
345376
345377
345378
345379
345380
345381
345382
345383
345384
345385
345386
345387
345388
345389
345390
345391
345392
345393
345394
345395
345396
345397
345398
345399
345400
345401
345402
345403
345404
345405
345406
345407
345408
345409
345410
345411
345412
345413
345414
345415
345416
345417
345418
345419
345420
345421
345422
345423
345424
345425
345426
345427
345428
345429
345430
345431
345432
345433
345434
345435
345436
345437
345438
345439
345440
345441
345442
345443
345444
345445
345446
345447
345448
345449
345450
345451
345452
345453
345454
345455
345456
345457
345458
345459
345460
345461
345462
345463
345464
345465
345466
345467
345468
345469
345470
345471
345472
345473
345474
345475
345476
345477
345478
345479
345480
345481
345482
345483
345484
345485
345486
345487
345488
345489
345490
345491
345492
345493
345494
345495
345496
345497
345498
345499
345500
345501
345502
345503
345504
345505
345506
345507
345508
345509
345510
345511
345512
345513
345514
345515
345516
345517
345518
345519
345520
345521
345522
345523
345524
345525
345526
345527
345528
345529
345530
345531
345532
345533
345534
345535
345536
345537
345538
345539
345540
345541
345542
345543
345544
345545
345546
345547
345548
345549
345550
345551
345552
345553
345554
345555
345556
345557
345558
345559
345560
345561
345562
345563
345564
345565
345566
345567
345568
345569
345570
345571
345572
345573
345574
345575
345576
345577
345578
345579
345580
345581
345582
345583
345584
345585
345586
345587
345588
345589
345590
345591
345592
345593
345594
345595
345596
345597
345598
345599
345600
345601
345602
345603
345604
345605
345606
345607
345608
345609
345610
345611
345612
345613
345614
345615
345616
345617
345618
345619
345620
345621
345622
345623
345624
345625
345626
345627
345628
345629
345630
345631
345632
345633
345634
345635
345636
345637
345638
345639
345640
345641
345642
345643
345644
345645
345646
345647
345648
345649
345650
345651
345652
345653
345654
345655
345656
345657
345658
345659
345660
345661
345662
345663
345664
345665
345666
345667
345668
345669
345670
345671
345672
345673
345674
345675
345676
345677
345678
345679
345680
345681
345682
345683
345684
345685
345686
345687
345688
345689
345690
345691
345692
345693
345694
345695
345696
345697
345698
345699
345700
345701
345702
345703
345704
345705
345706
345707
345708
345709
345710
345711
345712
345713
345714
345715
345716
345717
345718
345719
345720
345721
345722
345723
345724
345725
345726
345727
345728
345729
345730
345731
345732
345733
345734
345735
345736
345737
345738
345739
345740
345741
345742
345743
345744
345745
345746
345747
345748
345749
345750
345751
345752
345753
345754
345755
345756
345757
345758
345759
345760
345761
345762
345763
345764
345765
345766
345767
345768
345769
345770
345771
345772
345773
345774
345775
345776
345777
345778
345779
345780
345781
345782
345783
345784
345785
345786
345787
345788
345789
345790
345791
345792
345793
345794
345795
345796
345797
345798
345799
345800
345801
345802
345803
345804
345805
345806
345807
345808
345809
345810
345811
345812
345813
345814
345815
345816
345817
345818
345819
345820
345821
345822
345823
345824
345825
345826
345827
345828
345829
345830
345831
345832
345833
345834
345835
345836
345837
345838
345839
345840
345841
345842
345843
345844
345845
345846
345847
345848
345849
345850
345851
345852
345853
345854
345855
345856
345857
345858
345859
345860
345861
345862
345863
345864
345865
345866
345867
345868
345869
345870
345871
345872
345873
345874
345875
345876
345877
345878
345879
345880
345881
345882
345883
345884
345885
345886
345887
345888
345889
345890
345891
345892
345893
345894
345895
345896
345897
345898
345899
345900
345901
345902
345903
345904
345905
345906
345907
345908
345909
345910
345911
345912
345913
345914
345915
345916
345917
345918
345919
345920
345921
345922
345923
345924
345925
345926
345927
345928
345929
345930
345931
345932
345933
345934
345935
345936
345937
345938
345939
345940
345941
345942
345943
345944
345945
345946
345947
345948
345949
345950
345951
345952
345953
345954
345955
345956
345957
345958
345959
345960
345961
345962
345963
345964
345965
345966
345967
345968
345969
345970
345971
345972
345973
345974
345975
345976
345977
345978
345979
345980
345981
345982
345983
345984
345985
345986
345987
345988
345989
345990
345991
345992
345993
345994
345995
345996
345997
345998
345999
346000
346001
346002
346003
346004
346005
346006
346007
346008
346009
346010
346011
346012
346013
346014
346015
346016
346017
346018
346019
346020
346021
346022
346023
346024
346025
346026
346027
346028
346029
346030
346031
346032
346033
346034
346035
346036
346037
346038
346039
346040
346041
346042
346043
346044
346045
346046
346047
346048
346049
346050
346051
346052
346053
346054
346055
346056
346057
346058
346059
346060
346061
346062
346063
346064
346065
346066
346067
346068
346069
346070
346071
346072
346073
346074
346075
346076
346077
346078
346079
346080
346081
346082
346083
346084
346085
346086
346087
346088
346089
346090
346091
346092
346093
346094
346095
346096
346097
346098
346099
346100
346101
346102
346103
346104
346105
346106
346107
346108
346109
346110
346111
346112
346113
346114
346115
346116
346117
346118
346119
346120
346121
346122
346123
346124
346125
346126
346127
346128
346129
346130
346131
346132
346133
346134
346135
346136
346137
346138
346139
346140
346141
346142
346143
346144
346145
346146
346147
346148
346149
346150
346151
346152
346153
346154
346155
346156
346157
346158
346159
346160
346161
346162
346163
346164
346165
346166
346167
346168
346169
346170
346171
346172
346173
346174
346175
346176
346177
346178
346179
346180
346181
346182
346183
346184
346185
346186
346187
346188
346189
346190
346191
346192
346193
346194
346195
346196
346197
346198
346199
346200
346201
346202
346203
346204
346205
346206
346207
346208
346209
346210
346211
346212
346213
346214
346215
346216
346217
346218
346219
346220
346221
346222
346223
346224
346225
346226
346227
346228
346229
346230
346231
346232
346233
346234
346235
346236
346237
346238
346239
346240
346241
346242
346243
346244
346245
346246
346247
346248
346249
346250
346251
346252
346253
346254
346255
346256
346257
346258
346259
346260
346261
346262
346263
346264
346265
346266
346267
346268
346269
346270
346271
346272
346273
346274
346275
346276
346277
346278
346279
346280
346281
346282
346283
346284
346285
346286
346287
346288
346289
346290
346291
346292
346293
346294
346295
346296
346297
346298
346299
346300
346301
346302
346303
346304
346305
346306
346307
346308
346309
346310
346311
346312
346313
346314
346315
346316
346317
346318
346319
346320
346321
346322
346323
346324
346325
346326
346327
346328
346329
346330
346331
346332
346333
346334
346335
346336
346337
346338
346339
346340
346341
346342
346343
346344
346345
346346
346347
346348
346349
346350
346351
346352
346353
346354
346355
346356
346357
346358
346359
346360
346361
346362
346363
346364
346365
346366
346367
346368
346369
346370
346371
346372
346373
346374
346375
346376
346377
346378
346379
346380
346381
346382
346383
346384
346385
346386
346387
346388
346389
346390
346391
346392
346393
346394
346395
346396
346397
346398
346399
346400
346401
346402
346403
346404
346405
346406
346407
346408
346409
346410
346411
346412
346413
346414
346415
346416
346417
346418
346419
346420
346421
346422
346423
346424
346425
346426
346427
346428
346429
346430
346431
346432
346433
346434
346435
346436
346437
346438
346439
346440
346441
346442
346443
346444
346445
346446
346447
346448
346449
346450
346451
346452
346453
346454
346455
346456
346457
346458
346459
346460
346461
346462
346463
346464
346465
346466
346467
346468
346469
346470
346471
346472
346473
346474
346475
346476
346477
346478
346479
346480
346481
346482
346483
346484
346485
346486
346487
346488
346489
346490
346491
346492
346493
346494
346495
346496
346497
346498
346499
346500
346501
346502
346503
346504
346505
346506
346507
346508
346509
346510
346511
346512
346513
346514
346515
346516
346517
346518
346519
346520
346521
346522
346523
346524
346525
346526
346527
346528
346529
346530
346531
346532
346533
346534
346535
346536
346537
346538
346539
346540
346541
346542
346543
346544
346545
346546
346547
346548
346549
346550
346551
346552
346553
346554
346555
346556
346557
346558
346559
346560
346561
346562
346563
346564
346565
346566
346567
346568
346569
346570
346571
346572
346573
346574
346575
346576
346577
346578
346579
346580
346581
346582
346583
346584
346585
346586
346587
346588
346589
346590
346591
346592
346593
346594
346595
346596
346597
346598
346599
346600
346601
346602
346603
346604
346605
346606
346607
346608
346609
346610
346611
346612
346613
346614
346615
346616
346617
346618
346619
346620
346621
346622
346623
346624
346625
346626
346627
346628
346629
346630
346631
346632
346633
346634
346635
346636
346637
346638
346639
346640
346641
346642
346643
346644
346645
346646
346647
346648
346649
346650
346651
346652
346653
346654
346655
346656
346657
346658
346659
346660
346661
346662
346663
346664
346665
346666
346667
346668
346669
346670
346671
346672
346673
346674
346675
346676
346677
346678
346679
346680
346681
346682
346683
346684
346685
346686
346687
346688
346689
346690
346691
346692
346693
346694
346695
346696
346697
346698
346699
346700
346701
346702
346703
346704
346705
346706
346707
346708
346709
346710
346711
346712
346713
346714
346715
346716
346717
346718
346719
346720
346721
346722
346723
346724
346725
346726
346727
346728
346729
346730
346731
346732
346733
346734
346735
346736
346737
346738
346739
346740
346741
346742
346743
346744
346745
346746
346747
346748
346749
346750
346751
346752
346753
346754
346755
346756
346757
346758
346759
346760
346761
346762
346763
346764
346765
346766
346767
346768
346769
346770
346771
346772
346773
346774
346775
346776
346777
346778
346779
346780
346781
346782
346783
346784
346785
346786
346787
346788
346789
346790
346791
346792
346793
346794
346795
346796
346797
346798
346799
346800
346801
346802
346803
346804
346805
346806
346807
346808
346809
346810
346811
346812
346813
346814
346815
346816
346817
346818
346819
346820
346821
346822
346823
346824
346825
346826
346827
346828
346829
346830
346831
346832
346833
346834
346835
346836
346837
346838
346839
346840
346841
346842
346843
346844
346845
346846
346847
346848
346849
346850
346851
346852
346853
346854
346855
346856
346857
346858
346859
346860
346861
346862
346863
346864
346865
346866
346867
346868
346869
346870
346871
346872
346873
346874
346875
346876
346877
346878
346879
346880
346881
346882
346883
346884
346885
346886
346887
346888
346889
346890
346891
346892
346893
346894
346895
346896
346897
346898
346899
346900
346901
346902
346903
346904
346905
346906
346907
346908
346909
346910
346911
346912
346913
346914
346915
346916
346917
346918
346919
346920
346921
346922
346923
346924
346925
346926
346927
346928
346929
346930
346931
346932
346933
346934
346935
346936
346937
346938
346939
346940
346941
346942
346943
346944
346945
346946
346947
346948
346949
346950
346951
346952
346953
346954
346955
346956
346957
346958
346959
346960
346961
346962
346963
346964
346965
346966
346967
346968
346969
346970
346971
346972
346973
346974
346975
346976
346977
346978
346979
346980
346981
346982
346983
346984
346985
346986
346987
346988
346989
346990
346991
346992
346993
346994
346995
346996
346997
346998
346999
347000
347001
347002
347003
347004
347005
347006
347007
347008
347009
347010
347011
347012
347013
347014
347015
347016
347017
347018
347019
347020
347021
347022
347023
347024
347025
347026
347027
347028
347029
347030
347031
347032
347033
347034
347035
347036
347037
347038
347039
347040
347041
347042
347043
347044
347045
347046
347047
347048
347049
347050
347051
347052
347053
347054
347055
347056
347057
347058
347059
347060
347061
347062
347063
347064
347065
347066
347067
347068
347069
347070
347071
347072
347073
347074
347075
347076
347077
347078
347079
347080
347081
347082
347083
347084
347085
347086
347087
347088
347089
347090
347091
347092
347093
347094
347095
347096
347097
347098
347099
347100
347101
347102
347103
347104
347105
347106
347107
347108
347109
347110
347111
347112
347113
347114
347115
347116
347117
347118
347119
347120
347121
347122
347123
347124
347125
347126
347127
347128
347129
347130
347131
347132
347133
347134
347135
347136
347137
347138
347139
347140
347141
347142
347143
347144
347145
347146
347147
347148
347149
347150
347151
347152
347153
347154
347155
347156
347157
347158
347159
347160
347161
347162
347163
347164
347165
347166
347167
347168
347169
347170
347171
347172
347173
347174
347175
347176
347177
347178
347179
347180
347181
347182
347183
347184
347185
347186
347187
347188
347189
347190
347191
347192
347193
347194
347195
347196
347197
347198
347199
347200
347201
347202
347203
347204
347205
347206
347207
347208
347209
347210
347211
347212
347213
347214
347215
347216
347217
347218
347219
347220
347221
347222
347223
347224
347225
347226
347227
347228
347229
347230
347231
347232
347233
347234
347235
347236
347237
347238
347239
347240
347241
347242
347243
347244
347245
347246
347247
347248
347249
347250
347251
347252
347253
347254
347255
347256
347257
347258
347259
347260
347261
347262
347263
347264
347265
347266
347267
347268
347269
347270
347271
347272
347273
347274
347275
347276
347277
347278
347279
347280
347281
347282
347283
347284
347285
347286
347287
347288
347289
347290
347291
347292
347293
347294
347295
347296
347297
347298
347299
347300
347301
347302
347303
347304
347305
347306
347307
347308
347309
347310
347311
347312
347313
347314
347315
347316
347317
347318
347319
347320
347321
347322
347323
347324
347325
347326
347327
347328
347329
347330
347331
347332
347333
347334
347335
347336
347337
347338
347339
347340
347341
347342
347343
347344
347345
347346
347347
347348
347349
347350
347351
347352
347353
347354
347355
347356
347357
347358
347359
347360
347361
347362
347363
347364
347365
347366
347367
347368
347369
347370
347371
347372
347373
347374
347375
347376
347377
347378
347379
347380
347381
347382
347383
347384
347385
347386
347387
347388
347389
347390
347391
347392
347393
347394
347395
347396
347397
347398
347399
347400
347401
347402
347403
347404
347405
347406
347407
347408
347409
347410
347411
347412
347413
347414
347415
347416
347417
347418
347419
347420
347421
347422
347423
347424
347425
347426
347427
347428
347429
347430
347431
347432
347433
347434
347435
347436
347437
347438
347439
347440
347441
347442
347443
347444
347445
347446
347447
347448
347449
347450
347451
347452
347453
347454
347455
347456
347457
347458
347459
347460
347461
347462
347463
347464
347465
347466
347467
347468
347469
347470
347471
347472
347473
347474
347475
347476
347477
347478
347479
347480
347481
347482
347483
347484
347485
347486
347487
347488
347489
347490
347491
347492
347493
347494
347495
347496
347497
347498
347499
347500
347501
347502
347503
347504
347505
347506
347507
347508
347509
347510
347511
347512
347513
347514
347515
347516
347517
347518
347519
347520
347521
347522
347523
347524
347525
347526
347527
347528
347529
347530
347531
347532
347533
347534
347535
347536
347537
347538
347539
347540
347541
347542
347543
347544
347545
347546
347547
347548
347549
347550
347551
347552
347553
347554
347555
347556
347557
347558
347559
347560
347561
347562
347563
347564
347565
347566
347567
347568
347569
347570
347571
347572
347573
347574
347575
347576
347577
347578
347579
347580
347581
347582
347583
347584
347585
347586
347587
347588
347589
347590
347591
347592
347593
347594
347595
347596
347597
347598
347599
347600
347601
347602
347603
347604
347605
347606
347607
347608
347609
347610
347611
347612
347613
347614
347615
347616
347617
347618
347619
347620
347621
347622
347623
347624
347625
347626
347627
347628
347629
347630
347631
347632
347633
347634
347635
347636
347637
347638
347639
347640
347641
347642
347643
347644
347645
347646
347647
347648
347649
347650
347651
347652
347653
347654
347655
347656
347657
347658
347659
347660
347661
347662
347663
347664
347665
347666
347667
347668
347669
347670
347671
347672
347673
347674
347675
347676
347677
347678
347679
347680
347681
347682
347683
347684
347685
347686
347687
347688
347689
347690
347691
347692
347693
347694
347695
347696
347697
347698
347699
347700
347701
347702
347703
347704
347705
347706
347707
347708
347709
347710
347711
347712
347713
347714
347715
347716
347717
347718
347719
347720
347721
347722
347723
347724
347725
347726
347727
347728
347729
347730
347731
347732
347733
347734
347735
347736
347737
347738
347739
347740
347741
347742
347743
347744
347745
347746
347747
347748
347749
347750
347751
347752
347753
347754
347755
347756
347757
347758
347759
347760
347761
347762
347763
347764
347765
347766
347767
347768
347769
347770
347771
347772
347773
347774
347775
347776
347777
347778
347779
347780
347781
347782
347783
347784
347785
347786
347787
347788
347789
347790
347791
347792
347793
347794
347795
347796
347797
347798
347799
347800
347801
347802
347803
347804
347805
347806
347807
347808
347809
347810
347811
347812
347813
347814
347815
347816
347817
347818
347819
347820
347821
347822
347823
347824
347825
347826
347827
347828
347829
347830
347831
347832
347833
347834
347835
347836
347837
347838
347839
347840
347841
347842
347843
347844
347845
347846
347847
347848
347849
347850
347851
347852
347853
347854
347855
347856
347857
347858
347859
347860
347861
347862
347863
347864
347865
347866
347867
347868
347869
347870
347871
347872
347873
347874
347875
347876
347877
347878
347879
347880
347881
347882
347883
347884
347885
347886
347887
347888
347889
347890
347891
347892
347893
347894
347895
347896
347897
347898
347899
347900
347901
347902
347903
347904
347905
347906
347907
347908
347909
347910
347911
347912
347913
347914
347915
347916
347917
347918
347919
347920
347921
347922
347923
347924
347925
347926
347927
347928
347929
347930
347931
347932
347933
347934
347935
347936
347937
347938
347939
347940
347941
347942
347943
347944
347945
347946
347947
347948
347949
347950
347951
347952
347953
347954
347955
347956
347957
347958
347959
347960
347961
347962
347963
347964
347965
347966
347967
347968
347969
347970
347971
347972
347973
347974
347975
347976
347977
347978
347979
347980
347981
347982
347983
347984
347985
347986
347987
347988
347989
347990
347991
347992
347993
347994
347995
347996
347997
347998
347999
348000
348001
348002
348003
348004
348005
348006
348007
348008
348009
348010
348011
348012
348013
348014
348015
348016
348017
348018
348019
348020
348021
348022
348023
348024
348025
348026
348027
348028
348029
348030
348031
348032
348033
348034
348035
348036
348037
348038
348039
348040
348041
348042
348043
348044
348045
348046
348047
348048
348049
348050
348051
348052
348053
348054
348055
348056
348057
348058
348059
348060
348061
348062
348063
348064
348065
348066
348067
348068
348069
348070
348071
348072
348073
348074
348075
348076
348077
348078
348079
348080
348081
348082
348083
348084
348085
348086
348087
348088
348089
348090
348091
348092
348093
348094
348095
348096
348097
348098
348099
348100
348101
348102
348103
348104
348105
348106
348107
348108
348109
348110
348111
348112
348113
348114
348115
348116
348117
348118
348119
348120
348121
348122
348123
348124
348125
348126
348127
348128
348129
348130
348131
348132
348133
348134
348135
348136
348137
348138
348139
348140
348141
348142
348143
348144
348145
348146
348147
348148
348149
348150
348151
348152
348153
348154
348155
348156
348157
348158
348159
348160
348161
348162
348163
348164
348165
348166
348167
348168
348169
348170
348171
348172
348173
348174
348175
348176
348177
348178
348179
348180
348181
348182
348183
348184
348185
348186
348187
348188
348189
348190
348191
348192
348193
348194
348195
348196
348197
348198
348199
348200
348201
348202
348203
348204
348205
348206
348207
348208
348209
348210
348211
348212
348213
348214
348215
348216
348217
348218
348219
348220
348221
348222
348223
348224
348225
348226
348227
348228
348229
348230
348231
348232
348233
348234
348235
348236
348237
348238
348239
348240
348241
348242
348243
348244
348245
348246
348247
348248
348249
348250
348251
348252
348253
348254
348255
348256
348257
348258
348259
348260
348261
348262
348263
348264
348265
348266
348267
348268
348269
348270
348271
348272
348273
348274
348275
348276
348277
348278
348279
348280
348281
348282
348283
348284
348285
348286
348287
348288
348289
348290
348291
348292
348293
348294
348295
348296
348297
348298
348299
348300
348301
348302
348303
348304
348305
348306
348307
348308
348309
348310
348311
348312
348313
348314
348315
348316
348317
348318
348319
348320
348321
348322
348323
348324
348325
348326
348327
348328
348329
348330
348331
348332
348333
348334
348335
348336
348337
348338
348339
348340
348341
348342
348343
348344
348345
348346
348347
348348
348349
348350
348351
348352
348353
348354
348355
348356
348357
348358
348359
348360
348361
348362
348363
348364
348365
348366
348367
348368
348369
348370
348371
348372
348373
348374
348375
348376
348377
348378
348379
348380
348381
348382
348383
348384
348385
348386
348387
348388
348389
348390
348391
348392
348393
348394
348395
348396
348397
348398
348399
348400
348401
348402
348403
348404
348405
348406
348407
348408
348409
348410
348411
348412
348413
348414
348415
348416
348417
348418
348419
348420
348421
348422
348423
348424
348425
348426
348427
348428
348429
348430
348431
348432
348433
348434
348435
348436
348437
348438
348439
348440
348441
348442
348443
348444
348445
348446
348447
348448
348449
348450
348451
348452
348453
348454
348455
348456
348457
348458
348459
348460
348461
348462
348463
348464
348465
348466
348467
348468
348469
348470
348471
348472
348473
348474
348475
348476
348477
348478
348479
348480
348481
348482
348483
348484
348485
348486
348487
348488
348489
348490
348491
348492
348493
348494
348495
348496
348497
348498
348499
348500
348501
348502
348503
348504
348505
348506
348507
348508
348509
348510
348511
348512
348513
348514
348515
348516
348517
348518
348519
348520
348521
348522
348523
348524
348525
348526
348527
348528
348529
348530
348531
348532
348533
348534
348535
348536
348537
348538
348539
348540
348541
348542
348543
348544
348545
348546
348547
348548
348549
348550
348551
348552
348553
348554
348555
348556
348557
348558
348559
348560
348561
348562
348563
348564
348565
348566
348567
348568
348569
348570
348571
348572
348573
348574
348575
348576
348577
348578
348579
348580
348581
348582
348583
348584
348585
348586
348587
348588
348589
348590
348591
348592
348593
348594
348595
348596
348597
348598
348599
348600
348601
348602
348603
348604
348605
348606
348607
348608
348609
348610
348611
348612
348613
348614
348615
348616
348617
348618
348619
348620
348621
348622
348623
348624
348625
348626
348627
348628
348629
348630
348631
348632
348633
348634
348635
348636
348637
348638
348639
348640
348641
348642
348643
348644
348645
348646
348647
348648
348649
348650
348651
348652
348653
348654
348655
348656
348657
348658
348659
348660
348661
348662
348663
348664
348665
348666
348667
348668
348669
348670
348671
348672
348673
348674
348675
348676
348677
348678
348679
348680
348681
348682
348683
348684
348685
348686
348687
348688
348689
348690
348691
348692
348693
348694
348695
348696
348697
348698
348699
348700
348701
348702
348703
348704
348705
348706
348707
348708
348709
348710
348711
348712
348713
348714
348715
348716
348717
348718
348719
348720
348721
348722
348723
348724
348725
348726
348727
348728
348729
348730
348731
348732
348733
348734
348735
348736
348737
348738
348739
348740
348741
348742
348743
348744
348745
348746
348747
348748
348749
348750
348751
348752
348753
348754
348755
348756
348757
348758
348759
348760
348761
348762
348763
348764
348765
348766
348767
348768
348769
348770
348771
348772
348773
348774
348775
348776
348777
348778
348779
348780
348781
348782
348783
348784
348785
348786
348787
348788
348789
348790
348791
348792
348793
348794
348795
348796
348797
348798
348799
348800
348801
348802
348803
348804
348805
348806
348807
348808
348809
348810
348811
348812
348813
348814
348815
348816
348817
348818
348819
348820
348821
348822
348823
348824
348825
348826
348827
348828
348829
348830
348831
348832
348833
348834
348835
348836
348837
348838
348839
348840
348841
348842
348843
348844
348845
348846
348847
348848
348849
348850
348851
348852
348853
348854
348855
348856
348857
348858
348859
348860
348861
348862
348863
348864
348865
348866
348867
348868
348869
348870
348871
348872
348873
348874
348875
348876
348877
348878
348879
348880
348881
348882
348883
348884
348885
348886
348887
348888
348889
348890
348891
348892
348893
348894
348895
348896
348897
348898
348899
348900
348901
348902
348903
348904
348905
348906
348907
348908
348909
348910
348911
348912
348913
348914
348915
348916
348917
348918
348919
348920
348921
348922
348923
348924
348925
348926
348927
348928
348929
348930
348931
348932
348933
348934
348935
348936
348937
348938
348939
348940
348941
348942
348943
348944
348945
348946
348947
348948
348949
348950
348951
348952
348953
348954
348955
348956
348957
348958
348959
348960
348961
348962
348963
348964
348965
348966
348967
348968
348969
348970
348971
348972
348973
348974
348975
348976
348977
348978
348979
348980
348981
348982
348983
348984
348985
348986
348987
348988
348989
348990
348991
348992
348993
348994
348995
348996
348997
348998
348999
349000
349001
349002
349003
349004
349005
349006
349007
349008
349009
349010
349011
349012
349013
349014
349015
349016
349017
349018
349019
349020
349021
349022
349023
349024
349025
349026
349027
349028
349029
349030
349031
349032
349033
349034
349035
349036
349037
349038
349039
349040
349041
349042
349043
349044
349045
349046
349047
349048
349049
349050
349051
349052
349053
349054
349055
349056
349057
349058
349059
349060
349061
349062
349063
349064
349065
349066
349067
349068
349069
349070
349071
349072
349073
349074
349075
349076
349077
349078
349079
349080
349081
349082
349083
349084
349085
349086
349087
349088
349089
349090
349091
349092
349093
349094
349095
349096
349097
349098
349099
349100
349101
349102
349103
349104
349105
349106
349107
349108
349109
349110
349111
349112
349113
349114
349115
349116
349117
349118
349119
349120
349121
349122
349123
349124
349125
349126
349127
349128
349129
349130
349131
349132
349133
349134
349135
349136
349137
349138
349139
349140
349141
349142
349143
349144
349145
349146
349147
349148
349149
349150
349151
349152
349153
349154
349155
349156
349157
349158
349159
349160
349161
349162
349163
349164
349165
349166
349167
349168
349169
349170
349171
349172
349173
349174
349175
349176
349177
349178
349179
349180
349181
349182
349183
349184
349185
349186
349187
349188
349189
349190
349191
349192
349193
349194
349195
349196
349197
349198
349199
349200
349201
349202
349203
349204
349205
349206
349207
349208
349209
349210
349211
349212
349213
349214
349215
349216
349217
349218
349219
349220
349221
349222
349223
349224
349225
349226
349227
349228
349229
349230
349231
349232
349233
349234
349235
349236
349237
349238
349239
349240
349241
349242
349243
349244
349245
349246
349247
349248
349249
349250
349251
349252
349253
349254
349255
349256
349257
349258
349259
349260
349261
349262
349263
349264
349265
349266
349267
349268
349269
349270
349271
349272
349273
349274
349275
349276
349277
349278
349279
349280
349281
349282
349283
349284
349285
349286
349287
349288
349289
349290
349291
349292
349293
349294
349295
349296
349297
349298
349299
349300
349301
349302
349303
349304
349305
349306
349307
349308
349309
349310
349311
349312
349313
349314
349315
349316
349317
349318
349319
349320
349321
349322
349323
349324
349325
349326
349327
349328
349329
349330
349331
349332
349333
349334
349335
349336
349337
349338
349339
349340
349341
349342
349343
349344
349345
349346
349347
349348
349349
349350
349351
349352
349353
349354
349355
349356
349357
349358
349359
349360
349361
349362
349363
349364
349365
349366
349367
349368
349369
349370
349371
349372
349373
349374
349375
349376
349377
349378
349379
349380
349381
349382
349383
349384
349385
349386
349387
349388
349389
349390
349391
349392
349393
349394
349395
349396
349397
349398
349399
349400
349401
349402
349403
349404
349405
349406
349407
349408
349409
349410
349411
349412
349413
349414
349415
349416
349417
349418
349419
349420
349421
349422
349423
349424
349425
349426
349427
349428
349429
349430
349431
349432
349433
349434
349435
349436
349437
349438
349439
349440
349441
349442
349443
349444
349445
349446
349447
349448
349449
349450
349451
349452
349453
349454
349455
349456
349457
349458
349459
349460
349461
349462
349463
349464
349465
349466
349467
349468
349469
349470
349471
349472
349473
349474
349475
349476
349477
349478
349479
349480
349481
349482
349483
349484
349485
349486
349487
349488
349489
349490
349491
349492
349493
349494
349495
349496
349497
349498
349499
349500
349501
349502
349503
349504
349505
349506
349507
349508
349509
349510
349511
349512
349513
349514
349515
349516
349517
349518
349519
349520
349521
349522
349523
349524
349525
349526
349527
349528
349529
349530
349531
349532
349533
349534
349535
349536
349537
349538
349539
349540
349541
349542
349543
349544
349545
349546
349547
349548
349549
349550
349551
349552
349553
349554
349555
349556
349557
349558
349559
349560
349561
349562
349563
349564
349565
349566
349567
349568
349569
349570
349571
349572
349573
349574
349575
349576
349577
349578
349579
349580
349581
349582
349583
349584
349585
349586
349587
349588
349589
349590
349591
349592
349593
349594
349595
349596
349597
349598
349599
349600
349601
349602
349603
349604
349605
349606
349607
349608
349609
349610
349611
349612
349613
349614
349615
349616
349617
349618
349619
349620
349621
349622
349623
349624
349625
349626
349627
349628
349629
349630
349631
349632
349633
349634
349635
349636
349637
349638
349639
349640
349641
349642
349643
349644
349645
349646
349647
349648
349649
349650
349651
349652
349653
349654
349655
349656
349657
349658
349659
349660
349661
349662
349663
349664
349665
349666
349667
349668
349669
349670
349671
349672
349673
349674
349675
349676
349677
349678
349679
349680
349681
349682
349683
349684
349685
349686
349687
349688
349689
349690
349691
349692
349693
349694
349695
349696
349697
349698
349699
349700
349701
349702
349703
349704
349705
349706
349707
349708
349709
349710
349711
349712
349713
349714
349715
349716
349717
349718
349719
349720
349721
349722
349723
349724
349725
349726
349727
349728
349729
349730
349731
349732
349733
349734
349735
349736
349737
349738
349739
349740
349741
349742
349743
349744
349745
349746
349747
349748
349749
349750
349751
349752
349753
349754
349755
349756
349757
351466
351467
351468
351469
351470
351471
351472
351473
351474
351475
351476
351477
351478
351479
351480
351481
351482
351483
351484
351485
351486
351487
351488
351489
351490
351491
351492
351493
351494
351495
351496
351497
351498
351499
351500
351501
351502
351503
351504
351505
351506
351507
351508
351509
351510
351511
351512
351513
351514
351515
351516
351517
351518
351519
351520
351521
351522
351523
351524
351525
351526
351527
351528
351529
351530
351531
351532
351533
351534
351535
351536
351537
351538
351539
351540
351541
351542
351543
351544
351545
351546
351547
351548
351549
351550
351551
351552
351553
351554
351555
351556
351557
351558
351559
351560
351561
351562
351563
351564
351565
351566
351567
351568
351569
351570
351571
351572
351573
351574
351575
351576
351577
351578
351579
351580
351581
351582
351583
351584
351585
351586
351587
351588
351589
351590
351591
351592
351593
351594
351595
351596
351597
351598
351599
351600
351601
351602
351603
351604
351605
351606
351607
351608
351609
351610
351611
351612
351613
351614
351615
351616
351617
351618
351619
351620
351621
351622
351623
351624
351625
351626
351627
351628
351629
351630
351631
351632
351633
351634
351635
351636
351637
351638
351639
351640
351641
351642
351643
351644
351645
351646
351647
351648
351649
351650
351651
351652
351653
351654
351655
351656
351657
351658
351659
351660
351661
351662
351663
351664
351665
351666
351667
351668
351669
351670
351671
351672
351673
351674
351675
351676
351677
351678
351679
351680
351681
351682
351683
351684
351685
351686
351687
351688
351689
351690
351691
351692
351693
351694
351695
351696
351697
351698
351699
351700
351701
351702
351703
351704
351705
351706
351707
351708
351709
351710
351711
351712
351713
351714
351715
351716
351717
351718
351719
351720
351721
351722
351723
351724
351725
351726
351727
351728
351729
351730
351731
351732
351733
351734
351735
351736
351737
351738
351739
351740
351741
351742
351743
351744
351745
351746
351747
351748
351749
351750
351751
351752
351753
351754
351755
351756
351757
351758
351759
351760
351761
351762
351763
351764
351765
351766
351767
351768
351769
351770
351771
351772
351773
351774
351775
351776
351777
351778
351779
351780
351781
351782
351783
351784
351785
351786
351787
351788
351789
351790
351791
351792
351793
351794
351795
351796
351797
351798
351799
351800
351801
351802
351803
351804
351805
351806
351807
351808
351809
351810
351811
351812
351813
351814
351815
351816
351817
351818
351819
351820
351821
351822
351823
351824
351825
351826
351827
351828
351829
351830
351831
351832
351833
351834
351835
351836
351837
351838
351839
351840
351841
351842
351843
351844
351845
351846
351847
351848
351849
351850
351851
351852
351853
351854
351855
351856
351857
351858
351859
351860
351861
351862
351863
351864
351865
351866
351867
351868
351869
351870
351871
351872
351873
351874
351875
351876
351877
351878
351879
351880
351881
351882
351883
351884
351885
351886
351887
351888
351889
351890
351891
351892
351893
351894
351895
351896
351897
351898
351899
351900
351901
351902
351903
351904
351905
351906
351907
351908
351909
351910
351911
351912
351913
351914
351915
351916
351917
351918
351919
351920
351921
351922
351923
351924
351925
351926
351927
351928
351929
351930
351931
351932
351933
351934
351935
351936
351937
351938
351939
351940
351941
351942
351943
351944
351945
351946
351947
351948
351949
351950
351951
351952
351953
351954
351955
351956
351957
351958
351959
351960
351961
351962
351963
351964
351965
351966
351967
351968
351969
351970
351971
351972
351973
351974
351975
351976
351977
351978
351979
351980
351981
351982
351983
351984
351985
351986
351987
351988
351989
351990
351991
351992
351993
351994
351995
351996
351997
351998
351999
352000
352001
352002
352003
352004
352005
352006
352007
352008
352009
352010
352011
352012
352013
352014
352015
352016
352017
352018
352019
352020
352021
352022
352023
352024
352025
352026
352027
352028
352029
352030
352031
352032
352033
352034
352035
352036
352037
352038
352039
352040
352041
352042
352043
352044
352045
352046
352047
352048
352049
352050
352051
352052
352053
352054
352055
352056
352057
352058
352059
352060
352061
352062
352063
352064
352065
352066
352067
352068
352069
352070
352071
352072
352073
352074
352075
352076
352077
352078
352079
352080
352081
352082
352083
352084
352085
352086
352087
352088
352089
352090
352091
352092
352093
352094
352095
352096
352097
352098
352099
352100
352101
352102
352103
352104
352105
352106
352107
352108
352109
352110
352111
352112
352113
352114
352115
352116
352117
352118
352119
352120
352121
352122
352123
352124
352125
352126
352127
352128
352129
352130
352131
352132
352133
352134
352135
352136
352137
352138
352139
352140
352141
352142
352143
352144
352145
352146
352147
352148
352149
352150
352151
352152
352153
352154
352155
352156
352157
352158
352159
352160
352161
352162
352163
352164
352165
352166
352167
352168
352169
352170
352171
352172
352173
352174
352175
352176
352177
352178
352179
352180
352181
352182
352183
352184
352185
352186
352187
352188
352189
352190
352191
352192
352193
352194
352195
352196
352197
352198
352199
352200
352201
352202
352203
352204
352205
352206
352207
352208
352209
352210
352211
352212
352213
352214
352215
352216
352217
352218
352219
352220
352221
352222
352223
352224
352225
352226
352227
352228
352229
352230
352231
352232
352233
352234
352235
352236
352237
352238
352239
352240
352241
352242
352243
352244
352245
352246
352247
352248
352249
352250
352251
352252
352253
352254
352255
352256
352257
352258
352259
352260
352261
352262
352263
352264
352265
352266
352267
352268
352269
352270
352271
352272
352273
352274
352275
352276
352277
352278
352279
352280
352281
352282
352283
352284
352285
352286
352287
352288
352289
352290
352291
352292
352293
352294
352295
352296
352297
352298
352299
352300
352301
352302
352303
352304
352305
352306
352307
352308
352309
352310
352311
352312
352313
352314
352315
352316
352317
352318
352319
352320
352321
352322
352323
352324
352325
352326
352327
352328
352329
352330
352331
352332
352333
352334
352335
352336
352337
352338
352339
352340
352341
352342
352343
352344
352345
352346
352347
352348
352349
352350
352351
352352
352353
352354
352355
352356
352357
352358
352359
352360
352361
352362
352363
352364
352365
352366
352367
352368
352369
352370
352371
352372
352373
352374
352375
352376
352377
352378
352379
352380
352381
352382
352383
352384
352385
352386
352387
352388
352389
352390
352391
352392
352393
352394
352395
352396
352397
352398
352399
352400
352401
352402
352403
352404
352405
352406
352407
352408
352409
352410
352411
352412
352413
352414
352415
352416
352417
352418
352419
352420
352421
352422
352423
352424
352425
352426
352427
352428
352429
352430
352431
352432
352433
352434
352435
352436
352437
352438
352439
352440
352441
352442
352443
352444
352445
352446
352447
352448
352449
352450
352451
352452
352453
352454
352455
352456
352457
352458
352459
352460
352461
352462
352463
352464
352465
352466
352467
352468
352469
352470
352471
352472
352473
352474
352475
352476
352477
352478
352479
352480
352481
352482
352483
352484
352485
352486
352487
352488
352489
352490
352491
352492
352493
352494
352495
352496
352497
352498
352499
352500
352501
352502
352503
352504
352505
352506
352507
352508
352509
352510
352511
352512
352513
352514
352515
352516
352517
352518
352519
352520
352521
352522
352523
352524
352525
352526
352527
352528
352529
352530
352531
352532
352533
352534
352535
352536
352537
352538
352539
352540
352541
352542
352543
352544
352545
352546
352547
352548
352549
352550
352551
352552
352553
352554
352555
352556
352557
352558
352559
352560
352561
352562
352563
352564
352565
352566
352567
352568
352569
352570
352571
352572
352573
352574
352575
352576
352577
352578
352579
352580
352581
352582
352583
352584
352585
352586
352587
352588
352589
352590
352591
352592
352593
352594
352595
352596
352597
352598
352599
352600
352601
352602
352603
352604
352605
352606
352607
352608
352609
352610
352611
352612
352613
352614
352615
352616
352617
352618
352619
352620
352621
352622
352623
352624
352625
352626
352627
352628
352629
352630
352631
352632
352633
352634
352635
352636
352637
352638
352639
352640
352641
352642
352643
352644
352645
352646
352647
352648
352649
352650
352651
352652
352653
352654
352655
352656
352657
352658
352659
352660
352661
352662
352663
352664
352665
352666
352667
352668
352669
352670
352671
352672
352673
352674
352675
352676
352677
352678
352679
352680
352681
352682
352683
352684
352685
352686
352687
352688
352689
352690
352691
352692
352693
352694
352695
352696
352697
352698
352699
352700
352701
352702
352703
352704
352705
352706
352707
352708
352709
352710
352711
352712
352713
352714
352715
352716
352717
352718
352719
352720
352721
352722
352723
352724
352725
352726
352727
352728
352729
352730
352731
352732
352733
352734
352735
352736
352737
352738
352739
352740
352741
352742
352743
352744
352745
352746
352747
352748
352749
352750
352751
352752
352753
352754
352755
352756
352757
352758
352759
352760
352761
352762
352763
352764
352765
352766
352767
352768
352769
352770
352771
352772
352773
352774
352775
352776
352777
352778
352779
352780
352781
352782
352783
352784
352785
352786
352787
352788
352789
352790
352791
352792
352793
352794
352795
352796
352797
352798
352799
352800
352801
352802
352803
352804
352805
352806
352807
352808
352809
352810
352811
352812
352813
352814
352815
352816
352817
352818
352819
352820
352821
352822
352823
352824
352825
352826
352827
352828
352829
352830
352831
352832
352833
352834
352835
352836
352837
352838
352839
352840
352841
352842
352843
352844
352845
352846
352847
352848
352849
352850
352851
352852
352853
352854
352855
352856
352857
352858
352859
352860
352861
352862
352863
352864
352865
352866
352867
352868
352869
352870
352871
352872
352873
352874
352875
352876
352877
352878
352879
352880
352881
352882
352883
352884
352885
352886
352887
352888
352889
352890
352891
352892
352893
352894
352895
352896
352897
352898
352899
352900
352901
352902
352903
352904
352905
352906
352907
352908
352909
352910
352911
352912
352913
352914
352915
352916
352917
352918
352919
352920
352921
352922
352923
352924
352925
352926
352927
352928
352929
352930
352931
352932
352933
352934
352935
352936
352937
352938
352939
352940
352941
352942
352943
352944
352945
352946
352947
352948
352949
352950
352951
352952
352953
352954
352955
352956
352957
352958
352959
352960
352961
352962
352963
352964
352965
352966
352967
352968
352969
352970
352971
352972
352973
352974
352975
352976
352977
352978
352979
352980
352981
352982
352983
352984
352985
352986
352987
352988
352989
352990
352991
352992
352993
352994
352995
352996
352997
352998
352999
353000
353001
353002
353003
353004
353005
353006
353007
353008
353009
353010
353011
353012
353013
353014
353015
353016
353017
353018
353019
353020
353021
353022
353023
353024
353025
353026
353027
353028
353029
353030
353031
353032
353033
353034
353035
353036
353037
353038
353039
353040
353041
353042
353043
353044
353045
353046
353047
353048
353049
353050
353051
353052
353053
353054
353055
353056
353057
353058
353059
353060
353061
353062
353063
353064
353065
353066
353067
353068
353069
353070
353071
353072
353073
353074
353075
353076
353077
353078
353079
353080
353081
353082
353083
353084
353085
353086
353087
353088
353089
353090
353091
353092
353093
353094
353095
353096
353097
353098
353099
353100
353101
353102
353103
353104
353105
353106
353107
353108
353109
353110
353111
353112
353113
353114
353115
353116
353117
353118
353119
353120
353121
353122
353123
353124
353125
353126
353127
353128
353129
353130
353131
353132
353133
353134
353135
353136
353137
353138
353139
353140
353141
353142
353143
353144
353145
353146
353147
353148
353149
353150
353151
353152
353153
353154
353155
353156
353157
353158
353159
353160
353161
353162
353163
353164
353165
353166
353167
353168
353169
353170
353171
353172
353173
353174
353175
353176
353177
353178
353179
353180
353181
353182
353183
353184
353185
353186
353187
353188
353189
353190
353191
353192
353193
353194
353195
353196
353197
353198
353199
353200
353201
353202
353203
353204
353205
353206
353207
353208
353209
353210
353211
353212
353213
353214
353215
353216
353217
353218
353219
353220
353221
353222
353223
353224
353225
353226
353227
353228
353229
353230
353231
353232
353233
353234
353235
353236
353237
353238
353239
353240
353241
353242
353243
353244
353245
353246
353247
353248
353249
353250
353251
353252
353253
353254
353255
353256
353257
353258
353259
353260
353261
353262
353263
353264
353265
353266
353267
353268
353269
353270
353271
353272
353273
353274
353275
353276
353277
353278
353279
353280
353281
353282
353283
353284
353285
353286
353287
353288
353289
353290
353291
353292
353293
353294
353295
353296
353297
353298
353299
353300
353301
353302
353303
353304
353305
353306
353307
353308
353309
353310
353311
353312
353313
353314
353315
353316
353317
353318
353319
353320
353321
353322
353323
353324
353325
353326
353327
353328
353329
353330
353331
353332
353333
353334
353335
353336
353337
353338
353339
353340
353341
353342
353343
353344
353345
353346
353347
353348
353349
353350
353351
353352
353353
353354
353355
353356
353357
353358
353359
353360
353361
353362
353363
353364
353365
353366
353367
353368
353369
353370
353371
353372
353373
353374
353375
353376
353377
353378
353379
353380
353381
353382
353383
353384
353385
353386
353387
353388
353389
353390
353391
353392
353393
353394
353395
353396
353397
353398
353399
353400
353401
353402
353403
353404
353405
353406
353407
353408
353409
353410
353411
353412
353413
353414
353415
353416
353417
353418
353419
353420
353421
353422
353423
353424
353425
353426
353427
353428
353429
353430
353431
353432
353433
353434
353435
353436
353437
353438
353439
353440
353441
353442
353443
353444
353445
353446
353447
353448
353449
353450
353451
353452
353453
353454
353455
353456
353457
353458
353459
353460
353461
353462
353463
353464
353465
353466
353467
353468
353469
353470
353471
353472
353473
353474
353475
353476
353477
353478
353479
353480
353481
353482
353483
353484
353485
353486
353487
353488
353489
353490
353491
353492
353493
353494
353495
353496
353497
353498
353499
353500
353501
353502
353503
353504
353505
353506
353507
353508
353509
353510
353511
353512
353513
353514
353515
353516
353517
353518
353519
353520
353521
353522
353523
353524
353525
353526
353527
353528
353529
353530
353531
353532
353533
353534
353535
353536
353537
353538
353539
353540
353541
353542
353543
353544
353545
353546
353547
353548
353549
353550
353551
353552
353553
353554
353555
353556
353557
353558
353559
353560
353561
353562
353563
353564
353565
353566
353567
353568
353569
353570
353571
353572
353573
353574
353575
353576
353577
353578
353579
353580
353581
353582
353583
353584
353585
353586
353587
353588
353589
353590
353591
353592
353593
353594
353595
353596
353597
353598
353599
353600
353601
353602
353603
353604
353605
353606
353607
353608
353609
353610
353611
353612
353613
353614
353615
353616
353617
353618
353619
353620
353621
353622
353623
353624
353625
353626
353627
353628
353629
353630
353631
353632
353633
353634
353635
353636
353637
353638
353639
353640
353641
353642
353643
353644
353645
353646
353647
353648
353649
353650
353651
353652
353653
353654
353655
353656
353657
353658
353659
353660
353661
353662
353663
353664
353665
353666
353667
353668
353669
353670
353671
353672
353673
353674
353675
353676
353677
353678
353679
353680
353681
353682
353683
353684
353685
353686
353687
353688
353689
353690
353691
353692
353693
353694
353695
353696
353697
353698
353699
353700
353701
353702
353703
353704
353705
353706
353707
353708
353709
353710
353711
353712
353713
353714
353715
353716
353717
353718
353719
353720
353721
353722
353723
353724
353725
353726
353727
353728
353729
353730
353731
353732
353733
353734
353735
353736
353737
353738
353739
353740
353741
353742
353743
353744
353745
353746
353747
353748
353749
353750
353751
353752
353753
353754
353755
353756
353757
353758
353759
353760
353761
353762
353763
353764
353765
353766
353767
353768
353769
353770
353771
353772
353773
353774
353775
353776
353777
353778
353779
353780
353781
353782
353783
353784
353785
353786
353787
353788
353789
353790
353791
353792
353793
353794
353795
353796
353797
353798
353799
353800
353801
353802
353803
353804
353805
353806
353807
353808
353809
353810
353811
353812
353813
353814
353815
353816
353817
353818
353819
353820
353821
353822
353823
353824
353825
353826
353827
353828
353829
353830
353831
353832
353833
353834
353835
353836
353837
353838
353839
353840
353841
353842
353843
353844
353845
353846
353847
353848
353849
353850
353851
353852
353853
353854
353855
353856
353857
353858
353859
353860
353861
353862
353863
353864
353865
353866
353867
353868
353869
353870
353871
353872
353873
353874
353875
353876
353877
353878
353879
353880
353881
353882
353883
353884
353885
353886
353887
353888
353889
353890
353891
353892
353893
353894
353895
353896
353897
353898
353899
353900
353901
353902
353903
353904
353905
353906
353907
353908
353909
353910
353911
353912
353913
353914
353915
353916
353917
353918
353919
353920
353921
353922
353923
353924
353925
353926
353927
353928
353929
353930
353931
353932
353933
353934
353935
353936
353937
353938
353939
353940
353941
353942
353943
353944
353945
353946
353947
353948
353949
353950
353951
353952
353953
353954
353955
353956
353957
353958
353959
353960
353961
353962
353963
353964
353965
353966
353967
353968
353969
353970
353971
353972
353973
353974
353975
353976
353977
353978
353979
353980
353981
353982
353983
353984
353985
353986
353987
353988
353989
353990
353991
353992
353993
353994
353995
353996
353997
353998
353999
354000
354001
354002
354003
354004
354005
354006
354007
354008
354009
354010
354011
354012
354013
354014
354015
354016
354017
354018
354019
354020
354021
354022
354023
354024
354025
354026
354027
354028
354029
354030
354031
354032
354033
354034
354035
354036
354037
354038
354039
354040
354041
354042
354043
354044
354045
354046
354047
354048
354049
354050
354051
354052
354053
354054
354055
354056
354057
354058
354059
354060
354061
354062
354063
354064
354065
354066
354067
354068
354069
354070
354071
354072
354073
354074
354075
354076
354077
354078
354079
354080
354081
354082
354083
354084
354085
354086
354087
354088
354089
354090
354091
354092
354093
354094
354095
354096
354097
354098
354099
354100
354101
354102
354103
354104
354105
354106
354107
354108
354109
354110
354111
354112
354113
354114
354115
354116
354117
354118
354119
354120
354121
354122
354123
354124
354125
354126
354127
354128
354129
354130
354131
354132
354133
354134
354135
354136
354137
354138
354139
354140
354141
354142
354143
354144
354145
354146
354147
354148
354149
354150
354151
354152
354153
354154
354155
354156
354157
354158
354159
354160
354161
354162
354163
354164
354165
354166
354167
354168
354169
354170
354171
354172
354173
354174
354175
354176
354177
354178
354179
354180
354181
354182
354183
354184
354185
354186
354187
354188
354189
354190
354191
354192
354193
354194
354195
354196
354197
354198
354199
354200
354201
354202
354203
354204
354205
354206
354207
354208
354209
354210
354211
354212
354213
354214
354215
354216
354217
354218
354219
354220
354221
354222
354223
354224
354225
354226
354227
354228
354229
354230
354231
354232
354233
354234
354235
354236
354237
354238
354239
354240
354241
354242
354243
354244
354245
354246
354247
354248
354249
354250
354251
354252
354253
354254
354255
354256
354257
354258
354259
354260
354261
354262
354263
354264
354265
354266
354267
354268
354269
354270
354271
354272
354273
354274
354275
354276
354277
354278
354279
354280
354281
354282
354283
354284
354285
354286
354287
354288
354289
354290
354291
354292
354293
354294
354295
354296
354297
354298
354299
354300
354301
354302
354303
354304
354305
354306
354307
354308
354309
354310
354311
354312
354313
354314
354315
354316
354317
354318
354319
354320
354321
354322
354323
354324
354325
354326
354327
354328
354329
354330
354331
354332
354333
354334
354335
354336
354337
354338
354339
354340
354341
354342
354343
354344
354345
354346
354347
354348
354349
354350
354351
354352
354353
354354
354355
354356
354357
354358
354359
354360
354361
354362
354363
354364
354365
354366
354367
354368
354369
354370
354371
354372
354373
354374
354375
354376
354377
354378
354379
354380
354381
354382
354383
354384
354385
354386
354387
354388
354389
354390
354391
354392
354393
354394
354395
354396
354397
354398
354399
354400
354401
354402
354403
354404
354405
354406
354407
354408
354409
354410
354411
354412
354413
354414
354415
354416
354417
354418
354419
354420
354421
354422
354423
354424
354425
354426
354427
354428
354429
354430
354431
354432
354433
354434
354435
354436
354437
354438
354439
354440
354441
354442
354443
354444
354445
354446
354447
354448
354449
354450
354451
354452
354453
354454
354455
354456
354457
354458
354459
354460
354461
354462
354463
354464
354465
354466
354467
354468
354469
354470
354471
354472
354473
354474
354475
354476
354477
354478
354479
354480
354481
354482
354483
354484
354485
354486
354487
354488
354489
354490
354491
354492
354493
354494
354495
354496
354497
354498
354499
354500
354501
354502
354503
354504
354505
354506
354507
354508
354509
354510
354511
354512
354513
354514
354515
354516
354517
354518
354519
354520
354521
354522
354523
354524
354525
354526
354527
354528
354529
354530
354531
354532
354533
354534
354535
354536
354537
354538
354539
354540
354541
354542
354543
354544
354545
354546
354547
354548
354549
354550
354551
354552
354553
354554
354555
354556
354557
354558
354559
354560
354561
354562
354563
354564
354565
354566
354567
354568
354569
354570
354571
354572
354573
354574
354575
354576
354577
354578
354579
354580
354581
354582
354583
354584
354585
354586
354587
354588
354589
354590
354591
354592
354593
354594
354595
354596
354597
354598
354599
354600
354601
354602
354603
354604
354605
354606
354607
354608
354609
354610
354611
354612
354613
354614
354615
354616
354617
354618
354619
354620
354621
354622
354623
354624
354625
354626
354627
354628
354629
354630
354631
354632
354633
354634
354635
354636
354637
354638
354639
354640
354641
354642
354643
354644
354645
354646
354647
354648
354649
354650
354651
354652
354653
354654
354655
354656
354657
354658
354659
354660
354661
354662
354663
354664
354665
354666
354667
354668
354669
354670
354671
354672
354673
354674
354675
354676
354677
354678
354679
354680
354681
354682
354683
354684
354685
354686
354687
354688
354689
354690
354691
354692
354693
354694
354695
354696
354697
354698
354699
354700
354701
354702
354703
354704
354705
354706
354707
354708
354709
354710
354711
354712
354713
354714
354715
354716
354717
354718
354719
354720
354721
354722
354723
354724
354725
354726
354727
354728
354729
354730
354731
354732
354733
354734
354735
354736
354737
354738
354739
354740
354741
354742
354743
354744
354745
354746
354747
354748
354749
354750
354751
354752
354753
354754
354755
354756
354757
354758
354759
354760
354761
354762
354763
354764
354765
354766
354767
354768
354769
354770
354771
354772
354773
354774
354775
354776
354777
354778
354779
354780
354781
354782
354783
354784
354785
354786
354787
354788
354789
354790
354791
354792
354793
354794
354795
354796
354797
354798
354799
354800
354801
354802
354803
354804
354805
354806
354807
354808
354809
354810
354811
354812
354813
354814
354815
354816
354817
354818
354819
354820
354821
354822
354823
354824
354825
354826
354827
354828
354829
354830
354831
354832
354833
354834
354835
354836
354837
354838
354839
354840
354841
354842
354843
354844
354845
354846
354847
354848
354849
354850
354851
354852
354853
354854
354855
354856
354857
354858
354859
354860
354861
354862
354863
354864
354865
354866
354867
354868
354869
354870
354871
354872
354873
354874
354875
354876
354877
354878
354879
354880
354881
354882
354883
354884
354885
354886
354887
354888
354889
354890
354891
354892
354893
354894
354895
354896
354897
354898
354899
354900
354901
354902
354903
354904
354905
354906
354907
354908
354909
354910
354911
354912
354913
354914
354915
354916
354917
354918
354919
354920
354921
354922
354923
354924
354925
354926
354927
354928
354929
354930
354931
354932
354933
354934
354935
354936
354937
354938
354939
354940
354941
354942
354943
354944
354945
354946
354947
354948
354949
354950
354951
354952
354953
354954
354955
354956
354957
354958
354959
354960
354961
354962
354963
354964
354965
354966
354967
354968
354969
354970
354971
354972
354973
354974
354975
354976
354977
354978
354979
354980
354981
354982
354983
354984
354985
354986
354987
354988
354989
354990
354991
354992
354993
354994
354995
354996
354997
354998
354999
355000
355001
355002
355003
355004
355005
355006
355007
355008
355009
355010
355011
355012
355013
355014
355015
355016
355017
355018
355019
355020
355021
355022
355023
355024
355025
355026
355027
355028
355029
355030
355031
355032
355033
355034
355035
355036
355037
355038
355039
355040
355041
355042
355043
355044
355045
355046
355047
355048
355049
355050
355051
355052
355053
355054
355055
355056
355057
355058
355059
355060
355061
355062
355063
355064
355065
355066
355067
355068
355069
355070
355071
355072
355073
355074
355075
355076
355077
355078
355079
355080
355081
355082
355083
355084
355085
355086
355087
355088
355089
355090
355091
355092
355093
355094
355095
355096
355097
355098
355099
355100
355101
355102
355103
355104
355105
355106
355107
355108
355109
355110
355111
355112
355113
355114
355115
355116
355117
355118
355119
355120
355121
355122
355123
355124
355125
355126
355127
355128
355129
355130
355131
355132
355133
355134
355135
355136
355137
355138
355139
355140
355141
355142
355143
355144
355145
355146
355147
355148
355149
355150
355151
355152
355153
355154
355155
355156
355157
355158
355159
355160
355161
355162
355163
355164
355165
355166
355167
355168
355169
355170
355171
355172
355173
355174
355175
355176
355177
355178
355179
355180
355181
355182
355183
355184
355185
355186
355187
355188
355189
355190
355191
355192
355193
355194
355195
355196
355197
355198
355199
355200
355201
355202
355203
355204
355205
355206
355207
355208
355209
355210
355211
355212
355213
355214
355215
355216
355217
355218
355219
355220
355221
355222
355223
355224
355225
355226
355227
355228
355229
355230
355231
355232
355233
355234
355235
355236
355237
355238
355239
355240
355241
355242
355243
355244
355245
355246
355247
355248
355249
355250
355251
355252
355253
355254
355255
355256
355257
355258
355259
355260
355261
355262
355263
355264
355265
355266
355267
355268
355269
355270
355271
355272
355273
355274
355275
355276
355277
355278
355279
355280
355281
355282
355283
355284
355285
355286
355287
355288
355289
355290
355291
355292
355293
355294
355295
355296
355297
355298
355299
355300
355301
355302
355303
355304
355305
355306
355307
355308
355309
355310
355311
355312
355313
355314
355315
355316
355317
355318
355319
355320
355321
355322
355323
355324
355325
355326
355327
355328
355329
355330
355331
355332
355333
355334
355335
355336
355337
355338
355339
355340
355341
355342
355343
355344
355345
355346
355347
355348
355349
355350
355351
355352
355353
355354
355355
355356
355357
355358
355359
355360
355361
355362
355363
355364
355365
355366
355367
355368
355369
355370
355371
355372
355373
355374
355375
355376
355377
355378
355379
355380
355381
355382
355383
355384
355385
355386
355387
355388
355389
355390
355391
355392
355393
355394
355395
355396
355397
355398
355399
355400
355401
355402
355403
355404
355405
355406
355407
355408
355409
355410
355411
355412
355413
355414
355415
355416
355417
355418
355419
355420
355421
355422
355423
355424
355425
355426
355427
355428
355429
355430
355431
355432
355433
355434
355435
355436
355437
355438
355439
355440
355441
355442
355443
355444
355445
355446
355447
355448
355449
355450
355451
355452
355453
355454
355455
355456
355457
355458
355459
355460
355461
355462
355463
355464
355465
355466
355467
355468
355469
355470
355471
355472
355473
355474
355475
355476
355477
355478
355479
355480
355481
355482
355483
355484
355485
355486
355487
355488
355489
355490
355491
355492
355493
355494
355495
355496
355497
355498
355499
355500
355501
355502
355503
355504
355505
355506
355507
355508
355509
355510
355511
355512
355513
355514
355515
355516
355517
355518
355519
355520
355521
355522
355523
355524
355525
355526
355527
355528
355529
355530
355531
355532
355533
355534
355535
355536
355537
355538
355539
355540
355541
355542
355543
355544
355545
355546
355547
355548
355549
355550
355551
355552
355553
355554
355555
355556
355557
355558
355559
355560
355561
355562
355563
355564
355565
355566
355567
355568
355569
355570
355571
355572
355573
355574
355575
355576
355577
355578
355579
355580
355581
355582
355583
355584
355585
355586
355587
355588
355589
355590
355591
355592
355593
355594
355595
355596
355597
355598
355599
355600
355601
355602
355603
355604
355605
355606
355607
355608
355609
355610
355611
355612
355613
355614
355615
355616
355617
355618
355619
355620
355621
355622
355623
355624
355625
355626
355627
355628
355629
355630
355631
355632
355633
355634
355635
355636
355637
355638
355639
355640
355641
355642
355643
355644
355645
355646
355647
355648
355649
355650
355651
355652
355653
355654
355655
355656
355657
355658
355659
355660
355661
355662
355663
355664
355665
355666
355667
355668
355669
355670
355671
355672
355673
355674
355675
355676
355677
355678
355679
355680
355681
355682
355683
355684
355685
355686
355687
355688
355689
355690
355691
355692
355693
355694
355695
355696
355697
355698
355699
355700
355701
355702
355703
355704
355705
355706
355707
355708
355709
355710
355711
355712
355713
355714
355715
355716
355717
355718
355719
355720
355721
355722
355723
355724
355725
355726
355727
355728
355729
355730
355731
355732
355733
355734
355735
355736
355737
355738
355739
355740
355741
355742
355743
355744
355745
355746
355747
355748
355749
355750
355751
355752
355753
355754
355755
355756
355757
355758
355759
355760
355761
355762
355763
355764
355765
355766
355767
355768
355769
355770
355771
355772
355773
355774
355775
355776
355777
355778
355779
355780
355781
355782
355783
355784
355785
355786
355787
355788
355789
355790
355791
355792
355793
355794
355795
355796
355797
355798
355799
355800
355801
355802
355803
355804
355805
355806
355807
355808
355809
355810
355811
355812
355813
355814
355815
355816
355817
355818
355819
355820
355821
355822
355823
355824
355825
355826
355827
355828
355829
355830
355831
355832
355833
355834
355835
355836
355837
355838
355839
355840
355841
355842
355843
355844
355845
355846
355847
355848
355849
355850
355851
355852
355853
355854
355855
355856
355857
355858
355859
355860
355861
355862
355863
355864
355865
355866
355867
355868
355869
355870
355871
355872
355873
355874
355875
355876
355877
355878
355879
355880
355881
355882
355883
355884
355885
355886
355887
355888
355889
355890
355891
355892
355893
355894
355895
355896
355897
355898
355899
355900
355901
355902
355903
355904
355905
355906
355907
355908
355909
355910
355911
355912
355913
355914
355915
355916
355917
355918
355919
355920
355921
355922
355923
355924
355925
355926
355927
355928
355929
355930
355931
355932
355933
355934
355935
355936
355937
355938
355939
355940
355941
355942
355943
355944
355945
355946
355947
355948
355949
355950
355951
355952
355953
355954
355955
355956
355957
355958
355959
355960
355961
355962
355963
355964
355965
355966
355967
355968
355969
355970
355971
355972
355973
355974
355975
355976
355977
355978
355979
355980
355981
355982
355983
355984
355985
355986
355987
355988
355989
355990
355991
355992
355993
355994
355995
355996
355997
355998
355999
356000
356001
356002
356003
356004
356005
356006
356007
356008
356009
356010
356011
356012
356013
356014
356015
356016
356017
356018
356019
356020
356021
356022
356023
356024
356025
356026
356027
356028
356029
356030
356031
356032
356033
356034
356035
356036
356037
356038
356039
356040
356041
356042
356043
356044
356045
356046
356047
356048
356049
356050
356051
356052
356053
356054
356055
356056
356057
356058
356059
356060
356061
356062
356063
356064
356065
356066
356067
356068
356069
356070
356071
356072
356073
356074
356075
356076
356077
356078
356079
356080
356081
356082
356083
356084
356085
356086
356087
356088
356089
356090
356091
356092
356093
356094
356095
356096
356097
356098
356099
356100
356101
356102
356103
356104
356105
356106
356107
356108
356109
356110
356111
356112
356113
356114
356115
356116
356117
356118
356119
356120
356121
356122
356123
356124
356125
356126
356127
356128
356129
356130
356131
356132
356133
356134
356135
356136
356137
356138
356139
356140
356141
356142
356143
356144
356145
356146
356147
356148
356149
356150
356151
356152
356153
356154
356155
356156
356157
356158
356159
356160
356161
356162
356163
356164
356165
356166
356167
356168
356169
356170
356171
356172
356173
356174
356175
356176
356177
356178
356179
356180
356181
356182
356183
356184
356185
356186
356187
356188
356189
356190
356191
356192
356193
356194
356195
356196
356197
356198
356199
356200
356201
356202
356203
356204
356205
356206
356207
356208
356209
356210
356211
356212
356213
356214
356215
356216
356217
356218
356219
356220
356221
356222
356223
356224
356225
356226
356227
356228
356229
356230
356231
356232
356233
356234
356235
356236
356237
356238
356239
356240
356241
356242
356243
356244
356245
356246
356247
356248
356249
356250
356251
356252
356253
356254
356255
356256
356257
356258
356259
356260
356261
356262
356263
356264
356265
356266
356267
356268
356269
356270
356271
356272
356273
356274
356275
356276
356277
356278
356279
356280
356281
356282
356283
356284
356285
356286
356287
356288
356289
356290
356291
356292
356293
356294
356295
356296
356297
356298
356299
356300
356301
356302
356303
356304
356305
356306
356307
356308
356309
356310
356311
356312
356313
356314
356315
356316
356317
356318
356319
356320
356321
356322
356323
356324
356325
356326
356327
356328
356329
356330
356331
356332
356333
356334
356335
356336
356337
356338
356339
356340
356341
356342
356343
356344
356345
356346
356347
356348
356349
356350
356351
356352
356353
356354
356355
356356
356357
356358
356359
356360
356361
356362
356363
356364
356365
356366
356367
356368
356369
356370
356371
356372
356373
356374
356375
356376
356377
356378
356379
356380
356381
356382
356383
356384
356385
356386
356387
356388
356389
356390
356391
356392
356393
356394
356395
356396
356397
356398
356399
356400
356401
356402
356403
356404
356405
356406
356407
356408
356409
356410
356411
356412
356413
356414
356415
356416
356417
356418
356419
356420
356421
356422
356423
356424
356425
356426
356427
356428
356429
356430
356431
356432
356433
356434
356435
356436
356437
356438
356439
356440
356441
356442
356443
356444
356445
356446
356447
356448
356449
356450
356451
356452
356453
356454
356455
356456
356457
356458
356459
356460
356461
356462
356463
356464
356465
356466
356467
356468
356469
356470
356471
356472
356473
356474
356475
356476
356477
356478
356479
356480
356481
356482
356483
356484
356485
356486
356487
356488
356489
356490
356491
356492
356493
356494
356495
356496
356497
356498
356499
356500
356501
356502
356503
356504
356505
356506
356507
356508
356509
356510
356511
356512
356513
356514
356515
356516
356517
356518
356519
356520
356521
356522
356523
356524
356525
356526
356527
356528
356529
356530
356531
356532
356533
356534
356535
356536
356537
356538
356539
356540
356541
356542
356543
356544
356545
356546
356547
356548
356549
356550
356551
356552
356553
356554
356555
356556
356557
356558
356559
356560
356561
356562
356563
356564
356565
356566
356567
356568
356569
356570
356571
356572
356573
356574
356575
356576
356577
356578
356579
356580
356581
356582
356583
356584
356585
356586
356587
356588
356589
356590
356591
356592
356593
356594
356595
356596
356597
356598
356599
356600
356601
356602
356603
356604
356605
356606
356607
356608
356609
356610
356611
356612
356613
356614
356615
356616
356617
356618
356619
356620
356621
356622
356623
356624
356625
356626
356627
356628
356629
356630
356631
356632
356633
356634
356635
356636
356637
356638
356639
356640
356641
356642
356643
356644
356645
356646
356647
356648
356649
356650
356651
356652
356653
356654
356655
356656
356657
356658
356659
356660
356661
356662
356663
356664
356665
356666
356667
356668
356669
356670
356671
356672
356673
356674
356675
356676
356677
356678
356679
356680
356681
356682
356683
356684
356685
356686
356687
356688
356689
356690
356691
356692
356693
356694
356695
356696
356697
356698
356699
356700
356701
356702
356703
356704
356705
356706
356707
356708
356709
356710
356711
356712
356713
356714
356715
356716
356717
356718
356719
356720
356721
356722
356723
356724
356725
356726
356727
356728
356729
356730
356731
356732
356733
356734
356735
356736
356737
356738
356739
356740
356741
356742
356743
356744
356745
356746
356747
356748
356749
356750
356751
356752
356753
356754
356755
356756
356757
356758
356759
356760
356761
356762
356763
356764
356765
356766
356767
356768
356769
356770
356771
356772
356773
356774
356775
356776
356777
356778
356779
356780
356781
356782
356783
356784
356785
356786
356787
356788
356789
356790
356791
356792
356793
356794
356795
356796
356797
356798
356799
356800
356801
356802
356803
356804
356805
356806
356807
356808
356809
356810
356811
356812
356813
356814
356815
356816
356817
356818
356819
356820
356821
356822
356823
356824
356825
356826
356827
356828
356829
356830
356831
356832
356833
356834
356835
356836
356837
356838
356839
356840
356841
356842
356843
356844
356845
356846
356847
356848
356849
356850
356851
356852
356853
356854
356855
356856
356857
356858
356859
356860
356861
356862
356863
356864
356865
356866
356867
356868
356869
356870
356871
356872
356873
356874
356875
356876
356877
356878
356879
356880
356881
356882
356883
356884
356885
356886
356887
356888
356889
356890
356891
356892
356893
356894
356895
356896
356897
356898
356899
356900
356901
356902
356903
356904
356905
356906
356907
356908
356909
356910
356911
356912
356913
356914
356915
356916
356917
356918
356919
356920
356921
356922
356923
356924
356925
356926
356927
356928
356929
356930
356931
356932
356933
356934
356935
356936
356937
356938
356939
356940
356941
356942
356943
356944
356945
356946
356947
356948
356949
356950
356951
356952
356953
356954
356955
356956
356957
356958
356959
356960
356961
356962
356963
356964
356965
356966
356967
356968
356969
356970
356971
356972
356973
356974
356975
356976
356977
356978
356979
356980
356981
356982
356983
356984
356985
356986
356987
356988
356989
356990
356991
356992
356993
356994
356995
356996
356997
356998
356999
357000
357001
357002
357003
357004
357005
357006
357007
357008
357009
357010
357011
357012
357013
357014
357015
357016
357017
357018
357019
357020
357021
357022
357023
357024
357025
357026
357027
357028
357029
357030
357031
357032
357033
357034
357035
357036
357037
357038
357039
357040
357041
357042
357043
357044
357045
357046
357047
357048
357049
357050
357051
357052
357053
357054
357055
357056
357057
357058
357059
357060
357061
357062
357063
357064
357065
357066
357067
357068
357069
357070
357071
357072
357073
357074
357075
357076
357077
357078
357079
357080
357081
357082
357083
357084
357085
357086
357087
357088
357089
357090
357091
357092
357093
357094
357095
357096
357097
357098
357099
357100
357101
357102
357103
357104
357105
357106
357107
357108
357109
357110
357111
357112
357113
357114
357115
357116
357117
357118
357119
357120
357121
357122
357123
357124
357125
357126
357127
357128
357129
357130
357131
357132
357133
357134
357135
357136
357137
357138
357139
357140
357141
357142
357143
357144
357145
357146
357147
357148
357149
357150
357151
357152
357153
357154
357155
357156
357157
357158
357159
357160
357161
357162
357163
357164
357165
357166
357167
357168
357169
357170
357171
357172
357173
357174
357175
357176
357177
357178
357179
357180
357181
357182
357183
357184
357185
357186
357187
357188
357189
357190
357191
357192
357193
357194
357195
357196
357197
357198
357199
357200
357201
357202
357203
357204
357205
357206
357207
357208
357209
357210
357211
357212
357213
357214
357215
357216
357217
357218
357219
357220
357221
357222
357223
357224
357225
357226
357227
357228
357229
357230
357231
357232
357233
357234
357235
357236
357237
357238
357239
357240
357241
357242
357243
357244
357245
357246
357247
357248
357249
357250
357251
357252
357253
357254
357255
357256
357257
357258
357259
357260
357261
357262
357263
357264
357265
357266
357267
357268
357269
357270
357271
357272
357273
357274
357275
357276
357277
357278
357279
357280
357281
357282
357283
357284
357285
357286
357287
357288
357289
357290
357291
357292
357293
357294
357295
357296
357297
357298
357299
357300
357301
357302
357303
357304
357305
357306
357307
357308
357309
357310
357311
357312
357313
357314
357315
357316
357317
357318
357319
357320
357321
357322
357323
357324
357325
357326
357327
357328
357329
357330
357331
357332
357333
357334
357335
357336
357337
357338
357339
357340
357341
357342
357343
357344
357345
357346
357347
357348
357349
357350
357351
357352
357353
357354
357355
357356
357357
357358
357359
357360
357361
357362
357363
357364
357365
357366
357367
357368
357369
357370
357371
357372
357373
357374
357375
357376
357377
357378
357379
357380
357381
357382
357383
357384
357385
357386
357387
357388
357389
357390
357391
357392
357393
357394
357395
357396
357397
357398
357399
357400
357401
357402
357403
357404
357405
357406
357407
357408
357409
357410
357411
357412
357413
357414
357415
357416
357417
357418
357419
357420
357421
357422
357423
357424
357425
357426
357427
357428
357429
357430
357431
357432
357433
357434
357435
357436
357437
357438
357439
357440
357441
357442
357443
357444
357445
357446
357447
357448
357449
357450
357451
357452
357453
357454
357455
357456
357457
357458
357459
357460
357461
357462
357463
357464
357465
357466
357467
357468
357469
357470
357471
357472
357473
357474
357475
357476
357477
357478
357479
357480
357481
357482
357483
357484
357485
357486
357487
357488
357489
357490
357491
357492
357493
357494
357495
357496
357497
357498
357499
357500
357501
357502
357503
357504
357505
357506
357507
357508
357509
357510
357511
357512
357513
357514
357515
357516
357517
357518
357519
357520
357521
357522
357523
357524
357525
357526
357527
357528
357529
357530
357531
357532
357533
357534
357535
357536
357537
357538
357539
357540
357541
357542
357543
357544
357545
357546
357547
357548
357549
357550
357551
357552
357553
357554
357555
357556
357557
357558
357559
357560
357561
357562
357563
357564
357565
357566
357567
357568
357569
357570
357571
357572
357573
357574
357575
357576
357577
357578
357579
357580
357581
357582
357583
357584
357585
357586
357587
357588
357589
357590
357591
357592
357593
357594
357595
357596
357597
357598
357599
357600
357601
357602
357603
357604
357605
357606
357607
357608
357609
357610
357611
357612
357613
357614
357615
357616
357617
357618
357619
357620
357621
357622
357623
357624
357625
357626
357627
357628
357629
357630
357631
357632
357633
357634
357635
357636
357637
357638
357639
357640
357641
357642
357643
357644
357645
357646
357647
357648
357649
357650
357651
357652
357653
357654
357655
357656
357657
357658
357659
357660
357661
357662
357663
357664
357665
357666
357667
357668
357669
357670
357671
357672
357673
357674
357675
357676
357677
357678
357679
357680
357681
357682
357683
357684
357685
357686
357687
357688
357689
357690
357691
357692
357693
357694
357695
357696
357697
357698
357699
357700
357701
357702
357703
357704
357705
357706
357707
357708
357709
357710
357711
357712
357713
357714
357715
357716
357717
357718
357719
357720
357721
357722
357723
357724
357725
357726
357727
357728
357729
357730
357731
357732
357733
357734
357735
357736
357737
357738
357739
357740
357741
357742
357743
357744
357745
357746
357747
357748
357749
357750
357751
357752
357753
357754
357755
357756
357757
357758
357759
357760
357761
357762
357763
357764
357765
357766
357767
357768
357769
357770
357771
357772
357773
357774
357775
357776
357777
357778
357779
357780
357781
357782
357783
357784
357785
357786
357787
357788
357789
357790
357791
357792
357793
357794
357795
357796
357797
357798
357799
357800
357801
357802
357803
357804
357805
357806
357807
357808
357809
357810
357811
357812
357813
357814
357815
357816
357817
357818
357819
357820
357821
357822
357823
357824
357825
357826
357827
357828
357829
357830
357831
357832
357833
357834
357835
357836
357837
357838
357839
357840
357841
357842
357843
357844
357845
357846
357847
357848
357849
357850
357851
357852
357853
357854
357855
357856
357857
357858
357859
357860
357861
357862
357863
357864
357865
357866
357867
357868
357869
357870
357871
357872
357873
357874
357875
357876
357877
357878
357879
357880
357881
357882
357883
357884
357885
357886
357887
357888
357889
357890
357891
357892
357893
357894
357895
357896
357897
357898
357899
357900
357901
357902
357903
357904
357905
357906
357907
357908
357909
357910
357911
357912
357913
357914
357915
357916
357917
357918
357919
357920
357921
357922
357923
357924
357925
357926
357927
357928
357929
357930
357931
357932
357933
357934
357935
357936
357937
357938
357939
357940
357941
357942
357943
357944
357945
357946
357947
357948
357949
357950
357951
357952
357953
357954
357955
357956
357957
357958
357959
357960
357961
357962
357963
357964
357965
357966
357967
357968
357969
357970
357971
357972
357973
357974
357975
357976
357977
357978
357979
357980
357981
357982
357983
357984
357985
357986
357987
357988
357989
357990
357991
357992
357993
357994
357995
357996
357997
357998
357999
358000
358001
358002
358003
358004
358005
358006
358007
358008
358009
358010
358011
358012
358013
358014
358015
358016
358017
358018
358019
358020
358021
358022
358023
358024
358025
358026
358027
358028
358029
358030
358031
358032
358033
358034
358035
358036
358037
358038
358039
358040
358041
358042
358043
358044
358045
358046
358047
358048
358049
358050
358051
358052
358053
358054
358055
358056
358057
358058
358059
358060
358061
358062
358063
358064
358065
358066
358067
358068
358069
358070
358071
358072
358073
358074
358075
358076
358077
358078
358079
358080
358081
358082
358083
358084
358085
358086
358087
358088
358089
358090
358091
358092
358093
358094
358095
358096
358097
358098
358099
358100
358101
358102
358103
358104
358105
358106
358107
358108
358109
358110
358111
358112
358113
358114
358115
358116
358117
358118
358119
358120
358121
358122
358123
358124
358125
358126
358127
358128
358129
358130
358131
358132
358133
358134
358135
358136
358137
358138
358139
358140
358141
358142
358143
358144
358145
358146
358147
358148
358149
358150
358151
358152
358153
358154
358155
358156
358157
358158
358159
358160
358161
358162
358163
358164
358165
358166
358167
358168
358169
358170
358171
358172
358173
358174
358175
358176
358177
358178
358179
358180
358181
358182
358183
358184
358185
358186
358187
358188
358189
358190
358191
358192
358193
358194
358195
358196
358197
358198
358199
358200
358201
358202
358203
358204
358205
358206
358207
358208
358209
358210
358211
358212
358213
358214
358215
358216
358217
358218
358219
358220
358221
358222
358223
358224
358225
358226
358227
358228
358229
358230
358231
358232
358233
358234
358235
358236
358237
358238
358239
358240
358241
358242
358243
358244
358245
358246
358247
358248
358249
358250
358251
358252
358253
358254
358255
358256
358257
358258
358259
358260
358261
358262
358263
358264
358265
358266
358267
358268
358269
358270
358271
358272
358273
358274
358275
358276
358277
358278
358279
358280
358281
358282
358283
358284
358285
358286
358287
358288
358289
358290
358291
358292
358293
358294
358295
358296
358297
358298
358299
358300
358301
358302
358303
358304
358305
358306
358307
358308
358309
358310
358311
358312
358313
358314
358315
358316
358317
358318
358319
358320
358321
358322
358323
358324
358325
358326
358327
358328
358329
358330
358331
358332
358333
358334
358335
358336
358337
358338
358339
358340
358341
358342
358343
358344
358345
358346
358347
358348
358349
358350
358351
358352
358353
358354
358355
358356
358357
358358
358359
358360
358361
358362
358363
358364
358365
358366
358367
358368
358369
358370
358371
358372
358373
358374
358375
358376
358377
358378
358379
358380
358381
358382
358383
358384
358385
358386
358387
358388
358389
358390
358391
358392
358393
358394
358395
358396
358397
358398
358399
358400
358401
358402
358403
358404
358405
358406
358407
358408
358409
358410
358411
358412
358413
358414
358415
358416
358417
358418
358419
358420
358421
358422
358423
358424
358425
358426
358427
358428
358429
358430
358431
358432
358433
358434
358435
358436
358437
358438
358439
358440
358441
358442
358443
358444
358445
358446
358447
358448
358449
358450
358451
358452
358453
358454
358455
358456
358457
358458
358459
358460
358461
358462
358463
358464
358465
358466
358467
358468
358469
358470
358471
358472
358473
358474
358475
358476
358477
358478
358479
358480
358481
358482
358483
358484
358485
358486
358487
358488
358489
358490
358491
358492
358493
358494
358495
358496
358497
358498
358499
358500
358501
358502
358503
358504
358505
358506
358507
358508
358509
358510
358511
358512
358513
358514
358515
358516
358517
358518
358519
358520
358521
358522
358523
358524
358525
358526
358527
358528
358529
358530
358531
358532
358533
358534
358535
358536
358537
358538
358539
358540
358541
358542
358543
358544
358545
358546
358547
358548
358549
358550
358551
358552
358553
358554
358555
358556
358557
358558
358559
358560
358561
358562
358563
358564
358565
358566
358567
358568
358569
358570
358571
358572
358573
358574
358575
358576
358577
358578
358579
358580
358581
358582
358583
358584
358585
358586
358587
358588
358589
358590
358591
358592
358593
358594
358595
358596
358597
358598
358599
358600
358601
358602
358603
358604
358605
358606
358607
358608
358609
358610
358611
358612
358613
358614
358615
358616
358617
358618
358619
358620
358621
358622
358623
358624
358625
358626
358627
358628
358629
358630
358631
358632
358633
358634
358635
358636
358637
358638
358639
358640
358641
358642
358643
358644
358645
358646
358647
358648
358649
358650
358651
358652
358653
358654
358655
358656
358657
358658
358659
358660
358661
358662
358663
358664
358665
358666
358667
358668
358669
358670
358671
358672
358673
358674
358675
358676
358677
358678
358679
358680
358681
358682
358683
358684
358685
358686
358687
358688
358689
358690
358691
358692
358693
358694
358695
358696
358697
358698
358699
358700
358701
358702
358703
358704
358705
358706
358707
358708
358709
358710
358711
358712
358713
358714
358715
358716
358717
358718
358719
358720
358721
358722
358723
358724
358725
358726
358727
358728
358729
358730
358731
358732
358733
358734
358735
358736
358737
358738
358739
358740
358741
358742
358743
358744
358745
358746
358747
358748
358749
358750
358751
358752
358753
358754
358755
358756
358757
358758
358759
358760
358761
358762
358763
358764
358765
358766
358767
358768
358769
358770
358771
358772
358773
358774
358775
358776
358777
358778
358779
358780
358781
358782
358783
358784
358785
358786
358787
358788
358789
358790
358791
358792
358793
358794
358795
358796
358797
358798
358799
358800
358801
358802
358803
358804
358805
358806
358807
358808
358809
358810
358811
358812
358813
358814
358815
358816
358817
358818
358819
358820
358821
358822
358823
358824
358825
358826
358827
358828
358829
358830
358831
358832
358833
358834
358835
358836
358837
358838
358839
358840
358841
358842
358843
358844
358845
358846
358847
358848
358849
358850
358851
358852
358853
358854
358855
358856
358857
358858
358859
358860
358861
358862
358863
358864
358865
358866
358867
358868
358869
358870
358871
358872
358873
358874
358875
358876
358877
358878
358879
358880
358881
358882
358883
358884
358885
358886
358887
358888
358889
358890
358891
358892
358893
358894
358895
358896
358897
358898
358899
358900
358901
358902
358903
358904
358905
358906
358907
358908
358909
358910
358911
358912
358913
358914
358915
358916
358917
358918
358919
358920
358921
358922
358923
358924
358925
358926
358927
358928
358929
358930
358931
358932
358933
358934
358935
358936
358937
358938
358939
358940
358941
358942
358943
358944
358945
358946
358947
358948
358949
358950
358951
358952
358953
358954
358955
358956
358957
358958
358959
358960
358961
358962
358963
358964
358965
358966
358967
358968
358969
358970
358971
358972
358973
358974
358975
358976
358977
358978
358979
358980
358981
358982
358983
358984
358985
358986
358987
358988
358989
358990
358991
358992
358993
358994
358995
358996
358997
358998
358999
359000
359001
359002
359003
359004
359005
359006
359007
359008
359009
359010
359011
359012
359013
359014
359015
359016
359017
359018
359019
359020
359021
359022
359023
359024
359025
359026
359027
359028
359029
359030
359031
359032
359033
359034
359035
359036
359037
359038
359039
359040
359041
359042
359043
359044
359045
359046
359047
359048
359049
359050
359051
359052
359053
359054
359055
359056
359057
359058
359059
359060
359061
359062
359063
359064
359065
359066
359067
359068
359069
359070
359071
359072
359073
359074
359075
359076
359077
359078
359079
359080
359081
359082
359083
359084
359085
359086
359087
359088
359089
359090
359091
359092
359093
359094
359095
359096
359097
359098
359099
359100
359101
359102
359103
359104
359105
359106
359107
359108
359109
359110
359111
359112
359113
359114
359115
359116
359117
359118
359119
359120
359121
359122
359123
359124
359125
359126
359127
359128
359129
359130
359131
359132
359133
359134
359135
359136
359137
359138
359139
359140
359141
359142
359143
359144
359145
359146
359147
359148
359149
359150
359151
359152
359153
359154
359155
359156
359157
359158
359159
359160
359161
359162
359163
359164
359165
359166
359167
359168
359169
359170
359171
359172
359173
359174
359175
359176
359177
359178
359179
359180
359181
359182
359183
359184
359185
359186
359187
359188
359189
359190
359191
359192
359193
359194
359195
359196
359197
359198
359199
359200
359201
359202
359203
359204
359205
359206
359207
359208
359209
359210
359211
359212
359213
359214
359215
359216
359217
359218
359219
359220
359221
359222
359223
359224
359225
359226
359227
359228
359229
359230
359231
359232
359233
359234
359235
359236
359237
359238
359239
359240
359241
359242
359243
359244
359245
359246
359247
359248
359249
359250
359251
359252
359253
359254
359255
359256
359257
359258
359259
359260
359261
359262
359263
359264
359265
359266
359267
359268
359269
359270
359271
359272
359273
359274
359275
359276
359277
359278
359279
359280
359281
359282
359283
359284
359285
359286
359287
359288
359289
359290
359291
359292
359293
359294
359295
359296
359297
359298
359299
359300
359301
359302
359303
359304
359305
359306
359307
359308
359309
359310
359311
359312
359313
359314
359315
359316
359317
359318
359319
359320
359321
359322
359323
359324
359325
359326
359327
359328
359329
359330
359331
359332
359333
359334
359335
359336
359337
359338
359339
359340
359341
359342
359343
359344
359345
359346
359347
359348
359349
359350
359351
359352
359353
359354
359355
359356
359357
359358
359359
359360
359361
359362
359363
359364
359365
359366
359367
359368
359369
359370
359371
359372
359373
359374
359375
359376
359377
359378
359379
359380
359381
359382
359383
359384
359385
359386
359387
359388
359389
359390
359391
359392
359393
359394
359395
359396
359397
359398
359399
359400
359401
359402
359403
359404
359405
359406
359407
359408
359409
359410
359411
359412
359413
359414
359415
359416
359417
359418
359419
359420
359421
359422
359423
359424
359425
359426
359427
359428
359429
359430
359431
359432
359433
359434
359435
359436
359437
359438
359439
359440
359441
359442
359443
359444
359445
359446
359447
359448
359449
359450
359451
359452
359453
359454
359455
359456
359457
359458
359459
359460
359461
359462
359463
359464
359465
359466
359467
359468
359469
359470
359471
359472
359473
359474
359475
359476
359477
359478
359479
359480
359481
359482
359483
359484
359485
359486
359487
359488
359489
359490
359491
359492
359493
359494
359495
359496
359497
359498
359499
359500
359501
359502
359503
359504
359505
359506
359507
359508
359509
359510
359511
359512
359513
359514
359515
359516
359517
359518
359519
359520
359521
359522
359523
359524
359525
359526
359527
359528
359529
359530
359531
359532
359533
359534
359535
359536
359537
359538
359539
359540
359541
359542
359543
359544
359545
359546
359547
359548
359549
359550
359551
359552
359553
359554
359555
359556
359557
359558
359559
359560
359561
359562
359563
359564
359565
359566
359567
359568
359569
359570
359571
359572
359573
359574
359575
359576
359577
359578
359579
359580
359581
359582
359583
359584
359585
359586
359587
359588
359589
359590
359591
359592
359593
359594
359595
359596
359597
359598
359599
359600
359601
359602
359603
359604
359605
359606
359607
359608
359609
359610
359611
359612
359613
359614
359615
359616
359617
359618
359619
359620
359621
359622
359623
359624
359625
359626
359627
359628
359629
359630
359631
359632
359633
359634
359635
359636
359637
359638
359639
359640
359641
359642
359643
359644
359645
359646
359647
359648
359649
359650
359651
359652
359653
359654
359655
359656
359657
359658
359659
359660
359661
359662
359663
359664
359665
359666
359667
359668
359669
359670
359671
359672
359673
359674
359675
359676
359677
359678
359679
359680
359681
359682
359683
359684
359685
359686
359687
359688
359689
359690
359691
359692
359693
359694
359695
359696
359697
359698
359699
359700
359701
359702
359703
359704
359705
359706
359707
359708
359709
359710
359711
359712
359713
359714
359715
359716
359717
359718
359719
359720
359721
359722
359723
359724
359725
359726
359727
359728
359729
359730
359731
359732
359733
359734
359735
359736
359737
359738
359739
359740
359741
359742
359743
359744
359745
359746
359747
359748
359749
359750
359751
359752
359753
359754
359755
359756
359757
359758
359759
359760
359761
359762
359763
359764
359765
359766
359767
359768
359769
359770
359771
359772
359773
359774
359775
359776
359777
359778
359779
359780
359781
359782
359783
359784
359785
359786
359787
359788
359789
359790
359791
359792
359793
359794
359795
359796
359797
359798
359799
359800
359801
359802
359803
359804
359805
359806
359807
359808
359809
359810
359811
359812
359813
359814
359815
359816
359817
359818
359819
359820
359821
359822
359823
359824
359825
359826
359827
359828
359829
359830
359831
359832
359833
359834
359835
359836
359837
359838
359839
359840
359841
359842
359843
359844
359845
359846
359847
359848
359849
359850
359851
359852
359853
359854
359855
359856
359857
359858
359859
359860
359861
359862
359863
359864
359865
359866
359867
359868
359869
359870
359871
359872
359873
359874
359875
359876
359877
359878
359879
359880
359881
359882
359883
359884
359885
359886
359887
359888
359889
359890
359891
359892
359893
359894
359895
359896
359897
359898
359899
359900
359901
359902
359903
359904
359905
359906
359907
359908
359909
359910
359911
359912
359913
359914
359915
359916
359917
359918
359919
359920
359921
359922
359923
359924
359925
359926
359927
359928
359929
359930
359931
359932
359933
359934
359935
359936
359937
359938
359939
359940
359941
359942
359943
359944
359945
359946
359947
359948
359949
359950
359951
359952
359953
359954
359955
359956
359957
359958
359959
359960
359961
359962
359963
359964
359965
359966
359967
359968
359969
359970
359971
359972
359973
359974
359975
359976
359977
359978
359979
359980
359981
359982
359983
359984
359985
359986
359987
359988
359989
359990
359991
359992
359993
359994
359995
359996
359997
359998
359999
360000
360001
360002
360003
360004
360005
360006
360007
360008
360009
360010
360011
360012
360013
360014
360015
360016
360017
360018
360019
360020
360021
360022
360023
360024
360025
360026
360027
360028
360029
360030
360031
360032
360033
360034
360035
360036
360037
360038
360039
360040
360041
360042
360043
360044
360045
360046
360047
360048
360049
360050
360051
360052
360053
360054
360055
360056
360057
360058
360059
360060
360061
360062
360063
360064
360065
360066
360067
360068
360069
360070
360071
360072
360073
360074
360075
360076
360077
360078
360079
360080
360081
360082
360083
360084
360085
360086
360087
360088
360089
360090
360091
360092
360093
360094
360095
360096
360097
360098
360099
360100
360101
360102
360103
360104
360105
360106
360107
360108
360109
360110
360111
360112
360113
360114
360115
360116
360117
360118
360119
360120
360121
360122
360123
360124
360125
360126
360127
360128
360129
360130
360131
360132
360133
360134
360135
360136
360137
360138
360139
360140
360141
360142
360143
360144
360145
360146
360147
360148
360149
360150
360151
360152
360153
360154
360155
360156
360157
360158
360159
360160
360161
360162
360163
360164
360165
360166
360167
360168
360169
360170
360171
360172
360173
360174
360175
360176
360177
360178
360179
360180
360181
360182
360183
360184
360185
360186
360187
360188
360189
360190
360191
360192
360193
360194
360195
360196
360197
360198
360199
360200
360201
360202
360203
360204
360205
360206
360207
360208
360209
360210
360211
360212
360213
360214
360215
360216
360217
360218
360219
360220
360221
360222
360223
360224
360225
360226
360227
360228
360229
360230
360231
360232
360233
360234
360235
360236
360237
360238
360239
360240
360241
360242
360243
360244
360245
360246
360247
360248
360249
360250
360251
360252
360253
360254
360255
360256
360257
360258
360259
360260
360261
360262
360263
360264
360265
360266
360267
360268
360269
360270
360271
360272
360273
360274
360275
360276
360277
360278
360279
360280
360281
360282
360283
360284
360285
360286
360287
360288
360289
360290
360291
360292
360293
360294
360295
360296
360297
360298
360299
360300
360301
360302
360303
360304
360305
360306
360307
360308
360309
360310
360311
360312
360313
360314
360315
360316
360317
360318
360319
360320
360321
360322
360323
360324
360325
360326
360327
360328
360329
360330
360331
360332
360333
360334
360335
360336
360337
360338
360339
360340
360341
360342
360343
360344
360345
360346
360347
360348
360349
360350
360351
360352
360353
360354
360355
360356
360357
360358
360359
360360
360361
360362
360363
360364
360365
360366
360367
360368
360369
360370
360371
360372
360373
360374
360375
360376
360377
360378
360379
360380
360381
360382
360383
360384
360385
360386
360387
360388
360389
360390
360391
360392
360393
360394
360395
360396
360397
360398
360399
360400
360401
360402
360403
360404
360405
360406
360407
360408
360409
360410
360411
360412
360413
360414
360415
360416
360417
360418
360419
360420
360421
360422
360423
360424
360425
360426
360427
360428
360429
360430
360431
360432
360433
360434
360435
360436
360437
360438
360439
360440
360441
360442
360443
360444
360445
360446
360447
360448
360449
360450
360451
360452
360453
360454
360455
360456
360457
360458
360459
360460
360461
360462
360463
360464
360465
360466
360467
360468
360469
360470
360471
360472
360473
360474
360475
360476
360477
360478
360479
360480
360481
360482
360483
360484
360485
360486
360487
360488
360489
360490
360491
360492
360493
360494
360495
360496
360497
360498
360499
360500
360501
360502
360503
360504
360505
360506
360507
360508
360509
360510
360511
360512
360513
360514
360515
360516
360517
360518
360519
360520
360521
360522
360523
360524
360525
360526
360527
360528
360529
360530
360531
360532
360533
360534
360535
360536
360537
360538
360539
360540
360541
360542
360543
360544
360545
360546
360547
360548
360549
360550
360551
360552
360553
360554
360555
360556
360557
360558
360559
360560
360561
360562
360563
360564
360565
360566
360567
360568
360569
360570
360571
360572
360573
360574
360575
360576
360577
360578
360579
360580
360581
360582
360583
360584
360585
360586
360587
360588
360589
360590
360591
360592
360593
360594
360595
360596
360597
360598
360599
360600
360601
360602
360603
360604
360605
360606
360607
360608
360609
360610
360611
360612
360613
360614
360615
360616
360617
360618
360619
360620
360621
360622
360623
360624
360625
360626
360627
360628
360629
360630
360631
360632
360633
360634
360635
360636
360637
360638
360639
360640
360641
360642
360643
360644
360645
360646
360647
360648
360649
360650
360651
360652
360653
360654
360655
360656
360657
360658
360659
360660
360661
360662
360663
360664
360665
360666
360667
360668
360669
360670
360671
360672
360673
360674
360675
360676
360677
360678
360679
360680
360681
360682
360683
360684
360685
360686
360687
360688
360689
360690
360691
360692
360693
360694
360695
360696
360697
360698
360699
360700
360701
360702
360703
360704
360705
360706
360707
360708
360709
360710
360711
360712
360713
360714
360715
360716
360717
360718
360719
360720
360721
360722
360723
360724
360725
360726
360727
360728
360729
360730
360731
360732
360733
360734
360735
360736
360737
360738
360739
360740
360741
360742
360743
360744
360745
360746
360747
360748
360749
360750
360751
360752
360753
360754
360755
360756
360757
360758
360759
360760
360761
360762
360763
360764
360765
360766
360767
360768
360769
360770
360771
360772
360773
360774
360775
360776
360777
360778
360779
360780
360781
360782
360783
360784
360785
360786
360787
360788
360789
360790
360791
360792
360793
360794
360795
360796
360797
360798
360799
360800
360801
360802
360803
360804
360805
360806
360807
360808
360809
360810
360811
360812
360813
360814
360815
360816
360817
360818
360819
360820
360821
360822
360823
360824
360825
360826
360827
360828
360829
360830
360831
360832
360833
360834
360835
360836
360837
360838
360839
360840
360841
360842
360843
360844
360845
360846
360847
360848
360849
360850
360851
360852
360853
360854
360855
360856
360857
360858
360859
360860
360861
360862
360863
360864
360865
360866
360867
360868
360869
360870
360871
360872
360873
360874
360875
360876
360877
360878
360879
360880
360881
360882
360883
360884
360885
360886
360887
360888
360889
360890
360891
360892
360893
360894
360895
360896
360897
360898
360899
360900
360901
360902
360903
360904
360905
360906
360907
360908
360909
360910
360911
360912
360913
360914
360915
360916
360917
360918
360919
360920
360921
360922
360923
360924
360925
360926
360927
360928
360929
360930
360931
360932
360933
360934
360935
360936
360937
360938
360939
360940
360941
360942
360943
360944
360945
360946
360947
360948
360949
360950
360951
360952
360953
360954
360955
360956
360957
360958
360959
360960
360961
360962
360963
360964
360965
360966
360967
360968
360969
360970
360971
360972
360973
360974
360975
360976
360977
360978
360979
360980
360981
360982
360983
360984
360985
360986
360987
360988
360989
360990
360991
360992
360993
360994
360995
360996
360997
360998
360999
361000
361001
361002
361003
361004
361005
361006
361007
361008
361009
361010
361011
361012
361013
361014
361015
361016
361017
361018
361019
361020
361021
361022
361023
361024
361025
361026
361027
361028
361029
361030
361031
361032
361033
361034
361035
361036
361037
361038
361039
361040
361041
361042
361043
361044
361045
361046
361047
361048
361049
361050
361051
361052
361053
361054
361055
361056
361057
361058
361059
361060
361061
361062
361063
361064
361065
361066
361067
361068
361069
361070
361071
361072
361073
361074
361075
361076
361077
361078
361079
361080
361081
361082
361083
361084
361085
361086
361087
361088
361089
361090
361091
361092
361093
361094
361095
361096
361097
361098
361099
361100
361101
361102
361103
361104
361105
361106
361107
361108
361109
361110
361111
361112
361113
361114
361115
361116
361117
361118
361119
361120
361121
361122
361123
361124
361125
361126
361127
361128
361129
361130
361131
361132
361133
361134
361135
361136
361137
361138
361139
361140
361141
361142
361143
361144
361145
361146
361147
361148
361149
361150
361151
361152
361153
361154
361155
361156
361157
361158
361159
361160
361161
361162
361163
361164
361165
361166
361167
361168
361169
361170
361171
361172
361173
361174
361175
361176
361177
361178
361179
361180
361181
361182
361183
361184
361185
361186
361187
361188
361189
361190
361191
361192
361193
361194
361195
361196
361197
361198
361199
361200
361201
361202
361203
361204
361205
361206
361207
361208
361209
361210
361211
361212
361213
361214
361215
361216
361217
361218
361219
361220
361221
361222
361223
361224
361225
361226
361227
361228
361229
361230
361231
361232
361233
361234
361235
361236
361237
361238
361239
361240
361241
361242
361243
361244
361245
361246
361247
361248
361249
361250
361251
361252
361253
361254
361255
361256
361257
361258
361259
361260
361261
361262
361263
361264
361265
361266
361267
361268
361269
361270
361271
361272
361273
361274
361275
361276
361277
361278
361279
361280
361281
361282
361283
361284
361285
361286
361287
361288
361289
361290
361291
361292
361293
361294
361295
361296
361297
361298
361299
361300
361301
361302
361303
361304
361305
361306
361307
361308
361309
361310
361311
361312
361313
361314
361315
361316
361317
361318
361319
361320
361321
361322
361323
361324
361325
361326
361327
361328
361329
361330
361331
361332
361333
361334
361335
361336
361337
361338
361339
361340
361341
361342
361343
361344
361345
361346
361347
361348
361349
361350
361351
361352
361353
361354
361355
361356
361357
361358
361359
361360
361361
361362
361363
361364
361365
361366
361367
361368
361369
361370
361371
361372
361373
361374
361375
361376
361377
361378
361379
361380
361381
361382
361383
361384
361385
361386
361387
361388
361389
361390
361391
361392
361393
361394
361395
361396
361397
361398
361399
361400
361401
361402
361403
361404
361405
361406
361407
361408
361409
361410
361411
361412
361413
361414
361415
361416
361417
361418
361419
361420
361421
361422
361423
361424
361425
361426
361427
361428
361429
361430
361431
361432
361433
361434
361435
361436
361437
361438
361439
361440
361441
361442
361443
361444
361445
361446
361447
361448
361449
361450
361451
361452
361453
361454
361455
361456
361457
361458
361459
361460
361461
361462
361463
361464
361465
361466
361467
361468
361469
361470
361471
361472
361473
361474
361475
361476
361477
361478
361479
361480
361481
361482
361483
361484
361485
361486
361487
361488
361489
361490
361491
361492
361493
361494
361495
361496
361497
361498
361499
361500
361501
361502
361503
361504
361505
361506
361507
361508
361509
361510
361511
361512
361513
361514
361515
361516
361517
361518
361519
361520
361521
361522
361523
361524
361525
361526
361527
361528
361529
361530
361531
361532
361533
361534
361535
361536
361537
361538
361539
361540
361541
361542
361543
361544
361545
361546
361547
361548
361549
361550
361551
361552
361553
361554
361555
361556
361557
361558
361559
361560
361561
361562
361563
361564
361565
361566
361567
361568
361569
361570
361571
361572
361573
361574
361575
361576
361577
361578
361579
361580
361581
361582
361583
361584
361585
361586
361587
361588
361589
361590
361591
361592
361593
361594
361595
361596
361597
361598
361599
361600
361601
361602
361603
361604
361605
361606
361607
361608
361609
361610
361611
361612
361613
361614
361615
361616
361617
361618
361619
361620
361621
361622
361623
361624
361625
361626
361627
361628
361629
361630
361631
361632
361633
361634
361635
361636
361637
361638
361639
361640
361641
361642
361643
361644
361645
361646
361647
361648
361649
361650
361651
361652
361653
361654
361655
361656
361657
361658
361659
361660
361661
361662
361663
361664
361665
361666
361667
361668
361669
361670
361671
361672
361673
361674
361675
361676
361677
361678
361679
361680
361681
361682
361683
361684
361685
361686
361687
361688
361689
361690
361691
361692
361693
361694
361695
361696
361697
361698
361699
361700
361701
361702
361703
361704
361705
361706
361707
361708
361709
361710
361711
361712
361713
361714
361715
361716
361717
361718
361719
361720
361721
361722
361723
361724
361725
361726
361727
361728
361729
361730
361731
361732
361733
361734
361735
361736
361737
361738
361739
361740
361741
361742
361743
361744
361745
361746
361747
361748
361749
361750
361751
361752
361753
361754
361755
361756
361757
361758
361759
361760
361761
361762
361763
361764
361765
361766
361767
361768
361769
361770
361771
361772
361773
361774
361775
361776
361777
361778
361779
361780
361781
361782
361783
361784
361785
361786
361787
361788
361789
361790
361791
361792
361793
361794
361795
361796
361797
361798
361799
361800
361801
361802
361803
361804
361805
361806
361807
361808
361809
361810
361811
361812
361813
361814
361815
361816
361817
361818
361819
361820
361821
361822
361823
361824
361825
361826
361827
361828
361829
361830
361831
361832
361833
361834
361835
361836
361837
361838
361839
361840
361841
361842
361843
361844
361845
361846
361847
361848
361849
361850
361851
361852
361853
361854
361855
361856
361857
361858
361859
361860
361861
361862
361863
361864
361865
361866
361867
361868
361869
361870
361871
361872
361873
361874
361875
361876
361877
361878
361879
361880
361881
361882
361883
361884
361885
361886
361887
361888
361889
361890
361891
361892
361893
361894
361895
361896
361897
361898
361899
361900
361901
361902
361903
361904
361905
361906
361907
361908
361909
361910
361911
361912
361913
361914
361915
361916
361917
361918
361919
361920
361921
361922
361923
361924
361925
361926
361927
361928
361929
361930
361931
361932
361933
361934
361935
361936
361937
361938
361939
361940
361941
361942
361943
361944
361945
361946
361947
361948
361949
361950
361951
361952
361953
361954
361955
361956
361957
361958
361959
361960
361961
361962
361963
361964
361965
361966
361967
361968
361969
361970
361971
361972
361973
361974
361975
361976
361977
361978
361979
361980
361981
361982
361983
361984
361985
361986
361987
361988
361989
361990
361991
361992
361993
361994
361995
361996
361997
361998
361999
362000
362001
362002
362003
362004
362005
362006
362007
362008
362009
362010
362011
362012
362013
362014
362015
362016
362017
362018
362019
362020
362021
362022
362023
362024
362025
362026
362027
362028
362029
362030
362031
362032
362033
362034
362035
362036
362037
362038
362039
362040
362041
362042
362043
362044
362045
362046
362047
362048
362049
362050
362051
362052
362053
362054
362055
362056
362057
362058
362059
362060
362061
362062
362063
362064
362065
362066
362067
362068
362069
362070
362071
362072
362073
362074
362075
362076
362077
362078
362079
362080
362081
362082
362083
362084
362085
362086
362087
362088
362089
362090
362091
362092
362093
362094
362095
362096
362097
362098
362099
362100
362101
362102
362103
362104
362105
362106
362107
362108
362109
362110
362111
362112
362113
362114
362115
362116
362117
362118
362119
362120
362121
362122
362123
362124
362125
362126
362127
362128
362129
362130
362131
362132
362133
362134
362135
362136
362137
362138
362139
362140
362141
362142
362143
362144
362145
362146
362147
362148
362149
362150
362151
362152
362153
362154
362155
362156
362157
362158
362159
362160
362161
362162
362163
362164
362165
362166
362167
362168
362169
362170
362171
362172
362173
362174
362175
362176
362177
362178
362179
362180
362181
362182
362183
362184
362185
362186
362187
362188
362189
362190
362191
362192
362193
362194
362195
362196
362197
362198
362199
362200
362201
362202
362203
362204
362205
362206
362207
362208
362209
362210
362211
362212
362213
362214
362215
362216
362217
362218
362219
362220
362221
362222
362223
362224
362225
362226
362227
362228
362229
362230
362231
362232
362233
362234
362235
362236
362237
362238
362239
362240
362241
362242
362243
362244
362245
362246
362247
362248
362249
362250
362251
362252
362253
362254
362255
362256
362257
362258
362259
362260
362261
362262
362263
362264
362265
362266
362267
362268
362269
362270
362271
362272
362273
362274
362275
362276
362277
362278
362279
362280
362281
362282
362283
362284
362285
362286
362287
362288
362289
362290
362291
362292
362293
362294
362295
362296
362297
362298
362299
362300
362301
362302
362303
362304
362305
362306
362307
362308
362309
362310
362311
362312
362313
362314
362315
362316
362317
362318
362319
362320
362321
362322
362323
362324
362325
362326
362327
362328
362329
362330
362331
362332
362333
362334
362335
362336
362337
362338
362339
362340
362341
362342
362343
362344
362345
362346
362347
362348
362349
362350
362351
362352
362353
362354
362355
362356
362357
362358
362359
362360
362361
362362
362363
362364
362365
362366
362367
362368
362369
362370
362371
362372
362373
362374
362375
362376
362377
362378
362379
362380
362381
362382
362383
362384
362385
362386
362387
362388
362389
362390
362391
362392
362393
362394
362395
362396
362397
362398
362399
362400
362401
362402
362403
362404
362405
362406
362407
362408
362409
362410
362411
362412
362413
362414
362415
362416
362417
362418
362419
362420
362421
362422
362423
362424
362425
362426
362427
362428
362429
362430
362431
362432
362433
362434
362435
362436
362437
362438
362439
362440
362441
362442
362443
362444
362445
362446
362447
362448
362449
362450
362451
362452
362453
362454
362455
362456
362457
362458
362459
362460
362461
362462
362463
362464
362465
362466
362467
362468
362469
362470
362471
362472
362473
362474
362475
362476
362477
362478
362479
362480
362481
362482
362483
362484
362485
362486
362487
362488
362489
362490
362491
362492
362493
362494
362495
362496
362497
362498
362499
362500
362501
362502
362503
362504
362505
362506
362507
362508
362509
362510
362511
362512
362513
362514
362515
362516
362517
362518
362519
362520
362521
362522
362523
362524
362525
362526
362527
362528
362529
362530
362531
362532
362533
362534
362535
362536
362537
362538
362539
362540
362541
362542
362543
362544
362545
362546
362547
362548
362549
362550
362551
362552
362553
362554
362555
362556
362557
362558
362559
362560
362561
362562
362563
362564
362565
362566
362567
362568
362569
362570
362571
362572
362573
362574
362575
362576
362577
362578
362579
362580
362581
362582
362583
362584
362585
362586
362587
362588
362589
362590
362591
362592
362593
362594
362595
362596
362597
362598
362599
362600
362601
362602
362603
362604
362605
362606
362607
362608
362609
362610
362611
362612
362613
362614
362615
362616
362617
362618
362619
362620
362621
362622
362623
362624
362625
362626
362627
362628
362629
362630
362631
362632
362633
362634
362635
362636
362637
362638
362639
362640
362641
362642
362643
362644
362645
362646
362647
362648
362649
362650
362651
362652
362653
362654
362655
362656
362657
362658
362659
362660
362661
362662
362663
362664
362665
362666
362667
362668
362669
362670
362671
362672
362673
362674
362675
362676
362677
362678
362679
362680
362681
362682
362683
362684
362685
362686
362687
362688
362689
362690
362691
362692
362693
362694
362695
362696
362697
362698
362699
362700
362701
362702
362703
362704
362705
362706
362707
362708
362709
362710
362711
362712
362713
362714
362715
362716
362717
362718
362719
362720
362721
362722
362723
362724
362725
362726
362727
362728
362729
362730
362731
362732
362733
362734
362735
362736
362737
362738
362739
362740
362741
362742
362743
362744
362745
362746
362747
362748
362749
362750
362751
362752
362753
362754
362755
362756
362757
362758
362759
362760
362761
362762
362763
362764
362765
362766
362767
362768
362769
362770
362771
362772
362773
362774
362775
362776
362777
362778
362779
362780
362781
362782
362783
362784
362785
362786
362787
362788
362789
362790
362791
362792
362793
362794
362795
362796
362797
362798
362799
362800
362801
362802
362803
362804
362805
362806
362807
362808
362809
362810
362811
362812
362813
362814
362815
362816
362817
362818
362819
362820
362821
362822
362823
362824
362825
362826
362827
362828
362829
362830
362831
362832
362833
362834
362835
362836
362837
362838
362839
362840
362841
362842
362843
362844
362845
362846
362847
362848
362849
362850
362851
362852
362853
362854
362855
362856
362857
362858
362859
362860
362861
362862
362863
362864
362865
362866
362867
362868
362869
362870
362871
362872
362873
362874
362875
362876
362877
362878
362879
362880
362881
362882
362883
362884
362885
362886
362887
362888
362889
362890
362891
362892
362893
362894
362895
362896
362897
362898
362899
362900
362901
362902
362903
362904
362905
362906
362907
362908
362909
362910
362911
362912
362913
362914
362915
362916
362917
362918
362919
362920
362921
362922
362923
362924
362925
362926
362927
362928
362929
362930
362931
362932
362933
362934
362935
362936
362937
362938
362939
362940
362941
362942
362943
362944
362945
362946
362947
362948
362949
362950
362951
362952
362953
362954
362955
362956
362957
362958
362959
362960
362961
362962
362963
362964
362965
362966
362967
362968
362969
362970
362971
362972
362973
362974
362975
362976
362977
362978
362979
362980
362981
362982
362983
362984
362985
362986
362987
362988
362989
362990
362991
362992
362993
362994
362995
362996
362997
362998
362999
363000
363001
363002
363003
363004
363005
363006
363007
363008
363009
363010
363011
363012
363013
363014
363015
363016
363017
363018
363019
363020
363021
363022
363023
363024
363025
363026
363027
363028
363029
363030
363031
363032
363033
363034
363035
363036
363037
363038
363039
363040
363041
363042
363043
363044
363045
363046
363047
363048
363049
363050
363051
363052
363053
363054
363055
363056
363057
363058
363059
363060
363061
363062
363063
363064
363065
363066
363067
363068
363069
363070
363071
363072
363073
363074
363075
363076
363077
363078
363079
363080
363081
363082
363083
363084
363085
363086
363087
363088
363089
363090
363091
363092
363093
363094
363095
363096
363097
363098
363099
363100
363101
363102
363103
363104
363105
363106
363107
363108
363109
363110
363111
363112
363113
363114
363115
363116
363117
363118
363119
363120
363121
363122
363123
363124
363125
363126
363127
363128
363129
363130
363131
363132
363133
363134
363135
363136
363137
363138
363139
363140
363141
363142
363143
363144
363145
363146
363147
363148
363149
363150
363151
363152
363153
363154
363155
363156
363157
363158
363159
363160
363161
363162
363163
363164
363165
363166
363167
363168
363169
363170
363171
363172
363173
363174
363175
363176
363177
363178
363179
363180
363181
363182
363183
363184
363185
363186
363187
363188
363189
363190
363191
363192
363193
363194
363195
363196
363197
363198
363199
363200
363201
363202
363203
363204
363205
363206
363207
363208
363209
363210
363211
363212
363213
363214
363215
363216
363217
363218
363219
363220
363221
363222
363223
363224
363225
363226
363227
363228
363229
363230
363231
363232
363233
363234
363235
363236
363237
363238
363239
363240
363241
363242
363243
363244
363245
363246
363247
363248
363249
363250
363251
363252
363253
363254
363255
363256
363257
363258
363259
363260
363261
363262
363263
363264
363265
363266
363267
363268
363269
363270
363271
363272
363273
363274
363275
363276
363277
363278
363279
363280
363281
363282
363283
363284
363285
363286
363287
363288
363289
363290
363291
363292
363293
363294
363295
363296
363297
363298
363299
363300
363301
363302
363303
363304
363305
363306
363307
363308
363309
363310
363311
363312
363313
363314
363315
363316
363317
363318
363319
363320
363321
363322
363323
363324
363325
363326
363327
363328
363329
363330
363331
363332
363333
363334
363335
363336
363337
363338
363339
363340
363341
363342
363343
363344
363345
363346
363347
363348
363349
363350
363351
363352
363353
363354
363355
363356
363357
363358
363359
363360
363361
363362
363363
363364
363365
363366
363367
363368
363369
363370
363371
363372
363373
363374
363375
363376
363377
363378
363379
363380
363381
363382
363383
363384
363385
363386
363387
363388
363389
363390
363391
363392
363393
363394
363395
363396
363397
363398
363399
363400
363401
363402
363403
363404
363405
363406
363407
363408
363409
363410
363411
363412
363413
363414
363415
363416
363417
363418
363419
363420
363421
363422
363423
363424
363425
363426
363427
363428
363429
363430
363431
363432
363433
363434
363435
363436
363437
363438
363439
363440
363441
363442
363443
363444
363445
363446
363447
363448
363449
363450
363451
363452
363453
363454
363455
363456
363457
363458
363459
363460
363461
363462
363463
363464
363465
363466
363467
363468
363469
363470
363471
363472
363473
363474
363475
363476
363477
363478
363479
363480
363481
363482
363483
363484
363485
363486
363487
363488
363489
363490
363491
363492
363493
363494
363495
363496
363497
363498
363499
363500
363501
363502
363503
363504
363505
363506
363507
363508
363509
363510
363511
363512
363513
363514
363515
363516
363517
363518
363519
363520
363521
363522
363523
363524
363525
363526
363527
363528
363529
363530
363531
363532
363533
363534
363535
363536
363537
363538
363539
363540
363541
363542
363543
363544
363545
363546
363547
363548
363549
363550
363551
363552
363553
363554
363555
363556
363557
363558
363559
363560
363561
363562
363563
363564
363565
363566
363567
363568
363569
363570
363571
363572
363573
363574
363575
363576
363577
363578
363579
363580
363581
363582
363583
363584
363585
363586
363587
363588
363589
363590
363591
363592
363593
363594
363595
363596
363597
363598
363599
363600
363601
363602
363603
363604
363605
363606
363607
363608
363609
363610
363611
363612
363613
363614
363615
363616
363617
363618
363619
363620
363621
363622
363623
363624
363625
363626
363627
363628
363629
363630
363631
363632
363633
363634
363635
363636
363637
363638
363639
363640
363641
363642
363643
363644
363645
363646
363647
363648
363649
363650
363651
363652
363653
363654
363655
363656
363657
363658
363659
363660
363661
363662
363663
363664
363665
363666
363667
363668
363669
363670
363671
363672
363673
363674
363675
363676
363677
363678
363679
363680
363681
363682
363683
363684
363685
363686
363687
363688
363689
363690
363691
363692
363693
363694
363695
363696
363697
363698
363699
363700
363701
363702
363703
363704
363705
363706
363707
363708
363709
363710
363711
363712
363713
363714
363715
363716
363717
363718
363719
363720
363721
363722
363723
363724
363725
363726
363727
363728
363729
363730
363731
363732
363733
363734
363735
363736
363737
363738
363739
363740
363741
363742
363743
363744
363745
363746
363747
363748
363749
363750
363751
363752
363753
363754
363755
363756
363757
363758
363759
363760
363761
363762
363763
363764
363765
363766
363767
363768
363769
363770
363771
363772
363773
363774
363775
363776
363777
363778
363779
363780
363781
363782
363783
363784
363785
363786
363787
363788
363789
363790
363791
363792
363793
363794
363795
363796
363797
363798
363799
363800
363801
363802
363803
363804
363805
363806
363807
363808
363809
363810
363811
363812
363813
363814
363815
363816
363817
363818
363819
363820
363821
363822
363823
363824
363825
363826
363827
363828
363829
363830
363831
363832
363833
363834
363835
363836
363837
363838
363839
363840
363841
363842
363843
363844
363845
363846
363847
363848
363849
363850
363851
363852
363853
363854
363855
363856
363857
363858
363859
363860
363861
363862
363863
363864
363865
363866
363867
363868
363869
363870
363871
363872
363873
363874
363875
363876
363877
363878
363879
363880
363881
363882
363883
363884
363885
363886
363887
363888
363889
363890
363891
363892
363893
363894
363895
363896
363897
363898
363899
363900
363901
363902
363903
363904
363905
363906
363907
363908
363909
363910
363911
363912
363913
363914
363915
363916
363917
363918
363919
363920
363921
363922
363923
363924
363925
363926
363927
363928
363929
363930
363931
363932
363933
363934
363935
363936
363937
363938
363939
363940
363941
363942
363943
363944
363945
363946
363947
363948
363949
363950
363951
363952
363953
363954
363955
363956
363957
363958
363959
363960
363961
363962
363963
363964
363965
363966
363967
363968
363969
363970
363971
363972
363973
363974
363975
363976
363977
363978
363979
363980
363981
363982
363983
363984
363985
363986
363987
363988
363989
363990
363991
363992
363993
363994
363995
363996
363997
363998
363999
364000
364001
364002
364003
364004
364005
364006
364007
364008
364009
364010
364011
364012
364013
364014
364015
364016
364017
364018
364019
364020
364021
364022
364023
364024
364025
364026
364027
364028
364029
364030
364031
364032
364033
364034
364035
364036
364037
364038
364039
364040
364041
364042
364043
364044
364045
364046
364047
364048
364049
364050
364051
364052
364053
364054
364055
364056
364057
364058
364059
364060
364061
364062
364063
364064
364065
364066
364067
364068
364069
364070
364071
364072
364073
364074
364075
364076
364077
364078
364079
364080
364081
364082
364083
364084
364085
364086
364087
364088
364089
364090
364091
364092
364093
364094
364095
364096
364097
364098
364099
364100
364101
364102
364103
364104
364105
364106
364107
364108
364109
364110
364111
364112
364113
364114
364115
364116
364117
364118
364119
364120
364121
364122
364123
364124
364125
364126
364127
364128
364129
364130
364131
364132
364133
364134
364135
364136
364137
364138
364139
364140
364141
364142
364143
364144
364145
364146
364147
364148
364149
364150
364151
364152
364153
364154
364155
364156
364157
364158
364159
364160
364161
364162
364163
364164
364165
364166
364167
364168
364169
364170
364171
364172
364173
364174
364175
364176
364177
364178
364179
364180
364181
364182
364183
364184
364185
364186
364187
364188
364189
364190
364191
364192
364193
364194
364195
364196
364197
364198
364199
364200
364201
364202
364203
364204
364205
364206
364207
364208
364209
364210
364211
364212
364213
364214
364215
364216
364217
364218
364219
364220
364221
364222
364223
364224
364225
364226
364227
364228
364229
364230
364231
364232
364233
364234
364235
364236
364237
364238
364239
364240
364241
364242
364243
364244
364245
364246
364247
364248
364249
364250
364251
364252
364253
364254
364255
364256
364257
364258
364259
364260
364261
364262
364263
364264
364265
364266
364267
364268
364269
364270
364271
364272
364273
364274
364275
364276
364277
364278
364279
364280
364281
364282
364283
364284
364285
364286
364287
364288
364289
364290
364291
364292
364293
364294
364295
364296
364297
364298
364299
364300
364301
364302
364303
364304
364305
364306
364307
364308
364309
364310
364311
364312
364313
364314
364315
364316
364317
364318
364319
364320
364321
364322
364323
364324
364325
364326
364327
364328
364329
364330
364331
364332
364333
364334
364335
364336
364337
364338
364339
364340
364341
364342
364343
364344
364345
364346
364347
364348
364349
364350
364351
364352
364353
364354
364355
364356
364357
364358
364359
364360
364361
364362
364363
364364
364365
364366
364367
364368
364369
364370
364371
364372
364373
364374
364375
364376
364377
364378
364379
364380
364381
364382
364383
364384
364385
364386
364387
364388
364389
364390
364391
364392
364393
364394
364395
364396
364397
364398
364399
364400
364401
364402
364403
364404
364405
364406
364407
364408
364409
364410
364411
364412
364413
364414
364415
364416
364417
364418
364419
364420
364421
364422
364423
364424
364425
364426
364427
364428
364429
364430
364431
364432
364433
364434
364435
364436
364437
364438
364439
364440
364441
364442
364443
364444
364445
364446
364447
364448
364449
364450
364451
364452
364453
364454
364455
364456
364457
364458
364459
364460
364461
364462
364463
364464
364465
364466
364467
364468
364469
364470
364471
364472
364473
364474
364475
364476
364477
364478
364479
364480
364481
364482
364483
364484
364485
364486
364487
364488
364489
364490
364491
364492
364493
364494
364495
364496
364497
364498
364499
364500
364501
364502
364503
364504
364505
364506
364507
364508
364509
364510
364511
364512
364513
364514
364515
364516
364517
364518
364519
364520
364521
364522
364523
364524
364525
364526
364527
364528
364529
364530
364531
364532
364533
364534
364535
364536
364537
364538
364539
364540
364541
364542
364543
364544
364545
364546
364547
364548
364549
364550
364551
364552
364553
364554
364555
364556
364557
364558
364559
364560
364561
364562
364563
364564
364565
364566
364567
364568
364569
364570
364571
364572
364573
364574
364575
364576
364577
364578
364579
364580
364581
364582
364583
364584
364585
364586
364587
364588
364589
364590
364591
364592
364593
364594
364595
364596
364597
364598
364599
364600
364601
364602
364603
364604
364605
364606
364607
364608
364609
364610
364611
364612
364613
364614
364615
364616
364617
364618
364619
364620
364621
364622
364623
364624
364625
364626
364627
364628
364629
364630
364631
364632
364633
364634
364635
364636
364637
364638
364639
364640
364641
364642
364643
364644
364645
364646
364647
364648
364649
364650
364651
364652
364653
364654
364655
364656
364657
364658
364659
364660
364661
364662
364663
364664
364665
364666
364667
364668
364669
364670
364671
364672
364673
364674
364675
364676
364677
364678
364679
364680
364681
364682
364683
364684
364685
364686
364687
364688
364689
364690
364691
364692
364693
364694
364695
364696
364697
364698
364699
364700
364701
364702
364703
364704
364705
364706
364707
364708
364709
364710
364711
364712
364713
364714
364715
364716
364717
364718
364719
364720
364721
364722
364723
364724
364725
364726
364727
364728
364729
364730
364731
364732
364733
364734
364735
364736
364737
364738
364739
364740
364741
364742
364743
364744
364745
364746
364747
364748
364749
364750
364751
364752
364753
364754
364755
364756
364757
364758
364759
364760
364761
364762
364763
364764
364765
364766
364767
364768
364769
364770
364771
364772
364773
364774
364775
364776
364777
364778
364779
364780
364781
364782
364783
364784
364785
364786
364787
364788
364789
364790
364791
364792
364793
364794
364795
364796
364797
364798
364799
364800
364801
364802
364803
364804
364805
364806
364807
364808
364809
364810
364811
364812
364813
364814
364815
364816
364817
364818
364819
364820
364821
364822
364823
364824
364825
364826
364827
364828
364829
364830
364831
364832
364833
364834
364835
364836
364837
364838
364839
364840
364841
364842
364843
364844
364845
364846
364847
364848
364849
364850
364851
364852
364853
364854
364855
364856
364857
364858
364859
364860
364861
364862
364863
364864
364865
364866
364867
364868
364869
364870
364871
364872
364873
364874
364875
364876
364877
364878
364879
364880
364881
364882
364883
364884
364885
364886
364887
364888
364889
364890
364891
364892
364893
364894
364895
364896
364897
364898
364899
364900
364901
364902
364903
364904
364905
364906
364907
364908
364909
364910
364911
364912
364913
364914
364915
364916
364917
364918
364919
364920
364921
364922
364923
364924
364925
364926
364927
364928
364929
364930
364931
364932
364933
364934
364935
364936
364937
364938
364939
364940
364941
364942
364943
364944
364945
364946
364947
364948
364949
364950
364951
364952
364953
364954
364955
364956
364957
364958
364959
364960
364961
364962
364963
364964
364965
364966
364967
364968
364969
364970
364971
364972
364973
364974
364975
364976
364977
364978
364979
364980
364981
364982
364983
364984
364985
364986
364987
364988
364989
364990
364991
364992
364993
364994
364995
364996
364997
364998
364999
365000
365001
365002
365003
365004
365005
365006
365007
365008
365009
365010
365011
365012
365013
365014
365015
365016
365017
365018
365019
365020
365021
365022
365023
365024
365025
365026
365027
365028
365029
365030
365031
365032
365033
365034
365035
365036
365037
365038
365039
365040
365041
365042
365043
365044
365045
365046
365047
365048
365049
365050
365051
365052
365053
365054
365055
365056
365057
365058
365059
365060
365061
365062
365063
365064
365065
365066
365067
365068
365069
365070
365071
365072
365073
365074
365075
365076
365077
365078
365079
365080
365081
365082
365083
365084
365085
365086
365087
365088
365089
365090
365091
365092
365093
365094
365095
365096
365097
365098
365099
365100
365101
365102
365103
365104
365105
365106
365107
365108
365109
365110
365111
365112
365113
365114
365115
365116
365117
365118
365119
365120
365121
365122
365123
365124
365125
365126
365127
365128
365129
365130
365131
365132
365133
365134
365135
365136
365137
365138
365139
365140
365141
365142
365143
365144
365145
365146
365147
365148
365149
365150
365151
365152
365153
365154
365155
365156
365157
365158
365159
365160
365161
365162
365163
365164
365165
365166
365167
365168
365169
365170
365171
365172
365173
365174
365175
365176
365177
365178
365179
365180
365181
365182
365183
365184
365185
365186
365187
365188
365189
365190
365191
365192
365193
365194
365195
365196
365197
365198
365199
365200
365201
365202
365203
365204
365205
365206
365207
365208
365209
365210
365211
365212
365213
365214
365215
365216
365217
365218
365219
365220
365221
365222
365223
365224
365225
365226
365227
365228
365229
365230
365231
365232
365233
365234
365235
365236
365237
365238
365239
365240
365241
365242
365243
365244
365245
365246
365247
365248
365249
365250
365251
365252
365253
365254
365255
365256
365257
365258
365259
365260
365261
365262
365263
365264
365265
365266
365267
365268
365269
365270
365271
365272
365273
365274
365275
365276
365277
365278
365279
365280
365281
365282
365283
365284
365285
365286
365287
365288
365289
365290
365291
365292
365293
365294
365295
365296
365297
365298
365299
365300
365301
365302
365303
365304
365305
365306
365307
365308
365309
365310
365311
365312
365313
365314
365315
365316
365317
365318
365319
365320
365321
365322
365323
365324
365325
365326
365327
365328
365329
365330
365331
365332
365333
365334
365335
365336
365337
365338
365339
365340
365341
365342
365343
365344
365345
365346
365347
365348
365349
365350
365351
365352
365353
365354
365355
365356
365357
365358
365359
365360
365361
365362
365363
365364
365365
365366
365367
365368
365369
365370
365371
365372
365373
365374
365375
365376
365377
365378
365379
365380
365381
365382
365383
365384
365385
365386
365387
365388
365389
365390
365391
365392
365393
365394
365395
365396
365397
365398
365399
365400
365401
365402
365403
365404
365405
365406
365407
365408
365409
365410
365411
365412
365413
365414
365415
365416
365417
365418
365419
365420
365421
365422
365423
365424
365425
365426
365427
365428
365429
365430
365431
365432
365433
365434
365435
365436
365437
365438
365439
365440
365441
365442
365443
365444
365445
365446
365447
365448
365449
365450
365451
365452
365453
365454
365455
365456
365457
365458
365459
365460
365461
365462
365463
365464
365465
365466
365467
365468
365469
365470
365471
365472
365473
365474
365475
365476
365477
365478
365479
365480
365481
365482
365483
365484
365485
365486
365487
365488
365489
365490
365491
365492
365493
365494
365495
365496
365497
365498
365499
365500
365501
365502
365503
365504
365505
365506
365507
365508
365509
365510
365511
365512
365513
365514
365515
365516
365517
365518
365519
365520
365521
365522
365523
365524
365525
365526
365527
365528
365529
365530
365531
365532
365533
365534
365535
365536
365537
365538
365539
365540
365541
365542
365543
365544
365545
365546
365547
365548
365549
365550
365551
365552
365553
365554
365555
365556
365557
365558
365559
365560
365561
365562
365563
365564
365565
365566
365567
365568
365569
365570
365571
365572
365573
365574
365575
365576
365577
365578
365579
365580
365581
365582
365583
365584
365585
365586
365587
365588
365589
365590
365591
365592
365593
365594
365595
365596
365597
365598
365599
365600
365601
365602
365603
365604
365605
365606
365607
365608
365609
365610
365611
365612
365613
365614
365615
365616
365617
365618
365619
365620
365621
365622
365623
365624
365625
365626
365627
365628
365629
365630
365631
365632
365633
365634
365635
365636
365637
365638
365639
365640
365641
365642
365643
365644
365645
365646
365647
365648
365649
365650
365651
365652
365653
365654
365655
365656
365657
365658
365659
365660
365661
365662
365663
365664
365665
365666
365667
365668
365673
365675
365676
365677
365680
365681
365682
365683
365684
365685
365686
365687
365688
365689
365691
365692
365694
365695
365696
365697
365698
365699
365700
365701
365702
365703
365709
365710
365711
365712
365713
365714
365715
365716
365717
365718
365719
365720
365721
365722
365723
365724
365725
365726
365727
365728
365729
365730
365731
365732
365733
365734
365735
365736
365737
365738
365739
365740
365741
365742
365743
365744
365745
365746
365747
365748
365749
365750
365751
365752
365753
365754
365755
365756
365757
365758
365759
365760
365761
365762
365763
365764
365765
365766
365767
365768
365769
365770
365771
365772
365773
365774
365775
365776
365777
365778
365779
365780
365781
365782
365783
365784
365785
365786
365787
365788
365789
365790
365791
365792
365793
365794
365795
365796
365797
365798
365799
365800
365801
365802
365803
365804
365805
365806
365807
365808
365809
365810
365811
365812
365813
365814
365815
365816
365817
365818
365819
365820
365821
365822
365823
365824
365825
365826
365827
365828
365829
365830
365831
365832
365833
365834
365835
365836
365837
365838
365839
365840
365841
365842
365843
365844
365845
365846
365847
365848
365849
365850
365851
365852
365853
365854
365855
365856
365857
365858
365859
365860
365861
365862
365863
365864
365865
365866
365867
365868
365869
365870
365871
365872
365873
365874
365875
365876
365877
365878
365879
365880
365881
365882
365883
365884
365885
365886
365887
365888
365889
365890
365891
365892
365893
365894
365895
365896
365897
365898
365899
365900
365901
365902
365903
365904
365905
365906
365907
365908
365909
365910
365911
365912
365913
365914
365915
365916
365917
365918
365919
365920
365921
365922
365923
365924
365925
365926
365927
365928
365929
365930
365931
365932
365933
365934
365935
365936
365937
365938
365939
365940
365941
365942
365943
365944
365945
365946
365947
365948
365949
365950
365951
365952
365953
365954
365955
365956
365957
365958
365959
365960
365961
365962
365963
365964
365965
365966
365967
365968
365969
365970
365971
365972
365973
365974
365975
365976
365977
365978
365979
365980
365981
365982
365983
365984
365985
365986
365987
365988
365989
365990
365991
365992
365993
365994
365995
365996
365997
365998
365999
366000
366001
366002
366003
366004
366005
366006
366007
366008
366009
366010
366011
366012
366013
366014
366015
366016
366017
366018
366019
366020
366021
366022
366023
366024
366025
366026
366027
366028
366029
366030
366031
366032
368742
368743
368744
368745
368746
368747
368748
368749
368750
368751
368752
368753
368754
368755
368756
368757
368758
368759
368760
368761
368762
368763
368764
368765
368766
368767
368768
368769
369407
369408
369409
369410
369411
369412
369413
369414
369415
369416
369417
369418
369419
369420
369421
369422
369423
369424
369425
369426
369427
369428
369429
369430
369431
369432
369433
369434
369435
369436
369437
369438
369439
369440
369441
369442
369443
369444
369445
369446
369447
369448
369449
369450
369451
369452
369453
369454
369455
369456
369457
369458
369459
369460
369461
369462
369463
369464
369465
369466
369467
369468
369469
369470
369471
369472
369473
369474
369475
369476
369477
369478
369479
369480
369481
369482
369483
369484
369485
369486
369487
369488
369489
369490
369491
369492
369493
369494
369495
369496
369497
371960
371961
371962
371963
371964
371965
371966
371967
371968
371969
371970
371971
371972
371973
371974
371975
371976
371977
371978
371979
371980
372044
372045
372046
372047
372048
372049
372050
372100
372101
372102
372103
372104
372105
372106
372107
372108
372109
372110
372111
372112
372113
378897
378898
378899
378900
378901
378902
378903
378904
378905
378906
378907
378908
378909
378910
438070
438071
438072
438073
438074
438075
438076
438091
438092
438093
438094
438095
438096
438097
438105
438106
438107
438108
438109
438110
438111
438140
438141
438142
438143
438144
438145
438146
442410
442411
442412
442413
442414
442415
442416
442417
442418
442419
442420
442421
442422
442423
442755
442756
442757
442758
442759
442760
442761
443347
443348
443349
443350
443351
443352
443353
443354
443355
443356
443357
443358
443359
443360
443382
443383
443384
443385
443386
443387
443388
443529
443530
443531
443532
443533
443534
443535
443536
443537
443538
443539
443540
443541
443542
443578
443579
443580
443581
443582
443583
443584
448884
448885
448886
448887
448888
448889
448890
449592
449593
449594
449595
449596
449597
449598
449641
449642
449643
449644
449645
449646
449647
449669
449670
449671
449672
449673
449674
449675
449683
449684
449685
449686
449687
449688
449689
449690
449691
449692
449693
449694
449695
449696
449704
449705
449706
449707
449708
449709
449710
449718
449719
449720
449721
449722
449723
449724
449795
449796
449797
449798
449799
449800
449801
449809
449810
449811
449812
449813
449814
449815
449858
449859
449860
449861
449862
449863
449864
449865
449866
449867
449868
449869
449870
449871
449872
449873
449874
449875
449876
449877
449878
456746
456747
456748
456749
456750
456751
456752
456753
456754
456755
456756
456757
456758
456759
456760
456761
456762
456763
456764
456765
456766
456851
456852
456853
456854
456855
456856
456857
456858
456859
456860
456861
456862
456863
456864
456865
456866
456867
456868
456869
456870
456871
461123
461124
461125
461126
461127
461128
461129
461214
461215
461216
461217
461218
461219
461220
461221
461222
461223
461224
461225
461226
461227
461256
461257
461258
461259
461260
461261
461262
461263
461264
461265
461266
461267
461268
461269
461305
461306
461307
461308
461309
461310
461311
461704
461705
461706
461707
461708
461709
461710
461872
461873
461874
461875
461876
461877
461878
461879
461880
461881
461882
461883
461884
461885
461991
461992
461993
461994
461995
461996
461997
461998
461999
462000
462001
462002
462003
462004
462033
462034
462035
462036
462037
462038
462039
462040
462041
462042
462043
462044
462045
462046
462089
462090
462091
462092
462093
462094
462095
462173
462174
462175
462176
462177
462178
462179
462663
462664
462665
462666
462667
462668
462669
462670
462671
462672
462673
462674
462675
462676
462705
462706
462707
462708
462709
462710
462711
470851
470852
470853
470854
470855
470856
470857
470858
470859
470860
470861
470862
470863
470864
470865
470866
470867
470868
470869
470870
470871
470872
470873
470874
470875
470876
470877
470878
470879
470880
470881
470882
470883
470884
470885
470886
470887
470888
470889
470890
470891
470892
470907
470908
470909
470910
470911
470912
470913
470914
470915
470916
470917
470918
470919
470920
470935
470936
470937
470938
470939
470940
470941
470942
470943
470944
470945
470946
470947
470948
470949
470950
470951
470952
470953
470954
470955
470956
470957
470958
470959
470960
470961
470962
470963
470964
470965
470966
470967
470968
470969
474974
474975
474976
474977
474978
474979
474980
474981
474982
474983
474984
474985
474986
474987
479011
479012
479013
479014
479015
479016
479017
479018
479019
479020
479021
479022
479023
479024
479039
479040
479041
479042
479043
479044
479045
479046
479047
479048
479049
479050
479051
479052
479102
479103
479104
479105
479106
479107
479108
479109
479110
479111
479112
479113
479114
479115
479116
479117
479118
479119
479120
479121
479122
479186
479187
479188
479189
479190
479191
479192
479193
479194
479195
479196
479197
479198
479199
479200
479201
479202
479203
479204
479205
479206
479256
479257
479258
479259
479260
479261
479262
479263
479264
479265
479266
479267
479268
479269
479270
479271
479272
479273
479274
479275
479276
479431
479432
479433
479434
479435
479436
479437
479438
479439
479440
479441
479442
479443
479444
479445
479446
479447
479448
479449
479450
479451
479564
479565
479566
479567
479568
479569
479570
479571
479572
479573
479574
479575
479576
479577
479592
479593
479594
479595
479596
479597
479598
479599
479600
479601
479602
479603
479604
479605
479606
479607
479608
479609
479610
479611
479612
479613
479614
479615
479616
479617
479618
479619
479704
479705
479706
479707
479708
479709
479710
479711
479712
479713
479714
479715
479716
479717
479718
479719
479720
479721
479722
479723
479724
479767
479768
479769
479770
479771
479772
479773
479774
479775
479776
479777
479778
479779
479780
479781
479782
479783
479784
479785
479786
479787
479914
479915
479916
479917
479918
479919
479920
479921
479922
479923
479924
479925
479926
479927
479928
479929
479930
479931
479932
479933
479934
479977
479978
479979
479980
479981
479982
479983
479984
479985
479986
479987
479988
479989
479990
479991
479992
479993
479994
479995
479996
479997
480033
480034
480035
480036
480037
480038
480039
480040
480041
480042
480043
480044
480045
480046
480047
480048
480049
480050
480051
480052
480053
480194
480195
480196
480197
480198
480199
480200
480201
480202
480203
480204
480205
480206
480207
490558
490559
490560
490561
490562
490563
490564
490565
490566
490567
490568
490569
490570
490571
490649
490650
490651
490652
490653
490654
490655
490684
490685
490686
490687
490688
490689
490690
490789
490790
490791
490792
490793
490794
490795
490796
490797
490798
490799
490800
490801
490802
490803
490804
490805
490806
490807
490808
490809
490894
490895
490896
490897
490898
490899
490900
490915
490916
490917
490918
490919
490920
490921
490922
490923
490924
490925
490926
490927
490928
515540
515541
515542
515543
515544
515545
515546
515547
515548
515549
515550
515551
515552
515553
515806
515807
515808
515809
515810
515811
515812
516128
516129
516130
516131
516132
516133
516134
516464
516465
516466
516467
516468
516469
516470
516485
516486
516487
516488
516489
516490
516491
516961
516962
516963
516964
516965
516966
516967
516968
516969
516970
516971
516972
516973
516974
516975
516976
516977
516978
516979
516980
516981
516982
516983
516984
516985
516986
516987
516988
517192
517193
517194
517195
517196
517197
517198
517199
517200
517201
517202
517203
517204
517205
517451
517452
517453
517454
517455
517456
517457
517528
517529
517530
517531
517532
517533
517534
517815
517816
517817
517818
517819
517820
517821
518102
518103
518104
518105
518106
518107
518108
518795
518796
518797
518798
518799
518800
518801
519117
519118
519119
519120
519121
519122
519123
519439
519440
519441
519442
519443
519444
519445
519488
519489
519490
519491
519492
519493
519494
519817
519818
519819
519820
519821
519822
519823
520237
520238
520239
520240
520241
520242
520243
520244
520245
520246
520247
520248
520249
520250
520412
520413
520414
520415
520416
520417
520418
520419
520420
520421
520422
520423
520424
520425
520426
520427
520428
520429
520430
520431
520432
520433
520434
520435
520436
520437
520438
520439
520776
520777
520778
520779
520780
520781
520782
521469
521470
521471
521472
521473
521474
521475
521819
521820
521821
521822
521823
521824
521825
540915
540916
540917
540918
540919
540920
540921
540922
540923
540924
540925
540926
540927
540928
542819
542820
542821
542822
542823
542824
542825
542826
542827
542828
542829
542830
542831
542832
542833
542834
542835
542836
542837
542838
542839
542896
542897
542898
542899
542900
542901
542902
542903
542904
542905
542906
542907
542908
542909
542910
542911
542912
542913
542914
542915
542916
544023
544024
544025
544026
544027
544028
544029
544030
544031
544032
544033
544034
544035
544036
544037
544038
544039
544040
544041
544042
544043
544044
544045
544046
544047
544048
544049
544050
544051
544052
544053
544054
544055
544056
544057
544058
544059
544060
544061
544062
544063
544064
544065
544066
544067
544068
544069
544070
544071
544072
544073
544074
544075
544076
544077
544078
546088
546089
546090
546091
546092
546093
546094
546095
546096
546097
546098
546099
546100
546101
546102
546103
546104
546105
546106
546107
546108
546109
546110
546111
546112
546113
546114
546115
546116
546117
546118
546119
546120
546121
546122
546123
546124
546125
546126
546127
546128
546129
546137
546138
546139
546140
546141
546142
546143
546144
546145
546146
546147
546148
546149
546150
546151
546152
546153
546154
546155
546156
546157
546165
546166
546167
546168
546169
546170
546171
546172
546173
546174
546175
546176
546177
546178
546186
546187
546188
546189
546190
546191
546192
546193
546194
546195
546196
546197
546198
546199
546207
546208
546209
546210
546211
546212
546213
546214
546215
546216
546217
546218
546219
546220
546221
546222
546223
546224
546225
546226
546227
546228
546229
546230
546231
546232
546233
546234
546235
546236
546237
546238
546239
546240
546241
546263
546264
546265
546266
546267
546268
546269
546270
546271
546272
546273
546274
546275
546276
546277
546278
546279
546280
546281
546282
546283
546291
546292
546293
546294
546295
546296
546297
546298
546299
546300
546301
546302
546303
546304
546305
546306
546307
546308
546309
546310
546311
548909
548910
548911
548912
548913
548914
548915
548916
548917
548918
548919
548920
548921
548922
548923
548924
548925
548926
548927
548928
548929
548930
548931
548932
548933
548934
548935
548936
548937
548938
548939
548940
548941
548942
548943
548944
548945
548946
548947
548948
548949
548950
549595
549596
549597
549598
549599
549600
549601
549602
549603
549604
549605
549606
549607
549608
549609
549610
549611
549612
549613
549614
549615
549616
549617
549618
549619
549620
549621
549622
549623
549624
549625
549626
549627
549628
549629
549630
549631
549632
549633
549634
549635
549636
549637
549638
549639
549640
549641
549642
549643
549644
549645
549646
549647
549648
549649
549650
549651
549652
549653
549654
549655
549656
549657
549658
549659
549660
549661
549662
549663
549664
549665
549666
549667
549668
549669
549670
549671
549672
549673
549674
549675
549676
549677
549678
549679
549680
549681
549682
549683
549684
549685
549686
549687
549688
549689
549690
549691
549692
549693
549694
549695
549696
549697
549698
549699
549700
549701
549702
549703
549704
549705
549706
549707
549708
549709
549710
549711
549712
549713
549714
549715
549716
549717
549718
549719
549720
602190
602191
602192
602193
602194
602195
602196
602197
602198
602199
602200
602201
602202
602203
602344
602345
602346
602347
602348
602349
602350
602351
602352
602353
602354
602355
602356
602357
609197
609198
609199
609200
609201
609202
609203
611577
611578
611579
611580
611581
611582
611583
)


// ************************************************************************* //
