/*--------------------------------*- C++ -*----------------------------------*\
  =========                 |
  \\      /  F ield         | OpenFOAM: The Open Source CFD Toolbox
   \\    /   O peration     | Website:  https://openfoam.org
    \\  /    A nd           | Version:  12
     \\/     M anipulation  |
\*---------------------------------------------------------------------------*/
FoamFile
{
    format      ascii;
    class       labelList;
    location    "constant/air2/polyMesh";
    object      cellRegionAddressing;
}
// * * * * * * * * * * * * * * * * * * * * * * * * * * * * * * * * * * * * * //


33360
(
2086
2087
2088
2102
2103
2104
2105
2106
2118
2119
2120
2121
2122
2123
2124
2135
2136
2137
2138
2139
2140
2141
2152
2153
2154
2155
2156
2157
2158
2170
2171
2172
2173
2174
2188
2189
2190
2372
2373
2374
2375
2376
2389
2390
2391
2392
2393
2406
2407
2408
2409
2410
2423
2424
2425
2426
2427
2440
2441
2442
2443
2444
2644
2660
2661
2662
2676
2677
2678
2679
2680
2694
2695
2696
2712
6666
6672
6673
6679
6680
6686
6708
6713
6714
6715
6719
6721
6722
6728
6743
6748
6749
6750
6754
6756
6757
6763
6776
6778
6782
6784
6804
6806
6810
6812
6825
6831
6832
6834
6838
6839
6840
6845
6860
6866
6867
6869
6873
6874
6875
6880
6902
6908
6909
6915
6916
6922
7075
7081
7082
7088
7089
7095
7110
7114
7115
7116
7117
7120
7121
7122
7123
7124
7127
7128
7129
7130
7131
7134
7135
7137
7138
7141
7142
7144
7148
7152
7157
7158
7159
7161
7163
7165
7166
7167
7169
7172
7178
7180
7185
7186
7187
7189
7191
7192
7193
7194
7195
7197
7200
7206
7208
7213
7214
7215
7217
7219
7220
7221
7222
7223
7225
7228
7234
7241
7243
7245
7247
7248
7249
7251
7253
7262
7266
7269
7271
7272
7273
7276
7277
7278
7279
7280
7283
7284
7285
7286
7287
7290
7291
7293
7294
7300
7311
7318
7325
7439
7445
7446
7452
7453
7457
7459
7460
7463
7466
7467
7473
7479
7481
7486
7487
7488
7492
7493
7494
7495
7498
7501
7514
7516
7520
7522
7526
7542
7544
7546
7550
7552
7563
7565
7570
7571
7572
7574
7577
7578
7579
7580
7585
7591
7598
7605
7609
7612
7615
7619
7663
7669
7691
7697
7712
7718
7724
7745
7773
10548
10549
10550
10551
10555
10556
10557
10558
10618
10619
10620
10621
10625
10626
10627
10628
10653
10654
10655
10656
10660
10661
10662
10663
10723
10724
10725
10726
10730
10731
10732
10733
10930
10931
10932
10934
10937
10938
10939
10940
10941
10943
10946
10958
10959
10960
10962
10965
10966
10967
10968
10969
10970
10971
10972
10973
10974
10975
10976
10977
10978
10979
10980
10981
10982
10983
10984
10985
11009
11010
11013
11037
11038
11041
11049
11050
11051
11052
11053
11054
11056
11057
11058
11059
11060
11061
11062
11063
11064
11065
11066
11067
11068
11069
11072
11085
11091
11092
11093
11094
11095
11096
11097
11099
11100
11101
11120
11122
11124
11127
11129
11131
11134
11329
11331
11333
11335
11336
11338
11340
11342
11345
11347
11349
11364
11365
11366
11368
11369
11370
11371
11372
11373
11375
11376
11377
11378
11379
11380
11381
11383
11384
11387
11389
11391
11399
11400
11403
11404
11406
11407
11408
11410
11411
11412
11413
11414
11415
11416
11418
11419
11427
11428
11431
11432
11434
11435
11436
11437
11438
11440
11441
11442
11443
11444
11445
11446
11463
11466
11467
11469
11470
11471
11472
11473
11475
11476
11477
11478
11479
11480
11481
11484
11485
11486
11487
11488
11489
11498
11501
11502
11505
11506
11507
11508
11509
11510
11721
11722
11723
11729
11730
11737
11770
11771
11772
11778
11779
11812
11814
11819
11820
11855
11861
11863
11868
11869
20038
20040
20043
20045
20047
20063
20070
20075
20077
20078
20080
20081
20082
20084
20085
20087
20088
20089
20105
20110
20112
20119
20120
20122
20123
20124
20126
20127
20129
20130
20131
20169
20171
20173
20178
20180
20252
20259
20260
20262
20264
20266
20267
20269
20271
20273
20274
20275
20276
20277
20278
20280
20281
20282
20283
20284
20285
20286
20287
20288
20289
20290
20291
20292
20293
20308
20309
20311
20313
20315
20322
20323
20324
20325
20326
20327
20329
20330
20332
20334
20381
20383
20393
20394
20396
20399
20400
20401
20402
20403
20404
20405
20406
20407
20408
20409
20410
20411
20412
20437
20439
20442
20443
20445
20483
20490
20491
20493
20494
20495
20497
20502
20504
20505
20506
20508
20509
20525
20526
20528
20529
20530
20532
20539
20540
20541
20543
20544
20546
20551
20588
20592
20595
20596
20598
20599
20600
20602
20609
20610
20611
20613
20614
20637
20638
20640
20641
20642
20644
20648
20651
20652
20653
20655
20656
20658
20701
20703
20705
20709
20711
20714
20715
20716
20717
20718
20719
20720
20721
20722
20723
20724
20725
20726
20727
20750
20752
20754
20765
20767
20805
20806
20807
20809
20812
20813
20814
20815
20816
20817
20819
20826
20827
20828
20830
20833
20834
20835
20836
20837
20838
20839
20840
20841
20842
20843
20844
20845
20846
20868
20869
20870
20871
20872
20873
20875
20876
20877
20879
20882
20883
20884
20886
20889
20968
20970
20974
20975
20977
21008
21009
21010
21012
21013
21015
21016
21017
21019
21020
21022
21029
21033
21057
21058
21059
21061
21062
21064
21065
21066
21068
21069
21071
21075
21078
21107
21108
21110
21115
21117
21655
21697
21698
21701
21704
21705
21708
21714
21717
21721
21732
21733
21736
21739
21740
21743
21745
21749
21756
21767
21830
21837
21843
21844
21845
21864
21870
21871
21872
21873
21874
21876
21877
21878
21879
21880
21881
21882
21883
21884
21890
21891
21892
21894
21896
21897
21898
21899
21901
21903
21904
21905
21906
21908
21909
21910
21911
21912
21913
21915
21916
21917
21918
21919
21920
21922
21923
21924
21925
21926
21927
21929
21930
21931
21932
21933
21934
21935
21937
21940
21941
21942
21943
21944
21945
21946
21947
21948
21950
21952
21953
21954
21960
21961
21962
21964
21966
21967
21976
21977
21978
21984
21997
22018
22038
22039
22040
22041
22042
22043
22044
22045
22046
22047
22048
22049
22051
22052
22058
22059
22060
22062
22064
22065
22066
22067
22069
22071
22072
22073
22074
22075
22077
22080
22081
22082
22083
22084
22086
22087
22088
22090
22092
22093
22094
22100
22101
22102
22104
22106
22107
22109
22131
22132
22135
22144
22146
22148
22155
22158
22161
22164
22165
22166
22168
22169
22170
22171
22172
22174
22175
22176
22177
22178
22179
22180
22182
22183
22184
22185
22186
22188
22189
22190
22191
22200
22202
22204
22218
22221
22224
22229
22230
22233
22242
22244
22246
22249
22253
22259
22262
22263
22264
22266
22267
22268
22269
22270
22272
22273
22274
22275
22276
22277
22278
22280
22281
22282
22283
22284
22286
22287
22288
22289
22298
22300
22302
22312
22316
22322
22327
22353
22354
22355
22357
22360
22361
22362
22363
22364
22365
22366
22367
22368
22369
22371
22373
22374
22380
22381
22382
22383
22385
22387
22388
22389
22390
22391
22392
22393
22395
22396
22397
22398
22399
22400
22401
22402
22403
22404
22406
22409
22410
22411
22413
22415
22416
22417
22418
22420
22422
22423
22429
22452
22453
22454
22466
22480
22493
22494
22495
22497
22500
22501
22502
22503
22504
22505
22507
22508
22509
22511
22513
22514
22520
22521
22522
22523
22525
22527
22528
22529
22530
22532
22533
22534
22535
22536
22537
22539
22540
22541
22542
22543
22544
22546
22547
22548
22549
22550
22551
22553
22554
22555
22556
22557
22558
22559
22560
22561
22562
22563
22564
22565
22566
22567
22568
22570
22571
22572
22574
22577
22578
22579
22581
22583
22584
22585
22586
22588
22590
22591
22597
22599
22606
22620
22669
22718
22720
22722
22742
22746
22749
22753
22755
22757
22774
22777
22784
23175
23177
23179
23182
23184
23186
23188
23189
23190
23191
23192
23193
23213
23216
23219
23220
23222
23224
23226
23228
23229
23236
23241
23243
23244
23247
23248
23250
23251
23253
23254
23255
23257
23259
23261
23263
23264
23269
23271
23278
23279
23281
23282
23283
23285
23286
23289
23290
23300
23301
23302
23303
23304
23305
23308
23310
23312
23328
23331
23332
23339
23357
23359
23361
23364
23366
23368
23370
23371
23372
23373
23374
23375
23388
23398
23401
23402
23404
23408
23409
23411
23412
23414
23415
23416
23418
23419
23421
23422
23423
23425
23426
23427
23429
23430
23431
23432
23433
23435
23436
23437
23439
23443
23444
23446
23447
23449
23450
23451
23461
23462
23463
23464
23465
23466
23469
23471
23473
23479
23489
23492
23493
23516
23518
23520
23522
23523
23530
23531
23534
23535
23537
23542
23544
23545
23546
23548
23549
23551
23552
23555
23556
23558
23560
23562
23564
23565
23566
23569
23570
23572
23579
23580
23581
23583
23584
23586
23591
23614
23616
23618
23620
23621
23625
23628
23629
23631
23632
23633
23635
23642
23643
23646
23647
23649
23650
23653
23654
23656
23658
23660
23662
23663
23664
23666
23667
23668
23670
23674
23677
23678
23681
23682
23684
23699
23700
23701
23702
23703
23704
23713
23716
23717
23727
23730
23731
23744
23747
23748
23749
23751
23752
23753
23754
23755
23756
23758
23759
23761
23765
23766
23768
23769
23770
23772
23773
23775
23776
23777
23779
23780
23781
23782
23783
23784
23786
23787
23789
23790
23791
23793
23794
23796
23800
23801
23804
23807
23808
23811
23814
23815
23825
23828
23829
23842
23867
23868
23869
23870
23871
23872
23881
23884
23885
23891
23895
23898
23899
23915
23916
23919
23920
23922
23923
23926
23927
23929
23930
23933
23934
23936
23937
23938
23940
23941
23943
23950
23954
23957
23958
23961
23962
23964
23965
23968
23969
23971
23972
23973
23975
23976
23978
23979
23982
23983
23985
23989
23992
24000
24003
24004
24007
24010
24011
24021
24024
24025
24031
24177
24184
24198
24323
24330
24337
26585
26586
26587
26588
26592
26593
26594
26595
26648
26649
26650
26651
26655
26656
26657
26658
26841
26844
26845
26846
26847
26848
26849
26850
26851
26852
26853
26854
26855
26856
26857
26883
26900
26901
26902
26903
26904
26905
26906
26908
26909
26910
26911
26913
26914
26915
26916
26917
26918
26919
26920
26936
26937
26938
26941
26971
26972
26973
26974
26975
26978
26979
26980
26982
27082
27085
27087
27089
27091
27113
27114
27115
27116
27117
27118
27119
27120
27122
27123
27124
27126
27138
27141
27142
27143
27144
27145
27146
27147
27155
27156
27159
27160
27162
27163
27164
27165
27166
27167
27168
27183
27184
27185
27186
27187
27188
27189
27211
27212
27214
27215
27216
27218
27219
27220
27221
27222
27223
27224
27225
27226
27227
27228
27229
27230
27231
27284
27285
27290
27291
27295
27296
27312
27313
27318
27326
27330
27331
27341
27342
35971
35972
35973
35974
35975
35976
36020
36021
36022
36023
36024
36025
36095
36102
36104
36107
36108
36109
36110
36111
36112
36113
36114
36115
36116
36117
36118
36119
36120
36121
36122
36123
36124
36132
36133
36134
36135
36136
36137
36138
36139
36142
36143
36144
36145
36146
36147
36148
36149
36150
36151
36152
36173
36179
36230
36231
36232
36233
36234
36235
36237
36239
36241
36242
36243
36244
36245
36246
36247
36248
36249
36250
36251
36252
36253
36254
36255
36256
36257
36265
36266
36267
36268
36269
36270
36271
36272
36274
36276
36277
36278
36279
36280
36281
36282
36283
36284
36285
36307
36308
36309
36310
36311
36312
36461
36462
36463
36464
36465
36466
36489
36490
36491
36492
36493
36494
36495
36496
36499
36500
36501
36502
36503
36504
36505
36506
36507
36508
36509
36517
36518
36519
36520
36521
36522
36523
36524
36525
36526
36527
36528
36529
36530
36531
36534
36535
36536
36537
36552
36553
36554
36555
36557
36558
36613
36619
36629
36630
36631
36632
36633
36634
36635
36636
36638
36640
36641
36642
36643
36644
36645
36646
36647
36648
36649
36657
36658
36659
36660
36661
36662
36663
36664
36665
36666
36667
36668
36669
36670
36671
36673
36675
36676
36677
36689
36696
36755
36756
36757
36758
36759
36760
36818
36819
36820
36821
36823
36824
37301
37302
37303
37306
37315
37316
37317
37318
37319
37343
37347
37350
37351
37352
37353
37355
37371
37375
37392
37393
37394
37395
37441
37444
37445
37454
37459
37461
37462
37464
37465
37466
37467
37468
37469
37470
37471
37472
37473
37474
37475
37476
37477
37478
37479
37480
37481
37482
37485
37486
37488
37489
37490
37492
37493
37494
37495
37496
37497
37498
37499
37500
37501
37502
37503
37504
37506
37507
37508
37509
37510
37513
37515
37516
37522
37524
37530
37538
37539
37540
37541
37542
37543
37544
37545
37546
37548
37549
37550
37551
37567
37570
37571
37588
37589
37590
37592
37608
37609
37611
37612
37613
37614
37615
37620
37622
37623
37624
37625
37626
37627
37628
37634
37636
37637
37639
37640
37641
37642
37650
37651
37652
37653
37654
37655
37656
37657
37662
37672
37673
37674
37677
37693
37694
37695
37696
37697
37721
37724
37727
37728
37729
37730
37731
37732
37733
37734
37736
37738
37739
37741
37742
37744
37745
37746
37747
37748
37749
37750
37751
37752
37753
37754
37755
37756
37757
37758
37759
37760
37761
37762
37764
37766
37768
37769
37770
37772
37773
37774
37775
37791
37794
37805
37806
37807
37808
37809
37819
37823
37839
37840
37841
37842
37843
37844
37845
37846
37847
37848
37850
37851
37852
37853
37856
37858
37859
37860
37861
37862
37863
37864
37865
37866
37867
37868
37869
37870
37871
37872
37873
37874
37875
37876
37878
37879
37880
37881
37884
37886
37887
37889
37890
37891
37893
37894
37896
37901
37924
37925
37926
37927
37956
37958
37963
37965
37966
37967
37968
37969
37970
37971
37979
37980
37981
37983
37984
37985
37990
37993
37994
37995
37996
37997
37998
37999
38000
38004
38007
38008
38009
38011
38012
38013
38057
38060
38061
38075
38077
38078
38079
38081
38082
38083
38084
38085
38086
38087
38088
38089
38090
38098
38102
38105
38106
38107
38108
38109
38110
38111
38112
38113
38114
38115
38116
38117
38118
38119
38121
38123
38125
38126
38127
38128
38130
38131
38132
38133
38134
38135
38136
38137
38138
38139
38140
38141
38142
38143
38144
38145
38146
38147
38148
38149
38151
38152
38153
38154
38156
38158
38160
38165
38168
38169
38170
38171
38172
38173
38174
38175
38176
38177
38179
38180
38181
38182
38186
38211
38215
38216
38239
38240
38241
38244
38274
38277
38295
38296
38297
38299
38300
38302
38306
38657
38659
38660
38661
38662
38672
38678
38680
38682
38683
38685
38686
38687
38688
38689
38690
38691
38692
38693
38694
38695
38696
38697
38698
38707
38710
38713
38714
38716
38717
38718
38725
38727
38728
38729
38730
38731
38732
38733
38734
38735
38736
38737
38738
38739
38740
38748
38749
38751
38752
38753
38756
38759
38762
38764
38765
38766
38768
38770
38797
38799
38800
38801
38802
38819
38825
38826
38827
38828
38829
38830
38831
38832
38833
38834
38835
38836
38837
38838
38846
38847
38849
38850
38853
38854
38856
38857
38860
38861
38862
38863
38864
38865
38866
38867
38868
38869
38870
38871
38872
38873
38874
38875
38877
38878
38888
38889
38890
38891
38892
38893
38894
38895
38896
38898
38899
38917
38951
38952
38953
38954
38955
38956
38957
38958
38960
38962
38963
38965
38966
38967
38968
38969
38970
38971
38973
38976
38986
38987
38988
38990
38991
38998
39000
39001
39002
39003
39004
39005
39006
39007
39009
39011
39013
39015
39018
39021
39022
39023
39025
39026
39084
39085
39086
39087
39088
39089
39090
39096
39098
39099
39100
39101
39102
39103
39104
39112
39113
39115
39116
39117
39120
39123
39126
39127
39131
39132
39133
39134
39135
39136
39137
39138
39139
39144
39147
39148
39150
39151
39153
39162
39165
39189
39190
39192
39193
39194
39197
39210
39211
39212
39213
39214
39215
39216
39217
39218
39219
39221
39224
39225
39226
39227
39228
39229
39230
39238
39239
39240
39242
39245
39246
39247
39248
39249
39250
39251
39252
39253
39254
39255
39256
39257
39258
39259
39260
39261
39262
39263
39264
39265
39266
39267
39268
39270
39273
39274
39275
39277
39294
39295
39297
39299
39300
39302
39344
39350
39351
39352
39353
39354
39355
39356
39362
39364
39365
39368
39369
39372
39375
39378
39379
39380
39382
39383
39392
39393
39394
39395
39396
39397
39398
39399
39400
39404
39405
39410
39413
39414
39415
39417
39419
39421
39424
39434
39435
39437
39439
39440
39449
39609
39610
39623
39624
39679
39680
48184
48185
48186
48187
48188
48189
48190
48191
48193
48195
48197
48198
48199
48200
48201
48202
48204
48213
48217
48219
48220
48221
48224
48226
48227
48228
48230
48231
48232
48233
48234
48236
48237
48238
48239
48240
48241
48244
48245
48246
48264
48296
48297
48298
48299
48300
48301
48303
48304
48305
48306
48307
48309
48310
48312
48314
48316
48324
48325
48326
48329
48332
48336
48338
48339
48340
48341
48342
48343
48344
48345
48346
48347
48348
48349
48350
48351
48352
48353
48354
48355
48356
48357
48358
48412
48416
48417
48418
48419
48420
48421
48423
48425
48427
48432
48433
48445
48446
48447
48448
48478
48479
48482
48483
48485
48486
48487
48488
48489
48490
48491
48492
48493
48495
48496
48497
48499
48502
48503
48513
48515
48516
48517
48518
48520
48521
48522
48524
48525
48526
48527
48528
48529
48531
48532
48533
48534
48535
48538
48539
48540
48541
48542
48543
48544
48545
48546
48547
48548
48549
48550
48551
48552
48553
48554
48570
48574
48577
48581
48621
48648
48653
48654
48655
48656
48657
48658
48659
48667
48668
48669
48670
48671
48672
48674
48675
48676
48677
48678
48679
48681
48682
48683
48684
48685
48686
48687
48688
48690
48691
48692
48695
48697
48698
48699
48701
48702
48704
48705
48706
48708
48745
48746
48747
48748
48749
48750
48755
48759
48760
48762
48767
48769
48774
48775
48776
48777
48793
48794
48797
48798
48800
48801
48802
48804
48805
48807
48809
48811
48814
48816
48817
48818
48819
48836
48840
48850
48853
49201
49202
49204
49205
49206
49210
49212
49214
49215
49216
49217
49218
49219
49221
49229
49230
49231
49232
49233
49234
49235
49244
49245
49248
49250
49251
49253
49254
49255
49256
49257
49259
49261
49263
49264
49269
49271
49278
49279
49280
49281
49282
49283
49284
49300
49301
49302
49305
49316
49319
49329
49332
49390
49391
49392
49393
49394
49395
49396
49397
49398
49399
49400
49401
49402
49403
49404
49405
49406
49407
49408
49409
49410
49411
49412
49413
49414
49415
49416
49417
49418
49419
49420
49421
49422
49423
49424
49430
49442
49444
49449
49450
49452
49460
49461
49462
49463
49464
49465
49481
49482
49483
49485
49486
49488
49489
49490
49491
49492
49494
49497
49499
49501
49509
49510
49511
49512
49513
49514
49515
49517
49518
49521
49530
49531
49532
49533
49534
49535
49536
49537
49538
49539
49540
49541
49542
49543
49544
49545
49546
49547
49548
49549
49550
49551
49552
49553
49554
49555
49556
49557
49572
49573
49574
49576
49577
49578
49579
49581
49583
49585
49586
49590
49593
49594
49595
49596
49597
49598
49599
49600
49607
49608
49609
49610
49611
49612
49613
49614
49615
49616
49617
49618
49619
49620
49621
49622
49623
49624
49625
49626
49627
49628
49629
49630
49631
49632
49633
49634
49685
49686
49687
49690
49707
49710
49714
49717
49726
49727
49728
49729
49730
49731
49732
49733
49734
49735
49736
49737
49738
49739
49740
49741
49742
49743
49744
49745
49746
49747
49748
49749
49750
49751
49752
49753
49754
49757
49758
49759
49760
49761
49763
49764
49765
49766
49767
49768
49770
49771
49772
49773
49774
49793
49805
49807
49812
49814
49815
49817
49818
49819
49820
49821
49822
49831
49833
49835
49836
49837
49838
49840
49841
49842
49843
49844
49845
49847
49848
49849
49850
49851
50036
50040
50041
50043
50044
50049
50060
50085
50089
50090
50092
50093
50098
50099
50103
50104
50141
50142
50147
50148
50152
50153
50155
50156
50161
50170
50199
50204
50205
50210
50211
50215
50216
50218
50222
50223
50225
50226
50231
50289
81655
81658
81668
81671
81681
81682
81683
81686
81696
81698
81706
81708
81709
81710
81713
81715
81717
81719
81721
81722
81723
81724
81725
81726
81728
81794
81836
81863
81876
81877
81878
81879
81880
81882
81883
81887
81889
81890
81891
81892
81894
81895
81897
81900
81902
81903
81904
81905
81906
81907
81908
81909
81910
81911
81912
81913
81915
81916
81917
81918
81921
81922
81923
81924
81983
82010
82025
82065
82066
82067
82068
82069
82070
82071
82072
82073
82074
82076
82077
82078
82079
82082
82083
82084
82085
82086
82087
82088
82089
82090
82092
82093
82098
82099
82100
82101
82102
82104
82106
82107
82110
82112
82113
82277
82279
82286
82289
82290
82291
82294
82296
82298
82300
82301
82303
82304
82305
82306
82307
82309
82327
82330
82340
82343
82353
82354
82355
82358
82627
82629
82631
82635
82637
82638
82647
82648
82649
82650
82651
82658
82660
82661
82662
82663
82664
82665
82666
82672
82676
82678
82680
82684
82686
82687
82696
82697
82698
82699
82700
82707
82709
82710
82711
82712
82713
82714
82715
82721
82723
82724
82725
82726
82727
82728
82729
82730
82731
82732
82733
82734
82735
82736
82737
82739
82740
82741
82742
82743
82744
82746
82747
82748
82749
82750
82751
82752
82753
82754
82755
82756
82757
82758
82760
82761
82762
82763
82764
82765
82767
82768
82769
82770
82771
82772
82773
82774
82775
82776
82777
82778
82858
82860
82862
82866
82867
82869
82878
82879
82880
82882
82883
82888
82891
82892
82893
82894
82895
82896
82897
82904
82933
82934
82935
82936
82937
82938
82939
82940
82941
82942
82943
82944
82945
82946
82949
82951
82953
82957
82958
82960
82969
82970
82971
82972
82973
82979
82982
82983
82984
82985
82986
82987
82988
82994
83174
83177
83187
83190
83200
83201
83202
83205
83235
83238
83241
83242
83243
83246
83253
83255
83256
83257
83258
83259
83261
83262
83264
83266
83268
83276
83278
83279
83280
83281
83282
83283
83284
83285
83286
83287
83288
83289
83290
83292
83293
83294
83295
83296
83297
83299
83300
83301
83302
83303
83304
83305
83306
83307
83308
83309
83310
83311
83313
83314
83315
83316
83317
83426
83429
83439
83442
83452
83453
83454
83456
83466
83469
83472
83473
83474
83476
83484
83486
83487
83488
83489
83490
83491
83493
83495
83497
83499
83599
83640
83641
83642
83643
83644
83646
83647
83651
83653
83654
83655
83656
83658
83659
83661
83664
83666
83667
83670
83697
83710
83711
83712
83713
83714
83715
83716
83717
83718
83719
83721
83722
83723
83724
83726
83728
83729
83730
83829
83830
83831
83832
83833
83835
83836
83840
83841
83843
83844
83845
83847
83848
83850
83853
83854
83856
83858
83899
83900
83901
83902
83903
83904
83905
83906
83907
83908
83910
83911
83912
83913
83915
83917
83918
83919
83922
83949
84040
84061
84081
84082
84083
84084
84085
84086
84087
84088
84089
84090
84092
84093
84094
84095
84098
84099
84100
84101
84104
84144
84145
84146
84147
84148
84149
84151
84156
84157
84158
84159
84160
84162
84164
84165
84167
84169
84171
84277
84278
84279
84280
84281
84282
84283
84284
84285
84286
84288
84289
84290
84291
84294
84295
84296
84297
84299
84320
84340
84341
84342
84343
84344
84345
84347
84352
84353
84354
84355
84356
84358
84360
84361
84363
84365
84367
84370
84538
84540
84547
84550
84551
84552
84555
84557
84559
84561
84562
84564
84565
84566
84567
84568
84570
84587
84590
84594
84597
84607
84608
84609
84612
84627
84629
84630
84631
84632
84633
84634
84636
84637
84638
84639
84640
84641
84642
84643
84644
84645
84646
84647
84648
84650
84651
84652
84653
84654
84655
84657
84658
84659
84660
84661
84662
84663
84664
84665
84666
84667
84668
84790
84792
84800
84802
84803
84804
84807
84809
84811
84813
84814
84816
84817
84818
84819
84820
84821
84860
84862
84867
84869
84880
84881
84882
84883
85048
85051
85052
85056
85058
85059
85062
85063
85064
85066
85067
85075
85076
85077
85078
85079
85080
85081
85086
85094
85096
85097
85098
85099
85100
85101
85102
85103
85104
85105
85106
85107
85108
85109
85139
85142
85143
85147
85149
85150
85153
85154
85155
85156
85157
85166
85167
85168
85169
85170
85171
85172
85177
85184
85187
85189
85190
85191
85192
85193
85194
85195
85196
85197
85198
85199
85200
85201
85202
85203
85204
85205
85206
85207
85208
85210
85211
85212
85213
85214
85215
85216
85217
85218
85219
85220
85221
85222
85224
85225
85226
85227
85228
85334
85335
85336
85337
85338
85339
85340
85341
85342
85343
85344
85345
85346
85347
85349
85352
85353
85357
85359
85360
85363
85364
85365
85366
85367
85376
85377
85378
85379
85380
85381
85382
85387
85394
85398
85401
85402
85406
85408
85409
85412
85413
85414
85415
85416
85425
85426
85427
85428
85429
85430
85431
85436
85443
85707
85710
85714
85717
85727
85728
85729
85731
85748
85751
85754
85755
85756
85758
85766
85768
85769
85770
85771
85772
85773
85775
85777
85779
85781
85950
85951
85952
85953
85954
85955
85957
85961
85962
85964
85965
85966
85968
85969
85971
85973
85975
85976
85978
85979
85980
85981
85982
85983
85984
85985
85986
85987
85989
85990
85991
85992
85994
85996
85997
85998
86000
86042
86063
86188
86189
86190
86191
86192
86193
86194
86195
86196
86197
86199
86200
86201
86202
86204
86206
86207
86208
86209
86210
86211
86212
86213
86214
86216
86221
86222
86223
86224
86225
86227
86229
86230
86232
86234
86236
86238
86259
86280
86441
86444
86447
86448
86449
86452
86459
86461
86462
86463
86464
86465
86466
86468
86470
86472
86473
86491
86493
86498
86500
86511
86512
86513
86514
88185
88190
88192
88197
88350
88353
88354
88355
88356
88357
88358
88360
88362
88363
88369
88371
88382
88383
88384
88385
88394
88395
88398
88400
88401
88402
88404
88406
88407
88408
88411
88412
88422
88424
88425
88426
88428
88439
88459
88472
88474
88477
88501
88502
88505
88534
88535
88539
88540
88541
88542
88544
88545
88546
88548
88551
88553
88562
88564
88565
88566
88567
88580
88584
88585
88586
88587
88588
88589
88591
88593
88596
88600
88601
88613
88614
88615
88617
88626
88628
88631
88655
88656
88659
88677
88697
88717
88720
88724
88727
88936
88978
88998
89010
89011
89012
89013
89014
89016
89017
89018
89019
89020
89021
89023
89024
89026
89027
89028
89031
89033
89034
89036
89037
89038
89040
89041
89043
89044
89102
89103
89104
89105
89106
89107
89124
89131
89143
89144
89145
89147
89148
89149
89150
89151
89153
89154
89155
89156
89157
89158
89161
89162
89163
89164
89165
89166
89167
89168
89169
89170
89172
89173
89174
89177
89207
89214
89220
89221
89222
89223
89224
89226
89227
89230
89232
89233
89241
89242
89243
89244
89245
89246
89248
89249
89253
89255
89256
89258
89260
89262
89266
89267
89268
89269
89270
89271
89273
89274
89275
89276
89277
89279
89280
89281
89282
89283
89285
89286
89287
89288
89289
89290
89292
89293
89294
89296
89297
89298
89299
89300
89301
89302
89303
89304
89306
89307
89308
89309
89310
89311
89313
89314
89315
89316
89317
89318
89320
89321
89322
89323
89324
89325
89327
89328
89330
89331
89332
89333
89334
89335
89336
89337
89338
89339
89340
89341
89342
89343
89344
89346
89348
89350
89351
89353
89354
89355
89356
89358
89359
89368
89371
89374
89375
89376
89379
89381
89382
89383
89384
89385
89386
89387
89388
89389
89390
89391
89392
89394
89395
89398
89399
89401
89409
89410
89411
89412
89414
89415
89416
89417
89420
89423
89424
89426
89429
89431
89432
89433
89436
89466
89473
89479
89483
89484
89485
89486
89487
89488
89490
89491
89492
89493
89494
89496
89497
89498
89499
89514
89515
89516
89517
89519
89520
89521
89522
89523
89524
89525
89526
89528
89530
89531
89533
89535
89537
89538
89540
89541
89542
89544
89545
89546
89548
89566
89586
89627
89628
89629
89630
89631
89632
89649
89656
89725
89730
89739
89743
89794
89795
89796
89797
89798
89799
89800
89801
89802
89803
89805
89806
89807
89808
89809
89811
89812
89813
89814
89815
89816
89819
89820
89821
89823
89824
89825
89827
89851
89865
89871
89875
89877
89878
89879
89880
89882
89883
89884
89885
89886
89888
89889
89890
89891
89892
89893
89894
89895
89896
89898
89899
89902
89904
89905
89913
89914
89915
89916
89917
89918
89920
89921
89925
89927
89928
89930
89932
89934
89935
89936
89937
89938
89939
89941
89942
89943
89944
89945
89946
89948
89950
89953
89954
89962
89963
89964
89966
89970
89974
89976
89977
89978
89980
89981
89982
89983
89984
89986
89987
89988
89989
89990
89991
89994
89995
89996
89997
90001
90002
90004
90005
90006
90008
90009
90010
90011
90012
90014
90015
90016
90017
90019
90020
90021
90023
90047
90061
90067
90068
90069
90070
90071
90073
90074
90077
90078
90080
90088
90089
90090
90091
90092
90093
90095
90096
90099
90102
90103
90105
90107
90117
90122
90131
90135
90198
90201
90202
90203
90204
90205
90206
90208
90210
90211
90217
90219
90230
90231
90232
90233
90263
90264
90267
90269
90270
90271
90272
90275
90276
90277
90279
90281
90284
90286
90287
90288
90290
90308
90328
90341
90342
90345
90363
90364
90367
90382
90384
90385
90386
90387
90388
90389
90391
90392
90393
90395
90396
90397
90398
90399
90400
90401
90402
90403
90405
90406
90407
90408
90409
90410
90412
90413
90414
90415
90416
90417
90419
90420
90421
90423
90424
90425
90426
90427
90428
90429
90430
90431
90433
90434
90435
90436
90437
90459
90460
90463
90464
90466
90467
90468
90470
90471
90473
90475
90478
90480
90482
90483
90484
90485
90525
90545
90558
90559
90561
90580
90581
90582
90606
90607
90611
90612
90613
90614
90616
90617
90618
90620
90623
90625
90634
90636
90637
90638
90639
90663
90664
90665
90666
90667
90668
90673
90677
90678
90681
90685
90687
90692
90693
90694
90696
90712
90714
90717
90741
90742
90745
90762
90776
90788
90790
90791
90792
90793
90794
90795
90797
90798
90799
90800
90801
90802
90804
90805
90807
90808
90809
90810
90811
90812
90813
90814
90815
90816
90818
90819
90820
90821
90822
90823
90825
90826
90827
90828
90829
90830
90832
90833
90834
90836
90837
90838
90839
90840
90841
90842
90843
90873
90874
90875
90876
90877
90878
90884
90887
90888
90891
90895
90898
90902
90903
90904
90905
90936
90938
90941
90965
90966
90968
90986
91000
91027
91030
91034
91037
91117
91118
91119
91120
91121
91122
91124
91126
91128
91129
91131
91132
91133
91134
91136
91137
91146
91149
91152
91153
91154
91157
91159
91160
91161
91162
91163
91164
91165
91166
91167
91168
91169
91170
91171
91173
91175
91177
91178
91180
91181
91182
91183
91185
91186
91194
91195
91198
91201
91202
91203
91206
91209
91210
91211
91214
91244
91251
91257
91262
91263
91264
91265
91266
91268
91269
91270
91271
91272
91273
91275
91276
91277
91278
91279
91280
91282
91283
91284
91285
91286
91287
91289
91290
91291
91292
91293
91296
91297
91298
91299
91300
91301
91302
91303
91304
91305
91306
91307
91308
91309
91310
91311
91313
91315
91317
91318
91320
91321
91322
91323
91324
91325
91335
91338
91341
91342
91343
91345
91348
91349
91350
91351
91352
91353
91355
91357
91359
91360
91362
91363
91364
91365
91366
91367
91376
91377
91380
91383
91384
91385
91387
91390
91395
91396
91397
91398
91399
91401
91402
91403
91404
91405
91406
91408
91409
91410
91412
91413
91414
91417
91447
91454
91523
91524
91525
91526
91528
91529
91530
91531
91532
91533
91534
91535
91537
91539
91540
91542
91544
91546
91547
91549
91550
91551
91553
91554
91555
91557
91575
91636
91637
91638
91639
91640
91641
91658
91665
91705
91706
91707
91708
91709
91710
91712
91713
91714
91715
91716
91717
91719
91721
91724
91725
91733
91734
91735
91737
91745
91747
91748
91749
91751
91752
91753
91754
91755
91756
91758
91759
91760
91761
91762
91765
91766
91767
91768
91772
91773
91774
91775
91776
91777
91779
91780
91781
91782
91783
91784
91786
91787
91788
91790
91791
91792
91794
91818
91832
91838
91839
91840
91841
91842
91843
91845
91847
91849
91850
91852
91853
91854
91855
91856
91857
91866
91867
91870
91873
91874
91875
91877
91880
91882
91883
91884
91885
91886
91887
91889
91890
91891
91893
91894
91895
91896
91897
91898
91899
91900
91901
91903
91904
91905
91906
91907
91908
91910
91911
91912
91913
91914
91915
91917
91918
91919
91920
91921
91922
91924
91925
91926
91928
91929
91930
91931
91932
91933
91934
91935
91936
91937
91938
91939
91940
91941
91942
91943
91944
91945
91947
91948
91949
91950
91951
91952
91954
91955
91956
91957
91958
91961
91962
91963
91964
91965
91966
91967
91968
91969
91971
91972
91973
91974
91975
91976
91978
91980
91982
91983
91992
91993
91994
91996
92000
92003
92006
92010
92011
92012
92013
92014
92015
92017
92018
92019
92020
92021
92022
92024
92025
92026
92027
92028
92029
92030
92031
92032
92034
92036
92038
92039
92041
92042
92043
92044
92045
92046
92055
92056
92059
92062
92063
92064
92066
92070
92071
92072
92074
92098
92112
92128
92155
92170
92217
92218
92219
92220
92221
92222
92239
92246
92385
92390
92399
92403
92566
92567
92570
92571
92573
92574
92575
92577
92578
92580
92582
92585
92587
92589
92590
92591
92592
92645
92659
92679
92680
92682
92701
92702
92703
92728
92729
92730
92731
92732
92733
92739
92742
92743
92746
92750
92753
92757
92758
92759
92760
92812
92813
92816
92834
92835
92837
92862
92876
94213
94214
94215
94218
94229
94232
94242
94245
94252
94264
94265
94271
94273
94274
94282
94283
94284
94285
94286
94287
94289
94292
94293
94294
94295
94296
94298
94299
94300
94301
94302
94303
94305
94306
94307
94308
94309
94355
94374
94375
94387
94391
94395
94396
94397
94398
94415
94417
94419
94422
94423
94424
94426
94436
94437
94439
94440
94441
94442
94443
94445
94447
94448
94450
94454
94457
94464
94465
94466
94467
94468
94469
94470
94473
94474
94507
94522
94523
94556
94570
94571
94573
94574
94575
94577
94578
94579
94580
94582
94592
94594
94595
94598
94599
94602
94603
94604
94605
94606
94607
94608
94609
94610
94618
94619
94620
94622
94624
94630
94632
94633
94634
94636
94637
94639
94640
94641
94643
94645
94653
94654
94656
94657
94658
94662
94664
94665
94667
94668
94669
94670
94672
94673
94681
94682
94683
94684
94685
94686
94687
94696
94697
94700
94704
94705
94738
94753
94754
94787
94800
94801
94802
94804
94806
94811
94814
94815
94816
94818
94819
94821
94822
94823
94825
94826
94836
94837
94839
94840
94841
94843
94844
94845
94846
94847
94858
94860
94861
94864
94865
94867
94868
94870
94871
94872
94873
94874
94875
94876
94919
94922
94923
94924
94925
94926
94928
94929
94930
94931
94932
94933
94935
94936
94937
94938
94939
94945
94957
94960
94964
94965
94967
94975
94976
94977
94978
94979
94981
95017
95021
95025
95026
95027
95029
95045
95047
95050
95052
95053
95054
95056
95076
95095
95096
95155
95167
95168
95174
95176
95177
95185
95186
95187
95188
95189
95190
95207
95208
95209
95212
95223
95226
95236
95239
95241
95243
95245
95246
95247
95248
95250
95251
95252
95253
95254
95255
95257
95258
95259
95260
95261
95279
95298
95299
95339
95343
95347
95348
95349
95350
95367
95368
95369
95371
95374
95376
95378
95389
95390
95391
95392
95393
95394
95397
95398
95399
95417
95418
95420
95421
95424
95425
95427
95428
95431
95437
95438
95439
95440
95441
95442
95443
95444
95451
95452
95453
95456
95457
95458
95459
95461
95462
95463
95465
95466
95467
95468
95469
95470
95471
95472
95479
95480
95481
95484
95485
95486
95487
95489
95490
95491
95493
95494
95495
95496
95497
95498
95499
95500
95501
95502
95503
95504
95505
95506
95507
95514
95515
95516
95518
95520
95521
95522
95524
95526
95527
95529
95530
95531
95532
95533
95534
95537
95538
95540
95557
95558
95560
95561
95564
95565
95567
95569
95571
95577
95578
95579
95580
95581
95582
95583
95584
95591
95592
95593
95595
95596
95598
95599
95601
95602
95603
95640
95642
95644
95645
95646
95647
95649
95650
95651
95652
95653
95654
95656
95657
95658
95659
95660
95676
95677
95678
95680
95692
95695
95705
95707
95720
95739
95740
95759
95763
95767
95768
95769
95771
95787
95788
95789
95792
95794
95796
95798
95871
95872
95874
95875
95876
95877
95878
95880
95882
95883
95885
95889
95892
95899
95900
95901
95902
95903
95904
95905
95907
95909
95935
95956
95957
95959
95960
95961
95963
95964
95965
95966
95968
95978
95980
95981
95984
95985
95988
95989
95990
95991
95992
95993
95994
95995
95996
96006
96007
96040
96053
96054
96055
96057
96058
96060
96061
96062
96064
96065
96072
96074
96075
96076
96078
96080
96088
96089
96090
96092
96093
96095
96096
96097
96098
96099
96100
96104
96107
96108
96116
96117
96118
96119
96120
96121
96122
96124
96125
96127
96137
96138
96140
96141
96142
96143
96144
96146
96148
96149
96151
96157
96158
96165
96166
96167
96168
96169
96170
96171
96173
96174
96176
96177
96178
96180
96181
96182
96183
96184
96195
96197
96199
96201
96202
96204
96206
96207
96208
96209
96210
96211
96212
96213
96222
96224
96250
96270
96271
96272
96274
96275
96277
96278
96279
96281
96282
96289
96291
96292
96293
96295
96297
96307
96308
96341
96410
96411
96413
96414
96415
96419
96421
96422
96424
96425
96426
96427
96429
96430
96438
96439
96440
96441
96442
96443
96444
96453
96454
96457
96460
96462
96488
96508
96509
96510
96512
96514
96519
96522
96523
96524
96526
96527
96529
96530
96531
96533
96534
96545
96546
96579
96593
96594
96596
96597
96598
96600
96601
96602
96603
96604
96608
96610
96611
96620
96621
96622
96623
96624
96625
96626
96628
96629
96631
96632
96641
96642
96643
96645
96646
96647
96648
96650
96653
96654
96655
96660
96662
96663
96664
96665
96666
96667
96668
96669
96676
96677
96679
96680
96681
96685
96687
96688
96690
96691
96692
96693
96694
96695
96704
96705
96706
96707
96708
96709
96710
96719
96720
96722
96725
96726
96727
96729
96731
96737
96739
96740
96741
96743
96745
96746
96747
96748
96750
96751
96761
96763
96789
96810
96811
96813
96814
96815
96817
96818
96819
96820
96821
96825
96827
96828
96837
96838
96839
96840
96841
96842
96843
96845
96846
96848
96849
96860
96861
96894
96921
96924
96925
96926
96927
96928
96930
96931
96932
96933
96934
96935
96937
96938
96939
96940
96941
96981
96993
96996
97000
97002
97003
97005
97006
97007
97008
97009
97011
97047
97051
97055
97056
97057
97059
97075
97077
97080
97082
97083
97084
97086
97112
97125
97126
97145
97146
97147
97148
97149
97150
97151
97152
97153
97154
97155
97156
97157
97158
97159
97166
97167
97168
97170
97172
97173
97174
97175
97178
97179
97181
97182
97183
97184
97185
97186
97189
97190
97192
97209
97210
97212
97213
97216
97217
97219
97221
97223
97229
97230
97231
97232
97233
97234
97235
97236
97243
97244
97245
97247
97248
97250
97251
97252
97254
97255
97257
97258
97259
97260
97261
97262
97263
97264
97265
97266
97267
97268
97269
97270
97271
97278
97279
97280
97282
97283
97285
97286
97287
97289
97290
97292
97293
97294
97295
97296
97297
97298
97299
97306
97307
97308
97310
97311
97313
97314
97315
97317
97318
97321
97322
97323
97324
97325
97326
97329
97330
97331
97349
97350
97352
97354
97356
97357
97359
97361
97363
97377
97378
97379
97380
97399
97401
97406
97408
97422
97434
97437
97441
97443
97444
97446
97447
97448
97449
97450
97451
97495
97499
97503
97504
97505
97506
97523
97525
97527
97530
97531
97532
97534
97581
97594
97595
97663
97665
97667
97668
97669
97670
97672
97673
97674
97675
97676
97677
97679
97680
97681
97682
97683
97727
97728
97729
97731
97749
97752
97756
97758
97777
97790
97791
97810
97814
97818
97819
97820
97822
97838
97839
97840
97843
97845
97847
97849
97894
97895
97896
97898
97899
97901
97902
97903
97904
97905
97906
97910
97913
97914
97922
97923
97924
97925
97926
97927
97928
97930
97931
97933
97943
97944
97945
97947
97948
97949
97950
97952
97954
97955
97957
97962
97964
97965
97966
97967
97968
97969
97970
97971
97979
97980
97982
97983
97984
97986
97987
97988
97989
97990
97994
97996
97998
98006
98007
98008
98009
98010
98011
98012
98014
98015
98017
98019
98027
98028
98029
98031
98032
98034
98035
98036
98038
98039
98046
98048
98049
98050
98052
98054
98063
98065
98091
98112
98114
98140
98160
98161
98162
98164
98165
98166
98167
98169
98172
98173
98174
98179
98181
98182
98183
98184
98185
98186
98187
98188
98195
98196
98197
98199
98200
98202
98203
98204
98205
98206
98207
98211
98213
98214
98223
98224
98225
98226
98227
98228
98229
98231
98232
98234
98244
98245
98246
98248
98249
98251
98252
98253
98255
98257
98263
98265
98266
98267
98269
98270
98280
98281
98283
98284
98285
98287
98288
98289
98290
98291
98295
98297
98298
98307
98308
98309
98310
98311
98312
98313
98315
98316
98318
98319
98329
98331
98357
98378
98380
98406
98430
98442
98445
98449
98451
98452
98454
98455
98456
98457
98458
98459
98476
98477
98478
98479
98498
98500
98505
98507
98552
98556
98560
98561
98562
98563
98580
98581
98582
98584
98587
98589
98591
98610
98623
98624
98806
98841
98948
98962
98997
99065
99100
99142
99297
99311
99325
99394
101685
101686
101687
101688
101692
101693
101694
101695
101699
101700
101701
101702
101706
101707
101708
101709
101713
101714
101715
101716
101720
101721
101722
101723
101734
101735
101736
101737
101741
101742
101743
101744
101748
101749
101750
101751
101755
101756
101757
101758
101769
101770
101771
101772
101776
101777
101778
101779
101822
101823
101824
101825
101826
101827
101828
101829
101830
101831
101832
101833
101834
101835
101836
101837
101838
101839
101840
101841
101842
101843
101844
101845
101846
101847
101848
101849
101850
101851
101852
101853
101854
101855
101856
101857
101858
101859
101860
101861
101862
101863
101864
101865
101866
101867
101868
101869
101870
101871
101872
101873
101874
101875
101876
101877
101878
101879
101880
101881
101882
101883
101884
101885
101886
101887
101888
101889
101890
101891
101892
101893
101894
101895
101896
101897
101898
101899
101900
101901
101902
101903
101904
101905
101906
101907
101908
101909
101910
101911
101912
101927
101928
101929
101930
101931
101932
101933
101964
101966
101983
101984
101985
101986
101987
101988
101989
101990
101991
101992
101993
101994
101995
101996
101998
102001
102004
102005
102006
102007
102008
102009
102010
102011
102012
102013
102014
102015
102016
102017
102075
102080
102081
102085
102086
102088
102094
102095
102096
102097
102102
102103
102104
102109
102113
102114
102130
102134
102135
102137
102138
102139
102144
102145
102146
102152
102153
102155
102160
102172
102176
102177
102180
102181
102183
102187
102188
102190
102208
106116
106117
106118
106119
106120
106121
106122
106130
106131
106132
106133
106134
106135
106136
106284
106285
106286
106287
106288
106289
106290
106305
106306
106307
106308
106309
106310
106311
106326
106327
106328
106329
106330
106331
106332
106347
106348
106349
106350
106351
106352
106353
106501
106502
106503
106504
106505
106506
106507
106522
106523
106524
106525
106526
106527
106528
106585
106586
106587
106588
106589
106590
106591
106599
106600
106601
106602
106603
106604
106605
106725
106726
106727
106728
106729
106730
106731
106753
106754
106755
106756
106757
106758
106759
106767
106768
106769
106770
106771
106772
106773
106907
106908
106909
106910
106911
106912
106913
106993
106996
107005
107006
107008
107009
107011
107019
107020
107022
107023
107025
107060
107067
107074
107081
107105
107108
107117
107118
107119
107121
107123
107133
107135
107145
107146
107147
107149
107151
107173
107174
107176
107177
107179
107188
107192
107201
107202
107204
107206
107207
107228
107235
107242
107249
107286
107289
107299
107300
107301
107303
107305
107307
107311
107320
107321
107322
107325
107326
107392
107427
107517
107518
107520
107545
107546
107549
107615
107650
107693
107804
107805
107808
107902
111884
111885
111886
111887
111888
111889
111890
111891
111892
111893
111894
111895
111896
111897
111996
111997
111998
111999
112000
112001
112002
112003
112004
112005
112006
112007
112008
112009
112045
112046
112047
112048
112049
112050
112051
112052
112053
112054
112055
112056
112057
112058
112164
112165
112166
112167
112168
112169
112170
112171
112172
112173
112174
112175
112176
112177
112452
112454
112455
112508
112512
112515
112571
112572
112574
112584
112585
112586
112587
112588
112589
112590
112606
112610
112613
112776
112779
112782
112785
112801
112803
112804
112805
112806
112807
112808
112809
112810
112811
112812
112813
112814
112815
112816
112817
112818
112819
112820
112821
112822
112823
112824
112825
112826
112827
112828
112829
112831
112832
112833
112834
112835
112836
112837
112838
112839
112840
112841
112842
112878
112879
112881
112882
112883
112884
112885
112886
112887
112888
112889
112890
112891
112892
112893
112894
112895
112896
112897
112898
112899
112900
112901
112902
112903
112904
112905
112906
112907
112909
112910
112911
112912
112913
112914
112915
112916
112917
112918
112919
112948
112949
112950
112951
112952
112953
112954
112955
112957
112958
112959
112960
112961
112962
112963
112964
112965
112966
112967
112968
112969
112970
112971
112972
112973
112974
112975
112976
112977
112978
112979
112980
112981
112982
112983
112985
112986
112987
112988
112989
113013
113016
113020
113023
113025
113026
113027
113028
113029
113030
113031
113032
113033
113035
113036
113037
113038
113039
113040
113041
113042
113043
113044
113045
113046
113047
113048
113049
113050
113051
113052
113053
113054
113055
113056
113057
113058
113059
113060
113061
113063
113064
113065
113066
113228
113232
113234
113235
113239
113240
113243
113244
113246
113264
113269
113271
113272
113274
113277
113281
113282
113313
113314
113396
113400
113401
113403
113407
113409
113411
113412
113414
113431
113437
113439
113440
113442
113445
113449
113450
113551
113552
113554
113558
113563
113564
113568
113569
113585
113589
113590
113592
113596
113597
113600
113605
113677
113678
113719
113720
113722
113725
113731
113732
113736
113737
113753
113757
113758
113760
113764
113765
113767
113773
133727
133740
133743
133745
133746
133747
133748
133749
133750
133751
133766
133767
133768
133769
133770
133771
133772
133782
133784
133786
133831
133832
133852
133853
133856
133872
133873
133874
133875
133876
133885
133886
133887
133888
133889
133890
133891
133892
133893
133894
133895
133896
133897
133898
133906
133907
133908
133910
133911
133920
133921
133922
133923
133924
133925
133926
133927
133928
133932
133933
133934
133935
133936
133937
133938
133939
133940
133941
133985
133986
133989
134005
134006
134007
134008
134010
134020
134021
134039
134040
134041
134042
134043
134044
134045
134046
134047
134050
134052
134053
134054
134055
134056
134057
134058
134059
134060
134067
134068
134069
134070
134071
134072
134073
134074
134075
134076
134077
134078
134079
134080
134088
134089
134090
134092
134094
134207
134208
134209
134210
134211
134212
134213
134223
134225
134226
134245
134258
134261
134263
134264
134265
134266
134267
134268
134269
134431
134432
134433
134434
134435
134437
134441
134443
134444
134445
134446
134447
134448
134449
134451
134455
134457
134458
134459
134460
134461
134462
134463
134464
134465
134466
134467
134468
134469
134470
134471
134472
134473
134474
134475
134476
134477
134478
134479
134480
134481
134482
134483
134484
134485
134486
134487
134488
134489
134490
134491
134492
134493
134557
134558
134559
134560
134561
134563
134567
134568
134570
134578
134579
134580
134581
134582
134583
134584
134585
134586
134587
134588
134589
134591
134595
134596
134598
134728
134734
134737
134739
134740
134741
134742
134743
134744
134745
134767
134768
134769
134770
134771
134772
134773
134783
134785
134787
134788
134789
134790
134791
134792
134793
134794
134795
134796
134797
134798
134799
134800
134801
134802
134803
134804
134805
134806
134807
134808
134809
134810
134811
134812
134813
134814
134815
134896
134902
134905
134907
134908
134909
134910
134911
134912
134913
134921
134922
134923
134924
134925
134926
134927
134937
134939
134941
134992
134994
135012
135013
135014
135015
135016
135017
135018
135019
135020
135021
135022
135023
135024
135025
135033
135034
135035
135037
135038
135049
135050
135053
135069
135070
135071
135072
135073
135082
135083
135084
135085
135086
135087
135088
135089
135090
135094
135095
135096
135097
135098
135099
135100
135101
135102
135103
135138
135139
135140
135141
135142
135143
135144
135145
135146
135147
135148
135149
135150
135151
135159
135160
135161
135163
135164
135174
135176
135194
135195
135196
135197
135198
135199
135200
135201
135202
135206
135207
135208
135209
135210
135211
135212
135213
135214
135215
135224
135225
135228
135244
135245
135246
135247
135248
135293
135295
135297
135314
135315
135316
135317
135319
135327
135328
135329
135330
135331
135332
135333
135334
135335
135338
135340
135341
135342
135343
135344
135345
135346
135347
135348
135357
135358
135376
135377
135378
135379
135380
135381
135382
135383
135384
135385
135386
135387
135388
135389
135397
135398
135399
135401
135403
135460
135461
135462
135463
135464
135465
135466
135467
135468
135471
135472
135474
135475
135476
135477
135478
135479
135480
135481
135489
135491
135493
135510
135511
135512
135514
135515
135523
135524
135525
135526
135527
135528
135529
135530
135531
135532
135533
135534
135535
135536
135544
135545
135546
135548
135550
135560
135561
135677
135678
135679
135680
135681
135682
135683
135693
135695
135696
135707
135714
135717
135719
135720
135721
135722
135723
135724
135725
135726
135727
135728
135729
135730
135731
135732
135733
135734
135735
135736
135737
135738
135739
135740
135741
135742
135743
135744
135745
135746
135747
135748
135749
135750
135751
135752
135753
135817
135818
135819
135820
135821
135822
135823
135833
135835
135836
135861
135868
135870
135873
135874
135875
135876
135877
135878
135879
135978
135979
135980
135981
135982
135983
135987
135989
135990
135992
135993
135994
135995
135996
135997
135998
136006
136007
136008
136009
136010
136011
136015
136017
136018
136020
136021
136022
136023
136024
136025
136026
136027
136028
136029
136030
136031
136032
136033
136034
136035
136036
136037
136038
136039
136040
136041
136042
136043
136044
136045
136046
136047
136153
136154
136155
136156
136157
136158
136159
136160
136161
136162
136163
136164
136165
136169
136171
136172
136174
136175
136176
136177
136178
136179
136183
136185
136186
136316
136323
136326
136335
136336
136337
136338
136339
136340
136341
136356
136357
136358
136359
136360
136361
136362
136372
136374
136376
136433
136434
136435
136436
136437
136438
136439
136440
136441
136442
136443
136444
136445
136446
136454
136455
136456
136458
136459
136468
136469
136470
136471
136472
136473
136474
136475
136476
136480
136481
136482
136483
136484
136485
136486
136487
136488
136489
136497
136499
136518
136520
136522
136539
136540
136541
136542
136543
136601
136602
136603
136604
136605
136606
136607
136608
136609
136612
136613
136615
136616
136617
136618
136619
136620
136621
136622
136629
136630
136631
136632
136633
136634
136635
136636
136637
136638
136639
136640
136641
136642
136650
136651
136652
136654
136656
136665
136667
136669
136686
136687
136688
136690
136691
136700
136702
136783
136784
136785
136786
136787
136788
136789
136799
136801
136802
136820
136827
136829
136839
136840
136841
136842
136843
136844
136845
137218
137223
137225
137323
137325
137326
137343
137344
137345
137346
137347
137348
137349
137392
137393
137394
137395
137396
137397
137398
137414
137416
137417
137491
137494
137498
137702
137709
137743
137763
137766
137769
137770
137771
137772
137773
137774
137775
137776
137777
137778
137779
137780
137781
137782
137783
137784
137787
137789
137834
137877
137884
137904
137909
137911
137960
138016
138030
138035
138037
138072
138074
138075
138106
138107
138108
138109
138110
138111
138112
138155
138158
138161
138162
138163
138164
138165
138166
138167
138168
138169
138172
138173
138176
138177
138178
138179
138180
138181
138182
138183
138184
138185
138186
138187
138188
138189
138260
138261
138262
138263
138264
138265
138266
138282
138283
138285
138323
138324
138325
138326
138327
138328
138329
138330
138333
138335
138337
138338
138339
138340
138341
138342
138343
138344
138347
138348
138380
138381
138383
138422
138425
138429
138492
138548
138619
138626
138681
138694
138697
138698
138701
138702
138703
138704
138705
138706
138707
138708
138709
138710
138711
138712
138713
138714
138715
138718
138719
138772
138822
138829
138898
138903
138905
139009
139010
139011
139012
139013
139014
139015
139087
139088
139090
139502
139505
139508
139511
139612
139646
139648
139650
139651
139660
139661
139662
139663
139664
139665
139666
139674
139675
139676
139678
139679
139681
139682
139683
139684
139685
139686
139687
139731
139744
139745
139746
139747
139748
139749
139750
139758
139759
139760
139762
139763
139765
139766
139767
139768
139769
139770
139771
139786
139788
139790
139791
139908
139911
139914
139917
139958
139962
139968
139969
139970
139971
139972
139973
139974
139975
139976
139977
139978
139979
139980
139982
139983
139985
139986
139987
139989
139990
139991
139992
139993
139994
139995
139996
139997
139998
139999
140000
140001
140003
140004
140006
140007
140008
140010
140011
140012
140013
140014
140015
140016
140017
140018
140019
140020
140021
140023
140024
140025
140027
140028
140030
140036
140053
140059
140060
140061
140062
140063
140064
140065
140066
140067
140068
140069
140070
140071
140073
140074
140076
140077
140078
140104
140107
140110
140112
140193
140206
140208
140210
140211
140234
140235
140236
140237
140238
140239
140240
140241
140242
140243
140245
140246
140255
140256
140257
140258
140259
140260
140261
140311
140313
140315
140317
140333
140346
140347
140348
140349
140350
140351
140352
140353
140354
140355
140357
140358
140367
140368
140369
140370
140371
140372
140373
140444
140445
140446
140447
140448
140449
140450
140458
140459
140460
140462
140463
140465
140466
140467
140468
140469
140470
140471
140480
140493
140495
140497
140498
140542
140543
140544
140545
140546
140547
140548
140556
140557
140558
140560
140562
140563
140564
140565
140566
140567
140568
140569
140584
140586
140588
140589
140599
140689
140690
140691
140692
140693
140694
140695
140696
140697
140698
140699
140700
140702
140703
140704
140705
140707
140709
140715
140718
140724
140725
140726
140727
140728
140729
140730
140731
140732
140733
140734
140735
140736
140738
140739
140740
140742
140743
140745
140746
140747
140748
140749
140750
140751
140752
140753
140754
140755
140756
140757
140759
140760
140761
140763
140764
140766
140767
140768
140769
140770
140771
140772
140773
140774
140775
140776
140777
140778
140780
140781
140782
140784
140785
140791
140809
140824
140826
140831
140833
140936
140939
140943
140945
141018
141020
141022
141024
141039
141040
141041
141042
141043
141044
141045
141046
141047
141048
141050
141051
141060
141061
141062
141063
141064
141065
141066
141075
141130
141131
141132
141133
141134
141135
141136
141137
141138
141139
141141
141143
141144
141145
141146
141147
141148
141149
141150
141151
141153
141155
141156
141180
141216
141218
141223
141225
141747
141748
141796
141797
141887
141888
142496
142497
142545
142546
142594
142595
146345
146346
146347
146348
146349
146350
146351
146388
146396
146422
146423
146424
146425
146426
146427
146428
146429
146433
146435
146447
146454
146478
146482
146484
146496
146503
146571
146584
146586
146606
146608
146669
146689
146690
146711
146713
146801
146895
146896
146898
146902
146903
146934
146935
146937
146940
146944
146945
146948
146949
146951
146955
146957
146958
146989
146993
146994
147000
147001
147032
147033
147035
147073
147077
147078
147081
147082
147084
147088
147090
147091
147122
147126
147127
147129
147133
147134
147137
147138
147142
163628
163629
163630
163631
163632
163633
163634
163733
163734
163735
163736
163737
163738
163739
163949
163963
164139
164140
164141
164142
164143
164144
164145
164152
164159
164173
164180
164230
164231
164232
164233
164234
164235
164236
164447
164448
164449
164450
164451
164452
164453
164502
164509
164523
164530
164566
164567
164568
164569
164570
164571
164572
164726
164740
164902
164903
164904
164905
164906
164907
164908
165056
165057
165058
165059
165060
165061
165062
165242
165249
165259
165263
165265
165297
165324
165336
165340
165342
165353
165380
165424
165431
165520
165524
165541
165545
165575
165579
165580
165581
165582
165583
165584
165585
165586
165587
165603
165607
165608
165619
165622
165640
165643
165690
165697
165709
165713
165730
165734
165751
165758
165779
165783
165800
165804
165830
165837
165847
165851
165853
165884
165905
165939
165943
165944
165945
165946
165947
165948
165949
165950
165951
165967
165971
165972
166003
166024
166043
166047
166049
166060
166087
166120
166121
166122
166123
166124
166125
166126
166142
166146
166147
166148
166149
166150
166151
166152
166153
166154
166170
166174
166175
166176
166180
166182
166193
166227
166264
166271
166290
166305
166318
166321
166333
166336
166359
166374
166387
166391
166402
166406
166486
166506
166510
166521
166525
166547
166548
166549
166550
166551
166552
166553
166569
166573
166574
166575
166576
166577
166578
166579
166580
166581
166597
166601
166602
166604
166625
166629
166640
166644
166754
166761
166801
166822
166841
166845
166847
166857
166885
167087
167193
167195
167220
167221
167224
167225
167228
167234
167235
167236
167237
167238
167239
167254
167255
167256
167257
167258
167259
167260
167261
167265
167268
167269
167270
167273
167274
167275
167276
167277
167278
167279
167280
167281
167282
167288
167306
167325
167327
167338
167339
167340
167341
167342
167343
167344
167345
167349
167352
167353
167354
167357
167358
167359
167360
167361
167362
167363
167364
167365
167366
167372
167381
167382
167385
167386
167389
167395
167396
167397
167398
167399
167400
167479
167576
167577
167578
167579
167580
167581
167582
167583
167584
167585
167586
167587
167588
167589
167597
167599
167600
167602
167603
167604
167605
167609
167611
167612
167617
167618
167619
167620
167621
167622
167623
167624
167625
167626
167627
167628
167629
167630
167631
167639
167641
167642
167644
167645
167646
167647
167651
167653
167654
167659
167660
167661
167662
167663
167664
167665
167666
167667
167668
167669
167670
167671
167672
167673
167674
167675
167676
167677
167678
167679
167680
167688
167690
167691
167693
167694
167695
167696
167701
167702
167703
167707
167737
167738
167739
167740
167741
167742
167743
167744
167745
167746
167747
167748
167749
167750
167751
167752
167753
167754
167755
167756
167757
167765
167767
167768
167770
167771
167772
167773
167777
167779
167780
167785
167879
167881
167906
167907
167910
167911
167914
167920
167921
167922
167923
167924
167925
167940
167941
167942
167943
167944
167945
167946
167947
167948
167949
167952
167953
167954
167958
167961
167962
167963
167964
167965
167966
167967
167968
167973
167984
168011
168012
168026
168028
168053
168054
168057
168058
168061
168067
168068
168069
168070
168071
168072
168087
168088
168089
168090
168091
168092
168093
168094
168095
168096
168099
168100
168101
168105
168108
168109
168110
168111
168112
168113
168114
168115
168120
168181
168200
168202
168213
168214
168215
168216
168217
168218
168219
168220
168224
168227
168228
168229
168232
168233
168234
168235
168236
168237
168238
168239
168240
168241
168247
168256
168257
168260
168261
168264
168270
168271
168272
168273
168274
168275
168293
168295
168327
168340
168342
168360
168361
168362
168363
168364
168365
168366
168367
168372
168374
168375
168376
168379
168380
168381
168387
168388
168389
168390
168391
168392
168393
168394
168403
168404
168407
168408
168411
168417
168418
168419
168420
168421
168422
168486
168487
168488
168489
168490
168491
168492
168493
168494
168495
168496
168497
168498
168499
168500
168502
168503
168505
168506
168514
168515
168519
168521
168522
168526
168528
168529
168530
168531
168532
168533
168534
168535
168536
168537
168538
168539
168540
168541
168542
168543
168544
168545
168546
168547
168548
168549
168551
168552
168554
168555
168563
168564
168568
168570
168571
168575
168577
168578
168579
168580
168581
168582
168583
168584
168585
168586
168587
168588
168589
168590
168591
168592
168593
168594
168595
168596
168597
168598
168600
168601
168603
168604
168612
168613
168617
168619
168620
168624
168626
168627
168628
168629
168630
168631
168632
168633
168634
168635
168636
168637
168638
168639
168640
168642
168643
168645
168646
168654
168655
168659
168661
168662
168666
168781
168887
168914
168915
168929
168931
168956
168957
168960
168961
168964
168970
168971
168972
168973
168974
168975
168990
168991
168992
168993
168994
168995
168996
168997
168998
168999
169002
169003
169004
169008
169011
169012
169013
169014
169015
169016
169017
169018
169023
169028
169030
169055
169075
169076
169095
169096
169097
169098
169099
169100
169101
169102
169103
169104
169107
169108
169109
169114
169116
169121
169123
169124
169125
169126
169127
169128
169129
169138
169139
169142
169143
169146
169152
169153
169154
169155
169156
169157
169550
169554
169555
169557
169561
169562
169565
169566
169570
169613
169617
169618
169620
169624
169626
169628
169629
169633
169865
169869
169870
169872
169876
169878
169880
169881
169885
189073
189075
189078
189143
189146
189147
189150
189153
189154
189269
189271
189274
189276
189279
189282
189329
189334
189336
189341
189343
189481
189483
189531
189533
189570
189571
189575
189576
189577
189582
189584
189587
189589
189590
189655
189656
189658
189676
189677
189679
189689
189692
189694
189695
189697
189702
189727
189729
189773
189778
189779
189780
189783
189785
189786
189787
189790
189791
189794
189797
189798
189859
189863
189901
190051
190058
190166
190169
190216
190218
190235
190236
190240
190241
190242
190247
190249
190252
190254
190255
190327
190328
190330
190348
190349
190351
190361
190363
190365
190367
190369
190373
190392
190394
190403
190408
190409
190410
190413
190415
190416
190510
190514
190580
190942
190947
190950
190954
190978
190979
190981
191054
191056
191058
191059
191072
191084
191087
191105
191106
191109
191139
191141
191143
191154
191188
191243
191246
191249
191250
191256
191302
191305
191337
191340
191377
191378
191379
191380
191381
191382
191383
191384
191385
191386
191387
191388
191389
191390
191391
191392
191393
191394
191395
191396
191397
191398
191399
191400
191401
191402
191403
191405
191406
191407
191408
191409
191410
191411
191412
191413
191414
191415
191416
191417
191420
191434
191469
191494
191500
191516
191520
191524
191528
191552
191553
191555
191586
191588
191590
191591
191604
191656
191657
191658
191659
191660
191661
191662
191664
191665
191666
191667
191668
191669
191670
191671
191672
191673
191674
191675
191676
191677
191678
191679
191680
191681
191682
191683
191685
191686
191687
191688
191689
191690
191691
191692
191693
191694
191695
191696
191697
191707
191710
191727
191729
191731
191755
191757
191759
191777
191811
191824
191825
191826
191827
191828
191829
191830
191832
191833
191834
191835
191836
191837
191838
191839
191840
191841
191842
191843
191844
191845
191846
191847
191848
191849
191850
191851
191853
191854
191855
191856
191857
191858
191859
191860
191861
191862
191863
191864
191865
191915
191918
191921
191922
191928
191974
191977
192016
192019
192027
192028
192029
192030
192031
192032
192033
192035
192036
192037
192038
192039
192040
192041
192042
192043
192044
192045
192046
192047
192048
192049
192050
192051
192052
192053
192054
192055
192056
192057
192058
192059
192060
192061
192063
192064
192065
192066
192067
192068
192069
192072
192073
192076
192079
192080
192084
192099
192133
192158
192165
192181
192183
192185
192188
192191
192192
192461
192465
192467
192469
192470
192473
192476
192478
192480
192486
192488
192489
192493
192494
192525
192526
192529
192595
192596
192692
192696
192698
192700
192701
192704
192707
192709
192711
192713
192717
192719
192724
192725
192756
192757
192760
192762
192766
192767
192770
192771
192773
192777
192779
192780
192969
192971
192972
192976
192977
193008
193009
193012
193014
193018
193019
193022
193023
193026
193029
193031
193033
193039
193040
193042
193046
193047
193078
193079
193081
193281
193282
193301
193305
193307
193312
193313
193344
193345
193348
193350
193354
193355
193358
193359
193361
193365
193367
193368
193371
193375
193376
193379
193380
193383
193386
193388
193390
193392
193396
193397
193403
193404
193435
193436
193438
286031
286032
286033
286034
286035
286036
286054
286057
286131
286134
286170
286171
286172
286173
286174
286176
286177
286178
286179
286180
286181
286182
286183
286184
286185
286186
286187
286188
286189
286190
286191
286194
286195
286198
286201
286204
286205
286207
286208
286209
286210
286211
286262
286266
286277
286281
286290
286291
286292
286293
286295
286312
286359
286361
286364
286366
286368
286370
286373
286374
286376
286378
286384
286387
286388
286389
286390
286391
286392
286393
286401
286402
286403
286404
286405
286406
286407
286415
286416
286417
286418
286419
286420
286421
286422
286423
286424
286425
286426
286427
286428
286429
286430
286431
286432
286433
286434
286435
286436
286437
286438
286439
286440
286441
286442
286443
286444
286445
286446
286447
286448
286449
286682
286801
286803
286806
286830
286834
286885
286886
286887
286888
286890
286899
286903
286914
286918
286954
286955
286956
286957
286958
286959
286960
286963
286964
286965
286990
286991
286993
286994
286996
286997
286998
286999
287000
287001
287002
287003
287004
287005
287006
287007
287008
287009
287010
287014
287017
287018
287019
287020
287021
287022
287023
287024
287027
287029
287030
287039
287043
287045
287046
287047
287048
287049
287050
287051
287052
287053
287054
287055
287056
287057
287058
287059
287060
287061
287062
287063
287064
287065
287066
287071
287073
287078
287298
287300
287303
287327
287331
287382
287383
287384
287385
287387
287396
287401
287418
287422
287466
287570
287571
287572
287573
287574
287575
287576
287577
287578
287579
287580
287581
287582
287583
287584
287585
287586
287587
287588
287589
287590
287591
287596
287598
287603
287605
287606
287607
287608
287609
287610
287611
287614
287615
287616
287641
287642
287644
287645
287647
287648
287649
287650
287651
287652
287653
287654
287655
287656
287657
287658
287659
287660
287661
287667
287668
287669
287670
287671
287672
287673
287674
287675
287678
287680
287681
287690
287694
288047
288051
288062
288065
288075
288076
288077
288078
288080
288096
288144
288146
288148
288151
288153
288155
288158
288159
288160
288163
288169
288172
288173
288174
288175
288176
288177
288178
288186
288187
288188
288189
288190
288191
288192
288193
288194
288195
288196
288197
288198
288199
288207
288208
288209
288210
288211
288212
288213
288214
288215
288216
288217
288218
288219
288220
288221
288222
288223
288224
288225
288226
288227
288228
288229
288230
288231
288232
288233
288234
288327
288328
288329
288330
288331
288332
288350
288353
288427
288430
288466
288467
288468
288469
288470
288471
288473
288474
288475
288476
288477
288478
288479
288480
288481
288482
288483
288484
288485
288486
288487
288490
288491
288494
288497
288498
288501
288503
288504
288505
288506
288507
289002
289005
289006
289007
289008
289009
289010
289011
289012
289013
289014
289015
289016
289018
289019
289020
289021
289022
289023
289024
289025
289029
289032
289039
289047
289048
289049
289050
289051
289052
289053
289061
289062
289064
289065
289067
289068
289069
289070
289071
289073
289074
289082
289103
289104
289105
289106
289107
289108
289109
289110
289111
289112
289113
289114
289115
289116
289127
289142
289145
289146
289147
289148
289149
289150
289151
289152
289153
289154
289155
289156
289158
289159
289160
289161
289162
289163
289164
289165
289169
289172
289179
289187
289188
289189
289190
289191
289192
289193
289201
289202
289204
289205
289207
289208
289209
289210
289211
289213
289214
289222
289243
289244
289245
289246
289247
289248
289249
289250
289251
289252
289253
289254
289255
289256
289267
289278
289279
289280
289281
289282
289283
289284
289285
289286
289287
289288
289289
289290
289291
289292
289293
289294
289295
289296
289297
289298
289299
289300
289301
289302
289303
289304
289305
289306
289307
289308
289309
289310
289311
289312
289313
289314
289315
289316
289317
289318
289319
289320
289321
289322
289323
289324
289325
289326
289583
289586
289587
289588
289589
289590
289591
289592
289593
289594
289595
289596
289597
289599
289600
289601
289602
289603
289604
289605
289606
289610
289613
289620
289628
289629
289630
289631
289632
289633
289634
289635
289636
289638
289639
289641
289649
289650
289651
289652
289654
289655
289663
289684
289685
289686
289687
289688
289689
289690
289691
289692
289693
289694
289695
289696
289697
289708
289726
289727
289728
289729
289730
289731
289732
289737
289740
289741
289742
289743
289744
289745
289746
289747
289748
289749
289750
289751
289753
289754
289755
289756
289757
289758
289759
289760
289764
289767
289774
289782
289783
289784
289785
289786
289787
289788
289789
289790
289792
289793
289795
289803
289804
289805
289806
289808
289809
289817
289838
289839
289840
289841
289842
289843
289844
289845
289846
289847
289848
289849
289850
289851
289862
290448
290449
290450
290451
290452
290453
290471
290474
290506
290509
290531
290532
290533
290534
290535
290537
290538
290539
290540
290541
290542
290543
290544
290545
290546
290547
290548
290549
290550
290551
290552
290555
290556
290559
290562
290565
290566
290568
290569
290570
290571
290572
290602
290605
290610
290614
290630
290631
290632
290633
290634
290657
290659
290662
290664
290666
290668
290673
290713
290714
290715
290716
290717
290718
290719
290720
290721
290722
290723
290724
290725
290726
290727
290728
290729
290730
290731
290732
290733
290734
290735
290736
290737
290738
290739
290740
290741
290742
290744
290746
290752
290755
290756
290757
290758
290759
290760
290761
290769
290770
290771
290772
290773
290774
290775
290783
290784
290785
290786
290787
290788
290789
290825
290826
290827
290828
290829
290830
290831
290832
290833
290834
290835
290836
290837
290838
290839
290840
290841
290842
290843
290844
290845
290846
290847
290848
290849
290850
290851
290852
290853
290854
290855
290856
290857
290858
290859
290860
290861
290862
290863
290864
290865
290866
291155
291156
291157
291158
291159
291160
291178
291180
291213
291215
291238
291239
291240
291241
291242
291244
291245
291246
291247
291248
291249
291250
291251
291252
291253
291254
291255
291256
291257
291258
291259
291262
291263
291266
291268
291269
291270
291271
291272
291273
291276
291279
291288
291291
291296
291300
291316
291317
291318
291319
291320
291343
291345
291348
291350
291352
291354
291359
291399
291400
291401
291402
291403
291404
291405
291406
291407
291408
291409
291410
291411
291412
291413
291414
291415
291416
291417
291418
291419
291420
291421
291422
291423
291424
291425
291426
291427
291428
291430
291432
291438
291441
291442
291443
291444
291445
291446
291447
291455
291456
291457
291458
291459
291460
291461
291469
291470
291471
291472
291473
291474
291475
291722
291833
291834
291835
291836
291837
291838
291839
291842
291843
291844
291869
291870
291872
291873
291875
291876
291877
291878
291879
291880
291881
291882
291883
291884
291885
291886
291887
291888
291889
291893
291896
291897
291898
291899
291900
291901
291902
291903
291906
291908
291909
291918
291922
291939
291941
291944
291968
291972
292023
292024
292025
292026
292028
292037
292041
292052
292056
292092
292093
292094
292095
292096
292097
292098
292099
292100
292101
292102
292103
292104
292105
292106
292107
292108
292109
292110
292111
292112
292113
292118
292120
292125
292498
292499
292500
292501
292502
292503
292504
292507
292508
292509
292527
292528
292530
292532
292540
292541
292542
292543
292544
292545
292546
292547
292548
292549
292550
292551
292552
292553
292554
292558
292561
292562
292563
292564
292565
292566
292567
292568
292571
292572
292574
292583
292586
292597
292708
292709
292710
292711
292712
292713
292714
292715
292716
292717
292718
292719
292720
292721
292722
292723
292724
292725
292726
292727
292728
292729
292733
292736
292740
292758
292760
292762
292787
292789
292842
292843
292844
292845
292846
292856
292859
292871
292873
293122
293124
293127
293151
293155
293213
293214
293215
293216
293218
293227
293232
293249
293253
293282
293283
293284
293285
293286
293287
293288
293289
293290
293291
293292
293293
293294
293295
293296
293297
293298
293299
293300
293301
293302
293303
293308
293310
293315
293332
293436
293437
293438
293439
293440
293441
293442
293445
293446
293447
293472
293473
293475
293476
293478
293479
293480
293481
293482
293483
293484
293485
293486
293487
293488
293489
293490
293491
293492
293498
293499
293500
293501
293502
293503
293504
293505
293506
293508
293510
293512
293521
293525
293905
293906
293907
293908
293909
293910
293911
293912
293913
293914
293915
293916
293917
293918
293919
293920
293921
293922
293923
293924
293925
293926
293931
293933
293938
293948
293950
293952
293977
293979
294039
294040
294041
294042
294043
294053
294057
294075
294077
294108
294109
294110
294111
294112
294113
294114
294117
294118
294119
294144
294145
294147
294148
294150
294151
294152
294153
294154
294155
294156
294157
294158
294159
294160
294161
294162
294163
294164
294170
294171
294172
294173
294174
294175
294176
294177
294178
294180
294182
294183
294193
294196
294214
294641
294645
294656
294659
294669
294670
294671
294672
294674
294690
294738
294740
294742
294745
294747
294749
294752
294753
294754
294757
294763
294766
294767
294768
294769
294770
294771
294772
294780
294781
294782
294783
294784
294785
294786
294787
294788
294789
294790
294791
294792
294793
294801
294802
294803
294804
294805
294806
294807
294808
294809
294810
294811
294812
294813
294814
294815
294816
294817
294818
294819
294820
294821
294822
294823
294824
294825
294826
294827
294828
294907
294908
294909
294910
294911
294912
294930
294933
294972
294975
294990
294991
294992
294993
294994
294995
294997
294998
294999
295000
295001
295002
295003
295004
295005
295006
295007
295008
295009
295010
295011
295014
295015
295018
295021
295022
295025
295027
295028
295029
295030
295031
295046
295047
295048
295049
295050
295051
295052
295053
295054
295055
295056
295057
295058
295059
295060
295061
295062
295063
295064
295065
295066
295067
295068
295069
295070
295071
295072
295073
295074
295075
295076
295077
295078
295079
295080
295081
295082
295083
295084
295085
295086
295087
295446
295450
295461
295464
295474
295475
295476
295477
295479
295496
295543
295545
295547
295550
295552
295554
295557
295558
295559
295562
295568
295571
295572
295573
295574
295575
295576
295577
295585
295586
295587
295588
295589
295590
295591
295592
295593
295594
295595
295596
295597
295598
295606
295607
295608
295609
295610
295611
295612
295613
295614
295615
295616
295617
295618
295619
295620
295621
295622
295623
295624
295625
295626
295627
295628
295629
295630
295631
295632
295633
295733
295734
295735
295736
295737
295738
295749
295751
295791
295793
295816
295817
295818
295819
295820
295821
295823
295824
295825
295826
295827
295828
295829
295830
295831
295832
295833
295834
295835
295836
295837
295839
295840
295841
295842
295843
295844
295847
295848
295851
295854
295855
296222
296223
296224
296225
296226
296227
296228
296233
296236
296237
296238
296239
296240
296241
296243
296244
296245
296246
296247
296248
296249
296252
296255
296262
296264
296265
296266
296267
296268
296269
296270
296278
296279
296280
296282
296283
296285
296286
296287
296288
296290
296291
296299
296313
296314
296315
296316
296317
296318
296319
296320
296321
296322
296323
296324
296325
296326
296350
296362
296363
296364
296365
296366
296367
296368
296376
296377
296378
296379
296380
296381
296382
296387
296390
296391
296392
296393
296394
296395
296397
296398
296399
296400
296401
296402
296403
296406
296409
296416
296418
296419
296420
296421
296422
296423
296424
296432
296433
296434
296436
296437
296439
296440
296441
296442
296444
296445
296453
296467
296468
296469
296470
296471
296472
296473
296474
296475
296476
296477
296478
296479
296480
296504
296516
296517
296518
296519
296520
296521
296522
296523
296524
296525
296526
296527
296528
296529
296530
296531
296532
296533
296534
296535
296536
296537
296538
296539
296540
296541
296542
296543
296544
296545
296546
296547
296548
296549
296550
296551
296552
296553
296554
296555
296556
296557
296929
296930
296931
296932
296933
296934
296935
296936
296937
296938
296939
296940
296941
296942
296947
296950
296951
296952
296953
296954
296955
296957
296958
296959
296960
296961
296962
296963
296965
296969
296976
296978
296979
296980
296981
296982
296983
296984
296992
296993
296994
296995
296997
296998
296999
297000
297001
297003
297004
297013
297027
297028
297029
297030
297031
297032
297033
297034
297035
297036
297037
297038
297039
297040
297064
297076
297077
297078
297079
297080
297081
297082
297087
297090
297091
297092
297093
297094
297095
297097
297098
297099
297100
297101
297102
297103
297105
297109
297116
297118
297119
297120
297121
297122
297123
297124
297132
297133
297134
297135
297137
297138
297139
297140
297141
297143
297144
297153
297167
297168
297169
297170
297171
297172
297173
297174
297175
297176
297177
297178
297179
297180
297204
297630
297631
297632
297633
297634
297635
297653
297655
297681
297683
297741
297742
297743
297744
297745
297747
297748
297749
297750
297751
297752
297753
297754
297755
297756
297757
297758
297759
297760
297761
297762
297765
297766
297769
297771
297772
297773
297774
297775
297776
297779
297782
297854
297857
297862
297866
297882
297883
297884
297885
297886
297909
297911
297914
297916
297918
297920
297925
297965
297966
297967
297968
297969
297970
297971
297972
297973
297974
297975
297976
297977
297978
297979
297980
297981
297982
297983
297984
297985
297986
297987
297988
297989
297990
297991
297992
297993
297994
297996
297998
298004
298007
298008
298009
298010
298011
298012
298013
298021
298022
298023
298024
298025
298026
298027
298035
298036
298037
298038
298039
298040
298041
298497
298498
298499
298500
298501
298502
298503
298506
298507
298508
298526
298527
298529
298531
298539
298540
298541
298542
298543
298544
298545
298546
298547
298548
298549
298550
298551
298552
298553
298557
298560
298561
298562
298563
298564
298565
298566
298567
298569
298571
298572
298582
298585
298588
298589
298590
298591
298592
298593
298594
298595
298596
298597
298598
298599
298600
298601
298602
298603
298604
298605
298606
298607
298608
298609
298613
298616
298620
298631
298750
298752
298754
298779
298781
298841
298842
298843
298844
298845
298855
298858
298870
298872
299288
299289
299290
299291
299292
299293
299294
299295
299296
299297
299298
299299
299300
299301
299302
299303
299304
299305
299306
299307
299308
299309
299314
299316
299321
299323
299324
299325
299326
299327
299328
299329
299332
299333
299334
299359
299360
299362
299363
299365
299366
299367
299368
299369
299370
299371
299372
299373
299374
299375
299376
299377
299378
299379
299385
299386
299387
299388
299389
299390
299391
299392
299393
299395
299397
299398
299408
299411
299422
299424
299426
299451
299453
299513
299514
299515
299516
299517
299527
299531
299549
299551
299590
300059
300062
300067
300070
300087
300088
300089
300090
300091
300114
300116
300118
300121
300123
300125
300130
300170
300171
300172
300173
300174
300175
300176
300177
300178
300179
300180
300181
300182
300183
300184
300185
300186
300187
300188
300189
300190
300191
300192
300193
300194
300195
300196
300197
300198
300199
300200
300203
300209
300212
300213
300214
300215
300216
300217
300218
300226
300227
300228
300229
300230
300231
300232
300233
300234
300235
300236
300237
300238
300239
300332
300333
300334
300335
300336
300337
300348
300350
300383
300385
300443
300444
300445
300446
300447
300448
300450
300451
300452
300453
300454
300455
300456
300457
300458
300459
300460
300461
300462
300463
300464
300466
300467
300468
300469
300470
300471
300474
300475
300478
300481
300482
301705
301709
301747
302096
302099
302154
302157
302186
302187
302191
302192
302193
302198
302200
302203
302205
302206
302257
302259
302260
302285
302286
302288
302291
302294
302296
302297
302299
302304
302329
302332
302375
302379
302381
302382
302385
302387
302388
302425
302488
302493
302628
302630
302633
302650
302651
302654
302699
302700
302701
302726
302727
302729
302732
302735
302737
302738
302741
302745
302770
302772
302816
302821
302822
302823
302826
302828
302829
302903
302904
302952
302955
302991
302994
302996
302997
302998
303002
303005
303008
303009
303011
303132
303134
303137
303154
303155
303158
303195
303258
303263
303364
303367
303406
303998
304005
304093
304107
304111
304113
304117
304118
304121
304123
304132
304135
304138
304274
304316
304327
304328
304331
304333
304379
304381
304386
304390
304426
304428
304431
304433
304436
304438
304444
304461
304468
304475
304477
304480
304540
304543
304563
304572
304573
304575
304577
304623
304626
304631
304634
304671
304674
304677
304678
304680
304682
304692
304695
304696
304834
304869
304885
304929
304935
305094
305108
305184
305188
305247
305336
305338
305342
305343
305346
305348
305361
305364
305367
305370
305422
305485
305501
305524
305525
305528
305530
305576
305578
305583
305587
305623
305625
305628
305630
305633
305635
305637
305640
305643
305644
305647
305650
305697
305702
305704
305709
305711
305742
305744
305747
305749
305751
305753
305760
305788
305791
305794
305797
305849
305905
305930
305931
305933
305935
305981
305984
305989
305993
306029
306031
306034
306036
306039
306041
306080
306083
306143
306303
306306
306361
306364
306393
306394
306398
306399
306400
306405
306407
306410
306412
306413
306478
306480
306481
306506
306507
306509
306512
306514
306516
306518
306520
306524
306543
306546
306554
306558
306560
306561
306564
306566
306567
306646
306709
306714
306828
306830
306833
306850
306851
306854
306876
306883
306933
306934
306936
306954
306955
306957
306967
306969
306971
306973
306976
306979
306998
307001
307009
307013
307015
307016
307019
307021
307022
307115
307178
307181
307297
307298
307300
307305
307306
307307
307389
307390
307391
307416
307417
307419
307422
307425
307427
307428
307431
307435
307460
307462
307506
307511
307512
307513
307516
307518
307519
307592
307594
307641
307644
307660
307663
307665
307666
307667
307671
307674
307677
307678
307680
307822
307824
307827
307844
307845
307848
307878
307948
307953
307975
307982
308075
308077
308131
308134
308143
308145
308148
308149
308150
308154
308157
308160
308161
308163
308305
308306
308308
308320
308321
308322
308361
308431
308434
308509
308512
308551
308682
308684
308687
308689
308691
308693
308732
308735
308740
308743
308784
308792
308794
308796
308798
308844
308847
308852
308855
308892
308894
308897
308899
308901
308903
308917
308920
308923
308924
309006
309041
309057
309074
309077
309079
309081
309084
309086
309088
309090
309093
309095
309097
309099
309138
309141
309146
309149
309183
309198
309200
309202
309204
309250
309253
309258
309261
309298
309300
309302
309305
309307
309309
309316
309344
309347
309350
309351
309433
309468
309577
309583
309763
309777
309858
309860
309862
309869
309897
309900
309903
309906
310000
310077
310101
310103
310105
310107
310153
310156
310161
310165
310201
310203
310206
310208
310210
310212
310215
310222
310229
310232
310234
310236
310239
310241
310261
310283
310285
310287
310289
310335
310338
310343
310346
310383
310385
310387
310390
310392
310394
310404
310407
310408
310504
310574
310827
310841
311015
311018
311085
311448
311449
311451
311469
311470
311472
311482
311484
311486
311488
311491
311494
311513
311516
311524
311528
311530
311531
311534
311536
311537
311623
311693
311696
311812
311813
311815
311820
311821
311822
311932
311934
311988
311991
312000
312002
312005
312006
312007
312011
312014
312017
312018
312020
312155
312156
312158
312170
312171
312172
312232
312302
312305
313358
313363
313365
313368
313370
313417
313420
313452
313455
313465
313479
313513
313539
313545
313561
313564
313567
313568
313571
313573
313666
313667
313668
313669
313671
313672
313686
313690
313693
313695
313699
313710
313736
313737
313741
313742
313743
313744
313745
313746
313748
313749
313750
313753
313755
313756
313757
313759
313760
313762
313763
313848
313849
313852
313853
313854
313855
313857
313859
313862
313865
313868
313876
313878
313879
313880
313881
313882
313883
313884
313885
313887
313888
313890
313891
313894
313896
313897
313900
313901
313902
313903
313904
313906
313908
313910
313948
313951
313968
313970
313973
313996
313998
314001
314017
314045
314080
314082
314084
314085
314102
314103
314106
314150
314152
314155
314186
314227
314230
314233
314234
314236
314237
314239
314240
314243
314244
314246
314254
314255
314256
314258
314259
314260
314359
314360
314363
314365
314366
314367
314369
314370
314371
314372
314373
314375
314377
314378
314380
314381
314382
314384
314385
314386
314429
314430
314433
314434
314436
314437
314440
314442
314443
314445
314447
314448
314450
314452
314454
314456
314457
314458
314460
314461
314462
314463
314464
314467
314468
314469
314470
314520
314521
314525
314529
314532
314534
314535
314536
314537
314538
314539
314540
314548
314549
314550
314551
314552
314553
314554
314555
314557
314559
314561
314569
314571
314573
314574
314576
314577
314578
314580
314581
314582
314583
314585
314587
314588
314590
314592
314593
314594
314595
314597
314598
314599
314600
314601
314602
314603
314646
314647
314649
314650
314651
314653
314654
314657
314658
314660
314662
314664
314665
314667
314668
314669
314671
314672
314723
314724
314725
314726
314727
314728
314729
314730
314731
314732
314734
314735
314744
314745
314746
314748
314749
314755
314758
314759
314761
314762
314763
314765
314766
314769
314771
314772
314774
314776
314777
314779
314780
314781
314782
314783
314784
314785
314835
314840
314844
314847
314864
314865
314868
314947
314949
314951
314952
314966
314983
314986
314989
314990
314992
314994
314995
314996
314999
315000
315002
315010
315011
315012
315014
315015
315016
315115
315116
315119
315120
315122
315123
315124
315126
315127
315128
315129
315131
315133
315134
315143
315144
315145
315147
315148
315149
315200
315202
315203
315205
315222
315223
315226
315270
315272
315275
315299
315325
315326
315328
315329
315330
315332
315333
315336
315338
315339
315341
315343
315344
315346
315347
315348
315350
315352
315402
315403
315404
315405
315406
315407
315408
315409
315410
315411
315413
315414
315423
315424
315425
315427
315429
315434
315437
315438
315439
315441
315442
315444
315445
315448
315449
315451
315452
315453
315454
315455
315456
315457
315458
315460
315462
315463
315514
315515
315518
315519
315521
315522
315525
315526
315528
315530
315532
315533
315535
315537
315539
315540
315542
315543
315544
315546
315547
315548
315549
315552
315553
315554
315555
315605
315606
315610
315614
315617
315619
315620
315621
315622
315623
315624
315625
315633
315634
315635
315636
315637
315638
315639
315640
315642
315644
315645
315654
315655
315658
315659
315661
315662
315664
315665
315666
315667
315668
315670
315671
315672
315673
315675
315677
315679
315681
315682
315683
315684
315685
315686
315687
315688
315745
315748
315750
315752
315755
315757
315761
315775
315811
315834
315840
315893
315897
315908
315934
315936
315939
315940
315941
315942
315943
315944
315946
315947
315948
315951
315953
315954
315955
315957
315958
315960
315961
316053
316055
316057
316058
316059
316060
316062
316064
316067
316069
316071
316074
316076
316077
316078
316079
316080
316088
316089
316090
316092
316093
316095
316096
316100
316101
316102
316105
316106
316107
316108
316109
316111
316113
316115
316221
316222
316223
316224
316225
316227
316239
316245
316248
316265
316279
316313
316339
316345
316403
316408
316410
316413
316415
316462
316465
316497
316500
316508
316510
316514
316515
316518
316520
316564
316565
316566
316567
316569
316570
316584
316588
316591
316628
316631
316636
316669
316670
316674
316675
316676
316677
316678
316679
316681
316682
316683
316685
316686
316688
316689
316690
316693
316695
316696
316753
316754
316755
316757
316758
316760
316761
316764
316766
316767
316770
316771
316772
316773
316774
316776
316778
316780
316781
316782
316785
316786
316787
316788
316790
316792
316795
316798
316801
316809
316811
316812
316813
316814
316815
316830
316831
316832
316833
316834
316835
316836
316837
316838
316839
316840
316841
316842
316843
316844
316845
316846
316847
316848
316849
316850
316852
316857
316859
316864
316893
316894
316897
316898
316900
316901
316904
316906
316907
316908
316909
316910
316911
316912
316914
316916
316918
316920
316921
316922
316925
316926
316928
316929
316932
316934
316935
316936
316937
316938
316939
316940
316942
316944
316946
316948
316956
316957
316958
316959
316960
316961
316962
316979
316986
316991
316992
316993
316994
316995
316996
316997
316999
317000
317001
317002
317003
317004
317034
317047
317048
317049
317051
317052
317053
317054
317055
317056
317057
317058
317059
317060
317061
317068
317069
317070
317071
317072
317073
317074
317075
317076
317077
317079
317080
317081
317082
317083
317087
317089
317090
317091
317092
317093
317094
317095
317097
317098
317099
317100
317101
317102
317132
317145
317146
317147
317149
317150
317151
317152
317153
317154
317155
317156
317157
317158
317159
317166
317167
317168
317169
317170
317171
317172
317173
317174
317175
317177
317178
317179
317180
317181
317185
317187
317188
317189
317190
317191
317192
317193
317195
317196
317197
317198
317199
317200
317237
317243
317244
317245
317247
317248
317249
317250
317251
317252
317253
317254
317255
317256
317257
317264
317265
317266
317267
317268
317269
317270
317271
317272
317277
317278
317279
317280
317282
317283
317284
317285
317286
317287
317288
317289
317290
317291
317292
317293
317294
317295
317296
317297
317298
317299
317300
317301
317302
317303
317304
317305
317307
317312
317314
317318
317404
317406
317408
317409
317411
317412
317415
317416
317418
317419
317420
317421
317422
317423
317425
317427
317429
317430
317432
317433
317436
317437
317439
317440
317444
317445
317446
317448
317450
317452
317453
317454
317455
317456
317457
317459
317467
317468
317469
317470
317471
317472
317473
317490
317497
317502
317503
317504
317505
317506
317507
317508
317510
317511
317512
317513
317514
317515
317538
317558
317559
317560
317562
317563
317564
317565
317566
317567
317568
317569
317570
317571
317572
317579
317580
317581
317582
317583
317584
317585
317586
317587
317588
317590
317591
317592
317593
317594
317598
317628
317630
317633
317635
317638
317639
317684
317687
317689
317691
317697
317743
317744
317771
317772
317859
317860
317861
317862
317863
317865
317876
317877
317886
317888
317891
317896
317929
317931
317934
317935
317936
317937
317938
317939
317941
317942
317943
317945
317946
317948
317949
317950
317953
317955
317956
318034
318036
318037
318038
318039
318041
318042
318045
318046
318048
318050
318052
318053
318055
318058
318059
318060
318061
318062
318063
318066
318067
318068
318069
318071
318073
318076
318079
318082
318090
318092
318093
318094
318095
318096
318183
318186
318203
318205
318208
318231
318233
318236
318252
318280
318315
318316
318319
318320
318330
318331
318334
318364
318366
318369
318400
318447
318448
318451
318452
318454
318455
318458
318460
318461
318463
318465
318466
318468
318470
318472
318474
318475
318476
318478
318479
318480
318481
318482
318485
318486
318487
318488
318524
318525
318529
318533
318536
318538
318539
318540
318541
318542
318543
318544
318552
318553
318554
318555
318556
318557
318558
318559
318561
318563
318565
318573
318575
318577
318578
318580
318581
318582
318584
318585
318586
318587
318589
318591
318592
318594
318596
318597
318598
318599
318601
318602
318603
318604
318605
318606
318607
318658
318661
318664
318665
318667
318668
318670
318671
318674
318675
318677
318685
318686
318687
318689
318690
318691
318790
318791
318794
318796
318797
318798
318800
318801
318802
318803
318804
318806
318808
318809
318811
318812
318813
318815
318816
318817
318860
318861
318862
318864
318865
318867
318868
318871
318872
318874
318875
318876
318878
318879
318881
318883
318885
318886
318888
318889
318890
318891
318892
318893
318894
318895
318896
318897
318899
318900
318909
318910
318911
318913
318914
318920
318972
318973
318975
318976
318977
318979
318980
318983
318985
318986
318988
318990
318991
318993
318994
318995
318996
318997
318998
318999
319049
319053
319058
319061
319085
319086
319088
319119
319120
319123
319124
319138
319191
319194
319211
319213
319216
319253
319255
319257
319260
319288
319308
319309
319312
319313
319315
319316
319320
319321
319322
319324
319326
319328
319329
319331
319333
319335
319336
319337
319338
319340
319341
319342
319343
319346
319347
319348
319349
319399
319400
319404
319408
319411
319413
319414
319415
319416
319417
319418
319419
319427
319428
319429
319430
319431
319432
319433
319441
319443
319445
319447
319448
319449
319452
319453
319455
319456
319457
319459
319460
319461
319462
319464
319466
319467
319469
319471
319472
319473
319475
319476
319477
319478
319479
319480
319481
319482
319540
319541
319543
319545
319555
319556
319557
319596
319598
319600
319632
319679
319680
319681
319683
319684
319686
319687
319690
319692
319693
319694
319695
319697
319698
319700
319702
319704
319706
319707
319708
319709
319710
319711
319712
319713
319714
319715
319716
319718
319719
319728
319729
319730
319732
319733
319739
319791
319792
319794
319795
319796
319798
319799
319803
319804
319805
319807
319809
319811
319812
319813
319814
319815
319816
319817
319818
319876
319879
319882
319883
319885
319886
319887
319889
319892
319893
319895
319903
319904
319905
319907
319908
319909
320008
320009
320012
320014
320015
320016
320018
320019
320020
320021
320022
320024
320026
320027
320029
320030
320031
320033
320034
320035
320113
320118
320122
320125
320142
320143
320146
320225
320227
320229
320230
320244
320261
320264
320267
320268
320269
320272
320273
320274
320276
320278
320279
320281
320282
320283
320285
320286
320287
320365
320366
320369
320370
320372
320373
320374
320376
320377
320378
320379
320381
320383
320384
320393
320394
320395
320397
320398
320399
320463
320464
320466
320467
320468
320470
320471
320474
320476
320477
320479
320481
320482
320484
320485
320486
320488
320490
320540
320541
320542
320543
320544
320545
320546
320547
320548
320549
320551
320552
320561
320562
320563
320565
320567
320572
320575
320576
320577
320579
320580
320582
320583
320586
320587
320589
320590
320591
320592
320593
320594
320595
320596
320598
320600
320601
320667
320669
320670
320672
320689
320690
320693
320730
320732
320735
320759
320799
320800
320803
320804
320806
320807
320810
320811
320813
320815
320817
320818
320820
320822
320824
320825
320827
320828
320829
320831
320832
320833
320834
320837
320838
320839
320840
320841
320842
320846
320850
320853
320855
320856
320857
320858
320859
320860
320861
320869
320870
320871
320872
320873
320874
320875
320876
320878
320880
320881
320925
320926
320927
320928
320929
320930
320931
320932
320933
320936
320937
320939
320940
320942
320943
320944
320945
320946
320948
320949
320950
320951
320953
320955
320957
320959
321005
321008
321025
321026
321028
321059
321061
321064
321074
321108
321121
321126
321129
321133
321150
321151
321154
321233
321234
321237
321238
321258
321261
321262
321264
321265
321266
321268
321269
321273
321274
321275
321277
321279
321281
321282
321283
321284
321286
321288
321338
321339
321340
321341
321342
321343
321344
321345
321346
321347
321349
321350
321363
321366
321367
321368
321370
321372
321373
321374
321375
321377
321378
321380
321381
321384
321386
321387
321388
321389
321390
321391
321392
321393
321394
321396
321398
321400
321458
321461
321464
321465
321466
321468
321470
321471
321473
321475
321476
321478
321479
321480
321482
321483
321484
321562
321563
321566
321567
321569
321570
321571
321573
321574
321575
321583
321585
321587
321588
321590
321591
321592
321594
321595
321596
321660
321661
321664
321665
321667
321668
321671
321673
321674
321676
321678
321679
321681
321683
321685
321687
321688
321689
321690
321692
321693
321694
321695
321698
321699
321700
321701
321702
321703
321707
321711
321714
321716
321717
321718
321719
321720
321721
321722
321730
321731
321732
321733
321734
321735
321736
321737
321739
321741
321742
321779
321780
321781
321782
321783
321784
321785
321786
321787
321790
321791
321793
321794
321796
321797
321798
321799
321800
321802
321803
321804
321806
321807
321809
321811
321813
321871
321873
321874
321875
321893
321894
321895
321934
321936
321938
321963
322010
322013
322015
322017
322020
322022
322053
322068
322103
322126
322133
322186
322190
322201
322227
322229
322232
322233
322234
322235
322236
322237
322239
322240
322241
322244
322246
322247
322248
322250
322251
322253
322254
322346
322348
322350
322351
322352
322353
322355
322357
322360
322362
322364
322367
322369
322370
322371
322372
322373
322381
322382
322383
322385
322386
322388
322389
322393
322394
322395
322398
322399
322400
322401
322402
322404
322406
322408
322500
322501
322502
322503
322504
322506
322518
322524
322527
322528
322529
322530
322531
322532
322533
322534
322536
322537
322538
322539
322540
322541
322578
322584
322585
322586
322588
322589
322590
322591
322592
322593
322594
322595
322596
322597
322598
322599
322600
322601
322602
322603
322604
322605
322612
322613
322617
322619
322620
322621
322623
322624
322625
322626
322627
322628
322629
322630
322631
322632
322633
322634
322635
322636
322637
322638
322639
322640
322641
322642
322643
322644
322645
322646
322648
322653
322655
322659
322717
322719
322721
322722
322724
322725
322728
322729
322731
322732
322733
322734
322735
322736
322738
322740
322742
322743
322745
322746
322749
322750
322752
322753
322757
322758
322759
322761
322763
322765
322766
322767
322768
322769
322770
322772
322780
322781
322782
322783
322784
322785
322786
322803
322810
322815
322816
322817
322818
322819
322820
322821
322823
322824
322825
322826
322827
322828
322851
322871
322872
322873
322875
322876
322877
322878
322879
322880
322881
322882
322883
322884
322885
322886
322887
322888
322889
322890
322891
322892
322899
322900
322901
322903
322904
322905
322906
322907
322910
322913
322914
322915
322916
322917
322918
322919
322921
322922
322923
322924
322925
322926
322949
322969
322970
322971
322973
322974
322975
322976
322977
322978
322979
322980
322981
322982
322983
322984
322985
322986
322987
322988
322989
322990
322997
322998
322999
323001
323002
323003
323004
323005
323008
323011
323012
323013
323014
323015
323016
323017
323019
323020
323021
323022
323023
323024
323047
323067
323068
323069
323071
323072
323073
323074
323075
323076
323077
323078
323079
323080
323081
323082
323083
323084
323085
323086
323087
323088
323095
323096
323097
323099
323100
323101
323102
323103
323106
323109
323110
323111
323112
323113
323114
323115
323116
323117
323118
323119
323120
323121
323122
323123
323124
323125
323126
323127
323128
323129
323131
323135
323138
323142
323228
323229
323232
323233
323235
323236
323239
323241
323242
323244
323246
323247
323249
323250
323251
323252
323253
323255
323256
323257
323260
323261
323263
323264
323267
323269
323270
323272
323274
323275
323277
323278
323279
323280
323281
323283
323291
323292
323293
323294
323295
323296
323297
323314
323321
323361
323364
323366
323368
323373
323413
323414
323455
323456
323474
323489
323524
323547
323554
323600
323604
323615
323641
323642
323646
323647
323648
323649
323650
323651
323653
323654
323655
323658
323660
323661
323662
323664
323665
323667
323668
323746
323747
323750
323751
323752
323753
323755
323757
323760
323762
323764
323767
323769
323770
323771
323772
323773
323781
323782
323784
323785
323786
323788
323789
323792
323794
323795
323797
323799
323800
323802
323805
323806
323807
323808
323949
323950
323951
323952
323953
323954
323959
323960
323974
323991
323993
323996
323998
324001
324002
324068
324071
324073
324075
324081
324127
324128
324162
324163
324229
324230
324231
324232
324233
324235
324246
324247
324256
324258
324261
324266
324299
324301
324304
324305
324306
324307
324308
324309
324311
324312
324313
324315
324316
324318
324319
324320
324323
324325
324326
324397
324399
324400
324401
324402
324404
324405
324408
324409
324411
324413
324415
324416
324418
324421
324422
324423
324424
324425
324426
324429
324430
324431
324432
324434
324436
324439
324442
324445
324453
324455
324456
324457
324458
324459
324523
324527
324532
324535
324559
324560
324562
324593
324594
324597
324598
324612
324665
324668
324685
324686
324689
324720
324722
324724
324734
324762
324782
324783
324786
324787
324789
324790
324794
324795
324796
324798
324800
324802
324803
324805
324807
324809
324810
324811
324812
324814
324815
324816
324817
324820
324821
324822
324823
324824
324825
324829
324833
324836
324838
324839
324840
324841
324842
324843
324844
324852
324853
324854
324855
324856
324857
324858
324866
324868
324870
324872
324922
324923
324924
324925
324926
324927
324928
324929
324930
324933
324934
324936
324937
324938
324940
324941
324942
324943
324945
324947
324948
324950
324952
324953
324954
324956
324999
325000
325001
325003
325004
325006
325007
325010
325012
325013
325014
325015
325017
325018
325020
325022
325024
325026
325027
325028
325029
325030
325031
325032
325033
325034
325035
325036
325038
325039
325048
325049
325050
325052
325053
325059
325111
325112
325114
325115
325116
325118
325119
325123
325124
325125
325127
325129
325131
325132
325133
325134
325135
325136
325137
325138
325203
325204
325206
325208
325218
325219
325220
325259
325261
325263
325295
325350
325353
325356
325357
325358
325360
325361
325363
325365
325367
325368
325370
325371
325372
325374
325375
325376
325454
325455
325458
325460
325461
325462
325464
325465
325466
325467
325468
325470
325472
325473
325475
325476
325477
325479
325480
325481
325555
325558
325575
325576
325578
325609
325611
325614
325624
325658
325671
325675
325679
325683
325700
325701
325704
325741
325742
325745
325746
325766
325811
325812
325813
325815
325816
325818
325819
325823
325824
325825
325826
325827
325829
325831
325832
325834
325836
325838
325839
325840
325841
325842
325843
325844
325845
325846
325847
325848
325850
325851
325864
325867
325868
325869
325871
325873
325916
325917
325918
325920
325921
325923
325924
325927
325929
325930
325931
325932
325933
325934
325935
325936
325937
325939
325941
325943
325993
325994
325997
325998
326000
326001
326004
326006
326007
326009
326011
326012
326014
326016
326018
326020
326021
326022
326023
326025
326026
326027
326028
326031
326032
326033
326034
326035
326036
326040
326044
326047
326049
326050
326051
326052
326053
326054
326055
326063
326064
326065
326066
326067
326068
326069
326070
326072
326074
326075
326133
326134
326135
326136
326137
326138
326139
326140
326141
326144
326145
326147
326148
326150
326151
326152
326153
326154
326156
326157
326158
326160
326161
326163
326165
326167
326218
326221
326224
326225
326226
326228
326230
326231
326233
326235
326236
326238
326239
326240
326242
326243
326244
326315
326316
326319
326320
326322
326323
326324
326326
326327
326328
326336
326338
326340
326341
326343
326344
326345
326347
326348
326349
326428
326429
326431
326432
326443
326444
326445
326484
326486
326488
326513
326568
326583
326618
326641
326648
326700
326703
326705
326707
326712
326752
326753
326794
326795
326841
326844
326849
326882
326883
326887
326888
326889
326890
326891
326892
326894
326895
326896
326898
326899
326901
326902
326903
326906
326908
326909
326987
326988
326990
326991
326992
326994
326995
326998
327000
327001
327003
327005
327006
327008
327011
327012
327013
327014
327015
327016
327019
327020
327021
327022
327024
327026
327029
327031
327033
327036
327038
327039
327040
327041
327042
327155
327156
327157
327158
327159
327160
327165
327166
327180
328346
328347
328430
328431
328654
328655
330166
330167
330250
330252
330334
330336
331159
331162
331164
331181
331182
331186
331187
331191
331192
331194
331198
331200
331208
331211
331213
331215
331219
331220
331223
331224
331226
331230
331231
331234
331237
331250
331254
331256
331258
331259
331262
331264
332133
332147
332251
332265
332280
332391
332541
332542
332543
332545
332546
332547
332548
332549
332550
332551
332555
332556
332557
332559
332560
332561
332562
332563
332564
332565
332569
332570
332571
332573
332574
332575
332576
332577
332578
332579
332583
332584
332585
332587
332588
332589
332590
332591
332592
332593
332594
332595
332596
332597
332598
332599
332600
332604
332605
332606
332608
332609
332610
332611
332612
332613
332614
332618
332619
332620
332622
332623
332624
332625
332626
332627
332628
332632
332633
332634
332636
332637
332638
332639
332640
332641
332642
332646
332647
332648
332727
332730
332733
332734
332738
332740
332742
332743
332746
332763
332764
332767
332769
332773
332775
332832
332836
332838
332839
332842
332845
332847
332848
332851
332868
332869
332873
332874
332877
332879
332938
332939
332942
332951
332955
332957
332965
332968
332970
332972
332976
332978
333050
333051
333055
333063
333066
333068
333077
333081
333083
333084
333087
333089
333623
333624
333625
333626
333627
333628
333629
333630
333631
333632
333633
333634
333635
333636
333665
333666
333667
333668
333669
333670
333671
333672
333673
333674
333675
333676
333677
333678
333679
333680
333681
333682
333683
333684
333685
333686
333687
333688
333689
333690
333691
333692
333714
333715
333716
333717
333718
333719
333720
333721
333722
333723
333724
333725
333726
333727
334796
334797
334799
334803
334804
334838
334839
334848
334852
334853
334898
334899
334903
335473
335541
335542
335543
335544
335545
335546
335547
335548
335549
335550
335551
335552
335553
335554
335562
335563
335564
335565
335566
335567
335568
335597
335598
335599
335600
335601
335602
335603
335654
335655
335659
335689
335690
335694
335745
335746
335750
336094
336095
336096
336097
336098
336099
336100
336101
336102
336103
336104
336105
336106
336107
336108
336109
336110
336111
336112
336113
336114
336115
336116
336117
336118
336119
336120
336121
336122
336123
336124
336125
336126
336127
336128
336129
336130
336131
336132
336133
336134
336135
336136
336137
336138
336139
336140
336141
336142
336143
336144
336145
336146
336147
336148
336149
336199
336203
336205
336238
336240
336269
336273
336275
336308
336309
336311
336315
336316
336392
336394
336395
336399
336400
336434
336435
336455
336456
336458
336462
336463
336493
336497
336498
336532
336533
338884
338973
338976
338989
339258
339259
339262
339263
339265
339266
339267
339269
339270
339271
339272
339273
339276
339277
339279
339280
339281
339283
339284
339285
339286
339287
339290
339292
339293
339294
339295
339297
339298
339299
339300
339301
339304
339306
339307
339308
339309
339311
339312
339313
339356
339357
339360
339362
339363
339364
339365
339367
339368
339369
339377
339378
339381
339383
339384
339385
339386
339388
339389
339390
339391
339392
339396
339397
339398
339399
339400
339402
339403
339404
339405
339406
339410
339411
339412
339413
339414
339416
339417
339418
340102
340103
340120
340121
340123
340126
340129
340131
340165
340166
340190
340191
340193
340196
340200
340201
340203
340207
340208
340211
340212
340214
340218
340219
340223
340225
340226
340228
340231
340235
340236
340239
340240
340244
340260
340261
340264
340266
340270
340271
340273
340276
340278
340309
340310
340312
340316
340317
340321
340322
340326
340327
340329
340333
340334
340336
340340
340341
340344
340345
340349
340350
340354
340355
340358
340359
340362
340365
340368
340369
340371
340379
340380
340384
340400
340401
340404
340406
340410
340411
340414
340415
340418
340420
340424
340425
340428
340431
340432
340462
343472
343584
344067
344172
344277
344823
349759
349760
349761
349762
349763
349764
349765
349766
349767
349768
349769
349770
349771
349773
349774
349775
349776
349777
349778
349779
349780
349781
349782
349783
349784
349785
349786
349787
349788
349789
349790
349791
349792
349794
349795
349796
349797
349798
349799
349800
349801
349802
349803
349804
349805
349806
349808
349809
349810
349811
349812
349813
349815
349816
349817
349818
349819
349820
349821
349822
349823
349824
349825
349826
349827
349829
349830
349831
349832
349833
349834
349835
349836
349837
349838
349839
349840
349841
349842
349843
349844
349845
349846
349847
349848
349850
349851
349852
349853
349854
349855
349856
349857
349858
349859
349860
349861
349862
349864
349865
349866
349867
349868
349869
349968
349971
349973
350004
350005
350009
350025
350026
350029
350031
350035
350036
350038
350042
350043
350046
350047
350050
350053
350056
350057
350070
350071
350088
350089
350091
350094
350098
350099
350102
350103
350106
350109
350112
350113
350116
350117
350121
350137
350138
350141
350143
350147
350148
350151
350154
350155
350157
350161
350162
350184
350256
350257
350261
350277
350278
350281
350283
350287
350288
350290
350293
350295
350326
350327
350330
350332
350336
350337
350340
350343
350344
350350
350351
350375
350376
350378
350382
350383
350387
350388
350392
350394
350396
350399
350401
350402
350405
350407
350556
350560
350561
350564
350565
350568
350571
350574
350575
350588
350589
350606
350607
350609
350613
350614
350618
350634
350635
350638
350640
350644
350645
350647
350650
350652
350683
350684
350688
350704
350705
350709
350710
350714
350716
350728
350729
350746
350747
350749
350823
350826
350827
350829
350833
350834
350856
350928
350929
350933
350934
350938
350940
350942
350945
350947
350952
350953
350977
350978
350980
350983
350986
350988
351019
351020
351024
351040
351041
351045
351046
351050
351052
351053
351056
351058
351092
351093
351117
351118
351120
366033
366034
366035
366036
366037
366038
366039
366040
366041
366042
366043
366044
366045
366046
366047
366048
366049
366050
366051
366052
366053
366054
366055
366056
366057
366058
366059
366060
366061
366062
366063
366064
366065
366066
366067
366068
366069
366070
366071
366072
366073
366074
366075
366076
366077
366078
366079
366080
366081
366082
366083
366084
366085
366086
366087
366088
366089
366090
366091
366092
366093
366094
366095
366096
366097
366098
366099
366100
366101
366102
366103
366104
366105
366106
366107
366108
366109
366110
366111
366112
366113
366114
366115
366116
366117
366118
366119
366120
366121
366122
366123
366124
366125
366126
366127
366128
366129
366130
366131
366132
366133
366134
366135
366136
366137
366138
366139
366140
366141
366142
366143
366144
366145
366146
366147
366148
366149
366150
366151
366152
366153
366154
366155
366156
366157
366158
366159
366160
366161
366162
366163
366164
366165
366166
366167
366168
366169
366170
366171
366172
366173
366174
366175
366176
366177
366178
366179
366180
366181
366182
366183
366184
366185
366186
366187
366188
366189
366190
366191
366192
366193
366194
366195
366196
366197
366198
366199
366200
366208
366209
366210
366211
366212
366213
366214
366215
366216
366217
366218
366219
366220
366221
366222
366223
366224
366225
366226
366227
366228
366229
366230
366231
366232
366233
366234
366235
366236
366237
366238
366239
366240
366241
366242
366243
366244
366245
366246
366247
366248
366249
366250
366251
366252
366253
366254
366255
366256
366257
366258
366259
366260
366261
366262
366263
366888
366891
366892
366894
366898
366899
366921
366993
366996
366997
366999
367003
367004
367026
367168
367171
367172
367174
367178
367179
367201
368036
368039
368040
368042
368046
368047
368069
368141
368144
368145
368148
368151
368152
368181
368246
368249
368250
368253
368256
368257
368286
368774
368776
368792
368794
368797
368952
368956
368958
369075
369077
369093
369095
369098
369225
369229
369231
369750
369751
369752
369753
369754
369755
369756
369757
369758
369759
369760
369761
369762
369763
369764
369765
369766
369767
369768
369769
369770
369771
369772
369773
369774
369775
369776
369777
369778
369779
369780
369781
369782
369783
369784
369785
369786
369787
369788
369789
369790
369791
369792
369793
369794
369795
369796
369797
369798
369799
369800
369801
369802
369803
369804
369805
369806
369810
369812
369901
369903
369926
369928
369930
370079
370083
370085
370202
370204
370220
370222
370224
370352
370356
370358
370447
370449
370472
370474
370476
370625
370629
370631
370720
370722
370738
370740
370742
370930
370932
370948
370950
370952
371080
371084
371086
371171
371175
371177
371294
371296
371312
371314
371316
371445
371446
371450
371451
371455
371456
371458
371462
371463
371466
371467
371469
372088
372123
372125
372191
372197
372205
372210
372212
372217
372240
372244
372317
372318
372319
372320
372321
372322
372323
372324
372325
372326
372327
372328
372329
372330
372331
372332
372333
372334
372335
372336
372337
372338
372339
372340
372341
372342
372343
372344
372345
372346
372347
372348
372349
372350
372351
372352
372353
372354
372355
372356
372357
372358
372359
372360
372361
372362
372363
372364
372365
372366
372367
372368
372369
372370
372371
372372
372373
372374
372375
372376
372377
372378
372379
372380
372381
372382
372383
372384
372385
372386
372387
372388
372389
372390
372391
372392
372393
372394
372395
372396
372397
372398
372399
372400
372401
372402
372403
372404
372405
372406
372407
372408
372409
372410
372411
372412
372413
372414
372415
372416
372417
372418
372419
372420
372421
372422
372423
372424
372425
372426
372427
372428
372429
372433
372435
372436
372440
372442
372444
372445
372447
372451
372452
372456
372458
372459
372462
372464
372468
372469
372486
372487
372490
372493
372494
372498
372499
372503
372504
372506
372510
372511
372513
372517
372518
372521
372522
372526
376944
376948
376949
376951
376955
376956
376959
376960
376962
376965
376969
376970
376973
376974
376976
376980
376982
376983
377014
377018
377019
377022
377023
377025
377029
377031
377032
377036
377037
377039
377043
377044
377046
377051
377052
377053
379247
379251
379253
379255
379256
379259
379262
379264
379266
379268
379272
379274
379276
379277
379280
379283
379285
379287
379290
379291
379293
379297
379298
379300
379305
379306
379307
379310
379314
379316
379317
379321
379322
379325
379326
379329
379332
379333
379336
379339
379340
379343
379347
379348
379350
379352
379356
379357
379360
379361
379363
379367
379369
379370
379514
379515
379518
379521
379522
379525
379529
379530
379532
379534
379538
379540
379541
379545
379546
379549
379550
379553
379555
379559
379560
379563
379564
379566
379570
379572
379573
379576
379580
379581
379584
379585
379588
379591
379593
379595
379597
379601
379602
379605
379606
379609
379612
379614
379616
379618
379622
379623
379625
379629
379630
379633
379634
379636
438315
438316
438317
438318
438319
438320
438321
438322
438323
438324
438325
438326
438327
438328
438343
438344
438345
438346
438347
438348
438349
438364
438365
438366
438367
438368
438369
438370
438371
438372
438373
438374
438375
438376
438377
438378
438379
438380
438381
438382
438383
438384
438385
438386
438387
438388
438389
438390
438391
438553
438554
438555
438556
438557
438558
438559
438560
438561
438562
438563
438564
438565
438566
438581
438582
438583
438584
438585
438586
438587
438631
438632
438633
438771
438772
438776
438777
438781
438782
438784
438788
438789
438791
438795
438796
438799
438800
438802
438806
438807
438809
438812
438816
438817
438820
438821
438823
438827
438828
438830
443277
443278
443279
443280
443281
443282
443283
443298
443299
443300
443301
443302
443303
443304
443424
443425
443426
443427
443428
443429
443430
443445
443446
443447
443448
443449
443450
443451
443480
443481
443482
443483
443484
443485
443486
443501
443502
443503
443504
443505
443506
443507
443641
443642
443643
443644
443645
443646
443647
443662
443663
443664
443665
443666
443667
443668
444056
444057
444058
444059
444060
444061
444062
444077
444078
444079
444080
444081
444082
444083
444084
444085
444086
444087
444088
444089
444090
444091
444092
444094
444095
444096
444097
444098
444099
444100
444101
444102
444103
444104
444105
444106
444107
444108
444109
444110
444111
444112
444113
444115
444116
444117
444118
444119
444120
444121
444122
444123
444124
444125
444126
444127
444128
444129
444130
444131
444132
444133
444134
444135
444136
444137
444138
444139
444168
444169
444170
444171
444172
444173
444174
444175
444176
444177
444178
444179
444180
444181
444182
444183
444184
444185
444186
444187
444188
444189
444190
444191
444192
444193
444194
444195
444217
444218
444219
444220
444221
444222
444223
444224
444225
444227
444228
444229
444230
444231
444232
444233
444234
444235
444236
444237
444238
444239
444240
444241
444242
444243
444244
444245
444246
444248
444249
444250
444251
444273
444274
444275
444276
444277
444278
444279
444280
444281
444282
444284
444285
444286
444287
444288
444289
444290
444291
444292
444293
444294
444295
444296
444297
444298
444299
444300
444301
444302
444303
444305
444306
444307
444308
444309
444310
444311
444312
444313
444314
444343
444344
444345
444346
444347
444348
444349
444350
444351
444352
444353
444354
444355
444356
444371
444372
444373
444374
444375
444376
444377
444392
444393
444394
444395
444396
444397
444398
444399
444400
444401
444402
444403
444404
444405
444406
444407
444408
444409
444410
444411
444412
444413
444414
444415
444416
444417
444418
444419
444420
444421
444422
444424
444425
444426
444427
444428
444429
444430
444431
444432
444433
444434
444435
444436
444437
444438
444439
444440
444441
444442
444443
444445
444446
444447
444448
444449
444450
444451
444452
444453
444454
444745
444746
444747
444787
444788
444789
444814
444815
444816
444817
444818
444819
444820
444821
444822
444823
444824
444825
444826
444827
444828
444829
444830
444831
444832
444833
444834
444926
444927
444928
444929
444930
444931
444932
444933
444934
444935
444936
444937
444938
444939
444940
444941
444942
444943
444944
444945
444946
444947
444948
444949
444950
444951
444952
444953
444962
444963
444964
445111
445112
445114
445125
445126
445129
445223
445224
445227
449585
449586
449587
449588
449589
449590
449591
449599
449600
449601
449602
449603
449604
449605
449662
449663
449664
449665
449666
449667
449668
449676
449677
449678
449679
449680
449681
449682
449711
449712
449713
449714
449715
449716
449717
449725
449726
449727
449728
449729
449730
449731
449802
449803
449804
449805
449806
449807
449808
449816
449817
449818
449819
449820
449821
449822
450198
450199
450200
450201
450202
450204
450205
450206
450207
450208
450209
450210
450211
450212
450213
450214
450215
450216
450217
450218
450219
450220
450221
450222
450223
450224
450225
450226
450227
450228
450229
450230
450231
450232
450247
450248
450249
450250
450251
450253
450254
450255
450256
450257
450258
450259
450260
450324
450325
450326
450327
450328
450329
450330
450366
450367
450368
450369
450370
450371
450372
450373
450374
450375
450376
450377
450378
450379
450380
450381
450382
450383
450384
450385
450386
450387
450388
450389
450390
450391
450392
450393
450429
450430
450431
450432
450433
450434
450435
450443
450445
450446
450447
450450
450452
450453
450454
450492
450493
450494
450495
450496
450497
450498
450506
450507
450508
450509
450510
450511
450512
450839
450840
450841
450843
450846
450847
450848
450849
450850
450851
450852
450853
450854
450855
450856
450857
450858
450859
450881
450885
450886
450887
450888
450889
450890
450891
450892
450893
450894
450895
450896
450897
450898
450899
450900
450901
450902
450903
450904
450905
450906
450907
450908
450909
450910
450911
450912
450913
450914
450915
450916
450917
450918
450919
450920
450921
450922
450923
450924
450925
450926
450927
450928
450929
450930
450933
450934
450936
450951
450952
450953
450955
450958
450959
450960
450961
450962
450963
450964
450965
450966
450967
450968
450969
450970
450971
450972
450973
450974
450975
450976
450977
450978
450979
450980
450981
450982
450983
450984
450985
450986
450987
450988
450989
450990
450991
450992
451007
451008
451009
451010
451011
451012
451013
451014
451015
451016
451017
451018
451019
451020
451021
451022
451023
451024
451025
451026
451027
451028
451029
451030
451031
451032
451033
451034
451035
451036
451037
451038
451039
451040
451041
451042
451043
451044
451045
451046
451047
451048
451049
451050
451051
451052
451053
451054
451055
451056
451057
451058
451059
451060
451061
451062
451091
451092
451093
451094
451095
451096
451097
451098
451099
451100
451101
451102
451103
451104
451105
451106
451107
451108
451109
451110
451111
451112
451113
451114
451115
451116
451117
451118
451119
451120
451121
451122
451123
451124
451125
451126
451127
451128
451129
451130
451131
451132
451133
451134
451135
451136
451137
451138
451139
451140
451141
451142
451143
451144
451145
451146
451147
451148
451149
451150
451151
451152
451153
451154
451155
451156
451157
451158
451159
451160
451161
451162
451163
451164
451165
451166
451167
451168
451170
451172
451173
451175
451176
451177
451178
451179
451180
451181
451182
451183
451184
451185
451186
451187
451188
451189
451190
451191
451192
451193
451194
451195
451196
451197
451198
451199
451200
451201
451202
451529
451533
451535
451537
451538
451540
451551
451552
451555
451557
451561
451562
451572
451573
451575
451592
451596
451598
451600
451601
451603
451614
451615
451618
451656
451657
451660
451662
451666
451667
451676
451680
451681
451698
451699
451701
451705
451706
451709
451718
451722
451723
461207
461208
461209
461211
461212
461213
461242
461243
461244
461245
461246
461247
461248
461249
461250
461251
461252
461253
461254
461255
461284
461285
461286
461287
461288
461289
461290
461291
461292
461293
461294
461295
461296
461297
461389
461390
461391
461393
461394
461395
461529
461530
461531
461532
461533
461534
461535
461536
461537
461538
461539
461540
461541
461542
461543
461544
461545
461546
461547
461548
461549
461550
461551
461552
461553
461554
461555
461556
461557
461558
461559
461560
461561
461562
461563
461564
461565
461566
461567
461568
461569
461570
461571
461572
461573
461574
461575
461576
461577
461578
461579
461580
461581
461582
461583
461584
461627
461628
461629
461630
461631
461632
461633
461634
461635
461636
461637
461638
461639
461640
461641
461642
461643
461644
461645
461646
461647
461648
461649
461650
461651
461652
461653
461654
461746
461747
461748
461750
461751
461752
461760
461761
461762
461763
461764
461765
461766
461767
461768
461769
461770
461771
461772
461773
461774
461775
461776
461777
461778
461779
461780
461781
461782
461783
461784
461785
461786
461787
461802
461803
461804
461806
461807
461808
461900
461901
461902
461903
461904
461905
461906
461907
461908
461909
461910
461911
461912
461913
461914
461915
461916
461917
461918
461919
461920
461935
461936
461937
461938
461939
461940
461941
462005
462006
462007
462008
462009
462010
462011
462026
462027
462028
462029
462030
462031
462032
462047
462048
462049
462050
462051
462052
462053
462054
462055
462056
462057
462058
462059
462060
462124
462125
462126
462128
462129
462130
462138
462139
462140
462141
462142
462143
462144
462145
462146
462147
462148
462149
462150
462151
462152
462153
462154
462155
462156
462157
462158
462159
462160
462161
462162
462163
462164
462165
462187
462188
462189
462191
462192
462193
462292
462293
462294
462295
462296
462297
462298
462299
462300
462301
462302
462303
462304
462305
462306
462307
462308
462309
462310
462311
462312
462313
462314
462315
462316
462317
462318
462319
462348
462349
462350
462351
462352
462353
462354
462355
462356
462357
462358
462359
462360
462361
462362
462363
462364
462365
462366
462367
462368
462369
462370
462371
462372
462373
462374
462375
462390
462391
462392
462393
462394
462395
462396
462397
462398
462399
462400
462401
462402
462403
462404
462405
462406
462407
462408
462409
462410
462411
462412
462413
462414
462415
462416
462417
462551
462552
462553
462555
462556
462557
462635
462636
462637
462638
462639
462640
462641
462642
462643
462644
462645
462646
462647
462648
462677
462678
462679
462680
462681
462682
462683
462684
462685
462686
462687
462688
462689
462690
462726
462727
462728
462730
462731
462732
463835
463836
463837
463838
463839
463840
463841
463856
463857
463858
463859
463860
463861
463862
463871
463872
463873
463874
463876
463884
463885
463886
463887
463888
463889
463890
463898
463899
463900
463901
463902
463904
463947
463948
463949
463950
463951
463952
463953
463961
463962
463963
463964
463965
463966
463967
463975
463976
463977
463978
463979
463980
463981
463989
463990
463991
463992
463993
463995
464004
464005
464006
464007
464009
464129
464130
464131
464132
464133
464134
464135
464136
464138
464139
464142
464143
464145
464146
464149
464185
464186
464187
464188
464189
464190
464191
464192
464193
464194
464195
464196
464197
464198
464199
464200
464201
464202
464203
464204
464205
464206
464207
464208
464209
464210
464211
464212
464220
464223
464225
464226
464234
464235
464236
464237
464238
464239
464240
464241
464242
464244
464245
464246
464247
464248
464249
464250
464251
464252
464253
464254
464255
464256
464257
464258
464259
464260
464261
464262
464263
464264
464265
464266
464267
464268
464269
464270
464271
464273
464274
464275
464276
464277
464278
464279
464280
464281
464282
464283
464284
464285
464286
464287
464288
464289
464290
464291
464292
464293
464294
464295
464296
464297
464298
464299
464300
464301
464302
464303
464304
464305
464306
464307
464308
464309
464310
464311
464314
464316
464317
464318
464319
464320
464321
464322
464323
464324
464325
464328
464329
464331
464332
464333
464334
464335
464336
464337
464338
464339
464340
464341
464342
464343
464344
464345
464346
464347
464348
464349
464350
464351
464352
464353
464354
464355
464356
464357
464358
464360
464361
464362
464363
464364
464365
464366
464367
464368
464369
464370
464371
464372
464373
464374
464377
464378
464380
464388
464389
464390
464391
464392
464393
464394
464395
464396
464398
464399
464400
464401
464409
464410
464411
464412
464413
464414
464415
464416
464417
464418
464419
464420
464421
464422
464423
464424
464425
464426
464427
464428
464429
464430
464431
464432
464434
464435
464436
464437
464438
464439
464440
464441
464442
464443
464479
464480
464481
464482
464483
464484
464485
464486
464488
464489
464491
464493
464495
464496
464497
464612
464613
464614
464615
464616
464617
464618
464619
464620
464621
464622
464623
464624
464625
464626
464627
464628
464629
464630
464631
464632
464640
464641
464642
464643
464644
464645
464646
464647
464648
464649
464650
464651
464652
464653
464654
464655
464656
464657
464658
464659
464660
464661
464662
464663
464665
464666
464667
464668
464669
464670
464671
464672
464673
464674
464675
464678
464680
464681
464689
464690
464691
464692
464693
464694
464695
464696
464697
464699
464700
464701
464702
464703
464704
464705
464706
464708
464709
464710
464711
464712
464713
464714
464715
464716
464717
464718
464719
464720
464721
464722
464723
464724
464725
464726
464727
464728
464729
464730
464731
464732
464733
464734
464735
464736
464737
464738
464739
464740
464741
464742
464743
464744
464745
464746
464747
464748
464749
464750
464751
464752
464753
464754
464755
464756
464757
464758
464759
464760
464761
464763
464764
464765
464766
464767
464768
464769
464770
464771
464772
464780
464783
464784
464786
464794
464795
464796
464797
464798
464799
464800
464801
464802
464804
464805
464806
464807
464864
464865
464866
464867
464868
464869
464870
464885
464886
464887
464888
464889
464890
464891
464907
464908
464909
464910
464912
464920
464921
464922
464923
464924
464925
464926
464927
464928
464929
464930
464931
464933
464941
464942
464943
464944
464945
464946
464947
464948
464949
464950
464951
464952
464953
464954
464955
464956
464957
464958
464959
464960
464961
464962
464963
464964
464965
464966
464967
464968
464969
464972
464974
464975
464976
464977
464978
464979
464980
464981
464982
464983
464984
464985
464986
464987
464988
464989
464990
464991
464992
464993
464994
464995
464996
464997
464998
464999
465000
465001
465002
465003
465004
465007
465008
465010
465046
465047
465048
465049
465050
465051
465052
465075
465076
465077
465078
465079
465088
465089
465090
465091
465092
465093
465094
465095
465096
465097
465098
465099
465100
465123
465124
465125
465126
465127
465128
465129
465165
465166
465167
465168
465169
465170
465171
465179
465180
465181
465182
465183
465184
465185
465193
465194
465195
465196
465197
465199
465208
465209
465210
465211
465213
465214
465215
465216
465217
465218
465219
465220
465221
465224
465225
465227
465228
465229
465230
465231
465232
465233
465234
465235
465236
465237
465238
465239
465240
465241
465242
465243
465244
465245
465246
465247
465248
465249
465250
465251
465252
465253
465254
465255
465256
465259
465260
465262
465263
465264
465265
465266
465267
465268
465269
465270
465271
465272
465273
465274
465275
465276
465277
465278
465279
465280
465281
465282
465283
465298
465299
465300
465301
465302
465303
465304
465340
465341
465342
465343
465344
465345
465346
465354
465355
465356
465357
465358
465359
465369
465370
465371
465372
465373
465445
465446
465447
465448
465449
465450
465452
465453
465454
465455
465456
465457
465458
465459
465461
465463
465464
465473
465474
465475
465476
465477
465478
465479
465480
465481
465482
465484
465485
465486
465494
465495
465496
465497
465498
465499
465500
465501
465502
465503
465504
465505
465506
465507
465508
465509
465510
465511
465512
465513
465514
465515
465516
465517
465519
465520
465521
465522
465523
465524
465525
465526
465527
465528
465529
465530
465531
465532
465533
465534
465535
465536
465537
465538
465539
465540
465541
465542
465543
465544
465545
465546
465547
465548
465549
465550
465551
465552
465553
465554
465555
465557
465558
465559
465560
465561
465562
465563
465564
465566
465568
465569
465578
465579
465580
465581
465582
465583
465584
465585
465586
465587
465589
465590
465591
465592
465593
465594
465595
465596
465597
465598
465599
465600
465601
465602
465603
465604
465605
465606
465607
465608
465609
465610
465611
465612
465613
465614
465615
465617
465618
465619
465620
465621
465622
465623
465624
465625
465626
465704
465705
465706
465707
465708
465709
465710
465711
465713
465714
465716
465718
465720
465721
465722
465788
465789
465790
465791
465792
465793
465794
465795
465796
465797
465798
465799
465800
465801
465802
465803
465804
465805
465806
465807
465808
465809
465810
465811
465812
465813
465814
465815
465816
465817
465818
465819
465820
465821
465822
465823
465824
465825
465826
465827
465828
465829
465830
465831
465832
465833
465834
465835
465836
465837
465838
465839
465841
465842
465843
465844
465845
465846
465847
465848
465849
465850
465858
465860
465862
465863
465872
465873
465874
465875
465876
465877
465878
465879
465880
465881
465883
465884
465885
465886
465887
465888
465889
465890
465891
465892
465893
465894
465895
465896
465897
465898
465899
465900
465901
465902
465903
465904
465905
465906
465907
465908
465909
465910
465911
465912
465913
465914
465917
465918
465920
465921
465922
465923
465924
465925
465926
465927
465928
465931
465932
465934
465935
465936
465937
465938
465939
465940
465941
465942
465943
465944
465945
465946
465947
465948
465949
465950
465951
465952
465953
465954
465955
465956
465957
465958
465959
465960
465961
465962
465963
465964
465965
465966
465967
465968
465969
465970
465971
465972
465973
465974
465975
465976
465977
465978
465979
465980
465981
465982
465983
465984
465985
465986
465987
465988
465989
465990
465991
465992
465993
465994
465995
465996
465997
465998
465999
466000
466001
466002
466003
466004
466005
466006
466007
466008
466009
466010
466011
466012
466013
466014
466016
466017
466018
466019
466020
466021
466022
466023
466024
466025
466026
466028
466030
466031
466040
466041
466042
466043
466044
466045
466046
466047
466048
466049
466051
466052
466053
466257
466258
466259
466260
466261
466262
466263
466314
466315
466316
466317
466318
466327
466328
466329
466330
466331
466332
466333
466334
466335
466336
466337
466338
466339
466355
466356
466357
466358
466359
466360
466361
466404
466405
466406
466407
466408
466409
466410
466411
466412
466413
466414
466415
466416
466433
466434
466435
466436
466437
467184
467185
467186
467187
467188
467189
467190
467191
467194
467196
467197
467198
467199
467200
467201
467202
467203
467204
467205
467206
467207
467208
467209
467210
467211
467212
467213
467214
467215
467216
467217
467218
467219
467220
467221
467222
467223
467224
467225
467268
467269
467270
467271
467272
467274
467282
467283
467284
467285
467286
467287
467288
467289
467290
467291
467292
467293
467294
467295
467296
467297
467298
467299
467300
467301
467302
467310
467311
467312
467313
467314
467315
467316
467331
467332
467333
467334
467335
467336
467337
467345
467346
467347
467349
467352
467353
467354
467355
467356
467357
467358
467373
467374
467375
467376
467377
467378
467379
467387
467388
467389
467390
467391
467392
467393
467408
467409
467410
467411
467412
467413
467414
467415
467416
467417
467418
467419
467420
467421
467422
467423
467424
467425
467426
467427
467428
467429
467430
467431
467432
467433
467434
467435
467436
467437
467438
467439
467440
467441
467442
467443
467446
467447
467449
467485
467486
467487
467488
467489
467490
467541
467542
467543
467544
467545
467546
467547
467548
467551
467553
467554
467555
467556
467557
467558
467559
467560
467561
467562
467563
467564
467565
467566
467567
467568
467569
467570
467571
467572
467573
467574
467575
467576
467577
467578
467579
467580
467581
467582
467618
467619
467620
467621
467622
467624
467625
467629
467630
467631
467632
467633
467634
467635
467636
467637
467638
467653
467654
467655
467656
467657
467658
467659
467660
467661
467662
467663
467664
467665
467666
467667
467668
467669
467670
467671
467672
467673
467674
467675
467676
467677
467678
467679
467680
467702
467703
467704
467705
467706
467708
467765
467766
467767
467768
467769
467770
467771
467772
467773
467774
467775
467776
467777
467778
467779
467780
467781
467782
467783
467784
467785
467800
467801
467802
467803
467804
467805
467806
467807
467808
467809
467810
467811
467812
467813
467835
467836
467837
467839
467842
467843
467844
467845
467846
467847
467848
467849
467850
467851
467852
467853
467854
467855
467856
467857
467858
467859
467860
467861
467862
467863
467864
467865
467866
467867
467868
467869
467877
467878
467879
467880
467881
467882
467883
467961
467962
467963
467965
467968
467969
467970
467971
467972
467973
467974
467989
467990
467991
467992
467993
467994
467995
468010
468011
468012
468013
468014
468015
468016
468017
468018
468019
468020
468021
468022
468023
468024
468025
468026
468027
468028
468029
468030
468038
468039
468040
468042
468045
468046
468047
468048
468049
468050
468051
468066
468067
468068
468069
468070
468071
468072
468073
468074
468075
468076
468077
468078
468079
468108
468109
468110
468111
468112
468113
468114
468115
468116
468117
468118
468119
468120
468121
468122
468123
468124
468125
468126
468127
468128
468129
468130
468131
468132
468133
468134
468135
468150
468151
468152
468153
468154
468155
468156
468157
468159
468161
468162
468178
468179
468180
468181
468182
468183
468213
468217
468218
468219
468220
468224
468225
468226
468227
468228
468229
468230
468231
468232
468233
468234
468236
468238
468239
468255
468256
468257
468258
468259
468260
468346
468347
468348
468349
468350
468351
468352
468353
468354
468355
468356
468357
468358
468359
468360
468361
468362
468363
468364
468365
468366
468367
468368
468369
468370
468371
468372
468373
468395
468396
468397
468398
468399
468401
468444
468445
468446
468448
468451
468452
468453
468454
468455
468456
468457
468458
468459
468460
468461
468462
468463
468464
468465
468466
468467
468468
468469
468470
468471
468472
468473
468474
468475
468476
468477
468478
468486
468487
468488
468489
468490
468491
468492
468507
468508
468509
468510
468511
468512
468513
468514
468515
468516
468517
468518
468519
468520
468528
468529
468530
468532
468535
468536
468537
468538
468539
468540
468541
468542
468543
468544
468545
468546
468547
468548
468563
468564
468565
468566
468567
468568
468569
468577
468578
468579
468580
468581
468582
468583
468584
468586
468588
468589
468605
468606
468607
468608
468609
468610
468854
468855
468857
468861
468862
468864
468868
468869
468871
468994
468995
468997
469001
469002
469004
469008
469009
469011
471035
471036
471037
471038
471039
471040
471041
471042
471043
471044
471045
471046
471047
471048
471050
471051
471052
471054
471070
471071
471072
471073
471074
471075
471076
471077
471078
471080
471082
471083
471084
471085
471086
471088
471089
471090
471091
471092
471093
471094
471095
471096
471097
471098
471099
471100
471101
471102
471103
471104
471105
471106
471107
471108
471109
471110
471111
471126
471127
471130
471131
471133
471134
471135
471136
471137
471138
471139
471140
471141
471142
471143
471144
471145
471146
471147
471149
471150
471151
471152
471175
471176
471177
471179
471181
471182
471183
471184
471186
471187
471188
471189
471190
471191
471192
471193
471194
471195
471196
471197
471198
471199
471200
471201
471202
471203
471204
471205
471206
471207
471208
471209
471210
471211
471214
471215
471217
471218
471219
471220
471221
471222
471223
471224
471226
471227
471228
471229
471324
471325
471327
471328
471329
471330
471331
471332
471333
471334
471335
471336
471337
471338
471339
471340
471341
471342
471343
471344
471345
471346
471347
471348
471349
471350
471351
471380
471381
471383
471385
471386
471387
471388
471390
471391
471392
471393
471394
471395
471396
471397
471398
471399
471400
471401
471402
471403
471404
471405
471406
471407
471422
471423
471424
471426
471427
471428
471429
471430
471431
471432
471433
471434
471435
471436
471437
471438
471439
471440
471441
471442
471443
471444
471445
471446
471447
471448
471449
471520
471521
471522
471524
471526
471527
471528
471529
471531
471532
471533
471534
471535
471536
471537
471538
471539
471540
471541
471542
471543
471544
471545
471546
471547
471628
471630
471633
471635
471636
471639
471642
471643
471646
471649
471651
471653
471663
471665
471668
471670
471671
471674
471677
471678
471681
471684
471686
471688
471691
471693
471696
471698
471700
471703
478997
478998
478999
479000
479001
479002
479003
479004
479007
479008
479009
479010
479053
479054
479055
479056
479057
479058
479059
479060
479063
479064
479065
479066
479131
479133
479145
479147
479151
479153
479154
479157
479158
479159
479161
479163
479164
479165
479166
479167
479168
479169
479170
479171
479172
479173
479174
479175
479176
479177
479178
479179
479180
479181
479182
479183
479184
479185
479207
479208
479209
479210
479211
479212
479213
479214
479215
479216
479217
479218
479219
479220
479221
479223
479224
479227
479228
479229
479231
479233
479234
479235
479236
479237
479238
479239
479240
479241
479285
479287
479299
479301
479375
479376
479377
479378
479379
479380
479381
479382
479384
479386
479387
479388
479389
479391
479392
479395
479396
479397
479398
479399
479400
479401
479402
479403
479404
479405
479406
479407
479408
479409
479410
479411
479413
479415
479416
479417
479418
479419
479420
479421
479422
479423
479424
479425
479426
479427
479428
479429
479430
479452
479454
479455
479458
479459
479460
479461
479462
479463
479464
479465
479466
479467
479469
479471
479472
479473
479474
479475
479476
479477
479478
479479
479480
479481
479482
479483
479484
479485
479486
479487
479488
479489
479490
479491
479492
479493
479550
479551
479552
479553
479554
479555
479556
479557
479559
479561
479562
479563
479648
479649
479650
479651
479652
479653
479654
479655
479658
479659
479660
479661
479725
479726
479727
479728
479729
479730
479731
479732
479733
479734
479735
479736
479737
479738
479739
479741
479742
479745
479746
479747
479749
479751
479752
479753
479754
479755
479756
479757
479758
479759
479760
479761
479762
479763
479764
479765
479766
479788
479789
479790
479791
479792
479793
479794
479795
479796
479797
479798
479799
479800
479801
479802
479804
479805
479808
479809
479810
479812
479814
479815
479816
479817
479818
479819
479820
479821
479822
479823
479824
479825
479826
479827
479828
479829
479844
479845
479846
479847
479848
479849
479850
479851
479854
479855
479856
479857
479957
479959
479971
479973
479998
480000
480001
480004
480005
480006
480007
480008
480009
480010
480011
480012
480013
480015
480017
480018
480019
480020
480021
480022
480023
480024
480025
480026
480027
480028
480029
480030
480031
480032
480054
480055
480056
480057
480058
480059
480060
480061
480062
480063
480064
480065
480066
480067
480068
480070
480071
480074
480075
480076
480077
480078
480079
480080
480081
480082
480083
480085
480087
480088
480111
480113
480125
480127
480180
480181
480182
480183
480184
480185
480186
480187
480189
480191
480192
480193
480250
480251
480252
480253
480254
480255
480256
480257
480259
480261
480262
480263
480603
480604
480607
480608
480610
480611
480612
480613
480614
480615
480616
480617
480618
480619
480620
480621
480622
480623
480624
480626
480627
480628
480629
480652
480653
480654
480657
480658
480659
480660
480661
480663
480664
480665
480666
480667
480668
480669
480670
480671
480672
480673
480674
480675
480676
480677
480678
480679
480715
480716
480718
480720
480721
480722
480723
480724
480726
480727
480728
480729
480730
480731
480732
480733
480734
480735
480736
480737
480738
480739
480740
480741
480742
480778
480779
480782
480783
480785
480786
480787
480788
480789
480790
480791
480792
480793
480794
480795
480796
480797
480798
480799
480801
480802
480803
480804
480855
480857
480858
480859
480860
480862
480864
480865
480866
480867
480870
480871
480872
480875
480876
480877
480878
480879
480880
480881
480882
480883
480884
480885
480886
480887
480888
480889
480890
480891
480892
480893
480894
480895
480896
480897
480898
480899
480900
480901
480902
480903
480904
480906
480907
480910
480911
480912
480913
480914
480916
480917
480918
480919
480920
480921
480922
480923
480924
480925
480926
480927
480928
480929
480930
480931
480932
480934
480935
480936
480937
480938
480939
480940
480941
480942
480943
480944
480945
480946
480947
480948
480949
480950
480951
480952
480953
480954
480955
480956
480957
480958
480959
480960
480962
480963
480964
480965
480966
480967
480968
480969
480970
480971
480972
480973
480974
480975
480976
480977
480978
480979
480980
480981
480983
480984
480987
480988
480989
480990
480991
480992
480993
480994
480995
480996
480997
480998
481000
481001
481003
481004
481005
481008
481010
481011
481012
481015
481016
481017
481018
481019
481020
481021
481022
481023
481024
481025
481026
481027
481028
481029
481044
481046
481047
481048
481049
481051
481053
481054
481055
481056
481086
481087
481088
481089
481090
481091
481092
481093
481094
481097
481098
481100
481101
481102
481103
481104
481105
481106
481107
481109
481110
481111
481112
481135
481136
481137
481138
481139
481140
481141
481143
481144
481145
481148
481149
481150
481151
481152
481153
481154
481155
481157
481158
481159
481161
481163
481164
481165
481166
481167
481168
481169
481170
481171
481172
481173
481174
481175
481176
481178
481179
481180
481183
481184
481185
481186
481187
481188
481189
481190
481191
481192
481195
481196
481198
481199
481200
481201
481202
481203
481204
481205
481207
481208
481209
481210
481247
481248
481249
481252
481253
481254
481255
481256
481258
481259
481260
481261
481262
481263
481264
481265
481266
481267
481268
481269
481270
481271
481272
481273
481274
481310
481311
481312
481313
481314
481315
481316
481317
481318
481319
481320
481321
481322
481323
481324
481326
481327
481330
481331
481332
481333
481334
481336
481337
481338
481339
481340
481341
481342
481343
481344
481345
481346
481347
481348
481349
481350
481351
481352
481354
481355
481356
481357
481358
481359
481360
481361
481362
481363
481364
481365
481366
481367
481368
481369
481370
481371
481372
481373
481374
481375
481376
481377
481378
481379
481380
481381
481382
481383
481384
481385
481386
481387
481389
481390
481393
481394
481395
481396
481397
481398
481399
481400
481401
481402
481403
481404
481406
481407
481408
481409
481410
481411
481412
481413
481414
481415
481417
481418
481419
481420
481421
481422
481423
481424
481425
481426
481427
481428
481464
481465
481466
481468
481470
481471
481472
481473
481475
481476
481477
481478
481479
481480
481481
481482
481483
481484
481485
481486
481487
481488
481489
481490
481491
481527
481528
481529
481530
481531
481532
481533
481534
481535
481536
481537
481538
481539
481540
481541
481543
481544
481545
481546
481547
481548
481549
481550
481551
481552
481553
481554
481555
481556
481557
481558
481559
481560
481561
481562
481564
481565
481568
481569
481570
481571
481572
481573
481574
481575
481576
481577
481578
481579
481581
481582
481583
481584
481585
481586
481587
481588
481589
481590
481591
481592
481593
481594
481595
481596
481597
481598
481599
481600
481601
481602
481603
481604
481606
481607
481608
481609
481610
481611
481612
481613
481614
481615
481616
481617
481618
481619
481620
481621
481622
481623
481624
481625
481627
481628
481631
481632
481633
481634
481635
481636
481637
481638
481639
481640
481641
481642
481644
481645
481646
481648
481649
481650
481652
481653
481654
481656
481657
481658
481659
481660
481661
481662
481663
481664
481665
481666
481667
481668
481669
481670
481671
481672
481673
481709
481710
481713
481714
481716
481717
481718
481719
481720
481721
481722
481723
481724
481725
481726
481727
481728
481729
481730
481732
481733
481734
481735
481773
481774
481775
481778
481780
481781
481782
481785
481786
481787
481788
481789
481790
481791
481792
481793
481794
481795
481796
481797
481798
481799
481801
481802
481803
481806
481807
481808
481809
481810
481811
481812
481813
481815
481816
481817
481820
481821
481822
481823
481824
481825
481826
481827
481877
481879
481880
481881
481882
481884
481886
481887
481888
481889
481892
481893
481894
481896
481898
481899
481900
481901
481902
481903
481904
481905
481906
481907
481908
481909
481910
481911
481913
481914
481915
481918
481919
481920
481921
481922
481923
481924
481925
481926
481927
481928
481929
481930
481931
481932
481933
481934
481935
481936
481937
481938
481939
481940
481942
481943
481946
481947
481948
481949
481950
481951
481952
481953
481954
481955
481956
481957
481959
481960
481961
481962
481963
481964
481965
481966
481967
481968
481970
481971
481972
481973
481974
481975
481976
481977
481978
481979
481980
481981
481982
481983
481984
481985
481986
481987
481988
481989
481990
481991
481992
481993
481994
481995
481996
481997
481998
481999
482000
482001
482002
482003
482005
482006
482007
482008
482009
482010
482011
482012
482013
482014
482015
482016
482017
482018
482019
482020
482021
482022
482023
482024
482026
482027
482030
482031
482032
482033
482034
482035
482036
482037
482038
482039
482040
482041
482043
482044
482046
482047
482048
482050
482052
482053
482054
482055
482056
482057
482058
482059
482060
482061
482062
482063
482064
482065
482067
482068
482069
482072
482087
482089
482090
482091
482092
482094
482096
482097
482098
482099
482115
482116
482117
482118
482119
482120
482121
482122
482123
482126
482127
482129
482130
482131
482132
482133
482134
482135
482136
482138
482139
482140
482141
482213
482215
482216
482217
482219
482220
482221
482223
482224
482225
482226
482227
482228
482229
482230
482231
482232
482233
482234
482235
482236
482237
482238
482239
482240
482657
482658
482659
482662
482663
482664
482665
482666
482668
482669
482670
482692
482693
482694
482696
482697
482698
482699
482700
482701
482702
482703
482704
482705
482706
482707
482708
482709
482710
482711
482712
482713
482714
482715
482716
482717
482718
482719
482720
482721
482722
482723
482724
482725
482726
482727
482728
482729
482730
482731
482732
482733
482748
482749
482750
482751
482752
482753
482754
482755
482756
482757
482758
482759
482760
482761
482776
482777
482779
482781
482782
482783
482784
482786
482787
482788
482789
482825
482826
482827
482830
482831
482832
482833
482834
482836
482837
482838
482874
482875
482876
482877
482878
482879
482880
482881
482882
482883
482884
482885
482886
482887
482888
482889
482890
482891
482892
482893
482894
482895
482896
482897
482898
482899
482900
482901
483000
483001
483002
483003
483004
483005
483006
483007
483008
483009
483010
483011
483012
483013
483014
483015
483016
483018
483019
483020
483021
483022
483023
483024
483025
483026
483027
483028
483029
483030
483031
483032
483033
483034
483035
483036
483037
483038
483039
483040
483041
483056
483057
483059
483060
483061
483062
483063
483064
483065
483066
483067
483068
483069
483070
483071
483072
483073
483074
483075
483076
483077
483078
483079
483080
483081
483082
483083
483210
483211
483212
483213
483214
483215
483216
483217
483218
483219
483220
483221
483222
483223
483238
483240
483241
483242
483243
483244
483245
483246
483247
483248
483249
483250
483251
483252
483253
483254
483255
483256
483257
483258
483259
483260
483261
483262
483263
483264
483265
483266
483267
483268
483269
483270
483271
483272
483273
483274
483275
483276
483277
483278
483279
483329
483330
483331
483333
483335
483336
483337
483338
483340
483341
483342
483357
483358
483359
483360
483361
483362
483363
483364
483365
483366
483367
483368
483369
483370
483371
483372
483373
483374
483375
483376
483377
483378
483379
483380
483381
483382
483383
483384
483406
483408
483409
483410
483412
483413
483414
483416
483417
483418
483419
483483
483484
483485
483487
483488
483489
483490
483491
483492
483493
483494
483495
483496
483497
483498
483499
483500
483501
483502
483503
483504
483505
483506
483507
483508
483509
483510
483525
483526
483527
483528
483529
483530
483531
483532
483533
483534
483535
483536
483537
483538
483539
483541
483542
483543
483544
483545
483546
483547
483548
483549
483550
483551
483552
483553
483554
483555
483556
483557
483558
483559
483560
483561
483562
483563
483564
483565
483566
483595
483597
483598
483599
483601
483602
483603
483605
483606
483607
483608
483774
483776
483779
483781
483783
483786
483795
483797
483800
483802
483804
483807
483816
483818
483821
483823
483825
483828
491414
491415
491416
491417
491418
491419
491420
491421
491422
491423
491424
491425
491426
491427
491436
491437
491438
491439
491440
491441
491449
491451
491453
491454
491456
491457
491458
491459
491460
491462
491463
491464
491465
491466
491467
491468
491469
491470
491471
491472
491473
491474
491475
491476
491477
491479
491480
491481
491482
491483
491484
491485
491486
491487
491488
491489
491490
491491
491493
491494
491495
491496
491497
491498
491499
491500
491501
491502
491503
491505
491506
491507
491508
491509
491510
491511
491512
491513
491514
491515
491516
491517
491518
491534
491535
491536
491538
491539
491575
491576
491577
491578
491579
491580
491581
491582
491583
491584
491585
491586
491587
491588
491589
491591
491592
491593
491594
491595
491596
491597
491598
491599
491600
491601
491602
491603
491604
491605
491607
491608
491609
491610
491611
491613
491614
491615
491616
491617
491618
491619
491620
491621
491622
491623
491624
491625
491626
491627
491628
491629
491630
491645
491647
491649
491650
491652
491653
491654
491655
491656
491657
491658
491659
491660
491661
491662
491663
491665
491667
491668
491669
491670
491671
491672
491785
491786
491787
491788
491789
491790
491791
491792
491793
491794
491795
491796
491797
491798
491799
491800
491801
491802
491803
491804
491805
491806
491807
491808
491809
491810
491811
491813
491814
491815
491817
491818
491820
491821
491822
491823
491824
491825
491826
491829
491830
491831
491862
491863
491864
491865
491866
491867
491868
491939
491940
491941
491942
491943
491944
491945
491946
491947
491948
491949
491950
491951
491952
491953
491954
491955
491956
491957
491958
491959
491960
491961
491962
491963
491964
491965
491966
491967
491968
491969
491970
491971
491972
491973
491974
491975
491979
491980
491981
491982
491983
491984
491985
491986
491987
491989
491990
491991
491992
491993
491996
491997
491998
492000
492001
492009
492010
492011
492012
492013
492014
492015
492016
492017
492019
492021
492022
492023
492024
492025
492026
492027
492028
492029
492030
492031
492032
492033
492034
492035
492036
492037
492039
492040
492041
492042
492043
492044
492045
492046
492047
492048
492049
492050
492051
492053
492054
492055
492056
492057
492058
492059
492060
492061
492062
492063
492065
492066
492067
492068
492069
492070
492071
492072
492073
492074
492075
492076
492077
492078
492108
492109
492110
492111
492112
492113
492115
492116
492117
492120
492206
492207
492208
492210
492211
492261
492262
492263
492264
492265
492266
492267
492268
492269
492270
492271
492272
492273
492274
492275
492276
492277
492278
492280
492281
492284
492286
492287
492291
492293
492294
492296
492297
492298
492299
492300
492301
492302
492303
492304
492306
492308
492310
492311
492313
492315
492338
492339
492340
492341
492342
492343
492344
492345
492346
492347
492348
492349
492350
492351
492352
492353
492354
492355
492356
492357
492358
492366
492367
492368
492369
492370
492371
492373
492374
492375
492377
492378
492380
492381
492382
492383
492384
492385
492386
492389
492390
492391
492394
492395
492396
492397
492398
492399
492400
492436
492437
492438
492439
492440
492441
492442
492443
492444
492445
492446
492447
492448
492449
492450
492451
492452
492453
492454
492455
492456
492457
492458
492462
492463
492464
492465
492466
492467
492468
492469
492470
492472
492473
492474
492475
492476
492479
492480
492481
492482
492484
492485
492486
492487
492488
492489
492490
492491
492492
492493
492495
492497
492498
492521
492522
492523
492524
492525
492526
492542
492543
492544
492546
492935
492936
492937
492939
492941
492942
492943
492947
492948
492949
492950
492951
492952
492953
492954
492955
492956
492957
492958
492959
492960
492961
492962
492964
492965
492966
492967
492968
492969
492971
492973
492975
492976
492977
492978
492979
492980
492981
492982
492983
492984
492985
492986
492987
492988
492989
492990
492991
492992
492993
492994
492995
492996
492997
492998
493001
493002
493003
493004
493026
493027
493028
493029
493030
493031
493032
493040
493041
493042
493043
493044
493045
493046
493047
493048
493049
493050
493051
493052
493053
493054
493055
493056
493057
493058
493059
493060
493061
493062
493063
493065
493066
493067
493068
493069
493070
493071
493072
493073
493074
493075
493076
493078
493079
493080
493081
493082
493083
493085
493086
493087
493089
493090
493091
493092
493093
493094
493095
493096
493097
493098
493099
493100
493101
493102
493103
493104
493105
493107
493110
493111
493112
493113
493114
493115
493116
493117
493118
493119
493120
493121
493122
493123
493173
493174
493175
493178
493179
493180
493181
493182
493183
493184
493185
493186
493187
493188
493189
493190
493191
493192
493193
493194
493196
493197
493198
493199
493200
493230
493231
493232
493233
493234
493235
493244
493245
493246
493247
493248
493249
493306
493307
493308
493309
493310
493311
493312
493313
493314
493315
493316
493317
493318
493319
493320
493321
493322
493323
493324
493325
493326
493327
493328
493329
493330
493331
493332
493333
493334
493335
493336
493337
493338
493339
493340
493341
493342
493343
493344
493345
493346
493347
493348
493349
493350
493351
493352
493353
493354
493355
493356
493357
493358
493359
493360
493361
493363
493364
493365
493367
493378
493380
493381
493383
493384
493385
493386
493387
493388
493389
493390
493391
493393
493396
493397
493398
493399
493400
493402
493403
493404
493405
493406
493407
493408
493409
493410
493432
493433
493434
493436
493437
493438
493439
493440
493441
493442
493443
493444
493445
493460
493461
493462
493464
493465
493467
493468
493469
493470
493471
493472
493473
493474
493475
493479
493480
493481
493482
493483
493484
493485
493486
493487
493488
493489
493490
493491
493492
493493
493494
493495
493496
493497
493498
493499
493500
493501
493502
493503
493504
493505
493506
493507
493508
493509
493512
493513
493514
493515
493517
493518
493519
493520
493521
493522
493524
493526
493528
493529
493551
493552
493553
493554
493555
493556
493557
493558
493559
493560
493561
493562
493563
493564
493565
493566
493567
493568
493569
493570
493571
493579
493580
493581
493582
493583
493584
493585
493586
493587
493588
493589
493590
493591
493592
493593
493594
493595
493596
493597
493598
493599
493600
493601
493602
493603
493604
493605
493606
493607
493608
493609
493610
493611
493612
493613
493614
493615
493616
493617
493618
493619
493620
493621
493622
493623
493624
493625
493626
493627
493628
493629
493630
493631
493632
493633
493634
493670
493671
493672
493673
493674
493675
493676
493677
493678
493679
493681
493682
493683
493684
493685
493686
493687
493688
493689
493690
493691
493692
493693
493695
493696
493697
493698
493699
493701
493702
493703
493705
493706
493707
493708
493709
493710
493711
493712
493713
493714
493715
493716
493717
493718
493719
493720
493721
493723
493726
493727
493728
493729
493730
493731
493732
493733
493734
493735
493736
493737
493738
493739
493740
493741
493742
493743
493744
493745
493746
493747
493748
493749
493750
493751
493752
493753
493754
493755
493756
493757
493758
493759
493760
493761
493762
493763
493764
493765
493766
493767
493768
493769
493770
493771
493772
493773
493774
493775
493776
493777
493778
493779
493780
493781
493782
493783
493784
493785
493786
493787
493788
493789
493790
493791
493792
493793
493794
493795
493894
493895
493896
493899
493900
493901
493902
493903
493904
493905
493906
493907
493908
493909
493910
493911
493912
493913
493914
493915
493917
493918
493919
493920
493921
493979
493980
493981
493982
493983
493984
493986
493987
493988
493989
493990
493991
493999
494000
494001
494002
494003
494004
494005
494006
494007
494008
494009
494010
494011
494012
494013
494014
494015
494016
494017
494018
494019
494020
494021
494022
494023
494024
494025
494026
494027
494028
494029
494030
494031
494032
494033
494034
494035
494036
494037
494038
494039
494040
494041
494042
494043
494044
494045
494046
494047
494048
494049
494050
494051
494052
494053
494054
494055
494057
494058
494059
494061
494062
494063
494064
494065
494066
494067
494069
494070
494071
494072
494073
494074
494075
494076
494077
494078
494079
494080
494081
494082
494083
494084
494085
494086
494087
494088
494089
494090
494091
494092
494093
494094
494095
494096
494097
494098
494099
494100
494101
494102
494103
494104
494105
494106
494107
494108
494109
494110
494112
494113
494114
494116
494127
494129
494130
494132
494133
494134
494135
494136
494137
494138
494139
494140
494141
494144
494146
494147
494148
494149
494150
494152
494153
494154
494155
494156
494157
494158
494159
494160
494161
494162
494164
494165
494166
494167
494168
494169
494170
494171
494172
494173
494195
494197
494198
494199
494201
494202
494203
494204
494205
494206
494207
494208
494209
494210
494211
494212
494213
494214
494216
494217
494218
494219
494220
494221
494222
494223
494224
494225
494226
494227
494228
494229
494230
494231
494232
494233
494234
494235
494236
494237
494238
494239
494240
494241
494242
494243
494244
494245
494246
494247
494248
494249
494250
494450
494451
494455
494457
494459
494462
494464
494466
494469
494471
494472
494476
494492
494493
494497
494499
494501
494504
494506
494508
494511
494513
494514
494517
494520
494521
494524
494527
494529
494531
494534
494536
494539
494541
494542
494546
494548
494549
494552
494555
494557
494559
494562
494564
494567
494569
494570
494573
494576
494578
494581
494583
494584
494587
494590
494591
494594
494597
494599
494601
494604
494605
494608
494611
494613
494615
494618
494620
494623
494625
494626
494629
515716
515717
515718
515719
515720
515721
515737
515738
515740
515743
515744
515745
515746
515747
515748
515750
515751
515752
515753
515754
515755
515756
515757
515758
515759
515760
515761
515762
515763
515995
515996
515997
515998
515999
516000
516001
516002
516003
516004
516006
516007
516008
516009
516010
516011
516012
516013
516014
516015
516016
516017
516018
516019
516020
516022
516023
516024
516028
516029
516030
516031
516032
516033
516034
516035
516036
516037
516038
516039
516040
516041
516042
516043
516044
516045
516047
516048
516049
516050
516051
516053
516054
516056
516057
516058
516059
516060
516063
516064
516065
516066
516067
516068
516069
516070
516071
516072
516074
516075
516077
516078
516079
516080
516081
516082
516083
516084
516085
516086
516087
516088
516091
516092
516093
516094
516095
516096
516097
516098
516099
516317
516319
516320
516321
516323
516324
516325
516326
516329
516330
516331
516332
516333
516334
516335
516336
516337
516338
516340
516341
516343
516344
516345
516346
516347
516348
516349
516350
516351
516352
516353
516354
516357
516358
516359
516360
516361
516362
516363
516364
516365
516366
516367
516368
516369
516370
516371
516372
516373
516374
516375
516377
516378
516379
516380
516381
516382
516383
516384
516385
516386
516387
516388
516389
516390
516391
516392
516394
516395
516399
516400
516401
516402
516403
516404
516405
516406
516407
516408
516409
516410
516411
516412
516413
516414
516415
516416
516418
516419
516420
516421
516633
516634
516636
516639
516640
516641
516642
516643
516644
516646
516647
516648
516649
516650
516651
516652
516653
516654
516655
516656
516657
516658
516659
516696
516697
516698
516699
516700
516701
517003
517004
517006
517008
517010
517011
517013
517016
517038
517039
517040
517043
517044
517045
517046
517047
517049
517050
517051
517052
517053
517054
517056
517057
517058
517060
517061
517062
517064
517065
517066
517067
517069
517071
517073
517074
517076
517079
517094
517095
517096
517099
517100
517101
517102
517103
517105
517106
517107
517108
517109
517110
517112
517113
517114
517116
517117
517118
517120
517121
517122
517124
517125
517126
517127
517128
517129
517132
517133
517134
517135
517136
517137
517138
517139
517140
517141
517142
517143
517146
517147
517148
517149
517150
517151
517152
517153
517154
517155
517156
517206
517207
517209
517211
517213
517214
517216
517219
517241
517243
517244
517246
517247
517248
517249
517251
517252
517253
517254
517255
517256
517258
517259
517260
517261
517263
517264
517265
517267
517268
517283
517285
517286
517287
517288
517289
517290
517291
517293
517295
517297
517298
517300
517302
517318
517319
517320
517323
517324
517325
517326
517327
517329
517330
517331
517332
517333
517334
517336
517337
517338
517340
517341
517342
517343
517345
517564
517565
517566
517567
517568
517569
517703
517704
517705
517706
517707
517708
517710
517711
517712
517713
517714
517715
517716
517717
517718
517719
517720
517721
517722
517723
517725
517726
517728
517745
517747
517749
517750
517751
517752
517753
517754
517755
517756
517757
517758
517759
517761
517763
517764
517765
517766
517767
517768
517769
517770
517771
517772
517921
517922
517923
517924
517925
517926
517983
517984
517985
517986
517987
517988
517990
517991
517992
517993
517994
517995
517996
517997
517998
517999
518000
518001
518002
518003
518005
518006
518008
518235
518236
518237
518238
518239
518240
518241
518242
518243
518244
518246
518247
518248
518249
518250
518251
518252
518253
518254
518255
518256
518257
518258
518259
518260
518262
518263
518264
518268
518269
518270
518271
518272
518273
518274
518275
518276
518277
518278
518279
518280
518281
518282
518283
518284
518285
518287
518288
518289
518290
518375
518377
518378
518380
518381
518382
518383
518384
518387
518388
518389
518390
518391
518392
518393
518394
518395
518396
518398
518399
518400
518402
518403
518404
518405
518406
518407
518408
518409
518410
518411
518412
518415
518416
518417
518418
518419
518420
518421
518422
518423
518480
518481
518482
518483
518484
518485
518486
518487
518488
518489
518491
518492
518493
518494
518495
518496
518497
518498
518499
518500
518501
518502
518503
518504
518505
518507
518508
518509
518512
518513
518515
518516
518517
518518
518519
518520
518521
518522
518523
518524
518525
518526
518527
518528
518529
518530
518532
518533
518534
518535
518634
518636
518637
518638
518640
518641
518642
518643
518645
518646
518648
518649
518650
518651
518652
518653
518654
518655
518657
518658
518659
518660
518662
518663
518664
518665
518666
518667
518668
518669
518670
518671
518673
518674
518676
518677
518678
518679
518680
518681
518682
518886
518888
518889
518890
518892
518893
518894
518895
518898
518899
518900
518901
518902
518903
518904
518905
518906
518907
518909
518910
518912
518913
518914
518915
518916
518917
518918
518919
518920
518921
518922
518923
518926
518927
518928
518929
518930
518931
518932
518933
518934
519033
519034
519035
519036
519037
519038
519039
519040
519041
519042
519044
519045
519046
519047
519048
519049
519050
519051
519052
519053
519054
519055
519056
519057
519058
519059
519061
519062
519066
519067
519068
519069
519070
519071
519072
519073
519074
519075
519076
519077
519078
519079
519080
519081
519082
519083
519084
519086
519087
519088
519152
519154
519155
519156
519157
519159
519160
519161
519162
519163
519164
519165
519166
519167
519168
519170
519171
519173
519175
519176
519177
519179
519180
519181
519182
519183
519184
519185
519186
519187
519188
519189
519190
519191
519192
519193
519194
519195
519196
519198
519199
519285
519286
519287
519288
519289
519290
519291
519292
519293
519294
519296
519297
519298
519299
519300
519301
519302
519303
519304
519305
519306
519307
519308
519309
519310
519311
519313
519314
519317
519318
519320
519321
519322
519323
519324
519325
519326
519327
519328
519329
519330
519331
519332
519333
519334
519335
519336
519338
519339
519340
519587
519588
519590
519593
519594
519595
519596
519597
519598
519600
519601
519602
519603
519604
519605
519606
519607
519608
519609
519610
519611
519612
519613
519650
519651
519652
519653
519654
519655
519719
519722
519723
519724
519725
519726
519727
519728
519729
519730
519731
519732
519733
519736
519737
519738
519739
519740
519741
519742
519743
519744
519745
519746
519881
519882
519884
519887
519888
519889
519890
519891
519892
519894
519895
519896
519897
519898
519899
519900
519901
519902
519903
519904
519905
519906
519907
520021
520022
520023
520024
520025
520026
520251
520252
520253
520255
520258
520259
520260
520263
520265
520267
520268
520270
520271
520272
520273
520275
520276
520277
520278
520279
520280
520282
520283
520284
520285
520301
520302
520303
520305
520306
520307
520309
520310
520311
520312
520313
520328
520329
520330
520332
520335
520336
520337
520339
520342
520343
520344
520347
520348
520349
520350
520351
520353
520354
520355
520356
520357
520358
520360
520361
520362
520385
520386
520387
520388
520390
520391
520393
520395
520396
520397
520398
520400
520402
520403
520404
520405
520406
520407
520408
520409
520410
520411
520475
520477
520478
520479
520480
520481
520482
520483
520484
520486
520489
520490
520491
520493
520496
520497
520498
520501
520502
520503
520504
520505
520507
520508
520509
520510
520511
520512
520514
520515
520516
520532
520533
520534
520535
520537
520538
520539
520540
520542
520545
520546
520547
520549
520552
520553
520554
520557
520558
520559
520560
520561
520563
520564
520565
520566
520567
520568
520570
520571
520572
520595
520596
520597
520598
520600
520917
520918
520919
520920
520921
520922
520944
520945
520946
520947
520948
520949
520951
520952
520953
520954
520955
520956
520957
520958
520959
520960
520961
520962
520963
520964
520966
520967
520969
521182
521183
521184
521185
521186
521187
521188
521189
521190
521191
521193
521194
521195
521196
521197
521198
521199
521200
521201
521202
521203
521204
521205
521206
521207
521209
521210
521211
521214
521215
521217
521218
521219
521220
521221
521222
521223
521224
521225
521226
521227
521228
521229
521230
521231
521232
521233
521235
521236
521237
521238
521240
521241
521242
521244
521245
521246
521247
521249
521250
521252
521253
521254
521255
521256
521257
521258
521259
521261
521262
521263
521264
521266
521267
521268
521269
521270
521271
521272
521273
521274
521275
521277
521278
521280
521281
521282
521283
521284
521285
521286
521532
521534
521535
521536
521537
521539
521540
521541
521542
521543
521544
521545
521546
521547
521548
521550
521551
521553
521555
521556
521557
521558
521560
521561
521562
521563
521564
521565
521566
521567
521568
521569
521570
521571
521572
521573
521574
521575
521576
521578
521579
521581
521582
521583
521584
521585
521586
521587
521588
521589
521590
521592
521593
521594
521595
521596
521597
521598
521599
521600
521601
521602
521603
521604
521605
521606
521607
521609
521610
521613
521614
521616
521617
521618
521619
521620
521621
521622
521623
521624
521625
521626
521627
521628
521629
521630
521631
521632
521634
521635
521636
521952
521953
521954
521955
521956
521957
521959
521960
521961
521962
521963
521964
521965
521966
521967
521968
521969
521970
521971
521972
521974
521975
521977
522009
522010
522011
522012
522013
522014
523766
523767
523768
523769
523770
523771
523773
523774
523775
523778
524031
524032
524033
524034
524035
524036
524037
524038
524039
524040
524041
524042
524043
524044
524045
524046
524047
524048
524049
524050
524051
524052
524053
524054
524055
524056
524057
524059
524060
524061
524063
524064
524066
524067
524068
524069
524070
524071
524072
524075
524076
524078
524108
524109
524110
524111
524112
524113
524114
524122
524123
524124
524125
524126
524127
524128
524129
524130
524131
524132
524133
524134
524135
524136
524137
524138
524139
524140
524141
524142
524143
524144
524148
524149
524150
524151
524152
524153
524154
524155
524156
524158
524159
524160
524161
524163
524165
524166
524167
524168
524170
524178
524179
524180
524181
524182
524183
524184
524185
524186
524188
524189
524191
524256
524258
524261
524283
524284
524286
524288
524289
524290
524291
524292
524293
524294
524295
524296
524297
524299
524300
524303
524346
524347
524348
524349
524350
524351
524352
524402
524403
524404
524405
524406
524407
524408
524409
524410
524411
524412
524413
524414
524415
524416
524417
524418
524419
524420
524421
524422
524423
524424
524427
524429
524430
524431
524432
524433
524434
524435
524436
524438
524439
524440
524441
524442
524445
524446
524447
524448
524450
524458
524459
524460
524461
524462
524463
524464
524465
524466
524468
524470
524471
524500
524501
524502
524503
524504
524505
524506
524507
524508
524509
524510
524511
524512
524513
524514
524515
524516
524517
524518
524519
524520
524521
524522
524523
524524
524525
524526
524528
524529
524531
524532
524533
524535
524536
524537
524538
524539
524540
524541
524544
524545
524548
524577
524578
524579
524580
524581
524582
524583
524605
524606
524608
524610
524611
524612
524613
524614
524615
524616
524617
524618
524619
524621
524622
524625
524668
524669
524670
524671
524672
524673
524674
524753
524755
524758
524788
524789
524790
524791
524792
524793
524795
524796
524797
524799
525033
525034
525035
525036
525038
525082
525083
525084
525085
525087
525130
525131
525132
525133
525134
525135
525136
525137
525138
525139
525140
525141
525142
525143
525144
525145
525146
525147
525149
525150
525153
525155
525157
525160
525162
525164
525165
525166
525168
525170
525172
525173
525174
525175
525176
525177
525178
525179
525180
525182
525184
525242
525244
525245
525246
525247
525248
525264
525265
525266
525267
525268
525269
525271
525272
525273
525274
525275
525276
525284
525285
525286
525287
525288
525289
525290
525291
525292
525293
525294
525295
525296
525297
525298
525300
525301
525302
525303
525304
525305
525306
525307
525308
525309
525310
525311
525312
525314
525315
525316
525317
525318
525319
525320
525321
525322
525323
525324
525325
525326
525327
525328
525329
525331
525332
525333
525334
525335
525336
525337
525338
525339
525340
525341
525342
525343
525344
525346
525347
525348
525349
525350
525351
525352
525353
525354
525356
525357
525360
525404
525405
525406
525411
525412
525413
525415
525416
525417
525418
525419
525420
525421
525422
525423
525424
525425
525426
525427
525428
525429
525430
525431
525432
525433
525434
525435
525436
525437
525438
525440
525441
525442
525443
525444
525445
525446
525447
525448
525449
525450
525451
525452
525453
525454
525455
525456
525457
525458
525473
525474
525475
525476
525477
525478
525479
525480
525481
525482
525483
525484
525485
525486
525487
525488
525489
525490
525491
525492
525493
525495
525496
525497
525498
525499
525500
525501
525502
525503
525504
525505
525507
525508
525509
525510
525511
525512
525513
525514
525515
525516
525517
525518
525519
525520
525521
525523
525524
525526
525528
525529
525530
525531
525532
525533
525534
525536
525537
525538
525539
525540
525541
525542
525543
525544
525545
525547
525548
525549
525550
525553
525554
525555
525556
525557
525558
525559
525560
525561
525562
525563
525564
525567
525568
525570
525571
525572
525573
525574
525575
525576
525577
525578
525579
525581
525582
525583
525584
525585
525586
525587
525588
525590
525591
525592
525593
525594
525595
525596
525597
525598
525599
525600
525601
525602
525603
525604
525605
525606
525607
525609
525610
525612
525613
525614
525615
525616
525617
525618
525619
525620
525621
525622
525623
525624
525625
525626
525627
525629
525630
525631
525633
525634
525635
525636
525637
525638
525639
525640
525641
525642
525643
525644
525645
525646
525647
525648
525650
525651
525652
525653
525655
525656
525657
525658
525659
525660
525661
525662
525663
525664
525665
525666
525667
525668
525669
525672
525673
525675
525676
525677
525678
525679
525680
525681
525682
525683
525684
525686
525687
525688
525689
525690
525691
525692
525693
525695
525696
525697
525698
525699
525700
525701
525702
525703
525704
525705
525707
525708
525710
525711
525712
525713
525714
525715
525716
525717
525718
525719
525720
525721
525722
525723
525724
525725
525726
525727
525728
525729
525730
525731
525732
525733
525734
525735
525736
525737
525738
525739
525741
525742
525743
525744
525745
525746
525747
525748
525750
525751
525752
525753
525754
525755
525756
525757
525758
525759
525760
525761
525762
525763
525764
525765
525766
525768
525769
525770
525771
525772
525773
525781
525783
525785
525786
525788
525789
525790
525791
525792
525793
525794
525795
525796
525797
525798
525800
525801
525802
525803
525804
525805
525806
525807
525808
525809
525810
525811
525812
525813
525814
525815
525816
525817
525818
525819
525820
525821
525822
525823
525824
525826
525827
525828
525829
525830
525831
525832
525833
525834
525835
525836
525837
525838
525839
525840
525841
525842
525843
525858
525859
525860
525861
525862
525863
525864
525865
525866
525867
525868
525869
525870
525871
525872
525873
525874
525875
525876
525877
525878
525880
525881
525882
525883
525884
525885
525886
525887
525888
525889
525890
525892
525893
525894
525895
525896
525897
525898
525899
525900
525901
525902
525903
525904
525905
525906
525907
525908
525909
525910
525911
525912
525914
525915
525916
525917
525918
525919
525920
525921
525922
525923
525924
525925
525926
525927
525928
525930
525931
525934
525978
525979
525980
525985
525986
525987
525988
525990
525992
525993
525995
525996
525998
525999
526000
526001
526002
526003
526005
526006
526007
526009
526010
526011
526012
526013
526014
526015
526016
526017
526018
526019
526022
526023
526024
526025
526026
526027
526028
526029
526030
526031
526032
526033
526034
526035
526036
526037
526038
526039
526040
526041
526042
526043
526044
526045
526046
526047
526048
526049
526050
526052
526053
526057
526059
526060
526063
526065
526066
526068
526069
526071
526073
526075
526076
526077
526078
526079
526080
526081
526082
526083
526085
526087
526104
526105
526106
526107
526109
526187
526189
526190
526191
526192
526193
526209
526210
526211
526212
526213
526214
526216
526217
526218
526219
526220
526221
526314
526315
526316
526317
526318
526319
526342
526343
526344
526346
526467
526468
526469
526470
526471
526472
526473
526474
526475
526476
526477
526478
526479
526480
526481
526483
526484
526485
526486
526487
526488
526489
526490
526491
526492
526493
526494
526495
526497
526498
526499
526500
526501
526502
526503
526504
526505
526506
526507
526508
526509
526510
526511
526512
526514
526515
526516
526517
526518
526519
526520
526521
526522
526523
526524
526525
526526
526527
526528
526529
526530
526531
526532
526533
526534
526536
526537
526538
526539
526540
526541
526542
526543
526544
526546
526547
526550
526615
526616
526617
526650
526651
526652
526654
526655
526657
526658
526660
526662
526663
526664
526665
526666
526667
526668
526670
526671
526672
526674
526675
526676
526677
526680
526681
526682
526683
526684
526685
526686
526687
526688
526689
526690
526691
526692
526693
526694
526695
526696
526697
526698
526699
526700
526701
526702
526703
526704
526705
526706
526707
526708
526709
526710
526711
526712
526714
526715
526716
526717
526718
526719
526720
526721
526722
526723
526724
526725
526726
526727
526728
526729
526730
526731
526732
526747
526748
526749
526750
526751
526752
526753
526754
526755
526756
526757
526758
526759
526760
526761
526762
526763
526764
526765
526766
526767
526769
526770
526771
526772
526773
526774
526775
526776
526777
526778
526779
526781
526782
526783
526784
526785
526786
526787
526788
526789
526790
526791
526792
526793
526794
526795
526796
526797
526798
526799
526800
526801
526802
526803
526804
526805
526806
526807
526808
526809
526810
526812
526813
526814
526815
526816
526817
526818
526819
526820
526821
526822
526823
526824
526825
526826
526828
526829
526830
526831
526833
526834
526835
526836
526837
526838
526839
526840
526841
526842
526843
526844
526845
526846
526847
526848
526849
526850
526851
526866
526867
526870
526871
526873
526874
526875
526876
526877
526878
526879
526880
526881
526882
526883
526884
526886
526888
526889
526890
526891
526892
526893
526894
526895
526896
526897
526898
526899
526900
526901
526902
526903
526904
526905
526906
526907
526908
526910
526911
526912
526913
526914
526915
526916
526917
526918
526919
526920
526921
526922
526924
526925
526926
526927
526928
526929
526930
526931
526932
526933
526934
526935
526936
526937
526938
526939
526940
526941
526942
526943
526944
526945
526946
526947
526948
526950
526951
526952
526953
526954
526956
526958
526959
526961
526963
526964
526965
526966
526968
526969
526970
526971
526973
526975
526976
526977
526978
526979
526980
526981
526982
526983
526984
526985
526986
526987
526988
526989
526990
526991
526992
526993
526994
526995
526996
526998
526999
527000
527001
527002
527003
527004
527005
527006
527008
527009
527010
527077
527078
527079
527112
527113
527114
527115
527117
527118
527119
527120
527121
527122
527123
527124
527125
527126
527127
527128
527129
527130
527131
527132
527133
527134
527135
527136
527137
527138
527139
527140
527142
527143
527144
527145
527146
527147
527148
527149
527150
527151
527152
527153
527154
527155
527156
527157
527158
527159
527174
527175
527176
527177
527178
527179
527180
527181
527182
527183
527184
527185
527186
527187
527188
527189
527190
527191
527192
527193
527194
527196
527197
527198
527199
527200
527201
527202
527203
527204
527205
527206
527208
527209
527210
527211
527212
527213
527214
527215
527216
527217
527218
527219
527220
527221
527222
527231
527232
527233
527234
527235
527236
527259
527260
527261
527264
527412
527413
527414
527415
527416
527417
527418
527419
527420
527421
527422
527423
527424
527425
527426
527427
527428
527429
527430
527431
527432
527433
527434
527435
527436
527437
527438
527440
527441
527442
527444
527445
527447
527448
527449
527450
527451
527452
527453
527456
527457
527459
527489
527490
527491
527492
527493
527494
527495
527566
527567
527568
527569
527570
527571
527572
527573
527574
527575
527576
527577
527578
527579
527580
527581
527582
527583
527584
527585
527586
527587
527588
527592
527593
527594
527595
527596
527597
527598
527599
527600
527602
527603
527604
527605
527607
527609
527610
527611
527612
527613
527615
527616
527617
527618
527619
527620
527621
527622
527623
527625
527626
527628
527700
527702
527705
527727
527728
527729
527732
527733
527734
527735
527736
527737
527738
527739
527740
527741
527743
527744
527747
527776
527777
527778
527779
527780
527781
527782
527811
527813
527815
527816
527818
527819
527820
527821
527822
527823
527824
527825
527826
527828
527829
527830
527831
527832
527833
527834
527835
527837
527838
527839
527840
527841
527842
527843
527844
527845
527846
527847
527848
527849
527850
527851
527852
527853
527854
527856
527857
527859
527860
527861
527862
527863
527864
527865
527866
527867
527868
527869
527870
527871
527872
527873
527874
527876
527877
527878
527880
527881
527882
527883
527884
527885
527886
527887
527888
527889
527890
527891
527892
527893
527894
527895
527897
527899
527900
527902
527903
527904
527905
527906
527907
527908
527909
527910
527912
527913
527914
527915
527916
527917
527918
527919
527920
527921
527923
527924
527925
527926
527927
527928
527929
527930
527931
527933
527934
527935
527937
527938
527939
527940
527941
527942
527943
527944
527945
527946
527947
527948
527949
527950
527951
527952
527953
527954
527955
527956
527957
527958
527960
527961
527962
527964
527965
527966
527967
527968
527969
527970
527971
527972
527973
527974
527975
527976
527977
527978
528014
528015
528016
528017
528018
528019
528020
528021
528022
528023
528024
528025
528026
528027
528028
528029
528030
528031
528032
528033
528034
528035
528036
528039
528041
528042
528043
528044
528045
528046
528047
528048
528050
528051
528052
528054
528055
528057
528058
528059
528060
528061
528063
528064
528065
528066
528067
528068
528069
528070
528071
528073
528074
528076
528211
528213
528215
528238
528239
528240
528243
528244
528245
528246
528247
528248
528249
528250
528251
528252
528254
528255
528257
528287
528288
528289
528290
528291
528292
528293
528329
528330
528331
528332
528333
528334
528335
528336
528337
528338
528339
528340
528341
528342
528343
528344
528345
528346
528347
528348
528349
528350
528351
528354
528356
528357
528358
528359
528360
528361
528362
528363
528365
528366
528367
528368
528369
528372
528373
528374
528375
528377
528385
528386
528387
528388
528389
528390
528391
528392
528393
528395
528397
528398
528448
528449
528450
528451
528452
528453
528454
528455
528456
528457
528458
528459
528460
528461
528462
528463
528464
528465
528466
528467
528468
528476
528477
528478
528479
528480
528481
528483
528484
528486
528487
528488
528490
528491
528492
528493
528494
528495
528496
528499
528500
528503
528504
528505
528506
528507
528508
528509
528510
528560
528561
528563
528565
528566
528567
528568
528569
528570
528571
528572
528573
528574
528576
528577
528580
528623
528624
528625
528626
528627
528628
528629
528687
528689
528692
528714
528716
528717
528718
528719
528721
528722
528723
528724
528725
528726
528727
528728
528729
528730
528731
528732
528733
528734
528735
528738
528739
528741
528742
528743
528744
528745
528746
528747
528748
528749
528750
528752
528753
528754
528755
528756
528757
528758
528759
528761
528762
528763
528764
528765
528766
528767
528768
528769
528770
528771
528773
528774
528776
528777
528778
528779
528780
528781
528782
528783
528784
528785
528786
528787
528788
528789
528790
528791
528792
528793
528794
528795
528796
528797
528798
528800
528801
528802
528804
528805
528806
528807
528808
528809
528810
528811
528812
528813
528814
528815
528816
528817
528818
528819
528822
528823
528825
528826
528827
528828
528829
528830
528831
528832
528833
528834
528836
528837
528838
528839
528840
528841
528842
528843
528844
528845
528847
528848
528849
528850
528851
528852
528853
528854
528855
528857
528858
528859
528861
528862
528863
528864
528865
528866
528867
528868
528869
528870
528871
528872
528873
528874
528875
528876
528877
528878
528879
528880
528881
528966
528967
528968
528969
528970
528971
528972
528973
528974
528975
528976
528977
528978
528979
528980
528981
528982
528983
528984
528985
528986
528994
528995
528996
528997
528998
528999
529001
529002
529003
529005
529006
529008
529009
529010
529011
529012
529013
529014
529017
529018
529021
529022
529023
529024
529025
529026
529027
529028
529106
529107
529109
529111
529112
529113
529114
529115
529116
529117
529118
529119
529120
529122
529123
529125
529169
529170
529171
529172
529173
529174
529175
529233
529234
529236
529289
529290
529291
529292
529293
529294
529296
529297
529298
529300
529477
529478
529479
529480
529481
529482
529483
529484
529485
529486
529487
529488
529489
529490
529491
529493
529494
529495
529496
529497
529498
529499
529500
529502
529503
529504
529505
529506
529507
529508
529509
529510
529511
529512
529513
529514
529515
529516
529517
529518
529519
529520
529521
529522
529523
529524
529525
529526
529527
529529
529530
529531
529532
529548
529549
529550
529551
529552
529553
529554
529556
529558
529559
529561
529562
529563
529564
529565
529566
529567
529568
529569
529570
529571
529573
529574
529575
529576
529577
529578
529579
529580
529581
529582
529583
529584
529585
529586
529587
529588
529589
529590
529591
529592
529593
529594
529595
529596
529597
529598
529600
529601
529602
529603
529604
529605
529606
529607
529608
529609
529610
529611
529612
529613
529614
529615
529616
529617
529618
529619
529620
529621
529622
529623
529624
529625
529626
529627
529628
529629
529630
529631
529632
529633
529634
529635
529636
529637
529653
529654
529655
529656
529657
529658
529659
529660
529661
529662
529663
529664
529666
529667
529668
529669
529670
529671
529672
529673
529674
529675
529676
529677
529678
529679
529680
529681
529682
529683
529684
529685
529687
529688
529689
529690
529691
529692
529693
529694
529695
529696
529697
529698
529699
529700
529701
529703
529704
529707
529793
529794
529795
529807
529808
529809
529810
529812
529814
529815
529817
529818
529820
529821
529822
529823
529824
529825
529827
529828
529829
529831
529832
529833
529834
529837
529838
529839
529840
529841
529842
529843
529844
529845
529846
529847
529848
529849
529850
529851
529852
529853
529854
529855
529856
529857
529858
529859
529860
529861
529862
529864
529865
529866
529867
529868
529869
529870
529871
529872
529873
529874
529875
529876
529878
529879
529880
529881
529882
529883
529884
529885
529886
529888
529889
529890
529891
529892
529893
529894
529895
529896
529897
529898
529899
529900
529901
529902
529903
529904
529905
529906
529907
529908
529909
529910
529911
529912
529913
529914
529915
529916
529917
529918
529920
529921
529922
529923
529924
529925
529926
529927
529929
529930
529931
529932
529933
529934
529935
529936
529937
529938
529939
529940
529941
529942
529943
529944
529945
529946
529947
529948
529949
529950
529951
529952
529953
529954
529955
529957
529958
529959
529975
529976
529977
529978
529979
529980
529981
529982
529985
529986
529988
529989
529990
529991
529992
529993
529994
529995
529996
529997
529998
529999
530000
530002
530003
530004
530005
530006
530007
530008
530009
530010
530011
530012
530013
530014
530015
530016
530017
530018
530019
530020
530021
530022
530023
530024
530025
530027
530028
530029
530030
530031
530032
530033
530034
530035
530036
530037
530038
530039
530040
530041
530042
530043
530044
530045
530046
530047
530048
530049
530050
530051
530052
530053
530054
530055
530056
530057
530058
530059
530060
530061
530062
530063
530064
530080
530081
530082
530083
530084
530085
530086
530087
530088
530089
530090
530091
530093
530094
530095
530096
530097
530098
530099
530100
530101
530102
530103
530104
530105
530106
530108
530109
530111
530112
530114
530115
530116
530117
530118
530119
530121
530122
530123
530125
530126
530127
530128
530131
530132
530133
530134
530135
530136
530137
530138
530139
530140
530141
530142
530143
530144
530145
530146
530147
530149
530150
530151
530152
530153
530154
530155
530156
530157
530158
530159
530160
530161
530162
530163
530165
530166
530167
530255
530256
530257
530269
530270
530271
530272
530273
530380
530381
530382
530383
530384
530385
530386
530387
530388
530389
530390
530391
530392
530393
530394
530395
530396
530397
530399
530400
530404
530406
530407
530410
530412
530413
530415
530416
530417
530418
530419
530420
530421
530422
530423
530425
530427
530429
530430
530432
530434
530451
530452
530453
530454
530456
530506
530508
530509
530510
530511
530512
530528
530529
530530
530531
530532
530533
530535
530536
530537
530538
530539
530540
530583
530585
530586
530587
530588
530589
530590
530591
530592
530593
530594
530595
530596
530597
530599
530600
530601
530602
530603
530604
530605
530608
530609
530611
530612
530613
530614
530615
530617
530618
530619
530620
530621
530622
530623
530624
530625
530626
530627
530628
530629
530630
530631
530632
530634
530635
530636
530637
530638
530639
530640
530641
530642
530643
530644
530645
530646
530648
530649
530650
530651
530652
530653
530654
530655
530656
530657
530658
530659
530660
530661
530662
530663
530664
530665
530667
530668
530669
530670
530671
530673
530675
530676
530678
530680
530681
530682
530683
530684
530685
530686
530687
530688
530689
530690
530692
530693
530694
530695
530697
530699
530700
530701
530702
530703
530704
530705
530706
530707
530708
530709
530710
530711
530712
530713
530714
530715
530716
530717
530718
530719
530720
530722
530723
530724
530725
530726
530727
530728
530729
530730
530732
530733
530734
530780
530781
530782
530787
530788
530789
530790
530792
530793
530794
530795
530796
530797
530798
530799
530800
530801
530802
530803
530804
530805
530806
530807
530808
530809
530810
530811
530812
530813
530814
530815
530816
530818
530819
530820
530821
530822
530823
530824
530825
530826
530827
530828
530829
530830
530831
530832
530833
530834
530835
530836
530837
530838
530839
530840
530841
530842
530843
530844
530845
530846
530847
530848
530849
530850
530851
530852
530853
530854
530855
530871
530872
530873
530874
530875
530876
530877
530878
530879
530880
530881
530882
530884
530885
530886
530887
530888
530889
530890
530891
530892
530893
530894
530895
530896
530897
530898
530900
530902
530903
530905
530906
530907
530908
530909
530910
530911
530912
530913
530915
530916
530917
530918
530919
530920
530921
530922
530923
530924
530926
530927
530928
530929
530930
530931
530932
530933
530934
530936
530937
530938
530940
530941
530942
530943
530944
530945
530946
530947
530948
530949
530950
530951
530952
530953
530954
530955
530956
530957
530958
530959
530960
530961
530963
530964
530965
530967
530968
530969
530970
530971
530972
530973
530974
530975
530976
530977
530978
530979
530980
530981
530982
530984
530985
530986
530988
530989
530990
530991
530992
530993
530994
530995
530996
530997
530998
530999
531000
531001
531002
531003
531005
531007
531008
531010
531011
531012
531013
531014
531015
531016
531017
531018
531020
531021
531022
531023
531024
531025
531026
531027
531028
531029
531031
531032
531033
531034
531035
531036
531037
531038
531039
531041
531042
531043
531045
531046
531047
531048
531049
531050
531051
531052
531053
531054
531055
531056
531057
531058
531059
531060
531061
531062
531063
531064
531065
531066
531067
531068
531069
531070
531071
531072
531073
531074
531075
531076
531077
531078
531079
531080
531082
531083
531084
531085
531086
531087
531088
531089
531090
531091
531092
531093
531094
531096
531097
531098
531099
531100
531101
531102
531103
531104
531106
531107
531108
531109
531110
531111
531112
531113
531114
531115
531116
531117
531118
531119
531120
531121
531122
531123
531124
531125
531126
531127
531128
531129
531131
531132
531133
531134
531135
531136
531137
531138
531139
531140
531141
531142
531143
531144
531145
531147
531148
531149
531150
531151
531152
531154
531155
531156
531157
531158
531161
531162
531164
531165
531166
531167
531168
531169
531179
531180
531181
531182
531183
531184
531186
531187
531189
531190
531192
531193
531194
531195
531196
531197
531199
531200
531201
531203
531204
531205
531206
531207
531208
531209
531210
531211
531212
531213
531216
531217
531218
531219
531220
531221
531222
531223
531224
531225
531226
531227
531228
531229
531230
531231
531232
531233
531234
531235
531236
531237
531238
531239
531240
531241
531242
531243
531244
531245
531246
531247
531248
531249
531250
531252
531253
531254
531255
531256
531257
531258
531259
531260
531261
531262
531263
531264
531265
531266
531267
531268
531269
531270
531271
531272
531273
531274
531275
531276
531277
531278
531279
531280
531281
531282
531283
531284
531285
531286
531287
531288
531289
531305
531306
531307
531308
531309
531310
531311
531312
531313
531314
531315
531316
531318
531319
531320
531321
531322
531323
531324
531325
531326
531327
531328
531329
531330
531331
531332
531333
531334
531335
531336
531337
531338
531339
531340
531341
531342
531343
531344
531346
531347
531348
531349
531350
531351
531352
531353
531355
531356
531357
531403
531404
531405
531410
531411
531412
531413
531414
531424
531425
531426
531427
531428
531494
531495
531496
531497
531498
531528
531530
531531
531532
531533
531534
531550
531551
531552
531553
531554
531555
531557
531558
531559
531560
531561
531562
531753
531754
531755
531756
531757
531758
531774
531775
531776
531779
532004
532005
532006
532007
532008
532009
532010
532011
532012
532013
532014
532015
532016
532017
532018
532019
532020
532021
532022
532023
532024
532025
532026
532029
532031
532032
532033
532034
532035
532036
532037
532038
532040
532041
532042
532044
532045
532047
532048
532049
532050
532051
532053
532054
532055
532056
532057
532058
532059
532060
532061
532063
532064
532066
532208
532210
532212
532256
532257
532258
532261
532262
532263
532264
532265
532266
532267
532268
532269
532270
532272
532273
532275
532305
532306
532307
532308
532309
532310
532311
532361
532362
532363
532364
532365
532366
532367
532368
532369
532370
532371
532372
532373
532374
532375
532376
532377
532378
532379
532380
532381
532389
532390
532391
532392
532393
532394
532396
532397
532398
532400
532401
532403
532404
532405
532406
532407
532408
532409
532412
532413
532416
532417
532418
532419
532420
532421
532422
532423
532564
532565
532566
532569
532570
532571
532572
532573
532574
532575
532576
532577
532578
532580
532581
532583
532613
532614
532615
532616
532617
532618
532619
532691
532692
532694
534300
534301
534303
534305
534306
534307
534308
534309
534310
534311
534312
534313
534314
534315
534316
534317
534318
534319
534320
534321
534323
534324
534325
534326
534327
534357
534358
534359
534360
534361
534362
534371
534372
534373
534374
534375
534376
534378
534379
534380
534382
534393
534395
534396
534398
534399
534400
534401
534402
534403
534404
534405
534407
534408
534411
534412
534413
534414
534415
534416
534418
534419
534420
534421
534422
534423
534424
534425
534447
534448
534449
534451
534452
534453
534454
534455
534456
534457
534458
534459
534460
534461
534463
534464
534466
534467
534468
534469
534470
534471
534473
534474
534475
534476
534477
534478
534479
534480
534481
534482
534483
534484
534485
534486
534487
534488
534489
534490
534491
534492
534493
534494
534495
534496
534497
534498
534499
534500
534501
534502
534503
534504
534505
534506
534507
534508
534509
534510
534511
534512
534513
534514
534515
534516
534609
534612
534614
534615
534616
534618
534619
534621
534637
534638
534639
534640
534641
534642
534650
534651
534652
534653
534654
534655
534656
534657
534658
534659
534660
534661
534662
534663
534678
534679
534680
534681
534682
534683
534684
534685
534686
534687
534689
534690
534691
534692
534693
534694
534695
534696
534697
534698
534699
534700
534702
534703
534704
534705
534706
534707
534708
534710
534711
534713
534714
534715
534716
534717
534718
534719
534720
534721
534722
534725
534727
534728
534729
534730
534731
534732
534733
534734
534735
534736
534737
534738
534739
534740
534741
534742
534743
534744
534745
534746
534747
534748
534749
534750
534751
534752
534754
534944
534945
534946
534947
534948
534949
534950
534951
534952
534953
534954
534955
534956
534957
534958
534959
534960
534962
534964
534965
534966
534969
534971
534972
534973
534974
534975
534976
534977
534978
534979
534980
534981
534982
534983
534984
534985
534987
534988
534989
534990
534991
534992
534994
534996
534998
534999
535000
535001
535002
535003
535004
535005
535006
535007
535008
535009
535010
535011
535012
535013
535014
535017
535018
535019
535020
535021
535022
535023
535024
535025
535026
535027
535049
535050
535051
535052
535053
535054
535055
535063
535064
535065
535066
535067
535068
535069
535070
535071
535072
535073
535074
535075
535076
535161
535162
535163
535164
535165
535167
535273
535274
535275
535276
535277
535278
535279
535280
535281
535282
535283
535284
535285
535286
535329
535331
535332
535333
535335
535336
535337
535338
535339
535341
535342
535343
535344
535345
535346
535347
535348
535349
535350
535351
535352
535353
535354
535355
535356
535357
535358
535359
535360
535361
535362
535363
535364
535365
535366
535367
535368
535369
535370
535371
535372
535373
535374
535375
535376
535377
535378
535379
535380
535381
535382
535383
535384
535386
535387
535388
535391
535402
535403
535405
535406
535407
535408
535409
535410
535411
535412
535413
535414
535416
535419
535420
535421
535422
535423
535424
535426
535427
535428
535429
535430
535431
535432
535433
535455
535456
535458
535459
535460
535461
535462
535463
535464
535465
535466
535467
535468
535526
535527
535528
535529
535530
535531
535539
535540
535541
535542
535543
535544
535545
535546
535547
535548
535549
535550
535551
535552
535603
535606
535607
535609
535610
535612
535613
535615
535673
535674
535675
535677
535688
535690
535691
535693
535694
535695
535696
535697
535698
535699
535700
535702
535703
535706
535707
535708
535709
535710
535711
535713
535714
535715
535716
535717
535718
535719
535720
535742
535743
535744
535746
535747
535748
535749
535750
535751
535752
535753
535754
535755
535805
535806
535808
535810
535811
535812
535813
535814
535815
535816
535817
535818
535819
535820
535821
535822
535823
535824
535825
535826
535828
535829
535830
535831
535832
535862
535863
535864
535865
535866
535867
535876
535877
535878
535879
535880
535881
535882
535884
535885
535887
535888
535889
535890
535891
535892
535893
535894
535895
535896
535897
535898
535899
535901
535902
535903
535904
535905
535906
535907
535908
535909
535910
535911
535912
535913
535914
535915
535916
535917
535918
535919
535920
535921
535922
535923
535924
535925
535926
535927
535928
535929
535930
535931
535932
535933
535934
535935
535936
535937
535981
535984
535986
535987
535988
535990
535991
535993
536058
536059
536060
536061
536062
536063
536071
536072
536073
536074
536075
536076
536077
536078
536079
536080
536081
536082
536083
536084
536106
536107
536110
536111
536112
536113
536114
536115
536116
536117
536119
536120
536121
536122
536123
536124
536126
536127
536128
536131
536132
536133
536134
536135
536136
536137
536139
536140
536141
536142
536143
536144
536145
536146
536190
536192
536193
536195
536196
536197
536198
536199
536200
536201
536202
536203
536204
536205
536206
536207
536208
536209
536211
536212
536213
536214
536215
536216
536217
536218
536219
536220
536221
536222
536223
536224
536225
536226
536227
536228
536229
536230
536231
536232
536233
536234
536235
536236
536237
536238
536239
536240
536241
536242
536243
536244
536245
536295
536296
536297
536300
536301
536302
536303
536304
536305
536306
536307
536308
536309
536310
536311
536312
536313
536314
536315
536316
536318
536319
536320
536321
536322
536352
536353
536354
536355
536356
536357
536366
536367
536368
536369
536370
536371
536408
536411
536413
536414
536415
536417
536418
536419
536436
536437
536438
536439
536440
536441
536449
536450
536451
536452
536453
536454
536455
536456
536457
536458
536459
536460
536461
536462
536638
536639
536640
536641
536642
536643
536644
536645
536646
536647
536649
536650
536651
536652
536653
536654
536655
536656
536657
536658
536659
536660
536662
536663
536664
536665
536666
536667
536668
536670
536671
536673
536674
536675
536676
536677
536678
536679
536680
536681
536682
536685
536687
536688
536689
536690
536691
536692
536693
536694
536695
536696
536697
536698
536699
536700
536701
536702
536703
536704
536705
536706
536707
536708
536709
536710
536711
536712
536714
536813
536814
536815
536816
536817
536818
536819
536820
536821
536822
536823
536824
536825
536826
536911
536912
536913
536915
536916
536918
536919
536920
536921
536922
536923
536924
536925
536926
536930
536931
536932
536933
536934
536935
536936
536937
536938
536939
536940
536941
536942
536943
536944
536945
536946
536947
536948
536949
536950
536951
536952
536953
536954
536955
536956
536957
536958
536959
536960
536963
536964
536965
536966
536968
536969
536970
536971
536972
536973
536975
536977
536979
536980
537002
537003
537004
537005
537006
537007
537008
537009
537010
537011
537012
537013
537014
537015
537016
537017
537018
537019
537020
537021
537022
537030
537031
537032
537033
537034
537035
537036
537037
537038
537039
537041
537042
537043
537044
537045
537046
537047
537048
537049
537050
537051
537052
537054
537055
537056
537057
537058
537059
537060
537062
537063
537065
537066
537067
537068
537069
537070
537071
537072
537073
537074
537075
537076
537077
537078
537079
537080
537081
537084
537086
537087
537088
537089
537090
537091
537092
537093
537094
537095
537096
537097
537098
537099
537100
537101
537102
537103
537104
537105
537106
537107
537108
537109
537110
537111
537112
537113
537114
537115
537116
537117
537118
537119
537471
537472
537473
537475
537477
537478
537479
537482
537484
537485
537486
537487
537488
537489
537490
537491
537492
537493
537494
537495
537496
537497
537498
537500
537501
537502
537503
537504
537505
537507
537509
537511
537512
537513
537514
537515
537516
537517
537518
537519
537520
537521
537522
537523
537524
537525
537526
537527
537530
537531
537532
537533
537534
537535
537536
537537
537538
537539
537540
537562
537563
537564
537565
537566
537567
537568
537576
537577
537578
537579
537580
537581
537582
537583
537584
537585
537586
537587
537588
537589
537674
537675
537676
537677
537678
537680
537779
537780
537781
537782
537783
537784
537785
537786
537787
537788
537789
537790
537791
537792
537793
537794
537795
537796
537797
537798
537799
537800
537801
537802
537804
537805
537806
537807
537808
537809
537810
537811
537812
537813
537814
537815
537816
537818
537819
537820
537821
537823
537824
537825
537826
537828
537829
537830
537831
537832
537833
537834
537835
537836
537837
537838
537839
537840
537841
537842
537843
537844
537846
537849
537850
537851
537852
537853
537854
537855
537856
537857
537858
537859
537860
537861
537862
537863
537864
537865
537867
537869
537870
537871
537874
537876
537877
537878
537879
537880
537881
537882
537883
537884
537885
537886
537887
537888
537889
537890
537892
537893
537894
537895
537896
537897
537899
537901
537903
537904
537905
537906
537907
537908
537909
537910
537911
537912
537913
537914
537915
537916
537917
537918
537919
537920
537921
537922
537923
537924
537925
537926
537929
537930
537931
537932
537954
537955
537956
537957
537958
537959
537960
537968
537969
537970
537971
537972
537973
537974
537975
537976
537977
537978
537979
537980
537981
538066
538067
538068
538069
538070
538071
538072
538073
538074
538075
538076
538077
538078
538079
538080
538081
538082
538083
538084
538085
538220
538222
538223
538224
538226
538227
538228
538229
538230
538232
538233
538234
538235
538236
538237
538238
538239
538240
538241
538242
538243
538244
538245
538246
538247
538248
538249
538250
538251
538252
538253
538254
538255
538256
538257
538258
538259
538260
538261
538262
538263
538264
538265
538266
538267
538268
538269
538270
538271
538272
538273
538274
538275
538319
538320
538321
538324
538335
538336
538338
538339
538340
538341
538342
538343
538344
538345
538346
538347
538348
538351
538353
538354
538355
538356
538357
538358
538360
538361
538362
538363
538364
538365
538366
538367
538368
538370
538371
538372
538373
538374
538375
538376
538377
538378
538379
538380
538459
538460
538461
538462
538463
538464
538472
538473
538474
538475
538476
538477
538478
538479
538480
538481
538482
538483
538484
538485
538529
538532
538533
538535
538536
538538
538539
538541
538563
538564
538567
538568
538569
538570
538571
538572
538573
538575
538576
538577
538578
538579
538580
538581
538582
538584
538585
538588
538589
538590
538591
538592
538593
538594
538595
538596
538598
538599
538600
538601
538602
538603
538626
538627
538628
538631
538632
538633
538634
538635
538636
538637
538638
538639
538640
538641
538642
538643
538644
538645
538646
538647
538649
538650
538651
538652
538653
538711
538712
538713
538714
538715
538716
538718
538719
538720
538721
538722
538723
538732
538733
538734
538737
538747
538749
538750
538752
538753
538754
538755
538756
538757
538758
538759
538760
538761
538764
538766
538767
538768
538769
538770
538771
538772
538773
538774
538775
538776
538777
538778
538780
538781
538782
538784
538785
538786
538787
538788
538789
538790
538791
538792
538793
538858
538859
538860
538861
538862
538863
538871
538872
538873
538874
538875
538876
538877
538878
538879
538880
538881
538882
538883
538884
538991
538994
538995
538997
538998
538999
539001
539002
539067
539069
539070
539072
539073
539074
539075
539076
539077
539078
539079
539080
539081
539082
539083
539084
539085
539086
539088
539089
539090
539091
539092
539093
539094
539095
539096
539097
539098
539099
539100
539101
539102
539103
539104
539105
539106
539107
539108
539109
539110
539111
539112
539113
539114
539115
539116
539117
539118
539119
539120
539121
539122
539186
539187
539188
539191
539192
539193
539194
539195
539196
539197
539198
539199
539200
539201
539202
539203
539204
539205
539206
539207
539209
539210
539211
539212
539213
539271
539272
539273
539274
539275
539276
539278
539279
539280
539281
539282
539283
539327
539330
539332
539333
539334
539336
539337
539338
539355
539356
539357
539358
539359
539360
539368
539369
539370
539371
539372
539373
539374
539375
539376
539377
539378
539379
539380
539381
539459
539460
539461
539463
539464
539466
539467
539468
539469
539470
539471
539472
539473
539474
539478
539479
539480
539481
539482
539483
539484
539485
539486
539487
539488
539489
539490
539491
539492
539493
539494
539495
539496
539497
539498
539499
539500
539501
539502
539503
539504
539505
539506
539507
539508
539511
539512
539513
539514
539516
539517
539518
539519
539520
539521
539523
539525
539527
539528
539550
539551
539552
539553
539554
539555
539556
539557
539558
539559
539560
539561
539562
539563
539564
539565
539566
539567
539568
539569
539570
539578
539579
539580
539581
539582
539583
539584
539585
539586
539587
539589
539590
539591
539592
539593
539594
539595
539596
539597
539598
539599
539600
539601
539603
539604
539605
539606
539607
539608
539610
539611
539613
539614
539615
539616
539617
539618
539619
539620
539621
539622
539623
539624
539625
539626
539627
539628
539629
539632
539634
539635
539636
539637
539638
539639
539640
539641
539642
539643
539644
539645
539646
539647
539648
539649
539650
539651
539652
539653
539654
539655
539656
539657
539658
539659
539660
539661
539662
539663
539664
539665
539666
539667
539858
539859
539860
539861
539862
539863
539864
539865
539866
539867
539869
539870
539871
539872
539873
539874
539875
539876
539877
539878
539879
539880
539881
539883
539884
539885
539886
539888
539889
539890
539891
539893
539894
539895
539896
539897
539898
539899
539900
539901
539902
539903
539904
539905
539906
539907
539908
539909
539911
539914
539915
539916
539917
539918
539919
539920
539921
539922
539923
539924
539925
539926
539927
539928
539929
539930
539932
539933
539935
539936
539937
539938
539939
539940
539941
539942
539943
539946
539948
539949
539950
539951
539952
539953
539954
539955
539956
539957
539958
539959
539960
539961
539962
539963
539964
539965
539966
539967
539968
539969
539970
539971
539972
539973
539974
539975
539976
539977
539980
539981
539982
539983
539985
539986
539987
539988
539989
539990
539992
539994
539996
539997
540019
540020
540021
540022
540023
540024
540025
540026
540027
540028
540029
540030
540031
540032
540033
540034
540035
540036
540037
540038
540039
540047
540048
540049
540050
540051
540052
540053
540054
540055
540056
540057
540058
540059
540060
540131
540132
540133
540134
540135
540136
540244
540245
540246
540249
540259
540261
540262
540264
540265
540266
540267
540268
540269
540270
540271
540272
540273
540276
540278
540279
540280
540281
540282
540283
540284
540285
540286
540287
540288
540289
540290
540292
540293
540294
540296
540297
540298
540299
540300
540301
540302
540303
540304
540305
540348
540349
540350
540353
540354
540355
540356
540357
540358
540359
540360
540361
540362
540363
540364
540365
540366
540367
540368
540369
540371
540372
540373
540374
540375
540433
540434
540435
540436
540437
540438
540440
540441
540442
540443
540444
540445
540496
540497
540498
540499
540500
540501
540509
540510
540511
540512
540513
540514
540515
540516
540517
540518
540519
540520
540521
540522
540566
540569
540570
540572
540573
540574
540576
540577
540929
540930
540931
540932
540933
540934
540935
540936
540937
540938
540939
540940
540941
540942
540943
540944
540945
540946
540947
540948
540949
540950
540951
540952
540953
540954
540955
540956
540957
540958
540959
540960
540961
540962
540963
540964
540965
540966
540967
540968
540969
540970
540971
540972
540973
540974
540975
540976
540977
540978
540979
540980
540981
540982
540983
540984
540985
540986
540987
540988
540989
540990
540991
540992
540993
540994
540995
540996
540997
540998
540999
541000
541001
541002
541003
541004
541005
541006
541007
541008
541009
541010
541011
541012
541013
541014
541015
541016
541017
541018
541019
541020
541021
541022
541023
541024
541025
541026
541027
541028
541029
541030
541031
541032
541033
541034
541035
541036
541037
541038
541039
541040
541042
541043
541045
541049
541051
541052
541055
541059
541061
541062
541066
541068
541070
541071
541073
541077
541078
541082
541084
541085
541088
541090
541094
541095
541098
541099
541103
541105
541106
541109
541111
541115
541116
541119
541120
541122
541126
541128
541129
541133
541134
541137
541140
541141
541145
541146
541150
541151
541153
541157
541158
541160
541164
541165
541168
541169
541173
541174
541178
541179
541182
541183
541185
541189
541192
541193
541196
541197
541201
541203
541204
541207
541209
541213
541214
541217
541218
541220
541223
541227
541228
541231
541234
541235
541238
541239
541241
541245
541246
541248
541253
541254
541255
542798
542799
542800
542801
542802
542803
542804
542812
542813
542814
542815
542816
542817
542818
542840
542841
542842
542843
542844
542845
542846
542854
542855
542856
542857
542858
542859
542860
542875
542876
542877
542878
542879
542880
542881
542889
542890
542891
542892
542893
542894
542895
542917
542918
542919
542920
542921
542922
542923
542931
542932
542933
542934
542935
542936
542937
543191
543192
543194
543198
543199
543201
543206
543207
543208
543240
543241
543243
543247
543249
543251
543255
543256
543257
543583
543584
543586
543590
543592
543594
543598
543599
543600
544121
544122
544123
544124
544125
544126
544127
544128
544129
544130
544131
544132
544133
544134
544191
544192
544193
544194
544195
544196
544197
544198
544199
544200
544201
544202
544203
544204
544205
544206
544207
544208
544209
544210
544211
544212
544213
544214
544215
544216
544217
544218
544219
544220
544221
544222
544223
544224
544225
544226
544227
544228
544229
544230
544231
544232
544233
544234
544235
544236
544237
544238
544239
544240
544241
544242
544243
544244
544245
544246
544247
544248
544249
544250
544251
544252
544253
544254
544255
544256
544257
544258
544259
544260
544261
544262
544263
544264
544265
544266
544267
544268
544269
544270
544271
544272
544273
544274
544275
544276
544277
544278
544279
544280
544281
544282
544283
544284
544285
544286
544287
544288
544289
544290
544291
544292
544293
544294
544295
544296
544297
544298
544299
544300
544301
544302
544303
544304
544305
544306
544307
544308
544309
544310
544311
544312
544313
544314
544315
544316
544317
544318
544319
544320
544321
544322
544323
544324
544325
544326
544327
544328
544329
544330
544331
544332
544333
544334
544335
544336
544337
544338
544339
544340
544341
544342
544343
544344
544345
544346
544347
544348
544349
544350
544351
544352
544353
544354
544355
544356
544357
544358
544359
544360
544361
544362
544363
544364
544365
544366
544367
544368
544369
544370
544371
544372
544373
544374
544375
544376
544377
544378
544379
544380
544381
544382
544383
544384
544385
544386
544387
544388
544389
544390
544391
544392
544393
544394
544395
544396
544397
544398
544399
544400
544401
544402
544403
544404
544405
544406
544407
544408
544409
544410
544411
544412
544413
544414
544563
544565
544567
544570
544572
544573
544577
544578
544582
544584
544585
544588
544590
544594
544595
544597
544601
544602
544605
544606
544608
544612
544615
544616
544618
544622
544623
544626
544627
544630
544633
544636
544637
544640
544641
544645
544647
544648
544651
544653
544657
544658
544794
544795
544799
544801
544802
544805
544807
544811
544812
544815
544817
544819
544822
544824
544825
544829
544830
544832
544835
544839
544840
544843
544846
544847
544850
544851
544853
544856
544860
544861
544864
544867
544868
544871
544872
544874
544878
544880
544881
544975
544979
544980
544983
544984
544987
544990
544993
544994
544997
544998
545002
545004
545005
545008
545010
545014
545015
545018
545019
545021
545025
545027
545028
545032
545033
545037
545039
545040
545044
545045
545049
545051
545151
545152
545154
545157
545161
545162
545165
545168
545169
545172
545173
545175
545179
545181
545182
545186
545187
545191
545193
545194
545198
545199
545203
545205
545207
545208
545210
545214
545216
545217
546403
546404
546405
546406
546407
546408
546409
546410
546411
546412
546413
546414
546415
546416
546424
546425
546426
546427
546428
546429
546430
546431
546432
546433
546434
546435
546436
546437
546536
546537
546538
546539
546540
546541
546542
546543
546544
546545
546546
546547
546548
546549
546557
546558
546559
546560
546561
546562
546563
546564
546565
546566
546567
546568
546569
546570
546592
546593
546594
546595
546596
546597
546598
546599
546600
546601
546602
546603
546604
546605
546711
546712
546713
546714
546715
546716
546717
546718
546719
546720
546721
546722
546723
546724
548952
548953
548956
548960
548961
548964
548966
548967
548971
548973
548975
548978
549001
549002
549005
549008
549009
549013
549016
549017
549020
549022
549023
549026
549029
549031
549034
549036
549037
549040
549043
549044
549048
549051
549052
549055
549057
549058
549061
549064
549065
549069
549072
549073
549076
549079
549080
549083
549085
549086
549090
549092
549094
549097
549099
549100
549103
549127
549128
549132
549134
549135
549138
549142
549143
549146
549148
549149
549152
549155
549157
549160
549162
549163
549166
549169
549170
549174
549177
549178
549181
549183
549184
549187
549190
549191
549195
549198
549199
549202
549205
549206
549209
549211
549212
549216
549218
549220
549223
549226
549227
549230
549232
549233
549237
549239
549241
549244
549245
549249
549251
549252
549256
549258
549260
549261
549265
549723
549724
549726
549729
549730
549734
549736
549738
549740
549744
549745
549747
549750
549751
549755
549757
549759
549761
549763
549767
549768
549770
549774
549775
549778
549779
549781
549786
549787
549789
549792
549793
549797
549799
549801
549803
549807
549808
549810
549813
549815
549818
549820
549822
549824
549826
549830
549831
549833
549837
549838
549841
549842
549844
549849
549850
549852
549855
549856
549860
549862
549864
549866
549870
549871
549873
549876
549878
549881
549883
549885
549887
549889
549893
549894
549896
549900
549901
549904
549905
549907
549911
549913
549915
549918
549920
549922
549925
549927
549930
549932
549933
549936
549940
549941
549943
549946
549948
549950
549953
549954
549957
549961
549962
549963
549967
549969
549971
549975
549976
549979
549981
549982
549985
549988
549990
549992
550016
550018
550020
550023
550024
550027
550031
550032
550033
550037
550039
550041
550044
550046
550048
550051
550053
550056
550058
550059
550062
550066
550067
550069
550072
550074
550076
550079
550080
550083
550087
550088
550089
550094
550095
550098
550100
550102
550104
550107
550109
550111
550114
550115
550117
550142
550144
550146
550149
550150
550152
550157
550158
550159
550163
550164
550166
550170
550172
550174
550177
550178
550181
550184
550185
550188
550192
550193
550195
550198
550199
550201
550205
550206
550209
550213
550214
550215
550219
550221
550223
550227
550228
550231
550233
550234
550237
550240
550242
550244
550268
550270
550272
550275
550276
550279
550283
550284
550285
550289
550290
550292
550296
550298
550300
550303
550304
550307
550310
550312
550314
550318
550319
550321
550324
550325
550327
550331
550333
550335
550339
550340
550341
550345
550346
550348
550353
550354
550357
550359
550360
550363
550366
550368
550370
550394
550395
550397
550401
550402
550405
550409
550410
550411
550416
550417
550420
550422
550424
550426
550429
550431
550433
550436
550437
550439
550464
550466
550468
550471
550472
550474
550479
550480
550481
550485
550486
550488
550492
550494
550496
550499
550500
550503
550506
550507
550510
550514
550515
550517
550520
550521
550523
550527
550528
550531
550535
550536
550537
550541
550542
550544
550548
550550
550552
550555
550556
550559
550562
550564
550566
550570
550571
550573
550576
550577
550579
550583
550585
550587
550591
550592
550593
550598
550599
550602
550604
550605
550608
550611
550613
550615
550618
550619
550621
550646
550647
550650
550653
550654
550656
550661
550662
550663
550666
550670
550671
550673
550677
550678
550681
550682
550684
550687
550691
550692
550695
550696
550698
550702
550704
550705
550708
550712
550713
550716
550718
550719
550723
550725
550726
550729
550733
550734
550737
550738
550740
550744
550746
550747
550751
550752
550754
550758
550759
550761
550766
550767
550768
550772
550773
550775
550779
550781
550782
550787
550788
550789
550792
550796
550797
550800
550802
550803
550807
550809
550810
550814
550816
550817
550821
550822
550824
550829
550830
550831
552213
552214
552215
552216
552217
552218
552219
552220
552221
552222
552223
552224
552225
552226
552227
552228
552229
552230
552231
552232
552233
552234
552235
552236
552237
552238
552239
552240
552241
552242
552243
552244
552245
552246
552247
552248
552249
552250
552251
552252
552253
552254
552255
552256
552257
552258
552259
552260
552261
552262
552263
552264
552265
552266
552267
552268
552269
552270
552271
552272
552273
552274
552275
552276
552277
552278
552279
552280
552281
552282
552283
552284
552285
552286
552287
552288
552289
552290
552291
552292
552293
552294
552295
552296
552297
552298
552299
552300
552301
552302
552303
552304
552305
552306
552307
552308
552309
552310
552311
552312
552313
552314
552315
552316
552317
552318
552319
552320
552321
552322
552323
552324
552325
552326
552327
552328
552329
552330
552331
552332
552333
552334
552335
552336
552337
552338
552339
552340
552341
552342
552343
552344
552345
552346
552347
552348
552349
552350
552351
552352
552353
552354
552355
552356
552357
552358
552359
552360
552361
552362
552363
552364
552365
552366
552367
552368
552369
552370
552371
552372
552373
552374
552375
552376
552377
552378
552379
552380
552381
552385
552386
552389
552391
552393
552396
552398
552399
552403
552404
552406
552410
552412
552413
552418
552419
552420
552424
552425
552427
552431
552433
552435
552439
552440
552441
552444
552448
552449
552452
552454
552455
552459
552461
552462
552465
552469
552470
552473
552475
552477
552480
552482
552483
552487
552489
552490
552494
552495
552497
552502
552503
552504
552508
552510
552511
552515
552517
552519
552523
552524
552525
552529
552530
552532
552536
552538
552540
552544
552545
552546
552549
552553
552554
552557
552559
552560
552564
552566
552567
552570
552574
552575
552578
552580
552581
552585
552587
552588
552592
552594
552595
552599
552601
552603
552607
552608
552609
552612
552616
552617
552620
552622
552623
552627
552629
552630
553060
553064
553065
553068
553069
553071
553075
553077
553078
553081
553085
553086
553089
553090
553092
553096
553098
553099
553103
553104
553106
553110
553111
553113
553118
553119
553120
553123
553127
553128
553130
553134
553135
553138
553139
553141
553145
553146
553148
553152
553153
553155
553160
553161
553162
553165
553169
553170
553173
553174
553176
553180
553182
553183
553186
553190
553192
553193
553197
553199
553201
553202
553206
553208
553210
553213
553215
553216
553219
553223
553224
553227
553228
553232
553234
553236
553237
553240
553243
553245
553248
553250
553251
553253
553257
553258
553260
553265
553266
553267
553270
553274
553275
553277
553281
553282
553285
553286
553288
553291
553295
553296
553299
553300
553302
553306
553308
553309
553312
553316
553317
553320
553321
553323
553327
553329
553330
553333
553337
553338
553341
553342
553344
553348
553350
553351
553354
553358
553359
553361
553365
553366
553369
553370
553372
553375
553379
553380
553383
553384
553387
553390
553392
553394
553397
553399
553401
553404
553405
553407
553412
553413
553415
553417
553421
553422
553425
553426
553428
553432
553434
553435
553438
553442
553444
553445
553449
553451
553453
553454
553458
553460
553462
553465
553467
553468
553471
553475
553476
553479
553480
553484
553486
553488
553489
553492
553495
553497
553500
553502
553504
553506
553509
553510
553512
553517
553518
553520
553522
553526
553527
553530
553531
553534
553537
553539
553541
553543
553547
553548
553551
553552
553554
553558
553560
553561
563560
563564
563566
563567
563571
563572
563575
563576
563579
563582
563584
563587
563589
563590
563592
563597
563598
563600
563602
563606
563607
563610
563611
563613
563617
563619
563620
563623
563627
563628
563631
563632
563634
563638
563640
563641
563645
563647
563648
563652
563653
563655
563660
563661
563662
563665
563669
563670
563673
563674
563676
563680
563682
563683
563686
563690
563691
563694
563695
563697
563701
563703
563704
563708
563710
563712
563715
563716
563718
563723
563724
563725
563728
563732
563733
563736
563737
563739
563743
563745
563746
563749
563753
563755
563756
563760
563761
563764
563765
563768
563771
563773
563776
563778
563779
563781
563786
563787
563789
563791
563795
563796
563799
563800
563802
563806
563808
563809
563812
563816
563818
563819
563823
563824
563827
563828
563831
563834
563836
563839
563841
563842
563844
563849
563850
563852
563854
563858
563859
563862
563863
563865
563869
563871
563872
563876
563878
563879
563883
563884
563886
563891
563892
563893
563896
563900
563901
563904
563905
563907
563911
563913
563914
563917
563921
563922
563925
563926
563928
563932
563934
563935
563939
563941
563942
563946
563948
563949
563954
563955
563956
563959
563963
563964
563967
563969
563970
563974
563976
563977
563980
563984
563985
563988
563990
563991
563995
563997
563998
564001
564005
564006
564009
564010
564012
564016
564018
564019
564023
564025
564027
564030
564031
564033
564038
564039
564040
564043
564047
564048
564051
564052
564054
564058
564060
564061
564064
564068
564070
564071
564075
564076
564079
564080
564083
564086
564088
564091
564093
564094
564096
564101
564102
564104
564106
564110
564111
564114
564115
564117
564121
564123
564124
564127
564131
564133
564134
564138
564139
564142
564143
564146
564149
564151
564154
564156
564158
564160
564164
564165
564167
564169
564173
564174
564177
564179
564181
564184
564186
564187
564191
564193
564194
564198
564200
564201
564206
564207
564208
564211
564215
564216
564219
564221
564222
564226
564228
564229
564232
564236
564237
564240
564242
564243
564247
564249
564250
564253
564257
564259
564260
564264
564265
564268
564269
564272
564275
564277
564280
564282
564284
564286
564290
564291
564293
564295
564299
564300
564303
564305
564307
564310
564312
564313
564316
564320
564321
564323
564327
564328
564331
564332
564334
564337
564341
564342
564345
564346
564348
564352
564354
564355
564358
564362
564363
564366
564367
564369
564373
564375
564376
564380
564381
564383
564387
564388
564390
564395
564396
564397
565037
565038
565039
565040
565041
565042
565043
565044
565045
565046
565047
565048
565049
565050
565051
565052
565053
565054
565055
565056
565057
565058
565059
565060
565061
565062
565063
565064
565065
565066
565067
565068
565069
565070
565071
565072
565073
565074
565075
565076
565077
565078
565079
565080
565081
565082
565083
565084
565085
565086
565087
565088
565089
565090
565091
565092
565093
565094
565095
565096
565097
565098
565099
565100
565101
565102
565103
565104
565105
565106
565107
565108
565109
565110
565111
565112
565113
565114
565115
565116
565117
565118
565119
565120
565121
565122
565123
565124
565125
565126
565127
565128
565129
565130
565131
565132
565133
565134
565135
565136
565137
565138
565139
565140
565141
565142
565143
565144
565145
565146
565147
565148
565149
565150
565151
565152
565153
565154
565155
565156
565157
565158
565159
565160
565161
565162
565163
565164
565165
565166
565167
565168
565169
565170
565171
565172
565173
565174
565175
565176
565177
565178
565179
565180
565181
565182
565183
565184
565185
565186
565187
565188
565189
565190
565191
565192
565193
565194
565195
565196
565197
565198
565199
565200
565201
565202
565203
565204
565205
565206
565207
565208
565209
565210
565211
565212
565213
565214
565215
565216
565217
565218
565219
565220
565221
565222
565223
565224
565225
565226
565227
565228
565229
565230
565231
565232
565233
565234
565235
565236
565237
565238
565239
565240
565241
565242
565243
565244
565245
565246
565247
565248
565249
565250
565251
565252
565253
565254
565255
565256
565257
565258
565259
565260
565261
565262
565263
565264
565265
565266
565267
565268
565269
565270
565271
565272
565273
565274
565275
565276
565277
565278
565279
565280
565281
565282
565283
565284
565285
565286
565287
565288
565289
565290
565291
565292
565293
565294
565295
565296
565297
565298
565299
565300
565301
565302
565303
565304
565305
565306
565307
565308
565309
565310
565311
565312
565313
565314
565315
565316
565317
565318
565319
565320
565321
565322
565323
565324
565325
565326
565327
565328
565329
565330
565331
565332
565333
565334
565335
565336
565337
565338
565339
565340
565341
565342
565343
565344
565345
565346
565347
565348
565349
565350
565351
565352
565353
565354
565355
565356
565357
565358
565359
565360
565361
565362
565363
565364
565365
565366
565367
565368
565369
565370
565371
565372
565373
565377
565378
565381
565383
565385
565388
565390
565391
565394
565398
565399
565402
565404
565406
565409
565411
565412
565416
565417
565419
565423
565424
565426
565431
565432
565433
565436
565440
565441
565443
565447
565448
565451
565452
565454
565458
565459
565461
565465
565467
565469
565473
565474
565475
565478
565482
565483
565486
565487
565489
565493
565495
565496
565528
565529
565531
565535
565537
565539
565543
565544
565545
565548
565552
565553
565555
565559
565560
565563
565564
565566
565569
565573
565574
565577
565578
565580
565584
565586
565587
565590
565594
565595
565598
565599
565601
565605
565607
565608
565611
565615
565616
565619
565620
565622
565626
565628
565629
565632
565636
565637
565639
565643
565644
565647
565648
565650
569916
569920
569922
569924
569925
569927
569931
569933
569935
569937
569941
569943
569945
569946
569948
569952
569954
569956
569959
569960
569962
569966
569967
569969
569974
569975
569976
569979
569983
569985
569987
569988
569990
569994
569996
569998
570001
570002
570005
570008
570009
570011
570016
570017
570019
570022
570023
570025
570029
570030
570032
570037
570038
570039
570042
570046
570048
570050
570051
570053
570057
570059
570061
570064
570065
570068
570071
570072
570074
570079
570080
570082
570085
570086
570088
570092
570093
570095
570100
570101
570102
570106
570107
570110
570113
570114
570116
570121
570122
570124
570127
570128
570131
570134
570135
570137
570142
570143
570145
570148
570149
570151
570155
570156
570158
570163
570164
570165
573052
573056
573057
573060
573062
573063
573067
573069
573070
573074
573076
573077
573081
573082
573084
573089
573090
573091
573095
573097
573098
573102
573103
573105
573110
573111
573112
573115
573119
573120
573123
573125
573126
573130
573132
573133
573137
573139
573140
573144
573145
573147
573152
573153
573154
573158
573160
573161
573165
573166
573168
573173
573174
573175
573179
573180
573182
573186
573187
573189
573194
573195
573196
573200
573201
573203
573207
573208
573210
573215
573216
573217
573221
573222
573224
573228
573229
573231
573236
573237
573238
573241
573245
573246
573249
573251
573252
573256
573258
573259
573262
573266
573267
573270
573271
573273
573277
573279
573280
573284
573286
573287
573291
573292
573294
573299
573300
573301
573305
573306
573308
573312
573314
573315
573320
573321
573322
573326
573328
573329
573333
573334
573336
573341
573342
573343
573347
573349
573350
573354
573355
573357
573362
573363
573364
573367
573371
573372
573375
573376
573378
573382
573384
573385
573389
573390
573392
573396
573397
573399
573404
573405
573406
573410
573411
573413
573417
573418
573420
573425
573426
573427
573431
573432
573434
573438
573440
573441
573446
573447
573448
573452
573454
573455
573459
573460
573462
573467
573468
573469
573473
573475
573476
573480
573481
573483
573488
573489
573490
573493
573497
573498
573501
573503
573504
573508
573510
573511
573514
573518
573519
573522
573523
573525
573529
573531
573532
573536
573538
573539
573543
573544
573546
573551
573552
573553
573556
573560
573561
573564
573565
573567
573571
573573
573574
573578
573579
573581
573585
573586
573588
573593
573594
573595
573599
573600
573602
573606
573607
573609
573614
573615
573616
573619
573623
573624
573627
573628
573630
573634
573636
573637
573641
573642
573644
573648
573650
573651
573656
573657
573658
573662
573663
573665
573669
573671
573672
573677
573678
573679
573682
573686
573687
573690
573691
573693
573697
573699
573700
573704
573705
573707
573711
573713
573714
573719
573720
573721
573725
573726
573728
573732
573734
573735
573740
573741
573742
573745
573749
573750
573753
573754
573756
573760
573762
573763
573766
573770
573771
573774
573775
573777
573781
573783
573784
573788
573789
573791
573795
573796
573798
573803
573804
573805
608246
608249
609443
609444
609447
609588
609609
609862
609865
609868
611102
611106
611107
611108
611110
611112
611116
611120
611121
611123
611126
611127
611130
611133
611134
)


// ************************************************************************* //
