/*--------------------------------*- C++ -*----------------------------------*\
  =========                 |
  \\      /  F ield         | OpenFOAM: The Open Source CFD Toolbox
   \\    /   O peration     | Website:  https://openfoam.org
    \\  /    A nd           | Version:  12
     \\/     M anipulation  |
\*---------------------------------------------------------------------------*/
FoamFile
{
    format      ascii;
    class       labelList;
    location    "constant/air2/polyMesh";
    object      faceRegionAddressing;
}
// * * * * * * * * * * * * * * * * * * * * * * * * * * * * * * * * * * * * * //


125134
(
13515
13516
13517
13518
13519
13520
13521
13522
13523
13524
13525
13526
13527
13528
13529
13530
13531
13532
13533
13534
13535
13601
13602
13603
13604
13605
13606
13607
13608
13609
13610
13611
13612
13613
13614
13615
13616
13617
13618
13619
13620
13621
13622
13623
13624
13625
13626
13627
13628
13629
13630
13631
13632
13633
13634
13635
13636
13637
13638
13639
13640
13641
13642
13643
13644
13645
13704
13705
13706
13707
13708
13709
13710
13711
13712
13713
13714
13715
13716
13717
13718
13719
13720
13721
13722
13723
13724
13725
13726
13727
13728
13729
13730
13731
13732
13733
13734
13735
13736
13737
13738
13739
13740
13741
13742
13743
13744
13745
13746
13747
13748
13749
13750
13751
13752
13753
13754
13755
13756
13757
13758
13759
13760
13817
13818
13819
13820
13821
13822
13823
13824
13825
13826
13827
13828
13829
13830
13831
13832
13833
13834
13835
13836
13837
13838
13839
13840
13841
13842
13843
13844
13845
13846
13847
13848
13849
13850
13851
13852
13853
13854
13855
13856
13857
13858
13859
13860
13861
13862
13863
13864
13915
13916
13917
13918
13919
13920
13921
13922
13923
13924
13925
13926
13927
13928
13929
13930
13931
13932
13933
13934
13935
13936
13937
13938
13939
13940
13941
13942
13943
13944
13945
13946
13947
13948
13949
13950
13951
13952
13953
13954
13955
13956
13957
13958
13959
13960
13961
13962
13963
13964
13965
13966
13967
13968
14048
14049
14050
14051
14052
14053
14054
14055
14056
14057
14058
14059
14060
14061
14062
14063
14064
14065
14066
14067
14068
14069
14070
14071
14072
14073
14074
14075
14076
14077
14078
14079
14080
14081
14082
14083
14084
14085
14086
14087
14088
14089
14090
14091
14092
14093
14094
14095
14166
14167
14168
14169
14170
14171
14172
14173
14174
14175
14176
14177
14178
14179
14180
14181
14182
14183
14184
14185
14186
14187
14188
14189
14190
14191
14192
14193
14194
14195
14196
14197
14198
15210
15211
15212
15213
15214
15215
15216
15217
15218
15219
15220
15221
15222
15223
15224
15225
15226
15227
15228
15229
15230
15231
15232
15233
15234
15235
15236
15237
15238
15239
15240
15241
15242
15243
15244
15245
15247
15248
15249
15251
15252
15253
15254
15314
15315
15316
15317
15318
15319
15320
15321
15322
15323
15324
15325
15326
15327
15328
15329
15330
15331
15332
15333
15334
15335
15336
15337
15338
15339
15340
15341
15342
15343
15344
15345
15346
15347
15348
15349
15350
15351
15352
15353
15354
15355
15414
15415
15416
15417
15418
15419
15420
15421
15422
15423
15424
15425
15426
15427
15428
15429
15430
15431
15432
15433
15434
15435
15436
15437
15438
15439
15440
15441
15442
15443
15444
15445
15446
15447
15448
15449
15450
15451
15452
15453
15454
15455
15456
15457
15458
15459
15460
15461
15535
15536
15537
15538
15539
15540
15541
15542
15543
15544
15545
15546
15547
15548
15549
15550
15551
15552
15553
15554
15555
15556
15557
15558
15559
15560
15561
15562
15563
15564
15565
15566
15567
15568
15569
15570
15571
15572
15573
15574
15575
15576
15577
15578
15579
15580
15581
15582
15583
15584
15585
15650
15651
15652
15653
15655
15656
15658
15659
15660
15661
15662
15663
15664
15665
15666
15667
15668
15669
15670
15671
15672
15673
15674
15675
15676
15677
15678
15679
15680
15681
15682
15683
15684
15685
15686
15687
15688
16715
16716
16717
16718
16720
16804
16805
16806
16808
16809
16810
16811
16812
16813
16815
16816
16817
16818
16819
16821
16892
16893
16894
16895
16897
16898
16899
16900
16901
16903
16904
16905
16906
16907
16908
16910
16911
16912
16913
16914
16916
16917
16918
16920
16991
16992
16993
16994
16996
16997
16998
16999
17000
17001
17003
17004
17005
17006
17007
17106
17107
17108
17109
41287
41288
41289
41290
41291
41292
41293
41294
41295
41321
41322
41323
41324
41325
41326
41327
41328
41329
41330
41331
41332
41333
41334
41360
41361
41362
41363
41364
41365
41366
41367
41368
41369
41370
41371
41372
41373
41402
41403
41404
41405
41406
41407
41408
41409
41566
41567
41568
41569
41570
41571
41572
41573
41574
41575
41576
41577
41578
41579
41580
41604
41605
41606
41607
41608
41609
41610
41611
41612
41613
41614
41615
41616
41617
41618
41619
41620
41621
41622
41623
41624
41625
41626
41627
41628
41629
41630
41631
41632
41633
41634
41635
41636
41667
41668
41669
41670
41671
41672
41673
41674
41675
41676
41677
41678
41679
41685
41686
41687
41688
41689
41690
41691
41692
41693
41694
41695
41696
41697
41698
41699
41700
41701
41702
41703
41704
41739
41740
41741
41742
41743
41744
41745
41746
41747
41748
41749
41750
41751
41752
41864
41865
41866
41867
41868
41869
41870
41871
41872
41896
41897
41898
41899
41900
41901
41902
41903
41904
41905
41906
41907
41908
41909
41910
41911
41912
41913
41914
41915
41916
41917
41918
41919
41920
41921
41922
41923
41924
41925
41926
41927
41928
41959
41960
41961
41962
41968
41969
41970
41971
41972
41973
41974
41975
41976
41977
41978
41979
41980
41981
41982
41983
41984
41985
41986
41987
41988
41989
41990
41991
41992
41993
41994
41995
41996
42022
42023
42024
42025
42026
42027
42028
42029
42115
42116
42117
42118
42119
42120
42121
42122
42128
42129
42130
42131
42132
42133
42146
42147
42148
42149
42150
42151
42152
42158
42159
42160
42161
42162
42163
42287
42288
42289
42290
42291
42297
42298
42299
42300
42301
42302
42303
42304
42305
42324
42325
42326
42327
42333
42334
42335
42336
42337
42338
42339
42340
42341
42432
42433
42434
42435
42436
42437
42438
42439
42482
42483
42484
42485
42486
42487
42488
42489
42490
42491
42492
42493
42494
42495
42496
42497
42498
42499
42500
42501
42502
42503
42504
42505
42506
42507
42508
42514
42515
42516
42517
42518
42519
42545
42546
42547
42548
42549
42550
42551
42552
42553
42554
42555
42556
42557
42558
42559
42560
42561
42562
42563
42564
42565
42566
42567
42568
42569
42570
42571
42572
42573
42574
42575
42576
42577
42578
42599
42600
42601
42602
42603
42604
42701
42702
42703
42704
42705
42706
42707
42708
42709
42710
42711
42712
42713
42714
42765
42766
42767
42768
42769
42770
42771
42772
42773
42774
42775
42776
42777
42778
42779
42780
42781
42782
42788
42789
42790
42791
42792
42793
42794
42795
42796
42797
42798
42799
42800
42801
42802
42828
42829
42830
42831
42832
42833
42834
42835
42836
42837
42838
42839
42840
42841
42842
42843
42844
42845
42846
42847
42848
42849
42850
42851
42852
42853
42854
42855
42856
42857
42858
42859
42860
42861
42885
42886
42887
42888
42889
42890
42891
42892
42893
42894
42895
42896
43053
43054
43055
43056
43057
43058
43059
43060
43084
43085
43086
43087
43088
43089
43090
43091
43092
43093
43094
43095
43096
43126
43127
43128
43129
43130
43131
43132
43133
43134
43135
43136
43137
43138
43164
43165
43166
43167
43168
43169
44200
44201
44202
44203
44204
44205
44206
44207
44208
44209
44210
44211
44212
44213
44242
44243
44244
44245
44246
44247
44248
44249
44250
44251
44252
44253
44254
44255
44290
44291
44292
44293
44294
44295
44296
44297
44298
44299
44300
44301
44302
44303
44326
44327
44328
44329
44330
44331
44332
44333
44334
44335
44336
44337
44420
44421
44422
44423
44424
44440
44441
44442
44443
44446
44447
44449
44450
44451
44452
44453
44454
44455
44456
44457
44458
44459
44460
44461
44462
44463
44464
44465
44474
44475
44476
44477
44478
44479
44480
44481
44482
44483
44484
44485
44486
44487
44488
44489
44490
44491
44492
44493
44494
44495
44496
44497
44498
44499
44500
44501
44502
44503
44504
44505
44506
44507
44508
44509
44510
44511
44512
44513
44514
44515
44524
44525
44526
44527
44528
44529
44530
44531
44532
44533
44534
44535
44536
44537
44538
44539
44540
44541
44542
44543
44544
44545
44546
44547
44548
44549
44550
44551
44552
44553
44554
44555
44556
44557
44558
44559
44560
44561
44562
44563
44564
44565
44566
44567
44576
44577
44578
44579
44580
44581
44582
44583
44584
44585
44586
44587
44588
44589
44590
44591
44592
44593
44594
44598
44599
44600
44601
44602
44603
44604
44605
44606
44607
44608
44609
44610
44611
44620
44621
44622
44623
44624
44625
44626
44627
44628
44629
44630
44631
44632
44633
44643
44644
44645
44668
44669
44670
44673
44674
44693
44694
44695
44696
44697
44698
44699
44700
44701
44702
44703
44704
44705
44706
44748
44749
44750
44751
44752
44753
44754
44755
44756
44757
44758
44759
44760
44761
44765
44766
44767
44768
44769
44770
44771
44772
44778
44779
44780
44781
44782
44783
44787
44788
44789
44790
44791
44792
44793
44794
44795
44796
44797
44798
44799
44800
44801
44802
44808
44809
44810
44811
44812
44813
44824
44825
44826
44827
44828
44829
44830
44831
44832
44833
44834
44835
44883
44884
44885
44886
44887
44888
44889
44890
44891
44896
44897
44898
44899
44900
44922
44923
44924
44925
44926
44927
44928
44929
44930
44931
44932
44933
44934
44935
44936
44937
44938
44939
44940
44941
44942
44943
44944
44945
44946
44947
44948
44949
44953
44954
44955
44956
44957
44963
44964
44965
44966
44967
44968
44969
44970
44971
44972
44973
44974
44975
44976
44977
44978
44979
44980
44981
44982
44983
44984
44985
44986
44987
44988
44989
44990
44991
44992
44993
44994
44995
44996
44997
44998
44999
45000
45006
45007
45008
45009
45010
45011
45012
45013
45014
45015
45016
45017
45018
45019
45035
45036
45037
45062
45063
45064
45075
45076
45077
45078
45079
45080
45081
45082
45083
45084
45085
45107
45108
45109
45110
45111
45112
45113
45114
45115
45116
45117
45118
45119
45120
45121
45122
45123
45124
45125
45126
45127
45128
45129
45130
45131
45135
45136
45137
45138
45139
45140
45141
45142
45143
45144
45145
45146
45147
45153
45154
45155
45156
45157
45158
45159
45160
45161
45162
45163
45164
45165
45166
45167
45168
45169
45170
45171
45172
45173
45174
45175
45176
45177
45178
45179
45180
45181
45182
45183
45184
45185
45186
45187
45188
45189
45190
45191
45192
45193
45194
45195
45196
45202
45203
45204
45205
45206
45207
45217
45218
45219
45220
45221
45222
45223
45224
45225
45256
45257
45258
45259
45260
45261
45262
45263
45264
45265
45266
45267
45316
45317
45318
45322
45323
45324
45325
45326
45327
45328
45329
45333
45334
45335
45336
45337
45343
45344
45345
45346
45347
45348
45349
45350
45351
45352
45353
45354
45355
45356
45357
45358
45359
45360
45361
45367
45368
45369
45370
45376
45377
45378
45379
45380
45381
45382
45383
45384
45442
45443
45444
45464
45465
45466
45469
45470
45484
45485
45486
45487
45503
45504
45505
45506
45507
45508
45509
45510
45511
45512
45513
45514
45515
45516
45517
45518
45519
45520
45532
45533
45534
45535
45536
45537
45538
45539
45540
45541
45542
45543
45544
45545
45546
45547
45548
45549
45550
45551
45552
45553
45554
45555
45556
45557
45558
45559
45560
45561
45562
45563
45564
45565
45566
45567
45568
45569
45581
45582
45583
45584
45585
45586
45587
45588
45589
45590
45591
45592
45593
45594
45595
45596
45597
45598
45599
45600
45601
45602
45603
45604
45605
45606
45607
45608
45609
45610
45611
45612
45613
45614
45615
45616
45617
45618
45619
45620
45621
45622
45623
45624
45636
45637
45638
45639
45640
45641
45642
45643
45644
45645
45646
45647
45648
45654
45655
45656
45657
45658
45659
45660
45661
45662
45663
45664
45665
45666
45704
45707
45708
45771
45772
45773
45774
45775
45776
45777
45778
45779
45780
45781
45782
45819
45820
45821
45861
45862
45863
45864
45865
45866
45867
45868
45869
46614
46615
46616
46617
46618
46652
46653
46654
46656
46657
46658
46659
46660
46661
46662
46663
46664
46665
46666
46667
46707
46708
46709
46710
46711
46712
46713
46714
46728
46729
46730
46731
46733
46737
46738
46739
46740
46741
46742
46743
46744
46753
46754
46755
46757
46777
46778
46779
46780
46781
46782
46783
46784
46786
46787
46788
46790
46791
46792
46793
46843
46844
46845
46884
46885
46886
46888
46889
46890
46891
46896
46897
46898
46899
46900
46901
46902
46903
46937
46938
46939
46940
46941
46942
46943
46944
46945
46946
46947
46948
46949
46950
46951
46952
46953
46954
46955
46956
46957
46958
46959
46979
46980
46981
46982
46983
46984
46985
46986
46987
46988
46989
46990
46991
46992
46993
46994
46995
46996
46997
46998
46999
47000
47001
47002
47003
47004
47005
47006
47007
47008
47009
47010
47011
47027
47028
47029
47030
47031
47032
47033
47034
47035
47054
47055
47056
47057
47058
47059
47152
47153
47154
47158
47159
47160
47161
47162
47176
47177
47178
47179
47180
47185
47186
47187
47188
47203
47204
47205
47206
47207
47321
47322
47323
47327
47328
47329
47330
47331
47335
47336
47337
47339
47354
47355
47356
47357
47363
47364
47366
47434
47435
47436
47437
47438
47439
47453
47454
47455
47457
47458
47460
47461
47462
47463
47497
47498
47499
47500
47501
47502
47503
47504
47505
47506
47507
47508
47509
47510
47511
47512
47513
47514
47515
47516
47517
47518
47519
47520
47525
47526
47527
47528
47529
47530
47531
47532
47533
47551
47552
47553
47554
47555
47556
47557
47558
47559
47560
47561
47562
47563
47564
47565
47566
47567
47568
47569
47570
47571
47572
47573
47574
47602
47604
47605
47607
47608
47609
47610
47644
47645
47646
47697
47698
47699
47700
47701
47702
47754
47755
47756
47757
47770
47771
47772
47773
47774
47787
47788
47789
47790
47799
47800
47801
47823
47825
47826
47828
47829
47830
47831
48142
48143
48145
48179
48342
48343
48344
48345
48387
48388
48389
48499
48500
48501
48534
48535
48571
48705
48706
48707
48930
48931
68284
68285
68286
68287
68288
68289
68290
68291
68292
68293
68294
68295
68296
68297
68298
68299
68300
68301
68302
68303
68304
68305
68306
68307
68308
68309
68310
68311
68326
68327
68328
68329
68330
68331
68332
68333
68334
68335
68336
68337
68338
68339
68340
68341
68342
68343
68344
68345
68346
68347
68348
68349
68350
68351
68786
68787
68788
68789
68790
68791
68792
68793
68794
68795
68796
68797
68798
68799
68800
68801
68802
68803
68804
68805
68806
68807
68808
68809
68810
68811
68812
68813
68835
68836
68837
68838
68839
68840
68841
68842
68843
68844
68845
68846
68847
68848
68849
68850
68851
68852
68853
68854
68855
68856
68857
68858
68859
68860
68861
68862
69051
69052
69053
69054
69055
69056
69057
69058
69059
69060
69061
69062
69063
69064
69065
69066
69067
69068
69069
69070
69071
69072
69073
69074
69075
69076
69100
69101
69102
69103
69104
69105
69106
69107
69108
69109
69110
69111
69112
69113
69114
69115
69116
69117
69118
69119
69120
69121
69122
69123
69124
69125
69532
69533
69534
69535
69536
69537
69538
69539
69540
69541
69542
69543
69544
69545
69546
69547
69548
69549
69550
69551
69552
69553
69554
69555
69556
69557
69558
69559
69583
69584
69585
69586
69587
69588
69589
69590
69591
69592
69593
69594
69595
69596
69597
69598
69599
69600
69601
69602
69603
69604
69605
69606
69607
69608
71010
71011
71012
71013
71014
71015
71016
71017
71018
71019
71021
71022
71023
71024
71025
71026
71027
71028
71029
71030
71037
71038
71039
71040
71041
71042
71064
71065
71066
71067
71068
71069
71070
71071
71072
71073
71074
71075
71076
71077
71078
71079
71080
71081
71082
71083
71084
71086
71087
71088
71089
71090
71091
71092
71093
71094
71095
71096
71097
71098
71099
71100
71101
71102
71103
71104
71111
71112
71113
71114
71115
71116
71117
71118
71119
71120
71121
71122
71123
71124
71143
71144
71145
71149
71150
71151
71231
71232
71233
71234
71235
71236
71237
71238
71239
71240
71241
71242
71243
71244
71245
71246
71247
71248
71249
71251
71252
71253
71254
71267
71268
71269
71270
71271
71272
71297
71298
71299
71300
71301
71302
71303
71304
71305
71306
71307
71308
71309
71310
71311
71312
71313
71314
71315
71316
71317
71318
71319
71320
71321
71322
71323
71324
71325
71326
71327
71328
71329
71330
71331
71332
71333
71334
71335
71336
71337
71338
71339
71340
71341
71342
71343
71344
71345
71346
71347
71348
71349
71350
71351
71352
71353
71354
71355
71356
71357
71358
71359
71360
71361
71362
71363
71364
71365
71366
71367
71368
71369
71370
71371
71372
71373
71374
71375
71376
71377
71378
71379
71380
71381
71382
71383
71384
71385
71386
71387
71388
71389
71390
71391
71392
71393
71394
71395
71396
71397
71398
71399
71400
71401
71402
71403
71404
71405
71406
71407
71408
71409
71410
71411
71412
71413
71414
71415
71416
71417
71418
71419
71420
71421
71422
71423
71424
71425
71426
71427
71428
71429
71430
71431
71432
71433
71434
71435
71436
71437
71438
71439
71440
71441
71442
71443
71444
71445
71446
71447
71448
71449
71450
71451
71452
71453
71454
71455
71456
71457
71458
71459
71460
71461
71462
71466
71467
71468
71469
71470
71471
71472
71473
71474
71475
71476
71641
71642
71643
71644
71645
71646
71649
71650
71652
71674
71675
71676
71677
71678
71679
71832
71833
71834
71835
71836
71837
71838
71839
71840
71841
71842
71843
71844
71845
71846
71847
71848
71849
71862
71863
71864
71865
71866
71867
71907
71908
71909
71910
71911
71912
71913
71914
71915
71916
71917
71918
71919
71920
71921
71922
71923
71924
71925
71926
71927
71929
71930
71931
71932
71933
71934
71935
71936
71937
71938
71939
71940
71941
71942
71943
71944
71945
71946
71947
71948
71949
71950
71951
71952
71953
71954
71955
71956
71957
71958
71959
71960
71961
71968
71969
71970
71971
71972
71973
71974
71975
71976
71977
71978
71979
71980
71981
71982
71983
71984
71985
71986
71987
71988
71989
71990
71991
71992
71993
71994
71995
71996
71997
71998
71999
72000
72001
72002
72003
72004
72005
72006
72007
72008
72009
72010
72011
72012
72013
72014
72015
72016
72017
72018
72019
72020
72021
72022
72023
72024
72025
72026
72027
72028
72029
72030
72031
72032
72033
72034
72035
72036
72037
72038
72039
72040
72041
72042
72043
72044
72045
72046
72047
72048
72049
72050
72051
72052
72053
72054
72055
72056
72057
72058
72059
72060
72061
72062
72063
72064
72065
72066
72067
72068
72069
72070
72071
72072
72073
72074
72075
72076
72077
72078
72079
72080
72081
72082
72083
72084
72085
72086
72087
72088
72089
72090
72103
72104
72106
72203
72204
72205
72209
72210
72211
72245
72246
72247
72248
72249
72250
72251
72252
72253
72254
72255
72256
72257
72258
72259
72260
72261
72262
72263
72264
72265
72266
72267
72268
72269
72270
72271
72272
72273
72274
72275
72276
72277
72278
72279
72280
72281
72282
72283
72284
72285
72286
72287
72288
72289
72290
72291
72292
72293
72294
72298
72299
72300
72301
72302
72303
72304
72305
72306
72313
72314
72315
72316
72317
72318
72319
72320
72321
72322
72323
72324
72325
72326
72327
72328
72329
72330
72464
72465
72466
72467
72468
72469
72478
72479
72480
72488
72489
72490
72491
72492
72493
72515
72516
72517
72518
72519
72520
72527
72528
72529
72530
72531
72532
72533
72534
72535
72536
72537
72538
72545
72546
72547
72548
72549
72550
72572
72573
72575
73797
73798
73799
73800
73801
73802
73803
73804
73805
73806
73807
73808
73809
73810
73811
73818
73819
73820
73821
73822
73823
73824
73825
73826
73833
73834
73835
73836
73837
73838
73845
73847
73848
73849
73851
73852
73853
73854
73855
73856
73857
73858
73859
73860
73861
73862
73869
73870
73871
73872
73873
73874
73881
73882
73883
73884
73885
73886
73893
73894
73895
73896
73897
73898
73899
73900
73901
73923
73924
73925
73926
73927
73928
73929
73930
73931
73932
73933
73934
73935
73936
73937
73953
73955
73958
73965
73966
73969
74067
74068
74069
74070
74071
74072
74073
74074
74075
74076
74077
74078
74079
74080
74081
74082
74083
74084
74085
74086
74087
74088
74089
74090
74091
74092
74093
74094
74095
74096
74097
74098
74099
74106
74107
74108
74109
74110
74111
74112
74113
74114
74115
74116
74117
74118
74119
74120
74121
74122
74123
74124
74125
74126
74127
74128
74129
74130
74131
74132
74133
74134
74135
74136
74137
74138
74139
74140
74141
74142
74143
74144
74145
74146
74147
74148
74149
74150
74151
74152
74153
74154
74155
74156
74157
74158
74159
74160
74161
74162
74163
74164
74168
74169
74170
74171
74172
74173
74174
74175
74176
74177
74178
74179
74180
74181
74182
74183
74184
74185
74186
74187
74188
74189
74190
74191
74192
74193
74194
74195
74196
74197
74198
74199
74200
74201
74202
74203
74204
74205
74206
74207
74208
74209
74210
74211
74212
74213
74214
74215
74216
74217
74218
74219
74220
74221
74222
74223
74224
74229
74230
74231
74232
74233
74234
74235
74236
74237
74238
74239
74240
74241
74242
74243
74244
74266
74267
74268
74269
74270
74271
74278
74280
74283
74296
74297
74298
74299
74300
74301
74302
74303
74304
74351
74352
74353
74354
74355
74356
74357
74358
74359
74360
74361
74362
74363
74364
74365
74366
74367
74368
74369
74370
74371
74372
74373
74374
74387
74388
74389
74390
74391
74392
74393
74395
74396
74397
74405
74406
74407
74408
74409
74410
74411
74412
74413
74414
74415
74416
74417
74418
74419
74420
74421
74422
74423
74424
74425
74426
74427
74428
74429
74430
74431
74432
74433
74434
74438
74439
74440
74441
74442
74443
74444
74445
74446
74447
74448
74449
74450
74451
74452
74453
74454
74455
74456
74457
74458
74459
74460
74461
74462
74463
74464
74465
74466
74467
74468
74469
74470
74471
74472
74473
74474
74475
74476
74477
74478
74479
74480
74481
74482
74483
74484
74485
74486
74487
74488
74489
74490
74491
74492
74493
74494
74495
74496
74501
74502
74503
74504
74505
74506
74507
74508
74509
74510
74511
74512
74513
74514
74515
74516
74517
74518
74519
74520
74588
74589
74590
74591
74592
74593
74594
74595
74596
74597
74598
74599
74600
74601
74602
74603
74604
74605
74618
74619
74620
74621
74622
74623
74624
74625
74626
74627
74628
74629
74630
74631
74632
74639
74640
74641
74642
74643
74644
74645
74646
74647
74648
74649
74650
74651
74652
74653
74654
74655
74656
74657
74658
74659
74660
74661
74662
74663
74664
74665
74666
74667
74668
74669
74670
74671
74672
74673
74674
74675
74680
74681
74682
74683
74684
74685
74686
74687
74688
74689
74690
74691
74692
74693
74694
74695
74696
74697
74698
74699
74700
74701
74702
74703
74704
74705
74706
74707
74708
74709
74710
74711
74712
74713
74714
74715
74716
74717
74718
74719
74720
74721
74722
74723
74724
74725
74726
74727
74728
74729
74730
74731
74732
74733
74734
74735
74736
74737
74738
74848
74849
74850
74851
74852
74853
74854
74855
74856
74857
74858
74859
74860
74861
74862
74893
74894
74897
74899
74900
74903
74911
74912
74913
74914
74915
74916
74917
74918
74919
74920
74921
74922
74923
74924
74925
74926
74927
74928
74929
74930
74931
74932
74933
74934
74935
74936
74937
74938
74939
74940
74941
74942
74943
74944
74945
74946
74947
74948
74949
74950
74955
74956
74957
74958
74959
74960
74961
74962
74963
74964
74965
74966
74967
74968
74969
74970
74971
74972
74973
74974
74975
74976
74977
74978
74979
74980
74981
74982
74983
74984
74985
74986
74987
74988
74989
74990
74991
74992
74993
74994
74995
74996
74997
74998
74999
75000
75001
75002
75003
75004
75005
75006
75007
75008
75009
75010
75011
75012
75013
75014
75015
75016
75027
75028
75029
75030
75031
75032
75033
75034
75035
75036
75037
75038
75039
75040
75041
75042
75043
75044
75045
75046
75047
75048
75049
75050
75051
75052
75053
75054
75055
75056
75057
75058
75059
75060
75061
75062
75063
75064
75065
75066
75067
75068
75069
75070
75071
75072
75073
75074
75075
75076
75077
75078
75134
75135
75136
75137
75138
75139
75161
75162
75165
75167
75168
75169
75170
75171
75172
75173
75174
75175
75194
75195
75196
75197
75198
75199
75200
75201
75202
75203
75204
75205
75206
75207
75208
75209
75210
75211
75212
75213
75214
75215
75216
75217
75218
75219
75220
75221
75222
75223
75224
75225
75226
75227
75228
75229
75230
75231
75232
75233
75234
75235
75236
75237
75238
75239
75240
75241
75242
75243
75244
75245
76460
76462
76463
76465
76466
76467
76468
76469
76499
76500
76502
76503
76505
76544
76545
76546
76547
76548
76766
76768
76769
76771
76772
76773
76774
76775
76805
76806
76807
76809
76810
76812
77004
77005
77010
77011
77013
77037
77039
77040
77041
77043
77241
77242
77243
77244
77245
77280
77281
77282
77287
77288
77290
77316
77317
77319
77320
77322
134068
134069
134072
134083
134084
134085
134086
134087
134096
134097
134098
134099
134100
134106
134107
134108
134109
134115
134116
134117
134118
134119
134120
134121
134122
134123
134124
134223
134224
134226
134227
134258
134260
134261
134288
134289
134290
134291
134292
134298
134299
134300
134301
134302
134303
134304
134305
134310
134311
134312
134313
134314
134315
134316
134317
134319
134320
134321
134322
134323
134324
134325
134326
134327
134328
134329
134330
134331
134332
134339
134340
134341
134342
134343
134345
134346
134347
134348
134349
134350
134351
134352
134353
134359
134360
134361
134362
134363
134364
134366
134367
134368
134370
134371
134372
134373
134374
134375
134376
134377
134378
134483
134484
134486
134487
134512
134513
134514
134515
134521
134523
134524
134558
134560
134561
134562
134563
134565
134566
134567
134568
134569
134570
134571
134572
134573
134578
134579
134580
134581
134582
134583
134585
134586
134587
134588
134590
134591
134592
134593
134594
134595
134596
134597
134598
134604
134605
134606
134607
134608
134609
134610
134611
134617
134618
134619
134620
134621
134623
134624
134626
134627
134628
134629
134630
134631
134632
134633
134634
134635
134636
134637
134638
134866
134867
134868
134869
134874
134875
134876
134877
134878
134883
134884
134885
134886
134887
134888
134889
134890
134891
134892
134893
134912
134915
134927
134928
134929
134930
135421
135422
135474
135475
135476
135477
135478
135481
135486
135487
135488
135489
135490
135491
135492
135493
135494
135495
135496
135497
135501
135502
135503
135504
135505
135517
135518
135519
135520
135521
135524
135529
135530
135531
135532
135533
135534
135535
135536
135537
135538
135539
135540
135544
135545
135546
135547
135548
135561
135562
135563
135565
135566
135567
135568
135569
135570
135571
135572
135573
135574
135575
135576
135577
135578
135579
135580
135581
135582
135583
135584
135586
135587
135588
135589
135591
135592
135593
135594
135605
135607
135608
135609
135610
135611
135612
135613
135614
135615
135616
135618
135619
135620
135621
135622
135623
135624
135625
135626
135627
135628
135630
135631
135632
135633
135634
135635
135636
135638
135639
135640
135641
135642
135643
135644
135645
135646
135647
135648
135649
135650
135651
135652
135653
135654
135655
135657
135658
135659
135660
135661
135662
135663
135664
135665
135666
135667
135669
135670
135671
135672
135673
135674
135675
135676
135677
135678
135679
135680
135681
135682
135684
135685
135686
135687
135688
135689
135690
135691
135693
135694
135695
135696
135697
135698
135699
135700
135701
135702
135703
135704
135705
135706
135707
135708
135709
135710
135790
135791
135792
135793
135794
135797
135802
135803
135804
135805
135806
135807
135808
135809
135810
135811
135816
135817
135818
135819
135831
135883
135885
135886
135887
135888
135890
135891
135892
135893
135894
135895
135896
135897
135898
135899
135900
135901
135902
135903
135904
135905
135906
135907
135908
135909
135910
135912
135913
135914
135915
135917
135918
135919
135920
135932
135933
135934
135936
135939
135945
135946
135947
135948
135949
135950
135951
135952
135953
135954
135955
135960
135961
135962
135963
136281
136282
136285
136297
136298
136299
136300
136301
136366
136367
136368
136369
136370
136371
136372
136373
136374
136381
136382
136383
136384
136385
136386
136387
136388
136389
136390
136399
136401
136402
136403
136404
136405
136406
136407
136408
136409
136410
136412
136413
136414
136415
136416
136417
136418
136419
136420
136421
136422
136424
136425
136426
136427
136429
136430
136431
136432
136433
136434
136435
136436
136437
136438
136439
136440
136441
136442
136443
136444
136445
136446
136447
136448
136449
136451
136452
136453
136454
136455
136456
136457
136458
136459
136460
136463
136464
136465
136466
136467
136468
136469
136470
136471
136472
136473
136474
136475
136476
136478
136479
136480
136481
136482
136484
136485
136486
136487
136488
136489
136490
136491
136492
136493
136494
136495
136496
136497
136498
136499
136500
136501
136502
136503
136504
136667
136669
136681
136682
136683
136684
136703
136704
136705
136706
136707
136708
136709
136710
136711
136719
136720
136721
136722
136723
136724
136725
136726
136727
136728
136974
136975
136976
136978
137012
137013
137014
137015
137016
137017
137018
137019
137024
137025
137026
137027
137028
137029
137030
137031
137033
137034
137035
137036
137037
137038
137039
137040
137041
137042
137043
137044
137045
137046
137052
137054
137055
137082
137083
137084
137085
137086
137093
137094
137095
137096
137097
137099
137100
137101
137102
137103
137104
137105
137106
137107
137108
137109
137110
137111
137112
137119
137120
137121
137122
137123
137124
137125
137126
137127
137128
137130
137131
137132
137240
137241
137242
137243
137244
137245
137246
137247
137248
137253
137254
137255
137256
137257
137259
137260
137262
137263
137264
137265
137266
137267
137268
137269
137270
137271
137272
137273
137274
137275
137281
137282
137284
137318
137320
137321
137322
137323
137324
137326
137327
137328
137329
137330
137331
137332
137333
137334
137335
137336
137337
137338
137339
137347
137348
137349
137350
137351
137352
137353
137354
137355
137356
137357
137359
137360
137361
137368
137369
137395
137396
137397
137398
137638
137639
137640
137642
137659
137660
137661
137662
137676
137678
137679
137680
137681
137683
137684
137685
137686
137687
137688
137689
137690
137691
137696
137697
137698
137699
137700
137701
137703
137704
137705
137706
137708
137709
137710
137711
137712
137713
137714
137715
137716
137722
137724
137725
137762
137763
137764
137765
137766
137767
137768
137769
137770
137771
137772
137773
137774
137780
137781
137782
137783
137784
137785
137786
137787
137788
137789
137790
137791
137792
137794
137795
137955
137956
137958
137959
137960
137961
137963
137964
137965
137966
137967
137968
137969
137970
137971
137976
137977
137978
137979
137980
137981
137983
137984
137985
137986
137988
137989
137990
137991
137992
137993
137994
137995
137996
138002
138003
138005
138023
138024
138025
138039
138040
138041
138042
138043
138044
138045
138046
138047
138048
138049
138050
138051
138052
138059
138060
138061
138062
138063
138064
138065
138066
138067
138068
138069
138070
138071
138074
138075
138083
138084
138368
138369
138370
138371
138376
138377
138378
138379
138380
138385
138386
138387
138388
138389
138390
138391
138392
138393
138394
138395
138410
138413
138421
138422
138423
138424
138450
138452
138453
138454
138455
138456
138457
138458
138459
138460
138461
138462
138464
138465
138466
138467
138468
138469
138470
138471
138472
138473
138474
138475
138476
138477
138479
138480
138481
138482
138483
138484
138485
138486
138488
138489
138490
138491
138492
138493
138494
138495
138496
138497
138498
138499
138500
138501
138502
138503
138504
138505
138506
138508
138509
138510
138511
138512
138513
138514
138515
138516
138517
138519
138521
138522
138523
138524
138525
138526
138527
138528
138529
138530
138531
138532
138533
138534
138535
138536
138538
138539
138540
138541
138542
138543
138544
138545
138547
138548
138549
138550
138551
138552
138553
138554
138555
138556
138557
138558
138559
138560
138561
138562
138563
138564
138721
138722
138723
138724
138729
138730
138731
138732
138738
138739
138740
138741
138742
138743
138744
138745
138746
138747
138748
138803
138811
138812
138813
139071
139072
139073
139074
139075
139077
139079
139080
139081
139082
139083
139084
139085
139086
139087
139088
139093
139094
139095
139096
139112
139114
139115
139116
139117
139119
139120
139121
139122
139123
139124
139125
139126
139127
139128
139129
139130
139131
139132
139133
139134
139135
139136
139137
139138
139139
139141
139142
139143
139144
139146
139147
139148
139149
139161
139213
139214
139215
139216
139219
139221
139222
139223
139224
139225
139226
139227
139228
139229
139230
139231
139237
139238
139239
139240
139255
139257
139258
139259
139260
139261
139262
139263
139264
139265
139266
139269
139270
139271
139272
139273
139274
139275
139276
139277
139278
139279
139280
139281
139282
139284
139285
139286
139287
139288
139290
139291
139292
139293
139294
139295
139296
139297
139298
139299
139300
139301
139302
139303
139304
139305
139306
139307
139308
139309
139310
139311
139313
139314
139315
139316
139317
139318
139319
139320
139321
139322
139323
139326
139327
139328
139329
139330
139331
139332
139333
139334
139335
139336
139337
139338
139339
139340
139341
139343
139344
139345
139346
139347
139349
139350
139351
139352
139353
139354
139355
139356
139357
139358
139359
139360
139361
139362
139363
139364
139365
139366
139367
139368
139369
139497
139498
139500
139501
139502
139504
139505
139506
139507
139508
139509
139510
139511
139512
139513
139514
139515
139516
139517
139518
139519
139520
139521
139522
139523
139524
139526
139527
139528
139529
139530
139532
139533
139534
139535
139547
139548
139549
139550
139553
139555
139556
139557
139558
139559
139560
139561
139562
139563
139564
139571
139572
139573
139590
139591
139592
139593
139596
139598
139599
139600
139601
139602
139603
139604
139605
139606
139607
139614
139615
139616
140190
140192
140198
140199
140200
140201
140221
140222
140223
140224
140225
140226
140227
140228
140229
140237
140238
140239
140240
140241
140242
140243
140244
140245
140246
140421
140422
140423
140424
140425
140426
140427
140428
140429
140430
140431
140432
140433
140434
140439
140440
140441
140442
140443
140444
140445
140446
140447
140448
140449
140450
140451
140452
140454
140455
140462
140464
140465
140466
140467
140468
140470
140471
140472
140473
140474
140475
140476
140477
140478
140479
140480
140481
140482
140483
140491
140492
140493
140494
140495
140496
140497
140498
140499
140500
140501
140503
140504
140505
140511
140512
140514
140548
140550
140569
140570
140571
140572
140738
140739
140741
140742
140743
140744
140746
140747
140748
140749
140750
140751
140752
140753
140754
140755
140756
140757
140758
140759
140764
140766
140767
140768
140769
140770
140771
140772
140773
140774
140775
140777
140778
140779
140785
140786
140787
140788
140789
140790
140791
140792
140793
140794
140795
140796
140797
140798
140805
140806
140807
140808
140809
140810
140811
140812
140813
140814
140815
140816
140817
140820
140821
140828
140829
140831
140849
140850
140851
140865
140867
141063
141064
141065
141066
141067
141068
141069
141070
141076
141077
141078
141079
141080
141081
141082
141083
141084
141085
141086
141106
141114
141115
141116
144830
144831
145116
145117
145118
145119
145120
145122
145123
145125
145143
145144
145145
145146
145147
145148
145157
145158
145159
145160
145161
145162
145163
145164
145165
145166
145167
145168
145169
145170
145171
145172
145181
145182
145183
145184
145185
145222
145223
145224
145225
145226
145237
145238
145239
145240
145241
145258
145259
145260
145261
145324
145325
145326
145327
145328
145329
145330
145331
145332
145333
145334
145335
145336
145337
145338
145339
145348
145349
145350
145351
145352
145353
145362
145363
145364
145365
145368
145369
145371
145389
145390
145391
145392
145393
145399
145400
145401
145402
145418
145419
145420
145421
145422
145466
145467
145468
145469
145537
145944
145948
145949
145950
145983
145987
145988
145989
146016
146017
146018
146019
146020
146021
146022
146023
146024
146025
146026
146027
146028
146029
146157
146158
146159
146160
146161
146202
146203
146204
146205
146206
146207
146208
146209
146210
146211
146212
146213
146214
146215
146216
146217
146218
146219
146220
146221
146222
146223
146224
146225
146226
146227
146228
146229
146230
146231
146232
146233
146234
146235
146236
146237
146242
146243
146244
146245
146246
146247
146248
146249
146250
146251
146252
146253
146254
146255
146256
146257
146258
146259
146260
146261
146262
146263
146264
146265
146266
146267
146268
146269
146270
146271
146272
146273
146274
146275
146276
146277
146278
146279
146280
146281
146282
146283
146284
146285
146286
146287
146288
146289
146290
146291
146292
146293
146294
146295
146296
146297
146298
146300
146301
146302
146303
146304
146305
146306
146307
146308
146309
146310
146311
146312
146313
146314
146315
146316
146317
146318
146319
146320
146321
146350
146351
146352
146355
146356
146357
146358
146359
146360
146361
146362
146365
146370
146371
146372
146373
146374
146375
146376
146377
146378
146382
146383
146384
146385
146386
146387
146388
146389
146391
146392
146393
146394
146395
146396
146397
146398
146399
146404
146405
146406
146407
146408
146409
146413
146414
146415
146416
146417
146418
146419
146420
146421
146422
146423
146424
146425
146426
146427
146428
146429
146430
146431
146432
146433
146434
146435
146436
146437
146438
146439
146440
146441
146442
146443
146444
146445
146446
146447
146452
146453
146454
146455
146456
146457
146458
146459
146460
146461
146462
146463
146464
146465
146466
146467
146468
146469
146470
146471
146472
146473
146474
146475
146476
146477
146478
146479
146480
146481
146482
146483
146484
146485
146486
146487
146488
146489
146490
146491
146492
146493
146494
146495
146496
146497
146498
146499
146504
146505
146506
146507
146508
146509
146510
146511
146512
146513
146514
146515
146516
146517
146518
146519
146520
146521
146522
146523
146524
146525
146526
146527
146528
146529
146530
146531
146532
146533
146534
146535
146536
146537
146538
146539
146540
146541
146542
146543
146544
146545
146546
146547
146548
146549
146550
146551
146552
146553
146558
146559
146560
146561
146562
146563
146564
146565
146566
146567
146568
146569
146570
146571
146572
146573
146574
146575
146576
146577
146578
146579
146580
146581
146582
146583
146584
146585
146586
146587
146588
146589
146590
146591
146592
146593
146594
146595
146596
146597
146598
146599
146600
146601
146602
146603
146604
146605
146606
146611
146612
146613
146614
146615
146616
146617
146618
146619
146620
146621
146622
146623
146624
146625
146626
146627
146628
146629
146630
146631
146632
146633
146634
146635
146636
146637
146638
146639
146640
146641
146642
146643
146644
146645
146646
146647
146648
146649
146650
146651
146652
146653
146654
146655
146656
146657
146658
146659
146660
146665
146666
146667
146668
146678
146679
146680
146681
146682
146683
146684
146685
146686
146687
146688
146689
146690
146691
146692
146693
146694
146695
146696
146697
146698
146699
146700
146701
146702
146703
146704
146705
146706
146707
146708
146709
146710
146711
146712
146713
146714
146715
146716
146717
146718
146719
146720
146721
146722
146725
146726
146727
146728
146729
146730
146731
146732
146733
146734
146735
146736
146737
146738
146739
146740
146741
146742
146743
146744
146745
146746
146749
146754
146755
146756
146757
146758
146759
146760
146765
146766
146767
146768
146769
146770
146771
146773
146774
146775
146776
146777
146778
146779
146780
146781
146782
146783
146784
146785
146786
146818
146820
146823
146824
146825
146826
146827
146828
146829
146830
146831
146837
146838
146839
146840
146841
146842
146847
146848
146849
146850
146851
146852
146853
146854
146855
146856
146857
146858
146859
146860
146861
146862
146863
146864
146865
146921
146922
146923
146924
146925
146926
146927
146928
146929
146930
146931
146959
146963
146964
146965
147042
147043
147044
147045
147194
147195
147329
147330
147331
147332
147333
147334
147335
147336
147337
147338
147339
147340
147341
147342
147343
147344
147345
147346
147347
147348
147349
147350
147351
147352
147353
147354
147355
147356
147357
147358
147359
147360
147361
147362
147363
147364
147365
147366
147367
147368
147369
147370
147371
147372
147373
147374
147375
147377
147378
147379
147380
147381
147382
147383
147384
147385
147386
147387
147388
147389
147390
147391
147392
147393
147394
147395
147396
147397
147398
147399
147400
147401
147402
147403
147404
147405
147406
147407
147408
147409
147410
147411
147412
147413
147414
147415
147416
147417
147418
147419
147420
147421
147422
147423
147428
147429
147430
147431
147432
147433
147434
147435
147436
147437
147438
147439
147440
147441
147442
147443
147444
147445
147446
147447
147448
147449
147450
147451
147452
147453
147454
147455
147490
147491
147492
147495
147496
147497
147498
147499
147500
147501
147502
147507
147508
147509
147510
147511
147512
147516
147517
147518
147519
147520
147521
147522
147523
147524
147525
147526
147527
147528
147529
147530
147531
147532
147533
147534
147535
147536
147537
147538
147539
147540
147541
147542
147545
147550
147551
147552
147553
147554
147555
147556
147557
147558
147562
147563
147564
147565
147566
147567
147568
147569
147571
147572
147573
147574
147575
147576
147577
147578
147579
147580
147581
147582
147583
147584
147585
147586
147587
147588
147589
147600
147601
147602
147603
147625
147626
147627
147628
147629
147630
147631
147632
147633
147634
147635
147636
147637
147638
147639
147640
147641
147642
147643
147644
147646
147647
147648
147649
147650
147651
147652
147653
147654
147655
147656
147657
147658
147659
147660
147661
147662
147668
147669
147670
147671
147672
147673
147674
147675
147676
147677
147678
147679
147680
147681
147682
147683
147684
147685
147686
147687
147688
147689
147690
147695
147696
147697
147698
147699
147704
147705
147706
147707
147708
147709
147710
147711
147712
147713
147714
147715
147716
147717
147718
147719
147720
147721
147722
147723
147724
147725
147726
147727
147728
147729
147730
147731
147732
147733
147734
147735
147773
147775
147778
147779
147780
147781
147782
147783
147784
147786
147789
147795
147796
147797
147798
147799
147800
147801
147802
147803
147808
147809
147810
147811
147812
147813
147814
147815
147817
147823
147954
147955
147956
147957
147958
147960
147961
147963
147981
147982
147983
147984
147985
147986
148046
148047
148048
148049
148054
148055
148056
148057
148058
148059
148060
148061
148062
148063
148064
148065
148069
148070
148071
148072
148073
148115
148116
148117
148118
148119
148130
148131
148132
148133
148134
148146
148147
148148
148149
148160
148161
148162
148163
148164
148165
148166
148167
148168
148169
148170
148171
148172
148173
148174
148175
148176
148177
148178
148179
148184
148185
148186
148187
148188
148189
148190
148191
148192
148193
148194
148195
148196
148197
148198
148199
148200
148201
148202
148203
148204
148205
148206
148207
148208
148209
148210
148211
148212
148213
148214
148215
148216
148217
148218
148219
148220
148221
148222
148223
148224
148225
148226
148227
148232
148233
148234
148235
148236
148237
148238
148239
148240
148241
148242
148243
148244
148245
148246
148247
148248
148249
148250
148251
148252
148253
148254
148255
148256
148257
148258
148259
148260
148261
148262
148263
148264
148265
148266
148267
148268
148269
148270
148271
148272
148273
148274
148275
148276
148277
148278
148280
148281
148282
148283
148284
148285
148286
148287
148288
148295
148296
148297
148298
148299
148300
148301
148302
148303
148304
148305
148306
148307
148308
148309
148310
148311
148312
148313
148314
148315
148316
148317
148318
148319
148320
148321
148322
148323
148324
148325
148326
148327
148328
148329
148330
148331
148332
148333
148334
148335
148336
148337
148338
148339
148340
148341
148347
148348
148349
148350
148351
148352
148353
148354
148355
148356
148357
148358
148359
148360
148361
148362
148363
148364
148365
148366
148367
148368
148369
148370
148371
148372
148373
148374
148375
148376
148377
148378
148379
148380
148381
148382
148434
148435
148436
148437
148442
148443
148444
148445
148446
148447
148448
148449
148450
148451
148452
148457
148458
148459
148460
148461
148553
148554
148555
148556
148566
148567
148568
148569
148580
148581
148582
148601
148602
148603
148604
148605
148606
148607
148608
148609
148610
148611
148612
148613
148614
148615
148616
148625
148626
148627
148628
148629
148630
148681
148682
148683
148684
148691
148692
148693
148698
148699
148700
148701
148702
148722
148723
148724
148725
148741
148742
148743
148744
148745
148781
148782
148783
148784
148798
148799
148800
148801
148802
148803
148804
148805
148806
148807
148808
148809
148810
148811
148812
148813
148814
148815
148816
148817
148818
148819
148820
148821
148826
148827
148828
148829
148830
148831
148832
148833
148834
148835
148836
148837
148838
148839
148840
148841
148842
148843
148844
148845
148846
148847
148848
148849
148850
148851
148852
148853
148854
148855
148856
148857
148858
148859
148860
148861
148862
148863
148864
148865
148870
148871
148872
148873
148874
148875
148876
148877
148878
148879
148880
148881
148882
148883
148884
148885
148886
148887
148888
148889
148890
148891
148892
148893
148894
148895
148896
148897
148898
148899
148900
148901
148902
148903
148904
148905
148906
148907
148908
148909
148910
148911
148912
148913
148914
148915
148916
148917
148918
148919
148920
148921
148922
148923
148924
148925
148926
148927
148928
148929
148930
148937
148938
148939
148940
148941
148942
148943
148944
148945
148946
148947
148948
148949
148950
148951
148952
148953
148954
148955
148956
148957
148958
148959
148960
148961
148962
148963
148964
148965
148966
148967
148968
148969
148970
148971
148972
148973
148975
148976
148977
148978
148979
148985
148986
148987
148988
148989
148990
148991
148992
148993
148994
148995
148996
148997
148998
148999
149000
149001
149002
149003
149004
149005
149006
149007
149008
149009
149010
149011
149012
149013
149014
149015
149016
149017
149018
149019
149020
149081
149082
149083
149084
149090
149091
149092
149098
149099
149100
149101
149102
149164
149165
149166
149179
149180
149181
149182
149215
149216
149217
149242
149413
149414
149415
149416
149417
149418
149419
149420
149421
149422
149423
149424
149425
149426
149427
149428
149429
149430
149441
149442
149443
149444
149466
149467
149468
149469
149470
149471
149472
149473
149474
149475
149476
149477
149478
149479
149480
149481
149482
149483
149484
149485
149486
149487
149488
149489
149490
149491
149492
149493
149494
149495
149496
149497
149498
149499
149500
149501
149502
149503
149504
149505
149506
149507
149508
149509
149510
149511
149512
149513
149514
149515
149516
149519
149520
149521
149522
149523
149524
149525
149526
149527
149528
149529
149530
149531
149532
149533
149534
149535
149537
149539
149540
149541
149542
149543
149544
149545
149550
149551
149552
149553
149558
149559
149560
149561
149563
149564
149565
149566
149567
149568
149569
149570
149571
149572
149573
149574
149575
149613
149615
149618
149619
149620
149621
149622
149623
149624
149625
149626
149627
149628
149629
149630
149631
149632
149638
149639
149640
149641
149642
149643
149644
149645
149646
149647
149648
149649
149650
149651
149656
149657
149658
149659
149660
149661
149662
149663
149664
149665
149666
149667
149668
149669
149670
149671
149672
149673
149674
149675
149676
149677
149678
149679
149680
149681
149682
149683
149684
149685
149686
149687
149688
149689
149690
149691
149692
149693
149694
149695
149696
149697
149698
149699
149700
149701
149702
149703
149704
149705
149706
149707
149708
149709
149710
149711
149712
149713
149719
149720
149721
149722
149723
149724
149725
149726
149727
149728
149729
149730
149731
149732
149733
149734
149735
149736
149737
149738
149739
149740
149741
149742
149743
149744
149745
149746
149747
149748
149749
149750
149751
149752
149753
149754
149755
149756
149757
149758
149759
149760
149761
149762
149763
149764
149765
149766
149767
149768
149769
149770
149773
149774
149775
149776
149777
149778
149779
149780
149781
149782
149783
149784
149785
149786
149787
149788
149790
149791
149792
149793
149794
149795
149796
149797
149798
149799
149812
149813
149814
149837
149838
149839
149840
149841
149842
149843
149844
149847
149849
149850
149851
149852
149853
149854
149855
149856
149863
149864
149865
149866
149872
149873
149874
149875
149876
149878
149879
149880
149881
149882
149883
149884
149885
149886
149887
149888
149889
149890
149891
149892
149893
149900
149901
149902
149903
149904
149905
149906
149907
149908
149909
149910
149911
149912
149913
149919
149920
149921
149922
149923
149924
149925
149926
149927
149928
149929
149930
149931
149932
149933
149934
149935
149936
149976
150112
150113
150114
150115
150116
150117
150118
150119
150120
150121
150122
150196
150200
150201
150202
150288
150289
150290
150291
150382
150383
150384
150385
150386
150387
150388
150389
150390
150392
150397
150398
150399
150400
150401
150402
150407
150408
150409
150410
150438
150439
150440
150441
150442
150443
150444
150445
150446
150447
150448
150449
150450
150451
150452
150453
150454
150455
150456
150457
150459
150460
150461
150462
150463
150464
150465
150466
150467
150468
150469
150470
150471
150472
150473
150474
150475
150476
150477
150478
150479
150480
150481
150482
150483
150484
150485
150486
150487
150488
150489
150495
150496
150497
150498
150499
150500
150501
150502
150503
150504
150505
150506
150507
150508
150513
150514
150515
150516
150517
150518
150519
150520
150521
150522
150523
150524
150525
150526
150531
150532
150533
150534
150535
150536
150537
150538
150539
150540
150541
150542
150543
150544
150545
150546
150547
150548
150580
150582
150585
150586
150587
150588
150589
150590
150591
150592
150595
150597
150598
150599
150600
150601
150602
150603
150604
150605
150611
150612
150613
150614
150615
150620
150621
150622
150623
150625
150626
150627
150628
150629
150630
150631
150632
150633
150634
150635
150636
150638
150639
150640
150641
150642
150643
150644
150645
150646
150653
150654
150655
150656
150657
150658
150659
150660
150661
150662
150663
150664
150665
150666
150667
150668
150669
150670
150671
150672
150673
150674
150675
150676
150677
150678
150679
150680
150681
150682
150683
150684
150685
150686
150687
150688
150689
150690
150691
150692
150693
150694
150695
150696
150697
150698
150699
150700
150701
150702
150703
150704
150705
150706
150707
150708
150709
150710
150716
150717
150718
150719
150720
150721
150722
150723
150724
150725
150726
150727
150728
150729
150730
150731
150732
150733
150734
150735
150736
150737
150738
150739
150740
150741
150742
150743
150744
150745
150746
150747
150748
150749
150750
150751
150752
150753
150754
150755
150756
150757
150758
150759
150760
150761
150762
150763
150764
150765
150766
150773
150774
150775
150776
150777
150778
150779
150780
150781
150782
150783
150784
150785
150786
150787
150788
150789
150790
150791
150792
150793
150794
150795
150796
150797
150798
150799
150800
150801
150802
150803
150804
150805
150806
150807
150808
150809
150810
150812
150813
150814
150815
150816
150817
150818
150819
150820
150821
150827
150828
150829
150830
150831
150832
150833
150834
150835
150836
150837
150838
150839
150840
150841
150842
150843
150844
150845
150846
150847
150848
150849
150850
150851
150852
150853
150854
150855
150856
150857
150858
150859
150860
150861
150862
150863
150864
150865
150866
150867
150868
150869
150870
150871
150872
150873
150874
150875
150876
150877
150878
150879
150880
150881
150882
150883
150884
150885
150886
150887
150888
150889
150890
150891
150892
150893
150894
150895
150896
150897
150898
150899
150900
150901
150902
150903
150904
150907
150908
150909
150910
150911
150912
150913
150914
150915
150916
150917
150918
150919
150920
150921
150922
150923
150924
150925
150926
150927
150928
150929
150930
150931
150932
150933
150934
150935
150936
150937
150938
150939
150940
150941
150942
150943
150944
150945
150946
150947
150948
150949
150950
150951
150952
150953
150954
150955
150956
150957
150958
150959
150960
150961
150962
150963
150964
150965
150966
150967
150968
150974
150975
150976
150977
150978
150979
150980
150981
150982
150983
150984
150985
150986
150987
150990
150992
150993
150994
150995
150996
150997
151007
151008
151009
151029
151030
151031
151032
151033
151034
151035
151036
151037
151038
151039
151040
151041
151042
151043
151044
151051
151052
151053
151054
151055
151056
151057
151058
151059
151060
151061
151062
151063
151064
151070
151071
151072
151073
151074
151075
151076
151077
151078
151079
151080
151081
151082
151083
151086
151088
151089
151090
151091
151092
151093
151094
151095
151102
151103
151104
151105
151111
151112
151113
151114
151115
151117
151118
151119
151120
151121
151122
151123
151124
151125
151126
151127
151128
151162
151179
151180
151181
151223
151224
151225
151301
151302
151303
151660
151978
151979
151980
151981
151986
151987
151988
151989
151990
151991
151992
151993
151994
151995
151996
152001
152002
152003
152004
152005
152139
152140
152141
152142
152159
152160
152161
152162
152173
152174
152175
152191
152192
152193
152194
152200
152201
152202
152208
152209
152210
152211
152212
152338
152339
152340
152349
152350
152351
152352
152389
152390
152391
155048
155049
155050
155051
155052
155053
155054
155055
155056
155057
155058
155059
155060
155075
155078
155084
155087
155106
155107
155108
155109
155114
155117
155128
155129
155130
155131
155132
155133
155134
155135
155140
155141
155142
155143
155144
155145
155146
155147
155148
155149
155150
155151
155152
155153
155154
155155
155156
155157
155158
155159
155160
155161
155162
155163
155164
155165
155166
155167
155168
155169
155170
155171
155172
155173
155174
155175
155176
155177
155178
155179
155180
155181
155182
155183
155184
155185
155307
155308
155309
155310
155311
155312
155314
155315
155316
155317
155318
155319
155320
155335
155336
155337
155338
155339
155340
155341
155342
155353
155354
155355
155356
155357
155358
155359
155360
155361
155362
155363
155364
155365
155366
155371
155372
155373
155374
155375
155376
155377
155378
155379
155380
155381
155385
155386
155387
155388
155393
155394
155395
155396
155401
155402
155403
155404
155405
155406
155407
155408
155409
155410
155411
155412
155413
155447
155448
155449
155450
155471
155472
155473
155474
155475
155476
155477
155478
155479
155480
155481
155487
155488
155489
155490
155491
155492
155493
155494
155495
155496
155497
155498
155499
155500
155501
155502
155503
155504
155505
155516
155517
155518
155519
155520
155521
155522
155523
155524
155525
155531
155532
155533
155534
155535
155536
155537
155538
155539
155540
155541
155542
155543
155544
155545
155546
155553
155554
155555
155557
155558
155559
155560
155561
155562
155563
155564
155565
155566
155567
155568
155569
155574
155575
155576
155577
155578
155579
155580
155581
155582
155583
155584
155585
155586
155587
155591
155592
155593
155594
155595
155596
155597
155602
155603
155604
155605
155611
155612
155613
155615
155616
155617
155618
155619
155638
155639
155640
155641
155642
155643
155644
155645
155646
155647
155653
155654
155655
155656
155693
155694
155695
155696
155697
155698
155699
155700
155701
155702
155703
155704
155705
155706
155707
155708
155715
155716
155717
155719
155720
155721
155722
155723
155724
155725
155726
155727
155728
155729
155730
155731
155737
155738
155739
155740
155741
155742
155743
155744
155745
155746
155747
155748
155749
155750
155751
155752
155753
155754
155755
155766
155767
155768
155769
155770
155771
155772
155773
155774
155775
155831
155832
155833
155834
155835
155836
155837
155838
155839
155840
155841
155842
155843
155844
155845
155846
155847
155848
155849
155850
155851
155852
155853
155854
155855
155856
155857
155858
155859
155860
155861
155862
155863
155864
155865
155866
155867
155868
155869
155870
155871
155872
155873
155874
155875
155876
155877
155878
155879
155897
155898
155899
155900
155909
155921
155922
155923
155924
155925
155926
155927
155928
156027
156028
156029
156030
156031
156032
156033
156044
156045
156046
156047
156048
156049
156050
156051
156052
156053
156054
156055
156056
156057
156085
156086
156087
156088
156089
156091
156092
156093
156094
156095
156096
156097
156232
156233
156234
156235
156240
156243
156254
156255
156256
156257
156258
156259
156260
156261
156280
156281
156282
156283
156284
156285
156286
156287
156288
156289
156290
156291
156292
156307
156310
156316
156319
156325
156326
156327
156328
156329
156330
156331
156332
156333
156334
156335
156336
156337
156338
156339
156340
156341
156342
156343
156344
156345
156346
156347
156348
156349
156350
156351
156352
156353
156354
156355
156356
156357
156358
156359
156360
156361
156362
156363
156364
156365
156366
156367
156368
156369
156370
156459
156460
156461
156462
156463
156464
156466
156467
156468
156469
156470
156471
156472
156532
156533
156534
156535
156536
156537
156538
156539
156556
156557
156558
156559
156560
156561
156562
156563
156564
156565
156566
156567
156568
156569
156583
156584
156585
156586
156587
156617
156618
156619
156620
156621
156622
156623
156624
156625
156626
156627
156628
156629
156630
156636
156637
156638
156639
156640
156641
156642
156643
156644
156645
156650
156651
156652
156653
156654
156655
156656
156657
156658
156659
156660
156661
156662
156663
156664
156665
156666
156667
156668
156669
156670
156671
156672
156673
156674
156675
156676
156677
156678
156679
156680
156686
156687
156688
156689
156690
156691
156692
156693
156694
156695
156712
156713
156714
156715
156716
156717
156718
156719
156720
156721
156722
156723
156724
156725
156726
156727
156728
156729
156730
156731
156732
156733
156734
156735
156736
156737
156738
156739
156740
156741
156742
156748
156749
156750
156751
156752
156753
156754
156755
156756
156757
156758
156759
156760
156761
156762
156763
156764
156765
156766
156767
156768
156769
156770
156771
156772
156773
156774
156775
156776
156777
156778
156779
156780
156781
156782
156783
156784
156789
156790
156791
156792
156793
156794
156795
156796
156797
156798
156799
156800
156801
156802
156803
156804
156805
156806
156807
156808
156809
156810
156811
156812
156813
156814
156815
156816
156817
156818
156819
156824
156825
156826
156827
156828
156829
156830
156831
156832
156833
156834
156835
156836
156837
156838
156839
156840
156841
156842
156843
156844
156845
156846
156847
156848
156849
156850
156851
156852
156853
156854
156860
156861
156862
156863
156878
156879
156880
156881
156882
156883
156884
156885
156886
156887
156888
156889
156890
156891
156897
156898
156899
156900
156901
156902
156903
156904
156905
156906
156907
156913
156914
156915
156916
156917
156918
156919
156920
156921
156922
156923
156924
156925
156926
156927
156928
156929
156930
156931
156932
156933
156934
156935
156936
156937
156938
156939
156940
156941
156942
156943
156944
157001
157002
157003
157004
157005
157006
157007
157008
157009
157010
157011
157012
157013
157014
157015
157016
157017
157018
157019
157020
157021
157022
157023
157024
157025
157026
157027
157028
157029
157030
157031
157032
157033
157034
157035
157036
157037
157038
157039
157040
157041
157042
157043
157044
157045
157046
157047
157048
157049
157067
157068
157069
157070
157071
157072
157073
157074
157075
157076
157077
157078
157079
157097
157104
157106
157128
157129
157130
157131
157132
157134
157135
157136
157137
157138
157139
157140
157204
157205
157206
157207
157208
157209
157210
157221
157222
157223
157224
157225
157226
157227
157228
157229
157231
157232
157233
157234
157403
157404
157405
157406
157407
157408
157409
157410
157411
157412
157413
157417
157418
157419
157420
157425
157426
157427
157428
157433
157434
157435
157436
157437
157438
157439
157440
157441
157442
157443
157444
157445
157479
157480
157481
157482
157483
157484
157485
157486
157487
157488
157489
157490
157491
157492
157493
157494
157495
157496
157497
157508
157509
157510
157511
157512
157513
157514
157515
157516
157517
157523
157524
157525
157526
157547
157548
157549
157550
157551
157552
157553
157554
157555
157556
157557
157563
157564
157565
157566
157567
157568
157569
157570
157571
157572
157573
157574
157575
157576
157577
157578
157580
157581
157582
157589
157590
157591
157592
157593
157594
157595
157596
157597
157598
157599
157600
157601
157606
157607
157608
157609
157610
157611
157612
157613
157614
157615
157616
157617
157618
157619
157620
157621
157622
157623
157624
157625
157626
157627
157636
157637
157638
157639
157640
157642
157643
157644
157651
157652
157653
157654
157655
157656
157657
157658
157659
157660
157661
157666
157667
157668
157669
157670
157677
157678
157679
157680
157686
157687
157688
157689
157690
157691
157692
157693
157694
157695
157696
157697
157698
157699
157700
157701
157702
157703
157704
157705
157706
157707
157708
157709
157710
157711
157712
157713
157714
157725
157726
157727
157728
157729
157730
157731
157732
157733
157734
157740
157741
157742
157743
157777
157778
157779
157780
157781
157782
157783
157784
157785
157786
157787
157788
157789
157790
157791
157792
157793
157795
157796
157797
157805
157806
157807
157808
157809
157810
157811
157812
157813
157814
157815
157816
157817
157818
157824
157825
157826
157846
157847
157848
157849
157850
157851
157852
157853
157854
157855
158022
158023
158024
158025
158026
158027
158028
158029
158030
158031
158032
158033
158034
158035
158039
158040
158041
158042
158043
158044
158045
158050
158051
158052
158053
158059
158060
158061
158063
158064
158065
158066
158067
158081
158082
158083
158084
158085
158086
158087
158088
158089
158090
158101
158102
158103
158104
158105
158106
158107
158108
158109
158110
158111
158112
158113
158114
158115
158116
158123
158124
158125
158127
158128
158129
158130
158131
158132
158133
158134
158135
158136
158137
158138
158139
158145
158146
158147
158148
158185
158186
158187
158188
158189
158190
158191
158192
158193
158194
158195
158196
158197
158198
158199
158200
158201
158202
158203
158214
158215
158216
158217
158218
158219
158220
158221
158222
158223
158228
158229
158230
158231
158232
158233
158234
158235
158236
158237
158238
158239
158240
158241
158242
158243
158252
158253
158254
158255
158256
158257
158258
158259
158260
158261
158262
158263
158264
158270
158271
158272
158273
158274
158275
158276
158277
158278
158279
158280
158281
158282
158283
158288
158289
158290
158291
158292
158293
158294
158295
158302
158303
158304
158305
158312
158313
158314
158315
158317
158318
158319
158320
158321
158322
158323
158324
158325
158326
158327
158328
158329
158330
158331
158332
158333
158339
158340
158341
158343
158344
158345
158346
158347
158348
158349
158350
158351
158352
158353
158354
158355
158356
158362
158363
158364
158365
158380
158381
158382
158383
158384
158385
158386
158387
158388
158399
158400
158401
158402
158403
158404
158405
158406
158407
158408
158409
158410
158411
158412
158413
158414
158415
158416
158417
158418
158430
158431
158432
158433
158434
158436
158437
158438
158439
158440
158446
158447
158448
158544
158545
158546
158547
158548
158549
158550
158551
158552
158553
158554
158555
158556
158557
158558
158559
158560
158561
158562
158563
158564
158565
158566
158567
158568
158569
158570
158571
158572
158573
158574
158575
158576
158577
158578
158579
158580
158581
158582
158583
158584
158585
158586
158587
158588
158589
158590
158591
158592
158643
158644
158645
158646
158667
158669
158670
158671
158672
158673
158674
158675
158676
158744
158745
158746
158747
158748
158749
158750
158761
158762
158763
158764
158765
158766
158767
158768
158769
158770
158771
158772
158773
158774
158849
158850
158851
158852
158853
158855
158856
158857
158858
158859
158860
158861
158876
158877
158878
158879
158880
158881
158882
158883
158884
158885
158886
158887
158888
158889
158890
158891
158892
158893
158894
158895
158896
158897
158898
158899
158900
158901
158902
158903
158904
158905
158906
158911
158912
158913
158914
158915
158916
158917
158918
158919
158920
158921
158922
158923
158924
158925
158926
158927
158928
158929
158930
158931
158932
158933
158934
158935
158936
158937
158938
158939
158940
158941
158942
158943
158944
158945
158946
158947
158948
158949
158950
158951
158952
158953
158954
158955
158956
158961
158962
158963
158964
158965
158966
158967
158968
158969
158970
158971
158972
158973
158974
158975
158976
158977
158978
158979
158980
158981
158982
158983
158989
158990
158991
158992
159031
159032
159033
159034
159035
159036
159037
159038
159039
159040
159041
159042
159043
159044
159050
159051
159052
159053
159054
159055
159056
159057
159058
159059
159060
159061
159062
159063
159064
159065
159066
159067
159068
159069
159087
159088
159089
159090
159091
159092
159093
159094
159095
159096
159097
159098
159099
159100
159101
159102
159103
159104
159105
159106
159107
159108
159109
159115
159116
159117
159118
159119
159120
159121
159122
159123
159124
159125
159126
159127
159128
159129
159130
159131
159132
159133
159134
159135
159136
159137
159138
159139
159140
159141
159142
159143
159144
159145
159146
159147
159154
159155
159156
159157
159158
159159
159160
159161
159162
159163
159164
159165
159166
159167
159168
159169
159170
159171
159172
159173
159174
159175
159176
159177
159178
159179
159180
159181
159182
159183
159184
159185
159186
159187
159188
159189
159190
159191
159192
159193
159194
159195
159196
159197
159198
159199
159200
159201
159202
159203
159210
159211
159212
159213
159214
159215
159216
159217
159218
159219
159220
159221
159222
159223
159224
159225
159226
159227
159228
159229
159230
159231
159232
159233
159240
159241
159242
159243
159244
159245
159246
159247
159248
159249
159250
159251
159252
159253
159254
159255
159256
159257
159258
159259
159260
159267
159268
159269
159270
159271
159272
159273
159274
159275
159276
159277
159278
159279
159280
159281
159282
159283
159284
159285
159286
159287
159288
159289
159290
159297
159298
159299
159315
159316
159317
159318
159319
159320
159321
159322
159323
159324
159325
159326
159327
159328
159338
159339
159340
159341
159342
159343
159344
159345
159346
159347
159348
159349
159380
159384
159397
159398
159399
159419
159421
159422
159423
159424
159425
159426
159427
159486
159487
159488
159489
159490
159491
159501
159502
159503
159504
159505
159506
159507
159508
159509
159510
159511
159512
159513
159583
159584
159585
159586
159588
159589
159590
159591
159592
159593
159594
159770
159771
159772
159773
159774
159775
159776
159777
159778
159779
159780
159781
159782
159783
159784
159785
159786
159787
159788
159789
159790
159791
159792
159793
159794
159795
159796
159797
159798
159799
159800
159801
159802
159803
159804
159805
159806
159807
159808
159809
159810
159811
159812
159813
159814
159815
159816
159817
159818
159869
159870
159871
159872
159873
159874
159875
159876
159877
159878
159879
159880
159881
159911
159914
159916
159951
159952
159953
159954
159955
159957
159958
159959
159960
159961
159962
159963
159977
159978
159979
159980
159981
159982
159983
160006
160007
160008
160009
160010
160011
160012
160013
160014
160016
160017
160018
160019
160123
160124
160125
160126
160127
160128
160129
160130
160131
160132
160133
160134
160135
160136
160137
160138
160139
160140
160141
160142
160143
160144
160153
160154
160155
160156
160157
160159
160160
160161
160168
160169
160170
160171
160172
160173
160174
160175
160176
160177
160178
160179
160180
160181
160182
160183
160194
160195
160196
160197
160198
160199
160200
160201
160202
160203
160204
160205
160206
160212
160213
160214
160215
160216
160217
160218
160219
160220
160221
160222
160223
160224
160225
160226
160227
160228
160229
160230
160231
160241
160242
160243
160244
160245
160246
160248
160249
160250
160251
160257
160258
160259
160260
160261
160262
160263
160264
160265
160266
160267
160268
160269
160270
160271
160272
160273
160275
160276
160277
160285
160286
160287
160288
160289
160290
160291
160292
160293
160294
160295
160296
160297
160298
160304
160305
160306
160307
160341
160342
160343
160359
160360
160361
160362
160363
160364
160365
160366
160367
160368
160377
160378
160379
160380
160381
160382
160383
160384
160385
160386
160387
160388
160389
160390
160391
160392
160401
160402
160403
160404
160405
160406
160407
160408
160409
160410
160411
160412
160413
160419
160420
160421
160422
160423
160424
160425
160426
160427
160428
160429
160430
160431
160432
160433
160434
160435
160436
160437
160438
160439
160440
160451
160452
160453
160454
160456
160457
160458
160459
160466
160467
160468
160469
160470
160471
160472
160473
160474
160475
160476
160477
160478
160479
160480
160481
160482
160484
160485
160486
160492
160493
160494
160495
160496
160497
160498
160499
160500
160501
160502
160503
160504
160505
160511
160512
160513
160514
160515
160516
160517
160518
160519
160520
160521
160522
160523
160524
160525
160526
160527
160528
160529
160530
160542
160543
160544
160545
160546
160548
160549
160550
160551
160552
160558
160559
160560
160561
160576
160577
160578
160579
160580
160581
160582
160583
160584
160595
160596
160597
160636
160637
160638
160658
160660
160661
160662
160663
160664
160665
160666
160683
160684
160685
160686
160687
160688
160689
160690
160691
160692
160693
160694
160725
160729
160784
160785
160786
160787
160788
160789
160798
160799
160800
160801
160802
160803
160804
160805
160806
160807
160809
160810
160811
160835
160836
160837
160838
160840
160841
160842
160843
160844
160845
160846
161745
161746
161747
161748
161783
161784
161785
161786
161857
161858
161859
161860
162539
162540
162541
162542
162581
162582
162583
162584
162623
162624
162625
162626
174875
174876
174877
174878
174879
174880
174881
174882
174883
174884
174885
174886
174887
174888
174902
174903
174904
174905
174906
174907
174908
174909
174910
174911
174912
174913
174914
174915
175259
175260
175261
175262
175263
175264
175265
175266
175267
175268
175269
175270
175271
175272
175286
175287
175288
175289
175290
175291
175292
175293
175294
175295
175296
175297
175298
175299
176197
176198
176199
176204
176205
176206
176237
176238
176239
176240
176241
176242
176243
176244
176245
176246
176247
176248
176249
176250
176251
176252
176253
176254
176255
176256
176257
176258
176259
176260
176261
176262
176263
176264
176265
176266
176267
176268
176269
176270
176271
176272
176273
176274
176275
176276
176277
176278
176279
176280
176281
176282
176283
176284
176285
176286
176287
176288
176289
176290
176291
176292
176293
176294
176295
176296
176297
176298
176299
176300
176301
176302
176303
176304
176305
176306
176307
176308
176309
176310
176311
176312
176313
176314
176315
176316
176317
176318
176319
176320
176321
176322
176323
176324
176325
176326
176327
176328
176329
176330
176331
176332
176475
176476
176477
176478
176479
176480
176585
176586
176587
176588
176589
176590
176591
176592
176593
176594
176595
176596
176597
176598
176599
176600
176601
176602
176603
176604
176605
176606
176607
176608
176609
176610
176611
176612
176613
176614
176615
176616
176617
176618
176619
176620
176621
176622
176623
176624
176625
176626
176627
176628
176629
176630
176631
176632
176633
176634
176635
176636
176637
176644
176646
176647
176648
176650
176651
176652
176653
176654
176655
176656
176657
176658
176659
176660
176661
176662
176663
176664
176665
176666
176667
176668
176669
176676
176677
176678
176679
176680
176681
176682
176683
176684
176685
176686
176687
176688
176689
176690
176691
176692
176693
176694
176695
176696
176697
176698
176699
176700
176701
176702
176703
176704
176705
176706
176707
176708
176709
176710
176711
176712
176713
176714
176715
176716
176717
176718
176719
176720
176721
176722
176723
176724
176725
176726
176727
176728
176729
176730
176731
176732
176809
176810
176812
176815
176816
176817
176818
176819
176820
176821
176822
176823
176824
176825
176826
176839
176840
176841
176843
176844
177039
177040
177041
177042
177043
177044
177045
177046
177047
177049
177050
177051
177053
177054
177055
177056
177057
177058
177059
177060
177061
177062
177063
177064
177065
177066
177067
177068
177069
177070
177071
177072
177073
177074
177075
177076
177077
177078
177091
177092
177093
177094
177095
177096
177097
177098
177100
177103
177104
177105
177106
177107
177108
177115
177116
177117
177119
177120
177628
177629
177630
177631
177633
177646
177647
177648
177649
177651
177658
177659
177660
177661
177662
177663
177670
177671
177672
177673
177674
177675
177682
177683
177684
177685
177686
177687
177791
177792
177793
177794
177795
177796
177797
177798
177799
177800
177801
177802
177803
177804
177805
177806
177807
177808
177809
177810
177811
177812
177813
177814
177815
177816
177817
177820
177821
177823
177838
177839
177840
177841
177842
177845
177846
177848
177849
177851
177852
177853
177855
177862
177863
177864
177865
177866
177867
177868
177869
177870
177871
177872
177873
177874
177875
177925
177926
177927
177928
177929
177943
177944
177945
177946
177947
177948
177949
177950
177951
177952
177953
177954
177955
177956
177957
177958
177959
177960
177961
177962
177963
177964
177965
177966
177967
177968
177969
177970
177971
177972
177973
177974
177975
177976
177977
177978
177979
177980
177981
177982
177983
177984
177985
177986
177987
177988
177989
177990
177991
177992
177993
177994
177995
177996
177997
177998
177999
178000
178001
178002
178057
178058
178059
178060
178061
178063
178064
178065
178066
178067
178068
178081
178082
178083
178084
178085
178086
178087
178088
178089
178090
178091
178092
178099
178100
178101
178102
178103
178104
178105
178106
178107
178108
178109
178110
178111
178112
178113
178114
178115
178116
178117
178118
178119
178120
178121
178122
178123
178124
178125
178126
178127
178128
178129
178130
178131
178132
178133
178134
178135
178136
178137
178138
178139
178140
178141
178226
178227
178228
178229
178230
178231
178232
178233
178234
178235
178236
178237
178238
178239
178240
178241
178242
178243
178244
178245
178246
178247
178248
178249
178355
178356
178357
178359
178360
178361
178362
178363
178380
178381
178382
178384
178386
178387
178388
178389
178391
178392
178393
178394
178395
178396
178397
178398
178399
178400
178401
178402
178403
178404
178411
178412
178413
178414
178415
178416
178417
178418
178419
178420
178421
178422
178423
178424
178425
178426
178427
178428
178429
178430
178431
178432
178433
178434
178435
178436
178437
178438
178439
178440
178441
178442
178443
178444
178445
178446
178447
178448
178449
178450
178451
178452
178453
178454
178455
178456
178457
178458
178459
178460
178461
178462
178463
178464
178465
178466
178467
178468
178469
178470
178471
178472
178473
178474
178475
178476
178477
178478
178479
178480
178481
178482
178483
178484
178485
178486
178487
178488
178489
178490
178491
178492
178493
178494
178495
178496
178497
178498
178499
178500
178501
178502
178503
178504
178505
178506
178507
178508
178509
178510
178511
178512
178513
178802
178803
178806
178807
178808
178809
178811
178853
178854
178855
178856
178857
178859
178860
178861
178863
178889
178890
178891
178892
178893
178895
178896
178897
178898
178900
178996
178997
178998
179000
179001
179002
179005
179047
179048
179049
179050
179051
179107
179108
179109
179111
179137
179138
179139
179140
179141
179143
179144
179145
179146
179148
179201
179202
179203
179205
179206
179207
179208
179210
230823
230824
230825
230826
230827
230828
230829
230830
230831
230832
230834
230835
230836
230837
230838
230839
230840
230841
230842
230843
230844
230845
230846
230847
230848
230849
230850
230851
230852
230853
230854
230855
230856
230857
230858
230859
230860
230861
230862
230863
230864
230865
230866
230867
230868
230869
230870
231148
231149
231150
231151
231152
231153
231154
231155
231156
231157
231159
231160
231161
231162
231163
231164
231165
231166
231167
231168
231169
231170
231171
231172
231173
231174
231175
231176
231177
231178
231179
231180
231181
231182
231183
231184
231185
231186
231187
231188
231189
231190
231191
231192
231193
231194
231195
231607
231608
231609
231610
231612
231646
231647
231648
231649
231651
231658
231659
231660
231661
231662
231663
231664
231665
231666
231667
231668
231669
231690
231692
231693
231694
231695
231696
231697
231699
231700
231701
231702
231704
231705
231706
231707
231708
231709
231710
231711
231713
231714
231715
231716
231717
231719
231720
231721
231722
231723
231724
231725
231726
231727
231728
231729
231730
231731
231732
231733
231734
231735
231736
231737
231738
231739
231740
231741
231743
231744
231745
231747
231748
231749
231750
231751
231752
231753
231754
231756
231757
231759
231760
231761
231762
231763
231764
231765
231766
231767
231768
231769
231770
231771
231773
231774
231775
231776
231777
231778
231825
231826
231828
231829
231830
231831
231832
231834
231835
231836
231837
231838
231839
231840
231841
231842
231843
231844
231845
231846
231847
231848
231849
231850
231851
231852
231853
231854
231855
231856
231858
231859
231860
231862
231863
231864
231865
231866
231867
231868
231869
231870
231871
231872
231873
231874
231875
231876
231877
231878
231891
231893
231894
231895
231896
231897
231899
231900
231901
231902
231903
231904
231905
231906
231907
231908
231909
231910
231912
231913
231914
231919
231920
231921
231922
231924
231925
231927
231928
231929
231930
231931
231932
231933
231934
231935
231936
231937
231938
231939
231941
231942
231943
231944
231945
231946
232073
232074
232075
232077
232108
232109
232110
232111
232113
232430
232432
232433
232434
232435
232436
232437
232438
232439
232440
232441
232442
232443
232444
232445
232446
232447
232448
232449
232450
232451
232452
232453
232455
232456
232457
232458
232459
232460
232461
232462
232463
232464
232465
232466
232467
232468
232469
232470
232471
232472
232473
232474
232475
232476
232477
232478
232485
232486
232487
232488
232489
232490
232491
232492
232493
232494
232495
232496
232497
232498
232499
232504
232506
232507
232512
232513
232514
232515
232516
232517
232518
232519
232520
232521
232522
232523
232524
232526
232527
232528
232529
232531
232532
232534
232535
232536
232537
232538
232539
232540
232541
232542
232543
232545
232546
232547
232548
232549
232550
232552
232553
232555
232556
232557
232558
232559
232561
232562
232563
232564
232565
232566
232567
232568
232569
232570
232571
232572
232573
232574
232575
232576
232577
232578
232579
232580
232581
232582
232583
232585
232586
232587
232589
232590
232591
232592
232593
232639
232640
232641
232643
232644
232646
232647
232648
232649
232650
232651
232652
232653
232654
232655
232657
232658
232659
232660
232661
232662
232664
232665
232666
232667
232668
232669
232670
232671
232672
232673
232674
232675
232676
232677
232678
232685
232687
232688
232695
232696
232697
232698
232699
232701
232702
232703
232705
232706
232707
232708
232709
232710
232711
232712
232713
232715
232716
232717
232718
232719
232721
232722
232723
232724
232725
232726
232727
232728
232729
232730
232731
232732
232733
232734
232735
232736
232737
232738
232739
232740
232741
232742
232743
232745
232746
232747
232749
232750
232751
232752
232753
232880
232882
232883
232884
232885
232886
232887
232888
232889
232890
232891
232892
232893
232894
232895
232896
232897
232898
232899
232900
232901
232902
232903
232905
232906
232907
232908
232909
232910
232911
232912
232913
232914
232915
232916
232917
232918
232919
232920
232921
232922
232923
232924
232925
232926
232927
232928
233754
233755
233756
233757
233758
233759
233760
233761
233762
233763
233765
233766
233767
233768
233769
233770
233771
233772
233773
233774
233775
233776
233777
233778
233779
233780
233781
233782
233783
233784
233785
233786
233787
233788
233789
233790
233791
233792
233793
233794
233795
233796
233797
233798
233799
233800
233801
233938
233939
233941
233942
233943
233944
233945
233947
233948
233949
233950
233951
233952
233953
233954
233955
233956
233957
233958
233959
233960
233961
233962
233963
233964
233965
233966
233967
233968
233969
233971
233973
233974
233975
233976
233977
233978
233979
233980
233981
233982
233983
233984
233985
233986
233987
233988
233989
233990
233991
233992
233993
233994
234007
234009
234010
234011
234012
234013
234015
234016
234017
234018
234019
234020
234021
234022
234023
234024
234025
234026
234027
234028
234029
234030
234032
234033
234035
234036
234037
234038
234039
234040
234041
234042
234043
234044
234047
234048
234049
234050
234051
234052
234098
234099
234101
234102
234103
234104
234105
234107
234108
234109
234110
234111
234112
234113
234114
234115
234116
234117
234118
234119
234120
234121
234122
234123
234124
234125
234126
234127
234128
234129
234131
234133
234134
234135
234136
234137
234138
234139
234140
234141
234142
234144
234145
234147
234148
234149
234150
234151
234152
234153
234154
234155
234156
234159
234160
234161
234162
234163
234164
234165
234166
234167
234168
234169
234170
234171
234172
234173
234174
234175
234176
234177
234178
234179
234194
234196
234197
234199
234200
234201
234203
234204
234205
234206
234207
234208
234209
234210
234211
234212
234213
234214
234215
234316
234317
234318
234319
234320
234321
234322
234323
234324
234326
234327
234328
234329
234330
234331
234332
234333
234334
234335
234336
234337
234338
234339
234340
234341
234347
234348
234349
234350
234351
234352
234353
234354
234355
234356
234357
234358
234359
234360
234361
234362
234363
234364
234365
234366
234701
234702
234703
234705
234735
234736
234737
234738
234740
234798
234799
234800
234802
234803
234805
234806
234807
234808
234809
234810
234811
234812
234813
234814
234815
234816
234817
234820
234821
234822
234823
234824
234825
234826
234827
234828
234829
234830
234831
234832
234833
234834
234835
234836
234837
234844
234846
234847
234866
234867
234868
234869
234870
234872
234873
234874
234876
234877
234878
234879
234880
234881
234883
234884
234885
234887
234888
234890
234891
234892
234893
234894
234896
234897
234898
234899
234900
234901
234902
234903
234904
234905
234906
234907
234908
234909
234910
234911
234912
234913
234914
234915
234916
234917
234918
234920
234922
234923
234924
234925
234926
234927
234928
234974
234975
234976
234978
234979
234981
234982
234983
234984
234985
234986
234987
234988
234989
234990
234991
234992
234993
234996
234997
234998
234999
235000
235001
235002
235003
235005
235006
235007
235008
235009
235011
235012
235013
235014
235015
235016
235017
235018
235019
235020
235021
235022
235023
235024
235025
235026
235027
235028
235029
235030
235031
235032
235033
235035
235037
235038
235039
235040
235041
235042
235043
235044
235045
235046
235047
235048
235049
235050
235051
235052
235053
235054
235055
235064
235066
235067
235074
235075
235076
235077
235078
235079
235081
235082
235083
235085
235086
235087
235088
235089
235090
235092
235093
235094
235099
235176
235177
235178
235180
235215
235216
235217
235219
235569
235571
235572
235573
235574
235575
235576
235577
235578
235579
235580
235581
235582
235583
235584
235585
235586
235587
235588
235589
235590
235591
235592
235594
235595
235596
235597
235598
235599
235600
235601
235602
235603
235604
235605
235606
235607
235608
235609
235610
235611
235612
235613
235614
235615
235616
235617
236018
236020
236021
236022
236023
236024
236025
236026
236027
236028
236029
236030
236031
236032
236033
236034
236035
236036
236037
236038
236039
236041
236042
236043
236044
236050
236051
236052
236053
236054
236055
236056
236057
236058
236059
236060
236061
236062
236063
236064
236065
236066
236067
236068
236069
238379
238381
238384
238385
238386
238387
238388
238389
238390
238391
238392
238393
238394
238406
238407
238408
238410
238411
238477
238478
238479
238481
238482
238483
238484
238485
238486
238487
238488
238489
238490
238491
238492
238493
238494
238495
238496
238497
238498
238499
238500
238501
238502
238503
238504
238505
238506
238507
238508
238509
238510
238511
238512
238513
238660
238661
238662
238665
238684
238685
238688
238702
238704
238705
238706
238708
238709
238710
238711
238712
238713
238714
238715
238716
238717
238718
238719
238720
238721
238722
238723
238724
238725
238726
238727
238734
238735
238736
238737
238738
238739
238740
238741
238742
238743
238744
238745
238746
238747
238838
238839
238842
238859
238860
238863
238953
238956
238957
238958
238959
238960
238961
238962
238963
238964
238965
238966
238967
238968
238970
238971
239287
239288
239289
239290
239291
239292
239293
239294
239295
239296
239297
239326
239327
239330
239331
239332
239333
239336
239337
239402
239404
239406
239429
239430
239431
239432
239433
239434
239441
239442
239443
239444
239445
239446
239447
239448
239449
239455
239456
239457
239458
239459
239460
239461
239462
239463
239464
239465
239466
239467
239468
239469
239470
239471
239472
239473
239474
239475
239476
239477
239478
239479
239480
239481
239482
239483
239484
239485
239486
239487
239488
239489
239490
239491
239492
239493
239494
239495
239496
239497
239498
239499
239500
239501
239502
239503
239504
239505
239506
239507
239508
239509
239510
239511
239512
239513
239514
239515
239516
239517
239518
239519
239520
239521
239522
239523
239524
239525
239526
239527
239528
239529
239530
239531
239532
239533
239534
239535
239536
239537
239538
239539
239540
239541
239542
239543
239544
239545
239546
239547
239548
239549
239550
239551
239552
239553
239554
239555
239556
239557
239558
239559
239560
239561
239562
239563
239564
239565
239566
239567
239568
239569
239570
239571
239572
239573
239574
239575
239576
239577
239578
239579
239588
239590
239591
239592
239593
239594
239595
239596
239602
239603
239604
239605
239606
239607
239608
239609
239610
239611
239612
239613
239614
239615
239616
239617
239618
239619
239625
239626
239627
239628
239629
239630
239631
239632
239633
239634
239635
239636
239637
239638
239639
239640
239641
239642
239643
239644
239645
239646
239647
239648
239649
239650
239651
239652
239653
239654
239655
239656
239657
239658
239659
239660
239661
239662
239663
239664
239665
239666
239667
239668
239669
239670
239671
239672
239673
239674
239675
239676
239677
239678
239679
239680
239681
239682
239683
239684
239685
239686
239687
239688
239689
239690
239691
239692
239693
239694
239695
239696
239697
239698
239699
239700
239701
239702
239703
239704
239705
239706
239707
239708
239709
239710
239711
239712
239713
239714
239715
239716
239721
239722
239723
239724
239725
239726
239727
239728
239729
239730
239731
239732
239733
239734
239735
239736
239737
239738
239739
239740
239741
239742
239743
239744
239745
239746
239747
239748
239749
239750
239751
239752
239753
239766
239768
239769
239775
239776
239777
239778
239779
239780
239781
239782
239783
239784
239785
239786
239830
239831
239832
239833
239834
239840
239842
239845
239868
239869
239870
239871
239872
239927
239928
239929
239930
239931
239932
239933
239934
239935
239936
239937
239938
239939
239940
239941
239942
239943
239944
239945
239946
239947
239948
239949
239950
239951
239952
239953
239954
239955
239956
239957
239958
239959
239960
239961
239962
239963
239964
239965
239966
239967
239968
239969
239970
239971
239972
239973
239974
239975
239976
239977
239978
239979
239980
239981
239982
239983
239984
239985
239986
239987
239988
239989
239990
239991
239998
239999
240000
240001
240002
240003
240004
240005
240006
240007
240008
240009
240010
240011
240012
240013
240014
240015
240016
240017
240018
240019
240020
240021
240022
240023
240024
240025
240026
240124
240125
240126
240127
240128
240129
240130
240131
240132
240133
240161
240164
240165
240166
240167
240170
240171
240290
240291
240292
240293
240294
240295
240297
240300
240301
240302
240303
240304
240305
240311
240312
240313
240315
240316
240420
240421
240422
240423
240424
240425
240426
240427
240428
240434
240435
240436
240437
240438
240439
240440
240441
240442
240443
240444
240445
240446
240447
240448
240449
240450
240451
240452
240453
240454
240455
240456
240457
240458
240459
240460
240461
240462
240464
240466
240489
240490
240491
240492
240493
240494
240501
240502
240503
240504
240505
240506
240507
240508
240509
240510
240511
240512
240513
240514
240515
240516
240517
240518
240519
240520
240521
240522
240523
240524
240525
240526
240527
240528
240529
240530
240531
240532
240533
240534
240535
240536
240537
240538
240539
240540
240541
240542
240543
240544
240545
240546
240547
240548
240549
240550
240551
240552
240553
240554
240555
240591
240592
240593
240594
240595
240612
240613
240614
240615
240616
240617
240618
240619
240620
240625
240626
240627
240628
240629
240630
240631
240632
240633
240634
240635
240636
240637
240638
240639
240640
240641
240642
240643
240644
240645
240646
240647
240648
240649
240650
240690
240691
240692
240693
240694
240695
240696
240697
240698
240699
240700
240701
240702
240703
240704
240705
240706
240707
240708
240709
240710
240711
240712
240713
240714
240715
240716
240717
240718
240719
240720
240721
240722
240723
240724
240725
240726
240727
240728
240729
240730
240731
240732
240733
240734
240735
240736
240737
240738
240739
240740
240741
240742
240743
240744
240745
240747
240749
240775
240776
240777
240778
240779
240780
240821
240822
240823
240824
240825
240827
240830
240831
240832
240833
240834
240845
240846
240847
240849
240850
240958
240959
240960
240962
240963
240964
240965
240966
240967
240968
240969
240970
240971
240972
240973
240974
240975
240976
240977
240978
240979
240980
240981
240982
240983
240984
240985
240986
240987
240988
240989
240990
240991
240992
240993
240994
241138
241139
241140
241142
241156
241157
241160
241174
241175
241176
241177
241178
241179
241180
241181
241182
241183
241184
241185
241186
241187
241188
241189
241190
241191
241192
241193
241194
241195
241196
241197
241198
241199
241200
241201
241202
241203
241204
241205
241206
241207
241208
241209
241210
241211
241212
241213
241214
241215
241220
241222
241223
241228
241229
241230
241231
241232
241233
241234
241235
241236
241237
241243
241244
241245
241246
241247
241248
241249
241250
241251
241252
241253
241254
241255
241261
241262
241263
241264
241265
241266
241267
241268
241269
241270
241271
241272
241273
241274
241275
241276
241277
241278
241279
241280
241281
241282
241283
241284
241285
241286
241287
241288
241289
241290
241291
241292
241293
241294
241295
241296
241297
241298
241299
241300
241301
241302
241303
241304
241305
241306
241307
241308
241309
241310
241311
241312
241313
241314
241315
241316
241317
241318
241319
241320
241321
241322
241323
241324
241325
241326
241327
241328
241329
241330
241331
241332
241333
241334
241335
241336
241337
241338
241339
241340
241341
241342
241343
241344
241345
241346
241347
241348
241349
241350
241351
241352
241353
241354
241355
241356
241357
241358
241359
241360
241361
241362
241363
241364
241365
241366
241367
241368
241369
241370
241371
241372
241373
241374
241375
241376
241377
241378
241379
241380
241381
241382
241383
241384
241385
241386
241387
241388
241389
241396
241398
241399
241406
241407
241408
241409
241410
241417
241418
241419
241420
241421
241422
241423
241424
241425
241426
241427
241428
241429
241430
241431
241432
241433
241434
241435
241436
241443
241444
241445
241446
241447
241448
241449
241450
241451
241452
241453
241454
241455
241456
241457
241458
241459
241460
241461
241462
241463
241464
241465
241466
241467
241468
241469
241470
241471
241472
241473
241474
241563
241564
241566
241579
241582
241646
241647
241648
241649
241650
241651
241652
241653
241654
241656
241657
241658
241660
241661
241662
241663
241664
241665
241666
241667
241668
241669
241670
241671
241672
241673
241674
241675
241676
241677
241678
241679
241680
241681
241682
241683
241684
241685
241743
241744
241747
241764
241765
241768
241863
241864
241865
241866
241867
241868
241869
241870
241871
241872
241873
241874
241875
241876
241877
241878
241879
241880
241881
241882
241883
241884
241885
241886
241887
241888
241889
241890
241891
241892
241893
241894
241895
241896
241897
241898
241899
241900
241901
241902
241903
241904
241905
241906
241907
241908
241909
241910
241911
241912
241913
241914
241915
241916
241917
241918
241919
241920
241921
241922
241923
241924
241925
241926
241927
241928
241929
241930
241931
241932
241937
241938
241939
241940
241941
241942
241943
241944
241945
241946
241947
241948
241949
241950
241951
241952
241953
241954
241955
241956
241957
241958
241959
241960
241973
241975
241976
241982
241983
241984
241985
241986
241987
241988
241989
241990
241991
241992
241993
241994
241995
241996
241997
241998
241999
242000
242001
242002
242003
242004
242005
242006
242007
242008
242009
242010
242011
242012
242013
242014
242015
242016
242017
242018
242019
242020
242021
242022
242023
242024
242025
242026
242027
242028
242029
242030
242031
242032
242033
242034
242035
242036
242037
242038
242039
242040
242041
242042
242043
242044
242045
242046
242047
242048
242049
242050
242051
242052
242053
242054
242055
242056
242057
242058
242059
242060
242061
242062
242063
242064
242065
242066
242067
242068
242069
242070
242071
242072
242073
242074
242075
242076
242077
242078
242079
242080
242081
242082
242083
242084
242085
242086
242087
242088
242089
242090
242091
242092
242093
242094
242095
242096
242097
242098
242099
242100
242101
242102
242103
242104
242105
242112
242113
242114
242115
242116
242117
242118
242119
242120
242121
242122
242123
242124
242125
242126
242127
242128
242129
242130
242131
242132
242133
242134
242135
242136
242137
242152
242154
242155
242162
242163
242164
242165
242166
242167
242168
242169
242170
242171
242172
242173
242180
242181
242182
242183
242184
242185
242186
242187
242189
242190
242192
242193
242194
242195
242196
242197
242203
242204
242205
242206
242207
242208
242209
242210
242211
242212
242213
242214
242215
242216
242217
242218
242219
242220
242221
242222
242229
242232
242251
242254
242392
242395
242396
242397
242398
242399
242400
242401
242402
242403
242404
242405
242406
242407
242409
242410
242606
242607
242608
242609
242610
242616
242617
242620
242639
242640
242641
242642
242643
242649
242650
242651
242652
242653
242654
242655
242656
242657
242658
242659
242660
242661
242662
242663
242664
242665
242666
242667
242668
242669
242670
242671
242672
242673
242674
242675
242676
242677
242678
242679
242680
242681
242682
242683
242684
242685
242686
242687
242688
242689
242690
242691
242692
242693
242694
242695
242696
242697
242698
242699
242700
242701
242702
242703
242743
242744
242745
242746
242747
242748
242749
242750
242751
242752
242753
242754
242755
242756
242763
242764
242765
242766
242767
242768
242769
242770
242771
242772
242773
242774
242775
242776
242777
242778
242779
242780
242781
242782
242783
242784
242785
242786
242787
242822
242823
242824
242825
242826
242850
242851
242852
242853
242854
242855
242856
242857
242858
242859
242860
242861
242862
242863
242864
242865
242866
242867
242868
242869
242870
242871
242872
242873
242874
242875
242876
242877
242878
242879
242880
242881
242882
242883
242884
242885
242886
242887
242888
242889
242890
242891
242892
242893
242894
242895
242896
242897
242898
242899
242900
242901
242902
242903
242904
242905
242906
242908
242927
242928
242929
242930
242931
242944
242945
242946
242947
242948
242949
242950
242951
242952
242953
242954
242955
242956
242957
242964
242965
242966
242967
242968
242969
242970
242971
242972
242973
242974
242975
242976
242977
242978
242979
242980
242981
242982
242983
242984
242985
242986
242987
242988
243267
243268
243269
243270
243271
243272
243273
243274
243275
243276
243304
243307
243308
243309
243310
243313
243314
243391
243392
243393
243394
243395
243408
243409
243410
243411
243412
243413
243414
243415
243416
243417
243418
243419
243424
243425
243426
243427
243428
243429
243430
243431
243432
243433
243434
243435
243436
243437
243438
243439
243440
243441
243442
243443
243444
243445
243446
243447
243448
243449
243450
243451
243452
243453
243454
243455
243456
243457
243458
243459
243460
243461
243462
243463
243464
243465
243466
243467
243468
243469
243470
243471
243472
243473
243474
243475
243476
243477
243478
243479
243480
243481
243482
243483
243484
243485
243486
243487
243488
243489
243490
243491
243492
243493
243494
243495
243496
243497
243498
243499
243500
243501
243556
243557
243559
243580
243581
243582
243583
243584
243585
243598
243599
243600
243601
243602
243603
243604
243605
243606
243607
243608
243609
243610
243611
243612
243613
243614
243615
243616
243617
243618
243619
243620
243621
243622
243623
243624
243625
243626
243627
243628
243629
243630
243631
243632
243633
243634
243635
243636
243637
243638
243639
243640
243641
243642
243643
243644
243645
243646
243647
243648
243649
243650
243651
243652
243653
243654
243655
243656
243657
243658
243659
243660
243661
243662
243663
243664
243665
243666
243667
243668
243669
243670
243671
243672
243673
243674
243675
243676
243677
243678
243679
243680
243681
243682
243683
243684
243685
243686
243687
243688
243689
243690
243691
243692
243693
243694
243695
243702
243704
243705
243712
243713
243714
243715
243716
243723
243724
243725
243726
243727
243728
243729
243730
243731
243732
243733
243734
243735
243736
243737
243738
243739
243740
243741
243742
243743
243744
243745
243746
243747
243748
243749
243750
243751
243752
243753
243760
243761
243762
243763
243764
243765
243766
243767
243768
243769
243770
243771
243772
243773
243774
243775
243776
243777
243778
243779
243780
243781
243782
243783
243784
243785
243786
243787
243788
243789
243790
243791
243792
243793
243794
243795
243796
243797
243798
243799
243800
243801
243802
243803
243804
243805
243806
243807
243808
243809
243810
243811
243812
243813
243814
243815
243816
243817
243818
243819
243820
243821
243822
243823
243824
243825
243826
243827
243828
243829
243830
243831
243832
243833
243834
243835
243836
243837
243838
243839
243840
243841
243842
243843
243844
243845
243846
243847
243848
243849
243850
243851
243852
243853
243854
243855
243856
243857
243858
243859
243860
243861
243862
243863
243864
243865
243866
243867
243868
243869
243870
243871
243872
243873
243874
243875
243876
243877
243878
243879
243880
243881
243882
243883
243884
243885
243886
243887
243888
243889
243890
243891
243892
243899
243900
243901
243902
243903
243904
243905
243906
243907
243908
243909
243910
243911
243912
243913
243914
243915
243916
243917
243918
243919
243920
243921
243922
243923
243924
243933
243935
243936
243943
243944
243945
243946
243947
243948
243955
243956
243957
243958
243959
243960
243995
243996
243997
243998
243999
244023
244024
244025
244026
244027
244028
244029
244030
244031
244032
244033
244034
244035
244036
244037
244038
244039
244040
244041
244042
244043
244044
244045
244046
244047
244048
244049
244050
244051
244052
244053
244054
244055
244056
244057
244058
244059
244060
244061
244062
244063
244064
244065
244066
244067
244068
244069
244070
244071
244072
244073
244074
244075
244076
244077
244078
244079
244080
244081
244082
244083
244084
244085
244086
244087
244088
244089
244090
244091
244098
244099
244100
244101
244102
244103
244104
244105
244106
244107
244108
244109
244110
244111
244112
244113
244114
244115
244116
244117
244118
244119
244120
244121
244122
244123
244124
244126
244145
244146
244147
244148
244149
244313
244314
244315
244316
244317
244318
244319
244320
244321
244355
244358
244359
244360
244363
244364
244502
244503
244504
244505
244506
244508
244511
244512
244513
244514
244515
244526
244527
244528
244530
244531
244709
244710
244712
244725
244728
244838
244839
244840
244841
244842
244843
244844
244845
244847
244848
244850
244851
244852
244853
244854
244855
244861
244862
244863
244864
244865
244866
244867
244868
244869
244870
244871
244872
244873
244874
244875
244876
244877
244878
244879
244880
244887
244889
244904
244907
246720
246721
246722
246736
246737
246738
246739
246741
246742
246743
246745
246746
246747
246748
246749
246750
246751
246752
246753
246754
246755
246756
246757
246758
246760
246761
246762
246764
246830
246831
246832
246866
246867
246868
246869
246870
246876
246877
246878
246879
246884
246885
246886
246887
246888
246889
246890
246891
246892
246893
246899
246900
246901
246902
246903
246904
246905
246906
246907
246908
246909
246910
246911
246912
246913
246914
246915
246916
246917
246918
246919
246920
246921
246922
246923
246924
246925
246926
246927
246928
246929
246930
246931
246932
246933
246934
246935
246936
246937
246938
246939
246940
246941
246942
246943
246944
246945
246946
246947
246948
246949
246950
246951
246952
246953
246954
246955
246956
246957
246958
246959
246960
246961
246962
246963
246964
246965
246966
246967
246968
246969
246970
246971
246972
246973
246974
246975
246976
246977
246978
246979
246980
246981
246982
246983
246984
246985
246986
246987
246988
246989
246990
246991
246992
246993
246994
246995
246996
246997
247060
247061
247062
247063
247076
247077
247078
247079
247080
247081
247094
247095
247096
247097
247098
247099
247100
247101
247102
247103
247104
247105
247106
247107
247108
247109
247110
247117
247118
247119
247120
247121
247123
247124
247125
247126
247127
247128
247129
247130
247131
247132
247133
247134
247135
247136
247137
247138
247139
247169
247170
247171
247173
247179
247180
247181
247182
247183
247184
247185
247186
247187
247188
247189
247190
247191
247192
247193
247194
247195
247196
247197
247198
247199
247200
247201
247202
247203
247204
247205
247206
247207
247208
247209
247210
247211
247212
247213
247214
247215
247216
247217
247218
247219
247220
247221
247222
247223
247224
247225
247226
247227
247228
247229
247230
247231
247232
247233
247234
247235
247236
247237
247238
247239
247240
247241
247242
247243
247244
247245
247246
247247
247248
247249
247250
247251
247252
247253
247254
247255
247256
247257
247258
247259
247260
247261
247262
247263
247264
247265
247266
247267
247268
247269
247270
247271
247272
247273
247274
247329
247330
247331
247332
247333
247334
247335
247336
247337
247338
247339
247340
247341
247342
247343
247344
247350
247351
247352
247353
247354
247356
247357
247358
247359
247360
247361
247362
247363
247364
247365
247366
247367
247368
247369
247370
247371
247384
247385
247386
247387
247388
247402
247403
247404
247405
247406
247407
247422
247423
247425
247439
247440
247441
247442
247445
247446
247448
247450
247451
247452
247454
247461
247462
247463
247464
247465
247466
247467
247468
247469
247470
247471
247472
247473
247474
247481
247482
247640
247641
247642
247656
247657
247658
247659
247661
247662
247663
247665
247666
247667
247668
247669
247670
247671
247672
247673
247674
247675
247676
247677
247678
247680
247681
247682
247684
247790
247791
247792
247849
247850
247851
247852
247853
247854
247855
247856
247857
247858
247859
247860
247861
247862
247863
247864
247865
247866
247867
247868
247869
247870
247871
247872
247873
247874
247875
247876
247877
247878
247879
247880
247881
247882
247883
247884
247885
247886
247887
247888
247889
247890
247891
247892
247893
247894
247895
247896
247947
247948
247949
247950
247951
247952
247953
247954
247955
247956
247957
247964
247965
247967
247968
247969
247970
247971
247972
247973
247974
247975
247976
247977
247978
247979
247980
247981
247982
247983
247995
247996
247997
247998
247999
248000
248001
248002
248003
248004
248005
248012
248013
248015
248016
248017
248018
248019
248020
248021
248022
248023
248024
248025
248026
248027
248028
248029
248030
248031
248043
248044
248045
248046
248047
248048
248049
248050
248051
248052
248053
248054
248055
248056
248057
248058
248059
248060
248061
248062
248063
248064
248065
248066
248067
248068
248069
248070
248071
248072
248073
248074
248075
248076
248077
248078
248079
248080
248081
248082
248083
248084
248085
248086
248087
248088
248090
248091
248092
248093
248094
248095
248096
248097
248098
248099
248100
248101
248102
248103
248104
248105
248106
248107
248108
248109
248110
248111
248112
248113
248114
248115
248116
248117
248118
248119
248120
248121
248122
248123
248124
248125
248126
248127
248132
248133
248135
248136
248137
248138
248139
248140
248141
248142
248143
248144
248145
248146
248147
248148
248149
248150
248151
248230
248231
248232
248233
248234
248235
248236
248237
248238
248239
248240
248241
248242
248243
248244
248245
248246
248247
248248
248249
248250
248251
248252
248253
248254
248255
248256
248257
248258
248259
248260
248261
248262
248263
248264
248265
248266
248267
248268
248269
248270
248271
248272
248273
248274
248275
248277
248278
248279
248280
248281
248282
248283
248284
248285
248286
248287
248288
248289
248290
248291
248299
248300
248302
248303
248304
248305
248306
248307
248308
248309
248310
248311
248312
248313
248314
248315
248316
248317
248318
248436
248437
248640
248641
248642
248643
248644
248645
248646
248647
248648
248649
248650
248651
248652
248653
248654
248655
248656
248657
248658
248659
248660
248661
248662
248663
248664
248665
248666
248667
248668
248669
248670
248671
248672
248673
248674
248675
248676
248677
248678
248679
248680
248681
248682
248683
248684
248685
248686
248687
248688
248689
248690
248691
248692
248693
248694
248695
248696
248697
248698
248699
248700
248701
248702
248703
248704
248710
248711
248712
248713
248718
248719
248720
248721
248722
248723
248724
248725
248726
248727
248733
248734
248735
248736
248737
248738
248739
248740
248741
248742
248743
248744
248745
248746
248747
248748
248749
248750
248751
248752
248753
248754
248755
248756
248757
248758
248759
248760
248761
248762
248763
248764
248765
248766
248767
248768
248769
248770
248771
248778
248779
248780
248781
248794
248795
248796
248797
248798
248799
248867
248869
248870
248871
248872
248873
248874
248875
248876
248877
248878
248879
248880
248881
248882
248883
248884
248885
248886
248887
248888
248889
248897
248898
248899
248900
248901
248902
248903
248904
248905
248906
248907
248908
248909
248910
248911
248912
248913
248943
248944
248945
248946
248953
248954
248955
248956
248957
248958
248959
248960
248961
248962
248963
248964
248965
248966
248967
248968
248969
248970
248971
248972
248973
248974
248975
248976
248977
248978
248979
248980
248981
248982
248983
248984
248985
248986
248987
248988
248989
248990
248991
248992
248994
249000
249001
249002
249003
249004
249011
249012
249013
249014
249015
249022
249023
249024
249025
249026
249027
249034
249035
249036
249037
249048
249049
249050
249051
249052
249053
249064
249066
249067
249068
249069
249070
249071
249072
249073
249074
249075
249076
249077
249078
249079
249080
249081
249082
249083
249084
249085
249086
249094
249095
249096
249097
249098
249099
249100
249101
249102
249103
249104
249105
249106
249107
249108
249109
249110
249455
249456
249457
249458
249459
249460
249461
249462
249463
249464
249465
249466
249467
249468
249469
249470
249471
249472
249473
249474
249475
249476
249477
249478
249479
249480
249481
249482
249483
249484
249485
249486
249487
249488
249489
249490
249491
249492
249493
249494
249518
249519
249520
249522
249528
249529
249530
249531
249532
249533
249534
249535
249536
249537
249538
249539
249540
249541
249542
249543
249544
249545
249546
249547
249548
249549
249550
249551
249552
249553
249554
249555
249556
249557
249558
249559
249560
249561
249562
249563
249564
249565
249566
249567
249568
249569
249570
249571
249572
249573
249574
249575
249576
249577
249578
249579
249580
249581
249582
249583
249638
249639
249640
249641
249642
249643
249644
249645
249646
249647
249648
249649
249650
249651
249652
249653
249659
249660
249661
249662
249663
249665
249666
249667
249668
249669
249670
249671
249672
249673
249674
249675
249676
249677
249678
249679
249680
249693
249694
249695
249696
249697
249711
249712
249713
249714
249715
249716
249729
249730
249731
249733
249734
249735
249736
249737
249738
249752
249753
249754
249755
249756
249757
249758
249759
249760
249761
249762
249763
249764
249765
249766
249767
249768
249769
249770
249771
249772
249773
249774
249775
249776
249777
249778
249779
249780
249781
249782
249783
249784
249785
249786
249787
249788
249789
249790
249791
249792
249793
249794
249795
249796
249797
249798
249799
249800
249801
249802
249803
249804
249805
249806
249807
249808
249809
249810
249811
249812
249813
249814
249815
249816
249817
249840
249841
249842
249844
249858
249859
249860
249861
249862
249863
249864
249865
249866
249867
249868
249869
249870
249871
249872
249873
249879
249880
249881
249882
249883
249885
249886
249887
249888
249889
249890
249891
249892
249893
249894
249895
249902
249903
249904
249905
249906
249966
249967
249968
249969
249970
249996
249997
249998
249999
250000
250001
250145
250146
250147
250149
250150
250151
250152
250168
250169
250170
250173
250174
250175
250176
250178
250179
250180
250181
250182
250183
250184
250185
250186
250187
250188
250189
250190
250191
250204
250205
250295
250296
250297
250298
250299
250300
250301
250302
250303
250304
250305
250306
250307
250308
250309
250310
250311
250312
250313
250314
250315
250316
250317
250318
250319
250320
250321
250322
250323
250324
250325
250326
250327
250328
250329
250330
250331
250333
250334
250339
250340
250341
250342
250343
250344
250345
250346
250347
250348
250349
250350
250351
250352
250353
250364
250365
250366
250367
250368
250369
250370
250371
250372
250373
250374
250375
250376
250377
250378
250379
250380
250381
250382
250383
250384
250385
250386
250387
250388
250389
250390
250391
250392
250393
250394
250395
250396
250397
250398
250399
250400
250401
250402
250403
250404
250405
250406
250407
250408
250409
250411
250412
250413
250476
250477
250478
250479
250480
250481
250482
250483
250484
250485
250486
250487
250489
250490
250492
250493
250500
250501
250502
250503
250504
250505
250506
250507
250508
250509
250510
250511
250512
250513
250514
250527
250528
250529
250530
250531
250532
250533
250534
250535
250536
250537
250538
250539
250540
250541
250542
250543
250544
250545
250546
250547
250548
250549
250550
250551
250552
250553
250554
250555
250556
250557
250558
250559
250560
250561
250562
250563
250564
250565
250566
250567
250568
250569
250570
250571
250572
250573
250574
250575
250576
250577
250578
250579
250580
250581
250582
250583
250584
250585
250586
250587
250588
250589
250590
250591
250592
250593
250594
250595
250596
250597
250598
250599
250600
250601
250602
250603
250604
250605
250606
250607
250608
250609
250610
250611
250612
250613
250614
250615
250616
250617
250618
250619
250620
250621
250622
250623
250624
250625
250626
250627
250628
250629
250630
250631
250632
250633
250635
250636
250638
250639
250646
250647
250648
250649
250650
250651
250652
250653
250654
250655
250656
250657
250658
250659
250660
250673
250674
250675
250676
250677
250678
250679
250680
250681
250682
250683
250684
250686
250687
250689
250690
250697
250698
250699
250700
250701
250702
250703
250704
250705
250706
250707
250708
250709
250710
250711
250820
250822
250823
250824
250825
250826
250827
250841
250842
250844
250851
250852
250853
250854
250856
250857
250858
250859
250860
250861
250862
250863
250864
250865
250866
250867
250868
250869
250876
251135
251136
251168
251169
251170
251171
251172
251173
251174
251175
251176
251177
251178
251179
251180
251181
251182
251183
251184
251185
251186
251187
251188
251189
251190
251191
251192
251193
251194
251195
251196
251197
251198
251199
251200
251201
251202
251203
251227
251228
251229
251230
251237
251238
251239
251240
251241
251243
251244
251245
251246
251247
251259
251260
251261
251262
251263
251264
251265
251266
251267
251268
251269
251282
251283
251284
251285
251296
251297
251298
251299
251300
251301
251312
251314
251315
251316
251317
251318
251319
251320
251321
251322
251323
251324
251325
251326
251327
251328
251329
251330
251331
251332
251333
251334
251342
251343
251344
251345
251346
251347
251348
251349
251350
251351
251352
251353
251354
251355
251356
251357
251358
251424
251425
251426
251427
251428
251429
251430
251431
251432
251433
251434
251435
251436
251437
251438
251439
251440
251441
251442
251443
251444
251445
251446
251447
251448
251449
251450
251451
251452
251453
251454
251455
251456
251457
251458
251459
251460
251461
251462
251463
251464
251465
251466
251467
251468
251469
251470
251471
251472
251473
251474
251475
251476
251477
251478
251479
251480
251481
251482
251484
251485
251486
251487
251488
251489
251503
251504
251505
251506
251507
251508
251509
251510
251511
251512
251535
251536
251537
251538
251552
251554
251555
251556
251557
251558
251559
251560
251561
251562
251563
251564
251565
251566
251567
251568
251569
251570
251571
251572
251573
251580
251581
251582
251583
251584
251585
251586
251587
251588
251589
251590
251597
251598
251599
251600
251601
251608
251609
251610
251611
251612
251626
251627
251628
251629
251630
251631
251693
251695
251696
251697
251698
251699
251700
251714
251715
251717
251724
251725
251726
251727
251729
251730
251731
251732
251733
251734
251735
251736
251737
251738
251739
251740
251741
251742
251785
252674
252675
252677
252678
252679
252681
252744
252745
252747
252748
252749
252751
253077
253078
253080
253081
253082
253084
302419
302420
302421
302423
302424
302425
302427
302428
302429
302430
302431
302432
302433
302434
302435
302436
302437
302438
302439
302440
302441
302442
302443
302444
302445
302446
302447
302448
302449
302450
302451
302452
302453
302457
302458
302459
302460
302464
302466
302467
302468
302469
302470
302480
302481
302482
302483
302484
302485
302486
302487
302488
302489
302490
302491
302498
302499
302500
302501
302502
302508
302509
302510
302511
302512
302513
302514
302515
302517
302518
302520
302521
302522
302524
302525
302526
302528
302530
302531
302532
302533
302534
302536
302537
302538
302539
302540
302541
302542
302543
302544
302545
302546
302547
302556
302557
302558
302612
302615
302631
302632
302633
302634
302640
302642
302644
302645
302646
302647
302650
302651
302652
302653
302674
302675
302676
302677
302678
302679
302680
302681
302682
302694
302695
302696
302697
302698
302699
302700
302701
302702
302703
302704
302705
302706
302707
302708
302709
302710
302711
302712
302713
302714
302715
302716
302717
302718
302719
302720
302721
302722
302723
302724
302731
302732
302733
302734
302735
302736
302737
302738
302739
302740
302741
302742
302743
302744
302745
302746
302747
302748
302749
302750
302751
302752
302753
302754
302755
302756
302757
302758
302759
302760
302761
302762
302763
302764
302765
302766
302767
302768
302769
302770
302777
302778
302779
302780
302781
302782
302783
302784
302785
302786
302787
302788
302789
302790
302791
302792
302793
302794
302795
302796
302797
302798
302799
302800
302801
302802
302803
302804
302805
302806
302807
302808
302809
302810
302811
302812
302813
302814
302815
302816
302817
302818
302819
302820
302822
302823
302835
302836
302837
302838
302839
302840
302841
302842
302843
302844
302845
302846
302847
302989
302990
302991
302992
302993
303196
303198
303199
303200
303201
303202
303203
303204
303205
303206
303207
303208
303209
303210
303211
303212
303213
303214
303215
303216
303217
303218
303219
303220
303221
303222
303223
303224
303225
303226
303227
303228
303229
303230
303231
303232
303233
303234
303235
303236
303237
303238
303239
303240
303241
303242
303243
303244
303251
303252
303253
303254
303255
303256
303258
303259
303261
303262
303263
303264
303266
303267
303268
303269
303270
303271
303272
303273
303274
303275
303276
303277
303278
303279
303280
303281
303282
303283
303284
303285
303286
303287
303304
303305
303306
303307
303308
303309
303311
303312
303314
303320
303321
303322
303323
303324
303325
303326
303327
303328
303329
303330
303331
303332
303333
303334
303341
303342
303343
303344
303345
303351
303352
303353
303354
303355
303356
303407
303409
303410
303411
303412
303413
303414
303415
303416
303417
303418
303439
303440
303441
303442
303443
303444
303445
303446
303447
303448
303449
303450
303451
303459
303462
303478
303479
303480
303481
303486
303487
303488
303489
303490
303491
303492
303493
303494
303495
303496
303497
303498
303499
303500
303501
303502
303503
303504
303505
303506
303507
303508
303509
303510
303511
303512
303513
303514
303515
303516
303517
303518
303519
303520
303521
303522
303523
303524
303525
303526
303527
303528
303529
303530
303531
303532
303533
303534
303535
303536
303537
303538
303539
303540
303541
303542
303543
303544
303545
303546
303547
303548
303549
303550
303551
303552
303553
303554
303900
303901
303921
303922
303923
303924
303925
303926
303927
303928
303929
303930
303931
303932
303933
303934
303935
303936
303937
303938
303939
303940
303941
303942
303943
303944
303945
303946
303947
303948
303949
303950
303951
303952
303953
303954
303955
303956
303957
303959
303960
303961
303962
303963
303969
303970
303971
303972
303973
303980
303981
303982
303983
303984
303991
303992
303993
303994
303995
304015
304016
304018
304019
304020
304023
304070
304071
304072
304073
304074
304075
304076
304077
304078
304079
304080
304081
304082
304083
304084
304085
304086
304087
304088
304089
304090
304091
304092
304093
304094
304095
304096
304097
304098
304101
304294
304296
304297
304298
304300
304301
304302
304303
304304
304305
304318
304319
304320
304321
304322
304323
304325
304326
304327
304328
304336
304337
304338
304339
304340
304341
304342
304343
304344
304345
304346
304347
304348
304349
304350
304351
304352
304353
304354
304355
304356
304357
304358
304359
304360
304361
304362
304363
304364
304365
304366
304367
304368
304369
304370
304371
304372
304373
304374
304375
304376
304377
304378
304379
304381
304382
304383
304384
304385
304387
304388
304389
304390
304391
304392
304393
304394
304395
304396
304397
304398
304405
304406
304407
304408
304409
304410
304411
304412
304413
304414
304416
304417
304418
304419
304420
304421
304422
304423
304424
304425
304426
304433
304446
304447
304448
304449
304450
304451
304452
304453
304454
304493
304494
304495
304501
304502
304503
304504
304505
304506
304507
304508
304509
304510
304511
304512
304513
304514
304515
304516
304517
304518
304519
304520
304521
304522
304523
304524
304525
304526
304527
304528
304529
304530
304531
304532
304534
304539
304540
304541
304542
304543
304544
304545
304546
304547
304548
304549
304550
304551
304552
304553
304554
304555
304556
304557
304558
304559
304560
304561
304562
304563
304564
304565
304566
304567
304568
304569
304576
304577
304578
304579
304580
304581
304582
304583
304584
304585
304586
304587
304588
304589
304590
304591
304592
304593
304594
304595
304596
304597
304598
304599
304600
304601
304602
304603
304604
304605
304606
304607
304608
304609
304610
304611
304612
304613
304614
304615
304616
304617
304618
304619
304620
304621
304622
304623
304624
304625
304626
304633
304634
304635
304636
304637
304638
304639
304640
304641
304642
304643
304644
304645
304646
304647
304648
304649
304650
304651
304652
304653
304654
304655
304656
304657
304658
304659
304660
304661
304662
304663
304664
304665
304666
304667
304668
304670
304671
304683
304684
304685
304686
304687
304688
304689
304690
304691
304692
304693
304694
304695
304696
304697
304698
304699
304700
304701
304702
304703
304704
304705
304706
304707
304708
304709
304710
304711
304712
304713
304714
304715
304716
304717
304718
304719
304720
304721
304722
304723
304724
304725
304726
304727
304728
304729
304730
304731
304732
304733
304734
304735
304736
304737
304835
304836
304837
304838
304839
304858
304860
304873
304874
304875
304876
304877
304896
304898
305146
305147
305148
305149
305150
305151
305327
305328
305357
305358
305359
305360
305361
305362
305363
305364
305365
305366
305367
305368
305369
305370
305371
305372
305373
305374
305375
305376
305377
305378
305379
305380
305381
305447
305448
305449
305450
305451
305452
305453
305454
305455
305456
305457
305458
305459
305460
305461
305462
305463
305464
305466
305467
305468
305469
305470
305471
305473
305474
305475
305476
305477
305478
305479
305480
305481
305482
305483
305484
305485
305486
305487
305488
305489
305490
305491
305498
305499
305500
305501
305502
305503
305504
305505
305506
305507
305508
305509
305510
305511
305512
305513
305514
305515
305516
305518
305519
305520
305521
305522
305523
305525
305526
305527
305528
305529
305530
305531
305532
305533
305534
305535
305536
305537
305538
305539
305540
305541
305542
305549
305550
305551
305552
305553
305554
305555
305556
305557
305558
305559
305560
305561
305562
305563
305564
305565
305566
305567
305568
305569
305570
305571
305572
305573
305574
305575
305576
305577
305578
305579
305580
305581
305582
305583
305584
305590
305593
305595
305598
305600
305601
305602
305603
305604
305606
305607
305608
305610
305611
305612
305621
305623
305624
305626
305632
305633
305634
305635
305636
305637
305638
305639
305640
305641
305642
305644
305645
305646
305648
305649
305650
305651
305652
305653
305654
305655
305669
305671
305672
305674
305675
305677
305683
305685
305687
305688
305689
305691
305692
305693
305694
305695
305696
305698
305699
305700
305702
305703
305704
305705
305715
305717
305990
305991
305992
305993
305994
305995
305996
305997
305998
305999
306000
306001
306002
306003
306004
306005
306006
306007
306008
306009
306010
306011
306012
306013
306014
306015
306016
306017
306018
306019
306020
306021
306022
306023
306024
306025
306026
306028
306029
306030
306031
306032
306055
306056
306076
306077
306078
306079
306080
306081
306082
306083
306084
306085
306093
306094
306095
306096
306097
306117
306118
306120
306121
306127
306129
306147
306148
306149
306150
306151
306152
306153
306154
306155
306156
306157
306158
306159
306160
306161
306162
306163
306164
306165
306166
306167
306168
306169
306170
306171
306172
306173
306174
306175
306178
306255
306257
306258
306259
306261
306262
306263
306264
306265
306266
306279
306280
306281
306282
306283
306284
306286
306287
306288
306289
306297
306299
306300
306301
306302
306303
306304
306305
306306
306307
306308
306309
306310
306311
306312
306313
306314
306315
306316
306317
306318
306319
306326
306327
306328
306329
306330
306331
306333
306334
306335
306336
306337
306344
306345
306353
306354
306355
306356
306357
306358
306364
306365
306366
306367
306368
306378
306379
306380
306381
306387
306388
306389
306390
306391
306392
306393
306394
306395
306396
306397
306398
306399
306400
306401
306402
306403
306404
306405
306406
306407
306408
306409
306410
306411
306412
306413
306414
306415
306416
306417
306418
306419
306420
306421
306423
306518
306519
306520
306521
306522
306541
306543
306594
306595
306596
306597
306598
306612
306614
308656
308659
308660
308662
308663
308664
308665
308666
308667
308668
308669
308676
308677
308678
308679
308680
308681
308682
308684
308685
308686
308687
308688
308689
308690
308691
308692
308693
308694
308695
308696
308697
308698
308715
308716
308717
308718
308719
308720
308727
308728
308729
308731
308737
308739
308740
308741
308743
308745
308746
308747
308748
308749
308750
308751
308752
308753
308754
308755
308756
308757
308758
308759
308760
308761
308762
308763
308764
308765
308766
308767
308768
308769
308770
308771
308772
308773
308774
308775
308776
308777
308783
308784
308785
308786
308787
308788
308827
308828
308829
308830
308831
308832
308833
308834
308835
308836
308837
308838
308839
308840
308841
308842
308843
308844
308845
308846
308847
308848
308849
308850
308851
308852
308853
308854
308855
308856
308857
308858
308859
308860
308861
308862
308863
308864
308865
308866
308867
308868
308902
308903
308904
308905
308906
308907
308908
308909
308910
308911
308921
308922
308923
308924
308925
308926
308927
308928
308929
308930
308931
308932
308933
308938
308939
308940
308941
308942
308943
308944
308945
308946
308947
308948
308949
308950
308957
308958
308959
308960
308961
308962
308963
308965
308966
308967
308968
308969
308970
308971
308972
308973
308974
308975
308977
308979
308981
308982
308983
308984
308986
308992
308993
308994
308995
308996
308997
309004
309005
309006
309007
309008
309015
309016
309017
309018
309020
309021
309023
309024
309047
309048
309049
309051
309059
309088
309089
309090
309091
309092
309093
309094
309095
309096
309097
309098
309099
309100
309101
309102
309103
309104
309105
309106
309107
309108
309109
309110
309111
309113
309114
309115
309116
309117
309118
309119
309120
309121
309122
309123
309124
309125
309127
309128
309129
309225
309226
309227
309228
309230
309231
309232
309233
309234
309235
309236
309237
309238
309239
309240
309241
309252
309253
309254
309256
309257
309319
309320
309321
309322
309323
309332
309335
309386
309387
309388
309389
309390
309400
309403
309715
309716
309717
309718
309719
309720
309723
309724
309726
309727
309728
309729
309730
309731
309732
309734
309735
309737
309738
309739
309740
309741
309742
309743
309744
309745
309746
309748
309749
309751
309752
309753
309754
309755
309756
309757
309758
309759
309760
309761
309762
309763
309764
309765
309766
309767
309768
309769
309770
309771
309772
309773
309774
309775
309776
309777
309778
309779
309780
309781
309782
309783
309784
309785
309786
309787
309788
309789
309790
309791
309792
309793
309794
309795
309796
309797
309798
309799
309800
309801
309802
309803
309804
309805
309806
309807
309808
309809
309810
309811
309812
309813
309814
309815
309816
309817
309818
309819
309820
309821
309822
309823
309824
309825
309826
309827
309828
309829
309830
309831
309832
309833
309834
309835
309836
309837
309838
309839
309840
309841
309842
309843
309844
309845
309846
309847
309848
309849
309850
309851
309852
309853
309854
309855
309856
309857
309858
309859
309860
309861
309862
309863
309864
309865
309866
309867
309868
309869
309870
309871
309872
309873
309874
309875
309876
309877
309878
309879
309880
309881
309882
309883
309884
309885
309886
309887
309888
309889
309890
309891
309892
309893
309894
309895
309896
309897
309898
309899
309900
309901
309902
309903
309904
309905
309906
309907
309908
309909
309910
309911
309912
309913
309914
309915
309916
309917
309918
309919
309920
309921
309922
309923
309924
309925
309926
309927
309928
309929
309930
309931
309932
309933
309934
309935
309936
309937
309938
309939
309940
309941
309942
309943
309944
309945
309946
309947
309948
309949
309950
309951
309952
309953
309954
309955
309956
309957
309958
309959
309960
309961
309962
309963
309964
309965
309966
309967
309968
309969
309970
309971
309972
309973
309974
309975
309976
309977
309978
309979
309980
309981
309982
309983
309984
309985
309986
309987
309988
309989
309990
309991
309992
309993
310036
310037
310038
310039
310040
310041
310145
310146
310147
310149
310164
310165
310166
310167
310168
310189
310190
310191
310192
310193
310194
310195
310196
310197
310198
310199
310200
310201
310202
310203
310204
310205
310206
310207
310208
310213
310214
310215
310216
310217
310261
310262
310263
310265
310266
310267
310268
310269
310270
310271
310272
310273
310274
310276
310277
310279
310280
310282
310283
310284
310285
310286
310287
310288
310289
310290
310291
310292
310293
310294
310295
310296
310297
310298
310299
310300
310301
310302
310303
310378
310381
310382
310384
310385
310386
310387
310388
310389
310390
310391
310392
310393
310394
310395
310396
310397
310404
310405
310406
310407
310408
310409
310410
310411
310412
310413
310414
310415
310417
310418
310419
310420
310427
310429
310430
310431
310432
310433
310434
310435
310436
310437
310438
310439
310440
310441
310442
310443
310444
310445
310446
310447
310448
310449
310450
310451
310452
310453
310454
310455
310456
310457
310458
310459
310460
310461
310467
310468
310469
310470
310471
310472
310483
310484
310485
310486
310487
310488
310495
310496
310497
310499
310505
310507
310508
310509
310549
310550
310551
310552
310553
310554
310555
310556
310557
310558
310559
310560
310561
310562
310563
310564
310565
310566
310567
310568
310569
310570
310571
310572
310573
310574
310575
310576
310577
310578
310579
310580
310581
310582
310583
310584
310585
310586
310587
310588
310589
310590
310594
310595
310596
310597
310598
310599
310600
310601
310602
310603
310613
310614
310615
310616
310617
310618
310619
310620
310621
310622
310623
310624
310625
310660
310661
310662
310663
310664
310665
310666
310667
310668
310669
310670
310671
310672
310673
310674
310675
310676
310677
310678
310679
310680
310681
310682
310683
310684
310685
310686
310687
310688
310689
310690
310691
310692
310693
310694
310695
310696
310697
310698
310699
310700
310701
310702
310703
310704
310705
310706
310707
310708
310709
310710
310711
310712
310713
310714
310715
310716
310717
310718
310719
310720
310721
310722
310723
310724
310725
310726
310727
310728
310729
310730
310731
310732
310733
310734
310735
310736
310737
310738
310739
310740
310741
310742
310743
310744
310745
310746
310747
310748
310749
310750
310751
310752
310753
310754
310755
310756
310757
310758
310759
310760
310761
310762
310763
310764
310765
310766
310767
310768
310769
310770
310771
310772
310773
310774
310775
310776
310777
310778
310779
310780
310781
310782
310783
310784
310785
310786
310787
310788
310789
310790
310791
310792
310793
310794
310795
310796
310797
310798
310799
310800
310801
310802
310803
310804
310805
310806
310807
310808
310809
310810
310811
310812
310813
310814
310815
310816
310817
310818
310819
310820
310821
310822
310823
310824
310825
310826
310827
310828
310829
310830
310831
310832
310833
310834
310835
310836
310837
310838
310839
310840
310841
310842
310843
310844
310845
310846
310847
310848
310849
310850
310851
310852
310853
310854
310855
310856
310857
310858
310859
310860
310861
310862
310863
310864
310865
310866
310867
310868
310869
310870
310871
310872
310873
310874
310875
310876
310877
310878
310879
310880
310881
310882
310883
310884
310885
310886
310887
310888
310889
310890
310891
310892
310986
310987
310988
310989
310990
310991
310992
310993
310994
310995
310996
310997
310998
310999
311000
311001
311002
311003
311004
311005
311012
311013
311014
311015
311016
311017
311019
311020
311021
311022
311023
311024
311027
311028
311030
311031
311032
311034
311040
311041
311042
311043
311044
311045
311052
311053
311054
311055
311056
311063
311064
311065
311066
311068
311069
311070
311072
311090
311091
311092
311094
311106
311107
311108
311109
311110
311111
311112
311113
311114
311115
311116
311117
311118
311119
311120
311121
311122
311123
311124
311125
311126
311127
311128
311129
311131
311132
311133
311134
311135
311136
311137
311138
311139
311140
311141
311142
311143
311145
311146
311147
311149
311178
311179
311180
311181
311182
311183
311184
311185
311186
311187
311188
311189
311190
311191
311192
311193
311194
311195
311196
311197
311198
311199
311200
311201
311202
311203
311204
311205
311206
311207
311208
311209
311210
311211
311212
311213
311214
311215
311216
311217
311218
311219
311220
311221
311222
311223
311224
311225
311226
311227
311228
311229
311230
311231
311232
311233
311234
311235
311236
311237
311238
311239
311240
311241
311242
311243
311244
311245
311246
311247
311248
311249
311250
311251
311252
311253
311254
311255
311256
311257
311258
311259
311260
311261
311262
311263
311264
311265
311266
311267
311268
311269
311270
311271
311272
311273
311274
311275
311276
311277
311278
311279
311280
311281
311282
311283
311284
311285
311286
311287
311288
311289
311290
311291
311292
311293
311294
311295
311296
311297
311298
311299
311300
311301
311302
311303
311304
311305
311306
311307
311308
311309
311310
311311
311312
311313
311314
311315
311316
311317
311318
311319
311320
311321
311322
311323
311324
311325
311326
311327
311328
311329
311330
311331
311332
311333
311334
311335
311336
311337
311338
311339
311340
311341
311342
311343
311344
311345
311346
311347
311348
311349
311350
311351
311352
311353
311354
311355
311356
311357
311358
311359
311360
311361
311362
311363
311364
311365
311366
311367
311368
311369
311370
311371
311372
311373
311374
311375
311376
311377
311378
311379
311380
311381
311382
311383
311384
311385
311386
311387
311388
311389
311390
311391
311392
311393
311394
311395
311396
311397
311398
311399
311400
311401
311402
311403
311404
311670
311671
311672
311673
311675
311676
311677
311678
311679
311680
311681
311682
311683
311684
311685
311686
311697
311698
311699
311701
311702
311807
311808
311809
311810
311811
311821
311824
311837
311838
311839
311840
311841
311851
311854
311901
311902
311903
311904
311905
311906
311907
311908
311909
311910
311911
311912
311913
311914
311915
311916
311917
311918
311919
311920
311921
311922
311923
311924
311925
311926
311927
311928
311929
311930
311931
311932
311933
311934
311935
311936
311937
311938
311939
311940
311941
311942
311943
311944
311945
311946
311947
311948
311949
311950
311951
311952
311953
311954
311955
311956
311957
311958
311959
311960
311961
311962
311963
311964
311965
311966
311967
311968
311969
311970
311971
311972
311973
311974
311975
311976
311977
311978
311979
311980
311981
311982
311983
311984
311985
311986
311987
311988
311989
311990
311991
311992
311993
311994
311995
311996
311997
311998
311999
312000
312001
312002
312003
312004
312005
312006
312007
312008
312009
312010
312011
312012
312013
312014
312015
312016
312017
312018
312019
312020
312021
312022
312023
312024
312025
312026
312027
312028
312029
312030
312031
312032
312033
312034
312035
312036
312037
312038
312039
312040
312041
312042
312043
312044
312045
312046
312047
312048
312049
312050
312051
312052
312053
312054
312055
312056
312057
312058
312059
312060
312061
312062
312063
312064
312065
312066
312067
312068
312069
312070
312071
312072
312073
312074
312075
312076
312077
312078
312079
312080
312081
312082
312083
312084
312085
312086
312087
312088
312089
312090
312091
312092
312093
312094
312095
312096
312097
312098
312099
312100
312101
312102
312103
312104
312105
312106
312107
312108
312109
312110
312111
312112
312113
312114
312115
312116
312117
312118
312119
312120
312121
312122
312123
312124
312125
312126
312127
312128
312129
312130
312131
312132
312133
312134
312135
312136
312137
312138
312139
312140
312141
312142
312143
312144
312145
312146
312147
312148
312163
312165
312166
312167
312168
312170
312171
312172
312173
312174
312175
312176
312177
312178
312179
312180
312181
312182
312183
312184
312185
312186
312187
312188
312189
312190
312191
312197
312198
312199
312200
312201
312202
312203
312204
312205
312206
312207
312208
312209
312210
312211
312212
312213
312214
312215
312216
312217
312218
312219
312220
312221
312222
312223
312224
312225
312226
312227
312228
312229
312230
312231
312232
312233
312234
312235
312236
312237
312238
312239
312240
312241
312242
312243
312244
312250
312251
312252
312253
312254
312255
312256
312257
312258
312259
312260
312261
312262
312263
312264
312265
312266
312267
312268
312269
312270
312271
312272
312273
312274
312275
312276
312277
312278
312279
312280
312281
312282
312283
312284
312285
312286
312287
312288
312289
312290
312366
312367
312368
312369
312370
312371
312475
312476
312477
312479
312487
312488
312489
312490
312491
312520
312521
312522
312523
312524
312525
312526
312527
312528
312529
312530
312531
312532
312533
312534
312540
312541
312542
312543
312544
312545
312546
312547
312548
312549
312554
312555
312556
312558
312559
312560
312561
312562
312563
312564
312565
312566
312567
312569
312570
312572
312573
312575
312576
312577
312578
312579
312580
312581
312582
312583
312584
312585
312586
312587
312588
312589
312590
312591
312592
312593
312594
312595
312596
312655
312656
312657
312658
312659
312660
312661
312662
312663
312664
312665
312666
312667
312668
312669
312678
312680
312681
312688
312689
312690
312691
312692
312693
312694
312695
312697
312698
312699
312700
312701
312702
312703
312704
312705
312706
312707
312708
312709
312710
312711
312712
312718
312719
312720
312721
312722
312723
312724
312725
312726
312727
312728
312729
312730
312731
312732
312733
312734
312735
312736
312737
312738
312739
312740
312741
312742
312743
312744
312745
312746
312747
312748
312749
312750
312751
312752
312753
312754
312755
312756
312757
312758
312759
312760
312761
312762
312763
312764
312765
312771
312772
312773
312774
312775
312776
312777
312778
312779
312780
312781
312782
312783
312784
312785
312786
312787
312788
312789
312790
312791
312792
312793
312794
312795
312796
312797
312798
312799
312800
312801
312802
312803
312804
312805
312806
312807
312808
312809
312810
312811
313891
313893
313916
313917
313918
313920
313921
313923
313931
313932
313933
313935
313975
313976
313977
314033
314034
314035
314036
314037
314204
314206
314229
314230
314231
314233
314234
314236
314242
314243
314245
314246
314249
314291
314292
314293
314294
314296
314298
314322
314323
314324
314325
314327
314328
314330
314541
314542
314543
314545
314585
314586
314587
314589
314590
314592
314617
314618
314619
314621
314622
314623
314625
314633
314634
314635
314637
314677
314678
314679
314729
314730
314731
314898
314899
314900
314901
314902
314925
314926
314928
314929
314932
314974
314975
314976
314977
314979
314981
315005
315006
315007
315008
315010
315011
315013
315020
315021
315023
315048
315049
315050
315052
315053
315054
315056
315062
315063
315065
315068
315108
315109
315110
315438
315439
315440
494437
494438
494439
494440
494441
494451
494452
494455
494498
494499
494500
494501
494502
494503
494516
494517
494520
494569
494570
494571
494572
494573
494574
494575
494576
494577
494578
494579
494580
494581
494589
494591
494592
494630
494632
494638
494639
494640
494641
494642
494678
494679
494680
494681
494688
494690
494691
494692
494693
494694
494695
494696
494697
494698
494699
494700
494701
494702
494713
494714
494715
494716
494717
494718
494719
494720
494721
494722
494723
494724
494725
494726
494732
494733
494735
494739
494740
494741
494742
494743
494748
494749
494750
494751
494755
494756
494757
494758
494759
494760
494761
494762
494763
494765
494766
494767
494768
494770
494771
494772
494773
494774
494775
494776
494777
494778
494779
494780
494781
494782
494783
494784
494785
494786
494787
494789
494790
494791
494792
494796
494797
494798
494799
494800
494801
495194
495195
495418
495419
495420
495422
495560
495561
495562
495563
495615
495616
495617
495618
495619
495620
495621
495622
495623
495624
495625
495626
495628
495629
495630
495631
495632
495633
495635
495636
495637
495638
495640
495641
495642
495643
495644
495646
495647
495648
495649
495655
495656
495657
495658
495659
495660
495661
495662
495663
495664
495665
495666
495681
495682
495683
495684
495685
495691
495692
495693
495694
495695
495697
495698
495699
495700
495701
495702
495703
495704
495705
495706
495707
495708
495709
495710
495711
495712
495713
495714
495715
495716
495720
495721
495722
495723
495724
495725
495726
495727
495728
495729
495730
495731
495732
495736
495737
495738
495739
495748
495749
495750
495751
495752
495753
495757
495758
495759
495760
495761
495762
495763
495764
495765
495766
495767
495768
495769
495770
495771
495772
495773
495775
495776
495777
495778
495779
495780
495781
495782
495783
495784
495786
495787
495788
495789
495790
495791
495792
495793
495794
495797
495798
495799
495800
495802
495803
495804
495805
495806
495807
495808
495809
495810
495811
495812
495813
495814
495815
495816
495817
495818
495819
495820
495821
495822
495823
495824
495825
495826
495827
495828
495829
495830
495831
495832
495833
495834
495835
495836
495837
495838
495839
495840
495841
495842
495843
495844
495846
495847
495853
495854
495855
495856
495858
495859
495860
495861
495862
495863
495864
495865
495866
495867
495868
495869
495870
495871
495872
495873
495874
495875
495876
495877
495878
495879
495880
495888
495889
495890
495891
495892
495893
495894
495896
495897
495898
495899
495900
495901
495902
495903
495904
495905
495906
495907
495908
495909
496250
496251
496252
496254
496388
496389
496390
496391
496451
496452
496669
496670
496671
496672
496673
496674
496675
496676
496677
496679
496680
496681
496682
496683
496684
496685
496686
496687
496688
496691
496692
496693
496694
496695
496697
496698
496699
496700
496701
496702
496703
496704
496705
496706
496707
496708
496709
496710
496711
496712
496713
496714
496715
496716
496717
496718
496719
496720
496721
496722
496723
496724
496725
496726
496727
496728
496729
496730
496731
496732
496733
496734
496735
496736
496737
496738
496740
496741
496747
496748
496749
496750
496751
496752
496753
496754
496755
496756
496758
496759
496760
496761
496762
496763
496764
496765
496766
496767
496768
496769
496770
496771
496772
496773
496782
496783
496784
496785
496786
496787
496788
496789
496791
496792
496793
496794
496795
496796
496797
496798
496799
496800
496801
496802
496803
496804
496805
496806
496807
496808
496809
496810
496811
496812
496813
496814
496815
496816
496817
496819
496820
496821
496822
496823
496825
496826
496827
496828
496830
496831
496832
496833
496835
496836
496837
496838
496844
496845
496846
496847
496848
496849
496850
496851
496852
496853
496854
496876
496877
496878
496879
496880
496881
496882
496883
496884
496885
496886
496888
496889
496890
496891
496892
496893
496894
496895
496896
496897
496898
496899
496900
496901
496902
496903
496904
496905
496906
496907
496908
496913
496914
496915
496916
496917
496918
496919
496920
496921
496925
496926
496927
496928
496929
496930
496931
496932
496933
496941
496942
496943
496944
496945
496949
496950
496951
496952
496953
496954
496955
496956
496957
496958
496959
496960
496961
496962
496963
496964
496966
498019
498022
498029
498030
498031
498032
498033
498063
498064
498065
498077
498079
498080
498081
498082
498083
498084
498085
498086
498087
498088
498089
498090
498091
498092
498105
498106
498107
498108
498109
498110
498111
498112
498113
498114
498115
498116
498117
498118
498124
498125
498126
498131
498132
498133
498134
498138
498139
498140
498141
498142
498143
498144
498145
498149
498150
498151
498152
498153
498155
498156
498157
498158
498160
498161
498162
498163
498164
498165
498166
498167
498168
498169
498170
498171
498172
498173
498174
498175
498176
498177
498178
498180
498181
498182
498183
498188
498189
498190
498191
498192
498193
498269
498270
498271
498272
498273
498284
498285
498288
498334
498335
498336
498337
498338
498349
498350
498353
498405
498406
498407
498408
498409
498410
498411
498412
498413
498414
498415
498422
498424
498425
500099
500100
500101
500102
500103
500109
500110
500111
500112
500113
500131
500132
500133
500134
500135
500136
500150
500151
500152
500153
500154
500159
500160
500161
500163
500164
500165
500166
500167
500168
500230
500232
500233
500235
500236
500237
500238
500239
500242
500243
500244
500246
500247
500248
500249
500250
500251
500252
500253
500254
500255
500256
500257
500258
500259
500260
500261
500262
500263
500265
500266
500268
500269
500270
500271
500272
500333
500334
500335
500336
500338
500339
500340
500341
500342
500343
500344
500345
500346
500348
500349
500350
500351
500352
500353
500354
500355
500356
500357
500358
500359
500361
500362
500363
500364
500365
500366
500367
500368
500369
500370
500371
500372
500373
500374
500375
500376
500377
500378
500379
500412
500413
500414
500415
500440
500441
500442
500443
500444
500450
500451
500452
500453
500454
500472
500473
500474
500475
500476
500477
500491
500492
500493
500494
500495
500500
500501
500502
500504
500505
500506
500507
500508
500509
500572
500574
500575
500577
500578
500579
500580
500581
500584
500585
500586
500588
500589
500590
500591
500592
500593
500594
500595
500596
500597
500598
500599
500600
500601
500602
500603
500604
500605
500607
500608
500610
500611
500612
500613
500614
500675
500676
500677
500678
500680
500681
500682
500683
500684
500685
500686
500687
500688
500690
500691
500692
500693
500694
500695
500696
500697
500698
500699
500700
500701
500703
500704
500705
500706
500707
500708
500709
500710
500711
500712
500713
500714
500715
500716
500717
500718
500719
500720
500721
500754
500755
500756
500757
500769
500770
500771
500772
500773
500774
500775
500776
500777
500778
500779
500780
500782
500783
500784
500785
500786
500787
500788
500789
500790
500791
500793
500794
500795
500796
500797
500798
500799
500800
500802
500803
500804
500805
500806
500807
500808
500809
500810
500811
500812
500813
500814
500815
500816
500817
500818
500819
500820
500821
500822
500823
500824
500825
500826
500828
500829
500830
500831
500832
500833
500835
500836
500837
500838
500839
500840
500842
500843
500844
500845
500846
500847
500848
500849
500850
500851
500852
500853
500854
500855
500856
500857
500858
500859
500860
500861
500862
500863
500864
500865
500866
500867
500868
500869
500870
500874
500876
500877
500878
500879
500880
500881
500882
500883
500884
500886
500887
500888
500889
500890
500892
500893
500894
500895
500896
500897
500898
500899
500900
500901
500902
500903
500904
500905
500906
500907
500908
500909
500910
500911
500912
500913
500914
500915
500916
500917
500918
500922
500923
500924
500925
500926
500927
500928
500929
500930
500931
500932
500933
500934
500935
500936
500937
500938
500939
500940
500941
500942
500943
500944
500945
500946
500947
500948
500949
500950
500951
500952
500953
500954
500955
500956
500957
500958
500959
500960
500961
500962
500963
500964
500965
500966
500967
500968
500969
500970
500971
500972
500973
500974
500975
500976
500977
500978
500979
500980
500981
500982
500983
500984
500985
500990
500992
500993
500994
500995
500996
500997
500998
500999
501000
501001
501003
501004
501005
501006
501007
501008
501009
501010
501011
501013
501014
501015
501016
501017
501018
501019
501020
501021
501022
501023
501024
501025
501026
501027
501028
501029
501030
501031
501032
501033
501034
501035
501036
501041
501042
501043
501044
501045
501046
501047
501048
501049
501050
501051
501052
501053
501054
501055
501056
501057
501058
501059
501060
501061
501062
501063
501064
501065
501066
501067
501068
501069
501070
501071
501072
501073
501074
501075
501076
501077
501078
501079
501080
501081
501082
501083
501084
501085
501086
501087
501088
501089
501090
501091
501092
501093
501094
501095
501096
501097
501098
501099
501100
501101
501102
501103
501104
501652
501653
501654
501655
501656
501663
501664
501665
501666
501667
501686
501687
501688
501689
501690
501691
501704
501705
501706
501707
501708
501709
501710
501712
501717
501718
501719
501720
501779
501781
501782
501783
501784
501785
501787
501788
501790
501795
501796
501797
501799
501800
501802
501803
501804
501805
501806
501807
501808
501809
501810
501811
501812
501813
501814
501815
501816
501817
501818
501819
501820
501879
501880
501881
501882
501884
501885
501886
501887
501888
501889
501890
501891
501892
501894
501895
501896
501897
501898
501899
501900
501901
501902
501903
501904
501905
501907
501908
501909
501910
501911
501912
501913
501914
501915
501916
501917
501918
501919
501920
501921
501922
501923
501924
501925
501972
501973
501974
501975
502139
502140
502141
502142
502143
502144
502145
502146
502147
502148
502149
502150
502152
502153
502154
502155
502156
502157
502158
502159
502160
502161
502162
502164
502165
502166
502167
502168
502170
502171
502172
502174
502175
502176
502177
502178
502179
502180
502181
502182
502183
502184
502185
502186
502187
502188
502189
502190
502191
502192
502193
502194
502195
502196
502197
502198
502199
502202
502203
502204
502205
502206
502207
502209
502210
502211
502212
502214
502215
502217
502218
502219
502220
502221
502222
502223
502224
502225
502226
502227
502228
502229
502230
502231
502232
502233
502234
502235
502236
502237
502238
502249
502250
502251
502252
502257
502258
502259
502260
502261
502279
502280
502281
502282
502283
502299
502300
502301
502302
502303
502304
502305
502306
502308
502314
502315
502316
502317
502318
502381
502383
502384
502386
502387
502388
502389
502390
502393
502394
502395
502397
502398
502399
502400
502401
502402
502403
502404
502405
502406
502407
502408
502409
502410
502411
502412
502413
502414
502416
502417
502419
502420
502421
502422
502423
502487
502488
502489
502490
502492
502493
502494
502495
502496
502497
502498
502499
502500
502502
502503
502504
502505
502506
502507
502508
502509
502510
502511
502512
502513
502515
502516
502517
502518
502519
502520
502521
502522
502523
502524
502525
502526
502527
502528
502529
502530
502531
502532
502533
502564
502565
502566
503613
503614
503615
503616
503617
503627
503628
503631
503689
503690
503691
503692
503693
503694
503707
503708
503711
503757
503758
503759
503760
503761
503762
503763
503764
503765
503766
503767
503768
503769
503777
503779
503780
503968
503970
503980
503981
503982
503983
503984
503995
503997
503998
503999
504000
504001
504002
504003
504004
504005
504006
504007
504008
504009
504020
504021
504022
504023
504024
504025
504026
504027
504028
504029
504030
504031
504032
504033
504064
504065
504066
504067
504074
504075
504076
504077
504079
504080
504081
504082
504084
504085
504086
504087
504088
504089
504090
504091
504092
504093
504094
504095
504096
504097
504098
504099
504100
504101
504103
504104
504105
504106
504110
504111
504112
504113
504114
504115
504116
504117
504119
504123
504124
504125
504126
504127
504132
504133
504134
504135
504139
504140
504141
504142
504143
504171
504172
504173
504174
504175
504176
504177
504178
504182
504183
504184
504185
504186
504187
504189
504190
504191
504192
504193
504195
504196
504197
504198
504200
504201
504202
504203
504204
504205
504206
504207
504208
504209
504210
504211
504212
504213
504214
504215
504216
504217
504218
504219
504220
504221
504222
504223
504224
504225
504226
504227
504228
504229
504230
504231
504232
504233
504234
504235
504236
504237
504238
504239
504240
504241
504242
504243
504244
504245
504246
504247
504248
504249
504250
504251
504252
504253
504254
504258
504259
504260
504261
504262
504263
504264
504265
504266
504267
504268
504269
504270
504271
504272
504273
504274
504275
504276
504277
504278
504279
504280
504281
504282
504283
504284
504285
504286
504287
504288
504289
504290
504291
504292
504293
504294
504295
504296
504297
504298
504299
504300
504301
504302
504307
504308
504309
504310
504311
504312
504314
504315
504316
504317
504318
504319
504321
504322
504323
504324
504325
504326
504327
504328
504329
504330
504331
504332
504333
504334
504335
504337
504338
504339
504340
504341
504342
504343
504344
504345
504346
504347
504348
504349
504350
504351
504352
504353
504354
504355
504356
504357
504358
504359
504360
504361
504362
504363
504364
504365
504366
504367
504368
504369
504370
504371
504372
504373
504374
504375
504376
504377
504378
504379
504380
504381
504382
504383
504384
504390
504391
504392
504393
504394
504395
504396
504397
504398
504399
504400
504401
504402
504403
504404
504405
504406
504407
504408
504409
504410
504411
504412
504413
504414
504415
504416
504417
504418
504419
504420
504421
504422
504423
504424
504425
504426
504427
504428
504429
504430
505056
505057
505058
505059
505069
505072
505128
505129
505130
505131
505132
505142
505145
505192
505193
505194
505195
505196
505197
505198
505199
505200
505201
505202
505203
505204
505208
505210
505211
505259
505261
505273
505274
505275
505276
505277
505289
505291
505292
505293
505294
505295
505296
505297
505298
505299
505300
505301
505302
505303
505309
505310
505311
505312
505313
505314
505315
505316
505317
505318
505319
505320
505321
505322
505361
505362
505363
505364
505371
505372
505373
505374
505376
505377
505378
505379
505381
505382
505383
505384
505385
505386
505387
505388
505389
505390
505391
505392
505393
505394
505395
505396
505397
505398
505399
505400
505401
505402
505403
505404
505406
505407
505408
505409
505413
505414
505416
505421
505422
505423
505424
505425
505431
505432
505433
505434
505439
505440
505441
505442
505443
506020
506021
506239
506240
506241
506242
506243
506244
506245
506246
506247
506248
506249
506250
506252
506253
506254
506255
506256
506257
506259
506260
506261
506262
506264
506265
506266
506267
506268
506270
506271
506272
506273
506279
506280
506281
506282
506283
506284
506285
506286
506287
506288
506289
506290
506305
506306
506307
506308
506309
506315
506316
506317
506318
506319
506321
506322
506323
506324
506325
506326
506327
506328
506329
506330
506331
506332
506333
506334
506335
506336
506337
506338
506339
506340
506344
506345
506346
506347
506348
506349
506350
506351
506352
506353
506354
506355
506356
506360
506361
506362
506363
506372
506373
506374
506375
506376
506377
506381
506382
506383
506384
506385
506386
506387
506388
506389
506390
506391
506392
506393
506394
506395
506396
506397
506399
506410
506411
506412
506414
506552
506553
506554
506555
506607
506608
506609
506610
506611
506612
506613
506614
506615
506616
506617
506618
506619
506620
506622
506624
506625
506626
506628
506629
506630
506631
506633
506634
506635
506636
506637
506638
506639
506640
506641
506642
506643
506644
506645
506646
506647
506648
506649
506650
506651
506652
506653
506654
506655
506656
506657
506658
506659
506660
506661
506662
506663
506664
506665
506666
506667
506668
506669
506670
506671
506672
506673
506674
506675
506677
506678
506684
506685
506686
506687
506689
506690
506691
506692
506693
506694
506695
506696
506697
506698
506699
506700
506701
506702
506703
506704
506705
506706
506707
506708
506709
506710
506711
506715
506716
506717
506718
506719
506724
506725
506726
506727
506728
506729
506730
506731
506732
506733
506734
506736
506737
506738
506739
506740
507334
507335
507336
507337
507338
507339
507340
507341
507342
507343
507344
507345
507346
507348
507349
507350
507351
507352
507353
507355
507356
507357
507358
507361
507362
507363
507364
507365
507367
507368
507369
507370
507377
507378
507379
507380
507381
507382
507383
507384
507385
507386
507387
507388
507403
507404
507405
507406
507408
507409
507410
507411
507412
507419
507420
507421
507422
507423
507424
507425
507426
507427
507428
507429
507430
507431
507433
507434
507435
507436
507437
507438
507439
507444
507445
507446
507447
507448
507449
507450
507451
507452
507453
507454
507455
507456
507461
507462
507463
507464
507474
507475
507476
507477
507478
507479
507480
507482
507487
507488
507489
507490
507491
507492
507493
507494
507495
507496
507497
507498
507499
507500
507508
507721
507722
507723
507724
507725
507726
507727
507728
507729
507730
507731
507732
507733
507734
507736
507737
507739
507740
507741
507744
507745
507746
507747
507749
507750
507751
507752
507753
507754
507755
507756
507757
507758
507760
507761
507762
507763
507764
507765
507766
507767
507768
507769
507770
507771
507772
507773
507774
507775
507776
507777
507778
507779
507780
507781
507782
507783
507784
507785
507786
507787
507788
507789
507790
507792
507793
507795
507796
507803
507805
507806
507807
507809
507810
507811
507812
507813
507814
507815
507816
507817
507818
507819
507820
507821
507822
507823
507824
507825
507826
507827
507828
507829
507830
507831
507836
507837
507838
507839
507840
507846
507847
507848
507849
507850
507851
507852
507853
507854
507856
507857
507859
507860
507861
507862
507863
507874
507875
507877
508010
508011
508012
508013
508479
508480
508481
508483
508589
508590
508591
508592
508674
508675
508676
508677
508678
508679
508680
508681
508682
508684
508685
508686
508687
508688
508689
508690
508691
508692
508693
508696
508697
508698
508699
508700
508702
508703
508704
508705
508706
508707
508708
508709
508710
508711
508712
508713
508714
508715
508716
508717
508718
508719
508720
508721
508722
508723
508724
508725
508726
508727
508728
508729
508730
508731
508732
508733
508734
508735
508736
508737
508738
508739
508740
508741
508742
508743
508745
508746
508752
508753
508754
508755
508756
508757
508758
508759
508760
508761
508763
508764
508765
508766
508767
508768
508769
508770
508771
508772
508773
508774
508775
508776
508777
508778
508787
508788
508789
508790
508791
508792
508793
508794
508796
508797
508798
508799
508800
508801
508802
508803
508804
508805
508806
508807
508808
508809
508810
508822
508823
509040
509041
509042
509043
509044
509045
509046
509047
509048
509049
509050
509051
509052
509054
509055
509056
509057
509058
509060
509061
509062
509064
509065
509066
509067
509069
509070
509071
509072
509073
509074
509075
509076
509077
509083
509084
509085
509086
509087
509088
509110
509111
509112
509113
509114
509115
509116
509117
509118
509119
509120
509122
509123
509124
509125
509126
509127
509128
509129
509130
509131
509132
509133
509134
509135
509136
509137
509138
509139
509140
509141
509142
509147
509148
509149
509150
509151
509152
509153
509154
509155
509159
509160
509161
509162
509163
509164
509165
509166
509167
509171
509172
509173
509174
509175
509180
509181
509182
509183
509184
509185
509186
509187
509188
509189
509190
509191
509192
509196
509197
509198
509199
509852
509853
509854
509855
509856
509857
509858
509859
509860
509861
509863
509864
509865
509866
509867
509868
509869
509870
509871
509872
509876
509877
509878
509879
509880
509882
509883
509884
509885
509886
509888
509889
509890
509891
509892
509893
509894
509895
509896
509897
509898
509899
509900
509901
509902
509903
509904
509905
509906
509907
509908
509909
509910
509911
509912
509913
509914
509915
509916
509917
509918
509919
509920
509921
509922
509924
509926
509927
509933
509934
509935
509936
509937
509938
509939
509940
509941
509942
509943
509944
509946
509947
509948
509950
509951
509952
509953
509954
509955
509956
509957
509958
509959
509969
509970
509971
509972
509973
509974
509975
509976
509977
509979
509980
509982
509983
509984
509985
509986
509987
509988
509989
509990
509991
509998
509999
510001
510105
510106
510107
510108
510190
510191
510192
510193
510194
510195
510196
510197
510198
510199
510200
510201
510202
510204
510205
510206
510207
510208
510209
510211
510212
510213
510216
510217
510218
510219
510221
510222
510223
510224
510225
510226
510227
510228
510229
510236
510237
510238
510239
510240
510241
510266
510267
510268
510269
510270
510271
510272
510273
510274
510275
510276
510278
510279
510280
510281
510282
510283
510284
510285
510286
510287
510288
510289
510290
510292
510293
510294
510295
510296
510297
510298
510299
510305
510306
510307
510308
510309
510310
510311
510312
510313
510318
510319
510320
510321
510322
510323
510324
510325
510326
510331
510332
510333
510334
510335
510341
510342
510343
510344
510345
510346
510347
510348
510349
510350
510351
510352
510353
510358
510359
510360
510361
510374
511338
511341
511348
511349
511350
511351
511352
511382
511383
511384
511396
511398
511399
511400
511401
511402
511403
511404
511405
511406
511407
511408
511409
511410
511411
511424
511425
511426
511427
511428
511429
511430
511431
511432
511433
511434
511435
511436
511437
511443
511444
511445
511450
511451
511452
511453
511457
511458
511459
511460
511461
511462
511463
511464
511468
511469
511470
511471
511472
511474
511475
511476
511477
511479
511480
511481
511482
511483
511484
511485
511486
511487
511488
511489
511490
511491
511492
511493
511494
511495
511496
511497
511499
511500
511501
511502
511507
511508
511509
511510
511511
511512
511589
511590
511591
511592
511593
511604
511605
511608
511624
511625
511626
511627
511628
511639
511640
511643
511699
511700
511701
511702
511703
511704
511705
511706
511707
511708
511709
511716
511718
511719
511794
511795
511796
511797
511798
511799
511800
511801
511806
511808
511809
511810
511811
511812
511813
511814
511815
511816
511817
511819
511820
511821
511822
511823
511824
511825
511826
511827
511829
511830
511831
511832
511833
511834
511835
511836
511837
511838
511839
511840
511841
511842
511843
511844
511845
511846
511847
511848
511849
511850
511851
511852
511857
511858
511859
511860
511861
511862
511863
511864
511865
511866
511867
511868
511869
511870
511871
511872
511873
511874
511875
511876
511877
511878
511879
511880
511881
511882
511883
511884
511885
511886
511887
511888
511889
511890
511891
511892
511893
511894
511895
511896
511897
511898
511899
511900
511901
511902
511903
511904
511905
511906
511907
511908
511909
511910
511911
511912
511913
511914
511915
511916
511917
511918
511919
511920
511921
511922
511923
511924
511925
511926
511927
511928
511929
511930
511931
511932
511933
511934
511935
511936
511937
511943
511944
511946
511947
511948
511949
511950
511951
511952
511953
511954
511955
511957
511958
511959
511960
511961
511963
511964
511965
511966
511967
511968
511969
511970
511971
511972
511973
511974
511975
511976
511977
511978
511979
511980
511981
511982
511983
511984
511985
511986
511987
511988
511989
511990
511991
511997
511998
511999
512000
512001
512002
512003
512004
512005
512006
512007
512008
512009
512010
512011
512012
512013
512014
512015
512016
512017
512018
512019
512020
512021
512022
512023
512024
512025
512026
512027
512028
512029
512030
512031
512032
512033
512034
512035
512036
512037
512038
512039
512040
512041
512042
512043
512044
512045
512046
512047
512048
512049
512050
512051
512052
512053
512054
512055
512056
512057
512058
512059
512060
512061
512062
512063
512064
512065
512066
512067
512068
512069
512070
512071
512747
512750
512758
512759
512760
512761
512762
512797
512798
512799
512807
512809
512810
512811
512812
512813
512814
512815
512816
512817
512818
512819
512820
512821
512831
512832
512833
512834
512835
512836
512837
512838
512839
512840
512841
512842
512843
512844
512851
512852
512853
512859
512860
512861
512862
512867
512868
512869
512870
512871
512872
512873
512874
512879
512880
512881
512882
512883
512885
512886
512887
512888
512890
512891
512892
512893
512894
512895
512896
512897
512898
512899
512900
512901
512902
512903
512904
512905
512906
512907
512908
512910
512911
512912
512913
512914
512915
512916
512917
512918
512919
513122
513123
513124
513125
513131
513134
513154
513155
513156
513157
513163
513166
513227
513228
513229
513230
513231
513232
513233
513234
513235
513236
513237
513238
513240
513241
514305
514306
514307
514308
514309
514321
514322
514323
514324
514325
514326
514327
514328
514329
514330
514331
514358
514359
514360
514361
514366
514367
514368
514369
514371
514372
514373
514374
514384
514386
514387
514388
514389
514390
514392
514393
514395
514400
514401
514402
514404
514405
514407
514408
514409
514410
514411
514412
514413
514414
514415
514416
514417
514418
514419
514420
514421
514422
514423
514424
514425
514480
514481
514482
514483
514485
514486
514487
514488
514489
514490
514491
514492
514493
514495
514496
514497
514498
514499
514500
514501
514502
514503
514504
514505
514506
514508
514509
514510
514511
514512
514513
514514
514515
514516
514517
514518
514519
514520
514521
514522
514523
514524
514525
514526
514624
514625
514626
514627
514632
514633
514634
514635
514636
514637
514638
514639
514640
514641
514642
514643
514645
514646
514647
514648
514649
514650
514651
514652
514653
514654
514655
514657
514658
514659
514660
514661
514663
514664
514665
514667
514668
514669
514670
514671
514672
514673
514674
514675
514676
514677
514678
514679
514680
514681
514682
514683
514684
514685
514686
514687
514688
514689
514690
514691
514692
514695
514696
514697
514698
514699
514700
514702
514703
514704
514705
514707
514708
514710
514711
514712
514713
514714
514715
514716
514717
514718
514719
514720
514721
514722
514723
514724
514725
514726
514727
514728
514729
514730
514731
514901
514902
514903
514904
514913
514914
514915
514916
514917
514918
514919
514920
514921
514922
514950
514951
514952
514953
514954
514960
514961
514962
514963
514965
514966
514967
514968
514969
514980
514982
514983
514985
514986
514987
514988
514989
514992
514993
514994
514996
514997
514998
514999
515000
515001
515002
515003
515004
515005
515006
515007
515008
515009
515010
515011
515012
515013
515015
515016
515018
515019
515020
515021
515022
515084
515085
515086
515087
515089
515090
515091
515092
515093
515094
515095
515096
515097
515099
515100
515101
515102
515103
515104
515105
515106
515107
515108
515109
515110
515112
515113
515114
515115
515116
515117
515118
515119
515120
515121
515122
515123
515124
515125
515126
515127
515128
515129
515130
515216
515217
515218
515236
515237
515238
515239
515240
515241
515242
515243
515248
515249
515250
515251
515252
515253
515255
515256
515257
515258
515259
515260
515262
515263
515264
515265
515266
515267
515268
515269
515270
515271
515272
515273
515274
515275
515276
515278
515279
515280
515281
515282
515283
515284
515285
515286
515287
515288
515289
515290
515291
515292
515293
515294
515295
515296
515297
515298
515299
515300
515301
515302
515303
515304
515305
515306
515307
515308
515309
515310
515311
515312
515313
515314
515315
515316
515317
515318
515319
515320
515323
515324
515325
515326
515327
515328
515329
515330
515334
515335
515336
515337
515338
515339
515340
515341
515342
515343
515344
515345
515346
515347
515348
515349
515350
515351
515352
515353
515354
515355
515356
515357
515358
515359
515360
515361
515362
515363
515364
515365
515366
515367
515368
515369
515370
515371
515372
515378
515379
515380
515381
515382
515383
515384
515386
515387
515388
515389
515390
515391
515393
515394
515395
515396
515398
515399
515400
515401
515402
515403
515404
515405
515406
515407
515408
515409
515410
515411
515412
515413
515414
515415
515416
515417
515418
515419
515420
515421
515422
515423
515424
515425
515426
515427
515428
515429
515430
515431
515432
515433
515434
515435
515436
515437
515438
515439
515440
515441
515442
515443
515444
515445
515446
515447
515448
515449
515450
515451
515452
515453
515454
515455
515456
515457
515463
515464
515465
515466
515467
515468
515469
515470
515471
515472
515473
515474
515475
515476
515477
515478
515479
515480
515481
515482
515483
515484
515485
515486
515487
515488
515489
515490
515491
515492
515493
515494
515495
515496
515497
516248
516249
516250
516251
516252
516253
516254
516255
516256
516257
516258
516259
516260
516262
516263
516264
516265
516266
516267
516268
516269
516270
516271
516272
516274
516275
516276
516277
516278
516281
516282
516283
516285
516286
516287
516288
516289
516290
516291
516292
516293
516294
516295
516296
516297
516298
516299
516300
516301
516302
516303
516304
516305
516306
516307
516308
516309
516310
516311
516315
516316
516317
516318
516320
516322
516323
516324
516325
516327
516329
516330
516331
516332
516333
516334
516335
516336
516337
516338
516339
516340
516341
516342
516343
516344
516345
516346
516347
516348
516349
516350
516357
516358
516359
516360
516371
516372
516373
516374
516375
516376
516377
516378
516379
516380
516408
516409
516410
516411
516417
516418
516419
516420
516421
516422
516423
516424
516437
516438
516440
516441
516442
516443
516446
516447
516448
516450
516451
516452
516454
516455
516457
516458
516459
516460
516461
516462
516463
516464
516465
516466
516467
516468
516469
516470
516471
516472
516473
516474
516475
516538
516539
516540
516541
516543
516544
516545
516546
516547
516548
516549
516550
516551
516553
516554
516555
516556
516557
516558
516559
516560
516561
516562
516563
516564
516565
516566
516567
516568
516569
516570
516571
516572
516574
516575
516576
516577
516578
516579
516580
516581
516582
516583
516584
516675
516676
516677
516699
516700
516701
516702
516713
516714
516715
516716
516717
516718
516719
516720
516721
516722
516750
516751
516752
516753
516759
516760
516761
516762
516763
516764
516765
516766
516779
516780
516782
516783
516784
516785
516788
516789
516790
516792
516793
516794
516796
516797
516799
516800
516801
516802
516803
516804
516805
516806
516807
516808
516809
516810
516811
516812
516813
516814
516815
516816
516817
516879
516880
516881
516882
516884
516885
516886
516887
516888
516889
516890
516891
516892
516894
516895
516896
516897
516898
516899
516900
516901
516902
516903
516904
516905
516906
516907
516908
516909
516910
516911
516912
516913
516915
516916
516917
516918
516919
516920
516921
516922
516923
516924
516925
517016
517017
517018
518535
518536
518537
518538
518548
518551
518564
518565
518566
518567
518568
518578
518581
518626
518627
518628
518629
518630
518631
518632
518633
518634
518635
518636
518637
518638
518642
518644
518645
518723
518725
518737
518738
518739
518740
518741
518753
518755
518756
518757
518758
518759
518760
518761
518762
518763
518764
518765
518766
518767
518773
518774
518775
518776
518777
518778
518779
518780
518781
518782
518783
518784
518785
518786
518825
518826
518827
518828
518835
518836
518837
518838
518840
518841
518842
518843
518845
518846
518847
518848
518849
518850
518851
518852
518853
518854
518855
518856
518857
518858
518859
518860
518861
518862
518863
518864
518865
518866
518867
518868
518870
518871
518872
518873
518877
518878
518880
518885
518886
518887
518888
518889
518895
518896
518897
518898
518903
518904
518905
518906
518907
519971
519972
519973
519974
519975
519976
519977
519978
519979
519980
519981
519982
519983
519984
519986
519987
519988
519989
519990
519991
519993
519994
519995
519997
519999
520000
520001
520002
520004
520005
520006
520007
520008
520009
520010
520011
520012
520013
520020
520021
520022
520023
520024
520025
520040
520041
520042
520043
520045
520046
520047
520048
520049
520056
520057
520058
520059
520060
520061
520062
520063
520064
520065
520066
520067
520068
520070
520071
520072
520073
520074
520075
520076
520081
520082
520083
520084
520085
520086
520087
520088
520089
520090
520091
520092
520093
520098
520099
520100
520101
520107
520108
520109
520110
520111
520116
520117
520118
520120
520121
520122
520123
520124
520125
520126
520127
520128
520129
520130
520131
520132
520133
520138
520139
520140
520141
520142
520143
520144
520145
520146
520147
520148
520149
520150
520151
520153
520154
520156
520157
520158
520161
520162
520163
520164
520166
520167
520168
520169
520170
520171
520172
520173
520174
520175
520177
520178
520179
520180
520181
520182
520183
520184
520185
520186
520187
520188
520189
520190
520191
520192
520193
520194
520195
520196
520197
520198
520199
520200
520201
520202
520203
520204
520205
520206
520207
520209
520210
520212
520213
520220
520222
520223
520224
520226
520227
520228
520229
520230
520231
520232
520233
520234
520235
520236
520237
520238
520239
520240
520241
520242
520243
520244
520245
520246
520247
520248
520253
520254
520255
520256
520257
520263
520264
520265
520266
520267
520268
520269
520270
520271
520273
520274
520276
520277
520278
520279
520280
520288
520507
520508
520510
520617
520618
520619
520620
521350
521351
521352
521353
521354
521355
521356
521357
521358
521359
521360
521361
521362
521363
521364
521366
521367
521369
521370
521371
521373
521375
521376
521377
521378
521380
521381
521382
521383
521384
521385
521386
521387
521388
521389
521390
521392
521393
521394
521395
521396
521397
521398
521399
521400
521401
521402
521403
521404
521405
521406
521407
521408
521409
521410
521411
521412
521413
521414
521415
521416
521417
521418
521419
521420
521422
521424
521425
521431
521432
521433
521434
521435
521436
521437
521438
521439
521440
521441
521442
521444
521445
521446
521448
521449
521450
521451
521452
521453
521454
521455
521456
521457
521463
521464
521465
521466
521467
521472
521473
521474
521475
521476
521477
521478
521479
521480
521481
521482
521483
521484
521485
521487
521488
521490
521491
521492
521493
521494
521495
521496
521497
521498
521499
521500
521501
521502
521504
521505
521506
521507
521508
521509
521511
521512
521513
521516
521517
521518
521519
521521
521522
521523
521524
521525
521526
521527
521528
521529
521536
521537
521538
521539
521540
521541
521566
521567
521568
521569
521570
521571
521572
521573
521574
521575
521576
521578
521579
521580
521581
521582
521583
521584
521585
521586
521587
521588
521589
521590
521592
521593
521594
521595
521596
521597
521598
521599
521605
521606
521607
521608
521609
521610
521611
521612
521613
521618
521619
521620
521621
521622
521623
521624
521625
521626
521631
521632
521633
521634
521635
521641
521642
521643
521644
521645
521646
521647
521648
521649
521650
521651
521652
521653
521658
521659
521660
521661
521669
521670
521672
521776
521777
521778
521779
521868
522748
522751
522764
522765
522766
522767
522768
522781
522783
522784
522785
522786
522787
522788
522789
522790
522791
522792
522793
522794
522795
522805
522806
522807
522808
522809
522810
522811
522812
522813
522814
522815
522816
522817
522818
522847
522848
522849
522857
522858
522859
522860
522861
522863
522864
522865
522866
522868
522869
522870
522871
522872
522873
522874
522875
522876
522877
522878
522879
522880
522881
522882
522883
522884
522885
522886
522888
522889
522890
522891
522892
522893
522894
522895
522896
522897
522902
522903
522904
522910
522911
522912
522913
522918
522919
522920
522921
522922
522923
522924
522925
523002
523003
523004
523005
523011
523014
523034
523035
523036
523037
523043
523046
523098
523099
523100
523101
523102
523103
523104
523105
523106
523107
523108
523109
523111
523112
531699
531700
531701
531702
531722
531724
531731
531732
531733
531734
531735
531760
531762
532635
532648
532649
532650
532651
532652
532653
532654
532655
532656
532657
532658
532659
532660
532661
532662
532663
532664
532665
532666
532667
532668
532669
532670
532671
532672
532673
532674
532675
532676
532677
532678
532679
532680
532681
532682
532683
532684
532686
532687
532688
532689
532690
532696
532697
532698
532699
532705
532706
532707
532708
532709
532711
532712
532713
532714
532715
532736
532738
532739
532745
532785
532786
532787
532788
532789
532790
532791
532792
532793
532794
532795
532796
532797
532798
532799
532800
532801
532802
532803
532804
532805
532806
532807
532808
532809
532810
532811
532812
532813
532816
532860
532862
532863
532865
532866
532867
532868
532869
532870
532880
532881
532882
532883
532884
532891
532892
532893
532894
532897
532898
532899
532900
532901
532902
532903
532904
532905
532906
532907
532908
532915
532916
532917
532918
532919
532920
532921
532922
532923
532924
532932
532933
532934
532935
532936
532937
532938
532939
532940
532941
532942
532943
532944
532953
532954
532955
532956
532957
532958
532959
532960
532995
532996
532997
532998
533003
533004
533005
533006
533007
533008
533009
533010
533011
533012
533013
533014
533015
533016
533017
533018
533019
533020
533021
533022
533023
533024
533025
533026
533027
533028
533029
533031
533036
533037
533038
533039
533040
533041
533099
533100
533101
533204
533205
533207
533276
533277
533278
533280
533286
533287
533288
533289
533290
533301
533302
533304
533305
533431
533432
533433
533434
533435
533436
533438
533445
533447
533448
533620
533622
533624
533625
533626
533627
533628
533629
533643
533644
533645
533646
533647
533649
533650
533651
533654
533655
533656
533657
533658
533659
533660
533661
533662
533663
533664
533670
533671
533672
533673
533674
533675
533676
533677
533678
533679
533680
533681
533682
533683
533684
533685
533687
533688
533689
533690
533697
533699
533708
533709
533710
533711
533712
533716
533717
533718
533719
533749
533750
533751
533752
533758
533759
533760
533761
533762
533763
533764
533765
533766
533767
533768
533769
533770
533771
533772
533773
533774
533775
533776
533777
533778
533779
533780
533781
533782
533783
533784
533785
533786
533787
533788
533789
533790
533791
533792
533794
533856
533875
533876
533877
533878
533879
533880
533881
533882
533883
533884
533885
533886
533887
533888
533889
533890
533891
533892
533893
533894
533895
533896
533897
533898
533899
533900
533901
533902
533903
533904
533905
533906
533908
533909
533910
533911
533912
533913
533914
533915
533916
533917
533923
533924
533925
533926
533927
533934
533935
533936
533937
533939
533951
533952
533953
533954
533955
533966
533967
533970
534014
534015
534016
534017
534018
534019
534020
534021
534022
534023
534024
534025
534026
534027
534028
534031
534036
534037
534038
534039
534040
534041
534042
534043
534044
534045
534046
534047
534103
534104
534106
534111
534112
534113
534114
534115
534125
534126
534128
534129
534253
534254
534255
534256
534258
534259
534261
534269
534271
534272
534367
534368
534369
534469
534470
534472
534576
534577
534578
534591
534608
534609
534610
534623
535906
535907
535908
535909
536170
536171
536172
536173
536174
536295
536381
536382
536383
536384
536385
536386
536387
536388
536389
536390
536391
536392
536393
536394
536395
536396
536397
536398
536399
536400
536401
536402
536403
536404
536405
536407
536408
536409
536410
536411
536412
536413
536414
536415
536416
536417
536418
536419
536420
536426
536427
536428
536429
536430
536431
536432
536433
536434
536435
536436
536437
536438
536439
536440
536441
536442
536443
536444
536445
536446
536447
536448
536449
536450
536451
536452
536454
536455
536456
536457
536458
536459
536460
536461
536462
536463
536464
536465
536466
536467
536468
536469
536475
536476
536477
536478
536479
536484
536487
536489
536490
536491
536492
536494
536495
536496
536498
536499
536500
536508
536509
536510
536511
536513
536519
536520
536521
536522
536524
536525
536526
536527
536528
536529
536530
536532
536533
536534
536535
536537
536538
536539
536548
536549
536551
536552
536553
536555
536556
536557
536558
536560
536565
536566
536567
536568
536569
536570
536571
536572
536573
536574
536576
536577
536578
536579
536581
536582
536583
536596
536597
536599
536600
536601
536602
536603
536604
536605
536967
536968
536969
536970
536971
536972
536973
536974
536975
536976
536977
536978
536979
536980
536981
536982
536983
536984
536985
536986
536987
536988
536989
536990
536991
536992
536995
536997
536998
537000
537002
537003
537005
537007
537008
537119
537120
537121
537122
537172
537173
537174
537175
537240
537241
537242
537243
537244
537245
537246
537247
537248
537249
537250
537251
537252
537253
537254
537255
537256
537257
537258
537259
537260
537261
537262
537263
537264
537265
537266
537267
537268
537273
537274
537275
537276
537277
537278
537279
537280
537281
537282
537283
537284
537285
537286
537287
537288
537289
537290
537291
537292
537293
537294
537295
537296
537297
537298
537299
537300
537301
537302
537303
537304
537305
537306
537307
537308
537309
537315
537316
537317
537318
537319
537320
537321
537322
537323
537324
537325
537326
537327
537328
537329
537330
537331
537332
537333
537334
537335
537336
537337
537338
537339
537340
537341
537342
537343
537344
537345
537346
537347
537348
537349
537350
537351
537352
537353
537354
537355
537356
537358
537359
537367
537368
537369
537370
537371
537372
537373
537374
537375
537376
537377
537378
537379
537380
537381
537382
537383
537384
537385
537386
537387
537388
537389
537390
537391
537392
537393
537394
537395
537396
537397
537405
537406
537407
537408
537410
537411
537412
537413
537415
537416
537417
537419
537420
537421
537422
537423
537424
537449
537451
537452
537595
537596
537597
537598
537619
537620
537621
537622
537623
537643
537644
537645
537646
537647
537648
537649
537650
537651
537652
537653
537654
537655
537656
537657
537658
537659
537660
537661
537662
537663
537664
537665
537666
537667
537668
537669
537670
537671
537672
537673
537674
537675
537676
537677
537678
537679
537680
537681
537682
537683
537689
537690
537691
537692
537693
537694
537695
537696
537698
537699
537708
537709
537710
537711
537712
537713
537714
537715
537716
537717
537718
537719
537720
537721
537726
537727
537728
537729
537730
537731
537732
537733
537734
537735
537768
537769
537770
537771
537772
537773
537774
537775
537776
537777
537778
537779
537780
537781
537782
537783
537784
537785
537786
537787
537788
537789
537790
537791
537792
537793
537794
537795
537796
537797
537798
537799
537800
537801
537802
537803
537804
537805
537806
537807
537808
537809
537810
537811
537812
537813
537820
537823
537834
537835
537836
537840
537841
537842
537843
537844
537845
537846
537851
537852
537853
537854
537855
537859
537860
537861
537862
537863
537864
537865
537866
537867
537868
537869
537870
537871
537876
537877
537879
537880
537881
537882
537883
537884
537885
537887
537888
537889
537903
537904
537905
537907
537908
537909
537912
537914
537915
537916
537917
537918
537919
537920
537921
537922
537923
537924
537925
537926
537927
537928
537929
537930
537931
537932
537933
537934
537935
537937
537938
537939
537940
537941
537942
537943
537944
537945
537946
537947
537948
537949
537950
537951
537952
537953
537957
537958
537959
537960
537961
537962
537963
537964
537965
537967
537968
537969
537970
537971
537972
537973
537974
537975
537976
537977
537978
537979
537980
537981
537982
537983
537984
537985
537986
537987
537988
537993
537994
537995
537996
537997
537998
537999
538000
538001
538002
538003
538004
538005
538006
538007
538008
538009
538010
538011
538012
538013
538014
538015
538016
538017
538018
538019
538020
538021
538022
538023
538024
538025
538026
538027
538028
538029
538030
538034
538035
538036
538037
538038
538039
538040
538041
538042
538043
538044
538045
538046
538047
538048
538049
538050
538051
538052
538053
538055
538056
538057
538058
538059
538060
538061
538062
538063
538064
538065
538066
538067
538068
538069
538070
538071
538072
538073
538074
538075
538076
538077
538078
538079
538083
538084
538085
538086
538087
538088
538089
538090
538091
538092
538093
538094
538095
538096
538101
538102
538103
538104
538105
538106
538107
538108
538109
538110
538111
538112
538113
538114
538115
538116
538117
538118
538119
538120
538121
538122
538123
538124
538125
538126
538127
538128
538129
538130
538131
538132
538133
538134
538135
538136
538137
538138
538139
538140
538141
538142
538143
538144
538145
538146
538147
538148
538149
538150
538151
538152
538153
538158
538159
538160
538161
538162
538163
538164
538165
538166
538167
538168
538169
538170
538171
538172
538173
538174
538175
538176
538177
538178
538179
538180
538181
538182
538183
538184
538185
538186
538187
538188
538189
538190
538191
538192
538193
538194
538195
538196
538197
538198
538202
538203
538204
538205
538206
538207
538208
538209
538210
538211
538212
538213
538214
538215
538216
538217
538218
538219
538220
538221
538222
538223
538224
538225
538226
538227
538228
538229
538230
538231
538232
538233
538234
538235
538236
538237
538238
538239
538240
538241
538242
538243
538244
538245
538246
538251
538252
538253
538254
538255
538256
538257
538258
538259
538260
538261
538262
538263
538264
538265
538267
538268
538269
538270
538271
538272
538273
538274
538275
538276
538277
538278
538279
538280
538281
538282
538283
538284
538285
538286
538287
538288
538289
538290
538291
538292
538293
538294
538295
538296
538297
538298
538303
538304
538305
538306
538307
538308
538309
538310
538311
538316
538317
538318
538319
538320
538321
538322
538323
538324
538325
538326
538327
538328
538329
538330
538331
538332
538333
538334
538335
538336
538337
538338
538339
538340
538341
538342
538343
538344
538345
538346
538347
538348
538349
538350
538351
538352
538353
538354
538355
538356
538357
538358
538359
538360
538361
538362
538363
538364
538365
538366
538367
538369
538370
538371
538373
538374
538375
538377
538378
538380
538381
538382
538383
538384
538385
538386
538387
538388
538389
538390
538391
538392
538393
538394
538395
538396
538397
538398
538399
538400
538401
538402
538403
538404
538405
538406
538407
538408
538409
538410
538411
538412
538413
538414
538415
538423
538424
538425
538430
538431
538432
538433
538434
538435
538436
538437
538438
538439
538444
538445
538446
538447
538448
538449
538450
538451
538452
538453
538454
538455
538457
538458
538459
538460
538465
538466
538467
538468
538469
538471
538472
538473
538474
538475
538477
538478
538479
538480
538481
538482
538483
538484
538485
538497
538498
538499
538500
538501
538502
538503
538504
538505
538506
538507
538508
538509
538510
538511
538552
538561
538562
538563
538572
538574
538575
538576
538577
538578
538579
538580
538581
538582
538590
538591
538592
538593
538594
538595
538596
538597
538598
538599
538600
538601
538602
538607
538608
538609
538610
538611
538612
538613
538614
538615
538616
538617
538618
538619
538620
538621
538622
538623
538624
538625
538626
538627
538628
538629
538630
538631
538632
538633
538634
538635
538636
538637
538638
538639
538640
538641
538642
538643
538644
538645
538646
538647
538648
538649
538650
538651
538652
538653
538654
538655
538656
538657
538658
538659
538660
538661
538662
538663
538664
538665
538666
538667
538668
538669
538670
538671
538672
538673
538674
538681
538682
538683
538684
538685
538686
538687
538688
538689
538691
538699
538700
538701
538702
538703
538704
538705
538706
538707
538708
538709
538710
538711
538712
538713
538714
538715
538716
538721
538722
538723
538724
538757
538758
538759
538760
538761
538762
538763
538764
538765
538766
538767
538768
538769
538770
538771
538772
538773
538774
538775
538776
538777
538778
538779
538780
538781
538786
538787
538788
538789
538790
538791
538792
538793
538794
538795
538796
538797
538798
538799
538800
538801
538802
538803
538804
538805
538810
538819
538820
538821
538829
538830
538831
538832
538833
538834
538835
538836
538841
538842
538843
538844
538852
538853
538854
538855
538856
538857
538858
538859
538860
538861
538862
538863
538864
538872
538873
538874
538875
538876
538877
538878
538879
538880
538881
538882
538883
538884
538897
538899
538900
539049
539050
539051
539052
539076
539077
539078
539079
539100
539101
539103
539104
539105
539106
539107
539108
539109
539111
539112
539113
539129
539130
539131
539134
539136
539137
539139
539141
539142
539143
539144
539145
539146
539147
539148
539149
539150
539151
539152
539153
539154
539155
539156
539157
539158
539159
539160
539161
539162
539164
539165
539166
539167
539168
539169
539170
539171
539172
539173
539174
539175
539176
539177
539178
539179
539180
539181
539186
539187
539188
539189
539190
539193
539194
539195
539196
539197
539198
539199
539200
539201
539202
539203
539204
539205
539206
539207
539208
539209
539210
539211
539212
539213
539214
539215
539216
539217
539218
539223
539224
539225
539226
539227
539228
539229
539230
539231
539232
539233
539234
539235
539236
539237
539238
539239
539240
539241
539242
539243
539244
539245
539246
539247
539248
539249
539250
539361
539362
539363
539364
539365
539366
539367
539368
539369
539370
539371
539372
539373
539374
539375
539376
539377
539378
539379
539380
539381
539382
539383
539384
539386
539387
539388
539389
539390
539391
539392
539393
539394
539395
539396
539397
539403
539404
539405
539406
539407
539408
539409
539410
539411
539412
539413
539414
539415
539416
539417
539418
539419
539420
539421
539422
539423
539424
539425
539426
539428
539429
539430
539431
539432
539433
539435
539436
539437
539438
539439
539440
539441
539442
539443
539444
539445
539446
539447
539448
539449
539450
539451
539452
539453
539460
539461
539462
539469
539472
539477
539478
539479
539480
539482
539483
539484
539486
539487
539488
539494
539495
539496
539497
539499
539505
539506
539507
539509
539510
539511
539512
539513
539514
539515
539517
539518
539519
539521
539522
539523
539531
539533
539534
539536
539537
539539
539540
539541
539543
539549
539550
539551
539552
539553
539554
539555
539556
539557
539558
539560
539561
539562
539564
539565
539566
539567
539568
539569
539570
539571
539585
539586
539588
539707
539708
539709
539710
539711
539831
540093
540094
540095
540096
540097
540098
540099
540100
540101
540102
540103
540104
540105
540106
540107
540108
540109
540110
540111
540112
540113
540114
540115
540116
540117
540118
540120
540122
540123
540126
540128
540129
540131
540133
540134
540245
540246
540247
540296
540297
540298
540299
540703
540704
540705
540706
540726
540728
540770
540771
540772
540773
540774
540794
540796
541083
541084
541085
541086
541087
541088
541089
541090
541091
541092
541093
541094
541095
541096
541097
541098
541099
541100
541101
541102
541103
541104
541105
541106
541107
541108
541109
541110
541111
541112
541113
541114
541115
541116
541117
541118
541119
541120
541121
541122
541123
541124
541125
541126
541127
541128
541129
541130
541131
541132
541137
541138
541139
541140
541141
541142
541143
541144
541145
541146
541147
541148
541149
541150
541151
541152
541153
541154
541155
541156
541157
541158
541159
541160
541161
541162
541163
541164
541165
541166
541167
541168
541169
541170
541171
541172
541173
541174
541175
541176
541182
541183
541184
541185
541186
541187
541188
541189
541190
541191
541192
541193
541194
541195
541196
541197
541198
541199
541200
541201
541202
541203
541204
541205
541206
541207
541208
541209
541210
541211
541212
541213
541214
541215
541216
541217
541218
541219
541220
541221
541222
541223
541225
541226
541234
541235
541236
541237
541238
541239
541240
541241
541242
541243
541244
541245
541252
541253
541254
541255
541256
541258
541259
541260
541261
541262
541263
541264
541265
541266
541267
541275
541277
541278
541447
541448
541449
541450
541507
541508
541509
541510
541511
541532
541533
541535
541536
541537
541538
541539
541540
541541
541555
541556
541557
541575
541577
541578
541579
541580
541581
541582
541583
541584
541585
541586
541587
541588
541589
541590
541591
541592
541593
541594
541595
541597
541598
541599
541600
541601
541602
541603
541604
541605
541606
541607
541608
541609
541610
541623
541624
541626
541627
541628
541629
541630
541631
541633
541634
541635
541636
541637
541638
541639
541640
541641
541642
541643
541644
541645
541646
541647
541648
541649
541650
541651
541652
541653
541654
541659
541660
541661
541662
541663
541664
541665
541666
541667
541668
541669
541670
541671
541672
541673
541674
541675
541676
541677
541678
541679
541680
541681
541682
541683
541684
541685
541686
541687
541688
541689
541690
541691
541692
541693
541694
541695
541696
541697
541698
541699
541700
541701
541702
541703
541704
541705
541706
541707
541708
541709
541710
541711
541712
541713
541714
541715
541716
541717
541718
541719
541720
541721
541722
541723
541724
541725
541726
541727
541733
541734
541735
541736
541737
541738
541739
541740
541742
541743
541752
541753
541754
541755
541756
541757
541758
541759
541760
541761
541762
541763
541764
541765
541770
541771
541772
541773
541774
541775
541776
541777
541778
541779
541812
541813
541814
541815
541816
541817
541818
541819
541820
541821
541822
541823
541824
541825
541826
541827
541828
541829
541830
541831
541832
541833
541834
541835
541836
541837
541838
541839
541840
541841
541842
541843
541844
541845
541846
541847
541848
541849
541850
541851
541852
541853
541854
541855
541856
541857
541864
541867
541878
541879
541880
541884
541885
541886
541887
541888
541889
541890
541895
541896
541897
541898
541899
541903
541904
541905
541906
541907
541908
541909
541910
541911
541912
541913
541914
541915
541920
541922
541923
541924
541925
541926
541927
541928
541929
541930
541931
541932
541933
541934
541935
541936
541937
541938
541939
541940
541941
541942
541943
541944
541945
541946
541947
541948
541949
541950
541951
541952
541953
541954
541955
541956
541957
541958
541959
541960
541961
541962
541963
541964
541965
541966
541967
541968
541975
541976
541977
541978
541979
541980
541981
541983
541984
541985
541986
541988
541989
541990
541991
541992
541993
541994
541995
541996
541997
541998
541999
542000
542001
542002
542003
542004
542005
542006
542007
542008
542009
542010
542011
542012
542029
542031
542032
542036
542037
542038
542039
542040
542041
542042
542043
542044
542045
542046
542047
542048
542049
542059
542060
542061
542062
542063
542064
542065
542066
542067
542068
542112
542115
542116
542117
542118
542119
542120
542121
542137
542138
542139
542140
542141
542142
542143
542144
542145
542146
542147
542148
542159
542162
542175
542176
542177
542178
542183
542184
542185
542186
542187
542188
542189
542190
542191
542192
542193
542194
542195
542196
542197
542198
542199
542200
542201
542202
542203
542204
542205
542206
542207
542208
542209
542210
542211
542212
542218
542219
542220
542221
542222
542223
542224
542225
542226
542227
542228
542229
542230
542231
542232
542233
542234
542235
542236
542237
542238
542239
542240
542241
542242
542243
542244
542245
542246
542247
542248
542249
542250
542251
542252
542253
542254
542255
542256
542257
542258
542259
542266
542267
542268
542269
542270
542271
542272
542273
542274
542275
542276
542277
542278
542279
542280
542281
542282
542283
542284
542285
542286
542287
542288
542289
542290
542291
542292
542293
542294
542295
542296
542297
542298
542299
542300
542301
542302
542303
542304
542305
542306
542307
542308
542310
542311
542321
542322
542323
542324
542325
542326
542327
542328
542329
542331
542332
542333
542335
542336
542337
542338
542339
542340
542342
542343
542344
542358
542359
542360
542361
542362
542363
542364
542383
542384
542385
542386
542387
542388
542389
542390
542391
542392
542393
542394
542395
542396
542397
542398
542399
542400
542401
542402
542403
542405
542406
542407
542408
542409
542410
542411
542412
542413
542414
542428
542429
542430
542431
542433
542435
542436
542437
542439
542440
542441
542442
542443
542444
542445
542446
542447
542448
542449
542450
542451
542452
542453
542454
542455
542456
542457
542458
542459
542460
542461
542466
542467
542468
542469
542470
542471
542472
542473
542474
542475
542476
542477
542478
542479
542480
542481
542482
542483
542484
542486
542487
542488
542489
542490
542491
542492
542499
542500
542501
542502
542503
542505
542506
542507
542508
542509
542510
542511
542512
542513
542514
542522
542524
542525
542697
542698
542699
542757
542758
542759
542760
542781
542782
542783
542784
542785
542786
542787
542788
542789
542790
542791
542792
542793
542794
542795
542796
542797
542798
542799
542800
542801
542802
542803
542804
542805
542806
542807
542808
542809
542810
542811
542812
542813
542814
542815
542816
542817
542818
542819
542820
542821
542827
542828
542829
542830
542831
542832
542833
542834
542835
542837
542848
542849
542850
542851
542852
542853
542854
542855
542856
542857
542858
542859
542860
542861
542862
542863
542864
542865
542866
542872
542873
542874
542875
542876
542912
542913
542914
542915
542916
542917
542918
542919
542920
542921
542922
542923
542924
542925
542926
542927
542928
542929
542930
542931
542932
542933
542934
542935
542936
542937
542938
542939
542940
542941
542942
542943
542944
542945
542946
542947
542948
542949
542950
542951
542952
542953
542954
542955
542956
542957
542963
542967
542977
542978
542979
542987
542988
542989
542990
542991
542992
542993
542998
542999
543000
543001
543002
543006
543007
543008
543009
543010
543011
543012
543013
543014
543015
543016
543017
543018
543082
543083
543084
543104
543143
543144
543145
543162
543495
543508
543509
543510
543511
543512
543513
543514
543515
543516
543517
543518
543519
543520
543521
543522
543523
543524
543525
543526
543527
543528
543529
543530
543531
543532
543533
543534
543535
543536
543537
543538
543539
543540
543541
543542
543543
543544
543546
543547
543548
543549
543550
543556
543557
543558
543559
543565
543566
543567
543568
543569
543571
543572
543573
543574
543575
543596
543598
543599
543605
543645
543646
543647
543648
543649
543650
543651
543652
543653
543654
543655
543656
543657
543658
543659
543660
543661
543662
543663
543664
543665
543666
543667
543668
543669
543670
543671
543672
543673
543676
543851
543853
543854
543856
543857
543858
543859
543860
543861
543871
543872
543873
543874
543875
543882
543883
543884
543885
543887
543889
543890
543891
543892
543893
543894
543895
543896
543897
543898
543899
543900
543901
543902
543903
543904
543905
543906
543907
543908
543909
543922
543923
543924
543925
543926
543927
543929
543930
543931
543932
543933
543934
543935
543941
543942
543943
543944
543948
543949
543950
543951
543959
543960
543961
543962
543967
543968
543969
543970
543971
543972
543973
543974
543975
543976
543977
543978
543979
543980
543981
543982
543983
543984
543985
543986
543987
543988
543989
543990
543991
543992
543993
543995
544000
544001
544002
544003
544004
544005
544090
544091
544092
544195
544196
544198
544267
544268
544269
544270
544272
544273
544274
544275
544276
544287
544288
544290
544291
544384
544385
544386
544387
544388
544389
544391
544398
544400
544401
544478
544479
544480
544481
544482
544483
544484
544485
544486
544487
544491
544492
544493
544494
544495
544496
544497
544498
544499
544500
544501
544502
544503
544504
544505
544506
544507
544508
544509
544510
544511
544512
544513
544514
544515
544516
544517
544518
544519
544520
544522
544523
544524
544525
544526
544527
544528
544529
544530
544531
544532
544533
544534
544535
544536
544540
544541
544542
544543
544544
544545
544546
544547
544548
544549
544550
544551
544552
544553
544558
544559
544560
544561
544562
544563
544564
544565
544566
544567
544568
544569
544570
544571
544572
544573
544574
544575
544576
544577
544578
544579
544580
544581
544582
544583
544584
544585
544586
544587
544588
544589
544590
544591
544592
544593
544594
544595
544596
544597
544598
544599
544600
544601
544602
544603
544604
544605
544606
544607
544608
544609
544610
544615
544616
544617
544618
544619
544620
544621
544622
544623
544624
544625
544626
544627
544628
544629
544630
544631
544632
544633
544634
544635
544636
544637
544638
544639
544640
544641
544642
544643
544644
544645
544646
544647
544648
544649
544650
544651
544652
544653
544654
544655
544656
544657
544658
544663
544664
544665
544666
544667
544668
544669
544670
544671
544672
544673
544674
544675
544676
544677
544678
544679
544680
544681
544682
544683
544684
544685
544686
544687
544688
544689
544690
544691
544692
544694
544696
544697
544698
544699
544700
544701
544702
544703
544704
544705
544706
544707
544708
544709
544710
544716
544717
544719
544720
544721
544722
544723
544724
544725
544726
544727
544728
544729
544730
544731
544732
544733
544734
544735
544736
544737
544738
544744
544745
544746
544747
544748
544749
544750
544751
544752
544753
544754
544755
544756
544757
544758
544759
544760
544761
544762
544763
544764
544765
544766
544767
544768
544769
544770
544771
544773
544774
544775
544776
544777
544778
544779
544780
544781
544782
544784
544785
544786
544787
544788
544789
544790
544791
544792
544793
544800
544801
544802
544803
544804
544805
544806
544807
544808
544809
544810
544811
544812
544813
544814
544815
544816
544817
544818
544819
544820
544821
544823
544824
544825
544826
544827
544828
544829
544830
544831
544832
544833
544834
544962
544964
544965
544966
544968
544969
544970
544971
544983
544984
544985
544987
544988
544989
544990
544991
544998
545000
545001
545002
545003
545004
545005
545006
545007
545008
545009
545010
545011
545012
545013
545014
545015
545016
545017
545018
545019
545026
545027
545028
545029
545030
545031
545032
545033
545034
545035
545042
545044
545050
545051
545052
545053
545062
545063
545064
545065
545070
545071
545072
545073
545078
545079
545080
545081
545082
545083
545084
545085
545086
545087
545088
545089
545090
545091
545092
545093
545094
545095
545096
545097
545098
545099
545100
545101
545102
545103
545104
545106
545107
545108
545109
545110
545111
545112
545328
545329
545425
545427
545494
545495
545496
545497
545499
545500
545501
545502
545503
545509
545510
545512
545513
545608
545609
545610
545611
545612
545613
545614
545616
545618
545619
545744
545746
545748
545749
545750
545751
545752
545753
545767
545768
545769
545770
545771
545773
545774
545775
545778
545779
545780
545781
545782
545783
545784
545785
545786
545787
545788
545794
545795
545796
545797
545798
545799
545800
545801
545802
545803
545804
545805
545806
545807
545808
545809
545811
545812
545813
545814
545821
545823
545832
545833
545834
545835
545836
545840
545841
545842
545843
545873
545874
545875
545876
545882
545883
545884
545885
545886
545887
545888
545889
545890
545891
545892
545893
545894
545895
545896
545897
545898
545899
545900
545901
545902
545903
545904
545905
545906
545907
545908
545909
545910
545911
545912
545913
545914
545915
545916
545918
546058
546059
546060
546061
546062
546063
546064
546065
546066
546067
546068
546069
546070
546071
546072
546073
546074
546075
546076
546077
546078
546079
546080
546081
546082
546083
546084
546085
546086
546087
546088
546089
546091
546092
546093
546094
546095
546096
546097
546098
546099
546100
546119
546138
546139
546140
546141
546142
546143
546144
546145
546146
546148
546161
546162
546163
546164
546165
546178
546179
546184
546199
546200
546201
546202
546203
546204
546205
546206
546207
546208
546209
546210
546211
546212
546213
546216
546221
546222
546223
546224
546225
546226
546227
546228
546229
546230
546231
546232
546318
546319
546321
546326
546327
546328
546329
546330
546340
546341
546343
546344
546468
546469
546470
546471
546473
546474
546476
546484
546486
546487
546577
546578
546579
546643
546644
546646
546702
546703
546704
546705
546706
546707
546708
546712
546713
546714
546715
546716
546717
546718
546719
546720
546721
546722
546723
546724
546725
546726
546727
546728
546729
546730
546731
546732
546733
546734
546735
546736
546737
546738
546739
546740
546741
546742
546743
546744
546745
546746
546747
546748
546749
546750
546751
546752
546753
546754
546755
546756
546761
546762
546763
546764
546765
546766
546767
546768
546769
546770
546771
546772
546773
546774
546775
546777
546778
546779
546780
546781
546782
546783
546784
546785
546786
546787
546788
546789
546790
546791
546792
546793
546794
546795
546796
546797
546798
546799
546800
546801
546802
546803
546804
546805
546806
546807
546808
546813
546814
546815
546816
546817
546818
546819
546820
546821
546826
546827
546828
546829
546830
546831
546832
546833
546834
546835
546836
546837
546838
546839
546840
546841
546842
546843
546844
546845
546846
546847
546848
546849
546850
546851
546852
546853
546854
546855
546856
546857
546858
546859
546860
546861
546862
546863
546864
546865
546866
546867
546868
546869
546870
546871
546872
546873
546874
546875
546876
546877
546878
546879
546880
546881
546882
546888
546890
546891
546892
546893
546894
546895
546896
546897
546898
546899
546900
546901
546902
546903
546904
546905
546906
546907
546908
546909
546910
546911
546912
546913
546915
546916
546917
546918
546919
546920
546921
546922
546923
546924
546925
546926
546927
546928
546929
546930
546931
546932
546933
546934
546935
546936
546942
546943
546944
546945
546946
546947
546948
546949
546950
546951
546952
546953
546954
546955
546956
546957
546958
546959
546960
546961
546962
546964
546966
546967
546968
546969
546970
546971
546972
546973
546974
546975
546976
546977
546978
546979
546980
546981
546982
546983
546984
546985
546986
546987
546988
546989
546990
546991
546997
546999
547000
547001
547002
547003
547004
547005
547006
547007
547008
547009
547010
547011
547012
547013
547014
547015
547016
547022
547023
547024
547025
547026
547027
547028
547029
547030
547031
547032
547033
547034
547035
547036
547037
547038
547039
547040
547041
547042
547043
547044
547045
547046
547047
547048
547049
547051
547052
547053
547054
547055
547056
547057
547058
547059
547060
547062
547063
547064
547234
547235
547236
547237
547238
547239
547240
547241
547242
547243
547244
547245
547246
547247
547248
547249
547250
547251
547252
547253
547254
547255
547256
547257
547258
547260
547261
547262
547263
547264
547265
547266
547267
547268
547269
547270
547271
547272
547273
547296
547311
547312
547313
547314
547315
547316
547317
547318
547319
547330
547331
547332
547333
547334
547349
547350
547359
547372
547373
547374
547375
547376
547377
547378
547379
547380
547381
547382
547383
547384
547385
547386
547389
547390
547391
547392
547393
547394
547395
547396
547397
547398
547399
547400
547401
547573
547574
547576
547581
547582
547583
547584
547585
547595
547596
547598
547599
547717
547718
547719
547720
547722
547723
547724
547729
547731
547732
547825
547826
547886
547887
548033
548034
548035
548048
548065
548066
548067
548080
548536
548537
548538
548539
548540
548541
548542
548543
548544
548545
548546
548547
548548
548549
548550
548551
548552
548553
548554
548555
548556
548557
548558
548559
548560
548561
548562
548563
548564
548565
548566
548567
548568
548569
548570
548571
548572
548573
548574
548575
548576
548577
548578
548579
548580
548581
548582
548583
548591
548592
548593
548598
548599
548600
548601
548602
548603
548604
548605
548606
548607
548608
548609
548610
548615
548616
548617
548618
548619
548620
548621
548622
548623
548628
548629
548630
548631
548632
548633
548635
548636
548637
548638
548640
548641
548642
548643
548644
548645
548646
548647
548663
548664
548665
548666
548667
548668
548669
548670
548671
548672
548673
548674
548675
548676
548677
548678
548679
548680
548729
548738
548739
548740
548749
548751
548752
548753
548754
548755
548756
548757
548758
548759
548778
548779
548780
548781
548782
548783
548784
548785
548786
548787
548788
548789
548790
548795
548796
548797
548798
548799
548800
548801
548802
548803
548804
548805
548806
548807
548808
548809
548810
548811
548812
548813
548814
548815
548816
548817
548818
548819
548820
548821
548822
548823
548824
548825
548826
548827
548828
548829
548830
548831
548832
548833
548834
548835
548836
548837
548838
548839
548840
548841
548842
548843
548844
548845
548846
548847
548848
548849
548850
548851
548852
548853
548854
548855
548856
548857
548858
548859
548860
548861
548862
548863
548864
548865
548866
548867
548874
548875
548876
548877
548882
548883
548884
548885
548886
548887
548888
548889
548890
548891
548892
548893
548894
548899
548900
548901
548902
548903
548904
548905
548906
548907
548912
548913
548914
548915
548916
548917
548918
548919
548920
548921
548922
548923
548924
548925
548926
548927
548928
548929
548930
548931
548932
548933
548934
548935
548936
548941
548942
548943
548944
548945
548946
548947
548948
548949
548950
548951
548952
548953
548954
548955
548956
548957
548958
548959
548992
548997
549006
549007
549008
549016
549017
549018
549019
549020
549021
549022
549023
549024
549025
549026
549027
549035
549036
549037
549038
549039
549040
549041
549042
549043
549044
549045
549046
549047
549059
549060
549061
549062
549063
549064
549065
549066
549067
549068
549069
549070
549071
549084
549086
549087
549277
549278
549279
549280
549316
549317
549318
549319
549341
549342
549344
549345
549346
549347
549348
549349
549350
549382
549384
549385
549387
549389
549390
549391
549392
549393
549394
549395
549396
549397
549398
549399
549400
549401
549402
549403
549404
549405
549406
549407
549409
549410
549411
549412
549413
549414
549415
549416
549417
549418
549419
549420
549421
549422
549423
549437
549438
549439
549440
549441
549444
549445
549447
549448
549449
549450
549451
549452
549453
549454
549455
549456
549457
549458
549459
549460
549461
549462
549463
549464
549465
549466
549467
549468
549469
549470
549471
549472
549473
549474
549475
549476
549477
549478
549483
549484
549485
549486
549487
549488
549489
549490
549491
549492
549493
549494
549495
549496
549497
549498
549499
549500
549501
549502
549503
549504
549505
549506
549507
549508
549509
549510
549511
549512
549513
549514
549515
549516
549517
549518
549519
549520
549521
549522
549523
549524
549525
549526
549527
549528
549529
549530
549531
549537
549538
549539
549540
549541
549542
549543
549544
549545
549546
549547
549548
549549
549550
549551
549552
549553
549554
549555
549556
549557
549558
549559
549560
549561
549562
549563
549564
549565
549566
549567
549568
549569
549570
549571
549572
549573
549574
549575
549576
549577
549578
549579
549580
549581
549582
549583
549584
549585
549591
549592
549593
549594
549595
549596
549597
549598
549599
549600
549601
549602
549603
549604
549605
549606
549607
549608
549609
549610
549611
549612
549613
549614
549615
549616
549617
549618
549619
549620
549621
549622
549623
549624
549625
549627
549628
549637
549638
549639
549640
549641
549642
549643
549644
549645
549646
549647
549648
549649
549650
549651
549652
549653
549654
549655
549656
549657
549658
549659
549660
549661
549662
549663
549664
549665
549666
549667
549668
549669
549670
549671
549672
549673
549675
549676
549677
549678
549679
549680
549681
549682
549683
549684
549685
549686
549687
549688
549689
549690
549691
549692
549693
549694
549695
549696
549697
549698
549699
549700
549701
549702
549703
549704
549705
549706
549707
549708
549709
549710
549711
549712
549713
549714
549715
549716
549717
549718
549719
549720
549721
549722
549730
549731
549732
549738
549739
549740
549741
549742
549743
549744
549745
549746
549747
549748
549749
549750
549756
549757
549758
549759
549760
549761
549762
549763
549764
549770
549771
549772
549773
549774
549776
549777
549779
549780
549781
549782
549784
549785
549786
549787
549788
549789
549790
549791
549792
549793
549794
549795
549796
549797
549798
549799
549800
549801
549802
549803
549804
549805
549806
549807
549808
549809
549880
549891
549892
549893
549902
549905
549906
549907
549908
549909
549910
549911
549912
549929
549930
549931
549932
549933
549934
549935
549936
549937
549938
549939
549940
549949
549950
549951
549952
549953
549954
549955
549956
549957
549958
549959
549960
549961
549962
549963
549964
549965
549966
549967
549968
549969
549970
549971
549972
549973
549974
549975
549976
549977
549978
549979
549980
549981
549982
549983
549984
549985
549986
549987
549988
549989
549990
549991
549992
549993
549994
549995
549996
549997
550004
550005
550006
550007
550013
550014
550015
550016
550017
550018
550019
550020
550021
550022
550023
550024
550025
550031
550032
550033
550034
550035
550036
550037
550038
550039
550045
550046
550047
550048
550049
550050
550051
550052
550053
550054
550055
550056
550057
550058
550059
550060
550061
550062
550063
550064
550065
550066
550067
550068
550069
550070
550071
550072
550073
550074
550075
550076
550077
550078
550079
550080
550081
550082
550083
550084
550085
550086
550087
550088
550089
550090
550134
550139
550150
550151
550152
550161
550162
550163
550164
550165
550166
550167
550168
550169
550170
550171
550172
550173
550179
550180
550181
550182
550183
550184
550185
550186
550187
550188
550189
550190
550191
550201
550202
550204
550205
550206
550207
550208
550209
550210
550245
550247
550248
550250
550252
550253
550254
550255
550256
550257
550258
550259
550260
550261
550262
550263
550264
550265
550266
550267
550268
550269
550270
550271
550272
550273
550274
550275
550277
550278
550279
550280
550281
550282
550283
550284
550285
550286
550287
550302
550303
550305
550306
550307
550310
550311
550313
550314
550315
550316
550317
550318
550319
550320
550321
550322
550323
550324
550325
550326
550327
550328
550329
550330
550331
550332
550333
550334
550335
550336
550337
550338
550339
550340
550341
550342
550343
550344
550345
550351
550352
550353
550355
550356
550357
550358
550359
550360
550361
550362
550363
550364
550365
550366
550367
550368
550369
550370
550378
550379
550380
550381
550382
550383
550384
550385
550386
550387
550388
550389
550390
550403
550405
550406
550596
550597
550598
550632
550633
550634
551035
551036
551037
551038
551039
551040
551041
551042
551043
551044
551045
551046
551047
551048
551049
551050
551051
551052
551053
551054
551055
551056
551057
551059
551060
551061
551062
551063
551064
551065
551066
551067
551068
551069
551070
551071
551072
551078
551079
551080
551081
551082
551083
551084
551085
551086
551087
551088
551089
551090
551091
551092
551093
551094
551095
551096
551097
551098
551099
551100
551101
551103
551104
551105
551106
551107
551108
551110
551111
551112
551113
551114
551115
551116
551117
551118
551119
551120
551121
551122
551123
551124
551125
551126
551127
551134
551135
551136
551143
551146
551151
551152
551153
551154
551156
551157
551158
551160
551161
551162
551168
551169
551170
551171
551173
551178
551179
551180
551181
551182
551183
551184
551185
551186
551188
551189
551190
551192
551193
551194
551206
551207
551208
551209
551210
551212
551213
551215
551216
551218
551219
551220
551222
551228
551231
551232
551233
551235
551236
551237
551238
551239
551240
551242
551243
551244
551246
551247
551248
551249
551259
551260
551262
551390
551391
551392
551393
551763
551764
551765
551766
551767
551768
551769
551770
551771
551772
551773
551774
551775
551776
551777
551778
551779
551780
551781
551782
551783
551784
551785
551786
551787
551788
551790
551792
551793
551796
551798
551799
551801
551803
551804
551915
551916
551917
551957
551958
551959
551960
552214
552215
552216
552218
552219
552221
552222
552223
552225
552226
552227
552228
552229
552230
552231
552232
552233
552234
552235
552236
552237
552238
552239
552240
552242
552243
552244
552245
552246
552247
552248
552249
552250
552251
552252
552253
552254
552255
552262
552263
552264
552265
552266
552267
552269
552270
552271
552272
552273
552275
552276
552277
552278
552279
552280
552281
552282
552283
552284
552285
552286
552287
552288
552289
552290
552291
552292
552293
552294
552295
552296
552297
552310
552312
552313
552319
552320
552321
552322
552338
552339
552340
552342
552343
552344
552345
552346
552347
552348
552349
552350
552351
552352
552385
552388
552390
552391
552392
552394
552395
552396
552412
552413
552414
552415
552416
552417
552418
552419
552476
552481
552482
552483
552484
552485
552486
552487
552488
552489
552490
552491
552492
552493
552494
552495
552496
552497
552498
552499
552500
552501
552502
552503
552504
552505
552506
552507
552508
552509
552510
552516
552517
552518
552519
552520
552521
552522
552523
552524
552525
552526
552527
552528
552529
552530
552531
552532
552533
552534
552535
552536
552537
552538
552539
552540
552541
552542
552543
552544
552545
552546
552547
552548
552549
552550
552551
552552
552553
552554
552555
552556
552557
552558
552559
552566
552567
552568
552569
552570
552571
552572
552573
552574
552575
552576
552577
552578
552579
552580
552581
552582
552583
552584
552585
552586
552587
552588
552589
552590
552591
552592
552593
552594
552595
552596
552597
552599
552600
552619
552620
552621
552622
552623
552624
552625
552626
552627
552628
552630
552631
552632
552633
552634
552635
552636
552637
552638
552640
552641
552642
552644
552645
552646
552660
552661
552662
552663
552664
552665
552666
552668
552669
552671
552674
552675
552676
552677
552678
552679
552680
552681
552682
552683
552684
552685
552686
552687
552688
552689
552690
552691
552692
552693
552694
552695
552696
552697
552699
552700
552701
552702
552703
552704
552705
552706
552707
552708
552709
552710
552711
552716
552717
552718
552719
552720
552721
552723
552724
552725
552727
552728
552729
552730
552731
552732
552733
552734
552735
552736
552737
552738
552739
552740
552741
552742
552743
552744
552745
552746
552747
552748
552749
552750
552751
552752
552753
552754
552755
552756
552757
552762
552763
552764
552765
552766
552767
552768
552769
552770
552771
552772
552773
552774
552775
552777
552778
552779
552780
552787
552788
552789
552790
552791
552793
552794
552795
552796
552797
552798
552799
552800
552801
552802
552810
552812
552813
552944
552945
552946
552992
552993
552994
552995
553016
553017
553018
553019
553020
553021
553022
553023
553024
553025
553026
553027
553028
553029
553030
553031
553032
553033
553034
553035
553036
553037
553038
553039
553040
553041
553042
553043
553044
553045
553046
553047
553048
553049
553050
553051
553052
553053
553054
553055
553056
553057
553058
553059
553060
553061
553062
553068
553069
553070
553071
553078
553079
553080
553081
553082
553083
553084
553085
553086
553087
553088
553089
553090
553091
553097
553098
553099
553100
553101
553102
553103
553104
553105
553106
553112
553113
553114
553115
553116
553117
553118
553119
553120
553121
553122
553123
553124
553125
553126
553127
553128
553129
553130
553131
553132
553133
553134
553135
553136
553137
553138
553139
553140
553141
553142
553143
553144
553145
553146
553147
553148
553149
553150
553151
553152
553153
553154
553155
553156
553157
553198
553202
553212
553213
553214
553222
553223
553224
553225
553226
553227
553228
553229
553230
553231
553232
553233
553238
553239
553240
553241
553242
553243
553244
553245
553246
553247
553248
553249
553250
553258
553259
553260
553261
553262
553263
553264
553265
553266
553267
553272
553273
553274
553275
553276
553277
553278
553279
553280
553281
553282
553283
553284
553285
553286
553287
553288
553289
553290
553291
553292
553293
553294
553295
553296
553297
553298
553299
553300
553301
553303
553305
553306
553307
553308
553309
553310
553311
553312
553313
553314
553315
553316
553317
553318
553319
553325
553326
553328
553329
553330
553331
553332
553333
553334
553335
553336
553337
553338
553339
553340
553341
553342
553343
553344
553345
553346
553347
553353
553354
553355
553356
553357
553358
553359
553360
553361
553362
553363
553364
553365
553366
553367
553368
553369
553370
553371
553372
553373
553374
553375
553376
553377
553378
553379
553380
553382
553383
553384
553385
553386
553387
553388
553389
553390
553391
553393
553394
553395
553396
553397
553398
553399
553400
553401
553402
553409
553410
553411
553412
553413
553414
553415
553416
553417
553418
553419
553420
553421
553422
553423
553424
553425
553426
553427
553428
553429
553430
553432
553433
553434
553435
553436
553437
553438
553439
553440
553441
553442
553443
553444
553445
553446
553447
553448
553449
553450
553456
553458
553459
553460
553461
553462
553463
553464
553465
553466
553467
553468
553469
553470
553471
553472
553473
553474
553475
553476
553477
553478
553479
553480
553481
553483
553484
553485
553486
553487
553488
553489
553490
553491
553492
553493
553494
553495
553496
553497
553498
553499
553500
553501
553502
553503
553504
553510
553511
553512
553513
553514
553515
553516
553517
553518
553519
553520
553521
553522
553523
553524
553525
553526
553527
553528
553529
553530
553531
553532
553533
553534
553535
553536
553537
553538
553539
553540
553541
553543
553545
553546
553547
553548
553549
553550
553551
553552
553553
553554
553555
553556
553557
553558
553559
553565
553567
553568
553569
553570
553571
553572
553573
553574
553575
553576
553577
553578
553579
553580
553581
553582
553583
553584
553590
553591
553592
553593
553594
553595
553596
553597
553598
553599
553600
553601
553602
553603
553604
553605
553606
553607
553608
553609
553610
553611
553612
553613
553614
553615
553616
553617
553619
553620
553621
553622
553623
553624
553625
553626
553627
553628
553630
553631
553632
553633
553634
553635
553636
553637
553638
553639
553640
553641
553642
553643
553644
553645
553646
553647
553648
553649
553650
553651
553652
553653
553654
553655
553656
553657
553658
553659
553660
553661
553662
553663
553664
553665
553666
553667
553668
553669
553670
553671
553672
553673
553674
553675
553676
553677
553678
553679
553680
553681
553682
553683
553684
553690
553691
553692
553693
553694
553695
553696
553697
553698
553699
553700
553701
553702
553703
553704
553705
553706
553707
553708
553709
553710
553711
553712
553713
553714
553715
553716
553717
553718
553719
553720
553721
553722
553723
553724
553725
553726
553727
553728
553729
553730
553731
553732
553733
553734
553735
553741
553742
553743
553744
553745
553746
553747
553748
553749
553750
553751
553752
553753
553754
553755
553756
553757
553758
553759
553760
553761
553762
553763
553764
553765
553766
553767
553768
553769
553770
553771
553772
553773
553774
553775
553777
553778
553787
553788
553789
553790
553791
553792
553793
553794
553795
553796
553797
553798
553799
553800
553801
553802
553804
553805
553807
553808
553809
553811
553812
553813
553814
553815
553816
553817
553818
553819
553820
553821
553822
553823
553824
553825
553826
553827
553828
553829
553830
553831
553832
553833
553834
553835
553836
553837
553838
553839
553840
553841
553842
553843
553850
553851
553852
553853
553854
553856
553857
553859
553860
553861
553862
553863
553865
553866
553867
553868
553869
553870
553871
553872
553873
553874
553875
553876
553877
553878
553879
553880
553881
553882
553883
553884
553885
553886
553887
553888
553889
553890
553891
553892
553910
553911
553912
553923
553924
553925
553939
553940
553941
553943
553944
553945
553946
553947
553948
553949
553950
553951
553952
553953
553954
553955
554003
554006
554008
554009
554010
554013
554014
554015
554032
554033
554034
554035
554036
554037
554038
554039
554075
554086
554087
554088
554105
554106
554108
554109
554110
554111
554112
554113
554114
554116
554117
554118
554136
554137
554139
554142
554144
554145
554147
554149
554150
554151
554152
554153
554154
554155
554156
554157
554158
554159
554160
554161
554162
554163
554164
554165
554166
554167
554168
554169
554170
554171
554172
554173
554174
554175
554177
554178
554179
554180
554181
554182
554183
554184
554185
554186
554187
554188
554189
554190
554196
554197
554199
554200
554201
554204
554205
554206
554207
554208
554209
554210
554211
554212
554213
554214
554215
554216
554217
554218
554219
554220
554221
554222
554223
554224
554225
554226
554227
554228
554229
554230
554231
554232
554233
554234
554235
554236
554237
554238
554239
554245
554246
554247
554249
554250
554251
554252
554253
554254
554255
554256
554257
554258
554259
554260
554261
554262
554263
554264
554265
554266
554267
554268
554269
554270
554271
554272
554273
554274
554275
554276
554277
554278
554279
554280
554281
554282
554283
554284
554285
554286
554287
554288
554289
554290
554291
554292
554293
554294
554295
554296
554297
554298
554299
554300
554301
554302
554303
554304
554305
554306
554307
554308
554309
554310
554311
554312
554313
554320
554321
554322
554323
554329
554330
554331
554332
554333
554334
554335
554336
554337
554338
554339
554340
554341
554347
554348
554349
554350
554351
554352
554353
554354
554355
554361
554362
554363
554364
554365
554366
554367
554368
554369
554370
554371
554372
554373
554374
554375
554376
554377
554378
554379
554380
554381
554382
554383
554384
554385
554386
554387
554388
554389
554390
554391
554392
554393
554394
554395
554396
554397
554398
554399
554400
554401
554402
554403
554404
554405
554406
554450
554455
554466
554467
554468
554477
554478
554479
554480
554481
554482
554483
554484
554485
554486
554487
554488
554489
554495
554496
554497
554498
554499
554500
554501
554502
554503
554504
554505
554506
554507
554522
554523
554524
554525
554526
554528
554529
554530
554531
554532
554533
554534
554535
554543
554545
554546
554679
554680
554681
554727
554728
554729
554824
554825
554826
554827
555096
555097
555098
555394
555395
555396
555397
555398
555399
555400
555401
555402
555403
555404
555405
555406
555407
555408
555409
555410
555411
555412
555413
555414
555415
555416
555417
555421
555422
555424
555426
555427
555429
555431
555432
555538
555539
555540
555582
555583
555584
556441
556442
556443
556463
556502
556503
556504
556521
557480
557482
557483
557484
557486
557487
557488
557489
557501
557502
557503
557505
557506
557507
557508
557509
557516
557518
557519
557520
557521
557522
557523
557524
557525
557526
557527
557528
557529
557530
557531
557532
557533
557534
557535
557536
557537
557544
557545
557546
557547
557548
557549
557550
557551
557552
557553
557560
557562
557568
557569
557570
557571
557580
557581
557582
557583
557588
557589
557590
557591
557596
557597
557598
557599
557600
557601
557602
557603
557604
557605
557606
557607
557608
557609
557610
557611
557612
557613
557614
557615
557616
557617
557618
557619
557620
557621
557622
557624
557625
557626
557627
557628
557629
557630
557930
557931
557990
557992
558100
558101
558102
558103
558105
558106
558107
558108
558109
558115
558116
558118
558119
558214
558215
558216
558217
558218
558219
558220
558222
558224
558225
558352
558353
558354
558355
558356
558357
558358
558359
558360
558361
558362
558363
558364
558365
558366
558367
558368
558369
558370
558371
558372
558373
558374
558375
558376
558377
558378
558380
558381
558382
558383
558384
558385
558386
558387
558388
558389
558390
558391
558392
558393
558394
558417
558432
558433
558434
558435
558436
558437
558438
558439
558440
558451
558452
558453
558454
558455
558470
558471
558480
558493
558494
558495
558496
558497
558498
558499
558500
558501
558502
558503
558504
558505
558506
558507
558510
558511
558512
558513
558514
558515
558516
558517
558518
558519
558520
558521
558522
558819
558820
558821
558823
558824
558825
558826
558827
558837
558838
558840
558841
558928
558929
558930
558931
558933
558934
558935
558940
558942
558943
559071
559072
559132
559133
566438
566440
566441
566442
566443
566444
566445
566446
566447
566448
566449
566450
566459
566460
566461
566463
566464
566520
566521
566522
566523
566530
566533
566584
566585
566586
566587
566595
566598
566642
566643
566644
566645
566646
566647
566739
566740
566742
566744
566745
566746
566747
566777
566778
566779
566780
566781
566782
566783
566784
566785
566786
566787
566788
566789
566790
566794
566795
566796
566797
566798
566799
566800
566801
566802
566840
566841
566842
566844
566845
566846
566847
566848
566849
566850
566851
566852
566853
566855
566856
566858
566859
566861
566862
566863
566864
566865
566866
566867
566868
566869
566870
566871
566872
566873
566874
566875
566876
566877
566878
566879
566880
566881
566882
566898
566899
566900
566901
566902
566903
566904
566905
566906
566907
566908
566909
566910
566911
566912
566923
566925
566926
566927
566928
566929
566930
566931
566932
566933
566934
566935
566936
566937
566938
566939
566940
566941
566942
566943
566944
566945
566946
566947
566948
566949
566953
566954
566955
566956
566957
566958
566959
566960
566961
566962
566963
566964
566965
566966
566967
566968
566969
566970
566971
566972
566973
566974
566975
566976
566977
566978
566979
566980
566981
566982
566983
566984
566985
566986
566987
566988
566989
566990
566991
566992
566993
566994
566995
566996
567001
567002
567003
567004
567005
567006
567007
567008
567009
567010
567011
567012
567013
567014
567015
567016
567017
567018
567019
567020
567021
567022
567023
567024
567025
567026
567027
567028
567029
567030
567031
567032
567033
567034
567035
567036
567037
567038
567039
567344
567345
567470
567471
567474
567475
567477
567541
567542
567544
567559
567560
567561
567562
567563
567579
567580
567581
567582
567583
567584
567585
567586
567587
567588
567589
567590
567591
567592
567593
567594
567595
567596
567597
567598
567599
567600
567601
567602
567603
567604
567605
567606
567687
567693
567694
567695
567696
567697
567698
567699
567700
567701
567702
567703
567704
567705
567710
567711
567712
567720
567721
567723
567724
567725
567726
567727
567728
567729
567730
567731
567732
567733
567738
567739
567740
567741
567742
567743
567744
567745
567746
567747
567748
567749
567784
567785
567786
567787
567788
567789
567790
567791
567792
567793
567794
567795
567801
567802
567803
567804
567805
567806
567807
567809
567810
567811
567812
567813
567814
567815
567816
567817
567818
567820
567822
567824
567825
567826
567827
567828
567833
567834
567835
567836
567842
567843
567844
567846
567847
567848
567849
567854
567855
567856
567858
567872
567873
567875
567886
567910
567911
567912
567913
567914
567915
567916
567917
567918
567919
567920
567921
567922
567923
567924
567925
567926
567927
567928
567929
567930
567931
567933
567934
567935
567936
567937
567938
567939
567940
567941
567942
567943
567944
567946
567947
567948
567960
567961
567962
567963
567964
567966
567968
567970
568166
568167
568169
568224
568225
568226
568227
568228
568229
568230
568231
568232
568233
568234
568235
568236
568237
568240
568242
568408
568409
568410
568411
568412
568413
568414
568415
568416
568470
568471
568472
568473
568474
568475
568476
568477
568478
568479
568480
568481
568482
568483
568484
568485
568486
568487
568493
568494
568495
568496
568497
568498
568499
568500
568503
568505
568507
568509
568516
568517
568518
568519
568520
568521
568522
568523
568524
568525
568526
568527
568528
568529
568530
568531
568532
568533
568534
568535
568536
568537
568538
568539
568540
568541
568542
568547
568548
568549
568550
568551
568552
568595
568596
568597
568598
568599
568600
568607
568608
568609
568610
568611
568612
568614
568616
568626
568627
568628
568629
568630
568631
568632
568633
568634
568635
568636
568637
568638
568639
568640
568641
568642
568643
568644
568645
568646
568647
568648
568655
568656
568657
568658
568659
568661
568662
568663
568664
568665
568666
568667
568668
568669
568670
568671
568672
568673
568674
568675
568676
568677
568678
568679
568680
568681
568682
568683
568684
568685
568686
568687
568688
568689
568690
568691
568692
568693
568694
568695
568696
568697
568725
568727
568728
568730
568731
568732
568733
568734
568735
568736
568737
568738
568739
568740
568741
568742
568747
568748
568749
568750
568751
568752
568759
568760
568761
568788
568789
568799
568800
568801
568802
568803
568804
568805
568806
568808
568809
568810
568811
568812
568813
568814
568815
568816
568817
568818
568819
568820
568821
568827
568828
568829
568830
568831
568832
568833
568834
568835
568836
568838
568839
568840
568847
568848
568850
568851
568852
568853
568854
568855
568856
568857
568858
568859
568860
568861
568862
568867
568868
568869
568870
568871
568875
568876
568877
568878
568879
568904
568907
568908
568910
568911
568912
568913
568914
568915
568916
568922
568923
568924
568925
568926
568927
568928
568930
568931
568932
568933
568934
568935
568936
568937
568938
568939
568940
568941
568942
568943
568958
568959
568960
568961
568966
568968
568969
568971
568972
568974
568979
568981
568982
568983
568984
568985
568986
568987
568988
568989
568990
568991
568992
568993
568994
568995
568996
568997
568998
568999
569000
569001
569002
569003
569004
569005
569006
569011
569012
569013
569014
569015
569016
569017
569018
569019
569020
569021
569057
569058
569059
569060
569061
569062
569063
569064
569065
569066
569067
569068
569069
569070
569071
569072
569073
569074
569075
569076
569077
569078
569079
569080
569081
569082
569083
569084
569085
569086
569087
569088
569089
569090
569091
569092
569093
569094
569095
569096
569097
569098
569126
569127
569128
569129
569130
569131
569132
569133
569134
569142
569143
569144
569145
569146
569147
569148
569149
569150
569151
569152
569153
569154
569170
569171
569172
569173
569174
569175
569176
569177
569178
569179
569180
569181
569182
569183
569185
569187
569189
569353
569354
569355
569356
569357
569358
569359
569360
569361
569416
569417
569418
569419
569420
569423
569425
569623
569624
569626
569674
569676
569677
569679
569680
569681
569682
569683
569684
569685
569686
569687
569688
569689
569690
569691
569692
569698
569699
569700
569701
569702
569703
569710
569711
569712
569713
569733
569748
569749
569750
569751
569752
569753
569754
569755
569757
569758
569759
569760
569761
569762
569763
569764
569765
569766
569767
569768
569769
569770
569771
569778
569779
569780
569781
569782
569783
569784
569785
569786
569787
569789
569790
569791
569792
569799
569800
569801
569803
569804
569805
569806
569807
569808
569809
569810
569811
569812
569813
569817
569818
569819
569820
569821
569822
569823
569824
569825
569862
569863
569864
569865
569866
569867
569868
569869
569870
569871
569872
569873
569874
569875
569876
569877
569878
569883
569884
569885
569886
569887
569888
569889
569890
569893
569895
569898
569905
569906
569907
569908
569909
569910
569911
569912
569913
569914
569915
569916
569917
569918
569919
569920
569921
569922
569923
569924
569925
569926
569927
569928
569929
569930
569931
569932
569933
569934
569935
569936
569937
569938
569939
569990
569991
569992
569993
569994
570000
570001
570002
570003
570004
570005
570008
570018
570019
570020
570021
570022
570023
570024
570025
570026
570027
570028
570029
570030
570031
570032
570033
570034
570035
570036
570037
570038
570039
570040
570041
570046
570047
570048
570049
570050
570052
570053
570058
570059
570060
570061
570062
570063
570064
570065
570066
570067
570068
570069
570070
570071
570072
570073
570074
570075
570076
570077
570078
570079
570080
570081
570082
570083
570084
570085
570086
570087
570088
570089
570090
570091
570092
570322
570323
570324
570325
570326
570327
570328
570329
570330
570331
570332
570333
570334
570335
570336
570349
570351
570352
570353
570354
570355
570356
570357
570358
570359
570360
570361
570362
570363
570364
570365
570366
570367
570368
570369
570370
570371
570372
570373
570374
570375
570376
570381
570382
570383
570384
570385
570386
570387
570388
570389
570390
570391
570392
570393
570394
570395
570396
570397
570398
570399
570400
570401
570402
570403
570404
570405
570406
570407
570408
570409
570410
570411
570412
570413
570414
570415
570416
570417
570418
570419
570420
570421
570422
570423
570424
570425
570426
570431
570432
570433
570434
570435
570436
570437
570438
570439
570440
570441
570442
570443
570444
570445
570446
570447
570448
570449
570450
570451
570452
570453
570454
570455
570456
570457
570458
570459
570460
570461
570462
570463
570464
570465
570466
570467
570468
570469
570507
570508
570509
570510
570511
570609
570610
570611
570614
570634
570635
570636
570637
570638
570649
570650
570651
570652
570653
570654
570655
570656
570657
570658
570659
570660
570661
570662
570663
570664
570665
570669
570670
570671
570672
570713
570714
570716
570717
570718
570719
570720
570721
570722
570723
570724
570725
570726
570728
570729
570730
570732
570733
570734
570736
570737
570738
570739
570740
570741
570742
570743
570744
570745
570746
570747
570748
570749
570765
570766
570767
570768
570769
570770
570771
570772
570773
570991
570992
570994
571011
571012
571013
571014
571015
571032
571033
571034
571035
571036
571037
571038
571039
571040
571041
571042
571043
571044
571045
571046
571047
571048
571053
571054
571055
571056
571057
571058
571059
571060
571061
571138
571143
571144
571145
571146
571147
571148
571149
571150
571151
571152
571153
571154
571161
571162
571163
571167
571168
571170
571171
571172
571173
571174
571175
571176
571177
571178
571179
571180
571181
571187
571188
571189
571190
571191
571192
571193
571194
571195
571196
571197
571198
571311
571312
571435
571438
571439
571441
571777
571778
571779
571780
571781
571782
571874
571875
571877
571879
571880
571881
571882
571912
571913
571914
571915
571916
571917
571918
571919
571920
571921
571922
571923
571924
571925
571929
571930
571931
571932
571933
571934
571935
571936
571937
571975
571976
571977
571979
571980
571981
571982
571983
571984
571985
571986
571987
571988
571990
571991
571993
571994
571996
571997
571998
571999
572000
572001
572002
572003
572004
572005
572006
572007
572008
572009
572010
572011
572012
572013
572014
572015
572016
572017
572119
572121
572122
572123
572124
572125
572126
572127
572128
572129
572130
572131
572140
572141
572142
572144
572145
572201
572202
572203
572204
572211
572214
572265
572266
572267
572268
572276
572279
572284
572285
572286
572287
572288
572289
572290
572291
572292
572293
572294
572295
572296
572297
572298
572304
572306
572307
572313
572314
572315
572316
572317
572318
572319
572320
572321
572322
572323
572324
572325
572326
572327
572328
572329
572330
572331
572332
572333
572334
572335
572339
572340
572341
572342
572343
572344
572345
572346
572347
572348
572349
572350
572351
572352
572353
572354
572355
572356
572357
572358
572359
572360
572361
572362
572363
572364
572365
572366
572367
572368
572369
572370
572371
572372
572373
572374
572375
572376
572377
572378
572379
572380
572381
572382
572387
572388
572389
572390
572391
572392
572393
572394
572395
572396
572397
572398
572399
572400
572401
572402
572403
572404
572405
572406
572407
572408
572409
572410
572411
572412
572413
572414
572415
572416
572417
572418
572419
572420
572421
572422
572423
572424
572425
572541
572542
572667
572668
572671
572672
572674
572934
572935
572937
572952
572953
572954
572955
572956
572972
572973
572974
572975
572976
572977
572978
572979
572980
572981
572982
572983
572984
572985
572986
572987
572988
572989
572990
572991
572992
572993
572994
572995
572996
572997
572998
572999
573106
573107
573109
573110
573111
573112
573113
573114
573115
573116
573117
573118
573119
573124
573125
573126
573127
573128
573129
573130
573131
573132
573133
573134
573135
573143
573149
573150
573151
573152
573153
573154
573155
573156
573157
573158
573159
573160
573161
573166
573167
573168
573209
573210
573211
573212
573213
573214
573215
573216
573217
573218
573219
573220
573221
573222
573223
573224
573225
573226
573227
573228
573229
573230
573231
573232
573233
573234
573235
573236
573237
573238
573239
573240
573241
573242
573245
573246
573247
573248
573251
573252
573253
573254
573275
573276
573277
573278
573279
573280
573281
573282
573283
573284
573285
573286
573287
573288
573289
573290
573291
573292
573293
573294
573295
573296
573418
573419
573420
573421
573422
573423
573424
573425
573426
573427
573428
573429
573430
573431
573432
573433
573434
573439
573440
573441
573442
573443
573444
573445
573453
573454
573455
573456
573457
573458
573459
573460
573461
573462
573463
573464
573465
573466
573467
573468
573469
573474
573475
573476
573477
573478
573479
573480
573488
573489
573490
573491
573492
573524
573525
573526
573527
573528
573529
573530
573531
573532
573533
573534
573535
573536
573537
573538
573539
573540
573541
573542
573543
573544
573545
573546
573547
573548
573549
573550
573551
573552
573553
573554
573555
573557
573558
573559
573560
573561
573562
573563
573564
573565
573593
573594
573595
573596
573597
573598
573599
573600
573601
573602
573603
573604
573605
573606
573607
573608
573609
573610
573611
573612
573613
573614
573615
573616
573623
573624
573625
573626
573628
573629
573630
573631
573632
573633
573634
573635
573636
573637
573638
573639
573640
573641
573642
573643
573644
573645
573646
573651
573652
573653
573654
573655
573656
573657
573658
573659
573661
573662
573663
573664
573665
573666
573667
573668
573669
573670
573671
573677
573678
573679
573680
573681
573682
573683
573684
573685
573686
573687
573688
573689
573690
573691
573692
573693
573694
573695
573696
573697
573698
573699
573700
573701
573702
573703
573704
573705
573706
573707
573708
573710
573711
573712
573713
573714
573715
573716
573717
573718
573746
573747
573748
573749
573750
573751
573752
573753
573754
573755
573756
573757
573758
573759
573760
573761
573762
573763
573764
573765
573766
573767
573768
573769
573776
573777
573778
573779
573781
573782
573783
573784
573785
573786
573787
573788
573789
573790
573791
573792
573793
573794
573795
573796
573797
573798
573799
573804
573805
573806
573807
573808
573809
573810
573811
573812
573814
573815
573816
573817
573818
573819
573820
573821
573822
573823
573824
573830
573831
573832
573833
573834
573835
573836
573837
573838
573840
573841
573842
573843
573844
573845
573847
573848
573849
573851
573852
573853
573854
573855
573856
573857
573858
573859
573861
573862
573864
573865
573866
573867
573868
573869
573870
573871
573872
573873
573874
573875
573876
573877
573878
573879
573880
573881
573882
573883
573884
573885
573886
573887
573888
573889
573890
573891
573892
573893
573894
573895
573896
573897
573898
573899
573900
573901
573902
573903
573904
573905
573906
573907
573908
573909
573910
573911
573912
573914
573915
573916
573917
573918
573919
573920
573921
573949
573950
573951
573952
573953
573954
573955
573956
573957
573958
573959
573960
573961
573962
573963
573964
573965
573966
573967
573968
573969
573970
573971
573972
573973
573978
573983
573984
573985
573987
573988
573989
573990
573991
573992
573993
573994
573995
573996
573997
573998
573999
574000
574001
574002
574003
574004
574005
574006
574011
574012
574013
574014
574015
574021
574022
574023
574025
574026
574027
574028
574029
574030
574031
574032
574033
574034
574035
574042
574043
574044
574045
574046
574047
574048
574049
574050
574051
574052
574053
574054
574055
574056
574057
574058
574059
574060
574061
574062
574063
574064
574065
574066
574067
574068
574069
574070
574071
574072
574073
574074
574075
574078
574079
574080
574081
574084
574085
574086
574087
574109
574110
574111
574112
574113
574114
574115
574116
574117
574122
574123
574124
574125
574126
574127
574128
574129
574130
574131
574132
574133
574134
574135
574214
574215
574216
574217
574218
574219
574220
574221
574222
574223
574224
574225
574226
574227
574228
574229
574230
574231
574235
574236
574237
574238
574239
574240
574241
574242
574249
574250
574251
574252
574253
574254
574255
574256
574257
574258
574259
574260
574261
574262
574263
574264
574265
574266
574272
574273
574274
574275
574281
574282
574283
574287
574288
574289
574290
574311
574312
574313
574314
574315
574316
574317
574318
574319
574320
574321
574322
574323
574324
574325
574326
574327
574328
574329
574330
574331
574332
574333
574334
574335
574336
574337
574338
574339
574340
574341
574342
574343
574344
574345
574348
574349
574350
574351
574352
574353
574354
574355
574386
574387
574388
574389
574390
574391
574392
574393
574394
574395
574396
574397
574398
574399
574400
574401
574402
574403
574404
574405
574406
574407
574408
574409
574410
574415
574416
574417
574418
574424
574425
574426
574427
574428
574429
574430
574431
574432
574433
574434
574435
574436
574437
574438
574439
574440
574441
574442
574447
574448
574449
574450
574451
574452
574453
574454
574455
574457
574458
574459
574460
574461
574462
574463
574464
574465
574466
574467
574675
574676
574677
574678
574679
574680
574681
574682
574683
574684
574685
574686
574687
574688
574689
574696
574698
574699
574706
574707
574708
574709
574710
574711
574712
574714
574715
574716
574717
574718
574719
574720
574721
574722
574723
574724
574725
574726
574727
574728
574729
574734
574735
574736
574737
574738
574739
574740
574741
574742
574743
574744
574745
574746
574747
574748
574749
574750
574751
574752
574753
574754
574755
574756
574757
574758
574759
574760
574761
574762
574763
574764
574765
574766
574767
574768
574769
574770
574771
574772
574773
574774
574775
574776
574777
574778
574779
574785
574786
574787
574788
574789
574790
574791
574792
574793
574794
574795
574796
574797
574798
574799
574800
574801
574802
574803
574804
574805
574806
574807
574808
574809
574810
574811
574812
574813
574814
574815
574816
574817
574818
574819
574820
574821
574822
574823
574824
574825
574909
574910
574911
574913
574914
574915
574916
574917
574918
574919
574920
574921
574922
574923
574928
574929
574930
574932
574933
574996
574997
574998
575007
575057
575058
575059
575060
575068
575154
575269
575270
575273
575275
575374
575375
575377
575394
575395
575396
575397
575398
575415
575416
575417
575418
575419
575420
575421
575422
575423
575424
575425
575426
575427
575428
575429
575430
575431
575436
575437
575438
575439
575440
575441
575442
575443
575444
575521
575522
575523
575524
575525
575526
575527
575528
575529
575530
575531
575532
575539
575540
575541
575542
575543
575544
575545
575546
575547
575548
575549
575550
575554
575561
575562
575563
575564
575565
575566
575567
575568
575569
575570
575571
575572
575573
575579
575580
575581
576006
576007
576008
576009
576010
576011
576012
576013
576014
576015
576016
576017
576023
576024
576025
576026
576027
576028
576029
576031
576032
576033
576034
576035
576036
576037
576038
576039
576040
576042
576044
576046
576047
576048
576049
576050
576055
576056
576057
576058
576064
576065
576066
576068
576069
576070
576071
576076
576077
576078
576080
576094
576095
576097
576108
576132
576133
576134
576135
576136
576137
576138
576139
576140
576141
576142
576143
576144
576145
576146
576147
576148
576149
576150
576151
576152
576153
576155
576156
576157
576158
576159
576160
576161
576162
576163
576164
576165
576166
576168
576169
576170
576177
576178
576179
576180
576181
576189
576190
576191
576364
576365
576367
576459
576460
576461
576462
576463
576464
576465
576466
576467
576468
576469
576470
576471
576472
576473
576474
576475
576476
576482
576483
576484
576485
576486
576487
576488
576489
576492
576494
576496
576498
576505
576506
576507
576508
576509
576510
576511
576512
576513
576514
576515
576516
576517
576518
576519
576520
576521
576522
576523
576524
576525
576526
576527
576528
576529
576530
576531
576536
576537
576538
576539
576540
576541
576584
576585
576586
576587
576588
576589
576596
576597
576598
576599
576600
576601
576603
576605
576615
576616
576617
576618
576619
576620
576621
576622
576623
576624
576625
576626
576627
576628
576629
576630
576631
576632
576633
576634
576635
576636
576637
576644
576645
576646
576647
576648
576650
576651
576652
576653
576654
576655
576656
576657
576658
576659
576660
576661
576662
576663
576664
576665
576666
576667
576668
576669
576670
576671
576672
576673
576674
576675
576676
576677
576678
576679
576680
576681
576682
576683
576684
576685
576686
576724
576725
576726
576727
576728
576729
576730
576731
576732
576733
576734
576735
576736
576737
576740
576742
576908
576909
576910
576911
576912
576913
576914
576915
576916
576964
576966
576967
576968
576970
576971
576972
576973
576974
576975
576976
576977
576978
576979
576980
576981
576986
576987
576988
576989
576990
576991
576993
576994
576995
577003
577004
577005
577006
577007
577008
577009
577010
577012
577013
577014
577015
577016
577017
577018
577019
577020
577021
577022
577023
577024
577025
577031
577032
577033
577034
577035
577036
577037
577038
577039
577040
577042
577043
577044
577076
577077
577086
577087
577089
577090
577091
577092
577093
577094
577095
577096
577097
577098
577099
577100
577101
577106
577107
577108
577109
577110
577114
577115
577116
577117
577118
577143
577146
577147
577149
577150
577151
577152
577153
577154
577155
577156
577157
577158
577159
577160
577161
577162
577169
577170
577171
577172
577173
577174
577175
577176
577177
577178
577179
577180
577182
577183
577184
577185
577192
577194
577195
577196
577197
577198
577199
577200
577201
577202
577203
577204
577205
577206
577207
577208
577209
577210
577211
577212
577213
577214
577215
577216
577217
577218
577219
577220
577221
577222
577223
577224
577225
577226
577227
577228
577229
577230
577243
577244
577245
577246
577247
577257
577258
577260
577261
577263
577264
577265
577302
577303
577304
577305
577306
577307
577308
577309
577310
577311
577312
577313
577314
577315
577316
577317
577318
577319
577320
577321
577322
577323
577324
577325
577326
577327
577328
577329
577330
577331
577332
577333
577334
577335
577336
577337
577338
577339
577340
577341
577342
577343
577347
577348
577349
577350
577351
577352
577353
577354
577355
577360
577361
577362
577363
577364
577365
577366
577367
577368
577369
577370
577371
577372
577407
577408
577409
577410
577411
577412
577413
577414
577415
577416
577417
577418
577424
577425
577426
577427
577428
577429
577430
577432
577433
577434
577435
577436
577437
577438
577439
577440
577441
577443
577445
577447
577448
577449
577450
577451
577457
577458
577459
577460
577466
577467
577468
577469
577471
577472
577473
577480
577481
577482
577484
577513
577514
577515
577517
577518
577545
577546
577547
577548
577549
577550
577551
577552
577553
577554
577555
577556
577557
577558
577559
577560
577561
577562
577563
577564
577565
577566
577567
577569
577570
577571
577572
577573
577575
577576
577577
577578
577579
577580
577581
577582
577583
577584
577585
577586
577593
577594
577595
577596
577597
577598
577599
577600
577601
577602
577603
577604
577605
577606
577607
577608
577609
577610
577611
577618
577619
577620
577621
577622
577623
577624
577625
577629
577631
577633
577635
577642
577643
577644
577645
577646
577647
577648
577649
577650
577651
577652
577653
577654
577655
577656
577657
577658
577659
577660
577661
577662
577663
577664
577665
577666
577667
577668
577669
577670
577671
577672
577673
577674
577720
577721
577722
577723
577724
577725
577731
577732
577733
577734
577735
577740
577742
577744
577749
577750
577751
577752
577753
577754
577755
577756
577757
577758
577759
577760
577761
577762
577763
577764
577765
577766
577767
577768
577769
577770
577771
577772
577777
577778
577779
577780
577781
577787
577788
577789
577790
577791
577792
577793
577794
577795
577796
577797
577798
577799
577800
577801
577802
577803
577804
577805
577806
577807
577808
577809
577810
577811
577812
577813
577814
577815
577816
577817
577818
577819
577820
577821
577822
577823
577857
577858
577859
577860
577867
577868
577869
578024
578026
578110
578112
578113
578114
578116
578117
578118
578119
578120
578121
578122
578123
578124
578125
578126
578127
578128
578134
578135
578136
578137
578138
578139
578141
578142
578143
578152
578153
578154
578155
578156
578157
578158
578159
578161
578162
578163
578164
578165
578166
578167
578168
578169
578170
578171
578172
578173
578174
578180
578181
578182
578183
578184
578185
578186
578187
578188
578189
578191
578192
578193
578228
578229
578238
578239
578241
578242
578243
578244
578245
578246
578247
578248
578249
578250
578251
578252
578253
578254
578260
578261
578262
578263
578264
578269
578270
578271
578272
578273
578311
578312
578313
578314
578315
578316
578317
578318
578319
578320
578321
578322
578323
578325
578327
578489
578490
578491
578492
578493
578494
578495
578496
578855
578858
578859
578861
578862
578863
578864
578865
578866
578867
578873
578874
578875
578876
578877
578878
578879
578881
578882
578883
578884
578885
578886
578887
578888
578889
578890
578891
578892
578893
578894
578909
578910
578911
578912
578917
578919
578920
578922
578923
578925
578930
578932
578933
578934
578935
578936
578937
578938
578939
578940
578941
578942
578943
578944
578945
578946
578947
578948
578949
578950
578951
578952
578953
578954
578955
578956
578957
578962
578963
578964
578965
578966
578967
578968
578969
578970
578971
578972
579008
579009
579010
579011
579012
579013
579014
579015
579016
579017
579018
579019
579020
579021
579022
579023
579024
579025
579026
579027
579028
579029
579030
579031
579032
579033
579034
579035
579036
579037
579038
579039
579040
579041
579042
579043
579044
579045
579046
579047
579048
579049
579077
579078
579079
579080
579081
579082
579083
579084
579085
579093
579094
579095
579096
579097
579098
579099
579100
579101
579102
579103
579104
579105
579116
579117
579118
579119
579120
579121
579122
579123
579124
579125
579126
579127
579128
579129
579137
579138
579139
579277
579278
579279
579280
579281
579282
579283
579284
579285
579357
579359
579360
579362
579363
579364
579365
579366
579367
579368
579369
579370
579371
579372
579373
579374
579375
579381
579382
579383
579384
579385
579386
579393
579394
579395
579396
579416
579431
579432
579433
579434
579435
579436
579437
579438
579440
579441
579442
579443
579444
579445
579446
579447
579448
579449
579450
579451
579452
579453
579454
579461
579462
579463
579464
579465
579466
579467
579468
579469
579470
579472
579473
579474
579475
579482
579483
579484
579486
579487
579488
579489
579490
579491
579492
579493
579494
579495
579496
579500
579501
579502
579503
579504
579505
579506
579507
579508
579549
579550
579551
579552
579553
579556
579558
579773
579774
579776
579830
579831
579832
579833
579834
579835
579836
579837
579838
579839
579840
579841
579842
579843
579844
579845
579846
579851
579852
579853
579854
579855
579856
579857
579858
579861
579863
579866
579873
579874
579875
579876
579877
579878
579879
579880
579881
579882
579883
579884
579885
579886
579887
579888
579889
579890
579891
579892
579893
579894
579895
579896
579897
579898
579899
579900
579901
579902
579903
579904
579905
579906
579907
579923
579924
579925
579926
579927
579933
579934
579935
579936
579937
579938
579941
579983
579984
579985
579986
579987
579988
579989
579990
579991
579992
579993
579994
579995
579996
579997
579998
579999
580000
580001
580002
580003
580004
580005
580006
580007
580008
580009
580010
580011
580012
580013
580014
580015
580016
580017
580021
580022
580023
580024
580025
580026
580027
580028
580029
580030
580031
580032
580033
580034
580035
580036
580037
580038
580039
580040
580041
580042
580043
580044
580049
580050
580051
580052
580053
580055
580056
580085
580086
580087
580088
580089
580090
580091
580092
580093
580094
580095
580096
580097
580098
580099
580100
580101
580102
580103
580104
580111
580112
580113
580114
580115
580116
580118
580119
580120
580121
580122
580123
580126
580127
580129
580130
580132
580133
580137
580138
580139
580140
580141
580151
580152
580153
580154
580156
580157
580158
580159
580161
580162
580164
580165
580183
580184
580186
580193
580194
580195
580196
580197
580198
580199
580200
580201
580202
580203
580204
580205
580206
580207
580208
580209
580210
580211
580212
580213
580214
580216
580217
580218
580219
580220
580221
580222
580223
580224
580225
580226
580227
580229
580230
580231
580233
580259
580262
580263
580265
580266
580267
580268
580269
580270
580271
580277
580278
580279
580280
580281
580282
580283
580285
580286
580287
580288
580289
580290
580291
580292
580293
580294
580295
580296
580297
580298
580314
580315
580316
580317
580323
580324
580326
580327
580329
580330
580337
580339
580340
580341
580342
580343
580344
580345
580346
580347
580348
580349
580350
580351
580352
580353
580354
580355
580356
580357
580358
580359
580360
580361
580362
580363
580364
580365
580366
580367
580368
580369
580370
580371
580372
580373
580374
580375
580376
580377
580421
580422
580423
580424
580425
580426
580427
580428
580429
580430
580431
580432
580433
580434
580435
580436
580437
580438
580439
580440
580441
580442
580443
580444
580445
580446
580447
580448
580449
580450
580451
580452
580453
580454
580455
580456
580457
580458
580459
580460
580461
580462
580493
580494
580495
580496
580497
580498
580499
580500
580501
580502
580508
580509
580510
580511
580512
580513
580514
580515
580516
580517
580518
580519
580520
580529
580531
580532
580534
580535
580536
580537
580538
580539
580540
580541
580542
580543
580544
580545
580546
580547
580548
580555
580556
580557
580558
580559
580560
580568
580569
580570
580571
580595
580606
580607
580608
580609
580610
580611
580612
580614
580615
580616
580617
580618
580619
580620
580621
580622
580623
580624
580625
580626
580627
580628
580634
580635
580636
580637
580638
580639
580640
580641
580642
580643
580649
580650
580651
580652
580654
580655
580656
580658
580659
580660
580661
580662
580663
580664
580665
580666
580667
580668
580669
580674
580675
580676
580677
580678
580679
580680
580681
580682
580720
580721
580722
580723
580724
580725
580726
580727
580728
580729
580730
580731
580732
580739
580740
580741
580878
580879
580880
580881
580882
580883
580884
580885
580961
580962
580963
580964
580965
580966
580967
580968
580969
580970
580971
580972
580973
580974
580975
580976
580977
580978
580984
580985
580986
580987
580988
580989
580990
580991
580994
580996
581000
581007
581008
581009
581010
581011
581012
581013
581014
581015
581016
581017
581018
581019
581020
581021
581022
581023
581024
581025
581026
581027
581028
581029
581030
581031
581032
581033
581034
581035
581036
581037
581038
581039
581040
581041
581057
581058
581059
581060
581061
581067
581068
581069
581070
581071
581072
581075
581132
581133
581134
581135
581136
581137
581138
581139
581140
581141
581142
581143
581144
581145
581146
581147
581148
581149
581150
581151
581152
581153
581154
581155
581156
581157
581158
581159
581160
581161
581162
581163
581164
581165
581166
581170
581171
581172
581173
581174
581175
581176
581177
581178
581179
581180
581181
581182
581183
581184
581185
581186
581187
581188
581189
581190
581191
581192
581193
581194
581200
581201
581202
581203
581204
581207
581208
581250
581251
581252
581253
581255
581257
581464
581466
581587
581588
581589
581590
581591
581592
581593
581594
581595
581596
581597
581598
581599
581600
581601
581614
581616
581617
581618
581619
581620
581621
581622
581623
581624
581625
581626
581627
581628
581629
581630
581631
581632
581633
581634
581635
581636
581637
581638
581639
581640
581641
581646
581647
581648
581649
581650
581651
581652
581653
581654
581655
581656
581657
581658
581659
581660
581661
581662
581663
581664
581665
581666
581667
581668
581669
581670
581671
581672
581673
581674
581675
581676
581677
581678
581679
581680
581681
581682
581683
581684
581685
581686
581687
581688
581689
581690
581691
581696
581697
581698
581699
581700
581701
581702
581703
581704
581705
581706
581707
581708
581709
581710
581711
581712
581713
581714
581715
581716
581717
581718
581719
581720
581721
581722
581723
581724
581725
581726
581727
581728
581729
581730
581731
581732
581733
581734
581972
581973
581974
581975
581976
582073
582074
582075
582078
582091
582092
582093
582094
582095
582116
582117
582118
582119
582120
582121
582122
582123
582124
582125
582126
582127
582128
582132
582133
582134
582135
582136
582137
582138
582139
582143
582144
582146
582147
582148
582149
582150
582151
582152
582153
582154
582155
582157
582158
582160
582161
582162
582164
582165
582166
582167
582168
582169
582170
582171
582172
582173
582174
582175
582176
582177
582193
582194
582195
582196
582197
582198
582199
582200
582417
582418
582420
582437
582438
582439
582440
582441
582458
582459
582460
582461
582462
582463
582464
582465
582466
582467
582468
582469
582470
582471
582472
582473
582474
582479
582480
582481
582482
582483
582484
582485
582486
582487
582564
582569
582570
582571
582572
582573
582574
582575
582576
582577
582578
582579
582580
582587
582588
582589
582593
582594
582596
582597
582598
582599
582600
582601
582602
582603
582604
582605
582606
582607
582613
582614
582615
582616
582617
582618
582619
582620
582621
582622
582623
582624
582769
582770
582855
582858
582859
582861
582963
582964
582965
582966
582967
582968
582969
582970
582972
582973
582974
582975
582976
582977
582979
582980
582982
582983
582984
582985
582986
582987
582988
582989
582990
582992
582993
582995
582996
582997
582998
582999
583000
583001
583002
583003
583004
583005
583006
583007
583008
583009
583010
583011
583012
583013
583014
583015
583016
583017
583018
583019
583020
583021
583022
583023
583024
583025
583026
583027
583028
583029
583030
583031
583032
583033
583034
583035
583036
583037
583038
583039
583040
583041
583043
583044
583045
583046
583047
583048
583049
583050
583078
583079
583080
583081
583082
583083
583084
583085
583086
583087
583088
583089
583090
583091
583092
583093
583094
583095
583096
583097
583098
583099
583100
583101
583102
583107
583112
583113
583114
583116
583117
583118
583119
583120
583121
583122
583123
583124
583125
583126
583127
583128
583129
583130
583131
583132
583133
583134
583135
583136
583137
583138
583139
583140
583149
583150
583151
583152
583153
583154
583155
583156
583157
583158
583159
583161
583162
583163
583171
583172
583173
583174
583175
583176
583177
583178
583179
583180
583181
583182
583183
583184
583185
583186
583187
583188
583189
583190
583191
583192
583193
583194
583195
583196
583197
583198
583199
583200
583201
583202
583203
583204
583207
583208
583209
583210
583213
583214
583215
583216
583238
583239
583240
583241
583242
583243
583244
583245
583246
583251
583252
583253
583254
583255
583256
583257
583258
583259
583260
583261
583262
583263
583264
583369
583370
583371
583372
583373
583374
583375
583376
583377
583378
583379
583380
583381
583382
583383
583384
583388
583389
583390
583391
583392
583393
583394
583401
583402
583403
583404
583405
583406
583407
583408
583409
583410
583411
583412
583413
583414
583415
583416
583417
583418
583424
583425
583426
583427
583433
583434
583435
583439
583440
583441
583442
583463
583464
583465
583466
583467
583468
583469
583470
583471
583472
583473
583474
583475
583476
583477
583478
583479
583480
583481
583482
583483
583484
583485
583486
583487
583488
583489
583490
583491
583492
583493
583494
583495
583496
583497
583500
583501
583502
583503
583504
583505
583506
583507
583538
583539
583540
583541
583542
583543
583544
583545
583546
583547
583548
583549
583550
583551
583552
583553
583554
583555
583556
583557
583558
583559
583560
583561
583562
583567
583568
583569
583570
583576
583577
583578
583579
583580
583581
583582
583583
583584
583585
583586
583587
583588
583589
583590
583591
583592
583593
583594
583595
583596
583597
583598
583599
583600
583605
583606
583607
583608
583609
583610
583611
583612
583613
583614
583615
583616
583617
583618
583625
583626
583627
583628
583629
583630
583633
583634
583636
583637
583638
583639
583640
583641
583642
583644
583645
583646
583647
583648
583650
583651
583652
583653
583654
583655
583656
583658
583659
583660
583661
583662
583664
583665
583666
583667
583668
583669
583670
583671
583672
583673
583674
583675
583676
583677
583678
583679
583680
583681
583682
583683
583684
583685
583686
583687
583688
583689
583690
583691
583692
583693
583694
583695
583696
583697
583698
583699
583700
583701
583702
583703
583704
583705
583706
583707
583708
583709
583710
583711
583714
583715
583716
583717
583718
583719
583720
583721
583755
583756
583757
583758
583759
583760
583761
583762
583763
583764
583765
583766
583767
583768
583769
583770
583771
583772
583773
583774
583775
583776
583777
583778
583779
583780
583786
583788
583789
583790
583796
583797
583798
583799
583800
583801
583802
583803
583804
583805
583806
583807
583808
583809
583810
583811
583812
583813
583814
583815
583816
583817
583818
583819
583820
583821
583827
583828
583829
583830
583831
583832
583833
583834
583835
583836
583837
583839
583840
583841
583848
583849
583850
583851
583852
583853
583854
583855
583856
583857
583858
583859
583860
583861
583862
583863
583864
583865
583866
583867
583868
583869
583870
583871
583872
583873
583874
583875
583876
583877
583878
583879
583880
583881
583882
583885
583886
583887
583888
583889
583890
583891
583892
583926
583927
583928
583929
583930
583931
583932
583933
583934
583935
583936
583937
583938
583939
583940
583941
583942
583943
583944
583945
583946
583947
583948
583949
583950
583951
583957
583959
583960
583961
583967
583968
583969
583970
583971
583972
583973
583974
583975
583976
583977
583978
583979
583980
583981
583982
583983
583984
583985
583986
583987
583988
583989
583990
583991
583992
583998
583999
584000
584001
584002
584003
584004
584005
584006
584007
584008
584010
584011
584012
584025
584026
584027
584028
584029
584030
584031
584032
584033
584034
584035
584036
584037
584038
584039
584040
584041
584042
584043
584044
584045
584046
584047
584048
584049
584050
584051
584052
584053
584054
584055
584056
584057
584058
584061
584062
584063
584064
584067
584068
584069
584070
584090
584091
584092
584093
584094
584095
584096
584097
584098
584099
584100
584101
584102
584103
584104
584105
584106
584107
584108
584109
584110
584111
584112
584113
584197
584198
584199
584200
584201
584202
584203
584204
584205
584206
584207
584208
584209
584210
584211
584212
584213
584218
584219
584220
584221
584226
584227
584228
584232
584233
584234
584235
584236
584237
584238
584239
584240
584241
584242
584243
584244
584245
584246
584247
584248
584253
584254
584255
584256
584261
584262
584263
584267
584268
584269
584332
584333
584335
584336
584337
584338
584339
584340
584341
584342
584343
584344
584345
584346
584347
584349
584350
584456
584457
584458
584465
584480
584481
584482
584489
584573
584574
584575
584576
584577
584673
584674
584676
584695
584696
584697
584698
584713
584714
584715
584716
584717
584718
584719
584720
584721
584722
584723
584724
584725
584730
584731
584732
584733
584734
584735
584736
584737
584742
584743
584744
584746
584747
584748
584749
584750
584751
584752
584753
584754
584755
584757
584758
584760
584761
584763
584764
584765
584766
584767
584768
584769
584770
584771
584772
584773
584774
584775
584776
584777
584778
584779
584780
584781
584782
584783
584784
585033
585034
585036
585055
585056
585057
585058
585059
585077
585078
585079
585080
585081
585082
585083
585084
585085
585086
585087
585088
585089
585090
585091
585092
585093
585094
585095
585096
585097
585098
585099
585100
585185
585192
585193
585194
585195
585196
585197
585198
585199
585200
585201
585202
585203
585208
585209
585210
585218
585220
585221
585222
585223
585224
585225
585226
585227
585228
585229
585230
585231
585236
585237
585238
585239
585240
585241
585242
585243
585244
585245
585246
585247
585528
585606
585609
585610
585983
585984
585985
585986
585987
585988
585989
585990
585991
585992
585993
585994
585995
585996
585997
586004
586006
586007
586014
586015
586016
586017
586018
586019
586020
586022
586023
586024
586025
586026
586027
586028
586029
586030
586031
586032
586033
586034
586035
586036
586037
586042
586043
586044
586045
586046
586047
586048
586049
586050
586051
586052
586053
586054
586055
586056
586057
586058
586059
586060
586061
586062
586063
586064
586065
586066
586067
586068
586069
586070
586071
586072
586073
586074
586075
586076
586077
586078
586079
586080
586081
586082
586083
586084
586085
586086
586087
586093
586094
586095
586096
586097
586098
586099
586100
586101
586102
586103
586104
586105
586106
586107
586108
586109
586110
586111
586112
586113
586114
586115
586116
586117
586118
586119
586120
586121
586122
586123
586124
586125
586126
586127
586128
586129
586130
586131
586132
586133
586377
586378
586379
586381
586382
586383
586384
586385
586386
586387
586388
586389
586390
586391
586396
586397
586398
586400
586401
586503
586504
586505
586514
586525
586526
586527
586528
586536
586660
586739
586740
586743
586745
586861
586862
586864
586881
586882
586883
586884
586885
586902
586903
586904
586905
586906
586907
586908
586909
586910
586911
586912
586913
586914
586915
586916
586917
586918
586923
586924
586925
586926
586927
586928
586929
586930
586931
587008
587009
587010
587011
587012
587013
587014
587015
587016
587017
587018
587019
587026
587027
587028
587029
587030
587031
587032
587033
587034
587035
587036
587037
587041
587048
587049
587050
587051
587052
587053
587054
587055
587056
587057
587058
587059
587060
587066
587067
587068
587321
587324
587325
587327
587328
587329
587330
587331
587332
587333
587334
587335
587336
587337
587338
587339
587340
587347
587348
587349
587350
587351
587352
587353
587354
587355
587356
587357
587358
587360
587361
587362
587363
587370
587372
587373
587374
587375
587376
587377
587378
587379
587380
587381
587382
587383
587384
587385
587386
587387
587388
587389
587390
587391
587392
587393
587394
587395
587396
587397
587398
587399
587400
587401
587402
587403
587404
587405
587406
587407
587408
587421
587422
587423
587424
587425
587435
587436
587438
587439
587441
587442
587443
587480
587481
587482
587483
587484
587485
587486
587487
587488
587489
587490
587491
587492
587493
587494
587495
587496
587497
587498
587499
587500
587501
587502
587503
587504
587505
587506
587507
587508
587509
587510
587511
587512
587513
587514
587515
587516
587517
587518
587519
587520
587521
587525
587526
587527
587528
587529
587530
587531
587532
587533
587538
587539
587540
587541
587542
587543
587544
587545
587546
587547
587548
587549
587550
587585
587586
587587
587588
587589
587590
587591
587592
587593
587594
587595
587596
587597
587598
587599
587600
587601
587602
587603
587609
587610
587611
587612
587613
587614
587616
587617
587618
587619
587620
587623
587624
587626
587627
587628
587629
587635
587636
587637
587638
587644
587645
587646
587647
587649
587650
587651
587658
587659
587660
587661
587686
587687
587688
587690
587696
587697
587698
587699
587700
587701
587702
587703
587704
587705
587706
587707
587708
587709
587710
587711
587712
587713
587714
587715
587716
587717
587718
587720
587721
587722
587723
587724
587726
587727
587728
587729
587730
587731
587732
587733
587734
587735
587736
587737
587738
587771
587772
587773
587774
587775
587776
587777
587778
587779
587780
587781
587782
587783
587784
587785
587786
587787
587788
587789
587796
587797
587798
587799
587800
587801
587802
587803
587805
587807
587809
587813
587820
587821
587822
587823
587824
587825
587826
587827
587828
587829
587830
587831
587832
587833
587834
587835
587836
587837
587838
587839
587840
587841
587842
587843
587844
587845
587846
587847
587848
587849
587850
587851
587852
587866
587867
587868
587869
587870
587871
587877
587878
587879
587880
587881
587886
587888
587890
587924
587925
587926
587927
587928
587929
587930
587931
587932
587933
587934
587935
587936
587937
587938
587939
587940
587941
587942
587943
587944
587945
587946
587947
587948
587949
587950
587951
587952
587953
587954
587955
587956
587957
587958
587962
587963
587964
587965
587966
587967
587968
587969
587970
587971
587972
587973
587974
587975
587976
587977
587978
587979
587980
587981
587982
587983
587984
587985
587990
587991
587992
587993
587994
588000
588001
588029
588031
588032
588033
588035
588036
588037
588038
588039
588040
588041
588042
588043
588044
588045
588046
588047
588053
588054
588055
588056
588057
588058
588060
588061
588062
588071
588072
588073
588074
588075
588076
588077
588078
588080
588081
588082
588083
588084
588085
588086
588087
588088
588089
588090
588091
588092
588093
588099
588100
588101
588102
588103
588104
588105
588106
588107
588108
588110
588111
588112
588147
588148
588157
588158
588160
588161
588162
588163
588164
588165
588166
588167
588168
588169
588170
588171
588172
588173
588179
588180
588181
588182
588183
588188
588189
588190
588191
588192
588226
588227
588228
588229
588236
588237
588238
588393
588395
588485
588486
588487
588488
588489
588490
588491
588492
588493
588494
588495
588496
588497
588503
588504
588643
588644
588645
588646
588647
588648
588649
588650
588717
588718
588719
588720
588721
588722
588723
588724
588725
588726
588727
588728
588729
588730
588731
588732
588733
588734
588735
588736
588743
588744
588745
588746
588747
588748
588750
588751
588752
588753
588754
588755
588758
588759
588761
588762
588764
588765
588769
588770
588771
588772
588773
588783
588784
588785
588786
588788
588789
588790
588791
588793
588794
588796
588797
588815
588816
588818
588825
588826
588827
588828
588829
588830
588831
588832
588833
588834
588835
588836
588837
588838
588839
588840
588841
588842
588843
588844
588845
588846
588848
588849
588850
588851
588852
588853
588854
588855
588856
588857
588858
588859
588861
588862
588863
588865
588891
588894
588895
588897
588898
588899
588900
588901
588902
588903
588904
588905
588906
588907
588908
588909
588915
588916
588917
588918
588919
588920
588921
588922
588923
588924
588925
588926
588928
588929
588930
588937
588939
588940
588941
588942
588943
588944
588945
588946
588947
588948
588949
588950
588951
588952
588953
588954
588955
588956
588957
588958
588959
588960
588961
588962
588963
588964
588965
588966
588967
588968
588969
588970
588971
588972
588973
588974
588975
588976
588977
588992
588993
588994
588995
589001
589002
589004
589005
589007
589008
589053
589054
589055
589056
589057
589058
589059
589060
589061
589062
589063
589064
589065
589066
589067
589068
589069
589070
589071
589072
589073
589074
589075
589076
589077
589078
589079
589080
589081
589082
589083
589084
589085
589086
589087
589088
589089
589090
589091
589092
589093
589094
589098
589099
589100
589101
589102
589103
589104
589105
589106
589107
589113
589114
589115
589116
589117
589118
589119
589120
589121
589122
589123
589124
589125
589161
589163
589164
589165
589167
589168
589169
589170
589171
589172
589173
589174
589175
589176
589177
589178
589179
589180
589187
589188
589189
589190
589191
589192
589194
589195
589196
589197
589206
589207
589208
589209
589210
589211
589212
589214
589215
589216
589217
589218
589219
589220
589221
589222
589223
589224
589225
589226
589227
589228
589234
589235
589236
589237
589238
589239
589240
589241
589242
589243
589249
589250
589251
589252
589276
589286
589287
589288
589290
589291
589292
589293
589294
589295
589296
589297
589298
589299
589300
589301
589306
589307
589308
589309
589310
589311
589312
589313
589314
589352
589353
589354
589355
589356
589357
589358
589359
589360
589361
589362
589363
589364
589365
589366
589367
589368
589369
589375
589376
589377
589378
589379
589380
589381
589382
589385
589387
589391
589398
589399
589400
589401
589402
589403
589404
589405
589406
589407
589408
589409
589410
589411
589412
589413
589414
589415
589416
589417
589418
589419
589420
589421
589422
589423
589424
589425
589426
589427
589428
589429
589430
589431
589432
589448
589449
589450
589451
589452
589458
589459
589460
589461
589462
589463
589466
589511
589512
589513
589514
589515
589516
589517
589518
589519
589520
589521
589522
589523
589524
589525
589526
589527
589528
589529
589530
589531
589532
589533
589534
589535
589536
589537
589538
589539
589540
589541
589542
589543
589544
589545
589549
589550
589551
589552
589553
589554
589555
589556
589557
589558
589559
589560
589561
589562
589563
589564
589565
589566
589567
589568
589569
589570
589571
589572
589573
589579
589580
589581
589582
589583
589586
589587
589625
589626
589627
589628
589629
589630
589631
589632
589633
589634
589635
589636
589637
589644
589645
589646
589786
589787
589788
589789
589790
589791
589792
589793
589869
589870
589871
589872
589878
589879
590036
590038
590153
590154
590155
590156
590157
590253
590254
590256
590275
590276
590277
590278
590293
590294
590295
590296
590297
590298
590299
590300
590301
590302
590303
590304
590305
590310
590311
590312
590313
590314
590315
590316
590317
590322
590323
590324
590326
590327
590328
590329
590330
590331
590332
590333
590334
590335
590337
590338
590340
590341
590343
590344
590345
590346
590347
590348
590349
590350
590351
590352
590353
590354
590355
590356
590357
590358
590359
590360
590361
590362
590363
590364
590464
590465
590467
590468
590469
590470
590471
590472
590473
590474
590475
590476
590477
590478
590479
590481
590482
590588
590589
590590
590597
590612
590613
590614
590621
590864
590865
590867
590886
590887
590888
590889
590890
590908
590909
590910
590911
590912
590913
590914
590915
590916
590917
590918
590919
590920
590921
590922
590923
590924
590925
590926
590927
590928
590929
590930
590931
591004
591006
591007
591008
591009
591010
591011
591012
591013
591014
591015
591016
591017
591022
591023
591024
591025
591026
591027
591028
591029
591030
591031
591032
591033
591041
591048
591049
591050
591051
591052
591053
591054
591055
591056
591057
591058
591059
591064
591065
591066
591169
591247
591250
591251
592210
592211
592397
592398
592934
592935
592936
592937
592995
592996
592997
592998
593148
593149
593150
593151
593491
593492
593678
593679
593876
593877
594658
594659
594660
594661
594723
594724
594725
594727
594790
594791
594792
594794
595134
595135
601699
601700
601701
601702
601703
601704
601705
601706
601707
601708
601709
601716
601717
601718
601719
601720
601721
601722
601723
601724
601732
601733
601734
601735
601736
601737
601738
601739
601740
601741
601742
601750
601751
601752
601753
601754
601755
601756
601757
601758
601759
601760
601768
601769
601770
601771
601772
601773
601774
601775
601776
601777
601778
601785
601786
601787
601788
601789
601790
601791
601792
601793
601822
601823
601824
601825
601826
601827
601828
601829
601830
601838
601839
601840
601841
601842
601843
601844
601845
601846
601847
601848
601856
601857
601858
601859
601860
601861
601862
601863
601864
601865
601866
601872
601873
601874
601875
601876
601877
601878
601912
601913
601914
601915
601916
601917
601918
601919
601920
601926
601927
601928
601929
601930
601931
601932
602098
602099
602100
602101
602102
602103
602104
602105
602106
602107
602108
602109
602110
602111
602112
602113
602114
602115
602116
602117
602118
602119
602120
602121
602122
602123
602124
602125
602126
602127
602128
602129
602130
602131
602132
602133
602134
602135
602136
602137
602138
602139
602140
602141
602142
602143
602144
602145
602146
602147
602148
602149
602150
602151
602152
602153
602154
602155
602156
602157
602158
602159
602160
602161
602162
602163
602164
602165
602166
602167
602168
602169
602170
602171
602172
602173
602174
602175
602176
602177
602178
602179
602180
602181
602182
602183
602184
602185
602186
602187
602188
602189
602190
602191
602192
602193
602194
602195
602196
602197
602198
602199
602200
602201
602202
602203
602204
602205
602206
602207
602208
602209
602210
602211
602212
602213
602214
602215
602216
602217
602218
602219
602220
602221
602222
602223
602224
602225
602226
602227
602228
602229
602230
602231
602232
602233
602234
602235
602236
602237
602238
602239
602240
602241
602242
602243
602244
602245
602246
602247
602248
602249
602250
602251
602252
602253
602254
602255
602256
602257
602258
602259
602260
602261
602262
602263
602264
602265
602266
602267
602268
602269
602270
602271
602272
602273
602274
602275
602276
602277
602278
602279
602280
602281
602282
602283
602284
602285
602286
602287
602288
602289
602290
602291
602292
602293
602294
602295
602296
602297
602298
602299
602300
602301
602302
602303
602304
602305
602306
602307
602308
602309
602310
602311
602312
602313
602314
602315
602316
602317
602318
602319
602320
602321
602322
602323
602324
602325
602326
602327
602328
602329
602330
602331
602332
602333
602334
602335
602336
602337
602338
602339
602340
602341
602342
602343
602344
602345
602346
602347
602348
602349
602409
602410
602411
602412
602413
602414
602415
602416
602417
602418
602419
602420
602421
602422
602423
602424
602425
602426
602427
602428
602429
602430
602431
602432
602433
602434
602435
602436
602437
602438
602439
602440
602441
602442
602443
602444
602445
602446
602447
602448
602560
602562
602563
602564
602570
602571
602572
602639
602640
602641
602642
602643
602644
602645
602646
602647
602648
602649
602650
602651
602652
602653
602654
602655
602656
602657
602658
602659
602660
602661
602662
602663
602664
602665
602666
602667
602668
602669
602670
602671
602672
602673
602674
602675
602676
602677
602678
602679
602680
602681
602682
602683
602684
602685
602686
602687
602688
602689
602690
602691
602692
602693
602694
602695
602696
602697
602698
602699
602700
602701
602702
602703
602704
602705
602706
602707
602708
602709
602710
602711
602712
602713
602714
602715
602716
602717
602718
602719
602720
602721
602722
602723
602724
602725
602726
602727
602728
602729
602736
602738
602739
602740
602751
602752
602753
602760
602761
602762
602763
602764
602765
602766
602767
602768
602769
602770
602771
602772
602773
602774
602775
602776
602777
602778
602779
602780
602781
602782
602783
602784
602785
602786
602787
602788
602789
602790
602791
602792
602793
602794
602795
602796
602797
602798
602799
602800
602801
602802
602803
602804
602805
602806
602807
602808
602809
602810
602811
602812
602813
602814
602815
602816
602817
602818
602819
602820
602821
602822
602823
602824
602825
602826
602827
602828
602829
602830
602831
602832
602833
602834
602835
602836
602837
602838
602839
602840
602841
602842
602843
602844
603090
603091
603094
603127
603128
603129
603130
603131
603133
603134
603135
603136
603138
603157
603158
603159
603160
603161
603163
603164
603165
603166
603168
603175
603176
603179
603217
603218
603219
603220
603221
603223
603225
603226
603228
603229
603230
603231
603232
603254
603255
603256
603257
603259
603260
603262
603280
603282
603283
603304
603305
603306
603307
603308
603310
603311
603312
603314
603383
603384
603385
603386
603388
603407
603408
603409
603410
603411
603413
603414
603415
603416
603418
603425
603426
603429
603430
603431
603432
603434
603452
603454
603455
603457
603459
603460
603484
603485
603486
603488
603489
603490
603491
603492
603493
603501
603502
603504
603505
603543
603544
603614
603616
603617
603638
603639
603640
603641
603642
603644
603645
603646
603648
603663
603664
603665
603666
603667
603669
603670
603671
603673
603680
603681
603683
603684
603702
603703
603704
603705
603706
603708
603709
603710
603711
603712
603720
603721
603722
603724
603725
603808
603809
620859
620860
620861
620862
620863
620864
620865
620866
620867
620868
620869
620870
620871
620872
620873
620874
620875
620876
620877
620878
620879
620880
620881
620882
620883
620884
620885
620886
620887
620888
620889
620890
620891
620892
620893
620894
620895
620896
620937
620938
620939
620940
620941
620942
620943
620944
620945
620946
620947
620948
620949
620950
620951
620952
620953
620954
620955
620956
620957
620958
620959
620960
620961
620962
620963
620964
620965
620966
620967
620968
620969
620970
620971
620972
620973
620974
621517
621518
621519
621520
621521
621522
621523
621524
621525
621526
621527
621528
621529
621530
621531
621532
621533
621534
621535
621536
621537
621538
621539
621540
621541
621542
621543
621544
621545
621546
621547
621548
621549
621550
621551
621552
621553
621554
621617
621618
621619
621620
621621
621622
621623
621624
621625
621626
621627
621628
621629
621630
621631
621632
621633
621634
621635
621636
621637
621638
621639
621640
621641
621642
621643
621644
621645
621646
621647
621648
621649
621650
621651
621652
621653
621654
621738
621739
621740
621741
621742
621743
621744
621745
621746
621747
621748
621749
621750
621751
621752
621753
621754
621755
621756
621757
621758
621759
621760
621761
621762
621763
621764
621765
621766
621767
621768
621769
621770
621771
621772
621773
621774
621775
621832
621833
621834
621835
621836
621837
621838
621839
621840
621841
621842
621843
621844
621845
621846
621847
621848
621849
621850
621851
621852
621853
621854
621855
621856
621857
621858
621859
621860
621861
621862
621863
621864
621865
621866
621867
621868
621869
622427
622428
622429
622430
622431
622432
622433
622434
622435
622436
622437
622438
622439
622440
622441
622442
622443
622444
622445
622446
622447
622448
622449
622450
622451
622452
622453
622454
622455
622456
622457
622458
622459
622460
622461
622462
622463
622464
622524
622525
622526
622527
622528
622529
622530
622531
622532
622533
622534
622535
622536
622537
622538
622539
622540
622541
622542
622543
622544
622545
622546
622547
622548
622549
622550
622551
622552
622553
622554
622555
622556
622557
622558
622559
622560
622561
622753
622754
622755
622756
622757
622758
622759
622760
622761
622762
622763
622764
622765
622766
622767
622768
622769
622770
622771
622772
622773
622774
622775
622776
622777
622778
622779
622780
622781
622782
622783
622784
622785
622786
622787
622788
622789
622790
622791
622792
622823
622824
622825
622826
622827
622828
622829
622830
622831
622832
622833
622834
622835
622836
622837
622838
622839
622840
622841
622842
622843
622844
622845
622846
622847
622848
622849
622850
622851
622852
622853
622854
622855
622856
622857
622858
622859
623261
623262
623263
623264
623265
623266
623267
623268
623269
623270
623271
623272
623273
623274
623275
623276
623277
623278
623279
623280
623281
623282
623283
623284
623285
623286
623287
623288
623289
623290
623291
623292
623293
623294
623295
623296
623297
623298
623299
623300
623382
623383
623384
623385
623386
623387
623388
623389
623390
623391
623392
623393
623394
623395
623396
623397
623398
623399
623400
623401
623402
623403
623404
623405
623406
623407
623408
623409
623410
623411
623412
623413
623414
623415
623416
623417
623418
623449
623450
623451
623452
623453
623454
623455
623456
623457
623458
623459
623460
623461
623462
623463
623464
623465
623466
623467
623468
623469
623470
623471
623472
623473
623474
623475
623476
623477
623478
623479
623480
623481
623482
623483
623484
623485
623946
623947
623948
623949
623950
623951
623952
623953
623954
623955
623956
623957
623958
623959
623960
623961
623962
623963
623964
623965
623966
623967
623968
623969
623970
623971
623972
623973
623974
623975
623976
623977
623978
623979
623980
623981
623982
624262
624263
624264
624270
624271
624272
624302
624304
624305
624306
624307
624308
624309
624316
624317
624318
624319
624320
624324
624349
624351
624352
624353
624354
624355
624361
624362
624363
624364
624368
624500
624501
624502
624527
624528
624529
624554
624555
624556
624584
624585
624586
624679
624680
624681
624687
624688
624689
624719
624721
624722
624723
624724
624725
624726
624728
624729
624730
624736
624737
624741
624777
624779
624780
624781
624787
624788
624789
624820
624822
624823
624824
624825
624826
624827
624829
624830
624831
624837
624838
624842
624909
624911
624912
624913
624914
624915
624921
624922
624923
624924
624928
624965
624967
624968
624978
624979
624980
625011
625012
625013
625014
625015
625016
625022
625023
625024
625028
625029
625107
625108
625109
625137
625138
625139
625167
625168
625169
625197
625198
625199
625325
625327
625328
625329
625340
625341
625342
625373
625375
625376
625377
625378
625379
625380
625382
625383
625384
625390
625391
625395
625402
625404
625405
625415
625416
625417
625448
625449
625450
625451
625452
625453
625455
625456
625457
625465
625466
625759
625760
626015
626517
626518
626519
626520
626521
626523
626524
626525
626526
626527
626535
626536
626537
626539
626540
626708
626709
626710
626711
626712
626714
626715
626716
626717
626719
626732
626733
626734
626736
626737
627085
627086
627339
627340
627634
628242
628243
628244
628245
628246
628248
628249
628250
628251
628253
628266
628267
628268
628270
628271
628826
628827
645304
645305
645306
645307
645308
645310
645311
645312
645313
645314
645315
645316
645317
645318
645320
645321
645323
645324
645326
645327
645328
645329
645330
645331
645333
645334
645335
645336
645337
645338
645339
645340
645341
645343
645344
645346
645347
645349
645742
645743
645744
645745
645746
645748
645749
645750
645751
645752
645753
645754
645755
645756
645758
645760
645761
645762
645764
645765
645766
645767
645768
645769
645771
645772
645773
645774
645775
645776
645777
645778
645779
645781
645783
645784
645785
645787
645923
645924
645925
645926
645927
645929
645930
645931
645932
645933
645934
645935
645936
645937
645939
645940
645942
645943
645945
645946
645947
645948
645949
645950
645952
645953
645954
645955
645956
645957
645958
645959
645960
645962
645963
645965
645966
645968
646378
646379
646380
646381
646382
646384
646385
646386
646387
646388
646389
646390
646391
646392
646394
646396
646397
646398
646400
646401
646402
646403
646404
646405
646407
646408
646409
646410
646411
646412
646413
646414
646415
646417
646419
646420
646421
646423
647537
647539
647540
647546
647549
647550
647551
647773
647774
647775
647776
647791
647792
647804
647805
647806
648035
648037
648038
648039
648042
648048
648049
648086
648087
648088
648089
648090
648091
648092
648093
648094
648095
648096
648097
648098
648099
648100
648101
648102
648103
648104
648105
648106
648107
648108
648109
648110
648111
648112
648113
648114
648115
648116
648117
648118
648119
648120
648188
648189
648190
648191
648206
648207
648219
648220
648221
648942
648943
648944
648945
648953
648954
648967
648968
648969
648970
648980
648981
649056
649057
649058
649059
649064
649065
649066
649067
649068
649069
649070
649071
649072
649073
649074
649075
649076
649077
649078
649079
649080
649081
649082
649083
649084
649085
649086
649087
649088
649089
649090
649091
649092
649093
649094
649095
649096
649097
649098
649099
649100
649101
649102
649103
649104
649105
649106
649107
649108
649109
649110
649111
649112
649113
649114
649115
649116
649117
649118
649119
649120
649121
649122
649123
649124
649125
649126
649127
649128
649129
649130
649131
649132
649133
649134
649135
649136
649137
649138
649139
649140
649141
649142
649143
649144
649145
649146
649147
649148
649149
649150
649151
649152
649153
649154
649155
649156
649157
649158
649159
649160
649161
649162
649163
649164
649165
649166
649167
649168
649169
649170
649171
649172
649173
649174
649175
649176
649177
649178
649179
649180
649181
649182
649183
649184
649185
649186
649187
649188
649189
649190
649191
649192
649193
649194
649195
649196
649197
649198
649199
649200
649201
649202
649203
649204
649205
649206
649207
649208
649209
649210
649211
649212
649213
649214
649215
649216
649217
649218
649219
649220
649221
649222
649223
649224
649225
649231
649232
649233
649234
649235
649236
649237
649238
649239
649240
649241
649242
649243
649244
649245
649246
649247
649248
649249
649250
649251
649252
649253
649254
649255
649256
649257
649258
649259
649260
649261
649262
649263
649264
649265
649266
649267
649268
649269
649270
649271
649272
649273
649274
649275
649276
649277
649278
649279
649280
649281
649282
649283
649284
649285
649286
649287
649288
649289
649290
649291
649292
649293
649294
649295
649296
649297
649298
649299
649300
649301
649302
649303
649304
649305
649306
649307
649308
649309
649310
649311
649312
649313
649314
649315
649316
649317
649318
649319
649320
649321
649322
649323
649324
649325
649326
649477
649478
649479
649480
649481
649482
649483
649484
649489
649490
649491
649492
649493
649494
649495
649496
649497
649498
649499
649500
649501
649502
649503
649504
649505
649506
649507
649508
649509
649510
649511
649512
649513
649514
649515
649516
649517
649518
649519
649520
649521
649522
649523
649524
649525
649526
649527
649528
649529
649530
649531
649532
649533
649534
649535
649536
649537
649538
649539
649540
649541
649542
649543
649544
649545
649546
649547
649548
649549
649550
649551
649552
649553
649554
649555
649556
649557
649558
649559
649560
649561
649562
649563
649564
649565
649566
649567
649568
649569
649570
649571
649572
649573
649574
649575
649576
649577
649578
649579
649580
649581
649582
649583
649584
649585
649586
649587
649588
649589
649590
649591
649592
649593
649594
649595
649596
649597
649598
649599
649600
649601
649602
649603
649604
649605
649606
649607
649608
649609
649610
649611
649612
649613
649614
649615
649616
649617
649618
649619
649620
649621
649622
649623
649624
649625
649626
649627
649628
649629
649630
649631
649632
649633
649634
649635
649636
649637
649638
649639
649640
649641
649642
649643
649644
649645
649646
649647
649648
649649
649650
649651
649652
649653
649654
649655
649656
649657
649658
649659
649660
649661
649662
649663
649664
649665
649666
649667
649673
649674
649675
649676
649677
649678
649679
649680
649681
649682
649683
649684
649685
649686
649687
649688
649689
649690
649691
649692
649693
649694
649695
649696
649697
649698
649699
649700
649701
649702
649703
649704
649705
649706
649707
649708
649709
649710
649711
649712
649713
649714
649715
649716
649717
649718
649719
649720
649721
649722
649723
649724
649725
649726
649727
649728
649729
649730
649731
649732
649733
649734
649735
649736
649737
649738
649739
649740
649741
649742
649743
649744
649745
649746
649747
649748
649749
649750
649868
649869
649870
649871
649872
649873
649874
649875
649876
649877
649878
649879
649880
649881
649882
649883
649884
649885
649886
649887
649888
649889
649890
649891
649892
649893
649894
649895
649896
649897
649898
649899
649900
649906
649907
649908
649909
649910
649911
649912
649913
649914
649915
649916
649917
649918
649919
649920
649921
649922
649923
649924
649925
649926
649927
649928
649929
649930
649931
649932
649933
649934
649935
649936
649937
649938
649939
649940
649941
649942
649943
649944
649945
649946
649947
649948
649949
649950
649951
649952
649953
649954
649955
649956
649957
649958
649959
649960
649961
649962
649963
649964
649965
649966
649967
649968
649969
649970
649971
649972
649973
649974
649975
649976
649977
649978
649979
649980
649981
649982
649983
649984
649985
649986
649987
649988
649989
649990
649991
649992
649993
649994
649995
649996
649997
649998
649999
650000
650001
650002
650003
650004
650005
650006
650007
650008
650009
650010
650011
650012
650013
650014
650015
650016
650017
650018
650019
650020
650021
650022
650023
650024
650025
650026
650027
650028
650029
650030
650031
650032
650033
650034
650035
650036
650037
650038
650039
650040
650041
650042
650043
650044
650045
650046
650047
650048
650049
650050
650051
650052
650053
650054
650055
650056
650057
650058
650059
650060
650061
650062
650063
650064
650065
650066
650067
650068
650069
650070
650071
650072
650073
650074
650075
650076
650077
650078
650079
650080
650081
650082
650083
650084
650085
650091
650092
650093
650094
650095
650096
650097
650098
650099
650100
650101
650102
650103
650104
650105
650106
650107
650108
650109
650110
650111
650112
650113
650114
650115
650116
650117
650118
650119
650120
650121
650122
650123
650124
650125
650126
650127
650128
650129
650130
650131
650132
650133
650134
650135
650136
650137
650138
650252
650253
650254
650255
650265
650266
650282
650283
650284
650285
650295
650296
650300
650301
650302
650303
650304
650305
650306
650307
650308
650309
650310
650311
650312
650313
650314
650315
650316
650317
650318
650319
650320
650321
650322
650323
650324
650325
650326
650327
650328
650329
650330
650331
650332
650333
650334
650335
650336
650337
650338
650339
650340
650341
650342
650343
650344
650345
650346
650347
650348
650349
650350
650351
650352
650353
650359
650360
650361
650362
650363
650364
650365
650366
650367
650368
650369
650370
650371
650372
650373
650374
650375
650376
650377
650378
650379
650380
650381
650382
650383
650384
650385
650386
650387
650388
650389
650390
650391
650392
650393
650394
650395
650396
650397
650398
650399
650400
650401
650402
650403
650404
650405
650406
650407
650408
650409
650410
650411
650412
650413
650414
650415
650416
650417
650418
650419
650420
650421
650422
650423
650424
650425
650426
650427
650428
650429
650430
650431
650432
650433
650434
650435
650436
650437
650438
650439
650440
650441
650442
650443
650444
650445
650446
650447
650448
650449
650450
650451
650452
650453
650454
650455
650456
650457
650458
650459
650460
650461
650462
650463
650464
650465
650466
650467
650468
650469
650470
650471
650472
650473
650474
650475
650476
650477
650478
650479
650480
650481
650482
650483
650484
650485
650486
650487
650488
650489
650490
650491
650492
650493
650494
650495
650496
650497
650498
650499
650500
650501
650502
650503
650504
650505
650506
650507
650508
650509
650510
650511
650512
650513
650514
650515
650516
650517
650518
650519
650520
650521
650522
650523
650524
650525
650531
650532
650533
650534
650535
650536
650537
650538
650539
650540
650541
650542
650543
650544
650545
650546
650547
650548
650549
650550
650551
650552
650553
650554
650555
650556
650557
650558
650559
650560
650561
650562
650563
650564
650565
650566
650567
650568
650569
650570
650571
650572
650573
651308
651309
651311
651327
651328
651330
651336
651337
651338
651340
651342
651343
651364
651365
651366
651367
651369
651370
651372
651386
651387
651388
651390
651391
651392
651393
651394
651402
651404
651405
651507
651510
651543
651544
651545
651546
651556
651557
651559
651560
651561
651562
651563
651564
651571
651572
651574
651575
651587
651588
651608
651609
651610
651612
651614
651812
651813
651815
651816
651817
651818
651819
651821
652230
652231
652252
652253
652254
652255
652257
652258
652260
652267
652268
652270
652286
652287
652289
652295
652296
652297
652299
652307
652308
652309
652310
652312
652313
652314
652316
652323
652325
652326
652424
652427
652464
652465
652466
652467
652476
652477
652478
652479
652481
652482
652484
652490
652492
652493
652503
652504
652506
652523
652524
652525
652526
652528
652529
652530
652532
653020
653021
653023
653024
653025
653026
653027
653028
653035
653036
653038
653039
653054
653057
653090
653091
653092
653093
653096
653097
653117
653118
653119
653121
653123
653216
653217
653219
653235
653236
653237
653239
653240
653241
653243
653250
653251
653271
653272
653273
653275
653277
653287
653290
653323
653324
653325
653326
653734
653735
653737
653738
653739
653740
653741
653743
653937
653938
653939
653940
653942
653943
653945
653951
653953
653954
653964
653967
654004
654005
654006
654007
654009
654010
654012
654029
654030
654031
654032
654034
654035
654036
654038
654133
654134
654154
654155
654156
654158
654160
654166
654167
654169
654185
654186
654187
654189
654190
654191
654193
654199
654202
654239
654240
654241
654242
726383
726384
726428
726429
726430
726431
726441
726442
726446
726447
726448
726449
726450
726451
726452
726453
726454
726456
726457
726458
726460
726461
726462
726463
726464
726466
726467
726468
726469
726524
726525
726526
726527
726528
726529
726530
726531
726532
726533
726534
726535
726536
726537
726538
726539
726540
726541
726542
726543
726544
726545
726546
726547
726548
726549
726550
726551
726552
726553
726554
726555
726556
726596
726597
726598
726599
726604
726605
726608
726609
726770
726771
726774
726775
726849
726850
726851
726853
726854
726860
726861
726932
726933
726934
726935
726936
726938
726940
726942
726943
726944
726945
726947
726948
726949
726980
726981
726982
726983
726984
726985
726986
726987
726989
726990
726991
726993
726994
726995
726996
726997
726999
727000
727001
727002
727003
727004
727005
727006
727007
727008
727009
727010
727011
727012
727014
727015
727017
727018
727019
727048
727049
727051
727052
727053
727054
727056
727057
727058
727059
727063
727064
727065
727066
727096
727097
727098
727099
727100
727101
727102
727103
727105
727106
727108
727109
727110
727111
727113
727114
727115
727117
727118
727119
727120
727121
727122
727123
727135
727136
727139
727140
727141
727142
727143
727144
727146
727147
727148
727149
727150
727151
727153
727154
727155
727156
727157
727158
727159
727160
727162
727163
727164
727165
727166
727167
727168
727169
727170
727171
727172
727173
727177
727178
727179
727339
727340
727341
727343
727344
727345
727352
727353
727418
727419
727420
727421
727422
727426
727427
727428
727429
727433
727434
727435
727474
727475
727478
727541
727542
727543
727544
727545
727546
727547
727548
727550
727551
727552
727554
727555
727556
727557
727558
727560
727561
727562
727563
727564
727566
727567
727568
727569
727570
727579
727584
727585
727586
727587
727588
727589
727591
727592
727593
727594
727595
727597
727598
727599
727600
727601
727602
727603
727604
727605
727606
727607
727609
727610
727611
727612
727613
727614
727615
727619
727620
727621
727643
727644
727645
727646
727647
727648
727649
727650
727652
727653
727655
727656
727657
727658
727660
727661
727662
727663
727664
727665
727666
727667
727668
727669
727670
727671
727672
727673
727674
727676
727677
727680
727681
727682
727683
727714
727716
727717
727718
727719
727720
727722
727723
727724
727725
727726
727731
727732
727735
727736
727737
728129
728130
728131
728132
728133
728134
728135
728136
728137
728138
728139
728140
728141
728142
728143
728144
728145
728146
728147
728148
728149
728150
728151
728152
728153
728154
728155
728156
728157
728158
728195
728196
728197
728201
728203
728204
728278
728279
728324
728325
728326
728327
728337
728338
728342
728343
728344
728345
728346
728347
728348
728349
728350
728352
728353
728354
728356
728357
728358
728359
728360
728362
728363
728364
728365
728950
728952
728954
728955
728956
728959
728960
728961
728962
728964
728965
728966
728967
728968
728971
728972
728973
728987
728988
728989
728990
728994
728995
728996
728997
728998
729000
729002
729003
729004
729007
729008
729009
729010
729012
729013
729014
729015
729016
729019
729020
729021
729035
729036
729037
729038
729042
729043
729044
729045
729046
729047
729048
729049
729050
729051
729053
729054
729056
729057
729058
729060
729061
729062
729063
729064
729065
729066
729067
729068
729070
729071
729072
729074
729075
729077
729079
729080
729081
729082
729083
729084
729085
729086
729088
729089
729090
729091
729092
729093
729094
729095
729096
729098
729099
729100
729101
729102
729103
729105
729106
729107
729108
729109
729110
729111
729112
729113
729114
729115
729116
729117
729118
729119
729120
729121
729124
729125
729126
729128
729129
729130
729132
729134
729135
729136
729137
729138
729139
729140
729141
729142
729144
729145
729146
729147
729148
729149
729150
729151
729152
729154
729155
729156
729157
729158
729159
729160
729161
729162
729163
729164
729165
729166
729167
729168
729170
729391
729393
729395
729396
729397
729401
729402
729403
729404
729406
729408
729409
729410
729411
729415
729416
729417
729430
729431
729432
729434
729437
729438
729451
729452
729453
729454
729455
729456
729458
729459
729460
729462
729463
729464
729465
729467
729468
729469
729470
729472
729474
729475
729476
729479
729480
729481
729483
729484
729485
729486
729489
729490
729506
729507
729508
729509
729511
729515
729516
729517
729983
729984
730004
730005
730006
730007
730017
730018
730022
730023
730024
730025
730026
730027
730028
730029
730030
730032
730033
730034
730036
730037
730038
730039
730040
730042
730043
730044
730045
730136
730137
730138
730139
730140
730141
730142
730143
730144
730145
730146
730147
730148
730149
730150
730151
730152
730153
730154
730155
730156
730157
730158
730159
730160
730161
730162
730163
730164
730165
730166
730167
730168
730208
730209
730210
730211
730216
730217
730220
730221
730223
730224
730225
730226
730227
730228
730229
730231
730232
730234
730235
730236
730238
730240
730241
730242
730243
730244
730245
730246
730247
730249
730250
730251
730252
730253
730254
730255
730256
730257
730259
730260
730261
730262
730263
730264
730266
730267
730268
730269
730270
730271
730272
730273
730274
730275
730276
730277
730278
730279
730280
730281
730282
730285
730286
730288
730289
730290
730291
730293
730295
730297
730298
730299
730300
730301
730302
730303
730305
730306
730307
730308
730309
730310
730311
730312
730313
730315
730316
730317
730318
730319
730320
730322
730323
730324
730325
730326
730327
730328
730329
730330
730331
730620
730637
730639
730640
730641
730649
730650
730654
730655
730656
730657
730658
730659
730660
730661
730662
730664
730665
730666
730668
730669
730670
730671
730672
730674
730675
730676
730677
730702
730703
730704
730705
730706
730707
730708
730709
730710
730711
730712
730713
730714
730715
730716
730717
730718
730719
730720
730721
730722
730723
730724
730725
730726
730727
730728
730729
730730
730731
730732
730733
730734
730775
730776
730777
730778
730784
730785
730789
730790
730983
730984
730991
730992
731056
731057
731058
731059
731060
731061
731062
731063
731065
731066
731067
731069
731070
731071
731072
731073
731075
731076
731077
731078
731079
731080
731081
731082
731083
731084
731085
731086
731087
731088
731090
731091
731093
731094
731095
731124
731125
731127
731128
731129
731130
731132
731133
731134
731135
731139
731140
731141
731142
731182
731183
731184
731186
731187
731193
731194
731265
731266
731267
731268
731269
731271
731273
731275
731276
731277
731278
731280
731281
731282
731313
731314
731315
731316
731317
731318
731319
731321
731322
731323
731325
731326
731327
731328
731330
731331
731332
731334
731335
731336
731337
731338
731339
731340
731352
731353
731356
731357
731358
731359
731360
731361
731363
731364
731365
731366
731367
731368
731370
731371
731372
731373
731374
731375
731376
731377
731379
731380
731381
731382
731383
731384
731385
731386
731387
731388
731389
731390
731394
731395
731396
731522
731523
731524
731525
731526
731527
731528
731529
731530
731532
731533
731534
731536
731537
731538
731539
731540
731541
731544
731545
731546
731547
731548
731549
731550
731551
731552
731553
731554
731555
731556
731557
731559
731560
731563
731564
731565
731590
731591
731593
731594
731595
731596
731599
731600
731601
731602
731607
731608
731609
731610
731649
731656
731713
731714
731715
731716
731717
731718
731719
731721
731722
731723
731724
731726
731727
731728
731729
731730
731732
731733
731734
731735
731737
731738
731739
731740
731741
731742
731743
731758
731759
731762
731763
731764
731765
731766
731767
731769
731770
731771
731772
731773
731774
731776
731777
731778
731779
731780
731781
731782
731783
731785
731786
731787
731788
731789
731790
731791
731792
731793
731794
731795
731796
731800
731801
731802
731834
731835
731837
731843
731911
731912
731913
731914
731915
731917
731919
731921
731922
731923
731924
731926
731927
731928
732093
732094
732095
732100
732102
732103
732107
732108
732176
732177
732178
732179
732180
732184
732185
732186
732187
732191
732192
732193
732221
732222
732223
732224
732225
732226
732227
732228
732230
732231
732232
732234
732235
732236
732237
732238
732240
732241
732242
732243
732244
732246
732247
732248
732249
732250
732259
732264
732265
732266
732267
732268
732269
732271
732272
732273
732274
732275
732277
732278
732279
732280
732281
732282
732283
732284
732285
732286
732287
732289
732290
732291
732292
732293
732294
732295
732299
732300
732301
732334
732335
732338
732401
732402
732403
732404
732405
732406
732407
732409
732410
732411
732413
732414
732415
732416
732418
732419
732420
732421
732422
732423
732424
732425
732426
732427
732428
732430
732431
732432
732433
732434
732435
732438
732439
732440
732441
732472
732474
732475
732476
732477
732478
732480
732481
732482
732483
732484
732489
732490
732493
732494
732495
732700
732701
732702
732703
732704
732705
732706
732707
732708
732710
732711
732712
732714
732715
732716
732717
732718
732719
732721
732722
732723
732724
732725
732726
732727
732729
732730
732731
732732
732742
732746
732747
732748
732749
732750
732751
732753
732754
732755
732756
732757
732759
732760
732761
732762
732763
732764
732765
732767
732768
732769
732770
732771
732772
732773
732774
732775
732776
732777
732781
732782
732783
732812
732813
732818
732820
732824
732892
732893
732894
732895
732897
732900
732901
732902
732905
732907
732908
732909
732937
732938
732939
732940
732941
732942
732943
732945
732946
732947
732948
732950
732951
732952
732953
732954
732956
732958
732959
732960
732961
732962
732963
732964
732965
732966
732967
732969
732970
732971
732972
732973
732974
732977
732978
732979
732980
733011
733013
733014
733015
733016
733017
733020
733021
733022
733023
733024
733030
733031
733035
733036
733037
733076
733497
733498
733499
733500
733501
733502
733503
733504
733505
733506
733507
733508
733509
733510
733511
733512
733513
733514
733515
733516
733517
733518
733519
733520
733521
733522
733523
733524
733525
733526
733563
733564
733565
733569
733571
733572
733612
733613
733638
733639
733640
733641
733651
733652
733656
733657
733658
733659
733660
733661
733662
733663
733664
733666
733667
733668
733670
733671
733672
733673
733674
733676
733677
733678
733679
733680
733681
733682
733683
733684
733685
733686
733689
733690
733691
733693
733694
733695
733697
733699
733700
733701
733702
733703
733704
733705
733706
733707
733709
733710
733711
733712
733713
733714
733715
733716
733717
733719
733720
733721
733722
733723
733724
733725
733726
733727
733728
733729
733730
733731
733732
733733
733735
733736
733737
733738
733739
733740
733741
733742
733746
733747
733748
733749
733751
733752
733753
733755
733758
733759
733760
733761
733762
733763
733764
733765
733766
733768
733769
733770
733771
733772
733773
733774
733775
733776
733778
733779
733780
733781
733782
733783
733785
733786
733787
733788
733789
733790
733791
733792
733793
733794
734007
734008
734009
734010
734011
734012
734013
734014
734015
734016
734017
734018
734019
734020
734021
734022
734023
734024
734025
734026
734027
734028
734029
734030
734031
734032
734033
734034
734035
734036
734074
734075
734076
734081
734082
734083
734184
734207
734209
734210
734211
734218
734219
734226
734227
734228
734229
734230
734231
734232
734233
734234
734236
734237
734238
734240
734241
734242
734243
734244
734245
734246
734248
734249
734599
734600
734602
734604
734605
734606
734607
734608
734609
734613
734615
734617
734618
734619
734620
734621
734622
734635
734636
734637
734641
734643
734644
734647
734648
734649
734650
734651
734652
734654
734655
734656
734658
734659
734660
734661
734663
734664
734665
734678
734679
734681
734683
734684
734685
734686
734687
734690
734692
734693
734694
734695
734696
734710
734711
734712
734713
734718
734720
734721
734722
734726
734727
734728
734729
734730
734731
734732
734735
734736
734738
734739
734740
734741
734743
734745
734747
734748
734749
734750
734751
734752
734753
734755
734756
734757
734758
734759
734760
734761
734762
734763
734765
734766
734767
734768
734769
734770
734772
734773
734774
734775
734776
734777
734778
734779
734780
734781
734782
734783
734784
734785
734786
734787
734788
734792
734793
734794
734796
734797
734798
734799
734801
734803
734804
734806
734807
734808
734809
734810
734811
734812
734814
734815
734816
734817
734818
734819
734820
734821
734822
734824
734825
734826
734827
734828
734829
734831
734832
734833
734834
734835
734836
734837
734838
734839
734840
735223
735224
735225
735226
735227
735228
735229
735231
735232
735233
735235
735236
735237
735238
735239
735241
735242
735243
735244
735245
735246
735248
735250
735251
735252
735253
735254
735258
735261
735262
735263
735264
735265
735279
735280
735281
735286
735287
735288
735293
735294
735296
735298
735299
735300
735301
735302
735306
735309
735310
735311
735312
735313
735327
735328
735329
735334
735335
735336
735782
735803
735805
735806
735807
735816
735818
735849
735850
735851
735852
735853
735854
735855
735856
735857
735859
735860
735861
735863
735864
735865
735866
735867
735869
735870
735871
735872
735927
735928
735929
735930
735931
735932
735933
735934
735935
735936
735937
735938
735939
735940
735941
735942
735943
735944
735945
735946
735947
735948
735949
735950
735951
735952
735953
735954
735955
735956
735957
735958
735959
736000
736001
736002
736003
736009
736010
736014
736015
736215
736216
736217
736218
736219
736220
736221
736222
736224
736225
736226
736227
736229
736230
736231
736232
736233
736234
736236
736237
736239
736240
736241
736242
736243
736244
736245
736246
736247
736249
736250
736251
736252
736253
736256
736257
736258
736283
736284
736286
736287
736288
736289
736292
736293
736294
736295
736300
736301
736302
736303
736334
736335
736336
736337
736338
736339
736340
736342
736343
736344
736345
736347
736348
736349
736350
736351
736353
736354
736355
736356
736358
736359
736360
736361
736362
736363
736364
736379
736380
736383
736384
736385
736386
736387
736388
736390
736391
736392
736393
736394
736395
736397
736398
736399
736400
736401
736402
736403
736404
736406
736407
736408
736409
736410
736411
736412
736413
736414
736415
736416
736417
736421
736422
736423
736453
736460
736524
736525
736529
736534
736604
736605
736606
736607
736608
736610
736612
736614
736615
736616
736617
736619
736620
736621
736829
736830
736831
736832
736833
736834
736835
736836
736838
736839
736840
736841
736843
736844
736845
736846
736847
736848
736850
736851
736852
736853
736854
736855
736856
736858
736859
736860
736861
736871
736875
736876
736877
736878
736879
736880
736882
736883
736884
736885
736886
736888
736889
736890
736891
736892
736893
736894
736896
736897
736898
736899
736900
736901
736902
736903
736904
736905
736906
736910
736911
736912
736934
736935
736936
736937
736938
736939
736940
736942
736943
736944
736945
736947
736948
736949
736950
736951
736953
736955
736956
736957
736958
736959
736960
736961
736962
736963
736964
736966
736967
736968
736969
736970
736971
736974
736975
736976
736977
737008
737010
737011
737012
737013
737014
737017
737018
737019
737020
737021
737027
737028
737032
737033
737034
737069
737070
737075
737077
737081
737149
737150
737151
737152
737154
737157
737158
737159
737162
737164
737165
737166
737202
737475
737476
737477
737478
737479
737480
737481
737482
737483
737484
737485
737486
737487
737488
737489
737490
737491
737492
737493
737494
737495
737496
737497
737498
737499
737500
737501
737502
737503
737504
737542
737543
737544
737549
737550
737551
737619
737642
737644
737645
737646
737653
737654
737688
737689
737690
737691
737692
737693
737694
737695
737696
737698
737699
737700
737702
737703
737704
737705
737706
737707
737708
737710
737711
739027
739028
739029
739030
739048
739049
739058
739059
739060
739432
739434
739439
739442
739443
739444
739501
739502
739503
739504
739505
739506
739507
739508
739509
739510
739511
739512
739513
739514
739515
739516
739517
739518
739519
739520
739521
739522
739523
739524
739525
739526
739527
739528
739529
739530
739531
739532
739533
739534
739535
739699
739700
739701
739702
739703
739704
739705
739706
739707
739708
739709
739710
739711
739712
739713
739714
739715
739716
739717
739718
739719
739720
739721
739722
739723
739724
739725
739726
739727
739728
739729
739730
739731
739732
739733
739791
739793
739794
739800
739803
739804
739805
740131
740133
740134
740135
740147
740148
740163
740164
740972
740973
740974
740995
740996
740997
741120
741121
741122
741186
741187
741188
741189
741198
741199
741200
741205
741206
741207
741208
741209
741210
741211
741212
741213
741214
741215
741216
741217
741218
741219
741220
741221
741222
741223
741224
741225
741226
741227
741228
741229
741230
741231
741232
741233
741234
741235
741236
741237
741238
741239
741240
741241
741242
741243
741244
741245
741246
741247
741248
741249
741250
741251
741252
741253
741254
741255
741256
741257
741258
741259
741260
741261
741262
741263
741264
741265
741266
741267
741268
741269
741270
741271
741272
741273
741274
741275
741277
741279
741280
741281
741290
741293
741294
741297
741298
741299
741458
741459
741460
741614
741615
741616
741638
741639
741640
741706
741707
741708
741709
741724
741725
741734
741735
741736
741930
741931
741932
742133
742134
742135
742186
742187
742188
742189
742204
742205
742214
742215
742358
742360
742365
742368
742369
742370
742482
742483
742484
742485
742486
742487
742488
742489
742490
742491
742492
742493
742494
742495
742496
742497
742498
742499
742500
742501
742502
742503
742504
742505
742506
742507
742508
742509
742510
742511
742512
742513
742514
742515
742516
742685
742686
742687
742688
742697
742698
742699
742704
742705
742706
742707
742708
742709
742710
742711
742712
742713
742714
742715
742716
742717
742718
742719
742720
742721
742722
742723
742724
742725
742726
742727
742728
742729
742730
742731
742732
742733
742734
742735
742736
742737
742738
742739
742740
742741
742744
742745
742746
742757
742760
742761
742762
742763
742764
742771
742772
742773
742774
742775
742776
742777
742778
742779
742780
742781
742782
742783
742784
742785
742786
742787
742788
742789
742790
742791
742792
742793
742794
742795
742796
742797
742798
742799
742800
742801
742802
742803
742804
742805
742806
742807
742808
742809
742810
742811
742812
742813
742814
742815
742816
742817
742818
742819
742820
742821
742822
742823
742824
742825
742826
742827
742828
742829
742830
742831
742832
742833
742834
742835
742836
742837
742838
742839
743100
743101
743102
743103
743104
743105
743106
743107
743108
743109
743110
743111
743112
743113
743114
743115
743116
743117
743118
743119
743120
743121
743122
743123
743124
743125
743126
743127
743128
743129
743130
743131
743132
743133
743134
743192
743194
743195
743196
743199
743205
743206
743361
743362
743363
743364
743365
743366
743367
743368
743369
743370
743371
743372
743373
743374
743375
743376
743377
743378
743379
743380
743381
743382
743383
743384
743385
743386
743387
743388
743389
743390
743391
743392
743393
743394
743396
743398
743399
743400
743409
743412
743413
743416
743417
743418
743422
743423
743424
743425
743426
743427
743428
743429
743430
743431
743432
743433
743434
743435
743436
743437
743438
743439
743440
743441
743442
743443
743444
743445
743446
743447
743448
743449
743450
743451
743452
743453
743454
743455
743456
743459
743460
743461
743472
743475
743476
743477
743478
743479
743592
743594
743595
743598
743603
743604
743758
743760
743761
743762
743774
743775
743790
743791
744031
744032
744033
744237
744238
744239
744507
744508
744509
744531
744532
744533
744723
744724
744725
744769
744772
744773
744774
744785
744788
744789
744790
744791
744792
744799
744800
744801
744802
744803
744804
744805
744806
744807
744808
744809
744810
744811
744812
744813
744814
744815
744816
744817
744818
744819
744820
744821
744822
744823
744824
744825
744826
744827
744828
744829
744830
744831
744832
744833
744834
744835
744836
744837
744838
744839
744840
744841
744842
744843
744844
744845
744846
744847
744848
744849
744850
744851
744852
744853
744854
744855
744856
744857
744858
744859
744860
744861
744862
744863
744864
744865
744866
744867
744870
744871
744872
744883
744886
744887
744888
744889
744890
745088
745089
745090
745274
745275
745276
745300
745301
745302
745596
745597
745598
745599
745617
745618
745627
745628
746030
746031
746032
746033
746034
746035
746036
746037
746038
746039
746040
746041
746042
746043
746044
746045
746046
746047
746048
746049
746050
746051
746052
746053
746054
746055
746056
746057
746058
746059
746060
746061
746062
746063
746064
746337
746339
746340
746343
746348
746349
747791
747792
747793
747794
747801
747802
747815
747816
747817
747818
747828
747829
748204
748205
748206
748334
748335
748338
748345
748346
748347
748348
748349
748355
748356
748357
748358
748359
748391
748392
748393
748394
748395
748396
748397
748398
748399
748400
748401
748402
748403
748404
748405
748406
748407
748408
748409
748410
748411
748412
748413
748414
748415
748416
748417
748418
748446
748447
748449
748451
748454
748455
748456
748461
748466
748467
748468
748469
748470
748471
748472
748473
748474
748475
748476
748477
748478
748479
748480
748481
748482
748483
748484
748485
748486
748487
748488
748489
748648
748649
748650
748697
748698
748699
748700
748701
748702
748703
748704
748705
748706
748707
748708
748709
748710
748711
748712
748713
748714
748715
748716
748717
748718
748719
748720
748721
748746
748747
748749
748751
748754
748755
748756
748757
748763
748764
748769
748770
748771
748772
748773
748774
748775
748776
748777
748778
748779
748780
748781
748782
748783
748784
748785
748786
748787
748788
748789
748790
748791
748792
748847
748848
748851
748858
748859
748860
748861
748866
748867
748868
748869
749294
749295
749296
749297
749304
749305
749318
749319
749320
749321
749331
749332
749473
749474
749475
749486
749487
749488
749508
749509
749510
749511
749512
749513
749514
749515
749516
749517
749518
749519
749520
749521
749522
749523
749524
749525
749526
749527
749528
749529
749530
749531
749532
749533
749534
749535
749536
749537
749538
749539
749540
749541
749542
749543
749544
749545
749546
749547
749548
749549
749550
749551
749552
749553
749554
749555
749556
749557
749558
749559
749560
749561
749562
749563
749564
749565
749566
749567
749568
749569
749570
749571
749572
749577
749578
749580
749581
749582
749583
749584
749589
749592
749593
749594
749595
749600
749601
749602
749603
749604
749605
749606
749607
749608
749609
749610
749611
749612
749613
749614
749615
749616
749617
749618
749619
749620
749621
749622
749623
749624
749625
749626
749627
749628
749629
749630
749631
749632
749633
749634
749635
749636
749637
749638
749639
749640
749641
749642
749643
749644
749645
749646
749647
749648
749649
749650
749651
749652
749653
749654
749655
749656
749657
749658
749659
749660
749661
749662
749663
749664
749669
749670
749672
749673
749674
749675
749676
749681
749684
749685
749686
749687
749692
749693
749694
749695
749696
749697
749698
749699
749700
749701
749702
749703
749704
749705
749706
749707
749708
749709
749710
749711
749712
749713
749714
749715
749716
749717
749718
749719
749720
749721
749722
749723
749724
749725
749726
749727
749728
749729
749730
749731
749732
749733
749734
749735
749736
749737
749738
749739
749740
749741
749742
749743
749744
749745
749746
749747
749748
749749
749750
749751
749752
749753
749757
749758
749760
749761
749762
749763
749764
749765
749766
749771
749773
749774
749775
749776
749799
749800
749801
749869
749870
749888
749889
749890
749891
749892
749893
749894
749895
749896
749897
749898
749899
749900
749901
749902
749903
749904
749905
749906
749907
749908
749909
749910
749911
749912
749913
749914
749915
749916
749917
749918
749919
749920
749921
749922
749923
749924
749925
749926
749927
749928
749929
749930
749931
749932
749933
749934
749935
749936
749937
749938
749939
749940
749941
749942
749943
749944
749945
749946
749947
749948
749949
749950
749951
749952
749957
749958
749960
749961
749962
749963
749964
749969
749972
749973
749974
749975
750076
750077
750078
750079
750086
750087
750099
750101
750102
750103
750110
750111
750401
750402
750403
750447
750448
750451
750458
750459
750460
750461
750462
750468
750469
750470
750471
750472
750561
750562
750563
750564
750565
750566
750567
750568
750569
750570
750571
750572
750573
750574
750575
750576
750577
750578
750579
750580
750581
750582
750583
750584
750585
750586
750587
750588
750589
750590
750592
750594
750597
750598
750599
750604
750636
750637
750638
750639
750640
750641
750642
750643
750644
750645
750646
750647
750648
750649
750650
750651
750652
750653
750654
750655
750656
750657
750658
750659
750843
750845
750847
750854
750855
750856
750857
750858
750864
750865
750866
750870
750871
750935
750936
750937
750981
750982
750983
750984
750985
750986
750987
750988
750989
750990
750991
750992
750993
750994
750995
750996
750997
750998
750999
751000
751001
751002
751003
751004
751005
751006
751007
751008
751009
751010
751012
751014
751017
751018
751019
751024
751059
751060
751061
751062
751063
751064
751065
751066
751067
751068
751069
751070
751071
751072
751073
751074
751075
751076
751077
751078
751079
751080
751081
751082
751326
751327
751328
751329
751330
751331
751332
751333
751334
751335
751336
751337
751338
751339
751340
751341
751342
751343
751344
751345
751346
751347
751348
751349
751350
751375
751376
751378
751380
751383
751384
751385
751386
751392
751393
751398
751399
751400
751401
751402
751403
751404
751405
751406
751407
751408
751409
751410
751411
751412
751413
751414
751415
751416
751417
751418
751419
751420
751421
751457
751458
751459
751506
751507
751510
751517
751518
751519
751520
751525
751526
751527
751528
751686
751687
751688
751689
751690
751691
751692
751693
751694
751695
751696
751697
751698
751699
751700
751701
751702
751703
751704
751705
751706
751707
751708
751709
751710
751735
751737
751738
751740
751742
751743
751744
751745
751750
751753
751755
751756
751757
751758
751759
751760
751761
751762
751763
751764
751765
751766
751767
751768
751769
751770
751771
751772
751773
751774
751775
751776
751777
751778
751830
751831
751834
751841
751842
751843
751844
751849
751850
751851
751852
751892
751893
751894
752217
752218
752219
752220
752221
752222
752223
752224
752225
752226
752227
752228
752229
752230
752231
752232
752233
752234
752235
752236
752237
752238
752239
752240
752241
752242
752243
752244
752245
752246
752247
752248
752249
752250
752251
752252
752253
752254
752255
752256
752257
752258
752259
752260
752261
752262
752263
752264
752265
752266
752267
752268
752269
752270
752271
752272
752273
752274
752275
752276
752277
752278
752282
752283
752285
752286
752287
752288
752289
752290
752291
752292
752294
752295
752300
752301
752324
752325
752326
752337
752338
752356
752357
752358
752359
752360
752361
752362
752363
752364
752365
752366
752367
752368
752369
752370
752371
752372
752373
752374
752375
752376
752377
752378
752379
752380
752381
752382
752383
752384
752385
752386
752387
752388
752389
752390
752391
752392
752393
752394
752395
752396
752397
752398
752399
752400
752401
752402
752403
752404
752405
752406
752407
752408
752409
752410
752411
752412
752413
752414
752415
752416
752417
752418
752419
752420
752425
752426
752428
752429
752430
752431
752432
752433
752436
752437
752442
752443
752448
752449
752450
752451
752452
752453
752454
752455
752456
752457
752458
752459
752460
752461
752462
752463
752464
752465
752466
752467
752468
752469
752470
752471
752472
752473
752474
752475
752476
752477
752478
752479
752480
752481
752482
752483
752484
752485
752486
752487
752488
752489
752490
752491
752492
752493
752494
752495
752496
752497
752498
752499
752500
752501
752502
752503
752504
752505
752506
752507
752508
752509
752510
752511
752512
752517
752518
752520
752521
752522
752523
752524
752525
752526
752529
752530
752536
752537
752543
752544
752545
752546
752547
752548
752549
752550
752551
752552
752553
752554
752555
752556
752557
752558
752559
752560
752561
752562
752563
752564
752565
752566
752567
752568
752569
752570
752571
752572
752573
752574
752575
752576
752577
752578
752579
752580
752581
752582
752583
752584
752585
752586
752587
752588
752589
752590
752591
752592
752593
752594
752595
752596
752597
752598
752599
752600
752601
752602
752603
752604
752605
752606
752607
752612
752613
752615
752616
752617
752618
752619
752620
752621
752624
752625
752631
752632
752657
752658
752659
752732
752786
752788
752789
752790
752797
752798
752816
752818
752819
752820
752827
752828
753190
753191
753192
753193
753202
753203
753217
753219
753220
753221
753228
753229
753496
753498
753500
753507
753508
753509
753510
753511
753517
753518
753519
753523
753524
753580
753581
753582
753583
753584
753585
753586
753587
753588
753589
753590
753591
753592
753593
753594
753595
753596
753597
753598
753599
753600
753601
753602
753603
753604
753605
753606
753607
753608
753609
753611
753613
753616
753617
753618
753623
753658
753659
753660
753661
753662
753663
753664
753665
753666
753667
753668
753669
753670
753671
753672
753673
753674
753675
753676
753677
753678
753679
753680
753681
753717
753718
753719
753919
753920
753921
753922
753923
753924
753925
753926
753927
753928
753929
753930
753931
753932
753933
753934
753935
753936
753937
753938
753939
753940
753941
753942
753943
753944
753946
753947
753949
753951
753952
753953
753954
753959
753962
753964
753965
753966
753967
753968
753969
753970
753971
753972
753973
753974
753975
753976
753977
753978
753979
753980
753981
753982
753983
753984
753985
753986
753987
753988
753989
753992
753999
754000
754001
754002
754007
754008
754009
754010
754110
754111
754112
754243
754245
754246
754247
754254
754255
754273
754275
754276
754277
754284
754285
756591
756593
756594
756595
756596
756598
756835
756837
756838
756839
756840
756842
757259
757261
757262
757263
757264
757266
760011
760013
760014
760015
760016
760018
760267
760269
760270
760271
760273
760274
760523
760525
760526
760527
760529
760530
773138
773139
773140
773141
773142
773143
773144
773145
773146
773147
773148
773149
773150
773151
773152
773153
773154
773155
773156
773157
773158
773159
773160
773161
773162
773163
773164
773165
773166
773277
773278
773279
773305
773306
773307
773389
773390
773391
773392
773393
773394
773395
773396
773397
773398
773399
773400
773401
773402
773403
773404
773405
773406
773407
773408
773409
773410
773411
773412
773413
773414
773415
773416
773417
773418
773420
773421
773422
773423
773439
773440
773441
773446
773447
773497
773498
773499
773523
773524
773525
773595
773597
773598
773599
773600
773616
773617
773618
773623
773624
773674
773675
773676
773700
773701
773702
773927
773928
773929
773970
773971
773978
773979
774028
774030
774031
774032
774038
774039
774257
774258
774259
774326
774327
774330
774331
774384
774386
774387
774388
774394
774395
774702
774703
774704
775022
775023
775024
775025
775026
775028
775029
775030
775032
775039
775041
775042
775057
775058
775059
775060
775061
775063
775064
775065
775067
775222
775223
775224
775225
775227
775228
775229
775230
775237
775239
775240
775249
775250
775252
775267
775268
775269
775270
775271
775273
775274
775275
775277
775289
775290
775291
775292
775294
775295
775296
775297
775298
775306
775307
775309
775310
775326
775327
775328
775329
775337
775338
775339
775340
775342
775344
775345
775468
775470
775471
775486
775487
775488
775489
775490
775492
775493
775494
775496
775533
775534
775535
775536
775537
775539
775540
775541
775543
775698
775699
775700
775701
775703
775704
775705
775706
775713
775715
775716
775839
775840
775842
775857
775858
775859
775860
775861
775863
775864
775865
775867
775879
775880
775881
775882
775884
775885
775886
775887
775888
775896
775897
775899
775900
775916
775917
775918
775919
775927
775928
775929
775930
775932
775934
775935
776058
776059
776061
776062
776078
776079
776080
776081
776083
776084
776085
776087
776093
776094
776096
776097
776113
776114
776115
776116
776118
776119
776120
776122
776132
776133
776135
776136
776137
776139
776152
776153
776154
825383
825384
825385
825386
825387
825388
825389
825390
825391
825392
825393
825394
825397
825399
825400
825401
825721
825722
825723
825724
825725
825726
825727
825728
825729
825730
825731
825732
825735
825737
825738
825739
826419
826420
826421
826482
826483
826484
827080
827081
827082
827083
827084
827085
827086
827087
827088
827089
827090
827091
827094
827095
827096
827098
827119
827120
827121
827139
827140
827141
827205
827206
827207
827231
827232
827233
827419
827420
827421
827422
827423
827424
827425
827426
827427
827428
827429
827430
827433
827434
827435
827437
828109
828110
828111
828112
828113
828114
828115
828116
828117
828118
828119
828120
828123
828125
828126
828127
828329
828330
828331
828352
828353
828354
828418
828419
828420
828444
828445
828446
828547
828548
828549
828550
828551
828552
828555
828556
828557
828558
828559
828560
828561
828563
828564
828565
829118
829119
829120
829184
829185
829186
829713
829714
829715
829716
829717
829718
829719
829720
829721
829722
829723
829724
829727
829728
829729
829731
830184
830185
830186
830187
830188
830189
830192
830193
830194
830195
830196
830197
830198
830199
830200
830202
830759
830760
830761
830785
830786
830787
830822
830824
830825
830826
830827
830841
830842
830847
830848
830974
830975
830976
831060
831061
831084
831086
831087
831088
831089
831105
831106
831107
831112
831113
831158
831159
831160
831237
831238
831392
831393
831394
831416
831417
831675
831676
831677
831678
831691
831692
831752
831753
831754
831755
831766
831767
831848
831849
831850
831851
831852
831859
831860
831861
831862
831863
831864
831865
831866
831867
831868
831869
831870
831871
831872
831873
831874
831875
831876
831877
831878
831879
831880
831881
831882
831883
831884
831885
831886
831887
831888
831889
831890
831891
831942
831943
831944
831945
831946
831953
831954
831955
831956
831990
831991
831992
831993
832001
832002
832062
832063
832064
832065
832070
832071
832224
832225
832226
832250
832251
832252
832299
832300
832301
832302
832315
832316
832376
832377
832378
832379
832390
832391
832440
832441
832442
832463
832464
832465
832523
832524
832525
832526
832539
832540
832603
832604
832605
832606
832617
832618
832702
832703
832727
832728
832729
832761
832763
832764
832765
832766
832780
832781
832786
832787
832908
832909
832910
832981
832982
833067
833068
833069
833070
833071
833078
833079
833080
833081
833082
833083
833084
833085
833086
833087
833088
833089
833090
833091
833092
833093
833094
833095
833096
833097
833098
833099
833100
833101
833102
833103
833104
833105
833106
833107
833108
833109
833110
833164
833165
833166
833167
833168
833178
833179
833180
833181
833293
833294
833295
833366
833367
833408
833410
833411
833412
833413
833429
833430
833431
833436
833437
833482
833483
833484
833561
833562
833667
833668
833669
833670
833671
833672
833673
833674
833675
833676
833677
833678
833679
833680
833681
833682
833683
833684
833685
833686
833687
833688
833689
833690
833691
833692
833693
833694
833695
833746
833747
833748
833749
833750
833757
833758
833759
833760
833761
833762
833763
833764
833765
833766
833767
833768
833769
833770
833771
833772
833773
833774
833775
833776
833777
833778
833779
833780
833781
833782
833783
833784
833785
833786
833787
833788
833789
833846
833847
833848
833849
833850
833860
833861
833862
833863
833864
833866
833867
833868
833869
833883
833884
833889
833890
833935
833936
833937
834026
834027
834157
834158
834159
834181
834182
834252
834253
834254
834299
834300
834301
834336
834337
834338
834339
834349
834350
834387
834388
834389
834390
834395
834396
834463
834464
834465
834514
834515
834516
834549
834550
834551
834552
834567
834568
834605
834606
834607
834608
834619
834620
834866
834867
834868
834916
834917
834918
834919
834934
834935
834975
834976
834977
834978
834989
834990
835053
835054
835055
835056
835057
835058
835059
835060
835061
835062
835063
835064
835065
835066
835067
835068
835069
835070
835071
835072
835073
835074
835075
835076
835077
835078
835079
835080
835081
835135
835136
835137
835138
835139
835149
835150
835151
835152
835153
835154
835155
835156
835157
835158
835159
835160
835161
835162
835163
835164
835165
835166
835167
835168
835169
835170
835171
835172
835173
835174
835175
835176
835177
835178
835179
835180
835181
835238
835239
835240
835241
835242
835252
835253
835254
835255
835263
835264
835265
835331
835332
835333
835334
835349
835350
835387
835388
835389
835390
835401
835402
835727
835728
835752
835753
835754
835897
835898
835899
835970
835971
836012
836014
836015
836016
836017
836031
836032
836037
836038
836079
836080
836081
836159
836160
836829
836830
836831
837165
837167
837168
837169
837174
837175
837255
837256
837257
837258
837259
837260
837261
837267
837268
837269
837271
837283
837284
837285
837301
837302
837303
837304
837305
837306
837307
837308
837309
837351
837352
837353
837354
837355
837356
837357
837358
837359
837360
837361
837363
837364
837367
837368
837369
837372
837373
837374
837377
837378
837391
837392
837398
837399
837400
837402
837403
837404
837405
837406
837414
837415
837416
837417
837418
837419
837420
837422
837423
837424
837425
837426
837427
837429
837433
837445
837513
837514
837515
837565
837566
837573
837574
837596
837597
837598
837599
837600
837601
837602
837603
837604
837605
837606
837608
837609
837612
837613
837614
837617
837618
837619
837622
837623
837634
837640
837641
837642
837644
837645
837646
837647
837648
837656
837657
837658
837659
837660
837661
837662
837664
837665
837666
837667
837672
837684
837721
837723
837724
837725
837726
837727
837728
837736
837737
837738
837740
837752
837753
837754
837770
837771
837772
837773
837774
837775
837776
837777
837778
838040
838041
838042
838328
838329
838330
838331
838332
838333
838334
838335
838336
838337
838338
838339
838340
838341
838342
838343
838346
838347
838348
838349
838350
838351
838352
838353
838354
838355
838356
838357
838358
838359
838362
838363
838391
838392
838393
838398
838399
838400
838402
838407
838408
838410
838412
838414
838422
838426
838428
838430
838441
838442
838443
838444
838445
838446
838447
838448
838449
838450
838451
838452
838453
838454
838455
838456
838457
838460
838461
838462
838463
838464
838465
838466
838467
838468
838469
838470
838471
838472
838473
838476
838477
838502
838503
838504
838509
838510
838511
838513
838518
838519
838521
838523
838525
838533
838537
838539
838541
838552
838553
838554
838555
838556
838557
838558
838559
838560
838561
838562
838563
838564
838565
838566
838567
838568
838569
838570
838571
838572
838573
838574
838575
838576
838577
838578
838579
838580
838581
838582
838583
838584
838585
838586
838587
838588
838589
838590
838591
838592
838593
838594
838595
838596
838597
838598
838599
838600
838601
838602
838603
838604
838605
838606
838607
838608
838609
838610
838611
838612
838613
838614
838615
838618
838619
838620
838621
838622
838623
838624
838625
838626
838627
838628
838629
838630
838631
838634
838635
838660
838661
838662
838666
838667
838668
838670
838673
838674
838677
838679
838681
838692
838694
838696
838698
838706
838790
838791
838792
838793
838794
838795
838796
838797
838798
838799
838800
838801
838802
838803
838804
838805
838806
838807
838808
838809
838810
838811
838812
838813
838814
838815
838816
838817
838818
838819
838820
838821
838822
838823
838824
838825
838826
838827
838828
838829
838830
838831
838832
838833
838834
838835
838836
838837
838838
838839
838840
838841
838842
838843
838844
838845
838846
838847
838848
838849
838850
838851
838852
838855
838856
838857
838858
838859
838860
838861
838862
838864
838865
838866
838867
838868
838869
838874
838875
838903
838904
838905
838910
838911
838912
838914
838919
838920
838922
838924
838926
838937
838941
838943
838945
838956
839268
839270
839271
839272
839277
839278
839358
839359
839360
839361
839362
839363
839364
839370
839371
839372
839374
839386
839387
839388
839404
839405
839406
839407
839408
839409
839410
839411
839412
839454
839455
839456
839457
839458
839459
839460
839461
839462
839463
839464
839466
839467
839469
839471
839472
839473
839474
839478
839479
839480
839482
839483
839484
839485
839486
839494
839495
839496
839499
839500
839513
839514
839519
839520
839521
839522
839523
839525
839526
839527
839528
839529
839530
839532
839535
839547
839589
839590
839591
839671
839672
839675
839676
839708
839710
839711
839712
839718
839719
839809
839810
839811
839812
839813
839814
839815
839821
839822
839823
839825
839837
839838
839839
839855
839856
839857
839858
839859
839860
839861
839862
839863
839902
839903
839904
839905
839906
839907
839908
839909
839910
839911
839912
839914
839915
839917
839919
839920
839921
839922
839926
839927
839928
839930
839931
839932
839933
839934
839942
839943
839944
839947
839948
839961
839962
839967
839968
839969
839970
839971
839973
839974
839975
839976
839977
839978
839980
839983
839995
840182
840183
840184
840234
840235
840242
840243
840265
840266
840267
840268
840269
840270
840271
840272
840273
840274
840275
840277
840278
840281
840282
840283
840286
840287
840288
840291
840292
840303
840309
840310
840311
840313
840314
840315
840316
840317
840325
840326
840327
840328
840329
840330
840331
840333
840334
840335
840336
840341
840353
840390
840392
840393
840394
840395
840396
840397
840405
840406
840407
840409
840421
840422
840423
840439
840440
840441
840442
840443
840444
840445
840446
840447
840504
840506
840507
840508
840510
840511
840618
840619
840620
840661
840662
840669
840670
840710
840711
840712
840713
840714
840715
840716
840717
840718
840719
840722
840723
840724
840725
840727
840729
840731
840732
840734
840736
840737
840749
840754
840755
840756
840758
840759
840760
840761
840762
840770
840771
840774
840786
840787
840788
840789
840790
840791
840793
840794
840795
840796
840835
840837
840838
840839
840840
840841
840842
840850
840851
840852
840854
840866
840867
840868
840884
840885
840886
840887
840888
840889
840890
840891
840892
841090
841091
841092
841093
841094
841095
841096
841097
841098
841099
841100
841101
841102
841103
841104
841105
841106
841109
841110
841111
841112
841113
841114
841115
841116
841117
841118
841119
841120
841121
841124
841125
841127
841128
841129
841133
841134
841135
841137
841140
841141
841166
841168
841171
841181
841184
841186
841188
841196
841198
841199
841200
841201
841202
841203
841204
841205
841206
841207
841208
841209
841210
841211
841212
841213
841214
841215
841216
841217
841218
841219
841220
841221
841222
841223
841224
841225
841226
841227
841228
841229
841230
841231
841232
841233
841234
841235
841236
841237
841238
841239
841240
841241
841242
841243
841244
841245
841246
841247
841248
841249
841250
841251
841252
841253
841254
841255
841256
841257
841258
841259
841260
841261
841264
841265
841266
841267
841268
841269
841270
841272
841273
841274
841275
841276
841277
841282
841283
841285
841286
841287
841292
841293
841294
841296
841301
841302
841330
841332
841334
841345
841348
841350
841353
841363
841365
841366
841367
841368
841369
841370
841371
841372
841373
841374
841375
841376
841377
841378
841379
841380
841381
841382
841383
841384
841385
841386
841387
841388
841389
841390
841391
841392
841393
841394
841395
841396
841397
841398
841399
841400
841401
841402
841403
841404
841405
841406
841407
841408
841409
841410
841411
841412
841413
841414
841415
841416
841417
841418
841419
841420
841421
841422
841423
841424
841425
841428
841429
841430
841431
841432
841433
841434
841436
841437
841438
841439
841440
841441
841446
841447
841449
841450
841451
841456
841457
841458
841460
841465
841466
841494
841496
841498
841509
841512
841514
841517
841527
841529
841530
841531
841532
841533
841534
841535
841536
841537
841538
841539
841540
841541
841542
841543
841544
841545
841548
841549
841550
841551
841552
841553
841554
841556
841557
841558
841559
841560
841561
841566
841567
841569
841570
841571
841576
841577
841578
841580
841585
841586
841614
841616
841618
841629
841632
841634
841637
841647
842002
842003
842004
842344
842345
842346
842426
842427
842430
842431
842463
842465
842466
842467
842473
842474
842564
842565
842566
842567
842568
842569
842570
842576
842577
842578
842580
842592
842593
842594
842610
842611
842612
842613
842614
842615
842616
842617
842618
842657
842658
842659
842660
842661
842662
842663
842664
842665
842666
842667
842669
842670
842672
842674
842675
842676
842677
842681
842682
842683
842685
842686
842687
842688
842689
842697
842698
842699
842702
842703
842716
842717
842722
842723
842724
842725
842726
842728
842729
842730
842731
842732
842733
842735
842738
842750
842764
842766
842767
842768
842770
842771
842855
842856
842857
842921
842922
842925
842926
842970
842971
842972
842973
842974
842975
842976
842977
842978
842979
842981
842983
842984
842985
842987
842988
842989
842991
842994
842995
842996
842998
842999
843000
843001
843002
843010
843011
843013
843015
843016
843028
843033
843045
843047
843048
843049
843050
843051
843053
843054
843055
843056
843095
843097
843098
843099
843100
843101
843102
843110
843111
843112
843114
843126
843127
843128
843144
843145
843146
843147
843148
843149
843150
843151
843152
844373
844374
844376
844377
844393
844394
844395
844396
844398
844399
844400
844402
844408
844409
844411
844412
844428
844429
844430
844431
844433
844434
844435
844437
844447
844449
844450
844452
844465
844466
844605
844606
844608
844609
844625
844626
844627
844628
844630
844631
844632
844634
844640
844641
844643
844644
844660
844661
844662
844664
844670
844671
844672
844674
844679
844681
844682
844684
844697
844698
845400
845401
845403
845404
845420
845421
845422
845423
845425
845426
845427
845429
845435
845436
845438
845439
845455
845456
845457
845459
845465
845466
845467
845469
845474
845476
845477
845479
845492
845493
899867
899869
899870
899878
899880
899881
899890
899891
899892
900094
900097
900098
900108
900111
900112
900113
900114
900115
900120
900123
900124
900134
900137
900138
900139
900140
900141
900469
900472
900473
900480
900481
900482
900489
900490
900491
900497
900499
900500
900512
900514
900515
900522
900523
900524
900672
900673
900674
900688
900690
900691
900692
900698
900699
900714
900716
900717
900718
900725
900726
901184
901186
901187
901188
901195
901196
901353
901355
901356
901357
901358
901359
901458
901459
901460
901462
901463
901464
901474
901475
901478
901480
901482
901498
901499
901500
901505
901506
901513
901514
901515
901516
901517
901518
901742
901744
901745
901746
901748
901755
901756
901819
901822
901824
901825
901830
901853
901854
901855
901856
901867
901868
901869
901874
901875
901877
901885
901886
901887
901899
901900
901901
901970
901973
901974
901975
901976
902108
902109
902110
902111
902112
902128
902129
902130
902131
902133
902135
902136
902137
902144
902145
902148
902150
902153
902154
902164
902167
902168
902169
902170
902171
902176
902179
902180
902190
902193
902194
902195
902196
902197
902404
902405
902406
902407
902415
902416
902543
902544
902545
902981
902982
902983
903008
903009
903010
903354
903356
903357
903358
903370
903371
903525
903527
903528
903529
903533
903534
903572
903573
903574
903576
903577
903578
903588
903589
903592
903594
903596
903612
903613
903614
903619
903620
903627
903628
903629
903630
903631
903632
903868
903870
903871
903872
903874
903881
903882
903945
903948
903950
903951
903956
903978
903980
903981
903982
903988
903989
903990
903997
903998
904003
904010
904012
904013
904023
904024
904025
904084
904087
904088
904089
904090
904106
904107
904108
904109
904110
904126
904127
904128
904129
904131
904133
904134
904135
904142
904143
904146
904451
904452
904453
904454
904462
904463
904686
904687
904688
905705
905707
905708
905709
905729
905730
905741
905742
905743
905755
905756
905757
905829
905832
905834
905835
905840
906065
906066
906074
906075
906076
906077
906083
906084
906085
906130
906131
906160
906161
906162
906169
906170
906230
906231
906232
906234
906243
906339
906340
906345
906347
906380
906381
906382
906484
906485
906668
906669
906670
906679
906681
906682
906686
906687
906688
906691
906692
906693
906709
906710
906711
906857
906858
906859
906860
906863
906864
906965
906966
906967
906968
906971
906972
907096
907097
907098
907099
907100
907101
907102
907103
907104
907105
907106
907107
907108
907109
907110
907111
907112
907113
907114
907115
907116
907117
907118
907119
907120
907121
907122
907123
907124
907125
907126
907127
907128
907129
907130
907131
907132
907133
907134
907135
907136
907137
907138
907139
907140
907141
907142
907143
907144
907145
907146
907147
907148
907149
907150
907151
907152
907153
907154
907155
907156
907157
907158
907159
907160
907161
907162
907163
907164
907165
907166
907167
907168
907169
907170
907171
907172
907173
907174
907175
907176
907177
907178
907179
907180
907181
907182
907183
907184
907185
907186
907187
907188
907189
907190
907191
907192
907193
907194
907195
907196
907197
907198
907199
907200
907201
907202
907203
907204
907205
907206
907207
907208
907209
907210
907211
907212
907213
907214
907215
907216
907217
907218
907219
907220
907221
907226
907227
907228
907229
907230
907231
907232
907233
907234
907235
907236
907237
907238
907239
907240
907241
907242
907243
907244
907245
907246
907247
907248
907249
907250
907251
907252
907253
907254
907255
907256
907257
907258
907259
907260
907261
907262
907263
907264
907265
907266
907267
907268
907269
907270
907271
907272
907273
907274
907275
907276
907277
907278
907279
907280
907281
907282
907283
907284
907285
907286
907287
907288
907289
907290
907291
907292
907293
907294
907295
907296
907297
907310
907311
907312
907360
907361
907362
907465
907466
907467
907545
907546
907547
907569
907570
907571
907612
907615
907616
907617
907634
907635
907649
907650
907651
907663
907664
907665
907737
907740
907742
907743
907748
907850
907851
907859
907860
907861
907862
907868
907869
907870
907915
907916
908058
908059
908060
908061
908062
908063
908064
908065
908066
908067
908068
908069
908070
908071
908072
908073
908074
908075
908076
908077
908078
908079
908080
908081
908082
908083
908084
908085
908089
908090
908091
908092
908093
908094
908095
908096
908097
908098
908099
908100
908101
908102
908103
908104
908105
908106
908107
908108
908109
908110
908111
908112
908113
908114
908115
908116
908117
908118
908119
908120
908121
908122
908123
908124
908125
908126
908127
908128
908129
908130
908131
908132
908133
908134
908135
908136
908137
908138
908139
908140
908141
908142
908143
908144
908145
908146
908147
908148
908149
908150
908151
908152
908153
908154
908155
908156
908157
908158
908159
908160
908161
908162
908163
908164
908165
908166
908167
908168
908169
908170
908171
908172
908173
908174
908175
908176
908177
908178
908179
908180
908181
908182
908183
908184
908185
908186
908187
908188
908189
908194
908195
908196
908197
908198
908199
908200
908201
908202
908203
908204
908205
908206
908207
908208
908209
908210
908211
908212
908213
908214
908215
908216
908217
908218
908219
908220
908221
908222
908223
908224
908225
908226
908227
908228
908229
908230
908231
908232
908233
908234
908235
908236
908237
908238
908239
908240
908241
908242
908243
908244
908245
908246
908247
908248
908249
908250
908251
908252
908253
908254
908255
908256
908257
908258
908259
908260
908261
908262
908263
908264
908265
908298
908299
908300
908307
908308
908363
908364
908365
908371
908378
908462
908463
908468
908470
908518
908519
908520
908622
908623
908650
908651
908652
908653
908654
908655
908656
908657
908658
908659
908660
908661
908662
908663
908664
908665
908666
908667
908668
908669
908670
908671
908672
908673
908674
908675
908676
908677
908682
908683
908684
908685
908686
908687
908688
908689
908690
908691
908692
908693
908694
908695
908696
908697
908698
908699
908700
908701
908702
908703
908704
908705
908706
908707
908708
908709
908710
908711
908712
908713
908714
908715
908716
908717
908718
908719
908720
908721
908722
908723
908724
908725
908726
908727
908728
908729
908730
908731
908732
908733
908734
908735
908736
908737
908738
908739
908740
908741
908742
908743
908744
908745
908746
908747
908748
908749
908750
908751
908752
908753
908754
908755
908756
908757
908758
908759
908760
908761
908762
908763
908764
908765
908766
908767
908768
908769
908770
908771
908772
908773
908774
908775
908776
908777
908778
908779
908780
908781
908782
908783
908784
908789
908790
908791
908792
908793
908794
908795
908796
908797
908798
908799
908800
908801
908802
908803
908804
908805
908806
908807
908808
908809
908810
908811
908812
908813
908814
908815
908816
908817
908818
908819
908820
908821
908822
908823
908824
908825
908826
908827
908828
908829
908830
908831
908832
908833
908834
908835
908836
908837
908838
908839
908840
908841
908842
908843
908844
908845
908846
908847
908848
908849
908850
908851
908852
908853
908854
908855
908856
908857
908858
908859
908860
909032
909033
909034
909043
909045
909046
909050
909051
909052
909055
909056
909057
909073
909074
909075
909230
909231
909232
909233
909236
909237
909356
909357
909358
909359
909362
909363
909382
909383
909384
909385
909386
909387
909388
909389
909390
909391
909392
909393
909394
909395
909396
909397
909398
909399
909400
909401
909402
909403
909404
909405
909406
909407
909408
909409
909410
909411
909412
909417
909418
909419
909420
909421
909422
909423
909424
909425
909426
909427
909428
909429
909430
909431
909432
909433
909434
909435
909436
909437
909438
909439
909440
909441
909442
909443
909444
909445
909446
909447
909448
909449
909450
909451
909452
909453
909454
909455
909456
909457
909458
909459
909460
909461
909462
909463
909464
909465
909466
909467
909468
909469
909470
909471
909472
909473
909474
909475
909476
909477
909478
909479
909480
909481
909482
909483
909484
909485
909486
909487
909488
909489
909490
909491
909492
909493
909494
909495
909496
909497
909498
909499
909500
909501
909502
909503
909504
909505
909506
909507
909508
909509
909510
909511
909512
909513
909514
909515
909516
909517
909518
909519
909520
909521
909522
909523
909524
909525
909526
909527
909528
909529
909530
909531
909532
909533
909534
909535
909536
909537
909538
909539
909540
909541
909542
909543
909544
909545
909546
909547
909548
909549
909550
909555
909556
909557
909558
909559
909560
909561
909562
909563
909564
909565
909566
909567
909568
909569
909570
909571
909572
909573
909574
909575
909576
909577
909578
909579
909580
909581
909582
909583
909584
909585
909586
909587
909588
909589
909590
909591
909592
909593
909594
909595
909596
909599
909600
909610
909613
909614
909615
909616
909617
909622
909625
909626
909636
909639
909640
909641
909642
909643
909655
909656
909657
909710
909711
909712
909811
909812
909813
909892
909893
909894
909919
909920
909921
909962
909965
909966
909971
909974
909975
909981
909982
909983
909988
909991
909992
910002
910005
910006
910007
910008
910009
910827
910829
910843
910844
910846
910852
910853
910855
910861
910862
910864
910865
910866
910867
910868
910869
910880
910881
910883
910884
910895
910896
910898
910904
910905
910906
910907
910913
910915
910916
910950
910951
910953
910959
910960
910962
910964
910965
910980
910981
910982
910983
910985
910986
910988
911143
911144
911146
911147
911148
911149
911150
911159
911161
911162
911377
911378
911382
911383
911669
911671
911685
911686
911688
911694
911695
911697
911703
911704
911706
911707
911708
911709
911710
911711
911722
911723
911725
911726
911737
911738
911740
911746
911747
911748
911749
911755
911757
911758
911765
911766
911781
911782
911783
911785
911792
911793
911795
911825
911826
911827
911828
911830
911831
911833
911988
911989
911990
911992
911993
911994
911995
911996
912007
912009
912010
912015
912017
912031
912032
912033
912035
912036
912038
912049
912050
912051
912052
912054
912055
912056
912057
912058
912066
912067
912069
912070
912086
912087
912088
912095
912096
912097
912098
912100
912102
912103
912707
912708
912710
912716
912717
912719
912721
912722
912737
912738
912739
912740
912742
912743
912745
912900
912901
912903
912904
912905
912906
912907
912916
912918
912919
912924
912926
912941
912942
912943
912944
912946
912947
912949
912961
912962
912963
912965
912966
912967
912968
912970
912982
912983
912985
912986
912995
912996
912997
912998
913006
913007
913008
913010
913016
913018
913019
913053
913054
913055
913057
913058
913060
913067
913068
913083
913084
913085
913086
913088
913089
913091
913246
913247
913248
913250
913251
913252
913253
913259
913261
913262
913893
913894
913898
913899
913950
913951
913966
913967
913968
913970
913977
913978
913980
914010
914011
914012
914013
914015
914016
914018
914173
914174
914175
914177
914178
914179
914180
914181
914192
914194
914195
914200
914202
914216
914217
914218
914220
914221
914223
914234
914235
914236
914237
914239
914240
914241
914242
914243
914251
914252
914254
914255
914271
914272
914273
914280
914281
914282
914283
914285
914287
914288
914298
914300
914315
914316
914317
914318
914320
914321
914323
914335
914336
914337
914339
914340
914341
914342
914344
914356
914357
914359
914360
914369
914370
914371
914372
914380
914381
914382
914384
914390
914392
914393
914400
914401
914416
914417
914418
914419
914421
914422
914424
914459
914460
914461
914463
914464
914466
914620
914621
914622
914623
914625
914626
914627
914633
914635
914636
1151094
1151095
1151096
1151097
1151098
1151100
1151101
1151102
1151103
1151104
1151105
1151109
1151110
1151111
1151152
1151153
1151154
1151156
1151380
1151381
1151382
1151383
1151386
1151387
1151471
1151473
1151474
1151475
1151476
1151477
1151478
1151479
1151483
1151485
1151486
1151489
1151490
1151491
1151492
1151493
1151494
1151495
1151496
1151497
1151499
1151500
1151501
1151503
1151504
1151505
1151506
1151509
1151510
1151511
1151512
1151513
1151514
1151515
1151516
1151517
1151518
1151519
1151520
1151521
1151522
1151523
1151524
1151525
1151527
1151528
1151529
1151530
1151531
1151538
1151542
1151549
1151550
1151551
1151552
1151553
1151554
1151557
1151558
1151559
1151560
1151685
1151686
1151687
1151688
1151702
1151704
1151736
1151737
1151738
1151745
1151747
1151778
1151779
1151780
1151781
1151783
1151784
1151785
1151786
1151788
1151835
1151836
1151991
1151993
1151994
1152001
1152002
1152003
1152008
1152009
1152010
1152013
1152016
1152017
1152023
1152026
1152027
1152032
1152033
1152034
1152040
1152042
1152044
1152046
1152047
1152051
1152053
1152056
1152057
1152075
1152080
1152081
1152082
1152083
1152084
1152085
1152086
1152087
1152089
1152090
1152091
1152093
1152094
1152095
1152096
1152097
1152099
1152100
1152101
1152102
1152123
1152124
1152125
1152126
1152127
1152128
1152129
1152130
1152131
1152141
1152142
1152143
1152144
1152145
1152146
1152147
1152148
1152149
1152150
1152151
1152152
1152155
1152156
1152157
1152158
1152159
1152160
1152161
1152162
1152163
1152164
1152165
1152166
1152167
1152168
1152169
1152170
1152171
1152172
1152173
1152174
1152175
1152176
1152177
1152178
1152179
1152180
1152181
1152182
1152184
1152185
1152186
1152188
1152189
1152190
1152191
1152193
1152194
1152195
1152196
1152197
1152198
1152199
1152200
1152201
1152202
1152204
1152205
1152208
1152209
1152210
1152211
1152212
1152213
1152214
1152215
1152216
1152792
1153160
1153161
1153167
1153168
1153169
1153170
1153175
1153176
1153238
1153239
1153240
1153247
1153422
1153423
1153424
1153425
1153429
1153430
1153431
1153435
1153436
1153462
1153464
1153465
1153476
1153477
1153498
1153499
1153503
1153595
1153596
1153597
1153598
1153599
1153600
1153602
1153603
1153604
1153606
1153607
1153608
1153609
1153611
1153612
1153613
1153622
1153624
1153625
1153626
1153628
1153630
1153631
1153632
1153633
1153706
1153707
1153708
1153709
1153710
1153717
1153718
1153719
1153721
1153722
1153723
1153724
1153725
1153726
1153727
1153728
1153729
1153730
1153733
1153734
1153735
1153736
1153737
1153738
1153739
1153741
1153742
1153743
1153744
1153745
1153747
1153749
1153750
1153753
1153754
1153763
1153767
1153768
1153769
1153770
1153771
1153772
1153773
1153774
1153775
1153776
1153777
1153778
1153780
1153781
1153790
1153791
1153792
1153793
1153795
1153796
1153797
1153822
1153824
1153825
1153831
1153832
1153834
1153835
1153836
1153837
1153838
1153839
1153841
1153842
1153843
1153845
1153846
1153847
1153848
1153850
1153851
1153852
1153853
1153854
1153855
1153856
1153857
1153858
1153859
1153860
1153861
1153862
1153863
1153864
1153865
1153866
1153867
1153868
1153869
1153870
1153871
1153872
1153873
1153874
1153875
1153876
1153877
1153878
1153879
1153880
1153881
1153882
1153883
1153884
1153885
1153886
1153888
1153890
1153891
1153905
1153906
1153907
1153911
1153913
1153914
1153926
1153927
1154496
1154497
1154503
1154504
1154505
1154506
1154511
1154512
1154580
1154581
1154582
1154589
1154752
1154753
1154754
1154755
1154759
1154760
1154761
1154765
1154766
1154790
1154791
1154802
1154803
1154834
1154835
1154839
1154970
1155276
1155277
1155278
1155279
1155280
1155281
1155283
1155284
1155285
1155287
1155288
1155289
1155290
1155292
1155293
1155294
1155295
1155296
1155297
1155298
1155299
1155300
1155301
1155302
1155303
1155304
1155305
1155306
1155307
1155308
1155309
1155310
1155311
1155312
1155313
1155314
1155315
1155316
1155317
1155318
1155319
1155320
1155321
1155322
1155323
1155324
1155325
1155326
1155327
1155328
1155330
1155332
1155333
1155347
1155348
1155349
1155353
1155355
1155356
1155368
1155369
1155372
1155373
1155374
1155375
1155376
1155377
1155379
1155380
1155381
1155383
1155384
1155385
1155386
1155388
1155389
1155390
1155400
1155403
1155404
1155405
1155407
1155409
1155410
1155411
1155412
1155489
1155490
1155491
1155492
1155493
1155500
1155501
1155502
1155504
1155505
1155506
1155507
1155508
1155509
1155510
1155511
1155512
1155513
1155516
1155517
1155518
1155519
1155520
1155521
1155522
1155523
1155525
1155526
1155528
1155529
1155530
1155531
1155533
1155534
1155535
1155538
1155539
1155540
1155554
1155556
1155557
1155558
1155559
1155560
1155561
1155562
1155563
1155564
1155565
1155566
1155567
1155568
1155569
1155570
1155572
1155573
1155582
1155583
1155584
1155585
1155587
1155588
1155589
1155614
1155616
1155617
1155623
1155624
1156579
1156580
1156581
1156582
1156596
1156598
1156631
1156632
1156633
1156640
1156642
1156675
1156676
1156677
1156678
1156680
1156681
1156682
1156683
1156685
1156730
1156731
1156887
1156890
1156891
1156897
1156899
1156901
1156906
1156907
1156908
1156913
1156916
1156917
1156923
1156926
1156927
1156932
1156933
1156934
1156940
1156942
1156943
1156945
1156947
1156949
1156950
1156956
1156957
1156975
1156980
1156981
1156982
1156983
1156984
1156985
1156986
1156988
1156989
1156990
1156991
1156992
1156993
1156995
1156996
1156998
1156999
1157017
1157018
1157019
1157020
1157021
1157022
1157023
1157024
1157025
1157026
1157029
1157030
1157031
1157032
1157033
1157034
1157035
1157036
1157037
1157047
1157048
1157049
1157050
1157051
1157052
1157053
1157054
1157055
1157056
1157057
1157058
1157059
1157060
1157061
1157062
1157063
1157064
1157065
1157066
1157067
1157068
1157069
1157070
1157071
1157072
1157073
1157074
1157076
1157077
1157078
1157080
1157081
1157082
1157083
1157084
1157086
1157087
1157088
1157089
1157090
1157091
1157092
1157093
1157094
1157095
1157096
1157098
1157099
1157102
1157103
1157104
1157105
1157106
1157107
1157108
1157110
1157111
1157112
1157113
1157399
1157400
1157401
1157402
1157403
1157405
1157406
1157407
1157408
1157409
1157410
1157414
1157415
1157416
1157457
1157458
1157459
1157461
1157682
1157683
1157684
1157685
1157688
1157689
1157773
1157774
1157776
1157777
1157778
1157779
1157780
1157783
1157786
1157787
1157790
1157791
1157792
1157793
1157794
1157795
1157796
1157798
1157799
1157800
1157802
1157803
1157804
1157805
1157808
1157809
1157810
1157811
1157812
1157813
1157814
1157815
1157816
1157817
1157818
1157819
1157820
1157821
1157822
1157823
1157824
1157825
1157827
1157828
1157829
1157830
1157837
1157839
1157846
1157848
1157849
1157850
1157853
1157854
1157855
1157856
1159143
1159145
1159146
1159147
1159148
1159149
1159150
1159151
1159153
1159154
1159155
1159157
1159158
1159159
1159160
1159162
1159163
1159164
1159165
1159167
1159168
1159170
1159172
1159173
1159174
1159177
1159178
1159179
1159182
1159183
1159184
1159185
1159186
1159187
1159188
1159189
1159190
1159191
1159192
1159193
1159194
1159195
1159196
1159197
1159198
1159199
1159203
1159218
1159219
1159220
1159225
1159226
1159227
1159249
1159250
1159271
1159272
1159273
1159274
1159275
1159276
1159277
1159279
1159280
1159281
1159283
1159284
1159285
1159286
1159288
1159289
1159290
1159303
1159305
1159307
1159309
1159313
1159314
1159315
1159317
1159319
1159320
1159322
1159323
1159325
1159327
1159328
1159357
1159358
1159359
1159404
1159405
1159406
1159407
1159408
1159409
1159410
1159411
1159412
1159413
1159414
1159415
1159416
1159417
1159418
1159419
1159420
1159421
1159422
1159423
1159424
1159425
1159426
1159427
1159428
1159429
1159431
1159432
1159472
1159473
1159474
1159507
1159509
1159510
1159511
1159512
1159513
1159514
1159515
1159517
1159518
1159519
1159521
1159522
1159523
1159524
1159526
1159527
1159528
1159529
1159531
1159532
1159534
1159536
1159537
1159538
1159541
1159542
1159543
1159546
1159547
1159548
1159549
1159550
1159551
1159552
1159553
1159554
1159555
1159556
1159557
1159558
1159559
1159560
1159561
1159562
1159563
1159567
1159582
1159583
1159584
1159589
1159590
1159591
1159613
1159614
1159635
1159636
1159637
1159638
1159639
1159640
1159641
1159643
1159644
1159645
1159647
1159648
1159649
1159650
1159652
1159653
1159654
1159667
1159669
1159671
1159673
1159677
1159678
1159679
1159681
1159683
1159684
1159686
1159687
1159689
1159691
1159692
1159717
1159718
1159719
1159764
1159765
1159766
1159767
1159768
1159769
1159770
1159771
1159772
1159773
1159774
1159775
1159776
1159777
1159778
1159779
1159780
1159781
1159782
1159783
1159784
1159785
1159786
1159787
1159788
1159789
1159791
1159792
1159832
1159833
1159834
1159856
1159857
1159858
1159859
1159860
1159861
1159862
1159863
1159864
1159865
1159866
1159867
1159868
1159869
1159870
1159871
1159872
1159873
1159874
1159875
1159876
1159877
1159878
1159879
1159881
1159882
1159884
1159885
1159886
1159888
1159889
1159890
1159891
1159892
1159893
1159894
1159895
1159896
1159897
1159898
1159901
1159902
1159903
1159904
1159905
1159906
1159907
1159908
1159909
1159910
1159911
1159912
1159913
1159914
1159915
1159916
1159917
1159918
1159919
1159920
1159921
1159922
1159923
1159924
1159925
1159926
1159927
1159929
1159930
1159931
1159932
1159933
1159936
1159937
1159938
1159939
1159940
1159941
1159942
1159943
1159944
1159945
1159946
1159949
1159950
1159951
1159952
1159953
1159954
1159955
1159956
1159957
1159958
1159959
1159960
1159961
1159962
1159963
1159964
1159965
1159966
1159967
1159968
1159969
1160622
1160624
1160625
1160626
1160627
1160628
1160629
1160630
1160632
1160633
1160634
1160636
1160637
1160638
1160639
1160641
1160642
1160643
1160644
1160646
1160647
1160649
1160651
1160652
1160653
1160656
1160657
1160658
1160661
1160662
1160663
1160664
1160665
1160666
1160667
1160668
1160669
1160670
1160671
1160672
1160673
1160674
1160675
1160676
1160677
1160678
1160682
1160697
1160698
1160699
1160704
1160705
1160706
1160728
1160729
1160750
1160751
1160752
1160753
1160754
1160755
1160756
1160758
1160759
1160760
1160762
1160763
1160764
1160765
1160767
1160768
1160769
1160770
1160772
1160774
1160776
1160780
1160781
1160782
1160784
1160798
1160799
1160801
1160802
1160804
1160806
1160807
1160836
1160837
1160838
1160883
1160884
1160885
1160886
1160887
1160888
1160889
1160890
1160891
1160892
1160893
1160894
1160895
1160896
1160897
1160898
1160899
1160900
1160901
1160902
1160903
1160904
1160905
1160906
1160907
1160908
1160910
1160911
1160953
1160954
1160955
1160998
1160999
1161000
1161001
1161002
1161003
1161004
1161005
1161006
1161007
1161008
1161009
1161010
1161011
1161012
1161013
1161014
1161015
1161027
1161029
1161030
1161031
1161032
1161033
1161034
1161035
1161037
1161038
1161039
1161041
1161042
1161043
1161044
1161046
1161047
1161048
1161049
1161051
1161052
1161054
1161056
1161057
1161058
1161061
1161062
1161063
1161066
1161067
1161068
1161069
1161070
1161071
1161072
1161073
1161074
1161075
1161076
1161077
1161078
1161079
1161080
1161081
1161082
1161083
1161084
1161102
1161103
1161104
1161109
1161110
1161111
1161136
1161137
1161161
1161162
1161163
1161164
1161165
1161166
1161167
1161169
1161170
1161171
1161173
1161174
1161175
1161176
1161178
1161179
1161180
1161181
1161183
1161185
1161187
1161191
1161192
1161193
1161195
1161209
1161210
1161212
1161213
1161215
1161217
1161218
1161243
1161244
1161245
1161290
1161291
1161292
1161293
1161294
1161295
1161296
1161297
1161298
1161299
1161300
1161301
1161302
1161303
1161304
1161305
1161306
1161307
1161308
1161309
1161310
1161311
1161312
1161313
1161314
1161315
1161317
1161318
1161358
1161359
1161360
1162957
1162958
1162959
1162960
1162961
1162963
1162964
1162965
1162966
1162967
1162968
1162972
1162973
1162974
1163018
1163019
1163020
1163022
1163132
1163133
1163134
1163135
1163138
1163139
1163200
1163202
1163203
1163204
1163205
1163206
1163207
1163208
1163212
1163214
1163215
1163218
1163219
1163220
1163221
1163222
1163223
1163224
1163225
1163226
1163228
1163229
1163230
1163232
1163233
1163234
1163235
1163238
1163239
1163240
1163241
1163242
1163243
1163244
1163245
1163246
1163247
1163248
1163249
1163250
1163251
1163252
1163253
1163254
1163256
1163257
1163258
1163259
1163260
1163267
1163271
1163278
1163279
1163280
1163281
1163282
1163283
1163286
1163287
1163288
1163289
1163402
1163404
1163405
1163406
1163417
1163419
1163434
1163435
1163436
1163443
1163445
1163495
1163497
1163498
1163499
1163500
1163501
1163502
1163504
1163505
1163568
1163570
1163571
1163578
1163579
1163580
1163585
1163586
1163587
1163590
1163593
1163594
1163600
1163603
1163604
1163609
1163610
1163611
1163629
1163630
1163757
1163758
1163759
1163760
1163761
1163762
1163763
1163764
1163765
1163766
1163767
1163768
1163769
1163770
1163771
1163772
1163773
1163774
1163775
1163776
1163777
1163778
1163779
1163780
1163781
1163782
1163783
1163785
1163786
1163787
1163789
1163790
1163791
1163792
1163794
1163795
1163796
1163797
1163798
1163799
1163800
1163801
1163802
1163803
1163805
1163806
1163809
1163810
1163811
1163812
1163813
1163814
1163815
1163816
1163817
1163819
1163821
1163823
1163825
1163826
1163830
1163832
1163835
1163836
1163854
1163859
1163860
1163861
1163862
1163863
1163864
1163865
1163866
1163868
1163869
1163870
1163872
1163873
1163874
1163875
1163876
1163878
1163879
1163880
1163881
1163902
1163903
1163904
1163905
1163906
1163907
1163908
1163909
1163910
1163920
1163921
1163922
1163923
1163924
1163925
1163926
1163927
1163928
1163929
1163930
1163931
1163934
1164035
1164036
1164037
1164038
1164039
1164040
1164042
1164043
1164045
1164046
1164047
1164049
1164050
1164051
1164052
1164053
1164054
1164055
1164056
1164057
1164058
1164059
1164062
1164063
1164064
1164065
1164066
1164067
1164068
1164069
1164070
1164071
1164072
1164073
1164074
1164075
1164076
1164077
1164078
1164079
1164080
1164081
1164082
1164083
1164084
1164085
1164086
1164087
1164088
1164089
1164091
1164092
1164094
1164095
1164096
1164097
1164099
1164100
1164101
1164102
1164103
1164104
1164105
1164106
1164107
1164108
1164109
1164110
1164114
1164115
1164116
1164117
1164118
1164119
1164120
1164121
1164122
1164123
1164124
1164125
1164126
1164127
1164128
1164129
1164131
1164132
1164133
1164134
1164135
1164136
1164137
1164138
1164139
1164951
1164952
1164953
1164954
1164956
1164957
1164958
1164959
1164960
1164962
1164965
1165007
1165009
1165108
1165110
1165111
1165112
1165179
1165181
1165182
1165183
1165184
1165185
1165186
1165187
1165191
1165193
1165194
1165197
1165198
1165199
1165200
1165201
1165202
1165203
1165204
1165205
1165207
1165208
1165209
1165211
1165212
1165213
1165214
1165216
1165218
1165219
1165220
1165221
1165222
1165223
1165224
1165225
1165226
1165227
1165228
1165229
1165230
1165231
1165232
1165233
1165234
1165235
1165237
1165238
1165239
1165246
1165248
1165249
1165250
1165253
1165254
1165255
1165256
1165259
1165266
1165267
1165268
1165299
1165301
1165302
1165303
1165314
1165316
1165331
1165332
1165333
1165340
1165342
1165395
1165397
1165398
1165399
1165400
1165401
1165402
1165404
1165405
1165468
1165470
1165471
1165478
1165479
1165480
1165485
1165486
1165487
1165490
1165493
1165494
1165500
1165503
1165504
1165509
1165510
1165511
1165529
1165530
1165657
1165658
1165659
1165660
1165661
1165662
1165663
1165664
1165665
1165666
1165667
1165668
1165669
1165670
1165671
1165672
1165673
1165674
1165675
1165676
1165677
1165678
1165679
1165680
1165681
1165682
1165683
1165685
1165686
1165687
1165689
1165690
1165691
1165692
1165694
1165695
1165696
1165697
1165698
1165699
1165700
1165701
1165702
1165703
1165705
1165706
1165709
1165710
1165711
1165712
1165713
1165714
1165715
1165716
1165717
1165719
1165721
1165723
1165725
1165726
1165730
1165732
1165735
1165736
1165754
1165759
1165760
1165761
1165762
1165763
1165764
1165765
1165766
1165768
1165769
1165770
1165772
1165773
1165774
1165775
1165776
1165778
1165779
1165780
1165781
1165805
1165806
1165807
1165808
1165809
1165810
1165811
1165812
1165813
1165826
1165827
1165828
1165829
1165830
1165831
1165832
1165833
1165834
1165835
1165836
1165837
1165840
1166473
1166808
1166809
1166810
1166811
1166812
1166813
1166815
1166816
1166817
1166819
1166820
1166821
1166822
1166824
1166825
1166826
1166835
1166837
1166838
1166839
1166841
1166843
1166844
1166845
1166846
1166919
1166920
1166921
1166922
1166923
1166930
1166931
1166932
1166934
1166935
1166936
1166937
1166938
1166939
1166940
1166941
1166942
1166943
1166946
1166947
1166948
1166949
1166950
1166951
1166952
1166954
1166955
1166956
1166957
1166958
1166960
1166962
1166963
1166966
1166967
1166976
1166980
1166981
1166982
1166983
1166984
1166985
1166986
1166987
1166988
1166989
1166990
1166991
1166993
1166994
1167003
1167004
1167005
1167006
1167008
1167009
1167010
1167035
1167037
1167038
1167044
1167045
1167103
1167104
1167110
1167111
1167112
1167113
1167118
1167119
1167181
1167182
1167183
1167190
1167365
1167366
1167367
1167368
1167372
1167373
1167374
1167378
1167379
1167405
1167407
1167408
1167419
1167420
1167441
1167442
1167446
1167538
1167539
1167540
1167541
1167542
1167543
1167545
1167546
1167547
1167549
1167550
1167551
1167552
1167554
1167555
1167556
1167557
1167558
1167559
1167560
1167561
1167562
1167563
1167564
1167565
1167566
1167567
1167568
1167569
1167570
1167571
1167572
1167573
1167574
1167575
1167576
1167577
1167578
1167579
1167580
1167581
1167582
1167583
1167584
1167585
1167586
1167587
1167588
1167589
1167590
1167592
1167594
1167595
1167609
1167610
1167611
1167615
1167617
1167618
1167630
1167631
1168566
1168567
1168568
1168569
1168570
1168571
1168572
1168574
1168575
1168576
1168578
1168579
1168580
1168582
1168584
1168585
1168587
1168595
1168597
1168598
1168599
1168601
1168602
1168603
1168604
1168605
1168658
1168659
1168660
1168661
1168662
1168667
1168668
1168669
1168692
1168693
1168694
1168695
1168696
1168697
1168699
1168700
1168701
1168702
1168705
1168708
1168709
1168710
1168711
1168712
1168713
1168715
1168716
1168718
1168719
1168720
1168722
1168723
1168724
1168727
1168728
1168739
1168744
1168745
1168746
1168747
1168748
1168749
1168750
1168751
1168752
1168753
1168754
1168755
1168756
1168758
1168769
1168770
1168771
1168772
1168773
1168774
1168777
1168802
1168804
1168805
1168813
1168814
1169162
1169163
1169164
1169165
1169166
1169167
1169168
1169170
1169171
1169172
1169174
1169175
1169176
1169177
1169178
1169180
1169181
1169182
1169183
1169184
1169185
1169186
1169187
1169188
1169189
1169191
1169192
1169193
1169194
1169195
1169196
1169197
1169198
1169200
1169201
1169202
1169203
1169204
1169206
1169207
1169208
1169209
1169210
1169211
1169212
1169213
1169214
1169215
1169216
1169217
1169218
1169220
1169221
1169222
1169223
1169224
1169227
1169228
1169243
1169244
1169245
1169250
1169253
1169254
1169267
1169268
1169329
1169334
1169336
1169337
1169339
1169400
1169402
1169579
1169580
1169581
1169582
1169585
1169587
1169588
1169590
1169591
1169619
1169621
1169622
1169631
1169632
1169654
1169656
1169660
1170292
1170293
1170299
1170300
1170301
1170302
1170307
1170308
1170381
1170382
1170383
1170390
1170571
1170572
1170573
1170574
1170578
1170579
1170580
1170584
1170585
1170609
1170610
1170621
1170622
1170653
1170654
1170658
1170735
1170736
1170737
1170738
1170739
1170740
1170742
1170743
1170744
1170746
1170747
1170748
1170749
1170751
1170752
1170753
1170754
1170755
1170756
1170757
1170758
1170759
1170760
1170761
1170762
1170763
1170764
1170765
1170766
1170767
1170768
1170769
1170770
1170771
1170772
1170773
1170774
1170775
1170776
1170777
1170778
1170779
1170780
1170781
1170782
1170783
1170784
1170785
1170786
1170787
1170789
1170791
1170792
1170806
1170807
1170808
1170812
1170814
1170815
1170827
1170828
1170885
1171191
1171192
1171193
1171194
1171195
1171196
1171198
1171199
1171200
1171202
1171203
1171204
1171205
1171207
1171208
1171209
1171219
1171222
1171223
1171224
1171226
1171228
1171229
1171230
1171231
1171308
1171309
1171310
1171311
1171312
1171319
1171320
1171321
1171323
1171324
1171325
1171326
1171327
1171328
1171329
1171330
1171331
1171332
1171335
1171336
1171337
1171338
1171339
1171340
1171341
1171342
1171344
1171345
1171347
1171348
1171349
1171350
1171352
1171353
1171354
1171357
1171358
1171359
1171373
1171375
1171376
1171377
1171378
1171379
1171380
1171381
1171382
1171383
1171384
1171385
1171386
1171387
1171388
1171389
1171390
1171392
1171397
1171398
1171399
1171400
1171405
1171407
1171408
1171433
1171435
1171436
1171442
1171443
1172395
1172396
1172397
1172398
1172399
1172400
1172401
1172403
1172404
1172405
1172407
1172408
1172409
1172410
1172411
1172413
1172414
1172415
1172416
1172417
1172418
1172419
1172420
1172421
1172422
1172424
1172425
1172426
1172427
1172429
1172430
1172431
1172432
1172433
1172434
1172435
1172436
1172438
1172439
1172440
1172441
1172442
1172443
1172444
1172445
1172446
1172447
1172448
1172449
1172450
1172451
1172453
1172454
1172455
1172456
1172458
1172460
1172461
1172475
1172476
1172477
1172481
1172483
1172484
1172496
1172497
1172536
1172541
1172543
1172544
1172546
1172618
1172620
1172806
1172807
1172808
1172809
1172812
1172814
1172815
1172817
1172818
1172844
1172845
1172854
1172855
1172887
1172889
1172893
1172970
1172971
1172972
1172973
1172974
1172975
1172976
1172978
1172979
1172980
1172982
1172983
1172984
1172986
1172988
1172989
1172991
1173001
1173004
1173005
1173006
1173008
1173010
1173011
1173012
1173013
1173096
1173097
1173098
1173099
1173100
1173107
1173108
1173109
1173111
1173112
1173113
1173114
1173115
1173116
1173118
1173119
1173120
1173121
1173124
1173127
1173128
1173129
1173130
1173131
1173132
1173133
1173135
1173136
1173138
1173139
1173140
1173141
1173143
1173144
1173145
1173148
1173149
1173150
1173167
1173169
1173170
1173171
1173172
1173173
1173174
1173175
1173176
1173177
1173178
1173179
1173180
1173181
1173182
1173183
1173184
1173185
1173192
1173193
1173194
1173195
1173201
1173202
1173203
1173233
1173235
1173236
1173244
1173245
1174468
1174469
1174470
1174471
1174485
1174487
1174520
1174521
1174522
1174529
1174531
1174564
1174565
1174566
1174567
1174569
1174570
1174571
1174572
1174574
1174619
1174620
1174776
1174779
1174780
1174786
1174788
1174790
1174795
1174796
1174797
1174802
1174805
1174806
1174812
1174815
1174816
1174821
1174822
1174823
1174829
1174831
1174832
1174834
1174836
1174838
1174839
1174845
1174846
1174864
1174869
1174870
1174871
1174872
1174873
1174874
1174875
1174877
1174878
1174879
1174880
1174881
1174882
1174884
1174885
1174887
1174888
1174906
1174907
1174908
1174909
1174910
1174911
1174912
1174913
1174914
1174915
1174918
1174919
1174920
1174921
1174922
1174923
1174924
1174925
1174926
1174936
1174937
1174938
1174939
1174940
1174941
1174942
1174943
1174944
1174945
1174946
1174947
1174948
1174949
1174950
1174951
1174952
1174953
1174954
1174955
1174956
1174957
1174958
1174959
1174960
1174961
1174962
1174963
1174965
1174966
1174967
1174969
1174970
1174971
1174972
1174973
1174975
1174976
1174977
1174978
1174979
1174980
1174981
1174982
1174983
1174984
1174985
1174987
1174988
1174991
1174992
1174993
1174994
1174995
1174996
1174997
1174999
1175000
1175001
1175002
1175249
1175250
1175251
1175252
1175253
1175255
1175256
1175257
1175258
1175259
1175260
1175264
1175265
1175266
1175315
1175316
1175317
1175319
1175441
1175442
1175443
1175444
1175447
1175448
1175488
1175489
1175491
1175492
1175493
1175494
1175495
1175498
1175501
1175502
1175505
1175506
1175507
1175508
1175509
1175510
1175511
1175513
1175514
1175515
1175517
1175518
1175519
1175520
1175523
1175524
1175525
1175526
1175527
1175528
1175529
1175530
1175531
1175532
1175533
1175534
1175535
1175536
1175537
1175538
1175539
1175540
1175542
1175543
1175544
1175545
1175552
1175554
1175561
1175563
1175564
1175565
1175568
1175569
1175570
1175571
1175614
1175615
1175616
1175617
1175618
1175619
1175621
1175622
1175623
1175624
1175625
1175628
1175629
1175630
1175631
1175632
1175633
1175634
1175635
1175636
1175637
1175638
1175641
1175642
1175643
1175644
1175645
1175646
1175647
1175648
1175649
1175650
1175651
1175652
1175653
1175654
1175655
1175656
1175657
1175658
1175659
1175660
1175661
1175662
1175663
1175664
1175665
1175666
1175667
1175668
1175670
1175671
1175673
1175674
1175675
1175676
1175678
1175679
1175680
1175681
1175682
1175683
1175684
1175685
1175686
1175687
1175688
1175689
1175693
1175694
1175695
1175696
1175697
1175698
1175699
1175700
1175701
1175702
1175703
1175704
1175705
1175706
1175707
1175708
1175710
1175711
1175712
1175713
1175714
1175715
1175716
1175717
1175718
1176684
1176685
1176686
1176687
1176701
1176703
1176739
1176740
1176741
1176748
1176750
1176783
1176784
1176785
1176786
1176788
1176789
1176790
1176791
1176793
1176842
1176843
1176986
1176989
1176990
1176996
1176998
1176999
1177003
1177004
1177005
1177009
1177012
1177013
1177019
1177021
1177023
1177028
1177029
1177030
1177036
1177038
1177039
1177042
1177043
1177044
1177046
1177052
1177053
1177071
1177076
1177077
1177078
1177079
1177080
1177081
1177082
1177084
1177085
1177086
1177088
1177089
1177090
1177091
1177093
1177094
1177095
1177116
1177117
1177118
1177119
1177120
1177121
1177122
1177123
1177124
1177125
1177126
1177127
1177128
1177129
1177130
1177131
1177132
1177133
1177134
1177149
1177150
1177151
1177152
1177153
1177154
1177155
1177156
1177157
1177158
1177159
1177160
1177161
1177162
1177163
1177164
1177165
1177166
1177167
1177168
1177169
1177170
1177171
1177172
1177173
1177174
1177175
1177176
1177178
1177179
1177180
1177182
1177183
1177184
1177185
1177186
1177188
1177189
1177190
1177191
1177192
1177193
1177194
1177195
1177196
1177197
1177198
1177200
1177201
1177204
1177205
1177206
1177207
1177208
1177209
1177210
1177212
1177213
1177214
1177215
1177529
1177530
1177531
1177532
1177533
1177534
1177535
1177536
1177538
1177539
1177543
1177575
1177577
1177694
1177696
1177697
1177698
1177759
1177760
1177762
1177763
1177764
1177765
1177766
1177769
1177772
1177773
1177776
1177777
1177778
1177779
1177780
1177781
1177782
1177784
1177785
1177786
1177787
1177788
1177789
1177791
1177792
1177794
1177796
1177797
1177798
1177799
1177800
1177801
1177802
1177803
1177804
1177805
1177806
1177807
1177808
1177809
1177810
1177811
1177812
1177813
1177815
1177816
1177817
1177818
1177821
1177822
1177823
1177824
1177825
1177832
1177834
1177841
1178802
1178803
1178804
1178805
1178806
1178807
1178808
1178810
1178811
1178812
1178814
1178815
1178816
1178817
1178819
1178820
1178821
1178833
1178835
1178836
1178838
1178839
1178841
1178843
1178844
1178845
1178846
1178847
1178850
1178851
1178854
1178855
1178856
1178857
1178858
1178859
1178860
1178861
1178862
1178863
1178864
1178865
1178866
1178867
1178868
1178869
1178873
1178885
1178886
1178887
1178893
1178894
1178895
1178918
1178919
1178921
1178922
1178923
1178924
1178925
1178926
1178927
1178929
1178930
1178931
1178933
1178934
1178935
1178936
1178938
1178939
1178940
1178961
1178962
1178964
1178966
1178968
1178969
1178970
1178974
1178977
1178978
1178980
1178981
1178983
1178985
1178986
1179003
1179004
1179005
1179041
1179042
1179043
1179044
1179045
1179046
1179047
1179048
1179049
1179050
1179051
1179052
1179053
1179054
1179055
1179056
1179057
1179058
1179059
1179060
1179061
1179062
1179063
1179064
1179065
1179066
1179068
1179069
1179135
1179136
1179137
1179165
1179166
1179167
1179168
1179169
1179170
1179171
1179172
1179173
1179174
1179175
1179176
1179177
1179178
1179179
1179180
1179181
1179182
1179203
1179204
1179205
1179206
1179207
1179208
1179209
1179211
1179212
1179213
1179215
1179216
1179217
1179218
1179220
1179221
1179222
1179234
1179236
1179237
1179239
1179240
1179242
1179244
1179245
1179246
1179247
1179248
1179251
1179252
1179255
1179256
1179257
1179258
1179259
1179260
1179261
1179262
1179263
1179264
1179265
1179266
1179267
1179268
1179269
1179270
1179271
1179286
1179287
1179288
1179294
1179295
1179296
1179321
1179322
1179325
1179326
1179327
1179328
1179329
1179330
1179331
1179333
1179334
1179335
1179337
1179338
1179339
1179340
1179342
1179343
1179344
1179368
1179369
1179371
1179373
1179375
1179376
1179377
1179381
1179384
1179385
1179387
1179388
1179390
1179392
1179393
1179410
1179411
1179412
1179452
1179453
1179454
1179455
1179456
1179457
1179458
1179459
1179460
1179461
1179462
1179463
1179464
1179465
1179466
1179467
1179468
1179469
1179470
1179471
1179472
1179473
1179474
1179475
1179476
1179477
1179479
1179480
1179545
1179546
1179547
1179573
1179574
1179575
1179576
1179577
1179578
1179579
1179581
1179582
1179584
1179585
1179586
1179587
1179589
1179590
1179591
1179592
1179593
1179594
1179595
1179596
1179597
1179598
1179599
1179600
1179604
1179605
1179606
1179607
1179608
1179609
1179610
1179611
1179612
1179613
1179614
1179615
1179616
1179617
1179618
1179620
1179621
1179622
1179623
1179624
1179625
1179626
1179627
1179628
1179629
1179630
1179631
1179632
1179634
1179635
1179637
1179638
1179639
1179640
1179642
1179643
1179644
1179645
1179646
1179647
1179648
1179649
1179650
1179651
1179652
1179653
1179657
1179658
1179659
1179660
1179661
1179662
1179663
1179664
1179665
1179666
1179667
1179668
1179669
1179670
1179671
1179672
1179674
1179675
1179676
1179677
1179678
1179679
1179680
1179681
1179682
1180608
1180609
1180610
1180611
1180612
1180613
1180614
1180615
1180616
1180617
1180618
1180619
1180620
1180621
1180622
1180623
1180624
1180625
1180626
1180627
1180628
1180629
1180630
1180631
1180632
1180634
1180635
1180636
1180638
1180639
1180640
1180641
1180643
1180644
1180645
1180657
1180659
1180660
1180662
1180663
1180665
1180667
1180668
1180669
1180670
1180671
1180674
1180675
1180678
1180679
1180680
1180681
1180682
1180683
1180684
1180685
1180686
1180687
1180688
1180689
1180690
1180691
1180692
1180693
1180694
1180705
1180706
1180707
1180717
1180718
1180719
1180744
1180745
1180748
1180749
1180750
1180751
1180752
1180753
1180754
1180756
1180757
1180758
1180759
1180760
1180761
1180763
1180764
1180766
1180767
1180792
1180793
1180795
1180796
1180798
1180800
1180801
1180803
1180804
1180806
1180808
1180810
1180811
1180812
1180816
1180833
1180834
1180835
1180871
1180872
1180873
1180874
1180875
1180876
1180877
1180878
1180879
1180880
1180881
1180882
1180883
1180884
1180885
1180886
1180887
1180888
1180889
1180890
1180891
1180892
1180893
1180894
1180895
1180896
1180898
1180899
1180965
1180966
1180967
1180995
1180996
1180997
1180998
1180999
1181000
1181001
1181003
1181004
1181005
1181007
1181008
1181009
1181010
1181012
1181013
1181014
1181026
1181028
1181029
1181031
1181032
1181034
1181036
1181037
1181038
1181039
1181040
1181043
1181044
1181047
1181048
1181049
1181050
1181051
1181052
1181053
1181054
1181055
1181056
1181057
1181058
1181059
1181060
1181061
1181062
1181063
1181074
1181075
1181076
1181086
1181087
1181088
1181113
1181114
1181117
1181118
1181119
1181120
1181121
1181122
1181123
1181125
1181126
1181127
1181128
1181129
1181130
1181132
1181133
1181135
1181136
1181161
1181162
1181164
1181165
1181167
1181169
1181170
1181172
1181173
1181175
1181177
1181179
1181180
1181181
1181185
1181202
1181203
1181204
1181244
1181245
1181246
1181247
1181248
1181249
1181250
1181251
1181252
1181253
1181254
1181255
1181256
1181257
1181258
1181259
1181260
1181261
1181262
1181263
1181264
1181265
1181266
1181267
1181268
1181269
1181271
1181272
1181338
1181339
1181340
1182532
1182533
1182534
1182535
1182537
1182538
1182539
1182540
1182541
1182543
1182546
1182590
1182592
1182670
1182672
1182673
1182676
1182842
1182844
1182845
1182846
1182847
1182848
1182849
1182850
1182854
1182856
1182857
1182860
1182861
1182862
1182863
1182864
1182865
1182866
1182867
1182868
1182870
1182871
1182872
1182874
1182875
1182876
1182877
1182879
1182881
1182882
1182883
1182884
1182885
1182886
1182887
1182888
1182889
1182890
1182891
1182892
1182893
1182894
1182895
1182896
1182897
1182898
1182900
1182901
1182902
1182909
1182911
1182912
1182913
1182916
1182917
1182918
1182919
1182922
1182929
1182930
1182931
1183105
1183107
1183108
1183109
1183120
1183122
1183137
1183138
1183139
1183146
1183148
1183201
1183203
1183204
1183205
1183206
1183207
1183208
1183210
1183211
1183274
1183276
1183277
1183284
1183285
1183286
1183291
1183292
1183293
1183296
1183299
1183300
1183306
1183309
1183310
1183315
1183316
1183317
1183335
1183336
1183463
1183464
1183465
1183466
1183467
1183468
1183469
1183470
1183471
1183472
1183473
1183474
1183475
1183476
1183477
1183478
1183479
1183480
1183481
1183482
1183483
1183484
1183485
1183486
1183487
1183488
1183489
1183491
1183492
1183493
1183495
1183496
1183497
1183498
1183500
1183501
1183502
1183503
1183504
1183505
1183506
1183507
1183508
1183509
1183511
1183512
1183515
1183516
1183517
1183518
1183519
1183520
1183521
1183522
1183523
1183525
1183527
1183529
1183531
1183532
1183536
1183538
1183541
1183542
1183560
1183565
1183566
1183567
1183568
1183569
1183570
1183571
1183572
1183574
1183575
1183576
1183578
1183579
1183580
1183581
1183582
1183584
1183585
1183586
1183587
1183611
1183612
1183613
1183614
1183615
1183616
1183617
1183618
1183619
1183632
1183633
1183634
1183635
1183636
1183637
1183638
1183639
1183640
1183641
1183642
1183643
1183646
1184808
1184809
1184810
1184811
1184812
1184813
1184814
1184816
1184817
1184818
1184820
1184821
1184822
1184824
1184826
1184827
1184829
1184837
1184839
1184840
1184841
1184843
1184844
1184845
1184846
1184847
1184900
1184901
1184902
1184903
1184904
1184909
1184910
1184911
1184934
1184935
1184936
1184937
1184938
1184939
1184941
1184942
1184943
1184944
1184947
1184950
1184951
1184952
1184953
1184954
1184955
1184957
1184958
1184960
1184961
1184962
1184964
1184965
1184966
1184969
1184970
1184981
1184986
1184987
1184988
1184989
1184990
1184991
1184992
1184993
1184994
1184995
1184996
1184997
1184998
1184999
1185006
1185007
1185008
1185009
1185015
1185016
1185017
1185044
1185046
1185047
1185055
1185056
1185059
1185060
1185061
1185062
1185063
1185064
1185065
1185067
1185068
1185069
1185071
1185072
1185073
1185074
1185075
1185077
1185078
1185079
1185080
1185081
1185082
1185083
1185084
1185085
1185086
1185088
1185089
1185090
1185091
1185092
1185093
1185094
1185095
1185097
1185098
1185099
1185100
1185101
1185103
1185104
1185105
1185106
1185107
1185108
1185109
1185110
1185111
1185112
1185113
1185114
1185115
1185117
1185118
1185119
1185120
1185121
1185124
1185125
1185140
1185141
1185142
1185147
1185150
1185151
1185164
1185165
1185551
1185556
1185558
1185559
1185561
1185627
1185629
1185821
1185822
1185823
1185824
1185827
1185829
1185830
1185832
1185833
1185861
1185863
1185864
1185873
1185874
1185896
1185898
1185902
1186941
1186942
1186943
1186944
1186945
1186946
1186947
1186949
1186950
1186951
1186953
1186954
1186955
1186956
1186957
1186959
1186960
1186961
1186962
1186963
1186964
1186965
1186966
1186967
1186968
1186970
1186971
1186972
1186973
1186974
1186975
1186976
1186977
1186979
1186980
1186981
1186982
1186983
1186985
1186986
1186987
1186988
1186989
1186990
1186991
1186992
1186993
1186994
1186995
1186996
1186997
1186999
1187000
1187001
1187002
1187004
1187006
1187007
1187021
1187022
1187023
1187027
1187029
1187030
1187042
1187043
1187046
1187047
1187048
1187049
1187050
1187051
1187052
1187054
1187055
1187056
1187058
1187059
1187060
1187062
1187064
1187065
1187067
1187077
1187080
1187081
1187082
1187084
1187086
1187087
1187088
1187089
1187172
1187173
1187174
1187175
1187176
1187183
1187184
1187185
1187187
1187188
1187189
1187190
1187191
1187192
1187194
1187195
1187196
1187197
1187200
1187203
1187204
1187205
1187206
1187207
1187208
1187209
1187211
1187212
1187214
1187215
1187216
1187217
1187219
1187220
1187221
1187224
1187225
1187226
1187243
1187245
1187246
1187247
1187248
1187249
1187250
1187251
1187252
1187253
1187254
1187255
1187256
1187257
1187258
1187259
1187260
1187261
1187268
1187269
1187270
1187271
1187277
1187278
1187279
1187309
1187311
1187312
1187320
1187321
1187360
1187365
1187367
1187368
1187370
1187442
1187444
1187630
1187631
1187632
1187633
1187636
1187638
1187639
1187641
1187642
1187668
1187669
1187678
1187679
1187711
1187713
1187717
1189094
1189096
1189097
1189098
1189109
1189111
1189127
1189128
1189129
1189136
1189138
1189193
1189195
1189196
1189197
1189198
1189199
1189200
1189202
1189203
1189268
1189271
1189272
1189278
1189280
1189281
1189285
1189286
1189287
1189291
1189294
1189295
1189301
1189303
1189305
1189310
1189311
1189312
1189329
1189330
1189446
1189447
1189448
1189449
1189450
1189451
1189452
1189453
1189454
1189455
1189456
1189457
1189458
1189459
1189460
1189461
1189462
1189463
1189464
1189465
1189466
1189467
1189468
1189469
1189470
1189471
1189472
1189473
1189475
1189476
1189477
1189479
1189480
1189481
1189482
1189483
1189485
1189486
1189487
1189488
1189489
1189490
1189491
1189492
1189493
1189494
1189495
1189497
1189498
1189501
1189502
1189503
1189504
1189505
1189506
1189507
1189509
1189510
1189511
1189512
1189514
1189516
1189517
1189520
1189521
1189522
1189524
1189530
1189531
1189549
1189554
1189555
1189556
1189557
1189558
1189559
1189560
1189562
1189563
1189564
1189566
1189567
1189568
1189569
1189571
1189572
1189573
1189594
1189595
1189596
1189597
1189598
1189599
1189600
1189601
1189602
1189603
1189604
1189605
1189606
1189607
1189608
1189609
1189610
1189611
1189612
1189883
1189884
1189885
1189886
1189887
1189888
1189889
1189890
1189892
1189893
1189897
1189929
1189931
1190024
1190026
1190027
1190030
1190193
1190194
1190196
1190197
1190198
1190199
1190200
1190203
1190206
1190207
1190210
1190211
1190212
1190213
1190214
1190215
1190216
1190218
1190219
1190220
1190221
1190222
1190223
1190225
1190226
1190228
1190230
1190231
1190232
1190233
1190234
1190235
1190236
1190237
1190238
1190239
1190240
1190241
1190242
1190243
1190244
1190245
1190246
1190247
1190249
1190250
1190251
1190252
1190255
1190256
1190257
1190258
1190259
1190266
1190268
1190275
1193622
1193623
1193624
1193625
1193633
1193634
1193761
1193762
1193763
1194700
1194702
1194703
1194704
1194716
1194717
1194881
1194882
1194883
1194884
1194887
1194888
1194967
1194968
1194969
1194971
1194972
1194973
1194983
1194984
1194987
1194989
1194991
1195007
1195008
1195009
1195014
1195015
1195022
1195023
1195024
1195025
1195026
1195027
1195196
1195198
1195199
1195205
1195207
1195209
1195210
1195285
1195288
1195290
1195291
1195296
1195301
1195302
1195303
1195304
1195315
1195316
1195317
1195322
1195323
1195325
1195333
1195334
1195335
1195347
1195348
1195349
1195409
1195410
1195411
1195413
1195414
1195543
1195545
1195546
1195547
1195548
1195560
1195561
1195564
1195566
1195568
1195569
1195570
1195577
1195578
1195581
1195702
1195703
1195903
1195904
1195905
1195906
1195921
1195922
1196328
1196329
1196334
1196335
1196340
1196341
1196375
1196376
1196377
1196379
1196382
1196546
1196548
1196549
1196550
1196552
1196554
1196555
1196627
1196630
1196632
1196636
1196640
1196641
1196642
1196643
1196654
1196655
1196656
1196661
1196662
1196664
1196675
1196676
1196677
1196686
1196687
1196688
1196751
1196754
1196755
1196756
1196757
1196880
1196881
1196882
1196883
1196884
1196900
1196901
1196902
1196903
1196905
1196907
1196908
1196909
1196916
1196917
1196920
1197165
1197167
1197168
1197169
1197171
1197172
1197324
1197325
1197326
1197327
1197330
1197331
1197425
1197426
1197427
1197436
1197437
1197438
1197441
1197442
1197444
1197447
1197449
1197461
1197462
1197468
1197470
1197477
1197478
1197479
1197480
1197481
1197482
1197860
1197861
1197862
1197868
1197869
1197875
1197876
1197913
1197914
1197915
1197917
1197920
1198043
1198044
1198235
1198236
1198237
1198250
1198251
1198549
1198550
1198551
1198552
1198559
1198560
1198682
1198683
1198684
1200247
1200248
1200249
1200271
1200272
1200273
1200520
1200521
1200522
1200555
1200556
1200557
1200564
1200565
1200566
1200570
1200571
1200572
1200579
1200580
1200581
1200583
1200585
1200586
1200594
1200597
1200598
1200600
1200601
1200602
1200633
1200634
1200635
1200646
1200648
1200649
1200654
1200655
1200656
1201058
1201059
1201060
1201187
1201188
1201189
1201220
1201221
1201222
1201224
1201227
1201228
1201237
1201240
1201241
1201244
1201245
1201246
1201394
1201396
1201397
1201398
1201404
1201405
1201420
1201421
1201422
1201423
1201432
1201433
1201520
1201522
1201523
1201529
1201530
1201531
1201535
1201536
1201537
1201540
1201542
1201543
1201551
1201554
1201555
1201557
1201558
1201559
1201577
1201578
1201579
1201625
1201626
1201642
1201643
1201660
1201663
1201664
1201670
1201672
1201673
1201681
1201682
1201683
1201863
1201864
1201865
1201866
1201874
1201875
1201939
1201940
1201941
1201968
1201969
1201970
1201971
1201975
1201976
1201981
1201984
1201985
1201990
1201991
1201992
1202138
1202140
1202141
1202142
1202152
1202153
1202169
1202170
1202171
1202172
1202181
1202182
1202278
1202279
1202280
1202288
1202289
1202290
1202293
1202294
1202295
1202296
1202299
1202300
1202305
1202308
1202309
1202313
1202314
1202315
1202349
1202352
1202353
1202363
1202366
1202367
1202368
1202369
1202370
1202767
1202768
1202769
1202878
1202879
1202880
1202923
1202924
1202925
1203053
1203054
1203055
1203077
1203078
1203079
1203517
1203518
1203519
1203552
1203553
1203554
1203778
1203779
1203780
1203781
1203789
1203790
1203987
1203988
1203989
1204255
1204256
1204257
1204261
1204262
1204263
1204270
1204271
1204272
1204274
1204276
1204277
1204285
1204288
1204289
1204291
1204292
1204293
1204345
1204346
1204347
1204354
1204355
1204356
1204367
1204369
1204370
1204375
1204376
1204377
1204550
1204551
1204552
1204733
1204734
1204735
1204774
1204775
1204776
1204829
1204830
1204831
1204833
1204836
1204837
1204846
1204849
1204850
1204853
1204854
1204855
1205003
1205005
1205006
1205007
1205013
1205014
1205029
1205030
1205031
1205032
1205041
1205042
1205135
1205137
1205138
1205144
1205145
1205146
1205150
1205151
1205152
1205155
1205157
1205158
1205166
1205169
1205170
1205172
1205173
1205174
1205179
1205181
1205182
1205191
1205192
1205193
1205198
1205199
1205200
1205203
1205205
1205206
1205216
1205218
1205219
1205225
1205226
1205227
1205369
1205370
1205371
1205385
1205387
1205388
1205389
1205395
1205396
1205411
1205413
1205414
1205415
1205422
1205423
1205502
1205504
1205505
1205510
1205511
1205512
1205519
1205520
1205521
1205524
1205527
1205528
1205533
1205536
1205537
1205543
1205544
1205545
1205565
1205566
1205567
1205654
1205655
1205656
1205663
1205664
1205665
1205676
1205678
1205679
1205684
1205685
1205686
1205853
1205854
1205855
1206024
1206025
1206026
1206092
1206093
1206094
1206095
1206099
1206100
1206106
1206109
1206110
1206116
1206117
1206118
1206268
1206270
1206271
1206272
1206282
1206283
1206298
1206299
1206300
1206301
1206310
1206311
1206407
1206409
1206410
1206416
1206417
1206418
1206422
1206423
1206424
1206427
1206429
1206430
1206438
1206441
1206442
1206444
1206445
1206446
1206562
1206563
1206564
1206565
1206572
1206573
1206760
1206761
1206762
1207237
1207239
1207240
1207241
1207253
1207254
1207418
1207419
1207420
1207421
1207424
1207425
1207504
1207505
1207506
1207508
1207509
1207510
1207520
1207521
1207524
1207526
1207528
1207544
1207545
1207546
1207551
1207552
1207559
1207560
1207561
1207562
1207563
1207564
1207776
1207778
1207779
1207785
1207787
1207789
1207790
1207865
1207868
1207870
1207871
1207876
1207880
1207882
1207883
1207884
1207890
1207891
1207892
1207899
1207900
1207905
1207912
1207914
1207915
1207925
1207926
1207927
1207977
1207978
1207979
1207981
1207982
1207995
1207997
1207998
1207999
1208000
1208012
1208013
1208016
1208018
1208020
1208021
1208022
1208029
1208030
1208033
1208282
1208283
1208483
1208484
1208485
1208486
1208501
1208502
1208848
1208849
1208854
1208855
1208860
1208861
1208895
1208896
1208897
1208899
1208902
1208966
1208967
1208983
1208984
1209155
1209157
1209159
1209161
1209162
1209168
1209169
1209226
1209229
1209231
1209235
1209256
1209258
1209259
1209260
1209266
1209267
1209268
1209275
1209276
1209281
1209292
1209294
1209295
1209301
1209302
1209303
1209356
1209357
1209358
1209360
1209361
1209374
1209376
1209377
1209378
1209379
1209391
1209392
1209395
1209397
1209399
1209400
1209401
1209408
1209409
1209412
1209689
1209690
1209883
1209885
1209886
1209887
1209897
1209898
1210248
1210250
1210251
1210253
1210257
1210258
1210270
1210272
1210273
1210274
1210276
1210527
1210529
1210530
1210531
1210533
1210535
1210536
1210608
1210611
1210613
1210617
1210621
1210622
1210623
1210624
1210635
1210636
1210637
1210642
1210643
1210645
1210656
1210657
1210658
1210667
1210668
1210669
1210732
1210735
1210736
1210737
1210738
1210861
1210862
1210863
1210864
1210865
1210881
1210882
1210883
1210884
1210886
1210888
1210889
1210890
1210897
1210898
1210901
1211141
1211143
1211144
1211145
1211152
1211153
1211302
1211303
1211304
1211305
1211311
1211312
1211345
1211346
1211347
1211356
1211357
1211358
1211361
1211362
1211364
1211367
1211369
1211381
1211382
1211388
1211390
1211397
1211398
1211399
1211400
1211401
1211402
1211841
1211842
1211843
1211849
1211850
1211856
1211857
1211894
1211895
1211896
1211898
1211901
1212001
1212002
1212216
1212217
1212218
1212231
1212232
1212277
1212278
1212297
1212298
1212586
1212588
1212589
1212590
1212597
1212598
1212757
1212758
1212759
1212760
1212766
1212767
1212784
1212785
1212786
1212792
1212793
1212794
1212800
1212801
1212803
1212806
1212808
1212820
1212821
1212827
1212829
1212836
1212837
1212838
1212839
1212840
1212841
1213273
1213275
1213276
1213277
1213279
1213284
1213285
1213311
1213313
1213314
1213315
1213317
1213434
1213435
1213645
1213647
1213648
1213657
1213658
1213872
1213873
1213874
1213875
1213882
1213883
1214005
1214006
1214007
1214384
1214387
1214388
1214394
1214395
1214396
1214402
1214403
1214404
1214407
1214411
1214412
1214417
1214420
1214421
1214426
1214427
1214428
1214547
1214549
1214550
1214551
1214561
1214562
1214578
1214579
1214580
1214581
1214590
1214591
1214698
1214699
1214700
1214723
1214724
1214725
1214728
1214732
1214733
1214738
1214741
1214742
1214747
1214748
1214749
1214895
1214897
1214898
1214899
1214909
1214910
1214926
1214927
1214928
1214929
1214938
1214939
1215037
1215039
1215040
1215046
1215047
1215048
1215052
1215053
1215054
1215056
1215059
1215060
1215065
1215068
1215069
1215073
1215074
1215075
1215128
1215129
1215130
1215135
1215138
1215139
1215149
1215152
1215153
1215154
1215155
1215156
1215403
1215404
1215405
1215505
1215506
1215507
1215548
1215549
1215550
1215586
1215588
1215589
1215597
1215600
1215601
1215603
1215604
1215605
1215609
1215611
1215612
1215620
1215623
1215624
1215626
1215627
1215628
1215632
1215635
1215636
1215643
1215644
1215645
1215652
1215653
1215654
1215658
1215662
1215663
1215669
1215672
1215673
1215679
1215680
1215681
1215804
1215806
1215807
1215808
1215818
1215819
1215835
1215836
1215837
1215838
1215847
1215848
1215941
1215942
1215943
1215988
1215989
1215990
1215994
1215998
1215999
1216005
1216008
1216009
1216015
1216016
1216017
1216170
1216172
1216173
1216174
1216184
1216185
1216201
1216202
1216203
1216204
1216213
1216214
1216317
1216320
1216321
1216326
1216329
1216330
1216334
1216335
1216336
1216340
1216343
1216344
1216349
1216352
1216353
1216357
1216358
1216359
1216378
1216379
1216380
1216470
1216471
1216472
1216477
1216480
1216481
1216491
1216494
1216495
1216496
1216497
1216498
1216739
1216740
1216741
1216841
1216842
1216843
1217145
1217146
1217147
1217169
1217170
1217171
1217672
1217673
1217674
1217707
1217708
1217709
1217917
1217920
1217921
1217926
1217929
1217930
1217936
1217937
1217938
1217958
1217959
1217960
1218058
1218059
1218060
1218067
1218068
1218069
1218080
1218082
1218083
1218088
1218089
1218090
1218372
1218373
1218374
1218602
1218603
1218604
1218669
1218670
1218671
1218675
1218679
1218680
1218686
1218689
1218690
1218696
1218697
1218698
1218848
1218850
1218851
1218852
1218862
1218863
1218878
1218879
1218880
1218881
1218890
1218891
1218984
1218986
1218987
1218993
1218994
1218995
1218999
1219000
1219001
1219003
1219006
1219007
1219012
1219015
1219016
1219020
1219021
1219022
1219029
1219030
1219052
1219053
1219073
1219075
1219076
1219084
1219086
1219087
1219090
1219091
1219092
1219096
1219098
1219099
1219107
1219110
1219111
1219113
1219114
1219115
1219179
1219180
1219181
1219254
1219255
1219256
1219260
1219264
1219265
1219271
1219274
1219275
1219281
1219282
1219283
1219436
1219438
1219439
1219440
1219450
1219451
1219467
1219468
1219469
1219470
1219479
1219480
1219583
1219586
1219587
1219592
1219595
1219596
1219600
1219601
1219602
1219606
1219609
1219610
1219615
1219618
1219619
1219623
1219624
1219625
1219659
1219662
1219663
1219673
1219676
1219677
1219678
1219679
1219680
1219975
1219976
1219977
1220187
1220188
1220189
1220863
1220864
1220865
1220898
1220899
1220900
1221393
1221394
1221395
1221396
1221403
1221404
1221611
1221612
1221613
1222567
1222569
1222571
1222573
1222574
1222580
1222581
1222638
1222641
1222643
1222647
1222668
1222670
1222671
1222672
1222678
1222679
1222680
1222687
1222688
1222693
1222704
1222706
1222707
1222713
1222714
1222715
1222768
1222769
1222770
1222772
1222773
1222786
1222788
1222789
1222790
1222791
1222803
1222804
1222807
1222809
1222811
1222812
1222813
1222820
1222821
1222824
1223081
1223082
1223295
1223297
1223298
1223299
1223309
1223310
1223660
1223662
1223663
1223665
1223669
1223670
1223682
1223684
1223685
1223686
1223688
1224008
1224010
1224011
1224012
1224019
1224020
1224179
1224180
1224181
1224182
1224188
1224189
1224206
1224207
1224208
1224214
1224215
1224216
1224222
1224223
1224225
1224228
1224230
1224242
1224243
1224249
1224251
1224258
1224259
1224260
1224261
1224262
1224263
1224678
1224680
1224681
1224682
1224684
1224689
1224690
1224716
1224718
1224719
1224720
1224722
1224893
1224894
1225104
1225106
1225107
1225116
1225117
1227917
1227919
1227920
1227934
1227935
1227936
1227940
1227942
1227943
1227951
1227954
1227955
1227957
1227958
1227959
1228092
1228093
1228094
1228095
1228098
1228099
1228194
1228195
1228196
1228197
1228200
1228201
1228232
1228233
1228234
1228279
1228280
1228281
1228380
1228381
1228382
1228461
1228462
1228463
1228483
1228484
1228485
1228527
1228528
1228529
1228537
1228538
1228539
1228542
1228543
1228544
1228546
1228548
1228549
1228557
1228560
1228561
1228563
1228564
1228565
1228867
1228868
1228871
1228872
1228873
1228874
1228876
1228880
1228881
1228885
1228886
1228887
1228888
1228923
1228924
1228937
1228938
1228942
1228943
1228951
1228952
1228953
1228954
1228969
1228970
1229004
1229005
1229006
1229077
1229078
1229079
1229080
1229081
1229082
1229083
1229084
1229095
1229096
1229097
1229098
1229100
1229101
1229102
1229103
1229104
1229105
1229106
1229108
1229110
1229112
1229113
1229116
1229117
1229118
1229120
1229121
1229128
1229129
1229130
1229131
1229132
1229133
1229135
1229136
1229141
1229142
1229143
1229144
1229145
1229146
1229147
1229148
1229414
1229415
1229416
1229418
1229419
1229420
1229421
1229422
1229430
1229431
1229432
1229434
1229435
1229439
1229440
1229445
1229447
1229448
1229452
1229453
1229454
1229461
1229463
1229464
1229474
1229475
1229476
1229483
1229484
1229485
1229495
1229496
1229497
1229500
1229501
1229502
1229503
1229504
1229506
1229507
1229508
1229510
1229511
1229512
1229513
1229514
1229520
1229521
1229524
1229526
1229527
1229528
1229529
1229530
1229531
1229539
1229542
1229543
1229544
1229545
1229546
1229547
1229553
1229554
1229555
1229556
1229557
1229559
1229562
1229563
1229564
1229568
1229678
1229679
1229680
1229686
1229687
1229735
1229736
1229737
1229744
1229753
1229828
1229829
1229834
1229877
1229878
1229879
1229967
1229968
1230070
1230071
1230072
1230073
1230074
1230081
1230082
1230089
1230090
1230091
1230092
1230093
1230140
1230141
1230142
1230143
1230145
1230151
1230152
1230301
1230302
1230309
1230310
1230311
1230395
1230518
1230520
1230521
1230531
1230532
1230533
1230539
1230541
1230543
1230544
1230545
1230546
1230547
1230548
1230554
1230559
1230563
1230564
1230565
1230566
1230568
1230577
1230578
1230579
1230580
1230581
1230583
1230599
1230600
1230601
1230602
1230603
1230604
1230606
1230607
1230608
1230609
1230614
1230616
1230935
1230937
1230938
1230940
1230941
1230942
1230943
1230952
1230953
1230957
1230958
1230959
1230960
1230961
1230963
1230964
1230965
1230966
1230971
1230972
1230974
1230975
1230977
1230978
1230980
1230981
1230982
1230986
1230987
1230988
1230992
1230993
1230994
1230995
1230996
1230997
1230998
1230999
1231000
1231004
1231115
1231116
1231118
1231119
1231120
1231121
1231122
1231123
1231134
1231135
1231136
1231137
1231141
1231143
1231144
1231145
1231146
1231147
1231148
1231158
1231162
1231163
1231164
1231165
1231171
1231172
1231173
1231177
1231179
1231181
1231186
1231187
1231188
1231189
1231194
1231196
1231197
1231198
1231199
1231200
1231201
1231202
1231203
1231208
1231209
1231210
1231211
1231212
1231213
1231214
1231215
1231216
1231217
1231218
1231219
1231226
1231227
1231228
1231229
1231230
1231231
1231371
1231373
1231374
1231377
1231378
1231379
1231391
1231392
1231393
1231407
1231408
1231409
1231416
1231417
1231420
1231421
1231422
1231423
1231424
1231425
1231426
1231427
1231428
1231429
1231430
1231431
1231432
1231433
1231434
1231435
1231436
1231463
1231464
1231465
1231466
1231467
1231468
1231469
1231470
1231471
1231472
1231474
1231479
1231480
1231481
1231482
1231487
1231489
1231505
1231506
1231508
1231509
1231513
1231514
1231518
1231519
1231522
1231523
1231524
1231525
1231526
1231527
1231528
1231529
1231530
1231531
1231532
1231537
1231538
1231539
1231540
1231543
1231544
1231548
1231549
1231552
1231553
1231557
1231558
1231559
1231561
1231562
1231563
1231564
1231565
1231566
1231567
1231568
1231569
1231570
1231571
1231572
1231573
1231676
1231677
1231679
1231680
1231681
1231682
1231683
1231689
1231691
1231693
1231694
1231695
1231699
1231700
1231702
1231703
1231704
1231705
1231714
1231715
1231719
1231720
1231726
1231727
1231728
1231732
1231734
1231735
1231737
1231740
1231741
1231887
1231888
1231889
1231890
1231892
1231893
1231894
1231895
1231896
1231898
1231899
1231902
1231903
1231907
1231908
1231911
1231914
1231915
1231920
1231946
1231947
1231949
1231952
1231953
1231973
1231974
1231976
1231977
1231978
1231979
1231983
1231985
1231986
1231987
1231990
1231992
1231993
1231994
1231995
1231996
1231997
1232005
1232008
1232009
1232010
1232011
1232015
1232016
1232019
1232020
1232021
1232022
1232023
1232024
1232025
1232026
1232027
1232028
1232029
1232030
1232143
1232145
1232146
1232147
1232167
1232168
1232184
1232185
1232186
1232193
1232194
1232195
1232243
1232247
1232248
1232249
1232256
1232482
1232483
1232491
1232492
1232493
1232494
1232500
1232501
1232502
1232543
1232544
1232597
1232600
1232601
1232612
1232613
1232614
1232622
1232623
1232625
1232626
1232627
1232628
1232629
1232630
1232631
1232638
1232646
1232647
1232648
1232649
1232650
1232651
1232653
1232662
1232663
1232664
1232665
1232666
1232668
1232687
1232688
1232689
1232690
1232691
1232692
1232694
1232695
1232696
1232697
1232702
1232704
1233011
1233012
1233014
1233016
1233017
1233018
1233026
1233027
1233031
1233032
1233033
1233035
1233036
1233037
1233038
1233039
1233040
1233048
1233049
1233050
1233051
1233052
1233056
1233057
1233058
1233062
1233072
1233073
1233074
1233075
1233076
1233077
1233078
1233079
1233083
1233245
1233246
1233247
1233248
1233254
1233255
1233259
1233263
1233264
1233265
1233309
1233310
1233311
1233312
1233314
1233320
1233321
1233470
1233471
1233478
1233479
1233480
1233552
1233618
1233619
1233621
1233622
1233623
1233624
1233625
1233631
1233633
1233635
1233636
1233637
1233641
1233643
1233644
1233645
1233646
1233647
1233648
1233658
1233662
1233663
1233664
1233665
1233671
1233672
1233673
1233677
1233679
1233681
1233682
1233685
1233686
1233687
1233693
1233826
1233827
1233828
1233829
1233831
1233832
1233833
1233834
1233835
1233837
1233838
1233841
1233842
1233846
1233847
1233850
1233853
1233854
1233859
1233888
1233890
1233891
1233894
1233895
1233896
1233902
1233918
1233919
1233921
1233922
1233923
1233925
1233926
1233927
1233931
1233932
1233935
1233936
1233938
1233939
1233940
1233941
1233948
1233949
1233952
1233953
1233954
1233955
1233956
1233957
1233958
1233959
1233960
1233961
1233962
1233966
1233967
1234087
1234088
1234090
1234091
1234092
1234093
1234094
1234095
1234106
1234107
1234108
1234109
1234113
1234114
1234116
1234117
1234118
1234119
1234128
1234129
1234133
1234134
1234140
1234141
1234142
1234146
1234148
1234149
1234155
1234156
1234157
1234161
1234163
1234164
1234165
1234166
1234167
1234168
1234169
1234170
1234171
1234172
1234173
1234178
1234179
1234180
1234181
1234182
1234183
1234184
1234185
1234193
1234194
1234195
1234196
1234197
1234198
1234199
1234200
1234346
1234348
1234349
1234352
1234353
1234354
1234366
1234367
1234368
1234382
1234383
1234384
1234391
1234392
1234395
1234396
1234397
1234398
1234399
1234400
1234401
1234402
1234403
1234404
1234405
1234406
1234407
1234408
1234409
1234410
1234411
1234435
1234436
1234437
1234438
1234439
1234440
1234441
1234442
1234443
1234444
1234445
1234451
1234452
1234453
1234457
1234474
1234475
1234477
1234478
1234479
1234480
1234487
1234488
1234491
1234492
1234493
1234494
1234495
1234496
1234497
1234498
1234500
1234504
1234505
1234507
1234508
1234509
1234512
1234513
1234514
1234515
1234516
1234520
1234521
1234522
1234524
1234526
1234529
1234530
1234531
1234535
1234536
1234537
1234538
1234539
1234540
1234541
1234542
1234543
1234544
1234545
1234546
1234547
1234548
1234704
1234706
1234707
1234715
1234718
1234719
1234721
1234722
1234723
1234727
1234729
1234730
1234738
1234741
1234742
1234744
1234745
1234746
1234761
1234762
1234763
1234805
1234806
1234807
1234915
1234916
1234917
1234985
1234986
1234987
1235007
1235008
1235009
1235170
1235171
1235172
1235173
1235188
1235189
1235224
1235225
1235226
1235302
1235303
1235304
1235305
1235310
1235311
1235312
1235313
1235320
1235321
1235322
1235323
1235325
1235326
1235327
1235328
1235329
1235330
1235331
1235333
1235335
1235337
1235338
1235341
1235342
1235343
1235345
1235346
1235352
1235353
1235354
1235355
1235357
1235358
1235363
1235364
1235365
1235366
1235367
1235368
1235369
1235370
1235655
1235656
1235657
1235658
1235660
1235664
1235665
1235666
1235671
1235672
1235673
1235674
1235676
1235680
1235681
1235686
1235688
1235689
1235693
1235694
1235695
1235700
1235703
1235705
1235709
1235711
1235715
1235716
1235721
1235722
1235723
1235726
1235727
1235728
1235729
1235739
1235740
1235742
1235743
1235744
1235745
1235746
1235752
1235753
1235757
1235758
1235759
1235760
1235761
1235762
1235763
1235764
1235775
1235776
1235777
1235778
1235779
1235780
1235781
1235782
1235789
1235790
1235792
1235793
1235794
1235795
1235797
1235800
1235801
1235802
1235806
1236123
1236125
1236128
1236129
1236130
1236131
1236135
1236136
1236138
1236141
1236142
1236173
1236187
1236188
1236190
1236191
1236246
1236247
1236248
1236293
1236294
1236295
1236394
1236395
1236396
1236475
1236476
1236477
1236497
1236498
1236499
1236688
1236690
1236691
1236705
1236706
1236707
1236711
1236713
1236714
1236722
1236725
1236726
1236728
1236729
1236730
1236863
1236864
1236865
1236866
1236869
1236870
1236965
1236966
1236967
1236968
1236971
1236972
1236993
1236994
1236995
1236999
1237000
1237001
1237008
1237009
1237010
1237012
1237014
1237015
1237023
1237026
1237027
1237029
1237030
1237031
1237163
1237164
1237167
1237168
1237169
1237170
1237172
1237176
1237177
1237181
1237182
1237183
1237184
1237219
1237220
1237233
1237234
1237238
1237239
1237361
1237363
1237364
1237365
1237377
1237378
1237395
1237396
1237397
1237488
1237489
1237490
1237491
1237492
1237493
1237494
1237495
1237506
1237507
1237508
1237509
1237511
1237512
1237513
1237514
1237515
1237516
1237517
1237519
1237520
1237522
1237524
1237527
1237528
1237529
1237531
1237532
1237537
1237538
1237539
1237540
1237541
1237542
1237543
1237544
1237546
1237547
1237554
1237555
1237556
1237557
1237558
1237559
1237738
1237739
1237741
1237742
1237743
1237744
1237745
1237751
1237752
1237755
1237757
1237758
1237759
1237760
1237761
1237762
1237770
1237773
1237774
1237775
1237776
1237777
1237778
1237784
1237785
1237786
1237787
1237788
1237790
1237793
1237794
1237795
1237799
1237800
1237801
1237802
1237804
1237805
1237806
1237807
1237808
1237816
1237817
1237818
1237820
1237821
1237825
1237826
1237831
1237833
1237834
1237838
1237839
1237840
1237847
1237849
1237850
1237860
1237861
1237862
1237869
1237870
1237871
1237881
1237882
1237883
1237886
1237887
1237888
1237889
1237890
1237892
1237941
1237942
1237943
1237944
1237945
1237946
1237950
1237951
1237952
1237953
1237954
1237955
1237956
1237957
1237959
1237960
1237961
1237962
1237963
1237964
1237965
1237969
1237970
1237971
1237972
1237973
1237974
1237975
1237976
1237978
1237979
1237980
1237981
1237984
1237985
1237986
1237987
1237988
1237989
1237990
1237993
1237994
1237995
1238001
1238002
1238003
1238004
1238010
1238011
1238022
1238023
1238029
1238030
1238041
1238042
1238133
1238134
1238136
1238137
1238138
1238139
1238140
1238150
1238151
1238152
1238156
1238158
1238159
1238160
1238161
1238162
1238163
1238171
1238174
1238175
1238176
1238177
1238179
1238182
1238183
1238184
1238188
1238190
1238193
1238194
1238195
1238199
1238200
1238201
1238203
1238204
1238205
1238206
1238207
1238217
1238218
1238219
1238223
1238225
1238226
1238227
1238228
1238229
1238230
1238238
1238241
1238242
1238243
1238244
1238246
1238249
1238250
1238251
1238255
1238257
1238260
1238261
1238262
1238266
1238293
1238294
1238295
1238298
1238299
1238300
1238301
1238302
1238303
1238304
1238305
1238349
1238361
1238366
1238367
1238368
1238369
1238370
1238371
1238372
1238373
1238374
1238375
1238376
1238377
1238384
1238385
1238387
1238388
1238389
1238390
1238391
1238392
1238394
1238401
1238494
1238495
1238519
1238520
1238521
1238522
1238523
1238524
1238525
1238526
1238530
1238532
1238533
1238534
1238535
1238536
1238537
1238538
1238539
1238540
1238541
1238542
1238543
1238544
1238545
1238546
1238548
1238552
1238553
1238569
1238570
1238571
1238572
1238573
1238574
1238575
1238576
1238577
1238578
1238579
1238581
1238582
1238585
1238586
1238587
1238588
1238589
1238590
1238591
1238595
1238598
1238599
1238607
1238609
1238610
1238611
1238612
1238613
1238614
1238615
1238616
1238617
1238618
1238619
1238620
1238627
1238628
1238630
1238631
1238632
1238633
1238634
1238635
1238637
1238644
1238725
1238726
1238750
1238751
1238752
1238753
1238754
1238755
1238756
1238757
1238761
1238763
1238764
1238765
1238766
1238767
1238768
1238769
1238770
1238771
1238772
1238773
1238774
1238775
1238776
1238777
1238779
1238783
1238784
1238800
1238801
1238802
1238803
1238804
1238805
1238806
1238807
1238808
1238809
1238810
1238812
1238813
1238816
1238817
1238818
1238819
1238820
1238821
1238822
1238826
1238829
1238830
1238838
1238840
1238841
1238842
1238843
1238844
1238845
1238846
1238847
1238848
1238849
1238850
1238851
1238858
1238859
1238861
1238862
1238863
1238865
1238866
1238867
1238868
1238875
1238980
1238981
1238993
1238994
1238995
1238996
1238997
1238998
1238999
1239000
1239004
1239006
1239007
1239008
1239009
1239010
1239011
1239012
1239013
1239014
1239015
1239016
1239017
1239018
1239019
1239021
1239022
1239026
1239027
1239046
1239047
1239048
1239049
1239050
1239051
1239052
1239053
1239055
1239056
1239058
1239061
1239063
1239064
1239070
1239071
1239072
1239073
1239074
1239075
1239076
1239077
1239078
1239083
1239084
1239085
1239086
1239087
1239088
1239092
1239093
1239094
1239095
1239096
1239097
1239098
1239099
1239101
1239102
1239103
1239104
1239105
1239106
1239107
1239111
1239112
1239113
1239114
1239115
1239116
1239117
1239118
1239120
1239121
1239122
1239123
1239126
1239127
1239128
1239130
1239131
1239132
1239133
1239134
1239135
1239136
1239140
1239141
1239142
1239143
1239149
1239150
1239158
1239159
1239165
1239166
1239173
1239174
1239425
1239426
1239428
1239429
1239433
1239434
1239435
1239440
1239441
1239442
1239445
1239446
1239448
1239449
1239450
1239451
1239452
1239460
1239461
1239462
1239465
1239466
1239468
1239470
1239471
1239472
1239474
1239475
1239479
1239480
1239481
1239485
1239486
1239487
1239489
1239490
1239491
1239492
1239493
1239501
1239502
1239503
1239507
1239508
1239509
1239510
1239511
1239512
1239513
1239514
1239525
1239526
1239527
1239528
1239529
1239531
1239534
1239535
1239536
1239540
1239541
1239543
1239544
1239546
1239547
1239550
1239551
1239552
1239577
1239578
1239579
1239582
1239583
1239584
1239585
1239586
1239587
1239588
1239589
1239659
1239664
1239665
1239666
1239667
1239668
1239669
1239670
1239671
1239672
1239673
1239674
1239675
1239676
1239677
1239678
1239685
1239686
1239687
1239688
1239689
1239690
1239692
1239693
1239695
1239702
1239792
1239793
1239832
1239833
1239834
1239835
1239836
1239837
1239838
1239839
1239840
1239846
1239847
1239848
1239849
1239850
1239851
1239852
1239853
1239854
1239855
1239856
1239857
1239858
1239859
1239860
1239861
1239862
1239864
1239868
1239869
1239885
1239886
1239887
1239888
1239889
1239890
1239891
1239892
1239893
1239894
1239895
1239897
1239898
1239901
1239902
1239903
1239904
1239905
1239906
1239907
1239911
1239914
1239915
1239923
1240013
1240015
1240016
1240021
1240022
1240023
1240030
1240031
1240032
1240035
1240038
1240039
1240049
1240052
1240053
1240054
1240055
1240056
1240204
1240206
1240207
1240215
1240218
1240219
1240221
1240222
1240223
1240228
1240229
1240230
1240246
1240247
1240248
1240381
1240383
1240384
1240385
1240386
1240387
1240473
1240475
1240476
1240477
1240478
1240479
1240723
1240725
1240728
1240729
1240730
1240731
1240733
1240735
1240738
1240741
1240742
1240769
1240771
1240790
1240791
1240798
1240800
1240801
1240802
1240814
1240815
1240832
1240833
1240834
1240928
1240929
1240930
1240931
1240936
1240937
1240938
1240939
1240946
1240947
1240948
1240949
1240951
1240952
1240953
1240954
1240955
1240956
1240957
1240959
1240960
1240962
1240964
1240967
1240968
1240969
1240971
1240972
1240977
1240978
1240979
1240980
1240981
1240983
1240984
1240991
1240992
1240993
1240994
1240995
1240996
1241249
1241250
1241252
1241253
1241257
1241258
1241259
1241262
1241263
1241266
1241267
1241269
1241270
1241271
1241272
1241273
1241281
1241282
1241283
1241286
1241287
1241291
1241292
1241295
1241296
1241297
1241298
1241304
1241305
1241306
1241307
1241308
1241309
1241310
1241312
1241313
1241314
1241315
1241316
1241324
1241325
1241326
1241328
1241329
1241333
1241334
1241340
1241342
1241343
1241348
1241349
1241350
1241358
1241360
1241361
1241372
1241373
1241374
1241380
1241381
1241382
1241395
1241396
1241397
1241400
1241401
1241402
1241403
1241404
1241406
1241661
1241662
1241663
1241669
1241670
1241718
1241719
1241720
1241727
1241736
1241811
1241812
1241817
1241860
1241861
1241862
1241950
1241951
1242053
1242054
1242055
1242056
1242057
1242059
1242060
1242071
1242072
1242073
1242075
1242076
1242105
1242106
1242107
1242108
1242110
1242116
1242117
1242222
1242223
1242230
1242231
1242232
1242316
1242450
1242451
1242453
1242454
1242455
1242456
1242457
1242458
1242469
1242470
1242471
1242472
1242476
1242478
1242479
1242480
1242481
1242482
1242483
1242493
1242497
1242498
1242499
1242500
1242506
1242507
1242508
1242512
1242514
1242516
1242521
1242522
1242523
1242524
1242529
1242531
1242532
1242533
1242534
1242535
1242536
1242537
1242538
1242543
1242544
1242545
1242546
1242547
1242548
1242549
1242550
1242551
1242552
1242553
1242554
1242561
1242562
1242563
1242564
1242565
1242566
1242680
1242682
1242683
1242686
1242687
1242688
1242700
1242701
1242702
1242716
1242717
1242718
1242725
1242726
1242729
1242730
1242731
1242732
1242733
1242734
1242735
1242736
1242737
1242738
1242739
1242740
1242741
1242742
1242743
1242744
1242745
1242772
1242773
1242774
1242775
1242776
1242777
1242778
1242779
1242780
1242781
1242783
1242788
1242789
1242790
1242791
1242796
1242798
1242814
1242815
1242817
1242818
1242822
1242823
1242827
1242828
1242831
1242832
1242833
1242834
1242835
1242836
1242837
1242838
1242839
1242840
1242841
1242846
1242847
1242848
1242849
1242852
1242853
1242857
1242858
1242861
1242862
1242866
1242867
1242868
1242870
1242871
1242872
1242873
1242874
1242875
1242876
1242877
1242878
1242879
1242880
1242881
1242882
1243027
1243029
1243030
1243040
1243041
1243042
1243048
1243050
1243052
1243053
1243054
1243055
1243056
1243057
1243063
1243068
1243072
1243073
1243074
1243075
1243077
1243086
1243087
1243088
1243089
1243090
1243092
1243108
1243109
1243110
1243111
1243112
1243113
1243115
1243116
1243117
1243118
1243123
1243125
1243444
1243446
1243447
1243449
1243450
1243451
1243452
1243461
1243462
1243466
1243467
1243468
1243469
1243470
1243472
1243473
1243474
1243475
1243480
1243481
1243483
1243484
1243486
1243487
1243489
1243490
1243491
1243495
1243496
1243497
1243501
1243502
1243503
1243504
1243505
1243506
1243507
1243508
1243509
1243513
1243624
1243625
1243627
1243628
1243629
1243630
1243631
1243632
1243634
1243641
1243642
1243643
1243647
1243648
1243650
1243651
1243652
1243653
1243662
1243663
1243667
1243668
1243670
1243673
1243674
1243679
1243680
1243686
1243687
1243688
1243692
1243694
1243695
1243696
1243697
1243699
1243700
1243701
1243702
1243703
1243705
1243706
1243709
1243710
1243714
1243715
1243718
1243721
1243722
1243727
1243753
1243754
1243756
1243759
1243760
1243921
1243922
1243924
1243925
1243926
1243927
1243931
1243933
1243934
1243935
1243938
1243940
1243941
1243942
1243943
1243944
1243945
1243953
1243956
1243957
1243958
1243959
1243963
1243964
1243967
1243968
1243969
1243970
1243971
1243972
1243973
1243974
1243975
1243976
1243977
1243978
1244090
1244093
1244094
1244095
1244112
1244113
1244131
1244132
1244133
1244141
1244142
1244143
1244209
1244212
1244214
1244215
1244220
1244319
1244320
1244324
1244325
1244326
1244327
1244337
1244338
1244339
1244380
1244381
1244531
1244532
1244533
1244540
1244541
1244593
1244602
1244603
1244604
1244612
1244725
1244726
1244731
1244733
1244744
1244745
1244746
1244834
1244835
1244871
1244872
1244874
1244875
1244876
1244877
1244878
1244879
1244890
1244891
1244892
1244893
1244898
1244899
1244900
1244901
1244902
1244903
1244904
1244905
1244919
1244920
1244921
1244922
1244923
1244925
1244930
1244931
1244932
1244933
1244938
1244940
1244941
1244943
1244948
1244949
1244950
1244951
1244956
1244958
1244959
1244960
1244961
1244962
1244963
1244964
1244965
1244966
1244967
1244968
1244969
1244974
1244975
1244976
1244977
1244978
1244979
1244980
1244981
1244988
1244989
1244990
1244991
1244992
1244993
1245130
1245132
1245134
1245136
1245137
1245138
1245150
1245151
1245152
1245166
1245167
1245168
1245175
1245176
1245179
1245180
1245181
1245182
1245183
1245184
1245185
1245186
1245187
1245188
1245189
1245190
1245191
1245192
1245193
1245194
1245195
1245219
1245220
1245221
1245222
1245223
1245224
1245225
1245226
1245227
1245240
1245242
1245247
1245248
1245249
1245250
1245255
1245257
1245258
1245259
1245261
1245262
1245263
1245264
1245271
1245272
1245275
1245276
1245277
1245278
1245279
1245280
1245281
1245282
1245284
1245285
1245286
1245292
1245293
1245296
1245298
1245299
1245300
1245304
1245305
1245308
1245310
1245313
1245314
1245315
1245317
1245320
1245321
1245322
1245323
1245324
1245325
1245326
1245327
1245328
1245329
1245330
1245331
1245332
1245504
1245505
1245506
1245507
1245508
1245510
1245517
1245518
1245523
1245524
1245552
1245554
1245555
1245556
1245559
1245679
1245680
1245686
1245688
1245689
1245892
1245893
1245895
1245896
1245897
1245898
1245899
1245900
1245902
1245909
1245910
1245911
1245915
1245917
1245918
1245919
1245920
1245921
1245922
1245932
1245936
1245937
1245938
1245939
1245941
1245944
1245945
1245950
1245952
1245957
1245958
1245959
1245960
1245965
1245967
1245968
1245969
1245970
1245971
1245973
1245974
1245975
1245976
1245977
1245979
1245980
1245983
1245984
1245988
1245989
1245992
1245995
1245996
1246001
1246027
1246028
1246030
1246033
1246034
1246204
1246205
1246207
1246208
1246209
1246210
1246214
1246216
1246217
1246218
1246222
1246223
1246224
1246225
1246226
1246227
1246228
1246229
1246240
1246241
1246242
1246243
1246244
1246246
1246249
1246250
1246251
1246255
1246256
1246257
1246258
1246259
1246260
1246261
1246262
1246263
1246264
1246265
1246266
1246267
1246424
1246426
1246427
1246437
1246438
1246439
1246445
1246446
1246449
1246450
1246451
1246452
1246453
1246458
1246463
1246464
1246465
1246469
1246471
1246480
1246481
1246482
1246483
1246484
1246486
1246502
1246503
1246504
1246505
1246506
1246507
1246509
1246510
1246511
1246515
1246826
1246828
1246829
1246831
1246832
1246833
1246834
1246843
1246844
1246848
1246849
1246850
1246851
1246852
1246854
1246855
1246856
1246860
1246861
1246863
1246864
1246865
1246868
1246869
1246870
1246874
1246875
1246876
1246880
1246881
1246882
1246883
1246884
1246885
1246886
1246887
1247077
1247079
1247080
1247081
1247101
1247102
1247118
1247119
1247120
1247127
1247128
1247129
1247177
1247181
1247182
1247183
1247190
1247416
1247417
1247425
1247426
1247427
1247428
1247434
1247435
1247436
1247477
1247478
1247531
1247534
1247535
1247546
1247547
1247548
1247556
1247557
1247558
1247560
1247561
1247562
1247563
1247564
1247565
1247567
1247579
1247580
1247581
1247583
1247584
1247585
1247586
1247592
1247593
1247594
1247595
1247600
1247601
1247603
1247604
1247605
1247606
1247607
1247608
1247610
1247611
1247612
1247613
1247618
1247620
1247865
1247866
1247868
1247870
1247871
1247872
1247880
1247881
1247885
1247886
1247887
1247889
1247890
1247891
1247892
1247893
1247894
1247902
1247903
1247904
1247905
1247906
1247910
1247911
1247912
1247916
1247926
1247927
1247928
1247929
1247930
1247931
1247932
1247933
1247937
1248116
1248117
1248119
1248120
1248121
1248122
1248123
1248129
1248131
1248133
1248134
1248135
1248139
1248141
1248142
1248143
1248144
1248145
1248146
1248156
1248160
1248161
1248162
1248163
1248169
1248170
1248171
1248175
1248177
1248179
1248180
1248183
1248184
1248185
1248191
1248324
1248325
1248326
1248327
1248329
1248330
1248331
1248332
1248333
1248335
1248336
1248339
1248340
1248344
1248345
1248348
1248351
1248352
1248357
1248386
1248388
1248389
1248392
1248393
1248394
1248400
1248416
1248417
1248419
1248420
1248421
1248423
1248424
1248425
1248429
1248430
1248433
1248434
1248436
1248437
1248438
1248439
1248446
1248447
1248450
1248451
1248452
1248453
1248454
1248455
1248456
1248457
1248458
1248459
1248460
1248464
1248465
1248648
1248649
1248650
1248651
1248657
1248658
1248662
1248666
1248667
1248668
1248712
1248713
1248714
1248715
1248717
1248723
1248724
1248852
1248853
1248860
1248861
1248862
1248934
1249042
1249043
1249045
1249046
1249047
1249048
1249049
1249050
1249061
1249062
1249063
1249064
1249068
1249069
1249071
1249072
1249073
1249074
1249083
1249084
1249088
1249089
1249095
1249096
1249097
1249101
1249103
1249104
1249110
1249111
1249112
1249116
1249118
1249119
1249120
1249121
1249122
1249123
1249124
1249125
1249126
1249127
1249128
1249133
1249134
1249135
1249136
1249137
1249138
1249139
1249140
1249148
1249149
1249150
1249151
1249152
1249153
1249154
1249155
1249157
1249159
1249160
1249163
1249164
1249165
1249177
1249178
1249179
1249193
1249194
1249195
1249202
1249203
1249206
1249207
1249208
1249209
1249210
1249211
1249212
1249213
1249214
1249215
1249216
1249217
1249218
1249219
1249220
1249221
1249222
1249246
1249247
1249248
1249249
1249250
1249251
1249252
1249253
1249254
1249255
1249256
1249262
1249263
1249264
1249268
1249403
1249404
1249405
1249406
1249407
1249408
1249409
1249410
1249411
1249412
1249413
1249414
1249415
1249416
1249417
1249419
1249420
1249421
1249422
1249429
1249430
1249433
1249434
1249435
1249436
1249437
1249438
1249439
1249440
1249442
1249446
1249447
1249449
1249450
1249451
1249454
1249455
1249456
1249457
1249458
1249462
1249463
1249464
1249466
1249468
1249471
1249472
1249473
1249477
1249592
1249593
1249594
1249598
1249599
1249654
1249655
1249656
1249657
1249664
1249757
1249758
1249763
1249795
1249796
1249797
1249899
1249900
1249928
1249930
1249931
1249932
1249952
1249953
1249964
1249965
1249966
1249978
1249979
1249980
1250031
1250035
1250036
1250037
1250044
1250273
1250274
1250278
1250279
1250280
1250281
1250291
1250292
1250293
1250354
1250355
1250358
1250359
1250361
1250362
1250363
1250364
1250365
1250371
1250373
1250375
1250376
1250377
1250382
1250383
1250384
1250385
1250386
1250387
1250388
1250389
1250403
1250404
1250405
1250406
1250407
1250409
1250414
1250415
1250416
1250417
1250422
1250424
1250425
1250427
1250428
1250431
1250432
1250433
1250439
1250572
1250573
1250574
1250576
1250577
1250578
1250579
1250580
1250583
1250584
1250585
1250587
1250588
1250592
1250593
1250596
1250598
1250599
1250603
1250643
1250645
1250646
1250649
1250650
1250651
1250657
1250658
1250659
1250661
1250662
1250663
1250664
1250665
1250667
1250671
1250672
1250675
1250677
1250678
1250679
1250680
1250681
1250682
1250690
1250693
1250694
1250695
1250696
1250697
1250698
1250699
1250700
1250701
1250702
1250703
1250704
1250706
1250709
1250710
1250711
1250715
1250869
1250872
1250873
1250884
1250885
1250886
1250893
1250895
1250896
1250898
1250899
1250900
1250901
1250902
1250903
1250912
1250913
1250918
1250919
1250920
1250921
1250927
1250928
1250929
1250930
1250935
1250936
1250938
1250939
1250940
1250941
1250942
1250943
1250945
1250946
1250947
1250951
1251191
1251192
1251195
1251196
1251197
1251198
1251207
1251208
1251211
1251212
1251213
1251215
1251216
1251217
1251218
1251219
1251225
1251227
1251237
1251238
1251242
1251243
1251244
1251248
1251249
1251250
1251251
1251252
1251253
1251254
1251255
1251438
1251439
1251441
1251442
1251443
1251444
1251445
1251446
1251457
1251458
1251459
1251460
1251464
1251466
1251467
1251468
1251469
1251470
1251471
1251481
1251485
1251486
1251487
1251488
1251494
1251495
1251496
1251500
1251502
1251504
1251509
1251510
1251511
1251512
1251517
1251519
1251520
1251521
1251522
1251523
1251524
1251525
1251526
1251527
1251528
1251529
1251530
1251535
1251536
1251537
1251538
1251539
1251540
1251541
1251542
1251550
1251551
1251552
1251553
1251554
1251555
1251556
1251557
1251559
1251561
1251562
1251565
1251566
1251567
1251579
1251580
1251581
1251595
1251596
1251597
1251604
1251605
1251608
1251609
1251610
1251611
1251612
1251613
1251614
1251615
1251616
1251617
1251618
1251619
1251620
1251621
1251622
1251623
1251624
1251648
1251649
1251650
1251651
1251652
1251653
1251654
1251655
1251656
1251657
1251658
1251664
1251665
1251666
1251670
1251781
1251782
1251783
1251784
1251785
1251786
1251787
1251788
1251789
1251790
1251791
1251792
1251793
1251794
1251795
1251797
1251798
1251799
1251800
1251807
1251808
1251811
1251812
1251813
1251814
1251815
1251816
1251817
1251818
1251821
1251826
1251827
1251829
1251832
1251834
1251835
1251836
1251837
1251838
1251840
1251843
1251844
1251845
1251847
1251850
1251852
1251855
1251856
1251857
1251861
1252036
1252037
1252038
1252043
1252045
1252048
1252049
1252050
1252096
1252098
1252099
1252100
1252103
1252231
1252232
1252238
1252240
1252241
1252424
1252426
1252427
1252435
1252438
1252439
1252441
1252442
1252443
1252447
1252449
1252450
1252458
1252461
1252462
1252464
1252465
1252466
1252563
1252564
1252565
1252612
1252613
1252614
1252718
1252719
1252720
1252790
1252791
1252792
1252814
1252815
1252816
1252974
1252975
1252976
1252977
1252992
1252993
1253028
1253029
1253030
1253106
1253107
1253108
1253109
1253114
1253115
1253116
1253117
1253124
1253125
1253126
1253127
1253129
1253130
1253131
1253132
1253133
1253134
1253135
1253137
1253139
1253141
1253142
1253145
1253146
1253147
1253149
1253150
1253156
1253157
1253158
1253159
1253161
1253162
1253167
1253168
1253169
1253170
1253171
1253172
1253173
1253174
1253456
1253457
1253458
1253459
1253461
1253465
1253466
1253467
1253472
1253473
1253474
1253475
1253477
1253481
1253482
1253487
1253489
1253490
1253494
1253495
1253496
1253501
1253504
1253506
1253510
1253512
1253516
1253517
1253522
1253523
1253524
1253527
1253528
1253529
1253530
1253540
1253541
1253543
1253544
1253545
1253546
1253547
1253553
1253554
1253558
1253559
1253560
1253561
1253562
1253563
1253564
1253565
1253576
1253577
1253578
1253579
1253580
1253581
1253582
1253583
1253590
1253591
1253593
1253594
1253595
1253596
1253598
1253601
1253602
1253603
1253607
1253873
1253875
1253878
1253879
1253880
1253881
1253885
1253886
1253888
1253891
1253892
1253923
1253938
1253939
1253943
1253944
1253945
1253946
1253947
1253948
1253949
1253950
1253951
1253952
1253953
1253954
1253955
1253956
1253963
1253964
1253966
1253967
1253968
1253970
1253971
1253972
1253973
1253980
1254082
1254083
1254095
1254096
1254097
1254098
1254099
1254100
1254101
1254102
1254106
1254108
1254109
1254110
1254111
1254112
1254113
1254114
1254115
1254116
1254117
1254118
1254119
1254120
1254121
1254122
1254124
1254125
1254126
1254127
1254128
1254129
1254130
1254131
1254132
1254134
1254135
1254137
1254141
1254142
1254162
1254164
1254166
1254172
1254173
1254174
1254175
1254176
1254177
1254178
1254179
1254180
1254185
1254186
1254187
1254188
1254189
1254190
1254194
1254195
1254196
1254197
1254198
1254199
1254200
1254201
1254203
1254204
1254205
1254206
1254207
1254208
1254209
1254213
1254214
1254215
1254216
1254217
1254218
1254219
1254220
1254222
1254223
1254224
1254225
1254228
1254229
1254230
1254233
1254234
1254235
1254236
1254237
1254238
1254239
1254245
1254246
1254247
1254248
1254254
1254255
1254266
1254267
1254273
1254274
1254284
1254285
1254464
1254465
1254467
1254468
1254473
1254474
1254475
1254481
1254482
1254483
1254487
1254488
1254490
1254491
1254492
1254493
1254494
1254502
1254503
1254504
1254507
1254508
1254510
1254513
1254514
1254515
1254519
1254520
1254524
1254525
1254526
1254530
1254531
1254532
1254534
1254535
1254536
1254537
1254538
1254546
1254547
1254548
1254552
1254553
1254554
1254555
1254556
1254557
1254558
1254559
1254570
1254571
1254572
1254573
1254574
1254576
1254579
1254580
1254581
1254585
1254586
1254588
1254589
1254591
1254592
1254595
1254596
1254597
1254625
1254626
1254627
1254630
1254631
1254632
1254633
1254634
1254635
1254636
1254637
1254704
1254709
1254710
1254711
1254712
1254713
1254714
1254715
1254716
1254717
1254718
1254719
1254720
1254721
1254722
1254723
1254730
1254731
1254732
1254733
1254734
1254735
1254737
1254738
1254740
1254747
1254825
1254826
1254865
1254866
1254867
1254868
1254869
1254870
1254871
1254872
1254873
1254879
1254880
1254881
1254882
1254883
1254884
1254885
1254886
1254887
1254888
1254889
1254890
1254891
1254892
1254893
1254894
1254895
1254896
1254898
1254899
1254900
1254901
1254902
1254903
1254904
1254905
1254906
1254907
1254908
1254910
1254911
1254917
1254918
1254934
1254935
1254936
1254937
1254938
1254939
1254940
1254943
1254946
1254948
1254956
1254958
1254959
1254960
1254961
1254962
1254963
1254964
1254965
1254966
1254967
1254968
1254969
1254970
1254971
1254972
1254979
1254980
1254981
1254982
1254983
1254984
1254986
1254987
1254989
1254996
1255089
1255090
1255132
1255133
1255134
1255135
1255136
1255137
1255138
1255139
1255140
1255146
1255147
1255148
1255149
1255150
1255151
1255152
1255153
1255154
1255155
1255156
1255157
1255158
1255159
1255160
1255161
1255162
1255163
1255165
1255166
1255167
1255168
1255169
1255170
1255171
1255172
1255173
1255174
1255175
1255177
1255178
1255184
1255185
1255204
1255205
1255206
1255207
1255208
1255209
1255210
1255211
1255216
1255219
1255221
1255229
1255231
1255232
1255233
1255234
1255235
1255236
1255237
1255238
1255239
1255240
1255241
1255242
1255243
1255244
1255245
1255252
1255253
1255254
1255255
1255256
1255257
1255259
1255260
1255262
1255269
1255362
1255363
1255405
1255406
1255407
1255408
1255409
1255410
1255411
1255412
1255413
1255419
1255420
1255421
1255422
1255423
1255424
1255425
1255426
1255427
1255428
1255429
1255430
1255431
1255432
1255433
1255434
1255435
1255436
1255438
1255439
1255440
1255441
1255442
1255443
1255444
1255445
1255446
1255447
1255448
1255450
1255451
1255457
1255458
1255477
1255478
1255479
1255480
1255481
1255482
1255483
1255484
1255489
1255492
1255494
1255502
1255504
1255505
1255506
1255507
1255508
1255509
1255513
1255514
1255515
1255516
1255517
1255518
1255519
1255520
1255522
1255523
1255524
1255525
1255526
1255527
1255528
1255532
1255533
1255534
1255535
1255536
1255537
1255538
1255539
1255541
1255542
1255543
1255544
1255547
1255548
1255549
1255550
1255551
1255552
1255553
1255555
1255556
1255557
1255561
1255562
1255563
1255564
1255570
1255571
1255578
1255579
1255586
1255587
1255594
1255595
1255852
1255853
1255855
1255856
1255857
1255858
1255859
1255867
1255868
1255869
1255872
1255874
1255875
1255876
1255877
1255878
1255879
1255880
1255889
1255890
1255893
1255894
1255895
1255896
1255900
1255901
1255902
1255906
1255907
1255909
1255910
1255912
1255913
1255916
1255917
1255918
1255919
1255920
1255922
1255923
1255924
1255925
1255926
1255934
1255935
1255936
1255939
1255941
1255942
1255943
1255944
1255945
1255946
1255947
1255956
1255957
1255960
1255961
1255962
1255963
1255967
1255968
1255969
1255973
1255974
1255976
1255977
1255979
1255980
1255983
1255984
1255985
1256010
1256011
1256012
1256015
1256016
1256017
1256018
1256019
1256020
1256021
1256022
1256213
1256215
1256216
1256224
1256227
1256228
1256230
1256231
1256232
1256236
1256238
1256239
1256253
1256254
1256255
1256386
1256388
1256389
1256390
1256391
1256392
1256506
1256508
1256509
1256510
1256511
1256512
1256553
1256554
1256555
1256605
1256606
1256607
1256710
1256711
1256712
1256785
1256786
1256787
1256812
1256813
1256814
1256942
1256943
1256944
1256945
1256960
1256961
1256999
1257000
1257001
1257077
1257078
1257079
1257080
1257081
1257082
1257083
1257084
1257095
1257096
1257097
1257098
1257100
1257101
1257102
1257103
1257104
1257105
1257106
1257108
1257110
1257112
1257113
1257116
1257117
1257118
1257120
1257121
1257127
1257128
1257129
1257130
1257132
1257133
1257138
1257139
1257140
1257141
1257142
1257363
1257364
1257365
1257366
1257368
1257369
1257370
1257371
1257379
1257380
1257381
1257382
1257384
1257388
1257389
1257395
1257397
1257398
1257403
1257404
1257405
1257411
1257414
1257416
1257421
1257423
1257430
1257431
1257438
1257439
1257440
1257443
1257444
1257445
1257446
1257459
1257460
1257462
1257463
1257464
1257465
1257469
1257472
1257473
1257476
1257478
1257479
1257480
1257481
1257482
1257483
1257484
1257493
1257494
1257497
1257498
1257499
1257500
1257504
1257505
1257508
1257509
1257510
1257511
1257518
1257519
1257521
1257522
1257523
1257922
1257923
1257927
1257928
1257929
1257931
1257932
1257935
1257936
1257948
1257950
1257982
1258028
1258030
1258031
1258036
1258037
1258038
1258045
1258046
1258047
1258050
1258053
1258054
1258064
1258067
1258068
1258069
1258070
1258071
1258282
1258284
1258285
1258293
1258296
1258297
1258299
1258300
1258301
1258306
1258307
1258308
1258324
1258325
1258326
1258465
1258467
1258468
1258469
1258470
1258471
1258575
1258577
1258578
1258579
1258580
1258581
1258763
1258765
1258768
1258769
1258770
1258771
1258773
1258775
1258778
1258781
1258782
1258810
1258813
1258833
1258834
1258841
1258843
1258844
1258845
1258857
1258858
1258875
1258876
1258877
1258971
1258972
1258973
1258974
1258979
1258980
1258981
1258982
1258989
1258990
1258991
1258992
1258994
1258995
1258996
1258997
1258998
1258999
1259000
1259002
1259003
1259005
1259007
1259010
1259011
1259012
1259014
1259015
1259020
1259021
1259022
1259023
1259024
1259026
1259027
1259034
1259035
1259036
1259037
1259038
1259039
1259262
1259263
1259265
1259266
1259270
1259271
1259272
1259275
1259276
1259279
1259280
1259282
1259283
1259284
1259285
1259286
1259294
1259295
1259296
1259299
1259300
1259304
1259305
1259308
1259309
1259310
1259311
1259317
1259318
1259319
1259320
1259321
1259322
1259323
1259325
1259326
1259327
1259328
1259329
1259337
1259338
1259339
1259341
1259342
1259346
1259347
1259353
1259355
1259356
1259361
1259362
1259363
1259371
1259373
1259374
1259386
1259387
1259388
1259396
1259397
1259398
1259411
1259412
1259413
1259416
1259417
1259418
1259419
1259420
1259422
1259610
1259613
1259614
1259615
1259632
1259633
1259651
1259652
1259653
1259661
1259662
1259663
1259729
1259732
1259734
1259735
1259740
1259839
1259840
1259844
1259845
1259846
1259847
1259857
1259858
1259859
1259900
1259901
1260051
1260052
1260053
1260060
1260061
1260112
1260117
1260118
1260119
1260129
1260230
1260231
1260236
1260238
1260264
1260265
1260266
1260354
1260355
1260391
1260392
1260394
1260395
1260396
1260397
1260398
1260399
1260410
1260411
1260412
1260413
1260418
1260419
1260420
1260421
1260422
1260423
1260424
1260425
1260439
1260440
1260441
1260442
1260443
1260445
1260450
1260451
1260452
1260453
1260458
1260460
1260461
1260463
1260468
1260469
1260470
1260471
1260476
1260478
1260479
1260480
1260481
1260482
1260483
1260484
1260485
1260486
1260487
1260488
1260489
1260494
1260495
1260496
1260497
1260498
1260499
1260500
1260501
1260508
1260509
1260510
1260511
1260512
1260513
1260515
1260517
1260519
1260521
1260522
1260523
1260535
1260536
1260537
1260551
1260552
1260553
1260560
1260561
1260564
1260565
1260566
1260567
1260568
1260569
1260570
1260571
1260572
1260573
1260574
1260575
1260576
1260577
1260578
1260579
1260580
1260604
1260605
1260606
1260607
1260608
1260609
1260610
1260611
1260612
1260625
1260627
1260632
1260633
1260634
1260635
1260640
1260642
1260781
1260782
1260783
1260784
1260785
1260786
1260787
1260788
1260789
1260790
1260791
1260792
1260793
1260794
1260795
1260797
1260798
1260799
1260800
1260807
1260808
1260811
1260812
1260813
1260814
1260815
1260816
1260817
1260818
1260820
1260821
1260822
1260828
1260829
1260832
1260834
1260835
1260836
1260840
1260841
1260844
1260846
1260849
1260850
1260851
1260853
1260961
1260962
1260964
1260965
1260966
1260967
1260968
1260969
1260971
1260978
1260979
1260980
1260984
1260986
1260987
1260988
1260989
1260990
1260991
1261001
1261005
1261006
1261007
1261008
1261010
1261013
1261014
1261019
1261021
1261026
1261027
1261028
1261029
1261034
1261036
1261037
1261038
1261039
1261040
1261042
1261043
1261044
1261045
1261046
1261048
1261049
1261052
1261053
1261057
1261058
1261061
1261064
1261065
1261070
1261096
1261097
1261099
1261102
1261103
1261273
1261274
1261276
1261277
1261278
1261279
1261283
1261285
1261286
1261287
1261291
1261292
1261293
1261294
1261295
1261296
1261297
1261298
1261309
1261310
1261311
1261312
1261313
1261315
1261318
1261319
1261320
1261324
1261325
1261326
1261327
1261328
1261329
1261330
1261331
1261332
1261333
1261334
1261335
1261336
1261535
1261536
1261537
1261538
1261539
1261541
1261548
1261549
1261554
1261555
1261583
1261585
1261586
1261587
1261590
1261710
1261711
1261717
1261719
1261720
1261959
1261961
1261962
1261972
1261973
1261974
1261980
1261981
1261983
1261985
1261986
1261987
1261988
1261989
1261997
1261998
1262000
1262004
1262005
1262011
1262012
1262013
1262014
1262019
1262020
1262022
1262023
1262024
1262025
1262026
1262027
1262029
1262030
1262031
1262035
1262284
1262286
1262287
1262289
1262290
1262291
1262292
1262301
1262302
1262306
1262307
1262308
1262309
1262310
1262312
1262313
1262314
1262318
1262319
1262321
1262322
1262323
1262326
1262327
1262328
1262332
1262333
1262334
1262338
1262339
1262340
1262341
1262342
1262343
1262344
1262345
1262546
1262547
1262548
1262552
1262553
1262608
1262609
1262610
1262611
1262618
1262711
1262712
1262717
1262749
1262750
1262751
1262853
1262854
1262881
1262884
1262885
1262886
1262903
1262904
1262918
1262919
1262920
1262932
1262933
1262934
1262985
1262989
1262990
1262991
1262998
1263113
1263114
1263118
1263119
1263120
1263121
1263131
1263132
1263133
1263194
1263195
1263312
1263313
1263315
1263316
1263317
1263318
1263319
1263320
1263322
1263329
1263330
1263331
1263336
1263337
1263338
1263339
1263340
1263341
1263342
1263343
1263357
1263358
1263359
1263360
1263361
1263363
1263364
1263367
1263368
1263369
1263375
1263376
1263378
1263383
1263384
1263385
1263386
1263391
1263393
1263394
1263395
1263396
1263398
1263399
1263400
1263401
1263402
1263405
1263406
1263407
1263409
1263410
1263414
1263415
1263418
1263420
1263421
1263425
1263465
1263467
1263468
1263471
1263472
1263473
1263479
1263605
1263606
1263608
1263609
1263610
1263611
1263612
1263614
1263618
1263619
1263622
1263624
1263625
1263626
1263627
1263628
1263629
1263637
1263640
1263641
1263642
1263643
1263644
1263645
1263646
1263647
1263648
1263649
1263650
1263651
1263653
1263656
1263657
1263658
1263662
1263795
1263796
1263798
1263799
1263800
1263801
1263802
1263803
1263814
1263815
1263816
1263817
1263821
1263823
1263824
1263825
1263826
1263827
1263828
1263838
1263842
1263843
1263844
1263845
1263851
1263852
1263853
1263857
1263859
1263861
1263866
1263867
1263868
1263869
1263874
1263876
1263877
1263878
1263879
1263880
1263881
1263882
1263883
1263884
1263885
1263886
1263887
1263892
1263893
1263894
1263895
1263896
1263897
1263898
1263899
1263907
1263908
1263909
1263910
1263911
1263912
1263913
1263914
1263916
1263918
1263919
1263922
1263923
1263924
1263936
1263937
1263938
1263952
1263953
1263954
1263961
1263962
1263965
1263966
1263967
1263968
1263969
1263970
1263971
1263972
1263973
1263974
1263975
1263976
1263977
1263978
1263979
1263980
1263981
1264005
1264006
1264007
1264008
1264009
1264010
1264011
1264012
1264013
1264014
1264015
1264021
1264022
1264023
1264027
1264197
1264198
1264199
1264200
1264201
1264202
1264203
1264204
1264205
1264206
1264207
1264208
1264209
1264210
1264211
1264213
1264214
1264215
1264216
1264223
1264224
1264227
1264228
1264229
1264230
1264231
1264232
1264233
1264234
1264237
1264242
1264243
1264245
1264248
1264250
1264251
1264252
1264253
1264254
1264256
1264259
1264260
1264261
1264263
1264266
1264268
1264271
1264272
1264273
1264277
1264419
1264422
1264423
1264434
1264435
1264436
1264443
1264445
1264446
1264448
1264449
1264450
1264451
1264452
1264453
1264462
1264463
1264468
1264469
1264470
1264471
1264477
1264478
1264479
1264480
1264485
1264486
1264488
1264489
1264490
1264491
1264492
1264493
1264495
1264496
1264497
1264501
1264726
1264727
1264730
1264731
1264732
1264733
1264742
1264743
1264746
1264747
1264748
1264750
1264751
1264752
1264753
1264754
1264760
1264762
1264772
1264773
1264777
1264778
1264779
1264783
1264784
1264785
1264786
1264787
1264788
1264789
1264790
1265039
1265040
1265041
1265042
1265044
1265050
1265051
1265053
1265084
1265086
1265087
1265088
1265091
1265208
1265209
1265215
1265217
1265218
1265428
1265429
1265430
1265480
1265481
1265482
1265585
1265586
1265587
1265660
1265661
1265662
1265687
1265688
1265689
1265854
1265856
1265857
1265865
1265868
1265869
1265871
1265872
1265873
1265877
1265879
1265880
1265894
1265895
1265896
1266027
1266029
1266030
1266031
1266032
1266033
1266147
1266149
1266150
1266151
1266152
1266153
1266271
1266273
1266274
1266275
1266287
1266288
1266306
1266307
1266308
1266407
1266408
1266409
1266410
1266411
1266412
1266413
1266414
1266425
1266426
1266427
1266428
1266430
1266431
1266432
1266433
1266434
1266435
1266436
1266438
1266439
1266441
1266443
1266446
1266447
1266448
1266450
1266451
1266456
1266457
1266458
1266459
1266460
1266462
1266463
1266469
1266470
1266471
1266472
1266701
1266702
1266704
1266705
1266706
1266707
1266711
1266714
1266715
1266718
1266720
1266721
1266722
1266723
1266724
1266725
1266726
1266735
1266736
1266739
1266740
1266741
1266742
1266746
1266747
1266750
1266751
1266752
1266753
1266760
1266761
1266763
1266764
1266765
1266766
1266767
1266768
1266769
1266771
1266772
1266773
1266774
1266782
1266783
1266784
1266785
1266787
1266791
1266792
1266798
1266800
1266801
1266806
1266807
1266808
1266814
1266817
1266819
1266824
1266826
1266833
1266834
1266841
1266842
1266843
1266846
1266847
1266848
1266849
1267163
1267164
1267168
1267169
1267170
1267172
1267173
1267176
1267177
1267189
1267191
1267223
1270383
1270387
1270616
1270620
1271241
1271245
1275376
1275380
1275618
1275627
1275860
1275869
1278082
1278083
1278084
1278096
1278098
1278099
1278103
1278104
1278155
1278156
1278157
1278159
1278160
1278161
1278162
1278164
1278181
1278182
1278183
1278184
1278185
1278187
1278188
1278189
1278191
1278208
1278209
1278210
1278211
1278212
1278214
1278215
1278216
1278217
1278219
1278226
1278227
1278228
1278230
1278247
1278248
1278249
1278250
1278252
1278259
1278260
1278261
1278262
1278264
1278278
1278279
1278280
1278292
1278294
1278295
1278299
1278300
1278304
1278305
1278306
1278308
1278325
1278326
1278327
1278328
1278329
1278331
1278332
1278333
1278334
1278336
1278349
1278350
1278351
1278352
1278353
1278355
1278356
1278357
1278358
1278359
1278367
1278368
1278369
1278371
1278372
1278391
1278392
1278393
1278394
1278395
1278397
1278398
1278399
1278400
1278402
1278415
1278416
1278417
1278419
1278420
1278432
1278433
1278462
1278463
1278464
1278466
1278483
1278484
1278485
1278486
1278488
1278495
1278496
1278497
1278498
1278500
1278507
1278508
1278509
1278510
1278512
1278513
1278514
1278515
1278516
1278517
1278531
1278532
1278533
1278535
1278536
1278545
1278546
1283741
1283742
1283812
1284319
1284320
1284391
1284392
1284462
1285031
1285032
1285524
1285525
1285526
1285527
1285528
1285529
1285531
1285532
1285533
1285536
1285537
1285538
1285539
1285540
1285541
1285542
1285543
1285544
1285545
1285546
1285547
1285548
1285549
1285550
1285551
1285552
1285553
1285554
1285555
1285556
1285557
1285558
1285559
1285560
1285561
1285562
1285563
1285564
1285565
1285566
1285567
1285568
1285569
1285570
1285571
1285572
1285573
1285574
1285575
1285576
1285577
1285578
1285579
1285591
1285592
1285593
1285594
1285595
1285596
1285598
1285599
1285600
1285604
1285605
1285606
1285607
1285608
1285609
1285610
1285611
1285612
1285613
1285614
1285615
1285616
1285617
1285618
1285619
1285620
1285621
1285622
1285623
1285624
1285625
1285626
1285627
1285628
1285629
1285630
1285631
1285632
1285633
1285634
1285635
1285636
1285637
1285638
1285639
1285640
1285641
1285642
1285643
1285644
1285654
1285655
1285656
1285657
1285658
1285659
1285661
1285662
1285663
1285666
1285667
1285668
1285669
1285670
1285671
1285672
1285673
1285674
1285675
1285676
1285677
1285678
1285679
1285680
1285681
1285682
1285683
1285684
1285685
1285686
1285687
1285688
1285689
1285690
1285691
1285692
1285693
1285694
1285695
1285696
1285697
1285698
1285699
1285700
1285701
1285702
1285703
1285704
1285705
1285706
1285707
1285708
1285709
1285721
1285722
1285723
1285724
1285725
1285726
1285728
1285729
1285730
1285734
1285735
1285736
1285737
1285738
1285739
1285740
1285741
1285742
1285743
1285744
1285745
1285746
1285747
1285748
1285749
1285750
1285751
1285752
1285753
1285754
1285755
1285756
1285757
1285758
1285759
1285760
1285761
1285762
1285763
1285764
1285765
1285766
1285767
1285768
1285769
1285770
1285771
1285772
1285773
1285774
1285775
1285776
1285777
1285778
1285779
1285780
1285781
1285782
1285783
1285784
1285785
1285786
1285787
1285788
1285789
1285790
1285791
1285792
1285793
1285794
1285795
1285796
1285797
1285798
1285799
1285800
1285801
1285802
1285803
1285804
1285805
1285806
1285807
1285808
1285809
1285810
1285811
1285812
1285813
1285814
1285815
1285816
1285817
1285818
1285830
1285831
1285832
1285833
1285834
1285835
1285837
1285838
1285839
1285843
1285844
1285845
1285846
1285847
1285848
1285849
1285850
1285851
1285852
1285853
1285854
1285855
1285856
1285857
1285858
1285859
1285860
1285861
1285862
1285863
1285864
1285865
1285866
1285867
1285868
1285869
1285870
1285871
1285872
1285873
1285874
1285875
1285876
1285877
1285878
1285879
1285880
1285881
1285882
1285883
1285895
1285896
1285897
1285898
1285899
1285900
1285902
1285903
1285904
1285908
1285909
1285910
1285911
1285912
1285913
1285914
1285915
1285916
1285917
1285918
1285919
1285920
1285921
1285922
1285923
1285924
1285925
1285926
1285927
1285928
1285929
1285930
1285931
1285932
1285933
1285934
1285935
1285936
1285937
1285938
1285939
1285940
1285941
1285942
1285943
1285944
1285945
1285946
1285947
1285948
1285949
1285950
1285951
1285963
1285964
1285965
1285966
1285967
1285968
1285970
1285971
1285972
1285976
1285977
1285978
1285979
1285980
1285981
1285982
1285983
1285984
1285985
1285986
1285987
1285988
1285989
1285990
1285991
1285992
1285993
1285994
1285995
1285996
1285997
1285998
1285999
1286000
1286001
1286002
1286003
1286004
1286005
1286006
1286007
1286008
1286009
1286010
1286011
1286012
1286013
1286014
1286015
1286016
1286028
1286029
1286030
1286031
1286032
1286033
1286035
1286036
1286037
1286273
1286274
1286285
1286286
1286291
1286292
1286293
1286294
1286295
1286297
1286314
1286315
1286316
1286317
1286319
1286326
1286327
1286328
1286329
1286331
1286338
1286339
1286340
1286341
1286342
1286344
1286345
1286346
1286347
1286349
1286362
1286363
1286364
1286366
1286367
1286441
1286442
1286443
1286444
1286446
1286447
1286448
1286449
1286451
1286463
1286464
1286465
1286467
1286468
1286474
1286475
1286476
1286478
1286495
1286496
1286497
1286498
1286500
1286507
1286508
1286509
1286510
1286512
1286716
1286717
1286718
1286720
1286737
1286738
1286739
1286740
1286742
1286749
1286750
1286751
1286752
1286754
1286756
1286757
1286768
1286769
1286774
1286775
1286782
1286783
1286784
1286785
1286787
1286788
1286789
1286790
1286791
1286792
1286806
1286807
1286808
1286810
1286811
1286885
1286886
1286887
1286888
1286890
1286891
1286892
1286893
1286895
1286912
1286913
1286914
1286916
1286917
1286919
1286920
1286931
1286933
1286934
1286937
1286938
1287162
1287163
1287164
1287165
1287167
1287168
1287169
1287170
1287172
1287184
1287185
1287186
1287188
1287189
1287216
1287217
1287218
1287220
1287237
1287238
1287239
1287240
1287242
1287249
1287250
1287251
1287252
1287254
1287293
1287294
1287304
1287306
1287309
1287310
1287313
1287314
1287315
1287317
1287334
1287335
1287336
1287337
1287339
1287346
1287347
1287348
1287349
1287351
1287590
1287591
1287592
1287593
1287595
1287596
1287597
1287598
1287600
1287617
1287618
1287619
1287621
1287622
1287645
1287646
1287657
1287659
1287660
1287663
1287664
1287708
1287709
1287710
1287712
1287729
1287730
1287731
1287732
1287734
1287741
1287742
1287743
1287744
1287746
1287748
1287749
1287759
1287761
1287764
1287765
1289098
1289099
1289100
1289102
1289103
1289104
1289105
1289106
1289107
1289108
1289109
1289110
1289111
1289112
1289113
1289114
1289115
1289117
1289118
1289119
1289121
1289122
1289123
1289125
1289126
1289127
1289128
1289129
1289130
1289131
1289132
1289133
1289134
1289135
1289136
1289138
1289139
1289184
1289185
1289186
1289188
1289189
1289190
1289191
1289192
1289193
1289194
1289195
1289196
1289197
1289198
1289199
1289200
1289201
1289203
1289204
1289205
1289207
1289208
1289209
1289211
1289212
1289213
1289214
1289215
1289216
1289217
1289218
1289219
1289220
1289221
1289222
1289223
1289224
1289226
1289227
1289228
1289230
1289231
1289232
1289234
1289235
1289236
1289237
1289238
1289239
1289240
1289241
1289242
1289243
1289244
1289245
1289247
1289248
1289250
1289251
1289252
1289254
1289255
1289256
1289257
1289258
1289259
1289260
1289261
1289262
1289263
1289264
1289265
1289267
1289268
1289307
1289308
1289309
1289311
1289312
1289313
1289314
1289315
1289316
1289317
1289318
1289319
1289320
1289321
1289322
1289323
1289324
1289326
1289327
1289328
1289330
1289331
1289332
1289334
1289335
1289336
1289337
1289338
1289339
1289340
1289341
1289342
1289343
1289344
1289345
1289347
1289348
1292608
1292610
1292611
1292612
1292613
1292614
1292615
1292620
1292621
1292634
1292636
1292637
1292638
1292639
1292796
1292798
1292799
1292800
1292801
1292802
1292803
1292823
1292824
1292837
1292839
1292840
1292841
1292842
1293072
1293073
1293074
1293076
1293077
1293078
1293089
1293090
1293091
1294163
1294164
1294165
1294338
1294339
1294340
1294341
1294342
1294343
1294344
1294345
1294346
1294347
1294348
1294349
1294350
1294351
1294352
1294353
1294354
1294355
1294356
1294357
1294358
1294359
1294360
1294361
1294385
1294386
1294387
1294388
1294389
1294390
1294391
1294392
1294393
1294394
1294395
1294396
1294464
1294465
1294466
1294467
1294468
1294469
1294470
1294471
1294472
1294643
1294644
1294646
1294647
1294658
1294659
1294820
1294821
1294823
1294824
1294835
1294836
1295042
1295043
1295045
1295046
1295057
1295058
1295837
1295838
1295839
1295840
1295841
1295842
1295843
1295844
1295845
1295846
1295847
1295848
1295849
1295850
1295851
1295853
1295854
1295855
1295856
1295857
1295858
1295859
1295860
1295861
1295862
1295863
1295864
1295865
1295866
1295867
1295868
1295869
1295870
1295871
1295872
1295873
1295874
1295875
1295876
1295877
1295878
1295879
1295880
1295882
1295883
1295884
1295885
1295886
1295887
1295888
1295889
1295890
1295891
1295892
1295893
1295894
1295895
1295896
1295898
1295899
1295900
1295901
1295902
1295903
1295904
1295905
1295906
1295907
1295908
1295909
1295910
1295911
1295912
1295914
1295915
1295916
1295917
1295918
1295919
1295920
1295921
1295922
1295923
1295924
1295925
1295926
1295927
1295928
1295930
1295931
1295932
1295933
1295934
1295935
1295936
1295937
1295938
1295939
1295940
1295941
1295942
1295943
1295944
1295946
1295947
1295948
1295949
1295950
1295951
1295952
1295953
1295954
1295955
1295956
1295957
1295958
1296087
1296088
1296101
1296102
1296105
1296106
1296253
1296254
1296257
1296258
1296323
1296324
1296337
1296338
1296341
1296342
1296489
1296491
1296492
1296493
1296494
1296499
1296500
1296512
1296514
1296515
1296516
1296775
1296776
1296779
1296780
1296782
1296783
1296796
1296798
1296799
1296800
1296801
1296950
1296952
1296953
1296954
1297001
1297003
1297004
1297005
1297006
1297011
1297012
1297024
1297026
1297027
1297028
1297166
1297167
1297180
1297182
1297183
1297184
1297185
1297334
1297336
1297337
1297338
1302400
1302401
1302402
1302576
1302577
1302578
1302579
1302587
1302588
1302626
1302627
1302628
1303237
1303238
1303240
1303241
1303242
1303248
1303250
1303251
1303252
1303253
1303254
1303255
1303256
1303259
1303260
1303262
1303263
1303264
1303270
1303272
1303273
1303274
1303275
1303276
1303277
1303278
1303281
1303283
1303284
1303285
1303286
1303293
1303294
1303295
1303296
1303297
1303298
1303299
1303300
1303303
1303305
1303306
1303307
1303308
1303314
1303316
1303317
1303318
1303319
1303320
1303321
1303322
1303437
1303439
1303440
1303441
1303442
1303449
1303450
1303451
1303452
1303453
1303454
1303455
1303456
1303472
1303474
1303475
1303476
1303477
1303483
1303485
1303486
1303487
1303488
1303489
1303490
1303491
1303495
1303496
1303497
1303498
1303499
1303506
1303507
1303508
1303509
1303510
1303511
1303512
1303513
1303517
1303518
1303519
1303520
1303521
1303528
1303529
1303530
1303531
1303532
1303533
1303534
1303535
1305037
1305039
1305040
1305041
1305042
1305043
1305095
1305097
1305098
1305100
1305108
1305109
1305120
1305122
1305123
1305126
1305221
1305223
1305224
1305225
1305226
1305227
1305298
1305300
1305301
1305303
1305310
1305311
1305313
1305327
1305328
1305329
1305330
1305332
1305333
1305334
1305336
1305342
1305343
1305345
1305359
1305360
1305361
1305362
1305364
1305365
1305366
1305368
1305378
1305379
1305380
1305381
1305383
1305384
1305385
1305386
1305394
1305396
1305397
1305412
1305413
1305415
1305416
1305417
1305418
1305420
1305435
1305436
1305437
1305438
1305445
1305446
1305447
1305449
1305450
1305451
1305452
1305458
1305459
1305461
1305462
1305472
1305473
1305475
1305489
1305490
1305491
1305492
1305494
1305495
1305497
1305507
1305508
1305510
1305511
1305512
1305513
1305515
1305530
1305531
1305532
1305533
1305611
1305612
1305613
1305615
1305616
1305617
1305618
1305619
1305620
1305633
1305634
1305636
1305637
1305644
1305645
1305647
1305658
1305659
1305660
1305661
1305663
1305664
1305666
1305672
1305673
1305684
1305686
1305687
1305690
1305777
1305778
1305779
1305781
1305782
1305783
1305784
1305790
1305791
1305793
1305794
1305808
1305809
1305811
1305812
1305813
1305814
1305816
1305831
1305832
1305833
1305834
1305836
1305837
1305839
1305853
1305854
1305855
1305856
1305858
1305859
1305861
1305867
1305868
1305869
1305871
1305886
1305887
1305888
1305890
1305891
1305892
1305894
1305899
1305900
1305901
1305903
1305918
1305919
1305920
1305922
1305923
1305924
1305926
1305935
1305936
1305938
1305939
1305940
1305942
1305955
1305956
1305957
1305959
1305960
1305961
1305963
1305979
1305980
1305981
1305982
1305984
1305985
1305986
1305988
1305999
1306000
1306001
1306003
1306004
1306005
1306006
1306007
1306008
1306021
1306022
1306024
1306025
1306037
1306038
1306040
1306049
1306050
1306051
1306052
1306054
1306055
1306057
1306065
1306079
1306080
1306082
1306083
1306084
1306085
1306087
1306102
1306103
1306104
1306105
1306183
1306184
1306185
1306187
1306188
1306189
1306190
1306191
1306192
1306205
1306206
1306208
1306209
1306216
1306217
1306219
1306230
1306231
1306232
1306233
1306235
1306236
1306238
1306248
1306249
1306250
1306252
1306253
1306254
1306255
1306256
1306257
1306270
1306271
1306273
1306274
1306281
1306282
1306283
1306285
1306301
1306302
1306303
1306304
1306306
1306307
1306308
1306310
1306321
1306322
1306324
1306333
1306334
1306335
1306336
1306338
1306339
1306341
1306441
1325006
1328210
1328742
1332289
1345022
1345023
1345024
1345025
1345026
1345027
1345028
1345029
1345030
1345031
1345032
1345033
1345034
1345035
1345036
1345037
1345038
1345039
1345040
1345044
1345045
1345046
1345047
1345048
1345049
1345050
1345051
1345053
1345055
1345056
1345057
1345059
1345060
1345061
1345062
1345063
1345064
1345065
1345066
1345067
1345068
1345069
1345070
1345071
1345072
1345073
1345074
1345075
1345076
1345079
1345080
1345081
1345082
1345083
1345084
1345085
1345086
1345087
1345088
1345089
1345090
1345092
1345093
1345094
1345095
1345096
1345097
1345098
1345099
1345100
1345104
1345105
1345106
1345107
1345108
1345109
1345110
1345111
1345113
1345115
1345119
1345120
1345121
1345122
1345123
1345124
1345125
1345126
1345128
1345130
1345131
1345132
1345134
1345135
1345136
1345137
1345138
1345139
1345140
1345141
1345142
1345146
1345147
1345148
1345149
1345150
1345151
1345152
1345153
1345155
1345157
1345158
1345159
1345161
1345162
1345163
1345164
1345165
1345166
1345167
1345168
1345169
1345170
1345171
1345173
1345174
1345175
1345176
1345177
1345178
1345179
1345180
1345181
1345185
1345186
1345187
1345188
1345189
1345190
1345191
1345192
1345194
1345196
1345197
1345198
1345200
1345201
1345202
1345203
1345204
1345205
1345206
1345207
1345208
1345212
1345213
1345214
1345215
1345216
1345217
1345218
1345219
1345221
1345223
1345542
1345552
1345554
1345555
1345557
1345637
1345638
1345640
1345641
1345642
1345643
1345645
1345660
1345661
1345662
1345663
1345741
1345742
1345743
1345745
1345746
1345747
1345748
1345749
1345750
1345763
1345764
1345766
1345767
1345774
1345775
1345777
1345788
1345789
1345790
1345791
1345793
1345794
1345796
1345801
1345802
1345803
1345805
1345821
1345822
1345823
1345824
1345826
1345827
1345828
1345830
1345841
1345842
1345843
1345845
1345846
1345847
1345848
1345849
1345861
1345862
1345864
1345865
1345875
1345876
1345878
1345887
1345888
1345889
1345891
1345892
1345894
1345927
1345929
1345930
1345931
1345983
1345985
1345986
1345988
1345995
1345996
1345997
1345999
1346014
1346015
1346016
1346018
1346019
1346020
1346022
1346032
1346033
1346034
1346036
1346037
1346038
1346039
1346040
1346041
1346054
1346055
1346057
1346058
1346070
1346071
1346073
1346082
1346083
1346084
1346085
1346087
1346088
1346090
1346100
1346101
1346103
1346104
1346105
1346106
1346108
1346123
1346124
1346125
1346126
1346204
1346205
1346206
1346208
1346209
1346210
1346211
1346212
1346224
1346225
1346227
1346228
1346234
1346235
1346237
1346247
1346248
1346249
1346251
1346252
1346254
1346263
1346273
1346275
1346276
1346277
1346278
1346283
1346297
1346299
1346300
1346301
1346302
1346373
1346573
1346574
1346576
1346577
1346578
1346579
1346581
1346596
1346597
1346598
1346599
1346677
1346678
1346679
1346681
1346682
1346683
1346684
1346685
1346686
1346699
1346700
1346702
1346703
1346710
1346711
1346713
1346724
1346725
1346726
1346727
1346729
1346730
1346732
1346738
1346748
1346750
1346751
1346753
1346834
1346835
1346836
1346838
1346839
1346840
1346841
1346842
1346854
1346855
1346857
1346858
1346864
1346865
1346866
1346868
1346884
1346885
1346886
1346887
1346889
1346890
1346891
1346893
1346903
1346904
1346906
1346915
1346916
1346917
1346919
1346920
1346922
1346939
1346941
1346942
1346943
1347011
1347013
1347014
1347016
1347028
1347029
1347030
1347032
1347033
1347034
1347035
1347037
1347053
1347054
1347056
1347057
1347058
1347059
1347060
1347062
1347077
1347078
1347080
1347085
1347086
1347087
1347089
1347094
1347095
1347097
1347106
1347107
1347109
1347114
1347115
1347117
1347119
1347129
1347131
1347132
1347134
1347591
1347592
1347593
1347595
1347610
1347611
1347612
1347614
1347615
1347616
1347618
1347628
1347629
1347630
1347632
1347633
1347634
1347635
1347636
1347637
1347650
1347651
1347653
1347654
1347666
1347667
1347669
1347678
1347679
1347680
1347681
1347683
1347684
1347686
1347720
1347722
1347723
1347724
1347776
1347778
1347779
1347781
1347792
1347793
1347795
1347796
1347797
1347798
1347800
1347815
1347816
1347817
1347818
1347896
1347897
1347898
1347900
1347901
1347902
1347903
1347904
1347916
1347917
1347919
1347920
1347926
1347927
1347929
1347939
1347940
1347941
1347943
1347944
1347946
1347951
1347961
1347963
1347964
1347966
1348046
1348047
1348049
1348050
1348051
1348052
1348054
1348069
1348070
1348071
1348072
1348150
1348151
1348152
1348154
1348155
1348156
1348157
1348159
1348175
1348176
1348178
1348179
1348180
1348181
1348183
1348193
1348194
1348196
1348200
1348201
1348203
1348232
1348234
1348235
1348236
1348288
1348290
1348291
1348293
1348514
1348524
1348526
1348527
1348528
1348529
1348534
1348548
1348550
1348551
1348552
1348553
1348624
1348825
1348826
1348827
1348829
1348830
1348831
1348832
1348834
1348850
1348851
1348853
1348854
1348855
1348856
1348857
1348859
1348874
1348875
1348877
1348882
1348883
1348884
1348886
1348891
1348892
1348894
1348903
1348904
1348906
1348911
1348912
1348914
1348927
1348929
1348930
1348931
1348999
1349001
1349002
1349004
1349012
1349022
1349024
1349025
1349027
1349113
1349114
1349116
1349117
1349118
1349119
1349121
1349136
1349137
1349138
1349139
1349217
1349218
1349219
1349221
1349222
1349223
1349224
1349226
1349242
1349243
1349245
1349246
1349247
1349248
1349250
1349260
1349261
1349263
1349267
1349268
1349270
1349272
1349282
1349284
1349285
1349287
1349375
1349377
1349378
1349379
1349447
1349449
1349450
1349452
1381655
1381656
1381658
1381659
1381661
1381662
1381663
1381664
1381665
1381666
1381667
1381668
1381669
1381671
1381672
1381673
1381674
1381675
1381676
1381677
1381678
1381679
1381680
1381681
1381682
1381683
1381684
1381685
1381686
1381687
1381688
1381689
1381690
1381691
1381692
1381693
1381694
1381695
1381696
1381697
1381698
1381699
1381700
1381701
1381702
1381703
1381705
1381706
1381708
1381709
1381710
1381711
1381712
1381713
1381714
1381715
1381716
1381718
1381719
1381720
1381721
1381722
1381723
1381724
1381725
1381726
1381727
1381728
1381729
1381730
1381731
1381732
1381733
1381734
1381735
1381736
1381737
1381738
1381739
1381740
1381741
1381742
1381743
1381744
1381745
1381746
1381747
1381749
1381750
1381752
1381753
1381754
1381755
1381756
1381757
1381758
1381759
1381760
1381762
1381763
1381764
1381765
1381766
1381767
1381768
1381769
1381770
1381771
1381772
1381773
1381774
1381775
1381776
1381777
1381778
1381779
1381780
1381781
1381782
1381783
1381784
1381785
1381786
1381787
1381788
1381789
1381790
1381791
1381792
1381793
1381794
1381796
1381797
1381799
1381800
1381801
1381802
1381803
1381804
1381805
1381806
1381807
1381809
1381810
1381811
1381812
1381813
1381814
1381815
1381816
1381817
1381818
1381819
1381820
1381821
1381822
1381823
1381824
1381825
1381826
1381827
1381828
1381829
1381830
1381831
1381832
1381833
1381834
1381835
1381836
1381837
1381838
1381839
1381840
1381841
1381843
1381844
1381846
1381847
1381848
1381849
1381850
1381851
1381852
1381853
1381854
1381856
1381857
1381858
1381859
1381860
1381861
1381862
1381863
1381864
1381865
1381866
1381867
1381868
1381869
1381870
1381871
1381872
1381873
1381874
1381875
1381876
1381877
1381878
1381879
1381880
1381881
1381882
1381883
1381884
1381885
1381887
1381888
1381890
1381891
1381892
1381893
1381894
1381895
1381896
1381897
1381898
1381900
1381901
1381902
1381903
1381904
1381905
1381906
1381907
1381908
1381909
1381910
1381911
1381912
1381913
1381914
1381915
1381916
1381917
1381918
1381919
1381920
1381921
1381922
1381923
1381924
1381925
1381926
1381927
1381928
1381929
1381931
1381932
1381934
1381935
1381936
1381937
1381938
1381939
1381940
1381941
1381942
1381944
1381945
1381946
1381947
1381948
1381949
1381950
1381951
1381952
1381953
1381954
1381955
1381956
1381957
1381958
1381959
1381960
1381961
1381962
1381963
1381964
1381965
1381966
1381967
1381968
1381969
1381970
1381971
1381972
1381973
1381974
1381975
1381976
1381978
1381979
1381981
1381982
1381983
1381984
1381985
1381986
1381987
1381988
1381989
1381991
1381992
1381993
1381994
1381995
1381996
1381997
1381998
1381999
1382000
1382001
1382002
1382003
1382004
1382005
1382006
1382007
1382008
1382009
1382010
1382011
1382012
1382013
1382014
1382015
1382016
1382017
1382018
1382028
1382029
1382030
1382031
1382033
1382034
1382036
1382037
1382038
1382039
1382040
1382041
1382042
1382043
1382045
1382046
1382048
1382049
1382050
1382051
1382052
1382053
1382054
1382055
1382056
1382057
1382058
1382059
1382060
1382061
1382062
1382063
1382064
1382066
1382067
1382069
1382070
1382071
1382072
1382073
1382074
1382075
1382076
1382077
1382078
1382079
1382080
1382081
1382082
1382083
1382084
1382085
1382087
1382088
1382090
1382091
1382092
1382093
1382094
1382095
1382096
1382097
1382099
1382100
1382102
1382103
1382104
1382105
1382106
1382107
1382108
1382109
1382111
1382112
1382114
1382115
1382116
1382117
1383998
1384008
1384010
1384011
1384012
1384013
1384018
1384032
1384034
1384035
1384036
1384037
1384297
1384307
1384309
1384310
1384311
1384312
1384317
1384331
1384333
1384334
1384335
1384336
1384815
1384825
1384827
1384828
1384829
1384830
1384835
1384849
1384851
1384852
1384853
1384854
1387395
1387405
1387407
1387408
1387409
1387410
1387415
1387429
1387431
1387432
1387433
1387434
1387700
1387710
1387712
1387713
1387714
1387715
1387724
1387734
1387736
1387737
1387738
1387739
1388002
1388012
1388014
1388015
1388016
1388017
1388026
1388036
1388038
1388039
1388040
1388041
1389514
1389515
1389516
1389518
1389519
1389570
1389575
1389576
1389577
1389580
1390016
1390027
1390028
1390031
1390387
1390388
1390389
1390391
1390392
1390443
1390448
1390449
1390450
1390453
1390797
1390808
1390809
1390812
1392186
1392187
1392188
1392189
1392190
1392191
1392192
1392193
1392194
1392195
1392196
1392198
1392199
1392200
1392201
1392202
1392203
1392204
1392205
1392206
1392207
1392208
1392209
1392210
1392211
1392212
1392213
1392214
1392215
1392216
1392217
1392219
1392220
1392221
1392222
1392223
1392224
1392225
1392226
1392227
1392228
1392229
1392231
1392232
1392233
1392234
1392235
1392236
1392237
1392238
1392239
1392240
1392241
1392243
1392244
1392245
1392246
1392247
1392248
1392249
1392250
1392251
1392252
1392253
1392255
1392256
1392257
1392258
1392259
1392260
1392261
1392262
1392263
1392264
1392265
1392267
1392268
1392269
1392270
1392271
1392272
1392273
1392274
1392275
1392277
1392288
1392289
1392292
1392537
1392538
1392540
1392607
1392611
1392613
1392614
1392615
1393025
1393036
1393037
1393040
1393377
1393378
1393380
1393431
1393435
1393437
1393438
1393439
1393785
1393796
1393797
1393800
1394051
1394052
1394054
1394121
1394125
1394127
1394128
1394129
1394539
1394550
1394551
1394554
1394811
1394812
1394814
1394862
1394866
1394868
1394869
1394870
1395402
1395403
1395405
1395456
1395460
1395462
1395463
1395464
1395810
1395821
1395822
1395825
1396065
1396076
1396077
1396080
1396429
1396430
1396432
1396480
1396484
1396486
1396487
1396488
1396828
1396829
1396830
1396832
1396833
1396834
1396835
1396837
1396854
1396855
1396856
1396857
1396858
1396860
1396861
1396862
1396864
1396881
1396882
1396883
1396884
1396885
1396887
1396888
1396889
1396890
1396892
1396899
1396900
1396901
1396903
1396920
1396921
1396922
1396923
1396924
1396926
1396927
1396928
1396929
1396931
1396944
1396945
1396946
1396947
1396948
1396950
1396951
1396952
1396953
1396954
1396962
1396963
1396964
1396966
1396967
1399928
1399929
1399930
1400005
1400007
1400008
1400009
1400014
1400015
1400171
1400172
1400173
1400174
1400188
1400189
1400206
1400208
1400209
1400210
1400222
1400223
1400227
1400229
1400230
1400231
1400245
1400246
1400291
1400294
1400295
1400296
1400308
1400309
1400473
1400474
1400475
1400476
1400477
1400478
1400479
1400480
1400481
1400482
1400483
1400484
1400485
1400486
1400487
1400488
1400489
1400490
1400491
1400492
1400493
1400494
1400495
1400496
1400497
1400498
1400499
1400500
1400501
1400502
1400503
1400504
1400505
1400506
1400507
1400508
1400509
1400510
1400511
1400512
1400513
1400514
1400515
1400516
1400517
1400518
1400519
1400520
1400521
1400522
1400523
1400524
1400525
1400526
1400527
1400528
1400529
1400530
1400531
1400532
1400533
1400534
1400535
1400536
1400537
1400538
1400539
1400540
1400541
1400542
1400543
1400544
1400545
1400546
1400547
1400548
1400549
1400550
1400551
1400552
1400553
1400554
1400555
1400556
1400557
1400558
1400559
1400560
1400561
1400562
1400563
1400564
1400565
1400566
1400567
1400568
1400569
1400570
1400571
1400572
1400573
1400574
1400575
1400576
1400577
1400578
1400579
1400580
1400581
1400582
1400583
1400584
1400585
1400586
1400587
1400588
1400589
1400590
1400591
1400592
1400593
1400594
1400595
1400596
1400597
1400598
1400599
1400600
1400601
1400602
1400603
1400604
1400605
1400606
1400607
1400608
1400609
1400610
1400611
1400612
1400613
1400614
1400615
1400616
1400617
1400618
1400619
1400620
1400621
1400622
1400623
1400624
1400625
1400626
1400627
1400628
1400629
1400630
1400631
1400632
1400633
1400634
1400635
1400636
1400637
1400638
1400639
1400640
1400641
1400642
1400643
1400644
1400645
1400646
1400647
1400648
1400649
1400650
1400651
1400652
1400653
1400654
1400655
1400656
1400657
1400658
1400659
1400660
1400661
1400662
1400663
1400664
1400665
1400666
1400667
1400668
1400669
1400670
1400671
1400672
1400673
1400674
1400675
1400676
1400677
1400678
1400679
1400680
1400681
1400682
1400683
1400684
1400685
1400686
1400687
1400688
1400689
1400690
1400691
1400692
1400693
1400694
1400695
1400696
1400697
1400698
1400699
1400700
1400701
1400702
1400703
1400704
1400705
1400706
1400707
1400708
1400709
1400710
1400711
1400712
1400713
1400714
1400715
1400716
1400717
1400718
1400719
1400720
1400721
1400722
1400723
1400724
1400725
1400726
1400727
1400728
1400729
1400730
1400731
1400732
1400733
1400734
1400735
1400736
1400737
1400738
1400739
1400740
1400741
1400742
1400743
1400744
1400745
1400746
1400747
1400748
1400749
1400750
1400751
1400752
1400753
1400754
1400755
1400756
1400757
1400758
1400759
1400760
1400761
1400762
1400763
1400764
1400765
1400766
1400767
1400768
1400769
1400770
1400771
1400772
1400773
1400774
1400775
1400776
1400777
1400778
1400779
1400780
1400781
1400782
1400783
1400784
1400785
1400786
1400787
1400788
1400789
1400790
1400791
1400792
1400793
1400794
1400795
1400796
1400797
1400798
1400799
1400800
1400801
1400802
1400803
1400804
1400805
1400806
1400807
1400808
1400809
1400810
1400811
1400812
1400813
1400814
1400815
1400816
1400817
1400818
1400819
1400820
1400821
1400822
1400823
1400824
1400825
1400826
1400827
1400828
1400829
1400830
1400831
1400832
1400833
1400834
1400835
1400836
1400837
1400838
1400839
1400840
1400841
1400842
1400843
1400844
1400845
1400846
1400847
1400848
1400849
1400850
1400851
1400852
1400853
1400854
1400855
1400856
1400857
1400858
1400859
1400860
1400861
1400862
1400863
1400864
1400865
1400866
1400867
1400868
1400869
1400870
1400871
1400872
1400873
1400874
1400875
1400876
1400877
1400878
1400879
1400880
1400881
1400882
1400883
1400884
1400885
1400886
1400887
1400888
1400889
1400890
1400891
1400892
1400893
1400894
1400895
1400896
1400897
1400898
1400899
1400900
1400901
1400902
1400903
1400904
1400905
1400906
1400907
1400908
1400909
1400910
1400911
1400912
1400913
1400914
1400915
1400916
1400917
1400918
1400919
1400920
1400921
1400922
1400923
1400924
1400925
1400926
1400927
1400928
1400929
1400930
1400931
1400932
1400933
1400934
1400935
1400936
1400937
1400938
1400939
1400940
1400941
1400942
1400943
1400944
1400945
1400946
1400947
1400948
1400949
1400950
1400951
1400952
1400953
1400954
1400955
1400956
1400957
1400958
1400959
1400960
1400961
1400962
1400963
1400964
1400965
1400966
1400967
1400968
1400969
1400970
1400971
1400972
1400973
1400974
1400975
1400976
1400977
1400978
1400979
1400980
1400981
1400982
1400983
1400984
1400985
1400986
1400987
1400988
1400989
1400990
1400991
1400992
1400993
1400994
1400995
1400996
1400997
1400998
1400999
1401000
1401001
1401002
1401003
1401004
1401005
1401006
1401007
1401008
1401009
1401010
1401011
1401012
1401013
1401014
1401015
1401016
1401017
1401018
1401019
1401020
1401021
1401022
1401023
1401024
1401025
1401026
1401027
1401028
1401029
1401030
1401031
1401032
1401033
1401034
1401035
1401036
1401037
1401038
1401039
1401040
1401041
1401042
1401043
1401044
1401045
1401046
1401047
1401048
1401049
1401050
1401051
1401052
1401053
1401054
1401055
1401056
1401057
1401058
1401059
1401060
1401061
1401062
1401063
1401064
1401065
1401066
1401067
1401068
1401069
1401070
1401071
1401072
1401073
1401074
1401075
1401076
1401077
1401078
1401079
1401080
1401081
1401082
1401083
1401084
1401085
1401086
1401087
1401088
1401089
1401090
1401091
1401092
1401093
1401094
1401095
1401096
1401097
1401098
1401099
1401100
1401101
1401102
1401103
1401104
1401105
1401106
1401107
1401108
1401109
1401110
1401111
1401112
1401113
1401114
1401115
1401116
1401117
1401118
1401119
1401120
1401121
1401122
1401123
1401124
1401125
1401126
1401127
1401128
1401129
1401130
1401131
1401132
1401133
1401134
1401135
1401136
1401137
1401138
1401139
1401140
1401141
1401142
1401143
1401144
1401145
1401146
1401147
1401148
1401149
1401150
1401151
1401152
1401153
1401154
1401155
1401156
1401157
1401158
1401159
1401160
1401161
1401162
1401163
1401164
1401165
1401166
1401167
1401168
1401169
1401170
1401171
1401173
1401189
1401190
1401191
1401193
1401199
1401200
1401201
1401202
1401204
1401205
1401206
1401207
1401209
1401225
1401226
1401227
1401229
1401235
1401236
1401237
1401238
1401240
1401247
1401248
1401249
1401250
1401251
1401253
1401254
1401255
1401256
1401257
1401265
1401266
1401267
1401269
1401270
1401287
1401288
1401289
1401291
1401292
1401293
1401294
1401296
1401313
1401314
1401315
1401316
1401317
1401325
1401326
1401327
1401328
1401330
1401331
1401332
1401334
1401344
1401345
1401346
1401348
1401349
1401355
1401356
1401357
1401359
1401376
1401377
1401378
1401379
1401380
1401382
1401383
1401384
1401385
1401387
1401477
1401478
1401479
1401480
1401482
1401483
1401484
1401486
1401496
1401497
1401498
1401500
1401501
1401511
1401512
1401513
1401515
1401516
1401517
1401518
1401520
1401537
1401538
1401539
1401540
1401541
1401543
1401544
1401545
1401547
1401564
1401565
1401566
1401567
1401568
1401570
1401571
1401572
1401573
1401575
1401582
1401583
1401584
1401586
1401602
1401603
1401604
1401605
1401607
1401608
1401609
1401610
1401612
1401618
1401619
1401620
1401622
1401638
1401639
1401640
1401641
1401643
1401644
1401645
1401646
1401648
1401658
1401659
1401660
1401662
1401663
1401664
1401665
1401667
1401684
1401685
1401686
1401687
1401688
1422010
1422011
1422013
1422028
1422029
1422030
1422031
1422032
1422034
1422035
1422036
1422038
1422045
1422046
1422048
1422063
1422064
1422065
1422066
1422067
1422069
1422070
1422071
1422073
1422084
1422085
1422086
1422087
1422089
1422090
1422091
1422092
1422100
1422102
1422103
1422114
1422115
1422117
1422132
1422133
1422134
1422135
1422136
1422138
1422139
1422140
1422142
1422154
1422155
1422156
1422157
1422159
1422160
1422161
1422162
1422163
1422171
1422172
1422174
1422175
1422191
1422192
1422193
1422194
1422202
1422203
1422204
1422205
1422207
1422209
1422210
1422313
1422314
1422316
1422331
1422332
1422333
1422334
1422335
1422337
1422338
1422339
1422341
1422353
1422354
1422355
1422356
1422358
1422359
1422360
1422361
1422362
1422370
1422371
1422373
1422374
1422390
1422391
1422392
1422393
1422401
1422402
1422403
1422404
1422406
1422408
1422409
1422425
1422426
1422427
1422428
1422430
1422431
1422432
1422433
1422434
1422442
1422443
1422445
1422446
1422463
1422464
1422465
1422466
1422468
1422469
1422470
1422471
1422472
1422480
1422481
1422483
1422484
1422506
1422507
1422508
1422509
1422511
1422512
1422513
1422514
1422516
1422518
1422519
1433034
1433035
1433037
1433051
1433052
1433053
1433055
1433061
1433062
1433063
1433065
1433071
1433072
1433074
1433075
1433076
1433077
1433078
1433079
1433090
1433091
1433093
1433094
1433105
1433106
1433108
1433114
1433115
1433116
1433117
1433123
1433125
1433126
1433132
1433133
1433135
1433149
1433150
1433151
1433153
1433159
1433160
1433161
1433163
1433169
1433170
1433172
1433173
1433174
1433175
1433176
1433177
1433188
1433189
1433191
1433192
1433203
1433204
1433206
1433212
1433213
1433214
1433215
1433221
1433223
1433224
1433235
1433236
1433237
1433238
1433240
1433241
1433242
1433243
1433250
1433251
1433253
1433254
1433270
1433271
1433272
1433273
1433275
1433276
1433277
1433278
1433285
1433286
1433288
1433289
1433308
1433309
1433310
1433312
1433313
1433314
1433316
1433318
1433319
1433328
1433329
1433331
1433345
1433346
1433347
1433349
1433355
1433356
1433357
1433359
1433360
1433361
1433363
1433378
1433379
1433380
1433381
1433382
1433384
1433385
1433386
1433388
1433399
1433400
1433402
1433403
1433404
1433405
1433406
1433417
1433419
1433420
1433431
1433432
1433433
1433435
1433436
1433437
1433439
1433449
1433450
1433452
1433453
1433463
1433464
1433466
1433467
1433468
1433469
1433470
1433471
1433482
1433483
1433485
1433486
1433502
1433503
1433505
1433506
1433507
1433508
1433509
1433515
1433517
1433518
1433524
1433525
1433527
1433541
1433542
1433543
1433544
1433546
1433547
1433548
1433550
1433561
1433562
1433563
1433564
1433566
1433567
1433568
1433569
1433576
1433577
1433579
1433580
1433595
1433596
1433597
1433603
1433604
1433605
1433607
1433609
1433610
1434022
1434023
1434024
1434026
1434027
1434028
1434030
1434040
1434041
1434043
1434044
1434054
1434055
1434057
1434058
1434059
1434060
1434061
1434062
1434073
1434074
1434076
1434077
1434093
1434094
1434096
1434097
1434098
1434099
1434100
1434106
1434108
1434109
1434115
1434116
1434118
1434132
1434133
1434134
1434136
1434142
1434143
1434144
1434146
1434147
1434148
1434150
1434165
1434166
1434167
1434168
1434169
1434171
1434172
1434173
1434175
1434186
1434187
1434189
1434190
1434191
1434192
1434193
1434204
1434206
1434207
1434213
1434214
1434216
1434230
1434231
1434232
1434233
1434235
1434236
1434237
1434239
1434250
1434251
1434252
1434253
1434255
1434256
1434257
1434258
1434265
1434266
1434268
1434269
1434284
1434285
1434286
1434292
1434293
1434294
1434296
1434298
1434299
1434308
1434309
1434311
1434326
1434327
1434328
1434329
1434330
1434332
1434333
1434334
1434336
1434348
1434349
1434350
1434352
1434353
1434354
1434356
1434366
1434367
1434369
1434370
1434379
1434380
1434381
1434382
1434389
1434390
1434392
1434397
1434399
1434400
1434406
1434407
1434409
1434424
1434425
1434426
1434427
1434428
1434430
1434431
1434432
1434434
1434446
1434447
1434448
1434450
1434451
1434452
1434454
1434464
1434465
1434467
1434468
1434477
1434478
1434479
1434480
1434487
1434488
1434490
1434495
1434497
1434498
1434504
1434505
1434507
1434521
1434522
1434523
1434524
1434526
1434527
1434528
1434530
1434536
1434537
1434539
1434553
1434554
1434555
1434556
1434558
1434559
1434560
1434562
1434572
1434573
1434574
1434576
1434577
1434578
1434584
1434586
1434587
1645891
1645892
1645893
1645894
1645895
1645896
1645897
1645898
1645899
1645900
1645901
1645902
1645903
1645904
1645905
1645906
1645907
1645908
1645909
1645910
1645911
1645912
1645913
1645914
1645915
1645916
1645917
1645918
1645919
1645920
1645921
1645922
1645923
1645924
1645925
1645926
1645927
1645928
1645929
1645930
1645931
1645932
1645954
1645955
1645956
1645957
1645958
1645959
1645960
1645961
1645962
1645963
1645964
1645965
1645966
1645967
1645968
1646006
1646007
1646008
1646009
1646010
1646011
1646012
1646013
1646014
1646015
1646016
1646017
1646018
1646019
1646020
1646021
1646022
1646023
1646024
1646025
1646026
1646027
1646028
1646029
1646030
1646031
1646032
1646033
1646034
1646035
1646036
1646037
1646038
1646039
1646040
1646041
1646042
1646043
1646044
1646045
1646046
1646047
1646048
1646049
1646050
1646051
1646052
1646053
1646054
1646055
1646056
1646057
1646058
1646059
1646060
1646061
1646062
1646063
1646064
1646065
1646480
1646481
1646482
1646483
1646484
1646485
1646486
1646487
1646488
1646489
1646490
1646491
1646492
1646493
1646494
1646495
1646496
1646497
1646498
1646499
1646500
1646501
1646502
1646503
1646504
1646505
1646506
1646541
1646542
1646543
1646544
1646545
1646546
1646547
1646548
1646549
1646550
1646551
1646552
1647012
1647013
1647014
1647016
1647017
1647018
1647028
1647029
1647031
1647032
1647033
1647045
1647047
1647048
1647049
1647050
1647054
1647055
1647056
1647068
1647070
1647071
1647072
1647073
1647077
1647078
1647079
1647091
1647093
1647094
1647095
1647096
1647104
1647106
1647107
1647108
1647110
1647111
1647116
1647117
1647127
1647129
1647130
1647131
1647133
1647134
1647139
1647140
1647146
1647147
1647148
1647160
1647162
1647163
1647164
1647165
1647173
1647175
1647176
1647177
1647179
1647180
1647185
1647186
1647196
1647198
1647199
1647200
1647202
1647203
1647208
1647209
1658096
1658097
1658098
1658099
1658100
1658101
1658102
1658103
1658104
1658105
1658106
1658107
1658108
1658109
1658110
1658111
1658112
1658113
1658114
1658146
1658147
1658148
1658149
1658150
1658151
1658152
1658153
1658154
1658155
1658156
1658157
1658158
1658159
1658160
1658161
1658407
1658408
1658409
1658410
1658411
1658412
1658413
1658414
1658415
1658416
1658417
1658418
1658419
1658420
1658421
1658422
1658423
1658424
1658425
1658454
1658455
1658456
1658457
1658458
1658459
1658460
1658461
1658462
1658463
1658464
1658465
1658466
1658467
1658468
1658469
1658470
1658471
1658472
1658515
1658516
1658517
1658518
1658519
1658520
1658521
1658522
1658523
1658524
1658525
1658526
1658527
1658528
1658529
1658530
1658562
1658563
1658564
1658565
1658566
1658567
1658568
1658569
1658570
1658571
1658572
1658573
1658574
1658575
1658576
1658577
1658841
1658842
1658843
1658844
1658845
1658846
1658847
1658848
1658849
1658850
1658851
1658852
1658853
1658854
1658855
1658856
1658857
1658858
1658859
1658891
1658892
1658893
1658894
1658895
1658896
1658897
1658898
1658899
1658900
1658901
1658902
1658903
1658904
1658905
1658906
1659835
1659836
1659837
1659838
1659839
1659840
1659841
1659842
1659843
1659844
1659845
1659846
1659847
1659873
1659874
1659875
1659876
1659877
1659878
1659879
1659880
1659881
1659882
1659883
1659884
1659885
1659886
1659887
1659888
1659889
1659890
1659891
1659892
1659893
1659894
1659895
1659896
1659897
1659898
1659899
1659900
1659901
1659902
1659903
1659904
1659905
1659906
1659907
1659908
1659909
1659910
1659911
1659912
1659913
1659914
1659915
1659916
1659917
1659921
1659922
1659923
1659924
1659925
1659926
1659927
1659928
1659929
1659930
1659931
1659932
1659933
1659934
1659935
1659936
1659937
1659938
1659939
1659940
1659941
1659942
1659943
1659944
1659945
1659946
1659947
1659948
1659949
1659950
1659951
1659952
1659953
1659954
1659955
1659956
1659957
1659958
1659959
1659960
1659961
1659962
1659963
1659967
1659968
1659969
1659970
1659971
1659972
1659973
1659974
1659975
1659976
1659977
1659978
1659979
1659980
1659981
1659982
1659983
1659984
1659985
1659986
1659987
1659988
1659989
1659990
1659991
1659992
1659993
1659994
1659995
1659996
1659997
1659998
1659999
1660000
1660001
1660002
1660003
1660004
1660005
1660006
1660007
1660008
1660009
1660010
1660011
1660012
1660066
1660067
1660068
1660069
1660070
1660071
1660072
1660073
1660074
1660075
1660076
1660077
1660078
1660079
1660080
1660081
1660082
1660083
1660084
1660085
1660086
1660087
1660088
1660089
1660090
1660091
1660092
1660093
1660094
1660095
1660096
1660097
1660098
1660099
1660100
1660101
1660102
1660103
1660104
1660105
1660106
1660107
1660108
1660109
1660110
1660111
1660112
1660113
1660114
1660115
1660116
1660117
1660118
1660119
1660120
1660121
1660122
1660123
1660124
1660125
1660126
1660127
1660128
1660129
1660130
1660131
1660132
1660133
1660134
1660135
1660136
1660137
1660138
1660139
1660140
1660191
1660192
1660193
1660194
1660195
1660196
1660197
1660198
1660199
1660200
1660201
1660202
1660203
1660204
1660205
1660206
1660207
1660208
1660209
1660210
1660211
1660212
1660213
1660214
1660218
1660219
1660220
1660221
1660222
1660223
1660224
1660225
1660226
1660227
1660228
1660229
1660230
1660231
1660232
1660233
1660234
1660235
1660236
1660237
1660238
1660239
1660240
1660241
1660242
1660243
1660244
1660245
1660246
1660247
1660248
1660249
1660250
1660251
1660252
1660253
1660254
1660255
1660256
1660257
1660258
1660259
1660260
1660261
1660265
1660266
1660267
1660268
1660269
1660270
1660271
1660272
1660319
1660320
1660321
1660322
1660323
1660324
1660325
1660326
1660327
1660328
1660329
1660330
1660331
1660332
1660333
1660334
1660335
1660336
1660337
1660338
1660339
1660340
1660344
1660345
1660346
1660347
1660348
1660349
1660350
1660351
1660352
1660353
1660354
1660355
1660356
1660357
1660358
1660359
1660360
1660361
1660362
1660363
1660364
1660365
1660366
1660367
1660368
1660369
1660370
1660371
1660372
1660373
1660374
1660375
1660376
1660377
1660378
1660379
1660380
1660381
1660382
1660383
1660384
1660385
1660386
1660387
1660391
1660392
1660393
1660394
1660395
1660396
1660397
1660398
1660399
1660400
1660401
1660402
1660403
1660404
1660405
1660406
1660407
1660408
1660409
1660469
1660470
1660471
1660472
1660473
1660474
1660475
1660476
1660477
1660478
1660479
1660480
1660481
1660482
1660483
1660484
1660485
1660486
1660487
1660488
1660489
1660490
1660491
1660492
1660493
1660494
1660495
1660496
1660497
1660498
1660499
1660500
1660501
1660502
1660503
1660504
1660527
1660528
1660529
1660530
1660531
1660532
1660533
1660534
1660535
1660536
1660537
1660538
1660539
1660568
1660569
1660570
1660571
1660572
1660573
1660574
1660575
1660576
1660577
1660578
1660579
1660580
1660581
1660582
1660583
1660584
1660585
1660586
1660587
1660588
1660589
1660590
1660591
1660592
1660593
1660594
1660595
1660596
1660597
1660598
1660599
1660600
1660601
1660602
1660603
1660604
1660605
1660606
1660607
1660608
1660609
1660610
1660611
1660612
1660613
1660614
1660615
1660616
1660617
1660618
1660619
1660620
1660621
1660622
1660623
1660624
1660625
1660626
1660627
1660628
1660629
1660630
1660631
1660632
1660633
1660634
1660635
1660636
1660637
1660638
1660639
1660640
1660641
1660642
1660643
1660644
1660645
1660649
1660650
1660651
1660652
1660653
1660654
1660655
1660656
1660657
1660658
1660659
1660660
1660661
1660662
1660663
1660664
1660665
1660666
1660667
1660668
1660669
1660670
1660671
1660672
1660673
1660674
1660675
1660676
1660677
1660678
1660679
1660680
1660681
1660682
1660683
1660684
1660685
1660686
1660687
1660688
1660689
1660690
1660691
1660692
1660693
1660697
1660698
1660699
1660700
1660701
1660702
1660703
1660704
1660705
1660706
1660707
1660708
1660709
1660710
1660711
1660712
1660713
1660714
1660715
1660716
1660717
1660718
1660719
1660720
1660721
1660722
1660723
1660724
1661592
1661593
1661594
1661595
1661596
1661597
1661598
1661599
1661600
1661601
1661602
1661603
1661604
1661605
1661606
1661607
1661608
1661609
1661610
1661611
1661612
1661613
1661614
1661615
1661616
1661617
1661618
1661619
1661620
1661621
1661622
1661623
1661624
1661625
1661626
1661627
1661628
1661629
1661630
1661631
1661632
1661633
1661634
1661635
1661636
1661637
1661638
1661639
1661640
1661641
1661642
1661643
1661644
1661645
1661646
1661647
1661648
1661649
1661650
1661651
1661652
1661653
1661654
1661655
1661656
1661657
1661658
1661659
1661660
1661661
1661662
1661663
1661664
1661665
1661666
1661667
1661668
1661669
1661670
1661922
1661923
1661924
1661925
1661926
1661927
1661928
1661929
1661930
1661931
1661932
1661933
1661934
1661935
1661936
1661937
1661938
1661939
1661940
1661941
1661942
1661943
1661944
1661945
1661946
1661947
1661948
1661949
1661950
1661951
1661952
1661953
1661954
1661955
1661956
1661957
1661958
1661959
1661960
1661961
1661962
1661963
1661964
1661965
1661966
1661967
1661968
1661969
1661970
1661971
1661972
1661973
1661974
1661975
1661976
1661977
1661978
1661979
1661980
1661981
1661982
1661983
1661984
1661985
1661986
1661987
1661988
1661989
1661990
1661991
1661992
1661993
1661994
1661995
1661996
1661997
1661998
1661999
1662000
1662001
1662002
1662003
1662004
1662005
1662006
1662007
1662008
1662009
1662010
1662011
1662012
1662013
1662014
1662015
1662392
1662394
1662395
1662396
1662398
1662399
1662404
1662405
1662428
1662430
1662431
1662433
1662434
1662439
1662440
1662677
1662679
1662680
1662682
1662683
1662688
1662689
1672482
1672483
1672484
1672485
1672486
1672487
1672488
1672489
1672490
1672491
1672492
1672493
1672494
1672495
1672496
1672509
1672510
1672511
1672512
1672513
1672514
1672515
1672516
1672517
1672518
1672519
1672520
1672625
1672626
1672627
1672628
1672629
1672630
1672631
1672632
1672633
1672634
1672635
1672636
1672637
1672638
1672639
1672652
1672653
1672654
1672655
1672656
1672657
1672658
1672659
1672660
1672661
1672662
1672663
1672664
1672665
1672666
1672719
1672720
1672721
1672722
1672723
1672724
1672725
1672726
1672727
1672728
1672729
1672730
1672743
1672744
1672745
1672746
1672747
1672748
1672749
1672750
1672751
1672752
1672753
1672754
1672909
1672910
1672911
1672912
1672913
1672914
1672915
1672916
1672917
1672918
1672919
1672920
1672921
1672922
1672923
1672936
1672937
1672938
1672939
1672940
1672941
1672942
1672943
1672944
1672945
1672946
1672947
1673709
1673711
1673712
1673713
1673715
1673717
1673718
1673719
1673720
1673722
1673724
1673726
1673729
1673730
1673731
1673732
1673733
1673734
1673735
1673736
1673737
1673738
1673739
1673740
1673741
1673742
1673743
1673744
1673745
1673746
1673747
1673748
1673749
1673750
1673751
1673752
1673753
1673754
1673755
1673756
1673757
1673758
1673759
1673760
1673761
1673762
1673763
1673764
1673765
1673766
1673767
1673768
1673769
1673770
1673771
1673772
1673773
1673774
1673775
1673776
1673777
1673778
1673779
1673780
1673781
1673782
1673783
1673784
1673785
1673786
1673787
1673788
1673789
1673790
1673793
1673794
1673795
1673796
1673797
1673798
1673833
1673835
1673836
1673838
1673839
1673840
1673841
1673842
1673844
1673845
1673846
1673847
1673848
1673849
1673850
1673851
1673852
1673853
1673854
1673855
1673856
1673857
1673858
1673859
1673860
1673861
1673862
1673863
1673864
1673865
1673866
1673867
1673868
1673869
1673870
1673871
1674029
1674030
1674031
1674032
1674033
1674034
1674035
1674036
1674037
1674038
1674039
1674040
1674041
1674042
1674043
1674044
1674045
1674046
1674047
1674122
1674123
1674124
1674125
1674126
1674127
1674128
1674129
1674130
1674131
1674132
1674133
1674134
1674135
1674136
1674137
1674138
1674139
1674140
1674141
1674142
1674143
1674144
1674145
1674146
1674147
1674148
1674149
1674150
1674151
1674152
1674153
1674154
1674155
1674156
1674157
1674158
1674159
1674160
1674161
1674162
1674163
1674164
1674165
1674166
1674167
1674168
1674169
1674170
1674171
1674172
1674173
1674174
1674175
1674176
1674177
1674178
1674179
1674180
1674181
1674182
1674183
1674184
1674185
1674186
1674187
1674190
1674191
1674192
1674265
1674266
1674267
1674268
1674269
1674270
1674271
1674272
1674273
1674283
1674286
1674289
1674291
1674292
1674294
1674296
1674301
1674303
1674373
1674374
1674375
1674376
1674377
1674378
1674379
1674380
1674381
1674382
1674383
1674384
1674385
1674386
1674387
1674388
1674389
1674390
1674391
1674411
1674412
1674413
1674414
1674415
1674416
1674417
1674418
1674419
1674420
1674421
1674422
1674423
1674424
1674425
1675138
1675141
1675142
1675143
1675145
1675146
1675148
1675151
1675152
1675155
1675156
1675157
1675158
1675159
1675160
1675161
1675162
1675163
1675164
1675165
1675166
1675167
1675168
1675169
1675170
1675171
1675172
1675173
1675174
1675175
1675176
1675177
1675178
1675179
1675180
1675181
1675182
1675183
1675184
1675185
1675186
1675187
1675188
1675189
1675190
1675191
1675192
1675193
1675194
1675195
1675196
1675197
1675198
1675199
1675200
1675201
1675202
1675203
1675204
1675205
1675206
1675207
1675208
1675209
1675243
1675244
1675245
1675252
1675253
1675254
1675255
1675256
1675257
1675258
1675259
1675260
1675261
1675262
1675263
1675264
1675265
1675266
1675267
1675268
1675269
1675270
1675271
1675272
1675273
1675274
1675275
1675276
1675277
1675278
1675279
1675280
1675281
1675282
1675283
1675284
1675285
1675286
1675287
1675288
1675289
1675290
1675291
1675292
1675293
1675294
1675295
1675296
1675297
1675298
1675299
1675300
1675301
1675302
1675303
1675304
1675305
1675306
1675307
1675308
1675309
1675310
1675311
1675312
1675313
1675314
1675315
1675316
1675317
1675318
1675319
1675320
1675321
1675322
1675323
1675324
1675325
1675326
1675327
1675328
1675329
1675330
1675331
1675332
1675333
1675334
1675335
1675336
1675337
1675338
1675339
1675340
1675341
1675342
1675343
1675344
1675345
1675346
1675347
1675348
1675349
1675350
1675351
1675352
1675353
1675354
1675355
1675356
1675357
1675358
1675359
1675360
1675361
1675362
1675363
1675364
1675365
1675366
1675367
1675368
1675369
1675370
1675371
1675372
1675373
1675374
1675375
1675376
1675377
1675378
1675379
1675380
1675381
1675382
1675383
1675384
1675385
1675386
1675387
1675388
1675389
1675390
1675391
1675392
1675393
1675394
1675395
1675396
1675397
1675398
1675399
1675400
1675401
1675402
1675403
1675404
1675405
1675406
1675407
1675408
1675409
1675410
1675412
1675419
1675420
1675421
1675422
1675423
1675424
1675451
1675454
1675455
1675456
1675458
1675459
1675461
1675464
1675465
1675468
1675469
1675470
1675471
1675472
1675473
1675474
1675475
1675476
1675477
1675478
1675479
1675480
1675481
1675482
1675483
1675484
1675485
1675486
1675487
1675488
1675489
1675490
1675491
1675492
1675493
1675494
1675495
1675496
1675497
1675498
1675499
1675500
1675501
1675502
1675503
1675504
1675505
1675506
1675507
1675508
1675509
1675510
1675511
1675512
1675513
1675514
1675515
1675516
1675517
1675518
1675519
1675520
1675521
1675522
1675523
1675524
1675525
1675526
1675527
1675528
1675529
1675530
1675531
1675532
1675533
1675534
1675535
1675536
1675537
1675538
1675539
1675540
1675541
1675542
1675543
1675544
1675545
1675546
1675547
1675548
1675549
1675550
1675551
1675552
1675553
1675554
1675555
1675556
1675557
1675558
1675559
1675560
1675561
1675562
1675563
1675564
1675565
1675566
1675567
1675568
1675569
1675570
1675571
1675572
1675573
1675574
1675575
1675576
1675577
1675578
1675579
1675580
1675581
1675582
1675583
1675584
1675585
1675586
1675587
1675588
1675589
1675590
1675591
1675592
1675593
1675594
1675595
1675596
1675597
1675598
1675599
1675600
1675601
1675644
1675645
1675646
1675647
1675648
1675649
1675650
1675651
1675652
1675653
1675654
1675655
1675656
1675657
1675658
1675659
1675660
1675661
1675662
1675663
1675664
1675665
1675666
1675667
1675668
1675669
1675670
1675671
1675672
1675673
1675674
1675675
1675676
1675677
1675678
1675679
1675680
1675681
1675682
1675683
1675684
1675685
1675686
1675687
1675688
1675689
1675690
1675691
1675692
1675693
1675694
1675695
1675696
1675697
1675698
1675699
1675700
1675701
1675702
1675703
1675704
1675705
1675706
1675707
1675708
1675709
1675710
1675711
1675712
1675713
1675714
1675715
1675716
1675717
1675718
1675719
1675720
1675721
1675722
1675723
1675724
1675725
1675726
1675727
1675728
1675729
1675730
1675731
1675732
1675733
1675734
1675735
1675736
1675737
1675738
1675739
1675740
1675741
1675742
1675743
1675744
1675745
1675746
1675747
1675748
1675749
1675750
1675751
1675752
1675753
1675754
1675755
1675756
1675757
1675758
1675759
1675760
1675761
1675762
1675763
1675764
1675765
1675766
1675767
1675768
1675769
1675770
1675771
1675772
1675773
1675774
1675775
1675776
1675777
1675778
1675779
1675780
1675781
1675782
1675783
1675784
1675785
1675786
1675787
1675788
1675789
1675790
1675791
1675792
1675793
1675794
1675795
1675796
1675797
1675798
1675799
1675800
1675801
1675802
1675803
1675804
1675805
1675806
1675807
1675808
1675809
1675810
1675811
1675812
1675813
1675814
1675815
1675816
1675817
1675818
1675819
1675820
1675821
1675822
1675823
1675824
1675825
1675826
1675827
1675828
1675829
1675830
1675831
1675832
1675833
1675834
1675835
1675836
1675837
1675838
1675914
1675915
1675916
1675917
1675918
1675919
1675920
1675921
1675922
1675923
1675924
1675925
1675926
1675927
1675928
1675929
1675930
1675931
1675932
1675933
1675934
1675935
1675936
1675937
1675938
1675939
1675940
1675941
1675942
1675943
1675944
1675945
1675946
1675947
1675948
1675949
1675950
1675951
1675952
1675953
1675954
1675955
1675956
1675957
1675958
1675959
1675960
1675961
1675962
1675963
1675964
1675965
1675966
1675967
1675968
1675969
1675970
1675971
1675972
1675973
1675974
1675975
1675976
1675977
1675978
1675979
1675980
1675981
1675982
1675983
1675984
1675985
1675986
1675987
1675988
1675989
1675990
1675991
1675992
1675993
1675994
1675995
1675996
1675997
1675998
1675999
1676000
1676001
1676002
1676003
1676004
1676005
1676006
1676007
1676008
1676009
1676010
1676011
1676012
1676013
1676014
1676015
1676016
1676017
1676018
1676019
1676020
1676021
1676022
1676023
1676024
1676025
1676026
1676027
1676028
1676029
1676030
1676031
1676032
1676033
1676034
1676035
1676036
1676037
1676038
1676039
1676040
1676041
1676042
1676043
1676044
1676045
1676046
1676047
1676048
1676049
1676050
1676051
1676052
1676053
1676054
1676055
1676056
1676057
1676058
1676059
1676060
1676061
1676062
1676063
1676064
1676065
1676066
1676067
1676068
1676069
1676070
1676071
1676072
1676073
1676074
1676075
1676076
1676077
1676078
1676079
1676080
1676081
1676082
1676083
1676084
1676085
1676086
1676088
1676089
1676090
1676091
1676092
1676093
1676094
1676095
1676096
1676097
1676098
1676099
1676100
1676101
1676102
1676103
1676104
1676105
1676106
1676107
1676108
1676109
1676110
1676111
1676112
1676113
1676114
1676115
1676116
1676117
1676118
1676119
1676120
1676121
1676122
1676123
1676124
1676125
1676126
1676127
1676128
1676129
1676130
1676131
1676132
1676133
1676134
1676135
1676136
1676137
1676138
1676139
1676140
1676141
1676142
1676143
1676144
1676145
1676146
1676147
1676148
1676149
1676150
1676151
1676152
1676153
1676154
1676155
1676156
1676157
1676158
1676159
1676160
1676161
1676162
1676163
1676164
1676165
1676170
1676171
1676172
1676173
1676177
1676178
1676179
1676180
1676181
1676182
1676183
1676184
1676185
1676186
1676187
1676188
1676189
1676190
1676191
1676192
1676193
1676194
1676195
1676196
1676197
1676198
1676199
1676200
1676201
1676202
1676203
1676204
1676205
1676206
1676207
1676208
1676210
1676211
1676212
1676213
1676214
1676215
1676216
1676217
1676218
1676219
1676220
1676221
1676222
1676223
1676224
1676225
1676226
1676227
1676228
1676229
1676230
1676231
1676232
1676233
1676234
1676235
1676236
1676237
1676238
1676239
1676240
1676241
1676242
1676243
1676244
1676245
1676246
1676247
1676248
1676249
1676250
1676251
1676252
1676253
1676254
1676255
1676256
1676257
1676258
1677025
1677026
1677036
1677037
1677039
1677040
1677046
1677048
1677049
1677050
1677052
1677053
1677058
1677059
1677081
1677083
1677085
1677086
1677090
1677091
1677094
1677095
1677105
1677107
1677108
1677109
1677110
1677131
1677133
1677134
1677136
1677186
1677187
1677197
1677198
1677200
1677201
1677207
1677209
1677210
1677211
1677213
1677214
1677219
1677220
1677242
1677244
1677245
1677247
1677248
1677253
1677254
1677349
1677351
1677353
1677354
1677358
1677359
1677362
1677363
1677373
1677375
1677376
1677377
1677378
1677394
1677395
1677405
1677407
1677408
1677409
1677410
1677446
1677448
1677449
1677451
1677463
1677465
1677466
1677468
1677469
1677474
1677475
1677494
1677495
1677505
1677507
1677508
1677509
1677510
1696748
1696749
1696750
1696751
1696752
1696753
1696754
1696755
1696756
1696757
1696758
1696761
1696762
1696763
1696764
1696830
1696831
1696832
1696833
1696834
1696835
1696836
1696837
1696838
1696839
1696840
1696841
1696842
1696843
1696844
1696845
1696846
1696847
1696848
1696849
1696850
1696851
1696852
1696853
1696854
1696855
1696856
1696857
1696858
1696859
1696860
1696861
1696862
1696863
1696864
1696865
1696866
1696867
1696868
1696940
1696941
1696942
1696943
1696944
1696945
1696946
1696947
1696948
1696949
1696950
1696951
1696952
1696953
1696954
1696955
1696956
1696957
1696958
1696959
1696960
1696961
1696962
1696963
1696964
1696965
1696966
1696967
1696968
1696969
1696970
1696971
1696972
1696973
1696974
1696975
1696976
1696977
1696978
1697178
1697179
1697180
1697181
1697182
1697183
1697184
1697185
1697186
1697187
1697188
1697191
1697192
1697193
1697194
1697415
1697416
1697417
1697418
1697419
1697420
1697421
1697422
1697423
1697424
1697425
1697426
1697427
1697428
1697429
1697430
1697431
1697432
1697433
1697434
1697435
1697436
1697437
1697438
1697439
1697440
1697441
1697442
1697443
1697444
1697445
1697446
1697447
1697448
1697449
1697450
1697451
1697453
1697454
1697456
1697457
1697459
1697460
1697461
1697462
1697463
1697465
1697466
1697468
1697469
1697471
1697472
1697473
1697474
1697475
1697476
1697477
1697478
1697479
1697480
1697481
1697482
1697483
1697484
1697485
1697486
1697487
1697488
1697490
1697491
1697493
1697494
1697496
1697497
1697498
1697499
1697500
1697501
1697502
1697503
1697504
1697505
1697506
1697507
1697508
1697509
1697510
1697511
1697512
1697513
1697514
1697515
1697516
1697518
1697519
1697521
1697522
1697596
1697597
1697598
1697599
1697600
1697601
1697602
1697603
1697604
1697605
1697606
1697607
1697608
1697609
1697610
1697611
1697612
1697613
1697614
1697615
1697616
1697617
1697618
1697619
1697620
1697621
1697622
1697623
1697624
1697625
1697626
1697627
1697628
1697629
1697630
1697631
1697632
1697634
1697635
1697637
1697638
1697640
1697641
1697642
1697643
1697644
1697646
1697647
1697649
1697650
1697855
1697856
1697857
1697858
1697859
1697860
1697861
1697862
1697863
1697864
1697865
1697868
1697869
1697870
1697871
1697889
1697890
1697891
1697892
1697893
1697894
1697895
1697896
1697897
1697898
1697899
1697900
1697901
1697902
1697903
1697904
1697905
1697906
1697908
1697909
1697911
1697912
1697914
1697915
1697916
1697917
1697918
1697919
1697920
1697921
1697922
1697923
1697924
1697925
1697926
1697927
1697928
1697929
1697930
1697931
1697932
1697933
1697934
1697936
1697937
1697939
1697940
1697982
1697983
1697984
1697985
1697986
1697987
1697988
1697989
1697990
1697991
1697992
1697995
1697996
1697997
1697998
1698212
1698213
1698214
1698215
1698216
1698217
1698218
1698219
1698220
1698221
1698222
1698223
1698224
1698225
1698226
1698227
1698228
1698229
1698230
1698231
1698232
1698233
1698234
1698235
1698236
1698237
1698238
1698239
1698240
1698241
1698242
1698243
1698244
1698245
1698246
1698247
1698248
1698249
1698250
1698251
1698252
1698253
1698254
1698255
1698256
1698257
1698258
1698259
1698260
1698261
1698262
1698263
1698264
1698265
1698266
1698267
1698268
1698269
1698270
1698271
1698272
1698273
1698274
1698315
1698316
1698317
1698318
1698319
1698320
1698321
1698322
1698323
1698324
1698325
1698326
1698327
1698328
1698329
1698450
1698451
1698452
1698453
1698454
1698455
1698456
1698457
1698458
1698459
1698460
1698461
1698462
1698463
1698464
1698465
1698466
1698467
1698511
1698512
1698513
1698514
1698515
1698516
1698517
1698518
1698519
1698520
1698521
1698522
1698523
1698524
1698525
1698526
1698527
1698528
1698529
1698530
1698531
1698560
1698561
1698562
1698563
1698564
1698565
1698566
1698567
1698568
1698569
1698570
1698571
1698572
1698573
1698574
1698575
1698576
1698577
1698578
1698579
1698580
1698581
1698582
1698583
1698584
1698585
1698586
1698587
1698588
1698589
1698590
1698591
1698592
1698593
1698594
1698595
1698596
1698597
1698598
1698750
1698751
1698752
1698753
1698754
1698755
1698756
1698757
1698758
1698759
1698760
1698763
1698764
1698765
1698766
1698784
1698785
1698786
1698787
1698788
1698789
1698790
1698791
1698792
1698793
1698794
1698795
1698796
1698797
1698798
1698799
1698800
1698801
1698802
1698803
1698804
1698806
1698807
1698809
1698810
1698812
1698813
1698814
1698815
1698816
1698817
1698818
1698819
1698820
1698821
1698822
1698823
1698824
1698825
1698826
1698827
1698828
1698829
1698830
1698831
1698832
1698834
1698835
1698837
1698838
1698896
1698897
1698898
1698899
1698900
1698901
1698902
1698903
1698904
1698905
1698906
1698909
1698910
1698911
1698912
1699105
1699106
1699107
1699108
1699109
1699110
1699111
1699112
1699113
1699114
1699115
1699116
1699117
1699118
1699119
1699120
1699121
1699122
1699123
1699124
1699125
1699126
1699127
1699128
1699129
1699130
1699131
1699132
1699133
1699134
1699135
1699136
1699137
1699138
1699139
1699140
1699141
1699143
1699144
1699146
1699147
1699149
1699150
1699151
1699152
1699153
1699155
1699156
1699158
1699159
1699215
1699216
1699217
1699218
1699219
1699220
1699221
1699222
1699223
1699224
1699225
1699226
1699227
1699228
1699230
1699231
1699233
1699234
1699236
1699237
1699238
1699239
1699240
1699241
1699242
1699243
1699244
1699245
1699246
1699247
1699248
1699249
1699250
1699251
1699252
1699253
1699255
1699256
1699258
1699259
1699279
1699280
1699281
1699282
1699283
1699284
1699285
1699286
1699287
1699288
1699289
1699290
1699291
1699292
1699293
1699294
1699295
1699296
1699297
1699298
1699299
1699300
1699301
1699302
1699303
1699304
1699305
1699306
1699307
1699308
1699309
1699310
1699311
1699312
1699313
1699314
1699315
1699317
1699318
1699320
1699321
1699323
1699324
1699325
1699326
1699327
1699329
1699330
1699332
1699333
1699574
1699575
1699576
1699577
1699578
1699579
1699580
1699581
1699582
1699583
1699584
1699587
1699588
1699589
1699590
1699773
1699774
1699775
1699776
1699777
1699778
1699779
1699780
1699781
1699782
1699783
1699784
1699785
1699786
1699787
1699788
1699789
1699790
1699791
1699792
1699793
1699794
1699795
1699796
1699797
1699798
1699799
1699800
1699801
1699802
1699803
1699804
1699805
1699806
1699807
1699808
1699809
1699810
1699811
1699880
1699881
1699882
1699883
1699884
1699885
1699886
1699887
1699888
1699889
1699890
1699891
1699892
1699893
1699894
1699895
1699896
1699897
1699898
1699899
1699900
1699901
1699902
1699903
1699904
1699905
1699906
1699907
1699908
1699909
1699910
1699911
1699912
1699913
1699914
1699915
1699916
1699917
1699918
1700018
1700019
1700020
1700021
1700022
1700023
1700024
1700025
1700026
1700027
1700028
1700031
1700032
1700033
1700034
1702212
1702213
1702214
1702215
1702216
1702217
1702218
1702219
1702220
1702221
1702222
1702223
1702224
1702225
1702226
1702227
1702228
1702229
1702230
1702266
1702267
1702268
1702269
1702270
1702271
1702272
1702273
1702274
1702275
1702276
1702277
1702303
1702305
1702306
1702307
1702308
1702310
1702311
1702314
1702328
1702329
1702330
1702331
1702332
1702333
1702334
1702335
1702336
1702337
1702338
1702339
1702340
1702341
1702342
1702343
1702344
1702345
1702346
1702347
1702364
1702366
1702367
1702368
1702370
1702371
1702372
1702374
1702375
1702376
1702491
1702492
1702493
1702494
1702495
1702496
1702497
1702498
1702499
1702500
1702501
1702502
1702503
1702504
1702505
1702523
1702524
1702525
1702526
1702527
1702528
1702529
1702530
1702531
1702532
1702533
1702534
1702535
1702536
1702537
1702538
1702552
1702553
1702554
1702555
1702556
1702557
1702558
1702559
1702560
1702561
1702562
1702563
1702564
1702565
1702566
1702567
1702568
1702582
1702584
1702585
1702586
1702588
1702589
1702590
1702591
1702593
1702594
1702595
1702597
1702626
1702628
1702629
1702630
1702632
1702634
1702861
1702862
1702863
1702864
1702865
1702866
1702867
1702868
1702869
1702870
1702871
1702872
1702873
1702874
1702875
1702876
1702877
1702878
1702881
1702885
1702887
1702890
1702891
1702895
1702896
1702898
1702900
1702958
1702959
1702960
1702961
1702962
1702963
1702964
1702965
1702966
1702967
1702968
1702969
1702970
1702971
1702972
1702973
1702974
1702975
1702976
1702977
1702978
1702979
1702980
1702981
1702982
1702983
1702984
1702985
1702986
1702987
1702988
1702989
1702990
1702991
1702992
1702993
1702994
1702995
1702996
1702997
1702998
1702999
1703000
1703001
1703002
1703005
1703006
1703007
1703008
1703009
1703010
1703011
1703012
1703013
1703014
1703015
1703016
1703017
1703018
1703019
1703030
1703031
1703037
1703038
1703039
1703040
1703058
1703059
1703060
1703061
1703062
1703063
1703064
1703065
1703066
1703067
1703068
1703069
1703070
1703071
1703072
1703073
1703074
1703075
1703076
1703077
1703078
1703079
1703080
1703081
1703082
1703083
1703084
1703085
1703086
1703087
1703088
1703089
1703092
1703093
1703094
1703095
1703096
1703097
1703098
1703099
1703100
1703101
1703102
1703103
1703104
1703105
1703106
1703107
1703108
1703109
1703110
1703111
1703112
1703113
1703114
1703115
1703116
1703117
1703118
1703119
1703120
1703121
1703122
1703123
1703124
1703125
1703126
1703127
1703128
1703129
1703130
1703131
1703132
1703133
1703134
1703135
1703136
1703137
1703138
1703139
1703140
1703141
1703142
1703143
1703144
1703145
1703146
1703147
1703148
1703149
1703150
1703153
1703154
1703155
1703156
1703157
1703158
1703159
1703160
1703163
1703164
1703165
1703166
1703167
1703168
1703169
1703170
1703171
1703172
1703173
1703174
1703175
1703177
1703178
1703179
1703180
1703181
1703182
1703184
1703185
1703186
1703187
1703188
1703189
1703190
1703191
1703192
1703193
1703194
1703195
1703196
1703197
1703198
1703199
1703200
1703201
1703202
1703203
1703204
1703205
1703206
1703207
1703208
1703209
1703210
1703211
1703212
1703213
1703214
1703215
1703216
1703217
1703218
1703219
1703220
1703221
1703222
1703223
1703224
1703225
1703226
1703227
1703228
1703229
1703230
1703231
1703232
1703233
1703234
1703235
1703236
1703237
1703238
1703239
1703240
1703241
1703242
1703243
1703244
1703245
1703246
1703247
1703248
1703249
1703250
1703251
1703252
1703253
1703254
1703255
1703256
1703257
1703258
1703259
1703260
1703261
1703263
1703264
1703265
1703266
1703273
1703274
1703277
1703278
1703279
1703280
1703281
1703282
1703283
1703284
1703285
1703286
1703287
1703288
1703289
1703290
1703291
1703292
1703293
1703294
1703295
1703296
1703297
1703298
1703299
1703300
1703301
1703302
1703303
1703305
1703306
1703307
1703314
1703315
1703316
1703319
1703320
1703321
1703322
1703323
1703324
1703325
1703326
1703329
1703330
1703331
1703332
1703333
1703334
1703335
1703337
1703338
1703339
1703340
1703341
1703342
1703343
1703344
1703345
1703346
1703347
1703348
1703349
1703350
1703351
1703352
1703353
1703354
1703355
1703356
1703357
1703358
1703359
1703360
1703361
1703362
1703363
1703364
1703365
1703366
1703367
1703368
1703369
1703370
1703371
1703372
1703373
1703374
1703375
1703376
1703377
1703378
1703379
1703380
1703381
1703382
1703383
1703384
1703385
1703386
1703387
1703388
1703389
1703390
1703392
1703393
1703395
1703396
1703397
1703400
1703402
1703403
1703404
1703405
1703406
1703407
1703408
1703409
1703410
1703411
1703412
1703413
1703414
1703415
1703416
1703417
1703418
1703419
1703420
1703421
1703422
1703423
1703424
1703425
1703426
1703427
1703428
1703429
1703431
1703436
1703437
1703455
1703456
1703457
1703458
1703459
1703460
1703461
1703462
1703463
1703464
1703465
1703466
1703467
1703468
1703469
1703470
1703471
1703472
1703473
1703474
1703475
1703476
1703477
1703478
1703479
1703480
1703481
1703482
1703483
1703484
1703485
1703486
1703489
1703490
1703491
1703492
1703493
1703494
1703495
1703505
1703506
1703507
1703508
1703509
1703510
1703511
1703512
1703513
1703514
1703515
1703516
1703517
1703518
1703519
1703520
1703521
1703522
1703523
1703524
1703525
1703526
1703527
1703528
1703529
1703530
1703531
1703532
1703533
1703534
1703535
1703536
1703537
1703538
1703539
1703540
1703541
1703542
1703543
1703544
1703545
1703546
1703547
1703548
1703549
1703550
1703551
1703552
1703553
1703554
1703555
1703556
1703557
1703558
1703559
1703562
1703563
1703564
1703565
1703566
1703567
1703568
1703569
1703572
1703573
1703574
1703575
1703576
1703577
1703623
1703624
1703625
1703626
1703627
1703628
1703629
1703630
1703631
1703632
1703633
1703634
1703635
1703636
1703637
1703638
1703639
1703640
1703642
1703647
1703648
1703650
1703653
1703656
1703658
1703659
1703661
1703862
1703863
1703864
1703865
1703866
1703867
1703868
1703869
1703870
1703871
1703872
1703873
1703874
1703875
1703876
1703877
1703878
1703879
1703880
1703881
1703882
1703883
1703884
1703885
1703886
1703887
1703888
1703889
1703890
1703891
1703892
1703893
1703894
1703895
1703896
1703897
1703898
1703899
1703900
1703901
1703902
1703903
1703904
1703905
1703906
1703909
1703910
1703911
1703912
1703913
1703914
1703924
1703925
1703926
1703927
1703928
1703929
1703930
1703931
1703932
1703933
1703934
1703935
1703936
1703937
1703938
1703939
1703940
1703941
1703942
1703943
1703944
1703945
1703946
1703947
1703948
1703949
1703950
1703951
1703952
1703953
1703954
1703955
1703956
1703957
1703958
1703959
1703960
1703961
1703962
1703963
1703964
1703965
1703966
1703967
1703968
1703969
1703970
1703971
1703972
1703973
1703974
1703975
1703978
1703979
1703980
1703981
1703982
1703983
1703984
1703985
1703988
1703989
1703990
1703991
1703992
1703993
1703995
1703996
1704002
1704003
1704004
1704005
1704023
1704024
1704025
1704026
1704027
1704028
1704029
1704030
1704031
1704032
1704033
1704034
1704035
1704036
1704037
1704038
1704039
1704040
1704041
1704042
1704043
1704044
1704045
1704046
1704047
1704048
1704049
1704050
1704051
1704052
1704053
1704054
1704057
1704058
1704059
1704060
1704061
1704062
1704063
1704065
1704066
1704068
1704069
1704070
1704071
1704073
1704074
1704075
1704076
1704077
1704078
1704079
1704080
1704081
1704082
1704083
1704084
1704085
1704086
1704087
1704088
1704089
1704090
1704091
1704092
1704093
1704094
1704095
1704096
1704097
1704098
1704099
1704100
1704101
1704102
1704103
1704104
1704105
1704106
1704107
1704108
1704109
1704110
1704111
1704112
1704113
1704114
1704115
1704116
1704117
1704118
1704119
1704120
1704121
1704122
1704123
1704124
1704125
1704126
1704127
1704128
1704129
1704130
1704131
1704132
1704133
1704134
1704135
1704136
1704137
1704138
1704139
1704140
1704141
1704142
1704143
1704144
1704147
1704148
1704149
1704150
1704151
1704152
1704153
1704154
1704155
1704156
1704157
1704158
1704159
1704160
1704161
1704162
1704163
1704164
1704165
1704166
1704167
1704168
1704169
1704170
1704171
1704172
1704173
1704174
1704175
1704176
1704177
1704178
1704179
1704180
1704181
1704182
1704183
1704184
1704185
1704186
1704187
1704188
1704189
1704190
1704191
1704192
1704193
1704194
1704195
1704196
1704197
1704198
1704199
1704200
1704201
1704204
1704205
1704206
1704207
1704208
1704209
1704210
1704211
1704213
1704214
1704215
1704216
1704226
1704228
1704234
1704235
1704236
1704237
1704255
1704256
1704257
1704258
1704259
1704260
1704261
1704262
1704263
1704264
1704265
1704266
1704267
1704268
1704269
1704270
1704271
1704272
1704273
1704274
1704275
1704276
1704277
1704278
1704279
1704280
1704281
1704282
1704283
1704284
1704285
1704286
1704289
1704290
1704291
1704292
1704293
1704294
1704295
1704409
1704410
1704411
1704412
1704413
1704414
1704415
1704416
1704417
1704418
1704419
1704420
1704421
1704422
1704423
1704424
1704425
1704426
1704427
1704456
1704457
1704458
1704459
1704460
1704461
1704462
1704463
1704464
1704465
1704466
1704467
1704512
1704514
1704515
1704516
1704517
1704519
1704520
1704523
1704537
1704538
1704539
1704540
1704541
1704542
1704543
1704544
1704545
1704546
1704547
1704548
1704549
1704550
1704551
1704552
1704553
1704554
1704555
1704556
1704557
1704559
1704560
1704561
1704563
1704564
1704565
1704567
1704568
1704569
1704586
1704587
1704588
1704589
1704590
1704591
1704592
1704594
1704595
1704596
1704597
1704598
1704599
1704600
1704602
1704603
1704604
1704605
1704606
1704607
1704608
1704609
1704610
1704611
1704612
1704613
1704614
1704615
1704616
1704617
1704618
1704619
1704620
1704621
1704622
1704623
1704624
1704625
1704626
1704627
1704628
1704629
1704630
1704631
1704632
1704633
1704634
1704635
1704636
1704637
1704638
1704639
1704640
1704641
1704642
1704643
1704644
1704645
1704646
1704647
1704648
1704649
1704650
1704651
1704652
1704653
1704654
1704655
1704656
1704657
1704658
1704659
1704660
1704661
1704662
1704663
1704664
1704665
1704666
1704667
1704668
1704669
1704670
1704671
1704672
1704673
1704674
1704675
1704676
1704677
1704678
1704680
1704681
1704682
1704683
1704690
1704691
1704694
1704695
1704696
1704697
1704698
1704699
1704700
1704701
1704702
1704704
1704705
1704706
1704707
1704708
1704709
1704710
1704712
1704713
1704714
1704715
1704716
1704717
1704718
1704719
1704720
1704721
1704722
1704723
1704724
1704725
1704726
1704727
1704728
1704729
1704730
1704731
1704732
1704733
1704734
1704735
1704736
1704737
1704738
1704739
1704740
1704741
1704742
1704743
1704744
1704745
1704746
1704747
1704748
1704749
1704750
1704751
1704752
1704753
1704754
1704755
1704756
1704757
1704758
1704759
1704760
1704761
1704762
1704763
1704764
1704765
1704766
1704767
1704768
1704769
1704770
1704771
1704772
1704773
1704774
1704775
1704776
1704777
1704778
1704779
1704780
1704781
1704782
1704783
1704784
1704785
1704786
1704787
1704788
1704789
1704791
1704792
1704793
1704800
1704801
1704802
1704805
1704901
1704902
1704903
1704904
1704905
1704906
1704907
1704908
1704909
1704910
1704911
1704912
1704966
1704968
1704969
1704970
1704971
1704972
1704974
1704976
1704991
1704992
1704993
1704994
1704995
1704996
1704997
1704998
1704999
1705000
1705001
1705002
1705003
1705004
1705005
1705006
1705007
1705008
1705009
1705010
1705011
1705012
1705014
1705015
1705017
1705018
1705019
1705020
1705022
1705023
1705075
1705076
1705077
1705078
1705079
1705080
1705081
1705082
1705083
1705084
1705085
1705086
1705087
1705088
1705089
1705186
1705187
1705188
1705189
1705190
1705191
1705192
1705193
1705194
1705195
1705196
1705197
1705198
1705199
1705200
1705201
1705215
1705216
1705217
1705218
1705219
1705220
1705221
1705222
1705223
1705224
1705225
1705226
1705227
1705228
1705229
1705230
1705231
1705245
1705247
1705248
1705249
1705251
1705252
1705253
1705254
1705256
1705257
1705258
1705260
1705289
1705291
1705292
1705293
1705295
1705297
1705298
1705299
1705300
1705301
1705302
1705303
1705304
1705305
1705306
1705307
1705308
1705309
1705310
1705311
1705312
1705313
1705314
1705315
1705316
1705317
1705318
1705319
1705320
1705321
1705322
1705324
1705325
1705326
1705333
1705334
1705335
1705338
1705339
1705340
1705341
1705342
1705343
1705344
1705345
1705348
1705349
1705350
1705351
1705352
1705353
1705354
1705356
1705357
1705358
1705359
1705360
1705361
1705362
1705363
1705364
1705365
1705366
1705367
1705368
1705369
1705370
1705371
1705372
1705373
1705374
1705375
1705376
1705377
1705378
1705379
1705380
1705381
1705382
1705383
1705384
1705385
1705386
1705387
1705388
1705389
1705390
1705391
1705392
1705393
1705394
1705395
1705396
1705397
1705398
1705399
1705400
1705401
1705402
1705403
1705404
1705405
1705406
1705407
1705408
1705409
1705410
1705411
1705412
1705413
1705414
1705415
1705416
1705417
1705418
1705419
1705420
1705421
1705422
1705423
1705424
1705425
1705426
1705427
1705428
1705429
1705430
1705431
1705432
1705434
1705435
1705436
1705443
1705444
1705445
1705448
1705449
1705450
1705451
1705452
1705453
1705454
1705455
1705458
1705459
1705460
1705461
1705462
1705463
1705464
1705466
1705467
1705468
1705469
1705470
1705471
1705472
1705473
1705474
1705475
1705476
1705477
1705478
1705479
1705480
1705481
1705482
1705483
1705484
1705485
1705486
1705487
1705488
1705489
1705490
1705491
1705492
1705493
1705494
1705495
1705496
1705497
1705498
1705499
1705500
1705501
1705502
1705503
1705504
1705505
1705506
1705507
1705508
1705509
1705510
1705511
1705512
1705513
1705514
1705515
1705516
1705517
1705547
1705548
1705549
1705550
1705551
1705552
1705553
1705554
1705555
1705556
1705557
1705558
1705559
1705560
1705561
1705562
1705655
1705656
1705657
1705658
1705659
1705660
1705661
1705662
1705663
1705664
1705665
1705666
1705667
1705668
1705669
1705670
1705671
1705685
1705686
1705688
1705689
1705691
1705692
1705693
1705694
1705695
1705697
1705698
1705699
1705729
1705731
1705732
1705733
1705734
1705736
1705868
1705869
1705871
1705873
1705874
1705875
1705877
1705878
1705879
1705880
1705881
1705882
1705883
1705884
1705885
1705886
1705887
1705888
1705889
1705890
1705891
1705892
1705893
1705894
1705895
1705896
1705897
1705898
1705899
1705900
1705901
1705902
1705906
1705907
1705927
1705928
1705929
1705930
1705931
1705932
1705933
1705934
1705935
1705936
1705937
1705938
1705939
1705940
1705941
1705942
1705943
1705944
1705945
1705946
1705947
1705948
1705949
1705950
1705951
1705952
1705953
1705954
1705955
1705956
1705957
1705958
1705959
1705960
1705961
1705964
1705965
1705966
1705967
1705977
1705978
1705979
1705980
1705981
1705982
1705983
1705984
1705985
1705986
1705987
1705988
1705989
1705990
1705991
1705992
1705993
1705994
1705995
1705996
1705997
1705998
1705999
1706000
1706001
1706002
1706003
1706004
1706005
1706006
1706007
1706008
1706009
1706010
1706011
1706012
1706013
1706014
1706015
1706016
1706017
1706018
1706019
1706020
1706021
1706022
1706023
1706024
1706025
1706026
1706027
1706028
1706031
1706032
1706033
1706034
1706035
1706036
1706037
1706038
1706039
1706040
1706041
1706044
1706045
1706046
1706047
1706048
1706049
1706050
1706051
1706052
1706053
1706054
1706055
1706056
1706057
1706058
1706059
1706060
1706061
1706062
1706063
1706064
1706065
1706066
1706067
1706068
1706069
1706070
1706071
1706072
1706073
1706074
1706075
1706076
1706077
1706078
1706079
1706080
1706081
1706082
1706083
1706084
1706085
1706086
1706087
1706088
1706089
1706090
1706091
1706092
1706093
1706094
1706095
1706096
1706097
1706100
1706101
1706102
1706103
1706104
1706106
1706108
1706109
1706110
1706112
1706113
1706114
1706115
1706116
1706117
1706118
1706119
1706120
1706121
1706122
1706123
1706124
1706125
1706126
1706127
1706128
1706129
1706130
1706131
1706132
1706133
1706134
1706135
1706136
1706137
1706141
1706142
1706162
1706163
1706164
1706165
1706166
1706167
1706168
1706169
1706170
1706171
1706172
1706173
1706174
1706175
1706176
1706177
1706178
1706179
1706180
1706181
1706182
1706183
1706184
1706185
1706186
1706187
1706188
1706189
1706190
1706191
1706192
1706193
1706194
1706195
1706196
1706199
1706200
1706201
1706202
1706203
1706204
1706205
1706206
1706207
1706208
1706209
1706210
1706211
1706212
1706213
1706214
1706215
1706216
1706217
1706218
1706219
1706220
1706221
1706222
1706223
1706224
1706225
1706226
1706227
1706228
1706229
1706230
1706231
1706232
1706233
1706234
1706235
1706236
1706237
1706238
1706239
1706240
1706241
1706242
1706243
1706244
1706245
1706246
1706247
1706248
1706249
1706250
1706251
1706252
1706253
1706254
1706257
1706258
1706259
1706260
1706261
1706262
1706263
1706264
1706265
1706266
1706267
1706270
1706271
1706272
1706404
1706405
1706406
1706407
1706408
1706409
1706410
1706411
1706412
1706413
1706414
1706415
1706416
1706417
1706418
1706419
1706420
1706421
1706423
1706425
1706429
1706430
1706431
1706434
1706435
1706440
1706442
1706540
1706541
1706542
1706543
1706544
1706545
1706546
1706547
1706548
1706549
1706550
1706551
1706552
1706553
1706554
1706555
1706556
1706557
1706558
1706559
1706560
1706561
1706562
1706563
1706564
1706565
1706566
1706567
1706568
1706569
1706570
1706571
1706572
1706573
1706574
1706575
1706576
1706577
1706578
1706579
1706580
1706581
1706582
1706583
1706584
1706585
1706586
1706587
1706588
1706589
1706590
1706591
1706592
1706593
1706594
1706595
1706596
1706599
1706600
1706601
1706602
1706603
1706604
1706605
1706606
1706607
1706608
1706609
1706610
1706611
1706612
1706613
1706614
1706615
1706616
1706617
1706618
1706619
1706620
1706621
1706622
1706623
1706624
1706625
1706626
1706627
1706628
1706629
1706630
1706631
1706632
1706633
1706634
1706635
1706636
1706637
1706638
1706639
1706640
1706641
1706642
1706643
1706644
1706645
1706646
1706647
1706648
1706649
1706650
1706651
1706652
1706653
1706656
1706657
1706658
1706659
1706660
1706661
1706662
1706663
1706664
1706665
1706667
1706668
1706678
1706679
1706684
1706685
1706686
1706689
1706707
1706708
1706709
1706710
1706711
1706712
1706713
1706714
1706715
1706716
1706717
1706718
1706719
1706720
1706721
1706722
1706723
1706724
1706725
1706726
1706727
1706728
1706729
1706730
1706731
1706732
1706733
1706734
1706735
1706736
1706737
1706738
1706739
1706740
1706741
1706744
1706745
1706746
1706747
1706748
1706749
1706750
1706751
1706752
1706753
1706754
1706756
1706757
1706758
1706759
1706760
1706761
1706762
1706764
1706765
1706766
1706767
1706768
1706769
1706770
1706771
1706772
1706773
1706774
1706775
1706776
1706777
1706778
1706779
1706780
1706781
1706782
1706783
1706784
1706785
1706786
1706787
1706788
1706789
1706790
1706791
1706792
1706793
1706794
1706795
1706796
1706797
1706798
1706799
1706800
1706801
1706802
1706803
1706804
1706805
1706806
1706807
1706808
1706809
1706810
1706811
1706812
1706813
1706814
1706815
1706816
1706817
1706818
1706819
1706820
1706821
1706822
1706823
1706824
1706825
1706826
1706827
1706828
1706829
1706830
1706831
1706832
1706833
1706834
1706835
1706836
1706837
1706838
1706839
1706840
1706841
1706843
1706844
1706845
1706852
1706853
1706854
1706857
1706858
1706859
1706860
1706861
1706862
1706863
1706864
1706865
1706866
1706867
1706868
1706869
1706870
1706871
1706872
1706873
1706874
1706875
1706876
1706877
1706878
1706879
1706880
1706881
1706882
1706884
1706885
1706886
1706893
1706894
1706895
1706898
1706899
1706900
1706901
1706902
1706903
1706904
1706905
1706908
1706909
1706910
1706911
1706912
1706913
1706914
1706915
1706916
1706918
1706919
1706920
1706921
1706922
1706923
1706924
1706925
1706926
1706927
1706928
1706929
1706930
1706931
1706932
1706933
1706934
1706935
1706936
1706937
1706938
1706939
1706940
1706941
1706942
1706943
1706944
1706945
1706946
1706947
1706948
1706949
1706950
1706951
1706952
1706953
1706954
1706955
1706956
1706957
1706958
1706959
1706960
1706961
1706962
1706963
1706964
1706965
1706966
1706967
1706968
1706969
1706970
1706971
1706972
1706973
1706974
1706975
1706976
1706977
1706978
1706979
1706980
1706981
1706982
1706983
1706984
1706985
1706986
1706987
1706988
1706989
1706990
1706991
1706992
1706993
1706994
1706995
1706996
1706997
1706998
1706999
1707000
1707001
1707002
1707003
1707004
1707005
1707006
1707007
1707008
1707009
1707010
1707011
1707012
1707013
1707014
1707015
1707016
1707017
1707018
1707019
1707020
1707021
1707022
1707023
1707024
1707027
1707028
1707029
1707030
1707031
1707032
1707033
1707034
1707035
1707036
1707037
1707038
1707039
1707040
1707041
1707042
1707043
1707044
1707045
1707046
1707047
1707048
1707049
1707050
1707051
1707052
1707053
1707054
1707055
1707056
1707057
1707058
1707059
1707060
1707061
1707062
1707063
1707064
1707065
1707066
1707067
1707068
1707069
1707070
1707071
1707072
1707073
1707074
1707075
1707076
1707077
1707078
1707079
1707080
1707081
1707082
1707083
1707084
1707085
1707086
1707087
1707088
1707089
1707090
1707091
1707092
1707093
1707094
1707095
1707096
1707097
1707098
1707099
1707102
1707103
1707104
1707105
1707106
1707107
1707108
1707109
1707110
1707111
1707112
1707115
1707116
1707117
1707118
1707119
1707123
1707124
1707144
1707145
1707146
1707147
1707148
1707149
1707150
1707151
1707152
1707153
1707154
1707155
1707156
1707157
1707158
1707159
1707160
1707161
1707162
1707163
1707164
1707165
1707166
1707167
1707168
1707169
1707170
1707171
1707172
1707173
1707174
1707175
1707176
1707177
1707178
1707181
1707182
1707183
1707184
1707565
1707566
1707567
1707568
1707569
1707570
1707571
1707572
1707573
1707574
1707575
1707576
1707709
1707711
1707712
1707713
1707714
1707715
1707717
1707719
1707734
1707735
1707736
1707737
1707738
1707739
1707740
1707741
1707742
1707743
1707744
1707745
1707746
1707747
1707748
1707749
1707750
1707751
1707752
1707753
1707754
1707755
1707757
1707758
1707760
1707761
1707762
1707763
1707765
1707766
1707800
1707801
1707802
1707803
1707804
1707805
1707806
1707807
1707808
1707809
1707810
1707811
1707812
1707813
1707814
1707815
1707923
1707924
1707925
1707926
1707927
1707928
1707929
1707930
1707931
1707932
1707933
1707934
1707935
1707936
1707937
1707938
1707939
1707940
1707941
1707943
1707944
1707946
1707947
1707948
1707949
1707950
1707952
1707953
1707954
1707997
1707999
1708000
1708001
1708002
1708004
1709473
1709474
1709475
1709476
1709477
1709478
1709479
1709480
1709481
1709482
1709483
1709484
1709485
1709486
1709487
1709488
1709489
1709490
1709491
1709492
1709493
1709494
1709495
1709496
1709498
1709499
1709505
1709506
1709507
1709508
1709509
1709510
1709511
1709512
1709513
1709514
1709515
1709516
1709517
1709518
1709519
1709520
1709521
1709522
1709523
1709524
1709525
1709526
1709527
1709528
1709529
1709530
1709531
1709532
1709533
1709534
1709535
1709536
1709537
1709538
1709539
1709540
1709541
1709542
1709543
1709544
1709545
1709546
1709547
1709548
1709549
1709550
1709551
1709552
1709553
1709554
1709555
1709556
1709557
1709558
1709559
1709560
1709561
1709562
1709563
1709564
1709565
1709566
1709567
1709568
1709569
1709570
1709571
1709572
1709573
1709574
1709575
1709576
1709577
1709578
1709579
1709580
1709581
1709582
1709583
1709584
1709585
1709663
1709665
1709666
1709668
1709669
1709670
1709672
1709673
1709674
1709692
1709693
1709694
1709695
1709696
1709697
1709698
1709699
1709700
1709701
1709702
1709703
1709704
1709705
1709706
1709707
1709708
1709709
1709710
1709711
1709712
1709713
1709714
1709715
1709716
1709717
1709718
1709719
1709720
1709721
1709722
1709723
1709724
1709725
1709726
1709727
1709728
1709729
1709730
1709731
1709732
1709733
1709734
1709735
1709736
1709737
1709738
1709739
1709740
1709741
1709742
1709743
1709744
1709745
1709746
1709747
1709748
1709749
1709750
1709751
1709752
1709753
1709754
1709755
1709756
1709757
1709758
1709759
1709776
1709777
1709778
1709779
1709780
1709781
1709782
1709783
1709784
1709822
1709823
1709824
1709825
1709826
1709827
1709828
1709829
1709830
1709848
1709851
1709852
1709853
1709855
1709856
1709858
1709861
1709862
1709865
1709866
1709867
1709868
1709869
1709870
1709871
1709872
1709873
1709874
1709875
1709876
1709914
1709915
1709916
1709917
1709918
1709919
1709920
1709921
1709922
1709923
1709924
1709925
1709926
1709940
1709941
1709942
1709943
1709944
1709945
1709946
1709947
1709948
1709949
1709950
1709951
1709976
1709977
1709978
1709979
1709980
1709981
1709982
1709983
1709984
1709985
1709986
1709987
1709988
1709989
1709990
1709991
1709992
1709993
1709994
1709995
1709996
1709997
1709998
1709999
1710000
1710001
1710002
1710003
1710004
1710005
1710007
1710008
1710009
1710010
1710011
1710012
1710013
1710014
1710015
1710016
1710017
1710018
1710019
1710020
1710021
1710022
1710023
1710024
1710025
1710026
1710027
1710028
1710029
1710030
1710031
1710032
1710033
1710034
1710035
1710036
1710037
1710038
1710039
1710040
1710041
1710042
1710043
1710044
1710045
1710046
1710047
1710048
1710049
1710050
1710051
1710052
1710053
1710054
1710055
1710056
1710057
1710058
1710059
1710060
1710061
1710062
1710063
1710064
1710065
1710066
1710067
1710068
1710069
1710070
1710071
1710072
1710073
1710074
1710075
1710076
1710077
1710078
1710079
1710080
1710082
1710087
1710088
1710151
1710152
1710154
1710156
1710157
1710158
1710243
1710244
1710245
1710246
1710247
1710248
1710249
1710250
1710251
1710252
1710253
1710254
1710255
1710256
1710257
1710258
1710259
1710260
1710261
1710262
1710263
1710264
1710265
1710266
1710268
1710269
1710275
1710276
1710277
1710278
1710279
1710280
1710281
1710282
1710283
1710284
1710285
1710286
1710287
1710288
1710289
1710290
1710291
1710292
1710293
1710294
1710295
1710296
1710297
1710298
1710299
1710300
1710301
1710302
1710303
1710304
1710305
1710306
1710307
1710308
1710309
1710310
1710311
1710312
1710313
1710314
1710315
1710316
1710317
1710318
1710319
1710320
1710321
1710322
1710323
1710324
1710325
1710326
1710327
1710328
1710329
1710330
1710331
1710332
1710333
1710334
1710335
1710336
1710337
1710338
1710339
1710340
1710341
1710342
1710343
1710344
1710345
1710346
1710347
1710348
1710349
1710350
1710351
1710352
1710353
1710354
1710355
1710417
1710419
1710420
1710422
1710423
1710424
1710426
1710427
1710428
1710429
1710430
1710431
1710438
1710439
1710440
1710441
1710442
1710443
1710444
1710445
1710446
1710471
1710472
1710473
1710474
1710475
1710476
1710477
1710478
1710479
1710480
1710481
1710482
1710483
1710484
1710485
1710486
1710487
1710488
1710489
1710490
1710491
1710492
1710493
1710494
1710495
1710496
1710497
1710498
1710499
1710500
1710501
1710502
1710503
1710504
1710505
1710506
1710507
1710508
1710509
1710510
1710511
1710512
1710513
1710514
1710515
1710516
1710517
1710518
1710519
1710520
1710521
1710522
1710523
1710524
1710525
1710526
1710527
1710528
1710529
1710530
1710531
1710532
1710533
1710534
1710535
1710536
1710537
1710538
1710539
1710540
1710541
1710542
1710543
1710544
1710545
1710546
1710547
1710584
1710586
1710587
1710589
1710590
1710591
1710593
1710594
1710595
1710742
1710743
1710744
1710745
1710746
1710747
1710748
1710749
1710750
1710751
1710752
1710753
1710754
1710755
1710756
1710757
1710758
1710759
1710760
1710761
1710762
1710763
1710764
1710765
1710766
1710767
1710768
1710769
1710770
1710771
1710772
1710773
1710774
1710775
1710776
1710777
1710778
1710779
1710780
1710781
1710782
1710783
1710784
1710785
1710786
1710787
1710788
1710789
1710790
1710791
1710792
1710793
1710794
1710795
1710796
1710797
1710798
1710799
1710800
1710801
1710802
1710803
1710804
1710805
1710806
1710807
1710808
1710809
1710842
1710843
1710844
1710845
1710846
1710847
1710848
1710849
1710850
1710851
1710852
1710853
1710854
1710855
1710856
1710857
1710858
1710859
1710914
1710917
1710918
1710919
1710921
1710922
1710924
1710927
1710928
1710931
1710932
1710933
1710934
1710935
1710936
1710937
1710938
1710939
1710940
1710941
1710942
1710943
1710944
1710945
1710946
1710947
1710948
1710949
1710950
1710951
1710952
1710953
1710954
1710955
1710956
1710957
1710958
1710959
1710960
1710961
1710962
1710963
1710964
1710965
1710966
1710967
1710968
1710969
1710970
1710971
1710972
1710973
1710974
1710975
1710976
1710977
1710978
1710979
1710980
1710981
1710982
1710983
1710984
1710985
1710986
1710987
1710988
1710989
1710990
1710991
1710992
1710993
1710994
1710995
1710996
1710997
1710998
1710999
1711000
1711001
1711002
1711003
1711004
1711005
1711006
1711007
1711008
1711009
1711010
1711027
1711028
1711029
1711030
1711031
1711032
1711033
1711034
1711035
1711246
1711249
1711250
1711251
1711253
1711254
1711256
1711259
1711260
1711263
1711264
1711265
1711266
1711267
1711268
1711269
1711270
1711271
1711272
1711273
1711274
1711312
1711313
1711314
1711315
1711316
1711317
1711318
1711319
1711320
1711321
1711322
1711323
1711324
1711354
1711355
1711356
1711357
1711358
1711359
1711360
1711361
1711362
1711363
1711364
1711365
1711366
1711367
1711368
1711369
1711370
1711371
1711372
1711373
1711374
1711375
1711376
1711377
1711378
1711379
1711380
1711381
1711382
1711383
1711384
1711385
1711386
1711387
1711388
1711389
1711390
1711391
1711392
1711393
1711394
1711395
1711396
1711397
1711398
1711399
1711400
1711401
1711402
1711403
1711404
1711405
1711406
1711407
1711408
1711409
1711410
1711411
1711412
1711413
1711414
1711415
1711416
1711417
1711435
1711438
1711439
1711440
1711442
1711443
1711445
1711448
1711449
1711452
1711453
1711454
1711455
1711456
1711457
1711458
1711459
1711460
1711461
1711462
1711463
1711501
1711502
1711503
1711504
1711505
1711506
1711507
1711508
1711509
1711510
1711511
1711512
1711513
1711514
1711515
1711516
1711517
1711518
1711519
1711520
1711521
1711522
1711523
1711524
1711525
1711597
1711598
1711599
1711600
1711601
1711602
1711603
1711604
1711605
1711606
1711607
1711608
1711609
1711610
1711611
1711612
1711613
1711614
1711615
1711616
1711617
1711618
1711619
1711620
1711621
1711622
1711623
1711624
1711625
1711626
1711628
1711629
1711630
1711631
1711632
1711633
1711634
1711635
1711636
1711637
1711638
1711639
1711640
1711641
1711642
1711643
1711644
1711645
1711646
1711647
1711648
1711649
1711650
1711651
1711652
1711653
1711654
1711655
1711656
1711657
1711658
1711659
1711660
1711661
1711662
1711663
1711664
1711665
1711666
1711667
1711668
1711669
1711670
1711671
1711672
1711673
1711674
1711675
1711676
1711701
1711702
1711703
1711704
1711705
1711706
1711707
1711708
1711709
1711710
1711711
1711712
1711713
1711714
1711715
1711716
1711717
1711718
1711719
1711720
1711721
1711722
1711723
1711724
1711725
1711726
1711730
1711731
1711762
1711763
1711765
1711767
1711768
1711769
1711821
1711822
1711823
1711830
1711831
1711832
1711839
1711840
1711841
1711842
1711843
1711844
1711845
1711846
1711847
1711848
1711849
1711850
1711851
1711852
1711853
1711854
1711855
1711856
1711857
1711858
1711859
1711860
1711861
1711862
1711863
1711864
1711868
1711869
1711896
1711897
1711899
1711901
1711902
1711903
1712043
1712044
1712045
1712046
1712047
1712048
1712049
1712050
1712051
1712052
1712053
1712054
1712055
1712056
1712057
1712058
1712059
1712060
1712061
1712062
1712063
1712064
1712065
1712066
1712067
1712068
1712069
1712070
1712071
1712072
1712073
1712074
1712075
1712076
1712077
1712078
1712079
1712080
1712081
1712082
1712083
1712084
1712085
1712086
1712087
1712088
1712089
1712090
1712091
1712092
1712093
1712094
1712095
1712096
1712097
1712098
1712099
1712100
1712101
1712102
1712103
1712104
1712105
1712106
1712107
1712108
1712109
1712110
1712111
1712112
1712113
1712114
1712115
1712116
1712117
1712118
1712119
1712159
1712161
1712162
1712164
1712165
1712166
1712168
1712169
1712170
1712250
1712253
1712254
1712255
1712257
1712258
1712260
1712263
1712264
1712267
1712268
1712269
1712270
1712271
1712272
1712273
1712274
1712275
1712276
1712277
1712278
1712279
1712280
1712281
1712282
1712283
1712284
1712285
1712286
1712287
1712288
1712289
1712290
1712291
1712292
1712293
1712294
1712295
1712296
1712297
1712298
1712299
1712300
1712301
1712302
1712303
1712304
1712305
1712306
1712307
1712308
1712309
1712310
1712311
1712312
1712313
1712314
1712315
1712316
1712317
1712318
1712319
1712320
1712321
1712322
1712323
1712324
1712325
1712326
1712327
1712328
1712329
1712330
1712331
1712332
1712333
1712334
1712335
1712336
1712337
1712338
1712339
1712340
1712341
1712342
1712343
1712344
1712345
1712346
1712363
1712364
1712365
1712366
1712367
1712368
1712369
1712370
1712371
1712409
1712410
1712411
1712412
1712413
1712414
1712415
1712416
1712417
1712418
1712419
1712420
1712421
1712422
1712423
1712424
1712425
1712426
1712427
1712428
1712429
1712430
1712431
1712432
1712433
1712434
1712435
1712436
1712437
1712438
1712439
1712440
1712441
1712442
1712443
1712444
1712445
1712446
1712447
1712448
1712449
1712450
1712451
1712452
1712453
1712454
1712455
1712456
1712457
1712458
1712459
1712460
1712478
1712481
1712482
1712483
1712485
1712486
1712488
1712491
1712492
1712495
1712496
1712497
1712498
1712499
1712500
1712501
1712502
1712503
1712504
1712505
1712506
1712507
1712508
1712509
1712510
1712511
1712512
1712513
1712514
1712515
1712516
1712517
1712518
1712556
1712557
1712558
1712559
1712560
1712561
1712562
1712563
1712564
1712565
1712566
1712567
1712568
1712582
1712583
1712584
1712585
1712586
1712587
1712588
1712589
1712590
1712591
1712592
1712593
1712594
1712595
1712596
1712597
1712598
1712599
1712600
1712601
1712602
1712603
1712604
1712605
1712606
1712607
1712611
1712612
1712639
1712640
1712642
1712644
1712645
1712646
1713194
1713196
1713197
1713199
1713209
1713211
1713212
1713214
1713224
1713226
1713227
1713229
1713544
1713546
1713547
1713549
1713559
1713561
1713562
1713564
1713574
1713576
1713577
1713579
1717243
1717244
1717245
1717246
1717247
1717248
1717249
1717250
1717251
1717252
1717253
1717254
1717255
1717256
1717257
1717258
1717259
1717260
1717261
1717262
1717263
1717264
1717265
1717266
1717267
1717268
1717269
1717273
1717275
1717277
1717278
1717281
1717282
1717312
1717313
1717314
1717315
1717316
1717317
1717318
1717319
1717320
1717321
1717322
1717323
1717324
1717325
1717326
1717328
1717329
1717330
1717332
1717333
1717334
1717337
1717338
1717339
1717341
1717342
1717343
1717344
1717345
1717346
1717347
1717348
1717349
1717350
1717351
1717352
1717353
1717354
1717358
1717359
1717360
1717361
1717362
1717363
1717364
1717365
1717366
1717367
1717368
1717369
1717370
1717371
1717372
1717373
1717374
1717375
1717376
1717377
1717378
1717379
1717380
1717381
1717382
1717383
1717384
1717385
1717386
1717387
1717388
1717389
1717390
1717391
1717392
1717393
1717394
1717395
1717396
1717397
1717398
1717399
1717400
1717438
1717439
1717441
1717442
1717443
1717444
1717451
1717452
1717453
1717454
1717455
1717456
1717457
1717458
1717459
1717460
1717461
1717462
1717463
1717464
1717465
1717466
1717467
1717468
1717469
1717470
1717471
1717472
1717473
1717474
1717475
1717476
1717477
1717478
1717479
1717480
1717481
1717482
1717483
1717484
1717485
1717488
1717489
1717493
1717494
1717495
1717524
1717526
1717527
1717528
1717530
1717531
1717532
1717533
1717534
1717537
1717538
1717540
1717541
1717542
1717543
1717544
1717545
1717546
1717547
1717548
1717549
1717550
1717551
1717555
1717556
1717557
1717558
1717559
1717560
1717561
1717562
1717563
1717564
1717565
1717566
1717567
1717568
1717569
1717570
1717571
1717572
1717573
1717574
1717575
1717576
1717577
1717578
1717579
1717580
1717581
1717582
1717583
1717584
1717585
1717586
1717587
1717588
1717589
1717590
1717591
1717592
1717593
1717594
1717595
1717596
1717597
1717598
1717599
1717600
1717601
1717602
1717603
1717605
1717606
1717607
1717608
1717615
1717616
1717617
1717618
1717619
1717620
1717621
1717622
1717623
1717624
1717625
1717626
1717627
1717628
1717629
1717630
1717631
1717632
1717633
1717636
1717637
1717641
1717642
1717643
1717815
1717816
1717817
1717818
1717819
1717820
1717821
1717822
1717823
1717827
1717828
1717829
1717830
1717831
1717832
1717833
1717834
1717835
1717836
1717837
1717838
1717839
1717840
1717841
1717842
1717843
1717844
1717845
1717846
1717847
1717848
1717849
1717850
1717851
1717852
1717853
1717854
1717855
1717856
1717857
1717858
1717859
1717860
1717861
1717862
1717863
1717864
1717865
1717866
1717867
1717868
1717869
1717870
1717871
1717872
1717873
1717874
1717875
1717876
1717877
1717878
1717930
1717931
1717933
1717936
1717937
1717938
1717939
1717940
1717941
1717942
1717945
1717946
1717947
1717948
1717949
1717950
1717951
1717952
1717953
1717954
1717955
1717956
1717957
1717958
1717959
1717960
1717961
1717962
1717963
1717964
1717965
1717966
1717967
1717968
1717969
1717970
1717971
1717972
1717973
1717974
1717975
1717976
1717977
1718003
1718004
1718005
1718006
1718007
1718008
1718009
1718010
1718011
1718012
1718013
1718014
1718018
1718019
1718020
1718021
1718022
1718023
1718024
1718025
1718026
1718027
1718028
1718029
1718030
1718031
1718032
1718033
1718034
1718035
1718036
1718037
1718038
1718039
1718040
1718041
1718042
1718043
1718044
1718045
1718046
1718047
1718048
1718049
1718050
1718051
1718052
1718053
1718054
1718055
1718056
1718057
1718058
1718059
1718060
1718061
1718062
1718063
1718064
1718065
1718066
1718202
1718204
1718205
1718207
1718208
1718211
1718212
1718213
1718214
1718215
1718216
1718217
1718220
1718221
1718222
1718223
1718224
1718225
1718226
1718227
1718228
1718229
1718230
1718231
1718232
1718233
1718234
1718235
1718236
1718237
1718238
1718239
1718240
1718241
1718242
1718243
1718244
1718245
1718246
1718247
1718248
1718249
1718250
1718394
1718395
1718400
1718401
1718402
1718406
1718407
1718413
1718415
1718416
1718418
1718419
1718420
1718427
1718428
1718436
1718438
1718439
1718441
1718442
1718443
1718450
1718451
1718459
1718461
1718462
1718468
1718469
1718470
1718473
1718474
1718492
1718493
1718498
1718499
1718500
1718504
1718505
1718512
1718513
1718514
1718515
1718517
1718518
1718525
1718526
1718534
1718536
1718537
1718539
1718540
1718541
1718548
1718549
1718557
1718559
1718560
1718566
1718567
1718568
1718571
1718572
1718581
1718582
1718587
1718588
1718589
1718593
1718594
1718601
1718602
1718607
1718608
1718609
1718613
1718614
1731620
1731621
1731622
1731623
1731624
1731625
1731626
1731627
1731628
1731629
1731630
1731631
1731632
1731635
1731636
1731637
1731638
1731639
1731640
1731641
1731646
1731647
1731727
1731728
1731729
1731730
1731731
1731732
1731733
1731734
1731735
1731736
1731737
1731738
1731739
1731742
1731743
1731744
1731745
1731746
1731747
1731748
1731753
1731754
1731865
1731890
1731896
1731897
1731901
1731903
1731904
1731906
1731908
1731909
1731910
1731911
1731915
1731916
1731917
1731918
1731919
1731920
1731921
1731922
1731923
1731924
1731925
1731926
1731927
1731928
1731929
1731930
1731931
1731932
1731933
1731934
1731935
1731936
1731937
1731938
1731939
1731940
1731941
1731942
1731943
1731944
1731945
1731947
1731948
1731950
1731951
1731952
1731953
1731954
1731996
1731997
1731998
1731999
1732000
1732001
1732002
1732003
1732004
1732005
1732006
1732007
1732008
1732009
1732010
1732011
1732012
1732013
1732014
1732015
1732016
1732018
1732019
1732021
1732022
1732023
1732024
1732025
1732029
1732030
1732034
1732035
1732037
1732039
1732041
1732042
1732044
1732045
1732049
1732052
1732053
1732054
1732055
1732056
1732057
1732058
1732059
1732061
1732062
1732063
1732153
1732278
1732279
1732280
1732281
1732282
1732283
1732284
1732285
1732286
1732287
1732288
1732289
1732290
1732293
1732294
1732295
1732296
1732297
1732298
1732299
1732302
1732303
1732308
1732309
1732310
1732314
1732315
1732317
1732318
1732321
1732322
1732323
1732324
1732325
1732326
1732327
1732328
1732329
1732330
1732331
1732332
1732333
1732334
1732335
1732336
1732337
1732338
1732339
1732340
1732342
1732343
1732344
1732345
1732349
1732350
1732351
1732352
1732353
1732354
1732355
1732356
1732357
1732358
1732359
1732360
1732361
1732362
1732363
1732364
1732365
1732366
1732367
1732368
1732369
1732370
1732372
1732373
1732375
1732376
1732377
1732378
1732379
1732423
1732424
1732425
1732429
1732430
1732432
1732433
1732436
1732437
1732438
1732439
1732440
1732441
1732442
1732443
1732444
1732445
1732446
1732448
1732449
1732450
1732451
1732455
1732456
1732457
1732458
1732459
1732460
1732461
1732462
1732463
1732464
1732465
1732466
1732468
1732469
1732470
1732471
1732472
1732473
1732474
1732475
1732476
1732477
1732478
1732479
1732480
1732481
1732482
1732483
1732484
1732485
1732486
1732487
1732488
1732490
1732491
1732493
1732494
1732495
1732496
1732497
1732592
1732593
1732594
1732595
1732596
1732597
1732598
1732599
1732600
1732601
1732602
1732603
1732604
1732607
1732608
1732609
1732610
1732611
1732612
1732613
1732616
1732617
1732773
1732774
1732775
1732776
1732777
1732778
1732779
1732780
1732781
1732782
1732783
1732784
1732785
1732788
1732789
1732790
1732791
1732792
1732793
1732794
1732799
1732800
1732912
1732913
1732914
1732915
1732916
1732917
1732918
1732919
1732920
1732921
1732922
1732923
1732924
1732925
1732926
1732927
1732928
1732929
1732930
1732931
1732932
1732934
1732935
1732937
1732938
1732939
1732940
1732941
1732945
1732946
1732947
1732951
1732952
1732954
1732955
1732958
1732959
1732961
1732962
1732963
1732964
1732968
1732969
1732970
1732971
1732972
1732973
1732974
1732975
1732977
1732978
1732979
1732981
1732982
1732983
1732984
1732985
1732986
1732987
1732988
1732989
1732990
1732991
1733033
1733034
1733035
1733036
1733037
1733038
1733039
1733040
1733041
1733042
1733043
1733044
1733045
1733046
1733047
1733048
1733049
1733050
1733051
1733052
1733053
1733055
1733056
1733058
1733059
1733060
1733061
1733062
1733066
1733067
1733068
1733072
1733073
1733075
1733076
1733079
1733080
1733082
1733083
1733084
1733085
1733089
1733090
1733091
1733092
1733093
1733094
1733095
1733096
1733098
1733099
1733100
1733102
1733103
1733104
1733105
1733106
1733107
1733108
1733109
1733110
1733111
1733112
1733139
1733140
1733141
1733142
1733143
1733144
1733145
1733146
1733147
1733149
1733150
1733151
1733152
1733153
1733154
1733155
1733156
1733157
1733162
1733163
1733348
1733394
1733395
1733399
1733400
1733402
1733404
1733405
1733406
1733407
1733408
1733409
1733410
1733411
1733412
1733413
1733415
1733416
1733417
1733418
1733422
1733423
1733424
1733425
1733426
1733427
1733428
1733429
1733430
1733431
1733432
1733433
1733434
1733435
1733436
1733437
1733438
1733439
1733440
1733441
1733442
1733443
1733445
1733446
1733448
1733449
1733450
1733451
1733452
1733494
1733495
1733496
1733497
1733498
1733499
1733500
1733501
1733502
1733503
1733504
1733505
1733506
1733507
1733508
1733509
1733510
1733511
1733512
1733513
1733514
1733516
1733517
1733519
1733520
1733521
1733522
1733523
1733527
1733528
1733532
1733533
1733535
1733537
1733538
1733539
1733540
1733541
1733542
1733543
1733544
1733546
1733547
1733548
1733551
1733552
1733554
1733555
1733559
1733562
1733712
1733713
1733714
1733715
1733716
1733717
1733718
1733719
1733720
1733721
1733722
1733723
1733724
1733727
1733728
1733729
1733730
1733731
1733732
1733733
1733736
1733737
1733839
1733840
1733841
1733842
1733843
1733844
1733845
1733846
1733847
1733849
1733850
1733851
1733852
1733853
1733854
1733855
1733856
1733857
1733860
1733861
1734470
1734471
1734473
1734474
1734475
1734481
1734482
1734483
1734484
1734485
1734486
1734487
1734488
1734489
1734490
1734491
1734492
1734493
1734494
1734495
1734496
1734497
1734498
1734499
1734500
1734501
1734502
1734503
1734504
1734505
1734506
1734507
1734508
1734509
1734510
1734511
1734512
1734513
1734514
1734517
1734518
1734522
1734523
1734524
1734567
1734568
1734569
1734570
1734571
1734572
1734574
1734575
1734576
1734580
1734581
1734582
1734583
1734584
1734585
1734586
1734587
1734588
1734589
1734590
1734591
1734592
1734595
1734596
1734597
1734598
1734599
1734600
1734601
1734602
1734603
1734604
1734605
1734606
1734607
1734608
1734609
1734610
1734611
1734612
1734613
1734614
1734615
1734616
1734617
1734618
1734619
1734620
1734621
1734698
1734699
1734700
1734702
1734703
1734704
1734707
1734708
1734709
1734711
1734712
1734713
1734714
1734715
1734716
1734717
1734718
1734719
1734720
1734721
1734722
1734723
1734724
1734728
1734729
1734730
1734731
1734732
1734733
1734734
1734735
1734736
1734737
1734738
1734739
1734740
1734741
1734742
1734743
1734744
1734745
1734746
1734747
1734748
1734749
1734750
1734751
1734752
1734753
1734754
1734755
1734756
1734757
1734758
1734834
1734835
1734837
1734838
1734843
1734844
1734845
1734846
1734847
1734848
1734849
1734850
1734851
1734852
1734853
1734854
1734855
1734856
1734857
1734858
1734859
1734860
1734861
1734862
1734863
1734864
1734865
1734866
1734867
1734868
1734869
1734870
1734871
1734872
1734875
1734876
1734880
1734881
1734882
1734964
1734965
1734969
1734970
1734971
1734973
1734974
1734978
1734979
1734980
1734986
1734987
1734990
1734991
1734993
1734994
1734997
1734998
1734999
1735000
1735001
1735002
1735003
1735004
1735005
1735006
1735007
1735008
1735009
1735010
1735011
1735012
1735013
1735014
1735015
1735016
1735017
1735018
1735019
1735020
1735021
1735022
1735023
1735024
1735025
1735026
1735027
1735028
1735029
1735030
1735031
1735032
1735033
1735034
1735035
1735036
1735037
1735038
1735039
1735040
1735041
1735042
1735043
1735044
1735045
1735046
1735049
1735050
1735051
1735055
1735056
1735058
1735059
1735062
1735063
1735065
1735066
1735067
1735068
1735069
1735071
1735072
1735074
1735075
1735076
1735077
1735078
1735079
1735080
1735081
1735082
1735083
1735084
1735085
1735086
1735087
1735088
1735089
1735090
1735091
1735092
1735093
1735094
1735095
1735096
1735097
1735098
1735099
1735100
1735101
1735102
1735103
1735104
1735107
1735108
1735109
1735110
1735111
1735112
1735113
1735114
1735115
1735116
1735117
1735118
1735119
1735120
1735121
1735122
1735123
1735124
1735125
1735126
1735127
1735128
1735129
1735130
1735131
1735132
1735133
1735134
1735135
1735136
1735137
1735138
1735139
1735140
1735141
1735142
1735143
1735144
1735145
1735146
1735147
1735148
1735149
1735150
1735151
1735152
1735153
1735154
1735155
1735156
1735157
1735160
1735161
1735162
1735163
1735164
1735165
1735166
1735167
1735168
1735169
1735170
1735171
1735172
1735173
1735174
1735175
1735176
1735177
1735178
1735179
1735180
1735181
1735182
1735183
1735184
1735185
1735186
1735187
1735188
1735189
1735190
1735191
1735192
1735193
1735194
1735195
1735196
1735197
1735198
1735201
1735202
1735203
1735207
1735208
1735210
1735211
1735214
1735215
1735216
1735217
1735218
1735219
1735220
1735221
1735222
1735223
1735224
1735225
1735226
1735229
1735230
1735231
1735232
1735233
1735235
1735236
1735238
1735239
1735244
1735245
1735248
1735250
1735256
1735257
1735260
1735262
1735264
1735265
1735266
1735267
1735268
1735269
1735270
1735271
1735272
1735273
1735274
1735275
1735276
1735277
1735278
1735279
1735280
1735281
1735282
1735283
1735284
1735285
1735286
1735287
1735306
1735307
1735311
1735312
1735313
1735315
1735316
1735320
1735321
1735322
1735385
1735386
1735387
1735388
1735389
1735390
1735391
1735392
1735393
1735394
1735395
1735396
1735397
1735398
1735399
1735400
1735401
1735402
1735404
1735405
1735406
1735412
1735413
1735414
1735415
1735416
1735417
1735418
1735419
1735420
1735421
1735422
1735423
1735424
1735425
1735426
1735427
1735428
1735429
1735432
1735433
1735437
1735438
1735439
1735481
1735482
1735483
1735484
1735485
1735486
1735487
1735488
1735489
1735494
1735495
1735498
1735499
1735501
1735502
1735505
1735506
1735507
1735508
1735509
1735510
1735511
1735512
1735513
1735514
1735515
1735516
1735517
1735518
1735519
1735523
1735525
1735527
1735530
1735532
1735533
1735534
1735535
1735536
1735537
1735538
1735539
1735540
1735541
1735542
1735543
1735544
1735545
1735546
1735547
1735548
1735549
1735550
1735551
1735552
1735553
1735554
1735555
1735560
1735561
1735564
1735565
1735567
1735568
1735571
1735572
1735573
1735574
1735575
1735576
1735577
1735578
1735579
1735580
1735581
1735582
1735583
1735584
1735585
1735586
1735587
1735588
1735590
1735591
1735596
1735597
1735598
1735599
1735600
1735601
1735602
1735603
1735604
1735605
1735606
1735607
1735608
1735609
1735612
1735613
1735617
1735618
1735619
1735699
1735700
1735701
1735702
1735703
1735704
1735706
1735707
1735708
1735712
1735713
1735714
1735715
1735716
1735717
1735718
1735719
1735720
1735721
1735722
1735723
1735724
1735727
1735728
1735729
1735730
1735731
1735732
1735733
1735734
1735735
1735736
1735737
1735738
1735739
1735740
1735741
1735742
1735743
1735744
1735745
1735746
1735747
1735748
1735749
1735750
1735751
1735752
1735753
1735829
1735830
1735831
1735832
1735833
1735834
1735835
1735836
1735837
1735838
1735839
1735840
1735841
1735842
1735843
1735844
1735845
1735846
1735847
1735848
1735849
1735850
1735851
1735852
1735853
1735854
1735857
1735858
1735859
1735863
1735864
1735866
1735867
1735870
1735871
1735873
1735874
1735875
1735876
1735877
1735879
1735881
1735882
1735883
1735884
1735885
1735886
1735887
1735888
1735889
1735890
1735891
1735892
1735893
1735894
1735895
1735896
1735897
1735898
1735899
1735900
1735901
1735902
1735903
1735904
1735905
1735906
1735907
1735908
1735909
1735910
1735911
1735912
1735915
1735916
1735917
1735918
1735919
1735920
1735921
1735922
1735923
1735924
1735925
1735926
1735927
1735928
1735929
1735930
1735931
1735932
1735933
1735934
1735935
1735936
1735937
1735938
1735939
1735940
1735941
1735942
1735943
1735944
1735945
1735946
1735947
1735948
1735949
1735950
1735951
1735952
1735953
1735954
1735955
1735956
1735957
1735958
1735959
1735960
1735961
1735962
1735963
1735964
1735965
1735966
1735967
1735968
1735969
1735970
1735971
1735972
1735973
1735974
1735975
1735976
1735977
1735980
1735981
1735982
1735986
1735987
1735989
1735990
1735993
1735994
1735995
1735996
1735997
1735998
1735999
1736000
1736001
1736002
1736003
1736005
1736006
1736007
1736008
1736009
1736011
1736013
1736014
1736015
1736016
1736017
1736018
1736019
1736020
1736021
1736022
1736023
1736024
1736025
1736026
1736027
1736028
1736029
1736030
1736031
1736032
1736033
1736034
1736035
1736038
1736039
1736040
1736041
1736042
1736043
1736044
1736045
1736046
1736047
1736048
1736049
1736050
1736051
1736052
1736053
1736054
1736055
1736056
1736057
1736058
1736059
1736135
1736137
1736138
1736139
1736141
1736142
1736143
1736144
1736145
1736148
1736149
1736151
1736152
1736153
1736154
1736155
1736156
1736157
1736158
1736159
1736160
1736161
1736162
1736166
1736167
1736168
1736169
1736170
1736171
1736172
1736173
1736174
1736175
1736176
1736177
1736178
1736179
1736180
1736181
1736182
1736183
1736184
1736185
1736186
1736187
1736188
1736189
1736190
1736191
1736192
1736193
1736194
1736195
1736196
1736272
1736273
1736274
1736275
1736276
1736277
1736278
1736279
1736280
1736281
1736282
1736283
1736284
1736285
1736286
1736287
1736288
1736289
1736290
1736291
1736292
1736293
1736294
1736295
1736296
1736297
1736298
1736299
1736300
1736303
1736304
1736305
1736306
1736307
1736308
1736309
1736310
1736311
1736312
1736313
1736314
1736315
1736316
1736317
1736318
1736319
1736320
1736321
1736322
1736323
1736324
1736325
1736326
1736327
1736328
1736329
1736330
1736331
1736332
1736333
1736334
1736335
1736336
1736337
1736338
1736339
1736340
1736341
1736344
1736345
1736346
1736350
1736351
1736353
1736354
1736357
1736358
1736359
1736360
1736361
1736362
1736363
1736364
1736365
1736366
1736367
1736368
1736369
1736372
1736373
1736374
1736375
1736376
1736378
1736379
1736381
1736382
1736383
1736384
1736385
1736386
1736387
1736388
1736389
1736390
1736391
1736392
1736393
1736394
1736395
1736396
1736397
1736398
1736399
1736400
1736401
1736402
1736403
1736404
1736405
1736406
1736407
1736408
1736409
1736410
1736411
1736412
1736413
1736414
1736415
1736416
1736417
1736418
1736419
1736420
1736421
1736422
1736423
1736426
1736427
1736428
1736429
1736430
1736431
1736432
1736433
1736434
1736435
1736436
1736437
1736438
1736439
1736440
1736441
1736442
1736443
1736444
1736445
1736446
1736447
1736448
1736449
1736450
1736451
1736452
1736453
1736454
1736455
1736456
1736457
1736458
1736459
1736460
1736461
1736462
1736463
1736464
1736467
1736468
1736469
1736473
1736474
1736476
1736477
1736480
1736481
1736482
1736483
1736484
1736485
1736486
1736487
1736488
1736489
1736490
1736491
1736492
1736495
1736496
1736497
1736498
1736499
1736501
1736502
1736504
1736505
1736506
1736508
1736509
1736512
1736514
1736515
1736516
1736517
1736518
1736519
1736520
1736522
1736523
1736524
1736525
1736526
1736527
1736528
1736531
1736532
1736533
1736534
1736535
1736536
1736537
1736538
1736539
1736540
1736541
1736542
1736543
1736544
1736545
1736546
1736547
1736548
1736549
1736550
1736551
1736552
1736553
1736554
1736555
1736556
1736557
1736558
1736559
1736560
1736561
1736637
1736638
1736640
1736641
1736646
1736647
1736648
1736649
1736650
1736651
1736652
1736653
1736654
1736655
1736656
1736657
1736658
1736659
1736660
1736661
1736662
1736663
1736664
1736665
1736666
1736667
1736668
1736669
1736670
1736671
1736672
1736673
1736674
1736675
1736678
1736679
1736683
1736684
1736685
1736752
1736753
1736756
1736758
1736764
1736765
1736768
1736770
1736772
1736773
1736774
1736775
1736776
1736777
1736778
1736779
1736780
1736781
1736782
1736783
1736784
1736785
1736786
1736787
1736788
1736789
1736790
1736791
1736792
1736793
1736794
1736795
1736800
1736801
1736804
1736806
1736808
1736809
1736810
1736811
1736812
1736813
1736814
1736815
1736816
1736817
1736818
1736819
1736820
1736821
1736822
1736827
1736828
1736831
1736833
1736835
1736836
1736837
1736838
1736839
1736840
1736841
1736842
1736843
1736942
1736943
1736947
1736948
1736949
1736951
1736952
1736956
1736957
1736958
1736963
1736966
1736969
1736970
1736971
1736972
1736973
1736974
1736975
1736976
1736977
1736978
1736979
1736980
1736981
1736982
1736983
1736984
1736985
1736986
1736987
1736988
1736989
1736990
1736991
1736992
1736997
1736998
1737001
1737002
1737004
1737005
1737008
1737009
1737010
1737011
1737012
1737013
1737014
1737015
1737016
1737017
1737018
1737019
1737020
1737021
1737022
1737023
1737024
1737025
1737026
1737027
1737028
1737029
1737030
1737031
1737032
1737033
1737034
1737035
1737036
1737037
1737038
1737039
1737040
1737041
1737042
1737043
1737044
1737045
1737046
1737047
1737048
1737051
1737052
1737053
1737057
1737058
1737060
1737061
1737064
1737065
1737066
1737067
1737068
1737069
1737070
1737071
1737072
1737073
1737074
1737076
1737077
1737078
1737079
1737080
1737082
1737084
1737085
1737086
1737087
1737088
1737089
1737090
1737091
1737092
1737093
1737094
1737095
1737096
1737097
1737098
1737099
1737100
1737101
1737102
1737103
1737104
1737105
1737106
1737109
1737110
1737111
1737112
1737113
1737114
1737115
1737116
1737117
1737118
1737119
1737120
1737121
1737122
1737123
1737124
1737125
1737126
1737127
1737128
1737129
1737130
1737131
1737132
1737133
1737134
1737135
1737136
1737137
1737138
1737139
1737140
1737141
1737142
1737143
1737144
1737145
1737146
1737147
1737148
1737149
1737150
1737151
1737152
1737153
1737154
1737155
1737156
1737157
1737158
1737159
1737160
1737161
1737162
1737163
1737164
1737165
1737166
1737167
1737168
1737169
1737170
1737171
1737174
1737175
1737176
1737177
1737178
1737179
1737180
1737181
1737182
1737183
1737184
1737185
1737186
1737187
1737188
1737189
1737190
1737191
1737192
1737193
1737194
1737195
1737196
1737197
1737198
1737199
1737200
1737201
1737202
1737203
1737204
1737205
1737206
1737207
1737208
1737209
1737210
1737211
1737212
1737215
1737216
1737217
1737221
1737222
1737224
1737225
1737228
1737229
1737230
1737231
1737232
1737233
1737234
1737235
1737236
1737237
1737238
1737239
1737240
1737243
1737244
1737245
1737246
1737247
1737249
1737251
1737252
1737253
1737257
1737260
1737263
1737264
1737265
1737266
1737267
1737268
1737269
1737270
1737271
1737272
1737273
1737274
1737275
1737276
1737277
1737278
1737279
1737280
1737281
1737282
1737283
1737284
1737285
1737286
1737291
1737292
1737295
1737297
1737317
1737318
1737322
1737323
1737324
1737326
1737327
1737331
1737332
1737333
1737359
1737360
1737361
1737362
1737363
1737364
1737365
1737366
1737367
1737368
1737369
1737370
1737371
1737372
1737373
1737374
1737375
1737376
1737378
1737379
1737384
1737385
1737386
1737387
1737388
1737389
1737390
1737391
1737392
1737393
1737394
1737395
1737396
1737397
1737400
1737401
1737405
1737406
1737407
1737552
1737554
1737555
1737558
1737560
1737561
1737562
1737563
1737564
1737565
1737566
1737568
1737569
1737570
1737571
1737572
1737573
1737574
1737577
1737578
1737579
1737580
1737581
1737582
1737583
1737584
1737585
1737586
1737587
1737588
1737589
1737590
1737591
1737592
1737593
1737594
1737595
1737596
1737597
1737598
1737599
1737600
1737601
1737602
1737603
1737604
1737605
1737606
1737607
1738412
1738413
1738414
1738415
1738417
1738420
1738421
1738422
1738423
1738424
1738425
1738426
1738456
1738457
1738458
1738459
1738460
1738461
1738462
1738463
1738464
1738465
1738466
1738467
1738471
1738472
1738473
1738474
1738475
1738476
1738477
1738478
1738479
1738480
1738481
1738482
1738483
1738484
1738485
1738486
1738487
1738488
1738489
1738490
1738491
1738492
1738493
1738494
1738495
1738496
1738497
1738498
1738499
1738500
1738501
1738502
1738503
1738504
1738505
1738506
1738507
1738508
1738509
1738510
1738511
1738512
1738513
1738514
1738515
1738516
1738517
1738518
1738519
1738520
1738521
1738522
1738523
1738524
1738525
1738526
1738527
1738528
1738529
1738530
1738531
1738532
1738533
1738534
1738535
1738536
1738537
1738538
1738539
1738540
1738541
1738542
1738543
1738544
1738573
1738574
1738575
1738576
1738577
1738578
1738579
1738580
1738581
1738582
1738583
1738584
1738585
1738586
1738587
1738588
1738589
1738590
1738591
1738592
1738593
1738594
1738595
1738596
1738597
1738598
1738599
1738600
1738601
1738602
1738603
1738630
1738631
1738633
1738636
1738637
1738638
1738639
1738640
1738641
1738642
1738645
1738646
1738705
1738706
1738707
1738708
1738710
1738713
1738714
1738715
1738716
1738717
1738718
1738719
1738781
1738782
1738783
1738784
1738785
1738786
1738787
1738788
1738789
1738790
1738791
1738792
1738793
1738794
1738795
1738796
1738797
1738798
1738799
1738800
1738801
1738802
1738803
1738804
1738805
1738806
1738807
1738808
1738809
1738810
1738811
1738812
1738813
1738814
1738815
1738816
1738817
1738818
1738819
1738820
1738821
1738822
1738823
1738824
1738825
1738826
1738827
1738828
1738829
1738830
1738831
1738832
1738833
1738834
1738835
1738836
1738837
1738838
1738839
1738840
1738841
1738842
1738843
1738844
1738845
1738846
1738847
1738848
1738849
1738850
1738851
1738852
1738853
1738854
1738855
1738856
1738857
1738858
1738859
1738860
1738861
1738862
1738863
1738864
1739074
1739075
1739076
1739077
1739078
1739079
1739080
1739081
1739082
1739083
1739084
1739085
1739086
1739087
1739088
1739089
1739090
1739091
1739092
1739093
1739094
1739095
1739096
1739097
1739098
1739099
1739100
1739101
1739102
1739103
1739104
1739105
1739106
1739107
1739108
1739109
1739110
1739111
1739112
1739113
1739114
1739115
1739116
1739120
1739121
1739122
1739123
1739124
1739125
1739126
1739127
1739128
1739129
1739130
1739131
1739132
1739133
1739134
1739135
1739136
1739137
1739138
1739139
1739140
1739141
1739142
1739143
1739144
1739145
1739146
1739147
1739148
1739149
1739150
1739151
1739152
1739153
1739154
1739155
1739156
1739157
1739158
1739159
1739160
1739161
1739162
1739191
1739192
1739193
1739194
1739195
1739196
1739197
1739198
1739199
1739203
1739204
1739205
1739206
1739207
1739208
1739209
1739210
1739211
1739212
1739213
1739214
1739215
1739216
1739217
1739218
1739219
1739220
1739221
1739222
1739223
1739224
1739225
1739226
1739227
1739228
1739229
1739230
1739231
1739232
1739233
1739234
1739235
1739236
1739237
1739238
1739239
1739240
1739241
1739242
1739243
1739244
1739245
1739246
1739247
1739248
1739249
1739250
1739251
1739252
1739253
1739254
1739543
1739544
1739545
1739546
1739547
1739548
1739549
1739550
1739551
1739552
1739553
1739554
1739555
1739556
1739557
1739558
1739559
1739560
1739561
1739562
1739563
1739564
1739565
1739566
1739567
1739568
1739569
1739570
1739571
1739572
1739573
1739599
1739600
1739601
1739602
1739603
1739607
1739608
1739609
1739610
1739611
1739612
1739613
1739614
1739615
1739616
1739617
1739618
1739619
1739620
1739621
1739622
1739623
1739624
1739625
1739626
1739627
1739628
1739629
1739630
1739631
1739632
1739633
1739634
1739635
1739636
1739637
1739638
1739639
1739640
1739641
1739642
1739643
1739644
1739645
1739646
1739647
1739648
1739649
1739650
1739651
1739652
1739653
1739654
1739655
1739656
1739657
1739658
1739659
1739660
1739661
1739662
1739663
1739664
1739665
1739666
1739667
1739668
1739669
1739670
1739671
1739672
1739673
1739674
1739675
1739676
1739677
1739678
1739679
1739680
1739681
1739682
1739683
1739684
1739685
1739686
1739687
1739799
1739801
1739802
1739804
1739805
1739808
1739809
1739810
1739811
1739812
1739813
1739814
1739835
1739836
1739837
1739838
1739839
1739840
1739841
1739842
1739843
1739844
1739845
1739846
1739847
1739848
1739849
1739850
1739851
1739852
1739853
1739854
1739855
1739856
1739857
1739858
1739859
1739860
1739861
1739862
1739863
1739864
1739865
1739866
1739867
1739868
1739869
1739870
1739871
1739872
1739873
1739874
1739875
1739876
1739877
1739878
1739879
1739880
1739881
1739882
1739883
1739884
1739885
1739886
1739887
1739888
1739889
1739890
1739891
1739892
1739893
1739894
1739895
1739896
1739897
1739898
1739899
1739900
1739901
1739902
1739903
1739904
1739905
1739906
1739907
1739908
1739909
1739910
1739911
1739912
1739913
1739914
1739915
1739916
1739917
1739918
1739960
1739962
1739965
1739967
1739968
1739969
1739970
1739971
1739972
1739973
1739976
1739977
1740073
1740074
1740075
1740076
1740077
1740078
1740079
1740080
1740081
1740082
1740083
1740084
1740088
1740089
1740090
1740091
1740092
1740093
1740094
1740095
1740096
1740097
1740098
1740099
1740100
1740101
1740102
1740103
1740104
1740105
1740106
1740107
1740108
1740109
1740110
1740111
1740112
1740113
1740114
1740115
1740116
1740117
1740118
1740119
1740120
1740121
1740122
1740123
1740124
1740125
1740126
1740127
1740128
1740129
1740130
1740131
1740132
1740133
1740134
1740135
1740136
1740165
1740166
1740167
1740168
1740169
1740170
1740171
1740172
1740173
1740174
1740175
1740176
1740177
1740178
1740179
1740180
1740181
1740182
1740183
1740184
1740185
1740186
1740187
1740188
1740189
1740190
1740191
1740192
1740193
1740194
1740195
1740196
1740197
1740198
1740199
1740200
1740204
1740205
1740206
1740207
1740208
1740209
1740210
1740211
1740212
1740213
1740214
1740215
1740216
1740217
1740218
1740219
1740220
1740221
1740222
1740223
1740224
1740225
1740226
1740227
1740228
1740229
1740230
1740231
1740232
1740233
1740234
1740235
1740236
1740237
1740238
1740239
1740240
1740241
1740242
1740243
1740244
1740245
1740246
1740247
1740248
1740249
1740250
1740251
1740252
1740253
1740309
1740311
1740314
1740316
1740317
1740318
1740319
1740320
1740321
1740322
1740325
1740326
1740655
1740656
1740661
1740662
1740663
1740667
1740668
1740675
1740676
1740681
1740682
1740683
1740687
1740688
1740704
1740705
1740710
1740711
1740712
1740716
1740717
1740724
1740725
1740730
1740731
1740732
1740736
1740737
1740753
1740754
1740759
1740760
1740761
1740765
1740766
1740773
1740774
1740779
1740780
1740781
1740785
1740786
1754375
1754376
1754377
1754378
1754379
1754380
1754381
1754382
1754383
1754384
1754385
1754386
1754387
1754388
1754389
1754390
1754391
1754392
1754393
1754394
1754395
1754412
1754413
1754414
1754415
1754416
1754417
1754418
1754419
1754420
1754436
1754437
1754441
1754442
1754445
1754447
1754449
1754450
1754452
1754453
1754454
1754455
1754456
1754457
1754458
1754459
1754461
1754462
1754463
1754464
1754465
1754466
1754467
1754468
1754469
1754470
1754471
1754472
1754473
1754474
1754475
1754476
1754477
1754478
1754479
1754480
1754481
1754482
1754483
1754484
1754485
1754488
1754489
1754490
1754491
1754492
1754493
1754494
1754495
1754496
1754497
1754498
1754499
1754500
1754501
1754502
1754503
1754504
1754505
1754506
1754507
1754508
1754509
1754510
1754511
1754514
1754515
1754516
1754517
1754518
1754519
1754520
1754521
1754522
1754523
1754524
1754525
1754527
1754528
1754529
1754531
1754533
1754534
1754535
1754536
1754537
1754538
1754539
1754540
1754541
1754542
1754543
1754544
1754545
1754546
1754547
1754548
1754549
1754550
1754551
1754552
1754553
1754554
1754555
1754556
1754582
1754583
1754585
1754587
1754636
1754637
1754638
1754639
1754640
1754641
1754642
1754643
1754644
1754645
1754646
1754649
1754650
1754651
1754652
1754653
1754654
1754655
1754656
1754657
1754658
1754659
1754660
1754661
1754662
1754663
1754664
1754665
1754666
1754667
1754668
1754669
1754670
1754673
1754674
1754675
1754676
1754677
1754678
1754679
1754680
1754681
1754682
1754683
1754685
1754686
1754687
1754688
1754689
1754690
1754691
1754692
1754693
1754694
1754695
1754698
1754699
1754700
1754701
1754702
1754703
1754704
1754705
1754708
1754709
1754710
1754711
1754712
1754713
1754714
1754715
1754716
1754717
1754718
1754719
1754720
1754721
1754722
1754723
1754724
1754725
1754726
1754727
1754728
1754729
1754730
1754731
1754732
1754733
1754734
1754735
1754757
1754758
1754762
1754763
1754766
1754767
1754768
1754769
1754770
1754771
1754772
1754773
1754774
1754775
1754776
1754778
1754780
1754782
1754783
1754785
1754786
1754790
1754791
1754792
1754793
1754794
1754795
1754796
1754797
1754798
1755007
1755008
1755009
1755010
1755011
1755012
1755013
1755014
1755015
1755016
1755017
1755018
1755019
1755020
1755021
1755022
1755023
1755024
1755025
1755026
1755027
1755028
1755029
1755030
1755031
1755032
1755033
1755034
1755035
1755036
1755037
1755038
1755039
1755040
1755041
1755042
1755043
1755044
1755045
1755046
1755048
1755049
1755051
1755052
1755054
1755055
1755056
1755057
1755058
1755059
1755061
1755062
1755064
1755065
1755067
1755068
1755069
1755070
1755074
1755075
1755076
1755077
1755078
1755079
1755080
1755081
1755082
1755083
1755084
1755085
1755093
1755095
1755096
1755098
1755151
1755152
1755153
1755154
1755155
1755156
1755157
1755158
1755159
1755160
1755317
1755318
1755319
1755320
1755321
1755322
1755323
1755324
1755325
1755326
1755327
1755328
1755329
1755330
1755331
1755332
1755333
1755334
1755335
1755336
1755337
1755338
1755339
1755340
1755341
1755342
1755343
1755344
1755345
1755347
1755348
1755349
1755350
1755351
1755352
1755353
1755354
1755355
1755356
1755357
1755358
1755359
1755360
1755361
1755362
1755363
1755364
1755365
1755366
1755367
1755368
1755369
1755370
1755371
1755372
1755373
1755374
1755375
1755376
1755377
1755378
1755379
1755380
1755381
1755382
1755383
1755384
1755385
1755386
1755387
1755388
1755389
1755390
1755391
1755392
1755393
1755394
1755396
1755397
1755398
1755399
1755400
1755401
1755409
1755410
1755411
1755412
1755413
1755414
1755415
1755416
1755417
1755418
1755419
1755420
1755421
1755422
1755427
1755429
1755431
1755432
1755433
1755434
1755435
1755437
1755438
1755439
1755440
1755446
1755448
1755449
1755450
1755451
1755452
1755453
1755466
1755467
1755468
1755469
1755470
1755471
1755472
1755473
1755474
1755475
1755476
1755478
1755480
1755481
1755483
1755486
1755487
1755488
1755489
1755490
1755491
1755492
1755493
1755494
1755495
1755496
1755497
1755498
1755499
1755500
1755501
1755502
1755503
1755504
1755505
1755506
1755507
1755508
1755509
1755510
1755511
1755512
1755513
1755514
1755515
1755516
1755519
1755520
1755521
1755522
1755523
1755524
1755525
1755526
1755527
1755528
1755529
1755530
1755531
1755532
1755533
1755534
1755535
1755536
1755537
1755538
1755539
1755540
1755541
1755542
1755545
1755546
1755547
1755548
1755549
1755550
1755551
1755552
1755553
1755554
1755555
1755556
1755558
1755559
1755560
1755562
1755564
1755565
1755566
1755567
1755568
1755569
1755570
1755571
1755572
1755573
1755574
1755575
1755576
1755577
1755578
1755579
1755580
1755581
1755582
1755583
1755584
1755585
1755586
1755587
1755647
1755648
1755649
1755650
1755651
1755652
1755653
1755654
1755655
1755660
1755661
1755664
1755666
1755821
1755822
1755824
1755826
1755897
1755898
1755899
1755900
1755901
1755902
1755903
1755904
1755905
1755906
1755907
1755908
1755909
1755910
1755911
1755912
1755913
1755914
1755916
1755917
1755918
1755919
1755921
1755923
1755929
1755930
1755938
1755939
1755942
1755943
1755944
1755945
1755946
1755947
1755948
1755949
1755950
1755952
1755955
1755958
1755961
1755964
1755967
1756010
1756011
1756012
1756013
1756014
1756015
1756016
1756017
1756018
1756019
1756020
1756021
1756022
1756023
1756024
1756025
1756026
1756027
1756028
1756029
1756030
1756031
1756032
1756033
1756034
1756035
1756036
1756037
1756038
1756039
1756040
1756041
1756042
1756043
1756044
1756045
1756046
1756047
1756063
1756064
1756066
1756067
1756069
1756070
1756071
1756072
1756073
1756075
1756076
1756077
1756079
1756080
1756082
1756083
1756085
1756086
1756087
1756088
1756092
1756093
1756094
1756095
1756096
1756097
1756098
1756099
1756100
1756101
1756102
1756103
1756111
1756113
1756114
1756116
1756119
1756120
1756121
1756122
1756123
1756124
1756125
1756126
1756127
1756128
1756196
1756197
1756198
1756199
1756200
1756201
1756202
1756203
1756204
1756205
1756206
1756207
1756208
1756209
1756210
1756211
1756212
1756213
1756214
1756215
1756216
1756217
1756218
1756219
1756220
1756221
1756222
1756223
1756224
1756226
1756227
1756228
1756229
1756230
1756231
1756232
1756233
1756234
1756235
1756236
1756237
1756238
1756239
1756240
1756241
1756242
1756244
1756245
1756246
1756247
1756248
1756249
1756257
1756258
1756259
1756260
1756261
1756262
1756263
1756264
1756265
1756266
1756267
1756268
1756269
1756270
1756275
1756277
1756279
1756280
1756281
1756282
1756283
1756285
1756286
1756287
1756288
1756293
1756295
1756296
1756297
1756299
1756300
1756301
1756302
1756303
1756304
1756305
1756306
1756307
1756308
1756309
1756310
1756311
1756312
1756313
1756314
1756316
1756317
1756319
1756320
1756322
1756323
1756326
1756327
1756328
1756329
1756366
1756367
1756368
1756369
1756370
1756371
1756372
1756373
1756374
1756399
1756401
1756403
1756406
1757024
1757026
1757027
1757028
1757030
1757031
1757032
1757033
1757034
1757037
1757038
1757041
1757042
1757043
1757044
1757045
1757046
1757054
1757055
1757056
1757057
1757058
1757059
1757060
1757061
1757062
1757063
1757064
1757065
1757066
1757067
1757068
1757069
1757070
1757071
1757072
1757073
1757074
1757075
1757076
1757077
1757078
1757079
1757080
1757081
1757082
1757087
1757088
1757089
1757090
1757091
1757092
1757093
1757094
1757095
1757096
1757097
1757098
1757099
1757100
1757101
1757106
1757110
1757111
1757112
1757113
1757114
1757115
1757116
1757117
1757118
1757119
1757120
1757121
1757122
1757123
1757124
1757126
1757127
1757128
1757129
1757130
1757131
1757132
1757133
1757134
1757135
1757136
1757137
1757138
1757139
1757140
1757141
1757142
1757143
1757144
1757145
1757146
1757149
1757150
1757151
1757152
1757153
1757154
1757155
1757156
1757157
1757158
1757159
1757160
1757161
1757162
1757163
1757164
1757165
1757170
1757171
1757213
1757214
1757215
1757216
1757217
1757218
1757219
1757220
1757221
1757234
1757235
1757236
1757237
1757238
1757239
1757240
1757241
1757242
1757243
1757244
1757245
1757246
1757247
1757248
1757249
1757250
1757251
1757252
1757253
1757254
1757255
1757256
1757257
1757258
1757259
1757260
1757261
1757262
1757263
1757264
1757265
1757266
1757267
1757268
1757269
1757270
1757271
1757272
1757273
1757274
1757275
1757276
1757277
1757278
1757279
1757280
1757281
1757282
1757287
1757288
1757289
1757290
1757291
1757292
1757293
1757294
1757295
1757296
1757297
1757298
1757299
1757300
1757301
1757302
1757303
1757304
1757305
1757306
1757307
1757308
1757309
1757312
1757313
1757314
1757315
1757316
1757317
1757319
1757320
1757321
1757322
1757323
1757326
1757328
1757329
1757330
1757331
1757333
1757334
1757335
1757336
1757337
1757338
1757339
1757340
1757341
1757342
1757343
1757344
1757345
1757346
1757347
1757348
1757349
1757350
1757352
1757353
1757354
1757355
1757356
1757357
1757358
1757359
1757360
1757361
1757362
1757365
1757367
1757371
1757372
1757373
1757374
1757375
1757376
1757377
1757378
1757379
1757380
1757381
1757382
1757383
1757384
1757385
1757386
1757387
1757388
1757389
1757390
1757391
1757392
1757393
1757394
1757395
1757491
1757492
1757493
1757494
1757495
1757496
1757498
1757499
1757503
1757504
1757505
1757506
1757507
1757508
1757509
1757510
1757511
1757512
1757513
1757514
1757515
1757516
1757517
1757518
1757519
1757520
1757521
1757522
1757523
1757524
1757525
1757526
1757527
1757528
1757529
1757530
1757531
1757532
1757533
1757534
1757535
1757536
1757537
1757538
1757539
1757542
1757543
1757544
1757545
1757602
1757603
1757604
1757605
1757606
1757607
1757608
1757609
1757610
1757623
1757624
1757625
1757626
1757627
1757628
1757629
1757630
1757631
1757728
1757729
1757730
1757731
1757732
1757733
1757734
1757735
1757736
1757737
1757738
1757739
1757740
1757741
1757742
1757743
1757744
1757745
1757746
1757747
1757748
1757749
1757750
1757751
1757752
1757753
1757754
1757755
1757756
1757757
1757758
1757759
1757760
1757761
1757762
1757763
1757764
1757765
1757766
1757767
1757768
1757769
1757770
1757771
1757772
1757773
1757774
1757775
1757776
1757777
1757778
1757779
1757780
1757781
1757782
1757783
1757784
1757785
1757786
1757787
1757788
1757789
1757790
1757791
1757792
1757793
1757794
1757795
1757796
1757797
1757798
1757799
1757800
1757801
1757802
1757803
1757804
1757805
1757806
1757807
1757808
1757809
1757810
1757811
1757812
1757813
1757814
1757815
1757816
1757817
1757818
1757819
1757820
1757821
1757822
1757823
1757824
1757825
1757826
1757827
1757828
1757829
1757830
1757831
1757832
1757833
1757834
1757835
1757836
1757837
1757838
1757839
1757840
1757841
1757842
1757843
1757844
1757845
1757846
1757847
1757848
1757849
1757850
1757851
1757852
1757853
1757854
1757855
1757856
1757857
1757858
1757859
1757860
1757861
1757862
1757863
1757864
1757865
1757866
1757867
1757868
1757869
1757870
1757871
1757872
1757873
1757874
1757875
1757876
1757877
1757878
1757879
1757880
1757881
1757882
1757883
1757884
1757885
1757886
1757887
1757888
1757889
1757890
1757891
1757892
1757893
1757894
1757895
1757896
1757897
1757898
1757899
1757900
1757905
1757906
1757909
1757910
1757911
1757913
1757931
1757932
1757933
1757936
1757937
1757938
1757939
1757940
1757941
1757942
1757943
1757944
1757945
1757946
1757949
1757950
1757951
1757954
1757955
1757960
1757961
1757966
1757967
1757969
1757970
1757972
1757974
1757975
1757976
1757977
1757978
1757979
1757980
1757981
1757982
1757983
1757984
1757985
1758017
1758018
1758019
1758020
1758021
1758022
1758023
1758026
1758027
1758028
1758029
1758030
1758031
1758032
1758033
1758034
1758035
1758037
1758062
1758063
1758065
1758066
1758067
1758068
1758069
1758071
1758072
1758075
1758076
1758078
1758079
1758080
1758081
1758082
1758083
1758084
1758085
1758086
1758087
1758088
1758089
1758090
1758091
1758092
1758094
1758095
1758096
1758097
1758098
1758099
1758107
1758108
1758109
1758110
1758111
1758112
1758113
1758114
1758115
1758116
1758117
1758118
1758119
1758120
1758121
1758122
1758123
1758124
1758125
1758126
1758127
1758128
1758129
1758130
1758131
1758133
1758134
1758135
1758136
1758137
1758138
1758139
1758140
1758141
1758142
1758143
1758144
1758145
1758146
1758147
1758148
1758149
1758150
1758151
1758152
1758153
1758156
1758157
1758158
1758159
1758160
1758161
1758162
1758163
1758164
1758165
1758166
1758167
1758168
1758169
1758170
1758171
1758172
1758177
1758178
1758183
1758184
1758185
1758186
1758187
1758188
1758189
1758190
1758191
1758192
1758193
1758194
1758195
1758196
1758197
1758202
1758206
1758207
1758208
1758209
1758251
1758252
1758253
1758254
1758255
1758256
1758257
1758258
1758259
1758260
1758261
1758262
1758263
1758264
1758265
1758266
1758267
1758268
1758269
1758270
1758271
1758272
1758273
1758274
1758275
1758276
1758277
1758278
1758279
1758280
1758293
1758294
1758295
1758296
1758297
1758298
1758299
1758300
1758301
1758302
1758303
1758304
1758305
1758306
1758307
1758308
1758309
1758310
1758311
1758312
1758313
1758314
1758315
1758316
1758317
1758318
1758319
1758320
1758321
1758322
1758323
1758324
1758325
1758326
1758327
1758328
1758329
1758330
1758331
1758332
1758333
1758334
1758335
1758336
1758337
1758338
1758339
1758340
1758341
1758342
1758343
1758344
1758345
1758346
1758347
1758348
1758349
1758350
1758351
1758352
1758353
1758354
1758355
1758356
1758357
1758358
1758359
1758360
1758361
1758362
1758363
1758364
1758365
1758366
1758367
1758368
1758369
1758370
1758371
1758372
1758373
1758374
1758375
1758376
1758377
1758378
1758379
1758380
1758381
1758382
1758383
1758384
1758385
1758386
1758387
1758388
1758389
1758390
1758391
1758392
1758393
1758394
1758395
1758396
1758397
1758398
1758399
1758400
1758401
1758402
1758403
1758404
1758405
1758406
1758407
1758408
1758409
1758410
1758411
1758412
1758413
1758414
1758415
1758416
1758417
1758418
1758419
1758420
1758421
1758422
1758423
1758424
1758425
1758426
1758427
1758428
1758429
1758430
1758431
1758432
1758433
1758434
1758435
1758436
1758437
1758438
1758439
1758440
1758441
1758442
1758443
1758444
1758445
1758446
1758447
1758448
1758449
1758450
1758451
1758452
1758453
1758454
1758455
1758456
1758457
1758458
1758459
1758460
1758461
1758462
1758463
1758464
1758465
1758466
1758467
1758468
1758540
1758541
1758542
1758543
1758544
1758545
1758546
1758547
1758548
1758549
1758550
1758551
1758552
1758553
1758554
1758555
1758556
1758557
1758558
1758559
1758560
1758561
1758562
1758563
1758564
1758565
1758566
1758567
1758572
1758573
1758574
1758575
1758576
1758577
1758578
1758579
1758580
1758581
1758582
1758583
1758584
1758585
1758586
1758587
1758588
1758589
1758590
1758591
1758592
1758593
1758594
1758595
1758596
1758597
1758600
1758601
1758602
1758604
1758605
1758606
1758607
1758608
1758611
1758613
1758614
1758615
1758616
1758618
1758619
1758620
1758621
1758622
1758623
1758624
1758625
1758626
1758627
1758628
1758629
1758630
1758631
1758632
1758633
1758634
1758635
1758637
1758638
1758639
1758640
1758641
1758642
1758643
1758644
1758645
1758646
1758647
1758650
1758652
1758656
1758657
1758658
1758659
1758660
1758661
1758662
1758663
1758664
1758665
1758666
1758667
1758668
1758669
1758670
1758671
1758672
1758673
1758674
1758675
1758676
1758677
1758678
1758679
1758680
1758681
1758682
1758683
1758684
1758685
1758686
1758687
1758688
1758689
1758690
1758691
1758692
1758693
1758694
1758695
1758696
1758697
1758698
1758699
1758700
1758701
1758702
1758703
1758704
1758705
1758706
1758707
1758708
1758709
1758710
1758711
1758712
1758713
1758714
1758715
1758716
1758717
1758718
1758719
1758720
1758721
1758722
1758723
1758724
1758725
1758726
1758727
1758728
1758729
1758730
1758731
1758732
1758733
1758734
1758735
1758736
1758737
1758738
1758739
1758740
1758741
1758742
1758743
1758744
1758745
1758746
1758747
1758748
1758749
1758750
1758751
1758752
1758753
1758754
1758755
1758756
1758757
1758758
1758759
1758760
1758761
1758762
1758763
1758764
1758765
1758766
1758767
1758768
1758769
1758770
1758771
1758772
1758773
1758774
1758775
1758776
1758777
1758778
1758779
1758780
1758781
1758782
1758783
1758784
1758785
1758786
1758787
1758788
1758789
1758790
1758791
1758792
1758793
1758794
1758795
1758796
1758797
1758798
1758799
1758800
1758801
1758802
1758803
1758804
1758805
1758806
1758807
1758808
1758809
1758810
1758811
1758812
1758813
1758814
1758815
1758816
1758817
1758818
1758819
1758820
1758821
1758822
1758823
1758824
1758825
1758826
1758827
1758828
1758829
1758830
1758831
1758832
1758833
1758834
1758835
1758836
1758837
1758838
1758839
1758840
1758841
1758842
1758843
1758844
1758845
1758846
1758847
1758848
1758849
1758850
1759045
1759046
1759047
1759048
1759049
1759050
1759052
1759053
1759057
1759058
1759059
1759060
1759061
1759062
1759063
1759064
1759065
1759066
1759067
1759068
1759069
1759070
1759071
1759072
1759073
1759074
1759075
1759076
1759077
1759078
1759079
1759080
1759081
1759082
1759083
1759084
1759085
1759086
1759087
1759088
1759089
1759090
1759091
1759092
1759093
1759096
1759097
1759098
1759099
1759209
1759210
1759211
1759212
1759213
1759214
1759215
1759216
1759217
1759221
1759222
1759223
1759224
1759225
1759226
1759227
1759228
1759229
1759239
1759240
1759241
1759242
1759243
1759244
1759245
1759246
1759247
1759248
1759249
1759250
1759251
1759252
1759253
1759254
1759255
1759256
1759257
1759258
1759259
1759260
1759261
1759262
1759263
1759264
1759265
1759266
1759267
1759268
1759269
1759270
1759271
1759272
1759273
1759274
1759275
1759276
1759277
1759278
1759279
1759280
1759281
1759282
1759283
1759284
1759285
1759286
1759287
1759288
1759289
1759290
1759291
1759292
1759293
1759294
1759295
1759296
1759297
1759298
1759299
1759300
1759301
1759302
1759303
1759304
1759305
1759306
1759307
1759308
1759309
1759310
1759311
1759312
1759313
1759314
1759315
1759316
1759317
1759318
1759319
1759320
1759321
1759322
1759323
1759324
1759325
1759326
1759327
1759328
1759329
1759330
1759331
1759332
1759333
1759334
1759335
1759336
1759337
1759338
1759339
1759340
1759341
1759342
1759343
1759344
1759345
1759346
1759347
1759348
1759349
1759350
1759351
1759352
1759353
1759354
1759355
1759356
1759357
1759358
1759359
1759360
1759361
1759362
1759363
1759364
1759365
1759366
1759367
1759368
1759369
1759370
1759371
1759372
1759373
1759374
1759375
1759376
1759377
1759378
1759379
1759380
1759381
1759382
1759383
1759384
1759385
1759386
1759387
1759388
1759389
1759390
1759391
1759392
1759393
1759394
1759395
1759396
1759397
1759398
1759399
1759400
1759401
1759402
1759403
1759404
1759405
1759406
1759407
1759408
1759409
1759410
1759411
1759412
1759414
1759415
1759416
1759419
1759421
1759422
1759423
1759424
1759425
1759426
1759428
1759429
1759430
1759432
1759433
1759434
1759435
1759436
1759438
1759439
1759441
1759442
1759443
1759444
1759445
1759446
1759447
1759448
1759449
1759450
1759451
1759452
1759453
1759454
1759456
1759457
1759458
1759459
1759460
1759461
1759462
1759463
1759464
1759465
1759466
1759467
1759468
1759469
1759470
1759471
1759472
1759473
1759474
1759475
1759476
1759477
1759478
1759479
1759480
1759481
1759482
1759483
1759484
1759485
1759486
1759487
1759488
1759489
1759490
1759491
1759492
1759493
1759494
1759495
1759496
1759497
1759498
1759499
1759500
1759501
1759502
1759503
1759504
1759505
1759506
1759507
1759508
1759509
1759510
1759511
1759516
1759517
1759520
1759521
1759522
1759524
1759542
1759543
1759544
1759547
1759548
1759549
1759550
1759551
1759552
1759553
1759554
1759555
1759556
1759557
1759559
1759561
1759562
1759564
1759566
1759568
1759569
1759575
1759576
1759579
1759581
1759582
1759584
1759585
1759587
1759588
1759589
1759590
1759591
1759592
1759593
1759594
1759595
1759596
1759597
1759598
1759599
1759600
1759601
1759602
1759603
1759606
1759607
1759608
1759609
1759610
1759611
1759612
1759613
1759614
1759615
1759617
1759649
1759651
1759652
1759653
1759656
1759658
1759659
1759660
1759661
1759662
1759663
1759665
1759666
1759667
1759668
1759669
1759670
1759671
1759672
1759673
1759674
1759675
1759676
1759678
1759679
1759681
1759682
1759683
1759684
1759685
1759687
1759688
1759690
1759691
1759692
1759693
1759694
1759695
1759696
1759697
1759698
1759699
1759700
1759701
1759702
1759703
1759704
1759705
1759706
1759707
1759708
1759709
1759710
1759711
1759712
1759713
1759714
1759715
1759716
1759717
1759718
1759719
1759720
1759721
1759722
1759723
1759724
1759725
1759726
1759727
1759728
1759729
1759730
1759731
1759732
1759733
1759734
1759735
1759736
1759737
1759738
1759739
1759740
1759741
1759742
1759743
1759744
1759745
1759746
1759747
1759748
1760100
1760101
1760103
1760104
1760105
1760112
1760113
1760120
1760121
1760126
1760127
1760128
1760132
1760133
1760140
1760141
1760146
1760147
1760148
1760152
1760153
1760160
1760161
1760163
1760164
1760165
1760172
1760173
1760198
1760199
1760201
1760202
1760203
1760210
1760211
1760218
1760219
1760224
1760225
1760226
1760230
1760231
1760238
1760239
1760244
1760245
1760246
1760250
1760251
1760258
1760259
1760260
1760261
1760263
1760264
1760271
1760272
1760280
1760282
1760283
1760285
1760286
1760287
1760294
1760295
1760303
1760305
1760310
1760311
1760312
1760315
1760316
1760324
1760325
1760330
1760331
1760332
1760336
1760337
1760344
1760345
1760347
1760348
1760349
1760356
1760357
1760363
1760365
1760367
1760368
1760369
1760375
1760376
1760383
1760385
1760386
1760392
1760393
1760394
1760397
1760398
1760407
1760408
1760413
1760414
1760415
1760419
1760420
1760426
1760428
1760430
1760431
1760432
1760438
1760439
1760447
1760448
1760453
1760454
1760455
1760459
1760460
1760467
1760468
1760469
1760470
1760472
1760473
1760480
1760481
1760489
1760491
1760492
1760494
1760495
1760496
1760503
1760504
1760512
1760514
1760519
1760520
1760521
1760524
1760525
1760532
1760534
1760536
1760537
1760538
1760544
1760545
1760552
1760554
1760555
1760561
1760562
1760563
1760566
1760567
1760576
1760577
1760582
1760583
1760584
1760588
1760589
1760596
1760597
1760598
1760599
1760601
1760607
1760608
1796375
1796376
1796377
1796378
1796379
1796380
1796381
1796382
1796383
1796408
1796410
1796412
1796417
1796418
1796420
1796422
1796423
1796424
1796426
1796427
1796428
1796429
1796430
1796431
1796432
1796433
1796434
1796435
1796436
1796437
1796438
1796439
1796440
1796441
1796442
1796443
1796444
1796445
1796446
1796877
1796878
1796879
1796880
1796881
1796882
1796883
1796884
1796886
1796887
1796888
1796889
1796890
1796891
1796892
1796893
1796894
1796895
1796896
1796897
1796901
1796902
1796903
1796904
1796905
1796906
1796907
1796908
1796909
1796910
1796911
1796912
1796913
1796914
1796915
1796916
1796917
1796918
1796920
1796921
1796922
1796923
1796926
1796928
1796929
1796930
1796931
1796936
1796937
1796938
1796939
1796940
1796941
1796942
1796943
1796944
1796945
1796946
1796947
1796948
1796949
1796950
1796951
1796952
1796953
1796954
1796955
1796957
1796958
1796959
1796960
1796961
1796962
1796963
1796964
1796965
1796966
1796968
1796969
1796970
1796971
1796972
1796975
1796976
1796978
1796979
1796980
1796985
1796986
1796987
1796988
1796989
1796991
1796992
1796994
1796995
1796996
1796997
1796998
1797000
1797004
1797005
1797006
1797007
1797008
1797009
1797010
1797011
1797012
1797013
1797014
1797015
1797016
1797017
1797018
1797019
1797021
1797022
1797023
1797027
1797028
1797029
1797030
1797032
1797033
1797034
1797035
1797036
1797037
1797038
1797039
1797040
1797041
1797042
1797043
1797044
1797045
1797046
1797047
1797048
1797050
1797051
1797052
1797053
1797055
1797058
1797059
1797060
1797061
1797062
1797063
1797064
1797065
1797066
1797067
1797068
1797069
1797486
1797488
1797489
1797492
1797493
1797495
1797496
1797498
1797500
1797501
1797502
1797503
1797504
1797506
1797510
1797511
1797512
1797513
1797514
1797515
1797516
1797517
1797518
1797519
1797520
1797521
1797522
1797523
1797524
1797525
1797527
1797528
1797529
1797533
1797534
1797535
1797536
1797538
1797539
1797540
1797541
1797542
1797543
1797544
1797545
1797546
1797547
1797548
1797549
1797550
1797551
1797552
1797553
1797554
1797555
1797556
1797557
1797559
1797560
1797561
1797562
1797564
1797567
1797568
1797569
1797570
1797571
1797572
1797573
1797574
1797575
1797576
1797577
1797578
1797579
1797580
1797581
1797582
1797583
1797584
1797585
1797586
1797588
1797589
1797590
1797591
1797592
1797593
1797594
1797595
1797596
1797597
1797598
1797599
1797603
1797604
1797605
1797606
1797607
1797608
1797609
1797610
1797611
1797612
1797613
1797614
1797615
1797616
1797617
1797618
1797619
1797620
1797621
1797623
1797624
1797625
1797627
1797628
1797633
1797634
1797635
1797636
1797641
1797642
1797643
1797644
1797645
1797646
1797647
1797648
1797649
1797650
1797651
1797652
1797653
1797654
1797655
1797656
1797657
1797658
1797659
1797661
1797662
1797663
1797664
1797665
1797666
1797667
1797668
1797670
1797671
1797672
1797673
1797674
1797677
1797678
1798057
1798059
1798063
1798064
1798066
1798068
1798069
1798070
1798072
1798073
1798074
1798075
1798076
1798077
1798078
1798079
1798080
1798081
1798082
1798083
1798084
1798085
1798086
1798087
1798088
1798089
1798090
1798091
1798092
1798093
1798094
1798095
1798147
1798148
1798149
1798150
1798151
1798152
1798626
1798629
1798632
1798636
1798638
1798642
1798671
1798672
1798673
1798674
1798676
1798679
1798680
1798681
1798682
1798683
1798684
1798685
1798688
1798689
1798690
1798691
1798692
1798693
1798694
1798701
1798703
1798704
1798705
1798707
1798710
1798713
1798717
1798719
1798723
1798743
1798744
1798745
1798746
1798748
1798751
1798752
1798753
1798754
1798755
1798756
1798757
1798760
1798761
1798762
1798763
1798764
1798765
1798766
1798773
1798775
1798776
1798777
1798778
1798779
1798780
1798783
1798784
1798785
1798786
1798787
1798788
1798789
1798794
1798795
1798796
1798797
1798798
1798799
1798800
1798801
1798802
1798803
1798804
1798805
1798806
1798807
1798812
1798813
1798814
1798815
1798816
1798817
1798818
1798819
1798820
1798822
1798823
1798825
1798896
1798899
1798902
1798906
1798908
1798912
1798941
1798942
1798946
1798947
1798948
1798949
1798950
1798951
1798952
1798953
1798956
1798957
1798958
1798959
1798960
1798961
1798962
1798965
1798966
1798971
1798973
1798974
1798975
1798994
1798995
1798996
1798999
1799000
1799001
1799002
1799004
1799007
1799010
1799013
1799016
1799019
1799040
1799041
1799042
1799043
1799045
1799048
1799049
1799050
1799051
1799052
1799053
1799054
1799057
1799058
1799059
1799060
1799061
1799062
1799063
1799070
1799071
1799073
1799074
1799471
1799472
1799473
1799474
1799475
1799476
1799477
1799478
1799479
1799723
1799724
1799726
1799728
1799729
1799730
1799732
1799733
1799734
1799735
1799736
1799737
1799738
1799739
1799740
1799741
1799742
1799743
1799744
1799745
1799746
1799747
1799748
1799749
1799750
1799751
1799752
1799756
1799758
1799760
1799786
1799787
1799788
1799791
1799792
1799795
1799796
1799797
1799798
1799799
1799800
1799801
1799802
1799803
1799804
1799805
1799806
1799809
1799810
1799813
1799814
1799815
1799816
1799817
1799818
1799819
1799820
1799821
1800110
1800111
1800112
1800113
1800114
1800115
1800116
1800117
1800118
1800216
1800217
1800219
1800220
1800221
1800223
1800225
1800226
1800227
1800228
1800229
1800230
1800231
1800232
1800233
1800234
1800235
1800236
1800237
1800238
1800239
1800240
1800241
1800242
1800243
1800244
1800245
1800249
1800251
1800253
1800663
1800664
1800665
1800666
1800667
1800668
1800669
1800670
1800672
1800673
1800674
1800675
1800676
1800677
1800678
1800679
1800680
1800681
1800682
1800683
1800687
1800688
1800689
1800690
1800691
1800692
1800693
1800694
1800695
1800696
1800697
1800698
1800699
1800700
1800701
1800702
1800703
1800704
1800706
1800707
1800708
1800709
1800712
1800714
1800715
1800716
1800717
1800722
1800723
1800724
1800725
1800726
1800727
1800728
1800729
1800730
1800731
1800732
1800733
1800734
1800735
1800736
1800737
1800738
1800739
1800740
1800741
1800743
1800744
1800745
1800746
1800747
1800748
1800749
1800750
1800751
1800752
1800754
1800755
1800756
1800757
1800758
1800761
1800762
1800935
1800936
1800937
1800942
1800943
1800944
1800945
1800946
1800948
1800949
1800951
1800952
1800953
1800954
1800955
1800957
1800961
1800962
1800963
1800964
1800965
1800966
1800967
1800968
1800969
1800970
1800971
1800972
1800973
1800974
1800975
1800976
1800977
1800979
1800980
1800983
1800984
1800986
1800987
1800989
1800990
1800991
1800992
1800993
1800994
1800995
1800996
1800997
1800998
1800999
1801000
1801001
1801002
1801003
1801004
1801005
1801007
1801008
1801009
1801010
1801012
1801015
1801016
1801017
1801018
1801019
1801020
1801021
1801022
1801023
1801024
1801025
1801026
1801129
1801130
1801131
1801132
1801133
1801134
1801135
1801136
1801138
1801139
1801140
1801141
1801142
1801143
1801144
1801145
1801146
1801147
1801148
1801149
1801153
1801154
1801155
1801156
1801157
1801158
1801159
1801160
1801161
1801162
1801163
1801164
1801165
1801166
1801167
1801168
1801169
1801170
1801172
1801173
1801174
1801175
1801178
1801179
1801180
1801182
1801183
1801188
1801189
1801190
1801191
1801192
1801193
1801194
1801195
1801196
1801197
1801198
1801199
1801200
1801201
1801202
1801203
1801204
1801205
1801206
1801207
1801208
1801209
1801210
1801211
1801212
1801213
1801214
1801215
1801216
1801217
1801218
1801219
1801220
1801221
1801224
1801225
1801418
1801420
1801421
1801425
1801427
1801428
1801429
1801430
1801431
1801433
1801434
1801435
1801437
1801438
1801439
1801440
1801445
1801446
1801447
1801448
1801449
1801450
1801451
1801452
1801453
1801454
1801455
1801456
1801457
1801458
1801459
1801460
1801461
1801462
1801464
1801467
1801468
1801469
1801471
1801472
1801474
1801475
1801476
1801477
1801478
1801479
1801480
1801481
1801482
1801483
1801484
1801485
1801486
1801487
1801488
1801489
1801490
1801491
1801493
1801494
1801495
1801499
1801500
1801501
1801502
1801503
1801504
1801505
1801506
1801507
1801508
1801509
1801510
1801915
1801917
1801918
1801921
1801922
1801924
1801925
1801927
1801929
1801930
1801931
1801932
1801933
1801935
1801939
1801940
1801941
1801942
1801943
1801944
1801945
1801946
1801947
1801948
1801949
1801950
1801951
1801952
1801953
1801954
1801956
1801957
1801958
1801962
1801963
1801964
1801965
1801967
1801968
1801969
1801970
1801971
1801972
1801973
1801974
1801975
1801976
1801977
1801978
1801979
1801980
1801981
1801982
1801983
1801984
1801985
1801986
1801988
1801989
1801990
1801991
1801993
1801996
1801997
1801998
1801999
1802000
1802001
1802002
1802003
1802004
1802005
1802006
1802007
1802191
1802192
1802193
1802194
1802195
1802196
1802197
1802198
1802199
1802200
1802202
1802203
1802204
1802205
1802206
1802207
1802208
1802209
1802210
1802211
1802215
1802216
1802217
1802218
1802219
1802220
1802221
1802222
1802223
1802224
1802225
1802226
1802227
1802228
1802229
1802230
1802231
1802232
1802233
1802235
1802236
1802237
1802239
1802240
1802245
1802246
1802247
1802248
1802253
1802254
1802255
1802256
1802257
1802258
1802259
1802260
1802261
1802262
1802263
1802264
1802265
1802266
1802267
1802268
1802269
1802270
1802271
1802273
1802274
1802275
1802276
1802277
1802278
1802279
1802280
1802282
1802283
1802284
1802285
1802286
1802287
1802288
1802396
1802397
1802399
1802402
1802403
1802404
1802406
1802407
1802409
1802410
1802411
1802412
1802413
1802414
1802415
1802416
1802417
1802418
1802419
1802420
1802421
1802422
1802424
1802425
1802426
1802427
1802432
1802433
1802435
1802436
1802439
1802441
1802442
1802443
1802444
1802446
1802447
1802448
1802449
1802450
1802451
1802452
1802453
1802454
1802455
1802456
1802457
1802458
1802459
1802460
1802461
1802462
1802463
1802464
1802465
1802466
1802467
1802468
1802469
1802470
1802471
1802472
1802474
1802475
1802476
1802657
1802658
1802659
1802660
1802661
1802662
1802663
1802664
1802665
1802666
1802668
1802669
1802670
1802671
1802672
1802673
1802674
1802675
1802676
1802677
1802681
1802682
1802683
1802684
1802685
1802686
1802687
1802688
1802689
1802690
1802691
1802692
1802693
1802694
1802695
1802696
1802697
1802698
1802699
1802701
1802702
1802703
1802705
1802706
1802710
1802711
1802713
1802714
1802719
1802720
1802721
1802722
1802723
1802724
1802725
1802726
1802727
1802728
1802729
1802730
1802731
1802732
1802733
1802734
1802735
1802736
1802737
1802739
1802740
1802741
1802742
1802743
1802744
1802745
1802746
1802748
1802749
1802750
1802751
1802752
1802753
1802754
1803219
1803221
1803225
1803226
1803228
1803230
1803231
1803232
1803234
1803235
1803236
1803237
1803238
1803239
1803240
1803241
1803242
1803243
1803244
1803245
1803246
1803247
1803248
1803249
1803250
1803251
1803252
1803253
1803254
1803255
1803256
1803257
1803326
1803327
1803328
1803329
1803330
1803331
1803444
1803445
1803446
1803451
1803452
1803453
1803454
1803455
1803456
1803457
1803458
1803459
1803460
1803461
1803462
1803463
1803464
1803469
1803470
1803471
1803472
1803473
1803474
1803475
1803476
1803477
1803478
1803479
1803740
1803742
1803746
1803747
1803749
1803751
1803752
1803753
1803755
1803756
1803757
1803758
1803759
1803760
1803761
1803762
1803763
1803764
1803765
1803766
1803767
1803768
1803769
1803770
1803771
1803772
1803773
1803774
1803775
1803981
1803982
1803983
1803984
1803985
1803986
1804350
1804353
1804355
1804360
1804362
1804365
1804369
1804370
1804374
1804375
1804376
1804377
1804378
1804379
1804380
1804381
1804384
1804385
1804386
1804387
1804388
1804389
1804390
1804393
1804394
1804417
1804419
1804420
1804421
1804422
1804423
1804424
1804427
1804428
1804429
1804430
1804449
1804452
1804454
1804458
1804461
1804463
1804468
1804469
1804470
1804471
1804473
1804476
1804477
1804478
1804479
1804480
1804481
1804482
1804485
1804486
1804487
1804488
1804489
1804490
1804491
1804525
1804526
1804528
1804529
1804530
1804531
1804532
1804535
1804536
1804539
1804540
1804541
1804544
1804545
1804548
1804549
1804550
1804551
1804552
1804553
1804554
1804556
1804557
1804559
1804647
1804648
1804649
1804652
1804653
1804654
1804655
1804656
1804659
1804661
1804665
1804668
1804670
1804675
1804676
1804678
1804679
1804680
1804683
1804684
1804685
1804686
1804687
1804688
1804689
1804692
1804693
1804694
1804695
1804696
1804697
1804698
1804723
1804724
1804726
1804727
1804728
1804731
1804733
1804737
1804740
1804742
1804747
1804748
1804750
1804751
1804752
1804755
1804756
1804757
1804758
1804759
1804760
1804761
1804764
1804765
1804766
1804767
1804768
1804769
1804770
1804804
1804805
1804807
1804808
1805344
1805345
1805346
1805347
1805348
1805349
1805350
1805351
1805352
1805386
1805387
1805389
1805390
1805391
1805393
1805395
1805396
1805397
1805398
1805399
1805400
1805401
1805402
1805403
1805404
1805405
1805406
1805407
1805408
1805409
1805410
1805411
1805412
1805413
1805414
1805415
1805419
1805421
1805423
1805787
1805788
1805789
1805790
1805791
1805792
1805793
1805794
1805795
1805796
1805798
1805799
1805800
1805801
1805802
1805803
1805804
1805805
1805806
1805807
1805811
1805812
1805813
1805814
1805815
1805816
1805817
1805818
1805819
1805820
1805821
1805822
1805823
1805824
1805825
1805826
1805827
1805828
1805830
1805831
1805832
1805833
1805836
1805837
1805838
1805840
1805841
1805846
1805847
1805848
1805849
1805850
1805851
1805852
1805853
1805854
1805855
1805856
1805857
1805858
1805859
1805860
1805861
1805862
1805863
1805864
1805865
1805866
1805867
1805868
1805869
1805870
1805871
1805872
1805873
1805874
1805875
1805876
1805877
1805878
1805879
1805880
1805881
1805884
1805886
1805887
1805891
1805893
1805894
1805895
1805896
1805897
1805899
1805900
1805901
1805903
1805904
1805905
1805906
1805911
1805912
1805913
1805914
1805915
1805916
1805917
1805918
1805919
1805920
1805921
1805922
1805923
1805924
1805925
1805926
1805927
1805928
1805930
1805933
1805934
1805935
1805937
1805938
1805940
1805941
1805942
1805943
1805944
1805945
1805946
1805947
1805948
1805949
1805950
1805951
1805952
1805953
1805954
1805955
1805956
1805957
1805959
1805960
1805961
1805965
1805966
1805967
1805968
1805969
1805970
1805971
1805972
1805973
1805974
1805975
1805976
1806445
1806446
1806448
1806451
1806452
1806453
1806455
1806456
1806458
1806459
1806460
1806461
1806462
1806463
1806464
1806465
1806466
1806467
1806468
1806469
1806470
1806471
1806473
1806474
1806475
1806476
1806481
1806482
1806483
1806485
1806488
1806489
1806490
1806492
1806493
1806495
1806496
1806497
1806498
1806499
1806500
1806501
1806502
1806503
1806504
1806505
1806506
1806507
1806508
1806509
1806510
1806511
1806512
1806513
1806514
1806515
1806516
1806517
1806518
1806519
1806520
1806521
1806523
1806524
1806525
1806529
1806530
1806531
1806532
1806533
1806534
1806535
1806536
1806537
1806538
1806540
1806541
1806542
1806543
1806544
1806545
1806546
1806547
1806548
1806549
1806553
1806554
1806555
1806556
1806557
1806558
1806559
1806560
1806561
1806562
1806563
1806564
1806565
1806566
1806567
1806568
1806569
1806570
1806571
1806573
1806574
1806575
1806577
1806578
1806582
1806583
1806585
1806586
1806591
1806592
1806593
1806594
1806595
1806596
1806597
1806598
1806599
1806600
1806601
1806602
1806603
1806604
1806605
1806606
1806607
1806608
1806609
1806611
1806612
1806613
1806614
1806615
1806616
1806617
1806618
1806620
1806621
1806622
1806623
1806624
1806625
1806626
1807246
1807247
1807249
1807251
1807252
1807253
1807255
1807256
1807257
1807258
1807259
1807260
1807261
1807262
1807263
1807264
1807265
1807266
1807267
1807268
1807269
1807270
1807271
1807272
1807273
1807274
1807275
1807279
1807281
1807327
1807328
1807329
1807330
1807331
1807332
1810086
1810087
1810088
1810089
1810090
1810091
1810096
1810097
1810100
1810102
1810551
1810552
1810553
1810554
1810555
1810556
1810557
1810558
1810559
1810560
1810561
1810562
1810563
1810564
1810565
1810566
1810567
1810568
1810569
1810570
1810571
1810572
1810573
1810574
1810575
1810576
1810577
1810578
1810579
1810580
1810581
1810582
1810583
1810584
1810585
1810586
1810587
1810588
1810589
1810590
1810592
1810593
1810595
1810596
1810597
1810598
1810600
1810601
1810602
1810603
1810605
1810606
1810608
1810609
1810610
1810611
1810615
1810616
1810617
1810618
1810619
1810620
1810621
1810622
1810623
1810624
1810625
1810626
1810634
1810635
1810637
1810686
1810687
1810688
1810689
1810690
1810691
1810692
1810693
1810694
1810695
1810713
1810714
1810715
1810716
1810717
1810718
1810719
1810720
1810721
1810722
1810723
1810724
1810725
1810726
1810727
1810728
1810729
1810730
1810731
1810732
1810733
1810734
1810735
1810736
1810737
1810738
1810739
1810741
1810742
1810743
1810744
1810745
1810746
1810747
1810748
1810749
1810750
1810751
1810752
1810753
1810754
1810755
1810756
1810758
1810759
1810760
1810761
1810762
1810763
1810771
1810772
1810773
1810774
1810775
1810776
1810777
1810778
1810779
1810780
1810781
1810782
1810783
1810784
1810789
1810791
1810792
1810793
1810795
1810796
1810797
1810802
1810803
1810805
1810806
1810819
1810820
1810821
1810822
1810823
1810824
1810825
1810826
1810827
1810828
1810829
1810830
1810831
1810833
1810834
1810835
1810837
1810839
1810840
1810843
1810844
1810845
1810846
1810970
1810974
1811019
1811020
1811021
1811022
1811023
1811024
1811029
1811030
1811032
1811033
1811034
1811035
1811036
1811037
1811038
1811039
1811040
1811041
1811042
1811043
1811044
1811045
1811046
1811048
1811049
1811052
1811056
1811058
1811136
1811137
1811138
1811139
1811140
1811141
1811142
1811143
1811144
1811232
1811233
1811234
1811235
1811236
1811237
1811238
1811239
1811240
1811241
1811242
1811243
1811244
1811245
1811246
1811247
1811248
1811249
1811250
1811251
1811252
1811253
1811254
1811255
1811257
1811258
1811259
1811260
1811261
1811262
1811263
1811264
1811265
1811266
1811267
1811268
1811269
1811270
1811271
1811272
1811273
1811275
1811276
1811277
1811278
1811284
1811286
1811287
1811288
1811289
1811290
1811291
1811292
1811293
1811294
1811299
1811302
1811303
1811304
1811305
1811307
1811308
1811309
1811315
1811316
1811318
1811319
1811332
1811333
1811334
1811335
1811336
1811337
1811338
1811339
1811340
1811341
1811342
1811343
1811344
1811346
1811347
1811349
1811350
1811352
1811353
1811356
1811357
1811358
1811359
1811416
1811417
1811418
1811419
1811420
1811421
1811422
1811423
1811424
1811425
1811426
1811427
1811428
1811429
1811430
1811431
1811432
1811433
1811434
1811435
1811436
1811437
1811438
1811439
1811440
1811441
1811442
1811443
1811444
1811445
1811446
1811447
1811448
1811449
1811450
1811451
1811452
1811453
1811454
1811455
1811457
1811458
1811460
1811461
1811463
1811464
1811465
1811466
1811467
1811468
1811470
1811471
1811473
1811474
1811479
1811480
1811481
1811482
1811483
1811484
1811485
1811486
1811487
1811488
1811489
1811490
1811491
1811492
1811493
1811494
1811501
1811503
1811554
1811555
1811556
1811557
1811558
1811559
1811560
1811561
1811563
1811564
1811613
1811614
1811615
1811616
1811617
1811621
1811622
1811624
1811625
1811626
1811627
1811628
1811629
1811630
1811631
1811632
1811633
1811634
1811635
1811636
1811637
1811639
1811640
1811643
1811647
1811649
1811727
1811728
1811729
1811730
1811731
1811732
1811733
1811734
1811735
1811881
1811885
1811928
1811929
1811930
1811931
1811932
1811933
1811937
1811940
1812323
1812324
1812325
1812328
1812389
1812390
1812391
1812394
1812456
1812457
1812458
1812459
1812460
1812461
1812462
1812463
1812464
1812465
1812466
1812467
1812468
1812469
1812470
1812471
1812472
1812473
1812475
1812476
1812477
1812478
1812480
1812482
1812488
1812489
1812497
1812498
1812502
1812505
1812508
1812510
1812511
1812512
1812513
1812514
1812515
1812516
1812517
1812518
1812520
1812523
1812526
1812603
1812604
1812605
1812608
1812609
1812610
1812611
1812633
1812634
1812635
1812636
1812637
1812638
1812642
1812643
1812644
1812645
1812646
1812647
1812657
1812658
1812659
1812660
1812661
1812662
1812664
1812665
1812666
1812667
1812668
1812669
1812670
1812671
1812672
1812673
1812674
1812675
1812676
1812677
1812678
1812679
1812680
1812681
1812682
1812683
1812684
1812685
1812686
1812687
1812688
1812691
1812692
1812693
1812694
1812695
1812696
1812697
1812698
1812699
1812700
1812701
1812702
1812703
1812704
1812705
1812706
1812707
1812708
1812709
1812710
1812711
1812712
1812713
1812714
1812717
1812718
1812719
1812720
1812721
1812722
1812723
1812724
1812725
1812726
1812727
1812728
1812729
1812730
1812731
1812732
1812733
1812734
1812735
1812737
1812738
1812739
1812740
1812742
1812744
1812745
1812746
1812747
1812748
1812749
1812750
1812751
1812752
1812753
1812754
1812755
1812756
1812757
1812759
1812760
1812761
1812762
1812763
1812766
1812767
1812768
1812769
1812770
1812771
1812772
1812773
1812774
1812775
1812776
1812777
1812778
1812779
1812780
1812781
1812784
1812787
1812791
1812793
1812879
1812880
1812881
1812883
1812884
1812886
1812887
1812888
1812889
1812890
1812891
1812892
1812893
1812894
1812895
1812896
1812897
1812898
1812899
1812900
1812901
1812902
1812903
1812904
1812905
1812906
1812907
1812908
1812909
1812910
1812911
1812912
1812913
1812914
1812915
1812916
1812917
1812918
1812919
1812920
1812921
1812922
1812923
1812924
1812925
1812926
1812927
1812928
1812929
1812930
1812933
1812934
1812935
1812936
1812937
1812938
1812939
1812940
1812941
1812942
1812943
1812944
1812945
1812946
1812947
1812948
1812949
1812950
1812951
1812952
1812953
1812954
1812955
1812956
1812957
1812958
1812959
1812960
1812961
1812962
1812963
1812985
1812986
1812987
1812988
1812989
1812990
1812991
1812992
1812993
1812994
1812995
1812996
1812997
1812998
1812999
1813000
1813001
1813002
1813003
1813004
1813005
1813006
1813007
1813008
1813009
1813010
1813011
1813012
1813013
1813014
1813015
1813016
1813017
1813018
1813019
1813020
1813021
1813022
1813023
1813024
1813025
1813029
1813030
1813031
1813032
1813033
1813034
1813035
1813037
1813038
1813040
1813041
1813043
1813044
1813045
1813046
1813047
1813048
1813049
1813050
1813051
1813052
1813053
1813054
1813055
1813056
1813057
1813058
1813059
1813060
1813061
1813062
1813063
1813064
1813068
1813069
1813070
1813071
1813076
1813077
1813078
1813080
1813081
1813082
1813084
1813086
1813087
1813088
1813089
1813090
1813091
1813092
1813093
1813094
1813095
1813096
1813097
1813098
1813099
1813100
1813101
1813102
1813106
1813107
1813108
1813109
1813110
1813116
1813117
1813118
1813119
1813120
1813121
1813122
1813123
1813124
1813125
1813126
1813127
1813128
1813129
1813131
1813132
1813134
1813135
1813141
1813142
1813143
1813145
1813146
1813147
1813148
1813149
1813150
1813151
1813152
1813153
1813154
1813155
1813156
1813157
1813158
1813159
1813160
1813161
1813162
1813163
1813166
1813167
1813168
1813169
1813171
1813172
1813173
1813175
1813176
1813178
1813179
1813180
1813181
1813182
1813183
1813184
1813186
1813187
1813188
1813189
1813190
1813191
1813192
1813193
1813194
1813195
1813196
1813197
1813198
1813199
1813200
1813201
1813202
1813203
1813204
1813205
1813206
1813207
1813208
1813209
1813210
1813211
1813213
1813214
1813215
1813216
1813220
1813221
1813222
1813223
1813224
1813225
1813226
1813227
1813228
1813229
1813230
1813231
1813232
1813233
1813234
1813235
1813236
1813237
1813238
1813239
1813240
1813241
1813242
1813243
1813244
1813245
1813247
1813248
1813251
1813253
1813254
1813255
1813256
1813258
1813259
1813260
1813261
1813262
1813263
1813264
1813265
1813266
1813267
1813268
1813269
1813270
1813271
1813272
1813273
1813274
1813275
1813276
1813277
1813278
1813279
1813280
1813281
1813283
1813286
1813287
1813288
1813290
1813291
1813293
1813294
1813295
1813296
1813297
1813298
1813299
1813300
1813301
1813302
1813303
1813304
1813305
1813306
1813307
1813308
1813309
1813310
1813311
1813312
1813313
1813314
1813315
1813316
1813317
1813318
1813320
1813321
1813327
1813328
1813329
1813331
1813332
1813333
1813334
1813335
1813336
1813337
1813338
1813339
1813340
1813341
1813342
1813343
1813344
1813345
1813346
1813347
1813348
1813349
1813352
1813353
1813354
1813355
1813357
1813358
1813359
1813361
1813363
1813364
1813365
1813366
1813367
1813368
1813370
1813371
1813372
1813373
1813374
1813375
1813376
1813377
1813378
1813379
1813380
1813381
1813382
1813383
1813384
1813385
1813386
1813387
1813388
1813390
1813391
1813392
1813393
1813397
1813398
1813399
1813400
1813401
1813402
1813403
1813404
1813405
1813406
1813408
1813409
1813410
1813411
1813412
1813413
1813414
1813415
1813416
1813417
1813418
1813419
1813420
1813421
1813422
1813423
1813424
1813425
1813426
1813427
1813428
1813429
1813430
1813431
1813432
1813433
1813434
1813435
1813436
1813437
1813438
1813439
1813440
1813441
1813442
1813443
1813444
1813445
1813446
1813447
1813448
1813449
1813450
1813451
1813452
1813456
1813457
1813459
1813460
1813462
1813463
1813464
1813465
1813466
1813467
1813468
1813469
1813470
1813471
1813475
1813476
1813478
1813479
1813480
1813481
1813482
1813483
1813484
1813485
1813486
1813487
1813488
1813489
1813490
1813491
1813493
1813494
1813495
1813496
1813497
1813498
1813503
1813504
1813505
1813506
1813507
1813508
1813509
1813510
1813525
1813526
1813530
1813531
1813534
1813535
1813536
1813538
1813539
1813540
1813541
1813542
1813543
1813544
1813545
1813546
1813547
1813551
1813552
1813555
1813556
1813558
1813559
1813560
1813562
1813563
1813564
1813565
1813566
1813567
1813568
1813569
1813570
1813571
1813572
1813573
1813574
1813575
1813576
1813577
1813578
1813579
1813580
1813581
1813582
1813583
1813584
1813585
1813586
1813587
1813588
1813589
1813590
1813591
1813592
1813593
1813594
1813595
1813596
1813597
1813598
1813599
1813600
1813601
1813602
1813603
1813604
1813605
1813606
1813607
1813608
1813609
1813610
1813611
1813614
1813615
1813616
1813617
1813618
1813619
1813620
1813621
1813622
1813623
1813624
1813625
1813626
1813627
1813628
1813629
1813630
1813631
1813632
1813633
1813634
1813635
1813636
1813637
1813638
1813639
1813640
1813641
1813663
1813664
1813665
1813666
1813667
1813668
1813669
1813670
1813671
1813672
1813673
1813674
1813675
1813676
1813677
1813678
1813679
1813680
1813681
1813682
1813683
1813684
1813685
1813686
1813687
1813688
1813689
1813690
1813691
1813692
1813693
1813694
1813695
1813696
1813697
1813698
1813699
1813700
1813704
1813705
1813706
1813707
1813708
1813709
1813710
1813712
1813714
1813715
1813717
1813718
1813719
1813720
1813721
1813722
1813723
1813724
1813725
1813726
1813727
1813728
1813729
1813730
1813731
1813732
1813733
1813734
1813735
1813736
1813737
1813738
1813739
1813740
1813741
1813743
1813744
1813745
1813747
1813749
1813750
1813751
1813752
1813753
1813754
1813755
1813756
1813757
1813758
1813759
1813760
1813761
1813764
1813765
1813766
1813767
1813768
1813769
1813770
1813771
1813772
1813773
1813774
1813775
1813776
1813777
1813780
1813783
1813787
1813789
1813875
1813876
1813877
1813880
1813884
1813885
1813886
1813887
1813892
1813893
1813894
1813896
1813897
1813898
1813900
1813902
1813903
1813904
1813905
1813906
1813907
1813908
1813909
1813913
1813914
1813915
1813916
1813917
1813918
1813919
1813920
1813921
1813922
1813923
1813924
1813925
1813926
1813932
1813933
1813934
1813935
1813936
1813937
1813938
1813939
1813940
1813941
1813942
1813943
1813944
1813945
1813947
1813948
1813949
1813950
1813951
1813952
1813953
1813954
1813955
1813956
1813957
1813958
1813959
1813960
1813961
1813962
1813963
1813964
1813965
1813967
1813968
1813970
1813971
1813972
1813974
1813982
1813983
1813989
1813990
1813994
1813997
1814000
1814002
1814003
1814004
1814005
1814006
1814007
1814008
1814009
1814010
1814012
1814015
1814018
1814041
1814042
1814043
1814046
1814156
1814157
1814158
1814161
1814162
1814163
1814164
1814186
1814187
1814188
1814189
1814190
1814191
1814195
1814196
1814197
1814198
1814199
1814200
1814351
1814352
1814353
1814354
1814355
1814356
1814401
1814403
1814405
1814408
1814617
1814618
1814619
1814620
1814621
1814622
1814623
1814624
1814625
1814626
1814627
1814628
1814629
1814630
1814631
1814632
1814633
1814634
1814635
1814636
1814637
1814638
1814639
1814640
1814641
1814642
1814643
1814644
1814645
1814648
1814649
1814650
1814651
1814652
1814653
1814654
1814655
1814656
1814657
1814658
1814659
1814660
1814661
1814662
1814663
1814664
1814665
1814666
1814667
1814668
1814669
1814670
1814671
1814674
1814675
1814676
1814677
1814678
1814679
1814680
1814681
1814682
1814683
1814684
1814685
1814686
1814687
1814688
1814689
1814690
1814691
1814692
1814694
1814695
1814696
1814697
1814699
1814701
1814702
1814703
1814704
1814705
1814706
1814707
1814708
1814709
1814710
1814711
1814712
1814713
1814714
1814715
1814716
1814717
1814718
1814719
1814720
1814721
1814722
1814723
1814724
1814725
1814726
1814729
1814730
1814732
1814733
1814734
1814735
1814736
1814739
1814740
1814741
1814742
1814743
1814744
1814745
1814746
1814747
1814748
1814749
1814750
1814751
1814752
1814753
1814754
1814757
1814760
1814764
1814766
1814924
1814925
1814926
1814928
1814930
1814931
1814932
1814936
1814937
1814938
1814942
1814943
1814945
1814946
1814947
1814949
1814951
1814952
1814953
1814954
1814955
1814956
1814957
1814960
1814961
1814962
1814963
1814969
1814970
1814971
1814972
1814973
1814974
1814975
1814976
1814977
1814978
1814979
1814980
1814981
1814982
1814983
1814984
1814985
1814986
1814987
1814988
1814989
1814990
1814991
1814992
1814993
1814994
1814995
1814996
1814997
1814998
1814999
1815000
1815001
1815002
1815003
1815004
1815005
1815006
1815007
1815008
1815009
1815010
1815011
1815012
1815013
1815014
1815015
1815016
1815017
1815018
1815019
1815020
1815021
1815022
1815023
1815024
1815027
1815028
1815029
1815030
1815031
1815032
1815033
1815034
1815035
1815036
1815037
1815038
1815039
1815040
1815041
1815042
1815043
1815044
1815045
1815046
1815047
1815048
1815049
1815050
1815051
1815052
1815053
1815054
1815055
1815056
1815057
1815079
1815080
1815081
1815082
1815083
1815084
1815085
1815086
1815087
1815088
1815089
1815090
1815091
1815092
1815093
1815094
1815095
1815096
1815097
1815098
1815099
1815100
1815101
1815102
1815103
1815104
1815105
1815106
1815107
1815108
1815109
1815110
1815111
1815112
1815113
1815114
1815115
1815116
1815117
1815118
1815119
1815123
1815124
1815125
1815126
1815127
1815128
1815129
1815131
1815132
1815134
1815135
1815137
1815138
1815139
1815140
1815141
1815142
1815143
1815144
1815145
1815146
1815147
1815148
1815149
1815150
1815151
1815152
1815153
1815154
1815155
1815156
1815157
1815158
1815159
1815160
1815161
1815162
1815163
1815164
1815165
1815166
1815167
1815168
1815169
1815172
1815173
1815174
1815175
1815176
1815177
1815178
1815179
1815180
1815181
1815182
1815183
1815184
1815185
1815186
1815187
1815188
1815189
1815190
1815191
1815192
1815193
1815196
1815197
1815198
1815199
1815200
1815201
1815202
1815203
1815204
1815205
1815206
1815207
1815208
1815209
1815211
1815212
1815213
1815214
1815215
1815216
1815217
1815218
1815221
1815222
1815223
1815224
1815225
1815228
1815229
1815230
1815231
1815232
1815233
1815234
1815235
1815236
1815237
1815238
1815239
1815240
1815241
1815242
1815243
1815244
1815245
1815246
1815247
1815248
1815249
1815250
1815251
1815252
1815253
1815254
1815255
1815256
1815257
1815258
1815280
1815281
1815283
1815284
1815289
1815290
1815291
1815292
1815293
1815294
1815295
1815296
1815297
1815298
1815299
1815301
1815303
1815304
1815306
1815307
1815309
1815313
1815314
1815315
1815316
1815317
1815318
1815319
1815320
1815321
1815322
1815323
1815324
1815325
1815326
1815327
1815328
1815329
1815330
1815331
1815332
1815333
1815334
1815335
1815336
1815337
1815338
1815339
1815340
1815341
1815342
1815343
1815344
1815345
1815346
1815347
1815348
1815349
1815350
1815353
1815354
1815355
1815356
1815357
1815358
1815359
1815360
1815361
1815362
1815363
1815364
1815365
1815366
1815367
1815368
1815369
1815370
1815371
1815372
1815373
1815374
1815375
1815376
1815379
1815380
1815381
1815382
1815383
1815384
1815385
1815386
1815387
1815388
1815389
1815390
1815391
1815392
1815393
1815394
1815395
1815396
1815397
1815398
1815399
1815400
1815401
1815402
1815403
1815404
1815405
1815406
1815407
1815408
1815409
1815410
1815411
1815413
1815414
1815415
1815417
1815419
1815421
1815422
1815423
1815424
1815427
1815431
1815432
1815433
1815437
1815438
1815439
1815440
1815441
1815442
1815443
1815446
1815447
1815448
1815449
1815452
1815453
1815457
1815458
1815459
1815460
1815461
1815462
1815463
1815464
1815465
1815466
1815467
1815468
1815469
1815470
1815471
1815472
1815473
1815474
1815475
1815476
1815477
1815478
1815479
1815480
1815481
1815484
1815486
1815487
1815488
1815489
1815490
1815493
1815494
1815495
1815496
1815497
1815498
1815499
1815500
1815501
1815502
1815503
1815504
1815505
1815506
1815507
1815508
1815509
1815512
1815517
1815519
1815681
1815682
1815683
1815684
1815687
1815688
1815689
1815690
1815691
1815692
1815693
1815694
1815695
1815696
1815697
1815698
1815699
1815700
1815701
1815702
1815703
1815704
1815705
1815706
1815707
1815708
1815709
1815710
1815711
1815712
1815713
1815714
1815715
1815716
1815717
1815718
1815719
1815720
1815721
1815722
1815723
1815724
1815725
1815726
1815727
1815728
1815729
1815730
1815731
1815732
1815733
1815734
1815735
1815738
1815739
1815740
1815741
1815742
1815743
1815744
1815745
1815746
1815747
1815748
1815749
1815750
1815751
1815752
1815753
1815754
1815755
1815756
1815757
1815758
1815759
1815760
1815761
1815762
1815763
1815764
1815765
1815787
1815788
1815789
1815790
1815791
1815792
1815793
1815794
1815795
1815796
1815797
1815798
1815799
1815800
1815801
1815802
1815803
1815804
1815805
1815806
1815807
1815808
1815809
1815810
1815811
1815812
1815813
1815814
1815815
1815816
1815817
1815818
1815819
1815820
1815821
1815822
1815823
1815824
1815825
1815826
1815827
1815831
1815832
1815833
1815834
1815835
1815836
1815837
1815839
1815840
1815842
1815843
1815845
1815846
1815847
1815848
1815849
1815850
1815851
1815852
1815853
1815854
1815855
1815856
1815857
1815858
1815859
1815860
1815861
1815862
1815863
1815864
1815865
1815866
1815885
1815886
1815887
1815888
1815889
1815890
1815933
1815937
1816195
1816196
1816197
1816198
1816199
1816200
1816201
1816202
1816203
1816204
1816205
1816206
1816207
1816208
1816209
1816210
1816211
1816212
1816213
1816214
1816215
1816216
1816217
1816218
1816219
1816220
1816221
1816222
1816223
1816224
1816225
1816226
1816227
1816228
1816229
1816230
1816231
1816232
1816233
1816234
1816236
1816237
1816239
1816240
1816241
1816242
1816244
1816245
1816246
1816247
1816249
1816250
1816252
1816253
1816254
1816255
1816259
1816260
1816261
1816262
1816263
1816264
1816265
1816266
1816267
1816268
1816269
1816270
1816278
1816279
1816281
1816330
1816331
1816332
1816333
1816334
1816335
1816336
1816337
1816338
1816339
1816475
1816476
1816477
1816478
1816479
1816480
1816481
1816482
1816483
1816484
1816485
1816486
1816487
1816488
1816489
1816490
1816491
1816492
1816493
1816494
1816495
1816496
1816497
1816498
1816499
1816500
1816501
1816503
1816504
1816505
1816506
1816507
1816508
1816509
1816510
1816511
1816512
1816513
1816514
1816515
1816516
1816517
1816518
1816520
1816521
1816522
1816523
1816524
1816525
1816533
1816534
1816535
1816536
1816537
1816538
1816539
1816540
1816541
1816542
1816543
1816544
1816545
1816546
1816551
1816553
1816554
1816555
1816557
1816558
1816559
1816563
1816565
1816566
1816567
1816569
1816570
1816571
1816572
1816573
1816574
1816575
1816576
1816577
1816578
1816579
1816580
1816581
1816583
1816584
1816585
1816587
1816589
1816590
1816593
1816594
1816595
1816596
1816732
1816736
1816781
1816782
1816783
1816784
1816785
1816786
1816788
1816789
1816794
1816795
1816796
1816797
1816798
1816799
1816800
1816801
1816802
1816803
1816804
1816805
1816806
1816807
1816808
1816810
1816811
1816814
1816818
1816820
1816880
1816881
1816882
1816883
1816884
1816885
1816886
1816887
1816888
1816932
1816933
1816935
1816938
1816939
1816943
1816945
1816946
1816947
1816948
1816949
1816950
1816951
1816952
1816953
1816954
1816955
1816956
1816957
1816958
1816959
1816960
1816961
1816962
1816963
1816966
1816967
1816968
1816969
1816971
1816972
1816973
1816975
1816976
1816978
1816979
1816980
1816981
1816982
1816983
1816984
1816986
1816987
1816988
1816989
1816990
1816991
1816992
1816993
1816994
1816995
1816996
1816997
1816998
1816999
1817000
1817001
1817002
1817003
1817004
1817005
1817006
1817007
1817008
1817009
1817010
1817011
1817013
1817014
1817015
1817016
1817020
1817021
1817022
1817023
1817024
1817025
1817026
1817027
1817028
1817029
1817030
1817031
1817032
1817033
1817034
1817035
1817036
1817037
1817038
1817039
1817040
1817041
1817042
1817043
1817044
1817045
1817047
1817048
1817051
1817053
1817054
1817055
1817056
1817058
1817059
1817060
1817061
1817062
1817063
1817064
1817065
1817066
1817067
1817068
1817069
1817070
1817071
1817072
1817073
1817074
1817075
1817076
1817077
1817078
1817079
1817080
1817081
1817083
1817086
1817087
1817091
1817093
1817094
1817095
1817096
1817097
1817098
1817099
1817100
1817101
1817102
1817103
1817104
1817105
1817106
1817107
1817108
1817109
1817110
1817111
1817114
1817115
1817116
1817117
1817118
1817119
1817121
1817122
1817124
1817125
1817126
1817127
1817128
1817129
1817131
1817132
1817133
1817134
1817135
1817137
1817138
1817139
1817140
1817141
1817142
1817143
1817144
1817145
1817146
1817147
1817148
1817149
1817150
1817151
1817152
1817153
1817154
1817156
1817157
1817158
1817161
1817163
1817164
1817165
1817166
1817167
1817168
1817169
1817170
1817171
1817173
1817174
1817175
1817176
1817177
1817178
1817179
1817180
1817181
1817182
1817183
1817184
1817185
1817186
1817187
1817188
1817189
1817190
1817191
1817192
1817193
1817194
1817195
1817196
1817197
1817198
1817199
1817201
1817202
1817205
1817207
1817208
1817209
1817210
1817212
1817213
1817214
1817215
1817216
1817217
1817218
1817219
1817220
1817221
1817222
1817223
1817224
1817225
1817226
1817227
1817228
1817229
1817230
1817231
1817232
1817233
1817299
1817300
1817301
1817302
1817303
1817304
1817305
1817306
1817307
1817308
1817309
1817310
1817311
1817312
1817313
1817314
1817315
1817316
1817317
1817318
1817319
1817320
1817321
1817322
1817324
1817325
1817326
1817327
1817328
1817329
1817330
1817331
1817332
1817333
1817334
1817335
1817336
1817337
1817338
1817339
1817340
1817342
1817343
1817344
1817345
1817351
1817353
1817354
1817355
1817356
1817357
1817358
1817359
1817360
1817361
1817367
1817369
1817370
1817371
1817372
1817373
1817374
1817378
1817380
1817381
1817382
1817384
1817385
1817386
1817387
1817388
1817389
1817390
1817391
1817392
1817393
1817394
1817395
1817396
1817398
1817399
1817400
1817402
1817404
1817405
1817408
1817409
1817410
1817411
1817671
1817674
1817720
1817721
1817722
1817723
1817724
1817725
1817727
1817728
1817733
1817734
1817735
1817736
1817737
1817738
1817739
1817740
1817741
1817742
1817743
1817744
1817745
1817746
1817747
1817748
1817750
1817752
1817757
1817758
1817819
1817820
1817821
1817822
1817823
1817824
1817825
1817826
1817827
1817886
1817887
1817888
1817889
1817890
1817891
1817892
1817893
1817894
1817895
1817896
1817897
1817898
1817899
1817900
1817901
1817902
1817903
1817904
1817905
1817906
1817907
1817908
1817909
1817911
1817912
1817913
1817914
1817915
1817916
1817917
1817918
1817919
1817920
1817921
1817922
1817923
1817924
1817925
1817926
1817927
1817929
1817930
1817931
1817932
1817938
1817940
1817941
1817942
1817943
1817944
1817945
1817946
1817947
1817948
1817953
1817956
1817957
1817958
1817959
1817961
1817962
1817963
1817969
1817970
1817972
1817973
1817986
1817987
1817988
1817989
1817990
1817991
1817992
1817993
1817994
1817995
1817996
1817997
1817998
1818000
1818001
1818003
1818004
1818006
1818007
1818010
1818011
1818012
1818013
1818102
1818103
1818104
1818105
1818106
1818107
1818108
1818109
1818110
1818111
1818112
1818113
1818114
1818115
1818116
1818117
1818118
1818119
1818120
1818121
1818122
1818123
1818124
1818125
1818126
1818127
1818128
1818129
1818130
1818131
1818132
1818133
1818134
1818135
1818136
1818137
1818138
1818139
1818155
1818156
1818158
1818159
1818161
1818162
1818163
1818164
1818165
1818167
1818168
1818169
1818171
1818172
1818174
1818175
1818180
1818181
1818182
1818183
1818184
1818185
1818186
1818187
1818188
1818189
1818190
1818191
1818192
1818193
1818194
1818195
1818202
1818204
1818205
1818206
1818207
1818208
1818209
1818210
1818211
1818212
1818214
1818215
1818314
1818315
1818316
1818317
1818318
1818322
1818323
1818325
1818326
1818327
1818328
1818329
1818330
1818331
1818332
1818333
1818334
1818335
1818336
1818337
1818338
1818340
1818341
1818344
1818348
1818350
1818428
1818429
1818430
1818431
1818432
1818433
1818434
1818435
1818436
1818544
1818548
1818587
1818588
1818590
1818593
1818594
1818595
1818597
1818598
1818600
1818601
1818602
1818603
1818604
1818605
1818606
1818607
1818608
1818609
1818610
1818611
1818612
1818613
1818614
1818615
1818616
1818617
1818618
1818619
1818620
1818621
1818622
1818623
1818624
1818625
1818627
1818628
1818634
1818635
1818636
1818638
1818639
1818640
1818641
1818642
1818643
1818644
1818645
1818646
1818647
1818648
1818649
1818650
1818651
1818652
1818653
1818654
1818655
1818656
1818659
1818660
1818661
1818662
1818664
1818665
1818666
1818668
1818670
1818671
1818672
1818673
1818674
1818675
1818677
1818678
1818679
1818680
1818681
1818682
1818683
1818684
1818685
1818686
1818687
1818688
1818689
1818690
1818691
1818692
1818693
1818694
1818695
1818697
1818698
1818699
1818700
1818704
1818705
1818706
1818707
1818708
1818709
1818710
1818711
1818712
1818713
1818715
1818716
1818717
1818718
1818719
1818720
1818721
1818722
1818723
1818724
1818725
1818726
1818727
1818728
1818729
1818730
1818731
1818732
1818733
1818734
1818735
1818736
1818737
1818738
1818739
1818740
1818741
1818743
1818744
1818747
1818749
1818750
1818751
1818752
1818754
1818755
1818756
1818757
1818758
1818759
1818760
1818761
1818762
1818763
1818764
1818765
1818766
1818767
1818768
1818769
1818770
1818771
1818772
1818773
1818774
1818775
1818776
1818777
1818778
1818779
1818781
1818782
1818788
1818789
1818790
1818792
1818793
1818794
1818795
1818796
1818797
1818798
1818799
1818800
1818801
1818802
1818803
1818804
1818805
1818806
1818807
1818808
1818809
1818810
1818813
1818814
1818815
1818816
1818817
1818818
1818820
1818821
1818823
1818824
1818825
1818826
1818828
1818829
1818830
1818831
1818833
1818834
1818835
1818836
1818837
1818838
1818839
1818840
1818841
1818842
1818843
1818844
1818845
1818846
1818847
1818848
1818849
1818850
1818852
1818853
1818854
1818857
1818859
1818860
1818861
1818862
1818863
1818864
1818865
1818866
1818867
1818869
1818870
1818871
1818872
1818873
1818874
1818875
1818876
1818877
1818878
1818879
1818880
1818881
1818882
1818883
1818884
1818885
1818886
1818887
1818888
1818889
1818890
1818891
1818892
1818893
1818894
1819057
1819058
1819059
1819060
1819061
1819062
1819063
1819064
1819065
1819066
1819067
1819068
1819069
1819070
1819071
1819072
1819073
1819074
1819075
1819076
1819077
1819078
1819079
1819080
1819081
1819082
1819083
1819084
1819085
1819086
1819087
1819088
1819089
1819090
1819091
1819104
1819105
1819107
1819108
1819110
1819112
1819113
1819114
1819115
1819116
1819117
1819118
1819120
1819121
1819123
1819124
1819125
1819126
1819130
1819131
1819132
1819133
1819134
1819135
1819136
1819137
1819138
1819139
1819140
1819141
1819148
1819150
1819151
1819152
1819153
1819154
1819155
1819156
1819157
1819158
1819159
1819160
1819304
1819305
1819306
1819307
1819308
1819312
1819313
1819315
1819316
1819317
1819318
1819319
1819320
1819321
1819322
1819323
1819324
1819325
1819326
1819327
1819328
1819329
1819331
1819333
1819338
1819339
1819412
1819413
1819414
1819415
1819416
1819417
1819418
1819419
1819420
1819527
1819529
1819627
1819628
1819629
1819630
1819631
1819632
1819636
1819639
1819939
1819940
1819941
1819942
1819943
1819944
1819945
1819946
1819947
1819948
1819949
1819952
1819953
1819954
1819955
1819956
1819957
1819958
1819959
1819960
1819961
1819962
1819963
1819964
1819965
1819966
1819967
1819968
1819969
1819970
1819971
1819972
1819973
1819976
1819977
1819978
1819979
1819980
1819981
1819982
1819983
1819984
1819985
1819986
1819987
1819988
1819989
1819990
1819993
1819994
1819995
1819996
1819997
1819998
1819999
1820000
1820001
1820002
1820003
1820004
1820005
1820006
1820007
1820008
1820009
1820010
1820011
1820012
1820013
1820014
1820015
1820016
1820017
1820018
1820019
1820020
1820021
1820022
1820024
1820025
1820026
1820027
1820028
1820029
1820030
1820031
1820032
1820033
1820034
1820037
1820038
1820063
1820064
1820065
1820066
1820067
1820068
1820069
1820070
1820074
1820075
1820078
1820079
1820080
1820081
1820082
1820083
1820084
1820085
1820086
1820087
1820088
1820091
1820092
1820094
1820096
1820097
1820098
1820099
1820100
1820101
1820102
1820103
1820104
1820105
1820106
1820107
1820108
1820109
1820110
1820111
1820112
1820113
1820114
1820115
1820116
1820117
1820118
1820119
1820120
1820121
1820122
1820123
1820124
1820125
1820126
1820127
1820128
1820129
1820130
1820131
1820132
1820133
1820134
1820135
1820136
1820137
1820138
1820139
1820140
1820141
1820142
1820143
1820144
1820145
1820146
1820147
1820148
1820149
1820150
1820153
1820154
1820155
1820156
1820157
1820158
1820159
1820160
1820161
1820162
1820163
1820164
1820165
1820166
1820167
1820168
1820169
1820170
1820171
1820172
1820173
1820174
1820175
1820176
1820177
1820178
1820179
1820180
1820181
1820182
1820183
1820184
1820185
1820186
1820187
1820188
1820189
1820190
1820191
1820192
1820193
1820194
1820195
1820196
1820197
1820198
1820199
1820200
1820201
1820202
1820203
1820204
1820205
1820206
1820207
1820208
1820209
1820210
1820211
1820212
1820213
1820214
1820215
1820240
1820241
1820242
1820243
1820244
1820245
1820246
1820247
1820249
1820251
1820252
1820253
1820255
1820256
1820257
1820258
1820259
1820260
1820261
1820262
1820263
1820264
1820265
1820266
1820267
1820268
1820269
1820270
1820271
1820272
1820273
1820274
1820275
1820276
1820277
1820279
1820280
1820281
1820283
1820285
1820286
1820287
1820288
1820289
1820290
1820291
1820292
1820293
1820294
1820295
1820296
1820297
1820300
1820301
1820302
1820303
1820304
1820305
1820306
1820307
1820308
1820309
1820310
1820311
1820312
1820313
1820316
1820319
1820323
1820325
1820483
1820484
1820485
1820488
1820492
1820493
1820494
1820498
1820499
1820501
1820502
1820503
1820505
1820507
1820508
1820509
1820510
1820511
1820512
1820513
1820516
1820517
1820518
1820519
1820525
1820526
1820527
1820528
1820529
1820530
1820531
1820532
1820533
1820534
1820535
1820536
1820537
1820538
1820539
1820540
1820541
1820542
1820543
1820544
1820545
1820546
1820547
1820548
1820549
1820550
1820551
1820552
1820553
1820554
1820555
1820556
1820557
1820558
1820559
1820560
1820561
1820562
1820563
1820564
1820565
1820566
1820569
1820570
1820571
1820572
1820573
1820574
1820575
1820576
1820577
1820578
1820579
1820580
1820581
1820582
1820583
1820584
1820585
1820586
1820587
1820588
1820589
1820590
1820591
1820592
1820595
1820596
1820597
1820598
1820599
1820600
1820601
1820602
1820603
1820604
1820606
1820607
1820608
1820609
1820611
1820613
1820614
1820615
1820616
1820617
1820618
1820619
1820620
1820621
1820622
1820623
1820624
1820625
1820626
1820627
1820628
1820629
1820630
1820631
1820632
1820633
1820634
1820635
1820636
1820637
1820638
1820639
1820640
1820641
1820642
1820643
1820644
1820645
1820646
1820647
1820648
1820651
1820652
1820653
1820654
1820655
1820656
1820657
1820658
1820659
1820660
1820661
1820662
1820663
1820664
1820665
1820666
1820667
1820668
1820669
1820670
1820671
1820672
1820675
1820676
1820677
1820678
1820679
1820680
1820681
1820682
1820683
1820684
1820685
1820686
1820687
1820688
1820689
1820692
1820693
1820694
1820695
1820696
1820697
1820698
1820699
1820700
1820701
1820702
1820703
1820704
1820705
1820706
1820707
1820708
1820709
1820710
1820711
1820712
1820713
1820714
1820715
1820716
1820717
1820718
1820719
1820720
1820721
1820722
1820723
1820724
1820725
1820726
1820728
1820729
1820730
1820731
1820732
1820733
1820734
1820735
1820762
1820763
1820764
1820765
1820766
1820767
1820768
1820769
1820771
1820772
1820777
1820778
1820779
1820780
1820781
1820782
1820783
1820784
1820785
1820786
1820787
1820789
1820790
1820792
1820794
1820795
1820796
1820798
1820799
1820800
1820801
1820802
1820803
1820804
1820805
1820806
1820807
1820808
1820809
1820810
1820811
1820812
1820813
1820814
1820815
1820816
1820817
1820818
1820819
1820820
1820821
1820822
1820823
1820824
1820825
1820826
1820827
1820828
1820829
1820830
1820831
1820832
1820833
1820834
1820835
1820836
1820837
1820838
1820839
1820840
1820841
1820842
1820843
1820844
1820845
1820846
1820847
1820848
1820849
1820852
1820853
1820854
1820855
1820856
1820857
1820858
1820859
1820860
1820861
1820862
1820863
1820864
1820865
1820866
1820867
1820868
1820869
1820870
1820871
1820872
1820873
1820874
1820875
1820876
1820877
1820878
1820879
1820880
1820881
1820882
1820883
1820884
1820885
1820886
1820887
1820888
1820889
1820890
1820891
1820892
1820893
1820894
1820895
1820896
1820897
1820898
1820899
1820900
1820901
1820902
1820903
1820904
1820905
1820906
1820907
1820908
1820909
1820910
1820911
1820912
1820913
1820914
1820915
1820916
1820917
1820945
1820946
1820947
1820948
1820949
1820950
1820951
1820952
1820954
1820955
1820956
1820958
1820960
1820961
1820962
1820963
1820964
1820965
1820966
1820967
1820968
1820969
1820970
1820971
1820972
1820973
1820974
1820975
1820976
1820977
1820978
1820979
1820980
1820981
1820982
1820983
1820987
1820988
1820989
1820993
1820994
1820996
1820997
1820998
1821000
1821002
1821003
1821004
1821005
1821006
1821007
1821008
1821011
1821012
1821013
1821014
1821020
1821021
1821022
1821023
1821024
1821025
1821026
1821027
1821028
1821029
1821030
1821031
1821032
1821033
1821034
1821036
1821037
1821038
1821040
1821042
1821043
1821044
1821045
1821046
1821047
1821048
1821049
1821050
1821051
1821052
1821053
1821054
1821055
1821058
1821059
1821060
1821061
1821062
1821063
1821064
1821065
1821066
1821067
1821068
1821069
1821070
1821071
1821074
1821079
1821081
1821240
1821241
1821242
1821244
1821417
1821418
1821419
1821420
1821421
1821422
1821423
1821424
1821425
1821426
1821427
1821428
1821429
1821430
1821431
1821432
1821433
1821434
1821436
1821437
1821439
1821440
1821441
1821443
1821451
1821452
1821458
1821459
1821462
1821463
1821464
1821465
1821466
1821467
1821468
1821469
1821470
1821472
1821475
1821478
1821481
1821484
1821487
1821514
1821515
1821516
1821519
1821586
1821587
1821588
1821591
1821592
1821593
1821594
1821616
1821617
1821618
1821619
1821620
1821621
1821625
1821626
1821627
1821628
1821629
1821630
1821688
1821689
1821690
1821693
1821694
1821695
1821696
1821697
1821698
1821699
1821700
1821701
1821702
1821703
1821704
1821705
1821706
1821708
1821709
1821710
1821711
1821714
1821715
1821716
1821717
1821718
1821719
1821721
1821722
1821727
1821729
1821730
1821732
1821733
1821735
1821736
1821737
1821738
1821739
1821740
1821741
1821742
1821743
1821744
1821745
1821746
1821747
1821748
1821749
1821750
1821751
1821752
1821753
1821754
1821755
1821756
1821757
1821758
1821759
1821760
1821761
1821762
1821763
1821764
1821767
1821768
1821769
1821770
1821771
1821772
1821773
1821774
1821775
1821776
1821777
1821778
1821779
1821780
1821781
1821782
1821783
1821784
1821785
1821786
1821787
1821788
1821789
1821792
1821793
1821794
1821795
1821796
1821797
1821798
1821799
1821800
1821801
1821802
1821803
1821804
1821805
1821806
1821807
1821808
1821809
1821810
1821811
1821812
1821814
1821815
1821816
1821818
1821820
1821822
1821823
1821824
1821825
1821828
1821832
1821833
1821834
1821835
1821840
1821841
1821842
1821843
1821844
1821845
1821846
1821847
1821848
1821849
1821850
1821851
1821852
1821853
1821854
1821855
1821856
1821857
1821861
1821862
1821863
1821864
1821865
1821868
1821869
1821873
1821874
1821875
1821876
1821877
1821878
1821879
1821880
1821881
1821882
1821883
1821884
1821886
1821887
1821888
1821889
1821890
1821891
1821892
1821893
1821894
1821895
1821896
1821897
1821898
1821899
1821900
1821903
1821905
1821906
1821907
1821908
1821909
1821912
1821913
1821914
1821915
1821916
1821917
1821918
1821919
1821920
1821921
1821922
1821923
1821924
1821925
1821926
1821927
1821928
1821931
1821936
1821938
1822028
1822029
1822030
1822031
1822034
1822035
1822036
1822037
1822038
1822039
1822040
1822041
1822042
1822043
1822044
1822045
1822046
1822047
1822048
1822049
1822050
1822051
1822052
1822053
1822054
1822055
1822056
1822057
1822058
1822059
1822060
1822061
1822062
1822063
1822064
1822065
1822066
1822067
1822068
1822069
1822070
1822071
1822072
1822073
1822074
1822075
1822076
1822077
1822078
1822079
1822080
1822081
1822082
1822083
1822084
1822085
1822088
1822089
1822090
1822091
1822092
1822093
1822094
1822095
1822096
1822097
1822098
1822099
1822100
1822101
1822102
1822103
1822104
1822105
1822106
1822107
1822108
1822109
1822110
1822111
1822112
1822113
1822114
1822115
1822116
1822117
1822118
1822119
1822120
1822121
1822122
1822123
1822124
1822125
1822126
1822127
1822128
1822129
1822130
1822131
1822132
1822133
1822134
1822135
1822136
1822137
1822138
1822139
1822140
1822141
1822142
1822143
1822144
1822145
1822146
1822147
1822148
1822149
1822150
1822151
1822152
1822153
1822178
1822179
1822180
1822181
1822182
1822183
1822184
1822185
1822187
1822188
1822189
1822191
1822193
1822194
1822195
1822196
1822197
1822198
1822199
1822200
1822201
1822202
1822203
1822204
1822205
1822206
1822207
1822208
1822209
1822210
1822211
1822212
1822213
1822214
1822215
1822217
1822220
1822221
1822225
1822227
1822228
1822229
1822230
1822231
1822232
1822233
1822234
1822235
1822236
1822237
1822238
1822239
1822240
1822241
1822242
1822243
1822244
1822245
1822248
1822249
1822250
1822251
1822252
1822253
1822255
1822256
1822258
1822259
1822260
1822261
1822262
1822263
1822265
1822266
1822267
1822268
1822269
1822271
1822272
1822273
1822274
1822275
1822276
1822277
1822278
1822279
1822280
1822281
1822282
1822283
1822284
1822285
1822286
1822287
1822288
1822290
1822291
1822292
1822295
1822297
1822298
1822299
1822300
1822301
1822302
1822303
1822304
1822305
1822307
1822308
1822309
1822310
1822311
1822312
1822313
1822314
1822315
1822316
1822317
1822318
1822319
1822320
1822321
1822322
1822323
1822324
1822325
1822326
1822327
1822328
1822329
1822330
1822331
1822332
1822333
1822335
1822336
1822339
1822341
1822342
1822343
1822344
1822346
1822347
1822348
1822349
1822350
1822351
1822352
1822353
1822354
1822355
1822356
1822357
1822358
1822359
1822360
1822361
1822362
1822363
1822364
1822365
1822366
1822367
1822368
1822370
1822371
1822374
1822376
1822377
1822378
1822379
1822381
1822382
1822383
1822384
1822385
1822386
1822387
1822388
1822389
1822390
1822391
1822392
1822393
1822394
1822395
1822396
1822397
1822398
1822399
1822400
1822401
1822402
1822403
1822404
1822405
1822406
1822407
1822409
1822412
1822413
1822417
1822419
1822420
1822421
1822422
1822423
1822424
1822425
1822426
1822427
1822428
1822429
1822430
1822431
1822432
1822433
1822434
1822435
1822436
1822437
1822440
1822441
1822442
1822443
1822444
1822445
1822447
1822448
1822450
1822451
1822452
1822453
1822455
1822456
1822457
1822458
1822460
1822461
1822462
1822463
1822464
1822465
1822466
1822467
1822468
1822469
1822470
1822471
1822472
1822473
1822474
1822475
1822476
1822477
1822479
1822480
1822481
1822484
1822486
1822487
1822488
1822489
1822490
1822491
1822492
1822493
1822494
1822496
1822497
1822498
1822499
1822500
1822501
1822502
1822503
1822504
1822505
1822506
1822507
1822508
1822509
1822510
1822511
1822512
1822513
1822514
1822515
1822516
1822517
1822518
1822519
1822520
1822521
1822522
1822523
1822524
1822525
1822526
1822527
1822528
1822529
1822530
1822531
1822532
1822533
1822534
1822535
1822536
1822537
1822538
1822539
1822540
1822541
1822542
1822543
1822544
1822545
1822546
1822547
1822548
1822549
1822550
1822553
1822554
1822555
1822556
1822557
1822558
1822559
1822560
1822561
1822562
1822563
1822564
1822565
1822566
1822567
1822568
1822569
1822570
1822571
1822572
1822573
1822574
1822575
1822576
1822579
1822580
1822581
1822582
1822583
1822584
1822585
1822586
1822587
1822588
1822590
1822591
1822592
1822593
1822595
1822597
1822598
1822599
1822600
1822601
1822602
1822603
1822604
1822605
1822606
1822607
1822608
1822609
1822610
1822611
1822612
1822613
1822614
1822615
1822616
1822617
1822618
1822619
1822620
1822621
1822622
1822623
1822624
1822625
1822626
1822627
1822628
1822629
1822630
1822631
1822632
1822633
1822634
1822635
1822636
1822637
1822638
1822639
1822640
1822643
1822644
1822645
1822646
1822647
1822648
1822649
1822650
1822651
1822652
1822653
1822654
1822655
1822656
1822658
1822659
1822660
1822661
1822662
1822663
1822664
1822665
1822668
1822669
1822670
1822671
1822672
1822673
1822674
1822677
1822678
1822680
1822681
1822686
1822687
1822689
1822691
1822692
1822693
1822711
1822712
1822713
1822714
1822715
1822716
1822720
1822721
1822722
1822723
1822728
1822729
1822730
1822732
1822733
1822734
1822736
1822738
1822739
1822740
1822741
1822742
1822743
1822744
1822745
1822749
1822750
1822751
1822752
1822753
1822754
1822755
1822756
1822757
1822758
1822759
1822760
1822761
1822762
1822768
1822769
1822770
1822771
1822772
1822773
1822774
1822775
1822776
1822777
1822778
1822779
1822780
1822781
1822783
1822784
1822785
1822786
1822787
1822788
1822789
1822790
1822791
1822792
1822793
1822794
1822795
1822796
1822797
1822798
1822799
1822800
1822801
1822802
1822803
1822804
1822805
1822806
1822807
1822808
1822809
1822810
1822811
1822812
1822813
1822814
1822815
1822816
1822817
1822818
1822819
1822820
1822821
1822822
1822823
1822824
1822825
1822826
1822827
1822828
1822829
1822830
1822831
1822832
1822833
1822834
1822835
1822838
1822839
1822840
1822841
1822842
1822843
1822844
1822845
1822846
1822847
1822848
1822849
1822850
1822851
1822852
1822853
1822854
1822855
1822856
1822857
1822858
1822859
1822860
1822861
1822862
1822863
1822864
1822865
1822866
1822867
1822868
1822869
1822870
1822871
1822872
1822873
1822874
1822875
1822876
1822877
1822878
1822879
1822880
1822881
1822882
1822883
1822884
1822885
1822886
1822887
1822888
1822889
1822890
1822891
1822892
1822893
1822894
1822895
1822896
1822897
1822898
1822899
1822900
1822901
1822902
1822903
1822931
1822932
1822933
1822934
1822935
1822936
1822937
1822938
1822940
1822941
1822942
1822944
1822946
1822947
1822948
1822949
1822950
1822951
1822952
1822953
1822954
1822955
1822956
1822957
1822958
1822959
1822960
1822961
1822962
1822963
1822964
1822965
1822966
1822967
1822968
1822969
1822970
1822971
1822972
1822973
1822974
1822975
1822976
1822977
1822978
1822979
1822980
1822981
1822982
1822983
1822986
1822987
1822989
1822990
1822991
1822993
1822995
1822996
1822997
1822998
1822999
1823000
1823001
1823002
1823003
1823004
1823005
1823006
1823007
1823008
1823011
1823016
1823018
1823105
1823106
1823107
1823109
1823123
1823124
1823125
1823127
1823224
1823225
1823226
1823228
1823269
1823270
1823271
1823274
1823275
1823276
1823277
1823299
1823300
1823301
1823302
1823303
1823304
1823308
1823309
1823310
1823311
1823312
1823313
1823594
1823595
1823596
1823597
1823598
1823599
1823622
1823626
1823992
1823993
1823994
1823995
1823996
1823997
1823998
1823999
1824000
1824001
1824002
1824003
1824004
1824005
1824006
1824007
1824008
1824009
1824010
1824011
1824012
1824013
1824014
1824015
1824017
1824018
1824019
1824020
1824021
1824022
1824023
1824024
1824025
1824026
1824027
1824028
1824029
1824030
1824031
1824032
1824033
1824035
1824036
1824037
1824038
1824044
1824046
1824047
1824048
1824049
1824050
1824051
1824052
1824053
1824054
1824060
1824062
1824063
1824064
1824065
1824066
1824067
1824071
1824073
1824074
1824075
1824077
1824078
1824079
1824080
1824081
1824082
1824083
1824084
1824085
1824086
1824087
1824088
1824089
1824091
1824092
1824093
1824095
1824097
1824098
1824101
1824102
1824103
1824104
1824376
1824379
1824463
1824464
1824465
1824466
1824467
1824468
1824470
1824471
1824476
1824477
1824478
1824479
1824480
1824481
1824482
1824483
1824484
1824485
1824486
1824487
1824488
1824489
1824490
1824491
1824493
1824495
1824500
1824501
1824562
1824563
1824564
1824565
1824566
1824567
1824568
1824569
1824570
1824655
1824656
1824657
1824658
1824659
1824660
1824661
1824662
1824663
1824664
1824665
1824666
1824667
1824668
1824669
1824670
1824671
1824672
1824673
1824674
1824675
1824676
1824677
1824678
1824679
1824680
1824681
1824682
1824683
1824684
1824685
1824686
1824687
1824688
1824689
1824690
1824691
1824692
1824705
1824706
1824708
1824709
1824711
1824713
1824714
1824715
1824716
1824717
1824718
1824719
1824721
1824722
1824724
1824725
1824726
1824727
1824731
1824732
1824733
1824734
1824735
1824736
1824737
1824738
1824739
1824740
1824741
1824742
1824749
1824751
1824752
1824753
1824754
1824755
1824756
1824757
1824758
1824759
1824760
1824761
1825026
1825027
1825028
1825029
1825030
1825032
1825033
1825037
1825038
1825039
1825040
1825041
1825042
1825043
1825044
1825045
1825046
1825047
1825048
1825049
1825050
1825051
1825053
1825055
1825060
1825061
1825116
1825117
1825118
1825119
1825120
1825121
1825122
1825123
1825124
1825249
1825251
1827818
1827819
1827820
1827821
1827825
1827826
1827827
1827828
1827829
1827830
1827831
1827832
1827833
1827834
1827835
1827836
1827837
1827838
1827839
1827840
1827841
1827842
1827843
1827844
1827845
1827846
1827847
1827848
1827849
1827850
1827851
1827852
1827853
1827854
1827855
1827856
1827857
1827858
1827859
1827860
1827863
1827864
1827865
1827866
1827920
1827921
1827922
1827923
1827924
1827925
1827938
1827939
1827940
1827941
1827942
1827943
1827948
1827949
1827952
1827953
1827954
1827956
1827974
1827975
1827976
1827979
1827980
1827981
1827982
1827983
1827984
1827985
1827986
1827987
1827988
1827989
1827992
1827993
1827994
1828000
1828001
1828003
1828004
1828009
1828010
1828011
1828013
1828015
1828016
1828018
1828019
1828020
1828021
1828022
1828023
1828024
1828025
1828026
1828027
1828028
1828060
1828061
1828062
1828063
1828064
1828065
1828066
1828069
1828070
1828071
1828072
1828073
1828074
1828075
1828076
1828077
1828078
1828080
1828082
1828083
1828084
1828085
1828089
1828090
1828091
1828092
1828093
1828095
1828096
1828097
1828099
1828100
1828101
1828102
1828103
1828104
1828106
1828107
1828109
1828110
1828111
1828112
1828113
1828114
1828115
1828116
1828117
1828118
1828119
1828120
1828121
1828122
1828123
1828124
1828125
1828126
1828127
1828128
1828129
1828130
1828131
1828132
1828133
1828134
1828135
1828136
1828137
1828138
1828139
1828140
1828141
1828142
1828143
1828144
1828145
1828146
1828147
1828148
1828149
1828150
1828151
1828152
1828153
1828154
1828155
1828156
1828157
1828158
1828159
1828160
1828161
1828162
1828163
1828164
1828165
1828166
1828167
1828168
1828169
1828170
1828171
1828172
1828173
1828174
1828175
1828176
1828177
1828326
1828327
1828328
1828334
1828335
1828337
1828338
1828339
1828343
1828376
1828377
1828378
1828379
1828380
1828381
1828382
1828383
1828384
1828401
1828402
1828403
1828404
1828405
1828406
1828407
1828408
1828409
1828410
1828411
1828412
1828413
1828414
1828415
1828416
1828417
1828418
1828437
1828438
1828439
1828440
1828441
1828442
1828443
1828444
1828445
1828446
1828447
1828448
1828449
1828450
1828451
1828452
1828453
1828454
1828455
1828456
1828457
1828458
1828459
1828460
1828461
1828462
1828463
1828467
1828468
1828469
1828470
1828471
1828472
1828473
1828474
1828475
1828476
1828477
1828478
1828479
1828480
1828481
1828482
1828483
1828484
1828485
1828488
1828489
1828490
1828491
1828492
1828493
1828495
1828496
1828497
1828499
1828500
1828501
1828502
1828505
1828506
1828507
1828509
1828510
1828511
1828512
1828513
1828514
1828515
1828516
1828517
1828518
1828519
1828520
1828521
1828523
1828524
1828525
1828527
1828529
1828532
1828535
1828536
1828537
1828538
1828539
1828540
1828541
1828542
1828543
1828544
1828545
1828546
1828547
1828548
1828549
1828550
1828551
1828552
1828553
1828554
1828555
1828556
1828557
1828558
1828559
1828560
1828561
1828562
1828563
1828564
1828565
1828566
1828568
1828569
1828570
1828571
1828574
1828917
1828918
1828919
1828920
1828921
1828922
1828923
1828924
1828925
1828926
1828927
1828928
1828929
1828930
1828931
1828932
1828933
1828934
1828935
1828937
1828938
1828939
1828941
1828942
1828943
1828944
1828945
1828948
1828949
1828951
1828953
1828954
1828955
1828956
1828962
1828964
1828965
1828966
1828967
1828968
1828969
1828970
1828971
1828972
1828973
1828974
1828975
1828976
1828977
1828978
1828979
1828980
1828981
1828982
1828983
1828984
1828985
1828986
1828987
1828992
1828993
1828994
1828995
1828996
1828997
1828998
1828999
1829000
1829005
1829008
1829009
1829010
1829011
1829012
1829013
1829014
1829015
1829016
1829018
1829019
1829020
1829021
1829022
1829023
1829024
1829025
1829026
1829027
1829028
1829029
1829030
1829031
1829032
1829033
1829034
1829035
1829036
1829037
1829038
1829040
1829041
1829042
1829043
1829044
1829045
1829046
1829047
1829048
1829049
1829054
1829055
1829056
1829057
1829058
1829059
1829060
1829061
1829062
1829063
1829064
1829103
1829104
1829105
1829106
1829107
1829108
1829109
1829110
1829111
1829124
1829125
1829126
1829127
1829128
1829129
1829130
1829131
1829132
1829133
1829134
1829135
1829136
1829137
1829138
1829139
1829140
1829141
1829290
1829292
1829293
1829294
1829295
1829298
1829496
1829497
1829498
1829499
1829500
1829501
1829502
1829503
1829504
1829505
1829506
1829507
1829508
1829509
1829510
1829511
1829512
1829513
1829577
1829579
1829580
1829581
1829584
1829586
1829587
1829588
1829589
1829590
1829591
1829593
1829595
1829596
1829597
1829598
1829599
1829600
1829602
1829603
1829605
1829606
1829607
1829608
1829609
1829610
1829611
1829612
1829613
1829614
1829615
1829616
1829617
1829618
1829619
1829621
1829622
1829623
1829624
1829625
1829626
1829627
1829628
1829629
1829630
1829631
1829632
1829633
1829634
1829635
1829636
1829637
1829638
1829639
1829640
1829641
1829642
1829643
1829644
1829645
1829646
1829647
1829648
1829649
1829650
1829651
1829652
1829653
1829654
1829655
1829656
1829657
1829658
1829659
1829660
1829661
1829662
1829663
1829664
1829665
1829666
1829667
1829668
1829669
1829670
1829671
1829672
1829673
1829674
1829675
1829676
1829681
1829682
1829685
1829687
1829706
1829707
1829708
1829709
1829710
1829711
1829712
1829713
1829714
1829715
1829716
1829717
1829718
1829719
1829722
1829723
1829724
1829727
1829728
1829733
1829734
1829739
1829740
1829741
1829743
1829745
1829746
1829748
1829749
1829750
1829751
1829752
1829753
1829754
1829755
1829756
1829757
1829758
1829790
1829791
1829792
1829793
1829794
1829797
1829798
1829799
1829800
1829801
1829802
1829803
1829804
1829805
1829806
1829807
1829808
1829810
1829911
1829912
1829913
1829914
1829915
1829916
1829917
1829918
1829919
1829936
1829937
1829938
1829939
1829940
1829941
1829942
1829943
1829944
1829945
1829946
1829947
1829948
1829949
1829950
1829951
1829952
1829953
1829954
1829956
1830023
1830024
1830029
1830031
1830032
1830033
1830037
1830125
1830126
1830129
1830130
1830131
1830133
1830151
1830152
1830153
1830156
1830157
1830158
1830159
1830160
1830161
1830162
1830163
1830164
1830165
1830166
1830169
1830170
1830171
1830177
1830178
1830180
1830181
1830186
1830187
1830188
1830190
1830192
1830193
1830195
1830196
1830197
1830198
1830199
1830200
1830201
1830202
1830203
1830204
1830205
1830237
1830238
1830239
1830240
1830241
1830242
1830243
1830246
1830247
1830248
1830249
1830250
1830251
1830252
1830253
1830254
1830255
1830257
1830344
1830345
1830346
1830347
1830351
1830352
1830353
1830354
1830355
1830356
1830357
1830358
1830359
1830360
1830361
1830362
1830363
1830364
1830365
1830366
1830367
1830368
1830369
1830370
1830371
1830372
1830373
1830374
1830375
1830376
1830377
1830378
1830379
1830380
1830381
1830382
1830383
1830384
1830385
1830386
1830389
1830390
1830391
1830392
1830446
1830447
1830448
1830449
1830450
1830451
1830464
1830465
1830466
1830467
1830468
1830469
1830471
1830472
1830473
1830474
1830478
1830479
1830480
1830481
1830482
1830484
1830485
1830486
1830487
1830488
1830489
1830490
1830491
1830492
1830493
1830494
1830495
1830497
1830498
1830499
1830500
1830501
1830502
1830504
1830505
1830507
1830508
1830509
1830510
1830511
1830512
1830513
1830514
1830515
1830516
1830517
1830518
1830519
1830520
1830521
1830522
1830523
1830524
1830525
1830526
1830527
1830528
1830529
1830530
1830531
1830532
1830533
1830534
1830535
1830536
1830537
1830538
1830539
1830540
1830541
1830542
1830543
1830544
1830545
1830546
1830547
1830548
1830549
1830550
1830551
1830552
1830553
1830554
1830555
1830556
1830557
1830558
1830559
1830560
1830561
1830562
1830563
1830564
1830565
1830566
1830632
1830633
1830634
1830640
1830641
1830643
1830644
1830645
1830649
1830758
1830759
1830760
1830761
1830762
1830763
1830764
1830765
1830766
1830787
1830788
1830789
1830790
1830791
1830792
1830793
1830794
1830795
1830796
1830797
1830798
1830799
1830800
1830801
1830802
1830803
1830804
1830832
1830833
1830834
1830835
1830836
1830841
1830843
1830844
1830846
1830847
1830849
1830850
1830852
1830853
1830855
1830856
1830858
1830859
1830860
1830861
1830862
1830863
1830869
1830870
1830872
1830874
1830875
1830876
1830877
1830878
1830880
1830882
1830883
1830884
1830956
1830957
1830958
1830959
1830963
1830964
1830965
1830966
1830967
1830969
1830970
1830971
1830972
1830973
1830974
1830975
1830976
1830977
1830978
1830979
1830980
1830981
1830982
1830984
1830985
1830986
1830987
1830988
1830990
1830991
1830993
1830994
1830995
1830996
1830997
1830998
1830999
1831000
1831001
1831002
1831003
1831004
1831005
1831006
1831007
1831008
1831009
1831010
1831011
1831012
1831013
1831014
1831015
1831016
1831017
1831018
1831019
1831020
1831021
1831022
1831023
1831024
1831025
1831026
1831027
1831028
1831029
1831030
1831031
1831032
1831033
1831034
1831035
1831036
1831037
1831038
1831039
1831040
1831041
1831042
1831043
1831044
1831045
1831046
1831047
1831048
1831049
1831050
1831051
1831138
1831139
1831140
1831141
1831142
1831144
1831148
1831149
1831150
1831151
1831152
1831153
1831154
1831155
1831156
1831157
1831158
1831159
1831160
1831161
1831162
1831163
1831164
1831165
1831166
1831167
1831168
1831169
1831170
1831171
1831172
1831173
1831174
1831175
1831176
1831177
1831178
1831179
1831180
1831181
1831182
1831183
1831186
1831187
1831188
1831189
1831246
1831247
1831248
1831249
1831250
1831251
1831264
1831265
1831266
1831267
1831268
1831269
1831270
1831271
1831272
1831321
1831322
1831323
1831329
1831330
1831331
1831333
1831334
1831337
1831374
1831375
1831376
1831377
1831378
1831379
1831380
1831381
1831382
1831399
1831400
1831401
1831402
1831403
1831404
1831405
1831406
1831407
1831408
1831409
1831410
1831411
1831412
1831413
1831414
1831415
1831416
1831728
1831729
1831730
1831731
1831732
1831733
1831734
1831735
1831736
1831737
1831738
1831739
1831740
1831741
1831742
1831743
1831744
1831745
1831746
1831747
1831748
1831749
1831750
1831751
1831752
1831753
1831754
1831758
1831759
1831760
1831761
1831762
1831763
1831764
1831765
1831766
1831767
1831768
1831769
1831770
1831771
1831772
1831773
1831774
1831775
1831776
1831779
1831780
1831781
1831782
1831783
1831784
1831786
1831787
1831788
1831790
1831791
1831792
1831793
1831796
1831797
1831798
1831800
1831801
1831802
1831803
1831804
1831805
1831806
1831807
1831808
1831809
1831810
1831811
1831812
1831814
1831815
1831816
1831818
1831820
1831823
1831826
1831827
1831828
1831829
1831830
1831831
1831832
1831833
1831834
1831835
1831836
1831837
1831838
1831839
1831840
1831841
1831842
1831843
1831844
1831845
1831846
1831847
1831848
1831849
1831850
1831851
1831852
1831853
1831854
1831855
1831856
1831857
1831859
1831860
1831861
1831862
1831865
1832033
1832034
1832035
1832036
1832037
1832038
1832039
1832040
1832041
1832042
1832043
1832044
1832045
1832046
1832047
1832048
1832049
1832050
1832202
1832203
1832205
1832206
1832207
1832208
1832209
1832211
1832212
1832215
1832216
1832218
1832219
1832220
1832221
1832222
1832223
1832224
1832225
1832226
1832227
1832228
1832229
1832230
1832231
1832232
1832234
1832235
1832236
1832237
1832238
1832239
1832247
1832248
1832249
1832250
1832251
1832252
1832253
1832254
1832255
1832256
1832257
1832258
1832259
1832260
1832261
1832262
1832263
1832264
1832265
1832266
1832267
1832268
1832269
1832270
1832271
1832272
1832273
1832274
1832276
1832277
1832278
1832279
1832280
1832281
1832282
1832283
1832284
1832285
1832286
1832287
1832288
1832289
1832290
1832291
1832292
1832294
1832295
1832296
1832297
1832298
1832299
1832300
1832301
1832302
1832303
1832304
1832305
1832306
1832307
1832308
1832309
1832314
1832315
1832320
1832321
1832322
1832323
1832324
1832325
1832326
1832327
1832328
1832329
1832330
1832331
1832336
1832339
1832340
1832379
1832380
1832381
1832382
1832383
1832384
1832385
1832386
1832387
1832388
1832389
1832390
1832391
1832392
1832393
1832394
1832395
1832396
1832397
1832398
1832399
1832400
1832401
1832402
1832403
1832404
1832405
1832418
1832419
1832420
1832421
1832422
1832423
1832424
1832425
1832426
1832427
1832428
1832429
1832430
1832431
1832432
1832433
1832434
1832435
1832436
1832437
1832438
1832439
1832440
1832441
1832442
1832443
1832444
1832448
1832449
1832450
1832451
1832452
1832453
1832454
1832455
1832456
1832457
1832458
1832459
1832460
1832461
1832462
1832463
1832464
1832465
1832466
1832469
1832470
1832471
1832472
1832473
1832474
1832476
1832477
1832478
1832479
1832480
1832481
1832483
1832486
1832487
1832488
1832490
1832491
1832492
1832493
1832494
1832495
1832496
1832497
1832498
1832499
1832500
1832501
1832502
1832503
1832505
1832506
1832507
1832508
1832509
1832510
1832511
1832512
1832513
1832514
1832515
1832517
1832519
1832522
1832525
1832526
1832527
1832528
1832529
1832530
1832531
1832532
1832533
1832534
1832535
1832536
1832537
1832538
1832539
1832540
1832541
1832542
1832543
1832544
1832545
1832546
1832547
1832548
1832549
1832550
1832551
1832552
1832553
1832554
1832555
1832556
1832557
1832558
1832559
1832560
1832561
1832562
1832563
1832564
1832565
1832566
1832567
1832568
1832569
1832571
1832572
1832573
1832575
1833210
1833212
1833213
1833214
1833216
1833217
1833218
1833219
1833220
1833223
1833224
1833226
1833228
1833229
1833230
1833231
1833237
1833239
1833240
1833241
1833242
1833243
1833244
1833245
1833246
1833247
1833248
1833249
1833250
1833251
1833252
1833253
1833254
1833255
1833256
1833257
1833258
1833259
1833260
1833261
1833262
1833267
1833268
1833269
1833270
1833271
1833272
1833273
1833274
1833275
1833280
1833283
1833284
1833285
1833286
1833287
1833288
1833289
1833290
1833291
1833293
1833294
1833295
1833296
1833297
1833298
1833299
1833300
1833301
1833302
1833303
1833304
1833305
1833306
1833307
1833308
1833309
1833310
1833311
1833312
1833313
1833315
1833316
1833317
1833318
1833319
1833320
1833321
1833322
1833323
1833324
1833329
1833330
1833331
1833332
1833333
1833334
1833335
1833336
1833337
1833338
1833339
1833378
1833379
1833380
1833381
1833382
1833383
1833384
1833385
1833386
1833399
1833400
1833401
1833402
1833403
1833404
1833405
1833406
1833407
1833408
1833409
1833410
1833411
1833412
1833413
1833414
1833415
1833416
1833565
1833567
1833568
1833569
1833570
1833573
1833741
1833742
1833743
1833744
1833745
1833746
1833747
1833748
1833749
1833750
1833751
1833752
1833753
1833754
1833755
1833756
1833757
1833758
1833759
1833760
1833761
1833762
1833763
1833764
1833765
1833766
1833767
1833768
1833769
1833770
1833771
1833772
1833773
1833774
1833775
1833776
1833777
1833778
1833779
1833780
1833781
1833782
1833783
1833784
1833785
1833786
1833791
1833792
1833793
1833794
1833795
1833796
1833797
1833798
1833799
1833800
1833801
1833802
1833803
1833804
1833805
1833806
1833807
1833808
1833809
1833810
1833811
1833812
1833813
1833814
1833815
1833816
1833819
1833820
1833821
1833823
1833824
1833827
1833828
1833829
1833830
1833832
1833833
1833834
1833835
1833837
1833838
1833839
1833840
1833841
1833842
1833843
1833844
1833845
1833846
1833847
1833848
1833849
1833850
1833851
1833852
1833853
1833854
1833856
1833857
1833858
1833859
1833860
1833861
1833862
1833863
1833864
1833865
1833866
1833869
1833871
1833875
1833876
1833877
1833878
1833879
1833880
1833881
1833882
1833883
1833884
1833885
1833886
1833887
1833888
1833889
1833890
1833891
1833892
1833893
1833894
1833895
1833896
1833897
1833899
1833900
1833901
1833903
1833904
1833905
1833906
1833907
1833910
1833911
1833913
1833915
1833916
1833917
1833918
1833924
1833926
1833927
1833928
1833929
1833930
1833931
1833932
1833933
1833934
1833935
1833936
1833937
1833938
1833939
1833940
1833941
1833942
1833943
1833944
1833945
1833946
1833947
1833948
1833949
1833954
1833955
1833956
1833957
1833958
1833959
1833960
1833961
1833962
1833967
1833970
1833971
1833972
1833973
1833974
1833975
1833976
1833977
1833978
1833979
1833980
1833981
1833982
1833983
1833984
1833985
1833987
1833988
1833989
1833990
1833991
1833992
1833993
1833994
1833995
1833996
1833997
1833998
1833999
1834000
1834001
1834002
1834003
1834004
1834007
1834008
1834009
1834010
1834011
1834012
1834013
1834014
1834015
1834016
1834017
1834018
1834019
1834020
1834021
1834022
1834023
1834028
1834029
1834071
1834072
1834073
1834074
1834075
1834076
1834077
1834078
1834079
1834092
1834093
1834094
1834095
1834096
1834097
1834098
1834099
1834100
1834101
1834102
1834103
1834104
1834105
1834106
1834107
1834108
1834109
1834110
1834111
1834112
1834264
1834265
1834266
1834267
1834268
1834269
1834270
1834271
1834272
1834273
1834274
1834275
1834276
1834277
1834278
1834279
1834280
1834281
1834282
1834283
1834285
1834286
1834287
1834289
1834534
1834536
1834537
1834538
1834541
1834543
1834544
1834545
1834546
1834547
1834548
1834550
1834552
1834553
1834554
1834555
1834556
1834557
1834559
1834560
1834562
1834563
1834564
1834565
1834566
1834567
1834568
1834569
1834570
1834571
1834572
1834573
1834574
1834575
1834576
1834578
1834579
1834580
1834581
1834582
1834583
1834584
1834585
1834586
1834587
1834588
1834589
1834590
1834591
1834592
1834593
1834594
1834595
1834596
1834597
1834598
1834599
1834600
1834601
1834602
1834603
1834604
1834605
1834606
1834607
1834608
1834609
1834610
1834611
1834612
1834613
1834614
1834615
1834616
1834617
1834618
1834619
1834620
1834621
1834622
1834623
1834624
1834625
1834626
1834627
1834628
1834629
1834630
1834631
1834632
1834633
1834701
1834702
1834705
1834707
1834726
1834727
1834728
1834729
1834730
1834731
1834732
1834733
1834734
1834735
1834736
1834737
1834738
1834739
1834741
1834743
1834744
1834746
1834748
1834750
1834751
1834757
1834758
1834761
1834762
1834764
1834766
1834767
1834768
1834770
1834771
1834772
1834773
1834774
1834775
1834776
1834777
1834778
1834779
1834780
1834781
1834782
1834783
1834786
1834787
1834788
1834789
1834790
1834791
1834792
1834793
1834794
1834795
1834796
1834797
1834799
1834927
1834928
1834929
1834930
1834931
1834932
1834933
1834934
1834935
1834952
1834953
1834954
1834955
1834956
1834957
1834958
1834959
1834960
1834961
1834962
1834963
1834964
1834965
1834966
1834967
1834968
1834969
1834970
1834972
1835030
1835031
1835036
1835038
1835039
1835040
1835044
1835083
1835084
1835085
1835086
1835087
1835093
1835094
1835096
1835098
1835099
1835100
1835101
1835102
1835104
1835106
1835107
1835108
1835110
1835111
1835112
1835113
1835114
1835119
1835120
1835122
1835124
1835125
1835126
1835128
1835129
1835131
1835133
1835134
1835135
1835179
1835180
1835181
1835182
1835184
1835187
1835188
1835189
1835190
1835191
1835192
1835193
1835194
1835195
1835196
1835197
1835198
1835199
1835200
1835201
1835202
1835203
1835204
1835205
1835206
1835207
1835208
1835209
1835210
1835211
1835212
1835213
1835214
1835215
1835216
1835217
1835218
1835219
1835220
1835221
1835224
1835225
1835226
1835227
1835331
1835332
1835333
1835334
1835335
1835336
1835340
1835341
1835342
1835343
1835344
1835345
1835359
1835360
1835363
1835365
1835382
1835383
1835384
1835387
1835388
1835389
1835390
1835391
1835392
1835393
1835394
1835395
1835396
1835397
1835399
1835401
1835402
1835405
1835406
1835407
1835409
1835415
1835416
1835419
1835420
1835421
1835422
1835423
1835424
1835425
1835426
1835427
1835428
1835429
1835431
1835433
1835434
1835435
1835437
1835438
1835439
1835440
1835441
1835442
1835443
1835446
1835447
1835448
1835449
1835450
1835451
1835452
1835453
1835454
1835455
1835457
1835555
1835556
1835557
1835558
1835559
1835560
1835561
1835562
1835563
1835576
1835577
1835578
1835579
1835580
1835581
1835582
1835583
1835584
1835585
1835586
1835587
1835588
1835589
1835590
1835591
1835592
1835593
1835594
1835596
1835759
1835760
1835765
1835766
1835768
1835769
1835770
1835867
1835868
1835869
1835870
1835874
1835875
1835876
1835877
1835878
1835880
1835881
1835882
1835883
1835884
1835885
1835886
1835887
1835888
1835889
1835890
1835891
1835892
1835893
1835895
1835896
1835897
1835898
1835899
1835901
1835902
1835904
1835905
1835906
1835907
1835908
1835909
1835910
1835911
1835912
1835913
1835914
1835915
1835916
1835917
1835918
1835919
1835920
1835921
1835922
1835923
1835924
1835925
1835926
1835927
1835928
1835929
1835930
1835931
1835932
1835933
1835934
1835935
1835936
1835937
1835938
1835939
1835940
1835941
1835942
1835943
1835944
1835945
1835946
1835947
1835948
1835949
1835950
1835951
1835952
1835953
1835954
1835955
1835956
1835957
1835958
1835959
1835960
1835961
1835962
1836071
1836072
1836073
1836074
1836075
1836077
1836081
1836082
1836083
1836084
1836085
1836086
1836087
1836088
1836089
1836090
1836091
1836092
1836093
1836094
1836095
1836096
1836097
1836098
1836099
1836100
1836101
1836102
1836103
1836104
1836105
1836106
1836107
1836108
1836109
1836110
1836111
1836112
1836113
1836114
1836115
1836116
1836119
1836120
1836121
1836122
1836226
1836227
1836228
1836229
1836230
1836231
1836235
1836236
1836237
1836238
1836239
1836240
1836241
1836242
1836243
1836312
1836313
1836314
1836320
1836321
1836322
1836324
1836325
1836328
1836351
1836352
1836353
1836354
1836355
1836356
1836357
1836358
1836359
1836380
1836381
1836382
1836383
1836384
1836385
1836386
1836387
1836388
1836389
1836390
1836391
1836392
1836393
1836394
1836395
1836396
1836397
1836528
1836529
1836531
1836532
1836533
1836534
1836535
1836537
1836538
1836541
1836542
1836544
1836545
1836546
1836547
1836548
1836549
1836550
1836551
1836552
1836553
1836554
1836555
1836556
1836557
1836558
1836560
1836561
1836562
1836563
1836564
1836565
1836573
1836574
1836575
1836576
1836577
1836578
1836579
1836580
1836581
1836582
1836583
1836584
1836585
1836586
1836587
1836588
1836589
1836590
1836591
1836592
1836593
1836594
1836595
1836596
1836597
1836598
1836599
1836600
1836602
1836603
1836604
1836605
1836606
1836607
1836608
1836609
1836610
1836611
1836612
1836613
1836614
1836615
1836616
1836617
1836618
1836620
1836621
1836622
1836623
1836624
1836625
1836626
1836627
1836628
1836629
1836630
1836631
1836632
1836633
1836634
1836635
1836640
1836641
1836646
1836647
1836648
1836649
1836650
1836651
1836652
1836653
1836654
1836655
1836656
1836657
1836662
1836665
1836666
1836705
1836706
1836707
1836708
1836709
1836710
1836711
1836712
1836713
1836714
1836715
1836716
1836717
1836718
1836719
1836720
1836721
1836722
1836723
1836724
1836725
1836726
1836727
1836728
1836729
1836730
1836731
1836744
1836745
1836746
1836747
1836748
1836749
1836750
1836751
1836752
1836753
1836754
1836755
1836756
1836757
1836758
1836759
1836760
1836761
1836762
1836763
1836764
1836765
1836766
1836767
1836768
1836769
1836770
1836774
1836775
1836776
1836777
1836778
1836779
1836780
1836781
1836782
1836783
1836784
1836785
1836786
1836787
1836788
1836789
1836790
1836791
1836792
1836793
1836794
1836795
1836798
1836799
1836800
1836802
1836803
1836804
1836805
1836806
1836807
1836809
1836812
1836813
1836814
1836816
1836817
1836818
1836819
1836820
1836821
1836822
1836823
1836824
1836825
1836826
1836827
1836828
1836829
1836831
1836832
1836833
1836834
1836835
1836836
1836837
1836838
1836839
1836840
1836841
1836843
1836845
1836848
1836851
1836852
1836853
1836854
1836855
1836856
1836857
1836858
1836859
1836860
1836861
1836862
1836863
1836864
1836865
1836866
1836867
1836868
1836869
1836870
1836871
1836872
1836873
1836874
1836875
1836876
1836877
1836878
1836879
1836880
1836881
1836882
1836883
1836884
1836885
1836886
1836887
1836888
1836889
1836890
1836891
1836892
1836893
1836894
1836895
1836897
1836898
1836899
1836901
1837252
1837253
1837254
1837255
1837256
1837257
1837258
1837259
1837260
1837261
1837262
1837263
1837264
1837265
1837266
1837267
1837268
1837269
1837270
1837271
1837272
1837273
1837274
1837275
1837276
1837277
1837278
1837279
1837284
1837285
1837286
1837287
1837288
1837289
1837290
1837291
1837292
1837293
1837294
1837295
1837296
1837297
1837298
1837299
1837300
1837301
1837302
1837303
1837304
1837305
1837306
1837307
1837308
1837309
1837312
1837313
1837314
1837316
1837317
1837320
1837321
1837322
1837323
1837325
1837326
1837327
1837328
1837330
1837331
1837332
1837333
1837334
1837335
1837336
1837337
1837338
1837339
1837340
1837341
1837342
1837343
1837344
1837345
1837346
1837347
1837349
1837350
1837351
1837352
1837353
1837354
1837355
1837356
1837357
1837358
1837359
1837362
1837364
1837368
1837369
1837370
1837371
1837372
1837373
1837374
1837375
1837376
1837377
1837378
1837379
1837380
1837381
1837382
1837383
1837384
1837385
1837386
1837387
1837388
1837389
1837390
1837391
1837393
1837394
1837395
1837396
1837397
1837399
1837400
1837403
1837404
1837406
1837407
1837408
1837409
1837410
1837411
1837412
1837413
1837414
1837415
1837416
1837417
1837418
1837419
1837420
1837421
1837423
1837424
1837425
1837426
1837432
1837434
1837435
1837436
1837437
1837438
1837439
1837440
1837441
1837442
1837443
1837444
1837445
1837446
1837447
1837448
1837449
1837450
1837451
1837452
1837453
1837454
1837455
1837456
1837458
1837459
1837460
1837461
1837462
1837463
1837464
1837465
1837466
1837467
1837468
1837469
1837470
1837471
1837472
1837473
1837474
1837475
1837478
1837479
1837480
1837481
1837482
1837483
1837484
1837485
1837486
1837487
1837488
1837489
1837490
1837491
1837492
1837493
1837494
1837499
1837500
1837505
1837506
1837507
1837508
1837509
1837510
1837511
1837512
1837513
1837518
1837521
1837522
1837564
1837565
1837566
1837567
1837568
1837569
1837570
1837571
1837572
1837573
1837574
1837575
1837576
1837577
1837578
1837579
1837580
1837581
1837582
1837583
1837584
1837585
1837586
1837587
1837588
1837589
1837590
1837591
1837592
1837593
1837606
1837607
1837608
1837609
1837610
1837611
1837612
1837613
1837614
1837615
1837616
1837617
1837618
1837619
1837620
1837621
1837622
1837623
1837751
1837752
1837754
1837755
1837756
1837758
1837961
1837962
1837965
1837967
1837984
1837985
1837986
1837989
1837990
1837991
1837992
1837993
1837994
1837995
1837996
1837997
1837998
1837999
1838001
1838003
1838004
1838007
1838008
1838009
1838011
1838017
1838018
1838021
1838022
1838023
1838024
1838025
1838026
1838027
1838028
1838029
1838030
1838031
1838033
1838035
1838036
1838037
1838039
1838040
1838041
1838042
1838043
1838044
1838045
1838048
1838049
1838050
1838051
1838052
1838053
1838054
1838055
1838056
1838057
1838059
1838133
1838134
1838135
1838136
1838138
1838141
1838142
1838143
1838144
1838145
1838146
1838147
1838148
1838149
1838150
1838151
1838152
1838153
1838154
1838155
1838156
1838157
1838158
1838159
1838160
1838161
1838162
1838163
1838164
1838165
1838166
1838167
1838168
1838169
1838170
1838171
1838172
1838173
1838174
1838175
1838178
1838179
1838180
1838181
1838285
1838286
1838287
1838288
1838289
1838290
1838294
1838295
1838296
1838297
1838298
1838299
1838375
1838376
1838377
1838378
1838379
1838380
1838381
1838382
1838383
1838400
1838401
1838402
1838403
1838404
1838405
1838406
1838407
1838408
1838409
1838411
1838412
1838413
1838414
1838415
1838416
1838417
1838418
1838419
1838420
1838478
1838479
1838484
1838485
1838487
1838488
1838489
1839055
1839056
1839057
1839058
1839059
1839060
1839061
1839062
1839063
1839064
1839065
1839066
1839067
1839068
1839069
1839070
1839071
1839072
1839073
1839074
1839075
1839076
1839077
1839078
1839079
1839080
1839081
1839082
1839083
1839084
1839085
1839086
1839087
1839088
1839089
1839090
1839091
1839092
1839093
1839094
1839095
1839096
1839097
1839098
1839099
1839100
1839101
1839102
1839103
1839104
1839105
1839106
1839107
1839108
1839109
1839110
1839111
1839112
1839113
1839114
1839115
1839116
1839117
1839118
1839119
1839120
1839121
1839122
1839123
1839124
1839125
1839126
1839127
1839128
1839129
1839130
1839131
1839132
1839133
1839134
1839135
1839136
1839137
1839138
1839139
1839140
1839141
1839142
1839143
1839144
1839145
1839146
1839147
1839148
1839149
1839150
1839151
1839152
1839153
1839154
1839155
1839156
1839157
1839158
1839159
1839160
1839161
1839162
1839163
1839164
1839165
1839166
1839167
1839168
1839169
1839170
1839171
1839172
1839173
1839174
1839175
1839176
1839177
1839178
1839179
1839180
1839181
1839182
1839183
1839184
1839185
1839186
1839187
1839188
1839189
1839190
1839191
1839192
1839193
1839194
1839195
1839196
1839197
1839198
1839199
1839200
1839201
1839202
1839203
1839204
1839205
1839206
1839207
1839208
1839209
1839210
1839211
1839212
1839213
1839214
1839215
1839216
1839217
1839218
1839219
1839220
1839221
1839222
1839223
1839224
1839225
1839226
1839227
1839228
1839229
1839230
1839231
1839232
1839233
1839234
1839235
1839236
1839237
1839238
1839239
1839240
1839241
1839242
1839243
1839244
1839245
1839246
1839247
1839248
1839249
1839250
1839251
1839252
1839253
1839254
1839255
1839256
1839257
1839258
1839259
1839260
1839261
1839262
1839263
1839264
1839265
1839266
1839267
1839268
1839269
1839270
1839271
1839272
1839273
1839274
1839275
1839276
1839277
1839278
1839279
1839280
1839281
1839282
1839283
1839284
1839285
1839286
1839287
1839288
1839289
1839290
1839291
1839292
1839293
1839294
1839295
1839296
1839297
1839298
1839299
1839300
1839301
1839302
1839303
1839304
1839305
1839306
1839307
1839308
1839309
1839310
1839311
1839312
1839313
1839314
1839315
1839316
1839317
1839318
1839319
1839320
1839321
1839322
1839323
1839324
1839325
1839326
1839327
1839328
1839329
1839330
1839331
1839332
1839333
1839334
1839335
1839336
1839337
1839338
1839339
1839340
1839341
1839342
1839343
1839344
1839345
1839346
1839347
1839348
1839349
1839350
1839351
1839352
1839353
1839354
1839355
1839356
1839357
1839358
1839359
1839360
1839361
1839362
1839363
1839364
1839365
1839366
1839367
1839368
1839369
1839370
1839371
1839372
1839373
1839374
1839375
1839376
1839377
1839378
1839379
1839380
1839381
1839382
1839383
1839384
1839385
1839386
1839387
1839388
1839389
1839390
1839391
1839392
1839393
1839394
1839395
1839396
1839397
1839398
1839399
1839400
1839401
1839402
1839403
1839404
1839405
1839406
1839407
1839408
1839409
1839410
1839411
1839412
1839413
1839414
1839415
1839416
1839417
1839418
1839419
1839420
1839421
1839422
1839423
1839424
1839425
1839426
1839427
1839428
1839429
1839430
1839431
1839432
1839433
1839434
1839435
1839436
1839437
1839438
1839439
1839440
1839441
1839442
1839443
1839444
1839445
1839446
1839447
1839448
1839449
1839450
1839451
1839452
1839453
1839454
1839455
1839456
1839457
1839458
1839459
1839460
1839461
1839462
1839463
1839464
1839465
1839466
1839467
1839468
1839469
1839470
1839471
1839472
1839473
1839474
1839475
1839476
1839477
1839478
1839479
1839480
1839481
1839482
1839483
1839484
1839485
1839486
1839487
1839488
1839489
1839490
1839491
1839492
1839493
1839494
1839499
1839501
1839502
1839504
1839505
1839510
1839517
1839519
1839524
1839526
1839530
1839531
1839541
1839542
1839544
1839545
1839547
1839548
1839558
1839559
1839561
1839562
1839568
1839570
1839571
1839572
1839574
1839575
1839580
1839581
1839589
1839590
1839592
1839593
1839601
1839602
1839608
1839610
1839612
1839613
1839617
1839618
1839621
1839622
1839632
1839634
1839635
1839636
1839637
1839643
1839644
1839646
1839647
1839655
1839656
1839663
1839664
1839665
1839666
1839668
1839669
1839676
1839677
1839681
1839682
1839692
1839694
1839695
1839696
1839697
1839704
1839706
1839707
1839709
1839710
1839715
1839722
1839724
1839729
1839731
1839739
1839741
1839743
1839744
1839748
1839749
1839754
1839755
1839757
1839758
1839766
1839767
1839769
1839770
1839780
1839782
1839783
1839784
1839785
1839789
1839790
1839799
1839801
1839802
1839803
1839806
1839807
1839816
1839818
1839819
1839820
1839825
1839826
1839828
1839829
1839837
1839838
1839840
1839841
1839851
1839853
1839854
1839855
1839856
1839864
1839866
1839867
1839868
1839870
1839871
1839876
1839877
1839886
1839887
1839894
1839896
1839897
1839898
1839899
1839905
1839906
1839908
1839909
1839917
1839918
1839925
1839926
1839927
1839928
1839930
1839931
1839938
1839939
1839943
1839944
1839954
1839956
1839957
1839958
1839959
1839967
1839969
1839970
1839971
1839973
1839974
1839979
1839980
1839986
1839987
1839997
1839999
1840000
1840001
1840002
1840009
1840010
1840017
1840019
1840020
1840021
1840022
1840029
1840031
1840032
1840034
1840035
1840040
1840048
1840050
1840051
1840053
1840054
1840059
1840070
1840072
1840073
1840075
1843741
1843742
1843743
1843744
1843745
1843746
1843747
1843748
1843749
1843759
1843760
1843761
1843762
1843763
1843764
1843765
1843766
1843767
1843795
1843796
1843797
1843798
1843799
1843800
1843801
1843802
1843803
1843816
1843817
1843818
1843819
1843820
1843821
1843822
1843823
1843824
1843846
1843847
1843848
1843849
1843850
1843851
1843852
1843853
1843854
1843864
1843865
1843866
1843867
1843868
1843869
1843870
1843871
1843872
1843900
1843901
1843902
1843903
1843904
1843905
1843906
1843907
1843908
1843921
1843922
1843923
1843924
1843925
1843926
1843927
1843928
1843929
1844549
1844551
1844552
1844554
1844555
1844560
1844568
1844570
1844571
1844573
1844574
1844579
1844590
1844592
1844593
1844595
1844685
1844687
1844688
1844690
1844691
1844696
1844705
1844706
1844711
1844713
1844714
1844716
1844726
1844728
1844729
1844731
1845592
1845594
1845595
1845597
1845598
1845603
1845612
1845613
1845618
1845620
1845621
1845623
1845633
1845635
1845636
1845638
1846708
1846709
1846710
1846711
1846712
1846713
1846714
1846715
1846716
1846717
1846718
1846719
1846720
1846721
1846722
1846723
1846724
1846725
1846726
1846727
1846728
1846729
1846836
1846837
1846838
1846839
1846840
1846841
1846842
1846843
1846844
1846845
1846846
1846847
1846848
1846849
1846850
1846851
1846852
1846853
1846854
1846855
1846856
1846857
1846858
1846859
1846860
1846861
1846862
1846863
1846864
1846865
1846866
1846867
1846868
1846869
1846870
1846871
1846872
1846873
1846874
1846875
1846876
1846877
1846878
1846879
1846880
1846881
1846882
1846883
1846884
1846885
1846886
1846887
1846888
1846889
1846890
1846891
1846892
1846893
1846894
1846895
1846896
1846897
1846898
1846899
1846900
1846901
1846902
1846903
1846904
1846905
1846906
1846907
1846908
1846909
1846910
1846911
1846912
1846913
1846914
1846915
1846916
1846917
1846918
1846919
1846920
1846921
1846922
1846923
1846924
1846925
1846926
1846927
1846928
1846929
1846930
1846931
1846932
1846933
1846934
1846935
1846936
1846937
1846938
1846939
1846940
1846941
1846942
1846943
1846944
1846945
1846946
1846947
1846948
1846949
1846950
1846951
1846952
1846953
1846954
1846955
1846956
1846957
1846958
1846959
1846960
1846961
1846962
1846963
1846964
1846965
1846966
1846967
1846968
1846969
1846970
1846971
1846972
1846973
1846974
1846975
1846976
1846977
1846978
1846979
1846980
1846981
1846982
1846983
1846984
1846985
1846986
1846987
1846988
1846989
1846990
1846991
1846992
1846993
1846994
1846995
1846996
1846997
1846998
1846999
1847000
1847001
1847002
1847003
1847004
1847005
1847006
1847007
1847008
1847009
1847010
1847011
1847012
1847013
1847014
1847015
1847016
1847017
1847018
1847019
1847020
1847021
1847022
1847023
1847024
1847025
1847026
1847027
1847028
1847029
1847030
1847031
1847032
1847033
1847034
1847035
1847036
1847037
1847038
1847039
1847040
1847041
1847042
1847043
1847044
1847045
1847046
1847047
1847048
1847049
1847050
1847051
1847052
1847053
1847054
1847055
1847056
1847057
1847058
1847059
1847060
1847061
1847062
1847063
1847064
1847065
1847066
1847067
1847068
1847069
1847070
1847071
1847072
1847073
1847074
1847075
1847076
1847077
1847078
1847079
1847080
1847081
1847082
1847083
1847084
1847085
1847086
1847087
1847088
1847089
1847090
1847091
1847092
1847093
1847094
1847095
1847096
1847097
1847098
1847099
1847100
1847101
1847102
1847103
1847104
1847105
1847106
1847107
1847108
1847109
1847110
1847111
1847112
1847113
1847114
1847115
1847116
1847117
1847118
1847119
1847120
1847121
1847122
1847123
1847124
1847125
1847126
1847127
1847128
1847129
1847130
1847131
1847132
1847133
1847134
1847135
1847136
1847137
1847138
1847139
1847140
1847141
1847142
1847143
1847144
1847145
1847146
1847147
1847148
1847149
1847150
1847151
1847152
1847153
1847154
1847155
1847156
1847157
1847158
1847159
1847160
1847161
1847162
1847163
1847164
1847165
1847166
1847167
1847168
1847169
1847170
1847171
1847172
1847173
1847174
1847175
1847176
1847177
1847178
1847179
1847180
1847181
1847182
1847183
1847184
1847185
1847186
1847187
1847188
1847189
1847190
1847191
1847192
1847193
1847194
1847195
1847196
1847197
1847198
1847199
1847200
1847201
1847202
1847203
1847204
1847205
1847206
1847207
1847208
1847209
1847210
1847211
1847212
1847213
1847214
1847215
1847216
1847217
1847218
1847219
1847220
1847221
1847222
1847223
1847224
1847225
1847226
1847227
1847228
1847229
1847230
1847231
1847232
1847233
1847234
1847235
1847236
1847237
1847238
1847239
1847240
1847241
1847242
1847243
1847244
1847245
1847246
1847247
1847248
1847249
1847250
1847251
1847252
1847253
1847254
1847255
1847256
1847257
1847258
1847259
1847260
1847261
1847262
1847263
1847264
1847265
1847266
1847267
1847268
1847269
1847270
1847271
1847272
1847273
1847274
1847275
1847276
1847277
1847278
1847279
1847280
1847281
1847282
1847283
1847284
1847285
1847286
1847287
1847288
1847289
1847290
1847291
1847292
1847293
1847294
1847295
1847296
1847297
1847298
1847299
1847300
1847301
1847302
1847303
1847304
1847305
1847306
1847307
1847308
1847309
1847310
1847311
1847312
1847313
1847314
1847315
1847316
1847317
1847318
1847319
1847320
1847321
1847322
1847323
1847324
1847325
1847326
1847327
1847328
1847329
1847330
1847331
1847332
1847333
1847334
1847335
1847336
1847337
1847338
1847339
1847340
1847341
1847342
1847343
1847344
1847345
1847346
1847347
1847348
1847349
1847350
1847351
1847352
1847353
1847354
1847355
1847356
1847357
1847358
1847359
1847360
1847361
1847362
1847363
1847364
1847365
1847366
1847367
1847368
1847369
1847370
1847371
1847372
1847373
1847374
1847375
1847376
1847377
1847378
1847379
1847380
1847381
1847382
1847383
1847384
1847385
1847386
1847387
1847388
1847389
1847390
1847391
1847392
1847393
1847394
1847395
1847396
1847397
1847398
1847399
1847400
1847401
1847402
1847403
1847404
1847405
1847406
1847407
1847408
1847409
1847410
1847411
1847412
1847413
1847414
1847415
1847416
1847417
1847418
1847419
1847420
1847421
1847422
1847423
1847424
1847425
1847426
1847427
1847428
1847429
1847430
1847431
1847432
1847433
1847434
1847435
1847436
1847437
1847438
1847439
1847440
1847441
1847442
1847443
1847444
1847445
1847446
1847447
1847448
1847449
1847450
1847451
1847452
1847453
1847454
1847455
1847456
1847457
1847458
1847459
1847460
1847461
1847462
1847463
1847464
1847465
1847466
1847467
1847468
1847469
1847470
1847471
1847472
1847473
1847474
1847475
1847759
1847763
1847765
1847766
1847767
1847773
1847775
1847780
1847782
1847788
1847789
1847791
1847792
1847800
1847801
1847808
1847809
1847810
1847811
1847813
1847814
1847821
1847822
1847826
1847827
1847837
1847839
1847840
1847841
1847842
1847846
1847847
1847857
1847859
1847860
1847861
1847862
1847870
1847872
1847873
1847874
1847876
1847880
1847881
1847888
1847889
1847896
1847898
1847899
1847900
1847903
1847904
1847913
1847915
1847916
1847917
1847925
1847926
1847927
1847928
1847930
1847931
1847938
1847939
1847946
1847947
1847954
1847956
1847957
1847958
1847959
1847965
1847966
1847968
1847969
1847977
1847978
1847985
1847986
1847987
1847988
1847990
1847996
1847997
1848000
1848001
1848010
1848012
1848013
1848014
1848276
1848277
1848279
1848280
1848288
1848289
1848296
1848297
1848298
1848299
1848301
1848302
1848309
1848310
1848314
1848315
1848325
1848327
1848328
1848329
1848330
1848338
1848342
1848344
1848345
1848346
1848352
1848354
1848359
1848361
1848369
1848371
1848372
1848373
1848375
1848379
1848380
1848385
1848386
1848396
1848398
1848399
1848400
1848401
1848407
1848408
1848415
1848417
1848418
1848419
1848426
1848428
1848429
1848430
1848432
1848436
1848437
1848442
1848443
1848452
1848454
1848455
1848456
1848461
1848462
1848469
1848471
1848472
1848473
1848479
1848481
1848482
1848484
1848485
1848490
1848497
1848499
1848504
1848506
1848707
1848708
1848717
1848719
1848720
1848721
1848729
1848730
1848731
1848732
1848734
1848735
1848742
1848743
1848750
1848751
1848758
1848760
1848761
1848762
1848763
1848769
1848770
1848772
1848773
1848781
1848782
1848789
1848790
1848791
1848792
1848794
1848800
1848801
1848804
1848805
1848814
1848816
1848817
1848818
1848824
1848826
1848828
1848829
1848833
1848839
1848841
1848846
1848848
1848854
1848855
1848857
1848858
1848866
1848867
1848874
1848875
1848876
1848878
1848879
1848886
1848887
1848889
1848890
1848900
1848901
1848903
1848904
1849111
1849113
1849114
1849115
1849117
1849121
1849122
1849127
1849128
1849137
1849139
1849140
1849141
1849146
1849147
1849154
1849156
1849157
1849158
1849164
1849166
1849167
1849169
1849170
1849175
1849182
1849184
1849189
1849191
1849197
1849198
1849200
1849201
1849209
1849210
1849217
1849218
1849219
1849221
1849222
1849229
1849230
1849232
1849233
1849243
1849244
1849246
1849247
1849252
1849254
1849256
1849257
1849261
1849267
1849269
1849274
1849276
1851186
1851187
1851188
1851189
1851190
1851191
1851192
1851193
1851194
1851195
1851196
1851197
1851198
1851199
1851200
1851201
1851202
1851203
1851204
1851205
1851206
1851207
1851217
1851218
1851219
1851220
1851221
1851222
1851223
1851224
1851225
1851226
1851227
1851228
1851229
1851230
1851231
1851232
1851233
1851234
1851235
1851236
1851237
1851238
1851403
1851404
1851405
1851406
1851407
1851408
1851409
1851410
1851411
1851412
1851413
1851414
1851415
1851416
1851417
1851418
1851419
1851420
1851421
1851422
1851423
1851424
1851434
1851435
1851436
1851437
1851438
1851439
1851440
1851441
1851442
1851443
1851444
1851445
1851446
1851447
1851448
1851449
1851450
1851451
1851452
1851453
1851454
1851455
1851487
1851488
1851489
1851490
1851491
1851492
1851493
1851494
1851495
1851496
1851497
1851498
1851499
1851500
1851501
1851502
1851503
1851504
1851505
1851506
1851507
1851508
1851682
1851683
1851684
1851685
1851686
1851687
1851688
1851689
1851690
1851691
1851692
1851693
1851694
1851695
1851696
1851697
1851698
1851699
1851700
1851701
1851702
1851703
1855864
1855866
1855868
1855869
1855883
1855885
1855886
1855888
1855894
1855895
1855897
1855898
1855899
1855907
1855912
1855917
1855918
1855961
1855963
1855965
1855966
1855971
1855978
1855979
1855981
1855982
1855988
1855995
1855997
1856002
1856004
1856006
1856007
1856008
1856015
1856021
1856026
1856027
1856033
1856035
1856037
1856038
1856043
1856050
1856051
1856053
1856054
1856055
1856063
1856071
1856073
1856074
1856080
1856082
1856084
1856085
1856090
1856097
1856098
1856100
1856101
1856107
1856114
1856116
1856124
1856126
1856127
1856129
1856135
1856136
1856138
1856139
1856140
1856148
1856153
1856158
1856159
1856164
1856166
1856168
1856169
1856218
1856219
1856221
1856222
1856228
1856233
1856235
1856237
1856238
1856243
1856251
1856253
1856258
1856260
1856262
1856263
1856264
1856271
1856277
1856282
1856283
1856289
1856291
1856293
1856294
1856299
1856306
1856307
1856309
1856310
1856311
1856319
1856327
1856329
1856330
1856336
1856338
1856340
1856341
1856346
1856353
1856354
1856356
1856357
1856363
1856370
1856372
1856381
1856383
1856384
1856385
1856388
1856394
1856395
1856397
1856398
1856404
1856409
1856410
1856415
1856425
1856427
1856428
1856429
1856432
1856438
1856439
1856441
1856442
1856448
1856453
1856454
1856459
1856462
1856470
1856471
1856473
1856475
1856483
1856484
1856486
1856491
1856493
1857176
1857177
1857179
1857180
1857181
1857189
1857190
1857192
1857193
1857199
1857203
1857205
1857210
1857220
1857221
1857223
1857224
1857225
1857233
1857234
1857236
1857237
1857243
1857247
1857249
1857254
1857257
1857264
1857266
1857267
1857270
1857277
1857279
1857280
1857285
1857287
1857299
1857300
1857302
1857303
1857304
1857312
1857313
1857315
1857316
1857322
1857326
1857328
1857333
1857343
1857344
1857346
1857347
1857348
1857356
1857357
1857362
1857363
1857366
1857370
1857372
1857377
1857380
1857387
1857389
1857390
1857393
1857400
1857402
1857403
1857408
1857410
1857422
1857423
1857425
1857426
1857427
1857435
1857436
1857438
1857439
1857445
1857449
1857451
1857456
1857466
1857467
1857469
1857470
1857471
1857479
1857480
1857485
1857486
1857489
1857493
1857495
1857500
1857503
1857510
1857512
1857513
1857516
1857523
1857525
1857526
1857531
1857533
1857542
1857546
1857548
1857549
1857550
1857557
1857561
1857563
1857570
1857574
1857575
1857577
1857583
1857584
1857585
1857587
1857588
1857594
1857604
1857605
1857607
1857614
1857617
1857619
1857620
1857627
1857628
1857629
1857631
1857636
1857643
1857645
1857651
1857655
1857657
1857666
1857668
1857669
1857671
1857677
1857678
1857679
1857681
1857682
1857688
1857695
1857699
1857701
1857745
1857748
1857750
1857751
1857758
1857759
1857760
1857762
1857767
1857774
1857776
1857783
1857787
1857789
1857790
1857791
1857798
1857802
1857804
1857811
1857815
1857816
1857818
1857824
1857825
1857826
1857828
1857829
1857835
1857845
1857846
1857848
1857855
1857858
1857860
1857861
1857868
1857869
1857870
1857872
1857877
1857884
1857886
1857895
1857897
1857898
1857900
1857906
1857907
1857912
1857914
1857915
1857917
1857924
1857928
1857930
1857935
1857937
1857938
1857940
1857989
1857990
1857994
1857996
1857998
1858004
1858006
1858007
1858009
1858013
1858021
1858023
1858029
1858031
1858033
1858034
1858038
1858045
1858049
1858051
1858057
1858059
1858061
1858062
1858067
1858074
1858075
1858076
1858078
1858079
1858085
1858095
1858096
1858098
1858104
1858106
1858108
1858111
1858118
1858119
1858120
1858122
1858127
1858134
1858136
1858142
1858146
1858148
1858157
1858159
1858160
1858162
1858168
1858169
1858170
1858172
1858173
1858179
1858186
1858190
1858192
1858236
1858239
1858241
1858242
1858249
1858250
1858251
1858253
1858258
1858265
1858267
1858273
1858275
1858276
1858278
1858279
1858284
1858292
1858296
1858298
1858304
1858307
1858308
1858312
1858318
1858319
1858324
1858326
1858327
1858329
1858339
1858340
1858342
1858348
1858350
1858351
1858353
1858357
1858365
1858366
1858370
1858372
1858374
1858381
1858383
1858388
1858390
1858392
1858404
1858406
1858407
1858409
1858415
1858416
1858417
1858419
1858420
1858426
1858433
1858437
1858439
1858482
1858484
1858486
1858489
1858496
1858497
1858498
1858500
1858505
1858512
1858514
1858523
1858525
1858526
1858528
1858534
1858535
1858540
1858542
1858543
1858545
1858552
1858556
1858558
1858563
1858565
1858566
1858568
1858617
1858618
1858622
1858624
1858626
1858632
1858634
1858635
1858637
1858641
1858649
1858651
1858657
1858659
1858661
1858662
1858666
1858673
1858677
1858679
1858685
1858687
1858689
1858690
1858695
1858702
1858703
1858704
1858706
1858707
1858713
1858723
1858724
1858726
1858732
1858734
1858736
1858739
1858746
1858747
1858748
1858750
1858755
1858762
1858764
1858770
1858772
1858773
1858775
1858776
1858781
1858789
1858793
1858795
1858801
1858804
1858805
1858809
1858815
1858816
1858821
1858823
1858824
1858826
1858836
1858837
1858839
1858845
1858847
1858848
1858850
1858854
1858862
1858863
1858867
1858869
1858871
1858878
1858880
1858889
1858891
1858892
1858894
1858900
1858901
1858902
1858904
1858905
1858911
1858918
1858922
1858924
1858929
1858931
1858933
1858980
1858981
1858982
1858984
1858989
1858995
1858997
1858999
1859002
1859009
1859011
1859014
1859015
1859025
1859027
1859028
1859029
1859030
1859034
1859035
1859045
1859047
1859048
1859049
1859050
1859058
1859060
1859061
1859062
1859064
1859065
1859070
1859071
1859077
1859078
1859088
1859090
1859091
1859092
1859093
1859101
1859103
1859104
1859105
1859107
1859108
1859113
1859114
1859124
1859126
1859127
1859132
1859134
1859135
1859136
1859137
1859143
1859151
1859153
1859154
1859155
1859162
1859164
1859169
1859171
1859172
1859173
1859180
1859182
1859187
1859189
1859193
1859194
1859204
1859206
1859207
1859208
1859209
1859217
1859219
1859220
1859221
1859223
1859224
1859229
1859230
1859240
1859242
1859243
1859248
1859250
1859251
1859252
1859253
1859263
1859265
1859266
1859267
1859269
1859270
1859275
1859276
1859286
1859288
1859289
1859290
1859292
1859293
1859298
1859299
1859313
1859315
1859316
1859317
1859319
1859320
1859321
1859322
1859331
1859333
1859334
1859336
1859337
1859342
1859350
1859352
1859357
1859359
1859360
1859361
1859372
1859374
1859375
1859377
1859381
1859389
1859391
1859392
1859393
1859400
1859402
1859407
1859409
1859410
1859411
1859418
1859420
1859425
1859427
1859434
1859436
1859441
1859443
1859444
1859445
1859453
1859455
1859456
1859458
1859459
1859464
1859475
1859477
1859478
1859480
1862863
1862864
1862865
1862866
1862867
1862868
1862869
1862870
1862871
1862872
1862873
1862874
1862875
1862876
1862877
1862878
1862879
1862880
1862881
1862882
1862883
1862884
1862885
1862886
1862887
1862888
1862889
1862890
1862891
1862892
1862893
1862894
1862895
1862896
1862897
1862898
1862899
1862900
1862901
1862902
1862903
1862904
1862905
1862906
1862907
1862908
1862909
1862910
1862911
1862912
1862913
1862914
1862915
1862916
1862917
1862918
1862919
1862920
1862921
1862922
1862923
1862924
1862925
1862926
1862927
1862928
1862929
1862930
1862931
1862932
1862933
1862934
1862935
1862936
1862937
1862938
1862939
1862940
1862941
1862942
1862943
1862944
1862945
1862946
1862947
1862948
1862949
1862950
1862951
1862952
1862953
1862954
1862955
1862956
1862957
1862958
1862959
1862960
1862961
1862962
1862963
1862964
1862965
1862966
1862967
1862968
1862969
1862970
1862971
1862972
1862973
1862974
1862975
1862976
1862977
1862978
1862979
1862980
1862981
1862982
1862983
1862984
1862985
1862986
1862987
1862988
1862989
1862990
1862991
1862992
1862993
1862994
1862995
1862996
1862997
1862998
1862999
1863000
1863001
1863002
1863003
1863004
1863005
1863006
1863007
1863008
1863009
1863010
1863011
1863012
1863013
1863014
1863015
1863016
1863017
1863018
1863019
1863020
1863021
1863022
1863023
1863024
1863025
1863026
1863027
1863028
1863029
1863030
1863031
1863032
1863033
1863034
1863035
1863036
1863037
1863038
1863039
1863040
1863041
1863042
1863043
1863044
1863045
1863046
1863047
1863048
1863049
1863050
1863051
1863052
1863053
1863054
1863055
1863056
1863057
1863058
1863059
1863060
1863061
1863062
1863063
1863064
1863065
1863066
1863067
1863068
1863069
1863070
1863071
1863072
1863073
1863074
1863075
1863076
1863077
1863078
1863079
1863080
1863081
1863082
1863083
1863084
1863085
1863086
1863087
1863088
1863089
1863090
1863091
1863092
1863093
1863094
1863095
1863096
1863097
1863098
1863099
1863100
1863101
1863102
1863103
1863104
1863105
1863106
1863107
1863108
1863109
1863110
1863111
1863112
1863113
1863114
1863115
1863116
1863117
1863118
1863119
1863120
1863121
1863122
1863123
1863124
1863125
1863126
1863127
1863128
1863129
1863130
1863131
1863132
1863133
1863134
1863135
1863136
1863137
1863138
1863139
1863140
1863141
1863142
1863143
1863144
1863145
1863146
1863147
1863148
1863149
1863150
1863151
1863152
1863153
1863154
1863155
1863156
1863157
1863158
1863159
1863160
1863161
1863162
1863163
1863164
1863165
1863166
1863167
1863168
1863169
1863170
1863171
1863172
1863173
1863174
1863175
1863176
1863177
1863178
1863179
1863180
1863181
1863182
1863183
1863184
1863185
1863186
1863187
1863188
1863189
1863190
1863191
1863192
1863193
1863194
1863195
1863196
1863197
1863198
1863199
1863200
1863201
1863202
1863203
1863204
1863205
1863206
1863207
1863208
1863209
1863210
1863211
1863212
1863213
1863214
1863215
1863216
1863217
1863218
1863219
1863220
1863221
1863222
1863223
1863224
1863225
1863226
1863227
1863228
1863229
1863230
1863231
1863232
1863233
1863234
1863235
1863236
1863237
1863238
1863239
1863240
1863241
1863242
1863243
1863244
1863245
1863246
1863247
1863248
1863249
1863250
1863251
1863252
1863253
1863254
1863255
1863256
1863257
1863258
1863259
1863260
1863261
1863262
1863263
1863264
1863265
1863266
1863267
1863268
1863269
1863270
1863271
1863272
1863273
1863274
1863275
1863276
1863277
1863278
1863279
1863280
1863281
1863282
1863283
1863284
1863285
1863286
1863287
1863288
1863289
1863290
1863291
1863292
1863293
1863294
1863295
1863296
1863297
1863298
1863299
1863300
1863301
1863302
1863303
1863304
1863305
1863306
1863307
1863308
1863309
1863310
1863311
1863312
1863313
1863314
1863315
1863316
1863317
1863318
1863319
1863320
1863321
1863322
1863323
1863324
1863325
1863326
1863327
1863328
1863329
1863330
1863331
1863332
1863333
1863334
1863335
1863336
1863337
1863338
1863339
1863340
1863341
1863342
1863343
1863344
1863345
1863346
1863347
1863348
1863349
1863350
1863351
1863352
1863353
1863354
1863355
1863356
1863357
1863358
1863359
1863360
1863361
1863362
1863363
1863364
1863365
1863366
1863367
1863368
1863369
1863370
1863371
1863372
1863373
1863374
1863375
1863376
1863377
1863378
1863379
1863380
1863381
1863382
1863383
1863384
1863385
1863386
1863387
1863388
1863389
1863390
1863391
1863392
1863393
1863394
1863396
1863404
1863406
1863407
1863408
1863416
1863417
1863422
1863424
1863425
1863427
1863433
1863435
1863440
1863442
1863449
1863451
1863452
1863454
1863455
1863460
1863468
1863470
1863475
1863477
1863478
1863479
1863490
1863492
1863493
1863495
1863502
1863504
1863506
1863507
1863511
1863519
1863520
1863525
1863527
1863528
1863530
1863540
1863542
1863543
1863545
1863549
1863557
1863559
1863560
1863561
1863568
1863570
1863575
1863577
1863578
1863579
1863586
1863588
1863593
1863595
1863599
1863607
1863609
1863610
1863611
1863619
1863620
1863625
1863627
1863628
1863630
1863636
1863638
1863643
1863645
1863652
1863654
1863659
1863661
1863662
1863663
1863671
1863673
1863674
1863676
1863677
1863682
1863693
1863695
1863696
1863698
1863705
1863707
1863712
1863714
1863715
1863716
1863725
1863729
1863731
1863732
1863733
1863743
1863745
1863746
1863748
1863755
1863757
1863759
1863760
1863764
1863772
1863773
1863778
1863780
1863781
1863783
1863793
1863795
1863796
1863798
1863802
1863810
1863812
1863813
1863814
1863821
1863823
1863828
1863830
1863831
1863832
1863839
1863841
1863846
1863848
1863852
1863860
1863862
1863863
1863864
1863871
1863873
1863878
1863880
1863881
1863882
1863889
1863891
1863896
1863898
1863905
1863907
1863912
1863914
1863915
1863916
1863925
1863929
1863931
1863932
1863933
1863943
1863945
1863946
1863948
1863952
1863960
1863962
1863963
1863964
1863971
1863973
1863978
1863980
1863981
1863982
1863989
1863991
1863996
1863998
1864727
1864728
1864737
1864739
1864740
1864741
1864748
1864750
1864751
1864753
1864754
1864758
1864759
1864768
1864770
1864774
1864776
1864777
1864778
1864779
1864784
1864785
1864794
1864796
1864797
1864798
1864805
1864807
1864808
1864810
1864811
1864815
1864816
1864825
1864827
1864831
1864833
1864834
1864835
1864836
1864845
1864847
1864848
1864849
1864851
1864855
1864856
1864865
1864867
1864868
1864869
1864871
1864875
1864876
1864887
1864889
1864890
1864892
1864893
1864894
1864898
1864899
1864908
1864910
1864911
1864912
1864915
1864916
1864926
1864928
1864929
1864930
1864931
1864939
1864941
1864942
1864944
1864945
1864949
1864950
1864959
1864961
1864962
1864964
1864967
1864968
1864976
1864978
1864979
1864981
1864982
1864986
1864987
1864999
1865001
1865002
1865004
1865005
1865006
1865007
1865012
1865013
1865022
1865024
1865025
1865026
1865033
1865035
1865036
1865037
1865039
1865043
1865044
1865053
1865055
1865058
1865060
1865061
1865062
1865066
1865074
1865075
1865077
1865079
1865088
1865089
1865090
1865093
1865098
1865100
1865101
1865111
1865112
1865117
1865118
1865121
1865126
1865128
1865130
1865131
1865132
1865139
1865148
1865150
1865151
1865154
1865162
1865163
1865165
1865170
1865172
1865174
1865175
1865180
1865186
1865190
1865196
1865198
1865199
1865201
1865204
1865205
1865213
1865215
1865216
1865218
1865219
1865223
1865224
1865236
1865238
1865239
1865241
1865242
1865243
1865244
1865249
1865250
1865259
1865261
1865262
1865263
1865266
1865267
1865277
1865279
1865280
1865281
1865282
1865290
1865292
1865293
1865295
1865296
1865300
1865301
1865306
1865307
1865316
1865318
1865319
1865320
1865327
1865329
1865330
1865331
1865333
1865337
1865338
1865347
1865349
1865352
1865354
1865355
1865356
1865360
1865361
1865371
1865373
1865374
1865375
1865376
1865384
1865386
1865387
1865389
1865392
1865393
1865401
1865403
1865404
1865408
1865410
1865411
1865412
1865417
1865418
1865428
1865430
1865431
1865432
1865433
1865441
1865443
1865444
1865446
1865449
1865450
1865458
1865460
1865461
1865465
1865467
1865468
1865469
1865474
1865475
1865484
1865486
1865487
1865488
1865491
1865492
1865501
1865503
1865504
1865505
1865512
1865514
1865515
1865517
1865520
1865521
1865525
1865533
1865535
1865536
1865537
1865544
1865546
1865548
1865549
1865554
1865559
1865561
1865566
1865572
1865574
1865579
1865580
1865582
1865588
1865590
1865591
1865593
1865594
1865599
1865610
1865611
1865613
1865616
1865623
1865625
1865626
1865632
1865634
1865635
1865637
1865641
1865647
1865651
1865654
1865662
1865663
1865665
1865667
1865676
1865677
1865678
1865681
1865686
1865688
1865689
1865699
1865700
1865705
1865706
1865709
1865714
1865716
1865718
1865719
1865720
1865727
1865736
1865738
1865739
1865742
1865750
1865751
1865753
1865758
1865760
1865762
1865763
1865768
1865774
1865778
1865783
1865785
1865790
1865791
1865793
1865799
1865801
1865802
1865804
1865805
1865810
1865821
1865822
1865824
1865827
1865835
1865837
1865838
1865839
1865846
1865848
1865850
1865851
1865856
1865861
1865863
1865868
1865871
1865878
1865880
1865881
1865887
1865889
1865890
1865892
1865896
1865902
1865906
1888996
1889004
1889005
1889007
1889009
1889017
1889019
1889020
1889021
1889028
1889029
1889031
1889041
1889042
1889047
1889048
1889051
1889056
1889058
1889059
1889061
1889062
1889067
1889078
1889079
1889081
1889084
1889091
1889093
1889094
1889100
1889102
1889103
1889105
1889109
1889115
1889119
1889122
1889130
1889132
1889133
1889134
1889141
1889143
1889144
1889146
1889150
1889156
1889158
1889162
1889169
1889171
1889175
1889177
1889178
1889185
1889187
1889189
1889190
1889194
1889203
1889205
1889207
1889210
1889217
1889219
1889220
1889226
1889228
1889230
1889233
1889238
1889242
1889245
1889253
1889255
1889256
1889257
1889264
1889266
1889268
1889271
1889276
1889278
1889282
1889290
1889291
1889295
1889297
1889299
1889305
1889307
1889308
1889310
1889311
1889316
1889326
1889328
1889330
1889333
1889340
1889342
1889343
1889349
1889351
1889352
1889354
1889358
1889364
1889368
1889371
1889379
1889380
1889382
1889384
1889392
1889394
1889395
1889396
1889403
1889404
1889406
1889416
1889417
1889422
1889423
1889426
1889431
1889433
1889435
1889436
1889440
1889450
1889451
1889453
1889456
1889463
1889465
1889466
1889472
1889474
1889476
1889479
1889484
1889488
1889491
1889499
1889500
1889502
1889504
1889512
1889514
1889515
1889516
1889523
1889524
1889526
1889536
1889537
1889542
1889543
1889546
1889551
1889553
1889554
1889556
1889557
1889562
1889573
1889574
1889576
1889579
1889586
1889588
1889589
1889595
1889597
1889598
1889600
1889604
1889610
1889614
1889620
1889622
1889626
1889628
1889629
1889636
1889638
1889640
1889641
1889645
1889654
1889656
1889658
1889661
1889669
1889671
1889672
1889673
1889680
1889682
1889683
1889685
1889689
1889695
1889697
1889701
1889705
1889712
1889714
1889715
1889721
1889723
1889725
1889728
1889733
1889737
1889743
1889745
1889749
1889751
1889752
1889759
1889764
1889766
1889767
1889768
1889777
1889779
1889781
1889784
1889792
1889794
1889795
1889796
1889803
1889807
1889809
1889810
1889815
1889817
1889821
1889825
1889832
1889834
1889835
1889841
1889845
1889847
1889848
1889853
1889857
1889860
1889868
1889870
1889871
1889872
1889879
1889881
1889883
1889886
1889891
1889893
1889897
1889905
1889906
1889910
1889912
1889914
1889920
1889922
1889923
1889925
1889926
1889931
1889941
1889943
1889945
1889948
1889955
1889957
1889958
1889964
1889966
1889967
1889969
1889973
1889979
1889983
1889986
1889994
1889995
1889997
1889999
1890007
1890009
1890010
1890011
1890018
1890019
1890021
1890031
1890032
1890037
1890038
1890041
1890046
1890048
1890050
1890051
1890055
1890065
1890066
1890068
1890071
1890078
1890080
1890081
1890087
1890089
1890091
1890094
1890099
1890103
1890106
1890114
1890115
1890117
1890119
1890127
1890129
1890130
1890131
1890138
1890139
1890141
1890151
1890152
1890157
1890158
1890161
1890167
1890171
1890173
1890174
1890175
1890185
1890186
1890188
1890191
1890198
1890200
1890201
1890208
1890211
1890213
1890214
1890219
1890223
1890229
1890231
1890235
1890237
1890238
1890245
1890250
1890252
1890253
1890254
1890263
1890265
1890267
1890270
1890278
1890280
1890281
1890282
1890289
1890293
1890295
1890296
1890301
1890303
1890307
1890311
1890318
1890320
1890321
1890327
1890331
1890333
1890334
1890339
1890343
1890346
1890354
1890355
1890357
1890359
1890367
1890369
1890370
1890371
1890378
1890379
1890381
1890391
1890392
1890397
1890398
1890401
1890407
1890411
1890413
1890414
1890415
1890425
1890426
1890428
1890431
1890438
1890440
1890441
1890448
1890451
1890453
1890454
1890459
1890463
1890466
1890474
1890476
1890477
1890478
1890482
1890490
1890492
1890493
1890494
1890500
1890502
1890503
1890505
1890513
1890521
1890523
1890524
1890525
1890532
1890534
1890535
1890537
1890538
1890543
1890550
1890552
1890557
1890559
1890563
1890571
1890573
1890574
1890575
1890582
1890584
1890585
1890587
1890588
1890593
1890600
1890602
1890607
1890609
1890616
1890618
1890619
1890621
1890622
1890627
1890635
1890637
1890638
1890640
1890641
1890646
1890657
1890659
1890660
1890662
1891962
1891963
1891964
1891965
1891966
1891967
1891968
1891969
1891970
1891971
1891972
1891973
1891974
1891975
1891976
1891977
1891978
1891979
1891980
1891981
1891982
1891983
1891984
1891985
1891986
1891987
1891988
1891989
1891990
1891991
1891992
1891993
1891994
1891995
1891996
1891997
1891998
1891999
1892000
1892001
1892002
1892003
1892004
1892005
1892006
1892007
1892008
1892009
1892010
1892011
1892012
1892013
1892014
1892015
1892016
1892017
1892018
1892019
1892020
1892021
1892022
1892023
1892024
1892025
1892026
1892027
1892028
1892029
1892030
1892031
1892032
1892033
1892034
1892035
1892036
1892037
1892038
1892039
1892040
1892041
1892042
1892043
1892044
1892045
1892046
1892047
1892048
1892049
1892050
1892051
1892052
1892053
1892054
1892055
1892056
1892057
1892058
1892059
1892060
1892061
1892062
1892063
1892064
1892065
1892066
1892067
1892068
1892069
1892070
1892071
1892072
1892073
1892074
1892075
1892076
1892077
1892078
1892079
1892080
1892081
1892082
1892083
1892084
1892085
1892086
1892087
1892088
1892089
1892090
1892091
1892092
1892093
1892094
1892095
1892096
1892097
1892098
1892099
1892100
1892101
1892102
1892103
1892104
1892105
1892106
1892107
1892108
1892109
1892110
1892111
1892112
1892113
1892114
1892115
1892116
1892117
1892118
1892119
1892120
1892121
1892122
1892123
1892124
1892125
1892126
1892127
1892128
1892129
1892130
1892131
1892132
1892133
1892134
1892135
1892136
1892137
1892138
1892139
1892140
1892141
1892142
1892143
1892144
1892145
1892146
1892147
1892148
1892149
1892150
1892151
1892152
1892153
1892154
1892155
1892156
1892157
1892158
1892159
1892160
1892161
1892162
1892163
1892164
1892165
1892166
1892167
1892168
1892169
1892170
1892171
1892172
1892173
1892174
1892175
1892176
1892177
1892178
1892179
1892180
1892181
1892182
1892183
1892184
1892185
1892186
1892187
1892188
1892189
1892190
1892191
1892192
1892193
1892194
1892195
1892196
1892197
1892198
1892199
1892200
1892201
1892202
1892203
1892204
1892205
1892206
1892207
1892208
1892209
1892210
1892211
1892212
1892213
1892214
1892215
1892216
1892217
1892218
1892219
1892220
1892221
1892222
1892223
1892224
1892225
1892226
1892227
1892228
1892229
1892230
1892231
1892232
1892233
1892234
1892235
1892236
1892237
1892238
1892239
1892240
1892241
1892242
1892243
1892244
1892245
1892246
1892247
1892248
1892249
1892250
1892251
1892252
1892253
1892254
1892255
1892256
1892257
1892258
1892259
1892260
1892261
1892262
1892263
1892264
1892265
1892266
1892267
1892268
1892269
1892270
1892271
1892272
1892273
1892274
1892275
1892276
1892277
1892278
1892279
1892280
1892281
1892282
1892283
1892284
1892285
1892286
1892287
1892288
1892289
1892290
1892291
1892292
1892293
1892294
1892295
1892296
1892297
1892298
1892299
1892300
1892301
1892302
1892303
1892304
1892305
1892306
1892307
1892308
1892309
1892310
1892311
1892312
1892313
1892314
1892315
1892316
1892317
1892318
1892319
1892320
1892321
1892322
1892323
1892324
1892325
1892326
1892327
1892328
1892329
1892330
1892331
1892332
1892333
1892334
1892335
1892336
1892337
1892338
1892339
1892340
1892341
1892342
1892343
1892344
1892345
1892346
1892347
1892348
1892349
1892350
1892351
1892352
1892353
1892354
1892355
1892356
1892357
1892358
1892359
1892360
1892361
1892362
1892363
1892364
1892365
1892366
1892367
1892368
1892369
1892370
1892371
1892372
1892373
1892374
1892375
1892376
1892377
1892378
1892379
1892380
1892381
1892382
1892383
1892384
1892385
1892386
1892387
1892388
1892389
1892390
1892391
1892392
1892393
1892394
1892395
1892396
1892397
1892398
1892399
1892400
1892401
1892402
1892403
1892404
1892405
1892406
1892407
1892408
1892409
1892410
1892411
1892412
1892413
1892414
1892415
1892416
1892417
1892418
1892419
1892420
1892421
1892422
1892423
1892424
1892425
1892426
1892427
1892428
1892429
1892430
1892431
1892432
1892433
1892434
1892435
1892436
1892437
1892438
1892439
1892440
1892441
1892442
1892443
1892444
1892445
1892446
1892447
1892448
1892449
1892450
1892451
1892452
1892453
1892454
1892455
1892456
1892457
1892458
1892459
1892460
1892461
1892462
1892463
1892464
1892465
1892466
1892467
1892468
1892469
1892470
1892471
1892472
1892473
1892474
1892475
1892476
1892477
1892478
1892479
1892480
1892481
1892482
1892483
1892484
1892485
1892486
1892487
1892488
1892489
1892490
1892491
1892492
1892493
1892494
1892495
1892496
1892497
1892498
1892499
1892500
1892501
1892502
1892503
1892504
1892505
1892506
1892507
1892508
1892509
1892510
1892511
1892512
1892513
1892514
1892515
1892516
1892517
1892518
1892519
1892520
1892521
1892522
1892523
1892524
1892525
1892526
1892527
1892528
1892529
1892530
1892531
1892532
1892533
1892534
1892535
1892536
1892537
1892538
1892539
1892540
1892541
1892542
1892543
1892544
1892545
1892546
1892547
1892548
1892549
1892550
1892551
1892552
1892553
1892554
1892555
1892556
1892557
1892558
1892559
1892560
1892561
1892562
1892563
1892564
1892565
1892566
1892567
1892568
1892569
1892570
1892571
1892572
1892573
1892574
1892575
1892576
1892577
1892578
1892579
1892580
1892581
1892582
1892583
1892584
1892585
1892586
1892587
1892588
1892589
1892590
1892591
1892592
1892593
1892594
1892595
1892596
1892597
1892598
1892599
1892600
1892601
1892602
1892603
1892604
1892605
1892606
1892607
1892608
1892609
1892610
1892611
1892612
1892613
1892614
1892615
1892616
1892617
1892618
1892619
1892620
1892621
1892622
1892623
1892624
1892625
1892626
1892627
1892628
1892629
1892630
1892631
1892632
1892633
1892634
1892635
1892636
1892637
1892638
1892639
1892640
1892641
1892642
1892643
1892644
1892645
1892646
1892647
1892648
1892649
1892650
1892651
1892652
1892653
1892654
1892655
1892656
1892657
1892658
1892659
1892660
1892661
1892662
1892663
1892664
1892665
1892666
1892667
1892668
1892669
1892670
1892671
1892672
1892673
1892674
1892675
1892676
1892677
1892678
1892679
1892680
1892681
1892682
1892683
1892684
1892685
1892686
1892687
1892688
1892689
1892690
1892691
1892692
1892693
1892694
1892695
1892696
1892697
1892698
1892699
1892700
1892701
1892702
1892703
1892704
1892705
1892706
1892707
1892708
1892709
1892710
1892711
1892712
1892713
1892714
1892715
1892716
1892717
1892718
1892719
1892720
1892721
1892722
1892723
1892724
1892725
1892726
1892727
1892728
1892729
1892730
1892731
1892732
1892733
1892734
1892735
1892736
1892737
1892738
1892739
1892740
1892741
1892742
1892743
1892744
1892745
1892746
1892747
1892748
1892749
1892750
1892751
1892752
1892753
1892754
1892755
1892756
1892757
1892758
1892759
1892760
1892761
1892762
1892763
1892764
1892765
1892766
1892767
1892768
1892769
1892770
1892771
1892772
1892773
1892774
1892775
1892776
1892777
1892778
1892779
1892780
1892781
1892782
1892783
1892784
1892785
1892786
1892787
1892788
1892789
1892790
1892791
1892792
1892793
1892794
1892795
1892796
1892797
1892798
1892799
1892800
1892801
1892802
1892803
1892804
1892805
1892806
1892807
1892808
1892809
1892810
1892811
1892812
1892813
1892814
1892815
1892816
1892817
1892818
1892819
1892820
1892821
1892822
1892823
1892824
1892825
1892826
1892827
1892828
1892829
1892830
1892831
1892832
1892833
1892834
1892835
1892836
1892837
1892838
1892839
1892840
1892841
1892842
1892843
1892844
1892845
1892846
1892847
1892848
1892849
1892850
1892851
1892852
1892853
1892854
1892855
1892856
1892857
1892858
1892859
1892860
1892861
1892862
1892863
1892864
1892865
1892866
1892867
1892868
1892869
1892870
1892871
1892872
1892873
1892874
1892875
1892876
1892877
1892878
1892879
1892880
1892881
1892882
1892883
1892884
1892885
1892886
1892887
1892888
1892889
1892890
1892891
1892892
1892893
1892894
1892895
1892896
1892897
1892898
1892899
1892900
1892901
1892902
1892903
1892904
1892905
1892906
1892907
1892908
1892909
1892910
1892911
1892912
1892913
1892914
1892915
1892916
1892917
1892918
1892919
1892920
1892921
1892922
1892923
1892924
1892925
1892926
1892927
1892928
1892929
1892930
1892931
1892932
1892933
1892934
1892935
1892936
1892937
1892938
1892939
1892940
1892941
1892942
1892943
1892944
1892945
1892946
1892947
1892948
1892949
1892950
1892951
1892952
1892953
1892954
1892955
1892956
1892957
1892958
1892959
1892960
1892961
1892962
1892963
1892964
1892965
1892966
1892967
1892968
1892969
1892970
1892971
1892972
1892973
1892974
1892975
1892976
1892977
1892978
1892979
1892980
1892981
1892982
1892983
1892984
1892985
1892986
1892987
1892988
1892989
1892990
1892991
1892992
1892993
1892994
1892995
1892996
1892997
1892998
1892999
1893000
1893001
1893002
1893003
1893004
1893005
1893006
1893007
1893008
1893009
1893010
1893011
1893012
1893013
1893014
1893015
1893016
1893017
1893018
1893019
1893020
1893021
1893022
1893023
1893024
1893025
1893026
1893027
1893028
1893029
1893030
1893031
1893032
1893033
1893034
1893035
1893036
1893037
1893038
1893039
1893040
1893041
1893042
1893043
1893044
1893045
1893046
1893047
1893048
1893049
1893050
1893051
1893052
1893053
1893054
1893055
1893056
1893057
1893058
1893059
1893060
1893061
1893062
1893063
1893064
1893065
1893066
1893067
1893068
1893069
1893070
1893071
1893072
1893073
1893075
1893083
1893085
1893086
1893087
1893095
1893099
1893101
1893102
1893103
1893109
1893111
1893116
1893118
1893122
1893130
1893132
1893133
1893134
1893142
1893146
1893148
1893149
1893150
1893156
1893158
1893163
1893165
1893172
1893174
1893175
1893177
1893178
1893183
1893191
1893193
1893194
1893196
1893197
1893202
1893213
1893215
1893216
1893218
1893222
1893230
1893232
1893233
1893234
1893238
1893246
1893248
1893249
1893250
1893256
1893258
1893259
1893261
1893272
1893274
1893276
1893277
1893281
1893289
1893293
1893295
1893296
1893297
1893307
1893309
1893310
1893312
1893316
1893324
1893326
1893327
1893328
1893335
1893337
1893338
1893340
1893341
1893346
1893353
1893355
1893360
1893362
1893416
1893418
1893420
1893421
1893425
1893433
1893437
1893439
1893440
1893441
1893451
1893453
1893454
1893456
1893460
1893468
1893470
1893471
1893472
1893476
1893484
1893486
1893487
1893488
1893494
1893496
1893497
1893499
1893507
1893515
1893517
1893518
1893519
1893526
1893528
1893529
1893531
1893532
1893537
1893544
1893546
1893551
1893553
1893557
1893565
1893567
1893568
1893569
1893576
1893578
1893580
1893581
1893585
1893591
1893593
1893598
1893600
1893604
1893612
1893614
1893615
1893616
1893623
1893625
1893627
1893628
1893632
1893638
1893640
1893645
1893647
1893651
1893659
1893661
1893662
1893663
1893667
1893675
1893677
1893678
1893679
1893685
1893687
1893688
1893690
1902040
1902048
1902049
1902051
1902056
1902058
1902059
1902061
1902062
1902067
1902075
1902079
1902081
1902084
1902092
1902093
1902095
1902100
1902102
1902103
1902105
1902106
1902111
1902119
1902123
1902125
1902131
1902133
1902134
1902136
1902140
1902147
1902149
1902150
1902152
1902156
1902164
1902166
1902169
1902177
1902178
1902180
1902185
1902187
1902188
1902190
1902191
1902196
1902204
1902208
1902210
1902216
1902218
1902220
1902221
1902226
1902232
1902234
1902235
1902237
1902238
1902243
1902254
1902255
1902257
1902263
1902265
1902266
1902268
1902272
1902279
1902281
1902282
1902284
1902288
1902296
1902298
1902301
1902309
1902310
1902312
1902317
1902319
1902320
1902322
1902323
1902328
1902336
1902340
1902342
1902348
1902350
1902352
1902353
1902358
1902364
1902366
1902367
1902369
1902370
1902375
1902386
1902387
1902389
1902395
1902397
1902398
1902400
1902404
1902411
1902413
1902414
1902416
1902420
1902428
1902430
1902436
1902438
1902440
1902441
1902446
1902452
1902454
1902455
1902457
1902458
1902463
1902474
1902475
1902477
1902483
1902485
1902487
1902488
1902493
1902499
1902501
1902502
1902504
1902505
1902510
1902521
1902522
1902524
1902530
1902532
1902533
1902535
1902539
1902546
1902548
1902549
1902551
1902555
1902563
1902565
1908154
1908161
1908163
1908164
1908170
1908175
1908177
1908178
1908179
1908185
1908190
1908192
1908198
1908202
1908204
1908205
1908211
1908213
1908214
1908216
1908217
1908222
1908232
1908234
1908236
1908242
1908246
1908248
1908249
1908255
1908257
1908258
1908260
1908264
1908272
1908274
1908277
1908284
1908286
1908287
1908293
1908298
1908300
1908301
1908302
1908308
1908313
1908315
1908321
1908325
1908327
1908328
1908334
1908336
1908337
1908339
1908340
1908345
1908355
1908357
1908359
1908365
1908369
1908371
1908372
1908378
1908380
1908381
1908383
1908387
1908395
1908397
1908403
1908405
1908406
1908408
1908412
1908419
1908421
1908423
1908424
1908428
1908437
1908439
1908441
1908447
1908449
1908450
1908452
1908456
1908463
1908465
1908467
1908468
1908472
1908481
1908483
1908485
1908491
1908493
1908495
1908498
1908504
1908506
1908508
1908511
1908518
1908520
1908523
1908530
1908532
1908533
1908539
1908544
1908546
1908547
1908548
1908554
1908559
1908561
1908564
1908571
1908573
1908574
1908580
1908582
1908583
1908585
1908586
1908591
1908598
1908603
1908605
1908611
1908615
1908617
1908618
1908624
1908626
1908627
1908629
1908633
1908641
1908643
1908649
1908651
1908653
1908656
1908662
1908667
1908669
1908670
1908671
1908680
1908682
1908684
1908690
1908694
1908696
1908697
1908703
1908705
1908706
1908708
1908709
1908714
1908724
1908726
1908728
1908734
1908738
1908740
1908741
1908747
1908749
1908750
1908752
1908756
1908764
1908766
1908769
1908776
1908778
1908779
1908785
1908787
1908789
1908790
1908794
1908800
1908805
1908807
1908813
1908815
1908816
1908818
1908822
1908829
1908831
1908833
1908834
1908838
1908847
1908849
1908851
1908857
1908859
1908861
1908864
1908870
1908872
1908874
1908877
1908884
1908886
1908892
1908894
1908896
1908899
1908905
1908910
1908912
1908913
1908914
1908923
1908925
1908927
1908933
1908937
1908939
1908940
1908946
1908948
1908949
1908951
1908952
1908957
1908967
1908969
1908971
1908977
1908981
1908983
1908984
1908990
1908992
1908993
1908995
1908999
1909007
1909009
1909012
1909019
1909021
1909022
1909028
1909033
1909035
1909036
1909037
1909043
1909048
1909050
1909053
1909060
1909062
1909063
1909069
1909071
1909072
1909074
1909075
1909080
1909087
1909092
1909094
1909100
1909104
1909106
1909107
1909113
1909115
1909116
1909118
1909122
1909130
1909132
1909135
1909142
1909144
1909145
1909151
1909153
1909155
1909156
1909160
1909166
1909171
1909173
1909179
1909181
1909182
1909184
1909188
1909195
1909197
1909199
1909200
1909204
1909213
1909215
1909217
1909223
1909225
1909227
1909230
1909236
1909238
1909240
1909243
1909250
1909252
1909255
1909262
1909264
1909265
1909271
1909273
1909274
1909276
1909277
1909282
1909289
1909294
1909296
1909302
1909304
1909306
1909309
1909315
1909320
1909322
1909323
1909324
1909333
1909335
1909337
1909343
1909345
1909346
1909348
1909352
1909359
1909363
1909365
1909366
1909373
1909375
1909378
1909385
1909387
1909388
1909394
1909396
1909397
1909399
1909400
1909405
1909412
1909417
1909419
1909425
1909427
1909429
1909432
1909438
1909443
1909445
1909446
1909447
1909456
1909458
1909460
1909466
1909468
1909469
1909471
1909475
1909482
1909486
1909488
1909489
1909496
1909498
1909501
1909508
1909510
1909511
1909517
1909519
1909521
1909522
1909526
1909532
1909537
1909539
1909542
1909549
1909551
1909552
1909558
1909560
1909562
1909563
1909567
1909573
1909578
1909580
1909586
1909588
1909590
1909593
1909599
1909601
1909603
1909606
1909613
1909615
1972246
1974026
1974029
1974576
1974582
1976194
1976195
1976200
1976205
1976212
1976213
1976221
1976222
1976230
1976231
16719
16807
16814
16820
16896
16902
16909
16915
16919
16921
16995
17002
17008
17110
17111
46732
46756
47181
47208
47338
47365
47775
47802
48144
48146
48178
48180
48346
48390
48502
48503
48536
48537
48570
48572
48708
48932
48933
76461
76464
76470
76501
76504
76549
76767
76770
76776
76808
76811
-76852
77006
77012
77038
77042
-77082
-77084
77246
77283
77289
77318
77321
-77517
-77557
-77559
-155510
-155512
-155514
155552
155556
155713
155714
155718
-155762
-155764
-156633
-156682
-156683
-156685
-156744
-156745
-156747
-156856
-156857
-156859
-156894
-156946
-156947
-156949
-157502
-157504
-157506
157579
157583
-157719
-157720
-157722
157794
157798
158121
158122
158126
-158205
-158207
158338
158342
-158420
-158422
-158985
-158986
-158987
-159047
-159111
-159112
-159113
-159236
-159237
-159238
-159293
-159294
-159295
-159330
-160232
-160233
-160235
160274
160278
160483
160487
-160532
-160534
-161336
-161367
-161454
-161485
161749
161787
161861
-161975
-162034
-162118
-162185
-162264
-162328
162543
162585
162627
-162869
-162987
178804
178805
178810
178858
178862
178894
178899
-178919
-178920
-178921
178999
179003
179004
179052
179110
179142
179147
-179161
-179162
-179163
179204
179209
-179217
-179219
-179220
-247074
247122
247355
-247400
247963
247966
-247992
248011
248014
-248040
248089
248134
-248154
248276
248298
248301
-248328
-248792
248890
-249046
249087
249664
-249703
249884
-249976
250332
-250356
250410
250488
250491
-250524
250634
250637
-250670
250685
250688
-250721
-251290
251335
251574
-251618
-252608
-252609
-252644
-252645
252676
252680
-252689
-252690
252746
252750
-252759
-252760
-252788
-252789
253079
253083
-253092
-253093
-253149
-253150
-253188
-253189
-253224
-253225
313892
313919
313922
313929
313930
313934
313978
314038
314205
314232
314235
314244
314247
314248
314295
314297
314326
314329
314539
314540
314544
314588
314591
314620
314624
314631
314632
314636
314680
314732
314733
314734
314903
314927
314930
314931
314978
314980
315009
315012
315022
315051
315055
315064
315066
315067
315111
315441
315442
315443
-568593
568807
569756
-569988
-573674
-573827
-574017
-574470
-576582
577011
-577718
578160
579439
-579921
580613
-581055
-583146
-583622
-583845
-584016
-587864
588079
589213
-589446
592212
592213
592214
592399
592400
592401
592938
592999
593152
593493
593494
593495
593680
593681
593682
593878
593879
593880
594662
594726
594793
595136
595137
595138
603092
603093
603132
603137
603162
603167
603177
603178
603222
603224
603227
603233
603253
603258
603261
603281
603309
603313
603387
603412
603417
603427
603428
603433
603453
603456
603458
603487
603494
603503
603545
603546
603615
603643
603647
603668
603672
603682
603707
603713
603723
603810
603811
-624299
-624301
624303
-624310
624315
624350
-624356
624360
-624396
-624398
-624478
-624479
-624481
-624483
-624484
-624491
-624505
-624506
-624508
-624510
-624511
-624518
-624532
-624533
-624535
-624537
-624538
-624545
-624559
-624560
-624562
-624564
-624566
-624574
-624716
-624718
624720
624727
-624731
-624817
-624819
624821
624828
-624832
624910
-624916
624920
-624956
-624958
625010
-625018
625021
-625053
-625055
-625085
-625086
-625087
-625090
-625091
-625094
-625112
-625113
-625114
-625117
-625119
-625122
-625142
-625143
-625144
-625147
-625149
-625152
-625172
-625173
-625174
-625177
-625179
-625182
-625370
-625372
625374
625381
-625385
625447
625454
-625459
-625494
-625496
625761
625762
626016
626017
626522
626528
626538
626713
626718
626735
627087
627088
627341
627342
627635
627636
628247
628252
628269
628828
628829
-649062
-649063
-649229
-649230
-649487
-649488
-649671
-649672
-649904
-649905
-650089
-650090
-650357
-650358
-650529
-650530
651310
651329
651339
651341
651368
651371
651389
651395
651403
651508
651509
651547
651558
651565
651573
651586
651611
651613
651814
651820
-651898
-651899
-651900
652229
652256
652259
652269
652288
652298
652311
652315
652324
652425
652426
652468
652480
652483
652491
652505
652527
652531
653022
653029
653037
653055
653056
653094
653095
653120
653122
653218
653238
653242
653249
653274
653276
653288
653289
653327
-653491
-653493
653736
653742
-653845
-653846
-653847
653941
653944
653952
653965
653966
654008
654011
654033
654037
654132
654157
654159
654168
654188
654192
654200
654201
654243
-654928
-654930
748336
748337
748339
-748340
-748343
-748350
748360
748448
748450
748452
748453
-748457
748462
748748
748750
748752
748753
-748758
748765
748849
748850
748852
-748853
-748856
-748862
748870
749484
749485
-749502
-749503
-749505
-749506
-749574
-749575
-749576
749579
-749585
749590
749591
749596
-749599
-749666
-749667
-749668
749671
-749677
749682
749683
749688
-749691
-749754
-749755
-749756
749759
-749768
749772
-749778
749779
749780
749867
749868
-749880
-749882
-749883
-749954
-749955
-749956
749959
-749965
749970
749971
749976
-749979
750449
750450
750452
-750453
-750456
-750463
750473
750591
750593
750595
750596
-750600
750605
750844
750846
750848
-750849
-750852
-750860
750872
751011
751013
751015
751016
-751020
751025
751377
751379
751381
751382
-751387
751394
751508
751509
751511
-751512
-751515
-751521
751529
751736
751739
751741
-751747
751754
751832
751833
751835
-751836
-751839
-751845
751853
-752279
-752280
-752281
752284
752293
-752297
-752302
752304
752305
752335
752336
-752348
-752350
-752351
-752422
-752423
-752424
752427
752434
752435
-752438
752444
-752446
-752514
-752515
-752516
752519
752527
752528
-752531
752538
752539
-752541
-752609
-752610
-752611
752614
752622
752623
-752626
752633
752634
-752636
752730
752731
-752741
-752743
753497
753499
753501
-753502
-753505
-753513
753525
753610
753612
753614
753615
-753619
753624
753945
753948
753950
-753956
753963
753990
753991
753993
-753994
-753997
-754003
754011
-755231
-755542
756592
756597
-756670
-756671
756836
756841
-756914
-756915
757260
757265
-757341
-757342
-757954
-758275
-758635
760012
760017
-760113
-760114
760268
760272
-760369
-760370
760524
760528
-760625
-760626
-761214
-774995
775027
775031
775040
775062
775066
775226
775231
775238
775251
775272
775276
775293
775299
775308
775330
775341
775343
-775404
-775405
775469
775491
775495
-775506
775538
775542
775702
775707
775714
775841
775862
775866
775883
775889
775898
775920
775931
775933
-775964
-775965
776060
776082
776086
776095
776117
776121
776134
776138
776155
837281
837282
-837293
-837294
-837295
837365
837370
837375
837376
-837379
-837382
-837384
-837394
837397
837401
-837408
837431
837432
-837435
-837442
837610
837615
837620
837621
-837624
-837626
-837628
-837636
837639
837643
-837650
837670
837671
-837674
-837681
837750
837751
-837762
-837763
-837764
838345
-838367
-838368
838390
-838395
-838397
838401
838403
838404
838424
838425
838427
838429
-838436
-838437
838459
-838481
-838482
838501
-838506
-838508
838512
838514
838515
838535
838536
838538
838540
-838547
-838548
838616
-838639
-838640
838659
-838664
-838665
838669
838671
838675
838676
838678
838680
-838687
-838688
838854
-838879
-838880
838902
-838907
-838909
838913
838915
838916
838939
838940
838942
838944
-838951
-838952
839384
839385
-839396
-839397
-839398
839468
839475
839477
839481
-839488
839497
839498
-839501
-839504
-839506
-839516
839534
839536
-839537
-839542
839835
839836
-839847
-839848
-839849
839916
839923
839925
839929
-839936
839945
839946
-839949
-839952
-839954
-839964
839982
839984
-839985
-839990
840279
840284
840289
840290
-840293
-840295
-840297
-840305
840308
840312
-840319
840339
840340
-840343
-840350
840419
840420
-840431
-840432
-840433
840720
840728
840733
840735
-840739
-840744
-840746
-840751
840753
840757
-840764
840772
840773
-840776
-840783
840864
840865
-840876
-840877
-840878
841107
841126
-841131
-841132
841136
841138
-841145
-841146
841165
841167
841169
841170
-841173
-841174
841263
841284
-841289
-841291
841295
841297
841298
-841306
-841307
841347
841349
841351
841352
-841355
-841356
841427
841448
-841453
-841455
841459
841461
841462
-841470
-841471
841511
841513
841515
841516
-841519
-841520
841547
841568
-841573
-841575
841579
841581
841582
-841590
-841591
841631
841633
841635
841636
-841639
-841640
842590
842591
-842602
-842603
-842604
842671
842678
842680
842684
-842691
842700
842701
-842704
-842707
-842709
-842719
842737
842739
-842740
-842745
842980
842990
842993
842997
-843004
843012
843014
-843018
-843023
-843025
-843030
843032
843034
-843035
-843040
843124
843125
-843136
-843137
-843138
-844214
-844314
844375
844397
844401
844410
844432
844436
844448
844451
844467
844607
844629
844633
844642
844663
844673
844680
844683
844699
-844744
845402
845424
845428
845437
845458
845468
845475
845478
845494
-845649
-845755
-845855
-907093
-907094
-907095
-907223
-907224
-907225
-908086
-908087
-908088
-908191
-908192
-908193
-908679
-908680
-908681
-908786
-908787
-908788
-909414
-909415
-909416
-909552
-909553
-909554
910828
910845
910854
910863
910870
910882
910897
910908
910914
-910924
910952
910961
910963
910984
910987
911145
911151
911160
911375
911376
911379
911380
911381
-911395
911670
911687
911696
911705
911712
911724
911739
911750
911756
911764
911784
911794
-911798
911829
911832
911991
911997
912008
912016
912034
912037
912053
912059
912068
912089
912099
912101
-912681
912709
912718
912720
912741
912744
912902
912908
912917
912925
912945
912948
912964
912969
912984
912999
913009
913017
-913027
913056
913059
913066
913087
913090
913249
913254
913260
-913427
-913428
913891
913892
913895
913896
913897
-913911
913949
913969
913979
-913983
914014
914017
914176
914182
914193
914201
914219
914222
914238
914244
914253
914274
914284
914286
914299
914319
914322
914338
914343
914358
914373
914383
914391
914399
914420
914423
-914433
914462
914465
914624
914628
914634
-915447
-915448
-1231398
-1231400
-1231402
-1231404
1231406
-1231414
-1231440
-1231459
1231891
1231900
1231905
1231909
1231910
1231912
1231913
-1231916
-1231926
-1231940
-1231958
-1231961
-1231964
1233830
1233839
1233844
1233848
1233849
1233851
1233852
-1233855
-1233865
-1233884
-1233903
-1233906
-1233909
-1234373
-1234375
-1234377
-1234379
1234381
-1234389
-1234415
-1234429
1238393
1238396
1238400
-1238509
1238547
1238549
1238550
1238551
-1238564
-1238565
1238580
1238583
1238584
1238594
1238596
1238597
-1238603
-1238606
1238636
1238639
1238643
-1238740
1238778
1238780
1238781
1238782
-1238795
-1238796
1238811
1238814
1238815
1238825
1238827
1238828
-1238834
-1238837
1238860
1238869
1238873
-1238956
1239020
1239023
1239024
1239025
-1239043
-1239044
1239054
1239057
1239059
1239060
1239062
-1239068
-1239069
1239694
1239697
1239701
-1239822
1239863
1239865
1239866
1239867
-1239880
-1239881
1239896
1239899
1239900
1239910
1239912
1239913
-1239919
-1239922
-1242707
-1242709
-1242711
-1242713
1242715
-1242723
-1242749
-1242768
1243698
1243707
1243712
1243716
1243717
1243719
1243720
-1243723
-1243733
-1243747
-1243765
-1243768
-1243771
-1245157
-1245159
-1245161
-1245163
1245165
-1245173
-1245200
-1245217
1245972
1245981
1245986
1245990
1245991
1245993
1245994
-1245997
-1246007
-1246021
-1246039
-1246042
-1246045
1248328
1248337
1248342
1248346
1248347
1248349
1248350
-1248353
-1248363
-1248382
-1248401
-1248404
-1248407
-1249184
-1249186
-1249188
-1249190
1249192
-1249200
-1249226
-1249240
1250575
1250581
1250589
1250594
1250595
1250597
-1250600
-1250609
-1250626
-1250628
-1250631
-1250634
-1251586
-1251588
-1251590
-1251592
1251594
-1251602
-1251628
-1251642
1253965
1253974
1253978
-1254058
1254123
1254133
1254136
1254138
1254139
1254140
-1254158
-1254159
1254161
1254163
1254165
-1254168
-1254169
1254739
1254742
1254746
-1254855
1254897
1254909
1254912
1254913
1254914
1254915
1254916
-1254929
-1254930
1254944
1254945
1254947
-1254949
-1254952
1254988
1254991
1254995
-1255122
1255164
1255176
1255179
1255180
1255181
1255182
1255183
-1255198
-1255200
1255217
1255218
1255220
-1255222
-1255225
1255261
1255264
1255268
-1255395
1255437
1255449
1255452
1255453
1255454
1255455
1255456
-1255471
-1255473
1255490
1255491
1255493
-1255495
-1255498
-1260542
-1260544
-1260546
-1260548
1260550
-1260558
-1260585
-1260602
1261041
1261050
1261055
1261059
1261060
1261062
1261063
-1261066
-1261076
-1261090
-1261108
-1261111
-1261114
1263397
1263403
1263411
1263416
1263417
1263419
-1263422
-1263431
-1263448
-1263450
-1263453
-1263456
-1263943
-1263945
-1263947
-1263949
1263951
-1263959
-1263985
-1263999
-1268411
-1268865
1270381
1270382
1270384
1270385
1270386
1270614
1270615
1270617
1270618
1270619
1271239
1271240
1271242
1271243
1271244
-1272068
-1272519
-1273164
1275374
1275375
1275377
1275378
1275379
1275616
1275617
1275624
1275625
1275626
1275858
1275859
1275866
1275867
1275868
-1276679
-1278080
1278081
-1278086
1278097
-1278149
1278158
1278163
1278186
1278190
1278213
1278218
1278229
1278251
1278263
1278277
-1278282
1278293
1278307
1278330
1278335
1278354
1278360
1278370
1278396
1278401
1278418
1278430
1278431
1278465
1278487
1278499
1278511
1278518
1278534
1278543
1278544
1283739
1283740
1283810
1283811
1284317
1284318
1284389
1284390
1284460
1284461
1285029
1285030
-1285515
-1285516
-1285517
-1285518
-1285521
-1285523
1285530
-1285534
-1285535
-1285580
-1285581
-1285582
-1285583
-1285587
-1285590
1285597
-1285602
-1285603
-1285645
-1285646
-1285647
-1285648
-1285650
-1285651
1285660
-1285664
-1285665
-1285710
-1285711
-1285712
-1285713
-1285716
-1285717
1285727
-1285732
-1285733
-1285819
-1285820
-1285821
-1285822
-1285826
-1285829
1285836
-1285841
-1285842
-1285884
-1285885
-1285886
-1285887
-1285891
-1285894
1285901
-1285906
-1285907
-1285952
-1285953
-1285954
-1285955
-1285958
-1285959
1285969
-1285974
-1285975
-1286017
-1286018
-1286019
-1286020
-1286023
-1286024
1286034
-1286039
-1286040
1286272
-1286277
1286284
1286296
1286318
1286330
1286343
1286348
1286365
-1286434
1286445
1286450
1286466
1286477
1286499
1286511
1286719
1286741
1286753
1286755
-1286760
1286767
1286786
1286793
1286809
-1286877
1286889
1286894
1286915
1286918
-1286922
1286932
1287166
1287171
1287187
-1287215
1287219
1287241
1287253
1287292
-1287296
1287305
1287316
1287338
1287350
-1287372
1287594
1287599
1287620
-1287642
1287644
-1287648
1287658
1287711
1287733
1287745
1287747
-1287751
1287760
-1287787
-1292590
-1292591
-1292603
1292609
1292619
-1292629
1292635
-1292778
-1292779
-1292791
1292797
1292822
-1292832
1292838
1293071
1293075
-1293085
1294642
1294645
-1294654
1294819
1294822
-1294831
1295041
1295044
-1295053
1295852
1295881
1295897
1295913
1295929
1295945
1296086
-1296096
1296100
-1296236
-1296248
1296252
1296322
-1296332
1296336
-1296472
-1296484
1296490
1296498
-1296507
1296513
-1296758
-1296770
1296774
1296781
-1296791
1296797
-1296934
-1296945
1296951
-1296984
-1296996
1297002
1297010
-1297019
1297025
1297165
-1297175
1297181
-1297318
-1297329
1297335
-1305017
-1305018
-1305019
-1305020
-1305021
-1305025
-1305026
-1305033
1305038
-1305092
1305096
1305099
1305107
-1305116
1305121
-1305209
-1305210
-1305217
1305222
-1305243
-1305244
-1305245
-1305246
-1305247
-1305295
1305299
1305302
1305312
1305331
1305335
1305344
1305363
1305367
1305382
1305387
1305395
1305414
1305419
1305439
1305448
1305453
1305460
1305474
1305493
1305496
1305509
1305514
1305534
1305614
1305621
1305635
1305646
1305662
1305665
1305671
-1305680
1305685
1305780
1305785
1305792
1305810
1305815
1305835
1305838
1305857
1305860
1305870
1305889
1305893
1305902
1305921
1305925
1305937
1305941
1305958
1305962
1305983
1305987
1306002
1306009
1306023
1306039
1306053
1306056
1306063
1306064
1306081
1306086
1306106
1306186
1306193
1306207
1306218
1306234
1306237
1306251
1306258
1306272
1306284
1306305
1306309
1306323
1306337
1306340
1306439
1306440
1325004
1325005
1325580
1325581
1328208
1328209
1328740
1328741
1329272
1329273
1332287
1332288
-1345020
-1345021
-1345041
-1345042
1345052
1345054
1345058
-1345077
-1345078
1345091
-1345101
-1345102
1345112
1345114
-1345116
-1345117
1345127
1345129
1345133
-1345143
-1345144
1345154
1345156
1345160
1345172
-1345182
-1345183
1345193
1345195
1345199
-1345209
-1345210
1345220
1345222
1345541
-1345548
1345553
1345639
1345644
1345664
1345744
1345751
1345765
1345776
1345792
1345795
1345804
1345825
1345829
1345844
1345850
1345863
1345877
1345890
1345893
-1345910
-1345911
-1345912
-1345916
-1345923
1345928
-1345980
1345984
1345987
1345998
1346017
1346021
1346035
1346042
1346056
1346072
1346086
1346089
1346102
1346107
1346127
1346207
1346213
1346226
1346236
1346250
1346253
1346262
1346264
-1346268
1346274
1346282
1346284
-1346292
1346298
-1346360
-1346361
-1346364
-1346365
-1346371
1346575
1346580
1346600
1346680
1346687
1346701
1346712
1346728
1346731
1346737
-1346744
1346749
1346837
1346843
1346856
1346867
1346888
1346892
1346905
1346918
1346921
-1346928
-1346935
1346940
-1346958
-1346959
-1346960
-1347008
1347012
1347015
1347031
1347036
1347055
1347061
1347079
1347088
1347096
1347108
1347116
1347118
-1347125
1347130
1347594
1347613
1347617
1347631
1347638
1347652
1347668
1347682
1347685
-1347703
-1347704
-1347705
-1347709
-1347716
1347721
-1347773
1347777
1347780
1347794
1347799
1347819
1347899
1347905
1347918
1347928
1347942
1347945
1347950
-1347957
1347962
1348048
1348053
1348073
1348153
1348158
1348177
1348182
1348195
1348202
-1348215
-1348216
-1348217
-1348221
-1348228
1348233
-1348285
1348289
1348292
1348513
1348515
-1348519
1348525
1348533
1348535
-1348543
1348549
-1348611
-1348612
-1348615
-1348616
-1348622
1348828
1348833
1348852
1348858
1348876
1348885
1348893
1348905
1348913
-1348916
-1348923
1348928
-1348946
-1348947
-1348948
-1348996
1349000
1349003
1349011
-1349018
1349023
1349115
1349120
1349140
1349220
1349225
1349244
1349249
1349262
1349269
1349271
-1349278
1349283
-1349364
-1349371
1349376
-1349394
-1349395
-1349396
-1349444
1349448
1349451
1382032
1382035
1382044
1382047
1382065
1382068
1382086
1382089
1382098
1382101
1382110
1382113
1383997
1383999
-1384003
1384009
1384017
1384019
-1384027
1384033
-1384095
-1384098
-1384104
1384296
1384298
-1384302
1384308
1384316
1384318
-1384326
1384332
-1384394
-1384397
-1384403
1384814
1384816
-1384820
1384826
1384834
1384836
-1384844
1384850
-1384912
-1384915
-1384921
1387394
1387396
-1387400
1387406
1387414
1387416
-1387424
1387430
-1387492
-1387495
-1387501
1387699
1387701
-1387705
1387711
1387723
1387725
-1387729
1387735
-1387816
-1387819
-1387825
1388001
1388003
-1388007
1388013
1388025
1388027
-1388031
1388037
-1388118
-1388121
-1388127
-1389502
-1389503
-1389511
1389513
-1389567
1389569
1389574
1390015
-1390023
1390026
-1390375
-1390376
-1390384
1390386
-1390440
1390442
1390447
1390796
-1390804
1390807
1392197
1392218
1392230
1392242
1392254
1392266
1392276
-1392284
1392287
-1392526
-1392534
1392536
-1392603
1392606
1392612
1393024
-1393032
1393035
-1393366
-1393374
1393376
-1393427
1393430
1393436
1393784
-1393792
1393795
-1394040
-1394048
1394050
-1394117
1394120
1394126
1394538
-1394546
1394549
-1394800
-1394808
1394810
-1394858
1394861
1394867
-1395391
-1395399
1395401
-1395452
1395455
1395461
1395809
-1395817
1395820
1396064
-1396072
1396075
-1396418
-1396426
1396428
-1396476
1396479
1396485
1396831
1396836
1396859
1396863
1396886
1396891
1396902
1396925
1396930
1396949
1396955
1396965
1401172
1401192
1401203
1401208
1401228
1401239
1401252
1401258
1401268
1401290
1401295
1401318
1401329
1401333
1401347
1401358
1401381
1401386
1401481
1401485
1401499
1401514
1401519
1401542
1401546
1401569
1401574
1401585
1401606
1401611
1401621
1401642
1401647
1401661
1401666
1401689
1422012
1422033
1422037
1422047
1422068
1422072
1422088
1422093
1422101
1422116
1422137
1422141
1422158
1422164
1422173
1422195
1422206
1422208
1422315
1422336
1422340
1422357
1422363
1422372
1422394
1422405
1422407
1422429
1422435
1422444
1422467
1422473
1422482
1422510
1422515
1422517
1433036
1433054
1433064
1433073
1433080
1433092
1433107
1433118
1433124
1433134
1433152
1433162
1433171
1433178
1433190
1433205
1433216
1433222
1433239
1433244
1433252
1433274
1433279
1433287
1433311
1433315
1433317
1433330
1433348
1433358
1433362
1433383
1433387
1433401
1433407
1433418
1433434
1433438
1433451
1433465
1433472
1433484
1433504
1433510
1433516
1433526
1433545
1433549
1433565
1433570
1433578
1433598
1433606
1433608
1434025
1434029
1434042
1434056
1434063
1434075
1434095
1434101
1434107
1434117
1434135
1434145
1434149
1434170
1434174
1434188
1434194
1434205
1434215
1434234
1434238
1434254
1434259
1434267
1434287
1434295
1434297
1434310
1434331
1434335
1434351
1434355
1434368
1434383
1434391
1434398
1434408
1434429
1434433
1434449
1434453
1434466
1434481
1434489
1434496
1434506
1434525
1434529
1434538
1434557
1434561
1434575
1434579
1434585
1647011
1647015
-1647025
1647030
-1647041
1647046
1647053
-1647064
1647069
1647076
-1647087
1647092
-1647099
1647105
1647109
-1647122
1647128
1647132
1647145
-1647156
1647161
-1647168
1647174
1647178
-1647191
1647197
1647201
-1662387
1662393
1662397
-1662424
1662429
1662432
-1662673
1662678
1662681
1677024
-1677032
1677035
-1677041
1677047
1677051
-1677077
1677082
1677084
1677093
-1677101
1677106
-1677128
1677132
1677135
1677185
-1677193
1677196
-1677202
1677208
1677212
-1677238
1677243
1677246
-1677345
1677350
1677352
1677361
-1677369
1677374
1677393
-1677401
1677406
-1677443
1677447
1677450
-1677459
1677464
1677467
1677493
-1677501
1677506
-1713191
1713195
1713198
-1713206
1713210
1713213
-1713221
1713225
1713228
-1713541
1713545
1713548
-1713556
1713560
1713563
-1713571
1713575
1713578
-1718390
1718393
1718399
-1718409
1718414
1718417
-1718432
1718437
1718440
-1718455
1718460
1718467
-1718488
1718491
1718497
-1718507
1718511
1718516
-1718530
1718535
1718538
-1718553
1718558
1718565
-1718577
1718580
1718586
-1718597
1718600
1718606
-1740651
1740654
1740660
-1740671
1740674
1740680
-1740700
1740703
1740709
-1740720
1740723
1740729
-1740749
1740752
1740758
-1740769
1740772
1740778
-1760096
1760099
1760102
-1760116
1760119
1760125
-1760136
1760139
1760145
-1760156
1760159
1760162
-1760194
1760197
1760200
-1760214
1760217
1760223
-1760234
1760237
1760243
-1760253
1760257
1760262
-1760276
1760281
1760284
-1760299
1760304
1760309
-1760320
1760323
1760329
-1760340
1760343
1760346
-1760359
1760364
1760366
-1760379
1760384
1760391
-1760403
1760406
1760412
-1760422
1760427
1760429
-1760443
1760446
1760452
-1760462
1760466
1760471
-1760485
1760490
1760493
-1760508
1760513
1760518
-1760528
1760533
1760535
-1760548
1760553
1760560
-1760572
1760575
1760581
-1760591
1760595
1760600
-1839495
1839500
1839503
-1839514
1839518
1839525
1839529
-1839537
1839540
1839546
-1839554
1839557
-1839563
1839569
1839573
1839588
1839591
-1839598
-1839604
1839609
1839611
1839620
-1839628
1839633
1839642
1839645
-1839652
-1839658
1839662
1839667
1839680
-1839688
1839693
-1839700
1839705
1839708
-1839719
1839723
1839730
-1839735
1839740
1839742
1839753
1839756
-1839763
1839768
-1839776
1839781
1839788
-1839795
1839800
1839805
-1839812
1839817
1839824
1839827
-1839834
1839839
-1839847
1839852
-1839859
1839865
1839869
1839885
-1839890
1839895
1839904
1839907
-1839914
-1839920
1839924
1839929
1839942
-1839950
1839955
-1839962
1839968
1839972
1839985
-1839993
1839998
1840008
-1840013
1840018
-1840025
1840030
1840033
-1840044
1840049
1840052
-1840063
1840071
1840074
-1844545
1844550
1844553
-1844564
1844569
1844572
-1844583
1844591
1844594
-1844681
1844686
1844689
-1844701
1844704
1844712
-1844719
1844727
1844730
-1845588
1845593
1845596
-1845608
1845611
1845619
-1845626
1845634
1845637
-1847755
1847758
1847764
-1847770
1847774
1847781
1847787
1847790
-1847797
-1847803
1847807
1847812
1847825
-1847833
1847838
1847845
-1847853
1847858
-1847865
1847871
1847875
1847887
-1847892
1847897
1847902
-1847909
1847914
-1847920
1847924
1847929
1847945
-1847950
1847955
1847964
1847967
-1847974
-1847980
1847984
1847989
1847999
-1848006
1848011
1848275
1848278
-1848285
-1848291
1848295
1848300
1848313
-1848321
1848326
-1848334
1848337
1848343
-1848349
1848353
1848360
-1848364
1848370
1848374
1848384
-1848392
1848397
1848406
-1848411
1848416
-1848421
1848427
1848431
1848441
-1848448
1848453
1848460
-1848465
1848470
-1848475
1848480
1848483
-1848494
1848498
1848505
1848706
-1848713
1848718
-1848724
1848728
1848733
1848749
-1848754
1848759
1848768
1848771
-1848778
-1848784
1848788
1848793
1848803
-1848810
1848815
-1848820
1848825
1848827
-1848836
1848840
1848847
1848853
1848856
-1848863
-1848870
1848873
1848877
1848888
-1848896
1848899
-1849106
1849112
1849116
1849126
-1849133
1849138
1849145
-1849150
1849155
-1849160
1849165
1849168
-1849179
1849183
1849190
1849196
1849199
-1849206
-1849213
1849216
1849220
1849231
-1849239
1849242
-1849248
1849253
1849255
-1849264
1849268
1849275
-1855862
1855865
1855867
-1855880
1855882
1855884
-1855891
1855893
1855896
-1855910
1855911
1855916
-1855958
1855962
1855964
-1855975
1855977
1855980
-1855991
1855994
1855996
-1855999
1856003
1856005
-1856019
1856020
1856025
-1856030
1856034
1856036
-1856047
1856049
1856052
-1856066
1856070
1856072
-1856077
1856081
1856083
-1856094
1856096
1856099
-1856110
1856113
1856115
-1856121
1856123
1856125
-1856132
1856134
1856137
-1856151
1856152
1856157
-1856162
1856165
1856167
-1856215
1856217
1856220
-1856230
1856234
1856236
-1856247
1856250
1856252
-1856255
1856259
1856261
-1856275
1856276
1856281
-1856286
1856290
1856292
-1856303
1856305
1856308
-1856322
1856326
1856328
-1856333
1856337
1856339
-1856350
1856352
1856355
-1856366
1856369
1856371
-1856378
1856380
1856382
-1856391
1856393
1856396
-1856407
1856408
1856414
-1856422
1856424
1856426
-1856435
1856437
1856440
-1856451
1856452
1856458
1856461
-1856467
1856469
1856474
-1856480
1856482
-1856489
1856490
1856492
-1857172
1857175
1857178
-1857186
1857188
1857191
-1857201
1857204
1857209
-1857216
1857219
1857222
-1857230
1857232
1857235
-1857245
1857248
1857253
1857256
-1857261
1857265
1857269
-1857274
1857278
-1857282
1857286
1857288
-1857295
1857298
1857301
-1857309
1857311
1857314
-1857324
1857327
1857332
-1857339
1857342
1857345
-1857353
1857355
1857361
-1857368
1857371
1857376
1857379
-1857384
1857388
1857392
-1857397
1857401
-1857405
1857409
1857411
-1857418
1857421
1857424
-1857432
1857434
1857437
-1857447
1857450
1857455
-1857462
1857465
1857468
-1857476
1857478
1857484
-1857491
1857494
1857499
1857502
-1857507
1857511
1857515
-1857520
1857524
-1857528
1857532
1857534
-1857538
1857541
1857547
-1857554
1857556
1857562
-1857567
1857569
1857573
-1857579
1857582
1857586
-1857598
1857603
1857606
-1857610
1857613
1857618
-1857623
1857626
1857630
-1857638
1857644
1857646
-1857648
1857650
1857656
-1857663
1857665
1857667
-1857673
1857676
1857680
-1857692
1857694
1857700
-1857741
1857744
1857749
-1857754
1857757
1857761
-1857769
1857775
1857777
-1857779
1857782
1857788
-1857795
1857797
1857803
-1857808
1857810
1857814
-1857820
1857823
1857827
-1857839
1857844
1857847
-1857851
1857854
1857859
-1857864
1857867
1857871
-1857879
1857885
1857887
-1857892
1857894
1857896
-1857902
1857905
1857913
-1857921
1857923
1857929
-1857932
1857936
1857939
-1857985
1857988
1857995
-1858000
1858005
1858008
-1858016
1858022
1858024
-1858025
1858030
1858032
-1858042
1858044
1858050
-1858054
1858058
1858060
-1858070
1858073
1858077
-1858089
1858094
1858097
-1858100
1858105
1858107
-1858114
1858117
1858121
-1858129
1858135
1858137
-1858139
1858141
1858147
-1858154
1858156
1858158
-1858164
1858167
1858171
-1858183
1858185
1858191
-1858232
1858235
1858240
-1858245
1858248
1858252
-1858260
1858266
1858268
-1858269
1858274
1858277
-1858289
1858291
1858297
-1858301
1858305
1858306
-1858314
1858317
1858325
-1858333
1858338
1858341
-1858344
1858349
1858352
-1858361
1858364
1858371
-1858376
1858382
1858384
-1858385
1858389
1858391
-1858401
1858403
1858405
-1858411
1858414
1858418
-1858430
1858432
1858438
-1858478
1858483
1858485
-1858492
1858495
1858499
-1858507
1858513
1858515
-1858520
1858522
1858524
-1858530
1858533
1858541
-1858549
1858551
1858557
-1858560
1858564
1858567
-1858613
1858616
1858623
-1858628
1858633
1858636
-1858644
1858650
1858652
-1858653
1858658
1858660
-1858670
1858672
1858678
-1858682
1858686
1858688
-1858698
1858701
1858705
-1858717
1858722
1858725
-1858728
1858733
1858735
-1858742
1858745
1858749
-1858757
1858763
1858765
-1858766
1858771
1858774
-1858786
1858788
1858794
-1858798
1858802
1858803
-1858811
1858814
1858822
-1858830
1858835
1858838
-1858841
1858846
1858849
-1858858
1858861
1858868
-1858873
1858879
1858881
-1858886
1858888
1858890
-1858896
1858899
1858903
-1858915
1858917
1858923
-1858926
1858930
1858932
-1858976
1858979
1858983
-1858991
1858996
1858998
-1859004
1859010
1859012
1859013
-1859021
1859026
1859033
-1859041
1859046
-1859053
1859059
1859063
1859076
-1859084
1859089
-1859096
1859102
1859106
-1859119
1859125
1859133
1859142
-1859148
1859152
-1859158
1859163
1859170
-1859177
1859181
1859188
1859192
-1859200
1859205
-1859212
1859218
1859222
-1859235
1859241
1859249
-1859258
1859264
1859268
-1859281
1859287
1859291
-1859304
1859314
1859318
-1859327
1859332
1859335
-1859346
1859351
1859358
-1859365
1859373
1859376
1859380
-1859386
1859390
-1859396
1859401
1859408
-1859415
1859419
1859426
-1859430
1859435
1859442
-1859449
1859454
1859457
-1859468
1859476
1859479
1863395
-1863401
1863405
-1863412
1863415
1863423
-1863430
1863434
1863441
-1863445
1863450
1863453
-1863464
1863469
1863476
-1863483
1863491
1863494
-1863498
1863503
1863505
-1863515
1863518
1863526
-1863533
1863541
1863544
1863548
-1863554
1863558
-1863564
1863569
1863576
-1863583
1863587
1863594
1863598
-1863604
1863608
-1863615
1863618
1863626
-1863633
1863637
1863644
-1863648
1863653
1863660
-1863667
1863672
1863675
-1863686
1863694
1863697
-1863701
1863706
1863713
-1863721
1863724
1863730
-1863736
1863744
1863747
-1863751
1863756
1863758
-1863768
1863771
1863779
-1863786
1863794
1863797
1863801
-1863807
1863811
-1863817
1863822
1863829
-1863836
1863840
1863847
1863851
-1863857
1863861
-1863867
1863872
1863879
-1863886
1863890
1863897
-1863901
1863906
1863913
-1863921
1863924
1863930
-1863936
1863944
1863947
1863951
-1863957
1863961
-1863967
1863972
1863979
-1863986
1863990
1863997
1864726
-1864733
1864738
-1864743
1864749
1864752
-1864763
1864769
1864775
1864783
-1864790
1864795
-1864800
1864806
1864809
-1864820
1864826
1864832
-1864840
1864846
1864850
-1864860
1864866
1864870
-1864880
1864888
1864891
1864897
-1864904
1864909
1864914
-1864922
1864927
-1864934
1864940
1864943
-1864954
1864960
1864963
-1864971
1864977
1864980
-1864991
1865000
1865003
1865011
-1865018
1865023
-1865028
1865034
1865038
-1865048
1865054
1865059
1865065
-1865071
1865073
1865078
-1865085
1865087
-1865096
1865097
1865099
-1865108
1865110
1865116
-1865123
1865127
1865129
-1865143
1865147
1865149
1865153
-1865159
1865161
-1865167
1865171
1865173
-1865184
1865185
1865189
-1865191
1865197
1865200
-1865208
1865214
1865217
-1865228
1865237
1865240
1865248
-1865255
1865260
1865265
-1865273
1865278
-1865285
1865291
1865294
1865305
-1865312
1865317
-1865322
1865328
1865332
-1865342
1865348
1865353
1865359
-1865367
1865372
-1865379
1865385
1865388
-1865396
1865402
1865409
1865416
-1865424
1865429
-1865436
1865442
1865445
-1865453
1865459
1865466
1865473
-1865480
1865485
1865490
-1865497
1865502
-1865507
1865513
1865516
1865524
-1865530
1865534
-1865541
1865545
1865547
-1865557
1865560
1865565
-1865569
1865573
1865578
-1865584
1865589
1865592
-1865604
1865609
1865612
1865615
-1865620
1865624
-1865628
1865633
1865636
-1865644
1865648
1865652
1865653
-1865659
1865661
1865666
-1865673
1865675
-1865684
1865685
1865687
-1865696
1865698
1865704
-1865711
1865715
1865717
-1865731
1865735
1865737
1865741
-1865747
1865749
-1865755
1865759
1865761
-1865772
1865773
1865777
-1865780
1865784
1865789
-1865795
1865800
1865803
-1865815
1865820
1865823
1865826
-1865832
1865836
-1865843
1865847
1865849
-1865859
1865862
1865867
1865870
-1865875
1865879
-1865883
1865888
1865891
-1865899
1865903
1865907
1888995
-1889001
1889003
1889008
-1889014
1889018
-1889025
1889027
1889030
-1889038
1889040
1889046
-1889052
1889057
1889060
-1889072
1889077
1889080
1889083
-1889088
1889092
-1889096
1889101
1889104
-1889112
1889116
1889120
1889121
-1889127
1889131
-1889137
1889142
1889145
-1889153
1889157
1889163
-1889165
1889170
1889176
-1889181
1889186
1889188
-1889197
1889204
1889206
1889209
-1889214
1889218
-1889222
1889227
1889229
-1889235
1889239
1889243
1889244
-1889250
1889254
-1889260
1889265
1889267
-1889273
1889277
1889283
-1889286
1889289
1889296
-1889301
1889306
1889309
-1889320
1889327
1889329
1889332
-1889337
1889341
-1889345
1889350
1889353
-1889361
1889365
1889369
1889370
-1889376
1889378
1889383
-1889389
1889393
-1889400
1889402
1889405
-1889413
1889415
1889421
-1889427
1889432
1889434
-1889444
1889449
1889452
1889455
-1889460
1889464
-1889468
1889473
1889475
-1889481
1889485
1889489
1889490
-1889496
1889498
1889503
-1889509
1889513
-1889520
1889522
1889525
-1889533
1889535
1889541
-1889547
1889552
1889555
-1889567
1889572
1889575
1889578
-1889583
1889587
-1889591
1889596
1889599
-1889607
1889611
1889615
-1889616
1889621
1889627
-1889632
1889637
1889639
-1889648
1889655
1889657
1889660
-1889666
1889670
-1889676
1889681
1889684
-1889692
1889696
1889702
1889704
-1889709
1889713
-1889717
1889722
1889724
-1889730
1889734
1889738
-1889739
1889744
1889750
-1889755
1889760
1889765
-1889771
1889778
1889780
1889783
-1889789
1889793
-1889799
1889804
1889808
-1889812
1889816
1889822
1889824
-1889829
1889833
-1889837
1889842
1889846
-1889850
1889854
1889858
1889859
-1889865
1889869
-1889875
1889880
1889882
-1889888
1889892
1889898
-1889901
1889904
1889911
-1889916
1889921
1889924
-1889935
1889942
1889944
1889947
-1889952
1889956
-1889960
1889965
1889968
-1889976
1889980
1889984
1889985
-1889991
1889993
1889998
-1890004
1890008
-1890015
1890017
1890020
-1890028
1890030
1890036
-1890042
1890047
1890049
-1890059
1890064
1890067
1890070
-1890075
1890079
-1890083
1890088
1890090
-1890096
1890100
1890104
1890105
-1890111
1890113
1890118
-1890124
1890128
-1890135
1890137
1890140
-1890148
1890150
1890156
-1890163
1890166
1890172
-1890179
1890184
1890187
1890190
-1890195
1890199
-1890204
1890207
1890212
-1890216
1890220
1890224
-1890225
1890230
1890236
-1890241
1890246
1890251
-1890257
1890264
1890266
1890269
-1890275
1890279
-1890285
1890290
1890294
-1890298
1890302
1890308
1890310
-1890315
1890319
-1890323
1890328
1890332
-1890336
1890340
1890344
1890345
-1890351
1890353
1890358
-1890364
1890368
-1890375
1890377
1890380
-1890388
1890390
1890396
-1890403
1890406
1890412
-1890419
1890424
1890427
1890430
-1890435
1890439
-1890444
1890447
1890452
-1890456
1890460
1890464
1890465
-1890471
1890475
1890481
-1890487
1890491
-1890497
1890501
1890504
1890512
-1890518
1890522
-1890528
1890533
1890536
-1890547
1890551
1890558
1890562
-1890568
1890572
-1890578
1890583
1890586
-1890597
1890601
1890608
-1890612
1890617
1890620
-1890631
1890636
1890639
-1890650
1890658
1890661
1893074
-1893080
1893084
-1893091
1893094
1893100
-1893106
1893110
1893117
1893121
-1893127
1893131
-1893138
1893141
1893147
-1893153
1893157
1893164
-1893168
1893173
1893176
-1893187
1893192
1893195
-1893206
1893214
1893217
1893221
-1893227
1893231
1893237
-1893243
1893247
-1893253
1893257
1893260
-1893268
1893273
1893275
-1893285
1893288
1893294
-1893300
1893308
1893311
1893315
-1893321
1893325
-1893331
1893336
1893339
-1893350
1893354
1893361
-1893412
1893417
1893419
-1893429
1893432
1893438
-1893444
1893452
1893455
1893459
-1893465
1893469
1893475
-1893481
1893485
-1893491
1893495
1893498
1893506
-1893512
1893516
-1893522
1893527
1893530
-1893541
1893545
1893552
1893556
-1893562
1893566
-1893572
1893577
1893579
-1893588
1893592
1893599
1893603
-1893609
1893613
-1893619
1893624
1893626
-1893635
1893639
1893646
1893650
-1893656
1893660
1893666
-1893672
1893676
-1893682
1893686
1893689
1902039
-1902045
1902047
-1902052
1902057
1902060
-1902072
1902074
1902080
1902083
-1902089
1902091
-1902096
1902101
1902104
-1902116
1902118
1902124
-1902127
1902132
1902135
-1902143
1902148
1902151
-1902159
1902165
1902167
1902168
-1902174
1902176
-1902181
1902186
1902189
-1902201
1902203
1902209
-1902213
1902217
1902219
-1902228
1902233
1902236
-1902248
1902253
1902256
-1902259
1902264
1902267
-1902275
1902280
1902283
-1902291
1902297
1902299
1902300
-1902306
1902308
-1902313
1902318
1902321
-1902333
1902335
1902341
-1902345
1902349
1902351
-1902360
1902365
1902368
-1902380
1902385
1902388
-1902391
1902396
1902399
-1902407
1902412
1902415
-1902423
1902429
1902431
-1902433
1902437
1902439
-1902448
1902453
1902456
-1902468
1902473
1902476
-1902480
1902484
1902486
-1902495
1902500
1902503
-1902515
1902520
1902523
-1902526
1902531
1902534
-1902542
1902547
1902550
-1902558
1902564
1902566
1908153
-1908158
1908162
-1908166
1908171
1908176
-1908182
1908186
1908191
-1908194
1908199
1908203
-1908207
1908212
1908215
-1908226
1908233
1908235
-1908238
1908243
1908247
-1908251
1908256
1908259
-1908267
1908273
1908275
1908276
-1908281
1908285
-1908289
1908294
1908299
-1908305
1908309
1908314
-1908317
1908322
1908326
-1908330
1908335
1908338
-1908349
1908356
1908358
-1908361
1908366
1908370
-1908374
1908379
1908382
-1908390
1908396
1908398
-1908399
1908404
1908407
-1908415
1908420
1908422
-1908431
1908438
1908440
-1908443
1908448
1908451
-1908459
1908464
1908466
-1908475
1908482
1908484
-1908487
1908492
1908494
-1908500
1908505
1908507
-1908513
1908519
1908521
1908522
-1908527
1908531
-1908535
1908540
1908545
-1908551
1908555
1908560
1908563
-1908568
1908572
-1908576
1908581
1908584
-1908595
1908599
1908604
-1908607
1908612
1908616
-1908620
1908625
1908628
-1908636
1908642
1908644
-1908645
1908650
1908652
-1908658
1908663
1908668
-1908674
1908681
1908683
-1908686
1908691
1908695
-1908699
1908704
1908707
-1908718
1908725
1908727
-1908730
1908735
1908739
-1908743
1908748
1908751
-1908759
1908765
1908767
1908768
-1908773
1908777
-1908781
1908786
1908788
-1908797
1908801
1908806
-1908809
1908814
1908817
-1908825
1908830
1908832
-1908841
1908848
1908850
-1908853
1908858
1908860
-1908866
1908871
1908873
-1908879
1908885
1908887
-1908888
1908893
1908895
-1908901
1908906
1908911
-1908917
1908924
1908926
-1908929
1908934
1908938
-1908942
1908947
1908950
-1908961
1908968
1908970
-1908973
1908978
1908982
-1908986
1908991
1908994
-1909002
1909008
1909010
1909011
-1909016
1909020
-1909024
1909029
1909034
-1909040
1909044
1909049
1909052
-1909057
1909061
-1909065
1909070
1909073
-1909084
1909088
1909093
-1909096
1909101
1909105
-1909109
1909114
1909117
-1909125
1909131
1909133
1909134
-1909139
1909143
-1909147
1909152
1909154
-1909163
1909167
1909172
-1909175
1909180
1909183
-1909191
1909196
1909198
-1909207
1909214
1909216
-1909219
1909224
1909226
-1909232
1909237
1909239
-1909245
1909251
1909253
1909254
-1909259
1909263
-1909267
1909272
1909275
-1909286
1909290
1909295
-1909298
1909303
1909305
-1909311
1909316
1909321
-1909327
1909334
1909336
-1909339
1909344
1909347
-1909355
1909360
1909364
-1909368
1909374
1909376
1909377
-1909382
1909386
-1909390
1909395
1909398
-1909409
1909413
1909418
-1909421
1909426
1909428
-1909434
1909439
1909444
-1909450
1909457
1909459
-1909462
1909467
1909470
-1909478
1909483
1909487
-1909491
1909497
1909499
1909500
-1909505
1909509
-1909513
1909518
1909520
-1909529
1909533
1909538
1909541
-1909546
1909550
-1909554
1909559
1909561
-1909570
1909574
1909579
-1909582
1909587
1909589
-1909595
1909600
1909602
-1909608
1909614
1909616
-11891
-11892
-11893
-11894
-11985
-11996
-12001
-12005
-12093
-12098
-12103
-12108
-12111
-12202
-12203
-12204
-12205
-12210
-12215
-12220
-12225
-12229
-12305
-12311
-12316
-12319
-12322
-12420
-12430
-12433
-41589
-41650
-41881
-41942
-42452
-42735
-67915
-67977
-68031
-68214
-68269
-68270
-68271
-68272
-68274
-68280
-68317
-68319
-68353
-68380
-68397
-68651
-68701
-68763
-68778
-68779
-68780
-68781
-68782
-68819
-68831
-68832
-68833
-68834
-68864
-68881
-68902
-68906
-68978
-69026
-69038
-69044
-69085
-69086
-69087
-69088
-69089
-69311
-69329
-69461
-69488
-69499
-69512
-69528
-69529
-69530
-69531
-69560
-69575
-69576
-69577
-69578
-69818
-69839
-69856
-69875
-69888
-69922
-69934
-133937
-133967
-133982
-134129
-134171
-134176
-134190
-134208
-134212
134338
134344
134365
134369
-134384
-134433
-134448
-134467
-134472
134559
134564
134584
134589
-134724
-134739
-134797
-135339
-135361
-135374
-135380
-135402
-135415
135560
135564
135585
135590
135606
135617
135629
135637
135656
135668
135683
135692
-135712
-135746
-135769
-135784
135884
135889
135911
135916
-136161
-136241
-136251
136400
136411
136423
136428
136450
136462
136477
136483
-136580
-136590
-136880
-136894
-136912
-136916
-136927
-136969
137092
137098
137118
137129
-137138
-137187
-137234
137319
137325
137346
137358
-137539
-137588
-137603
-137622
-137633
137677
137682
137702
137707
-137802
-137842
-137853
-137868
-137887
-137899
-137903
137957
137962
137982
137987
-138194
-138209
-138302
138451
138463
138478
138487
138507
138520
138537
138546
-138649
-138993
-139027
-139050
-139060
139113
139118
139140
139145
139256
139268
139283
139289
139312
139325
139342
139348
-139371
-139394
-139404
-139416
-139439
-139449
-139460
139499
139503
139525
139531
-140052
-140062
-140319
-140368
-140410
140463
140469
140490
140502
-140585
-140600
-140619
-140631
-140636
-140676
-140686
140740
140745
140765
140776
-140935
-174869
-174871
-174872
-174890
-174898
-174900
-175247
-175250
-175257
-175274
-175277
-175279
231712
231718
231742
231746
231755
231758
231772
231779
231827
231833
231857
231861
231923
231926
231940
231947
232530
232533
232544
232551
232554
232560
232584
232588
232642
232645
232656
232663
232714
232720
232744
232748
233940
233946
233970
233972
234031
234034
234045
234046
234100
234106
234130
234132
234143
234146
234157
234158
234801
234804
234818
234819
234889
234895
234919
234921
234977
234980
234994
234995
235004
235010
235034
235036
-295694
-295995
-296266
-296986
-297006
-297103
-297123
-297166
-297658
-297765
-297779
-297861
-298156
-298177
-298199
-298252
-298476
-298933
-298951
-299032
-299053
-299146
-299172
-299263
-299289
-299332
-299839
-299922
-299936
-300005
-300026
-300048
-300081
-300105
-300186
-300207
-493652
-493746
-493760
-493816
-493832
-493904
-493914
494764
494769
494788
-494843
-495092
-495133
-495151
-495171
495627
495634
495645
495785
495795
495801
-495927
-496187
-496206
-496221
496678
496689
496696
496818
496824
496834
-497208
-497225
-497299
-497318
-497419
-497514
-497528
498154
498159
498179
-499556
-499575
-499661
-499680
-499717
-499755
-499774
-499860
-499879
-499916
500337
500347
500360
500679
500689
500702
500781
500792
500801
500875
500885
500891
500991
501002
501012
-501467
-501486
-501577
-501584
-501633
501883
501893
501906
502151
502163
502173
502491
502501
502514
-503065
-503159
-503173
-503442
-503463
-503535
-503545
504078
504083
504102
504188
504194
504199
504313
504320
504336
-504663
-504686
-504762
-504782
505375
505380
505405
-505663
-505681
-505701
-505729
-505978
506251
506258
506269
506621
506623
506632
-506754
-507038
-507296
507347
507354
507366
507735
507738
507748
-508161
-508421
-508440
-508455
508683
508694
508701
509053
509059
509068
-509214
-509426
-509521
-509540
-509561
-509589
509862
509873
509881
510203
510210
510220
-510626
-510643
-510717
-510736
-511046
-511120
-511134
511473
511478
511498
511807
511818
511828
511945
511956
511962
-512382
-512457
-512471
512884
512889
512909
-514120
-514144
-514229
-514242
-514291
514484
514494
514507
514644
514656
514666
515088
515098
515111
515254
515261
515277
515385
515392
515397
-515528
-515554
-515638
-515662
-515702
-515736
-515762
-515846
-515870
-515910
516261
516273
516284
516542
516552
516573
516883
516893
516914
-517934
-517957
-518033
-518053
518839
518844
518869
-519391
-519670
-519883
519985
519992
520003
520152
520155
520165
-520706
-520725
-520746
-520770
-520982
-521082
521365
521368
521379
521503
521510
521520
-522170
-522245
-522259
522862
522867
522887
-601693
-601695
-601696
-601711
-601713
-601714
-601726
-601728
-601729
-601744
-601746
-601747
-601762
-601764
-601765
-601780
-601782
-601783
-601817
-601819
-601820
-601832
-601834
-601835
-601850
-601852
-601853
-601868
-601870
-601871
-601907
-601909
-601910
-601922
-601924
-601925
-645043
-645103
-645122
-645132
-645138
645309
645319
645322
645325
645332
645342
645345
645348
-645362
-645366
-645373
-645422
-645429
-645644
-645695
645747
645757
645759
645763
645770
645780
645782
645786
-645849
-645858
-645864
-645880
-645904
-645914
-645920
645928
645938
645941
645944
645951
645961
645964
645967
-646116
-646124
-646128
-646173
-646181
-646224
-646230
-646236
-646280
-646292
646383
646393
646395
646399
646406
646416
646418
646422
-646574
-646678
-646687
-646693
-646763
-646766
-646774
-646848
-646856
-726086
-726183
-726191
-726193
-726231
-726236
726455
726459
726465
-726654
-726672
-726680
-726685
-726745
-726751
-726755
726988
726992
726998
727013
727016
727020
727104
727107
727112
727145
727152
727161
-727214
-727312
-727319
-727323
727549
727553
727559
727590
727596
727608
727651
727654
727659
727675
727678
727679
-727849
-727857
-727861
-727899
-727905
-728006
728351
728355
728361
-728639
-728643
-728649
-728690
-728696
-728792
-728796
-728802
-728843
-728849
729052
729055
729059
729073
729076
729078
729087
729097
729104
729127
729131
729133
729143
729153
729169
-729245
-729249
-729255
-729298
-729303
729457
729461
729466
-729684
-729854
-729857
-729863
-729930
-729935
730031
730035
730041
730233
730237
730239
730248
730258
730265
730287
730292
730294
730304
730314
730321
-730420
-730423
-730431
-730500
-730507
730663
730667
730673
-730912
-730918
-730922
-730941
-730959
-730967
-730972
731064
731068
731074
731089
731092
731096
731320
731324
731329
731362
731369
731378
-731428
-731485
-731503
-731512
-731517
731531
731535
731542
731558
731561
731562
731720
731725
731731
731768
731775
731784
-731972
-732070
-732077
-732081
732229
732233
732239
732270
732276
732288
732408
732412
732417
732429
732436
732437
-732533
-732557
-732565
-732570
-732631
-732638
-732643
-732662
732709
732713
732720
732752
732758
732766
732944
732949
732955
732968
732975
732976
-733197
-733205
-733209
-733247
-733253
-733373
733665
733669
733675
733692
733696
733698
733708
733718
733734
733750
733754
733756
733767
733777
733784
-733924
734235
734239
734247
-734453
-734458
-734463
-734501
-734511
734653
734657
734662
734737
734742
734744
734754
734764
734771
734795
734800
734802
734813
734823
734830
-734852
-734858
-734864
-734904
-734914
-735011
-735017
-735023
-735063
-735073
735230
735234
735240
-735561
-735564
-735572
-735641
-735648
735858
735862
735868
-736121
-736174
-736196
-736205
-736210
736223
736228
736235
736248
736254
736255
736341
736346
736352
736389
736396
736405
-736707
-736714
-736719
-736735
-736759
-736767
-736772
-736787
736837
736842
736849
736881
736887
736895
736941
736946
736952
736965
736972
736973
-737323
737697
737701
737709
-893132
-893663
-893978
-893986
-893990
-894876
-894903
-894906
-894912
-895054
-895060
-895519
-895528
-895534
-895752
-895761
-895766
-895779
-895782
-895838
-896327
-896334
-896338
-896387
-896712
-896720
-896724
-897286
-897335
-897338
-897342
-897396
-897433
-897436
-897439
-897466
-897492
-897498
-897502
-897640
-897650
-898274
-898283
-898289
-898469
-898478
-898483
-898496
-898499
-898571
-898578
-898582
-898626
-898700
-898705
-898708
-898762
-898799
-898802
-898805
-1150313
-1150322
-1150328
-1150534
-1150543
-1150548
-1150561
-1150564
-1150627
-1150669
-1150672
-1150676
-1150718
-1150749
-1150752
-1150755
1151498
1151502
1151507
1152088
1152092
1152098
1152183
1152187
1152192
1152203
1152206
1152207
-1152375
-1152663
-1152671
-1152675
-1152725
-1152731
-1152734
1153601
1153605
1153610
1153740
1153746
1153748
1153840
1153844
1153849
-1154001
-1154427
-1154433
-1154436
1155282
1155286
1155291
1155378
1155382
1155387
1155524
1155527
1155532
-1155741
-1155787
-1155790
-1155794
-1155839
-1155870
-1155873
-1155876
-1156171
-1156176
-1156186
-1156392
-1156401
-1156406
-1156419
-1156422
1156987
1156994
1156997
1157075
1157079
1157085
1157097
1157100
1157101
1157797
1157801
1157806
-1158575
-1158599
-1158602
-1158608
-1158732
-1158738
-1158853
-1158877
-1158880
-1158886
-1159010
-1159016
1159152
1159156
1159161
1159278
1159282
1159287
1159430
1159433
1159434
1159516
1159520
1159525
1159642
1159646
1159651
1159790
1159793
1159794
1159880
1159883
1159887
1159928
1159934
1159935
-1160343
-1160367
-1160370
-1160376
-1160494
-1160500
1160631
1160635
1160640
1160757
1160761
1160766
1160909
1160912
1160913
1161036
1161040
1161045
1161168
1161172
1161177
1161316
1161319
1161320
-1161948
-1161957
-1161963
-1162169
-1162178
-1162183
-1162196
-1162199
-1162635
-1162702
-1162707
-1162710
-1162752
-1162783
-1162786
-1162789
1163227
1163231
1163236
1163784
1163788
1163793
1163804
1163807
1163808
1163867
1163871
1163877
1164041
1164044
1164048
1164090
1164093
1164098
-1164221
-1164291
-1164296
-1164299
-1164350
-1164387
-1164390
-1164393
1165206
1165210
1165215
1165684
1165688
1165693
1165704
1165707
1165708
1165767
1165771
1165777
-1166019
-1166025
-1166028
-1166094
-1166382
-1166390
-1166394
1166814
1166818
1166823
1166953
1166959
1166961
1167544
1167548
1167553
-1167688
-1168209
-1168503
-1168511
-1168515
1168573
1168577
1168583
1168714
1168717
1168721
1169169
1169173
1169179
-1169820
-1170246
-1170252
-1170255
1170741
1170745
1170750
1171197
1171201
1171206
1171343
1171346
1171351
-1171493
-1171806
-1171814
-1171818
-1171882
-1171889
-1171893
-1171965
1172402
1172406
1172412
1172977
1172981
1172987
1173134
1173137
1173142
-1173650
-1173696
-1173699
-1173703
-1173748
-1173779
-1173782
-1173785
-1174103
-1174108
-1174118
-1174286
-1174295
-1174300
-1174313
-1174316
1174876
1174883
1174886
1174964
1174968
1174974
1174986
1174989
1174990
1175512
1175516
1175521
1175620
1175626
1175627
1175669
1175672
1175677
-1176355
-1176364
-1176370
-1176538
-1176547
-1176552
-1176565
-1176568
1177083
1177087
1177092
1177177
1177181
1177187
1177199
1177202
1177203
1177783
1177790
1177793
-1178534
-1178557
-1178563
-1178567
-1178681
-1178691
1178809
1178813
1178818
1178928
1178932
1178937
1179067
1179070
1179071
1179210
1179214
1179219
1179332
1179336
1179341
1179478
1179481
1179482
1179580
1179583
1179588
1179633
1179636
1179641
-1179708
-1179734
-1179740
-1179744
-1179870
-1179880
-1180001
-1180027
-1180033
-1180037
-1180163
-1180173
1180633
1180637
1180642
1180755
1180762
1180765
1180897
1180900
1180901
1181002
1181006
1181011
1181124
1181131
1181134
1181270
1181273
1181274
-1181759
-1181829
-1181834
-1181837
-1181888
-1181925
-1181928
-1181931
1182869
1182873
1182878
1183490
1183494
1183499
1183510
1183513
1183514
1183573
1183577
1183583
-1183930
-1184431
-1184732
-1184740
-1184744
1184815
1184819
1184825
1184956
1184959
1184963
1185066
1185070
1185076
-1185997
-1186004
-1186008
-1186057
-1186370
-1186378
-1186382
-1186491
1186948
1186952
1186958
1187053
1187057
1187063
1187210
1187213
1187218
-1188388
-1188397
-1188403
-1188571
-1188580
-1188585
-1188598
-1188601
1189474
1189478
1189484
1189496
1189499
1189500
1189561
1189565
1189570
1190217
1190224
1190227
1289101
1289116
1289120
1289124
1289137
1289140
1289187
1289202
1289206
1289210
1289225
1289229
1289233
1289246
1289249
1289253
1289266
1289269
1289310
1289325
1289329
1289333
1289346
1289349
1381657
1381660
1381670
1381704
1381707
1381717
1381748
1381751
1381761
1381795
1381798
1381808
1381842
1381845
1381855
1381886
1381889
1381899
1381930
1381933
1381943
1381977
1381980
1381990
1697452
1697455
1697458
1697464
1697467
1697470
1697489
1697492
1697495
1697517
1697520
1697523
1697633
1697636
1697639
1697645
1697648
1697651
1697907
1697910
1697913
1697935
1697938
1697941
1698805
1698808
1698811
1698833
1698836
1698839
1699142
1699145
1699148
1699154
1699157
1699160
1699229
1699232
1699235
1699254
1699257
1699260
1699316
1699319
1699322
1699328
1699331
1699334
1731946
1731949
1731955
1732017
1732020
1732026
1732371
1732374
1732380
1732489
1732492
1732498
1732933
1732936
1732942
1733054
1733057
1733063
1733444
1733447
1733453
1733515
1733518
1733524
-15122
15246
15250
-15411
15654
15657
44444
44445
44448
-44521
-44523
-44568
-44570
44671
44672
44675
-44960
-44962
-45023
-45025
-45132
-45133
-45199
-45200
45467
45468
45471
-45578
-45579
-45627
-45628
45705
45706
45709
46651
46655
-46705
46785
46789
46883
46887
-47156
-47192
-47351
47456
47459
47603
47606
-47763
-47791
47824
47827
71020
-71050
-71052
-71060
-71061
-71063
71085
71146
71147
71148
71250
-71274
-71283
-71284
-71285
-71286
-71287
-71288
-71290
71463
71464
71465
-71489
-71490
-71491
71647
71648
71651
71928
72105
72107
72108
-72109
-72110
-72112
72206
72207
72208
72295
72296
72297
-72337
-72341
-72342
-72343
-72347
-72348
-72404
-72405
-72406
72476
72477
72481
72574
72576
72577
-72584
-72585
-72587
-73779
-73780
-73781
73846
73850
73954
73956
73957
73967
73968
73970
-74049
-74050
-74051
74279
74281
74282
74394
74398
74895
74896
74898
74901
74902
74904
75163
75164
75166
-133786
-134060
-134063
134070
134071
134073
134110
-134111
-134113
134225
-134249
134259
134318
-134356
134485
134522
-134548
-134575
134622
134625
134879
-134881
-134903
-134906
134913
134914
134916
-135085
-135280
135423
135424
135425
135479
135480
135522
135523
-135596
-135597
-135601
-135603
-135604
135795
135796
135832
135833
135834
-135923
-135924
-135928
-135930
-135931
135935
135937
135938
-136272
-136275
136283
136284
136286
136375
-136391
-136393
136461
-136662
136668
136670
136712
-136730
-136732
136977
-136995
137032
137053
-137115
137258
137261
137283
-137343
137367
137641
-137693
137723
-137752
137793
137796
-137973
138004
138072
138073
138076
138082
138381
-138383
-138405
-138408
138411
138412
138414
138518
138733
-138736
-138799
138801
138802
138804
-138936
139076
139078
-139152
-139153
-139157
-139159
-139160
139162
139163
139164
139217
139218
139220
139267
139324
-139538
-139539
-139543
-139545
-139546
139551
139552
139554
139594
139595
139597
139633
139634
139635
-140188
140191
140193
140230
-140248
-140250
140453
140456
-140487
140513
140549
-140761
140818
140819
140822
140830
140866
141071
-141089
-141102
141104
141105
141107
-144787
144832
144833
-144835
-144836
-144837
-145009
145121
145124
-145200
145366
145367
145370
-145443
145536
145538
145539
-145541
-145571
-145718
145945
145946
145947
145984
145985
145986
-146034
-146036
-146037
-146039
-146041
-146042
-146192
-146196
146299
146353
146354
146363
146364
146390
-146410
-146411
-146451
-146503
-146557
-146610
-146673
-146675
-146676
146723
146724
146747
146748
146772
146819
146821
146822
-146844
-146845
-146938
-146939
-146943
-146944
146960
146961
146962
-147075
-147080
-147152
147196
147197
-147204
-147205
-147206
-147284
147376
147493
147494
-147513
-147514
147543
147544
147570
-147612
-147613
-147614
-147615
-147616
-147617
-147618
147645
-147701
-147702
147774
147776
147777
147785
147787
147788
147816
147824
147825
-147831
147959
147962
-148093
-148183
-148231
148279
-148294
-148346
148689
148690
148694
-148765
-148825
-148869
-148936
148974
-148984
149089
149093
149241
149243
149244
-149246
-149281
-149328
-149449
-149458
-149459
-149460
-149461
-149462
-149463
-149465
149517
149518
149536
149538
149562
149614
149616
149617
-149653
-149654
149771
149772
149789
-149829
-149830
-149831
-149832
-149833
-149834
-149835
149845
149846
149848
149877
-149916
-149917
149975
149977
149978
-150129
-150130
-150134
-150135
150197
150198
150199
-150321
-150326
150391
150393
150394
150395
150396
-150412
-150420
-150421
-150422
150458
-150528
-150529
150581
150583
150584
150593
150594
150596
150624
150637
-150652
-150715
-150772
150811
-150826
150905
150906
150988
150989
150991
150998
150999
151000
-151012
-151020
-151021
-151022
-151067
-151068
151084
151085
151087
151116
151161
151163
151164
151176
151177
151178
151220
151221
151222
-151332
-151336
151661
151662
-151668
152199
152203
155076
155077
155085
155086
155088
155115
155116
-155273
155313
-155438
-155439
155610
155614
-155683
-155685
-155811
155907
155908
-155960
156090
156241
156242
156308
156309
156317
156318
156320
156465
-156519
-156981
157095
157096
157103
157105
157107
157133
157230
-157465
-157466
157641
157645
157724
-157764
158058
158062
-158175
-158177
158311
158316
158435
-158475
-158624
158666
158668
-158723
158854
159378
159379
159381
159382
159383
159385
159417
159418
159420
159500
159587
-159850
159910
159912
159913
159915
159917
159956
160015
160158
160162
160247
-160328
160455
160460
160547
-160620
160656
160657
160659
160723
160724
160726
160727
160728
160730
160808
160839
-176168
-176171
-176172
-176183
-176185
-176187
-176189
176200
176201
176202
176203
-176439
-176440
-176442
-176445
-176447
-176449
-176641
-176643
176645
176649
176811
176813
176814
176842
-177036
-177037
177048
177052
177099
177101
177102
177118
-177605
-177616
-177618
-177620
177632
177650
-177656
-177702
177818
177819
177822
-177824
-177835
-177836
-177837
177843
177844
177847
177850
177854
-177901
-177907
-177909
-177911
177930
178062
-178073
-178192
178353
178354
178358
-178364
-178375
-178376
-178377
178378
178379
178383
178385
178390
-178532
-178533
-178535
-230810
-230811
-230812
230822
230833
-230876
231147
231158
-231201
-231232
-231233
-231234
-231596
-231598
231611
-231635
-231637
231650
-231674
-231683
-231684
-231686
-231687
-231688
-231689
231691
231698
231703
231889
231890
231892
231898
231911
231915
231916
231917
231918
-232059
232076
-232096
-232098
232112
-232418
-232419
-232420
232431
232454
-232483
232505
232525
232684
232686
232700
232704
-232832
-232833
232881
232904
-232933
233753
233764
-233807
-233875
-233876
-233877
234005
234006
234008
234014
234192
234193
234195
234198
234202
234315
234325
-234346
-234389
-234390
-234688
234704
-234723
-234725
234739
234843
234845
-234848
-234851
-234859
-234860
-234862
234871
234875
234882
234886
235062
235063
235065
235080
235084
235091
235095
235096
235097
235098
-235166
235179
-235205
235218
-235559
-235560
235570
235593
-235622
236019
236040
-236048
-236092
-236093
238380
238382
238383
238409
-238473
-238474
238476
238480
238663
238664
238686
238687
238689
-238699
-238701
238703
238707
238840
238841
238861
238862
238864
238952
238954
238955
238969
-239305
-239306
-239307
-239309
-239310
-239311
-239319
-239320
-239321
-239323
-239324
-239325
239328
239329
239334
239335
239403
239405
239407
-239418
-239420
-239422
-239452
-239453
-239454
239589
-239597
-239599
-239623
-239624
-239719
-239720
239764
239765
239767
-239770
-239772
-239787
-239788
-239791
-239798
-239804
-239807
-239809
239841
239843
239844
-239854
-239857
-239995
-239996
-239997
-240140
-240141
-240142
-240143
-240144
-240145
-240154
-240155
-240156
-240158
-240159
-240160
240162
240163
240168
240169
240296
240298
240299
240314
-240431
-240432
-240433
240463
240465
240467
-240478
-240480
-240482
-240556
-240557
-240560
-240562
-240564
-240622
-240623
-240624
240746
240748
240750
-240763
-240765
-240767
240826
240828
240829
240848
-240954
-240955
240957
240961
241141
241143
241158
241159
241161
241221
-241238
-241240
-241259
-241260
241395
241397
-241412
-241414
-241441
-241442
241565
241567
241580
241581
241583
-241643
-241644
241655
241659
241745
241746
241766
241767
241769
-241935
-241936
241971
241972
241974
-241977
-241979
-242110
-242111
242150
242151
242153
-242157
-242159
-242178
-242179
242188
242191
242230
242231
242252
242253
242255
242391
242393
242394
242408
-242560
-242561
-242564
-242570
-242573
242618
242619
242621
-242626
-242629
-242760
-242761
-242762
-242788
-242789
-242791
-242800
-242802
242907
242909
242910
-242917
-242919
-242961
-242962
-242963
-243283
-243284
-243285
-243286
-243287
-243288
-243297
-243298
-243299
-243301
-243302
-243303
243305
243306
243311
243312
-243355
-243356
-243359
-243362
-243364
-243367
-243369
-243421
-243422
-243423
243558
243560
243561
-243568
-243570
-243572
243701
243703
-243718
-243720
-243758
-243759
-243897
-243898
243931
243932
243934
-243950
-243952
-243961
-243962
-243964
-243968
-243970
-244095
-244096
-244097
244125
244127
244128
-244135
-244137
-244327
-244328
-244329
-244330
-244331
-244332
-244339
-244340
-244341
-244342
-244343
-244344
244356
244357
244361
244362
244507
244509
244510
244529
244711
244713
244726
244727
244729
-244836
-244837
244846
244849
244888
244890
244905
244906
244908
-246659
-246660
-246662
-246693
246718
246719
246723
-246724
-246733
-246734
-246735
246740
246744
246759
246763
246833
246834
246835
246871
-246874
247064
247093
-247147
-247156
-247159
247172
247328
247389
247420
247421
247424
-247426
-247436
-247437
-247438
247443
247444
247447
247449
247453
247483
247484
247485
-247583
247638
247639
247643
-247644
-247653
-247654
-247655
247660
247664
247679
247683
-247701
247793
247794
247795
-247984
-247986
-248032
-248034
-248157
-248159
-248320
-248322
-248343
248438
248439
248440
248705
-248708
248782
248868
-248920
-248926
-248928
248947
248993
-248998
249038
249065
-249496
-249505
-249508
249521
249637
249698
249732
-249742
-249819
-249830
-249832
249843
249857
249971
250143
250144
250148
-250153
-250163
-250164
-250165
250166
250167
250171
250172
250177
250206
250207
250208
-250359
-250361
-250516
-250518
-250662
-250664
-250713
-250715
-250788
250818
250819
250821
-250828
-250837
-250838
-250839
250840
250843
250850
250855
250877
250878
250879
-250984
-251049
251137
251138
251139
-251204
-251210
-251212
251231
251242
-251251
251286
251313
251483
-251493
-251513
-251520
-251522
251539
251553
251613
251691
251692
251694
-251701
-251710
-251711
-251712
251713
251716
251723
251728
-251749
251786
251787
251788
302422
302426
302454
302455
302456
302461
302462
302463
302465
302471
302472
302473
302474
-302478
-302497
302516
302519
302523
302527
302529
302535
-302560
-302605
-302606
-302607
302613
302614
302616
302639
302641
302643
302648
302649
-302687
-302689
-302728
-302729
-302730
-302775
-302776
302821
-302828
-302833
302834
-302965
-302966
-302971
-302973
-302976
-302977
-302985
-302987
302988
-303072
-303106
-303107
-303116
-303117
-303119
-303120
303197
-303249
-303250
303257
303260
303265
-303296
-303297
-303298
-303299
-303300
-303302
-303303
303310
303313
-303318
-303340
-303357
303406
303408
-303457
303460
303461
303463
-303867
303902
303903
303904
-303918
-303919
-303920
303958
-303967
303985
304017
304021
304022
-304062
304099
304100
-304252
-304254
-304283
304295
304299
304324
304329
304380
304386
-304402
304415
-304432
304434
304435
-304462
304533
-304538
-304573
-304574
-304575
-304631
-304632
304669
-304676
-304681
304682
304857
304859
304861
304895
304897
304899
-305005
-305120
-305121
-305126
-305128
-305129
-305131
-305134
-305135
-305143
-305145
-305280
305329
305330
305331
-305384
-305385
-305386
-305391
-305392
-305441
-305442
305465
305472
-305495
-305496
-305497
305517
305524
-305546
-305547
-305548
305591
305592
305594
305596
305597
305599
305605
305609
305622
305625
305643
305647
-305661
-305662
-305663
-305664
-305665
-305666
-305667
305668
305670
305673
305676
305684
305686
305690
305697
305701
-305711
-305712
-305713
305714
305716
-305968
-305987
-305988
-305989
306027
306057
306058
306059
-306073
306086
306119
306128
306130
-306139
306176
306177
-306213
-306214
-306238
306256
306260
306285
306290
306298
-306323
306332
-306342
306346
306347
-306370
-306373
306422
-306427
306540
306542
306544
306611
306613
306615
-306675
308657
308658
308661
-308673
308683
-308705
-308707
308730
308738
308742
308744
-308782
-308900
-308954
-308955
308964
308976
308978
308980
308985
-308990
309014
309019
309022
-309036
309050
-309053
309058
309060
-309081
309112
309126
-309160
-309161
-309162
309229
-309246
309255
309333
309334
309401
309402
309721
309722
309725
309733
309736
309747
309750
-309996
-309998
-310024
-310025
-310028
-310097
-310098
-310103
-310104
-310106
-310107
-310121
-310123
-310127
-310133
-310134
-310135
-310136
-310137
-310138
310148
310150
-310175
-310176
-310178
310264
310275
310278
310281
-310311
-310313
-310314
-310315
-310316
-310317
-310318
310379
310380
310383
-310401
310416
310428
-310466
-310473
-310475
310498
310506
310510
-310592
-311009
-311010
311018
311025
311026
311029
311033
-311038
311062
311067
311071
-311078
311093
-311100
311130
311144
311148
311150
-311171
-311647
-311648
-311649
311674
-311691
311700
311822
311823
311852
311853
-312154
-312160
312161
312162
312164
312169
-312194
-312195
-312196
-312247
-312248
-312249
-312331
-312333
-312342
-312343
-312346
-312433
-312434
-312439
-312440
-312442
-312443
-312456
-312458
-312462
-312468
-312470
-312471
-312472
-312473
-312474
312478
312480
-312511
-312512
-312513
312557
312568
312571
312574
-312604
-312606
-312607
-312608
-312609
-312610
-312611
-312674
312676
312677
312679
-312687
312696
-312715
-312716
-312717
-312768
-312769
-312770
-494398
-494399
494453
494454
494518
494519
-494584
-494588
494590
-494620
-494621
-494623
494631
494633
-494653
-494656
494682
494689
-494711
-494730
494734
-494793
-494794
-494795
495193
495196
495197
-495200
-495356
495421
-495424
-495440
-495442
-495498
-495511
-495569
-495570
-495576
-495578
-495606
495639
-495652
-495653
-495668
-495670
-495671
495696
-495733
-495743
-495754
495774
495796
495845
495857
-495882
-495883
495895
496253
-496257
-496274
-496276
-496327
-496348
-496395
-496396
-496405
-496407
-496436
496450
496453
496454
-496456
-496614
496690
496739
496757
-496776
-496777
496790
496829
-496841
-496842
-496857
-496859
-496860
496887
-496922
-496936
-496946
496965
-498009
-498010
-498012
498020
498021
498023
-498045
-498047
498066
498078
-498103
-498122
498127
-498185
-498186
-498187
-498231
498286
498287
498351
498352
-498418
-498421
498423
-499966
-499969
-500090
-500092
-500094
-500105
-500106
-500108
-500123
-500127
-500138
-500141
500162
-500225
-500227
-500228
500231
500234
500240
500241
500245
500264
500267
-500290
500327
500328
500329
-500383
-500386
-500397
-500402
-500404
-500406
-500407
-500408
-500431
-500433
-500435
-500446
-500447
-500449
-500464
-500468
-500479
-500482
500503
-500567
-500569
-500570
500573
500576
500582
500583
500587
500606
500609
-500632
500669
500670
500671
-500725
-500728
-500739
-500744
-500746
-500748
-500749
-500750
500827
500834
500841
-500873
-500919
-500920
-500921
-500989
-501038
-501039
-501040
-501642
-501644
-501646
-501659
-501660
-501662
-501678
-501682
-501693
-501696
501711
-501774
-501777
-501778
501780
501786
501789
501798
501801
-501833
501862
501863
501864
-501930
-501933
-501944
-501949
-501950
-501952
-501953
-501954
-502020
-502023
502169
502200
502201
502208
502213
502216
-502240
-502242
-502244
-502254
-502256
-502271
-502275
-502285
-502288
502307
-502376
-502378
-502379
502382
502385
502391
502392
502396
502415
502418
-502441
502470
502471
502472
-502539
-502554
-502556
-502558
-502559
-502560
-503572
-503573
503629
503630
503709
503710
-503772
-503776
503778
-503962
-503963
-503965
503969
503971
503996
-504018
-504037
-504039
-504042
504068
-504107
-504108
-504109
504118
-504180
-504255
-504256
-504257
-504305
-504387
-504388
-504389
-505016
-505017
505070
505071
505143
505144
-505207
505209
-505215
-505253
-505254
-505256
505260
505262
505290
-505326
-505331
-505333
-505336
505365
-505410
-505411
-505412
505415
506019
506022
506023
-506030
-506149
506263
-506276
-506277
-506292
-506294
-506295
506320
-506357
-506367
-506378
506398
506413
-506416
-506432
-506434
-506490
-506503
-506561
-506562
-506568
-506570
-506598
506627
506676
506688
-506713
-506714
506735
507359
507360
-507374
-507375
-507389
-507391
-507392
507407
507432
-507458
-507469
507481
-507484
507507
507509
507510
507742
507743
507759
507791
507794
507804
507808
-507834
-507835
507855
507858
507876
-507895
-508019
-508020
-508026
-508028
508482
-508490
-508502
-508504
-508561
-508582
-508596
-508597
-508606
-508608
-508665
508695
508744
508762
-508781
-508782
508795
508821
508824
508825
-508827
-508985
509063
-509080
-509081
-509091
-509093
-509094
509121
-509156
-509169
-509193
509200
509874
509875
509887
509923
509925
509945
509949
-509963
-509964
509978
509981
510000
-510020
-510112
-510113
-510122
-510124
510214
510215
-510233
-510234
-510244
-510246
-510247
510277
510291
-510315
-510329
-510355
510362
510373
510375
510376
-511328
-511329
-511331
511339
511340
511342
-511364
-511366
511385
511397
-511422
-511441
511446
-511504
-511505
-511506
-511549
511606
511607
511641
511642
-511712
-511715
511717
-511805
-511854
-511855
-511856
-511942
-511994
-511995
-511996
-512736
-512737
-512739
512748
512749
512751
-512775
-512778
512800
512808
-512829
-512849
512854
-512921
-512922
-512923
-513083
513132
513133
513164
513165
513239
-513244
-513247
-514299
-514302
-514303
-514316
-514318
-514319
-514342
-514346
-514350
-514353
514370
-514379
-514382
-514383
514385
514391
514394
514403
514406
-514539
514568
514569
514570
-514588
-514591
-514594
-514599
-514600
-514602
-514603
-514604
514662
514693
514694
514701
514706
514709
-514776
-514779
-514895
-514898
-514899
-514910
-514911
-514932
-514936
-514940
-514943
514964
-514975
-514977
-514978
514981
514984
514990
514991
514995
515014
515017
-515143
515172
515173
515174
-515193
-515200
-515202
-515204
-515205
-515206
-515246
515321
515322
515331
515332
515333
-515376
-515460
-515461
-515462
516279
516280
516312
516313
516314
516319
516321
516326
516328
-516351
-516354
-516355
-516368
-516369
-516391
-516395
-516399
-516401
516425
-516431
-516433
-516434
516436
516439
516444
516445
516449
516453
516456
-516597
516628
516629
516630
-516651
-516658
-516660
-516662
-516663
-516664
-516693
-516696
-516697
-516710
-516711
-516733
-516737
-516741
-516743
516767
-516773
-516775
-516776
516778
516781
516786
516787
516791
516795
516798
-516938
516969
516970
516971
-516992
-516999
-517001
-517003
-517004
-517005
-517079
-517082
-518494
-518495
518549
518550
518579
518580
-518641
518643
-518649
-518717
-518718
-518720
518724
518726
518754
-518790
-518795
-518797
-518800
518829
-518874
-518875
-518876
518879
519996
519998
-520017
-520018
-520026
-520028
-520029
520044
520069
-520095
-520105
520119
-520135
520159
520160
520176
520208
520211
520221
520225
-520251
-520252
520272
520275
520287
520289
520290
520509
-520527
-520626
-520627
-520633
-520635
521372
521374
521391
521421
521423
521443
521447
-521461
-521462
521486
521489
521514
521515
-521533
-521534
-521544
-521546
-521547
521577
521591
-521615
-521629
-521655
521662
521671
-521691
-521783
-521784
-521793
-521795
521867
521869
521870
-522742
-522743
-522745
522749
522750
522752
522782
-522803
-522823
-522825
-522828
522850
-522899
-522900
-522901
522905
-522963
523012
523013
523044
523045
523110
-523115
-523118
531721
531723
531725
531759
531761
531763
-531855
-532603
532636
532637
532638
-532645
-532646
-532647
532685
-532693
532710
532737
532743
532744
-532777
532814
532815
-532821
-532823
-532850
532861
532864
532890
532895
532896
-532912
-532930
532931
532945
532946
-532964
-532967
533030
-533035
533102
533103
-533114
-533130
533206
-533208
-533209
-533210
-533220
533279
533303
-533362
-533363
-533377
-533378
533437
533446
-533578
-533580
-533609
533621
533623
533648
533652
533653
-533667
533686
-533696
533698
533700
-533721
-533724
533793
-533798
-533828
533857
533858
533859
-533872
-533873
-533874
533907
-533922
533938
533965
533968
533969
-534009
534029
534030
534105
534127
-534183
-534185
-534201
-534202
534257
534260
534270
534370
534371
-534383
-534398
534471
-534473
-534474
-534483
534589
534590
534592
534621
534622
534624
-535889
-535891
-535894
-535902
-535904
535905
-535976
-536008
-536017
-536018
-536020
-536021
-536151
-536153
-536154
-536156
-536159
-536167
-536169
-536255
536296
536297
536298
-536324
-536325
-536326
-536331
-536332
-536375
-536376
536406
-536423
-536424
-536425
536453
-536472
-536473
-536474
536483
536485
536486
536488
536493
536497
536507
536512
536518
536523
536531
536536
-536544
-536545
-536546
536547
536550
536554
536559
536575
536580
-536588
-536589
-536590
-536591
-536592
-536593
-536594
536595
536598
-536956
-536957
-536963
-536965
-536966
536993
536994
536996
536999
537001
537004
537006
-537045
-537094
-537141
-537149
-537154
-537155
-537156
-537157
-537158
-537159
-537188
-537196
-537201
-537202
-537203
-537270
-537271
-537272
-537313
-537314
537357
-537361
-537366
537404
537409
537414
537418
-537434
-537435
-537436
-537446
537447
537448
537450
-537564
-537571
-537612
-537614
-537639
-537641
-537686
-537687
-537688
537697
-537707
-537736
-537737
-537816
-537817
-537818
537819
537821
537822
537824
-537857
-537875
537878
537886
537906
537910
537911
537913
537936
537966
-537992
-538033
538054
-538097
-538098
-538100
-538156
-538157
-538200
-538201
-538250
538266
-538312
-538313
-538315
538368
538372
538376
538379
-538420
-538421
538422
538426
-538428
-538442
538456
538470
538476
-538493
-538494
-538495
-538496
-538513
-538547
538550
538551
538553
538571
538573
-538678
-538679
-538680
538690
-538697
-538725
-538726
-538783
-538784
-538785
538806
538807
538808
538809
538811
-538847
-538850
538871
-538894
538895
538896
538898
-539011
-539065
-539067
-539092
-539094
539102
539110
539132
539133
539135
539138
539140
539163
539191
539192
-539222
-539301
-539302
-539303
-539308
-539309
-539355
-539356
539385
-539400
-539401
-539402
539427
539434
-539457
-539458
-539459
539467
539468
539470
539471
539473
539481
539485
539493
539498
539504
539508
539516
539520
-539528
-539529
-539530
539532
539535
539538
539542
539559
539563
-539577
-539578
-539579
-539580
-539581
-539582
-539583
539584
539587
-539684
-539689
-539691
-539692
-539694
-539704
-539706
539832
539833
539834
-540082
-540083
-540089
-540091
-540092
540119
540121
540124
540125
540127
540130
540132
-540220
-540266
-540267
-540268
-540270
-540271
-540272
-540275
-540313
-540322
-540327
-540328
-540329
540725
540727
540729
540793
540795
540797
-540860
-541134
-541135
-541136
-541180
-541181
541224
-541228
-541233
541257
541273
541274
541276
-541284
-541476
-541478
-541483
-541523
-541525
541531
541534
541558
-541559
-541560
-541569
-541571
-541572
-541573
-541574
541576
541596
-541611
-541615
-541617
-541618
-541619
-541621
-541622
541625
541632
-541658
-541730
-541731
-541732
541741
-541751
-541780
-541781
-541860
-541861
-541862
541863
541865
541866
541868
-541901
-541919
541921
-541973
-541974
541982
541987
-542020
-542021
-542022
-542023
-542024
-542026
-542027
542028
542030
-542035
-542054
-542069
542113
542114
-542157
542160
542161
542163
-542215
-542216
-542217
-542264
-542265
542309
-542314
-542319
542330
542334
542341
542365
-542366
-542367
-542377
-542379
-542380
-542381
-542382
542404
-542415
-542420
-542422
-542423
-542424
-542426
-542427
542432
542434
542438
-542464
542485
542504
542520
542521
542523
-542531
-542725
-542730
-542771
-542824
-542825
-542826
542836
-542846
-542877
-542878
-542960
-542961
-542962
542964
542965
542966
542968
-543004
-543022
543102
543103
543105
543160
543161
543163
-543463
543496
543497
543498
-543505
-543506
-543507
543545
-543553
543570
543597
543603
543604
-543637
543674
543675
-543812
-543813
-543835
543852
543855
543881
543886
543888
-543913
-543920
543928
543936
543937
-543952
-543955
543994
-543999
544093
544094
-544105
-544121
544197
-544199
-544200
-544201
-544211
544271
544289
-544307
-544308
-544322
-544323
544390
544399
-544489
544521
-544554
-544555
-544557
-544613
-544614
-544661
544693
544695
544718
-544739
-544741
-544743
544772
544783
-544797
-544798
544799
544822
-544923
-544924
-544946
544963
544967
544982
544986
544999
-545022
545025
-545040
545043
545045
-545058
-545061
545105
-545116
545330
545331
545426
-545428
-545429
545498
545511
-545533
-545542
545615
545617
-545702
-545704
-545733
545745
545747
545772
545776
545777
-545791
545810
-545820
545822
545824
-545845
-545848
545917
-545922
-546037
-546055
-546056
-546057
546090
546120
546121
546122
-546136
546147
546177
546183
546185
-546194
546214
546215
546320
546342
-546398
-546400
-546416
-546417
546472
546475
546485
546580
546581
-546593
-546613
546645
-546647
-546648
-546657
-546710
-546711
-546760
546776
-546822
-546823
-546825
-546886
-546887
546889
546914
-546941
546963
546965
546998
-547017
-547019
-547021
547050
547061
-547213
-547231
-547232
-547233
547259
547297
547298
547299
-547309
547320
547348
547358
547360
-547366
547387
547388
547575
547597
-547651
-547665
547721
547725
547730
547827
547828
547888
-547889
548046
548047
548049
548078
548079
548081
548535
-548588
-548589
548590
548594
-548596
-548613
548634
548639
-548655
-548656
-548657
-548658
-548659
-548661
-548662
-548682
-548724
548727
548728
548730
548748
548750
-548871
-548872
-548873
548878
-548897
-548938
-548939
-548940
-548960
-548961
548993
548994
548995
548996
548998
-549033
-549050
549058
-549081
549082
549083
549085
-549305
-549307
-549332
-549334
549340
549343
-549366
-549367
-549376
-549378
-549379
-549380
-549381
549383
549386
549388
549408
-549424
-549429
-549431
-549432
-549433
-549435
-549436
549442
549443
549446
-549482
-549534
-549535
-549536
-549589
-549590
549626
-549632
-549636
549674
-549727
-549728
549729
549733
-549736
-549754
549775
549778
549783
-549818
-549819
-549820
-549821
-549822
-549824
-549825
-549827
-549875
549878
549879
549881
549903
549904
-550001
-550002
-550003
550008
-550029
-550093
-550094
-550095
-550096
-550097
550135
550136
550137
550138
550140
-550194
-550198
550200
550203
-550228
-550229
-550239
-550241
-550242
-550243
-550244
550246
550249
550251
550276
-550288
-550294
-550296
-550297
-550298
-550300
-550301
550304
550308
550309
550312
-550350
550354
550377
-550400
550401
550402
550404
-550623
-550647
-550975
-550976
-550977
-550982
-550983
-551029
-551030
551058
-551075
-551076
-551077
551102
551109
-551131
-551132
-551133
551141
551142
551144
551145
551147
551155
551159
551167
551172
551187
551191
-551199
-551200
-551201
-551202
-551203
-551204
-551205
551211
551214
551217
551221
551229
551230
551234
551241
551245
-551255
-551256
-551257
551258
551261
-551369
-551374
-551376
-551386
-551388
551389
-551547
-551556
-551557
-551559
-551560
-551752
-551753
-551759
-551761
-551762
551789
551791
551794
551795
551797
551800
551802
-551890
-551931
-551932
-551933
-551936
-551980
-551989
-551994
-551995
-551996
-551997
-551998
-551999
552217
552220
552224
552241
-552260
-552261
552268
552274
-552305
-552306
-552307
-552308
552309
552311
-552315
-552324
-552327
-552328
-552329
-552334
-552336
-552337
552341
-552353
552386
552387
552389
552393
-552431
-552432
-552433
-552435
-552438
-552447
-552448
-552449
-552450
-552460
-552461
-552463
-552513
-552514
-552515
-552564
-552565
552598
-552601
-552607
-552608
-552609
-552610
-552611
-552612
-552617
552629
552639
552643
552667
552670
552672
552673
552698
552722
552726
-552760
552776
552792
552808
552809
552811
-552819
-552960
-552965
-553006
-553065
-553066
-553067
553072
-553095
-553160
-553161
-553162
-553163
-553164
553199
553200
553201
553203
-553252
-553256
-553270
553302
553304
553327
-553348
-553350
-553352
553381
553392
-553406
-553407
553408
553431
-553454
-553455
553457
553482
-553508
553542
553544
553566
-553585
-553587
-553589
553618
553629
-553687
-553688
-553689
-553739
-553740
553776
-553782
-553786
553803
553806
553810
-553848
-553849
553855
553858
553864
-553901
-553902
-553903
-553904
-553905
-553907
-553908
553909
553913
-553914
-553920
-553921
-553922
-553926
-553933
-553934
-553935
553942
-553961
-553963
-553964
-553965
554004
554005
554007
554011
554012
-554048
-554049
-554050
-554052
-554066
-554068
-554070
-554071
-554072
554073
554074
554076
554107
554115
554138
554140
554141
554143
554146
554148
554176
554198
554202
554203
-554244
554248
-554317
-554318
-554319
554324
-554345
-554409
-554410
-554411
-554412
-554413
554451
554452
554453
554454
554456
-554510
-554514
554527
554541
554542
554544
-554551
-554694
-554739
-554806
-554808
-554809
-554811
-554821
-554823
554987
554988
554989
-555074
-555076
-555077
-555079
-555092
-555094
555095
-555256
-555257
-555259
-555260
-555383
-555384
-555390
-555392
-555393
555418
555419
555420
555423
555425
555428
555430
-555553
-555558
-555559
-555560
-555603
-555607
-555608
-555609
-555611
-555612
-555613
556461
556462
556464
556519
556520
556522
-557441
-557442
-557464
557481
557485
557500
557504
557517
-557540
557543
-557558
557561
557563
-557576
-557579
557623
-557634
557932
557933
557991
-557993
-557994
558104
558117
-558139
-558148
558221
558223
-558331
-558349
-558350
-558351
558379
558418
558419
558420
-558430
558441
558469
558479
558481
-558487
558508
558509
558822
558839
-558854
-558868
558932
558936
558941
559073
559074
559134
-559135
-566379
-566380
-566381
566439
-566458
566462
566531
566532
566596
566597
-566605
-566607
-566631
-566632
-566635
-566702
-566707
-566708
-566710
-566711
-566718
-566719
-566727
-566729
-566730
-566731
-566732
-566733
566741
566743
-566766
-566768
-566769
566843
566854
566857
566860
-566890
-566892
-566893
-566894
-566895
-566896
-566897
-566916
-566921
566922
566924
-566950
-566951
-566952
-566998
-566999
-567000
-567288
567346
567347
567348
567472
567473
567476
-567480
-567481
-567482
-567490
-567493
567543
567545
567546
-567551
-567553
-567574
-567575
-567576
-567611
-567613
-567615
-567616
-567617
-567652
567688
567689
-567691
-567709
-567718
-567719
567722
-567735
-567752
-567755
-567798
-567799
567808
567819
567821
567823
567829
-567831
567841
567845
567857
-567867
567874
-567881
567887
567888
-567900
567932
567945
567965
567967
567969
-567984
-567986
-567987
568168
-568183
-568185
-568221
568238
568239
568241
-568247
-568256
-568257
-568418
-568423
-568425
-568427
-568430
-568431
-568465
-568467
-568490
568501
568502
568504
568506
568508
568510
-568512
-568513
-568515
-568546
-568575
-568585
-568587
568613
568615
568617
-568624
-568649
-568650
-568653
568660
568726
568729
-568744
-568756
568758
568762
-568763
568790
568791
568792
568798
568837
568841
568849
-568864
-568873
568905
568906
568909
-568919
568929
-568950
-568953
568967
568970
568973
568980
-569010
-569124
-569167
569184
569186
569188
-569194
-569204
-569205
-569362
-569366
-569367
-569370
-569376
-569377
569421
569422
569424
-569438
-569440
-569441
569625
-569639
-569641
569675
569678
-569695
-569707
569709
569714
-569715
569734
569735
569736
569747
569788
569793
569802
-569814
-569827
-569857
-569859
-569880
569891
569892
569894
569896
569897
569899
-569901
-569902
-569903
-569944
-569965
-569980
-569982
570006
570007
570009
-570015
-570043
-570045
570051
-570056
-570341
-570346
570347
570348
570350
-570378
-570379
-570380
-570428
-570429
-570430
-570472
-570474
-570497
-570500
-570563
-570568
-570569
-570571
-570572
-570585
-570588
-570591
-570597
-570598
-570599
-570600
-570601
-570602
570612
570613
-570639
-570640
-570642
570715
570727
570731
570735
-570757
-570759
-570760
-570761
-570762
-570763
-570764
570993
570995
570996
-571001
-571004
-571027
-571028
-571030
-571052
-571063
-571065
-571066
-571067
-571099
571137
571139
-571141
-571156
-571159
-571160
571169
-571184
-571202
-571205
-571256
571313
571314
571315
571436
571437
571440
-571443
-571444
-571445
-571452
-571455
-571740
-571742
-571766
-571767
-571770
-571837
-571842
-571843
-571845
-571846
-571853
-571854
-571862
-571864
-571865
-571866
-571867
-571868
571876
571878
-571901
-571903
-571904
571978
571989
571992
571995
-572025
-572027
-572028
-572029
-572030
-572031
-572032
-572060
-572061
-572062
572120
-572139
572143
572212
572213
572277
572278
-572301
572303
572305
-572312
-572336
-572337
-572338
-572384
-572385
-572386
-572485
572543
572544
572545
572669
572670
572673
-572677
-572678
-572679
-572687
-572690
572936
572938
572939
-572940
-572942
-572967
-572968
-572969
-573001
-573003
-573004
-573009
-573010
-573071
573108
-573121
-573138
-573141
573144
573145
-573147
-573165
-573174
-573175
-573206
573243
573244
573249
573250
-573257
-573258
-573259
-573297
-573298
-573301
-573302
-573350
-573405
-573415
-573436
-573446
-573448
-573450
-573471
-573481
-573483
-573516
-573518
-573520
-573522
573556
-573583
-573584
-573585
-573617
-573620
-573621
573627
573660
573709
-573736
-573737
-573738
-573770
-573773
-573774
573780
573813
573839
573846
573850
573860
573863
573913
-573943
-573944
-573946
-573975
-573979
-573980
573982
573986
574020
574024
-574039
574076
574077
574082
574083
-574090
-574091
-574092
-574118
-574119
-574136
-574138
-574159
-574201
-574212
-574232
-574244
-574246
-574269
-574276
-574278
574280
-574301
-574303
-574305
574346
574347
-574371
-574372
-574373
-574412
574419
-574421
-574422
574456
-574693
574695
574697
-574705
574713
-574731
-574732
-574733
-574782
-574783
-574784
-574851
-574852
574912
-574927
574931
575005
575006
575066
575067
-575097
575155
575156
575157
575271
575272
575274
-575277
-575278
-575279
-575285
575376
575378
575379
-575380
-575382
-575410
-575411
-575413
-575434
-575435
-575449
-575450
-575482
575520
-575533
-575537
-575553
575555
575556
-575559
-575578
-575588
-575589
-576020
-576021
576030
576041
576043
576045
576051
-576053
576063
576067
576079
-576089
576096
-576103
576109
576110
-576122
576154
576167
576187
576188
576192
-576200
-576202
-576203
576366
-576381
-576383
-576454
-576456
-576479
576490
576491
576493
576495
576497
576499
-576501
-576502
-576504
-576535
-576564
-576574
-576576
576602
576604
576606
-576613
-576638
-576639
-576642
576649
-576721
576738
576739
576741
-576747
-576756
-576757
-576918
-576923
-576925
-576927
-576930
-576931
576965
576969
-576983
576992
576996
-577000
577002
577041
577045
-577051
577078
577079
577080
577088
-577103
-577112
577144
577145
577148
-577166
577181
577193
-577234
-577235
-577238
577259
577262
577266
-577344
-577421
-577422
577431
577442
577444
577446
577452
-577455
577470
577474
577483
-577496
-577503
577516
577519
577520
-577534
577568
577574
-577588
-577590
-577613
-577615
577626
577627
577628
577630
577632
577634
577636
-577638
-577639
-577640
-577678
-577705
-577711
-577713
577741
577743
577745
-577746
-577774
-577775
-577783
577785
577786
577866
577870
-577879
-577880
578025
-578040
578111
578115
-578130
-578131
578140
578144
-578149
578151
578190
578194
-578200
578230
578231
578232
578240
-578257
-578267
-578308
578324
578326
-578332
-578340
-578341
-578498
-578502
-578504
-578506
-578508
-578509
578856
578857
578860
-578870
578880
-578901
-578904
578918
578921
578924
578931
-578961
-579075
-579132
579135
579136
579140
-579144
-579149
-579150
-579286
-579290
-579291
-579294
-579300
-579301
579358
579361
-579378
-579390
579392
579397
-579398
579417
579418
579419
579430
579471
579476
579485
-579497
-579510
579554
579555
579557
-579571
-579573
-579574
579775
-579789
-579791
-579824
-579827
-579848
579859
579860
579862
579864
579865
579867
-579868
-579870
-579871
-579912
-579913
-579915
579939
579940
579942
-579968
-580018
-580046
-580048
580054
-580059
-580108
-580109
580117
580124
580125
580128
580131
-580136
580155
580160
580163
-580169
580185
-580187
580215
580228
580232
580234
-580252
580260
580261
580264
-580274
580284
-580305
-580307
580325
580328
580331
580338
-580382
-580490
580530
580533
-580550
-580552
-580565
580567
580572
-580573
580596
580597
580598
580605
580648
580653
580657
-580671
-580685
-580735
580738
580742
-580746
-580750
-580751
-580886
-580889
-580890
-580896
-580898
-580899
-580955
-580958
-580980
-580981
580992
580993
580995
580997
580998
580999
581001
-581002
-581004
-581005
-581046
-581047
-581049
581073
581074
581076
-581116
-581167
-581197
-581199
581205
581206
-581211
581254
581256
-581271
-581272
581465
-581479
-581606
-581611
581612
581613
581615
-581643
-581644
-581645
-581693
-581694
-581695
-581941
-581943
-581950
-581953
-582033
-582038
-582039
-582041
-582042
-582054
-582057
-582060
-582066
-582068
-582069
-582070
-582071
-582072
582076
582077
-582109
-582110
-582111
582145
582156
582159
582163
-582185
-582187
-582188
-582189
-582190
-582191
-582192
582419
582421
582422
-582427
-582430
-582453
-582454
-582456
-582478
-582489
-582491
-582492
-582493
-582525
582563
582565
-582567
-582582
-582585
-582586
582595
-582610
-582628
-582631
-582715
582771
582772
582773
582856
582857
582860
-582863
-582864
-582865
-582872
-582875
582971
582978
582981
582991
582994
583042
-583072
-583073
-583075
-583104
-583108
-583109
583111
583115
583160
583164
-583168
583205
583206
583211
583212
-583219
-583220
-583221
-583247
-583248
-583265
-583267
-583307
-583356
-583367
-583385
-583396
-583398
-583421
-583428
-583430
583432
-583453
-583455
-583457
583498
583499
-583523
-583524
-583525
-583564
583571
-583573
-583574
583619
583631
583632
583635
583643
583649
583657
583663
583712
583713
-583739
-583740
-583742
-583783
583787
583791
-583793
-583794
583838
583842
583883
583884
-583910
-583911
-583913
-583954
583958
583962
-583964
-583965
584009
584013
-584022
584059
584060
584065
584066
-584073
-584074
-584075
-584114
-584116
-584119
-584121
-584149
-584184
-584194
-584215
-584223
584225
-584229
-584250
-584258
584260
-584279
-584282
-584310
-584311
584334
584348
-584354
584463
584464
584487
584488
-584540
-584542
-584550
-584553
-584639
-584644
-584645
-584647
-584648
-584656
-584659
-584667
-584668
-584669
-584670
-584671
-584672
584675
584677
-584705
-584706
-584707
584745
584756
584759
584762
-584792
-584794
-584795
-584796
-584797
-584798
-584799
585035
585037
585038
-585044
-585047
-585072
-585073
-585074
-585104
-585107
-585108
-585109
-585153
585186
585187
-585190
-585206
-585212
-585213
585219
-585233
-585249
-585254
-585475
585529
585530
585531
585607
585608
585611
-585612
-585613
-585614
-585617
-586001
586003
586005
-586013
586021
-586039
-586040
-586041
-586090
-586091
-586092
-586356
-586357
586380
-586395
586399
586512
586513
586534
586535
-586602
586661
586662
586663
586741
586742
586744
-586747
-586748
-586749
-586755
586863
586865
586866
-586867
-586869
-586897
-586898
-586900
-586921
-586922
-586936
-586937
-586969
587007
-587020
-587024
-587040
587042
587043
-587046
-587065
-587075
-587076
587322
587323
587326
-587344
587359
587371
-587412
-587413
-587416
587437
587440
587444
-587522
-587606
-587607
587615
587621
587622
587625
587630
-587633
587648
587652
587662
-587668
-587680
587689
587719
587725
587739
587740
-587754
-587765
-587768
-587792
-587793
587804
587806
587808
587810
587811
587812
587814
-587815
-587817
-587818
-587856
-587857
-587859
587887
587889
587891
-587918
-587959
-587987
-587988
-587996
587998
587999
588030
588034
-588049
-588050
588059
588063
-588068
588070
588109
588113
-588119
588149
588150
588151
588159
-588176
-588186
588235
588239
-588248
-588249
588394
-588409
-588499
588502
588505
-588509
-588513
-588514
-588652
-588656
-588658
-588660
-588662
-588663
-588740
-588741
588749
588756
588757
588760
588763
-588768
588787
588792
588795
-588801
588817
-588819
588847
588860
588864
588866
-588884
588892
588893
588896
-588912
588927
588938
-588982
-588983
-588985
589003
589006
589009
-589095
589162
589166
-589183
-589184
589193
589198
-589203
589205
589248
589253
-589254
589277
589278
589279
589289
-589303
-589317
-589346
-589349
-589371
-589372
589383
589384
589386
589388
589389
589390
589392
-589393
-589395
-589396
-589437
-589438
-589440
589464
589465
589467
-589495
-589546
-589576
-589578
589584
589585
-589590
-589640
589643
589647
-589651
-589655
-589656
-589794
-589797
-589798
-589804
-589806
-589807
589877
589880
-589889
-589890
590037
-590051
-590120
-590122
-590130
-590133
-590219
-590224
-590225
-590227
-590228
-590236
-590239
-590247
-590248
-590249
-590250
-590251
-590252
590255
590257
-590285
-590286
-590287
590325
590336
590339
590342
-590372
-590374
-590375
-590376
-590377
-590378
-590379
-590442
-590443
590466
590480
-590486
590595
590596
590619
590620
590866
590868
590869
-590870
-590873
-590903
-590904
-590905
-590934
-590935
-590939
-590940
-590972
591005
-591019
-591035
-591040
591042
591043
-591046
-591062
-591068
-591069
-591116
591170
591171
591172
591248
591249
591252
-591253
-591254
-591255
-591258
-602549
-602554
-602555
602561
-602578
-602730
-602735
602737
-602741
-602756
-621200
-621217
-621404
-621452
-621905
-621959
-622150
-622197
-622803
-622819
-622869
-622883
-623055
-623079
-623311
-623324
-623336
-623360
-623429
-623442
-623495
-623509
-623518
-623548
-623582
-623596
-623779
-623806
-623993
-624006
-624022
-624034
-624252
-624256
-624257
624261
-624269
-624283
-624378
-624495
-624522
-624552
-624579
-624669
-624673
-624674
624678
-624686
-624700
-624766
-624771
-624772
624778
-624795
-624804
-624938
-624960
-624964
624966
-624970
-624982
-625038
-625105
-625132
-625162
-625192
-625319
-625324
625326
-625330
-625345
-625357
-625397
-625401
625403
-625407
-625419
-625476
-647298
-647299
-647300
-647321
-647324
-647427
-647428
-647481
-647491
-647531
-647535
-647536
647538
647547
647548
-647681
-647684
-647686
-647697
-647699
-647702
-647726
-647729
-647739
-647740
-647741
-647762
-647765
-647767
647772
-647782
-647786
-647788
-647789
647790
647802
647803
-647816
-647821
-647822
-647897
-647929
-647930
-648029
-648033
-648034
648036
648040
648041
-648126
-648129
-648131
-648142
-648144
-648147
-648166
-648174
-648182
648187
-648197
-648200
-648203
-648204
648205
648217
648218
-648226
-648233
-648234
-648764
-648766
-648774
-648780
-648813
-648822
-648823
-648829
-648830
-648831
-648837
-648927
-648932
-648935
648941
-648947
-648948
648952
-648956
-648961
-648965
648966
-648978
648979
-649374
-649375
-649433
-649435
-649443
-649449
-649786
-649795
-649796
-649802
-649803
-649804
-649810
-650241
-650246
-650250
650251
-650262
-650263
650264
-650271
-650276
-650280
650281
-650293
650294
-650577
-650578
-650579
-650603
-650649
-650650
-650659
-650660
-650661
-650685
-726376
726381
726382
-726388
-726389
-726391
-726417
-726422
-726425
726427
-726438
-726439
726440
-726587
-726589
-726591
-726593
-726601
726610
726768
726769
726772
726773
726776
-726782
-726793
-726841
726848
726852
726855
726862
-726926
-726927
726937
726939
726941
726946
727050
727055
-727060
-727067
-727072
-727074
-727087
-727091
-727092
-727095
727116
727124
-727126
-727130
727137
727138
727174
727175
727176
-727190
-727193
-727194
-727197
-727330
727338
727342
727346
727354
-727412
-727414
727423
727424
727425
727430
727472
727473
727476
727477
727479
-727484
-727495
727565
727571
-727572
-727576
727582
727583
727616
727617
727618
-727634
-727638
-727639
-727642
727715
727721
-727728
-727733
-727741
-727743
-727754
-727757
-727758
-727761
-728186
-728187
-728190
-728192
-728198
728202
-728270
728276
728277
-728281
-728285
-728287
-728313
-728318
-728321
728323
-728334
-728335
728336
-728940
-728943
-728946
-728947
728951
728953
728957
728958
728963
-728975
-728976
-728979
-728981
-728982
-728985
728993
728999
729001
729005
729006
729011
-729023
-729024
-729027
-729029
-729030
-729033
729041
729069
729122
729123
729392
729394
729398
729399
729400
729405
729407
-729418
-729420
-729423
-729425
-729427
729433
-729446
-729449
729471
729473
729477
729478
729482
-729491
-729493
-729496
-729498
-729500
-729502
729510
-729976
729981
729982
-729988
-729989
-729991
-729993
-729998
-730002
730003
-730014
-730015
730016
-730199
-730201
-730203
-730205
-730213
730222
730230
730283
730284
730296
730618
730619
-730622
-730626
-730628
-730634
-730636
730638
730648
-730652
-730653
-730765
-730767
-730769
-730771
-730780
730791
730981
730982
730989
730990
730993
-730996
-731010
731126
731131
-731136
-731143
-731148
-731150
-731163
-731167
-731168
-731171
-731174
731181
731185
731188
731195
-731259
-731260
731270
731272
731274
731279
731333
731341
-731343
-731347
731354
731355
731391
731392
731393
-731403
-731408
-731409
-731414
731543
731592
731597
731598
-731603
-731612
-731617
-731619
-731632
-731634
-731639
-731640
731647
731648
731654
731655
731657
731736
731744
-731746
-731751
731760
731761
731797
731798
731799
-731810
-731816
-731817
-731823
-731826
731833
731836
731838
731844
-731905
-731906
731916
731918
731920
731925
-732087
732092
732101
732104
732109
-732170
-732172
732181
732182
732183
732188
732245
732251
-732252
-732256
732262
732263
732296
732297
732298
-732314
-732318
-732319
-732322
732332
732333
732336
732337
732339
-732344
-732355
732473
732479
-732486
-732491
-732499
-732501
-732508
-732513
-732514
-732519
732728
-732733
-732737
732741
732778
732779
732780
-732796
-732798
-732803
-732804
-732806
732811
732819
732821
732825
-732887
-732888
732896
732898
732899
732906
732957
733012
733018
733019
-733026
-733033
-733041
-733043
-733051
-733057
-733058
-733064
733074
733075
733077
733078
733079
-733554
-733555
-733558
-733560
-733566
733570
-733607
733610
733611
-733618
-733620
-733622
-733627
-733632
-733636
733637
-733648
-733649
733650
733687
733688
733743
733744
733745
733757
-734064
-734065
-734068
-734070
-734077
734084
734182
734183
-734190
-734191
-734196
-734202
-734206
734208
734217
-734221
-734222
734601
734603
734610
734611
734612
734614
734616
-734626
-734627
-734630
-734632
-734638
734642
-734673
-734676
734680
734682
734688
734689
734691
-734699
-734700
-734703
-734705
-734707
-734714
734719
734733
734734
734746
734789
734790
734791
734805
735247
735249
735255
735256
735257
735259
735260
-735269
-735270
-735273
-735275
-735282
735289
735295
735297
735303
735304
735305
735307
735308
-735317
-735318
-735321
-735323
-735330
735337
735780
735781
-735786
-735789
-735793
-735799
-735801
735804
735817
-735820
-735821
-735990
-735992
-735994
-735996
-736005
736016
736238
736285
736290
736291
-736296
-736305
-736310
-736312
-736321
-736327
-736329
-736330
736357
736365
-736367
-736372
736381
736382
736418
736419
736420
-736431
-736437
-736438
-736444
736451
736452
736458
736459
736461
-736518
736523
736530
736531
736535
-736598
-736599
736609
736611
736613
736618
736857
-736862
-736866
736870
736907
736908
736909
-736921
-736927
-736929
-736930
736954
737009
737015
737016
-737023
-737030
-737038
-737040
-737048
-737054
-737055
-737061
-737063
737068
737076
737078
737082
-737144
-737145
737153
737155
737156
737163
737200
737201
737206
737207
737208
-737532
-737533
-737536
-737538
-737545
737552
737617
737618
-737625
-737626
-737631
-737637
-737640
737643
737652
-737656
-737657
-739022
739026
-739037
-739040
-739042
-739043
739047
739056
739057
-739070
-739078
-739079
-739426
-739430
-739431
739433
739440
739441
-739482
-739486
-739495
-739500
-739550
-739552
-739566
-739572
-739573
-739580
-739683
-739686
-739696
-739698
-739750
-739754
-739785
-739789
-739790
739792
739801
739802
-739876
-739883
-739884
-739892
-740125
740132
-740141
-740144
740146
-740150
-740151
740161
740162
-740173
-740175
-740176
-740825
-740877
-740905
-740906
740970
740971
-740980
-740982
-740983
740993
740994
-741003
-741005
-741006
-741010
-741011
-741012
-741028
-741033
-741096
-741097
-741110
741118
741119
-741130
-741134
-741135
-741137
-741138
741184
741185
-741194
-741196
741197
-741202
741276
741278
-741287
-741289
741291
741292
-741302
-741428
-741429
-741430
-741445
741456
741457
-741470
-741472
-741473
-741475
-741476
-741523
-741524
-741566
741612
741613
-741620
-741621
-741624
741636
741637
-741647
-741650
-741651
-741681
-741690
-741701
741705
-741715
-741717
-741719
-741720
741723
741732
741733
-741741
-741751
-741752
-741854
-741855
-741856
-741869
-741874
-741882
-741883
-741893
741928
741929
-741936
-741944
-741945
-741947
-741948
-742030
-742031
-742032
-742047
-742050
-742085
-742086
-742096
742131
742132
-742140
-742147
-742148
-742150
-742151
-742181
742185
-742195
-742197
-742201
-742202
742203
742212
742213
-742220
-742228
-742229
-742352
-742356
-742357
742359
742366
742367
-742522
-742526
-742535
-742540
-742552
-742557
-742571
-742577
-742578
-742585
742683
742684
-742693
-742695
742696
-742701
742742
742743
-742752
-742756
742758
742759
-742770
-742845
-742848
-742858
-742860
-742876
-742884
-742973
-742979
-742980
-742987
-743084
-743087
-743097
-743099
-743151
-743155
-743186
-743190
-743191
743193
743197
743198
-743277
-743280
-743281
-743290
743395
743397
-743406
-743408
743410
743411
-743421
743457
743458
-743467
-743471
743473
743474
-743485
-743586
-743590
-743591
743593
743596
743597
-743671
-743674
-743675
-743682
-743752
743759
-743768
-743772
743773
-743777
-743778
743788
743789
-743800
-743802
-743803
-743845
-743852
-744007
-744008
-744019
744029
744030
-744043
-744045
-744046
-744048
-744049
-744080
-744081
-744082
-744100
-744103
-744213
-744214
-744225
744235
744236
-744249
-744251
-744252
-744254
-744255
-744268
-744275
-744364
-744365
-744432
744505
744506
-744513
-744514
-744517
744529
744530
-744540
-744543
-744544
-744596
-744597
-744610
-744613
-744672
-744673
-744686
744721
744722
-744730
-744737
-744738
-744740
-744741
744770
744771
-744780
-744784
744786
744787
-744798
744868
744869
-744878
-744882
744884
744885
-744896
-744900
-744901
-744902
-744920
-744923
-745034
-745035
-745048
745086
745087
-745095
-745102
-745103
-745105
-745106
-745148
-745221
745272
745273
-745283
-745284
-745285
745298
745299
-745309
-745310
-745311
-745591
745595
-745606
-745609
-745614
-745615
745616
745625
745626
-745633
-745641
-745642
-746070
-746073
-746083
-746085
-746101
-746109
-746198
-746201
-746202
-746210
-746331
-746335
-746336
746338
746341
746342
-746489
-746492
-746493
-746500
-747778
-747783
-747785
747790
-747798
-747799
747800
-747804
-747809
-747813
747814
-747826
747827
-747876
-747877
-747885
-747886
-747887
-747905
-747915
-747924
-748096
-748103
-748104
-748109
-748110
-748111
-748112
748202
748203
-748214
-748220
-748222
-748525
-748530
-748532
748646
748647
-748660
-748664
-748666
-748925
-748926
-748927
-748948
-748996
-748997
-749007
-749014
-749243
-749244
-749281
-749286
-749288
749293
-749301
-749302
749303
-749307
-749312
-749316
749317
-749329
749330
-749339
-749340
-749341
-749359
-749416
-749425
-749458
-749461
-749462
-749465
-749468
-749469
-749472
-749481
-749782
-749784
-749785
-749790
-749792
-749793
-749797
-749864
-750010
-750011
-750012
-750033
-750063
-750068
-750070
750075
-750081
-750082
750085
-750088
-750094
-750098
750100
750109
-750117
-750219
-750228
-750323
-750330
-750331
-750336
-750337
-750338
-750339
750399
750400
-750411
-750417
-750419
-750696
-750704
-750707
-750740
-750748
-750749
-750754
-750755
-750756
-750758
750933
750934
-750945
-750951
-750953
-751241
-751246
-751248
751455
751456
-751469
-751473
-751475
-751562
-751570
-751571
-751578
-751579
-751580
-751583
-751650
-751656
-751658
751890
751891
-751904
-751908
-751910
-751938
-751939
-751940
-751961
-752031
-752032
-752044
-752051
-752307
-752309
-752310
-752315
-752317
-752318
-752322
-752332
-752638
-752641
-752642
-752647
-752651
-752652
-752656
-752727
-752775
-752781
-752785
752787
752796
-752800
-752801
-752805
-752811
-752815
752817
752826
-752831
-752876
-752877
-752968
-752975
-753101
-753102
-753103
-753124
-753180
-753185
-753188
753189
-753199
-753200
753201
-753206
-753212
-753216
753218
753227
-753235
-753313
-753322
-753376
-753384
-753387
-753420
-753428
-753429
-753434
-753435
-753436
-753438
753715
753716
-753727
-753733
-753735
-753795
-753803
-753804
-753811
-753812
-753813
-753816
-753883
-753889
-753891
754108
754109
-754122
-754126
-754128
-754200
-754201
-754232
-754238
-754242
754244
754253
-754257
-754258
-754262
-754268
-754272
754274
754283
-754288
-754444
-754451
773275
773276
-773283
-773289
-773290
-773293
773303
773304
-773313
-773314
-773327
-773328
773419
-773425
-773429
-773434
-773435
-773438
-773444
773445
-773453
-773474
-773478
-773481
-773482
-773487
-773492
-773495
-773496
-773503
-773504
-773507
-773508
-773513
-773518
-773522
-773529
773596
-773602
-773606
-773611
-773612
-773615
-773621
773622
-773630
-773648
-773655
-773658
-773659
-773664
-773667
-773668
-773669
-773678
-773681
-773684
-773685
-773690
-773695
-773699
-773706
-773868
-773869
-773870
-773880
-773886
773925
773926
-773934
-773941
773968
773969
-773974
773976
773977
-773982
-774017
-774019
-774023
-774024
774029
-774044
-774049
-774063
-774067
-774070
-774074
-774090
-774092
-774136
-774196
-774197
-774211
-774214
-774215
-774224
-774225
-774226
-774231
-774239
774255
774256
-774264
-774271
774324
774325
774328
774329
-774334
-774337
-774355
-774375
-774379
-774380
774385
-774400
-774405
-774414
-774421
-774426
-774430
-774446
-774448
-774566
-774626
-774627
-774641
-774644
-774645
-774654
-774678
774700
774701
-774715
-774718
-825361
825395
825396
825398
825733
825734
825736
-825852
-826216
-826217
-826218
-826243
-826244
-826245
-826255
-826317
-826318
-826319
-826344
-826345
-826346
-826356
-826401
-826402
-826403
-826408
-826412
-826413
-826414
-826417
-826464
-826465
-826466
-826471
-826475
-826476
-826477
-826480
-826538
-826539
-826540
-826564
-826565
-826566
-826572
-826634
-826635
-826636
-826661
-826662
-826663
-826673
-827076
827092
827093
827097
-827101
-827102
-827103
-827108
-827109
-827110
-827113
-827116
-827124
-827125
-827126
-827130
-827131
-827132
-827134
-827135
-827136
-827137
-827184
-827185
-827186
-827192
-827193
-827194
-827197
-827201
-827210
-827211
-827212
-827218
-827220
-827221
-827223
-827225
-827226
-827230
-827374
827431
827432
827436
828121
828122
828124
-828265
-828311
-828312
-828313
-828318
-828322
-828323
-828324
-828327
-828334
-828335
-828336
-828341
-828342
-828343
-828345
-828347
-828348
-828351
-828397
-828398
-828399
-828405
-828410
-828411
-828412
-828416
-828423
-828424
-828425
-828431
-828433
-828434
-828436
-828438
-828439
-828443
828553
828554
828562
-828656
-828872
-828873
-828874
-828903
-828904
-828905
-828911
-828962
-828963
-828964
-828994
-828995
-828996
-829006
-829097
-829098
-829099
-829105
-829106
-829107
-829110
-829114
-829163
-829164
-829165
-829171
-829172
-829173
-829176
-829180
-829195
-829196
-829197
-829227
-829228
-829229
-829239
-829290
-829291
-829292
-829323
-829324
-829325
-829337
-829691
829725
829726
829730
830190
830191
830201
-830294
-830715
-830736
-830740
-830743
-830744
-830749
-830754
-830757
-830758
-830765
-830766
-830769
-830770
-830775
-830780
-830784
-830791
830823
-830829
-830833
-830837
-830838
-830840
-830845
830846
-830966
830972
830973
-830980
-831020
-831027
831058
831059
-831065
-831066
831085
-831091
-831095
-831100
-831101
-831104
-831110
831111
-831151
831156
831157
-831163
-831200
-831207
831235
831236
-831242
-831243
-831348
-831369
-831373
-831376
-831377
-831382
-831387
-831390
-831391
-831398
-831399
-831402
-831403
-831408
-831412
-831415
-831421
-831643
-831644
-831657
-831658
-831665
831674
-831680
-831683
-831686
831690
-831709
-831744
831751
-831757
-831760
831765
-831792
-831800
-831803
-831808
-831817
-831818
-831820
-831821
-831822
-831823
-831828
-831834
-831841
-831843
-831845
-831846
-831847
-831854
-831857
-831896
-831907
-831908
-831911
-831912
-831913
-831914
-831919
-831931
-831935
-831937
-831939
-831940
-831941
-831948
-831951
-831975
-831980
-831983
831989
-831996
832000
-832017
-832051
-832058
-832060
832061
832069
-832078
-832084
-832086
-832131
-832132
-832145
-832146
-832180
-832198
-832205
-832208
-832209
-832214
-832217
-832218
-832219
-832228
-832231
-832234
-832235
-832240
-832245
-832249
-832256
-832289
832298
-832304
-832307
-832310
832314
-832333
-832368
832375
-832381
-832384
832389
-832416
-832424
-832427
832438
832439
-832446
-832447
-832448
-832451
832461
832462
-832471
-832472
-832486
-832487
-832513
832522
-832528
-832531
-832534
832538
-832559
-832595
832602
-832608
-832611
832616
-832643
-832651
-832654
-832660
-832678
-832685
-832688
-832689
-832694
-832698
-832701
-832707
-832708
-832711
-832712
-832717
-832720
-832721
-832722
-832731
832762
-832768
-832772
-832776
-832777
-832779
-832784
832785
-832905
832906
832907
-832917
-832936
-832943
832979
832980
-832986
-832987
-833027
-833032
-833033
-833038
-833040
-833041
-833042
-833047
-833053
-833060
-833062
-833064
-833065
-833066
-833073
-833076
-833115
-833121
-833122
-833128
-833131
-833132
-833133
-833138
-833152
-833157
-833159
-833161
-833162
-833163
-833170
-833174
-833290
833291
833292
-833302
-833321
-833328
833364
833365
-833371
-833372
833409
-833415
-833419
-833424
-833425
-833428
-833434
833435
-833475
833480
833481
-833487
-833524
-833531
833559
833560
-833566
-833567
-833700
-833711
-833712
-833715
-833716
-833717
-833718
-833723
-833735
-833739
-833741
-833743
-833744
-833745
-833752
-833755
-833794
-833807
-833808
-833812
-833813
-833814
-833815
-833820
-833834
-833839
-833841
-833843
-833844
-833845
-833852
-833856
833865
-833871
-833875
-833879
-833880
-833882
-833887
833888
-833928
833933
833934
-833940
-833980
-833983
834024
834025
-834031
-834032
-834113
-834134
-834138
-834141
-834142
-834147
-834152
-834155
-834156
-834163
-834164
-834167
-834168
-834173
-834177
-834180
-834186
-834249
834250
834251
-834262
-834263
-834264
-834276
-834277
834297
834298
-834304
-834305
-834325
-834330
-834334
834335
-834347
834348
-834364
-834376
-834383
-834385
834386
834394
-834429
-834432
-834436
834461
834462
-834474
-834477
-834478
-834479
-834492
-834493
834512
834513
-834522
-834523
-834543
834548
-834558
-834562
-834565
834566
-834583
-834597
834604
-834610
-834613
834618
-834671
-834675
-834681
-834834
-834835
-834848
-834849
834864
834865
-834872
-834873
-834874
-834877
-834892
-834910
834915
-834925
-834929
-834932
834933
-834952
-834967
834974
-834980
-834983
834988
-835041
-835045
-835051
-835086
-835092
-835093
-835099
-835102
-835103
-835104
-835109
-835123
-835128
-835130
-835132
-835133
-835134
-835141
-835145
-835186
-835194
-835195
-835202
-835205
-835206
-835207
-835212
-835226
-835231
-835233
-835235
-835236
-835237
-835244
-835248
835261
835262
-835269
-835275
-835276
-835279
-835295
-835325
835330
-835340
-835344
-835347
835348
-835365
-835379
835386
-835392
-835395
835400
-835453
-835457
-835463
-835589
-835590
-835603
-835604
-835685
-835703
-835710
-835713
-835714
-835719
-835723
-835726
-835732
-835733
-835736
-835737
-835742
-835745
-835746
-835747
-835756
-835894
835895
835896
-835906
-835925
-835932
835968
835969
-835975
-835976
836013
-836019
-836023
-836027
-836028
-836030
-836035
836036
-836076
836077
836078
-836087
-836108
-836111
836157
836158
-836164
-836165
-836781
-836805
836827
836828
-836842
-836845
-836949
-836996
-836997
-837008
-837011
-837012
-837050
-837051
-837056
-837060
-837061
-837065
-837124
-837157
-837161
-837162
837166
-837179
-837184
-837190
-837195
-837199
-837203
-837216
-837218
-837227
-837228
-837229
-837240
-837242
-837246
-837250
-837251
837254
-837263
-837265
837270
-837298
-837299
-837300
-837326
837362
837366
837371
837421
837428
837430
-837456
-837459
-837460
-837461
-837472
-837510
837511
837512
-837521
-837558
837563
837564
-837569
837571
837572
-837577
837607
837611
837616
837663
837668
837669
-837693
-837694
-837695
-837706
-837708
-837712
-837716
-837717
837720
837722
-837730
-837733
837739
-837767
-837768
-837769
-837798
-837826
-837827
-837841
-837844
-837845
-837883
-837887
-837891
-837892
-837895
-837951
-837992
-838016
838038
838039
-838053
-838056
-838113
-838114
-838125
-838128
-838129
-838174
-838251
-838252
-838256
-838257
-838262
-838264
-838302
838344
838360
838361
838409
838411
838413
838415
-838417
-838418
838458
838474
838475
838520
838522
838524
838526
-838528
-838529
838617
838632
838633
838693
838695
838697
838699
-838701
-838702
-838716
-838721
-838729
-838762
-838780
838853
838863
838870
838871
838872
838873
838921
838923
838925
838927
-838929
-838931
-838998
-839088
-839092
-839097
-839140
-839260
-839264
-839265
839269
-839282
-839287
-839293
-839298
-839302
-839306
-839319
-839321
-839330
-839331
-839332
-839343
-839345
-839349
-839353
-839354
839357
-839366
-839368
839373
-839401
-839402
-839403
-839429
839465
839470
839476
839524
839531
839533
-839562
-839563
-839564
-839569
-839572
839587
839588
-839595
-839601
839669
839670
839673
839674
-839679
-839682
-839697
-839699
-839703
-839704
839709
-839724
-839729
-839743
-839747
-839750
-839754
-839770
-839772
-839781
-839782
-839783
-839794
-839796
-839800
-839804
-839805
839808
-839817
-839819
839824
-839852
-839853
-839854
-839899
839913
839918
839924
839972
839979
839981
-840125
-840128
-840129
-840130
-840141
-840179
840180
840181
-840190
-840227
840232
840233
-840238
840240
840241
-840246
840276
840280
840285
840332
840337
840338
-840362
-840363
-840364
-840375
-840377
-840378
-840385
-840386
840389
840391
-840399
-840402
840408
-840436
-840437
-840438
-840467
-840493
-840496
-840498
840505
-840514
-840519
-840529
-840531
-840534
-840538
-840551
-840553
-840562
-840563
-840564
-840574
-840580
840616
840617
-840625
-840632
840659
840660
-840665
840667
840668
-840673
-840708
840721
840726
840730
840792
840797
840798
-840807
-840808
-840809
-840820
-840822
-840823
-840830
-840831
840834
840836
-840844
-840847
840853
-840881
-840882
-840883
-840909
-840932
-840933
-840947
-840950
-840951
-840989
-840993
-840997
-840998
-841001
-841057
841108
841122
841123
841183
841185
841187
841189
-841191
-841192
841262
841271
841278
841279
841280
841281
841329
841331
841333
841335
-841337
-841339
841426
841435
841442
841443
841444
841445
841493
841495
841497
841499
-841501
-841503
841546
841555
841562
841563
841564
841565
841613
841615
841617
841619
-841621
-841623
-841658
-841663
-841672
-841684
-841700
-841775
-841826
-841827
-841838
-841841
-841842
-841883
-841887
-841937
-841954
-841978
842000
842001
-842015
-842018
-842113
-842203
-842207
-842212
-842255
-842317
-842318
-842319
-842324
-842327
842342
842343
-842350
-842356
842424
842425
842428
842429
-842434
-842437
-842452
-842454
-842458
-842459
842464
-842479
-842484
-842493
-842500
-842505
-842509
-842525
-842527
-842536
-842537
-842538
-842549
-842551
-842552
-842559
-842560
842563
-842572
-842574
842579
-842607
-842608
-842609
-842654
842668
842673
842679
842727
842734
842736
-842753
-842756
-842758
842765
-842774
-842779
-842789
-842791
-842794
-842798
-842811
-842813
-842822
-842823
-842824
-842829
-842837
842853
842854
-842862
-842869
842919
842920
842923
842924
-842929
-842932
-842950
842982
842986
842992
843052
843057
843058
-843067
-843068
-843069
-843080
-843082
-843083
-843090
-843091
843094
843096
-843104
-843107
843113
-843141
-843142
-843143
-843172
-843200
-843201
-843212
-843215
-843216
-843257
-843345
-843349
-843388
899866
899868
899871
-899872
-899875
-899876
899877
899879
-899888
-900043
-900044
-900045
-900047
-900054
-900077
-900078
-900085
-900089
-900090
900095
900096
-900103
-900106
-900107
900109
900110
-900119
900121
900122
-900129
-900132
-900133
900135
900136
-900145
-900200
-900203
-900214
-900217
-900218
-900221
-900222
900468
900470
900471
-900474
-900477
-900478
900479
-900488
900495
900496
900498
-900502
-900504
-900505
900511
900513
-900518
-900528
-900540
-900542
-900638
-900639
-900646
-900650
-900651
-900655
-900658
-900659
-900660
-900664
-900667
-900668
-900677
-900678
900689
-900693
-900696
900697
-900701
-900702
-900705
900715
-900719
-900723
900724
-900727
-900728
-900746
-900747
-900749
-900753
-900801
-900805
-901045
-901077
-901078
-901086
-901123
-901126
-901127
-901132
-901173
-901178
-901179
901185
901194
-901201
-901202
-901232
-901239
-901244
-901251
-901267
-901279
-901286
-901291
-901293
-901344
-901348
-901349
901354
-901361
-901383
-901389
-901390
-901391
-901392
-901393
901457
901461
-901466
-901468
-901470
901476
901477
901479
901481
-901483
-901487
-901489
-901503
901504
-901508
-901509
-901511
-901522
-901531
-901532
-901534
-901599
-901604
-901613
-901702
-901736
-901741
901743
901747
901749
-901759
-901767
-901776
-901784
-901786
-901815
-901818
901820
901821
901823
-901833
901852
-901858
-901861
-901863
901870
-901872
901876
-901880
901884
-901892
-901894
-901937
-901945
-901961
-901965
-901966
901971
901972
-901988
-901995
-902002
-902065
-902072
-902073
902107
-902113
-902114
-902117
-902119
-902123
902132
902134
-902139
-902140
-902142
902146
-902147
902149
902151
902152
-902159
-902162
-902163
902165
902166
-902175
902177
902178
-902185
-902188
-902189
902191
902192
-902201
-902358
-902363
-902372
-902373
-902385
-902386
-902391
-902394
-902397
902403
-902409
-902411
-902412
-902413
-902501
-902511
-902524
902541
902542
-902549
-902553
-902554
-902694
-902697
-902734
-902737
-902748
-902751
-902752
-902755
-902756
-902845
-902846
-902850
-902851
-902854
-902855
-902860
-902950
-902951
-902961
-902963
-902967
-902968
-902969
-902974
-902977
-902988
-902990
-902994
-902995
-902996
-903001
-903004
-903017
-903018
-903040
-903041
-903220
-903252
-903253
-903261
-903298
-903301
-903302
-903307
-903348
-903353
903355
-903359
903369
-903373
-903374
-903407
-903414
-903419
-903426
-903441
-903454
-903458
-903464
-903466
-903518
-903522
-903524
903526
-903536
-903543
-903549
-903550
-903551
-903552
-903553
903571
903575
-903580
-903582
-903584
903590
903591
903593
903595
-903597
-903601
-903603
-903617
903618
-903622
-903623
-903625
-903636
-903645
-903646
-903648
-903720
-903730
-903736
-903806
-903862
-903867
903869
903873
903875
-903885
-903893
-903902
-903910
-903912
-903941
-903944
903946
903947
903949
-903959
903979
-903983
-903987
903991
-903993
-904000
904002
-904005
904011
-904015
-904017
-904063
-904071
-904075
-904079
-904080
904085
904086
904105
-904111
-904112
-904115
-904117
-904121
904130
904132
-904137
-904138
-904140
904144
-904145
904147
-904157
-904164
-904171
-904234
-904241
-904242
-904405
-904410
-904419
-904420
-904432
-904433
-904438
-904441
-904444
904450
-904456
-904458
-904459
-904460
-904637
-904647
904684
904685
-904692
-904696
-904697
-904708
-904943
-904946
905704
905706
-905711
-905720
-905724
905728
-905732
-905733
-905735
905740
-905748
-905750
-905752
-905781
-905825
905830
905831
905833
-905842
-905954
-906039
-906043
-906047
906067
906068
906069
-906070
-906073
-906078
906082
-906093
-906115
-906118
-906119
-906122
-906125
-906126
-906133
-906137
-906143
-906147
-906149
-906151
-906154
-906155
906159
-906168
-906177
-906202
-906214
-906220
906229
906233
906235
906236
-906239
906244
-906305
-906307
-906312
-906313
-906315
-906336
906338
-906344
906346
-906348
-906356
-906364
-906366
906378
906379
-906386
-906389
-906408
-906416
906482
906483
-906489
-906494
-906502
-906510
-906604
-906608
-906642
-906643
-906644
-906662
-906665
906666
906667
-906675
-906676
-906677
906678
906680
-906685
906689
906690
-906698
-906702
-906704
-906705
-906708
-906771
-906779
-906784
-906785
-906823
-906824
-906825
-906827
-906848
-906854
-906855
906856
-906861
-906862
-906897
-906901
-906908
-906909
-906947
-906951
-906953
-906956
-906962
-906963
906964
-906969
-906970
907308
907309
-907322
-907323
-907341
-907342
907358
907359
-907366
-907367
-907368
-907397
-907398
-907458
907463
907464
-907473
-907474
-907478
-907479
-907518
-907523
-907524
-907525
-907528
-907531
-907537
-907538
-907539
-907540
-907549
-907551
-907552
-907554
-907560
-907561
-907562
907613
907614
-907618
-907623
-907627
907633
-907640
-907641
-907643
907648
-907656
-907658
-907660
-907689
-907733
907738
907739
907741
-907750
907852
907853
907854
-907855
-907858
-907863
907867
-907878
-907900
-907903
-907904
-907907
-907910
-907911
-907918
-907922
-907928
-907932
-907934
-907947
-908032
-908036
-908040
-908289
-908292
-908293
908297
-908306
-908315
-908340
-908352
-908357
908362
908372
908373
908374
-908377
908379
-908417
-908419
-908424
-908425
-908427
-908459
908461
-908467
908469
-908471
-908494
-908498
-908503
908516
908517
-908524
-908527
-908546
-908554
908620
908621
-908627
-908632
-908640
-908648
-908995
-908999
-909006
-909007
-909008
-909026
-909029
909030
909031
-909039
-909040
-909041
909042
909044
-909049
909053
909054
-909062
-909066
-909068
-909069
-909072
-909162
-909166
-909173
-909174
-909211
-909212
-909216
-909218
-909221
-909227
-909228
909229
-909234
-909235
-909288
-909292
-909299
-909300
-909338
-909342
-909344
-909347
-909353
-909354
909355
-909360
-909361
909597
909598
-909605
-909608
-909609
909611
909612
-909621
909623
909624
-909631
-909634
-909635
909637
909638
-909647
909653
909654
-909670
-909671
-909686
-909687
909708
909709
-909716
-909717
-909718
-909747
-909748
-909808
909809
909810
-909823
-909824
-909826
-909827
-909867
-909872
-909874
-909875
-909877
-909881
-909883
-909884
-909885
-909890
-909899
-909901
-909902
-909904
-909910
-909911
-909912
909963
909964
909972
909973
-909976
-909979
-909980
-909985
909989
909990
-909997
-910000
-910001
910003
910004
-910013
-1150949
-1150953
-1151067
-1151068
-1151089
-1151090
-1151091
1151099
1151106
1151107
1151108
-1151139
-1151144
-1151149
-1151150
1151151
-1151155
-1151306
-1151310
-1151317
-1151318
-1151357
-1151358
-1151359
-1151365
-1151368
-1151371
-1151377
-1151378
1151379
-1151384
-1151385
-1151453
-1151454
-1151455
-1151468
-1151470
1151472
1151480
1151481
1151482
1151484
1151508
1151526
1151532
1151533
-1151536
1151539
1151540
1151541
-1151546
-1151547
1151548
-1151555
-1151556
-1151679
1151684
-1151694
-1151697
1151703
-1151717
-1151723
-1151730
1151735
-1151740
-1151742
-1151743
1151746
-1151774
-1151776
1151777
1151782
-1151787
-1151812
-1151816
-1151820
1151833
1151834
-1151842
-1151860
-1151861
-1151862
-1151867
-1151869
-1151870
-1151960
-1151966
-1151967
-1151968
-1151983
-1151989
1151990
1151992
-1151995
-1151997
-1151999
1152000
-1152007
1152014
1152015
-1152018
-1152022
1152024
1152025
-1152038
1152039
1152041
1152043
1152045
1152052
-1152054
-1152059
-1152060
-1152063
-1152065
-1152068
-1152070
-1152078
-1152107
-1152116
-1152120
-1152121
-1152122
1152153
1152154
-1152229
-1152233
1152790
1152791
-1152801
-1152807
-1152816
-1152826
-1152833
-1152877
-1152884
-1152948
-1152955
-1152960
-1153156
1153159
-1153165
1153166
-1153184
-1153193
-1153198
-1153199
-1153232
1153237
-1153242
-1153244
-1153314
-1153363
-1153417
-1153419
1153426
1153427
1153428
1153432
-1153458
1153463
-1153467
-1153469
-1153494
1153497
-1153501
-1153502
-1153554
-1153590
-1153614
-1153618
1153623
1153627
1153629
-1153641
-1153647
-1153656
-1153679
-1153686
-1153689
-1153690
-1153691
-1153698
-1153699
-1153701
-1153702
-1153703
-1153705
1153711
1153712
-1153713
1153731
1153732
1153751
1153752
-1153755
-1153757
-1153759
-1153765
-1153766
1153779
1153782
-1153784
-1153787
-1153789
-1153802
-1153815
-1153817
-1153819
-1153821
1153823
-1153827
-1153833
1153887
1153889
-1153896
-1153899
-1153903
-1153909
1153910
1153912
-1153919
-1153921
-1153924
-1153929
-1154492
1154495
-1154501
1154502
-1154521
-1154531
-1154537
-1154538
-1154574
1154579
-1154584
-1154586
-1154656
-1154715
-1154747
-1154749
1154756
1154757
1154758
1154762
-1154786
1154789
-1154796
-1154798
-1154830
1154833
-1154837
-1154838
-1154877
-1154911
1154968
1154969
-1154979
-1154985
-1154993
-1155002
-1155008
-1155049
-1155056
-1155120
-1155127
-1155132
1155329
1155331
-1155338
-1155341
-1155345
-1155351
1155352
1155354
-1155361
-1155363
-1155366
-1155371
-1155391
-1155395
1155401
1155402
1155406
1155408
-1155421
-1155433
-1155437
-1155462
-1155469
-1155472
-1155473
-1155474
-1155481
-1155482
-1155484
-1155485
-1155486
-1155488
1155494
1155495
-1155496
1155514
1155515
1155536
1155537
-1155542
-1155548
-1155549
-1155552
-1155553
1155555
1155571
1155574
-1155576
-1155579
-1155581
-1155594
-1155607
-1155609
-1155611
-1155613
1155615
-1155619
-1155625
-1156573
1156578
-1156588
-1156591
1156597
-1156611
-1156617
-1156623
1156630
-1156634
-1156637
-1156639
1156641
-1156671
-1156673
1156674
1156679
-1156684
-1156709
-1156713
-1156719
1156728
1156729
-1156742
-1156759
-1156760
-1156765
-1156767
-1156768
-1156854
-1156860
-1156861
-1156862
-1156883
-1156886
1156888
1156889
-1156892
-1156894
-1156896
1156898
1156900
-1156912
1156914
1156915
-1156918
-1156922
1156924
1156925
-1156938
1156939
1156941
1156944
1156946
1156948
-1156954
-1156958
-1156960
-1156963
-1156965
-1156968
-1156970
-1156978
-1157003
-1157009
-1157013
-1157015
1157027
1157028
1157109
-1157126
-1157130
-1157253
-1157257
-1157369
-1157370
-1157394
-1157395
-1157396
1157404
1157411
1157412
1157413
-1157429
-1157449
-1157454
-1157455
1157456
-1157460
-1157611
-1157615
-1157625
-1157626
-1157662
-1157663
-1157667
-1157669
-1157673
-1157679
-1157680
1157681
-1157686
-1157687
-1157755
-1157756
-1157757
-1157770
-1157772
1157775
1157781
1157782
1157784
1157785
1157807
1157826
1157831
1157832
-1157835
1157838
1157840
1157841
-1157844
1157847
-1157851
-1157852
-1159132
-1159135
-1159136
-1159138
-1159140
1159166
1159169
1159171
1159175
1159176
1159200
1159201
1159202
-1159206
-1159208
-1159209
-1159214
-1159215
-1159216
1159217
-1159230
-1159232
-1159234
-1159241
-1159242
-1159243
-1159255
-1159267
1159304
1159306
1159308
-1159310
1159318
1159321
1159324
1159326
1159354
1159355
1159356
-1159370
-1159371
-1159372
-1159373
-1159374
-1159446
-1159447
-1159448
-1159456
-1159457
1159470
1159471
-1159479
-1159480
-1159496
-1159499
-1159500
-1159502
-1159504
1159530
1159533
1159535
1159539
1159540
1159564
1159565
1159566
-1159570
-1159572
-1159573
-1159578
-1159579
-1159580
1159581
-1159594
-1159596
-1159598
-1159605
-1159606
-1159607
-1159619
-1159631
1159668
1159670
1159672
-1159674
1159682
1159685
1159688
1159690
1159714
1159715
1159716
-1159730
-1159731
-1159732
-1159733
-1159734
-1159806
-1159807
-1159808
-1159816
-1159817
1159830
1159831
-1159839
-1159840
1159899
1159900
1159947
1159948
-1160611
-1160614
-1160615
-1160617
-1160619
1160645
1160648
1160650
1160654
1160655
1160679
1160680
1160681
-1160685
-1160686
-1160688
-1160690
-1160691
-1160692
1160696
-1160709
-1160711
-1160713
-1160720
-1160721
-1160722
-1160733
-1160745
1160771
1160773
1160775
-1160777
1160797
1160800
1160803
1160805
1160833
1160834
1160835
-1160849
-1160850
-1160851
-1160852
-1160853
-1160928
-1160929
-1160930
-1160935
-1160936
1160951
1160952
-1160961
-1160962
-1161016
-1161019
-1161020
-1161022
-1161024
1161050
1161053
1161055
1161059
1161060
1161085
1161086
1161087
-1161090
-1161091
-1161093
-1161095
-1161096
-1161097
1161101
-1161114
-1161116
-1161118
-1161127
-1161128
-1161129
-1161141
-1161155
1161182
1161184
1161186
-1161188
1161208
1161211
1161214
1161216
1161240
1161241
1161242
-1161256
-1161257
-1161258
-1161259
-1161260
-1161332
-1161333
-1161334
-1161342
-1161343
1161356
1161357
-1161362
-1161363
-1162832
-1162836
-1162930
-1162931
-1162952
-1162953
-1162954
1162962
1162969
1162970
1162971
-1163005
-1163010
-1163015
-1163016
1163017
-1163021
-1163058
-1163062
-1163069
-1163070
-1163109
-1163110
-1163111
-1163117
-1163120
-1163123
-1163129
-1163130
1163131
-1163136
-1163137
-1163182
-1163183
-1163184
-1163197
-1163199
1163201
1163209
1163210
1163211
1163213
1163237
1163255
1163261
1163262
-1163265
1163268
1163269
1163270
-1163275
-1163276
1163277
-1163284
-1163285
-1163396
1163403
-1163407
-1163410
1163418
-1163428
1163433
-1163438
-1163440
-1163441
1163444
-1163455
-1163461
-1163492
-1163493
1163496
1163503
-1163506
-1163512
-1163516
-1163520
-1163543
-1163544
-1163545
-1163560
-1163566
1163567
1163569
-1163572
-1163574
-1163576
1163577
-1163584
1163591
1163592
-1163595
-1163599
1163601
1163602
-1163615
1163627
1163628
-1163636
-1163654
-1163655
-1163656
-1163661
-1163663
-1163664
-1163754
1163818
1163820
1163822
1163824
1163831
-1163833
-1163838
-1163839
-1163842
-1163844
-1163847
-1163849
-1163857
-1163886
-1163895
-1163899
-1163900
-1163901
1163932
1163933
-1163944
-1163951
1164060
1164061
1164111
1164112
1164113
1164130
-1164826
-1164830
-1164924
-1164925
-1164946
-1164947
-1164948
1164955
1164961
1164963
1164964
-1164978
-1165000
-1165006
1165008
-1165010
-1165045
-1165052
-1165056
-1165057
-1165100
-1165107
1165109
-1165113
-1165114
-1165125
-1165126
-1165127
-1165133
-1165136
-1165161
-1165162
-1165163
-1165176
-1165177
1165180
1165188
1165189
1165190
1165192
1165217
1165236
1165240
1165241
-1165244
1165247
-1165251
-1165252
1165257
1165258
-1165263
-1165264
1165265
-1165293
1165300
-1165304
-1165307
1165315
-1165325
1165330
-1165335
-1165337
-1165338
1165341
-1165353
-1165360
-1165392
-1165393
1165396
1165403
-1165406
-1165412
-1165416
-1165420
-1165443
-1165444
-1165445
-1165460
-1165466
1165467
1165469
-1165472
-1165474
-1165476
1165477
-1165484
1165491
1165492
-1165495
-1165499
1165501
1165502
-1165515
1165527
1165528
-1165536
-1165554
-1165555
-1165556
-1165561
-1165563
-1165564
-1165654
1165718
1165720
1165722
1165724
1165731
-1165733
-1165738
-1165739
-1165742
-1165744
-1165747
-1165749
-1165755
-1165786
-1165797
-1165800
-1165803
-1165804
1165838
1165839
-1165850
-1165857
1166471
1166472
-1166482
-1166488
-1166520
-1166525
-1166535
-1166563
-1166570
-1166652
-1166659
-1166664
-1166827
-1166831
1166836
1166840
1166842
-1166854
-1166860
-1166869
-1166892
-1166899
-1166902
-1166903
-1166904
-1166911
-1166912
-1166914
-1166915
-1166916
-1166918
1166924
1166925
-1166926
1166944
1166945
1166964
1166965
-1166968
-1166970
-1166972
-1166978
-1166979
1166992
1166995
-1166997
-1167000
-1167002
-1167015
-1167028
-1167030
-1167032
-1167034
1167036
-1167040
-1167046
-1167099
1167102
-1167108
1167109
-1167127
-1167136
-1167141
-1167142
-1167175
1167180
-1167185
-1167187
-1167257
-1167306
-1167360
-1167362
1167369
1167370
1167371
1167375
-1167401
1167406
-1167410
-1167412
-1167437
1167440
-1167444
-1167445
-1167497
-1167533
1167591
1167593
-1167600
-1167603
-1167607
-1167613
1167614
1167616
-1167623
-1167625
-1167628
-1167633
1168581
1168586
-1168588
-1168592
1168596
1168600
-1168612
-1168619
-1168628
-1168649
-1168654
-1168656
-1168657
1168663
-1168665
-1168673
-1168676
-1168677
-1168678
-1168687
-1168688
-1168690
1168698
1168703
1168704
1168706
1168707
1168725
1168726
-1168729
-1168732
-1168734
-1168740
-1168741
1168757
1168759
-1168761
-1168764
-1168768
-1168782
-1168793
-1168795
-1168798
-1168801
1168803
-1168806
-1168815
1168849
1168850
-1168895
-1168900
-1168907
-1168938
-1168943
1169190
1169199
1169205
1169219
1169225
1169226
-1169233
-1169238
-1169242
-1169249
1169251
1169252
-1169259
-1169263
-1169266
-1169272
-1169324
1169328
-1169333
1169335
-1169359
-1169393
1169401
-1169403
-1169474
-1169520
-1169574
-1169575
1169583
1169584
1169586
1169589
-1169614
1169620
-1169623
-1169626
-1169649
1169655
-1169657
-1169659
-1169711
-1169744
-1170288
1170291
-1170297
1170298
-1170339
-1170345
-1170354
-1170355
-1170375
1170380
-1170385
-1170387
-1170475
-1170534
-1170566
-1170568
1170575
1170576
1170577
1170581
-1170605
1170608
-1170615
-1170617
-1170649
1170652
-1170656
-1170657
-1170692
-1170730
1170788
1170790
-1170797
-1170800
-1170804
-1170810
1170811
1170813
-1170820
-1170822
-1170825
-1170830
1170883
1170884
-1170894
-1170900
-1170908
-1170917
-1170923
-1170964
-1170971
-1171035
-1171042
-1171047
-1171210
-1171214
1171220
1171221
1171225
1171227
-1171240
-1171252
-1171256
-1171281
-1171288
-1171291
-1171292
-1171293
-1171300
-1171301
-1171303
-1171304
-1171305
-1171307
1171313
1171314
-1171315
1171333
1171334
1171355
1171356
-1171361
-1171367
-1171368
-1171371
-1171372
1171374
1171391
1171393
-1171394
-1171402
-1171404
-1171413
-1171426
-1171428
-1171430
-1171432
1171434
-1171438
-1171444
1172423
1172428
1172437
1172452
1172457
1172459
-1172466
-1172468
-1172469
-1172474
1172480
1172482
-1172489
-1172490
-1172491
-1172495
-1172531
1172535
-1172540
1172542
-1172590
-1172611
1172619
-1172621
-1172710
-1172769
-1172801
-1172802
1172810
1172811
1172813
1172816
-1172839
1172843
-1172849
-1172852
-1172882
1172888
-1172890
-1172892
-1172927
-1172965
1172985
1172990
-1172992
-1172996
1173002
1173003
1173007
1173009
-1173022
-1173036
-1173039
-1173064
-1173073
-1173076
-1173077
-1173078
-1173087
-1173088
-1173090
-1173092
-1173093
-1173095
1173101
1173102
-1173103
1173117
1173122
1173123
1173125
1173126
1173146
1173147
-1173152
-1173160
-1173161
-1173163
-1173164
1173168
1173186
1173187
-1173188
-1173196
-1173200
-1173210
-1173224
-1173228
-1173229
-1173232
1173234
-1173237
-1173246
1173300
1173301
-1173322
-1173331
-1173334
-1173378
-1173383
-1174462
1174467
-1174477
-1174480
1174486
-1174500
-1174506
-1174512
1174519
-1174523
-1174526
-1174528
1174530
-1174560
-1174562
1174563
1174568
-1174573
-1174598
-1174602
-1174608
1174617
1174618
-1174631
-1174648
-1174649
-1174654
-1174656
-1174657
-1174743
-1174749
-1174750
-1174751
-1174772
-1174775
1174777
1174778
-1174781
-1174783
-1174785
1174787
1174789
-1174801
1174803
1174804
-1174807
-1174811
1174813
1174814
-1174827
1174828
1174830
1174833
1174835
1174837
-1174843
-1174847
-1174849
-1174852
-1174854
-1174857
-1174859
-1174867
-1174892
-1174898
-1174902
-1174904
1174916
1174917
1174998
-1175015
-1175019
-1175146
-1175150
-1175240
-1175241
-1175244
-1175245
-1175246
1175254
1175261
1175262
1175263
-1175299
-1175307
-1175312
-1175313
1175314
-1175318
-1175373
-1175377
-1175384
-1175385
-1175421
-1175422
-1175426
-1175428
-1175432
-1175438
-1175439
1175440
-1175445
-1175446
-1175470
-1175471
-1175472
-1175485
-1175487
1175490
1175496
1175497
1175499
1175500
1175522
1175541
1175546
1175547
-1175550
1175553
1175555
1175556
-1175559
1175562
-1175566
-1175567
1175639
1175640
1175690
1175691
1175692
1175709
-1176678
1176683
-1176693
-1176696
1176702
-1176717
-1176724
-1176731
1176738
-1176742
-1176745
-1176747
1176749
-1176779
-1176781
1176782
1176787
-1176792
-1176817
-1176821
-1176827
1176840
1176841
-1176850
-1176867
-1176870
-1176871
-1176873
-1176874
-1176939
-1176962
-1176963
-1176964
-1176979
-1176985
1176987
1176988
-1176991
-1176995
1176997
-1177006
1177010
1177011
-1177014
-1177016
-1177018
1177020
1177022
-1177034
1177035
1177037
1177040
1177041
1177045
-1177050
-1177054
-1177056
-1177059
-1177061
-1177064
-1177066
-1177072
-1177099
-1177106
-1177111
-1177112
1177135
1177136
1177211
-1177225
-1177232
-1177426
-1177430
-1177520
-1177521
-1177524
-1177525
-1177526
1177537
1177540
1177541
1177542
-1177568
-1177574
1177576
-1177578
-1177588
-1177647
-1177651
-1177658
-1177659
-1177686
-1177693
1177695
-1177699
-1177700
-1177711
-1177712
-1177716
-1177718
-1177741
-1177742
-1177743
-1177755
-1177757
1177761
1177767
1177768
1177770
1177771
1177795
1177814
-1177819
-1177820
1177826
1177827
-1177830
1177833
1177835
1177836
-1177839
1177842
-1178822
-1178825
-1178826
-1178828
-1178830
1178837
1178840
1178842
1178848
1178849
1178870
1178871
1178872
-1178875
-1178877
-1178878
-1178880
-1178882
-1178883
1178884
-1178899
-1178901
-1178903
-1178907
-1178908
-1178909
-1178944
-1178956
1178963
1178965
1178967
-1178971
1178976
1178979
1178982
1178984
1179000
1179001
1179002
-1179016
-1179017
-1179018
-1179019
-1179020
-1179111
-1179112
-1179113
-1179121
-1179122
1179133
1179134
-1179146
-1179147
-1179223
-1179226
-1179227
-1179229
-1179231
1179238
1179241
1179243
1179249
1179250
1179272
1179273
1179274
-1179276
-1179278
-1179279
-1179281
-1179283
-1179284
1179285
-1179300
-1179302
-1179304
-1179309
-1179310
-1179311
-1179348
-1179362
1179370
1179372
1179374
-1179378
1179383
1179386
1179389
1179391
1179407
1179408
1179409
-1179423
-1179424
-1179425
-1179426
-1179427
-1179519
-1179520
-1179521
-1179532
-1179533
1179543
1179544
-1179552
-1179553
1179601
1179602
1179603
1179619
1179654
1179655
1179656
1179673
-1180646
-1180649
-1180650
-1180652
-1180654
1180661
1180664
1180666
1180672
1180673
1180695
1180696
1180697
-1180699
-1180701
-1180702
1180704
-1180708
-1180710
-1180711
-1180723
-1180725
-1180727
-1180732
-1180733
-1180734
-1180771
-1180785
1180791
1180794
1180797
1180799
1180805
1180807
1180809
-1180813
1180830
1180831
1180832
-1180846
-1180847
-1180848
-1180849
-1180850
-1180938
-1180939
-1180940
-1180951
-1180952
1180963
1180964
-1180973
-1180974
-1181015
-1181018
-1181019
-1181021
-1181023
1181030
1181033
1181035
1181041
1181042
1181064
1181065
1181066
-1181068
-1181070
-1181071
1181073
-1181077
-1181079
-1181080
-1181092
-1181094
-1181096
-1181101
-1181102
-1181103
-1181140
-1181154
1181160
1181163
1181166
1181168
1181174
1181176
1181178
-1181182
1181199
1181200
1181201
-1181215
-1181216
-1181217
-1181218
-1181219
-1181311
-1181312
-1181313
-1181324
-1181325
1181336
1181337
-1181346
-1181347
-1182407
-1182411
-1182524
-1182525
-1182527
-1182528
-1182529
1182536
1182542
1182544
1182545
-1182576
-1182583
-1182589
1182591
-1182593
-1182660
-1182668
1182671
1182675
-1182677
-1182678
-1182689
-1182690
-1182691
-1182697
-1182700
-1182824
-1182825
-1182826
-1182839
-1182840
1182843
1182851
1182852
1182853
1182855
1182880
1182899
1182903
1182904
-1182907
1182910
-1182914
-1182915
1182920
1182921
-1182926
-1182927
1182928
-1183099
1183106
-1183110
-1183113
1183121
-1183131
1183136
-1183141
-1183143
-1183144
1183147
-1183159
-1183166
-1183198
-1183199
1183202
1183209
-1183212
-1183218
-1183222
-1183226
-1183249
-1183250
-1183251
-1183266
-1183272
1183273
1183275
-1183278
-1183280
-1183282
1183283
-1183290
1183297
1183298
-1183301
-1183305
1183307
1183308
-1183321
1183333
1183334
-1183342
-1183360
-1183361
-1183362
-1183367
-1183369
-1183370
-1183460
1183524
1183526
1183528
1183530
1183537
-1183539
-1183544
-1183545
-1183548
-1183550
-1183553
-1183555
-1183561
-1183592
-1183603
-1183606
-1183609
-1183610
1183644
1183645
-1183656
-1183663
1184823
1184828
-1184830
-1184834
1184838
1184842
-1184854
-1184861
-1184870
-1184891
-1184896
-1184898
-1184899
1184905
-1184907
-1184915
-1184918
-1184919
-1184920
-1184929
-1184930
-1184932
1184940
1184945
1184946
1184948
1184949
1184967
1184968
-1184971
-1184974
-1184976
-1184982
-1184983
1185000
1185001
-1185002
-1185010
-1185014
-1185024
-1185035
-1185037
-1185040
-1185043
1185045
-1185048
-1185057
1185087
1185096
1185102
1185116
1185122
1185123
-1185130
-1185135
-1185139
-1185146
1185148
1185149
-1185156
-1185160
-1185163
-1185169
1185202
1185203
-1185248
-1185253
-1185260
-1185291
-1185296
-1185546
1185550
-1185555
1185557
-1185600
-1185620
1185628
-1185630
-1185716
-1185762
-1185816
-1185817
1185825
1185826
1185828
1185831
-1185856
1185862
-1185865
-1185868
-1185891
1185897
-1185899
-1185901
-1185950
-1185986
1186969
1186978
1186984
1186998
1187003
1187005
-1187012
-1187014
-1187015
-1187020
1187026
1187028
-1187035
-1187036
-1187037
-1187041
1187061
1187066
-1187068
-1187072
1187078
1187079
1187083
1187085
-1187098
-1187112
-1187115
-1187140
-1187149
-1187152
-1187153
-1187154
-1187163
-1187164
-1187166
-1187168
-1187169
-1187171
1187177
1187178
-1187179
1187193
1187198
1187199
1187201
1187202
1187222
1187223
-1187228
-1187236
-1187237
-1187239
-1187240
1187244
1187262
1187263
-1187264
-1187272
-1187276
-1187286
-1187300
-1187304
-1187305
-1187308
1187310
-1187313
-1187322
-1187355
1187359
-1187364
1187366
-1187414
-1187435
1187443
-1187445
-1187534
-1187593
-1187625
-1187626
1187634
1187635
1187637
1187640
-1187663
1187667
-1187673
-1187676
-1187706
1187712
-1187714
-1187716
-1187751
-1187789
1187826
1187827
-1187868
-1187873
-1187879
-1187909
-1187914
-1189088
1189095
-1189099
-1189102
1189110
-1189119
1189126
-1189130
-1189133
-1189135
1189137
-1189151
-1189158
-1189190
-1189191
1189194
1189201
-1189204
-1189210
-1189214
-1189220
-1189244
-1189245
-1189246
-1189261
-1189267
1189269
1189270
-1189273
-1189277
1189279
-1189288
1189292
1189293
-1189296
-1189298
-1189300
1189302
1189304
-1189316
1189327
1189328
-1189337
-1189354
-1189357
-1189358
-1189360
-1189361
-1189426
1189508
1189513
1189515
1189518
1189519
1189523
-1189528
-1189532
-1189534
-1189537
-1189539
-1189542
-1189544
-1189550
-1189577
-1189584
-1189589
-1189590
1189613
1189614
-1189636
-1189640
-1189760
-1189764
-1189874
-1189875
-1189878
-1189879
-1189880
1189891
1189894
1189895
1189896
-1189922
-1189928
1189930
-1189932
-1189942
-1190014
-1190022
1190025
1190029
-1190031
-1190032
-1190043
-1190044
-1190048
-1190050
-1190175
-1190176
-1190177
-1190189
-1190191
1190195
1190201
1190202
1190204
1190205
1190229
1190248
-1190253
-1190254
1190260
1190261
-1190264
1190267
1190269
1190270
-1190273
1190276
-1193563
-1193574
-1193580
-1193581
-1193591
-1193595
-1193596
-1193615
1193621
-1193627
-1193629
-1193630
-1193631
-1193706
-1193713
-1193742
1193759
1193760
-1193767
-1193771
-1193772
-1194032
-1194035
-1194586
-1194611
-1194618
-1194669
-1194672
-1194676
-1194694
-1194699
1194701
-1194705
1194715
-1194722
-1194723
-1194750
-1194756
-1194760
-1194766
-1194782
-1194797
-1194801
-1194806
-1194808
-1194872
-1194875
-1194876
1194880
-1194885
-1194895
-1194901
-1194902
-1194903
-1194904
-1194905
1194966
1194970
-1194975
-1194977
-1194979
1194985
1194986
1194988
1194990
-1194992
-1194996
-1194998
-1195012
1195013
-1195017
-1195018
-1195020
-1195031
-1195040
-1195041
-1195043
-1195059
-1195064
-1195073
-1195159
-1195190
-1195195
1195197
1195206
1195208
-1195213
-1195221
-1195227
-1195232
-1195236
-1195281
-1195284
1195286
1195287
1195289
-1195299
1195300
-1195306
-1195309
-1195311
1195318
-1195320
1195324
-1195328
1195332
-1195340
-1195342
-1195379
-1195383
-1195401
-1195404
-1195405
1195408
-1195427
-1195431
-1195438
-1195533
-1195540
-1195541
1195544
-1195549
-1195550
-1195552
-1195553
-1195557
1195565
1195567
-1195572
-1195573
-1195575
1195579
-1195580
1195582
1195700
1195701
-1195712
-1195713
-1195720
-1195748
-1195750
-1195782
-1195792
-1195840
-1195881
-1195890
-1195898
1195902
-1195912
-1195914
1195920
-1195959
-1195960
-1195963
-1195965
-1195966
-1196019
-1196046
-1196050
-1196051
-1196063
-1196064
-1196070
-1196074
-1196085
-1196086
-1196089
-1196093
-1196108
-1196148
-1196166
-1196174
-1196175
-1196181
-1196209
-1196212
-1196213
-1196215
-1196305
-1196308
-1196316
-1196323
-1196326
1196327
1196333
-1196345
-1196352
-1196353
-1196354
-1196369
-1196370
1196374
1196378
-1196381
-1196398
-1196403
-1196412
-1196501
-1196535
-1196540
1196547
1196551
1196553
-1196558
-1196566
-1196576
-1196578
-1196581
-1196623
-1196626
1196628
1196629
1196631
-1196637
1196639
-1196645
-1196648
-1196650
1196657
-1196659
1196663
-1196667
1196674
-1196679
-1196681
-1196724
-1196726
-1196742
-1196746
-1196747
1196752
1196753
-1196772
-1196776
-1196783
-1196856
-1196861
-1196862
1196879
-1196885
-1196886
-1196889
-1196891
-1196895
1196904
1196906
-1196911
-1196912
-1196914
1196918
-1196919
1196921
-1197030
-1197061
-1197069
-1197102
-1197105
-1197109
-1197149
-1197154
-1197160
1197166
1197170
-1197177
-1197178
-1197208
-1197224
-1197230
-1197237
-1197242
-1197255
-1197262
-1197267
-1197269
-1197315
-1197318
-1197319
1197323
-1197328
-1197353
-1197358
-1197359
-1197361
-1197362
1197424
1197428
-1197430
-1197432
-1197434
1197443
1197445
1197446
1197448
-1197450
-1197453
-1197454
-1197467
1197469
-1197472
-1197473
-1197474
-1197486
-1197495
-1197496
-1197498
-1197554
-1197581
-1197584
-1197585
-1197596
-1197598
-1197599
-1197606
-1197617
-1197622
-1197633
-1197634
-1197637
-1197677
-1197696
-1197705
-1197706
-1197713
-1197744
-1197747
-1197748
-1197750
-1197834
-1197838
-1197847
-1197855
-1197858
1197859
1197867
-1197880
-1197887
-1197888
-1197889
-1197907
-1197908
1197912
1197916
-1197919
1198041
1198042
-1198053
-1198054
-1198061
-1198089
-1198091
-1198122
-1198131
-1198175
-1198215
-1198223
-1198230
1198234
-1198242
-1198244
1198249
-1198285
-1198286
-1198289
-1198291
-1198292
-1198521
-1198527
-1198533
-1198534
-1198541
1198548
-1198553
-1198556
-1198557
-1198558
-1198571
-1198575
-1198576
-1198659
-1198666
1198680
1198681
-1198688
-1198691
-1198692
-1198703
-1198954
-1198957
-1199715
-1199716
-1199729
-1199732
-1199733
-1199736
-1199737
-1200003
-1200004
-1200017
-1200020
-1200021
-1200024
-1200025
-1200114
-1200115
-1200119
-1200120
-1200123
-1200124
-1200129
-1200216
-1200217
-1200228
-1200229
-1200233
-1200234
-1200235
-1200240
-1200241
-1200252
-1200253
-1200257
-1200258
-1200259
-1200264
-1200265
-1200277
-1200278
-1200297
-1200298
-1200427
-1200428
-1200485
-1200486
1200518
1200519
-1200524
-1200525
-1200526
1200553
1200554
-1200559
-1200560
-1200561
1200562
1200563
1200569
-1200574
-1200575
-1200576
-1200577
1200582
1200584
-1200591
-1200592
-1200593
1200595
1200596
-1200604
-1200608
-1200609
1200631
1200632
-1200641
-1200643
-1200644
1200645
1200647
-1200653
-1200915
-1200921
-1201042
1201056
1201057
-1201072
-1201142
-1201169
-1201170
-1201176
1201185
1201186
-1201192
-1201197
-1201198
-1201201
-1201203
-1201204
-1201206
-1201213
-1201214
-1201215
-1201217
1201223
1201225
1201226
-1201230
1201238
1201239
-1201249
-1201253
-1201263
-1201265
-1201280
-1201284
-1201384
1201395
-1201399
-1201402
1201403
-1201407
-1201408
-1201413
1201419
-1201425
-1201427
-1201428
-1201429
1201431
-1201446
-1201448
-1201450
-1201488
-1201491
-1201494
-1201498
-1201499
-1201500
-1201513
-1201518
1201519
1201521
-1201524
-1201526
-1201527
1201528
-1201534
1201539
1201541
-1201545
-1201546
-1201547
1201552
1201553
-1201561
-1201562
-1201566
-1201569
-1201571
-1201572
-1201573
-1201575
-1201576
-1201599
-1201600
-1201601
-1201605
-1201615
-1201616
-1201618
-1201619
-1201620
1201622
1201623
1201624
-1201631
-1201635
-1201636
-1201637
1201639
1201640
1201641
-1201653
-1201654
-1201655
-1201658
1201659
1201661
1201662
-1201665
-1201667
-1201668
1201669
1201671
-1201680
-1201689
-1201690
-1201704
-1201707
-1201854
1201862
-1201867
-1201870
-1201872
-1201873
1201876
-1201902
-1201903
-1201910
-1201916
-1201917
-1201920
-1201923
-1201924
-1201926
-1201930
-1201933
-1201934
-1201945
-1201949
-1201951
-1201952
-1201954
-1201961
-1201962
-1201963
-1201965
1201972
1201973
1201974
-1201977
1201982
1201983
-1201997
-1202001
-1202011
-1202013
-1202023
-1202032
-1202132
1202139
-1202147
-1202150
1202151
-1202155
-1202156
-1202160
1202168
-1202173
-1202177
-1202178
-1202179
1202180
-1202194
-1202198
-1202201
-1202242
-1202246
-1202250
-1202255
-1202256
-1202257
-1202270
-1202275
1202276
1202277
-1202282
-1202283
-1202284
1202287
-1202291
1202297
1202298
-1202301
-1202303
-1202304
1202306
1202307
-1202318
-1202322
-1202324
1202350
1202351
-1202358
-1202361
-1202362
1202364
1202365
-1202374
-1202628
-1202632
-1202750
1202765
1202766
-1202781
-1202852
-1202863
-1202866
1202876
1202877
-1202883
-1202888
-1202889
-1202908
-1202912
-1202915
-1202917
-1202918
-1202919
-1202921
-1202922
-1202946
-1202947
-1202948
-1202954
-1202964
-1202965
-1202967
-1202968
-1202969
-1203022
-1203023
-1203034
-1203035
-1203039
-1203040
-1203041
-1203046
-1203047
-1203057
-1203059
-1203063
-1203064
-1203065
-1203070
-1203073
-1203086
-1203087
-1203106
-1203107
-1203159
-1203162
-1203163
-1203164
-1203165
-1203180
-1203183
-1203266
-1203267
-1203270
-1203271
-1203275
-1203276
-1203277
-1203424
-1203425
-1203482
-1203483
1203515
1203516
-1203521
-1203522
-1203523
1203550
1203551
-1203556
-1203557
-1203558
-1203719
-1203728
-1203733
-1203734
-1203744
-1203748
-1203749
-1203771
1203777
-1203783
-1203785
-1203786
-1203787
-1203925
-1203932
1203985
1203986
-1203993
-1203997
-1203998
-1204009
-1204113
-1204116
1204253
1204254
1204260
-1204265
-1204266
-1204267
-1204268
1204273
1204275
-1204282
-1204283
-1204284
1204286
1204287
-1204295
-1204300
-1204301
-1204326
-1204329
-1204330
-1204335
-1204338
-1204339
-1204340
-1204343
-1204344
-1204349
1204352
1204353
-1204362
-1204364
-1204365
1204366
1204368
-1204374
-1204536
1204548
1204549
-1204559
-1204598
-1204603
-1204682
1204731
1204732
-1204738
-1204741
-1204742
-1204751
-1204752
-1204758
-1204759
-1204763
-1204766
-1204768
-1204769
-1204770
-1204772
-1204773
-1204791
-1204795
-1204803
-1204804
-1204805
-1204806
-1204810
-1204812
-1204813
-1204815
-1204822
-1204823
-1204824
-1204826
1204832
1204834
1204835
-1204839
1204847
1204848
-1204858
-1204862
-1204872
-1204874
-1204889
-1204893
-1204993
1205004
-1205008
-1205011
1205012
-1205016
-1205017
-1205022
1205028
-1205034
-1205036
-1205037
-1205038
1205040
-1205055
-1205057
-1205059
-1205103
-1205106
-1205109
-1205113
-1205114
-1205115
-1205128
-1205133
1205134
1205136
-1205139
-1205141
-1205142
1205143
-1205149
1205154
1205156
-1205160
-1205161
-1205162
1205167
1205168
-1205176
1205177
1205178
1205180
-1205184
-1205185
-1205186
1205190
-1205195
1205201
1205202
1205204
-1205208
-1205209
-1205210
1205215
1205217
-1205224
-1205231
-1205241
-1205243
-1205338
-1205339
-1205345
-1205349
-1205350
-1205352
-1205355
-1205356
-1205357
-1205361
-1205364
-1205365
-1205374
-1205375
1205386
-1205390
-1205393
1205394
-1205398
-1205399
-1205402
1205412
-1205416
-1205420
1205421
-1205424
-1205425
-1205441
-1205442
-1205445
-1205447
-1205495
-1205499
1205501
1205503
1205509
-1205513
-1205516
-1205517
-1205518
1205525
1205526
1205534
1205535
-1205538
-1205541
-1205542
-1205547
-1205550
-1205553
-1205557
-1205559
-1205560
-1205561
-1205563
-1205564
-1205584
-1205589
-1205595
-1205596
-1205602
-1205603
-1205609
-1205610
-1205635
-1205638
-1205639
-1205644
-1205647
-1205648
-1205649
-1205652
-1205653
-1205658
1205661
1205662
-1205671
-1205673
-1205674
1205675
1205677
-1205683
-1205839
1205851
1205852
-1205859
-1205901
-1205906
-1205984
1206022
1206023
-1206029
-1206030
-1206031
-1206042
-1206043
-1206049
-1206070
-1206072
-1206073
-1206075
-1206084
-1206085
-1206086
-1206088
1206096
1206097
1206098
-1206101
1206107
1206108
-1206121
-1206128
-1206140
-1206142
-1206154
-1206162
-1206262
1206269
-1206273
-1206276
1206281
-1206285
-1206286
-1206291
1206297
-1206303
-1206305
-1206306
-1206307
1206309
-1206322
-1206327
-1206329
-1206363
-1206366
-1206369
-1206385
-1206386
-1206387
-1206400
-1206405
1206406
1206408
-1206411
-1206413
-1206414
1206415
-1206421
1206426
1206428
-1206432
-1206433
-1206434
1206439
1206440
-1206448
-1206503
-1206512
-1206514
-1206515
-1206546
-1206550
-1206551
-1206554
1206561
-1206566
-1206569
-1206570
-1206571
-1206698
-1206705
-1206743
1206758
1206759
-1206766
-1206769
-1206770
-1206879
-1206882
-1207123
-1207148
-1207155
-1207206
-1207209
-1207213
-1207231
-1207236
1207238
-1207242
1207252
-1207259
-1207260
-1207287
-1207293
-1207297
-1207303
-1207319
-1207334
-1207338
-1207343
-1207345
-1207409
-1207412
-1207413
1207417
-1207422
-1207432
-1207438
-1207439
-1207440
-1207441
-1207442
1207503
1207507
-1207512
-1207514
-1207516
1207522
1207523
1207525
1207527
-1207529
-1207533
-1207535
-1207549
1207550
-1207554
-1207555
-1207557
-1207568
-1207577
-1207578
-1207580
-1207634
-1207644
-1207650
-1207717
-1207770
-1207775
1207777
1207786
1207788
-1207793
-1207801
-1207807
-1207812
-1207816
-1207861
-1207864
1207866
1207867
1207869
-1207879
1207881
-1207885
-1207889
1207893
-1207895
-1207902
1207904
-1207907
1207913
-1207917
-1207919
-1207959
-1207963
-1207969
-1207972
-1207973
1207976
1207996
-1208001
-1208002
-1208004
-1208005
-1208009
1208017
1208019
-1208024
-1208025
-1208027
1208031
-1208032
1208034
-1208047
-1208051
-1208058
-1208153
-1208160
-1208161
1208280
1208281
-1208292
-1208293
-1208300
-1208328
-1208330
-1208362
-1208372
-1208420
-1208461
-1208470
-1208478
1208482
-1208492
-1208494
1208500
-1208539
-1208540
-1208543
-1208545
-1208546
-1208599
-1208626
-1208630
-1208631
-1208643
-1208644
-1208650
-1208654
-1208662
-1208666
-1208668
-1208673
-1208688
-1208728
-1208746
-1208754
-1208755
-1208761
-1208789
-1208792
-1208793
-1208795
-1208825
-1208828
-1208836
-1208843
-1208846
1208847
1208853
-1208865
-1208872
-1208873
-1208874
-1208889
-1208890
1208894
1208898
-1208901
1208963
1208964
1208965
-1208972
-1208976
-1208977
-1208978
1208980
1208981
1208982
-1208996
-1208997
-1208998
-1209002
-1209013
-1209023
-1209029
-1209096
-1209149
-1209154
1209156
1209158
1209160
-1209172
-1209180
-1209187
-1209193
-1209196
-1209222
-1209225
1209227
1209228
1209230
-1209236
1209257
-1209261
-1209265
1209269
-1209271
-1209278
1209280
-1209283
-1209289
-1209291
1209293
-1209336
-1209341
-1209348
-1209351
-1209352
1209355
1209375
-1209380
-1209381
-1209383
-1209384
-1209388
1209396
1209398
-1209403
-1209404
-1209406
1209410
-1209411
1209413
-1209423
-1209430
-1209437
-1209494
-1209499
-1209500
1209687
1209688
-1209699
-1209700
-1209704
-1209735
-1209736
-1209763
-1209768
-1209795
-1209862
-1209871
-1209877
1209884
-1209888
-1209891
1209896
-1209925
-1209926
-1209929
-1209930
-1209931
-1210000
-1210027
-1210031
-1210032
-1210044
-1210045
-1210051
-1210055
-1210063
-1210067
-1210069
-1210074
-1210089
-1210129
-1210147
-1210151
-1210152
-1210158
-1210171
-1210174
-1210175
-1210176
-1210226
-1210229
-1210237
-1210242
-1210247
1210249
1210252
-1210263
-1210266
1210271
1210275
-1210278
-1210282
-1210289
-1210290
-1210291
-1210379
-1210384
-1210393
-1210482
-1210516
-1210521
1210528
1210532
1210534
-1210539
-1210547
-1210557
-1210559
-1210562
-1210604
-1210607
1210609
1210610
1210612
-1210618
1210620
-1210626
-1210629
-1210631
1210638
-1210640
1210644
-1210648
1210655
-1210660
-1210662
-1210705
-1210707
-1210723
-1210727
-1210728
1210733
1210734
-1210753
-1210757
-1210764
-1210837
-1210842
-1210843
1210860
-1210866
-1210867
-1210870
-1210872
-1210876
1210885
1210887
-1210892
-1210893
-1210895
1210899
-1210900
1210902
-1211011
-1211042
-1211050
-1211083
-1211086
-1211090
-1211130
-1211135
1211142
-1211146
1211151
-1211155
-1211156
-1211189
-1211204
-1211211
-1211218
-1211223
-1211236
-1211240
-1211246
-1211248
-1211295
-1211298
-1211300
1211301
-1211309
-1211319
-1211324
-1211325
-1211327
-1211328
1211344
1211348
-1211350
-1211352
-1211354
1211363
1211365
1211366
1211368
-1211370
-1211373
-1211374
-1211387
1211389
-1211392
-1211393
-1211394
-1211406
-1211415
-1211416
-1211418
-1211535
-1211562
-1211565
-1211566
-1211577
-1211579
-1211580
-1211587
-1211598
-1211603
-1211614
-1211615
-1211618
-1211658
-1211677
-1211686
-1211687
-1211694
-1211725
-1211728
-1211729
-1211731
-1211815
-1211819
-1211828
-1211836
-1211839
1211840
1211848
-1211861
-1211868
-1211869
-1211870
-1211888
-1211889
1211893
1211897
-1211900
1211999
1212000
-1212011
-1212012
-1212019
-1212070
-1212072
-1212103
-1212112
-1212156
-1212196
-1212204
-1212211
1212215
-1212223
-1212225
1212230
-1212266
-1212267
-1212270
-1212272
-1212273
1212274
1212275
1212276
-1212288
-1212289
-1212290
-1212293
1212294
1212295
1212296
-1212310
-1212311
-1212312
-1212316
-1212467
-1212496
-1212499
-1212547
-1212550
-1212554
-1212575
-1212580
-1212581
1212587
1212596
-1212600
-1212601
-1212631
-1212637
-1212641
-1212647
-1212662
-1212675
-1212679
-1212686
-1212687
-1212739
-1212744
-1212745
-1212747
-1212748
-1212750
-1212753
-1212755
1212756
-1212764
1212783
1212787
-1212789
-1212791
-1212796
1212802
1212804
1212805
1212807
-1212809
-1212812
-1212813
-1212826
1212828
-1212831
-1212832
-1212833
-1212845
-1212854
-1212855
-1212857
-1212971
-1212998
-1213001
-1213002
-1213013
-1213014
-1213016
-1213023
-1213034
-1213035
-1213038
-1213042
-1213053
-1213096
-1213110
-1213114
-1213115
-1213122
-1213136
-1213139
-1213140
-1213141
-1213248
-1213252
-1213261
-1213267
-1213272
1213274
1213278
-1213294
-1213301
-1213302
-1213303
-1213304
-1213307
1213312
1213316
-1213319
1213432
1213433
-1213439
-1213440
-1213447
-1213488
-1213489
-1213533
-1213538
-1213563
-1213626
-1213634
-1213639
1213646
-1213649
-1213652
1213656
-1213671
-1213672
-1213675
-1213676
-1213677
-1213845
-1213850
-1213856
-1213857
-1213864
1213871
-1213876
-1213879
-1213880
-1213881
-1213894
-1213898
-1213899
-1213982
-1213989
1214003
1214004
-1214011
-1214014
-1214015
-1214026
-1214160
-1214163
1214383
1214385
1214386
-1214389
-1214391
-1214392
1214393
-1214401
1214408
1214409
1214410
-1214413
-1214415
-1214416
1214418
1214419
-1214433
-1214437
-1214447
-1214449
-1214541
1214548
-1214556
-1214559
1214560
-1214564
-1214565
-1214569
1214577
-1214582
-1214586
-1214587
-1214588
1214589
-1214603
-1214607
-1214610
-1214658
-1214662
-1214667
-1214668
-1214674
-1214678
-1214679
-1214681
-1214684
-1214685
-1214686
-1214690
-1214693
-1214694
-1214703
-1214705
-1214708
-1214709
-1214710
-1214715
-1214716
-1214717
-1214722
1214729
1214730
1214731
-1214734
1214739
1214740
-1214754
-1214758
-1214768
-1214770
-1214780
-1214789
-1214889
1214896
-1214904
-1214907
1214908
-1214912
-1214913
-1214917
1214925
-1214930
-1214934
-1214935
-1214936
1214937
-1214951
-1214955
-1214958
-1215002
-1215006
-1215010
-1215015
-1215016
-1215017
-1215030
-1215035
1215036
1215038
-1215041
-1215043
-1215044
1215045
-1215051
1215057
1215058
-1215061
-1215063
-1215064
1215066
1215067
-1215078
-1215083
-1215084
-1215109
-1215112
-1215113
-1215118
-1215121
-1215122
-1215123
-1215126
-1215127
-1215134
1215136
1215137
-1215144
-1215147
-1215148
1215150
1215151
-1215160
-1215298
-1215302
-1215389
1215401
1215402
-1215412
-1215480
-1215491
-1215494
1215503
1215504
-1215510
-1215513
-1215514
-1215533
-1215537
-1215540
-1215542
-1215543
-1215544
-1215546
-1215547
-1215566
-1215572
-1215580
-1215581
-1215582
-1215583
1215585
1215587
-1215594
-1215595
-1215596
1215598
1215599
-1215607
1215608
1215610
-1215617
-1215618
-1215619
1215621
1215622
-1215630
1215631
1215633
1215634
-1215637
-1215640
-1215641
1215642
-1215651
1215659
1215660
1215661
-1215664
-1215667
-1215668
1215670
1215671
-1215684
-1215691
-1215703
-1215705
-1215798
1215805
-1215809
-1215812
1215817
-1215821
-1215822
-1215826
1215834
-1215839
-1215843
-1215844
-1215845
1215846
-1215861
-1215866
-1215868
-1215906
-1215910
-1215924
-1215927
-1215928
-1215929
-1215933
-1215936
-1215937
-1215946
-1215950
-1215951
-1215958
-1215962
-1215963
-1215968
-1215971
-1215972
-1215973
-1215979
-1215980
-1215981
-1215987
1215995
1215996
1215997
-1216000
1216006
1216007
-1216020
-1216027
-1216039
-1216041
-1216053
-1216061
-1216164
1216171
-1216175
-1216178
1216183
-1216187
-1216188
-1216192
1216200
-1216205
-1216209
-1216210
-1216211
1216212
-1216227
-1216232
-1216234
-1216268
-1216272
-1216276
-1216293
-1216294
-1216295
-1216313
-1216316
1216318
1216319
-1216322
-1216324
-1216325
1216327
1216328
-1216339
1216341
1216342
-1216345
-1216347
-1216348
1216350
1216351
-1216362
-1216363
-1216367
-1216370
-1216372
-1216373
-1216374
-1216376
-1216377
-1216398
-1216405
-1216415
-1216416
-1216417
-1216418
-1216425
-1216426
-1216451
-1216454
-1216455
-1216460
-1216463
-1216464
-1216465
-1216468
-1216469
-1216476
1216478
1216479
-1216486
-1216489
-1216490
1216492
1216493
-1216502
-1216634
-1216638
-1216725
1216737
1216738
-1216745
-1216814
-1216827
-1216830
1216839
1216840
-1216846
-1216847
-1216848
-1217114
-1217115
-1217126
-1217127
-1217131
-1217132
-1217133
-1217138
-1217139
-1217149
-1217151
-1217155
-1217156
-1217157
-1217162
-1217165
-1217178
-1217179
-1217198
-1217199
-1217270
-1217273
-1217274
-1217275
-1217276
-1217291
-1217294
-1217579
-1217580
-1217637
-1217638
1217670
1217671
-1217676
-1217677
-1217678
1217705
1217706
-1217711
-1217712
-1217713
-1217887
-1217888
-1217894
-1217898
-1217899
1217918
1217919
1217927
1217928
-1217931
-1217934
-1217935
-1217940
-1217943
-1217946
-1217950
-1217952
-1217953
-1217954
-1217956
-1217957
-1217981
-1217982
-1217983
-1217989
-1217996
-1217997
-1218004
-1218005
-1218006
-1218013
-1218014
-1218039
-1218042
-1218043
-1218048
-1218051
-1218052
-1218053
-1218056
-1218057
-1218062
1218065
1218066
-1218075
-1218077
-1218078
1218079
1218081
-1218087
-1218356
1218370
1218371
-1218381
-1218422
-1218427
-1218561
1218600
1218601
-1218607
-1218609
-1218610
-1218622
-1218623
-1218629
-1218649
-1218652
-1218653
-1218654
-1218660
-1218661
-1218662
-1218668
1218676
1218677
1218678
-1218681
1218687
1218688
-1218701
-1218708
-1218720
-1218722
-1218734
-1218742
-1218842
1218849
-1218853
-1218856
1218861
-1218865
-1218866
-1218871
1218877
-1218883
-1218885
-1218886
-1218887
1218889
-1218902
-1218907
-1218909
-1218940
-1218943
-1218946
-1218962
-1218963
-1218964
-1218977
-1218982
1218983
1218985
-1218988
-1218990
-1218991
1218992
-1218998
1219004
1219005
-1219008
-1219010
-1219011
1219013
1219014
-1219025
1219026
1219027
1219028
-1219042
-1219043
-1219044
-1219048
1219049
1219050
1219051
-1219065
-1219066
-1219067
-1219071
1219072
1219074
-1219081
-1219082
-1219083
1219085
1219088
-1219093
1219095
1219097
-1219104
-1219105
-1219106
1219108
1219109
-1219117
-1219144
-1219145
-1219153
-1219158
-1219159
-1219164
-1219168
-1219171
-1219173
-1219174
-1219175
-1219177
-1219178
-1219203
-1219204
-1219205
-1219213
-1219225
-1219226
-1219227
-1219228
-1219229
-1219234
-1219237
-1219238
-1219239
-1219245
-1219246
-1219247
-1219253
1219261
1219262
1219263
-1219266
1219272
1219273
-1219286
-1219293
-1219305
-1219307
-1219319
-1219327
-1219430
1219437
-1219441
-1219444
1219449
-1219453
-1219454
-1219458
1219466
-1219471
-1219475
-1219476
-1219477
1219478
-1219493
-1219498
-1219500
-1219534
-1219538
-1219542
-1219559
-1219560
-1219561
-1219579
-1219582
1219584
1219585
-1219588
-1219590
-1219591
1219593
1219594
-1219605
1219607
1219608
-1219611
-1219613
-1219614
1219616
1219617
-1219628
-1219632
-1219634
1219660
1219661
-1219668
-1219671
-1219672
1219674
1219675
-1219684
-1219958
1219973
1219974
-1219984
-1220026
-1220030
-1220149
1220185
1220186
-1220192
-1220194
-1220195
-1220207
-1220210
-1220263
-1220266
-1220267
-1220268
-1220269
-1220284
-1220285
-1220370
-1220371
-1220374
-1220375
-1220379
-1220380
-1220381
-1220473
-1220476
-1220477
-1220478
-1220479
-1220494
-1220495
-1220773
-1220774
-1220828
-1220829
1220861
1220862
-1220867
-1220868
-1220869
1220896
1220897
-1220902
-1220903
-1220904
-1221340
-1221347
-1221349
-1221350
-1221377
-1221381
-1221382
-1221385
1221392
-1221397
-1221400
-1221401
-1221402
-1221549
-1221556
-1221594
1221609
1221610
-1221617
-1221620
-1221621
-1221838
-1221841
-1222425
-1222435
-1222441
-1222508
-1222561
-1222566
1222568
1222570
1222572
-1222584
-1222592
-1222599
-1222605
-1222608
-1222634
-1222637
1222639
1222640
1222642
-1222648
1222669
-1222673
-1222677
1222681
-1222683
-1222690
1222692
-1222695
-1222701
-1222703
1222705
-1222748
-1222753
-1222760
-1222763
-1222764
1222767
1222787
-1222792
-1222793
-1222795
-1222796
-1222800
1222808
1222810
-1222815
-1222816
-1222818
1222822
-1222823
1222825
-1222835
-1222842
-1222849
-1222906
-1222911
-1222912
1223079
1223080
-1223091
-1223092
-1223096
-1223147
-1223148
-1223175
-1223180
-1223207
-1223274
-1223283
-1223289
1223296
-1223300
-1223303
1223308
-1223337
-1223338
-1223341
-1223342
-1223343
-1223412
-1223439
-1223443
-1223444
-1223456
-1223457
-1223463
-1223467
-1223475
-1223479
-1223481
-1223486
-1223501
-1223541
-1223559
-1223563
-1223564
-1223570
-1223583
-1223586
-1223587
-1223588
-1223638
-1223641
-1223649
-1223654
-1223659
1223661
1223664
-1223675
-1223678
1223683
1223687
-1223690
-1223694
-1223701
-1223702
-1223703
-1223889
-1223918
-1223921
-1223969
-1223972
-1223976
-1223997
-1224002
-1224003
1224009
1224018
-1224022
-1224023
-1224053
-1224059
-1224063
-1224069
-1224084
-1224097
-1224101
-1224108
-1224109
-1224161
-1224166
-1224167
-1224169
-1224170
-1224172
-1224175
-1224177
1224178
-1224186
1224205
1224209
-1224211
-1224213
-1224218
1224224
1224226
1224227
1224229
-1224231
-1224234
-1224235
-1224248
1224250
-1224253
-1224254
-1224255
-1224267
-1224276
-1224277
-1224279
-1224430
-1224457
-1224460
-1224461
-1224472
-1224473
-1224475
-1224482
-1224490
-1224494
-1224496
-1224501
-1224512
-1224555
-1224569
-1224573
-1224574
-1224581
-1224595
-1224598
-1224599
-1224600
-1224653
-1224657
-1224666
-1224672
-1224677
1224679
1224683
-1224699
-1224706
-1224707
-1224708
-1224709
-1224712
1224717
1224721
-1224724
1224891
1224892
-1224898
-1224899
-1224906
-1224947
-1224948
-1224992
-1224997
-1225022
-1225085
-1225093
-1225098
1225105
-1225108
-1225111
1225115
-1225130
-1225131
-1225134
-1225135
-1225136
-1227857
-1227861
-1227892
-1227893
-1227894
-1227912
-1227915
1227916
1227918
-1227925
-1227928
-1227931
-1227932
-1227938
1227939
1227941
-1227948
-1227949
-1227950
1227952
1227953
-1227961
-1228017
-1228024
-1228028
-1228029
-1228078
-1228079
-1228080
-1228083
-1228089
-1228090
1228091
-1228096
-1228097
-1228132
-1228136
-1228143
-1228144
-1228178
-1228181
-1228182
-1228185
-1228191
-1228192
1228193
-1228198
-1228199
1228230
1228231
-1228244
-1228245
-1228261
-1228262
1228277
1228278
-1228285
-1228286
-1228287
-1228321
-1228322
-1228377
1228378
1228379
-1228392
-1228393
-1228397
-1228398
-1228437
-1228442
-1228443
-1228444
-1228447
-1228449
-1228454
-1228455
-1228456
-1228459
-1228465
-1228467
-1228468
-1228471
-1228477
-1228479
-1228480
1228525
1228526
-1228533
-1228534
-1228535
1228536
-1228541
1228545
1228547
-1228554
-1228555
-1228556
1228558
1228559
-1228567
-1228757
-1228765
-1228766
-1228825
-1228830
1228866
1228869
1228870
1228875
1228877
1228878
1228879
1228882
-1228893
-1228902
-1228903
-1228908
-1228914
-1228918
-1228919
-1228927
-1228928
-1228933
-1228934
-1228935
1228936
1228939
-1228945
1228950
-1228960
-1228963
-1228966
-1228967
1228968
-1228983
-1228984
-1228989
-1228993
1229002
1229003
-1229010
-1229011
-1229012
-1229015
-1229016
-1229074
1229076
-1229086
-1229090
1229099
1229107
1229109
1229111
1229119
-1229123
-1229126
1229134
-1229138
1229140
-1229172
-1229241
-1229244
-1229276
-1229375
-1229382
1229417
-1229423
-1229424
-1229426
-1229427
1229429
1229433
1229436
1229437
1229438
-1229441
-1229443
-1229444
1229446
-1229458
1229459
1229460
1229462
-1229466
-1229467
-1229468
1229473
1229477
-1229481
-1229498
-1229499
1229505
1229509
1229515
1229516
-1229517
-1229522
1229525
-1229532
-1229534
-1229536
-1229540
-1229548
-1229549
-1229550
-1229551
-1229552
1229558
-1229560
-1229566
-1229670
-1229673
-1229674
1229677
-1229685
-1229693
-1229715
-1229725
-1229730
1229734
1229743
1229745
1229746
-1229749
1229754
-1229811
-1229812
-1229817
-1229819
-1229821
-1229826
1229827
-1229832
1229833
-1229835
-1229857
-1229865
-1229867
1229875
1229876
-1229887
-1229890
-1229907
-1229916
1229965
1229966
-1229971
-1229975
-1229994
-1230002
-1230039
-1230042
-1230043
-1230044
-1230056
-1230057
-1230063
-1230065
-1230066
-1230069
-1230076
1230080
1230083
1230084
1230088
-1230097
-1230108
-1230109
-1230133
-1230134
1230139
1230144
1230146
1230147
-1230297
1230300
-1230306
-1230307
1230308
-1230313
1230317
-1230345
-1230357
1230393
1230394
-1230398
-1230399
-1230485
-1230487
-1230500
-1230506
-1230507
-1230510
-1230512
-1230515
-1230517
1230519
-1230522
-1230535
1230540
1230542
-1230549
1230553
1230555
1230556
1230557
1230558
-1230561
1230567
-1230570
-1230573
1230605
-1230610
-1230611
1230615
-1230762
-1230766
-1230802
-1230812
-1230917
-1230918
-1230925
-1230929
-1230930
-1230933
1230936
1230939
-1230944
-1230947
-1230949
1230956
1230962
-1230967
-1230968
1230973
1230976
1230979
1230983
-1230984
-1230989
-1230991
-1231001
-1231002
1231117
-1231124
-1231129
-1231132
1231142
-1231149
-1231154
1231166
-1231167
-1231174
1231180
-1231182
-1231185
-1231191
-1231204
-1231205
-1231220
-1231221
-1231223
-1231224
-1231225
-1231293
-1231304
-1231349
1231370
1231372
1231375
1231376
-1231380
-1231383
-1231389
1231473
-1231475
-1231478
-1231484
1231507
-1231510
-1231515
1231533
-1231534
-1231535
-1231536
1231541
1231542
1231545
-1231546
-1231550
1231554
-1231555
1231560
1231678
-1231684
1231690
1231692
1231701
-1231706
-1231710
1231721
-1231722
-1231729
1231736
1231738
1231739
-1231742
-1231760
-1231862
-1231868
-1231870
1231897
1231901
1231904
1231906
1231948
1231950
1231951
-1231954
1231975
-1231980
1231984
-1231989
1231991
-1231998
-1232002
-1232003
-1232007
1232012
-1232013
-1232017
1232142
1232144
-1232149
-1232158
-1232162
1232166
-1232170
-1232171
-1232173
-1232178
-1232180
-1232182
1232183
-1232214
-1232240
1232244
1232245
1232246
-1232255
-1232377
-1232440
-1232443
-1232446
1232484
1232485
1232486
-1232487
-1232490
-1232495
1232499
-1232510
-1232530
-1232532
-1232533
-1232537
-1232538
-1232539
-1232542
-1232548
-1232554
-1232558
-1232560
-1232564
-1232566
-1232579
-1232585
-1232586
-1232589
-1232591
-1232594
-1232596
1232598
1232599
-1232602
-1232620
1232621
1232624
-1232633
1232637
1232639
1232640
1232641
-1232643
1232645
1232652
-1232655
-1232658
1232693
-1232698
-1232699
1232703
-1232838
-1232847
-1232897
-1232907
-1232993
-1232995
-1233004
-1233005
-1233006
-1233010
1233013
1233015
-1233019
-1233022
-1233023
1233028
1233034
1233041
-1233042
-1233043
1233046
1233047
1233053
-1233054
-1233059
-1233061
-1233080
-1233081
-1233217
-1233220
-1233221
-1233232
-1233233
-1233235
-1233239
-1233241
-1233244
-1233249
1233253
1233256
1233257
1233258
-1233269
-1233280
-1233281
-1233302
-1233303
1233308
1233313
1233315
1233316
-1233466
1233469
-1233475
-1233476
1233477
-1233482
1233486
-1233517
-1233530
1233550
1233551
-1233555
-1233556
1233620
-1233626
1233632
1233634
1233642
-1233649
-1233654
1233666
-1233667
-1233674
1233680
1233683
1233684
-1233689
-1233703
-1233789
-1233794
-1233795
1233836
1233840
1233843
1233845
1233889
1233892
1233893
-1233898
1233920
1233924
-1233928
-1233933
1233937
-1233942
-1233944
-1233945
-1233950
1233963
-1233964
-1233968
1234089
-1234096
-1234101
-1234104
1234115
-1234120
-1234124
1234135
-1234136
-1234143
1234150
-1234151
-1234154
-1234158
-1234174
-1234175
-1234186
-1234187
-1234189
-1234190
-1234192
-1234269
-1234274
-1234309
1234345
1234347
1234350
1234351
-1234355
-1234358
-1234364
1234446
-1234447
-1234450
-1234454
1234476
-1234481
-1234484
1234499
-1234501
-1234502
-1234503
1234506
1234510
1234511
1234517
-1234518
1234523
1234525
-1234527
-1234533
-1234534
1234703
1234705
-1234712
-1234713
-1234714
1234716
1234717
-1234725
1234726
1234728
-1234735
-1234736
-1234737
1234739
1234740
-1234748
1234759
1234760
-1234773
-1234774
-1234789
1234803
1234804
-1234811
-1234814
-1234815
-1234842
-1234843
-1234903
1234913
1234914
-1234918
-1234919
-1234923
-1234924
-1234963
-1234967
-1234969
-1234970
-1234973
-1234975
-1234979
-1234981
-1234982
-1234988
-1234990
-1234993
-1234994
-1234996
-1235000
-1235002
-1235003
-1235164
1235169
-1235179
-1235182
-1235185
-1235186
1235187
-1235202
-1235203
-1235208
-1235212
1235222
1235223
-1235231
-1235232
-1235233
-1235235
-1235236
-1235298
1235301
-1235307
-1235315
1235324
1235332
1235334
1235336
1235344
-1235348
-1235351
1235356
-1235360
1235362
-1235394
-1235435
-1235459
-1235460
-1235511
-1235616
-1235622
1235659
-1235661
-1235662
-1235667
-1235668
1235670
1235675
1235677
1235678
1235679
-1235682
-1235684
-1235685
1235687
-1235699
1235701
1235702
1235704
-1235706
-1235708
1235710
-1235719
-1235724
-1235725
1235741
1235747
1235748
-1235749
-1235754
1235756
-1235766
-1235767
-1235768
-1235770
-1235773
-1235783
-1235784
-1235785
-1235786
-1235788
1235791
1235796
-1235798
-1235804
-1235972
-1235980
-1235981
-1236069
-1236074
-1236118
1236124
1236126
1236127
1236132
1236133
1236134
1236137
-1236147
-1236156
-1236157
-1236160
-1236167
-1236170
-1236178
-1236179
-1236183
-1236184
-1236185
1236186
1236244
1236245
-1236258
-1236259
-1236275
-1236276
1236291
1236292
-1236299
-1236300
-1236301
-1236335
-1236336
-1236391
1236392
1236393
-1236406
-1236407
-1236411
-1236412
-1236451
-1236456
-1236457
-1236458
-1236461
-1236463
-1236468
-1236469
-1236470
-1236473
-1236479
-1236481
-1236482
-1236485
-1236491
-1236493
-1236494
-1236628
-1236632
-1236663
-1236664
-1236665
-1236683
-1236686
1236687
1236689
-1236696
-1236699
-1236702
-1236703
-1236709
1236710
1236712
-1236719
-1236720
-1236721
1236723
1236724
-1236732
-1236788
-1236795
-1236799
-1236800
-1236849
-1236850
-1236851
-1236854
-1236860
-1236861
1236862
-1236867
-1236868
-1236903
-1236907
-1236914
-1236915
-1236949
-1236952
-1236953
-1236956
-1236962
-1236963
1236964
-1236969
-1236970
1236991
1236992
1236998
-1237003
-1237004
-1237005
-1237006
1237011
1237013
-1237020
-1237021
-1237022
1237024
1237025
-1237033
-1237102
-1237110
-1237111
-1237147
-1237152
1237162
1237165
1237166
1237171
1237173
1237174
1237175
1237178
-1237189
-1237198
-1237199
-1237204
-1237210
-1237214
-1237215
-1237223
-1237224
-1237229
-1237230
-1237231
1237232
1237235
-1237355
1237362
-1237366
-1237369
1237376
-1237380
-1237381
1237393
1237394
-1237401
-1237402
-1237403
-1237406
-1237407
-1237417
-1237418
-1237423
-1237427
-1237467
1237487
-1237497
-1237501
1237510
1237518
1237521
1237523
1237530
-1237534
1237536
1237545
-1237549
-1237552
-1237568
-1237615
-1237622
-1237662
-1237731
-1237734
1237740
1237746
1237747
-1237748
-1237753
1237756
-1237763
-1237765
-1237767
-1237771
-1237779
-1237780
-1237781
-1237782
-1237783
1237789
-1237791
-1237797
1237803
-1237809
-1237810
-1237812
-1237813
1237815
1237819
1237822
1237823
1237824
-1237827
-1237829
-1237830
1237832
-1237844
1237845
1237846
1237848
-1237852
-1237853
-1237854
1237859
1237863
-1237867
-1237884
-1237885
1237891
1237947
1237948
1237949
1237958
1237966
1237967
1237968
1237977
1237982
1237983
1237991
1237992
1237996
1237997
1237998
1237999
1238000
-1238007
-1238008
1238009
1238012
-1238017
-1238018
-1238019
-1238026
-1238027
1238028
1238031
-1238036
-1238037
-1238038
1238135
-1238141
-1238143
-1238145
1238157
-1238164
-1238166
-1238168
1238178
1238180
1238181
1238185
1238186
1238189
-1238191
-1238197
1238202
-1238208
-1238210
-1238212
1238224
-1238231
-1238233
-1238235
1238245
1238247
1238248
1238252
1238253
1238256
-1238258
-1238264
-1238288
1238296
1238297
1238306
1238307
1238308
1238309
1238347
1238348
-1238353
1238359
1238360
-1238365
-1238378
-1238379
-1238380
1238386
1238395
1238397
1238398
1238399
-1238482
-1238488
1238492
1238493
-1238502
-1238503
-1238527
-1238528
1238531
-1238592
-1238593
-1238621
-1238622
-1238623
1238629
1238638
1238640
1238641
1238642
-1238713
-1238719
1238723
1238724
-1238733
-1238734
-1238758
-1238759
1238762
-1238823
-1238824
-1238852
-1238853
-1238854
1238864
1238870
1238871
1238872
1238874
-1238968
-1238974
1238978
1238979
-1238990
-1238991
-1239001
-1239002
1239005
-1239079
-1239080
1239082
1239089
1239090
1239091
1239100
1239108
1239109
1239110
1239119
1239124
1239125
1239129
1239137
1239138
1239139
-1239146
-1239147
1239148
-1239154
-1239155
-1239156
-1239161
-1239163
1239164
-1239169
-1239171
-1239172
-1239248
-1239253
-1239396
-1239402
1239427
-1239430
-1239432
-1239436
1239447
-1239453
-1239455
-1239456
1239467
1239469
1239473
1239476
-1239477
-1239482
1239488
-1239494
-1239498
-1239500
1239506
-1239516
-1239520
-1239521
-1239522
1239530
-1239532
-1239538
1239542
1239545
1239548
1239549
-1239572
1239580
1239581
1239590
1239591
1239592
1239593
1239648
1239649
1239657
1239658
-1239663
-1239679
-1239680
-1239681
1239691
1239696
1239698
1239699
1239700
1239790
1239791
-1239800
-1239801
-1239807
-1239815
-1239841
-1239842
1239845
-1239908
-1239909
1240012
1240014
1240020
-1240024
-1240027
-1240028
-1240029
1240036
1240037
-1240044
-1240047
-1240048
1240050
1240051
-1240060
-1240144
-1240148
-1240179
-1240180
-1240181
-1240199
-1240202
1240203
1240205
-1240212
-1240213
-1240214
1240216
1240217
-1240225
1240226
1240227
-1240235
-1240239
-1240241
-1240242
-1240245
-1240307
-1240314
-1240316
-1240317
-1240350
-1240351
-1240352
-1240371
-1240378
-1240380
1240382
-1240388
-1240389
-1240422
-1240426
-1240431
-1240432
-1240463
-1240470
-1240472
1240474
-1240480
-1240481
-1240509
-1240513
-1240515
-1240587
-1240595
-1240596
-1240676
-1240679
-1240721
1240724
1240726
1240727
1240732
1240734
1240736
1240737
-1240747
-1240756
-1240757
-1240760
-1240763
-1240766
-1240768
1240770
-1240775
-1240781
-1240785
-1240786
-1240792
1240799
-1240803
-1240806
1240813
-1240817
-1240818
1240830
1240831
-1240838
-1240839
-1240840
-1240843
-1240844
-1240855
-1240856
-1240862
-1240865
-1240907
1240927
-1240933
-1240941
1240950
1240958
1240961
1240963
1240970
-1240974
1240976
1240982
-1240986
-1240989
-1241010
-1241097
-1241106
-1241151
-1241201
-1241245
-1241247
1241251
-1241254
1241260
1241261
-1241265
1241268
-1241274
-1241278
-1241280
-1241285
1241288
-1241289
-1241293
-1241299
-1241300
-1241301
-1241302
-1241303
1241311
-1241317
-1241318
-1241320
-1241321
1241323
1241327
1241330
1241331
1241332
-1241335
-1241338
-1241339
1241341
-1241352
1241356
1241357
1241359
-1241363
-1241365
-1241366
1241371
-1241376
-1241398
-1241399
1241405
-1241653
-1241656
-1241657
1241660
-1241668
-1241676
-1241698
-1241708
-1241713
1241717
1241726
1241728
1241729
-1241732
1241737
-1241794
-1241795
-1241800
-1241802
-1241804
-1241809
1241810
-1241815
1241816
-1241818
-1241840
-1241848
-1241850
1241858
1241859
-1241870
-1241873
-1241890
-1241899
1241948
1241949
-1241954
-1241958
-1241977
-1241985
-1242022
-1242025
-1242026
-1242027
-1242039
-1242040
-1242046
-1242048
-1242049
-1242052
1242058
1242061
1242062
-1242064
1242074
-1242080
-1242088
-1242092
-1242098
-1242099
1242104
1242109
1242111
1242112
-1242218
1242221
-1242227
-1242228
1242229
-1242234
1242238
-1242266
-1242278
1242314
1242315
-1242319
-1242320
1242452
-1242459
-1242464
-1242467
1242477
-1242484
-1242489
1242501
-1242502
-1242509
1242515
-1242517
-1242520
-1242526
-1242539
-1242540
-1242555
-1242556
-1242558
-1242559
-1242560
-1242634
-1242647
-1242670
1242679
1242681
1242684
1242685
-1242689
-1242692
-1242698
1242782
-1242784
-1242787
-1242793
1242816
-1242819
-1242824
1242842
-1242843
-1242844
-1242845
1242850
1242851
1242854
-1242855
-1242859
1242863
-1242864
1242869
-1242994
-1242996
-1243009
-1243015
-1243016
-1243019
-1243021
-1243024
-1243026
1243028
-1243031
-1243044
1243049
1243051
-1243058
1243062
1243064
1243065
1243066
1243067
-1243070
1243076
-1243079
-1243082
1243114
-1243119
-1243120
1243124
-1243271
-1243275
-1243311
-1243321
-1243426
-1243427
-1243434
-1243438
-1243439
-1243442
1243445
1243448
-1243453
-1243456
-1243458
1243465
1243471
-1243476
-1243477
1243482
1243485
1243488
1243492
-1243493
-1243498
-1243500
-1243510
-1243511
1243626
1243633
1243635
-1243636
1243649
-1243654
-1243658
1243669
1243671
1243672
-1243675
1243681
-1243682
-1243689
1243704
1243708
1243711
1243713
1243755
1243757
1243758
-1243761
-1243794
-1243896
-1243902
-1243904
1243923
-1243928
1243932
-1243937
1243939
-1243946
-1243950
-1243951
-1243955
1243960
-1243961
-1243965
1244091
1244092
-1244096
-1244101
-1244105
1244111
-1244118
-1244119
-1244121
1244130
-1244134
-1244136
-1244138
-1244163
-1244205
1244210
1244211
1244213
-1244222
1244321
1244322
1244323
-1244328
-1244331
-1244332
1244336
-1244347
-1244367
-1244369
-1244370
-1244374
-1244375
-1244376
-1244379
-1244385
-1244391
-1244395
-1244397
-1244410
-1244495
-1244499
-1244503
-1244522
-1244525
-1244526
1244530
-1244539
-1244548
-1244570
-1244582
-1244588
1244592
1244594
1244595
1244601
-1244607
1244611
-1244675
-1244678
-1244680
-1244682
-1244683
-1244694
-1244702
-1244704
-1244722
1244724
-1244730
1244732
-1244734
1244742
1244743
-1244750
-1244757
-1244774
-1244783
1244832
1244833
-1244838
-1244842
-1244849
-1244857
1244873
-1244880
-1244885
-1244888
1244897
-1244907
-1244910
-1244912
1244924
-1244926
-1244935
-1244937
1244942
-1244944
-1244947
-1244953
-1244970
-1244971
-1244982
-1244983
-1244985
-1244986
-1244987
-1245052
-1245061
-1245120
1245129
1245131
1245133
1245135
-1245143
-1245146
-1245148
1245241
-1245243
-1245246
-1245252
1245260
-1245265
-1245268
1245283
1245287
-1245288
-1245289
-1245290
1245294
1245295
1245297
1245301
-1245302
-1245306
1245309
-1245311
1245316
1245318
1245319
-1245473
-1245476
-1245477
-1245478
-1245490
-1245491
-1245497
-1245498
-1245500
-1245503
1245509
1245511
-1245513
1245522
-1245528
-1245536
-1245540
-1245544
-1245547
1245553
1245557
1245558
-1245674
1245678
-1245684
-1245685
1245687
-1245691
1245692
1245768
1245769
1245894
1245901
1245903
-1245904
1245916
-1245923
-1245928
-1245931
1245940
1245942
1245943
-1245946
1245951
-1245953
-1245962
1245978
1245982
1245985
1245987
1246029
1246031
1246032
-1246035
-1246068
-1246179
-1246185
-1246187
1246206
-1246211
1246215
-1246220
1246221
-1246231
-1246235
-1246236
-1246239
1246245
-1246247
-1246253
-1246391
-1246393
-1246406
-1246412
-1246413
-1246416
-1246418
-1246421
-1246423
1246425
-1246428
-1246441
1246447
1246448
-1246454
1246459
1246460
1246461
1246462
-1246467
1246470
-1246473
-1246476
1246508
-1246512
-1246513
1246516
-1246660
-1246665
-1246696
-1246704
-1246808
-1246809
-1246816
-1246820
-1246821
-1246824
1246827
1246830
-1246835
-1246838
-1246840
1246847
1246853
-1246857
-1246858
1246862
1246866
1246867
1246871
-1246872
-1246877
-1246879
-1246888
-1246889
1247076
1247078
-1247083
-1247092
-1247096
1247100
-1247104
-1247105
-1247107
-1247112
-1247114
-1247116
1247117
-1247148
-1247174
1247178
1247179
1247180
-1247189
-1247311
-1247374
-1247377
-1247380
1247418
1247419
1247420
-1247421
-1247424
-1247429
1247433
-1247444
-1247464
-1247466
-1247467
-1247471
-1247472
-1247473
-1247476
-1247482
-1247488
-1247492
-1247494
-1247498
-1247499
-1247508
-1247516
-1247517
-1247522
-1247525
-1247528
-1247530
1247532
1247533
-1247536
-1247554
1247555
1247559
1247566
1247568
1247569
1247570
-1247572
-1247576
1247582
1247587
-1247588
-1247596
1247609
-1247614
-1247615
1247619
-1247772
-1247781
-1247831
-1247841
-1247847
-1247849
-1247858
-1247859
-1247860
-1247864
1247867
1247869
-1247873
-1247876
-1247877
1247882
1247888
1247895
-1247896
-1247897
1247900
1247901
1247907
-1247908
-1247913
-1247915
-1247934
-1247935
1248118
-1248124
1248130
1248132
1248140
-1248147
-1248152
1248164
-1248165
-1248172
1248178
1248181
1248182
-1248187
-1248201
-1248287
-1248292
-1248293
1248334
1248338
1248341
1248343
1248387
1248390
1248391
-1248396
1248418
1248422
-1248426
-1248431
1248435
-1248440
-1248442
-1248443
-1248448
1248461
-1248462
-1248466
-1248620
-1248623
-1248624
-1248635
-1248636
-1248638
-1248642
-1248644
-1248647
-1248652
1248656
1248659
1248660
1248661
-1248672
-1248683
-1248684
-1248705
-1248706
1248711
1248716
1248718
1248719
-1248848
1248851
-1248857
-1248858
1248859
-1248864
1248868
-1248899
-1248912
1248932
1248933
-1248937
-1248938
1249044
-1249051
-1249054
-1249056
1249070
-1249075
-1249079
1249090
-1249091
-1249094
-1249098
1249105
-1249106
-1249113
-1249129
-1249130
-1249141
-1249142
-1249144
-1249145
-1249147
1249156
1249158
1249161
1249162
-1249166
-1249169
-1249175
1249257
-1249258
-1249261
-1249265
-1249359
-1249365
-1249379
1249418
-1249423
-1249426
1249441
-1249443
-1249444
-1249445
1249448
1249452
1249453
1249459
-1249460
1249465
1249467
-1249469
-1249475
-1249476
-1249582
-1249584
-1249586
1249591
-1249596
-1249604
-1249629
-1249639
-1249643
1249653
1249658
1249659
1249660
-1249663
1249665
-1249699
-1249700
-1249705
-1249707
-1249709
-1249755
1249756
-1249761
1249762
-1249764
-1249771
-1249775
-1249780
1249793
1249794
-1249801
-1249804
-1249823
-1249831
1249897
1249898
-1249904
-1249909
-1249917
-1249925
1249927
1249929
-1249934
-1249943
-1249947
1249951
-1249955
-1249956
-1249958
1249963
-1249967
-1249969
-1249971
-1250001
-1250028
1250032
1250033
1250034
-1250043
-1250168
-1250231
-1250234
-1250237
1250275
1250276
1250277
-1250282
-1250286
-1250289
1250290
-1250301
-1250326
-1250332
-1250336
-1250338
-1250339
-1250342
-1250343
-1250346
-1250349
-1250350
-1250357
1250360
-1250366
1250372
1250374
1250381
-1250391
-1250394
-1250396
1250408
-1250410
-1250419
1250426
1250429
1250430
-1250435
-1250453
-1250547
-1250552
-1250553
1250582
1250586
1250590
1250591
1250644
1250647
1250648
-1250653
1250660
1250666
-1250668
-1250673
1250676
-1250683
-1250685
-1250687
-1250691
1250705
-1250707
-1250713
-1250836
-1250837
-1250846
-1250854
-1250855
-1250860
-1250863
-1250866
-1250868
1250870
1250871
-1250874
-1250892
1250894
1250897
1250904
1250905
1250906
-1250908
-1250914
1250917
1250922
-1250923
-1250931
1250944
-1250948
-1250949
1250952
-1251103
-1251112
-1251160
-1251168
-1251174
-1251175
-1251184
-1251185
-1251186
-1251190
1251193
1251194
-1251199
-1251202
-1251205
1251206
1251214
1251220
-1251221
-1251222
1251224
1251226
1251239
-1251240
-1251245
-1251247
-1251256
-1251257
1251440
-1251447
-1251450
-1251452
1251465
-1251472
-1251477
-1251480
1251489
-1251490
-1251493
-1251497
1251503
-1251505
-1251514
-1251516
-1251531
-1251532
-1251543
-1251544
-1251546
-1251547
-1251549
1251558
1251560
1251563
1251564
-1251568
-1251571
-1251577
1251659
-1251660
-1251663
-1251667
-1251733
-1251737
-1251754
1251796
-1251801
-1251804
1251819
1251820
-1251822
-1251823
-1251824
1251828
1251830
1251831
1251833
1251839
-1251841
1251846
1251848
1251849
1251851
-1251853
-1251859
-1251860
-1252008
-1252011
-1252012
-1252023
-1252024
-1252026
-1252030
-1252031
-1252035
-1252039
1252044
1252046
1252047
-1252057
-1252068
-1252069
-1252088
-1252091
1252097
1252101
1252102
-1252226
1252230
-1252236
-1252237
1252239
-1252243
1252244
1252308
1252309
1252423
1252425
-1252432
-1252433
-1252434
1252436
1252437
-1252445
1252446
1252448
-1252455
-1252456
-1252457
1252459
1252460
-1252468
1252561
1252562
-1252578
-1252579
-1252592
1252610
1252611
-1252618
-1252621
-1252622
-1252649
-1252650
-1252710
1252716
1252717
-1252725
-1252726
-1252728
-1252729
-1252769
-1252773
-1252776
-1252777
-1252779
-1252782
-1252783
-1252785
-1252786
-1252795
-1252797
-1252800
-1252801
-1252803
-1252807
-1252809
-1252810
-1252968
1252973
-1252983
-1252986
-1252989
-1252990
1252991
-1253006
-1253007
-1253012
-1253016
1253026
1253027
-1253035
-1253036
-1253037
-1253039
-1253040
-1253102
1253105
-1253111
-1253119
1253128
1253136
1253138
1253140
1253148
-1253152
-1253155
1253160
-1253164
1253166
-1253198
-1253238
-1253260
-1253261
-1253312
-1253417
-1253423
1253460
-1253462
-1253463
-1253468
-1253469
1253471
1253476
1253478
1253479
1253480
-1253483
-1253485
-1253486
1253488
-1253500
1253502
1253503
1253505
-1253507
-1253509
1253511
-1253520
-1253525
-1253526
1253542
1253548
1253549
-1253550
-1253555
1253557
-1253567
-1253568
-1253569
-1253571
-1253574
-1253584
-1253585
-1253586
-1253587
-1253589
1253592
1253597
-1253599
-1253605
-1253773
-1253781
-1253782
-1253837
-1253841
1253874
1253876
1253877
1253882
1253883
1253884
1253887
-1253897
-1253906
-1253907
-1253910
-1253917
-1253920
-1253928
-1253929
-1253934
-1253935
-1253936
1253937
1253940
-1253957
-1253958
-1253959
1253969
1253975
1253976
1253977
1253979
-1254070
-1254076
1254080
1254081
-1254092
-1254093
-1254103
-1254104
1254107
-1254181
-1254182
1254184
1254191
1254192
1254193
1254202
1254210
1254211
1254212
1254221
1254226
1254227
1254231
1254232
1254240
1254241
1254242
1254243
1254244
-1254251
-1254252
1254253
1254256
-1254261
-1254262
-1254263
-1254269
-1254271
1254272
1254275
-1254279
-1254281
-1254282
-1254432
-1254440
1254466
-1254469
-1254471
-1254476
1254489
-1254495
-1254497
-1254498
1254509
1254511
1254512
1254516
1254517
1254521
-1254522
-1254527
1254533
-1254539
-1254543
-1254545
1254551
-1254561
-1254565
-1254566
-1254567
1254575
-1254577
-1254583
1254587
1254590
1254593
1254594
-1254619
1254628
1254629
1254638
1254639
1254640
1254641
1254693
1254694
1254702
1254703
-1254708
-1254724
-1254725
-1254726
1254736
1254741
1254743
1254744
1254745
1254823
1254824
-1254833
-1254834
-1254840
-1254848
-1254874
-1254875
1254878
-1254941
-1254942
-1254973
-1254974
-1254975
1254985
1254990
1254992
1254993
1254994
1255087
1255088
-1255099
-1255100
-1255107
-1255115
-1255141
-1255142
1255145
-1255212
-1255213
1255215
-1255246
-1255247
-1255248
1255258
1255263
1255265
1255266
1255267
1255360
1255361
-1255372
-1255373
-1255380
-1255388
-1255414
-1255415
1255418
-1255485
-1255486
1255488
1255510
1255511
1255512
1255521
1255529
1255530
1255531
1255540
1255545
1255546
1255554
1255558
1255559
1255560
-1255566
-1255568
1255569
-1255574
-1255576
-1255577
-1255582
-1255584
1255585
-1255590
-1255592
-1255593
-1255694
-1255700
-1255823
-1255829
1255854
-1255860
-1255864
-1255866
1255873
-1255881
-1255886
-1255887
-1255888
1255897
-1255898
-1255903
1255908
1255911
1255914
1255915
1255921
-1255927
-1255931
-1255933
1255940
-1255948
-1255953
-1255954
-1255955
1255964
-1255965
-1255970
1255975
1255978
1255981
1255982
-1256005
1256013
1256014
1256023
1256024
1256025
1256026
1256078
1256079
1256087
1256088
-1256177
-1256181
-1256188
-1256189
-1256190
-1256208
-1256211
1256212
1256214
-1256221
-1256222
-1256223
1256225
1256226
-1256234
1256235
1256237
-1256244
-1256247
-1256250
-1256251
-1256257
-1256338
-1256342
-1256347
-1256348
-1256376
-1256383
-1256385
1256387
-1256393
-1256394
-1256403
-1256406
-1256407
-1256458
-1256462
-1256467
-1256468
-1256496
-1256503
-1256505
1256507
-1256513
-1256514
-1256523
-1256526
-1256527
1256551
1256552
-1256568
-1256569
-1256583
1256603
1256604
-1256611
-1256614
-1256615
-1256647
-1256648
-1256703
1256708
1256709
-1256718
-1256719
-1256721
-1256722
-1256762
-1256766
-1256769
-1256770
-1256772
-1256776
-1256777
-1256779
-1256780
-1256788
-1256793
-1256796
-1256797
-1256799
-1256804
-1256806
-1256807
-1256936
1256941
-1256951
-1256954
-1256957
-1256958
1256959
-1256975
-1256976
-1256982
-1256985
1256997
1256998
-1257006
-1257007
-1257008
-1257010
-1257011
-1257073
1257076
-1257086
-1257090
1257099
1257107
1257109
1257111
1257119
-1257123
-1257126
1257131
-1257135
1257137
-1257166
-1257197
-1257200
-1257245
-1257354
-1257360
1257367
-1257372
-1257373
-1257375
-1257376
1257378
1257383
1257385
1257386
1257387
-1257390
-1257393
-1257394
1257396
-1257407
1257412
1257413
1257415
-1257417
-1257420
1257422
1257424
-1257432
-1257441
-1257442
1257461
-1257466
1257470
1257471
-1257475
1257477
-1257485
-1257490
-1257491
-1257492
-1257496
1257501
-1257502
-1257506
-1257512
-1257513
-1257514
-1257515
-1257517
1257520
-1257785
-1257789
-1257790
-1257877
-1257880
-1257920
1257924
1257925
1257926
1257930
1257933
1257934
-1257939
-1257942
-1257945
-1257947
1257949
-1257956
-1257965
-1257966
-1257969
-1257976
-1257979
1258027
1258029
1258035
-1258039
-1258042
-1258043
-1258044
1258051
1258052
-1258059
-1258062
-1258063
1258065
1258066
-1258075
-1258246
-1258250
-1258257
-1258258
-1258259
-1258277
-1258280
1258281
1258283
-1258290
-1258291
-1258292
1258294
1258295
-1258303
1258304
1258305
-1258313
-1258317
-1258319
-1258320
-1258323
-1258409
-1258413
-1258417
-1258418
-1258450
-1258453
-1258454
-1258455
-1258462
-1258464
1258466
-1258472
-1258473
-1258524
-1258528
-1258533
-1258534
-1258565
-1258572
-1258574
1258576
-1258582
-1258583
-1258611
-1258615
-1258617
-1258686
-1258694
-1258695
-1258750
-1258754
1258764
1258766
1258767
1258772
1258774
1258776
1258777
-1258787
-1258796
-1258797
-1258800
-1258803
-1258807
-1258809
1258811
1258812
-1258818
-1258824
-1258828
-1258829
-1258835
1258842
-1258846
-1258849
1258856
-1258860
-1258861
1258873
1258874
-1258881
-1258882
-1258883
-1258886
-1258887
-1258898
-1258899
-1258905
-1258908
-1258950
1258970
-1258976
-1258984
1258993
1259001
1259004
1259006
1259013
-1259017
1259019
1259025
-1259029
-1259032
-1259053
-1259132
-1259141
-1259186
-1259255
-1259258
1259264
-1259267
1259273
1259274
-1259278
1259281
-1259287
-1259291
-1259293
-1259298
1259301
-1259302
-1259306
-1259312
-1259313
-1259314
-1259315
-1259316
1259324
-1259330
-1259331
-1259333
-1259334
1259336
1259340
1259343
1259344
1259345
-1259348
-1259351
-1259352
1259354
-1259365
1259369
1259370
1259372
-1259376
-1259378
-1259379
1259385
1259389
-1259391
-1259414
-1259415
1259421
1259611
1259612
-1259616
-1259621
-1259625
1259631
-1259638
-1259639
-1259641
1259650
-1259654
-1259656
-1259658
-1259683
-1259725
1259730
1259731
1259733
-1259742
1259841
1259842
1259843
-1259848
-1259851
-1259852
1259856
-1259867
-1259887
-1259889
-1259890
-1259894
-1259895
-1259896
-1259899
-1259905
-1259911
-1259915
-1259917
-1259930
-1260015
-1260019
-1260023
-1260042
-1260045
-1260046
1260050
-1260059
-1260068
-1260090
-1260102
-1260107
1260113
1260114
1260115
1260116
-1260127
1260128
-1260169
-1260172
-1260174
-1260176
-1260177
-1260214
-1260218
-1260223
-1260227
1260229
-1260235
1260237
-1260239
1260262
1260263
-1260270
-1260277
-1260294
-1260303
1260352
1260353
-1260358
-1260362
-1260369
-1260377
1260393
-1260400
-1260403
-1260405
1260417
-1260427
-1260432
-1260435
1260444
-1260446
-1260449
-1260455
1260462
-1260464
-1260473
-1260475
-1260490
-1260491
-1260502
-1260503
-1260505
-1260506
-1260507
1260514
1260516
1260518
1260520
-1260528
-1260531
-1260533
1260626
-1260628
-1260631
-1260637
-1260702
-1260713
-1260772
1260796
-1260801
-1260804
1260819
1260823
-1260824
-1260825
-1260826
1260830
1260831
1260833
1260837
-1260838
-1260842
1260845
-1260847
1260852
1260854
1260855
1260963
1260970
1260972
-1260973
1260985
-1260992
-1260997
-1261000
1261009
1261011
1261012
-1261015
1261020
-1261022
-1261031
1261047
1261051
1261054
1261056
1261098
1261100
1261101
-1261104
-1261137
-1261248
-1261254
-1261256
1261275
-1261280
1261284
-1261289
1261290
-1261300
-1261304
-1261305
-1261308
1261314
-1261316
-1261322
-1261504
-1261507
-1261508
-1261509
-1261521
-1261522
-1261528
-1261529
-1261531
-1261534
1261540
1261542
-1261544
1261553
-1261559
-1261567
-1261571
-1261575
-1261578
1261584
1261588
1261589
-1261705
1261709
-1261715
-1261716
1261718
-1261722
1261723
1261799
1261800
-1261926
-1261927
-1261936
-1261944
-1261945
-1261950
-1261953
-1261956
-1261958
1261960
-1261963
-1261976
1261982
1261984
1261990
1261991
1261992
-1261993
1261999
-1262001
1262006
-1262007
-1262015
1262028
-1262032
-1262033
1262036
-1262195
-1262200
-1262231
-1262239
-1262266
-1262267
-1262274
-1262278
-1262279
-1262282
1262285
1262288
-1262293
-1262296
-1262298
1262305
1262311
-1262315
-1262316
1262320
1262324
1262325
1262329
-1262330
-1262335
-1262337
-1262346
-1262347
-1262536
-1262538
-1262540
1262545
-1262550
-1262558
-1262583
-1262593
-1262597
1262607
1262612
1262613
1262614
-1262617
1262619
-1262653
-1262654
-1262659
-1262661
-1262663
-1262709
1262710
-1262715
1262716
-1262718
-1262725
-1262729
-1262734
1262747
1262748
-1262755
-1262758
-1262777
-1262785
1262851
1262852
-1262858
-1262863
-1262871
-1262879
1262882
1262883
-1262887
-1262892
-1262896
1262902
-1262909
-1262910
-1262912
1262917
-1262921
-1262923
-1262925
-1262955
-1262982
1262986
1262987
1262988
-1262997
1263115
1263116
1263117
-1263122
-1263126
-1263129
1263130
-1263141
-1263166
-1263172
-1263176
-1263178
-1263179
-1263182
-1263183
-1263186
-1263189
-1263190
-1263197
-1263207
-1263270
-1263273
-1263276
1263314
1263321
1263323
-1263324
1263335
-1263345
-1263350
-1263353
1263362
1263365
1263366
-1263371
1263377
-1263379
-1263388
1263404
1263408
1263412
1263413
1263466
1263469
1263470
-1263475
-1263493
-1263576
-1263581
-1263582
1263607
1263613
-1263615
-1263620
1263623
-1263630
-1263632
-1263634
-1263638
1263652
-1263654
-1263660
1263797
-1263804
-1263807
-1263809
1263822
-1263829
-1263834
-1263837
1263846
-1263847
-1263850
-1263854
1263860
-1263862
-1263871
-1263873
-1263888
-1263889
-1263900
-1263901
-1263903
-1263904
-1263906
1263915
1263917
1263920
1263921
-1263925
-1263928
-1263934
1264016
-1264017
-1264020
-1264024
-1264114
-1264118
-1264158
1264212
-1264217
-1264220
1264235
1264236
-1264238
-1264239
-1264240
1264244
1264246
1264247
1264249
1264255
-1264257
1264262
1264264
1264265
1264267
-1264269
-1264275
-1264276
-1264386
-1264387
-1264396
-1264404
-1264405
-1264410
-1264413
-1264416
-1264418
1264420
1264421
-1264424
-1264442
1264444
1264447
1264454
1264455
1264456
-1264458
-1264464
1264467
1264472
-1264473
-1264481
1264494
-1264498
-1264499
1264502
-1264655
-1264666
-1264692
-1264702
-1264709
-1264710
-1264719
-1264720
-1264721
-1264725
1264728
1264729
-1264734
-1264737
-1264740
1264741
1264749
1264755
-1264756
-1264757
1264759
1264761
1264774
-1264775
-1264780
-1264782
-1264791
-1264792
-1265011
-1265014
-1265015
-1265026
-1265027
-1265029
-1265033
-1265034
-1265038
1265043
1265045
-1265046
1265052
-1265060
-1265068
-1265072
-1265076
-1265079
1265085
1265089
1265090
-1265203
1265207
-1265213
-1265214
1265216
-1265220
1265221
1265285
1265286
1265426
1265427
-1265443
-1265444
-1265458
1265478
1265479
-1265486
-1265489
-1265490
-1265522
-1265523
-1265578
1265583
1265584
-1265593
-1265594
-1265596
-1265597
-1265637
-1265641
-1265644
-1265645
-1265647
-1265651
-1265652
-1265654
-1265655
-1265663
-1265668
-1265671
-1265672
-1265674
-1265679
-1265681
-1265682
-1265818
-1265822
-1265829
-1265830
-1265831
-1265849
-1265852
1265853
1265855
-1265862
-1265863
-1265864
1265866
1265867
-1265875
1265876
1265878
-1265885
-1265888
-1265891
-1265892
-1265898
-1265979
-1265983
-1265988
-1265989
-1266017
-1266024
-1266026
1266028
-1266034
-1266035
-1266044
-1266047
-1266048
-1266099
-1266103
-1266108
-1266109
-1266137
-1266144
-1266146
1266148
-1266154
-1266155
-1266164
-1266167
-1266168
-1266265
1266272
-1266276
-1266279
1266286
-1266290
-1266291
1266304
1266305
-1266313
-1266314
-1266315
-1266317
-1266318
-1266331
-1266332
-1266338
-1266341
-1266385
1266406
-1266416
-1266420
1266429
1266437
1266440
1266442
1266449
-1266453
1266455
1266461
-1266465
-1266468
-1266490
-1266599
-1266605
-1266631
-1266668
-1266673
1266703
-1266708
1266712
1266713
-1266717
1266719
-1266727
-1266732
-1266733
-1266734
-1266738
1266743
-1266744
-1266748
-1266754
-1266755
-1266756
-1266757
-1266759
1266762
1266770
-1266775
-1266776
-1266778
-1266779
1266781
1266786
1266788
1266789
1266790
-1266793
-1266796
-1266797
1266799
-1266810
1266815
1266816
1266818
-1266820
-1266823
1266825
1266827
-1266835
-1266844
-1266845
-1267023
-1267027
-1267028
-1267118
-1267121
-1267161
1267165
1267166
1267167
1267171
1267174
1267175
-1267180
-1267183
-1267186
-1267188
1267190
-1267197
-1267206
-1267207
-1267210
-1267217
-1267220
-1294131
1294161
1294162
-1294173
-1294174
-1301859
-1301862
-1301870
-1302359
-1302360
-1302365
-1302368
-1302383
-1302386
-1302387
-1302391
-1302394
-1302395
-1302396
-1302398
-1302399
-1302405
-1302497
-1302500
-1302568
1302575
-1302580
-1302583
-1302584
-1302585
1302586
-1302600
-1302605
-1302609
-1302612
-1302613
-1302617
-1302619
-1302620
-1302621
-1302624
-1302625
-1302629
1303239
-1303243
-1303245
-1303249
-1303257
-1303258
1303261
-1303265
-1303267
-1303271
-1303279
-1303280
1303282
-1303287
-1303290
-1303292
-1303301
-1303302
1303304
-1303309
-1303313
-1303315
-1303323
-1303324
1303438
-1303443
-1303446
-1303448
-1303457
-1303458
1303473
-1303478
-1303482
-1303484
-1303492
-1303493
1303494
-1303501
-1303504
-1303505
-1303514
-1303515
1303516
-1303523
-1303526
-1303527
-1303536
-1303537
-1399925
1399926
1399927
-1399937
-1399938
-1399939
-1399997
1400006
-1400010
-1400012
1400016
-1400017
-1400018
1400169
1400170
-1400179
-1400180
-1400182
-1400184
-1400185
-1400186
-1400187
1400205
1400207
-1400215
-1400217
-1400219
-1400220
-1400221
-1400224
-1400225
1400226
1400228
-1400237
-1400238
-1400239
-1400243
-1400244
-1400248
-1400249
1400292
1400293
-1400301
-1400305
-1400307
-1400311
-1400312
-1400313
-1400314
1646654
1646655
1646656
1646657
1646658
1646659
-1659918
-1659919
-1659964
-1659965
-1660215
-1660216
-1660262
-1660263
-1660341
-1660342
-1660388
-1660389
-1660646
-1660647
-1660694
-1660695
1661418
1661419
1661420
1661421
1661422
1661423
1661538
1661539
1661540
1661541
1661542
1661543
1662031
1662032
1662033
1662034
1662035
1662036
1673710
1673714
1673716
1673721
1673723
1673725
1673791
1673792
1673834
1673837
1673843
1674188
1674189
1674284
1674285
1674290
1674293
-1674295
1674297
1674298
1674302
1674304
1675139
1675140
1675144
1675147
-1675153
-1675154
-1675246
-1675247
-1675248
-1675249
-1675250
-1675251
1675411
-1675414
-1675415
-1675416
-1675418
1675452
1675453
1675457
1675460
-1675466
-1675467
1676087
1676166
-1676167
-1676169
-1676174
-1676176
1676209
-1696759
-1696760
-1697189
-1697190
-1697866
-1697867
-1697993
-1697994
-1698761
-1698762
-1698907
-1698908
-1699585
-1699586
-1700029
-1700030
-1702299
-1702301
1702304
1702309
1702312
1702365
1702369
1702373
1702583
1702587
1702592
-1702622
-1702624
1702627
1702631
1702633
-1702682
-1702687
1702879
1702880
1702884
1702886
1702888
1702889
1702894
1702897
-1702899
1703003
1703004
1703029
-1703033
-1703034
-1703036
-1703090
-1703091
-1703151
-1703152
1703161
1703162
1703176
1703183
1703262
-1703268
-1703271
-1703272
-1703276
1703304
-1703308
-1703312
-1703313
-1703318
1703327
1703328
1703336
1703391
1703394
1703398
1703399
1703430
-1703433
-1703434
-1703487
-1703488
-1703560
-1703561
1703570
1703571
1703641
1703643
1703646
1703649
1703651
1703652
1703657
1703660
-1703662
1703907
1703908
-1703976
-1703977
1703986
1703987
1703994
-1703998
-1703999
-1704001
-1704055
-1704056
1704064
1704067
1704072
1704145
1704146
-1704202
-1704203
1704212
1704227
-1704230
-1704231
-1704232
-1704287
-1704288
-1704508
-1704510
1704513
1704518
1704521
1704558
1704562
1704566
1704593
1704601
1704679
-1704685
-1704688
-1704689
-1704693
1704703
1704711
1704790
-1704795
-1704797
-1704799
-1704804
-1704962
-1704963
1704967
1704973
1704975
1705013
1705016
1705021
1705246
1705250
1705255
-1705285
-1705287
1705290
1705294
1705296
1705323
-1705327
-1705331
-1705332
-1705337
1705346
1705347
1705355
1705433
-1705438
-1705440
-1705442
-1705447
1705456
1705457
1705465
1705687
1705690
1705696
-1705725
-1705726
1705730
1705735
1705737
1705870
1705872
1705876
1705903
-1705904
-1705908
-1705962
-1705963
-1706029
-1706030
1706042
1706043
1706098
1706099
1706105
1706107
1706111
1706138
-1706139
-1706143
-1706197
-1706198
-1706255
-1706256
1706268
1706269
1706422
1706424
1706428
1706432
-1706433
1706436
1706437
1706441
1706443
1706597
1706598
-1706654
-1706655
1706666
1706680
-1706681
-1706683
-1706687
-1706742
-1706743
1706755
1706763
1706842
-1706847
-1706849
-1706851
-1706856
1706883
-1706888
-1706890
-1706892
-1706897
1706906
1706907
1706917
1707025
1707026
-1707100
-1707101
1707113
1707114
1707120
-1707121
-1707125
-1707179
-1707180
-1707705
-1707706
1707710
1707716
1707718
1707756
1707759
1707764
1707942
1707945
1707951
-1707993
-1707994
1707998
1708003
1708005
1709497
-1709501
-1709502
-1709504
1709664
1709667
1709671
1709849
1709850
1709854
1709857
-1709863
-1709864
1710006
1710081
-1710084
-1710085
1710153
1710155
1710159
1710267
-1710271
-1710272
-1710274
1710418
1710421
1710425
-1710432
-1710433
-1710434
-1710435
-1710436
-1710437
1710585
1710588
1710592
1710915
1710916
1710920
1710923
-1710929
-1710930
1711247
1711248
1711252
1711255
-1711261
-1711262
1711436
1711437
1711441
1711444
-1711450
-1711451
1711627
1711727
-1711728
-1711732
1711764
1711766
1711770
-1711824
-1711825
-1711826
-1711827
-1711828
-1711829
-1711833
-1711834
-1711835
-1711836
-1711837
-1711838
1711865
-1711866
-1711870
1711898
1711900
1711904
1712160
1712163
1712167
1712251
1712252
1712256
1712259
-1712265
-1712266
1712479
1712480
1712484
1712487
-1712493
-1712494
1712608
-1712609
-1712613
1712641
1712643
1712647
-1717271
1717274
1717276
1717279
1717280
-1717283
-1717284
1717327
1717331
-1717336
-1717340
-1717355
-1717356
1717440
-1717445
-1717447
-1717448
1717486
1717487
1717490
-1717491
1717496
1717525
1717529
-1717536
-1717539
-1717552
-1717553
1717604
-1717609
-1717611
-1717612
1717634
1717635
1717638
-1717639
1717644
-1717824
-1717825
1717929
1717932
-1717935
-1717943
-1717944
-1718015
-1718016
1718203
1718206
-1718210
-1718218
-1718219
1731633
1731634
-1731642
-1731643
-1731644
-1731645
1731740
1731741
-1731749
-1731750
-1731751
-1731752
1731857
1731858
-1731861
1731863
1731864
-1731866
1731882
1731883
-1731886
1731888
1731889
-1731891
1731894
1731895
1731900
1731902
-1731905
1731907
-1731913
1731914
1732027
1732028
1732033
1732036
-1732038
1732040
1732043
-1732047
1732048
1732050
1732060
1732064
1732123
1732124
1732128
1732129
1732145
1732146
-1732149
1732151
1732152
-1732154
1732291
1732292
-1732300
-1732301
-1732304
-1732305
1732306
1732307
1732313
1732316
-1732319
-1732320
1732341
-1732347
1732348
1732421
1732422
1732428
1732431
-1732434
-1732435
1732447
-1732453
1732454
1732467
1732605
1732606
-1732614
-1732615
-1732618
-1732619
1732786
1732787
-1732795
-1732796
-1732797
-1732798
1732943
1732944
1732950
1732953
-1732956
-1732957
1732960
-1732966
1732967
1732976
1732980
1732992
1733064
1733065
1733071
1733074
-1733077
-1733078
1733081
-1733087
1733088
1733097
1733101
1733113
1733148
-1733158
-1733159
-1733160
-1733161
1733318
1733319
1733323
1733324
1733340
1733341
-1733344
1733346
1733347
-1733349
1733392
1733393
1733398
1733401
-1733403
1733414
-1733420
1733421
1733525
1733526
1733531
1733534
-1733536
1733545
1733549
1733550
1733553
-1733557
1733558
1733560
1733594
1733595
1733599
1733600
1733616
1733617
1733621
1733622
1733725
1733726
-1733734
-1733735
-1733738
-1733739
1733848
-1733858
-1733859
-1733862
-1733863
1734472
-1734476
-1734478
1734515
1734516
1734519
-1734520
1734525
1734566
1734573
-1734578
-1734579
-1734593
-1734594
1734697
1734701
-1734706
-1734710
-1734725
-1734726
1734836
-1734839
-1734841
1734873
1734874
1734877
-1734878
1734883
1734966
-1734967
1734972
1734975
-1734976
1734981
-1734984
1734985
1734988
1734989
1734992
-1734995
-1734996
1735047
1735048
1735054
1735057
-1735061
1735064
1735070
1735073
-1735105
-1735106
-1735158
-1735159
1735199
1735200
1735206
1735209
-1735212
1735227
1735228
1735234
1735237
-1735242
1735243
1735246
1735247
1735249
-1735251
-1735254
1735255
1735258
1735259
1735261
-1735263
1735308
-1735309
1735314
1735317
-1735318
1735323
1735403
-1735407
-1735409
1735430
1735431
1735434
-1735435
1735440
-1735492
1735493
1735496
1735497
1735500
-1735503
-1735504
-1735521
1735524
1735526
1735528
1735529
-1735531
-1735558
1735559
1735562
1735563
1735566
-1735569
-1735570
1735589
-1735592
-1735594
1735610
1735611
1735614
-1735615
1735620
1735698
1735705
-1735710
-1735711
-1735725
-1735726
1735855
1735856
1735862
1735865
-1735869
1735872
1735878
1735880
-1735913
-1735914
1735978
1735979
1735985
1735988
-1735991
1736004
1736010
1736012
-1736036
-1736037
1736136
1736140
-1736147
-1736150
-1736163
-1736164
-1736301
-1736302
1736342
1736343
1736349
1736352
-1736355
1736370
1736371
1736377
1736380
-1736424
-1736425
1736465
1736466
1736472
1736475
-1736478
1736493
1736494
1736500
1736503
1736507
-1736511
1736513
-1736521
-1736529
-1736530
1736639
-1736642
-1736644
1736676
1736677
1736680
-1736681
1736686
-1736750
1736751
1736754
1736755
1736757
-1736759
-1736762
1736763
1736766
1736767
1736769
-1736771
-1736798
1736799
1736802
1736803
1736805
-1736807
-1736825
1736826
1736829
1736830
1736832
-1736834
1736944
-1736945
1736950
1736953
-1736954
1736959
-1736961
1736964
1736965
1736967
1736968
-1736995
1736996
1736999
1737000
1737003
-1737006
-1737007
1737049
1737050
1737056
1737059
-1737062
1737075
1737081
1737083
-1737107
-1737108
-1737172
-1737173
1737213
1737214
1737220
1737223
-1737226
1737241
1737242
1737248
1737250
-1737255
1737258
1737259
1737261
1737262
-1737289
1737290
1737293
1737294
1737296
-1737298
1737319
-1737320
1737325
1737328
-1737329
1737334
1737377
-1737380
-1737382
1737398
1737399
1737402
-1737403
1737408
1737553
-1737557
1737559
-1737567
-1737575
-1737576
1738411
1738416
-1738419
-1738427
-1738428
-1738468
-1738469
1738629
1738632
-1738635
-1738643
-1738644
1738704
1738709
-1738712
-1738720
-1738721
-1739117
-1739118
-1739200
-1739201
-1739604
-1739605
1739800
1739803
-1739807
-1739815
-1739816
1739961
-1739964
1739966
-1739974
-1739975
-1740085
-1740086
-1740201
-1740202
1740310
-1740313
1740315
-1740323
-1740324
-1754399
-1754409
-1754410
-1754411
1754438
-1754439
-1754443
1754446
1754448
1754451
1754460
-1754486
-1754487
-1754512
-1754513
1754526
1754530
1754532
-1754580
-1754581
1754584
1754586
1754647
1754648
-1754671
-1754672
1754684
-1754696
-1754697
-1754706
-1754707
1754759
-1754760
-1754764
1754777
1754779
1754781
1754784
-1754787
-1754788
-1754789
1755047
1755050
1755053
1755063
1755066
-1755071
-1755073
-1755086
-1755091
-1755092
1755094
1755097
-1755099
1755161
1755162
1755346
1755395
-1755403
-1755404
-1755407
-1755408
-1755423
-1755424
1755428
1755430
1755436
-1755443
-1755444
1755445
1755447
1755477
1755479
1755482
-1755485
-1755517
-1755518
-1755543
-1755544
1755557
1755561
1755563
-1755644
-1755645
-1755646
-1755658
1755659
1755662
1755663
1755665
-1755819
-1755820
1755823
1755825
1755915
1755920
1755922
-1755924
-1755925
-1755927
-1755931
-1755933
-1755934
-1755936
-1755940
1755951
1755953
1755954
1755959
1755960
1755962
1755963
1755968
1756065
1756068
1756074
1756081
1756084
-1756089
-1756091
-1756104
-1756109
-1756110
1756112
1756115
-1756117
1756129
1756130
1756225
1756243
-1756251
-1756252
-1756255
-1756256
-1756271
-1756272
1756276
1756278
1756284
-1756290
-1756292
1756294
1756298
1756315
1756318
1756321
-1756325
-1756363
-1756364
-1756365
-1756397
1756400
1756402
1756404
1756405
1757025
1757029
-1757036
-1757039
1757040
-1757048
-1757049
-1757050
-1757052
-1757053
-1757083
-1757084
-1757085
-1757103
-1757104
1757105
-1757108
-1757109
1757125
1757147
1757148
-1757166
-1757167
-1757168
-1757169
1757283
-1757284
-1757285
-1757310
-1757311
1757318
-1757324
1757327
1757351
1757363
1757364
1757366
1757368
1757490
1757497
-1757501
-1757502
-1757540
-1757541
-1757599
-1757600
-1757601
-1757620
-1757621
-1757622
-1757902
1757904
1757907
1757908
1757912
-1757914
-1757915
-1757925
-1757926
-1757928
-1757929
-1757934
1757947
1757948
1757952
1757953
1757959
-1757962
1757968
1757971
1757973
-1758024
-1758025
1758036
1758064
1758070
-1758073
-1758077
1758093
-1758101
-1758102
-1758103
-1758105
-1758106
1758132
1758154
1758155
-1758173
-1758174
-1758175
-1758176
-1758179
-1758180
-1758181
-1758199
-1758200
1758201
-1758204
-1758205
1758568
-1758569
-1758570
-1758598
-1758599
1758603
-1758609
1758612
1758636
1758648
1758649
1758651
1758653
1759044
1759051
-1759055
-1759056
-1759094
-1759095
-1759206
-1759207
-1759208
-1759218
-1759219
-1759220
1759413
-1759418
1759420
-1759427
1759431
1759437
1759440
1759455
-1759513
1759515
1759518
1759519
1759523
-1759525
-1759526
-1759536
-1759537
-1759539
-1759540
-1759545
1759558
1759560
1759563
1759565
1759567
-1759573
1759580
1759583
1759586
-1759604
-1759605
1759616
1759650
-1759655
1759657
-1759664
1759677
1759680
1759686
1759689
-1796372
-1796373
-1796374
-1796405
1796409
1796411
-1796415
1796419
1796421
1796425
1796885
1796898
-1796899
-1796900
1796919
1796924
1796925
1796927
-1796933
-1796935
1796956
1796967
-1796973
-1796974
1796977
-1796982
1796984
1796993
1796999
-1797002
1797020
-1797025
1797026
1797049
1797054
-1797057
1797487
-1797490
1797494
1797499
1797505
-1797508
1797526
-1797531
1797532
1797558
1797563
-1797566
1797587
1797600
-1797601
-1797602
1797622
1797626
1797629
1797630
1797632
-1797638
-1797640
1797660
1797669
-1797675
-1797676
-1798054
1798058
1798060
1798065
1798067
1798071
-1798144
-1798145
-1798146
1798625
1798627
1798628
1798633
1798634
1798635
1798637
1798641
1798670
1798675
-1798678
-1798686
-1798687
-1798695
-1798696
-1798698
-1798699
1798700
1798702
1798706
1798708
1798709
1798714
1798715
1798716
1798718
1798722
1798742
1798747
-1798750
-1798758
-1798759
-1798767
-1798768
-1798770
-1798771
1798772
1798774
-1798781
-1798782
-1798790
-1798791
-1798792
-1798793
-1798808
-1798809
-1798810
-1798811
1798821
1798824
1798895
1798897
1798898
1798903
1798904
1798905
1798907
1798911
1798940
-1798944
1798945
-1798954
-1798955
-1798963
-1798964
-1798968
-1798969
1798970
1798972
-1798997
-1798998
1799003
1799005
1799006
1799011
1799012
1799014
1799015
1799020
1799039
1799044
-1799047
-1799055
-1799056
-1799064
-1799065
-1799066
-1799068
1799069
1799072
-1799468
-1799469
-1799470
1799725
1799727
1799731
-1799753
1799757
1799759
-1799763
-1799789
-1799790
-1799793
-1799794
-1799807
-1799808
-1799811
-1799812
-1800107
-1800108
-1800109
1800218
1800222
1800224
-1800246
1800250
1800252
-1800256
1800671
1800684
-1800685
-1800686
1800705
1800710
1800711
1800713
-1800719
-1800721
1800742
1800753
-1800759
-1800760
1800934
-1800939
1800941
1800950
1800956
-1800959
1800978
-1800981
1800985
1801006
1801011
-1801014
1801137
1801150
-1801151
-1801152
1801171
1801176
1801177
1801181
-1801184
-1801186
-1801222
-1801223
1801419
-1801423
1801426
1801436
1801441
-1801442
1801463
-1801465
1801470
1801492
1801496
-1801497
1801916
-1801919
1801923
1801928
1801934
-1801937
1801955
-1801960
1801961
1801987
1801992
-1801995
1802201
1802212
-1802213
-1802214
1802234
1802238
1802241
1802242
1802244
-1802250
-1802252
1802272
1802281
-1802289
-1802290
1802398
-1802400
1802405
1802423
1802428
-1802429
1802434
-1802438
1802440
1802473
1802477
-1802478
1802667
1802678
-1802679
-1802680
1802700
1802704
1802707
1802708
1802712
-1802715
-1802717
1802738
1802747
-1802755
-1802756
-1803216
1803220
1803222
1803227
1803229
1803233
-1803323
-1803324
-1803325
-1803447
-1803448
-1803449
-1803450
-1803465
-1803466
-1803467
-1803468
-1803737
1803741
1803743
1803748
1803750
1803754
-1803978
-1803979
-1803980
1804351
1804352
1804354
1804356
1804359
1804361
1804363
1804364
1804368
-1804372
1804373
-1804382
-1804383
-1804391
-1804392
-1804414
-1804415
1804416
1804418
-1804425
-1804426
1804450
1804451
1804453
1804455
1804459
1804460
1804462
1804464
1804467
1804472
-1804475
-1804483
-1804484
-1804492
-1804493
-1804521
-1804523
1804524
1804527
-1804533
-1804534
-1804537
-1804538
-1804542
-1804543
-1804546
-1804547
1804555
1804558
-1804650
-1804651
1804657
1804658
1804660
1804662
1804666
1804667
1804669
1804671
1804674
1804677
-1804682
-1804690
-1804691
-1804699
-1804700
-1804719
-1804721
1804722
1804725
1804729
1804730
1804732
1804734
1804738
1804739
1804741
1804743
1804746
1804749
-1804754
-1804762
-1804763
-1804771
-1804772
-1804800
-1804802
1804803
1804806
-1805341
-1805342
-1805343
1805388
1805392
1805394
-1805416
1805420
1805422
-1805426
1805797
1805808
-1805809
-1805810
1805829
1805834
1805835
1805839
-1805842
-1805844
-1805882
-1805883
1805885
-1805889
1805892
1805902
1805907
-1805908
1805929
-1805931
1805936
1805958
1805962
-1805963
1806447
-1806449
1806454
1806472
1806477
-1806478
1806484
-1806486
1806491
1806522
1806526
-1806527
1806539
1806550
-1806551
-1806552
1806572
1806576
1806579
1806580
1806584
-1806587
-1806589
1806610
1806619
-1806627
-1806628
1807248
1807250
1807254
-1807276
1807280
1807282
-1807324
-1807325
-1807326
-1810083
-1810084
-1810085
-1810094
1810095
1810098
1810099
1810101
1810591
1810594
1810599
1810604
1810607
-1810612
-1810614
-1810628
-1810632
1810633
1810636
1810696
1810697
1810740
1810757
-1810765
-1810767
-1810768
-1810770
-1810785
-1810787
1810790
1810794
-1810798
-1810800
1810801
1810804
1810832
1810836
1810838
-1810841
-1810968
1810969
1810973
1811018
-1811026
1811028
1811047
1811050
1811051
1811055
1811057
1811256
1811274
-1811279
-1811281
-1811283
-1811285
-1811295
-1811296
1811300
1811301
1811306
-1811311
-1811313
1811314
1811317
1811345
1811348
1811351
-1811355
1811456
1811459
1811462
1811472
1811475
-1811476
-1811478
-1811497
1811500
1811502
1811562
1811565
1811612
-1811619
1811620
1811638
1811641
1811642
1811646
1811648
-1811879
1811880
1811884
-1811925
-1811926
-1811927
-1811935
1811938
1811939
1811941
1811942
-1812320
-1812322
1812326
1812327
-1812386
-1812388
1812392
1812393
1812474
1812479
1812481
-1812483
-1812485
-1812486
-1812491
-1812492
-1812494
-1812495
-1812500
1812501
1812503
1812504
1812509
1812519
1812521
1812522
1812527
-1812606
-1812607
-1812630
-1812631
-1812632
-1812639
-1812640
-1812641
1812663
-1812689
-1812690
-1812715
-1812716
1812736
1812741
1812743
1812758
1812764
1812765
1812782
1812783
1812785
1812786
1812790
1812792
1812870
1812871
1812872
1812873
1812874
1812875
-1812877
-1812878
1812882
1812885
-1812931
-1812932
-1813026
-1813027
-1813028
1813036
1813039
1813042
-1813065
-1813067
1813072
-1813074
-1813075
1813079
1813083
1813085
-1813103
-1813104
-1813111
-1813112
-1813113
-1813114
-1813115
1813130
1813133
-1813137
-1813138
-1813144
-1813164
-1813165
1813170
1813174
1813177
1813212
-1813217
1813219
1813246
-1813250
1813252
-1813257
1813282
-1813284
1813289
-1813292
1813319
-1813323
-1813324
-1813330
-1813350
-1813351
1813356
1813360
1813362
1813389
-1813394
1813396
1813407
-1813453
-1813454
1813458
1813461
-1813472
-1813473
1813477
1813492
-1813499
-1813500
-1813501
1813511
-1813523
1813527
-1813528
-1813532
1813537
1813548
1813549
1813550
1813553
1813554
1813557
-1813612
-1813613
-1813701
-1813702
-1813703
1813711
1813713
1813716
1813742
1813746
1813748
1813762
1813763
1813778
1813779
1813781
1813782
1813786
1813788
1813866
1813867
1813868
1813869
1813870
1813871
-1813872
-1813874
1813878
1813879
-1813881
-1813882
1813888
-1813889
-1813891
1813895
1813899
1813901
-1813910
-1813911
-1813927
-1813928
-1813929
-1813930
-1813931
1813946
1813966
1813969
1813973
-1813976
-1813977
-1813979
-1813981
-1813984
-1813985
-1813987
-1813991
1813993
1813995
1813996
1814001
1814011
1814013
1814014
1814019
-1814038
-1814040
1814044
1814045
-1814159
-1814160
-1814183
-1814184
-1814185
-1814192
-1814193
-1814194
-1814348
-1814349
-1814350
-1814399
1814402
1814404
1814406
1814407
-1814646
-1814647
-1814672
-1814673
1814693
1814698
1814700
1814727
1814728
1814731
1814737
1814738
1814755
1814756
1814758
1814759
1814763
1814765
1814871
1814872
1814873
1814874
1814875
1814876
-1814922
-1814923
1814927
1814929
-1814933
-1814935
1814939
-1814941
1814944
1814948
1814950
-1814958
-1814959
-1814964
-1814965
-1814966
-1814967
-1814968
-1815025
-1815026
-1815120
-1815121
-1815122
1815130
1815133
1815136
1815170
1815171
-1815194
-1815195
1815210
-1815219
-1815220
-1815226
-1815227
1815282
-1815285
-1815287
1815300
1815302
1815305
1815308
-1815310
-1815311
-1815312
-1815351
-1815352
-1815377
-1815378
1815412
1815416
1815418
1815420
1815425
1815426
-1815428
-1815430
1815434
-1815436
-1815444
-1815445
-1815450
-1815451
-1815454
-1815455
-1815456
1815482
1815483
1815485
1815491
1815492
1815510
1815511
1815513
1815514
1815518
1815520
1815628
1815629
1815630
1815631
1815632
1815633
-1815678
-1815680
1815685
1815686
-1815736
-1815737
-1815828
-1815829
-1815830
1815838
1815841
1815844
-1815882
-1815883
-1815884
-1815931
1815932
1815934
1815935
1815936
1816235
1816238
1816243
1816248
1816251
-1816256
-1816258
-1816272
-1816276
1816277
1816280
1816340
1816341
1816502
1816519
-1816527
-1816529
-1816530
-1816532
-1816547
-1816549
1816552
1816556
-1816560
-1816561
1816564
1816568
1816582
1816586
1816588
-1816591
-1816730
1816731
1816735
1816780
1816787
-1816791
1816809
1816812
1816813
1816817
1816819
1816934
-1816936
-1816940
-1816944
-1816964
-1816965
1816970
1816974
1816977
1817012
-1817017
1817019
1817046
-1817050
1817052
-1817057
1817082
-1817084
-1817088
-1817092
-1817112
-1817113
1817120
1817123
1817130
1817155
-1817159
1817162
1817172
1817200
-1817204
1817206
-1817211
1817323
1817341
-1817346
-1817348
-1817350
-1817352
-1817363
-1817364
1817366
1817368
-1817375
-1817376
1817379
1817383
1817397
1817401
1817403
-1817406
-1817668
1817670
1817675
1817719
1817726
-1817730
1817749
1817751
1817753
1817756
1817759
1817910
1817928
-1817933
-1817935
-1817937
-1817939
-1817949
-1817950
1817954
1817955
1817960
-1817965
-1817967
1817968
1817971
1817999
1818002
1818005
-1818009
1818157
1818160
1818166
1818173
1818176
-1818177
-1818179
-1818198
1818201
1818203
1818213
1818216
1818313
-1818320
1818321
1818339
1818342
1818343
1818347
1818349
-1818542
1818543
1818547
1818589
-1818591
1818596
-1818599
1818626
-1818630
-1818631
-1818637
-1818657
-1818658
1818663
1818667
1818669
1818696
-1818701
1818703
1818714
1818742
-1818746
1818748
-1818753
1818780
-1818784
-1818785
-1818791
-1818811
-1818812
1818819
1818822
1818827
1818851
-1818855
1818858
1818868
1819106
1819109
1819111
1819119
1819122
-1819127
-1819129
-1819144
1819147
1819149
1819161
1819162
1819303
-1819310
1819311
1819330
1819332
1819334
1819337
1819340
-1819524
1819528
1819530
-1819624
-1819625
-1819626
-1819634
1819637
1819638
1819640
1819641
1819950
1819951
-1819974
-1819975
-1819991
-1819992
1820023
-1820035
-1820036
-1820060
-1820061
-1820062
1820071
-1820072
-1820076
1820089
1820090
1820093
1820095
-1820151
-1820152
-1820237
-1820238
-1820239
1820248
1820250
1820254
1820278
1820282
1820284
1820298
1820299
1820314
1820315
1820317
1820318
1820322
1820324
1820465
1820466
1820467
1820468
1820469
1820470
-1820480
-1820482
1820486
1820487
-1820489
-1820490
1820495
-1820496
1820500
1820504
1820506
-1820514
-1820515
-1820520
-1820521
-1820522
-1820523
-1820524
-1820567
-1820568
-1820593
-1820594
1820605
1820610
1820612
1820649
1820650
-1820673
-1820674
-1820690
-1820691
1820727
-1820736
-1820737
-1820759
-1820760
-1820761
1820770
-1820773
-1820775
1820788
1820791
1820793
1820797
-1820850
-1820851
-1820942
-1820943
-1820944
1820953
1820957
1820959
-1820984
-1820985
1820990
-1820991
1820995
1820999
1821001
-1821009
-1821010
-1821015
-1821016
-1821017
-1821018
-1821019
1821035
1821039
1821041
1821056
1821057
1821072
1821073
1821075
1821076
1821080
1821082
1821222
1821223
1821224
1821225
1821226
1821227
-1821237
-1821238
1821243
1821245
1821435
1821438
1821442
-1821445
-1821446
-1821448
-1821450
-1821453
-1821454
-1821456
-1821460
1821471
1821473
1821474
1821479
1821480
1821482
1821483
1821488
-1821511
-1821513
1821517
1821518
-1821589
-1821590
-1821613
-1821614
-1821615
-1821622
-1821623
-1821624
-1821691
-1821692
1821707
-1821712
-1821713
1821720
-1821723
-1821725
1821728
1821731
1821734
-1821765
-1821766
-1821790
-1821791
1821813
1821817
1821819
1821821
1821826
1821827
-1821829
-1821831
1821836
-1821838
-1821839
-1821858
-1821859
-1821866
-1821867
-1821870
-1821871
-1821872
1821885
1821901
1821902
1821904
1821910
1821911
1821929
1821930
1821932
1821933
1821937
1821939
1822019
1822020
1822021
1822022
1822023
1822024
-1822025
-1822027
1822032
1822033
-1822086
-1822087
-1822175
-1822176
-1822177
1822186
1822190
1822192
1822216
-1822218
-1822222
-1822226
-1822246
-1822247
1822254
1822257
1822264
1822289
-1822293
1822296
1822306
1822334
-1822338
1822340
-1822345
1822369
-1822373
1822375
-1822380
1822408
-1822410
-1822414
-1822418
-1822438
-1822439
1822446
1822449
1822454
1822478
-1822482
1822485
1822495
-1822551
-1822552
-1822577
-1822578
1822589
1822594
1822596
-1822641
-1822642
1822657
-1822666
-1822667
-1822675
-1822676
1822679
-1822682
-1822684
1822688
1822690
1822694
-1822703
-1822706
-1822707
-1822708
-1822709
-1822710
-1822717
-1822718
1822724
-1822725
-1822727
1822731
1822735
1822737
-1822746
-1822747
-1822763
-1822764
-1822765
-1822766
-1822767
1822782
-1822836
-1822837
-1822928
-1822929
-1822930
1822939
1822943
1822945
1822984
1822985
1822988
1822992
1822994
1823009
1823010
1823012
1823013
1823017
1823019
1823096
1823097
1823098
1823099
1823100
1823101
-1823102
-1823103
1823108
1823110
-1823120
-1823121
1823126
1823128
-1823221
-1823222
1823227
1823229
-1823272
-1823273
-1823296
-1823297
-1823298
-1823305
-1823306
-1823307
-1823591
-1823592
-1823593
-1823620
1823621
1823623
1823624
1823625
1824016
1824034
-1824039
-1824041
-1824043
-1824045
-1824056
-1824057
1824059
1824061
-1824068
-1824069
1824072
1824076
1824090
1824094
1824096
-1824099
-1824373
1824375
1824380
1824462
1824469
-1824473
1824492
1824494
1824496
1824499
1824502
1824707
1824710
1824712
1824720
1824723
-1824728
-1824730
-1824745
1824748
1824750
1824762
1824763
1825025
1825031
-1825035
1825052
1825054
1825056
1825059
1825062
-1825246
1825250
1825252
1827817
-1827823
1827824
-1827861
-1827862
-1827917
-1827918
-1827919
-1827935
-1827936
-1827937
-1827945
1827947
1827950
1827951
1827955
-1827957
-1827958
-1827968
-1827969
-1827971
-1827972
-1827977
1827990
1827991
1827995
1827999
1828002
-1828005
1828012
1828014
1828017
-1828067
-1828068
1828079
1828081
-1828087
1828088
-1828094
1828098
1828105
1828108
-1828323
-1828325
-1828329
-1828332
-1828333
1828336
-1828340
1828342
-1828373
-1828374
-1828375
-1828464
-1828465
-1828486
-1828487
1828494
1828498
-1828503
1828522
1828526
1828528
1828530
1828531
1828567
1828572
1828573
1828936
1828940
-1828947
-1828950
1828952
-1828957
-1828959
-1828961
-1828963
-1828988
-1828989
-1828990
-1829002
-1829003
1829004
-1829007
1829017
1829039
-1829050
-1829051
-1829052
-1829053
1829291
1829296
1829297
1829578
-1829583
1829585
-1829592
1829594
1829601
1829604
1829620
-1829679
1829680
1829683
1829684
1829686
-1829688
-1829698
-1829700
-1829701
-1829703
-1829704
1829720
1829721
1829725
1829726
1829732
-1829735
1829742
1829744
1829747
-1829795
-1829796
1829809
-1829908
-1829909
-1829910
1829955
-1830020
-1830021
-1830025
-1830027
1830030
-1830034
1830036
-1830122
1830124
1830127
1830128
1830132
-1830134
-1830135
-1830145
-1830146
-1830148
-1830149
-1830154
1830167
1830168
1830172
1830176
1830179
-1830182
1830189
1830191
1830194
-1830244
-1830245
1830256
1830343
-1830349
1830350
-1830387
-1830388
-1830443
-1830444
-1830445
-1830461
-1830462
-1830463
1830470
-1830476
1830477
-1830483
1830496
1830503
1830506
-1830629
-1830631
-1830635
-1830638
-1830639
1830642
-1830646
1830648
-1830755
-1830756
-1830757
-1830837
-1830838
-1830839
-1830840
1830842
1830845
1830848
1830851
1830854
1830857
-1830864
-1830865
-1830866
-1830867
1830868
1830871
1830873
1830879
1830881
1830885
1830955
-1830961
1830962
-1830968
1830983
1830989
1830992
1831137
1831143
-1831146
-1831147
-1831184
-1831185
-1831243
-1831244
-1831245
-1831261
-1831262
-1831263
-1831318
-1831320
-1831324
-1831327
-1831328
1831332
-1831335
1831338
-1831371
-1831372
-1831373
-1831755
-1831756
-1831777
-1831778
1831785
1831789
-1831794
1831813
1831817
1831819
1831821
1831822
1831858
1831863
1831864
1832204
1832210
-1832213
-1832217
1832233
-1832241
-1832242
-1832243
-1832245
-1832246
1832275
1832293
-1832310
-1832311
-1832312
-1832313
-1832316
-1832317
-1832318
-1832333
-1832334
1832335
-1832338
-1832445
-1832446
-1832467
-1832468
1832475
1832482
-1832484
1832504
1832516
1832518
1832520
1832521
1832570
1832574
1832576
1833211
1833215
-1833222
-1833225
1833227
-1833232
-1833234
-1833236
-1833238
-1833263
-1833264
-1833265
-1833277
-1833278
1833279
-1833282
1833292
1833314
-1833325
-1833326
-1833327
-1833328
1833566
1833571
1833572
1833787
-1833788
-1833789
-1833817
-1833818
1833822
-1833825
1833831
1833855
1833867
1833868
1833870
1833872
1833898
1833902
-1833909
-1833912
1833914
-1833919
-1833921
-1833923
-1833925
-1833950
-1833951
-1833952
-1833964
-1833965
1833966
-1833969
1833986
1834005
1834006
-1834024
-1834025
-1834026
-1834027
1834284
1834288
1834290
1834535
-1834540
1834542
-1834549
1834551
1834558
1834561
1834577
-1834699
1834700
1834703
1834704
1834706
-1834708
-1834718
-1834720
-1834721
-1834723
-1834724
1834740
1834742
1834745
1834747
1834749
-1834755
1834763
1834765
1834769
-1834784
-1834785
1834798
-1834924
-1834925
-1834926
1834971
-1835027
-1835028
-1835032
-1835034
1835037
-1835041
1835043
-1835088
-1835089
-1835090
-1835091
1835092
1835095
1835097
1835103
1835105
1835109
-1835115
-1835116
-1835117
-1835118
1835121
1835123
1835127
1835130
1835132
1835136
1835178
1835183
-1835186
-1835222
-1835223
-1835328
-1835329
-1835330
-1835337
-1835338
-1835339
-1835357
1835358
1835361
1835362
1835364
-1835366
-1835376
-1835377
-1835379
-1835380
-1835385
1835398
1835400
1835403
1835404
1835408
-1835413
1835430
1835432
1835436
-1835444
-1835445
1835456
-1835552
-1835553
-1835554
1835595
-1835756
-1835757
-1835761
-1835763
1835767
1835771
-1835772
1835866
-1835872
1835873
-1835879
1835894
1835900
1835903
1836070
1836076
-1836079
-1836080
-1836117
-1836118
-1836223
-1836224
-1836225
-1836232
-1836233
-1836234
-1836309
-1836311
-1836315
-1836318
-1836319
1836323
-1836326
1836329
-1836348
-1836349
-1836350
1836530
1836536
-1836539
-1836543
1836559
-1836567
-1836568
-1836569
-1836571
-1836572
1836601
1836619
-1836636
-1836637
-1836638
-1836639
-1836642
-1836643
-1836644
-1836659
-1836660
1836661
-1836664
-1836771
-1836772
-1836796
-1836797
1836801
1836808
-1836810
1836830
1836842
1836844
1836846
1836847
1836896
1836900
1836902
1837280
-1837281
-1837282
-1837310
-1837311
1837315
-1837318
1837324
1837348
1837360
1837361
1837363
1837365
1837392
1837398
-1837401
-1837405
1837422
-1837427
-1837429
-1837431
-1837433
1837457
1837476
1837477
-1837495
-1837496
-1837497
-1837498
-1837501
-1837502
-1837503
-1837515
-1837516
1837517
-1837520
1837753
1837757
1837759
-1837959
1837960
1837963
1837964
1837966
-1837968
-1837978
-1837979
-1837981
-1837982
-1837987
1838000
1838002
1838005
1838006
1838010
-1838015
1838032
1838034
1838038
-1838046
-1838047
1838058
1838132
1838137
-1838140
-1838176
-1838177
-1838282
-1838283
-1838284
-1838291
-1838292
-1838293
-1838372
-1838373
-1838374
1838410
-1838475
-1838476
-1838480
-1838482
1838486
1838490
-1838491
-1972243
1972247
-1972250
-1974024
1974027
1974028
-1974205
-1974209
-1974211
-1974232
-1974236
-1974238
1974574
1974575
-1974578
1974581
-1976192
-1976193
-1976197
-1976199
1976201
1976202
-1976203
1976206
-1976210
-1976211
-1976215
-1976217
-1976218
-1976219
-1976223
-1976225
-1976227
-1976228
-1976232
-1976234
)


// ************************************************************************* //
