/*--------------------------------*- C++ -*----------------------------------*\
  =========                 |
  \\      /  F ield         | OpenFOAM: The Open Source CFD Toolbox
   \\    /   O peration     | Website:  https://openfoam.org
    \\  /    A nd           | Version:  12
     \\/     M anipulation  |
\*---------------------------------------------------------------------------*/
FoamFile
{
    format      ascii;
    class       labelList;
    note        "nPoints:58916  nCells:33360  nFaces:125134  nInternalFaces:97259";
    location    "constant/air2/polyMesh";
    object      neighbour;
}
// * * * * * * * * * * * * * * * * * * * * * * * * * * * * * * * * * * * * * //


97259
(
128
135
286
16901
16902
16903
130
140
290
1501
1502
1503
6693
6694
6695
85
132
145
16909
16910
16911
136
157
333
334
807
808
811
879
880
883
1476
2575
2578
2579
2581
141
333
6411
6459
6460
6462
146
6415
6459
6466
6467
6469
150
340
341
343
1480
6466
17113
17114
17117
93
154
340
348
349
350
17120
17121
17122
158
167
294
16915
16916
16917
169
334
6419
6473
6474
6476
6423
6460
6473
6480
6481
6483
6427
6467
6480
6487
6488
6490
341
6431
6487
6494
6495
6497
162
175
298
1980
1981
1984
1985
6494
17141
17142
17145
17173
17174
17177
17178
99
166
174
1516
20015
20016
20018
20019
20021
20022
20025
20026
170
180
302
1521
1522
1523
6714
6715
6716
182
6435
6474
6501
6502
6504
6439
6481
6501
6508
6509
6511
6443
6488
6508
6515
6516
6518
6447
6495
6515
6522
6523
6525
175
188
190
306
2030
2031
2034
2035
6522
103
179
187
6530
6531
6532
106
183
193
16923
16924
16925
194
366
367
369
1484
6502
17228
17229
17232
366
6451
6509
6536
6537
6539
6455
6516
6536
6543
6544
6546
373
374
376
1488
6523
6543
109
188
373
16930
16931
16932
112
192
198
20042
20043
20044
20045
20046
20047
20050
20051
20053
20054
20057
20058
114
202
367
383
385
17242
17243
17244
17513
17514
17517
17518
204
208
310
2116
2117
2120
2121
6537
17249
17250
17253
17268
17269
17272
17273
208
213
216
314
2140
2141
2144
2145
6544
117
213
374
16937
16938
16939
120
199
218
16944
16945
16946
122
209
223
1531
20070
20071
20073
20074
20076
20077
20080
20081
124
214
224
6551
6552
6553
126
219
225
20090
20091
20094
20095
20097
20098
20099
20100
20101
20102
20105
20106
227
238
336
16951
16952
16953
229
240
6462
16957
16958
16959
232
416
423
2230
2231
2234
2823
2825
2826
2828
6469
17578
17581
17583
17584
235
343
422
1546
1547
1548
164
237
244
1553
17312
17313
20145
20146
20148
20149
241
249
6476
16964
16965
16966
417
435
6483
6559
6560
16609
16612
16613
16614
423
6490
6559
6566
6567
16637
16639
16640
16642
245
442
6497
6566
6940
6942
6943
6945
17628
17631
17633
17634
177
248
441
1559
1560
1561
254
436
451
2359
2360
2363
2921
2923
2924
2926
6504
17663
17666
17668
17669
451
6511
6560
6575
6576
16665
16667
16668
16670
6518
6567
6575
6582
6583
16693
16694
16697
16698
442
457
458
6525
6582
15469
15470
15473
15474
190
252
457
1570
1571
1572
259
369
452
1577
1578
1579
261
466
6539
6576
7004
7006
7007
7009
17705
17708
17710
17711
466
472
473
6546
6583
15489
15490
15493
15494
376
458
472
2426
2427
2430
2431
2433
2434
2437
2438
2440
2441
2444
2445
200
257
265
479
480
17747
17748
17751
17752
206
262
270
1584
17364
17365
20197
20198
20200
20201
211
271
467
1589
1590
1591
216
272
473
1596
1597
1598
220
266
274
487
489
17786
17787
17790
17791
222
269
276
16971
16972
16973
278
425
493
15381
15382
494
499
6562
16974
16975
496
6569
6596
16977
16978
280
444
6599
16980
16981
283
454
500
15393
15394
504
6578
6597
16983
16984
6585
6600
6608
16986
16987
460
502
6611
16989
16990
258
282
506
15405
284
469
6609
16992
16993
475
509
6612
16995
16996
268
507
511
16998
16999
275
285
512
15412
76
82
127
1617
1619
20247
20248
20251
20252
128
286
6629
6631
30518
30521
30522
30524
78
129
287
17002
17003
17004
130
290
17009
17010
17011
80
131
291
6636
6638
30525
30528
30529
30531
85
132
1623
1625
20259
20260
20263
20264
83
90
133
559
17058
17059
17061
17896
17897
17901
17902
17903
17904
17908
17909
135
286
1617
1619
1621
1636
1638
17065
17066
17069
20291
20294
20296
20297
136
1476
1643
1644
1645
137
288
1477
1635
1638
1640
1641
1642
1645
1647
1648
17072
17073
17075
291
1623
1625
1627
1650
1652
16909
16910
16912
20305
20308
20309
20311
150
293
1480
1649
1652
1654
1655
1661
1664
1666
1667
17112
17113
17115
88
151
1481
1662
1663
1664
93
154
584
17119
17120
17123
17952
17953
17956
17958
17959
17960
17964
17965
91
97
156
1671
1672
20339
20340
20343
20344
157
1476
1682
1683
1684
158
294
1671
1672
1674
1689
1691
17126
17127
17130
20374
20377
20379
20380
159
295
1478
1681
1684
1686
1687
1688
1691
1693
1694
17133
17134
17136
1481
1696
1697
1698
162
298
1483
1695
1698
1700
1701
1707
1710
1712
1713
17140
17141
17143
96
163
299
1708
1710
1715
1716
1718
17147
17148
17150
20411
20415
20416
20417
99
166
1715
1716
20425
20426
20429
20430
167
294
6643
6645
30532
30535
30536
30538
101
168
296
17016
17017
17018
299
6650
6652
30539
30542
30543
30545
103
179
301
17023
17024
17025
180
302
17030
17031
17032
105
181
304
6657
6658
30546
30549
30550
30552
307
17037
17038
17039
112
192
309
6664
6665
30553
30556
30557
30559
106
193
1721
1723
20437
20438
20441
20442
304
1721
1723
1725
1727
1728
16923
16924
16926
20449
20452
20453
20455
194
305
1484
1726
1728
1730
1732
1738
1740
1742
1744
17227
17228
17230
113
195
1486
1739
1740
1741
308
1489
1745
1747
1749
1751
1752
1754
1756
1758
16930
16931
16933
112
198
309
1746
1747
1765
1767
1769
17234
17235
17238
20486
20490
20491
20492
120
199
1491
1753
1754
1755
1765
1767
20523
20524
20527
20528
114
202
698
17241
17242
17245
18116
18117
18120
18122
18123
18124
18128
18129
1486
1773
1774
1775
204
310
1487
1772
1774
1776
1778
1784
1786
1788
1790
17248
17249
17251
121
205
312
1785
1786
1813
1814
1816
17255
17256
17258
20555
20559
20560
20561
315
1490
1791
1793
1795
1797
1798
1800
1802
1804
16937
16938
16940
120
218
1491
1792
1793
1794
126
219
317
1799
1800
1819
1820
1822
17302
17303
17306
20569
20573
20574
20575
723
16944
16945
16947
18172
18173
18176
18177
18179
18180
18183
18184
122
223
1813
1814
20603
20604
20607
20608
312
6671
6672
30560
30563
30564
30566
124
224
313
17044
17045
17046
316
17051
17052
17053
126
225
317
6678
6679
30567
30570
30571
30573
1819
1820
20615
20616
20619
20620
128
135
20627
20628
20629
20630
20631
20632
20635
20636
20638
20639
20642
20643
1829
20655
20656
20658
20659
20661
20662
20665
20666
130
140
6685
6686
6687
6692
6693
6694
132
145
1836
20680
20681
20683
20684
20686
20687
20690
20691
20700
20701
20702
20703
20704
20705
20708
20709
20711
20712
20715
20716
136
157
17058
17059
17060
138
160
226
1846
17308
17309
17065
17066
17067
807
808
17058
17060
17062
18340
18341
18345
18346
141
333
17072
17073
17074
227
336
1852
1853
20737
20738
20741
20742
143
228
337
1858
1859
1860
287
1865
1866
1867
6686
6687
6690
142
288
1493
1495
1497
1499
17072
17074
17076
17084
17085
17088
17089
144
146
289
1864
1866
1868
1870
6459
229
6462
17085
17086
17087
148
230
830
832
834
835
2214
2215
2217
6463
17084
17087
17089
17090
291
17091
17092
17093
147
148
292
1500
1502
1504
1506
150
293
1881
1883
1885
1887
6466
17104
17105
17108
17109
17112
17114
17116
232
836
838
840
841
2229
2230
2232
6469
17104
17107
17109
17110
152
233
6470
17105
17106
17107
17112
17113
17114
154
340
854
855
17119
17121
17124
18475
18476
18479
18481
235
343
1902
1903
1904
155
236
344
1909
1910
20868
20869
20872
20873
17119
17120
17121
164
237
1914
17311
17312
158
167
20885
20886
20889
20890
20892
20893
20894
20895
20896
20897
20900
20901
878
879
880
17059
17060
17063
17126
17127
17128
169
334
17133
17134
17135
238
336
1922
1923
20908
20909
20912
20913
172
239
338
1930
1931
1932
342
17140
17141
17142
166
174
17147
17148
17149
344
1938
1939
20930
20931
20934
20935
177
248
346
1944
1945
1946
20948
20949
20952
20953
20955
20956
20957
20958
20959
20960
20963
20964
1957
20976
20977
20979
20980
20982
20983
20986
20987
170
180
6699
6700
6701
171
295
1508
1509
1512
1513
17134
17135
17138
17153
17154
17157
17158
296
1964
1965
1966
6699
6701
6703
173
182
297
1963
1965
1967
1969
6474
249
6476
17154
17155
17156
185
250
940
942
944
945
2325
2326
2328
6478
17153
17156
17158
17159
299
17166
17167
17168
178
300
1987
1989
1991
1993
6496
179
187
301
1988
1989
1990
6706
6708
6711
6498
17174
17175
17176
190
252
952
954
956
957
2340
2341
2343
6500
17173
17176
17178
17179
6706
6707
6708
6713
6714
6715
183
193
2006
21110
21111
21113
21114
21116
21117
21120
21121
184
185
303
1520
1521
1524
1525
304
17186
17187
17188
194
305
2013
2015
2017
2019
6502
17199
17200
17203
17204
17227
17229
17231
254
973
975
976
978
2358
2359
2361
6504
17199
17201
17203
17205
196
255
6506
17200
17201
17202
307
2031
2032
2033
6531
6532
6535
308
2037
2039
2041
2043
6524
16930
16932
16934
17219
17220
17223
17224
192
198
309
17206
17207
17208
985
987
988
990
1570
1571
1573
6526
17219
17221
17223
17225
200
257
6528
17220
17221
17222
2054
21244
21245
21247
21248
21250
21251
21254
21255
21264
21265
21266
21267
21268
21269
21272
21273
21275
21276
21279
21280
17227
17228
17229
202
367
1009
1010
1011
17241
17243
17246
259
369
2069
2070
2071
203
260
371
2076
2077
21302
21303
21306
21307
17234
17235
17236
375
1034
1035
1036
16944
16946
16948
377
2083
2084
2085
222
269
379
2092
2093
21324
21325
21328
21329
17241
17242
17243
206
270
2097
17363
17364
368
17248
17249
17250
209
223
17255
17256
17257
371
2102
2103
21345
21346
21349
21350
211
271
372
2108
2109
2110
212
311
2123
2124
2127
2128
6538
312
17261
17262
17263
214
224
313
2124
2125
2126
6720
6722
6725
6541
17269
17270
17271
216
272
1089
1091
1092
1094
2463
2464
2466
6542
17268
17270
17272
17274
315
2147
2148
2151
2152
6545
16938
16939
16942
17288
17289
17292
17293
316
2141
2142
2143
6551
6553
6555
219
225
317
17281
17282
17283
1095
1097
1098
1100
1596
1597
1599
6548
17288
17290
17292
17294
220
274
6549
17289
17290
17291
375
1108
1110
16945
16946
16949
19254
19255
19258
19259
17302
17303
17304
378
2166
2167
2168
222
276
379
2173
2174
21490
21491
21494
21495
2180
16971
16972
21511
21512
21515
21516
21518
21519
21520
21521
21522
21523
21526
21527
6720
6721
6722
2189
21539
21540
21542
21543
21545
21546
21549
21550
227
238
17308
17309
17310
2197
17308
17310
21564
21565
21567
21568
229
240
1159
1160
19401
19402
19405
19407
2207
2208
2209
232
416
2214
2215
2216
234
277
419
6729
6730
2229
2230
2231
235
422
2236
2237
2238
278
425
6734
6735
1201
1202
19495
19496
19500
19501
237
244
2250
17311
17313
21630
21631
21633
21634
17311
17312
17313
2256
17309
17310
21641
21642
21644
21645
241
249
1219
1221
19551
19552
19555
19557
337
2262
2263
2264
338
2269
2270
2271
339
417
435
2261
2263
2265
2267
2268
2270
2272
2274
2283
2284
2287
2288
279
420
438
17315
17316
17317
17366
17367
17368
344
17322
17323
17324
345
424
1545
1547
1549
1551
2290
2292
2294
2296
2301
2302
2305
2306
248
346
441
2291
2292
2293
280
427
444
17329
17330
17331
17369
17370
17371
1261
1263
19596
19597
19600
19601
2314
2315
2316
254
436
2325
2326
2327
256
281
439
6745
6746
443
2340
2341
2342
258
282
446
6752
6753
2358
2359
2360
259
452
2366
2367
2368
283
454
6757
6758
459
2384
2385
2386
461
6764
6765
1347
1348
19768
19769
19773
19774
262
270
2399
17363
17365
21803
21804
21806
21807
370
453
1576
1577
1580
1581
2404
2405
2408
2409
2415
2416
2419
2420
371
17336
17337
17338
271
372
467
2405
2406
2407
284
456
469
17343
17344
17345
17372
17373
17374
377
459
2427
2428
2429
378
474
2434
2435
2436
269
276
379
17350
17351
17352
462
476
16998
16999
17000
17357
17358
17359
2456
16971
16973
21842
21843
21845
21846
17363
17364
17365
1407
1409
19838
19839
19842
19843
468
2463
2464
2465
275
285
471
6775
6776
474
2482
2483
2484
477
6782
6783
2501
16972
16973
21921
21922
21924
21925
278
493
15413
15414
494
499
17366
17367
497
17369
17370
283
500
15415
503
15416
15417
505
17372
17373
510
15418
6629
6631
6632
6801
6802
6803
16901
16902
16907
290
17002
17004
17005
17375
17376
17377
289
6411
6803
6805
6806
6807
292
6412
17377
17379
17380
17381
17009
17011
17012
17382
17383
17384
6636
6638
6639
6808
6809
6810
17091
17092
17097
293
6415
17384
17386
17387
17388
6416
6810
6812
6813
6814
6643
6645
6646
6815
6816
6817
16915
16916
16921
297
6419
6816
6818
6820
6821
302
17016
17017
17019
17389
17390
17391
303
6421
17391
17393
17394
17395
300
6432
6823
6825
6827
6828
6650
6652
6653
6822
6823
6824
17166
17167
17172
306
6434
17398
17400
17401
17402
307
17023
17024
17026
17396
17397
17398
17030
17032
17033
17403
17404
17405
305
6435
17404
17407
17408
17409
6657
6658
6660
6829
6830
6831
17186
17187
17192
6437
6831
6833
6834
6835
308
6448
17411
17414
17415
17416
17037
17039
17040
17410
17411
17412
6450
6838
6840
6841
6842
6664
6665
6667
6836
6837
6838
17206
17207
17212
311
6453
6844
6846
6848
6849
314
6454
17418
17421
17422
17423
6671
6672
6674
6843
6844
6845
17261
17262
17267
316
17044
17045
17047
17417
17418
17419
315
6457
17425
17428
17429
17430
6458
6851
6853
6855
6856
17051
17052
17054
17424
17425
17426
6678
6679
6681
6850
6851
6852
17281
17282
17287
799
805
812
2513
2515
21945
21946
21950
21951
566
800
17432
17433
17434
567
793
806
2524
2525
2526
570
803
809
17438
17439
17440
848
859
17111
17445
17446
17447
792
849
1651
17452
17453
17454
326
327
1652
1883
16908
16910
16912
16914
17112
860
1884
17459
17460
17461
851
1655
2535
2537
2538
2540
17115
17444
17445
17448
17449
18469
18470
18472
862
1887
2541
2543
2545
2546
17116
17444
17447
17449
17450
18487
18488
18490
580
850
871
22028
22031
22032
877
884
890
2554
2555
22040
22041
22045
22046
600
794
878
2561
2562
22060
22061
22064
22065
601
885
17466
17467
17468
604
881
888
17472
17473
17474
335
337
1477
17073
17074
17077
335
338
1478
17133
17135
17137
339
1479
6460
6473
1852
1853
1854
1922
1923
1924
2575
2576
2577
16951
16952
16954
339
1858
1860
1862
2262
2263
2265
2576
2578
2580
2581
6462
339
1930
1931
1933
2269
2270
2272
2577
2579
2580
2581
6476
6464
6477
342
349
350
353
854
855
858
1481
2582
2585
2586
2588
342
345
1482
6468
346
1483
6494
17140
17142
17144
345
1546
1547
1549
1902
1904
1906
2583
2585
2587
2588
6470
1909
1910
1911
1938
1939
1940
2582
2583
2584
17322
17323
17325
346
6472
6497
1944
1945
1947
2291
2292
2294
2584
2586
2587
2588
6498
351
353
902
912
2589
2590
2594
2595
4379
4380
4382
17139
18655
18656
18658
351
872
903
1697
2589
2591
2593
2594
4277
4279
4280
4386
4387
4388
351
353
1698
17140
353
873
913
2589
2592
2593
2595
18534
18536
18537
18663
18664
18666
905
1701
17143
18627
18628
18630
2590
2591
2592
18545
18546
18547
18676
18677
18678
915
17144
632
958
1982
2597
2598
2599
1983
6857
6858
960
961
1986
17479
17480
17481
658
997
2032
2617
2618
2619
959
1000
2033
2624
2625
18931
18932
18933
22193
22194
22195
22196
999
1001
2036
17486
17487
17488
1004
1015
17226
17493
17494
17495
364
365
1728
2015
16922
16923
16926
16927
17227
1003
1005
1729
17500
17501
17502
1016
2016
17507
17508
17509
1007
1732
2636
2638
2639
2641
17230
17492
17493
17496
17497
18954
18955
18957
1018
2019
2642
2644
2645
2647
17231
17492
17494
17496
17498
18965
18966
18968
368
370
1485
6503
368
383
385
387
1009
1011
1013
1486
2653
2656
2657
2659
372
1487
6537
17248
17250
17252
370
1577
1578
1580
2069
2071
2073
2654
2656
2658
2659
6506
372
6507
6539
2076
2077
2078
2102
2103
2104
2653
2654
2655
17336
17337
17339
2108
2109
2111
2405
2406
2408
2655
2657
2658
2659
6541
375
377
1489
6524
16931
16932
16935
375
378
1490
6545
16937
16939
16941
1034
1036
1038
1108
1110
1112
1491
2660
2663
2664
2666
377
378
6527
6547
2083
2085
2087
2427
2428
2430
2661
2663
2665
2666
6528
2166
2167
2169
2434
2435
2437
2662
2664
2665
2666
6549
2092
2093
2094
2173
2174
2175
2660
2661
2662
17350
17351
17353
689
1029
6860
695
1006
1056
22289
22292
22293
386
387
1061
1071
2673
2674
2678
2679
4895
4896
4898
17247
19140
19141
19143
386
387
1774
17248
1057
1062
1775
17514
17515
17516
387
1058
1072
2673
2676
2677
2679
19097
19099
19100
19148
19149
19151
1064
1778
17251
17513
17515
17517
17519
19112
19113
19115
1074
17252
2674
2675
2676
19108
19109
19110
19161
19162
19163
724
1035
1136
2681
2682
2683
725
1109
1137
2687
2688
2689
1036
1110
1138
2693
2694
2695
744
1140
2118
2713
2714
2715
2119
6863
6864
1142
1143
2122
17529
17530
17531
757
1146
2142
6867
6868
6869
1141
1149
2143
2734
2735
19374
19375
19376
22405
22406
22407
22408
1148
1150
2146
17536
17537
17538
769
1116
6873
1168
1172
2206
2751
19450
19451
19453
22453
22454
22455
22456
22457
22458
22461
22463
826
1152
2207
2760
2761
22488
22489
22493
22494
829
1170
2210
2765
2766
2767
1154
2211
17543
17544
1184
1188
2228
2775
2776
19475
19476
19478
22535
22536
22539
22540
838
1169
2229
17547
17548
17549
841
1186
2232
17554
17555
17556
1171
1189
2233
2788
2789
22577
22578
22582
22583
861
1185
1200
22591
22592
22594
22595
22596
22597
22601
22602
22603
22604
22608
22609
863
1203
6876
1187
1204
6878
413
414
415
1229
2261
2268
5467
5468
5470
413
414
1155
2262
2576
16950
16951
16954
16955
19391
19393
19394
413
415
1213
2269
2577
16950
16952
16954
16956
19541
19543
19544
2265
2272
2580
1157
1230
2266
2802
2804
2806
2808
5196
5197
5198
5476
5477
5478
1215
1231
2273
2802
2805
2807
2808
5422
5423
5424
5480
5481
5482
418
2215
2216
2219
2816
2818
2819
2821
6463
16957
16960
16962
16963
418
6464
6893
6895
6896
6898
16958
16961
16962
16963
423
6465
6559
15422
15423
15426
15427
425
493
6729
6730
6732
6886
6887
6890
15499
15500
15501
494
6562
17564
17565
17568
17814
17815
17816
426
495
6563
17571
17572
17575
17817
17818
17819
6470
17578
17579
17580
424
6471
15432
15433
15436
15437
6472
6566
6913
6915
6916
6918
17579
17582
17583
17584
6734
6735
6737
6900
6901
6904
15381
15382
15383
496
6569
17585
17586
17589
17820
17821
17822
497
6570
17592
17593
17596
17823
17824
17825
914
1244
1261
17600
17601
17602
916
1264
17607
1247
1265
1270
2845
2846
22721
22722
22726
22727
1274
1278
2313
2850
19645
19646
19648
22733
22734
22737
22739
22740
22741
22742
22743
936
1216
2314
2856
2857
22758
22759
22763
22764
939
1276
2317
2864
2865
2866
1218
2318
17611
17612
437
6477
6926
6928
6929
6931
16964
16967
16969
16970
437
2325
2327
2329
2880
2882
2883
2885
6478
16965
16968
16969
16970
451
6479
6560
15442
15443
15446
15447
499
6562
17614
17615
17618
17829
17830
17831
454
500
6745
6746
6748
6933
6934
6937
15517
15518
15519
455
501
6564
17621
17622
17625
17832
17833
17834
6498
17628
17629
17630
443
6499
6568
15452
15453
15456
15457
457
2340
2342
2344
2894
2896
2897
2899
6500
17629
17632
17633
17634
6570
16980
16981
16982
17635
17636
17639
460
502
6572
17642
17643
17646
17835
17836
17837
461
503
6752
6753
6755
6953
6954
6957
15526
15527
15528
1310
1314
2357
2902
2903
19709
19710
19712
22871
22872
22875
22876
975
1275
2358
17650
17651
17652
978
1312
2361
17657
17658
17659
1277
1315
2362
2914
2915
22913
22914
22918
22919
453
6505
15459
15460
15463
15464
6506
17663
17664
17665
6507
6576
6973
6975
6976
6978
17664
17667
17668
17669
6757
6758
6760
6960
6961
6964
15393
15394
15395
504
6578
17670
17671
17674
17838
17839
17840
505
6580
17677
17678
17681
17841
17842
17843
1571
1572
1575
2935
2937
2938
2940
6526
17684
17687
17689
17690
6527
6584
6987
6989
6990
6992
17685
17688
17689
17690
6528
17684
17685
17686
6586
16989
16990
16991
17691
17692
17695
506
6764
6765
6767
6980
6981
6984
15535
15536
15537
507
6588
17698
17699
17702
17844
17845
17846
1017
1311
1346
22983
22984
22986
22987
22988
22989
22993
22994
22995
22996
23000
23001
1019
1349
7000
1313
1350
7002
468
6540
6577
15479
15480
15483
15484
6541
17705
17706
17707
473
2463
2465
2467
2964
2966
2967
2969
6542
17706
17709
17710
17711
6580
16992
16993
16994
17712
17713
17716
475
509
6581
17719
17720
17723
17850
17851
17852
477
510
6775
6776
6778
7017
7018
7021
15544
15545
15546
6547
6584
7024
7026
7027
7029
17726
17729
17731
17732
1596
1598
1600
2971
2973
2974
2976
6548
17727
17730
17731
17732
6549
17726
17727
17728
6587
16995
16996
16997
17733
17734
17737
511
6588
17740
17741
17744
17853
17854
17855
512
6782
6783
6785
7031
7032
7035
15550
15551
15552
1397
2084
2385
17748
17749
17750
1400
2085
2428
2990
2992
2993
2995
17768
17770
17772
17773
19823
19824
19825
1403
2386
2429
2996
2998
2999
3001
6129
6130
6131
17768
17771
17772
17774
1398
1401
2088
17755
17756
17757
1399
1404
2389
17762
17763
17764
1402
1405
2432
17769
17770
17771
1073
1361
1407
17776
17777
17778
1075
1410
17783
1364
1411
1416
3010
3011
23166
23167
23171
23172
1460
2167
2435
3019
3020
3022
3023
17800
17802
17804
17805
19952
19953
19954
1463
2168
2483
17787
17788
17789
1466
2436
2484
3025
3027
3028
3030
6386
6387
6388
17800
17803
17804
17806
1461
1464
2171
17794
17795
17796
1462
1467
2439
17801
17802
17803
1465
1468
2487
17808
17809
17810
15499
15500
17814
17815
496
6596
17817
17818
17820
17821
6599
17823
17824
1250
2508
3035
17826
17827
17829
17830
15517
15518
504
6597
17832
17833
6601
17835
17836
506
15526
15527
17838
17839
6609
17841
17842
15535
15536
6613
17844
17845
1367
2510
3048
17847
17848
6610
17850
17851
512
15544
15545
6613
17853
17854
15550
15551
516
566
7115
517
568
7118
7119
7120
522
1636
7125
7126
7127
773
1637
17857
17858
1639
3092
3093
7118
7120
7122
9829
9830
9833
9834
519
521
7134
7135
526
7136
7137
529
532
7139
7140
7141
526
7145
7146
7147
6801
7152
7153
7154
528
774
6802
17863
17864
17865
7159
7160
530
3099
3101
3103
3104
6804
7151
7154
7155
7157
17862
17864
17866
17867
7164
7165
7166
530
535
7174
7176
7178
7180
17001
17002
17005
17006
17375
777
17376
17870
17871
17872
537
15553
15554
15557
3117
3119
3121
3123
17378
17869
17871
17873
17874
533
534
7182
7183
537
7185
7186
7187
539
7190
7191
539
7193
7194
7195
538
7203
7205
7207
7208
17008
17009
17012
17013
17382
541
783
17383
17877
17878
17879
15560
15561
15564
543
3138
3140
3142
3144
17385
17876
17878
17880
17881
7212
7213
7214
544
6808
7219
7220
7221
786
6809
17884
17885
17886
7226
7227
3156
3158
3160
3161
6811
7218
7221
7222
7223
17883
17885
17887
17888
1650
7231
7232
7233
547
792
1651
17891
17892
548
1653
3187
3188
7244
7246
7248
10065
10066
10069
10071
573
7241
575
7244
7245
7246
550
554
558
7251
7252
7253
565
7256
560
567
793
3206
23551
23552
23555
23556
23557
23558
23561
23562
562
569
3212
3213
3214
558
7260
7261
7262
599
7265
561
600
794
3226
23581
23582
23585
23586
23587
23588
23591
23592
563
602
3232
3233
3234
7269
7270
7271
1643
1682
17910
17912
17914
17916
17917
17919
17921
17923
795
1644
17897
17898
17899
796
1683
17904
17905
17906
1646
17911
17912
17913
1685
17918
17919
17920
570
1635
1642
7282
7283
7286
7288
17931
17932
17935
17937
7276
7277
7278
1637
17925
17926
17927
1644
3266
3267
3268
1639
7119
7120
7123
7283
7284
7285
1646
17932
17933
17934
1641
1648
3259
3261
3262
3264
3265
3268
3269
3271
17439
17440
17441
577
1649
1661
7296
7297
7301
7302
17945
17946
17949
17950
579
7290
7291
7292
849
1651
17939
17940
17941
580
850
1663
3285
3286
3287
1653
7245
7246
7249
7297
7298
7299
581
1665
17946
17947
17948
851
1655
1667
3278
3280
3282
3283
3284
3287
3288
3290
18470
18471
18473
582
583
7304
7305
7306
7309
585
3298
23641
23642
23645
23646
23647
23648
23650
23652
587
3304
3305
3306
589
589
7313
7314
7315
1662
1696
17966
17968
17970
17971
17973
17975
17977
17979
871
1663
17953
17954
17955
591
872
1697
17960
17961
17962
1665
17967
17968
17969
592
1699
17974
17975
17976
7320
7321
7322
606
7325
607
874
3332
23677
23678
23681
23682
23683
23684
23686
23688
609
3338
3339
3340
596
601
7329
597
603
7332
7333
7334
619
1689
7339
7340
7341
876
1690
17981
17982
1692
3362
3363
7332
7334
7336
10481
10482
10485
10486
604
1681
1688
7355
7356
7359
7361
17993
17994
17997
17999
7349
7350
7351
1683
3377
3378
3379
1690
17987
17988
17989
1685
17994
17995
17996
1692
7333
7334
7337
7356
7357
7358
1687
1694
3376
3379
3380
3382
3383
3385
3386
3388
17473
17474
17475
611
1695
1707
7369
7370
7373
7374
18007
18008
18012
18013
7363
7364
7365
903
1697
3396
3397
3398
612
904
1709
18001
18002
18003
1699
18008
18009
18010
613
1711
7370
7371
7372
7381
7382
7384
905
1701
1713
3395
3398
3400
3401
3402
3404
3405
3407
18628
18629
18631
615
7377
616
7380
7381
7382
631
1708
7387
7388
7389
924
1709
18015
18016
1711
3425
3426
7380
7382
7385
10635
10636
10639
10640
618
623
7396
7397
625
7399
7400
7401
6815
7406
7407
7408
627
925
6817
18021
18022
18023
7413
7414
628
3434
3436
3438
3439
6819
7405
7408
7409
7411
18020
18022
18024
18025
625
7417
7418
629
644
7420
7421
7422
7426
7427
7428
628
646
7436
7438
7440
7442
17015
17016
17019
17020
17389
928
17390
18028
18029
18030
3454
3455
3458
3459
17392
18027
18029
18031
18032
648
15567
15568
15571
635
636
7445
7446
7447
6822
7452
7453
7454
638
6824
18035
18036
18037
7459
7460
639
3472
3474
3476
3477
6826
7451
7454
7455
7456
18034
18036
18038
18040
641
7463
7464
641
7466
7467
7468
639
657
7476
7478
7480
7482
17022
17023
17026
17027
17396
958
17397
18042
18043
18044
3491
3492
3495
3496
17399
18041
18043
18045
18046
642
659
15574
15575
15578
7484
7485
662
7487
7488
7489
645
650
7492
7493
648
7495
7496
7497
651
7501
7502
7503
649
7511
7513
7515
7516
17029
17030
17033
17034
17403
653
964
17405
18049
18050
18051
15581
15582
15585
654
3513
3515
3517
3519
17406
18048
18050
18052
18053
651
7519
7520
7522
7523
7524
669
6829
7529
7530
7531
967
6830
18056
18057
18058
3532
3533
3536
3537
6832
7528
7530
7532
7533
18055
18057
18059
18060
7536
7537
661
663
7541
7542
7543
660
7551
7553
7555
7556
17036
17037
17040
17042
17410
665
17412
18063
18064
18065
662
15588
15589
15592
666
3550
3552
3554
3556
17413
18062
18064
18066
18068
668
7559
7560
7562
7563
7564
668
7568
7569
7570
688
6836
7575
7576
7577
997
6837
18070
18071
18072
3570
3571
3574
3575
6839
7574
7576
7578
7579
18069
18071
18073
18074
7582
7583
7586
7587
1727
7589
7590
7591
672
1003
1729
18077
18078
673
1731
3602
3603
7602
7604
7606
11063
11064
11067
11069
676
7599
678
7602
7603
7604
680
1726
1738
7615
7616
7620
7621
18089
18090
18093
18094
694
7609
7610
7611
1005
1729
18083
18084
18085
695
1006
1741
3627
3628
3629
1731
7603
7604
7607
7616
7617
7618
696
1743
18090
18091
18092
1007
1732
1744
3620
3622
3624
3625
3626
3629
3630
3632
18955
18956
18958
687
1745
1752
7629
7630
7633
7634
18103
18104
18107
18108
729
7623
7624
7625
691
1041
1748
18097
18098
18099
730
1042
1755
3646
3647
3648
692
1750
7630
7631
7632
7651
7652
7653
731
1757
18104
18105
18106
1043
1751
1758
3639
3641
3642
3644
3645
3648
3649
3651
19040
19041
19042
1746
7637
7638
7639
691
1748
18111
18112
692
1750
3665
3666
7650
7652
7655
11217
11218
11221
11223
7647
7650
7651
7652
697
703
7657
7658
7659
7662
699
3684
24235
24236
24239
24240
24241
24242
24244
24246
701
3689
3690
3691
704
7666
7667
7668
1739
1773
18130
18132
18134
18135
18137
18139
18141
18143
1056
1741
18117
18118
18119
706
1057
1775
18124
18125
18126
1743
18131
18132
18133
707
1777
18138
18139
18140
704
7673
7674
7675
709
7678
710
1059
3718
24271
24272
24275
24276
24277
24278
24280
24282
712
3723
3724
3725
714
1772
1784
7688
7689
7692
7693
18151
18152
18156
18157
7682
7683
7684
1062
1775
3738
3739
3740
737
1063
1787
18145
18146
18147
1777
18152
18153
18154
738
1789
7689
7690
7691
7739
7740
7742
1064
1778
1790
3737
3740
3742
3743
3744
3747
3748
3750
19113
19114
19116
721
1791
1798
7702
7703
7706
7707
18165
18166
18169
18170
733
7696
7697
7698
734
1121
1794
3758
3759
3760
771
1122
1801
18159
18160
18161
735
1796
18166
18167
18168
772
1803
7703
7704
7705
7865
7866
7867
1123
1797
1804
3757
3760
3761
3763
3764
3766
3767
3769
19284
19285
19286
728
732
7710
7711
7712
1753
1792
18186
18188
18190
18191
18193
18195
18197
18198
730
1755
18173
18174
18175
734
1794
18180
18181
18182
731
1757
18187
18188
18189
735
1796
18194
18195
18196
736
7717
7718
7719
7722
1136
3791
24324
24325
24328
24329
24330
24331
24333
24335
3796
3797
3798
736
7726
7727
7728
7731
1137
3811
24354
24355
24358
24359
24360
24361
24363
24365
3816
3817
3818
740
7735
741
7738
7739
7740
743
1785
7745
7746
7747
1139
1787
18201
18202
1789
3841
3842
7738
7740
7743
11633
11634
11637
11638
747
752
7755
7756
7757
6843
7762
7763
7764
749
6845
18207
18208
18209
750
3849
3850
3853
3854
6847
7761
7763
7765
7766
18206
18208
18210
18212
7769
7770
753
7774
7775
7776
750
756
7784
7786
7788
7790
17043
17044
17047
17048
17417
1140
17419
18214
18215
18216
3867
3868
3871
3872
17420
18213
18215
18217
18218
754
759
15595
15596
15599
753
7792
7793
7794
7795
766
7797
7798
7799
760
765
7803
7804
7805
758
7813
7815
7817
7818
17050
17051
17054
17056
17424
762
17426
18221
18222
18223
763
3888
3889
3892
3893
17427
18220
18222
18224
18226
766
15602
15603
15606
767
7822
7823
7824
768
6850
7829
7830
7831
1146
6852
18228
18229
18230
3906
3907
3910
3911
6854
7828
7830
7832
7833
18227
18229
18231
18232
7836
7837
767
7840
7841
7843
7844
7845
7848
7849
1799
7851
7852
7853
771
1801
18235
18236
772
1803
3936
3937
7864
7866
7869
11869
11870
11873
11875
7861
7864
7865
7866
800
7870
777
1494
3957
3958
3959
1496
7873
7874
779
780
1498
18241
18242
18243
1865
7877
7878
7879
781
784
1867
3977
3978
18261
18262
18263
24691
24692
24693
24694
782
1869
18248
18249
18250
782
827
18254
18255
18256
789
831
18260
18261
18262
833
18267
18268
18269
786
1501
7884
7885
7886
789
1503
4002
4003
18288
18289
18291
24771
24772
24773
24774
788
790
1505
18273
18274
18275
1882
4015
4016
4017
1884
7890
7891
791
1886
18280
18281
18282
837
18287
18288
18289
791
839
18294
18295
18296
845
18299
18300
18301
7893
795
24889
24892
24893
796
24894
24897
24898
806
4046
4047
4048
878
4052
4053
4054
798
808
880
18305
18306
18307
820
893
4071
4072
4073
814
17071
18320
18321
18322
1637
18327
18328
18329
803
804
1495
1638
17064
17066
17068
17069
17072
815
1496
18334
18335
18336
1641
4079
4081
4082
4083
17075
17438
17439
17442
18319
18320
18323
18324
817
1499
4085
4087
4088
4090
17076
18319
18322
18324
18325
18352
18353
18355
809
811
819
2513
2515
2517
4096
4097
4100
4102
17071
18365
18366
18368
1644
18341
18342
18343
809
811
1645
17073
811
820
4096
4099
4101
4102
18305
18306
18309
18373
18374
18377
1648
17075
17438
17440
17443
18340
18342
18344
18345
4097
4098
4099
18312
18313
18314
18386
18387
18389
822
17077
814
819
4104
25011
25012
25015
25016
25017
25018
25022
25023
818
823
7898
1857
4111
4112
25043
25044
25047
25048
825
18348
826
1152
1859
4121
4122
25084
25085
25089
25090
828
1861
18352
18353
18354
1153
1863
18359
18360
1857
18365
18366
18367
2575
18372
18373
18374
1155
1860
2576
18379
18380
18381
1862
2578
18364
18366
18368
18370
18371
18374
18375
18377
18378
18380
18382
18383
1156
1863
18392
18393
18394
828
830
1493
4159
4160
4163
4165
17084
18412
18413
18417
18418
1496
18399
18400
18401
17086
18406
18407
18408
833
1498
4160
4161
18255
18256
18258
25201
25202
25205
25207
1499
4148
4150
4151
4153
17088
18353
18354
18357
18405
18407
18410
18411
835
17090
18413
18414
18415
834
835
1864
7902
7903
7907
7908
837
1867
18260
18262
18265
18420
18421
18422
834
835
838
1169
1875
1877
1879
1880
19436
19437
19440
1869
7903
7904
7905
18268
18269
18271
840
1870
18419
18422
18424
18425
1170
4166
4168
4170
4171
18413
18414
18417
19444
19445
19447
840
841
842
1500
7909
7910
7913
7915
1503
18287
18289
18292
18431
18432
18433
840
841
1888
1890
1891
1893
17547
17548
17550
845
1505
7910
7911
7912
18295
18296
18298
1506
18430
18433
18434
18436
847
4172
4174
4175
4177
17555
17556
17557
18456
18457
18459
846
1881
4189
4190
4194
4195
17104
18455
18456
18459
18460
860
1884
18442
18443
18444
861
1185
17106
18449
18450
18451
1886
4190
4191
18300
18301
18303
25295
25296
25299
25300
862
1887
4178
4180
4182
4183
17108
18448
18450
18452
18453
18488
18489
18491
1186
17110
18456
18457
18458
852
864
4197
4199
25309
25310
25313
25315
18463
18464
18465
853
4207
4208
4209
856
18469
18470
18471
856
858
866
4197
4199
4201
4218
4219
4222
4223
17111
18500
18501
18503
871
1663
18476
18477
18478
856
858
1664
17113
858
867
873
4218
4221
4223
4224
18508
18509
18511
18534
18535
18538
1667
17115
18469
18471
18474
18475
18477
18479
18480
4219
4220
4221
18521
18522
18523
18541
18542
18543
33337
33338
33339
869
17117
864
1901
4227
4228
25372
25373
25376
25378
18483
1903
4237
4238
25413
25414
25418
25419
1905
18487
18488
18489
865
1907
18494
18495
866
25453
25454
25457
25458
25459
25460
25463
25465
25466
25467
25470
25472
870
7919
1901
18500
18501
18502
875
2582
18507
18508
18509
1206
1904
2583
18514
18515
18516
1906
2585
18499
18501
18503
18505
18506
18509
18510
18511
18513
18515
18517
18518
1207
1907
18527
18528
18529
4271
4272
4273
874
4277
4278
4279
875
18534
18535
18536
903
25561
25564
25565
913
4298
4299
4300
885
7922
881
883
892
2554
2555
2557
4310
4311
4314
4316
17132
18570
18571
18573
881
1683
2561
2562
2564
4052
4054
4056
4310
4312
4314
4315
881
883
1684
17133
883
893
4310
4313
4315
4316
18305
18307
18310
18578
18579
18582
1687
17136
17472
17473
17476
4311
4312
4313
18316
18317
18318
18591
18592
18594
895
17137
897
17132
18549
18550
18551
1690
18556
18557
18558
888
889
1509
1691
17125
17127
17129
17130
17134
898
1511
18563
18564
18565
1694
4317
4319
4320
4321
17136
17472
17474
17477
18548
18549
18552
18553
900
1513
4323
4325
4326
4328
17138
18548
18551
18553
18554
18608
18609
18611
892
897
25647
25648
25651
25653
25654
25655
25658
25659
25660
25661
25665
25666
896
901
7925
1929
18570
18571
18572
2575
18577
18578
18579
1213
1931
2577
18584
18585
18586
1933
2579
18569
18571
18573
18575
18576
18579
18580
18582
18583
18585
18587
18588
1214
1935
18597
18598
18599
1929
4357
4358
25714
25715
25718
25719
935
18604
936
1216
1932
4367
4368
25755
25756
25760
25761
937
1934
18608
18609
18610
1217
1935
18615
18616
906
917
4379
4380
25802
25803
25807
25808
4386
4387
25822
25823
25826
25827
907
18621
18622
18623
910
18627
18628
18629
919
17139
18634
18635
18636
924
1709
18641
18642
18643
910
911
1710
1981
17141
17146
17148
17150
17152
920
1983
18648
18649
18650
1713
4400
4402
4403
4404
17143
18627
18629
18632
18633
18634
18637
18638
922
1985
4406
4408
4409
4411
17145
18633
18636
18638
18639
18693
18694
18696
917
1943
18655
18656
18657
2582
18662
18663
18664
1945
2584
18669
18670
18671
1947
2586
18654
18656
18658
18660
18661
18664
18665
18666
18668
18670
18672
18674
918
1949
18682
18683
18684
919
25952
25953
25956
25957
25959
25960
25963
25964
25965
25966
25969
25971
923
7926
1943
4440
4441
25991
25992
25995
25996
947
18689
948
1267
1946
4450
4451
26032
26033
26037
26038
949
1948
18693
18694
18695
1268
1949
18700
18701
7927
928
1510
4466
4467
4468
1511
7930
7931
930
931
1514
18706
18707
18708
1964
7934
7935
7936
932
965
1966
4486
4487
18726
18727
18728
26152
26153
26154
26155
933
1968
18713
18714
18715
933
938
18719
18720
18721
941
970
18725
18726
18727
943
18732
18733
18734
937
940
1508
4517
4518
4521
4523
17153
18751
18752
18756
18757
1511
18738
18739
18740
17155
18745
18746
18747
1513
4506
4507
4509
4510
17157
18609
18610
18613
18744
18746
18749
18750
943
1514
4518
4519
18720
18721
18723
26253
26254
26257
26259
945
17159
18752
18753
18754
944
945
1963
7943
7944
7948
7949
974
1966
18725
18726
18729
18759
18760
18761
944
945
975
1275
1974
1976
1978
1979
19631
19632
19635
1968
7944
7945
7946
18733
18734
18736
976
1969
18758
18761
18763
18764
1276
4524
4526
4528
4529
18752
18754
18757
19639
19640
19642
949
952
1980
4541
4542
4545
4546
17173
18783
18784
18787
18788
1983
18770
18771
18772
1291
17175
18777
18778
18779
1985
4530
4531
4533
4534
17177
18694
18695
18698
18776
18778
18780
18781
955
961
1986
4542
4543
18809
18810
18812
26328
26329
26333
26334
957
1292
17179
18784
18785
18786
956
957
1987
7953
7954
7957
7958
962
986
1990
18791
18792
18793
18814
18815
18817
956
957
987
1295
1998
2000
2002
2003
19670
19671
19673
963
1992
7954
7955
7956
18822
18823
18824
988
1993
18790
18793
18794
18796
1296
4548
4550
4551
4553
18784
18786
18788
19678
19679
19680
1988
7961
7962
7963
962
1990
4559
4560
18815
18816
18818
26382
26383
26384
26385
963
1992
18802
18803
18804
963
18808
18809
18810
1000
18814
18815
18816
18821
18822
18823
967
1522
7968
7969
7970
970
1523
4584
4585
18842
18843
18845
26462
26463
26464
26465
969
971
1526
18827
18828
18829
2014
4596
4597
4598
2016
7974
7975
972
2018
18834
18835
18836
974
18841
18842
18843
972
977
18848
18849
18850
982
18853
18854
18855
976
978
979
1520
7977
7978
7981
7983
1523
18841
18843
18846
18859
18860
18861
976
978
2020
2022
2023
2024
17650
17651
17653
1525
18858
18860
18862
18863
982
1526
7978
7979
7980
18849
18850
18852
984
4620
4622
4623
4625
17658
17659
17660
18884
18885
18887
983
2013
4637
4638
4642
4643
17199
18883
18884
18887
18888
1016
2016
18870
18871
18872
1017
1311
17202
18877
18878
18879
2018
4638
4639
18854
18855
18857
26631
26632
26635
26636
1018
2019
4626
4628
4630
4631
17204
18876
18878
18880
18881
18966
18967
18969
1312
17205
18884
18885
18886
988
990
991
2030
7987
7988
7991
7992
1000
2033
18891
18892
18893
18930
18932
18935
988
990
1327
2044
2046
2047
2049
19730
19731
19734
2035
18890
18892
18894
18895
994
1001
2036
7988
7989
7990
18938
18939
18941
996
1328
4644
4646
4647
4649
18916
18917
18919
19738
19739
19741
995
2037
4661
4662
4665
4666
17219
18915
18916
18919
18920
1045
2040
18902
18903
18904
1046
1331
17222
18909
18910
18911
1002
2042
4662
4663
18943
18944
18945
26706
26707
26710
26712
1047
2043
4650
4652
4653
4655
17224
18908
18910
18912
18913
19051
19052
19053
1332
17225
18916
18917
18918
2038
4668
4669
4670
2040
7997
7998
1002
2042
18923
18924
18925
18930
18931
18932
1002
18937
18938
18939
18942
18943
18944
8000
1008
1020
4697
4699
26812
26813
26816
26818
18948
18949
18950
1010
4708
4709
26852
26853
26856
26857
1012
18954
18955
18956
1012
1013
1022
4697
4699
4701
4718
4719
4722
4723
17226
18978
18979
18981
1012
1013
1740
17228
1012
1056
1741
4708
4709
4711
4718
4720
4722
4724
4860
4862
4864
1013
1023
1058
4718
4721
4723
4724
18986
18987
18989
19097
19098
19101
1744
17230
18954
18956
18959
1025
17232
4719
4720
4721
18999
19000
19001
19104
19105
19106
1020
2068
4726
4728
26888
26889
26892
26894
18961
2070
4737
4738
26929
26930
26934
26935
2072
18965
18966
18967
1021
2074
18972
18973
1022
26969
26970
26973
26974
26975
26976
26979
26981
26982
26983
26986
26988
1026
8003
2068
18978
18979
18980
1060
2653
18985
18986
18987
1352
2071
2654
18992
18993
18994
2073
2656
18977
18978
18981
18982
18984
18986
18988
18989
18991
18993
18995
18996
1353
2074
19005
19006
19007
1040
1044
16929
19012
19013
19014
1031
1032
1747
2039
16930
17233
17234
17238
17239
1041
1748
19019
19020
19021
1045
2040
19026
19027
19028
1043
1751
4769
4771
4773
4774
16933
19011
19012
19015
19016
19039
19040
19043
1047
2043
4775
4777
4779
4780
16934
19011
19013
19015
19017
19050
19051
19054
1037
1038
1040
1049
4786
4787
4791
4792
4794
4796
4798
16929
19063
19064
19066
1037
1038
1754
16931
1037
1042
1755
2681
2683
2685
4786
4788
4790
4791
4805
4806
4808
1038
1050
2693
2694
2696
4786
4789
4790
4792
19071
19072
19074
1043
1758
16933
19039
19041
19044
1052
16935
4787
4788
4789
17521
17522
17523
19084
19085
19086
1054
4794
4796
27089
27090
27093
27095
19033
19034
19035
1136
4805
4806
27129
27130
27133
27134
19039
19040
19041
1054
2082
4816
4818
27165
27166
27169
27171
19046
1397
2084
4827
4828
27206
27207
27211
27212
2086
19050
19051
19052
1055
1398
2088
19057
19058
1054
2082
19063
19064
19065
1138
2660
19070
19071
19072
1400
2085
2661
19077
19078
19079
2087
2663
19062
19063
19066
19067
19069
19071
19073
19074
19076
19078
19080
19081
1055
1401
2088
19090
19091
19092
27274
27275
27278
27279
27280
27281
27284
27285
27287
27288
27291
27292
8004
4860
4861
4862
1059
4866
4867
4868
1060
19097
19098
19099
1062
27347
27350
27351
1072
4886
4887
4888
1065
1076
4895
4896
4897
4901
4902
4903
1067
4907
18145
18147
18150
19127
19128
19130
1069
19112
19113
19114
1078
17247
19119
19120
19121
1069
1070
1786
2117
17249
17254
17255
17258
17259
1139
1787
19126
19127
19128
1079
2119
19133
19134
19135
1790
4915
4917
4918
4919
17251
19112
19114
19117
19118
19119
19122
19123
1081
2121
4921
4923
4924
4925
17253
19118
19120
19122
19124
19178
19179
19181
1076
2107
19140
19141
19142
2653
19147
19148
19149
2109
2655
19154
19155
19156
2111
2657
19139
19140
19143
19144
19146
19148
19150
19151
19153
19155
19157
19159
1077
2113
19167
19168
19169
1078
27480
27481
27484
27485
27487
27488
27491
27492
27493
27494
27497
27499
1082
8007
2107
4955
4957
27519
27520
27523
27524
1084
19174
1085
1413
2110
4966
4967
27560
27561
27565
27566
1086
2112
19178
19179
19180
1414
2113
19185
19186
1086
1089
2116
4988
4989
4992
4993
17268
19204
19205
19208
19209
2119
19191
19192
19193
1421
17271
19198
19199
19200
2121
4977
4978
4980
4981
17273
19179
19180
19183
19197
19199
19201
19202
1093
1143
2122
4989
4990
19348
19349
19351
27642
27643
27647
27648
1094
1422
17274
19205
19206
19207
1092
1094
2123
8011
8012
8015
8016
1096
1144
2126
19212
19213
19214
19353
19354
19356
1092
1094
1097
1425
2134
2136
2137
2139
19877
19878
19880
1098
2128
19211
19213
19215
19216
1145
2129
8012
8013
8014
19361
19362
19363
1426
4995
4997
4998
5000
19205
19207
19209
19885
19886
19887
1098
1100
1101
2140
8018
8019
8022
8023
1149
2143
19223
19224
19225
19373
19374
19377
1098
1100
1441
2154
2156
2157
2159
19912
19913
19916
2145
19222
19224
19226
19227
1105
1150
2146
8019
8020
8021
19381
19382
19384
1106
1442
5001
5003
5004
5006
19248
19250
19252
19920
19921
19923
1104
2147
5018
5019
5022
5023
17288
19247
19248
19251
19252
1130
2150
19234
19235
19236
1131
1445
17291
19241
19242
19243
1132
2152
5007
5008
5010
5011
17293
19240
19242
19244
19245
19329
19330
19331
1151
2153
5019
5020
19386
19387
19388
27736
27737
27740
27742
1446
17294
19248
19249
19250
1111
1112
1120
1124
5025
5026
5030
5031
5050
5051
5053
16936
19290
19291
19293
1111
1112
1793
16937
1121
1794
19255
19256
19257
1112
1125
2693
2695
2697
5025
5028
5029
5031
19298
19299
19301
1123
1797
16940
19254
19256
19259
19260
19283
19284
19287
1127
16941
5026
5027
5028
17525
17526
17527
19311
19312
19313
1120
1129
16936
19262
19263
19264
1118
1119
1800
2148
16938
17301
17302
17306
17307
1122
1801
19269
19270
19271
1130
2150
19276
19277
19278
1123
1804
5032
5034
5036
5037
16940
19261
19262
19265
19266
19283
19285
19288
1132
2152
5038
5040
5042
5043
16942
19261
19263
19265
19267
19328
19329
19332
1134
5050
5051
27803
27804
27807
27809
1137
5057
5058
27823
27824
27827
27828
5062
18159
18161
18164
19270
19271
19274
19283
19284
19285
1134
2165
19290
19291
19292
1138
2660
19297
19298
19299
1460
2167
2662
19304
19305
19306
2169
2664
19289
19290
19293
19294
19296
19298
19300
19301
19303
19305
19307
19308
1135
1461
2171
19317
19318
19319
1134
2165
5088
5090
27893
27894
27897
27899
19324
1463
2168
5099
5100
27934
27935
27939
27940
2170
19328
19329
19330
1135
1464
2171
19335
19336
27974
27975
27978
27979
27981
27982
27985
27986
27987
27988
27991
27992
8028
28006
28009
28010
28011
28014
28015
5119
5120
5121
8031
2125
8035
8036
8037
1144
2126
5136
5137
19354
19355
19357
28065
28066
28067
28068
1145
2129
19341
19342
19343
1145
19347
19348
19349
1149
19353
19354
19355
19360
19361
19362
2149
5156
5157
5158
2150
8041
8042
1151
2153
19366
19367
19368
19373
19374
19375
1151
19380
19381
19382
19385
19386
19387
1158
28199
28200
28202
28203
28204
28205
28208
28210
28211
28212
28215
28217
1161
8044
1162
8046
1159
19391
19392
19393
1161
19398
1163
1164
5196
5197
28273
28274
28278
28279
1859
2207
19402
19403
19404
1860
2262
5205
5207
5208
5210
19392
19393
19396
19422
19424
19426
19428
1165
2209
2264
5211
5213
5215
5216
5223
5224
5225
19422
19425
19427
19428
1863
19409
19410
19411
1166
2211
19416
19417
19418
1167
2266
19423
19424
19425
1167
1230
12537
12538
12541
12542
28333
28334
28335
28336
28337
28339
28340
1176
1233
5223
5224
12553
12554
12557
12558
1177
19430
19431
19432
1235
5231
12590
12591
12592
12593
28354
28355
28358
28359
1173
2213
5234
5235
19457
19458
19460
28368
28369
28371
28373
2214
19436
19437
19438
2217
19443
19444
19445
1174
2218
5247
5248
28410
28411
28414
28416
1173
1175
19450
19451
19452
1179
19457
19458
19459
1182
1189
5258
12641
12642
12643
12644
12645
12646
12649
12650
1179
2206
5259
5260
12665
12666
12667
12668
19451
19452
19455
2209
2809
5265
5266
28430
28431
28435
28436
2211
19464
19465
19466
1183
2212
2812
5277
5278
5279
2213
5284
5285
12742
12743
12744
12745
19458
19459
19462
1192
2216
2816
8054
8055
8056
2817
8061
8062
1194
2218
5295
5296
12778
12779
12780
12781
2219
2818
8066
8067
8068
1190
2235
5300
19482
19483
19485
28449
28450
28451
28452
28453
28454
28457
28459
2236
5309
5310
28484
28485
28489
28490
2239
5314
5315
5316
2240
19471
19472
1190
1191
19475
19476
19477
1194
5325
12822
12823
12824
12825
12826
12827
12829
12831
1196
19482
19483
19484
1196
2228
5330
5331
12858
12859
12860
12861
19476
19477
19480
2231
2823
8074
8075
8076
2824
8081
8082
2233
5341
5342
12894
12895
12896
12897
1199
2234
2825
8086
8087
8088
2235
5345
5346
12913
12914
12915
12916
19483
19484
19487
1209
2238
2830
5351
5352
28530
28531
28535
28536
1210
2240
19489
19490
19491
2241
2833
5363
5364
5365
1903
2236
19496
19497
19498
1206
1546
1904
5374
5376
5378
5379
19516
19518
19520
19521
19525
19526
19528
1209
1548
2238
5380
5382
5384
5385
5401
5402
5403
19516
19519
19520
19522
1207
1907
19503
19504
19505
1210
2240
19510
19511
19512
1208
1211
1550
19517
19518
19519
1243
19524
19525
19526
19531
1212
1246
5394
5395
28634
28635
28638
28640
1249
5401
5402
13003
13004
13007
13008
19535
19536
19537
1212
1251
5409
13040
13041
13042
13043
28654
28655
28658
28660
1254
13053
13054
13057
13058
28661
28662
28663
28664
28665
28667
28668
1219
19541
19542
19543
1222
19548
1223
1225
5422
5423
28706
28707
28711
28712
1220
28713
28714
28716
28717
28718
28719
28722
28724
28725
28726
28729
28731
1222
8096
1224
8098
1931
2269
5439
5440
5442
5443
19542
19543
19546
19565
19567
19569
19571
1932
2314
19552
19553
19554
1226
2271
2316
5445
5447
5449
5450
5457
5458
5459
19565
19568
19570
19571
1935
19559
19560
19561
1227
2273
19566
19567
19568
1228
2318
19573
19574
19575
1227
1231
13082
13083
13086
13087
28803
28804
28805
28806
28807
28809
28810
1238
1280
5457
5458
13098
13099
13102
13103
1240
5462
13118
13119
13120
13121
28817
28818
28821
28822
1281
19580
19581
19582
1232
1237
5467
5468
5469
1235
5476
5477
13177
13178
13179
13180
1240
5480
5481
13195
13196
13197
13198
2261
2283
8103
8104
8105
2264
2809
5486
5487
5488
1470
2285
2811
8110
8111
8112
19967
19968
19969
2266
5494
5495
15750
15751
15752
15753
2267
2287
2813
5485
5488
5489
5491
8102
8104
8106
8108
8109
8111
8113
8114
2268
2283
8121
8122
8123
2271
2873
5504
5505
5506
1471
2286
2874
8128
8129
8130
19970
19971
19972
2273
5512
5513
15760
15761
15762
15763
2274
2288
2876
5503
5506
5507
5509
8120
8122
8124
8126
8127
8129
8131
8132
1245
1247
1253
1545
2290
5546
5547
5549
19589
19590
19593
19595
1245
1546
2583
17321
17322
17325
17327
19524
19526
19529
19589
19591
19593
19594
1245
1247
2291
2584
17321
17323
17325
17326
17600
17602
17604
1549
2294
2587
1254
1550
19590
19591
19592
1255
2295
2845
2846
2847
5521
5524
5525
5527
5559
5560
5561
1253
1545
2301
8139
8140
8141
1548
2830
5529
5530
5531
2303
2832
8146
8147
8148
17826
17827
17828
1254
1550
5537
5538
15770
15771
15772
15773
1551
2305
2834
5528
5531
5532
5533
8138
8140
8142
8144
8145
8147
8149
8150
1256
5546
5547
5548
5555
5556
13379
13380
13381
13382
1259
1270
5559
5560
13397
13398
13399
13400
2290
2301
8159
8160
8161
1271
2293
2887
5565
5566
5567
1472
2304
2888
8166
8167
8168
19973
19974
19975
1272
2295
5573
5574
15780
15781
15782
15783
2296
2306
2890
5564
5567
5568
5569
8158
8160
8162
8164
8165
8167
8169
8170
1945
2291
5587
5588
5590
5591
17601
17602
17605
19610
19612
19614
19615
1267
1559
1946
19597
19598
19599
1271
1561
2293
5593
5595
5596
5598
5613
5614
5615
19610
19613
19615
19616
1268
1949
19604
19605
19606
1272
2295
19611
19612
19613
1269
1273
1563
19618
19619
19620
1291
28918
28919
28921
28922
28923
28924
28927
28928
28930
28931
28934
28936
8176
1293
8178
1272
13479
13480
13483
13484
28955
28956
28957
28958
28959
28961
28962
1299
5613
5614
13495
13496
13499
13500
5618
13515
13516
13517
13518
28969
28970
28973
28974
1300
19625
19626
19627
1283
2324
5624
5625
19659
19660
19662
28990
28991
28993
28995
2326
19631
19632
19633
2328
19638
19639
19640
1284
2330
5637
5638
29032
29033
29036
29038
1279
1283
19645
19646
19647
1285
2313
5646
5647
13570
13571
13572
13573
19645
19647
19649
2316
2873
5652
5653
29052
29053
29057
29058
2318
19652
19653
19654
1288
2319
2877
5664
5665
5666
1285
19659
19660
19661
1289
1315
5672
13659
13660
13661
13662
13663
13664
13667
13668
2324
5674
5675
13684
13685
13686
13687
19660
19661
19664
1317
2327
2880
8186
8187
8188
2881
8193
8194
2329
2882
8198
8199
8200
1319
2330
5685
5686
13720
13721
13722
13723
1294
1302
1558
5690
19691
19692
19694
29071
29072
29075
29077
29078
29079
29080
29081
1559
5696
5697
29096
29097
29101
29102
1296
1562
5704
5705
5706
1563
19666
19667
1308
2339
5714
5715
19698
19699
19701
29153
29154
29156
29158
1327
2341
19670
19671
19672
2343
19677
19678
19679
1309
1329
2345
5727
5728
29195
29196
29200
29201
1302
1303
1558
5733
5734
13761
13762
13763
13764
19691
19693
19695
1561
2887
5739
5740
29209
29210
29214
29215
1563
19684
19685
19686
1306
1564
2891
5751
5752
5753
1308
19691
19692
19693
1308
2339
5761
5762
13849
13850
13851
13852
19699
19700
19703
1335
2342
2894
8210
8211
8212
2895
8217
8218
2344
2896
8222
8223
8224
1309
1337
2345
5772
5773
13885
13886
13887
13888
19698
19699
19700
1340
5778
13917
13918
13919
13920
13921
13922
13924
13926
1321
2365
5780
19716
19717
19719
29234
29235
29236
29237
29238
29239
29242
29244
2367
5789
5790
29269
29270
29274
29275
2369
5794
5795
5796
2371
19705
19706
1316
1321
19709
19710
19711
1319
5805
13966
13967
13968
13969
13970
13971
13973
13975
1322
2357
5807
5808
13991
13992
13993
13994
19709
19711
19713
2360
2921
8229
8230
8231
2922
8236
8237
2362
5818
5819
14027
14028
14029
14030
1324
2363
2923
8241
8242
8243
1322
19716
19717
19718
2365
5825
5826
14057
14058
14059
14060
19717
19718
19721
1355
2368
2928
5831
5832
29315
29316
29320
29321
2370
2931
5839
5840
5841
1356
2371
19723
19724
19725
1330
1339
1569
5850
5851
19748
19749
19751
29336
29337
29340
29341
1570
19730
19731
19732
1332
1573
19737
19738
19739
1340
1574
5862
5863
29378
29379
29382
29384
1345
2383
5870
19762
19763
19765
29397
29398
29399
29400
29401
29402
29405
29407
1397
2385
5879
5880
29432
29433
29437
29438
2387
5884
5885
5886
1399
2389
19744
19745
1339
1341
1569
5894
5895
14156
14157
14158
14159
19748
19750
19752
1572
2935
8253
8254
8255
2936
8260
8261
1340
1574
5905
5906
14192
14193
14194
14195
1343
1575
2937
8265
8266
8267
1345
19748
19749
19750
5911
14224
14225
14226
14227
14228
14229
14231
14232
1345
2383
5912
5913
14248
14249
14250
14251
19763
19764
19767
1403
2386
2942
5918
5919
29472
29473
29477
29478
2388
2945
5926
5927
5928
1404
2389
19755
19756
19757
19762
19763
19764
2070
2367
19769
19770
19771
1352
1578
2071
5944
5946
5948
5949
19789
19791
19793
19794
19798
19799
19801
1355
1579
2368
5950
5952
5954
5955
5971
5972
5973
19789
19792
19793
19795
1353
2074
19776
19777
19778
1356
2371
19783
19784
19785
1354
1357
1582
19790
19791
19792
1360
19797
19798
19799
19804
1358
1363
5964
5965
29582
29583
29586
29588
1366
5971
5972
14349
14350
14353
14354
19808
19809
19810
1358
1369
5979
14386
14387
14388
14389
29602
29603
29606
29608
1371
14399
14400
14403
14404
29609
29610
29611
29612
29613
29615
29616
1362
1363
1364
1370
1576
2404
6009
6010
6012
1362
1363
1578
2654
17335
17336
17339
17341
19797
19799
19802
1362
1364
2406
2655
17335
17337
17339
17340
17776
17778
17780
1580
2408
2658
1371
1582
5964
5965
5967
5984
5986
5989
5990
6018
6019
6021
1372
2410
3010
3011
3012
5984
5987
5988
5990
6022
6023
6024
1370
1576
2415
8277
8278
8279
1579
2928
5992
5993
5994
2417
2930
8284
8285
8286
17847
17848
17849
1581
2419
2932
5991
5993
5995
5996
8276
8277
8280
8281
8283
8285
8287
8288
1371
1582
6000
6001
15790
15791
15792
15793
1373
6009
6010
6011
6018
6019
14481
14482
14483
14484
1377
1416
6022
6023
14499
14500
14501
14502
2404
2415
8297
8298
8299
1417
2407
2957
6028
6029
6030
1473
2418
2958
8304
8305
8306
19976
19977
19978
2409
2420
2960
6027
6029
6031
6032
8296
8297
8300
8301
8303
8305
8307
8308
1418
2410
6036
6037
15800
15801
15802
15803
1381
1382
1383
1394
2426
2433
6088
6089
6091
1381
1382
1400
2428
2661
17349
17350
17353
17354
19822
19824
19827
1381
1383
1460
2435
2662
17349
17351
17353
17355
19951
19953
19956
2430
2437
2665
1395
1402
2432
6045
6047
6049
6050
6097
6098
6099
6122
6123
6125
1396
1462
2439
6045
6048
6049
6051
6101
6102
6103
6371
6372
6374
1394
2426
2440
8315
8316
8317
1403
2429
2942
6053
6054
6055
1474
2442
2944
8322
8323
8324
19979
19980
19981
2431
2444
2946
6052
6054
6056
6057
8314
8315
8318
8319
8321
8323
8325
8326
1395
1405
2432
6061
6062
15810
15811
15812
15813
1394
2433
2440
8333
8334
8335
1466
2436
2978
6071
6072
6073
1475
2443
2979
8340
8341
8342
19982
19983
19984
2438
2445
2981
6070
6072
6074
6075
8332
8333
8336
8337
8339
8341
8343
8344
1396
1467
2439
6079
6080
15820
15821
15822
15823
6088
6089
6090
1406
6097
6098
14683
14684
14685
14686
1469
6101
6102
14701
14702
14703
14704
29651
29652
29654
29655
29656
29657
29660
29661
29663
29664
29667
29668
8352
8354
19822
19823
19824
19829
1406
6122
6123
29725
29726
29729
29731
6129
6130
14745
14746
14749
14750
19833
19834
19835
1406
6137
14782
14783
14784
14785
29745
29746
29749
29751
14795
14796
14799
14800
29752
29753
29754
29755
29756
29758
29759
2109
2406
6147
6148
6150
6151
17777
17778
17781
19852
19854
19856
19857
1413
1590
2110
19839
19840
19841
1417
1591
2407
6153
6155
6156
6158
6173
6174
6175
19852
19855
19857
19858
1414
2113
19846
19847
19848
1418
2410
19853
19854
19855
1415
1419
1594
19860
19861
19862
1421
29813
29814
29816
29817
29818
29819
29822
29823
29825
29826
29829
29831
8356
1423
8358
1418
14819
14820
14823
14824
29850
29851
29852
29853
29854
29856
29857
1429
6173
6174
14835
14836
14839
14840
6178
14855
14856
14857
14858
29864
29865
29868
29869
1431
19867
19868
19869
1424
1437
1588
6184
19898
19899
19901
29883
29884
29887
29889
29890
29891
29892
29893
1590
6190
6191
29908
29909
29913
29914
1426
1592
6198
6199
6200
1594
19873
19874
1438
2462
6208
6209
19905
19906
19908
29965
29966
29968
29970
1441
2464
19877
19878
19879
2466
19884
19885
19886
1439
1443
2468
6220
6221
30007
30008
30012
30013
1432
1437
1588
6227
6228
14911
14912
14913
14914
19898
19900
19902
1591
2957
6233
6234
30021
30022
30026
30027
1435
1593
2961
6241
6242
6243
1594
19891
19892
19893
1438
2462
6252
6253
14988
14989
14990
14991
19905
19907
19909
1449
2465
2964
8365
8366
8367
2965
8372
8373
2467
2966
8377
8378
8379
1439
1452
2468
6263
6264
15024
15025
15026
15027
1438
19898
19899
19900
19905
19906
19907
1458
6272
15067
15068
15069
15070
15071
15072
15074
15076
1444
1457
1595
6274
6275
19937
19938
19940
30048
30049
30052
30053
1597
19912
19913
19914
1446
1599
19919
19920
19921
1458
1601
6286
6287
30090
30091
30094
30096
1459
2481
6294
19944
19945
19947
30109
30110
30113
30115
30116
30117
30118
30119
1463
2483
6300
6301
30134
30135
30139
30140
2485
6308
6309
6310
1465
2487
19926
19927
1453
1457
1595
6318
6319
15114
15115
15116
15117
19937
19939
19941
1598
2971
8385
8386
8387
2972
8392
8393
1455
1600
2973
8397
8398
8399
1458
1601
6329
6330
15150
15151
15152
15153
1459
2481
6333
6334
15169
15170
15171
15172
19944
19946
19948
1466
2484
2978
6339
6340
30184
30185
30189
30190
2486
2982
6347
6348
6349
1468
2487
19930
19931
19932
1459
19937
19938
19939
6359
15258
15259
15260
15261
15262
15263
15265
15266
19944
19945
19946
19951
19952
19953
19958
1469
6371
6372
30241
30242
30245
30247
30248
30249
30251
30252
30253
30254
30257
30258
30260
30261
30264
30265
8408
8410
6386
6387
15310
15311
15314
15315
1469
6391
15330
15331
15332
15333
30291
30292
30295
30297
19962
19963
19964
15360
15361
15364
15365
30305
30306
30307
30308
30309
30311
30312
1603
2506
19967
19968
1608
2507
19970
19971
2509
3041
19973
19974
2511
3058
19976
19977
1614
3054
19979
19980
1615
3067
19982
19983
1477
1478
1643
1645
1647
1682
1684
1686
1479
6411
1479
6419
6413
6420
1481
1482
6416
1483
1662
1664
1666
1696
1698
1700
1483
6418
6431
6432
1485
1486
6437
1487
6438
6451
1487
1739
1740
1742
1773
1774
1776
6453
1489
1490
6449
6456
1491
6450
1491
6458
1753
1754
1756
1792
1793
1795
1632
2521
2527
21953
21954
21956
1497
1499
1864
19985
19989
19990
19991
1497
1865
3957
3959
3960
6802
16901
16904
16906
16907
19986
19988
19990
19991
1497
1499
6803
16902
16905
16906
16907
7873
7874
7875
8424
8425
8426
18334
18336
18337
18400
18401
18402
1868
6806
1869
18242
18243
18244
19985
19986
19987
8426
8428
8429
8430
1504
1506
1881
19992
19996
19997
19998
1504
1882
7884
7886
7887
17383
19993
19995
19997
19998
1504
1506
1866
17384
1506
1867
4002
4003
4004
18432
18433
18434
19994
19995
19996
19997
1885
17386
1886
18274
18275
18276
19992
19993
19994
1870
1678
2563
2567
19999
20000
20001
1512
1513
1963
20003
20007
20008
20009
1512
1513
6816
16915
16918
16920
16921
1512
1964
4466
4468
4469
6817
16916
16919
16920
16921
20004
20006
20008
20009
7930
7931
7932
8433
8434
8435
18563
18565
18566
18739
18740
18741
1967
6820
8434
8436
8438
8439
1968
18707
18708
18709
20003
20004
20005
1953
6651
20016
20017
1519
2597
6652
17167
20028
20031
20032
20034
1954
2603
17168
20022
20023
20024
2596
2600
6654
20029
20030
20031
2601
2605
17169
20010
20012
20013
20014
20021
20024
20026
20027
22142
22143
22145
1524
1525
2013
20035
20039
20040
20041
1524
1525
1965
17404
1524
2014
7968
7970
7971
17405
20036
20038
20040
20041
1525
1966
4584
4585
4586
18860
18861
18862
20037
20038
20039
20040
2017
17407
1969
2018
18828
18829
18830
20035
20036
20037
1766
2055
20043
1767
2667
17235
20047
20048
20049
2056
2669
17236
20054
20055
20056
2668
2670
17237
20061
20062
1535
2713
6672
17262
20083
20085
20087
20088
2184
6673
20071
20072
2185
2720
17263
20077
20078
20079
2716
2719
6675
20084
20085
20086
2717
2722
17264
20065
20067
20068
20069
20076
20078
20080
20082
22368
22369
22371
1820
2746
17303
20091
20092
20093
1821
2190
20098
2191
2748
17304
20102
20103
20104
2747
2749
17305
20109
20110
1873
2756
2762
8451
8452
2780
2784
17546
20114
20115
1890
2203
17547
20120
20121
20122
1891
2782
17550
20127
20128
20129
2204
2785
17551
20134
20135
20136
1549
1550
1551
8139
8140
8142
1549
1550
1549
1551
17579
1550
1551
5530
5531
5533
17580
5537
5538
5539
19518
19519
19520
19590
19591
19593
17582
17599
20141
20142
1555
1556
1939
17323
17600
17324
20146
20147
1941
17603
20140
20141
20143
2839
17326
17604
20140
20142
20143
20144
20145
20147
20149
20150
22692
22693
22695
1972
2858
2861
8456
8457
2339
20151
20152
20153
1562
5696
5697
5698
17175
19597
19599
19600
20159
20161
20162
20164
1562
1564
2340
17176
17629
1564
5739
5740
5742
17630
20160
20161
20163
20164
2343
5704
5705
5707
17179
20151
20154
20156
20157
19619
19620
19621
19666
19667
19668
19684
19685
19687
20158
20159
20160
2344
5751
5752
5755
17632
20153
20155
20156
20157
2907
2911
17649
20166
20167
2022
2321
17650
20172
20173
20174
2023
2909
17653
20179
20180
20181
2322
2912
17654
20186
20187
20188
1573
1574
1575
2383
5850
5851
5852
5894
5895
5896
21784
21785
21790
1573
1574
2341
19731
19732
19733
1573
1575
2384
1574
1575
2342
8254
8255
8257
2387
19737
19738
19740
2345
5862
5863
5865
5905
5906
5907
2388
8265
8266
8269
1580
1581
1582
8277
8278
8280
1580
1581
17664
1580
1582
1581
1582
5993
5994
5996
17665
17667
6000
6001
6002
19791
19792
19793
17775
20193
20194
1586
1587
2103
17337
17776
17338
20198
20199
2105
17779
20192
20193
20195
3004
17340
17780
20192
20194
20195
20196
20197
20199
20200
20202
23137
23138
23140
2462
20203
20204
20205
1592
1593
2463
17270
17706
1592
6190
6191
6192
17271
19839
19841
19842
20211
20213
20214
20216
1593
6233
6234
6236
17707
20212
20213
20215
20216
2466
6198
6199
6201
17274
20203
20206
20208
20209
2467
6241
6242
6245
17709
20204
20207
20208
20209
19861
19862
19863
19873
19874
19875
19891
19892
19894
20210
20211
20212
1599
1600
1601
2481
6274
6275
6276
6318
6319
6320
21875
21876
21881
1599
1600
2482
1599
1601
2464
19913
19914
19915
1600
1601
2465
8386
8387
8389
2485
19919
19920
19922
2486
8397
8398
8401
2468
6286
6287
6289
6329
6330
6331
2810
3031
15609
2811
7047
20217
20218
2815
3033
7049
20220
20221
2824
3034
15611
15612
2827
3032
7055
20223
20224
2829
3036
7057
20226
20227
2874
7063
20229
20230
2875
3038
15614
2879
3040
7065
20232
20233
2922
3047
15616
15617
2925
3039
7080
20235
20236
2927
3049
7082
20238
20239
2442
7091
20241
20242
2443
7106
20244
20245
3082
7124
8505
8506
8507
1620
1621
6629
7125
1824
6630
20248
20249
20250
1621
1825
3083
20254
20255
20256
20258
20632
20633
20635
23315
23316
23317
3081
6633
7129
8504
8505
8508
8509
20247
20249
20251
20253
23304
23305
23306
3085
7130
8504
8506
8508
8510
3177
7230
8512
8513
8514
1626
1627
6636
7231
1842
6637
20260
20261
20262
1627
1843
3178
20266
20267
20268
20270
20705
20707
20709
23520
23521
23522
3176
6640
7234
8511
8512
8515
8516
20259
20261
20263
20265
23509
23510
23511
3180
7236
8511
8513
8515
8517
1634
3204
3209
20271
20272
1679
3224
3229
20273
20274
1632
3253
3259
3265
20279
20280
20282
20283
20284
20285
20289
20290
3266
20276
20277
3262
3269
20275
20276
20278
3257
3263
20280
20281
3258
3270
20285
20286
20287
1640
1641
20298
20302
20303
20304
1640
6801
7125
7127
7130
20299
20301
20303
20304
17857
17858
17859
17926
17927
17928
18327
18328
18330
20291
20292
20293
1640
1641
6803
20298
20299
20300
6805
20293
20295
20296
20297
1646
1647
1648
1646
1647
1646
1648
3267
3268
3271
17897
17898
17901
18341
18342
18345
1647
1648
17912
17913
17916
17932
17934
17937
1654
1655
20312
20316
20317
20318
1654
6808
7231
7233
7236
20313
20315
20317
20318
17452
17453
17455
17891
17892
17893
17940
17941
17942
20305
20306
20307
1654
1655
6810
20312
20313
20314
6812
20307
20308
20310
20311
1660
3272
3278
3284
20323
20324
20326
20327
20328
20329
20333
20334
3285
20320
20321
3275
3281
20324
20325
1668
3277
3289
20329
20330
20331
1898
3283
3290
20319
20321
20322
20854
20855
33340
1665
1666
1667
1665
1666
1665
1667
3286
3287
3288
17953
17954
17956
18476
18477
18479
1666
1667
17946
17948
17950
17968
17969
17970
3296
3300
20335
20336
1704
3330
3335
20337
20338
3355
7338
8521
8522
8523
1674
1675
6643
7339
1674
1917
3356
20346
20347
20348
20349
20886
20887
20889
23708
23709
23710
1918
6644
20340
20341
20342
3358
7343
8520
8521
8524
8525
3359
6647
7344
8520
8522
8524
8526
20339
20341
20343
20345
23720
23721
23722
3370
3376
3383
20355
20356
20360
20361
20362
20363
20367
20368
20369
20370
20372
20373
3377
20352
20353
3380
3386
20356
20357
20358
3374
3381
20363
20364
20365
3375
3387
20370
20371
1685
1686
1687
1685
1686
1685
1687
3378
3379
3382
17904
17905
17908
1686
1687
17919
17920
17923
17994
17996
17999
1693
1694
20381
20385
20386
20387
1693
6815
7339
7340
7343
20382
20384
20386
20387
17981
17982
17983
17988
17989
17990
18556
18557
18559
20374
20375
20376
1693
1694
6816
20381
20382
20383
6818
20376
20378
20379
20380
1699
1700
1701
1699
1700
1699
1701
3397
3398
3400
17960
17961
17964
1700
1701
17975
17976
17979
18008
18010
18013
3389
3395
3402
20392
20393
20397
20398
20399
20400
20402
20403
20404
20405
20409
20410
3396
20389
20390
3392
3399
20393
20394
20395
3394
3406
20400
20401
1936
3401
3407
20405
20406
20407
1712
1713
20418
20421
20423
20424
1712
6822
7387
7388
7390
20419
20422
20423
20424
18002
18003
18004
18015
18016
18017
18641
18642
18644
20411
20412
20413
1712
1713
6823
20418
20419
20420
6825
20413
20414
20416
20417
3418
7386
8532
8533
8534
1718
1719
6650
7387
1718
1952
3419
20432
20433
20434
20435
20949
20950
20952
23761
23762
23764
1953
6651
20426
20427
20428
3421
7390
8531
8532
8535
8536
3422
6655
7392
8531
8533
8535
8537
20425
20427
20429
20431
23773
23774
23775
3592
7588
8539
8540
8541
1724
1725
6657
7589
2061
6659
20438
20439
20440
1725
2062
3593
20444
20445
20446
20448
21269
21271
21273
24151
24152
24153
3591
6661
7592
8538
8539
8542
8543
20437
20439
20441
20443
24140
24141
24142
3595
7594
8538
8540
8542
8544
1730
1732
20456
20460
20461
20462
1730
6829
7589
7591
7594
20457
20459
20461
20462
1730
1732
6831
17500
17501
17503
18077
18078
18079
18084
18085
18086
20449
20450
20451
6833
20456
20457
20458
20451
20452
20454
20455
3614
3620
3626
20467
20468
20470
20471
20472
20473
20477
20478
20479
20480
20484
20485
3627
20464
20465
3617
3623
20468
20469
1770
3619
3631
20473
20474
20475
2065
3625
3632
20480
20481
20482
1742
1743
1744
1742
1743
1742
1744
1743
1744
3628
3629
3630
18117
18118
18120
18090
18092
18094
18132
18133
18134
1749
1751
20493
20496
20498
20499
1749
6836
7637
7639
7642
20494
20497
20498
20499
1749
1751
6838
18098
18099
18100
18111
18112
18113
19019
19020
19022
20486
20487
20488
6840
20493
20494
20495
20488
20489
20491
20492
1756
1757
1758
1756
1757
1756
1758
1757
1758
3647
3648
3649
18173
18174
18177
18104
18106
18108
18188
18189
18191
3633
3639
3645
20504
20505
20507
20508
20509
20510
20514
20515
20516
20517
20521
20522
3646
20501
20502
3637
3643
20505
20506
1810
3638
3650
20510
20511
20512
2081
3644
3651
20517
20518
20519
3655
7636
8550
8551
8552
1768
1769
6664
7637
6666
20524
20525
20526
1769
3656
20047
20048
20050
20530
20531
20532
20534
24204
24205
24207
3654
6668
7641
8549
8551
8553
8554
20523
20526
20528
20529
24193
24194
24195
3658
7642
8549
8552
8553
8555
3682
3686
20535
20536
1781
3716
3721
20537
20538
1776
1777
1778
1776
1777
1776
1778
1777
1778
3739
3740
3742
17514
17515
17517
18124
18125
18128
18139
18140
18143
18152
18154
18157
1783
3731
3737
3744
20543
20544
20548
20549
20550
20551
20553
20554
3738
20540
20541
3734
3741
20544
20545
20546
3736
3749
20551
20552
2100
3743
3750
20539
20541
20542
21342
21343
1788
1790
20562
20565
20567
20568
1788
6843
7745
7746
7748
20563
20566
20567
20568
1788
1790
6844
18146
18147
18148
18201
18202
18203
19126
19127
19129
20555
20556
20557
6846
20562
20563
20564
20557
20558
20560
20561
1795
1796
1797
1795
1796
1795
1797
1796
1797
3759
3760
3761
18180
18181
18184
19255
19256
19259
18166
18168
18170
18195
18196
18198
1802
1804
20576
20579
20581
20582
1802
6850
7851
7852
7855
20577
20580
20581
20582
1802
1804
6851
18160
18161
18162
18235
18236
18237
19269
19270
19272
20569
20570
20571
6853
20576
20577
20578
20571
20572
20574
20575
1809
3751
3757
3764
20587
20588
20592
20593
20594
20595
20597
20598
3758
20584
20585
1811
3755
3762
20588
20589
20590
3756
3768
20595
20596
2164
3763
3769
20583
20585
20586
21480
21481
33341
3788
3793
20599
20600
3808
3813
20601
20602
3834
7744
8559
8560
8561
1816
1817
6671
7745
1816
2183
3835
20610
20611
20612
20613
21512
21513
21515
24385
24386
24388
2184
6673
20604
20605
20606
3837
7748
8558
8559
8562
8563
3838
6676
7750
8558
8560
8562
8564
20603
20605
20607
20609
24397
24398
24399
3929
7850
8566
8567
8568
1822
1823
6678
7851
1822
3930
20091
20092
20094
20622
20623
20624
20625
24590
24591
24593
6680
20616
20617
20618
3932
7855
8565
8567
8569
8570
3933
6682
7856
8565
8568
8569
8571
20615
20618
20620
20621
24602
24603
24604
1828
20628
3952
17065
20632
20633
20634
1830
3954
17067
20639
20640
20641
3953
3955
17070
20646
20647
6630
20656
20657
1831
3957
6631
16901
20668
20671
20672
20674
3963
16903
20662
20663
20664
3960
3965
16904
20650
20651
20653
20654
20661
20663
20665
20667
24654
24655
24658
3956
3961
6634
20669
20670
20671
1840
1876
3991
8577
1878
3993
8578
1842
6637
20681
20682
1839
4015
6638
17091
20693
20696
20697
20699
1844
4021
17093
20687
20688
20689
4014
4018
6641
20694
20695
20696
4020
4023
17095
20675
20677
20678
20679
20686
20689
20691
20692
24837
24838
24840
1889
4030
8582
1892
4032
8583
20701
4038
16909
20705
20706
20707
4040
16911
20712
20713
20714
4039
4041
16913
20719
20720
1852
1922
4071
20723
20724
20726
20727
20728
20729
20731
20732
1855
4075
20724
20725
1925
4076
20729
20730
4115
4119
8586
1874
4118
4124
20733
20734
20735
1854
1855
1856
4132
18371
18378
1854
1855
18372
1854
1856
2197
18379
18375
18382
4133
18376
20724
20725
20726
20737
20739
20741
20743
25124
25125
25126
2200
4135
18384
20737
20740
20742
20743
25129
25130
25132
1861
1862
4111
4112
4114
17071
18366
18367
18370
20744
20747
20748
20750
1861
1862
17074
17085
1861
4121
4122
4123
17086
19402
19403
19405
20745
20747
20749
20750
1862
18380
18381
18383
20746
20748
20749
20750
17076
17088
18352
18354
18356
17077
18359
18360
18361
18392
18394
18395
19410
19411
19412
20744
20745
20746
1868
1870
20751
20755
20756
20757
1868
7877
7879
7882
17376
20752
20754
20756
20757
1868
1870
17377
1870
3977
3978
3980
18421
18422
18424
20753
20754
20755
20756
17379
18249
18250
18251
20751
20752
20753
4148
4154
18405
20759
20760
20761
18406
20766
20767
4157
18409
20770
20771
20772
4153
18410
20776
20777
20778
1879
1880
4166
18419
20795
20796
20800
20801
1889
18420
20783
20784
20785
1879
1880
1890
2203
17078
17080
17082
17083
21577
21579
21581
4169
18423
20796
20797
20798
1893
18425
20782
20785
20787
20788
2205
4171
20789
20791
20793
20794
21592
21593
21594
1885
1887
20802
20806
20807
20808
1885
4015
4017
4020
6809
17091
17095
17096
17097
20803
20805
20807
20808
1885
1887
6810
17092
17094
17096
17097
7890
7891
7892
8593
8594
8595
17459
17461
17462
18443
18444
18445
6813
18281
18282
18283
20802
20803
20804
8595
8596
8598
8599
1891
1893
4172
18430
20822
20823
20827
20828
18431
20810
20811
20812
1891
1893
17098
17100
17101
17103
20120
20121
20123
4175
20128
20129
20130
20816
20817
20819
20821
4176
18435
20823
20824
20825
18436
20809
20812
20814
20815
4178
4184
18448
20830
20831
20832
18449
20837
20838
1900
4183
18453
20841
20842
20843
2227
4188
18454
20848
20849
20850
4205
4210
20853
20854
20855
4231
4235
8603
4234
4239
20857
20858
20859
1905
1906
4227
4228
4230
17111
18501
18502
18505
20861
20864
20865
20867
1905
1906
17105
17114
1905
4237
4238
4240
17106
19496
19497
19500
20862
20864
20866
20867
1906
18515
18516
18518
20863
20865
20866
20867
17108
17116
18487
18489
18492
17117
18494
18495
18496
18527
18529
18530
19504
19505
19506
20861
20862
20863
1911
1912
1913
4254
18506
18513
1911
1912
1914
18507
1911
1913
2250
18514
18510
18517
1915
4256
18512
20868
20870
20872
20874
20876
20877
20878
25485
25486
25487
2252
4257
18519
20868
20871
20873
20874
25490
25491
25493
1938
4298
20875
20876
20878
20879
20880
20881
20883
20884
4301
20876
20877
1942
4303
20881
20882
4306
17126
20886
20887
20888
1956
20893
1958
4308
17128
20897
20898
20899
4307
4309
17131
20904
20905
1924
1925
1926
4340
18576
18583
1924
1925
18577
1924
1926
2256
18584
18580
18587
4341
18581
20729
20730
20731
20908
20910
20912
20914
25679
25680
25681
2259
4342
18589
20908
20911
20913
20914
25684
25685
25687
4361
4365
8609
1973
4364
4370
20915
20916
20917
1933
1934
4357
4358
4360
17132
18571
18572
18575
20919
20922
20923
20925
1933
1934
17135
17154
1933
18585
18586
18588
20920
20922
20924
20925
1934
4367
4368
4369
17155
19552
19553
19555
20921
20923
20924
20925
17137
17138
17157
18608
18610
18612
18597
18599
18600
18615
18616
18617
19560
19561
19562
20919
20920
20921
4389
4392
20926
20927
20928
1940
1941
1942
4417
18661
18668
1940
1942
18662
1940
1941
18669
18665
18672
4418
18673
20930
20932
20934
20936
25925
25926
25928
4419
18667
20881
20882
20883
20930
20933
20935
20936
25930
25931
25932
1947
1948
4440
4441
4443
17139
18656
18657
18660
20937
20940
20941
20943
1947
1948
17142
17174
1947
18670
18671
18674
20938
20940
20942
20943
1948
4450
4451
4452
17175
19597
19598
19601
20939
20941
20942
20943
17144
17145
17177
18693
18695
18697
18682
18684
18685
18700
18701
18702
19605
19606
19607
20937
20938
20939
4444
4448
8615
1996
4447
4453
20944
20945
20946
4461
17147
20949
20950
20951
20956
4463
17149
20960
20961
20962
4462
4464
17151
20967
20968
6644
20977
20978
1959
4466
6645
16916
20989
20992
20993
20995
4472
16917
20983
20984
20985
4469
4474
16919
20971
20972
20974
20975
20982
20984
20986
20988
26115
26116
26119
4465
4470
6648
20990
20991
20992
1975
2011
4500
8624
1977
4502
8625
1967
1969
20996
21000
21001
21002
1967
7934
7936
7939
17390
20997
20999
21001
21002
1967
1969
17391
1969
4486
4487
4488
18760
18761
18763
20998
20999
21000
21001
17393
18714
18715
18716
20996
20997
20998
4506
4512
18744
21004
21005
21006
18745
21011
21012
4515
18748
21015
21016
21017
4510
18749
21021
21022
21023
1978
1979
4524
18758
21040
21041
21045
21046
2021
18759
21028
21029
21030
1978
1979
2022
2321
17160
17162
17164
17165
21696
21698
21700
4527
18762
21041
21042
21043
2024
18764
21027
21030
21032
21033
2323
4529
21034
21036
21038
21039
21711
21712
21713
1984
1985
1987
21047
21051
21052
21053
1984
1985
6823
17166
17170
17171
17172
1984
1988
2597
2599
2601
6824
17167
17169
17171
17172
21048
21050
21052
21053
6857
6858
6859
8629
8630
8631
18648
18650
18651
18771
18772
18773
1991
6827
8630
8633
8634
8635
1992
17480
17481
17482
21047
21048
21049
1991
1993
21054
21057
21059
21060
1991
7961
7963
7966
17397
21055
21058
21059
21060
1991
1993
2031
17398
1993
2033
4559
4560
4562
18792
18793
18794
21056
21057
21058
21059
17400
18803
18804
18805
21054
21055
21056
2035
4530
4536
18776
21062
21063
21064
18777
21069
21070
4533
18780
21073
21074
21075
2338
4540
18782
21080
21081
21082
2002
2003
4548
18790
21098
21099
21103
21104
2004
2045
18791
21086
21087
21088
2002
2003
2046
2347
17180
17182
17184
17185
21723
21724
21726
2005
4552
18795
21099
21100
21101
2047
18796
21085
21088
21090
21091
2348
4553
21092
21094
21096
21097
21731
21732
21733
2059
4573
8639
4575
8640
2010
4596
6658
17186
21123
21125
21127
21128
2061
6659
21111
21112
2063
4603
17188
21117
21118
21119
4599
4602
6662
21124
21125
21126
4601
4605
17190
21105
21107
21108
21109
21116
21118
21120
21122
26528
26529
26531
2021
4612
8644
2025
4614
8645
2017
2019
21130
21134
21135
21136
2017
4596
4598
4601
6830
17186
17190
17191
17192
21131
21133
21135
21136
2017
2019
6831
17187
17189
17191
17192
7974
7975
7976
8646
8647
8648
17507
17508
17510
18871
18872
18873
6834
18835
18836
18837
21130
21131
21132
8648
8649
8651
8652
2023
2024
4620
18858
21150
21151
21155
21156
18859
21138
21139
21140
2023
2024
17193
17195
17196
17197
20172
20173
20175
4623
20180
20181
20182
21144
21145
21147
21149
18863
21137
21139
21141
21143
4624
18864
21151
21152
21153
4626
4632
18876
21158
21159
21160
18877
21165
21166
2067
4631
18881
21169
21170
21171
2364
4636
18882
21176
21177
21178
2034
2035
2037
21181
21185
21186
21187
2034
2035
17411
2034
2038
2617
2619
2621
17412
21182
21184
21186
21187
2035
2624
2625
2627
18892
18893
18895
21183
21184
21185
21186
2041
17414
2042
17487
17488
17489
21181
21182
21183
2041
2043
21188
21191
21193
21194
2041
4668
4670
4673
6837
17206
17209
17211
17212
21189
21192
21193
21194
2041
2043
6838
17207
17210
17211
17212
7997
7998
7999
8656
8657
8658
18903
18904
18905
19026
19027
19029
6841
18924
18925
18926
21188
21189
21190
8658
8659
8661
8662
2047
2049
4644
18890
21208
21209
21213
21214
2059
18891
21196
21197
21198
2047
2049
2380
17213
17215
17216
17218
21764
21765
21767
18894
21195
21197
21199
21201
2060
4648
18896
21209
21210
21211
2381
4649
21202
21204
21206
21207
21772
21773
21774
4650
4656
18908
21216
21217
21218
18909
21223
21224
2090
4655
18913
21227
21228
21229
2390
4660
18914
21234
21235
21236
2058
4668
6665
17206
21257
21259
21261
21262
6666
21245
21246
4675
17208
21251
21252
21253
4672
4674
6669
21258
21259
21260
4673
4677
17209
21239
21241
21242
21243
21250
21253
21255
21256
26753
26754
26757
4684
8669
4686
8670
21265
4692
16924
21269
21270
21271
4694
16925
21276
21277
21278
4693
4695
16928
21283
21284
4705
4710
21287
21288
21289
4731
4735
8675
4734
4739
21291
21292
21293
2072
2073
4726
4728
4730
17226
18978
18980
18982
21295
21298
21299
21301
2072
2073
17200
17229
2072
4737
4738
4740
17202
19769
19770
19773
21296
21298
21300
21301
2073
18993
18994
18996
21297
21299
21300
21301
17204
17231
18965
18967
18970
17232
18972
18973
18974
19005
19006
19008
19777
19778
19779
21295
21296
21297
2078
2079
2080
4754
18984
18991
2078
2079
2097
18985
2078
2080
2399
18992
18988
18995
2098
4755
18990
21302
21304
21306
21308
21332
21333
21334
27001
27002
27003
2401
4756
18997
21302
21305
21307
21308
27006
27007
27009
4801
4807
21309
21310
21311
2086
2087
4816
4818
4820
16929
19063
19065
19067
21313
21317
21318
21319
2086
2087
16932
17220
2086
4827
4828
4830
17222
17748
17749
17751
21314
21316
21317
21319
2087
19078
19079
19081
21315
21316
21318
21319
16934
17224
19050
19052
19055
16935
17756
17757
17758
19057
19058
19059
19090
19091
19093
21313
21314
21315
4821
4825
8681
4823
4829
21320
21321
21322
2094
2095
2096
4838
19069
19076
2094
2095
2180
19070
2094
2096
2456
19077
19073
19080
2181
4839
19075
21324
21326
21328
21330
21502
21503
21504
27246
27247
27248
2458
4840
19082
21324
21327
21329
21330
27251
27252
27254
2102
4886
21331
21332
21334
21335
21336
21337
21339
21340
4889
21332
21333
2106
4891
21337
21338
4905
4908
21341
21342
21343
2104
2105
2106
4932
19146
19153
2104
2106
19147
2104
2105
19154
19150
19157
4933
19158
21345
21347
21349
21351
27446
27447
27449
4934
19152
21337
21338
21339
21345
21348
21350
21351
27451
27452
27453
2111
2112
4955
4957
4959
17247
19140
19142
19144
21352
21355
21356
21358
2111
2112
17250
17269
2111
19155
19156
19159
21353
21355
21357
21358
2112
4966
4967
4968
17271
19839
19840
19843
21354
21356
21357
21358
17252
17253
17273
19178
19180
19182
19167
19168
19170
19185
19186
19187
19847
19848
19849
21352
21353
21354
4960
4964
8686
2132
4963
4969
21359
21360
21361
2120
2121
2123
21363
21367
21368
21369
2120
2121
6844
17261
17265
17266
17267
2120
2125
2713
2715
2717
6845
17262
17264
17266
17267
21364
21366
21368
21369
6863
6864
6865
8690
8691
8692
19133
19134
19136
19192
19193
19194
2127
6848
8691
8694
8695
8696
2129
17530
17531
17532
21363
21364
21365
2127
2128
21370
21373
21375
21376
2127
2128
2141
17418
2127
8035
8037
8040
17419
21371
21374
21375
21376
2128
2143
5136
5137
5139
19213
19214
19215
21372
21373
21374
21375
17421
2145
19342
19343
19344
21370
21371
21372
4977
4983
19197
21378
21379
21380
19198
21385
21386
4980
19201
21389
21390
21391
2469
4987
19203
21396
21397
21398
2137
2139
4995
19211
21414
21415
21419
21420
2155
2187
19212
21402
21403
21404
2137
2139
2156
2471
17275
17277
17278
17280
21855
21856
21858
2157
19216
21401
21403
21405
21407
2188
4999
19217
21415
21416
21417
2472
5000
21408
21410
21412
21413
21863
21864
21865
2144
2145
2147
21421
21425
21426
21427
2144
2145
17425
2144
2149
6867
6869
6871
17426
21422
21424
21426
21427
2145
2734
2735
2736
19224
19225
19227
21423
21424
21425
21426
2151
17428
2153
17537
17538
17539
21421
21422
21423
2151
2152
21428
21431
21433
21434
2151
2152
6851
17281
17284
17286
17287
2151
5156
5158
5161
6852
17282
17285
17286
17287
21429
21432
21433
21434
8041
8042
8043
8700
8701
8702
19235
19236
19237
19276
19277
19279
6855
8701
8703
8704
8706
19367
19368
19369
21428
21429
21430
2157
2159
5001
19222
21448
21449
21453
21454
2194
19223
21436
21437
21438
2157
2159
2489
17295
17297
17298
17300
21896
21897
21899
19226
21435
21437
21439
21441
2195
5005
19228
21449
21450
21451
2490
5006
21442
21444
21446
21447
21904
21905
21906
5007
5013
19240
21456
21457
21458
19241
21463
21464
2179
5011
19245
21467
21468
21469
2492
5017
19246
21474
21475
21476
5059
5063
21479
21480
21481
2169
2170
5088
5090
5092
16936
19290
19292
19294
21483
21487
21488
21489
2169
2170
16939
17289
2169
19305
19306
19308
21484
21486
21487
21489
2170
5099
5100
5102
17291
17787
17788
17790
21485
21486
21488
21489
16941
16942
17293
19328
19330
19333
17795
17796
17797
19317
19318
19320
19335
19336
19337
21483
21484
21485
2175
2176
2177
5071
19296
19303
2175
2176
2180
19297
2175
2177
2501
19304
19300
19307
2182
5073
19302
21490
21492
21494
21496
21507
21508
21509
27851
27852
27853
2503
5074
19309
21490
21493
21495
21496
27856
27857
27859
5093
5097
8711
5095
5101
21497
21498
21499
5119
21501
21502
21504
21505
21506
21507
21509
21510
5123
21502
21503
5124
21507
21508
5127
17256
21512
21513
21514
21519
5129
17257
21523
21524
21525
5128
5130
17260
21530
21531
2194
5150
8717
5152
8718
2193
5156
6679
17282
21552
21554
21556
21557
6680
21540
21541
5163
17283
21546
21547
21548
5160
5162
6683
21553
21554
21555
5161
5165
17285
21534
21536
21537
21538
21545
21548
21550
21551
28157
28158
28161
5172
8722
5174
8723
19390
21560
21561
2199
2200
16951
19391
16953
21565
21566
5190
16955
19394
21559
21560
21562
21563
21564
21566
21567
21569
28244
28245
28247
19395
21559
21561
21562
2220
2276
5222
5239
5243
19435
21571
21572
19436
21577
21578
21579
5244
19439
21584
21585
21586
5242
19440
21591
21592
21593
2213
21597
21598
21599
2210
2760
2761
2763
17086
19402
19404
19407
21605
21607
21608
21610
2210
2212
2215
16957
17087
2212
5265
5266
5268
16959
21606
21608
21609
21610
2217
2765
2767
2770
17090
21597
21600
21602
21603
17543
17544
17545
19417
19418
19419
19464
19465
19467
21604
21605
21606
2219
5277
5278
5281
16960
21599
21601
21602
21603
2217
2218
2219
5234
5235
5237
5284
5285
5286
21597
21599
21603
2217
2218
2229
19437
19438
19441
2217
2219
2218
2219
2231
8055
8056
8058
19443
19445
19448
2233
5247
5248
5251
5295
5296
5297
8066
8067
8070
5264
6880
8727
8728
5267
5270
6882
8732
8733
8734
5289
8053
8739
8740
8741
2225
2243
6728
6729
6731
6732
6886
8054
8752
8754
8756
8757
5290
6786
6887
8748
8749
5292
6888
8057
8738
8739
8742
8744
8747
8749
8750
8751
2246
5288
8059
8753
8754
8755
5306
5311
8762
8763
2232
2233
2234
2235
2775
2776
2778
5330
5331
5332
21611
21613
21617
2232
2233
17548
17549
17552
2232
2234
2237
2233
2234
8075
8076
8079
2239
17554
17556
17559
2788
2789
2792
5341
5342
5344
2241
8086
8087
8090
21611
21612
21613
2239
5309
5310
5312
17106
19496
19498
19501
21619
21621
21623
21624
2239
2241
17107
17578
2241
5351
5352
5354
17580
21620
21622
21623
21624
5314
5316
5319
17110
21611
21614
21616
21617
19471
19472
19473
19489
19490
19492
19511
19512
19513
21618
21619
21620
5363
5364
5367
17581
21613
21615
21616
21617
5335
8073
8765
8766
8767
2245
6733
6734
6736
6737
6900
8074
8778
8780
8782
8783
5336
6787
6901
8774
8775
5338
6902
8077
8764
8765
8768
8770
8773
8775
8776
8777
5334
8078
8779
8780
8781
2254
5350
6907
8787
8788
5353
5356
6909
8792
8793
8794
19523
21626
21627
2252
2253
17322
19524
17324
21631
21632
19527
21625
21626
21628
5388
17327
19529
21625
21627
21628
21629
21630
21632
21634
21635
28605
28606
28608
2298
5400
19540
21637
21638
2258
2259
16952
19541
16953
21642
21643
5416
16956
19544
21636
21637
21639
21640
21641
21643
21644
21646
28677
28678
28680
19545
21636
21638
21639
2280
2331
5456
2265
2266
2267
8103
8104
8106
2265
2266
2265
2267
16958
2266
2267
5487
5488
5491
16959
5494
5495
5496
19424
19425
19428
16961
2272
2273
2274
8121
8122
8124
2272
2273
2272
2274
16964
2273
2274
5505
5506
5509
16966
5512
5513
5514
19567
19568
19571
16967
5485
5492
8109
8800
8801
8802
5486
6880
8807
8808
8809
6881
8110
8814
8815
5489
6883
8113
8799
8800
8803
8805
8806
8808
8811
8812
8813
8814
8816
8817
5503
5510
8127
8825
8826
8827
5504
6920
8832
8833
8834
6921
8128
8839
8840
5507
6922
8131
8824
8825
8828
8830
8831
8833
8836
8837
8838
8839
8841
8842
2287
2288
8104
8105
8108
8122
8123
8126
8849
8852
8853
8854
2287
2288
6893
6926
17314
17315
17319
17320
2506
6894
21647
21648
21651
21927
21928
21929
2507
6927
21654
21655
21658
21930
21931
21932
6895
21647
21649
21650
21653
6928
21654
21656
21657
21660
15623
15624
15625
2294
2295
2296
8159
8160
8162
2294
2295
2294
2296
17628
2295
2296
5566
5567
5569
17630
5573
5574
5575
19612
19613
19615
17631
5528
5535
8145
8857
8858
8859
5529
6907
8864
8865
8866
6908
8146
8871
8872
5532
6910
8149
8856
8857
8860
8862
8863
8865
8868
8869
8870
8871
8873
8874
2305
2306
8140
8141
8144
8160
8161
8164
8881
8884
8885
8886
2305
2306
6913
6940
17328
17329
17333
17334
2508
6914
21661
21662
21665
21933
21934
21935
2509
6941
21668
21669
21672
21936
21937
21938
6915
21661
21663
21664
21667
6942
21668
21670
21671
21674
15630
15631
15632
5564
5571
8165
8889
8890
8891
2312
5565
6947
8896
8897
8898
6948
8166
8903
8904
5568
6949
8169
8888
8889
8892
8894
8895
8897
8900
8901
8902
8903
8905
8906
2350
5612
2324
21675
21676
21677
2317
2856
2857
2859
17155
19552
19554
19557
21683
21685
21686
21688
2317
2319
2325
16965
17156
2319
5652
5653
5655
16966
21684
21686
21687
21688
2328
2864
2865
2868
17159
21675
21678
21680
21681
17611
17612
17613
19574
19575
19576
19652
19653
19655
21682
21683
21684
2329
5664
5665
5668
16968
21677
21679
21680
21681
5629
5633
19630
21690
21691
19631
21696
21697
21698
5634
19634
21703
21704
21705
5632
19635
21710
21711
21712
2328
2329
2330
5624
5625
5627
5674
5675
5676
21675
21677
21681
2328
2329
2328
2330
2358
19632
19633
19636
2329
2330
2360
8187
8188
8190
19638
19640
19643
8198
8199
8202
2362
5637
5638
5641
5685
5686
5687
5651
6920
8915
8916
5654
5657
6923
8920
8921
8922
5678
8185
8927
8928
8929
2336
2373
6744
6745
6747
6748
6933
8186
8940
8942
8944
8945
5679
6794
6934
8934
8935
5681
6935
8189
8926
8927
8930
8931
8933
8935
8936
8937
2376
5683
8191
8941
8942
8943
5699
5701
8950
8951
2343
2344
2345
5714
5715
5717
5761
5762
5763
20151
20153
20157
2343
2344
2343
2345
19671
19672
19674
2344
2345
8211
8212
8214
19677
19679
19682
8222
8223
8226
5727
5728
5730
5772
5773
5774
5719
5723
19669
21717
21718
2380
19670
21723
21724
21725
5721
19673
21730
21731
21732
2382
5724
19675
21737
21738
21739
5738
6947
8954
8955
5741
5744
6950
8959
8960
8961
5765
8209
8966
8967
8968
2355
2392
6751
6752
6754
6755
6953
8210
8979
8981
8983
8984
5766
6795
6954
8973
8974
5768
6955
8213
8965
8966
8969
8970
8972
8974
8975
8976
2395
5770
8215
8980
8981
8982
2361
2362
2363
2365
2902
2903
2904
5807
5808
5809
21743
21744
21749
2361
2362
17651
17652
17655
2361
2363
2366
2362
2363
8230
8231
8234
2369
17657
17658
17661
2914
2915
2918
5818
5819
5821
2370
8241
8242
8245
5786
5791
8989
8990
21743
21744
21745
2369
2370
17201
17663
2369
5789
5790
5792
17202
19769
19771
19774
21751
21753
21755
21756
2370
5831
5832
5834
17665
21752
21754
21755
21756
5794
5796
5799
17205
21743
21746
21748
21749
5839
5840
5843
17666
21744
21747
21748
21749
19705
19706
19707
19723
19724
19726
19784
19785
19786
21750
21751
21752
5812
8228
8992
8993
8994
2375
6756
6757
6759
6760
6960
8229
9005
9007
9009
9010
5813
6796
6961
9001
9002
5815
6962
8232
8991
8992
8995
8997
9000
9002
9003
9004
5811
8233
9006
9007
9008
2403
5830
6967
9014
9015
5833
5836
6969
9019
9020
9021
5855
5859
19729
21758
21759
19730
21764
21765
21766
5857
19734
21771
21772
21773
5860
19735
21778
21779
21780
21784
21785
21786
2387
2388
17221
17684
2387
5879
5880
5882
17222
17748
17750
17752
21792
21794
21795
21797
2388
5918
5919
5921
17686
21793
21794
21796
21797
5884
5886
5889
17225
21784
21787
21789
21790
5926
5927
5930
17687
21785
21788
21789
21790
17763
17764
17765
19744
19745
19746
19755
19756
19758
21791
21792
21793
5875
5881
9028
9029
5899
8252
9031
9032
9033
2394
6763
6764
6766
6767
6980
8253
9046
9048
9050
9051
5900
6617
6981
9040
9041
5902
6982
8256
9030
9031
9034
9036
9039
9041
9042
9043
5898
8258
9047
9048
9049
2460
5917
6994
9053
9054
5920
5923
6996
9058
9059
9060
19796
21799
21800
2401
2402
17336
19797
17338
21804
21805
19800
21798
21799
21801
5958
17341
19802
21798
21800
21801
21802
21803
21805
21806
21808
29553
29554
29556
2412
5970
2408
2409
2410
8297
8298
8300
2408
2409
17705
2408
2410
2409
2410
6029
6030
6032
17707
17708
6036
6037
6038
19854
19855
19857
5991
5998
8283
9065
9066
9067
5992
6967
9072
9073
9074
6968
8284
9079
9080
5995
6970
8287
9064
9065
9068
9069
9071
9073
9076
9077
9078
9079
9081
9082
2419
2420
8277
8279
8281
8297
8299
8301
9089
9092
9093
9094
2419
2420
6973
7004
17342
17343
17347
17348
2510
6974
21809
21810
21813
21939
21940
21941
2511
7005
21816
21817
21820
21942
21943
21944
6975
21809
21811
21812
21815
7006
21816
21818
21819
21822
15637
15638
15639
6027
6034
8303
9097
9098
9099
2461
6028
7011
9104
9105
9106
7012
8304
9111
9112
6031
7013
8307
9096
9097
9100
9101
9103
9105
9108
9109
9110
9111
9113
9114
2430
2431
2432
8315
8316
8318
2430
2431
17685
2430
2432
2431
2432
6054
6055
6057
17686
17688
6061
6062
6063
17770
17771
17772
2437
2438
2439
8333
8334
8336
2437
2438
17726
2437
2439
2438
2439
6072
6073
6075
17728
17729
6079
6080
6081
17802
17803
17804
2444
2445
8315
8317
8319
8333
8335
8337
9121
9124
9125
9126
2444
2445
6987
7024
17356
17357
17361
17362
6988
20241
20242
20243
21823
21824
21827
7025
20244
20245
20246
21830
21831
21834
6989
21823
21825
21826
21829
7026
21830
21832
21833
21836
15644
15645
15646
6052
6059
8321
9129
9130
9131
2460
6053
6994
9136
9137
9138
6995
8322
9143
9144
6056
6997
8325
9128
9129
9132
9133
9135
9137
9140
9141
9142
9143
9145
9146
6070
6077
8339
9154
9155
9156
2505
6071
7038
9161
9162
9163
7039
8340
9168
9169
6074
7040
8343
9153
9154
9157
9158
9160
9162
9165
9166
9167
9168
9170
9171
19821
21838
21839
2458
2459
17350
19822
17352
21843
21844
19826
21837
21838
21840
6116
17354
19827
21837
21839
21840
21841
21842
21844
21846
21847
29696
29697
29699
6128
2474
6172
2466
2467
2468
6208
6209
6210
6252
6253
6254
20203
20204
20209
2466
2467
2466
2468
19878
19879
19881
2467
2468
8366
8367
8369
19884
19885
19888
8377
8378
8381
6220
6221
6223
6263
6264
6265
6193
6195
9180
9181
6213
6217
19876
21849
21850
2489
19877
21855
21856
21857
6215
19880
21862
21863
21864
2491
6218
19882
21869
21870
21871
6232
7011
9184
9185
6235
6238
7014
9189
9190
9191
6256
8364
9196
9197
9198
2479
2494
6774
6775
6777
6778
7017
8365
9209
9211
9213
9214
6257
6800
7018
9203
9204
6259
7019
8368
9195
9196
9199
9200
9202
9204
9205
9206
2497
6261
8370
9210
9211
9212
21875
21876
21877
2485
2486
17290
17727
2485
6300
6301
6303
17291
17787
17789
17791
21883
21885
21886
21888
2486
6339
6340
6342
17728
21884
21885
21887
21888
6308
6309
6312
17294
21875
21878
21880
21881
6347
6348
6351
17730
21876
21879
21880
21881
17809
17810
17811
19926
19927
19928
19930
19931
19933
21882
21883
21884
6279
6283
19911
21890
21891
19912
21896
21897
21898
6281
19916
21903
21904
21905
6284
19917
21910
21911
21912
6302
6305
9221
9222
6322
8384
9224
9225
9226
2496
6781
6782
6784
6785
7031
8385
9239
9241
9243
9244
6323
6627
7032
9231
9232
6325
7033
8388
9223
9224
9227
9228
9230
9232
9233
9234
6327
8390
9240
9241
9242
2505
6338
7038
9246
9247
6341
6344
7041
9251
9252
9253
19950
21917
21918
2503
2504
17351
19951
17352
21922
21923
19955
21916
21917
21919
6365
17355
19956
21916
21918
21919
21920
21921
21923
21925
21926
30212
30213
30215
6385
7047
21927
21928
7063
21930
21931
7058
21933
21934
6602
21936
21937
7085
21939
21940
6618
21942
21943
2516
2517
2518
2531
17437
21966
21967
2516
2517
17438
18320
2529
4103
18321
21946
21947
21948
2517
2518
2532
4104
2530
17442
18323
21945
21947
21949
21950
21959
21960
21962
2534
17443
21945
21948
21949
21951
2522
17437
21952
21953
21956
21957
2522
3261
4081
17431
17433
17435
17436
17439
21952
21955
21957
21958
3262
17441
21953
21954
21955
2530
4082
17442
21959
21961
21963
33342
33343
33344
2527
2528
2531
17437
21966
21968
2527
3266
2527
2528
3268
17440
18342
2528
2533
4042
18343
21971
21972
21973
24889
24890
24892
3269
17441
2534
17443
18344
4092
16599
4093
21959
21960
21961
21966
2534
4097
4107
25028
25029
4098
21970
21971
21972
4100
21965
21966
21967
21968
21969
21972
21973
21974
2538
2540
2547
16908
21982
21983
21986
21987
2538
4038
16909
17451
17452
17455
17456
20305
21982
21984
21986
21988
24879
24880
24883
2538
2540
4203
17451
17453
17455
17457
20307
16912
20308
2549
4039
16913
21983
21984
21985
2550
4204
21975
21978
21979
21981
22015
22017
22019
2545
2546
2547
16908
21995
21996
21999
22000
2545
4040
8593
16911
17458
17459
17462
17463
21995
21997
21999
22001
24885
24886
24888
2545
2546
4232
8595
17458
17461
17462
17464
2549
4041
16913
21996
21997
21998
8596
16914
2551
4233
21989
21991
21992
21994
22022
22024
22026
25394
25395
25396
17444
22008
22009
22012
22013
22014
22015
22018
22019
22021
22022
22025
22026
4212
4242
17446
22003
22004
22009
22010
22011
4213
17448
22015
22016
22017
4243
17450
22022
22023
22024
4209
4273
22028
22029
22030
2569
17471
22034
22035
22036
2557
2558
17472
18549
2557
2570
4334
22047
22048
22050
22052
22092
22093
22094
25648
25649
25651
2573
4335
18550
22041
22042
22043
2572
17476
22033
22034
22037
22038
2574
17477
18552
22033
22035
22037
22039
22040
22042
22044
22045
22103
22104
22106
2569
17471
22054
22055
22056
3377
22061
22062
2563
2564
3379
17473
2564
2571
4043
22099
22100
22101
24894
24895
24897
3380
17475
19999
20000
20002
22053
22054
22057
22058
22060
22062
22063
22064
2572
17476
22053
22056
22058
22059
17471
22067
22068
3385
4319
17465
17467
17469
17470
17474
22072
22075
22077
22078
22079
22081
22083
22085
3386
17475
22073
22074
22075
2574
4320
17477
22080
22081
22082
22087
4311
4338
22091
22092
22093
4044
4312
22098
22099
22100
4314
22086
22087
22088
22089
22090
22092
22094
22095
22097
22100
22101
22102
4330
9302
4331
22103
22104
22105
2578
2579
18372
18374
18375
18577
18579
18580
2578
2580
18379
18380
18382
2579
2580
18584
18585
18587
2581
2581
2581
2585
2586
18507
18509
18510
18662
18664
18665
2585
2587
18514
18515
18517
2586
2587
18669
18670
18672
2588
2588
2588
2593
2594
2595
2594
2595
4395
4421
25853
25854
25856
2593
2594
4292
4396
25551
25552
25554
25860
25861
25863
2593
2595
4293
4422
4294
4397
4423
2607
3479
2601
18035
22116
22118
22120
22122
2606
7962
18037
22116
22119
22121
22122
22123
22125
22127
22129
22148
22149
22150
2601
2608
7963
22123
22126
22128
22129
2607
18039
22117
22118
22119
2610
22109
22111
22113
22115
2611
7964
22124
22125
22126
4463
8629
22131
22132
22133
2609
4571
8631
22137
22138
2610
8632
22142
22143
22144
3487
4564
22148
22149
3488
9306
2610
4567
9314
9315
9316
9317
17478
17480
17482
17483
21048
4572
21049
22152
22153
22154
9308
9309
9310
9311
21050
22142
22144
22147
22151
22153
22155
22156
4569
9315
2628
6529
9318
9319
3558
4555
6530
22159
22160
22161
2630
3560
6533
22166
22167
22168
4556
6534
9321
9322
2628
2631
6529
22173
22174
22175
2620
2621
6531
18063
2620
2629
4669
18065
22179
22181
22183
22185
22205
22206
22207
2621
2632
4670
22179
22182
22184
22185
2630
6533
18067
22172
22173
22176
22177
22209
22211
22212
2634
6535
22172
22174
22176
22178
2635
4671
22180
22181
22182
2631
6529
22187
22188
22189
2627
4559
6532
22197
22199
22201
22203
2627
2633
4685
9324
9325
9326
9327
26775
26776
26778
4561
6534
22198
22199
22200
2634
6535
22186
22188
22190
22192
9328
3564
4678
22204
22205
22206
3565
22209
22210
22211
22215
22216
22217
2634
4680
17485
17487
17489
17490
21182
22221
22223
22224
22225
2634
4687
9335
9336
9337
9338
17485
17488
17489
17491
21183
26786
26787
26789
21184
22214
22215
22219
22220
4682
22222
22223
2639
2641
2648
16922
22233
22234
22237
22238
2639
4692
16924
17499
17500
17503
17504
20449
22233
22235
22237
22239
26795
26796
26799
2639
2641
4703
17499
17501
17503
17505
20451
16926
20452
2650
4693
16928
22234
22235
22236
2651
4704
22226
22229
22230
22232
22266
22268
22270
26833
26834
26835
2645
2647
2648
16922
22246
22247
22250
22251
2645
4694
8646
16925
17506
17507
17510
17511
22246
22248
22250
22252
26801
26802
26804
2645
2647
4732
8648
17506
17508
17510
17512
8649
16927
2650
4695
16928
22247
22248
22249
2652
4733
22240
22242
22243
22245
22273
22275
22277
26910
26911
26912
17492
22259
22260
22263
22264
22265
22266
22269
22270
22272
22273
22276
22277
4712
4742
17495
22254
22255
22260
22261
22262
4713
17497
22266
22267
22268
4743
17498
22273
22274
22275
2656
2657
18985
18986
18988
19147
19148
19150
2656
2658
18992
18993
18995
2657
2658
19154
19155
19157
2659
2659
2659
2663
2664
19070
19071
19073
19297
19298
19300
2663
2665
19077
19078
19080
2664
2665
19304
19305
19307
2666
2666
2666
3656
4770
22279
22280
22281
4772
9345
4675
4776
22285
22286
22287
4778
9347
2672
4709
4862
22289
22290
22291
4716
4876
2677
2678
2679
17513
2678
2679
4911
4937
2677
2678
4881
4912
17516
27394
27395
27397
2677
2679
4882
4938
4883
17518
4913
17519
4939
2684
2685
2699
2703
16943
22294
22295
22298
22299
22309
22310
22312
2684
2685
16944
18173
2684
2700
18175
22294
22296
22298
22300
22314
22315
2685
2704
5116
22294
22297
22299
22300
22322
22323
22324
28006
28007
28009
2702
16947
18176
2706
16948
2690
2691
2699
2708
16943
22301
22302
22305
22306
22309
22311
22313
2690
2691
16945
18180
19255
2690
2701
18182
22301
22303
22305
22307
22317
22318
2691
2709
5118
19257
22301
22304
22306
22307
28011
28012
28014
2702
16947
18183
2711
16949
19258
2696
2697
2698
2703
2708
16943
2696
2697
16946
2696
2698
2705
5120
2697
2698
2710
5121
2706
16948
2711
16949
2707
2712
5122
22328
22329
22330
22332
22333
22334
28017
28018
28019
22309
22310
22311
3779
22314
3780
22317
3781
22308
22309
22312
22313
22314
22315
22316
22317
22318
22319
2706
22327
22328
22330
4788
5117
22321
22322
22323
2706
4789
5125
17520
17522
17523
22327
22329
22330
28022
28023
28025
4790
22320
22322
22324
22325
22328
22329
2711
22331
22332
22334
2711
5027
17524
17525
17527
2711
5028
5126
17524
17526
17527
22331
22333
22334
28028
28029
28031
5029
22332
22333
2717
18207
22342
22344
22346
22348
2723
8036
18209
22342
22345
22347
22348
22349
22351
22353
22355
22374
22375
22376
2717
2725
8037
22349
22352
22354
22355
2724
18211
22343
22344
22345
2727
22335
22337
22339
22341
2728
8038
22350
22351
22352
2724
3856
5129
8690
22357
22358
22359
2726
5148
8692
22363
22364
2727
8693
22368
22369
22370
3864
5141
22374
22375
3865
9352
2727
5144
9360
9361
9362
9363
17528
17530
17532
17533
21364
5149
21365
22378
22379
22380
9354
9355
9356
9357
21366
22368
22370
22373
22377
22379
22381
22382
5146
9361
2738
6550
9364
9365
3896
5132
6552
22385
22386
22387
2740
3898
6554
22392
22393
22394
5133
6556
9367
9368
2741
6550
22399
22400
22401
2736
5136
6553
22409
22411
22413
22415
2736
2743
5173
9370
9371
9372
9373
28179
28180
28182
2744
6555
22398
22399
22402
22403
5138
6556
22410
22411
22412
6866
9374
3902
5166
6868
22416
22417
22418
3903
6870
22421
22422
22423
6866
22427
22428
22429
2744
5168
6869
17535
17537
17539
17540
21422
22433
22435
22436
22437
2744
5175
9381
9382
9383
9384
17535
17538
17539
17541
21423
28190
28191
28193
6871
21424
22426
22427
22431
22432
5170
6872
22434
22435
3930
5033
22438
22439
22440
5035
9385
5039
5163
22444
22445
22446
5041
9387
2764
22449
22450
2754
2765
5234
21597
22464
22466
22468
22470
2771
5253
21598
22458
22459
22460
2769
5236
22465
22466
22467
2770
2773
21600
22448
22450
22451
22452
22457
22459
22461
22462
2766
4156
5240
22471
22472
22473
2768
4157
22477
22478
2769
5241
9392
9393
2764
22482
22483
22484
5180
18406
22489
22490
22491
2763
2767
18408
22495
22498
22500
22501
2763
2772
5182
22502
22503
22505
22506
22523
22524
22526
28212
28213
28215
2768
18409
22496
22497
22498
2770
2773
22481
22484
22486
22487
22508
22509
22510
2769
2770
19443
2768
2769
18414
19444
22472
22473
22474
2768
2770
18415
18416
22477
22478
22479
22496
22498
22500
22507
22508
22512
22513
9392
9393
9394
19446
22465
22466
22468
22507
22509
22511
22512
22507
22510
22511
22513
5255
21604
22515
22516
22517
5186
21605
22522
22523
22524
9395
9396
9397
9398
21607
22514
22516
22518
22519
22521
22524
22525
22526
2786
2787
17553
22529
22530
22531
2778
5300
17554
22541
22543
22545
22547
2778
2788
5323
22548
22550
22552
22553
5302
17558
22542
22543
22544
2792
17559
22528
22530
22532
22534
2793
22549
22550
2786
17553
22555
22556
4174
5304
17555
22560
22561
22562
4175
17557
22567
22568
22569
5305
17558
22574
22575
2786
2787
9402
9403
2791
5244
9405
9406
9408
2791
2792
9402
9403
9404
17546
22530
22531
22534
22584
22585
22588
22589
2792
5325
22584
22586
22588
22590
2791
2792
5248
17549
5249
22578
22579
22580
5250
9405
9406
9407
17551
22577
22579
22581
22582
17552
22585
22586
22587
4236
5308
22592
22593
2798
4238
19497
22597
22598
22599
2800
5310
19498
22604
22605
22606
2799
2801
19499
22611
22612
4246
5375
22616
22617
22618
5377
9415
5321
5381
22622
22623
22624
5383
9417
2806
2807
2808
16950
2806
2807
16953
17560
17561
17562
2806
2808
5189
5473
17560
17561
17563
28240
28241
28837
28838
28840
2807
2808
5415
5474
17560
17562
17563
28673
28674
28843
28844
28846
5190
16955
28245
28246
28248
5416
16956
28678
28679
28681
5475
16959
22628
22629
22630
2817
15660
15661
15664
6894
9425
9426
9429
20217
20218
20219
2814
2818
5278
5279
5280
9419
9420
9421
9424
16960
22629
22631
22633
22634
2814
6895
9426
9427
9428
9431
16961
22630
22632
22633
22634
2819
6896
16962
22635
22638
22640
22641
2822
6899
20220
20221
20222
22636
22637
22638
2818
2821
2823
6886
6888
6889
6891
8054
8056
8057
3031
8061
8062
8063
9432
9433
9436
15661
15664
15666
15716
15717
15718
2819
8067
8068
8069
9433
9434
9435
9437
2821
15422
22649
22651
22653
22654
2827
3032
15424
22643
22644
22645
23226
23227
23228
2828
15426
22642
22644
22646
22647
3033
15428
22650
22651
22652
23229
23230
23231
2825
2828
6900
6902
6903
6906
8074
8076
8077
2831
8081
8082
8083
9439
9440
9443
15611
15612
15613
15668
15671
15672
2826
2833
8087
8088
8089
9440
9441
9442
9445
2828
2835
15432
22663
22665
22668
22669
15434
20223
20224
20225
22657
22658
22659
15436
22656
22658
22661
22662
2836
15438
20226
20227
20228
22664
22665
22666
17580
22670
22671
22672
3034
15667
15668
15671
3035
6914
9452
9453
9456
23232
23233
23234
2835
5364
5365
5366
9446
9447
9448
9450
17581
22671
22673
22675
22676
2835
6915
9453
9454
9455
9457
17582
22672
22674
22675
22676
6916
17583
22677
22680
22681
22682
3036
6919
22678
22679
22680
23235
23236
23237
2842
2848
5584
22684
22685
22686
2846
5524
5607
22688
2847
5525
22692
22693
22694
4428
5588
17601
17606
17607
17608
17609
22702
22705
22706
22707
22708
22711
22713
22714
4429
17603
22703
22704
22705
5590
17605
22709
22710
22711
17599
22716
22717
5608
19611
22722
22723
22724
2847
2848
17602
19612
2847
5609
22688
22689
28959
28961
17604
22692
22694
22696
22715
22716
22719
22720
17605
19614
22684
22686
22687
22715
22717
22718
22719
22721
22723
22725
22726
2863
22729
22730
2852
2864
5624
21675
22744
22746
22748
22750
2870
5643
21676
22734
22735
22736
2868
2872
21678
22728
22729
22731
22732
22733
22735
22737
22738
2869
5626
22745
22746
22747
2863
22752
22753
22754
5426
18745
22759
22760
22761
2859
2865
18747
22765
22768
22770
22771
2859
2871
5428
22772
22773
22775
22776
22803
22804
22806
28726
28727
28729
2867
18748
22766
22767
22768
2868
2872
22751
22754
22756
22757
2866
4514
5630
22777
22778
22779
2867
4515
22783
22784
2869
5631
9468
9469
22788
22789
22790
2868
2869
19638
2867
2868
18753
2867
2869
18754
19639
22778
22779
22780
18755
22766
22768
22770
22783
22784
22785
22787
22788
22792
22793
22787
22789
22791
22792
9468
9469
9470
19641
22745
22746
22748
22787
22790
22791
22793
5645
21682
22795
22796
22797
5432
21683
22802
22803
22804
9471
9472
9473
9474
21685
22794
22796
22798
22799
22801
22804
22805
22806
16966
22808
22809
22810
6927
9476
9477
9480
20229
20230
20231
2881
15674
15675
15678
2878
6928
9477
9478
9479
9482
16967
22809
22811
22813
22814
2878
2882
5665
5666
5667
9483
9484
9485
9488
16968
22810
22812
22813
22814
2883
6929
16969
22815
22818
22820
22821
2886
6932
20232
20233
20234
22816
22817
22818
2882
2885
2921
6933
6935
6936
6938
8186
8187
8189
3038
8193
8194
8195
9489
9490
9493
15675
15678
15680
15721
15722
15723
2883
8199
8200
8201
9490
9491
9492
9494
2885
15442
22829
22831
22833
22834
2925
3039
15445
22823
22824
22825
23238
23239
23240
2926
15447
22822
22824
22826
22827
3040
15448
22830
22831
22832
23241
23242
23243
17630
22836
22837
22838
3041
6941
9496
9497
9500
23244
23245
23246
2895
3042
15681
15682
15685
2892
6942
9497
9498
9499
9501
17631
22837
22839
22841
22842
2892
2896
5752
5753
5754
9503
9504
9505
9507
17632
22838
22840
22841
22842
2897
6943
17633
22843
22846
22847
22848
2900
3043
6946
22844
22845
22846
23247
23248
23249
2896
2899
2935
6953
6955
6956
6958
8210
8211
8213
3044
8217
8218
8219
9509
9510
9513
15682
15685
15686
15726
15727
15728
2897
8223
8224
8225
9510
9511
9512
9514
2899
15452
22857
22859
22861
22862
2939
3045
15455
22851
22852
22853
23250
23251
23252
2940
15457
22850
22852
22854
22855
3046
15458
22858
22859
22860
23253
23254
23255
2913
2920
17656
22865
22866
22867
2904
5780
17657
22877
22879
22881
22883
2904
2914
5803
22884
22886
22887
22889
2918
17661
22864
22865
22868
22869
5782
17662
22878
22879
22880
2919
22885
22886
2920
17656
22891
22892
4622
5784
17659
22896
22897
22898
4623
17660
22903
22904
22905
5785
17662
22910
22911
2913
2920
9518
9519
2917
5634
9521
9522
2917
2918
9518
9519
9520
17649
22865
22867
22869
22920
22921
22924
22925
2918
5805
22920
22922
22924
22926
2917
2918
5638
17652
5639
22914
22915
22916
5640
9521
9522
9523
17654
22913
22915
22917
22918
17655
22921
22922
22923
9524
2923
2926
6960
6962
6963
6966
8229
8231
8232
2929
8236
8237
8238
9526
9527
9530
15616
15617
15618
15689
15692
15693
2924
2931
8242
8243
8244
9527
9528
9529
9532
2926
2933
15459
22934
22936
22939
22940
15461
20235
20236
20237
22928
22929
22930
15463
22927
22929
22932
22933
2934
15465
20238
20239
20240
22935
22936
22937
17665
22941
22942
22943
3047
15688
15689
15692
3048
6974
9539
9540
9543
23256
23257
23258
2933
5840
5841
5842
9533
9534
9535
9537
17666
22942
22944
22946
22947
2933
6975
9540
9541
9542
9544
17667
22943
22945
22946
22947
6976
17668
22948
22951
22952
22953
3049
6979
22949
22950
22951
23259
23260
23261
2937
2940
6980
6982
6983
6985
8253
8255
8256
2943
3050
8260
8261
8262
9546
9547
9550
15696
15699
15700
15731
15732
15733
2938
2945
8266
8267
8268
9547
9548
9549
9551
2940
2947
15469
22962
22964
22966
22967
3051
15471
22956
22957
22958
23262
23263
23264
15473
22955
22957
22959
22960
2948
3052
15475
22963
22964
22965
23265
23266
23267
17686
22969
22970
22971
3053
15695
15696
15699
3054
6988
9559
9560
9563
23268
23269
23270
2947
5927
5928
5929
9553
9554
9555
9557
17687
22970
22972
22974
22975
2947
6989
9560
9561
9562
9564
17688
22971
22973
22974
22975
6990
17689
22976
22979
22980
22981
3055
6993
22977
22978
22979
23271
23272
23273
4736
5788
22984
22985
2953
4738
19770
22989
22990
22991
2955
5790
19771
22996
22997
22998
2954
2956
19772
23003
23004
4746
5945
23008
23009
23010
5947
9571
5801
5951
23014
23015
23016
5953
9573
17707
23020
23021
23022
3058
7005
9575
9576
9579
23274
23275
23276
2965
3059
15702
15703
15706
2962
7006
9576
9577
9578
9580
17708
23021
23023
23025
23026
2962
2966
6242
6243
6244
9582
9583
9584
9586
17709
23022
23024
23025
23026
2967
7007
17710
23027
23030
23031
23032
2970
3060
7010
23028
23029
23030
23277
23278
23279
2966
2969
2971
7017
7019
7020
7022
8365
8366
8368
3061
8372
8373
8374
9588
9589
9592
15703
15706
15707
15738
15739
15740
2967
8378
8379
8380
9589
9590
9591
9593
2969
15479
23041
23043
23045
23046
2975
3062
15482
23035
23036
23037
23280
23281
23282
2976
15484
23034
23036
23038
23039
3063
15485
23042
23043
23044
23283
23284
23285
2973
2976
7031
7033
7034
7036
8385
8386
8388
2980
3064
8392
8393
8394
9595
9596
9599
15710
15713
15714
15741
15742
15743
2974
2982
8398
8399
8400
9596
9597
9598
9600
2976
2983
15489
23055
23057
23059
23060
3065
15492
23049
23050
23051
23286
23287
23288
15494
23048
23050
23052
23053
2984
3066
15495
23056
23057
23058
23289
23290
23291
17728
23062
23063
23064
3067
7025
9602
9603
9606
23292
23293
23294
3068
15709
15710
15713
2983
7026
9603
9604
9605
9607
17729
23063
23065
23067
23068
2983
6348
6349
6350
9609
9610
9611
9613
17730
23064
23066
23067
23068
7027
17731
23069
23072
23073
23074
3069
7030
23070
23071
23072
23295
23296
23297
2990
2996
17768
23081
23082
23085
23086
23087
23088
23091
23092
23094
23095
23098
23099
17769
23077
23078
2994
3000
23082
23083
23084
2995
6114
17773
23088
23089
23090
3001
6127
17774
23095
23096
23097
2993
2995
17747
23108
23109
23112
23113
2993
6110
17749
17754
17756
17758
17759
21314
23108
23111
23113
23114
29676
29677
29679
2993
2995
6117
17754
17757
17758
17760
21315
17751
21316
6111
17753
23109
23110
23111
6118
23088
23089
23091
23101
23104
23105
23107
29708
29709
29710
2999
3001
17747
23122
23123
23126
23127
2999
6112
17750
17761
17763
17765
17766
21792
23122
23125
23127
23128
29682
29683
29685
2999
3001
6133
17761
17764
17765
17767
21793
17752
21794
6113
17753
23123
23124
23125
6134
23095
23096
23098
23115
23118
23119
23121
29740
29741
29742
3007
3013
6144
23129
23130
23131
3011
5987
6167
23133
3012
5988
23137
23138
23139
4944
6148
17777
17782
17783
17784
17785
23147
23149
23151
23152
23153
23156
23158
23159
4945
17779
23148
23149
23150
6150
17781
23154
23155
23156
17775
23161
23162
6168
19853
23167
23168
23169
3012
3013
17778
19854
3012
6169
23133
23134
29854
29856
17780
23137
23139
23141
23160
23161
23164
23165
17781
19856
23129
23131
23132
23160
23162
23163
23164
23166
23168
23170
23171
3019
3025
17800
23178
23179
23182
23183
23185
23186
23189
23190
23191
23192
23195
23196
17801
23174
23175
3023
6363
17805
23179
23180
23181
3024
3029
23186
23187
23188
3030
6384
17806
23192
23193
23194
3022
3023
17786
23205
23206
23209
23210
3022
3023
6366
17793
17795
17797
17798
21484
3022
6379
17788
17793
17796
17797
17799
21485
23205
23208
23210
23211
30273
30274
30276
17790
21486
6367
23179
23180
23182
23198
23200
23202
23203
30224
30225
30226
6380
17792
23206
23207
23208
3028
3030
17786
23219
23220
23223
23224
3028
6381
17789
17807
17809
17811
17812
21883
23219
23222
23224
23225
30279
30280
30282
3028
3030
6394
17807
17810
17811
17813
21884
17791
21885
6382
17792
23220
23221
23222
6395
23192
23194
23196
23212
23215
23216
23218
30300
30301
30302
15716
15717
7050
23226
23227
7052
23229
23230
15719
7058
23232
23233
7060
23235
23236
5543
7062
9272
9649
9650
15721
15722
7070
23238
23239
7071
23241
23242
6602
23244
23245
3044
15724
3046
6604
23247
23248
15726
15727
3051
7075
23250
23251
7076
23253
23254
15729
7085
23256
23257
7087
23259
23260
3053
15731
15732
6614
23262
23263
3055
6616
23265
23266
15734
7091
23268
23269
7093
23271
23272
5900
6617
9685
6006
7097
9281
9702
9703
6618
23274
23275
3061
15736
3063
6620
23277
23278
15738
15739
3065
7099
23280
23281
7100
23283
23284
3068
15741
15742
6622
23286
23287
3069
6623
23289
23290
7106
23292
23293
15744
7108
23295
23296
6323
6627
9721
3076
3254
9738
9739
9740
3078
3257
9744
3077
3084
3260
23298
23299
23300
3078
3263
9746
3091
9749
9750
9751
7284
9755
9756
9757
3093
7285
9762
9763
9764
7287
9775
9776
3091
9782
3088
3094
9784
9785
9786
3089
3106
23304
23305
3090
23308
23309
23310
3952
20291
23314
23315
23316
3093
20292
23321
23322
23323
3095
20294
23307
23309
23311
23312
23313
23315
23317
23318
23320
23323
23324
23326
7124
9797
9798
3110
7126
9802
9803
9804
7128
9809
9810
9811
3111
7129
9816
9817
9818
7124
9823
9824
9825
9830
9831
9832
3095
7127
9836
9839
9840
9842
20299
3095
9762
9763
9766
9843
9846
9847
9849
20300
23322
23323
23326
7128
9837
9838
9839
7130
9822
9825
9827
9828
20301
3100
9850
3098
3118
9851
9852
7175
9856
9857
9858
3103
3104
3108
3113
23334
23335
23338
23339
23358
23359
23361
3109
9866
9867
9868
3103
3104
3119
7144
7146
7148
7150
3120
23328
23329
23330
3112
9865
9867
9869
9871
3115
3123
23327
23330
23332
23333
3108
3113
6628
23341
23342
23343
3111
6633
23348
23349
23350
3116
3956
6634
9875
9876
3112
7151
9895
9896
9900
9901
23341
23342
23345
23353
23354
23355
23356
9880
9881
9882
7153
9887
9888
9889
7156
9896
9897
9898
7157
9879
9881
9883
9885
9886
9889
9891
9892
17862
23358
23359
23360
3131
3966
17865
23365
23366
23367
3133
9902
9903
9904
9905
17867
23357
23359
23361
23363
23364
23366
23368
23369
3967
17868
23372
23373
3121
3123
3130
7174
9922
9923
9927
9928
7175
9909
9910
9911
3121
3123
7163
7165
7167
7169
9916
9917
9918
7178
9908
9910
9912
9914
3132
7179
9923
9924
9925
3133
9915
9918
9920
9921
3128
3130
7174
17001
23382
23383
23385
23386
23387
23388
23391
23392
3128
3146
3973
7170
7171
7172
7173
17003
23387
23389
23391
23393
24671
24672
24675
3147
7177
23378
23379
3132
7179
23383
23384
3148
7180
17006
23377
23379
23380
23381
3134
3974
17007
23388
23389
23390
3133
17869
23406
23407
23409
23410
23411
23412
23415
23416
3982
17872
23400
23401
23402
23407
23408
17874
23394
23396
23397
23398
23399
23401
23403
23404
3983
17875
23412
23413
23414
3136
3139
9933
9934
7204
9938
9939
9940
3157
9947
3142
3144
3151
7203
9962
9963
9967
9968
7204
9949
9950
9951
3142
3144
3158
7192
7194
7196
7198
3159
9956
9957
9958
7208
9948
9950
9952
9954
3153
7209
9963
9964
9965
3154
3161
9955
9958
9960
9961
3148
3151
7203
17008
23423
23424
23426
23427
23428
23429
23432
23433
3148
3998
7199
7200
7201
7202
17010
23428
23430
23432
23434
24751
24752
24755
7206
23419
23420
7207
17013
23418
23419
23421
23422
3153
7209
23424
23425
3155
3999
17014
23429
23430
23431
3154
17876
23447
23448
23450
23451
23452
23453
23456
23457
3171
4007
17879
23441
23442
23443
23448
23449
3172
17881
23435
23437
23438
23439
23440
23442
23444
23445
4008
17882
23453
23454
23455
3160
3161
3165
3170
23466
23467
23470
23471
23490
23491
23493
3166
9974
9975
9976
3160
3161
7211
7213
7215
7217
23460
23461
23462
3168
9973
9975
9977
9979
3172
23459
23462
23464
23465
3165
3170
6635
23473
23474
23475
3169
3176
6640
23480
23481
23482
3173
4014
6641
9983
9984
3168
7218
10003
10004
10007
10008
23473
23474
23477
23485
23486
23487
23488
9988
9989
9990
3182
7220
9995
9996
9997
7223
9987
9989
9991
9993
9994
9996
9998
9999
3183
7224
10004
10005
10006
17883
23490
23491
23492
4024
17886
23497
23498
23499
10010
10011
10012
10013
17888
23489
23491
23493
23495
23496
23498
23500
23501
4025
17889
23504
23505
3186
10018
3184
3189
10020
10021
10022
3183
23509
23510
3185
23513
23514
23515
4038
20305
23519
23520
23521
3188
3193
20306
23526
23527
23528
3190
20309
23512
23514
23516
23517
23518
23520
23522
23523
23525
23528
23529
23530
7230
10033
10034
7232
10038
10039
10040
7234
10045
10046
10047
7235
10052
10053
10054
7230
10059
10060
10061
3195
10066
10067
10068
3190
7233
10072
10075
10076
10078
20313
3190
3197
10079
10082
10084
10085
10110
10111
10113
20314
23527
23528
23530
7235
10073
10074
10075
7236
10058
10061
10063
10064
20315
3196
3273
10086
10087
10088
3198
3275
10092
3197
3279
23532
23533
23534
3198
3281
10094
10097
10098
10099
7298
10103
10104
10105
7299
10110
10111
10112
7300
10123
10124
3212
3240
10130
10131
10132
3210
3215
10137
10138
10139
3216
3218
3244
10143
10144
10145
3213
3255
10153
10154
10155
3210
3215
10160
10161
3217
3258
10165
10166
10167
3266
23552
23553
3208
3209
3214
3267
17898
17899
23558
23559
3216
3218
17900
23546
23547
23549
23550
23557
23559
23560
23561
23563
23565
23566
3217
3270
20271
20272
23546
23548
23549
23551
23553
23554
23555
10172
10173
10174
3216
10131
10132
10134
10178
10180
10182
10183
17911
3217
10154
10155
10157
10178
10181
10182
10184
17933
3216
3217
17913
17934
10179
10180
10181
10143
10144
10146
10171
10173
10175
10177
17915
10165
10167
10168
10171
10174
10176
10177
17936
3250
23563
23564
23565
3232
3241
10188
10189
10190
3230
3235
10195
10196
10197
3236
3238
3245
10201
10202
10203
3233
3371
10211
10212
10213
3230
3235
10218
10219
3237
3374
10223
10224
10225
3377
23582
23583
3228
3229
3234
3378
17905
17906
23588
23589
3236
3238
17907
23576
23577
23579
23580
23587
23589
23590
23591
23593
23595
23596
3237
3381
20273
20274
23576
23578
23579
23581
23583
23584
23585
10230
10231
10232
3236
10189
10190
10192
10236
10238
10240
10241
17918
3237
10212
10213
10215
10236
10239
10240
10242
17995
3236
3237
17920
17996
10237
10238
10239
10201
10202
10204
10229
10231
10233
10235
17922
10223
10225
10226
10229
10232
10234
10235
17998
3251
23593
23594
23595
3243
3244
3245
3246
17910
17917
3243
3244
7268
7269
7272
7273
10130
10132
10135
17911
3243
3245
7268
7270
7272
7274
10188
10190
10193
17918
3247
10245
10246
10247
17914
17921
3250
10144
10145
10148
10244
10246
10248
10250
17915
3251
10202
10203
10206
10244
10247
10249
10250
17922
3250
3251
3252
17896
17903
23599
23600
3250
3252
4058
17899
24919
24920
3251
3252
4059
17906
24922
24923
17900
23564
23565
23567
23598
23599
23601
23603
17907
23594
23595
23597
23598
23600
23602
23603
4060
17902
17909
3256
3258
7282
10258
10259
10262
10264
17931
7284
10252
10253
10254
3256
3258
7275
7278
7279
7281
10153
10155
10158
17933
7286
10251
10253
10255
10257
17935
7287
10259
10260
10261
10166
10167
10169
17936
20285
20286
20289
23604
23605
23606
23608
3262
3264
7282
10265
10266
10269
10271
3264
7285
10265
10268
10270
10271
17924
17926
17928
17930
20292
23298
23300
23303
3262
3264
17924
17927
17928
17929
20293
21954
21955
21958
23609
23611
23613
23614
7287
10266
10267
10268
7288
20295
3269
3270
3271
17931
3269
3270
20276
20277
20278
23552
23553
23555
3270
3271
17934
3269
3271
17936
20285
20287
20290
17937
3276
3277
7296
10279
10280
10283
10285
17945
7298
10273
10274
10275
3276
3277
3294
7289
7292
7293
7295
10318
10320
10322
17947
7300
10280
10281
10282
7301
10272
10275
10276
10278
17949
3296
10331
10332
10333
17951
20329
20330
20333
23616
23617
23618
23620
3282
3283
7296
10286
10287
10290
10292
3282
7299
10286
10289
10291
10292
17938
17940
17942
17943
20306
23532
23534
23537
3282
3283
4203
17938
17941
17942
17944
20307
7300
10287
10288
10289
7302
20310
4205
23621
23624
23625
23627
25330
25331
25333
3288
3289
3290
17945
3289
3290
3297
4207
20320
20321
20322
23642
23643
23646
3288
3289
3298
17948
3288
3290
4208
17950
3300
17951
20329
20331
20334
4210
3304
3312
10295
10296
10297
3302
3307
10302
10303
10304
3309
3310
3316
10308
10309
10310
3305
10318
10319
10320
3302
3307
10325
10326
3308
10330
10331
10332
23642
23643
3300
3301
3306
17954
17955
23648
23649
3308
20335
20336
23636
23637
23639
23641
23643
23644
23646
3309
3310
17957
23636
23638
23639
23640
23647
23649
23651
23652
23653
23655
23656
10337
10338
10339
3309
10296
10297
10299
10343
10345
10347
10348
17967
3308
10319
10320
10323
10343
10346
10347
10349
17947
3308
3309
17948
17969
10344
10345
10346
10330
10332
10334
10336
10338
10341
10342
17951
10308
10309
10311
10336
10339
10340
10342
17972
3322
23653
23654
23655
3315
3316
3317
3318
17966
17973
3315
3316
7312
7313
7316
7317
10295
10297
10300
17967
3315
3317
3325
7312
7314
7316
7318
10360
10362
10364
17974
3319
10352
10353
10354
17971
17977
3322
10309
10310
10313
10351
10353
10355
10356
17972
3323
3327
10351
10354
10356
10357
10374
10375
10376
17978
3322
3323
3324
17952
17959
23659
23660
3322
3324
4283
17955
25540
25541
3323
3324
4284
17962
25543
25544
17957
23654
23655
23657
23658
23659
23661
23662
3344
17963
23658
23660
23662
23663
23690
23691
23692
4285
17958
17965
3338
10360
10361
10362
3336
3341
10367
10368
10369
3342
3344
10373
10374
10375
3339
3390
10383
10384
10385
3336
3341
10390
10391
3343
3392
10395
10396
10397
3396
23678
23679
3334
3335
3340
3397
17961
17962
23684
23685
3342
3344
17963
23672
23673
23675
23676
23683
23685
23686
23687
23689
23691
23693
3343
3399
20337
20338
23672
23674
23675
23677
23679
23680
23681
10402
10403
10404
3342
10361
10362
10365
10408
10410
10412
10413
17974
3343
10384
10385
10387
10408
10411
10412
10414
18009
3342
3343
17976
18010
10409
10410
10411
10373
10374
10377
10401
10403
10405
10407
17978
10395
10397
10398
10401
10404
10406
10407
18011
23689
23690
23691
3350
3372
10416
10417
10418
3352
3375
10422
3351
3357
3384
23694
23695
23696
3352
3387
10424
3361
10427
10428
10429
7357
10433
10434
10435
3363
7358
10440
10441
10442
7360
10453
10454
3361
10460
3364
3368
10462
10463
10464
3360
23701
23702
23703
4306
20374
23707
23708
23709
3363
20375
23714
23715
23716
3365
20377
23700
23702
23704
23705
23706
23708
23710
23711
23713
23716
23717
23719
3369
3441
23720
23721
7338
10475
10476
10477
10482
10483
10484
3365
7340
10488
10491
10492
10494
20382
3365
10440
10441
10444
10495
10498
10499
10501
20383
23715
23716
23719
7342
10489
10490
10491
7343
10474
10477
10479
10480
20384
7338
10503
10504
3445
7341
10508
10509
10510
7342
10515
10516
10517
3446
7344
10522
10523
10524
3373
3374
7355
10535
10536
10539
10541
17993
3373
3374
7348
7350
7352
7353
10211
10213
10216
17995
7357
10529
10530
10531
7359
10528
10530
10532
10534
17997
10224
10225
10227
17998
20363
20364
20367
23723
23724
23725
23726
7360
10536
10537
10538
3380
3381
3382
17993
3380
3381
20352
20353
20354
22061
22062
22064
23582
23583
23585
3381
3382
17996
3380
3382
20356
20357
20360
17998
20363
20365
20368
17999
3386
3388
7355
10542
10543
10546
10548
3388
7358
10542
10545
10547
10548
17986
17988
17990
17992
20375
23694
23696
23699
3386
3388
17986
17989
17990
17991
20376
20356
20358
20361
22074
22075
22078
23728
23730
23732
23733
7360
10543
10544
10545
7361
20378
3392
3393
7369
10556
10557
10560
10561
18007
3392
3393
7362
7364
7366
7367
10383
10385
10388
18009
3408
7371
10550
10551
10552
10396
10397
10399
18011
20393
20394
20397
23735
23736
23737
23738
7373
10549
10551
10553
10554
18012
3409
7375
10557
10558
10559
3399
3400
3401
18007
3399
3401
4385
20389
20390
20391
23678
23679
23681
25823
25824
25826
3399
3400
18010
3400
3401
4386
18011
20393
20395
20398
18013
4389
20405
20406
20409
3405
3407
7369
10563
10564
10567
10568
3405
3410
7372
10563
10566
10568
10569
18000
18002
18004
18005
20412
23747
23748
23750
3405
3407
4391
18000
18003
18004
18006
20413
7374
20414
3411
7375
10564
10565
10566
4392
20405
20407
20410
23740
23743
23744
23746
25836
25837
25839
3413
10570
10571
10572
3415
10576
3414
3420
23747
23748
23749
3415
10578
3424
10581
10582
10583
7371
10587
10588
10589
3426
7372
10594
10595
10596
7375
10604
10605
3424
10614
3428
3431
10616
10617
10618
3423
23754
23755
23756
4461
20411
23760
23761
23762
3426
20412
23767
23768
23769
3427
20415
23753
23754
23757
23758
23759
23761
23763
23764
23766
23768
23770
23772
3432
3480
23773
23774
7386
10629
10630
10631
10636
10637
10638
3427
7388
10642
10645
10646
10648
20419
3427
10594
10596
10599
10649
10652
10653
10655
20420
23768
23769
23772
7390
10628
10629
10633
10634
20422
7391
10643
10644
10645
7386
10657
10658
3483
7389
10662
10663
10664
7391
10669
10670
10671
3485
7392
10676
10677
10678
3435
10682
3438
3439
3443
3448
23783
23784
23787
23788
23807
23808
23810
3444
10684
10685
10686
3438
3439
3455
7398
7400
7402
7404
3457
23777
23778
23779
3447
10683
10685
10687
10689
3450
3459
23776
23779
23781
23782
3443
3448
6642
23790
23791
23792
3446
6647
23797
23798
23799
3451
4465
6648
10693
10694
3447
7405
10713
10714
10718
10719
23790
23791
23794
23802
23803
23804
23805
10698
10699
10700
7407
10705
10706
10707
7410
10714
10715
10716
7411
10697
10699
10701
10703
10704
10707
10709
10710
18020
23807
23808
23809
3468
4475
18023
23814
23815
23816
3469
10720
10721
10722
10723
18025
23806
23808
23810
23812
23813
23815
23817
23818
4476
18026
23821
23822
3453
3456
10726
10727
7437
10731
10732
10733
3458
3459
3467
7436
10754
10755
10759
10760
3458
3459
7425
7426
7429
7430
7437
10741
10742
10743
10748
10749
10750
7440
10740
10742
10744
10746
3469
10747
10749
10751
10753
3470
7441
10755
10756
10757
3465
3467
7436
17015
23831
23832
23834
23835
23836
23837
23840
23841
3465
3521
4482
7432
7433
7434
7435
17018
23836
23838
23840
23842
26132
26133
26136
3522
7439
23827
23828
3470
7441
23832
23833
3523
7442
17020
23826
23828
23829
23830
3471
4483
17021
23837
23838
23839
3469
18027
23855
23856
23858
23859
23860
23861
23864
23865
4491
18030
23849
23850
23851
18032
23843
23844
23846
23847
23848
23850
23852
23853
23856
23857
4492
18033
23861
23862
23863
3476
3477
3481
3486
23874
23875
23877
23878
23899
23900
23901
3482
3490
10766
10767
10768
3476
3477
3492
7444
7446
7448
7450
3494
23868
23869
23870
3484
10765
10767
10769
10770
3489
3496
23867
23870
23871
23873
3481
3486
6649
23881
23882
23883
3488
6654
10775
10776
3485
6655
23888
23889
23890
3484
7451
10795
10796
10800
10801
23882
23883
23885
23893
23894
23895
23896
10780
10781
10782
7453
10787
10788
10789
7456
10779
10781
10783
10784
10786
10788
10790
10792
7457
10796
10797
10798
18034
23898
23899
23900
3505
18037
23905
23906
23907
18039
23912
23913
3506
10802
10803
10804
10805
18040
23897
23900
23901
23903
23904
23907
23909
23910
10808
3495
3496
3504
7476
10823
10824
10827
10828
3495
3496
7465
7466
7469
7470
3509
7477
10810
10811
10812
10817
10818
10819
7480
10809
10811
10813
10814
3506
10816
10818
10820
10821
3507
7481
10824
10825
10826
3502
3504
7476
17022
23922
23923
23925
23926
23927
23928
23931
23932
3502
3558
4555
7472
7473
7474
7475
17025
23927
23929
23931
23933
26362
26364
26367
3559
7479
23918
23919
3507
7481
23923
23924
3561
7482
17027
23917
23919
23920
23921
3508
4557
17028
23928
23929
23930
3506
18041
23946
23947
23949
23950
23951
23952
23955
23956
4564
18044
23940
23941
23942
18046
23934
23935
23937
23938
23939
23941
23943
23944
23947
23948
4565
18047
23952
23953
23954
3510
10834
10835
7477
10839
10840
10841
3512
3514
10848
10849
7512
10853
10854
10855
3517
3519
3526
7511
10876
10877
10881
10882
7512
10863
10864
10865
3517
3519
3533
7500
7502
7504
7506
3535
10870
10871
10872
7516
10862
10864
10866
10868
3528
7517
10877
10878
10879
3529
3537
10869
10872
10874
10875
3523
3526
7511
17029
23963
23964
23966
23967
23968
23969
23972
23973
3523
4580
7507
7508
7509
7510
17031
23968
23970
23972
23974
26442
26443
26446
7514
23959
23960
7515
17034
23958
23959
23961
23962
3528
7517
23964
23965
3530
4581
17035
23969
23970
23971
3529
18048
23987
23988
23990
23991
23992
23993
23996
23997
3547
4589
18051
23981
23982
23983
23988
23989
3548
18053
23975
23977
23978
23979
23980
23982
23984
23985
4590
18054
23993
23994
23995
3534
10887
3536
3537
3541
3546
24006
24007
24010
24011
24030
24031
24033
3536
3537
7521
7522
7525
7526
3542
10889
10890
10891
24000
24001
24002
3544
10888
10890
10892
10894
3548
23999
24001
24003
24005
3541
3546
6656
24013
24014
24015
3545
3591
6661
24020
24021
24022
3549
4602
6662
10898
10899
3544
7528
10918
10919
10922
10923
24013
24014
24017
24025
24026
24027
24028
10903
10904
10905
3597
7531
10910
10911
10912
7533
10902
10904
10906
10908
10909
10911
10913
10914
3598
7534
10919
10920
10921
18055
24030
24031
24032
4606
18058
24037
24038
24039
10925
10926
10927
10928
18060
24029
24030
24033
24034
24036
24038
24040
24041
4607
18061
24044
24045
3554
3556
3563
7551
10945
10946
10949
10950
3568
7552
10932
10933
10934
3554
3556
3571
7540
7542
7544
7546
3573
10939
10940
10941
7555
10931
10933
10935
10936
3566
7557
10946
10947
10948
3567
3575
10938
10941
10942
10944
3561
3563
7551
17036
24054
24055
24058
24060
24061
24062
24064
24065
3561
7547
7548
7549
7550
17038
22159
22160
22163
24054
24056
24058
24059
7554
24050
24051
3565
17041
24055
24056
24057
7556
17042
24049
24050
24052
24053
3566
7557
24062
24063
3567
18062
24078
24079
24083
24084
24085
24086
24088
24089
3585
18065
24072
24073
24074
18067
24079
24080
24081
24086
24087
3586
18068
24066
24068
24069
24070
24071
24074
24076
24077
3569
10956
10957
7552
10961
10962
10963
3574
3575
3579
3584
24097
24098
24100
24101
24121
24122
24124
3574
3575
7567
7568
7571
7572
3580
3588
10971
10972
10973
24091
24092
24093
3582
10970
10972
10974
10975
3586
24090
24092
24094
24095
3579
3584
6663
24104
24105
24106
3583
3654
6668
24111
24112
24113
3587
4674
6669
10980
10981
3582
7574
11000
11001
11004
11005
24104
24105
24108
24116
24117
24118
24119
10985
10986
10987
3660
7577
10992
10993
10994
7579
10984
10986
10988
10989
10991
10993
10995
10996
3662
7580
11001
11002
11003
18069
24121
24122
24123
4678
18072
24128
24129
24130
11007
11008
11009
11010
18074
24120
24121
24124
24125
24127
24129
24131
24132
4679
18075
24135
24136
11013
3601
11016
3599
3604
11018
11019
11020
3598
24140
24141
3600
24144
24145
24146
4692
20449
24150
24151
24152
3603
3608
20450
24157
24158
24159
3605
20453
24143
24145
24147
24148
24149
24151
24153
24154
24156
24159
24160
24161
7588
11031
11032
7590
11036
11037
11038
7592
11043
11044
11045
7593
11050
11051
11052
7588
11057
11058
11059
3610
11064
11065
11066
3605
7591
11070
11073
11074
11076
20457
3605
3612
11077
11080
11082
11083
11108
11109
11111
20458
24158
24159
24161
7593
11071
11072
11073
7594
11056
11059
11061
11062
20459
3611
3615
11084
11085
11086
3613
3617
11090
3612
3621
24163
24164
24165
3613
3623
11092
11095
11096
11097
7617
11101
11102
11103
7618
11108
11109
11110
7619
11121
11122
3618
3619
7615
11133
11134
11137
11139
18089
7617
11127
11128
11129
3618
3619
3680
7608
7611
7612
7614
11305
11307
11309
18091
7619
11134
11135
11136
7620
11126
11129
11130
11132
18093
3682
11318
11319
11320
18095
20473
20474
20477
24169
24170
24171
24173
3624
3625
7615
11140
11141
11144
11146
3624
7618
11140
11143
11145
11146
18082
18084
18086
18087
20450
24163
24165
24168
3624
3625
4703
18082
18085
18086
18088
20451
7619
11141
11142
11143
7621
20454
4705
20480
20481
20484
24174
24177
24178
24180
26840
26841
26843
3630
3631
3632
18089
3631
3632
3683
4707
20464
20465
20466
24236
24237
24240
26853
26854
26857
3630
3631
3684
18092
3630
3632
4708
18094
3686
18095
20473
20475
20478
4710
20480
20482
20485
3636
3638
7629
11154
11155
11158
11159
18103
3669
7631
11148
11149
11150
3636
3638
3787
7622
7625
7626
7628
11477
11478
11480
18105
7633
11147
11149
11151
11152
18107
3670
7635
11155
11156
11157
3788
11485
11486
11487
18109
20510
20511
20514
24181
24182
24183
24185
3642
3644
7629
11161
11162
11165
11166
3642
3671
7632
11161
11164
11166
11167
18096
18098
18100
18101
20487
24216
24217
24219
3642
3644
4800
18096
18099
18100
18102
20488
7634
20489
3672
7635
11162
11163
11164
4801
20517
20518
20521
24186
24189
24190
24192
27110
27111
27113
3649
3650
3651
18103
3650
3651
3790
4804
20501
20502
20503
24325
24326
24328
27130
27131
27133
3649
3650
3791
18106
3649
3651
4805
18108
3793
18109
20510
20512
20515
4807
20517
20519
20522
3664
11170
3661
3667
11172
11173
11174
3662
24193
24194
3663
24197
24198
24199
20486
24203
24204
24205
3666
3671
20487
24210
24211
24212
3668
20490
24196
24198
24200
24201
24202
24205
24206
24207
24209
24211
24213
24214
7636
11185
11186
7638
11190
11191
11192
7640
11197
11198
11199
7641
11204
11205
11206
7636
11211
11212
11213
3673
11218
11219
11220
3668
7639
11224
11227
11228
11230
20494
3668
3675
11231
11234
11236
11237
11262
11264
11266
20495
24211
24212
24214
7640
11225
11226
11227
7642
11210
11212
11215
11216
20497
3674
11238
11239
11240
3676
11244
3675
24216
24217
24218
3676
11246
11249
11250
11251
7631
11255
11256
11257
7632
11262
11263
11264
7635
11269
11270
3689
3698
11281
11282
11283
3692
3695
11289
11290
11291
3694
3696
3702
11295
11296
11297
3690
11305
11306
11307
3692
3695
11312
11313
3693
11317
11318
11319
24236
24237
3686
3687
3691
18118
18119
24242
24243
3693
20535
20536
24230
24231
24233
24235
24237
24238
24240
3694
3696
18121
24230
24232
24233
24234
24241
24243
24245
24246
24247
24249
24250
11324
11325
11326
3694
11282
11283
11285
11330
11332
11334
11335
18131
3693
11306
11307
11310
11330
11333
11334
11336
18091
3693
3694
18092
18133
11331
11332
11333
11317
11319
11321
11323
11325
11328
11329
18095
11295
11296
11298
11323
11326
11327
11329
18136
3708
24247
24248
24249
3701
3702
3703
3704
18130
18137
3701
3702
7665
7666
7669
7670
11281
11283
11286
18131
3701
3703
3711
7665
7667
7669
7671
11346
11348
11350
18138
3705
11339
11340
11341
18135
18141
3708
11296
11297
11300
11338
11340
11342
11343
18136
3709
3713
11338
11341
11343
11344
11361
11362
11363
18142
3708
3709
3710
18116
18123
24253
24254
3708
3710
4872
18119
27326
27327
3709
3710
4873
18126
27329
27330
18121
24248
24249
24251
24252
24253
24255
24256
3730
18127
24252
24254
24256
24257
24284
24285
24286
4874
18122
18129
3723
11346
11347
11348
3726
3729
11354
11355
11356
3727
3730
11360
11361
11362
3724
3732
11370
11371
11372
3726
3729
11377
11378
3728
3734
11382
11383
11384
3738
24272
24273
3720
3721
3725
3739
18125
18126
24278
24279
3727
3730
18127
24266
24267
24269
24270
24277
24279
24280
24281
24283
24285
24287
3728
3741
20537
20538
24266
24268
24269
24271
24273
24274
24275
11389
11390
11391
3727
11347
11348
11351
11395
11397
11399
11400
18138
3728
11371
11372
11374
11395
11398
11399
11401
18153
3727
3728
18140
18154
11396
11397
11398
11360
11361
11364
11388
11390
11392
11394
18142
11382
11384
11385
11388
11391
11393
11394
18155
24283
24284
24285
3734
3735
7688
11410
11411
11414
11415
18151
3734
3735
7681
7683
7685
7686
11370
11372
11375
18153
3824
7690
11404
11405
11406
11383
11384
11386
18155
20544
20545
20548
24288
24289
24290
24291
7692
11403
11405
11407
11408
18156
3825
7694
11411
11412
11413
3741
3742
3743
18151
3741
3743
4901
20540
20541
20542
24272
24273
24275
3741
3742
18154
3742
3743
4902
18155
20544
20546
20549
18157
4905
3748
3750
7688
11417
11418
11421
11422
3750
11417
11419
11421
11423
18144
18145
18149
18150
3748
3826
7691
11417
11420
11422
11423
18144
18146
18148
18149
20556
24371
24372
24374
3748
3750
4907
18144
18147
18148
18150
20557
7693
20558
3827
7694
11418
11419
11420
4908
3754
3755
7702
11431
11432
11435
11436
18165
3754
3755
3807
7695
7697
7699
7700
11535
11536
11538
18167
3944
7704
11425
11426
11427
7706
11424
11426
11428
11429
18169
3808
11543
11544
11545
18171
20588
20589
20592
24293
24294
24295
24296
3945
7708
11432
11433
11434
3761
3762
3763
18165
3762
3763
3810
5056
20584
20585
20586
24355
24356
24358
27824
27825
27827
3761
3762
3811
18168
3761
3763
5057
18170
3813
18171
20588
20590
20593
5059
3767
3769
7702
11438
11439
11442
11443
3767
3946
7705
11438
11441
11443
11444
18158
18160
18162
18163
20570
24605
24606
24608
3767
3769
5062
18158
18161
18162
18164
20571
7707
20572
3947
7708
11439
11440
11441
5063
24298
24301
24302
24304
3774
3775
3776
3777
18186
18193
3774
3775
3784
7709
7710
7713
7714
11453
11455
11457
18187
3774
3776
3804
7709
7711
7713
7715
11511
11513
11515
18194
3778
11446
11447
11448
18190
18197
3782
3786
11445
11447
11449
11450
11468
11469
11470
18192
3783
3806
11445
11448
11449
11451
11526
11527
11528
18199
3781
3782
3783
18172
18179
24306
24307
3781
3782
18175
22314
22316
3781
3783
18182
22317
22319
18176
18183
3803
18178
24305
24306
24308
24309
24337
24338
24339
3823
18185
24305
24307
24308
24310
24367
24368
24369
3796
11453
11454
11455
3800
3802
11461
11462
11463
3801
3803
11467
11468
11469
3797
11477
11478
11479
3799
11484
11485
11486
3800
3802
11490
11491
24325
24326
3793
3794
3798
18174
18175
24331
24332
3799
20599
20600
24319
24320
24322
24324
24326
24327
24328
3801
3803
18178
24319
24321
24322
24323
24330
24332
24333
24334
24336
24338
24340
11496
11497
11498
3801
11454
11455
11458
11502
11504
11506
11507
18187
3799
11478
11479
11482
11502
11505
11506
11508
18105
3799
3801
18106
18189
11484
11486
11488
11495
11496
11500
11501
18109
11503
11504
11505
11467
11468
11471
11495
11498
11499
11501
18192
24336
24337
24338
3816
11511
11512
11513
3820
3822
11519
11520
11521
3821
3823
11525
11526
11527
3817
11535
11536
11537
3819
11542
11543
11544
3820
3822
11548
11549
24355
24356
3813
3814
3818
18181
18182
24361
24362
3819
20601
20602
24349
24350
24352
24354
24356
24357
24358
3821
3823
18185
24349
24351
24352
24353
24360
24362
24363
24364
24366
24368
24370
11554
11555
11556
3821
11512
11513
11516
11560
11562
11564
11565
18194
3819
11536
11537
11540
11560
11563
11564
11566
18167
3819
3821
18168
18196
11542
11544
11546
11553
11554
11558
11559
18171
11561
11562
11563
11525
11526
11529
11553
11556
11557
11559
18199
24366
24367
24368
3829
11568
11569
11570
3831
11574
3830
3836
24371
24372
24373
3831
11576
3840
11579
11580
11581
7690
11585
11586
11587
3842
7691
11592
11593
11594
7694
11602
11603
3840
11612
3844
3847
11614
11615
11616
3839
24378
24379
24380
5127
20555
24384
24385
24386
3842
20556
24391
24392
24393
3843
20559
24377
24378
24381
24382
24383
24385
24387
24388
24390
24392
24394
24396
3848
3857
24397
24398
7744
11627
11628
11629
11634
11635
11636
3843
7746
11640
11643
11644
11646
20563
3843
11592
11594
11597
11647
11650
11651
11653
20564
24392
24393
24396
7748
11626
11627
11631
11632
20566
7749
11641
11642
11643
7744
11655
11656
3860
7747
11660
11661
11662
7749
11667
11668
11669
3862
7750
11674
11675
11676
3853
3854
3858
3863
24407
24408
24410
24411
24432
24433
24434
3853
3854
3868
7754
7755
7758
7759
3859
3885
11681
11682
11683
3870
24401
24402
24403
3861
11680
11682
11684
11685
3866
3872
24400
24402
24404
24405
3858
3863
6670
24414
24415
24416
3865
6675
11690
11691
3862
6676
24421
24422
24423
3861
7761
11710
11711
11715
11716
24415
24416
24418
24426
24427
24428
24429
11695
11696
11697
7764
11702
11703
11704
7766
11694
11696
11698
11699
11701
11703
11705
11707
7767
11711
11712
11713
18206
24431
24432
24433
3881
18209
24438
24439
24440
18211
24445
24446
3882
11717
11718
11719
11720
18212
24430
24432
24434
24435
24437
24440
24442
24443
3871
3872
3880
7784
11737
11738
11741
11742
3871
3872
7773
7774
7777
7778
3886
7785
11724
11725
11726
11731
11732
11733
7788
11723
11725
11727
11728
3882
11730
11732
11734
11735
3883
7789
11738
11739
11740
3878
3880
7784
17043
24455
24456
24458
24459
24460
24461
24464
24465
3878
3896
5132
7780
7781
7782
7783
17046
24460
24462
24464
24466
28045
28047
28050
3897
7787
24451
24452
3883
7789
24456
24457
3899
7790
17048
24450
24452
24453
24454
3884
5134
17049
24461
24462
24463
3882
18213
24479
24480
24482
24483
24484
24485
24488
24489
5141
18216
24473
24474
24475
18218
24467
24468
24470
24471
24472
24474
24476
24477
24480
24481
5142
18219
24485
24486
24487
11748
3887
11749
11750
7785
11754
11755
11756
3892
3893
3901
7813
11777
11778
11781
11782
3892
3893
3907
7802
7803
7806
7807
3924
7814
11764
11765
11766
3909
11771
11772
11773
7817
11763
11765
11767
11768
3904
3911
11770
11772
11774
11775
3905
7819
11778
11779
11780
3899
3901
7813
17050
24496
24497
24500
24502
24503
24504
24506
24507
3899
7809
7810
7811
7812
17053
22385
22386
22389
24496
24498
24500
24501
7816
24492
24493
3903
17055
24497
24498
24499
7818
17056
24491
24492
24494
24495
3905
7819
24504
24505
3904
18220
24520
24521
24525
24526
24527
24528
24530
24531
3921
18223
24514
24515
24516
18225
24521
24522
24523
3922
18226
24508
24509
24511
24512
24513
24516
24518
24519
24528
24529
3910
3911
3915
3920
24539
24540
24542
24543
24563
24564
24566
3910
3911
7821
7822
7825
7826
3916
3926
11789
11790
11791
24533
24534
24535
3918
11788
11790
11792
11793
3922
24532
24534
24536
24537
3915
3920
6677
24546
24547
24548
3919
3933
6682
24553
24554
24555
3923
5162
6683
11798
11799
3918
7828
11818
11819
11822
11823
24546
24547
24550
24558
24559
24560
24561
11803
11804
11805
3941
7831
11810
11811
11812
7833
11802
11804
11806
11807
11809
11811
11813
11814
3943
7834
11819
11820
11821
18227
24563
24564
24565
5166
18230
24570
24571
24572
11825
11826
11827
11828
18232
24562
24563
24566
24567
24569
24571
24573
24574
5167
18233
24577
24578
3925
11831
11832
7814
11836
11837
11838
11845
3935
11848
3938
3942
11850
11851
11852
3934
24583
24584
24585
20569
24589
24590
24591
3937
3946
20570
24596
24597
24598
3939
20573
24582
24584
24586
24587
24588
24591
24592
24593
24595
24597
24599
24600
3943
24602
24603
7850
11863
11864
11865
3948
11870
11871
11872
3939
7852
11876
11879
11880
11882
20577
3939
3950
11883
11886
11888
11889
11940
11942
11944
20578
24597
24598
24600
7854
11877
11878
11879
7855
11862
11864
11867
11868
20580
7850
11891
11892
7853
11896
11897
11898
7854
11903
11904
11905
7856
11910
11911
11912
3949
11916
11917
11918
3951
11922
3950
24605
24606
24607
3951
11924
11927
11928
11929
7704
11933
11934
11935
7705
11940
11941
11942
7708
11947
11948
4080
24611
24612
24613
4084
11958
3963
4086
24617
24618
24619
4089
11960
3967
3960
17863
24628
24630
24632
24633
3966
7878
17865
24628
24631
24633
24634
24635
24637
24639
24641
24660
24661
24662
3960
3968
7879
24635
24638
24640
24641
3970
24621
24622
24625
24627
3967
17868
24629
24630
24631
3971
7881
24636
24637
24638
8424
24643
24644
24645
3969
3989
8425
24649
24650
3970
8427
24654
24655
24656
3982
24660
24661
11963
3970
3985
11971
11972
11973
11974
18240
18242
18244
18245
19986
3990
19987
24664
24665
24666
11965
11966
11967
11968
19988
24654
24656
24659
24663
24665
24667
24668
3987
11972
3981
6684
11975
11976
3998
6685
24671
24672
24673
3983
6688
24678
24679
24680
4000
6689
11978
11979
3984
6684
24685
24686
24687
3980
4002
6687
24695
24697
24699
24701
3980
3986
3992
11981
11982
11983
11984
24733
24734
24736
4005
6689
24696
24697
24698
3988
6690
24684
24687
24688
24690
7876
11985
7878
24702
24703
24704
7880
24707
24708
24709
7876
24713
24714
24715
3988
7879
18247
18249
18251
18252
20752
24719
24721
24722
24723
3988
3994
11992
11993
11994
11995
18247
18250
18251
18253
20753
24744
24745
24747
7881
24720
24721
7882
20754
24712
24715
24717
24718
3990
4149
11996
4161
24724
24725
4030
18420
24728
24729
3994
18421
24733
24734
24735
3996
18423
24740
24741
7904
24744
24745
24746
7905
11999
12000
7906
12002
12003
4006
6691
12005
12006
6692
24751
24752
24753
4008
6696
24758
24759
24760
6697
12008
12009
4009
6691
24765
24766
24767
4004
6694
24775
24777
24779
24780
4004
4011
4031
12011
12012
12013
12014
24859
24860
24862
4012
6695
24764
24765
24768
24770
6697
24776
24777
24778
7883
12015
4024
7885
24782
24783
24784
7888
24787
24788
24789
7883
24793
24794
24795
4012
4026
7886
18272
18274
18276
18277
19993
24799
24801
24802
24803
4012
4033
12022
12023
12024
12025
18272
18275
18276
18278
19994
24870
24871
24873
7887
19995
24792
24793
24797
24798
4028
7889
24800
24801
4025
4020
17884
24811
24813
24815
24816
4024
7885
17886
24811
24814
24816
24817
24818
24820
24822
24823
24843
24844
24845
4020
4026
7886
24818
24821
24822
24824
4025
17889
24812
24813
24814
4028
7889
24819
24820
24821
4029
24804
24807
24808
24810
4040
8593
24826
24827
24828
4027
4036
8594
24832
24833
4029
8597
24837
24838
24839
24843
24844
12028
4029
12036
12037
12038
12039
18279
18281
18283
18284
20803
4037
20804
24847
24848
24849
12037
12030
12031
12032
12033
20805
24837
24839
24842
24846
24849
24850
24851
18431
24854
24855
4033
18432
24859
24860
24861
4035
18435
24866
24867
7911
24870
24871
24872
7912
12040
12041
7914
12043
12044
4037
4179
12046
4191
24876
24877
24879
24880
24881
12049
24885
24886
24887
12051
4048
24889
24890
24891
4044
4054
24894
24895
24896
4067
4049
4050
4057
4061
17057
24899
24900
24904
24905
24914
24915
24917
4049
4050
17058
17897
18341
4049
4058
17899
24899
24901
24903
24904
24919
24921
4050
4062
18343
24889
24891
24893
24899
24902
24903
24905
4060
17061
17902
4065
17062
18346
4055
4056
4057
4066
17057
24906
24907
24911
24912
24914
24916
24918
4055
4056
17059
17904
4055
4059
17906
24906
24908
24910
24911
24922
24924
4056
4067
24894
24896
24898
24906
24909
24910
24912
24931
24932
24934
4060
17061
17909
4070
17063
24914
24915
24916
24919
24922
24913
24914
24917
24918
24919
24920
24921
24922
24923
24924
4065
18304
24925
24926
24928
4065
4098
18311
18312
18314
4065
4077
4099
18306
18311
18313
18314
24925
24927
24928
24946
24947
24949
18308
24926
24927
4101
18309
4070
18304
24936
24937
24939
4312
24930
24931
24932
4070
4078
4313
18307
18315
18317
18318
24936
24938
24939
24952
24953
24955
18308
24937
24938
4315
18310
24929
24932
24934
24935
4075
4076
18372
18577
4075
4077
18306
18373
24940
24941
24943
24944
24947
24948
24950
4076
4078
18307
18578
24940
24942
24943
24945
24953
24954
24956
18308
24941
24942
18376
20724
20727
18581
20729
20732
4138
24946
24947
24948
4345
24952
24953
24954
4082
4083
4091
17064
24965
24966
24969
24971
4083
17065
18326
18327
18330
18332
20291
24611
24613
24616
24965
24967
24969
24970
4082
4083
18326
18328
18330
18331
20293
4093
24958
24960
24962
24964
24992
24994
24997
17069
20296
4094
17070
24966
24967
24968
4088
4090
4091
17064
24978
24979
24982
24984
4088
8424
17067
18333
18334
18337
18338
24617
24619
24620
24978
24980
24982
24983
4088
4090
4116
8426
18333
18336
18337
18339
8428
17068
4094
17070
24979
24980
24981
4095
4117
24972
24974
24976
24977
25005
25007
25009
25065
25066
25067
18319
24991
24992
24996
24997
24998
24999
25002
25003
25004
25005
25008
25009
4126
18321
24986
24987
18323
24992
24993
24994
24999
25000
25001
4127
18325
25005
25006
25007
4100
4101
4102
18340
4100
4102
4137
4100
4101
18343
21970
21972
21974
4101
4102
4138
18344
18346
4140
4110
25012
25013
25014
4107
18365
25024
25025
25027
25029
25030
4108
4112
18367
25018
25019
25020
18369
25025
25026
4137
25028
25029
25030
4129
4143
25031
25032
25033
4125
4128
18351
25037
25038
25039
4126
18321
25044
25045
25046
4113
4114
18322
18352
4114
4129
25018
25019
25022
25050
25053
25054
25056
25112
25113
25116
4127
18325
18355
25036
25037
25040
25041
25043
25045
25047
25049
25098
25099
25102
4131
18356
25036
25039
25041
25042
4125
18351
25058
25059
4150
18347
18348
18349
18350
18353
25063
25066
25067
25069
25070
25073
25075
25076
4127
18355
25064
25065
25066
4153
18357
25071
25072
25073
4128
18351
25078
25079
25080
5180
18406
25085
25086
25087
4123
4124
18354
18407
4123
4130
5181
25091
25094
25096
25097
25119
25120
25122
28205
28206
28208
4131
18356
25077
25078
25082
25083
18357
18410
20733
20735
20736
25077
25079
25081
25082
25084
25086
25088
25089
12071
12073
25098
25099
25100
25105
25106
25107
20744
25111
25112
25113
5184
20745
25118
25119
25120
20747
25104
25106
25108
25109
25110
25113
25114
25116
25117
25119
25121
25122
4136
4142
25124
25126
25127
25128
25129
25132
25133
33345
33346
33347
4139
25124
25125
4141
4145
33345
4147
25129
25130
25131
4140
18364
18371
25134
25135
25139
25140
25141
25142
25145
25146
4140
18365
18385
18386
18389
18390
25028
25030
25141
25143
25144
25145
4140
18373
18385
18387
18388
18389
24946
24948
24951
25134
25136
25138
25139
18376
25135
25136
25137
18368
18377
18369
25142
25143
4146
4147
18364
18378
25152
25153
25157
25158
4146
18367
18391
18392
18395
18396
20744
25031
25033
25035
25152
25154
25156
25157
4146
4147
5191
18381
18391
18394
18395
18397
20746
18369
25153
25154
25155
18370
18383
20748
5192
18384
25129
25131
25133
25147
25148
25150
25151
28256
28257
28258
4151
4153
4159
20760
20761
20762
25170
25171
25173
25175
4161
8425
25164
25165
25166
4151
4153
8426
18398
18401
18402
18404
4163
8429
25163
25165
25167
25169
4164
25171
25172
20776
20777
20780
25072
25073
25076
25159
25160
25161
25162
4158
4159
18412
20759
20760
20763
25189
25190
25193
25195
25196
25197
25199
25200
4162
4167
25177
25178
25179
4168
18414
25183
25184
25185
18416
25190
25191
25192
4165
4170
18417
25176
25179
25180
25181
25182
25185
25187
25188
4163
4165
25208
25209
25213
25214
4163
4165
7903
19985
4163
19987
24724
24725
24726
25165
25166
25169
25208
25210
25212
25213
7905
25202
25203
25204
19989
25209
25210
25211
7908
25201
25204
25206
25207
4170
4171
7902
25227
25228
25231
25233
7905
25221
25222
25223
4170
4171
5240
18426
18427
18428
18429
25183
25185
25188
28393
28395
28397
7906
25228
25229
25230
7908
25220
25223
25225
25226
5242
25215
25217
25218
25219
28405
28406
28408
4175
4177
7909
25246
25247
25250
25252
4185
7912
25240
25241
25242
4175
4177
4186
18437
18438
18439
18440
22560
22561
22564
25277
25278
25280
22568
22569
22572
25234
25235
25237
25238
7914
25247
25248
25249
4187
7915
25239
25242
25244
25245
4182
4183
4189
20830
20831
20833
25264
25265
25267
25269
4191
8594
25258
25259
25260
4182
4183
4232
8595
18441
18444
18445
18447
4193
25265
25266
4194
8598
25257
25260
25261
25263
4234
20841
20842
20845
25253
25254
25255
25256
25401
25402
25404
4187
4189
18455
20830
20832
20834
25283
25284
25286
25287
25288
25289
25292
25293
4192
25271
25272
25273
5304
18457
25277
25278
25279
4195
18459
25270
25273
25274
25275
25276
25278
25280
25281
5306
18461
25289
25290
25291
4194
4195
25302
25303
25307
25308
4194
4195
7910
20802
4194
20804
24876
24877
24878
25259
25260
25263
25302
25304
25306
25307
7912
25296
25297
25298
25303
25304
25305
20806
7915
25295
25298
25300
25301
4200
4201
4214
18468
25316
25319
25320
25349
25350
33335
33336
4200
4201
17445
18469
4212
4248
17446
25310
25311
25312
4201
4215
4249
25316
25318
25320
25321
25354
25355
25356
25460
25461
25463
4213
17448
18472
25309
25311
25313
25314
25342
25343
25346
4217
18474
18468
25323
25324
4204
18462
18464
18466
18467
18470
25328
25331
25333
25334
4213
18472
25322
25323
25326
25327
25342
25344
25347
33348
33349
33350
18473
25329
25330
25331
4214
18468
25336
25337
25338
4210
4210
4211
18471
18477
4211
4216
18478
22028
22029
22031
25361
25362
25363
18473
20853
20855
20856
25335
25337
25339
25340
4217
18474
18480
25335
25338
25340
25341
12087
25342
25343
25344
25349
4219
4252
25353
25354
25355
4220
25360
25361
25362
4222
25348
25349
25350
25351
25352
25354
25356
25357
25359
25362
25363
25364
4222
4223
4224
18475
4222
4223
4259
25353
25354
25357
4222
4224
4287
18478
25360
25362
25364
4223
4224
4260
4288
18480
4261
4289
18481
4241
4244
18486
25366
25367
25368
4242
4248
17446
25373
25374
25375
4229
4230
17447
18487
4230
4245
4250
25379
25382
25384
25385
25441
25442
25444
25467
25468
25470
4243
17450
18490
25365
25366
25369
25370
25372
25374
25376
25377
25427
25428
25431
4247
18492
25365
25368
25370
25371
4241
18486
25387
25388
18482
18483
18484
18485
18488
25392
25395
25396
25398
25399
25402
25404
25405
4243
18490
25393
25394
25395
18491
25400
25401
25402
4244
18486
25407
25408
25409
18449
25414
25415
25416
4239
4240
18450
18489
4240
4246
22597
22598
22601
25420
25423
25425
25426
25448
25449
25452
18453
18491
20857
20859
20860
25406
25408
25410
25411
25413
25416
25417
25419
4247
18492
25406
25409
25411
25412
12094
12096
25427
25428
25429
25434
25435
25436
4253
20861
25440
25441
25442
20862
25447
25448
25449
20864
25433
25436
25437
25438
25439
25442
25443
25444
25446
25449
25450
25452
25454
25455
25456
4252
18500
25460
25461
25462
4253
18502
25467
25468
25469
18504
25474
25475
4259
25477
25478
25479
4265
25480
25481
25482
4258
4264
25485
25487
25488
25489
25490
25493
25494
33351
33352
33353
4262
4267
33351
4263
25485
25486
4269
25490
25491
25492
4261
18499
18506
25495
25496
25499
25500
25501
25502
25505
25506
4261
18500
18520
18521
18523
18524
25477
25479
25495
25497
25498
25499
4261
4304
18508
18520
18522
18523
18525
25501
25503
25505
25507
25572
25573
25575
18503
18511
18504
25496
25497
18512
25502
25503
25504
4268
4269
18499
18513
25513
25514
25518
25519
4268
18502
18526
18527
18530
18531
20861
25480
25482
25484
25513
25515
25517
25518
4268
4269
5389
18516
18526
18529
18530
18532
20863
18504
25514
25515
25516
18505
18518
20865
5390
18519
25490
25492
25494
25508
25509
25511
25512
28617
28618
28619
4274
4275
4282
4286
17118
25520
25521
25525
25526
25535
25536
25538
4274
4275
17119
17953
18476
4274
4283
17955
25520
25522
25524
25525
25540
25542
4275
4287
18478
22028
22030
22032
25520
25523
25524
25526
4285
17123
17958
4289
17124
18481
4280
4281
4282
4291
17118
25527
25528
25531
25532
25536
25537
25539
4280
4281
17120
17960
4281
4284
17962
25527
25529
25531
25533
25543
25545
4280
4292
4296
25527
25530
25532
25533
25552
25553
25555
25561
25562
25564
4294
17122
4285
17123
17965
25535
25536
25537
25540
25543
25534
25536
25538
25539
25540
25541
25542
25543
25544
25545
4289
18533
25546
25547
25549
4289
18540
18541
18543
4289
4304
18535
18540
18542
18543
25546
25548
25549
25572
25574
25576
18538
18539
25547
25548
4294
18533
25557
25558
25560
4297
25551
25552
25553
4294
4305
18536
18544
18546
18547
25557
25559
25560
25578
25579
25581
18537
25550
25552
25554
25555
18539
25558
25559
4297
4387
25561
25562
25563
4396
4301
4303
18507
18662
4301
4304
18508
18535
25566
25567
25569
25570
25573
25574
25577
4303
4305
18536
18663
25566
25568
25569
25571
25579
25580
25582
18512
20876
20879
18539
25567
25568
18667
20881
20884
25572
25573
25574
4422
25578
25579
25580
4318
25584
25585
25586
4322
12114
4324
4472
25590
25591
25592
4327
12116
4314
4315
4316
4314
4316
4344
22091
22092
22095
4314
4315
22098
22100
22102
24930
24932
24935
4315
4316
4345
4347
4320
4321
4329
17125
25601
25602
25605
25607
4321
17126
18555
18556
18559
18561
20374
25584
25586
25589
25601
25603
25605
25606
4320
4321
18555
18557
18559
18560
20376
4331
22081
22082
22085
25594
25596
25598
25600
25628
25630
25633
17130
20379
4332
17131
25602
25603
25604
4326
4328
4329
17125
25614
25615
25618
25620
4326
8433
17128
18562
18563
18566
18567
25590
25591
25593
25614
25616
25618
25619
4326
4328
4362
8434
18562
18565
18566
18568
8436
17129
4332
17131
25615
25616
25617
4333
4363
25608
25610
25612
25613
25641
25643
25645
25736
25737
25738
18548
25627
25628
25632
25633
25634
25635
25638
25639
25640
25641
25644
25645
4372
18550
25622
25623
18552
25628
25629
25630
25635
25636
25637
4373
18554
25641
25642
25643
4338
18570
25648
25649
25650
4356
25655
25656
25657
4339
4358
18572
25661
25662
25663
18574
25668
25669
4344
25671
25672
25673
4350
4375
25674
25675
25676
4343
4349
25679
25681
25682
25683
25684
25687
25688
4346
25679
25680
4354
25684
25685
25686
4346
4347
18569
18576
25689
25690
25693
25694
4347
18570
18590
18591
18594
18595
25671
25673
25689
25691
25692
25693
4346
4347
18578
18590
18592
18593
18594
24952
24954
24957
18581
25679
25682
18573
18582
18574
25690
25691
4353
4354
18569
18583
25700
25701
25705
25706
4353
18572
18596
18597
18600
18601
20919
25674
25675
25677
25700
25702
25704
25705
4353
4354
5417
18586
18596
18599
18600
18602
20920
18574
25701
25702
25703
18575
18588
20922
5418
18589
25684
25686
25688
25695
25696
25698
25699
28689
28690
28691
4371
4374
18607
25708
25709
25710
4372
18550
25715
25716
25717
4359
4360
18551
18608
4360
4375
25661
25663
25666
25721
25724
25725
25727
25783
25784
25787
4373
18554
18611
25707
25708
25711
25712
25714
25716
25718
25720
25769
25770
25773
4377
18612
25707
25710
25712
25713
4371
18607
25729
25730
4507
18603
18604
18605
18606
18609
25734
25737
25738
25740
25741
25744
25746
25747
4373
18611
25735
25736
25737
4510
18613
25742
25743
25744
4374
18607
25749
25750
25751
5426
18745
25756
25757
25758
4369
4370
18610
18746
4369
4376
5427
25762
25765
25767
25768
25790
25791
25793
28719
28720
28722
4377
18612
25748
25749
25753
25754
18613
18749
20915
20917
20918
25748
25750
25752
25753
25755
25757
25759
25760
12134
12136
25769
25770
25771
25776
25777
25778
20919
25782
25783
25784
5430
20921
25789
25790
25791
20923
25775
25777
25779
25780
25781
25784
25785
25787
25788
25790
25792
25793
4394
18626
25796
25797
25798
4382
4383
18627
18634
4382
4395
4432
25809
25810
25812
25814
25854
25855
25857
25953
25954
25956
4398
4433
18635
25803
25804
25805
4397
18630
25795
25796
25799
25800
4399
18632
18637
25795
25797
25799
25801
25802
25804
25806
25807
25865
25866
25868
4394
18626
25816
25817
25818
25823
25824
4388
4389
18628
4388
4396
25561
25563
25565
25861
25862
25864
4397
18630
25815
25816
25820
25821
18631
20926
20927
20929
25815
25817
25819
25820
25822
25824
25825
25826
18626
25829
25830
4402
18620
18622
18624
18625
18629
25834
25837
25839
25840
25841
25843
25845
25847
18631
25835
25836
25837
4399
4404
18632
25842
25843
25844
25849
4436
25853
25854
25855
25860
25861
25862
25848
25849
25850
25851
25852
25854
25856
25857
25859
25861
25863
25864
4413
12153
4414
25865
25866
25867
4403
4404
4412
17146
25878
25879
25882
25883
4403
4461
17147
18640
18641
18644
18646
20411
25878
25880
25882
25884
26072
26074
26077
4403
4404
18640
18642
18644
18645
20413
17150
20416
4414
25843
25844
25847
25871
25873
25875
25876
25905
25907
25910
4416
4462
17151
25879
25880
25881
4409
4411
4412
17146
25891
25892
25895
25896
4411
4463
8629
17149
18647
18648
18651
18653
25891
25893
25895
25897
26078
26080
26081
4409
4411
4445
8630
18647
18650
18651
18652
4415
4446
25885
25886
25888
25889
25912
25914
25916
26013
26014
26015
4416
4464
17151
25892
25893
25894
8633
17152
18633
25904
25905
25909
25910
25911
25912
25915
25916
25918
25919
25922
25923
4455
18635
25899
25900
18637
25905
25906
25907
4456
18639
25912
25913
25914
25919
25920
25921
4420
4426
25924
25925
25928
25929
25930
25932
25933
4429
25925
25926
25927
4424
25930
25931
4423
4424
18654
18661
25934
25935
25937
25938
4423
4436
18655
18675
18676
18678
18680
25934
25936
25937
25939
25976
25978
4423
4424
18663
18675
18677
18678
18679
25578
25580
25583
18658
18666
18667
25930
25933
18659
25935
25936
4429
4431
18654
18668
25945
25946
25949
25950
4431
4437
18657
18681
18682
18685
18687
20937
25945
25947
25949
25951
25979
25980
25982
4429
4431
18671
18681
18684
18685
18686
20938
18673
22704
22705
22707
25925
25927
25929
25940
25941
25942
25943
18659
25946
25947
25948
18660
18674
20940
4436
18655
25953
25954
25955
4439
25960
25961
25962
4437
4441
18657
25966
25967
25968
18659
25973
25974
25976
25977
25978
4458
25979
25980
25981
4454
4457
18692
25985
25986
25987
4455
18635
25992
25993
25994
4442
4443
18636
18693
4443
4458
25966
25968
25971
25998
26001
26002
26004
26060
26061
26064
4456
18639
18696
25984
25985
25988
25989
25991
25993
25995
25997
26046
26047
26050
4460
18697
25984
25987
25989
25990
4454
18692
26006
26007
4531
18688
18689
18690
18691
18694
26011
26014
26015
26017
26018
26021
26023
26024
4456
18696
26012
26013
26014
4533
18698
26019
26020
26021
4457
18692
26026
26027
26028
5599
18777
26033
26034
26035
4452
4453
18695
18778
4452
4459
5600
26039
26042
26044
26045
26067
26068
26070
28924
28925
28927
4460
18697
26025
26026
26030
26031
18698
18780
20944
20946
20947
26025
26027
26029
26030
26032
26034
26036
26037
12172
12174
26046
26047
26048
26053
26054
26055
20937
26059
26060
26061
5603
20939
26066
26067
26068
20941
26052
26054
26056
26057
26058
26061
26062
26064
26065
26067
26069
26070
26072
26073
26074
12182
26078
26079
26080
12184
4476
4469
18021
26089
26091
26093
26094
4475
7935
18023
26089
26092
26094
26095
26096
26098
26100
26102
26121
26122
26123
4469
4477
7936
26096
26099
26101
26102
4479
26082
26083
26086
26088
4476
18026
26090
26091
26092
4480
7938
26097
26098
26099
8433
26104
26105
26106
4478
4498
8435
26110
26111
4479
8437
26115
26116
26117
4491
26121
26122
12187
4479
4494
12195
12196
12197
12198
18705
18707
18709
18710
20004
4499
20005
26125
26126
26127
12189
12190
12191
12192
20006
26115
26117
26120
26124
26126
26128
26129
4496
12196
4490
6698
12199
12200
4580
6700
26132
26133
26134
4492
6702
26139
26140
26141
4582
6704
12202
12203
4493
6698
26146
26147
26148
4488
4584
6701
26156
26158
26160
26162
4488
4495
4501
12205
12206
12207
12208
26194
26195
26197
4497
6703
26145
26147
26149
26150
4587
6704
26157
26158
26159
7933
12209
7935
26163
26164
26165
7937
26168
26169
26170
7933
26174
26175
26176
4497
7936
18712
18714
18716
18717
20997
26180
26182
26183
26184
4497
4503
12216
12217
12218
12219
18712
18715
18716
18718
20998
26205
26206
26208
7938
26181
26182
7939
20999
26173
26176
26178
26179
4499
4508
12220
4519
26185
26186
4612
18759
26189
26190
4503
18760
26194
26195
26196
4505
18762
26201
26202
7945
26205
26206
26207
7946
12223
12224
7947
12226
12227
4509
4510
4517
21005
21006
21007
26222
26223
26225
26227
4509
4510
8434
18737
18739
18741
18742
4519
8435
26216
26217
26218
4521
8438
26215
26217
26219
26221
21021
21022
21025
25743
25744
25747
26211
26212
26213
26214
4522
26223
26224
4516
4517
18751
21004
21006
21009
26241
26242
26245
26247
26248
26249
26251
26252
4520
4525
26229
26230
26231
4526
18754
26235
26236
26237
18755
26242
26243
26244
4523
4528
18757
26228
26231
26232
26233
26234
26237
26239
26240
4521
4523
26260
26261
26265
26266
4521
4523
7944
20003
4521
20005
26185
26186
26187
26217
26218
26221
26260
26262
26264
26265
7946
26254
26255
26256
20007
26261
26262
26263
7949
26253
26256
26258
26259
4528
4529
7943
26279
26280
26283
26285
7946
26273
26274
26275
4528
4529
5630
18765
18766
18767
18768
26235
26237
26240
29015
29017
29019
7947
26280
26281
26282
7949
26272
26275
26277
26278
5632
26267
26269
26270
26271
29027
29028
29030
4533
4534
4541
21062
21063
21065
26297
26298
26300
26301
4533
4534
8630
18769
18771
18773
18774
4543
4571
8631
26291
26292
26293
21073
21074
21077
26020
26021
26024
26286
26287
26288
26289
4545
8634
26290
26292
26294
26295
4547
26298
26299
4539
4541
18783
21063
21064
21067
26316
26317
26319
26320
26321
26322
26325
26326
4544
4549
26304
26305
26306
4550
5700
18786
26310
26311
26312
4546
4551
18788
26303
26305
26307
26308
26309
26311
26313
26314
5701
18789
26322
26323
26324
4545
4546
26335
26336
26339
26340
4545
4546
7954
21047
4545
4572
21049
26292
26293
26295
26335
26337
26339
26341
26415
26416
26417
7956
26329
26330
26331
21051
7958
26328
26330
26332
26333
26336
26337
26338
4551
4553
7953
26354
26355
26358
26359
7956
26348
26349
26350
4551
4553
5720
18797
18798
18799
18800
26310
26311
26314
29178
29179
29181
7958
26347
26349
26351
26352
7959
26355
26356
26357
5721
26342
26344
26345
26346
29186
29187
29189
4563
6705
12231
12232
6707
26362
26363
26364
6709
12234
12235
4565
6710
26369
26370
26371
4566
6705
26376
26377
26378
4562
6708
26386
26388
26390
26391
4562
4568
4574
12237
12238
12239
12240
26424
26426
26428
6709
26387
26388
26389
4570
6711
26375
26377
26379
26380
7960
12241
7962
26393
26394
26395
7965
26398
26399
26400
7960
26404
26405
26406
4570
7963
18801
18803
18805
18806
21055
26410
26412
26413
26414
4570
4576
12248
12249
12250
12251
18801
18804
18805
18807
21056
26435
26437
26439
7964
26411
26412
7966
21058
26403
26405
26408
26409
4572
12252
26415
26416
4684
18791
26419
26420
4576
18792
26424
26425
26426
4578
18795
26431
26432
7955
26435
26436
26437
7956
12255
12256
7959
12258
12259
4588
6712
12261
12262
6713
26442
26443
26444
4590
6717
26449
26450
26451
6718
12264
12265
4591
6712
26456
26457
26458
4586
6715
26466
26468
26470
26471
4586
4593
4613
12267
12268
12269
12270
26550
26551
26553
4594
6716
26455
26456
26459
26461
6718
26467
26468
26469
7967
12271
4606
7969
26473
26474
26475
7972
26478
26479
26480
7967
26484
26485
26486
4594
4608
7970
18826
18828
18830
18831
20036
26490
26492
26493
26494
4594
4615
12278
12279
12280
12281
18826
18829
18830
18832
20037
26561
26562
26564
7971
20038
26483
26484
26488
26489
4610
7973
26491
26492
4601
18056
26502
26504
26506
26507
4606
7969
18058
26502
26505
26507
26508
26509
26511
26513
26514
26534
26535
26536
4601
4608
7970
26509
26512
26513
26515
4607
18061
26503
26504
26505
4610
7973
26510
26511
26512
4611
26495
26498
26499
26501
4607
4694
8646
26517
26518
26519
4609
4618
8647
26523
26524
4611
8650
26528
26529
26530
26534
26535
12284
4611
12292
12293
12294
12295
18833
18835
18837
18838
21131
4619
21132
26538
26539
26540
12293
12286
12287
12288
12289
21133
26528
26530
26533
26537
26540
26541
26542
18859
26545
26546
4615
18861
26550
26551
26552
4617
18864
26557
26558
7979
26561
26562
26563
7980
12296
12297
7982
12299
12300
4619
4627
12302
4639
26567
26568
4623
4625
7977
26582
26583
26586
26588
4633
7980
26576
26577
26578
4623
4625
4634
18865
18866
18867
18868
22896
22897
22900
26613
26614
26616
22904
22905
22908
26570
26571
26573
26574
7982
26583
26584
26585
4635
7983
26575
26578
26580
26581
4630
4631
4637
21158
21159
21161
26600
26601
26603
26605
4639
8647
26594
26595
26596
4630
4631
4732
8648
18869
18872
18873
18875
4641
26601
26602
4642
8651
26593
26596
26597
26599
4734
21169
21170
21173
26589
26590
26591
26592
26917
26918
26920
4635
4637
18883
21158
21160
21162
26619
26620
26622
26623
26624
26625
26628
26629
4640
26607
26608
26609
5784
18885
26613
26614
26615
4643
18887
26606
26609
26610
26611
26612
26614
26616
26617
5786
18889
26625
26626
26627
4642
4643
26638
26639
26643
26644
4642
4643
7978
21130
4642
21132
26567
26568
26569
26595
26596
26599
26638
26640
26642
26643
7980
26632
26633
26634
26639
26640
26641
21134
7983
26631
26634
26636
26637
4647
4649
7987
26657
26658
26661
26662
4657
7990
26651
26652
26653
4647
4649
4658
5856
18897
18898
18899
18900
26688
26689
26691
29361
29362
29364
4659
7992
26650
26652
26654
26655
7993
26658
26659
26660
5857
26645
26647
26648
26649
29369
29370
29372
4653
4655
4661
21216
21217
21219
26675
26676
26678
26679
4663
4690
8657
26669
26670
26671
4653
4655
4822
8658
18901
18904
18905
18907
4665
8659
26668
26670
26672
26673
4667
26676
26677
4823
21227
21228
21231
26664
26665
26666
26667
27187
27188
27190
4659
4661
18915
21216
21218
21220
26694
26695
26697
26698
26699
26700
26703
26704
4664
26682
26683
26684
5874
18917
26688
26689
26690
4666
18919
26681
26683
26685
26686
26687
26689
26691
26692
5875
18921
26700
26701
26702
4665
4666
26713
26714
26717
26718
4665
4666
7988
21188
4665
4691
21190
26670
26671
26673
26713
26715
26717
26719
26792
26793
26794
7990
26707
26708
26709
21191
7992
26706
26708
26710
26711
26714
26715
26716
4673
18070
26734
26736
26738
26739
4678
18072
26727
26729
26731
26732
26734
26737
26739
26740
26759
26760
26761
4673
4680
26727
26730
26731
26733
4682
26728
26729
26730
4679
18075
26735
26736
26737
4683
26720
26723
26724
26726
4679
8656
26742
26743
26744
4681
4690
8657
26748
26749
4683
8660
26753
26754
26755
26759
26760
12309
4683
12317
12318
12319
12320
18922
18924
18926
18927
21189
4691
21190
26763
26764
26765
12318
12311
12312
12313
12314
21192
26753
26755
26758
26762
26764
26766
26767
18891
26770
26771
4687
18893
26775
26776
26777
4689
18896
26782
26783
7989
26786
26787
26788
7990
12321
12322
7993
12324
12325
4691
12327
26792
26793
26795
26796
26797
12330
26801
26802
26803
12332
4714
18953
26806
26807
26808
4700
4701
17493
18954
4712
4748
17495
26813
26814
26815
4701
4715
4749
26819
26821
26823
26824
26870
26871
26872
26976
26977
26979
4713
17497
18957
26805
26806
26809
26810
26812
26814
26816
26817
26858
26859
26862
4717
18959
26805
26807
26809
26811
18953
26826
26827
18947
18949
18951
18952
18955
26831
26833
26835
26836
26838
26841
26843
26844
4713
18957
26832
26833
26834
18958
26839
26840
26841
4714
18953
26846
26847
26848
26853
26854
4710
4711
18956
4711
4716
22289
22290
22292
26877
26878
26879
18958
21287
21289
21290
26845
26847
26849
26850
26852
26854
26855
26857
4717
18959
26845
26848
26850
26851
12341
26858
26859
26860
26865
4719
4752
26869
26870
26871
4720
26876
26877
26878
4722
26864
26865
26866
26867
26868
26870
26872
26873
26875
26878
26879
26880
4722
4723
4724
4722
4723
4758
26869
26870
26873
4722
4724
4876
26876
26878
26880
27333
27335
27337
4723
4724
4759
4877
4760
4878
4741
4744
18964
26882
26883
26884
4729
4730
17494
18965
4742
4748
17495
26889
26890
26891
4730
4745
4750
26895
26898
26900
26901
26957
26958
26960
26983
26984
26986
4743
17498
18968
26881
26882
26885
26886
26888
26890
26892
26893
26943
26944
26947
4747
18970
26881
26883
26885
26887
4741
18964
26903
26904
18960
18961
18962
18963
18966
26908
26910
26912
26913
26915
26918
26920
26921
4743
18968
26909
26910
26911
18969
26916
26917
26918
4744
18964
26923
26924
26925
18877
26930
26931
26932
4739
4740
18878
18967
4740
4746
22989
22990
22993
26936
26939
26941
26942
26964
26965
26968
18881
18969
21291
21293
21294
26922
26924
26926
26927
26929
26932
26933
26935
4747
18970
26922
26925
26927
26928
12348
12350
26943
26944
26945
26950
26951
26952
4753
21295
26956
26957
26958
21296
26963
26964
26965
21298
26949
26951
26953
26954
26955
26957
26959
26960
26962
26965
26966
26968
26970
26971
26972
4752
18979
26976
26977
26978
4753
18980
26983
26984
26985
18983
26990
26991
4758
26993
26994
26995
4764
26996
26997
26998
4757
4763
27001
27003
27004
27005
27006
27009
27010
4762
27001
27002
4768
27006
27007
27008
4760
4762
18977
18984
27011
27012
27015
27016
4760
18979
18998
18999
19001
19002
26993
26995
27011
27013
27014
27015
4760
4762
4892
18987
18998
19000
19001
19003
27358
27359
27361
18981
18989
18983
27012
27013
18990
27001
27004
4766
4768
18977
18991
27022
27023
27027
27028
4766
18980
19004
19005
19008
19009
21295
26996
26998
27000
27022
27024
27026
27027
4766
4768
5959
18994
19004
19006
19008
19010
21297
18982
18996
21299
18983
27023
27024
27025
5960
18997
27006
27008
27010
27017
27018
27020
27021
29565
29566
29567
4773
4774
4781
17233
27036
27037
27040
27042
4773
17235
19018
19019
19022
19023
20486
22279
22281
22284
27036
27038
27040
27041
4773
4774
4800
19018
19020
19022
19024
20488
4783
17237
27037
27038
27039
17238
20491
4784
4802
27029
27032
27034
27035
27069
27071
27073
27117
27118
27119
4779
4780
4781
17233
27049
27050
27053
27055
4779
8656
17236
19025
19026
19029
19030
22285
22287
22288
27049
27051
27053
27054
4779
4780
4822
8658
19025
19027
19029
19031
4783
17237
27050
27051
27052
8661
17239
4785
4824
27043
27045
27047
27048
27076
27078
27080
27194
27195
27196
19011
27062
27063
27066
27067
27068
27069
27072
27073
27075
27076
27079
27080
4809
4832
19014
27057
27058
27063
27064
27065
4810
19016
27069
27070
27071
4833
19017
27076
27077
27078
4790
4791
4792
4791
4792
4812
4842
27146
27147
27149
4790
4791
4813
22321
22322
22325
27153
27154
27156
4790
4792
4843
4814
4844
4811
19038
27083
27084
27085
4797
4798
19012
19039
4809
4853
19014
27090
27091
27092
4798
4812
4854
27096
27098
27100
27101
27147
27148
27150
27281
27282
27284
4810
19016
19043
27082
27083
27086
27087
27089
27091
27093
27094
27135
27136
27139
4814
19044
27082
27084
27086
27088
19038
27103
27104
19032
19034
19036
19037
19040
27108
27111
27113
27114
27115
27117
27119
27120
19042
27109
27110
27111
4810
19043
27116
27117
27118
4811
19038
27123
27124
27125
27130
27131
4807
4808
19041
4808
4813
5116
27154
27155
27157
28006
28008
28010
19042
21309
21311
21312
27122
27123
27126
27127
27129
27131
27132
27133
4814
19044
27122
27124
27127
27128
12379
27135
27136
27137
27142
4857
27146
27147
27148
5117
27153
27154
27155
27141
27142
27143
27144
27145
27147
27149
27150
27152
27154
27156
27157
4831
4834
19049
27159
27160
27161
4819
4820
19013
19050
4832
4853
19014
27166
27167
27168
4820
4835
4855
27172
27175
27177
27178
27234
27235
27237
27288
27289
27291
4833
19017
19054
27158
27159
27162
27163
27165
27167
27169
27170
27220
27221
27224
4837
19055
27158
27160
27162
27164
4831
19049
27180
27181
19045
19046
19047
19048
19051
27185
27188
27190
27191
27192
27194
27196
27197
19053
27186
27187
27188
4833
19054
27193
27194
27195
4834
19049
27200
27201
27202
6106
18909
27207
27208
27209
4829
4830
18910
19052
4830
4836
6107
27213
27216
27218
27219
27241
27242
27244
29657
29659
29661
18913
19053
21320
21322
21323
27199
27200
27203
27204
27206
27208
27210
27211
4837
19055
27199
27201
27204
27205
12386
12388
27220
27221
27222
27227
27228
27229
4858
21313
27233
27234
27235
6110
21314
27240
27241
27242
21317
27226
27227
27230
27231
27232
27234
27236
27237
27239
27241
27243
27244
4841
4847
27246
27248
27249
27250
27251
27254
27255
4846
27246
27247
4852
27251
27252
27253
4844
4846
19062
19069
27256
27257
27259
27260
4844
4857
19064
19083
19084
19086
19087
27256
27258
27259
27261
27298
27300
4844
4846
5125
19072
19083
19085
19086
19088
28022
28024
28026
19066
19074
19068
27257
27258
19075
27246
27249
4850
4852
19062
19076
27267
27268
27271
27272
4850
4858
19065
19089
19090
19093
19094
21313
27267
27269
27271
27273
27301
27303
27305
4850
4852
6117
19079
19089
19091
19093
19095
21315
19067
19081
21318
19068
27268
27269
27270
6119
19082
27251
27253
27255
27262
27263
27264
27266
29715
29716
29717
27275
27276
27277
4857
19064
27281
27282
27283
4858
19065
27288
27289
27290
19068
27295
27296
27298
27299
27300
27301
27302
27303
4863
4864
4871
4875
17240
27306
27307
27311
27312
27321
27322
27324
4863
4864
17241
18117
4863
4872
18119
27306
27308
27310
27311
27326
27328
4864
4876
22289
22291
22293
27306
27309
27310
27312
27334
27335
27338
4874
17245
18122
4878
17246
4869
4870
4871
4880
17240
27313
27314
27317
27318
27322
27323
27325
4869
4870
17242
17514
18124
4870
4873
18126
27313
27315
27317
27319
27329
27331
4869
4881
4885
17516
27313
27316
27318
27319
27347
27348
27350
4883
17244
17518
4874
17245
18129
27321
27322
27323
27326
27329
27320
27322
27324
27325
27326
27327
27328
27329
27330
27331
4878
19096
27339
27340
27342
27333
27334
27335
4878
4892
19098
19103
19105
19106
27339
27341
27342
27358
27360
27362
19101
27332
27335
27337
27338
19102
27340
27341
4883
19096
27343
27344
27346
4883
19107
19108
19110
4883
4893
19099
19107
19109
19110
27343
27345
27346
27364
27365
27367
19100
19102
27344
27345
4903
27347
27348
27349
4889
4891
18985
19147
4889
4892
18987
19098
27352
27353
27355
27356
27359
27360
27363
4891
4893
19099
19149
27352
27354
27355
27357
27365
27366
27368
18990
21332
21335
19102
27353
27354
19152
21337
21340
27358
27359
27360
4938
27364
27365
27366
4898
4899
4910
19111
27370
27373
27374
27390
27391
4898
4899
19112
19119
4898
4911
4948
27370
27371
27373
27375
27481
27482
27484
4899
4949
19121
27370
27372
27374
27375
27488
27489
27491
4913
19115
4914
19117
19123
4910
19111
27377
27378
27379
4905
4904
4905
17515
19113
4904
4912
17516
27347
27349
27351
27395
27396
27398
4913
17519
19115
27376
27377
27381
27382
19116
21341
21342
21344
27376
27378
27380
27381
19111
27384
27385
4908
4909
4917
19114
19116
21341
21343
27383
27384
27386
27387
4914
4919
19117
27383
27385
27387
27388
27390
4913
4952
27504
27505
27394
27395
27396
27389
27390
27391
27392
27393
27395
27397
27398
4929
4918
4919
4927
17254
27406
27407
27410
27411
4918
5127
17256
19125
19126
19129
19131
20555
27406
27408
27410
27412
28034
28036
28039
4918
4919
19125
19127
19129
19130
20557
17258
20560
4929
27399
27401
27403
27404
4931
5128
17260
27407
27408
27409
4924
4925
4927
17254
27419
27420
27423
27424
4925
5129
8690
17257
19132
19133
19136
19138
27419
27421
27423
27425
28040
28042
28043
4924
4925
4961
8691
19132
19134
19136
19137
4930
4962
27413
27414
27416
27417
27433
27435
27437
27541
27542
27543
8694
17259
4931
5130
17260
27420
27421
27422
4929
19118
27432
27433
27436
27437
27439
27440
27443
27444
4971
19121
27427
27428
19123
27426
27427
27429
27430
4972
19124
27433
27434
27435
27440
27441
27442
4936
4942
27445
27446
27449
27450
27451
27453
27454
33354
33355
33356
4945
27446
27447
27448
4940
27451
27452
4941
4947
33354
4939
19139
19146
27455
27456
27460
27461
27462
27463
27465
27466
4939
4952
19141
19160
19161
19163
19165
27462
27464
27465
27467
27504
27506
4939
19149
19160
19162
19163
19164
27364
27366
27369
27455
27457
27459
27460
19143
19151
19152
27456
27457
27458
19145
27463
27464
4945
4946
19139
19153
27473
27474
27477
27478
4946
4953
19142
19166
19167
19170
19172
21352
27473
27475
27477
27479
27507
27508
27510
4945
4946
19156
19166
19168
19170
19171
21353
19158
23149
23150
23152
27446
27448
27450
27468
27469
27470
27471
19144
19159
21355
19145
27474
27475
27476
4952
19141
27481
27482
27483
4956
27488
27489
27490
4953
4957
19142
27494
27495
27496
19145
27501
27502
27504
27505
27506
4974
27507
27508
27509
4970
4973
19177
27513
27514
27515
4958
4959
19120
19178
4971
19121
27520
27521
27522
4959
4974
27494
27496
27499
27526
27529
27530
27532
27588
27589
27592
4972
19124
19181
27512
27513
27516
27517
27519
27521
27523
27525
27574
27575
27578
4976
19182
27512
27514
27516
27518
4970
19177
27534
27535
4978
19173
19174
19175
19176
19179
27539
27541
27543
27544
27546
27549
27551
27552
4972
19181
27540
27541
27542
4980
19183
27547
27548
27549
4973
19177
27554
27555
27556
6159
19198
27561
27562
27563
4968
4969
19180
19199
4968
4975
6160
27567
27570
27572
27573
27595
27596
27598
29819
29820
29822
4976
19182
27553
27554
27558
27559
19183
19201
21359
21361
21362
27553
27555
27557
27558
27560
27562
27564
27565
12421
12423
27574
27575
27576
27581
27582
27583
21352
27587
27588
27589
6163
21354
27594
27595
27596
21356
27580
27581
27584
27585
27586
27588
27590
27592
27593
27595
27597
27598
4980
4981
4988
21378
21379
21381
27611
27612
27614
27615
4980
4981
8691
19190
19192
19194
19195
4990
5148
8692
27605
27606
27607
21389
21390
21393
27548
27549
27552
27600
27601
27602
27603
4992
8695
27604
27606
27608
27609
4994
27612
27613
4986
4988
19204
21379
21380
21383
27630
27631
27633
27634
27635
27636
27639
27640
4991
4996
27618
27619
27620
4997
6194
19207
27624
27625
27626
4993
4998
19209
27617
27619
27621
27622
27623
27625
27627
27628
6195
19210
27636
27637
27638
4992
4993
27649
27650
27653
27654
4992
4993
8012
21363
4992
5149
21365
27606
27607
27609
27649
27651
27653
27655
28098
28099
28100
8014
27643
27644
27645
21367
8016
27642
27644
27646
27647
27650
27651
27652
4998
5000
8011
27668
27669
27672
27673
8014
27662
27663
27664
4998
5000
6214
19218
19219
19220
19221
27624
27625
27628
29990
29991
29993
8016
27661
27663
27665
27666
8017
27669
27670
27671
6215
27656
27658
27659
27660
29998
29999
30001
5004
5006
8018
27687
27688
27691
27692
5014
8021
27681
27682
27683
5004
5006
5015
6280
19229
19230
19231
19232
27718
27719
27721
30073
30074
30076
5016
8023
27680
27682
27684
27685
8024
27688
27689
27690
6281
27675
27677
27678
27679
30081
30082
30084
5010
5011
5018
21456
21457
21459
27705
27706
27708
27709
5010
5011
5094
8701
19233
19235
19237
19238
5020
5178
8702
27699
27700
27701
5022
8703
27698
27700
27702
27703
5095
21467
21468
21471
27694
27695
27696
27697
27915
27916
27918
5024
27706
27707
5016
5018
19247
21457
21458
21461
27724
27725
27727
27728
27729
27730
27733
27734
5021
27712
27713
27714
6304
19250
27718
27719
27720
5023
19252
27711
27713
27715
27716
27717
27719
27721
27722
6305
19253
27730
27731
27732
5022
5023
27743
27744
27747
27748
5022
5023
8019
21428
5022
5179
21430
27700
27701
27703
27743
27745
27747
27749
28196
28197
28198
8021
27737
27738
27739
21431
8023
27736
27738
27740
27741
27744
27745
27746
5029
5030
5031
19254
5030
5031
5066
5076
5029
5030
5067
19257
27840
27841
27843
5029
5031
5077
19258
5068
19260
5078
5036
5037
5044
17301
27757
27758
27761
27763
5036
17303
19268
19269
19272
19273
20569
22438
22440
22443
27757
27759
27761
27762
5036
5037
5062
19268
19270
19272
19274
20571
5046
17305
27758
27759
27760
17306
20574
5047
5064
27750
27753
27755
27756
27790
27792
27794
5042
5043
5044
17301
27770
27771
27774
27776
5042
8700
17304
19275
19276
19279
19280
22444
22445
22447
27770
27772
27774
27775
5042
5043
5094
8701
19275
19277
19279
19281
5046
17305
27771
27772
27773
8704
17307
5048
5096
27764
27766
27768
27769
27797
27799
27801
27922
27923
27924
19261
27783
27784
27787
27788
27789
27790
27793
27794
27796
27797
27800
27801
5069
5104
19264
27778
27779
27784
27785
27786
5070
19266
27790
27791
27792
5105
19267
27797
27798
27799
5053
5054
5065
19282
27810
27813
27814
27836
27837
5053
5054
19262
19283
5053
5066
5110
27810
27811
27813
27815
27975
27976
27978
5069
5111
19264
27804
27805
27806
5068
19287
5070
19266
19288
27803
27805
27807
27808
27845
27846
27849
5065
19282
27817
27818
27819
27824
27825
5059
5060
19256
19284
5060
5067
5118
19257
27841
27842
27844
28011
28013
28015
19286
21479
21480
21482
27816
27817
27820
27821
27823
27825
27826
27827
5068
19260
19287
27816
27818
27821
27822
19282
27830
27831
5063
5064
19285
19286
21479
21481
27829
27830
27832
27833
5070
19288
27829
27831
27833
27834
27845
27847
27850
27836
5068
5114
27998
27999
27840
27841
27842
27835
27836
27837
27838
27839
27841
27843
27844
15747
27845
27846
27847
5075
5081
27851
27853
27854
27855
27856
27859
27860
33357
33358
33359
5079
5085
33357
5080
27851
27852
5086
27856
27857
27858
5078
19289
19296
27861
27862
27864
27865
27867
27868
27871
27872
5078
5114
19291
19310
19311
19313
19314
27861
27863
27864
27866
27998
28000
5078
5126
19299
19310
19312
19313
19315
27867
27869
27871
27873
28028
28030
28032
19293
19301
19295
27862
27863
19302
27868
27869
27870
5084
5086
19289
19303
27879
27880
27883
27884
5084
5115
19292
19316
19317
19320
19321
21483
27879
27881
27883
27885
28001
28002
28004
5084
5086
6366
19306
19316
19318
19320
19322
21484
19294
19308
21487
19295
27880
27881
27882
6368
19309
27856
27858
27860
27874
27875
27876
27878
30231
30232
30233
5103
5106
19327
27887
27888
27889
5091
5092
19263
19328
5104
5111
19264
27894
27895
27896
5092
5107
5112
27900
27903
27905
27906
27962
27963
27965
27988
27990
27992
5105
19267
19332
27886
27887
27890
27891
27893
27895
27897
27898
27948
27949
27952
5109
19333
27886
27888
27890
27892
5103
19327
27908
27909
19323
19324
19325
19326
19329
27913
27916
27918
27919
27920
27922
27924
27925
19331
27914
27915
27916
5105
19332
27921
27922
27923
5106
19327
27928
27929
27930
6375
19241
27935
27936
27937
5101
5102
19242
19330
5102
5108
6376
27941
27944
27946
27947
27969
27970
27972
30254
30256
30258
19245
19331
21497
21499
21500
27927
27928
27931
27932
27934
27936
27938
27939
5109
19333
27927
27929
27932
27933
12444
12446
27948
27949
27950
27955
27956
27957
5115
21483
27961
27962
27963
6379
21485
27968
27969
27970
21488
27954
27955
27958
27959
27960
27962
27964
27965
27967
27969
27971
27972
5114
19291
27975
27976
27977
27982
27983
27984
5115
19292
27988
27989
27990
19295
27995
27996
27998
27999
28000
28001
28002
28003
5117
28006
28007
28008
28011
28012
28013
5123
5124
19070
19297
5123
5125
19072
28016
28017
28019
28020
28023
28024
28027
5124
5126
19299
28016
28018
28019
28021
28029
28030
28033
28017
28018
19075
21502
21505
19302
21507
21510
28022
28023
28024
28028
28029
28030
28034
28035
28036
12461
28040
28041
28042
12463
5140
6719
12464
12465
6721
28045
28046
28047
6723
12467
12468
5142
6724
28052
28053
28054
5143
6719
28059
28060
28061
5139
6722
28069
28071
28073
28074
5139
5145
5151
12470
12471
12472
12473
28107
28109
28111
6723
28070
28071
28072
5147
6725
28058
28060
28062
28063
8034
12474
8036
28076
28077
28078
8039
28081
28082
28083
8034
28087
28088
28089
5147
8037
19340
19342
19344
19345
21371
28093
28095
28096
28097
5147
5153
12481
12482
12483
12484
19340
19343
19344
19346
21372
28118
28120
28122
8038
28094
28095
8040
21374
28086
28088
28091
28092
5149
12485
28098
28099
5172
19212
28102
28103
5153
19214
28107
28108
28109
5155
19217
28114
28115
8013
28118
28119
28120
8014
12488
12489
8017
12491
12492
5161
18228
28138
28140
28142
28143
5166
6868
18230
28131
28133
28135
28136
28138
28141
28143
28144
28163
28164
28165
5161
5168
6869
28131
28134
28135
28137
5170
6872
28132
28133
28134
5167
18233
28139
28140
28141
5171
28124
28127
28128
28130
5167
8700
28146
28147
28148
5169
5178
8702
28152
28153
5171
8705
28157
28158
28159
28163
28164
12496
5171
12504
12505
12506
12507
19365
19367
19369
19370
21429
5179
21430
28167
28168
28169
12505
12498
12499
12500
12501
21432
28157
28159
28162
28166
28168
28170
28171
19223
28174
28175
5175
19225
28179
28180
28181
5177
19228
28186
28187
8020
28190
28191
28192
8021
12508
12509
8024
12511
12512
5179
12514
28196
28197
28200
28201
5184
19403
28205
28206
28207
5186
19404
28212
28213
28214
5185
5187
19406
28219
28220
5206
28224
28225
28226
5209
12522
5212
28230
28231
28232
5214
12524
5193
5199
5203
28236
28237
28238
5197
5217
28240
5198
28244
28245
28246
5207
19392
19397
19398
19399
19400
28254
28257
28258
28259
28260
28263
28265
28266
19395
28255
28256
28257
5210
19396
28261
28262
28263
19390
28268
28269
5218
19423
28274
28275
28276
5198
5199
19393
19424
5198
5219
28240
28242
28337
28339
19394
28244
28246
28249
28267
28268
28271
28272
19396
19426
28236
28238
28239
28267
28269
28270
28271
28273
28275
28277
28278
5205
5211
19422
28285
28286
28289
28290
28291
28292
28296
28297
28298
28299
28302
28303
19423
28281
28282
5209
5214
28286
28287
28288
5210
19426
28292
28293
28294
5215
5221
19427
28299
28300
28301
5208
5210
19401
28312
28313
28317
28318
5208
19403
19408
19410
19412
19413
20745
28224
28226
28229
28312
28315
28316
28318
5208
5210
19408
19411
19412
19414
20746
19405
20749
19406
28313
28314
28315
28262
28263
28266
28292
28293
28296
28305
28308
28310
28311
5215
5216
19401
28326
28327
28331
28332
5216
19404
19415
19417
19419
19420
21605
28230
28232
28235
28326
28329
28330
28332
5215
5216
5227
19415
19418
19419
19421
21606
19406
28327
28328
28329
5228
28299
28300
28302
28319
28322
28324
28325
28349
28350
28351
19407
21608
5219
5473
5230
28333
5477
28337
28338
5226
5229
12546
5228
5232
28341
28342
28343
5264
5486
12554
12555
12556
5225
5227
5265
12559
12560
12561
12562
5225
5231
5487
12563
12565
12566
12567
5228
5232
12549
12550
12551
12552
28348
28350
28353
12569
5273
12579
12580
12582
12584
19429
19431
19433
19434
28347
28350
28351
28353
28348
28349
28350
12586
12587
19423
28355
28356
28357
5232
5495
12599
12600
12601
12602
19425
12585
12586
12588
12589
19427
28341
28343
28346
28354
28356
28358
28360
5245
5246
19442
28362
28363
28364
5237
19443
28374
28376
28378
28379
5237
5247
5256
28381
28383
28385
28386
19446
28375
28376
28377
5251
19448
28361
28363
28365
28367
5252
28382
28383
5245
19442
28388
28389
19444
28393
28394
28395
19446
28400
28401
19447
28404
28405
28406
5245
5246
12605
12606
5250
12608
12609
12611
5250
5251
12605
12606
12607
19435
28363
28364
28367
28417
28418
28421
28422
5251
5258
28417
28419
28421
28423
5250
5251
19438
28411
28412
28413
12608
12609
12610
19439
28410
28412
28414
28415
19441
28418
28419
28420
5255
5259
28425
28426
28427
5257
12613
12614
5272
12620
12621
5258
5284
12631
12632
12633
12634
12635
12637
12638
12640
19456
19458
19460
19462
12627
12628
5295
12651
12652
12653
12654
12655
12657
12658
12660
5261
5272
12669
12670
12671
12672
21598
28425
28427
28429
5261
5277
5285
12673
12674
12675
12676
21599
5274
5281
12661
12662
12663
12664
21601
5275
12670
5282
5287
12674
22628
28431
28432
28433
5268
5273
12683
12684
12686
12687
5267
5268
5278
22629
5280
8732
8733
8736
12677
12678
12680
12682
22631
28430
28432
28434
28435
5274
5281
12677
12679
12681
12682
5279
5291
9419
12694
12695
12696
5280
9420
12701
12702
12703
5282
5293
12708
5274
12620
12621
12622
12725
12726
12728
12729
19463
19464
19467
19469
21604
5274
12721
12722
12723
12724
19463
19465
19467
19468
21606
12711
12712
12713
12714
21609
12726
12727
12731
12732
12733
5281
8066
28437
28439
28441
28443
5280
5281
5280
8068
12695
12696
12698
28437
28440
28442
28443
12701
12703
12706
12730
12731
12735
12736
12730
12732
12734
12735
8071
28438
28439
28440
5294
8065
12738
12739
5286
5295
12746
12747
12748
12749
5286
8066
12750
12752
12753
12754
5297
8070
12737
12738
12740
12741
8071
12751
12752
5298
5334
8065
12756
12757
12758
6399
9432
12763
12764
5292
8060
8062
8063
8064
8068
9433
12694
12696
12699
12767
12769
12770
12771
8069
9434
12755
12756
12759
12760
12762
12764
12765
12766
8071
12768
12769
8053
12774
12775
5297
12782
12783
12784
12785
5297
5342
8055
12786
12788
12790
12792
8058
12773
12774
12776
12777
5343
8059
12787
12788
12789
5313
28445
28446
5303
5314
21611
28460
28462
28464
28465
5320
5326
21612
28454
28455
28456
5317
28461
28462
28463
5319
5322
21614
28444
28446
28447
28448
28453
28455
28457
28458
5315
28467
28468
28469
5317
12797
12798
5318
28473
28474
5313
28478
28479
28480
18449
28485
28486
28487
5312
5316
18451
28496
28499
28501
28502
5312
5321
22604
22605
22608
28491
28492
28494
28495
28519
28520
28523
5318
18454
28497
28498
28499
5319
5322
28477
28480
28482
28483
28504
28505
28506
5317
5319
17554
5317
5318
17555
18457
28468
28469
28472
5318
5319
18458
12797
12798
12799
17558
28461
28462
28465
28503
28504
28507
28508
18461
28473
28474
28476
28497
28499
28502
28503
28505
28508
28509
28503
28506
28507
28509
5328
21618
28511
28512
28513
21619
28518
28519
28520
12800
12801
12802
12803
21621
28510
28512
28514
28515
28517
28520
28521
28523
5325
5330
12812
12813
12814
12815
12816
12818
12819
12821
19474
19476
19478
19480
5327
12808
12809
5341
12832
12833
12834
12835
12836
12838
12839
12841
5328
5345
28525
28526
28527
12842
12843
5358
12849
12850
5340
8085
12854
12855
5332
5341
12862
12863
12864
12865
5332
5346
8086
12866
12868
12869
12870
5344
8090
12853
12854
12856
12857
5349
8091
12867
12868
5343
8085
12872
12873
12874
6400
9439
12879
12880
5338
5355
8080
8082
8083
8084
8088
9440
12883
12885
12886
12887
12942
12944
12946
8089
9441
12871
12872
12875
12876
12878
12880
12881
12882
5357
8091
12884
12885
8073
12890
12891
5344
12905
12906
12907
12908
5344
8075
12898
12900
12902
12903
8078
12899
12900
12901
8079
12889
12891
12892
12893
5347
5358
12917
12918
12919
12920
21612
28525
28527
28529
5347
5363
12921
12922
12923
12924
21613
5360
5367
12909
12910
12911
12912
21615
5361
12918
5368
12922
5400
22670
28531
28532
28533
5354
5359
5401
12931
12932
12934
12935
5353
5354
5364
22671
5366
8792
8793
8796
12925
12926
12928
12930
22673
28530
28532
28534
28535
5360
5367
12925
12927
12929
12930
5365
9446
12942
12943
12944
5366
9447
12949
12950
12951
5368
12956
5360
12849
12850
12851
12969
12970
12972
12973
19488
19489
19492
19493
21618
5360
5405
12974
12975
12976
12977
19488
19490
19492
19494
21620
12959
12960
12961
12962
21622
12970
12971
12979
12980
12981
5367
8086
28537
28539
28541
28542
5366
5367
5366
8088
12943
12944
12947
28537
28540
28541
28543
12949
12951
12954
12978
12979
12983
12984
12978
12980
12982
12983
8091
28538
28539
28540
5374
5380
19516
28549
28550
28553
28554
28555
28556
28559
28560
28562
28563
28566
28567
19517
28545
28546
5377
5383
28550
28551
28552
5379
5386
19521
28556
28557
28558
5385
5399
19522
28563
28564
28565
5378
5379
19495
28576
28577
28581
28582
5378
19497
19502
19504
19506
19507
20862
22616
22618
22621
28576
28579
28580
28582
5378
5379
5389
19502
19505
19506
19508
20863
19499
28577
28578
28579
19500
20866
5391
28556
28557
28559
28569
28572
28574
28575
28623
28624
28625
5384
5385
19495
28590
28591
28595
28596
5384
19498
19509
19511
19513
19514
21619
22622
22624
22627
28590
28593
28594
28596
5384
5385
5405
19509
19512
19513
19515
21620
19499
28591
28592
28593
19501
21623
5406
28563
28564
28566
28583
28586
28588
28589
28649
28650
28651
5391
5396
28597
28598
28599
5395
5411
5523
28601
5397
5526
28605
28606
28607
19525
19530
19531
19532
19533
28615
28618
28619
28620
28621
28624
28625
28627
19527
28616
28617
28618
19528
28622
28623
28624
19523
28629
28630
5412
19517
28635
28636
28637
5396
5397
19518
19526
19591
5397
5413
19592
28601
28602
28665
28667
19521
19528
28597
28599
28600
28628
28629
28631
28632
28634
28636
28638
28639
19529
19594
28605
28607
28609
28628
28630
28632
28633
5404
5407
12996
5406
5410
28641
28642
28643
5529
13004
13005
13006
5403
5405
13009
13010
13011
13012
5403
5409
5530
13013
13015
13016
13017
5406
5410
12999
13000
13001
13002
28648
28650
28653
13019
13029
13030
13032
13033
19534
19536
19538
19539
28647
28650
28651
28653
28648
28649
28650
13036
13037
5412
19517
28655
28656
28657
5410
5538
13049
13050
13051
13052
19519
13035
13036
13038
13039
19522
28641
28643
28646
28654
28656
28658
28659
5413
5552
28661
5556
28665
28666
5419
5425
5436
28669
28670
28671
5423
5451
28673
5424
28677
28678
28679
5440
19542
19547
19548
19549
19550
28687
28690
28691
28692
28693
28696
28698
28699
19545
28688
28689
28690
5443
19546
28694
28695
28696
19540
28701
28702
5452
19566
28707
28708
28709
5424
5425
19543
19567
5424
5453
28673
28675
28807
28809
19544
28677
28679
28682
28700
28701
28704
28705
19546
19569
28669
28671
28672
28700
28702
28703
28704
28706
28708
28710
28711
28714
28715
5430
19553
28719
28720
28721
5432
19554
28726
28727
28728
5431
5433
19556
28733
28734
5441
28738
28739
28740
5444
13072
5446
28744
28745
28746
5448
13074
5439
5445
19565
28755
28756
28760
28761
28762
28763
28766
28767
28768
28769
28772
28773
19566
28751
28752
5443
19569
28756
28757
28758
5444
5448
28763
28764
28765
5449
5455
19570
28769
28770
28771
5442
5443
19551
28782
28783
28787
28788
5442
5443
19558
19560
19562
19563
20920
5442
19553
19558
19561
19562
19564
20921
28738
28740
28743
28782
28785
28786
28788
19555
20924
28695
28696
28699
28756
28757
28760
28775
28777
28779
28781
19556
28783
28784
28785
5449
5450
19551
28796
28797
28801
28802
5450
19554
19572
19574
19576
19577
21683
28744
28746
28749
28796
28799
28800
28802
5449
5450
5465
19572
19575
19576
19578
21684
19556
28797
28798
28799
5466
28769
28771
28773
28789
28792
28794
28795
28826
28827
28828
19557
21686
5453
5474
5461
28803
5481
28807
28808
5460
5464
13091
5463
5466
28811
28812
28813
5504
5651
13099
13100
13101
5459
5462
5505
13104
13106
13107
13108
5459
5465
5652
13109
13110
13111
13112
5463
5466
13094
13095
13096
13097
28825
28827
28830
13114
13115
19566
28818
28819
28820
5463
5513
13127
13128
13129
13130
19568
13113
13114
13116
13117
19570
28811
28812
28815
28817
28819
28821
28823
13132
5660
13142
13143
13145
13147
19579
19581
19583
19584
28824
28827
28828
28830
28825
28826
28827
5470
5476
8103
13148
13150
13152
13154
5470
5480
8121
13155
13157
13159
13161
5484
8105
8123
13148
13151
13153
13154
13155
13158
13160
13161
13211
13212
13213
5478
5482
28831
28832
28833
28834
8107
13149
13150
13151
8125
13156
13157
13158
5477
28837
28838
28839
5481
28843
28844
28845
5478
5482
13162
13163
13167
13168
28836
28838
28840
28841
28842
28844
28846
28847
5478
5494
13187
13188
13189
13190
5478
13181
13183
13185
13186
28337
28338
28340
28838
28839
28841
13173
13174
13175
13176
13182
13183
13184
5482
5512
13205
13206
13207
13208
5482
13199
13201
13203
13204
28807
28808
28810
28844
28845
28847
13191
13192
13193
13194
13200
13201
13202
5499
5517
13210
13211
13212
5489
5491
5493
8800
8801
8803
13218
13219
13222
13224
5489
8808
8809
8812
12554
12556
12558
13218
13220
13222
13223
22628
5491
5495
13218
13221
13223
13224
5489
5491
22630
22632
13219
13220
13221
5496
5493
5498
13225
13226
13227
5496
8102
13225
13226
13229
13232
13233
13236
13237
15754
15755
15758
15759
5496
8103
15754
15756
15757
15758
5496
13232
13234
13235
13236
8106
8107
15755
15756
8102
8109
13239
13240
13241
5502
8105
8115
8116
8118
8119
8849
13210
13211
13214
13253
13255
13256
13257
6401
8112
8850
13247
13248
13249
8107
13254
13255
8108
8114
8852
13238
13240
13242
13244
13246
13248
13250
13251
5507
5509
5511
8825
8826
8828
13262
13263
13266
13268
5507
8833
8834
8837
13099
13100
13102
13262
13264
13266
13267
22808
5509
5513
13262
13265
13267
13268
5507
5509
22809
22811
13263
13264
13265
5514
5511
5516
13269
13270
13271
5514
8120
13269
13270
13273
13276
13277
13280
13281
15764
15765
15768
15769
5514
8121
15764
15766
15767
15768
5514
13276
13278
13279
13280
8124
8125
15765
15766
8120
8127
13283
13284
13285
5520
8123
8133
8134
8136
8137
8849
13210
13212
13215
13297
13299
13300
13301
6402
8130
8851
13291
13292
13293
8125
13298
13299
8126
8132
8853
13282
13284
13286
13288
13290
13292
13294
13295
5525
5526
5527
17321
19589
5525
5526
17324
19585
19586
19587
5526
5527
5552
19585
19587
19588
19592
28601
28603
28854
28856
28857
5525
5527
5553
19585
19586
19588
22688
22690
28860
28861
28863
17326
22693
22694
22697
17327
19594
28606
28607
28610
5554
19595
5532
5533
5536
8857
8859
8860
13306
13307
13310
13312
5532
8865
8866
8869
13004
13006
13008
13306
13308
13310
13311
22670
5533
5538
13306
13309
13311
13312
5532
5533
22672
22674
5539
13307
13308
13309
5536
5541
13313
13314
13315
5539
8138
13314
13315
13317
13320
13321
13324
13325
15774
15775
15777
15778
5539
5555
8139
15774
15776
15777
15779
5539
13320
13322
13323
13324
8142
8143
15775
15776
8138
8145
13327
13328
13329
5545
5563
8141
8151
8152
8154
8155
8881
13344
13346
13347
13349
13412
13413
13415
8148
8882
13335
13336
13337
8143
13345
13346
8144
8150
8884
13326
13329
13330
13332
13334
13337
13338
13340
5549
5555
8139
13350
13352
13354
13355
5549
5559
8159
13357
13359
13361
13363
5563
8141
8161
13350
13353
13354
13356
13357
13360
13362
13363
13413
13414
13416
5558
5561
28848
28849
28850
28851
8143
13351
13352
13353
8163
13358
13359
13360
5556
28854
28855
28856
5560
5607
28860
28861
28862
5558
5561
13364
13366
13369
13370
28853
28856
28857
28858
28859
28861
28863
28864
5558
13389
13390
13391
13392
19590
5558
13383
13385
13387
13388
19592
28665
28666
28668
28855
28856
28858
13384
13385
13386
13375
13376
13377
13378
19595
5561
5573
13401
13402
13403
13404
5561
5609
13405
13407
13409
13410
28861
28862
28864
28959
28960
28962
13393
13394
13395
13396
13406
13407
13408
5578
13412
13413
13414
5568
5569
5572
8889
8890
8892
13420
13421
13424
13425
5568
5612
8897
8898
8901
13420
13422
13424
13426
13496
13497
13499
22836
5569
5574
5613
13420
13423
13425
13426
5568
5569
22837
22839
5575
13421
13422
13423
5572
5577
13427
13428
13429
5575
8158
13427
13428
13431
13434
13435
13437
13438
15784
15785
15788
15789
5575
8159
15784
15786
15787
15788
5575
5618
13434
13436
13437
13439
8162
8163
15785
15786
8158
8165
13441
13442
13443
5581
8161
8171
8172
8174
8175
8881
13412
13414
13417
13455
13457
13458
13459
6403
8168
8883
13449
13450
13451
8163
13456
13457
8164
8170
8885
13440
13442
13444
13446
13448
13450
13452
13453
5587
5593
19610
28870
28871
28875
28876
28877
28878
28881
28882
28883
28884
28887
28888
19611
28866
28867
5590
19614
28871
28872
28873
5592
5597
28878
28879
28880
5598
5611
19616
28884
28885
28886
5590
5591
19596
28897
28898
28901
28902
5590
5591
19603
19605
19607
19608
20938
5591
5603
19598
19603
19606
19607
19609
20939
28897
28900
28902
28903
28943
28945
28947
22710
22711
22714
28871
28872
28875
28890
28892
28894
28895
19601
20942
5604
19602
28898
28899
28900
5596
5598
19596
28911
28912
28915
28916
5596
5605
19599
19617
19619
19621
19622
20159
28911
28914
28916
28917
28949
28950
28952
5596
5598
5621
19617
19620
19621
19623
20160
19600
20161
5606
19602
28912
28913
28914
5622
28884
28886
28888
28904
28907
28908
28910
28978
28979
28980
5695
28919
28920
5603
19598
28924
28925
28926
5605
5697
19599
28931
28932
28933
5604
5606
19602
28938
28939
28943
28944
28945
13475
5711
28949
28950
28951
13477
5609
5617
28955
28959
28960
5616
5620
13488
5619
5622
28963
28964
28965
5738
13496
13497
13498
5615
5618
13501
13503
13504
13505
5615
5621
5739
13506
13507
13508
13509
5619
5622
13491
13492
13493
13494
28977
28979
28982
13511
13512
19611
28970
28971
28972
5619
13519
13520
13521
13522
19613
13510
13511
13513
13514
19616
28963
28964
28967
28969
28971
28973
28975
13529
5747
13539
13540
13542
13544
19624
19626
19628
19629
28976
28979
28980
28982
28977
28978
28979
5635
5636
19637
28984
28985
28986
5627
19638
28996
28998
29000
29001
5627
5637
5670
29003
29005
29007
29008
19641
28997
28998
28999
5641
19643
28983
28985
28987
28989
5642
29004
29005
5635
19637
29010
29011
19639
29015
29016
29017
19641
29022
29023
19642
29026
29027
29028
5635
5636
13547
13548
5640
13550
13551
13553
5640
5641
13547
13548
13549
19630
28985
28986
28989
29039
29040
29043
29044
5641
5672
29039
29041
29043
29045
5640
5641
19633
29033
29034
29035
13550
13551
13552
19634
29032
29034
29036
29037
19636
29040
29041
29042
5645
5646
29047
29048
29049
5671
13555
13556
5659
13562
13563
5648
5659
13574
13575
13576
13577
21676
29047
29049
29051
5648
5664
5674
13578
13579
13580
13581
21677
5661
5668
13566
13567
13568
13569
21679
5662
13575
5669
5677
13579
22808
29053
29054
29055
5655
5660
13588
13589
13591
13592
5654
5655
5665
22810
5667
8920
8921
8924
13582
13583
13585
13587
22812
29052
29054
29056
29057
5661
5668
13582
13584
13586
13587
5666
5680
9483
13599
13600
13601
5667
9484
13606
13607
13608
5669
5682
13613
5661
13562
13563
13564
13630
13631
13633
13634
19651
19652
19655
19657
21682
5661
13626
13627
13628
13629
19651
19653
19655
19656
21684
13616
13617
13618
13619
21687
13631
13632
13636
13637
13638
5668
8198
29059
29061
29063
29065
5667
5668
5667
8200
13600
13601
13603
29059
29062
29064
29065
13606
13608
13611
13635
13636
13640
13641
13635
13637
13639
13640
8203
29060
29061
29062
5672
5675
13649
13650
13651
13652
13653
13655
13656
13658
19658
19660
19662
19664
13645
13646
5685
13669
13670
13671
13672
13673
13675
13676
13678
5684
8197
13680
13681
5676
8198
13688
13690
13691
13692
5676
5685
13693
13694
13695
13696
5687
8202
13679
13680
13682
13683
8203
13689
13690
8197
13698
13699
13700
6404
9489
13705
13706
5681
8192
8194
8195
8196
8200
9490
13599
13601
13604
13709
13711
13712
13713
8201
9491
13697
13698
13701
13702
13704
13706
13707
13708
8203
13710
13711
5688
5811
8185
13716
13717
5687
13724
13725
13726
13727
5687
5819
8188
13728
13730
13732
13734
8190
13715
13716
13718
13719
5820
8191
13729
13730
13731
5703
29067
29068
5692
5704
5714
20151
29082
29084
29086
29088
5710
5757
20152
29072
29073
29074
5707
5712
20154
29066
29067
29069
29070
29071
29073
29075
29076
5709
5716
29083
29084
29085
5703
29090
29091
29092
18777
29097
29098
29099
5698
5705
18779
29103
29106
29108
29109
5698
5711
28931
28933
28936
29110
29111
29113
29114
29141
29142
29145
5707
5712
29089
29090
29094
29095
5708
18782
29104
29105
29106
5706
5720
29115
29116
29117
5708
29121
29122
5709
5722
13739
13740
29126
29127
29128
5707
5709
19677
5707
5708
18785
5708
5709
18786
19678
29116
29117
29119
29125
29126
29129
29130
18789
29104
29106
29109
29121
29122
29124
29125
29127
29130
29131
13739
13740
13741
19681
29083
29084
29086
29125
29128
29129
29131
5759
20158
29133
29134
29135
20159
29140
29141
29142
13742
13743
13744
13745
20162
29132
29134
29136
29137
29139
29141
29143
29145
5725
5726
19676
29147
29148
29149
5717
19677
29159
29161
29163
29164
5717
5727
5776
29166
29168
29170
29171
19681
29160
29161
29162
5730
19682
29146
29148
29150
29152
5731
29167
29168
5725
19676
29173
29174
19678
29178
29179
29180
19680
29185
29186
29187
19681
29192
29193
5725
5726
13749
13750
5732
5860
13752
13753
13755
5730
5732
13749
13750
13751
19669
29148
29149
29152
29202
29203
29206
29207
5730
5778
29202
29204
29206
29208
5730
5732
5863
19672
5864
29196
29197
29198
19674
29203
29204
29205
5866
13752
13753
13754
19675
29195
29198
29199
29201
5735
5746
5757
13765
13766
13767
13768
20152
29224
29226
29228
5735
5751
5761
13769
13770
13771
13772
20153
5748
5755
13757
13758
13759
13760
20155
5749
13766
5756
5764
13770
22836
29210
29211
29212
5742
5747
13779
13780
13782
13783
5741
5742
5752
22838
5754
8959
8960
8963
13773
13774
13776
13778
22840
29209
29211
29213
29214
5748
5755
13773
13775
13777
13778
5753
5767
9503
13790
13791
13792
5754
9504
13797
13798
13799
5756
5769
13804
5748
5759
13821
13822
13824
13825
13840
13841
13842
19683
19684
19687
19689
20158
5748
13817
13818
13819
13820
19683
19685
19687
19688
20160
13807
13808
13809
13810
20163
13822
13823
13827
13828
13829
5755
8222
29216
29218
29220
29222
5754
5755
5754
8224
13791
13792
13794
29216
29219
29221
29222
13797
13799
13802
13826
13827
13831
13832
13826
13828
13830
13831
8227
29217
29218
29219
5759
29224
29225
29226
5777
13833
13834
13840
13841
5771
8221
13845
13846
5763
8222
13853
13855
13856
13857
5763
5772
5776
13858
13859
13860
13861
5774
8226
13844
13845
13847
13848
8227
13854
13855
8221
13863
13864
13865
6405
9509
13870
13871
5768
8216
8218
8219
8220
8224
9510
13790
13792
13795
13874
13876
13877
13878
8225
9511
13862
13863
13866
13867
13869
13871
13872
13873
8227
13875
13876
5775
5898
8209
13881
13882
5774
5778
13889
13890
13891
13892
5774
5906
8212
13893
13895
13897
13899
8214
13880
13881
13883
13884
5908
8215
13894
13895
13896
5778
13907
13908
13909
13910
13911
13913
13914
13915
19697
19699
19701
19703
13903
13904
13927
13928
13929
13930
13931
13933
13934
13935
5793
29230
29231
5783
5794
21743
29245
29247
29249
29250
5800
5822
21745
29239
29240
29241
5797
29246
29247
29248
5799
5802
21746
29229
29231
29232
29233
29238
29240
29242
29243
5795
29252
29253
29254
5797
13941
13942
5798
29258
29259
5793
29263
29264
29265
18877
29270
29271
29272
5792
5796
18879
29281
29284
29286
29287
5792
5801
22996
22997
23000
29276
29277
29279
29280
29304
29305
29308
5798
18882
29282
29283
29284
5799
5802
29262
29265
29267
29268
29289
29290
29291
5797
5799
17657
5797
5798
17659
18885
29253
29254
29257
5798
5799
18886
13941
13942
13943
17662
29246
29247
29250
29288
29289
29292
29293
18889
29258
29259
29261
29282
29284
29287
29288
29290
29293
29294
29288
29291
29292
29294
5824
21750
29296
29297
29298
21751
29303
29304
29305
13944
13945
13946
13947
21753
29295
29297
29299
29300
29302
29305
29306
29308
5805
5807
13956
13957
13958
13959
13960
13962
13963
13965
19708
19709
19712
19713
5823
13952
13953
5818
13976
13977
13978
13979
13980
13982
13983
13985
5817
8240
13987
13988
5809
5818
13995
13996
13997
13998
5809
5825
8241
13999
14001
14002
14003
5821
8245
13986
13987
13989
13990
5828
8246
14000
14001
5820
8240
14005
14006
14007
6406
9526
14012
14013
5815
5835
8235
8237
8238
8239
8243
9527
14016
14018
14019
14020
14086
14088
14090
8244
9528
14004
14005
14008
14009
14011
14013
14014
14015
5837
8246
14017
14018
8228
14023
14024
5821
14038
14039
14040
14041
5821
8230
14031
14033
14035
14036
8233
14032
14033
14034
8234
14022
14024
14025
14026
5824
5826
29310
29311
29312
14042
14043
5845
14049
14050
5827
5839
14061
14062
14063
14064
21744
5827
5845
14065
14066
14067
14068
21745
29310
29312
29314
5843
5847
14053
14054
14055
14056
21747
5844
14062
5848
14066
5970
22941
29316
29317
29318
5833
5834
5840
22942
5834
5846
5971
14075
14076
14078
14079
5842
9019
9020
9023
14069
14070
14072
14073
22944
29315
29317
29319
29320
5843
5847
14069
14071
14073
14074
5841
9533
14086
14087
14088
5842
9534
14093
14094
14095
5844
14100
14104
14105
14106
5843
8241
29322
29324
29326
29327
5842
5843
5842
8243
14087
14088
14091
29322
29325
29326
29328
14093
14095
14098
14103
14104
14108
14109
14103
14105
14107
14108
8246
29323
29324
29325
5847
14049
14050
14051
14120
14121
14123
14124
19722
19723
19726
19727
21750
5847
5975
14125
14126
14127
14128
19722
19724
19726
19728
21752
14110
14111
14112
14113
21754
14121
14122
5861
5868
19736
29330
29331
29332
5852
5870
19737
29342
29344
29346
29348
5852
5862
5909
29349
29351
29352
29354
5865
19740
29329
29330
29333
29334
5872
19742
29343
29344
29345
5867
29350
29351
5868
19736
29356
29357
5874
19739
29361
29362
29363
19741
29368
29369
29370
5876
19742
29375
29376
5861
5868
14131
14132
5866
14134
14135
5865
5866
14131
14132
14133
19729
29330
29332
29334
29385
29386
29389
29390
5865
5911
29385
29387
29389
29391
5865
5866
19732
29379
29380
29381
19733
14134
14135
14136
19735
29378
29380
29382
29383
29386
29387
29388
14137
5883
29393
29394
5873
5884
21784
29408
29410
29412
29413
5890
5936
21786
29402
29403
29404
5888
29409
29410
29411
5889
5892
21787
29392
29394
29395
29396
29401
29403
29405
29406
5885
29415
29416
29417
5887
29421
29422
5888
14143
14144
5883
29426
29427
29428
6106
18909
29433
29434
29435
5882
5886
18911
29439
29442
29444
29445
5882
5891
6108
29446
29447
29449
29450
29467
29468
29470
29664
29666
29668
5887
18914
29440
29441
29442
5889
5892
29425
29427
29430
29431
29452
29453
29454
5888
5889
19737
5887
5888
18917
19739
29416
29417
29420
5887
5889
18918
18921
29421
29422
29424
29440
29442
29445
29451
29452
29456
29457
14143
14144
14145
19742
29409
29410
29413
29451
29453
29455
29456
29451
29454
29455
29457
5938
21791
29459
29460
29461
6112
21792
29466
29467
29468
14146
14147
14148
14149
21795
29458
29460
29462
29463
29465
29467
29469
29470
5904
8264
14152
14153
5896
5905
5909
14160
14161
14162
14163
5896
5912
8265
14164
14166
14167
14168
5907
8269
14151
14152
14154
14155
5915
8270
14165
14166
5908
8264
14170
14171
14172
9546
14177
14178
5902
5922
8259
8261
8262
8263
8267
9547
14182
14184
14185
14186
14277
14279
14281
8268
9548
14169
14170
14173
14174
14176
14178
14179
14180
5924
8270
14183
14184
8252
14188
14189
5907
5911
14203
14204
14205
14206
5907
8254
14196
14198
14200
14201
8257
14187
14188
14190
14191
8258
14197
14198
14199
5911
14214
14215
14216
14217
14218
14220
14221
14222
19747
19748
19751
19752
5937
14210
14211
14234
14235
14236
14237
14238
14240
14241
14242
5914
5926
14252
14253
14254
14255
21785
5914
5932
5936
14256
14257
14258
14259
21786
29487
29489
29491
5930
5934
14244
14245
14246
14247
21788
5931
14253
5935
14257
6128
22969
29473
29474
29475
5920
5921
5927
22970
5921
5933
6129
14266
14267
14269
14270
5929
9058
9059
9062
14260
14261
14263
14264
22972
29472
29474
29476
29477
5930
5934
14260
14262
14264
14265
5928
9553
14277
14278
14279
5929
9554
14284
14285
14286
5931
14291
14295
14296
14297
5930
8265
29479
29481
29483
29484
5929
5930
5929
8267
14278
14279
14282
29479
29482
29483
29485
14284
14286
14289
14294
14295
14299
14300
14294
14296
14298
14299
8270
29480
29481
29482
5934
5938
14311
14312
14314
14315
14327
14328
14329
19754
19755
19758
19759
21791
5934
6133
14316
14317
14318
14319
19754
19756
19758
19760
21793
14301
14302
14303
14304
21796
14312
14313
5938
29487
29488
29489
14320
14321
14327
14328
5944
5950
19789
29497
29498
29501
29502
29503
29504
29507
29508
29510
29511
29514
29515
19790
29493
29494
5947
5953
29498
29499
29500
5949
5956
19794
29504
29505
29506
5955
5969
19795
29511
29512
29513
5948
5949
19768
29524
29525
29529
29530
5948
19770
19775
19777
19779
19780
21296
23008
23010
23013
29524
29527
29528
29530
5948
5949
5959
19775
19778
19779
19781
21297
19772
29525
29526
29527
19773
21300
5961
29504
29505
29507
29517
29520
29522
29523
29571
29572
29573
5954
5955
19768
29538
29539
29543
29544
5954
19771
19782
19784
19786
19787
21751
23014
23016
23019
29538
29541
29542
29544
5954
5955
5975
19782
19785
19786
19788
21752
19772
29539
29540
29541
19774
21755
5976
29511
29512
29514
29531
29534
29536
29537
29597
29598
29599
5961
5966
29545
29546
29547
5965
5981
5986
29549
5967
5989
29553
29554
29555
19798
19803
19804
19805
19806
29563
29565
29567
29568
29569
29572
29573
29575
19800
29564
29565
29566
19801
29570
29571
29572
19796
29577
29578
5982
19790
29583
29584
29585
5966
5967
19791
19799
5967
5983
29549
29550
29613
29615
19794
19801
29545
29547
29548
29576
29577
29579
29580
29582
29584
29586
29587
19802
29553
29555
29557
29576
29578
29580
29581
5974
5977
14342
5976
5980
29589
29590
29591
5992
14350
14351
14352
5973
5975
14355
14356
14357
14358
5973
5979
5994
14359
14361
14362
14363
5976
5980
14345
14346
14347
14348
29596
29598
29601
14365
14375
14376
14378
14379
19807
19809
19811
19812
29595
29598
29599
29601
29596
29597
29598
14382
14383
5982
19790
29603
29604
29605
5980
6001
14395
14396
14397
14398
19792
14381
14382
14384
14385
19795
29589
29591
29594
29602
29604
29606
29607
5983
6015
29609
6019
29613
29614
5988
5989
5990
17335
5988
5989
17338
19813
19814
19815
5989
5990
6015
19813
19815
19816
29549
29551
29623
29625
29626
5988
5990
6016
19813
19814
19816
23133
23135
29629
29630
29632
17340
23138
23139
23142
17341
29554
29555
29558
6017
5995
5996
5999
9065
9067
9068
14408
14409
14412
14414
5995
9073
9074
9077
14350
14352
14354
14408
14410
14412
14413
22941
5995
5996
22943
5996
6001
14408
14411
14413
14414
22945
6002
14409
14410
14411
5999
6004
14415
14416
14417
6002
8276
14416
14417
14419
14422
14423
14426
14427
15794
15795
15797
15798
6002
6018
8278
15794
15796
15797
15799
6002
14422
14424
14425
14426
8280
8282
15795
15796
8276
8283
14429
14430
14431
6007
6026
8279
8289
8290
8292
8293
9089
14446
14448
14449
14451
14514
14515
14517
8286
9090
14436
14437
14438
8281
8288
9092
14428
14430
14432
14433
14435
14438
14439
14441
8282
14447
14448
6012
6018
8278
14452
14454
14456
14457
6012
6022
8298
14459
14461
14463
14465
6026
8279
8299
14452
14455
14456
14458
14459
14462
14464
14465
14515
14516
14518
6021
6024
29617
29618
29619
29620
8282
14453
14454
14455
8302
14460
14461
14462
6019
29623
29624
29625
6023
6167
29629
29630
29631
6021
6024
14466
14468
14471
14472
29622
29625
29626
29627
29628
29630
29632
29633
6021
14491
14492
14493
14494
6021
14485
14487
14489
14490
29613
29614
29616
29624
29625
29627
14486
14487
14488
14477
14478
14479
14480
6024
6036
14503
14504
14505
14506
6024
6169
14507
14509
14511
14512
29630
29631
29633
29854
29855
29857
14495
14496
14497
14498
14508
14509
14510
6041
14514
14515
14516
6031
6032
6035
9097
9098
9100
14522
14523
14526
14527
6031
6172
9105
9106
9109
14522
14524
14526
14528
14836
14837
14839
23020
6031
6032
23021
6032
6037
6173
14522
14525
14527
14528
23023
6038
14523
14524
14525
6035
6040
14529
14530
14531
6038
8296
14529
14530
14533
14536
14537
14539
14540
15804
15805
15808
15809
6038
8298
15804
15806
15807
15808
6038
6178
14536
14538
14539
14541
8300
8302
15805
15806
8296
8303
14543
14544
14545
6043
8299
8309
8310
8312
8313
9089
14514
14516
14519
14557
14559
14560
14561
6407
8306
9091
14550
14551
14552
8301
8308
9093
14542
14543
14546
14547
14549
14551
14553
14554
8302
14558
14559
6049
6050
6051
17349
6050
6051
17352
19817
19819
19820
6049
6050
6094
6115
19817
19818
19819
29640
29641
29643
29692
29693
6049
6051
6095
6364
19817
19818
19820
29646
29647
29649
30208
30209
6096
6116
17354
29697
29698
29700
6365
17355
30213
30214
30216
6056
6057
6060
9129
9130
9132
14566
14567
14570
14571
6056
6128
9137
9138
9141
14566
14568
14570
14572
14746
14748
14750
22969
6056
6057
22971
6057
6062
6130
14566
14569
14571
14572
22973
6063
14567
14568
14569
6060
6065
14573
14574
14575
6063
8314
14573
14574
14577
14580
14581
14583
14584
15814
15815
15817
15818
6063
6097
8316
15814
15816
15817
15819
6063
6137
14580
14582
14583
14585
8318
8320
15815
15816
8314
8321
14587
14588
14589
6068
6105
8317
8327
8328
8330
8331
9121
14601
14603
14604
14606
14716
14717
14719
6408
8324
9122
14594
14595
14596
8319
8326
9124
14586
14587
14590
14591
14593
14595
14597
14598
8320
14602
14603
6074
6075
6078
9154
9155
9157
14610
14611
14614
14615
6074
6385
9162
9163
9166
14610
14612
14614
14616
15311
15312
15314
23062
6074
6075
23063
6075
6080
6386
14610
14613
14615
14616
23065
6081
14611
14612
14613
6078
6083
14617
14618
14619
6081
8332
14617
14618
14621
14624
14625
14627
14628
15824
15825
15827
15828
6081
6101
8334
15824
15826
15827
15829
6081
6391
14624
14626
14627
14629
8336
8338
15825
15826
8332
8339
14631
14632
14633
6086
6105
8335
8345
8346
8348
8349
9121
14645
14647
14648
14650
14716
14718
14720
6409
8342
9123
14638
14639
14640
8337
8344
9125
14630
14631
14634
14635
14637
14639
14641
14642
8338
14646
14647
6091
6097
8316
14654
14656
14658
14659
6091
6101
8334
14661
14663
14665
14666
6105
8317
8335
14654
14657
14658
14660
14661
14664
14665
14667
14717
14718
14721
6099
6103
29634
29635
29636
29637
8320
14655
14656
14657
8338
14662
14663
14664
6098
6139
29640
29641
29642
6102
6396
29646
29647
29648
6099
6103
14668
14669
14673
14674
29639
29641
29643
29644
29645
29647
29649
29650
6099
14687
14688
14689
14690
6099
6141
14691
14693
14695
14696
29641
29642
29644
29756
29757
29758
14679
14680
14681
14682
14692
14693
14694
6103
14705
14706
14707
14708
6103
6398
14709
14711
14713
14714
29647
29648
29650
30309
30310
30311
14697
14698
14699
14700
14710
14711
14712
14716
14717
14718
29652
29653
6110
17749
29657
29658
29659
6112
17750
29664
29665
29666
6111
6113
17753
29671
29672
29676
29677
29678
14729
29682
29683
29684
14731
6118
6124
29688
29689
29690
6123
6139
29692
6125
29696
29697
29698
19823
19828
19829
19830
19831
29706
29709
29710
29712
29713
29715
29717
29718
19825
29707
29708
29709
19826
29714
29715
29716
19821
29720
29721
6140
17769
29726
29727
29728
6124
6125
17770
19824
6125
6141
29692
29694
29756
29759
17773
19825
29688
29690
29691
29719
29720
29722
29723
29725
29727
29729
29730
19827
29696
29698
29701
29719
29721
29723
29724
6132
6135
14738
6134
6138
29732
29733
29734
14746
14747
14748
6131
6133
14751
14752
14753
14754
6131
6137
14755
14757
14758
14759
6134
6138
14741
14742
14743
14744
29739
29741
29744
14761
14771
14772
14774
14775
19832
19834
19836
19837
29738
29741
29742
29744
29739
29740
29741
14778
14779
6140
17769
29746
29747
29748
6138
14786
14787
14788
14789
17771
14777
14778
14780
14781
17774
29732
29734
29737
29745
29747
29749
29750
6141
29752
29756
29757
6147
6153
19852
29765
29766
29770
29771
29772
29773
29776
29777
29778
29779
29782
29783
19853
29761
29762
6150
19856
29766
29767
29768
6152
6157
29773
29774
29775
6158
6171
19858
29779
29780
29781
6150
6151
19838
29792
29793
29796
29797
6150
6151
19845
19847
19849
19850
21353
6151
6163
19840
19845
19848
19849
19851
21354
29792
29795
29797
29798
29838
29840
29842
23155
23156
23159
29766
29767
29770
29785
29787
29789
29790
19843
21357
6164
19844
29793
29794
29795
6156
6158
19838
29806
29807
29810
29811
6156
6165
19841
19859
19861
19863
19864
20211
29806
29809
29811
29812
29844
29845
29847
6156
6158
6181
19859
19862
19863
19865
20212
19842
20213
6166
19844
29807
29808
29809
6182
29779
29781
29783
29799
29802
29803
29805
29873
29874
29875
6189
29814
29815
6163
19840
29819
29820
29821
6165
6191
19841
29826
29827
29828
6164
6166
19844
29833
29834
29838
29839
29840
14815
6205
29844
29845
29846
14817
6169
6177
29850
29854
29855
6176
6180
14828
6179
6182
29858
29859
29860
6232
14836
14837
14838
6175
6178
14841
14843
14844
14845
6175
6181
6234
14846
14847
14848
14849
6179
6182
14831
14832
14833
14834
29872
29874
29877
14851
14852
19853
29865
29866
29867
6179
14859
14860
14861
14862
19855
14850
14851
14853
14854
19858
29858
29859
29862
29864
29866
29868
29870
14869
6248
14879
14880
14882
14884
19866
19868
19870
19871
29871
29874
29875
29877
29872
29873
29874
6197
29879
29880
6186
6198
6208
20203
29894
29896
29898
29900
6204
6267
20205
29884
29885
29886
6201
6206
20206
29878
29879
29881
29882
29883
29885
29887
29888
6203
6211
29895
29896
29897
6197
29902
29903
29904
19198
29909
29910
29911
6192
6199
19200
29915
29918
29920
29921
6192
6205
29826
29828
29831
29922
29923
29925
29926
29953
29954
29957
6201
6206
29901
29902
29906
29907
6202
19203
29916
29917
29918
6200
6214
29927
29928
29929
6202
29933
29934
6203
6216
14889
14890
29938
29939
29940
6201
6203
19884
6201
6202
19206
6202
6203
19207
19886
29928
29929
29931
29937
29938
29941
29942
19210
29916
29918
29921
29933
29934
29936
29937
29939
29942
29943
14889
14890
14891
19889
29895
29896
29898
29937
29940
29941
29943
6269
20210
29945
29946
29947
20211
29952
29953
29954
14892
14893
14894
14895
20214
29944
29946
29948
29949
29951
29953
29955
29957
6219
6226
19883
29959
29960
29961
6210
19884
29971
29973
29975
29976
6210
6220
6270
29978
29980
29981
29983
6223
19888
29958
29959
29962
29963
19889
29972
29973
29974
6224
29979
29980
6226
19883
29985
29986
19886
29990
29991
29992
19887
29997
29998
29999
19889
30004
30005
6219
6226
14899
14900
6225
6284
14902
14903
6223
6225
14899
14900
14901
19876
29959
29961
29963
30014
30015
30018
30019
6223
6272
30014
30016
30018
30020
6223
6225
6287
19879
6288
30008
30009
30010
19881
30015
30016
30017
6290
14902
14903
14904
19882
30007
30010
30011
30013
14905
6229
6241
6252
14915
14916
14917
14918
20204
6229
6247
6267
14919
14920
14921
14922
20205
30036
30038
30040
6245
6249
14907
14908
14909
14910
20207
6246
6255
14916
6250
14920
23020
30022
30023
30024
6235
6236
6242
23022
6236
6248
14929
14930
14932
14933
6244
9189
9190
9193
14923
14924
14926
14927
23024
30021
30023
30025
30026
6245
6249
14923
14925
14927
14928
6243
6258
9582
14940
14941
14942
6244
9583
14947
14948
14949
6246
6260
14954
14958
14959
14960
6245
8377
30028
30030
30032
30034
6244
6245
6244
8379
14941
14942
14944
30028
30031
30033
30034
14947
14949
14952
14957
14958
14962
14963
14957
14959
14961
14962
8382
30029
30030
30031
6249
6269
14978
14979
14981
14982
15046
15047
15048
19890
19891
19894
19896
20210
6249
14974
14975
14976
14977
19890
19892
19894
19895
20212
14964
14965
14966
14967
20215
14979
14980
6262
8376
14984
14985
6254
8377
14992
14994
14995
14996
6254
6263
6270
14997
14998
14999
15000
6265
8381
14983
14984
14986
14987
8382
14993
14994
8376
15002
15003
15004
6410
9588
15009
15010
6259
8371
8373
8374
8375
8379
9589
14940
14942
14945
15013
15015
15016
15017
8380
9590
15001
15002
15005
15006
15008
15010
15011
15012
8382
15014
15015
6266
6327
8364
15020
15021
6265
6272
15028
15029
15030
15031
6265
6330
8367
15032
15034
15036
15038
8369
15019
15020
15022
15023
6332
8370
15033
15034
15035
6269
30036
30037
30038
6271
15039
15040
15046
15047
6272
15057
15058
15059
15060
15061
15063
15064
15065
19904
19905
19908
19909
15053
15054
15077
15078
15079
15080
15081
15083
15084
15085
6285
6292
19918
30042
30043
30044
6276
6294
19919
30054
30056
30058
30060
6276
6286
6357
30061
30063
30064
30066
6289
19922
30041
30042
30045
30046
6297
19924
30055
30056
30057
6291
30062
30063
6292
19918
30068
30069
6304
19921
30073
30074
30075
19923
30080
30081
30082
6306
19924
30087
30088
6285
6292
15089
15090
6290
15092
15093
6289
6290
15089
15090
15091
19911
30042
30044
30046
30097
30098
30101
30102
6289
6359
30097
30099
30101
30103
6289
6290
19914
30091
30092
30093
19915
15092
15093
15094
19917
30090
30092
30094
30095
30098
30099
30100
15095
6307
30105
30106
6296
6308
21875
30120
30122
30124
30125
6314
6360
21877
30110
30111
30112
6312
6316
21878
30104
30105
30107
30108
30109
30111
30113
30114
6313
30121
30122
30123
6307
30128
30129
30130
6375
19241
30135
30136
30137
6303
6309
19243
30141
30144
30146
30147
6303
6315
6377
30148
30149
30151
30152
30179
30180
30182
30261
30263
30265
6311
19246
30142
30143
30144
6312
6316
30127
30129
30132
30133
6310
30153
30154
30155
6311
30159
30160
6313
15101
15102
30164
30165
30166
6312
6313
19919
6311
6312
19249
6311
6313
19250
19921
30154
30155
30158
19253
30142
30144
30147
30159
30160
30162
30163
30164
30168
30169
30163
30165
30167
30168
15101
15102
15103
19924
30121
30122
30125
30163
30166
30167
30169
6362
21882
30171
30172
30173
6381
21883
30178
30179
30180
15104
15105
15106
15107
21886
30170
30172
30174
30175
30177
30179
30181
30182
6328
8396
15110
15111
6320
6333
8397
15118
15120
15121
15122
6320
6329
6357
15123
15124
15125
15126
6331
8401
15109
15110
15112
15113
6336
8402
15119
15120
8396
15128
15129
15130
9595
15135
15136
6325
6343
8391
8393
8394
8395
8399
9596
15140
15142
15143
15144
15198
15200
15202
8400
9597
15127
15128
15131
15132
15134
15136
15137
15138
6345
8402
15141
15142
6332
8384
15146
15147
6331
6359
15161
15162
15163
15164
6331
8387
15154
15156
15158
15159
8389
15145
15146
15148
15149
8390
15155
15156
15157
6335
6347
15173
15174
15175
15176
21876
6335
6353
6360
15177
15178
15179
15180
21877
30199
30201
30203
6351
6355
15165
15166
15167
15168
21879
6352
15174
6356
15178
6385
23062
30185
30186
30187
6341
6342
6348
23064
6342
6354
6387
15187
15188
15190
15191
6350
9251
9252
9255
15181
15182
15184
15185
23066
30184
30186
30188
30189
6351
6355
15181
15183
15185
15186
6349
9609
15198
15199
15200
6350
9610
15205
15206
15207
6352
15212
15216
15217
15218
6351
8397
30191
30193
30195
30196
6350
6351
6350
8399
15199
15200
15203
30191
30194
30195
30197
15205
15207
15210
15215
15216
15220
15221
15215
15217
15219
15220
8402
30192
30193
30194
6355
6362
15232
15233
15235
15236
15285
15286
15287
19929
19930
19933
19934
21882
6355
6394
15237
15238
15239
15240
19929
19931
19933
19935
21884
15222
15223
15224
15225
21887
15233
15234
6359
15248
15249
15250
15251
15252
15254
15255
15256
19936
19937
19940
19941
6361
15244
15245
15268
15269
15270
15271
15272
15274
15275
15276
6362
30199
30200
30201
15278
15279
15285
15286
6367
6373
30204
30205
30206
6372
6396
30208
6374
30212
30213
30214
19952
19957
19958
19959
19960
30222
30225
30226
30228
30229
30231
30233
30234
19954
30223
30224
30225
19955
30230
30231
30232
19950
30236
30237
6397
17801
30242
30243
30244
6373
6374
17802
19953
6374
6398
30208
30210
30309
30312
17805
19954
30204
30206
30207
30235
30236
30238
30239
30241
30243
30245
30246
19956
30212
30214
30217
30235
30237
30239
30240
30249
30250
6379
17788
30254
30255
30256
6381
17789
30261
30262
30263
6380
6382
17792
30268
30269
30273
30274
30275
15299
30279
30280
30281
15301
6389
6393
15303
6392
6395
30285
30286
30287
15311
15312
15313
6388
6391
15316
15318
15319
15320
6388
6394
15321
15322
15323
15324
6392
6395
15306
15307
15308
15309
30299
30301
30304
15326
15327
6397
17801
30292
30293
30294
6392
15334
15335
15336
15337
17803
15325
15326
15328
15329
17806
30285
30286
30289
30291
30293
30295
30296
15344
15354
15355
15357
15358
19961
19963
19965
19966
30298
30301
30302
30304
30299
30300
30301
6398
30305
30309
30310
6786
9632
6787
8469
8413
9263
15369
15370
8415
9264
15371
15372
8417
9273
15373
15374
6794
9651
6795
9668
6796
8486
8419
9282
15375
15376
8421
8501
15377
15378
8423
8502
15379
15380
6800
9712
6412
6413
6414
6415
6459
6414
6423
6460
6417
6424
6461
6416
6417
6418
6466
6418
6427
6467
6428
6468
6420
6421
6422
6423
6473
6422
6435
6474
6425
6436
6475
6424
6425
6426
6427
6480
6426
6439
6481
6429
6440
6482
6428
6429
6430
6431
6487
6430
6443
6488
6433
6444
6489
6432
6433
6434
6494
6434
6447
6495
6448
6496
6436
6437
6438
6439
6501
6438
6502
6441
6503
6440
6441
6442
6443
6508
6442
6451
6509
6445
6452
6510
6444
6445
6446
6447
6515
6446
6455
6516
6449
6456
6517
6448
6449
6450
6522
6450
6523
6524
6452
6453
6454
6455
6536
6454
6537
6457
6538
6456
6457
6458
6543
6458
6544
6545
6461
6463
6461
6464
6465
6467
6480
6463
6464
16957
16958
16963
17085
17087
17089
6465
6469
6465
6483
6471
6484
6468
6470
6468
6471
6472
6487
6470
6471
6472
17105
17107
17109
17578
17579
17584
6472
6490
6491
6475
6477
6475
6478
6479
6481
6501
6477
6478
16964
16965
16970
17154
17156
17158
6479
6483
6479
6504
6485
6505
6482
6484
6482
6485
6486
6488
6508
6484
6485
6486
6490
6559
6486
6511
6560
6492
6512
6561
6489
6491
6489
6492
6493
6495
6515
6491
6492
6493
6497
6566
6493
6518
6567
6499
6519
6568
6496
6498
6496
6499
6500
6522
6498
6499
6500
17174
17176
17178
17628
17629
17634
6500
6525
6526
6503
6505
6503
6506
6507
6509
6505
6506
6507
6511
6507
17200
17201
17203
17663
17664
17669
6513
6510
6512
6510
6513
6514
6516
6536
6512
6513
6514
6518
6575
6514
6539
6576
6520
6540
6577
6517
6519
6517
6520
6521
6523
6543
6519
6520
6521
6525
6582
6521
6546
6583
6527
6547
6584
6524
6526
6524
6527
6528
6526
6527
6528
6528
17220
17221
17223
17684
17685
17690
6533
6534
6535
9318
9319
9320
22173
22174
22176
22187
22188
22190
6533
6534
6707
17038
22160
22161
22162
6533
6535
17039
6534
6535
6708
17041
22166
22167
22169
6709
9321
9322
9323
22198
22199
22201
6538
6540
6538
6541
6542
6544
6540
6541
6542
6546
6542
17269
17270
17272
17705
17706
17711
6548
6545
6547
6545
6548
6549
6547
6548
6549
6549
17289
17290
17292
17726
17727
17732
6554
6555
6556
6866
9364
9365
9366
22399
22400
22402
30601
30602
30607
6554
6555
6867
17052
6554
6556
6721
17053
22386
22387
22388
6555
6556
6722
6870
17055
22392
22393
22395
6871
6723
9367
9368
9369
22410
22411
22413
6558
6726
17100
20120
8454
17101
20123
6561
16616
16618
16619
16621
6561
16623
16625
16626
16628
6567
6575
16630
16631
16634
16635
16974
16975
16976
30313
30314
30315
6569
6596
30320
30321
30322
30431
30432
30433
6578
6597
30327
30328
30329
30434
30435
30436
6571
6579
6598
30334
30335
30338
30437
30438
30439
6568
16644
16647
16648
16649
6568
16651
16652
16655
16656
6582
16658
16660
16661
16663
16977
16978
16979
30341
30342
30343
6599
30348
30349
30350
30440
30441
30442
6585
6600
30355
30356
30359
30443
30444
30445
6586
6601
30362
30363
30364
30446
30447
30448
6574
6742
17195
20172
8459
17196
20175
6577
16672
16673
16676
16677
6577
16679
16682
16683
16684
6583
16686
16688
16689
16691
16983
16984
16985
30369
30370
30371
6585
6608
30376
30377
30380
30464
30465
30466
6609
30383
30384
30385
30467
30468
30469
6587
6610
30390
30391
30392
30470
30471
30472
6584
16700
16702
16703
16705
6584
16707
16709
16710
16712
16714
16717
16718
16719
16986
16987
16988
30397
30398
30401
6611
30404
30405
30406
30473
30474
30475
6612
30411
30412
30413
30476
30477
30478
6613
30418
30419
30420
30479
30480
30481
6881
8463
15830
6885
8462
8465
15832
15833
6787
6901
8469
15835
15836
6904
7045
8472
30425
30426
6905
8471
8474
30428
30429
6921
8478
15838
6925
8480
8482
15840
15841
30431
30432
30434
30435
6600
6608
30437
30438
30440
30441
30443
30444
6611
30446
30447
6941
30449
30450
6944
7074
15853
30452
30453
6946
7076
30455
30456
6796
6961
8486
15870
15871
6964
7067
8489
30458
30459
6965
8488
8491
30461
30462
30464
30465
30467
30468
6612
30470
30471
30473
30474
30476
30477
30479
30480
7075
15471
30482
30483
7092
15472
15882
30485
30486
7093
15475
30488
30489
7088
15900
7005
30491
30492
7008
7098
15877
30494
30495
7010
7100
30497
30498
7107
15491
15885
30500
30501
7099
15492
30503
30504
7108
15495
30506
30507
8496
15538
17358
30509
30510
8499
15547
17359
30512
30513
8497
8500
17360
30515
30516
7109
15919
6632
6633
6634
7151
17862
23341
23343
23344
6632
6633
7152
30518
30519
30520
6632
6634
17863
7155
17866
7156
23348
23349
23351
30519
30521
30523
30524
9875
9876
9877
17868
20670
20671
20672
30520
30522
30523
30524
6639
6640
6641
7218
17883
23474
23475
23476
6639
6640
7219
30525
30526
30527
6639
6641
17884
7222
17887
7224
23480
23481
23483
30526
30528
30530
30531
9983
9984
9985
17889
20695
20696
20697
30527
30529
30530
30531
6646
6647
6648
7405
18020
23790
23792
23793
6646
6647
7406
30532
30533
30534
6646
6648
18021
7409
18024
7410
23797
23798
23800
30533
30535
30537
30538
10693
10694
10695
18026
20991
20992
20993
30534
30536
30537
30538
6653
6654
6655
7451
18034
23881
23882
23884
6653
6655
7452
30539
30540
30541
6653
6654
18035
7455
18038
10775
10776
10777
18039
20030
20031
20032
30540
30542
30544
30545
7457
23888
23889
23891
30541
30543
30544
30545
6660
6661
6662
7528
18055
24014
24015
24016
6660
6661
7529
6660
6662
18056
30546
30547
30548
7532
18059
7534
24020
24021
24023
30547
30549
30551
30552
10898
10899
10900
18061
21125
21126
21127
30548
30550
30551
30552
6667
6668
6669
7574
18069
24105
24106
24107
6667
6668
7575
6667
6669
18070
30553
30554
30555
7578
18073
7580
24111
24112
24114
30554
30556
30558
30559
10980
10981
10982
18075
21259
21260
21261
30555
30557
30558
30559
6674
6675
6676
7761
18206
24414
24415
24417
6674
6676
7762
6674
6675
18207
30560
30561
30562
7765
18210
11690
11691
11692
18211
20085
20086
20087
30561
30563
30565
30566
7767
24421
24422
24424
30562
30564
30565
30566
6681
6682
6683
7828
18227
24547
24548
24549
6681
6682
7829
6681
6683
18228
30567
30568
30569
7832
18231
7834
24553
24554
24556
30568
30570
30572
30573
11798
11799
11800
18233
21554
21555
21556
30569
30571
30572
30573
6688
6689
6690
7876
11975
11976
11977
24686
24687
24688
30983
30985
30989
6688
6689
6692
17003
24672
24673
24674
6688
6690
7877
17004
6689
6690
6694
7880
17007
24678
24679
24681
6697
11978
11979
11980
24696
24697
24699
7882
6695
6696
6697
7883
12005
12006
12007
24765
24766
24768
30997
30998
31003
6696
6697
17010
24752
24753
24754
6695
6696
7884
17011
6695
6697
7887
7888
17014
24758
24759
24761
12008
12009
12010
24776
24777
24779
6702
6703
6704
7933
12199
12200
12201
26147
26148
26149
31011
31013
31017
6702
6703
7934
17017
6702
6704
6713
17018
26133
26134
26135
6703
6704
6715
7937
17021
26139
26140
26142
7939
6718
12202
12203
12204
26157
26158
26160
6709
6710
6711
7960
12231
12232
12233
26376
26377
26379
31026
31027
31031
6710
6711
7961
17024
6709
6710
17025
26363
26364
26365
6709
6711
12234
12235
12236
26387
26388
26390
7965
17028
26369
26370
26372
7966
6716
6717
6718
7967
12261
12262
12263
26456
26457
26459
31039
31040
31045
6717
6718
17031
26443
26444
26445
6716
6717
7968
17032
6716
6718
7971
7972
17035
26449
26450
26452
12264
12265
12266
26467
26468
26470
6723
6724
6725
8034
12464
12465
12466
28059
28060
28062
31054
31055
31059
6724
6725
8035
17045
6723
6724
17046
28046
28047
28048
6723
6725
12467
12468
12469
28070
28071
28073
8039
17049
28052
28053
28055
8040
6727
17080
21577
8726
17083
21581
6731
6732
8745
8747
6731
6732
6734
6732
8748
15413
6736
8746
8750
6736
6737
8771
8773
6736
6737
6737
8774
15414
8772
8776
8811
8816
15420
8836
8841
15439
8868
8873
15430
8900
8905
15449
6743
17162
21696
8914
17165
21700
6747
6748
8933
8938
6747
6748
6757
6748
8934
15415
6759
8939
8936
6750
6761
17182
21723
8953
17185
21726
6754
6755
8972
8977
6754
6755
6764
6755
8973
15416
6766
8978
8975
6759
6760
8998
9000
6759
6760
6760
9001
15417
8999
9003
6762
17215
21764
9026
17218
21767
6766
6767
9037
9039
6766
6767
6767
9040
15405
9038
9042
9076
9081
15467
9108
9113
15486
9140
9145
15477
9165
9170
15496
6773
6779
17277
21855
9183
17280
21858
6777
6778
9202
9207
6777
6778
6782
6778
9203
15418
6784
9208
9205
6780
17297
21896
9219
17300
21899
6784
6785
9230
9235
6784
6785
6785
9231
15412
9236
9233
7044
15920
15921
9258
15502
17316
30574
30575
9261
15514
17317
30577
30578
9259
9262
17318
30580
30581
9267
15511
17330
30583
30584
9270
15390
17331
30586
30587
9268
9271
17332
30589
30590
7066
15922
7077
15923
15924
9276
15532
17344
30592
30593
9279
15406
17345
30595
30596
9277
9280
17346
30598
30599
7103
15925
6804
6805
7152
7154
7155
6804
6806
17376
17863
17864
17866
6805
6806
6807
17378
6807
6807
17379
17380
6811
6812
7219
7221
7222
6811
6813
17383
17884
17885
17887
6812
6813
6814
17385
6814
6814
17386
17387
6818
6819
7406
7408
7409
6818
6820
6819
6820
17390
18021
18022
18024
6821
6821
17392
6821
17393
17394
6825
6826
7452
7454
7455
6825
6827
6826
6827
17397
18035
18036
18038
6828
6828
17399
6828
17400
17401
6832
6833
7529
7530
7532
6832
6834
17405
18056
18057
18059
6833
6834
6835
17406
6835
6835
17407
17408
6839
6840
7575
7576
7578
6839
6841
17412
18070
18071
18073
6840
6841
6842
17413
6842
6842
17414
17415
6846
6847
7762
7763
7765
6846
6848
6847
6848
17419
18207
18208
18210
6849
6849
17420
6849
17421
17422
6853
6854
7829
7830
7832
6853
6855
6854
6855
17426
18228
18229
18231
6856
6856
17427
6856
17428
17429
6859
7929
22131
6859
22137
22135
22139
6861
18111
19019
22279
19023
22284
7997
19026
22285
6865
8033
22357
6865
22363
22361
22365
30601
30602
30603
6870
6871
18221
6870
18223
22417
22418
22419
30609
30611
30613
30614
6871
30610
30612
30613
30614
18225
22421
22422
22424
30601
30604
30606
30607
30602
30605
30606
30607
30608
30609
30610
6874
18235
19269
22438
19273
22443
8041
19276
22444
6877
18495
19504
22616
19507
22621
6879
19472
19511
22622
19514
22627
22628
30615
30616
30617
9425
15932
15933
15936
6884
8733
8734
8735
9420
15926
15927
15928
15931
22631
30616
30618
30620
30621
6884
9427
15933
15934
15935
15938
22632
30617
30619
30620
30621
6885
9421
9428
22633
9423
9430
15832
15833
15834
15928
15929
15930
15931
15935
15936
15937
15938
6888
6891
6900
6888
6892
7044
8748
8749
8750
9432
16030
16031
16032
6889
9434
6891
6892
9435
22642
6891
6892
6904
7045
22643
30839
30840
30841
6906
22647
7046
9438
22648
30842
30843
30844
6895
6898
16609
17564
17566
17567
17569
7047
30622
30623
30624
30845
30846
30847
6896
30622
30625
30626
30627
6898
15422
30637
30638
30639
30641
7048
15425
16610
30630
30631
30632
30848
30849
30850
15427
16612
30629
30631
30633
30634
7049
15428
30636
30637
30640
30851
30852
30853
6902
6906
6902
6905
8774
8775
8776
9439
15835
15836
15837
6903
9441
6905
6906
9442
22656
6905
6906
22657
30425
30426
30427
9444
22660
30428
30429
30430
22661
22670
30643
30644
30645
7053
9452
15945
15946
15949
6911
8793
8794
8795
9447
15939
15940
15941
15944
22673
30644
30646
30648
30649
6911
9454
15946
15947
15948
15951
22674
30645
30647
30648
30649
6912
9448
9455
22675
7054
9451
9458
15941
15942
15943
15944
15948
15949
15950
15951
16053
16054
16055
6915
6918
16644
17592
17594
17595
17597
7058
30650
30651
30652
30872
30873
30874
6916
30650
30653
30654
30655
6918
15432
30665
30666
30667
30669
7059
15435
16645
30658
30659
30660
30875
30876
30877
15437
16647
30657
30659
30661
30662
7060
15438
30664
30665
30668
30878
30879
30880
22808
30671
30672
30673
9476
15952
15953
15956
6924
9478
15953
15954
15955
15958
22811
30672
30674
30676
30677
6924
8921
8922
8923
9484
15959
15960
15961
15964
22812
30673
30675
30676
30677
6925
9479
9485
22813
9481
9487
15840
15841
15842
15955
15956
15957
15958
15961
15962
15963
15964
6928
6931
16609
17614
17616
17617
17619
7063
30678
30679
30680
30881
30882
30883
6929
30678
30681
30682
30683
6931
15442
30693
30694
30695
30697
7064
15444
16611
30686
30687
30688
30884
30885
30886
15446
16613
30685
30687
30689
30690
7065
15448
30692
30693
30696
30887
30888
30889
6935
6938
6960
6935
6939
7066
8934
8935
8936
9489
16090
16091
16092
6936
9491
6938
6939
9492
22822
6938
6939
6964
7067
22823
30890
30891
30892
6966
22827
7068
9495
22828
30893
30894
30895
6942
6945
16644
17635
17637
17638
17640
30449
30450
30451
30699
30700
30701
6943
30699
30702
30703
30704
6945
15452
30714
30715
30716
30719
15454
16646
30452
30453
30454
30707
30708
30709
15456
16648
30706
30708
30710
30712
15458
30455
30456
30457
30713
30714
30717
22836
30720
30721
30722
7072
9496
15965
15966
15969
6951
9498
15966
15967
15968
15971
22839
30721
30723
30725
30726
6951
8960
8961
8962
9504
15972
15973
15974
15977
22840
30722
30724
30725
30726
6952
9499
9505
22841
7073
9502
9508
15968
15969
15970
15971
15974
15975
15976
15977
16104
16105
16106
6955
6958
6980
6955
6959
7077
8973
8974
8975
9509
16116
16117
16118
6956
9511
6958
6959
9512
22850
6958
6959
6984
7078
22851
30914
30915
30916
6985
22855
7079
9515
22856
30917
30918
30919
6962
6966
6962
6965
9001
9002
9003
9526
15870
15871
15872
6963
9528
6965
6966
9529
22927
6965
6966
22928
30458
30459
30460
9531
22931
30461
30462
30463
22932
22941
30727
30728
30729
7083
9539
15984
15985
15988
6971
9020
9021
9022
9534
15978
15979
15980
15983
22944
30728
30730
30732
30733
6971
9541
15985
15986
15987
15990
22945
30729
30731
30732
30733
6972
9535
9542
22946
7084
9538
9545
15980
15981
15982
15983
15987
15988
15989
15990
16130
16131
16132
6975
6978
16679
17677
17679
17680
17682
7085
30734
30735
30736
30929
30930
30931
6976
30734
30737
30738
30739
6978
15459
30749
30750
30751
30753
7086
15462
16680
30742
30743
30744
30932
30933
30934
15464
16682
30741
30743
30745
30746
7087
15465
30748
30749
30752
30935
30936
30937
6982
6985
6982
6986
7088
9040
9041
9042
9546
16142
16143
16144
6983
9548
6985
6986
9549
22955
6985
6986
7089
22956
30938
30939
30940
22959
7090
9552
22961
30941
30942
30943
6989
6992
16714
17698
17700
17701
17703
7091
30755
30756
30757
30944
30945
30946
6990
30755
30758
30759
30760
6992
15469
30770
30771
30772
30774
7092
15472
16715
30763
30764
30765
30947
30948
30949
15474
16717
30762
30764
30766
30767
7093
15475
30769
30770
30773
30950
30951
30952
22969
30776
30777
30778
7094
9559
15997
15998
16001
6998
9059
9060
9061
9554
15991
15992
15993
15996
22972
30777
30779
30781
30782
6998
9561
15998
15999
16000
16003
22973
30778
30780
30781
30782
6999
9555
9562
22974
7095
9558
9565
15993
15994
15995
15996
16000
16001
16002
16003
16156
16157
16158
7001
18973
19777
23008
19780
23013
7003
19706
19784
23014
19787
23019
7006
7009
16679
17712
17714
17715
17717
30491
30492
30493
30783
30784
30785
7007
30783
30786
30787
30788
7009
15479
30798
30799
30800
30803
15481
16681
30494
30495
30496
30791
30792
30793
15483
16683
30790
30792
30794
30796
15485
30497
30498
30499
30797
30798
30801
23020
30804
30805
30806
7101
9575
16004
16005
16008
7015
9577
16005
16006
16007
16010
23023
30805
30807
30809
30810
7015
9190
9191
9192
9583
16011
16012
16013
16016
23024
30806
30808
30809
30810
7016
9578
9584
23025
7102
9581
9587
16007
16008
16009
16010
16013
16014
16015
16016
16177
16178
16179
7019
7022
7031
7019
7023
7103
9203
9204
9205
9588
16180
16181
16182
7020
9590
7022
7023
9591
23034
7022
7023
7035
7104
23035
30962
30963
30964
7036
23039
7105
9594
23040
30965
30966
30967
7026
7029
16714
17740
17742
17743
17745
7106
30811
30812
30813
30968
30969
30970
7027
30811
30814
30815
30816
7029
15489
30826
30827
30828
30830
7107
15491
16716
30819
30820
30821
30971
30972
30973
15493
16718
30818
30820
30822
30823
7108
15495
30825
30826
30829
30974
30975
30976
7033
7036
7033
7037
7109
9231
9232
9233
9595
16192
16193
16194
7034
9597
7036
7037
9598
23048
7036
7037
7110
23049
30977
30978
30979
23052
7111
9601
23054
30980
30981
30982
23062
30832
30833
30834
7112
9602
16017
16018
16021
7042
9604
16018
16019
16020
16023
23065
30833
30835
30837
30838
7042
9252
9253
9254
9610
16024
16025
16026
16029
23066
30834
30836
30837
30838
7043
9605
9611
23067
7113
9608
9614
16020
16021
16022
16023
16026
16027
16028
16029
16197
16198
16199
9632
16030
16031
9635
30839
30840
9634
9637
30842
30843
30845
30846
7051
15384
30848
30849
7052
30851
30852
7055
15424
30854
30855
15425
15843
30857
30858
15428
30860
30861
9643
16051
9642
9645
16053
16054
15434
30863
30864
7059
15387
15435
30866
30867
7060
15438
30869
30870
30872
30873
15852
30875
30876
30878
30879
8146
9643
16074
16075
8148
9266
16077
16078
30881
30882
7069
15385
30884
30885
7071
30887
30888
9651
16090
16091
9654
30890
30891
9653
9656
30893
30894
15444
15846
30896
30897
7080
15445
30899
30900
15448
30902
30903
9660
16102
9662
9664
16104
16105
15454
15858
30905
30906
15455
30908
30909
15458
30911
30912
9668
16116
16117
7089
9671
30914
30915
9670
9673
30917
30918
15461
30920
30921
7086
15396
15462
30923
30924
7087
15465
30926
30927
9679
16128
9678
9681
16130
16131
30929
30930
15876
30932
30933
30935
30936
9685
16142
16143
9688
30938
30939
9687
9690
30941
30942
30944
30945
15888
30947
30948
30950
30951
9696
16154
9695
9698
16156
16157
8284
9679
16159
16160
8286
9275
16162
16163
15481
15879
30953
30954
15482
30956
30957
15485
30959
30960
9704
16175
9706
9708
16177
16178
9712
16180
16181
7110
9715
30962
30963
9714
9717
30965
30966
30968
30969
15889
30971
30972
30974
30975
9721
16192
16193
9724
30977
30978
9723
9726
30980
30981
9730
16195
9732
9734
16197
16198
7277
9738
7116
17858
17926
23298
17930
23303
7121
7122
7123
9748
9754
9761
7121
7122
9749
7121
7123
9755
7122
7123
9762
9752
9758
9753
9766
9760
9767
7128
7129
7130
8505
8506
8508
9797
9798
9799
9823
9825
9827
7129
7130
7152
7128
7129
7153
9803
9804
9806
7128
7130
9809
9811
9814
9837
9839
9842
7156
9816
9817
9819
7132
7133
7160
9802
9800
9805
7161
9807
7145
9850
7137
7147
7138
7164
9851
7138
7166
7168
9853
7142
7143
9856
15553
7142
7186
7143
7187
9861
15554
9859
9860
9862
15555
7148
7149
7150
9865
23327
7148
7149
9866
7148
7150
7165
7149
7150
7166
23328
9869
9870
23331
7169
23333
7155
7156
7157
7155
7156
7156
7157
9888
9889
9892
7155
7157
9896
9897
9900
7161
7162
9879
9886
9893
7162
9880
7161
7162
9887
9890
9894
9883
9891
7167
7168
7169
9908
9915
7167
7168
9909
7167
7169
7168
7169
9916
9912
9913
9919
9920
7172
7173
9929
23377
7172
7173
7200
7201
23381
7178
7180
16214
16218
16219
16220
16200
16201
16202
7178
7180
7205
15556
15557
15558
15559
7206
16207
16208
16209
16201
16204
16205
16206
16214
16215
16216
7207
16209
16211
16212
16213
9931
23394
23399
7184
7193
9933
7184
7191
7195
7197
9935
7188
7189
9938
15560
7188
7189
9943
15561
9941
9942
9944
15562
7212
9947
7214
7196
7197
7198
9948
9955
7196
7197
9949
7196
7198
7213
7197
7198
7214
9956
9952
9953
9959
7217
9961
7201
7202
9969
23418
7201
7202
23421
7207
7208
16235
16239
16240
16241
16221
16222
16223
7207
7208
15563
15564
15565
15566
16228
16229
16230
16229
16232
16233
16234
16222
16225
16226
16227
16235
16236
16237
9971
23435
23440
7215
7216
7217
9973
23459
7215
7216
9974
7215
7217
7216
7217
23460
9977
9978
23463
23464
7222
7223
7224
7222
7224
7231
7223
7224
7232
9996
9997
9999
7222
7223
7234
10004
10005
10007
7228
7229
9987
9994
10001
7228
9988
7228
7229
7237
9995
9991
9998
7238
10000
10002
7234
7235
7236
8512
8513
8515
10033
10034
10035
10059
10061
10063
7234
7236
7234
7235
10039
10040
10043
7235
7236
10045
10046
10049
10052
10054
10057
10073
10075
10078
7238
7239
10038
10041
10036
10042
7291
10086
7242
17892
17940
23532
17943
23537
7247
7248
7249
10096
10102
10109
7247
7248
10097
7247
7249
10103
7248
7249
10110
10100
10106
10101
10113
10108
10115
7254
7255
10129
23542
7254
7254
7255
7269
10130
7255
7271
23543
10128
10133
7273
10135
23545
7257
7258
7278
10153
10156
7281
10151
10158
7263
7264
10187
23572
7263
7263
7264
7270
10188
7264
7271
23573
10186
10191
7274
10193
23575
7266
7267
7350
10211
10214
7353
10209
10216
7272
7273
7274
10244
7272
7273
7272
7274
7273
7274
10245
10248
10249
7279
7280
7281
10251
23604
7280
7281
7279
7280
10252
7279
7281
10255
10256
23607
23608
7286
7287
7288
7286
7288
20298
7286
7287
9755
9757
9760
10253
10254
10257
7287
7288
9762
9764
9767
20300
9775
9776
9779
10259
10261
10264
10266
10268
10271
20302
7293
7294
7295
10272
23616
7294
7295
7293
7294
10273
7293
7295
7309
10276
10277
23619
7311
23620
7300
7301
7302
7301
7302
20312
7300
7301
10103
10105
10108
10274
10275
10278
7300
7302
10110
10112
10115
20314
10123
10124
10127
10280
10282
10285
10287
10289
10292
20316
7307
7308
10294
23632
7307
7307
7308
7313
10295
7308
7315
23633
10293
10298
7317
10300
23635
7310
7311
10318
10321
10316
10322
7316
7317
7318
10351
7316
7317
7316
7318
7321
7317
7318
7322
10352
10355
7324
10357
7323
7324
10359
23668
7323
7323
7324
10360
7324
23669
10358
10363
10364
23671
7326
7327
7364
10383
10386
7367
10381
10388
7351
10416
7330
17982
17988
23694
17992
23699
7335
7336
7337
10426
10432
10439
7335
7336
10427
7335
7337
10433
7336
7337
10440
10430
10436
10431
10444
10438
10445
7342
7343
7344
8521
8522
8524
10475
10477
10479
10503
10504
10505
7343
7344
7406
7342
7343
7342
7344
7407
10509
10510
10512
10489
10491
10494
10515
10517
10520
7410
10522
10523
10525
7346
7347
7414
10508
10506
10511
7415
10513
7352
7353
7354
10528
23723
7353
7354
7352
7353
7352
7354
10529
10532
23726
10533
23727
7359
7360
7361
7359
7361
20381
7359
7360
10433
10435
10438
10530
10531
10534
7360
7361
10440
10442
10445
20383
10453
10454
10457
10536
10538
10541
10543
10545
10548
20385
7366
7367
7368
10549
23735
7367
7368
7366
7367
7366
7368
7376
10550
10553
23738
10555
23739
7373
7374
7375
7373
7374
20418
7373
7375
10551
10552
10554
10587
10589
10591
7374
7375
10594
10595
10597
20420
20421
10557
10559
10561
10564
10566
10568
10604
10605
10606
10570
7378
18002
18016
23747
18005
23750
7383
7384
7385
10580
10586
10593
7383
7385
10581
7383
7384
10587
7384
7385
10594
10584
10590
10591
10597
10585
10599
7390
7391
7392
8532
8533
8535
10629
10630
10633
10657
10658
10659
7390
7392
7452
7390
7391
7391
7392
7453
10663
10664
10666
10643
10645
10648
10669
10671
10674
7457
10676
10677
10679
7394
7395
7460
10662
10660
10665
7462
10667
7399
10682
7401
7418
7402
7403
7404
10683
23776
7402
7403
10684
7402
7404
7426
7403
7404
7428
23777
10687
10688
23780
7430
23782
7409
7410
7411
7409
7410
7410
7411
10706
10707
10710
7409
7411
10714
10715
10718
7415
7416
10697
10704
10711
7416
10698
7415
7416
10705
10708
10712
10701
10709
7419
7427
10726
7419
7428
7431
10728
7423
7424
10731
15567
7423
7496
7424
7497
10736
15568
10734
10735
10737
15569
7429
7430
7431
10740
10747
7429
7430
7429
7431
10741
7430
7431
10748
10744
10751
10745
10752
7434
7435
10761
23826
7434
7435
7508
7509
23830
7440
7442
16256
16260
16261
16262
16242
16243
16244
7440
7442
7513
15570
15571
15572
15573
7514
16249
16250
16251
16243
16246
16247
16248
16256
16257
16258
7515
16251
16253
16254
16255
10763
23843
23848
7448
7449
7450
10765
23867
7448
7449
7463
10766
7448
7450
7466
7449
7450
7464
7468
23868
10769
10771
23872
7470
23873
7455
7456
7457
7455
7457
7456
7457
10788
10789
10792
7455
7456
10796
10797
10800
7461
7462
10779
10786
10793
7461
10780
7461
7462
10787
10783
10790
10791
10794
10808
7485
7469
7470
7471
10809
10816
7469
7470
7469
7471
7484
10810
7470
7471
7485
10817
10813
10820
7486
10815
10822
7474
7475
10830
23917
7474
7475
7548
7550
23921
7480
7482
16277
16280
16281
16283
16263
16264
16265
7480
7482
7553
15577
15578
15579
15580
7554
16270
16271
16272
16264
16266
16268
16269
16277
16278
16279
7556
16272
16273
16275
16276
10832
23934
23939
7486
10834
7486
10836
7490
7491
10839
15574
7490
7563
7491
7564
10844
15575
10842
10843
10845
15576
7494
7501
10848
7494
7503
7520
7505
10850
7498
7499
10853
15581
7498
7499
10858
15582
10856
10857
10859
15583
7504
7505
7506
10862
10869
7504
7505
10863
7504
7506
7522
7505
7506
7524
10870
10866
10867
10873
7526
10875
7509
7510
10883
23958
7509
7510
23961
7515
7516
16298
16302
16303
16304
16284
16285
16286
7515
7516
15584
15585
15586
15587
16291
16292
16293
16292
16295
16296
16297
16285
16288
16289
16290
16298
16299
16300
10885
23975
23980
7523
10887
7524
7525
7526
7527
10888
23999
7525
7526
7525
7527
10889
7526
7527
24000
10892
24003
10893
24004
7532
7533
7534
7532
7534
7589
7532
7533
7533
7534
7590
10911
10912
10914
7592
10919
10920
10922
7538
7539
10902
10909
10916
7538
10903
7538
7539
7595
10910
10906
10913
7596
10915
10917
7544
7545
7546
10931
10938
7544
7545
7559
10932
7544
7546
7568
7545
7546
7560
7570
10939
10935
7561
10937
10943
7572
10944
7549
7550
10952
24049
7549
7550
24052
7555
7556
16319
16322
16323
16325
16305
16306
16307
7555
7556
15591
15592
15593
15594
16312
16313
16314
16306
16308
16310
16311
16313
16315
16317
16318
16319
16320
16321
10954
24066
24071
7561
10956
7561
7587
10958
7565
7566
10961
15588
7565
7566
10966
15589
10964
10965
10967
15590
7571
7572
7573
10970
24090
7571
7572
7571
7573
7586
10971
7572
7573
7587
24091
10974
24094
10976
24096
7578
7579
7580
7578
7580
7637
7578
7579
7579
7580
7638
10993
10994
10996
7641
11001
11002
11004
7584
7585
10984
10991
10998
7584
10985
7584
7585
7643
10992
10988
10995
7645
10997
10999
11013
7592
7593
7594
8539
8540
8542
11031
11032
11033
11057
11059
11061
7592
7594
7592
7593
11037
11038
11041
7593
7594
11043
11044
11047
11050
11052
11055
11071
11073
11076
7596
7597
11036
11039
11034
11040
7610
11084
7600
18078
18084
24163
18087
24168
7605
7606
7607
11094
11100
11107
7605
7606
11095
7605
7607
11101
7606
7607
11108
11098
11104
11099
11111
11106
11113
7612
7613
7614
11126
24169
7613
7614
7612
7613
11127
7612
7614
7662
11130
11131
24172
7664
24173
7619
7620
7621
7620
7621
20456
7619
7620
11101
11103
11106
11128
11129
11132
7619
7621
11108
11110
11113
20458
11121
11122
11125
11134
11136
11139
11141
11143
11146
20460
7626
7627
7628
11147
24181
7627
7628
7626
7627
7646
11148
7626
7628
7722
11151
11153
24184
7723
24185
7633
7634
7635
7633
7634
20493
7633
7635
11149
11150
11152
11255
11256
11258
7634
7635
11262
11263
11265
20495
20496
11155
11157
11159
11162
11164
11166
11269
11270
11271
7640
7641
7642
8551
8552
8553
11185
11186
11187
11211
11212
11215
7641
7642
7640
7641
11191
11192
11195
7640
7642
11197
11199
11202
11225
11227
11230
11204
11205
11208
7644
7645
11190
11188
11193
11194
11238
7648
18098
18112
24216
18101
24219
7653
7654
7655
11248
11254
11261
7654
7655
11249
7653
7654
11255
7653
7655
11262
11258
11265
11252
11259
11253
11266
7660
7661
11280
24226
7660
7661
7666
11281
7660
7661
7668
24227
11284
11287
7670
11286
24229
7663
7664
11305
11308
11303
11309
7669
7670
7671
11338
7669
7670
7669
7671
7673
7670
7671
7675
11339
11342
7677
11344
7676
7677
11345
24262
7676
7677
11346
7676
7677
24263
11349
11352
11350
24265
7679
7680
7683
11370
11373
7686
11368
11375
7685
7686
7687
11403
24288
7686
7687
7685
7686
7685
7687
7734
11404
11407
24291
11409
24292
7692
7693
7694
7692
7693
20562
7692
7694
11405
11406
11408
11585
11587
11589
7693
7694
11592
11593
11595
20564
20565
11411
11413
11415
11418
11420
11422
11602
11603
11604
7699
7700
7701
11424
24293
7700
7701
7699
7700
7731
7699
7701
7860
11425
11428
7732
24296
11430
24297
7706
7707
7708
7706
7707
20576
7706
7708
11426
11427
11429
11933
11934
11936
7707
7708
11940
11941
11943
20578
20579
11432
11434
11436
11439
11441
11443
11947
11948
11949
7713
7714
7715
11445
7713
7714
7717
7713
7715
7726
7714
7715
7719
7728
11446
7721
11450
7730
11451
7720
7721
11452
24315
7720
7721
11453
7720
7721
24316
11456
11459
11457
24318
7723
7724
11477
11475
11480
11481
7729
7730
11510
24345
7729
7730
11511
7729
7730
24346
11514
11517
11515
24348
7732
7733
11535
11533
11538
11539
11568
7736
18146
18202
24371
18149
24374
7741
7742
7743
11578
11584
11591
7741
7743
11579
7741
7742
11585
7742
7743
11592
11582
11588
11589
11595
11583
11597
7748
7749
7750
8559
8560
8562
11627
11628
11631
11655
11656
11657
7748
7750
7762
7748
7749
7749
7750
7764
11661
11662
11664
11641
11643
11646
11667
11669
11672
7767
11674
11675
11677
7752
7753
7770
11660
11658
11663
7772
11665
7758
7759
7760
11680
24400
7758
7759
7774
7758
7760
7792
11681
7759
7760
7776
7793
24401
11684
7778
24405
11686
24406
7765
7766
7767
7765
7767
7765
7766
7766
7767
11703
11704
11707
11711
11712
11715
7771
7772
11694
11701
11708
7771
11695
7771
7772
11702
11698
11705
11706
11709
7777
7778
7779
11723
11730
7777
7778
7777
7779
7794
11724
7778
7779
7795
11731
11727
11734
7796
11729
11736
7782
7783
11744
24450
7782
7783
7810
7812
24454
7788
7790
16340
16343
16344
16346
16326
16327
16328
7788
7790
7815
15598
15599
15600
15601
7816
16333
16334
16335
16327
16329
16331
16332
16340
16341
16342
7818
16335
16336
16338
16339
11746
24467
24472
11748
7795
7796
11749
7796
11751
7800
7801
11754
15595
7800
7844
7801
7845
11759
15596
11757
11758
11760
15597
7806
7807
7808
11763
11770
7806
7807
7822
7806
7808
7840
11764
7807
7808
7824
7841
11771
11767
7826
11775
7842
11769
11776
7811
7812
11784
24491
7811
7812
24494
7817
7818
16361
16364
16365
16367
16347
16348
16349
7817
7818
15605
15606
15607
15608
16354
16355
16356
16348
16350
16352
16353
16355
16357
16359
16360
16361
16362
16363
11786
24508
24513
7825
7826
7827
11788
24532
7825
7826
7825
7827
7848
11789
7826
7827
7849
24533
11792
24536
11794
24538
7832
7833
7834
7832
7834
7851
7832
7833
7833
7834
7853
11811
11812
11814
7856
11819
11820
11822
7838
7839
11802
11809
11816
7838
11803
7838
7839
7857
11810
11806
11813
7859
11815
11817
7842
11831
7842
7849
11833
7846
7847
11836
15602
7846
7847
11841
15603
11839
11840
11842
15604
11845
7854
7855
7856
8567
8568
8569
11863
11864
11867
11891
11892
11893
7855
7856
7854
7855
7854
7856
11897
11898
11901
11877
11879
11882
11903
11905
11908
11910
11911
11914
7858
7859
11896
11894
11899
11900
11916
7862
18160
18236
24605
18163
24608
7867
7868
7869
11926
11932
11939
7868
7869
11927
7867
7868
11933
7867
7869
11940
11936
11943
11930
11937
11931
11944
7871
17857
18327
24611
18332
24616
7873
18334
24617
7875
24643
7875
24649
24646
24651
30983
30984
30985
7880
7882
17870
7880
17872
24703
24704
24706
30991
30993
30994
30996
7882
30992
30993
30995
30996
17875
24707
24709
24711
30983
30986
30988
30989
30990
30991
30992
30985
30987
30988
30989
30997
30998
30999
7887
7888
17877
7888
17879
24783
24784
24786
31005
31007
31009
31010
7887
31006
31008
31009
31010
30997
31001
31002
31003
17882
24787
24789
24791
30998
31000
31002
31003
31004
31005
31006
7892
7895
24826
7892
24832
24830
24834
7894
17452
17891
24879
17456
24883
17459
24885
18313
18387
24946
18317
18592
24952
18359
18392
25031
7901
12082
25176
25182
7901
18427
25183
18428
25181
25188
7906
7907
7908
18419
7907
7908
20751
7906
7907
18421
20753
24744
24746
24749
7906
7908
11999
12000
12001
25202
25204
25207
25222
25223
25226
12002
12003
12004
18423
25228
25230
25233
18424
20755
7913
7914
7915
18430
7913
7915
19992
7913
7914
18432
19994
24870
24872
24875
7914
7915
12040
12041
12042
25241
25242
25244
25296
25298
25300
18434
19996
12043
12044
12045
18435
25247
25249
25252
7918
12083
25270
25276
7918
18438
25277
18440
25274
25280
18494
18527
25480
18522
18542
25572
18546
18677
25578
7923
17981
18556
25584
18561
25589
7930
18563
25590
18597
18615
25674
18682
18700
25979
7928
18015
18641
26072
18646
26077
18648
26078
7932
26104
7932
26110
26107
26112
31011
31012
31013
7937
7939
18028
7937
18030
26164
26165
26167
31019
31021
31022
31024
7939
31020
31021
31023
31024
18033
26168
26169
26172
31011
31014
31016
31017
31018
31019
31020
31013
31015
31016
31017
7942
12229
26228
26234
7942
18766
26235
18767
26233
26240
7947
7948
7949
18758
7948
7949
20996
7947
7948
18760
20998
26205
26207
26210
7947
7949
12223
12224
12225
26254
26256
26259
26274
26275
26278
12226
12227
12228
18762
26280
26282
26285
18763
21000
7952
12230
26303
26309
7952
18798
26310
18799
26308
26314
7957
7958
7959
18790
7957
7958
21054
7957
7959
18792
21056
26435
26436
26438
7958
7959
12255
12256
12257
26329
26330
26333
26349
26350
26352
18794
21057
12258
12259
12260
18795
26355
26357
26359
31025
31026
31027
7965
7966
18042
7965
18044
26394
26395
26397
31033
31035
31036
31038
7966
31034
31035
31037
31038
31032
31033
31034
18047
26398
26399
26402
31026
31028
31030
31031
31027
31029
31030
31031
31039
31040
31041
7971
7972
18049
7972
18051
26474
26475
26477
31047
31049
31051
31052
7971
31048
31050
31051
31052
31039
31043
31044
31045
18054
26478
26480
26482
31040
31042
31044
31045
31046
31047
31048
7976
8002
26517
7976
26523
26521
26525
7981
7982
7983
18858
7981
7983
20035
7981
7982
18861
20037
26561
26563
26566
7982
7983
12296
12297
12298
26577
26578
26580
26632
26634
26636
18862
20039
12299
12300
12301
18864
26583
26585
26588
7986
12305
26606
26612
7986
18866
26613
18868
26610
26616
7991
7992
7993
18890
7991
7992
21181
7991
7993
18893
21183
26786
26788
26790
7992
7993
12321
12322
12323
26652
26653
26654
26707
26708
26710
18895
21185
12324
12325
12326
18896
26658
26660
26662
7996
12306
26681
26687
7996
18898
26688
18899
26685
26691
7999
26742
7999
26748
26745
26750
8001
17500
18077
26795
17504
26799
17507
26801
18972
19005
26996
19057
19090
27301
19000
19105
27358
19109
19162
27364
19167
19185
27507
8010
12431
27617
27623
8010
19219
27624
19220
27622
27628
8015
8016
8017
19211
8015
8016
21370
8015
8017
19214
21372
28118
28119
28121
8016
8017
12488
12489
12490
27643
27644
27647
27663
27664
27666
19215
21373
12491
12492
12493
19217
27669
27671
27673
8022
8023
8024
19222
8022
8023
21421
8022
8024
19225
21423
28190
28192
28194
8023
8024
12508
12509
12510
27682
27683
27684
27737
27738
27740
19227
21425
12511
12512
12513
19228
27688
27690
27692
8027
12432
27711
27717
8027
19230
27718
19231
27715
27721
19317
19335
28001
17522
19085
28022
17526
19312
28028
8032
18201
19126
28034
19131
28039
19133
28040
31053
31054
31055
8039
8040
18214
8039
18216
28077
28078
28080
31061
31063
31064
31066
8040
31062
31063
31065
31066
31060
31061
31062
18219
28081
28082
28085
31054
31056
31058
31059
31055
31057
31058
31059
8043
28146
8043
28152
28149
28154
8045
18360
19410
28224
19413
28229
8047
17544
19417
28230
19420
28235
12620
17543
19464
8051
8052
12693
8051
8052
8062
12694
15661
12692
12697
15662
8064
12699
8057
8058
8059
8065
8739
8740
8742
12774
12775
12777
8057
8059
8074
8058
8059
8075
8057
8058
8067
8069
8070
8078
8753
8754
8757
12787
12788
12790
8063
8064
12762
8063
12763
8063
8064
12766
8069
8070
8071
12738
12739
12741
12756
12757
12760
8070
8071
8069
8070
8069
8071
12751
12752
12754
12768
12769
12771
28439
28440
28443
12849
19471
19489
8077
8078
8079
8085
8765
8766
8768
12890
12891
12893
8077
8078
8078
8079
8077
8079
8087
8089
8779
8780
8783
12899
12900
12903
8090
8083
8084
12878
8083
12879
8083
8084
8093
12882
8095
8089
8090
8091
12854
12855
12857
12872
12873
12876
8090
8091
8089
8090
8089
8091
12867
12868
12869
12884
12885
12886
28539
28540
28541
8094
8095
12941
8094
8095
12942
15668
12940
12945
15669
12946
8097
18616
19561
28738
19564
28743
8099
17612
19574
28744
19577
28749
17563
28840
28846
8116
8134
13210
8106
8107
8108
13239
13240
13242
8106
8107
8106
8108
8107
8108
13150
13151
13154
13254
13255
13257
15755
15756
15758
8113
8114
8800
8802
8805
13240
13241
13244
16368
16371
16372
16373
8113
8412
8814
8815
8817
9425
16369
16371
16373
16374
16424
16425
16426
8113
8114
9426
21647
8114
8413
13248
13249
13251
16370
16372
16373
16374
16427
16428
16429
21648
9427
21649
8118
8119
13245
13246
8118
8119
15623
8118
13247
15624
13250
15626
8124
8125
8126
13283
13284
13286
8124
8125
8124
8126
8125
8126
13157
13158
13161
13298
13299
13301
15765
15766
15768
8131
8132
8825
8827
8830
13284
13285
13288
16375
16378
16379
16380
8131
8414
8839
8840
8842
9476
16376
16378
16380
16381
16431
16432
16433
8131
8132
9477
21654
8132
8415
13292
13293
13295
16377
16379
16380
16381
16434
16435
16436
21655
9478
21656
8136
8137
13289
13290
8136
8137
15623
8136
13291
15625
13294
15627
8142
8143
8144
13328
13329
13330
8142
8143
8142
8144
8143
8144
13345
13346
13347
13352
13353
13354
15775
15776
15777
8149
8150
8857
8858
8862
13327
13329
13332
16382
16385
16386
16387
8149
8871
8872
8874
9452
16074
16075
16076
16383
16385
16387
16388
8149
8150
9453
21661
8150
13336
13337
13340
16077
16078
16079
16384
16386
16387
16388
21662
9454
21663
8154
8155
13333
13334
8154
8155
8157
15630
8154
13335
15631
13338
15633
19588
28857
28863
8172
13412
8162
8163
8164
13441
13442
13444
8162
8163
8162
8164
8163
8164
13359
13360
13363
13456
13457
13459
15785
15786
15788
8169
8170
8889
8891
8894
13442
13443
13446
16389
16392
16393
16394
8169
8416
8903
8904
8906
9496
16390
16392
16394
16395
16438
16439
16440
8169
8170
9497
21668
8170
8417
13450
13451
13453
16391
16393
16394
16395
16441
16442
16443
21669
9498
21670
8174
8175
13447
13448
8174
8175
15630
8174
13449
15632
13452
15634
8177
18701
19606
28943
19609
28947
8179
19619
19667
28949
19622
28952
13562
17611
19652
8183
8184
13598
8183
8184
8194
13599
15675
13597
13602
15676
8196
13604
8189
8190
8191
8197
8927
8928
8930
13716
13717
13719
8189
8191
8229
8189
8190
8199
8190
8191
8230
8201
8202
8233
8941
8942
8945
13729
13730
13732
8195
8196
13704
8195
13705
8195
8196
13708
8201
8202
8203
13680
13681
13682
13698
13699
13702
8202
8203
8201
8202
8201
8203
13689
13690
13692
13710
13711
13713
29061
29062
29065
8206
8207
13789
8206
8207
8218
13790
15682
13788
13793
15683
8220
13795
13840
19666
19684
8213
8214
8215
8221
8966
8967
8969
13881
13882
13884
8213
8215
8253
8213
8214
8223
8214
8215
8254
8225
8226
8258
8980
8981
8984
13894
13895
13897
8219
8220
13869
8219
13870
8219
8220
13873
8225
8226
8227
13845
13846
13847
13863
13864
13867
8226
8227
8225
8226
8225
8227
13854
13855
13857
13875
13876
13878
29218
29219
29222
8232
8233
8234
8240
8992
8993
8995
14023
14024
14026
8232
8233
8233
8234
8232
8234
8242
8244
9006
9007
9010
14032
14033
14036
8245
8238
8239
14011
8238
14012
8238
8239
8249
14015
8251
8244
8245
8246
13987
13988
13990
14005
14006
14009
8245
8246
8244
8245
8244
8246
14000
14001
14002
14017
14018
14019
29324
29325
29326
14049
19705
19723
8250
8251
14085
8250
8251
14086
15689
14084
14089
15690
14090
8256
8257
8258
8264
9031
9033
9034
14188
14189
14191
8256
8258
8257
8258
8256
8257
8266
8268
8269
9047
9048
9051
14197
14198
14201
8262
8263
14176
8262
14177
8262
8263
8272
14180
8274
8268
8269
8270
14152
14153
14155
14170
14172
14174
8269
8270
8268
8269
8268
8270
14165
14166
14167
14183
14184
14185
29481
29482
29483
8273
8274
14276
8273
8274
14277
15696
14275
14280
15697
14281
14327
19744
19755
8280
8281
8282
14430
14431
14432
8280
8281
8280
8282
8281
8282
14447
14448
14449
14454
14455
14456
15795
15796
15797
8287
8288
9065
9066
9069
14429
14430
14433
16396
16399
16400
16401
8287
9079
9080
9082
9539
16159
16160
16161
16397
16399
16401
16402
8287
8288
9540
21809
8288
14437
14438
14441
16162
16163
16164
16398
16400
16401
16402
21810
9541
21811
8292
8293
14435
14442
8292
8293
8295
15637
8292
14436
15638
14439
15640
19816
29626
29632
8310
14514
8300
8301
8302
14543
14544
14546
8300
8301
8300
8302
8301
8302
14461
14462
14465
14558
14559
14561
15805
15806
15808
8307
8308
9097
9099
9101
14543
14545
14547
16403
16406
16407
16408
8307
8418
9111
9112
9114
9575
16404
16406
16408
16409
16445
16446
16447
8307
8308
9576
21816
8308
8419
14551
14552
14554
16405
16407
16408
16409
16448
16449
16450
21817
9577
21818
8312
8313
14549
14556
8312
8313
15637
8312
14550
15639
14553
15641
8318
8319
8320
14587
14588
14590
8318
8319
8318
8320
8319
8320
14602
14603
14604
14656
14657
14658
15815
15816
15817
8325
8326
9129
9131
9133
14587
14589
14591
16410
16413
16414
16415
8325
8420
9143
9144
9146
9559
16411
16413
16415
16416
16452
16453
16454
8325
8326
9560
21823
8326
8421
14595
14596
14598
16412
16414
16415
16416
16455
16456
16457
21824
9561
21825
8330
8331
14593
14600
8330
8331
8351
15644
8330
14594
15645
14597
15647
8336
8337
8338
14631
14632
14634
8336
8337
8336
8338
8337
8338
14646
14647
14648
14663
14664
14665
15825
15826
15827
8343
8344
9154
9156
9158
14631
14633
14635
16417
16420
16421
16422
8343
8422
9168
9169
9171
9602
16418
16420
16422
16423
16459
16460
16461
8343
8344
9603
21830
8344
8423
14639
14640
14642
16419
16421
16422
16423
16462
16463
16464
21831
9604
21832
8348
8349
14637
14644
8348
8349
8351
15644
8348
14638
15646
14641
15648
19818
29643
29649
14716
8353
17756
19058
29676
17759
29679
8355
17763
19745
29682
17766
29685
8357
19186
19848
29838
19851
29842
8359
19861
19874
29844
19864
29847
8362
8363
14939
8362
8363
8373
14940
15703
14938
14943
15704
8375
14945
8368
8369
8370
8376
9196
9197
9199
15020
15021
15023
8368
8370
8385
8368
8369
8378
8369
8370
8387
8380
8381
8390
9210
9211
9214
15033
15034
15036
8374
8375
15008
8374
15009
8374
8375
15012
8380
8381
8382
14984
14985
14986
15002
15003
15006
8381
8382
8380
8381
8380
8382
14993
14994
14996
15014
15015
15017
30030
30031
30034
15046
19873
19891
8388
8389
8390
8396
9224
9226
9227
15146
15147
15149
8388
8390
8388
8389
8398
8389
8390
8400
8401
9240
9241
9244
15155
15156
15159
8394
8395
15134
8394
15135
8394
8395
8404
15138
8406
8400
8401
8402
15110
15111
15112
15128
15130
15132
8401
8402
8400
8401
8400
8402
15119
15120
15121
15141
15142
15143
30193
30194
30195
8405
8406
15197
8405
8406
15198
15710
15196
15201
15711
15202
15285
19926
19930
8409
17796
19336
30273
17799
30276
8411
17809
19927
30279
17812
30282
8463
16424
16425
9257
16427
16428
8478
16431
16432
9260
16434
16435
9660
16438
16439
9269
16441
16442
9704
16445
16446
9278
16448
16449
9696
16452
16453
8495
16455
16456
9730
16459
16460
8498
16462
16463
8427
8428
16903
24643
24644
24646
8427
8429
19987
24649
24650
24651
25164
25165
25167
8428
8429
8430
16904
19988
24655
24656
24657
8430
16905
8430
19989
16906
19990
19999
22054
22067
20000
20352
22062
8436
8437
16917
26104
26105
26107
8436
8438
8437
8438
20005
26110
26111
26112
26216
26217
26219
8439
16918
8439
16919
20006
26116
26117
26118
8439
20007
16920
20008
8441
8442
20010
20015
20021
8619
20019
20025
20014
20027
20044
20050
20532
8667
20045
20057
8446
8447
20065
20070
20076
8715
20074
20081
20069
20082
20094
20099
20624
8720
20100
20106
8452
20766
22490
22477
22496
20772
22497
8454
9400
20128
20817
20130
20819
8457
21011
22760
22766
22783
21016
22767
8459
9516
20181
21145
20182
21147
16973
21843
21922
8466
9422
9633
31067
31068
8468
9423
16468
16469
9425
31070
31071
8467
9429
16034
31073
31074
8468
9430
31076
31077
9638
22636
31079
31080
16039
22637
31082
31083
22639
31085
31086
9439
16471
16472
8475
9443
9641
31088
31089
8477
9444
31091
31092
9635
22657
31094
31095
8476
16056
22659
31097
31098
8477
22660
31100
31101
9646
22664
31103
31104
16062
22666
31106
31107
22667
31109
31110
9476
31112
31113
8483
9480
16082
31115
31116
8485
9481
31118
31119
8484
9486
9652
31121
31122
8485
9487
16476
16477
16087
22816
31124
31125
9657
22817
31127
31128
22819
31130
31131
9526
16479
16480
8492
9530
9677
31133
31134
8494
9531
31136
31137
9654
22928
31139
31140
8493
16119
22930
31142
31143
8494
22931
31145
31146
9682
22935
31148
31149
16125
22937
31151
31152
22938
31154
31155
8501
21824
31157
31158
16145
21827
31160
31161
8503
21828
31163
31164
8502
21831
31166
31167
16183
21834
31169
31170
8503
21835
31172
31173
9122
31175
31176
9123
31178
31179
9127
31181
31182
8508
8509
8510
20254
8508
8509
9789
8508
8510
23309
8509
8510
23310
20257
20258
23311
8515
8516
8517
20266
8515
8516
10025
8515
8517
23514
8516
8517
23515
20269
20270
23516
20282
20289
23606
20326
20333
23618
8524
8525
8526
20346
8524
8525
23702
8524
8526
10473
8525
8526
23703
20349
23704
20350
20367
20372
23725
20361
20373
23732
20397
20402
23737
20403
20410
23744
8535
8536
8537
20432
8535
8536
23754
8535
8537
10627
8536
8537
23756
20435
23757
20436
8542
8543
8544
20444
8542
8543
11023
8542
8544
24145
8543
8544
24146
20447
20448
24147
20470
20477
24171
20471
20484
24178
20507
20514
24183
20508
20521
24190
8553
8554
8555
20530
8554
8555
24197
8553
8554
11177
8553
8555
24198
20533
20534
24200
20548
20553
24290
20592
20597
24295
8562
8563
8564
20610
8562
8563
24378
8562
8564
11625
8563
8564
24380
20613
24381
20614
8569
8570
8571
20622
8570
8571
24583
8569
8570
24584
8569
8571
11861
20625
24586
20626
20256
20629
20635
8575
20630
20642
8575
8576
20650
20655
20661
20659
20666
20654
20667
8578
20784
24729
20797
24740
8580
8581
20675
20680
20686
8585
20684
20690
20679
20692
8583
20811
24855
20824
24866
20268
20702
20709
20703
20716
8587
20733
25059
25079
20736
25081
8589
20735
20767
25086
20736
25088
8591
8592
20760
25171
25197
20762
25173
20763
25199
8596
8597
17093
24826
24828
24830
8597
8598
20804
24832
24833
24834
25258
25260
25261
8596
8598
8599
17094
8599
17095
20805
24838
24839
24841
8599
20806
17096
20807
8601
8602
20830
25265
25284
20833
25267
20834
25286
8604
20857
25388
25408
20860
25410
8606
20837
20859
25416
20860
25417
20348
20889
20894
8622
20895
20901
8610
20915
25730
25750
20918
25752
8612
20917
21012
25757
20918
25759
20926
25817
25829
20390
20927
25824
8616
20944
26007
26027
20947
26029
8618
20946
21069
26034
20947
26036
20957
20963
20434
20952
20958
8622
8623
20971
20976
20982
20980
20987
20975
20988
8625
21029
26190
21042
26201
8627
8628
21006
26223
26249
21007
26225
21009
26251
8632
8633
17168
22131
22133
22135
8633
8634
8632
8634
21049
22137
22138
22139
26291
26292
26294
8635
17169
21050
22143
22144
22146
8635
17170
8635
21051
17171
21052
8637
8638
21063
26298
26317
21065
26300
21067
26319
8640
21087
26420
21100
26431
8642
8643
21105
21110
21116
8672
21114
21121
21109
21122
8645
21140
26546
21152
26557
8649
8650
17188
26517
26518
26521
8650
8651
21132
26523
26524
26525
26594
26596
26597
8649
8651
8652
17189
8652
17190
21133
26529
26530
26532
8652
21134
17191
21135
8654
8655
21158
26601
26620
21161
26603
21162
26622
8660
8661
17208
26742
26744
26745
8659
8660
21190
26669
26670
26672
26748
26749
26750
8659
8661
8662
21191
8662
17209
21192
26754
26755
26756
8662
17210
17211
21193
8664
8665
21216
26676
26695
21219
26678
21220
26697
8667
8668
21239
21244
21250
21247
21254
21243
21256
8670
21198
26771
21210
26782
20446
21266
21273
21267
21280
21287
26827
26847
20465
21289
26854
8676
21291
26904
26924
21294
26926
8678
21165
21293
26932
21294
26933
21309
27103
27123
20502
21311
27131
8682
21320
27180
27200
21323
27203
8684
21223
21322
27208
21323
27210
21341
27378
27384
8687
21359
27535
27555
21362
27557
8689
21361
21385
27562
21362
27564
8693
8694
17263
22357
22358
22361
8694
8695
8693
8695
21365
22363
22364
22365
27605
27606
27608
8696
17264
21366
22369
22370
22372
8696
17265
8696
21367
17266
21368
8698
8699
21379
27612
27631
21381
27614
21383
27633
8704
8705
17283
28146
28148
28149
8703
8704
8703
8705
21430
27699
27700
27702
28152
28153
28154
8706
21431
8706
17284
8706
17285
21432
28158
28159
28160
17286
21433
8708
8709
21457
27706
27725
21459
27708
21461
27727
21479
27817
27830
8712
21497
27908
27928
21500
27931
8714
21463
21499
27936
21500
27938
21520
21526
20612
21515
21521
8718
21404
28103
21416
28114
8720
8721
21534
21539
21545
21542
21549
21538
21551
8723
21438
28175
21450
28186
17310
21565
21642
8726
12603
20791
21592
20793
21594
8729
30615
8729
8730
8733
28432
30616
8735
30618
8736
28434
8734
12691
15926
8736
8737
12701
8735
8736
8735
8737
12702
12704
8742
8743
8744
8752
8759
8742
8744
12756
8742
8743
8753
8743
8744
12758
8757
8758
8760
12759
8746
8752
8759
8756
8772
8750
8751
8759
8750
15920
8750
8751
12764
8760
12765
8756
8757
8758
8757
8758
8756
8757
8780
8756
8758
8781
8782
8760
12772
8763
20838
28487
28473
28497
20850
28498
8768
8769
8770
8778
8785
8768
8770
12872
8768
8769
8779
8769
8770
12874
8783
8784
8786
12875
8772
8778
8785
8782
8776
8777
8785
8776
15921
8776
8777
12880
8786
12881
8782
8783
8784
8783
8784
8782
8783
8782
8784
8786
12888
8789
30643
8789
8790
8793
28532
30644
8795
30646
8796
28534
8794
12939
15939
8796
8797
12949
8795
8796
8795
8797
12950
12952
17313
20146
21631
8803
8804
8805
8818
8821
8803
8805
8803
8804
8819
13225
8804
8805
8822
13227
8820
13228
8823
8810
8811
8812
8818
8810
8811
30615
8811
8812
30617
8810
8812
30619
8820
8816
8817
8821
8816
8817
15933
8817
15934
8823
8820
8820
13219
13222
8823
8823
16368
16371
8828
8829
8830
8843
8846
8828
8830
8828
8829
8844
13269
8829
8830
8847
13271
8845
13272
8848
8835
8836
8837
8843
8835
8836
30671
8836
8837
30672
8835
8837
30674
8845
8841
8842
8846
8841
8842
15953
8842
15954
8848
8845
8845
13263
13266
8848
8848
16375
16378
8852
8853
15623
15626
15627
15628
8852
8855
9263
13247
13248
13250
15624
15626
15628
15629
21648
31202
31203
31204
8853
8855
9264
13291
13292
13294
15625
15627
15628
15629
21655
31205
31206
31207
8854
21649
8854
21656
8855
21650
21657
9265
21652
21659
31208
31209
31210
8860
8861
8862
8875
8878
8860
8862
8861
8862
8876
13313
8860
8861
8879
13314
8880
13316
8877
8867
8868
8869
8878
8867
8868
30643
8868
8869
30645
8867
8869
30647
8880
8873
8874
8875
8873
8874
15946
8874
15947
8877
8877
8877
16382
16385
8880
8880
13307
13310
8884
8885
15630
15633
15634
15635
8884
8887
9272
13335
13337
13338
15631
15633
15635
15636
21662
31229
31230
31231
8885
8887
9273
13449
13450
13452
15632
15634
15635
15636
21669
31232
31233
31234
8886
21663
8886
21670
8887
21664
21671
9274
21666
21673
31235
31236
31237
8892
8893
8894
8907
8910
8892
8894
8892
8893
8908
13428
8893
8894
8911
13429
8909
13430
8912
8899
8900
8901
8907
8899
8900
30720
8900
8901
30721
8899
8901
30723
8909
8905
8906
8910
8905
8906
15966
8906
15967
8912
8909
8909
13421
13424
8912
8912
16389
16392
8914
13545
21036
21711
21038
21713
8917
30671
8917
8918
8921
29054
30673
8923
30675
8924
29056
8922
13596
15959
8924
8925
13606
8923
8924
8923
8925
13607
13609
8930
8931
8932
8940
8947
8930
8931
13698
8930
8932
8941
8931
8932
13700
8945
8948
13701
8946
8936
8937
8947
8936
15922
8936
8937
13706
8948
13707
8939
8940
8947
8944
8999
8944
8945
8946
8945
8946
8944
8945
9007
8944
8946
9008
9009
8948
13714
8951
21070
29098
29104
29121
21081
29105
8953
13747
21094
21731
21096
21733
8956
30720
8956
8957
8960
29211
30722
8962
30724
8963
29213
8961
13787
15972
8963
8964
13797
8962
8963
8962
8964
13798
13800
8969
8970
8971
8979
8986
8969
8970
13863
8969
8971
8980
8970
8971
13865
8984
8987
13866
8985
8975
8976
8986
8975
15923
8975
8976
13871
8987
13872
8978
8979
8986
8983
9038
8983
8984
8985
8984
8985
8983
8984
9048
8983
8985
9049
9050
8987
13879
8990
21166
29272
29258
29282
21178
29283
8995
8996
8997
9005
9012
8995
8997
14005
8995
8996
9006
8996
8997
14007
9010
9011
9013
14008
8999
9005
9012
9009
9003
9004
9012
9003
15924
9003
9004
14013
9013
14014
9009
9010
9011
9010
9011
9009
9010
9009
9011
9013
14021
9016
30727
9016
9017
9020
29317
30728
9022
30730
9023
29319
9021
14083
15978
9023
9024
14093
9022
9023
9022
9024
14094
14096
9026
14129
21204
21773
21206
21774
9029
21224
29434
29421
29440
21236
29441
9034
9035
9036
9044
9046
9034
9036
14170
9035
9036
14171
9034
9035
9047
9051
9052
9045
14173
9038
9044
9046
9050
9042
9043
9044
9042
15900
9042
9043
14178
9045
14179
9045
14181
9050
9051
9052
9051
9052
9050
9051
9050
9052
9055
30776
9055
9056
9059
29474
30777
9061
30779
9062
29476
9060
14274
15991
9062
9063
14284
9061
9062
9061
9063
14285
14287
9068
9069
9070
9083
9086
9068
9069
9069
9070
9084
14415
9068
9070
9087
14416
9088
9085
14418
9075
9076
9077
9086
9075
9076
30727
9076
9077
30729
9075
9077
30731
9088
9081
9082
9083
9081
9082
15985
9082
15986
9085
9085
9085
16396
16399
9088
9088
14409
14412
9092
9093
15637
15640
15641
15642
9092
9095
9281
14436
14438
14439
15638
15640
15642
15643
21810
31256
31257
31258
9093
9095
9282
14550
14551
14553
15639
15641
15642
15643
21817
31259
31260
31261
9094
21811
9094
21818
9095
21812
21819
9283
21814
21821
31262
31263
31264
9100
9101
9102
9115
9118
9100
9101
9100
9102
9116
14530
9101
9102
9119
14531
9117
9120
14532
9107
9108
9109
9115
9107
9108
30804
9108
9109
30805
9107
9109
30807
9117
9113
9114
9118
9113
9114
16005
9114
16006
9120
9117
9117
14523
14526
9120
9120
16403
16406
9124
9125
15644
15647
15648
15649
9124
9127
14594
14595
14597
15645
15647
15649
15650
21824
31175
31176
31177
9125
9127
14638
14639
14641
15646
15648
15649
15650
21831
31178
31179
31180
9126
21825
9126
21832
9127
21826
21833
21828
21835
31181
31182
31183
9132
9133
9134
9147
9150
9132
9133
9132
9134
9148
14574
9133
9134
9151
14575
9149
9152
14576
9139
9140
9141
9147
9139
9140
30776
9140
9141
30778
9139
9141
30780
9149
9145
9146
9150
9145
9146
15998
9146
15999
9152
9149
9149
14567
14570
9152
9152
16410
16413
9157
9158
9159
9172
9175
9157
9158
9157
9159
9173
14618
9158
9159
9176
14619
9174
9177
14620
9164
9165
9166
9172
9164
9165
30832
9165
9166
30833
9164
9166
30835
9174
9170
9171
9175
9170
9171
16018
9171
16019
9177
9174
9174
14611
14614
9177
9177
16417
16420
17365
20198
21804
9181
21386
29910
29916
29933
21397
29917
9183
14897
21410
21864
21412
21865
9186
30804
9186
9187
9190
30023
30806
9192
30808
9193
30025
9191
14937
16011
9193
9194
14947
9192
9193
9192
9194
14948
14950
9199
9200
9201
9209
9216
9199
9200
15002
9199
9201
9210
9200
9201
15004
9214
9217
15005
9215
9205
9206
9216
9205
15925
9205
9206
15010
9217
15011
9208
9209
9216
9213
9236
9213
9214
9215
9214
9215
9213
9214
9241
9213
9215
9242
9243
9217
15018
9219
15087
21444
21905
21446
21906
9222
21464
30136
30142
30159
21475
30143
9227
9228
9229
9237
9239
9227
9228
15128
9228
9229
15129
9227
9229
9240
9244
9238
15131
9245
9233
9234
9237
9233
15919
9233
9234
15136
9238
15137
9236
9237
9239
9243
9238
15139
9243
9244
9245
9244
9245
9243
9244
9243
9245
9248
30832
9248
9249
9252
30186
30834
9254
30836
9255
30188
9253
15195
16024
9255
9256
15205
9254
9255
9254
9256
15206
15208
9263
21648
31184
31185
16033
21651
31187
31188
9265
21652
31190
31191
9264
21655
31193
31194
16081
21658
31196
31197
9265
21659
31199
31200
31202
31203
31205
31206
31208
31209
9272
21662
31211
31212
16065
21665
31214
31215
9274
21666
31217
31218
9273
21669
31220
31221
15861
21672
31223
31224
9274
21673
31226
31227
31229
31230
31232
31233
31235
31236
9281
21810
31238
31239
16133
21813
31241
31242
9283
21814
31244
31245
9282
21817
31247
31248
15901
21820
31250
31251
9283
21821
31253
31254
31256
31257
31259
31260
31262
31263
9286
17431
21952
9286
21954
23611
17435
21958
23614
9289
22008
22014
9289
21978
22017
21979
22012
22019
9292
22008
22021
9292
21991
22024
21992
22013
22026
9295
17465
22072
9295
22074
23730
17469
22078
23733
9298
17465
22079
9298
22082
25596
17470
22085
25598
22050
22088
22094
9301
22035
22068
22103
22039
22106
9303
22042
22104
25622
22044
22106
9305
9309
20012
22142
20014
22145
9307
22119
22148
23913
22121
22150
9310
9311
9314
9310
9311
22111
9316
22115
9313
9314
17478
9317
12246
17483
9316
9317
9316
9317
22126
26412
22128
26413
9320
9328
22166
9320
9321
9323
22169
9323
9323
12235
22161
22162
9326
9327
22186
22193
9326
9327
9336
9337
22192
22196
9329
22173
22209
9331
22177
22212
9331
22181
22206
22183
22207
9333
9334
9335
17485
22221
12316
17490
22225
9338
17491
9337
9338
22214
9337
9338
22220
9341
22259
22265
9341
22229
22268
22230
22263
22270
9344
22259
22272
9344
22242
22275
22243
22264
22277
9346
20061
22281
27038
22284
27041
20062
22287
27051
22298
22312
22315
22305
22313
22318
9351
9355
20067
22368
20069
22371
9353
22345
22374
24446
22347
22376
9356
9357
9360
9356
9357
22337
9362
22341
9359
9360
17528
9363
12479
17533
9362
9363
9362
9363
22352
28095
22354
28096
9366
9374
22392
9366
9367
9369
22395
9369
9369
12468
22387
22388
9372
9373
22398
22405
9372
9373
9382
9383
22403
22408
9375
22421
30601
9377
22424
30604
9377
22418
30609
22419
30611
9379
9380
9381
17535
22433
12503
17540
22437
9384
17541
9383
9384
22426
9383
9384
22432
9386
20109
22440
27759
22443
27762
20110
22445
27772
9389
22448
22453
22457
22452
22462
9391
22477
22508
9394
22479
22512
9394
9394
22473
28401
22474
9397
9398
9397
9398
22450
22484
22452
9399
22487
22505
22526
9401
22568
25235
22572
25238
9404
9405
20115
9404
9407
9407
20134
9407
12609
9409
22529
22556
22542
22574
9412
22591
22596
9412
22598
25423
22594
22601
25425
9414
22591
22603
22595
22608
28494
9416
22611
22618
28579
22621
28580
9418
22612
22624
28593
22627
28594
9420
9424
9433
12694
12695
12697
15661
15662
15663
15666
9421
12702
12703
12705
16483
16484
16485
16487
9423
9424
22635
9423
9424
9436
15663
15664
15665
15666
22636
31067
31068
31069
16468
16469
16470
16485
16486
16487
16488
22639
9437
22640
9427
9430
15933
15936
15938
31070
31071
31072
9427
9431
30622
9428
9430
9431
22635
9430
9431
22637
30624
31073
31074
31075
22639
31076
31077
31078
22641
30626
9434
9438
9632
12763
12764
12766
16538
16539
16540
9434
9437
9435
9437
9438
22649
9437
9438
9633
22650
31265
31266
31267
22653
9634
22655
31268
31269
31270
9441
9444
12879
12880
12882
16471
16472
16473
9441
9445
9446
9442
9444
9445
22663
9444
9445
9449
22664
31088
31089
31090
22667
31091
31092
31093
9450
22668
9447
9450
12942
12943
12945
15668
15669
15670
15672
9448
12950
12951
12953
16490
16491
16492
16494
9450
9451
22677
9450
9451
9641
15670
15671
15672
15673
22678
31289
31290
31291
22681
9642
16492
16493
16494
16495
16543
16544
16545
22683
9454
9458
9643
15946
15949
15951
31292
31293
31294
9454
9457
30650
9455
9457
9458
22677
9457
9458
9644
22679
30652
31295
31296
31297
22682
30654
9645
22683
31298
31299
31300
22684
22700
22717
22686
22723
28866
20142
22692
22716
17609
22714
28894
17608
22707
25942
9465
22728
22733
22740
22732
22738
9467
22783
22788
9470
22785
22793
9470
9470
22779
29023
22780
9473
9474
9473
9474
22729
22754
22732
9475
22757
22775
22806
9478
9481
15953
15956
15958
31112
31113
31114
9478
9482
30678
9479
9481
9482
22815
9481
9482
22816
30680
31115
31116
31117
22819
31118
31119
31120
22820
30682
9484
9488
9490
13599
13600
13602
15675
15676
15677
15680
9485
13607
13608
13610
16497
16498
16499
16501
9487
9488
22815
9487
9488
9493
15677
15678
15679
15680
22817
31121
31122
31123
16476
16477
16478
16499
16500
16501
16502
22819
9494
22821
9491
9495
9651
13705
13706
13708
16546
16547
16548
9491
9494
9492
9494
9495
22829
9494
9495
9652
22830
31310
31311
31312
22833
9653
22835
31313
31314
31315
9498
9502
9660
15966
15969
15971
31334
31335
31336
9498
9501
30699
9499
9501
9502
22843
9501
9502
9661
22844
30701
31337
31338
31339
22847
30703
9662
22849
31340
31341
31342
9504
9507
9510
13790
13791
13793
15682
15683
15684
15686
9505
13798
13799
13801
16504
16505
16506
16508
9507
9508
22843
9507
9508
9513
9663
15684
15685
15686
15687
22845
31343
31344
31345
9514
22848
9664
16506
16507
16508
16509
16551
16552
16553
22849
9511
9515
9668
13870
13871
13873
16554
16555
16556
9511
9514
9512
9514
9515
22857
9514
9515
9669
22858
31355
31356
31357
22861
9670
22863
31358
31359
31360
9517
22904
26571
22908
26574
9520
9521
20167
9520
9523
9523
20186
9523
13551
9525
22866
22892
22878
22910
9528
9531
14012
14013
14015
16479
16480
16481
9528
9532
9533
9529
9531
9532
22934
9531
9532
9536
22935
31133
31134
31135
22938
31136
31137
31138
9537
22940
9534
9537
14086
14087
14089
15689
15690
15691
15693
9535
14094
14095
14097
16511
16512
16513
16515
9537
9538
22948
9537
9538
9677
15691
15692
15693
15694
22949
31379
31380
31381
22952
9678
16513
16514
16515
16516
16559
16560
16561
22954
9541
9545
9679
15985
15988
15990
31382
31383
31384
9541
9544
30734
9542
9544
9545
22948
9544
9545
9680
22950
30736
31385
31386
31387
22953
30738
9681
22954
31388
31389
31390
9548
9552
9685
14177
14178
14180
16562
16563
16564
9548
9551
9553
9549
9551
9552
22962
9551
9552
9556
9686
22963
31400
31401
31402
9557
22967
9687
22968
31403
31404
31405
9554
9557
14277
14278
14280
15696
15697
15698
15700
9555
14285
14286
14288
16518
16519
16520
16522
9557
9558
22976
9557
9558
9694
15698
15699
15700
15701
22977
31424
31425
31426
22980
9695
16520
16521
16522
16523
16567
16568
16569
22982
9561
9565
9696
15998
16001
16003
31427
31428
31429
9561
9564
30755
9562
9564
9565
22976
9564
9565
9697
22978
30757
31430
31431
31432
22981
30759
9698
22982
31433
31434
31435
9568
22983
22988
9568
22990
26939
22986
22993
26941
9570
22983
22995
22987
23000
29279
9572
23003
23010
29527
23013
29528
9574
23004
23016
29541
23019
29542
9577
9581
9704
16005
16008
16010
31445
31446
31447
9577
9580
30783
9578
9580
9581
23027
9580
9581
9705
23028
30785
31448
31449
31450
23031
30787
9706
23033
31451
31452
31453
9583
9586
9589
14940
14941
14943
15703
15704
15705
15707
9584
14948
14949
14951
16525
16526
16527
16529
9586
9587
23027
9586
9587
9592
9707
15705
15706
15707
15708
23029
31454
31455
31456
9593
23032
9708
16527
16528
16529
16530
16572
16573
16574
23033
9590
9594
9712
15009
15010
15012
16575
16576
16577
9590
9593
9591
9593
9594
23041
9593
9594
9713
23042
31466
31467
31468
23046
9714
23047
31469
31470
31471
9597
9601
9721
15135
15136
15138
16578
16579
16580
9597
9600
9609
9598
9600
9601
23055
9600
9601
9612
9722
23056
31490
31491
31492
9613
23060
9723
23061
31493
31494
31495
9604
9608
9730
16018
16021
16023
31514
31515
31516
9604
9607
30811
9605
9607
9608
23069
9607
9608
9731
23070
30813
31517
31518
31519
23073
30815
9732
23075
31520
31521
31522
9610
9613
15198
15199
15201
15710
15711
15712
15714
9611
15206
15207
15209
16532
16533
16534
16536
9613
9614
23069
9613
9614
9733
15712
15713
15714
15715
23071
31523
31524
31525
23074
9734
16534
16535
16536
16537
16583
16584
16585
23075
9617
23081
23087
9617
23089
23104
23085
23091
23105
9620
23081
23094
9620
23096
23118
23086
23098
23119
23129
23145
23162
23131
23168
29761
20194
23137
23161
17785
23159
29789
17784
23152
27470
9628
23178
23185
9628
23180
23200
23182
23189
23202
9631
23185
23191
9631
23194
23215
23190
23196
23216
16538
16539
9638
31265
31266
9640
31268
31269
22643
31271
31272
9639
16042
22645
31274
31275
9640
22648
31277
31278
22650
31280
31281
16048
22652
31283
31284
22655
31286
31287
9646
31289
31290
9648
16543
16544
31292
31293
9647
16066
31295
31296
9648
31298
31299
22678
31301
31302
16071
22679
31304
31305
22683
31307
31308
13335
31229
13336
16077
16546
16547
9657
31310
31311
9659
31313
31314
22823
31316
31317
9658
16096
22825
31319
31320
9659
22828
31322
31323
22830
31325
31326
16099
22832
31328
31329
22835
31331
31332
31334
31335
9665
15862
31337
31338
9667
31340
31341
9666
9669
31343
31344
9667
16551
16552
15867
22844
31346
31347
9674
22845
31349
31350
22849
31352
31353
16554
16555
9674
31355
31356
9676
31358
31359
9688
22851
31361
31362
9675
16110
22853
31364
31365
9676
22856
31367
31368
22858
31370
31371
16113
22860
31373
31374
22863
31376
31377
9682
31379
31380
9684
16559
16560
31382
31383
9683
16134
31385
31386
9684
31388
31389
22949
31391
31392
16139
22950
31394
31395
22954
31397
31398
16562
16563
9691
9694
31400
31401
9693
31403
31404
22956
31406
31407
9692
15891
22958
31409
31410
9693
22961
31412
31413
9699
22963
31415
31416
15897
22965
31418
31419
22968
31421
31422
9699
31424
31425
9701
16567
16568
31427
31428
9700
16146
31430
31431
9701
31433
31434
22977
31436
31437
16151
22978
31439
31440
22982
31442
31443
14436
31256
14437
16162
31445
31446
9709
15902
31448
31449
9711
31451
31452
9710
9713
31454
31455
9711
16572
16573
15907
23028
31457
31458
9718
23029
31460
31461
23033
31463
31464
16575
16576
9718
31466
31467
9720
31469
31470
9724
23035
31472
31473
9719
16169
23037
31475
31476
9720
23040
31478
31479
23042
31481
31482
16172
23044
31484
31485
23047
31487
31488
16578
16579
9727
9733
31490
31491
9729
31493
31494
23049
31496
31497
9728
15913
23051
31499
31500
9729
23054
31502
31503
9736
23056
31505
31506
15916
23058
31508
31509
23061
31511
31512
31514
31515
9735
16184
31517
31518
9737
31520
31521
9736
31523
31524
9737
16583
16584
16189
23070
31526
31527
23071
31529
31530
23075
31532
31533
9741
9743
10252
9741
9742
9756
9742
9743
9744
9757
10254
9759
9745
10256
9745
9775
10261
10263
9747
9776
10268
23300
10270
23303
9752
9753
9768
9771
9752
9753
9830
9752
9753
9832
9770
9773
9834
9758
9759
9760
9768
9774
9758
9760
9758
9759
9769
9759
9760
9775
9770
9777
9779
9765
9766
9767
9771
9774
9766
9767
9765
9766
9772
23299
9765
9767
9776
23300
9778
23301
9773
9779
9770
9770
9773
9773
9846
9847
9777
9778
9779
9777
9779
9778
9779
9781
9784
9797
9823
9788
9826
9783
9786
9831
9788
9835
9788
9809
9837
9787
9810
9787
9788
9838
9841
9798
23304
9792
23307
23320
9792
9846
23322
9849
23312
23326
9795
23307
23313
9795
20255
23316
20258
23311
23317
9799
9808
9815
9799
9809
9799
9816
9814
9819
9812
9805
9806
9807
9808
9815
9805
9807
9887
9805
9806
9811
9806
9807
9817
9888
9812
9814
9819
9821
9890
9812
9813
9814
9813
9814
9812
9813
9812
9814
9819
9820
9821
9819
9820
23304
9819
9821
9897
9820
9821
9898
9899
9826
9827
9828
9836
9843
9826
9827
9837
9826
9828
9844
23308
9827
9828
23309
9841
9848
9842
9849
23312
9833
9834
9835
9836
9843
9833
9834
9833
9835
9838
9834
9835
9845
9840
9847
9841
9848
9840
9841
9842
9841
9842
9840
9841
9840
9842
9847
9848
9849
9848
9849
9847
9848
9847
9849
9866
9853
9909
9853
9854
9858
9911
9855
9913
9855
9863
9924
9926
9859
9860
16200
9859
9860
9863
16202
9864
16203
9862
9943
16207
9864
16210
9864
16215
16217
9869
9870
9871
23334
9869
9870
9869
9871
9881
9870
9871
9882
23336
23337
9885
23338
9874
23349
30519
9874
9876
30520
9877
23351
30523
9877
9878
23343
23372
9877
23344
23346
23374
9883
9884
9885
23353
9883
9884
9883
9885
9884
9885
23355
9890
9891
9892
9895
9890
9891
9890
9892
9897
9891
9892
9899
9900
9894
9895
23353
9899
9899
9900
9901
9900
9901
23348
9899
9900
9899
9901
23350
23352
9904
9905
9904
9905
23330
23396
9907
23332
23397
9907
23335
23358
23339
23361
9912
9913
9914
9922
9912
9913
9912
9914
16201
9913
9914
9924
16202
9926
9927
16204
9919
9920
9921
9922
9919
9920
23328
9919
9921
9925
23395
9920
9921
23330
23396
9926
23333
9928
23398
9926
9927
9928
9927
9928
16214
23407
9926
9927
16215
9926
9928
23408
16218
23409
9930
23382
23387
9932
23386
23392
9932
23406
23411
23410
23415
9935
9949
9935
9936
9940
9951
9937
9953
9937
9945
9964
9966
9941
9942
16221
9941
9942
9945
16223
9946
16224
9944
16228
9946
16231
9946
16236
16238
9974
9952
9953
9954
9962
9952
9953
9952
9954
16222
9953
9954
9964
16223
9966
9967
16225
9959
9960
9961
9962
9959
9961
23460
9959
9960
9965
23436
9960
9961
23437
23462
9966
9968
23438
23464
9966
9967
9968
9967
9968
16235
23448
9966
9967
16236
9966
9968
23449
16239
23450
9970
23423
23428
9972
23427
23433
9972
23447
23452
23451
23456
9977
9978
9979
23466
9977
9978
9977
9979
9989
9978
9979
9990
23468
23469
9993
23470
9982
23481
30526
9982
9984
30527
9985
23483
30530
9985
9986
23475
23504
9985
23476
23478
23506
9991
9992
9993
23485
9991
9992
9991
9993
9992
9993
23487
9998
9999
10000
10003
9998
10000
10038
9998
9999
9999
10000
10005
10039
10007
10009
10041
10002
10003
23485
10009
10007
10008
10009
10007
10008
23480
10007
10009
10046
10008
10009
10047
23482
23484
10048
10012
10013
10012
10013
23437
23462
23439
10015
23465
10015
23467
23490
23471
23493
10017
10020
10034
10059
10024
10062
10019
10022
10067
10024
10070
10024
10052
10073
10023
10053
10023
10024
10074
10077
10033
23509
10028
23512
23525
10028
10082
23527
10084
23517
23530
10031
23512
23518
10031
20267
23521
20270
23516
23522
10035
10044
10051
10035
10045
10035
10052
10049
10057
10055
10041
10042
10043
10044
10051
10041
10042
10041
10043
10046
10042
10043
10054
10048
10055
10049
10057
10048
10049
10050
10049
10050
23509
10048
10049
10048
10050
10055
10056
10057
10056
10057
10055
10056
10055
10057
10062
10063
10064
10072
10079
10062
10063
10073
10062
10064
10080
23513
10063
10064
23514
10077
10083
10078
10084
23517
10069
10070
10071
10072
10079
10069
10071
10097
10069
10070
10074
10070
10071
10081
10099
10076
10077
10083
10085
10101
10076
10077
10078
10077
10078
10076
10077
10076
10078
10083
10084
10085
10083
10084
10083
10085
10084
10085
10120
10121
10089
10091
10273
10089
10090
10104
10090
10091
10092
10105
10274
10107
10093
10277
10093
10123
10282
10284
10095
10124
10289
23534
10291
23537
10100
10101
10116
10119
10100
10101
10100
10101
10118
10121
10106
10107
10108
10116
10122
10106
10108
10106
10107
10117
10107
10108
10123
10118
10125
10127
10113
10114
10115
10119
10122
10113
10115
10113
10114
10120
23533
10114
10115
10124
23534
10121
10126
23536
10127
10118
10118
10121
10121
10125
10126
10127
10125
10127
10126
10127
10140
10133
10134
10135
10136
10142
10133
10135
10133
10134
10139
10134
10135
10144
10140
10141
10146
10148
10140
10141
23538
10141
10179
23539
10140
10140
10141
10180
10183
23541
10146
10147
10148
23538
23542
10146
10147
23540
23563
10146
10148
10147
10148
23544
23564
23541
23545
10150
10165
10174
10163
10168
10176
10169
23608
10156
10157
10158
10159
10164
10156
10158
10156
10157
10161
10157
10158
10167
10162
10163
10168
10169
10162
10163
10163
10179
10162
10163
10181
10184
10168
10169
10168
20271
10169
10168
10169
23546
23551
23557
10175
10176
10177
10178
10175
10176
10179
23539
10175
10177
23540
23547
10176
10177
23548
10183
23541
10184
23549
10182
10183
10184
10183
10184
10182
10183
10182
10184
23544
23564
23599
10198
10191
10192
10193
10194
10200
10191
10193
10191
10192
10197
10192
10193
10202
10198
10199
10204
10206
10198
10199
23568
10199
10237
23569
10198
10198
10199
10238
10241
23571
10204
10205
10206
23568
23572
10204
10205
23570
23593
10204
10206
10205
10206
23574
23594
23571
23575
10208
10223
10232
10221
10226
10234
10227
23726
10214
10215
10216
10217
10222
10214
10216
10214
10215
10219
10215
10216
10225
10220
10221
10226
10227
10220
10221
10221
10237
10220
10221
10239
10242
10226
10227
10226
20273
10227
10226
10227
23576
23581
23587
10233
10234
10235
10236
10233
10234
10237
23569
10233
10235
23570
23577
10234
10235
23578
10241
23571
10242
23579
10240
10241
10242
10241
10242
10240
10241
10240
10242
23574
23594
23600
10248
10249
10250
10248
10249
23543
23573
10248
10250
23544
23599
10249
10250
23574
23600
23545
23575
23603
10255
10256
10257
10258
10255
10256
10255
10257
10256
10257
10261
10263
10264
10262
10263
10264
23604
10262
10264
20280
10262
10263
10263
10264
20282
23606
23607
10269
10270
10271
23609
10269
10271
20280
10269
10270
20281
23612
10270
10271
20283
23613
23615
10276
10277
10278
10279
10276
10277
10277
10278
10282
10276
10278
10284
10285
10283
10284
10285
23616
10283
10285
20324
10283
10284
10284
10285
20326
23618
23619
10290
10291
10292
23621
10290
10292
20324
10290
10291
20325
23623
10291
10292
20327
23625
23626
10305
10298
10299
10300
10301
10307
10298
10300
10298
10299
10304
10299
10300
10309
10305
10306
10311
10313
10305
10306
23628
10306
10344
23629
10305
10305
10306
10345
10348
23631
10311
10312
10313
23628
23632
10311
10312
23630
23653
10311
10313
10312
10313
23634
23654
23631
23635
10315
10330
10338
10328
10334
10341
10333
23620
10321
10322
10323
10324
10329
10321
10322
10321
10323
10326
10322
10323
10332
10327
10333
10328
10334
10327
10328
10328
10344
10327
10328
10346
10349
10333
10334
10334
20335
10333
10333
10334
23636
23641
23647
10340
10341
10342
10343
10340
10341
10344
23629
10341
10342
23637
10340
10342
23630
23638
10348
23631
10349
23639
10347
10348
10349
10348
10349
10347
10348
10347
10349
23634
23654
23659
10355
10356
10357
10355
10357
23633
23669
10355
10356
23634
23659
10356
10357
23660
23670
23635
23662
23671
10370
10363
10364
10365
10366
10372
10363
10364
10363
10365
10369
10364
10365
10374
10370
10376
10371
10377
10370
10371
23664
10371
10409
23665
10370
10370
10371
10410
10413
23667
10376
10377
10378
23664
23668
10377
10378
23666
23689
10376
10377
10376
10378
23670
23690
23671
23667
10380
10395
10404
10393
10398
10406
10399
23738
10386
10387
10388
10389
10394
10386
10388
10386
10387
10391
10387
10388
10397
10392
10393
10398
10399
10392
10393
10393
10409
10392
10393
10411
10414
10398
10399
10398
20337
10399
10398
10399
23672
23677
23683
10405
10406
10407
10408
10405
10406
10409
23665
10405
10407
23666
23673
10406
10407
23674
10413
23667
10414
23675
10412
10413
10414
10413
10414
10412
10413
10412
10414
23660
23670
23690
10419
10421
10529
10419
10420
10434
10420
10421
10422
10435
10531
10437
10423
10533
10423
10453
10538
10540
10425
10454
10545
23696
10547
23699
10430
10431
10446
10449
10430
10431
10482
10430
10431
10484
10448
10451
10486
10436
10437
10438
10446
10452
10436
10438
10436
10437
10447
10437
10438
10453
10448
10455
10457
10443
10444
10445
10449
10452
10444
10445
10443
10444
10450
23695
10443
10445
10454
23696
10456
23697
10451
10457
10448
10448
10451
10451
10498
10499
10455
10456
10457
10455
10457
10456
10457
10459
10462
10475
10503
10466
10478
10461
10463
10483
10466
10487
10466
10489
10515
10465
10466
10490
10465
10516
10493
10469
23700
23713
10469
10498
23715
10501
23705
23719
10472
23700
23706
10472
20347
23709
20349
23704
23710
10504
23720
10478
10479
10480
10488
10495
10478
10479
10489
10478
10480
10496
23701
10479
10480
23702
10493
10500
10494
10501
23705
10485
10486
10487
10488
10495
10485
10486
10485
10487
10490
10486
10487
10497
10492
10499
10493
10500
10492
10493
10494
10493
10494
10492
10493
10492
10494
10499
10500
10501
10500
10501
10499
10500
10499
10501
10505
10514
10521
10505
10515
10505
10522
10520
10525
10518
10511
10512
10513
10514
10521
10511
10513
10705
10511
10512
10517
10512
10513
10523
10706
10518
10520
10525
10527
10708
10518
10519
10520
10519
10520
10518
10519
10518
10520
10525
10526
10527
10525
10526
23720
10525
10527
10715
10526
10527
10716
10717
10532
10533
10534
10535
10532
10533
10532
10534
10533
10534
10538
10540
10541
10539
10540
10541
23723
10539
10541
20370
10539
10540
10540
10541
20372
23725
23727
10546
10547
10548
23728
10546
10548
20370
10546
10547
20371
23731
10547
10548
20373
23732
23734
10553
10554
10555
10556
10553
10555
10570
10553
10554
10554
10555
10559
10572
10561
10562
10574
10560
10561
10562
23735
10560
10561
20400
10560
10562
10561
10562
10576
20402
23737
10577
23739
10567
10568
10569
23740
10567
10568
20400
10567
10569
20401
23742
10568
10569
10578
20403
23744
10579
23745
10573
10574
10573
10575
10588
10574
10575
10576
10589
10577
10592
10577
10604
10579
10605
23748
23750
10584
10585
10600
10609
10584
10585
10636
10584
10585
10638
10602
10611
10640
10590
10591
10592
10600
10603
10590
10591
10590
10592
10601
10591
10592
10604
10602
10606
10607
10597
10598
10599
10603
10609
10597
10599
10597
10598
10605
23748
10598
10599
10610
23749
10606
10608
23751
10611
10602
10602
10606
10607
10608
10606
10607
10606
10608
10611
10611
10652
10653
10613
10616
10630
10657
10620
10632
10615
10617
10637
10620
10641
10620
10643
10669
10619
10620
10644
10619
10670
10647
10623
23753
23766
10623
10652
23769
10655
23758
23772
10626
23753
23759
10626
20433
23762
20435
23757
23764
10658
23773
10632
10633
10634
10642
10649
10633
10634
23754
10632
10633
10643
10632
10634
10650
23755
10647
10654
10648
10655
23758
10639
10640
10641
10642
10649
10639
10640
10639
10641
10644
10640
10641
10651
10646
10653
10647
10654
10646
10647
10648
10647
10648
10646
10647
10646
10648
10653
10654
10655
10654
10655
10653
10654
10653
10655
10659
10668
10675
10659
10669
10659
10676
10674
10679
10672
10665
10666
10667
10668
10675
10665
10667
10787
10665
10666
10671
10666
10667
10677
10789
10672
10674
10679
10681
10791
10672
10673
10674
10673
10674
10672
10673
10672
10674
10679
10680
10681
10679
10680
23773
10679
10681
10797
10680
10681
10798
10799
10684
10687
10688
10689
23783
10687
10688
10687
10689
10699
10688
10689
10700
23785
23786
10703
23787
10692
23798
30533
10692
10694
30534
10695
23800
30537
10695
10696
23792
23821
10695
23793
23795
23823
10701
10702
10703
23802
10701
10702
10701
10703
10702
10703
23804
10708
10709
10710
10713
10708
10709
10708
10710
10715
10709
10710
10717
10718
10712
10713
23802
10717
10717
10718
10719
10718
10719
23797
10717
10718
10717
10719
23799
23801
10722
10723
10722
10723
23779
23844
10725
23781
23846
10725
23784
23807
23788
23810
10728
10741
10728
10729
10733
10743
10730
10745
10730
10738
10756
10758
10734
10735
16242
10734
10735
10738
16244
10739
16245
10737
10858
16249
10739
16252
10739
16257
16259
10744
10745
10746
10754
10744
10745
10744
10746
16243
10745
10746
10756
16244
10758
10759
16246
10751
10752
10753
10754
10751
10752
23777
10751
10753
23779
23844
10752
10753
10757
23845
23782
10758
10760
23847
10758
10759
10760
10759
10760
16256
23856
10758
10759
16257
10758
10760
23857
16260
23858
10762
23831
23836
10764
23835
23841
10764
23855
23860
23859
23865
10769
10770
10771
23874
10769
10771
10808
10769
10770
10781
10770
10771
10782
23876
10784
23877
23879
10774
10776
30540
10774
23889
30541
10777
23891
30544
10777
10778
23881
23912
10777
23884
23886
23915
10783
10784
10785
23893
10783
10785
10783
10784
10784
10785
23895
10790
10791
10792
10795
10790
10791
10790
10792
10791
10792
10797
10799
10800
10794
10795
23893
10799
10799
10800
10801
10800
10801
23888
10799
10800
10799
10801
23890
23892
10804
10805
10804
10805
23870
23935
10807
23871
23937
10807
23875
23899
23878
23901
10813
10814
10815
10823
10813
10815
10834
10813
10814
16264
10814
10815
10825
10835
16265
10827
16266
10829
10836
10820
10821
10822
10823
10820
10822
23868
10820
10821
23870
23935
10821
10822
10826
23936
23873
10828
23938
10829
10827
10828
10829
10827
10828
16277
23947
10827
10829
10837
16278
10828
10829
23948
16280
23949
10838
10831
23922
23927
10833
23926
23932
10833
23946
23951
23950
23956
10836
10836
10837
10841
10838
10838
10846
10842
10843
16263
10842
10843
10846
16265
10847
16267
10845
10966
16270
10847
16274
10847
16278
16282
10850
10863
10850
10851
10855
10865
10852
10867
10852
10860
10878
10880
10856
10857
16284
10856
10857
10860
16286
10861
16287
10859
16291
10861
16294
10861
16299
16301
10866
10867
10868
10876
10866
10867
10866
10868
16285
10867
10868
10878
16286
10880
10881
16288
10873
10874
10875
10876
10873
10875
24000
10873
10874
10879
23976
10874
10875
23977
24001
10880
10882
23978
24003
10880
10881
10882
10881
10882
16298
23988
10880
10881
16299
10880
10882
23989
16302
23990
10884
23963
23968
10886
23967
23973
10886
23987
23992
23991
23996
10889
10892
10893
10894
24006
10892
10893
10892
10894
10904
10893
10894
10905
24008
24009
10908
24010
10897
24021
30547
10897
10899
30548
10900
24023
30551
10900
10901
24015
24044
10900
24016
24018
24047
10906
10907
10908
24025
10906
10907
10906
10908
10907
10908
24027
10913
10914
10915
10918
10913
10915
11036
10913
10914
10914
10915
10920
11037
10922
10924
11039
10917
10918
24025
10924
10922
10923
10924
10922
10923
24020
10922
10924
11044
10923
10924
11045
24022
24024
11046
10927
10928
10927
10928
23977
24001
23979
10930
24005
10930
24007
24031
24011
24033
10935
10936
10937
10945
10935
10937
10956
10935
10936
16306
10936
10937
10947
10957
16307
10949
16308
10951
10958
10942
10943
10944
10945
10943
10944
24091
10942
10943
10948
24067
10942
10944
24068
24092
10950
24069
10951
24094
10949
10950
10951
10949
10950
16319
24086
10949
10951
10959
16320
10950
10951
24087
16322
24088
10960
10953
24054
24061
10955
24060
24065
10955
24078
24085
24083
24089
10958
10958
10959
10963
10960
10960
10968
10964
10965
16305
10964
10965
10968
16307
10969
16309
10967
16312
10969
16316
10969
16320
16324
10974
10975
10976
24097
10974
10976
11013
10974
10975
10986
10975
10976
10987
24099
10989
24100
24102
10979
24112
30554
10979
10981
30555
10982
24114
30558
10982
10983
24106
24135
10982
24107
24109
24138
10988
10989
10990
24116
10988
10990
10988
10989
10989
10990
24118
10995
10996
10997
11000
10995
10997
11190
10995
10996
10996
10997
11002
11192
11004
11006
11194
10999
11000
24116
11006
11004
11005
11006
11004
11005
24111
11004
11006
11205
11005
11006
11206
24113
24115
11207
11009
11010
11009
11010
24068
24092
24070
11012
24095
11012
24098
24122
24101
24124
11015
11018
11032
11057
11022
11060
11017
11020
11065
11022
11068
11022
11050
11071
11021
11051
11021
11022
11072
11075
11031
24140
11026
24143
24156
11026
11080
24158
11082
24148
24161
11029
24143
24149
11029
20445
24152
20448
24147
24153
11033
11042
11049
11033
11043
11033
11050
11047
11055
11053
11039
11040
11041
11042
11049
11039
11040
11039
11041
11044
11040
11041
11052
11046
11053
11047
11055
11046
11047
11048
11047
11048
24140
11046
11047
11046
11048
11053
11054
11055
11054
11055
11053
11054
11053
11055
11060
11061
11062
11070
11077
11060
11061
11071
11060
11062
11078
24144
11061
11062
24145
11075
11081
11076
11082
24148
11067
11068
11069
11070
11077
11067
11069
11095
11067
11068
11072
11068
11069
11079
11097
11074
11075
11081
11083
11099
11074
11075
11076
11075
11076
11074
11075
11074
11076
11081
11082
11083
11081
11082
11081
11083
11082
11083
11118
11119
11087
11089
11127
11087
11088
11102
11088
11089
11090
11103
11128
11105
11091
11131
11091
11121
11136
11138
11093
11122
11143
24165
11145
24168
11098
11099
11114
11117
11098
11099
11098
11099
11116
11119
11104
11105
11106
11114
11120
11104
11106
11104
11105
11115
11105
11106
11121
11116
11123
11125
11111
11112
11113
11117
11120
11111
11113
11111
11112
11118
24164
11112
11113
11122
24165
11119
11124
24167
11125
11116
11116
11119
11119
11123
11124
11125
11123
11125
11124
11125
11130
11131
11132
11133
11130
11131
11131
11132
11136
11130
11132
11138
11139
11137
11138
11139
24169
11137
11139
20468
11137
11138
11138
11139
20470
24171
24172
11144
11145
11146
24174
11144
11146
20468
11144
11145
20469
24176
11145
11146
20471
24178
24179
11151
11152
11153
11154
11151
11153
11238
11151
11152
11152
11153
11157
11239
11159
11160
11241
11158
11159
11160
24181
11158
11159
20505
11158
11160
11159
11160
11244
20507
24183
11245
24184
11165
11166
11167
24186
11165
11166
20505
11165
11167
20506
24188
11166
11167
11246
20508
24190
11247
24191
11169
11172
11185
11211
11176
11214
11171
11174
11219
11176
11222
11176
11197
11225
11175
11198
11175
11176
11226
11229
11186
24193
11180
24196
24202
11180
20531
24204
20534
24200
24207
11183
24196
24209
11183
11234
24212
11236
24201
24214
11187
11196
11203
11187
11197
11187
11204
11202
11208
11200
11193
11194
11195
11196
11203
11193
11194
11193
11195
11199
11194
11195
11205
11200
11207
11202
11208
11200
11201
11202
11201
11202
11200
11201
11200
11202
11207
11208
11209
11208
11209
24193
11207
11208
11207
11209
11214
11215
11216
11224
11231
11214
11215
11225
11215
11216
24198
11214
11216
11232
24199
11229
11235
11230
11236
24201
11221
11222
11223
11224
11231
11221
11223
11249
11221
11222
11226
11222
11223
11233
11251
11228
11229
11235
11237
11253
11228
11229
11230
11229
11230
11228
11229
11228
11230
11235
11236
11237
11235
11236
11235
11237
11236
11237
11278
11279
11241
11242
11241
11243
11244
11256
11242
11243
11257
11245
11260
11245
11269
11247
11270
24217
24219
11252
11253
11274
11277
11252
11253
11252
11253
11276
11279
11258
11259
11260
11268
11274
11258
11259
11258
11260
11269
11259
11260
11275
11271
11276
11272
11265
11266
11267
11268
11277
11265
11266
11265
11267
11270
24217
11266
11267
11278
24218
11271
11279
11273
24221
11271
11272
11273
11271
11272
11271
11273
11276
11276
11279
11279
11284
11285
11286
11288
11294
11284
11286
11284
11285
11290
11285
11286
11296
11292
11293
11298
11300
11292
11292
11293
24222
11293
11331
24223
11292
11293
11332
11292
11335
24225
11298
11299
11300
24222
24226
11298
11299
24224
24247
11298
11300
11299
11300
24228
24248
24225
24229
11302
11317
11325
11315
11321
11328
11320
24173
11308
11309
11310
11311
11316
11308
11309
11308
11310
11313
11309
11310
11319
11314
11320
11315
11321
11314
11315
11315
11331
11314
11315
11333
11336
11320
11321
11321
20535
11320
11320
11321
24230
24235
24241
11327
11328
11329
11330
11327
11328
11331
24223
11328
11329
24231
11327
11329
24224
24232
11335
24225
11336
24233
11334
11335
11336
11335
11336
11334
11335
11334
11336
24228
24248
24253
11342
11343
11344
11342
11344
24227
24263
11342
11343
24228
24253
11343
11344
24254
24264
24229
24256
24265
11349
11350
11351
11353
11359
11349
11350
11349
11351
11355
11350
11351
11361
11357
11363
11358
11364
11357
11357
11358
24258
11358
11396
24259
11357
11358
11397
11357
11400
24261
11363
11364
11365
24258
24262
11364
11365
24260
24283
11363
11364
11363
11365
24264
24284
24265
24261
11367
11382
11391
11380
11385
11393
11386
24291
11373
11374
11375
11376
11381
11373
11375
11373
11374
11378
11374
11375
11384
11379
11380
11385
11386
11379
11380
11380
11396
11379
11380
11398
11401
11385
11386
11385
20537
11386
11385
11386
24266
24271
24277
11392
11393
11394
11395
11392
11393
11396
24259
11392
11394
24260
24267
11393
11394
24268
11400
24261
11401
24269
11399
11400
11401
11400
11401
11399
11400
11399
11401
24254
24264
24284
11407
11408
11409
11410
11407
11409
11568
11407
11408
11408
11409
11413
11570
11415
11416
11572
11414
11415
11416
24288
11414
11415
20551
11414
11416
11415
11416
11574
20553
24290
11575
24292
11421
11422
11423
11421
11422
20551
11421
11423
20552
11422
11423
11576
20554
11577
11428
11429
11430
11431
11428
11430
11916
11428
11429
11429
11430
11434
11917
11436
11437
11919
11435
11436
11437
24293
11435
11436
20595
11435
11437
11436
11437
11922
20597
24295
11923
24297
11442
11443
11444
24298
11442
11443
20595
11442
11444
20596
24300
11443
11444
11924
20598
24302
11925
24303
11449
11450
11451
11450
11451
24316
24346
11449
11450
24306
24317
11449
11451
24307
24347
24308
24318
24348
11456
11457
11458
11460
11466
11456
11457
11456
11458
11462
11457
11458
11468
11464
11470
11465
11471
11464
11464
11465
24311
11465
11503
24312
11464
11465
11504
11464
11507
24314
11470
11471
11472
24311
24315
11471
11472
24313
24336
11470
11471
11470
11472
24317
24337
24318
24314
11474
11484
11496
11488
11493
11500
11487
24185
11480
11481
11482
11483
11489
11480
11481
11480
11482
11486
11481
11482
11491
11487
11492
11488
11493
11487
11488
11488
20599
11487
11487
11488
11492
11493
11493
11503
11492
11493
11505
11508
24319
24324
24330
11499
11500
11501
11502
11500
11501
24320
11499
11500
11503
24312
11499
11501
24313
24321
11507
24314
11508
24322
11506
11507
11508
11507
11508
11506
11507
11506
11508
24306
24317
24337
11514
11515
11516
11518
11524
11514
11515
11514
11516
11520
11515
11516
11526
11522
11528
11523
11529
11522
11522
11523
24341
11523
11561
24342
11522
11523
11562
11522
11565
24344
11528
11529
11530
24341
24345
11529
11530
24343
24366
11528
11529
11528
11530
24347
24367
24348
24344
11532
11542
11554
11546
11551
11558
11545
24296
11538
11539
11540
11541
11547
11538
11539
11538
11540
11544
11539
11540
11549
11545
11550
11546
11551
11545
11546
11546
20601
11545
11545
11546
11550
11551
11551
11561
11550
11551
11563
11566
24349
24354
24360
11557
11558
11559
11560
11558
11559
24350
11557
11558
11561
24342
11557
11559
24343
24351
11565
24344
11566
24352
11564
11565
11566
11565
11566
11564
11565
11564
11566
24307
24347
24367
11571
11572
11571
11573
11586
11572
11573
11574
11587
11575
11590
11575
11602
11577
11603
24372
24374
11582
11583
11598
11607
11582
11583
11634
11582
11583
11636
11600
11609
11638
11588
11589
11590
11598
11601
11588
11589
11588
11590
11599
11589
11590
11602
11600
11604
11605
11595
11596
11597
11601
11607
11595
11597
11595
11596
11603
24372
11596
11597
11608
24373
11604
11606
24375
11609
11600
11600
11604
11605
11606
11604
11605
11604
11606
11609
11609
11650
11651
11611
11614
11628
11655
11618
11630
11613
11615
11635
11618
11639
11618
11641
11667
11617
11618
11642
11617
11668
11645
11621
24377
24390
11621
11650
24393
11653
24382
24396
11624
24377
24383
11624
20611
24386
20613
24381
24388
11656
24397
11630
11631
11632
11640
11647
11631
11632
24378
11630
11631
11641
11630
11632
11648
24379
11645
11652
11646
11653
24382
11637
11638
11639
11640
11647
11637
11638
11637
11639
11642
11638
11639
11649
11644
11651
11645
11652
11644
11645
11646
11645
11646
11644
11645
11644
11646
11651
11652
11653
11652
11653
11651
11652
11651
11653
11657
11666
11673
11657
11667
11657
11674
11672
11677
11670
11663
11664
11665
11666
11673
11663
11665
11702
11663
11664
11669
11664
11665
11675
11704
11670
11672
11677
11679
11706
11670
11671
11672
11671
11672
11670
11671
11670
11672
11677
11678
11679
11677
11678
24397
11677
11679
11712
11678
11679
11713
11714
11684
11685
11686
24407
11684
11686
11748
11684
11685
11696
11685
11686
11697
24409
11699
24410
24412
11689
11691
30561
11689
24422
30562
11692
24424
30565
11692
11693
24414
24445
11692
24417
24419
24449
11698
11699
11700
24426
11698
11700
11698
11699
11699
11700
24428
11705
11706
11707
11710
11705
11706
11705
11707
11706
11707
11712
11714
11715
11709
11710
24426
11714
11714
11715
11716
11715
11716
24421
11714
11715
11714
11716
24423
24425
11719
11720
11719
11720
24402
24468
11722
24404
24470
11722
24408
24433
24411
24434
11727
11728
11729
11737
11727
11729
11749
11727
11728
16327
11728
11729
11739
11750
16328
11741
16329
11743
11751
11734
11735
11736
11737
11734
11736
24401
11734
11735
24402
24468
11735
11736
11740
24469
24405
11742
24471
11743
11741
11742
11743
11741
11742
16340
24480
11741
11743
11752
16341
11742
11743
24481
16343
24482
11753
11745
24455
24460
11747
24459
24465
11747
24479
24484
24483
24489
11751
11751
11752
11756
11753
11753
11761
11757
11758
16326
11757
11758
11761
16328
11762
16330
11760
11841
16333
11762
16337
11762
16341
16345
11767
11768
11769
11777
11767
11769
11831
11767
11768
16348
11768
11769
11779
11832
16349
11781
16350
11783
11833
11774
11775
11776
11777
11775
11776
24533
11774
11775
24509
24534
11774
11776
11780
24510
11782
24511
24536
11783
11781
11782
11783
11781
11782
16361
24528
11781
11783
11834
16362
11782
11783
24529
16364
24530
11835
11785
24496
24503
11787
24502
24507
11787
24520
24527
24526
24531
11792
11793
11794
24539
11792
11794
11845
11792
11793
11804
11793
11794
11805
24541
11807
24542
24544
11797
24554
30568
11797
11799
30569
11800
24556
30572
11800
11801
24548
24577
11800
24549
24551
24580
11806
11807
11808
24558
11806
11808
11806
11807
11807
11808
24560
11813
11814
11815
11818
11813
11815
11896
11813
11814
11814
11815
11820
11898
11822
11824
11900
11817
11818
24558
11824
11822
11823
11824
11822
11823
24553
11822
11824
11911
11823
11824
11912
24555
24557
11913
11827
11828
11827
11828
24509
24534
24512
11830
24537
11830
24540
24564
24543
24566
11833
11833
11834
11838
11835
11835
11843
11839
11840
16347
11839
11840
11843
16349
11844
16351
11842
16354
11844
16358
11844
16362
16366
11847
11850
11863
11891
11854
11866
11849
11851
11871
11854
11874
11854
11877
11903
11853
11854
11878
11853
11904
11881
11857
24582
24588
11857
20623
24590
20625
24586
24593
11860
24582
24595
11860
11886
24598
11888
24587
24600
11892
24602
11866
11867
11868
11876
11883
11866
11867
11877
11867
11868
24584
11866
11868
11884
24585
11881
11887
11882
11888
24587
11873
11874
11875
11876
11883
11873
11875
11927
11873
11874
11878
11874
11875
11885
11929
11880
11881
11887
11889
11931
11880
11881
11882
11881
11882
11880
11881
11880
11882
11887
11888
11889
11887
11888
11887
11889
11888
11889
11956
11957
11893
11902
11909
11893
11903
11893
11910
11908
11914
11906
11899
11900
11901
11902
11909
11899
11900
11899
11901
11905
11900
11901
11911
11906
11913
11908
11914
11906
11907
11908
11907
11908
11906
11907
11906
11908
11913
11914
11915
11914
11915
24602
11913
11914
11913
11915
11919
11920
11919
11921
11922
11934
11920
11921
11935
11923
11938
11923
11947
11925
11948
24606
24608
11930
11931
11952
11955
11930
11931
11930
11931
11954
11957
11936
11937
11938
11946
11952
11936
11937
11936
11938
11947
11937
11938
11953
11949
11954
11950
11943
11944
11945
11946
11955
11943
11944
11943
11945
11948
24606
11944
11945
11956
24607
11949
11957
11951
24610
11949
11950
11951
11949
11950
11949
11951
11954
11954
11957
11957
11959
20646
24613
24967
24616
24970
20647
24619
24980
11962
11966
20651
24654
20654
24658
11964
23373
24631
24660
24634
24662
11967
11968
11971
11967
11968
24622
11973
24627
11970
11971
18240
11974
11990
18245
11973
11974
11973
11974
24638
24721
24640
24722
11977
11985
24678
11977
11978
11980
24681
11980
11980
12009
24673
24674
11983
11984
24684
24691
11983
11984
11993
11994
24690
24693
11986
24707
30983
11988
24711
30986
11988
24704
30991
24706
30994
11990
11991
11992
18247
24719
18252
24722
11995
18253
11994
11995
24712
11994
11995
24718
24649
25164
11998
11999
18256
25202
18258
25205
12001
18269
12001
12003
12004
18271
12004
24741
24746
12004
24749
12007
12015
24758
12007
12008
12010
24761
12010
12010
24753
24754
12013
12014
24764
24771
12013
12014
12023
12024
24770
24774
12016
24787
30998
12018
24791
31000
12018
24784
31005
24786
31007
12020
12021
12022
18272
24799
12035
18277
24803
12025
18278
12024
12025
24792
12024
12025
24798
12027
12031
20677
24837
20679
24840
12029
23505
24814
24843
24817
24845
12032
12033
12036
12032
12033
24807
12039
24810
12035
12036
18279
12038
18284
12038
12039
12038
12039
24801
24821
24803
24824
12042
12047
18296
12042
12044
12045
18298
12045
24867
24872
12045
24875
24832
25258
12048
18301
25296
18303
25299
12050
20719
21984
24880
21988
24883
20720
21997
24886
24904
24917
24921
24911
24918
24924
24927
24941
24947
24938
24942
24953
12058
24991
24998
12058
24960
24994
24964
24997
25002
12061
24998
25004
12061
24974
25007
24976
25003
25009
12064
25011
25017
12064
25019
25053
25016
25022
25054
25025
25030
25143
25026
25033
25154
18350
25076
25162
12070
18347
25063
12070
24974
25065
18349
24977
25067
12072
25037
25058
25098
25040
25102
12074
24987
25045
25099
25049
25102
12077
25104
25110
12077
25053
25112
25056
25108
25116
12080
25104
25117
12080
25094
25120
25096
25109
25122
20743
25126
25132
25189
25196
25283
25288
12086
18462
25328
12086
23624
25330
18467
23627
25333
12088
22003
25311
25343
25314
25346
25320
25350
25356
18485
25256
25404
12093
18482
25392
12093
21991
25394
18484
21994
25396
12095
25366
25387
25427
25369
25431
12097
22004
25374
25428
25377
25431
12100
25433
25446
12100
25423
25448
25426
25438
25452
12103
25433
25439
12103
25382
25441
25384
25437
25444
12106
25453
25466
12106
25382
25468
25385
25458
25470
25474
25479
25497
25475
25482
25515
20874
25487
25493
25525
25538
25542
25531
25539
25545
25548
25567
25574
25559
25568
25579
12115
20904
25586
25603
25589
25606
20905
25591
25616
12119
25627
25634
12119
25596
25630
25600
25633
25638
12122
25634
25640
12122
25610
25643
25612
25639
25645
22052
25651
25658
12126
25654
25660
12126
25663
25724
25659
25666
25725
25668
25673
25691
25669
25675
25702
20914
25681
25687
18606
25747
26214
12133
18603
25734
12133
25610
25736
18605
25613
25738
12135
25708
25729
25769
25711
25773
12137
25623
25716
25770
25720
25773
12140
25775
25781
12140
25724
25783
25727
25779
25787
12143
25775
25788
12143
25765
25791
25767
25780
25793
12146
18620
25834
12146
23743
25836
18624
23746
25839
12149
18620
25841
12149
25844
25873
18625
25847
25875
25812
25850
25857
12152
25797
25830
25865
25801
25868
12154
25804
25866
25899
25806
25868
12157
25904
25918
12157
25873
25907
25876
25910
25922
12160
25911
25918
12160
25886
25914
25888
25916
25923
20936
25928
25932
25814
25956
25963
12165
25959
25965
12165
25968
26001
25964
25971
26002
25936
25973
25978
25947
25974
25980
18691
26024
26289
12171
18688
26011
12171
25886
26013
18690
25889
26015
12173
25985
26006
26046
25988
26050
12175
25900
25993
26047
25997
26050
12178
26052
26058
12178
26001
26060
26004
26056
26064
12181
26052
26065
12181
26042
26068
26044
26057
26070
12183
20967
25880
26074
25884
26077
20968
25893
26080
12186
12190
20972
26115
20975
26119
12188
23822
26092
26121
26095
26123
12191
12192
12195
12191
12192
26083
12197
26088
12194
12195
18705
12198
12214
18710
12197
12198
12197
12198
26099
26182
26101
26183
12201
12209
26139
12201
12202
12204
26142
12204
12204
12265
26134
26135
12207
12208
26145
26152
12207
12208
12217
12218
26150
26154
12210
26168
31011
12212
26172
31014
12212
26165
31019
26167
31022
12214
12215
12216
18712
26180
18717
26183
12219
18718
12218
12219
26173
12218
12219
26179
26110
26216
12222
12223
18721
26254
18723
26257
12225
18734
12225
12227
12228
18736
12228
26202
26207
12228
26210
26241
26248
26316
26321
12233
12234
12233
12241
26369
12236
26372
12236
12236
26363
26365
12239
12240
26375
26382
12239
12240
12249
12250
26380
26385
12242
26398
31026
12244
26402
31028
12244
26394
31033
26397
31036
12246
12247
12248
18801
26410
18806
26413
12251
18807
12250
12251
26403
12250
12251
26409
22137
26291
12254
12255
18810
26329
18812
26334
12257
18823
12257
12259
12260
18824
12260
26432
26436
12260
26438
12263
12271
26449
12263
12264
12266
26452
12266
12266
26444
26445
12269
12270
26455
26462
12269
12270
12279
12280
26461
26465
12272
26478
31040
12274
26482
31042
12274
26475
31047
26477
31049
12276
12277
12278
18826
26490
12291
18831
26494
12281
18832
12280
12281
26483
12280
12281
26489
12283
12287
21107
26528
21109
26531
12285
24045
26505
26534
26508
26536
12288
12289
12292
12288
12289
26498
12295
26501
12291
12292
18833
12294
18838
12294
12295
12294
12295
26492
26512
26494
26515
12298
12303
18850
12298
12300
12301
18852
12301
26558
26563
12301
26566
26523
26594
12304
18855
26632
18857
26635
26619
26624
26694
26699
12308
12312
21241
26753
21243
26757
12310
24136
26737
26760
26740
26761
12313
12314
12317
12313
12314
26723
12320
26726
12316
12317
18922
12319
18927
12319
12320
12319
12320
22223
26730
22225
26733
12323
12328
18939
12323
12325
12326
18941
12326
26783
26788
12326
26790
26669
26748
12329
18944
26707
18945
26712
12331
21283
22235
26796
22239
26799
21284
22248
26802
12335
18947
26838
12335
24177
26840
18952
24180
26843
12338
18947
26831
12338
22229
26834
18951
22232
26835
12340
26806
26826
26858
26810
26862
12342
22254
26814
26859
26817
26862
26823
26866
26872
18963
26592
26920
12347
18960
26908
12347
22242
26911
18962
22245
26912
12349
26882
26903
26943
26886
26947
12351
22255
26890
26944
26893
26947
12354
26949
26962
12354
26939
26964
26942
26954
26968
12357
26949
26955
12357
26898
26958
26900
26953
26960
26824
26973
26979
12361
26969
26982
12361
26898
26984
26901
26974
26986
26990
26995
27013
26991
26998
27024
21308
27003
27009
12367
27062
27068
12367
27032
27071
27034
27066
27073
12370
27062
27075
12370
27045
27078
27047
27067
27080
12373
19032
27108
12373
24189
27110
19036
24192
27113
12376
19032
27115
12376
27032
27118
19037
27035
27119
12378
27083
27104
27135
27087
27139
12380
27057
27091
27136
27094
27139
27100
27143
27150
19047
26667
27190
12385
19045
27192
12385
27045
27195
19048
27048
27196
12387
27159
27181
27220
27163
27224
12389
27058
27167
27221
27170
27224
12392
27226
27232
12392
27175
27235
27177
27230
27237
12395
27226
27239
12395
27216
27242
27218
27231
27244
21330
27248
27254
27101
27278
27284
12400
27274
27287
12400
27175
27289
27178
27279
27291
27258
27295
27300
27269
27296
27303
27311
27324
27328
27317
27325
27331
27341
27353
27360
27345
27354
27365
12409
27432
27439
12409
27414
27435
27416
27437
27444
21351
27449
27453
27375
27484
27491
12414
27487
27493
12414
27496
27529
27492
27499
27530
27464
27501
27506
27475
27502
27508
19176
27552
27603
12420
19173
27539
12420
27414
27542
19175
27417
27543
12422
27513
27534
27574
27517
27578
12424
27428
27521
27575
27525
27578
12427
27580
27586
12427
27529
27589
27532
27584
27592
12430
27580
27593
12430
27570
27596
27572
27585
27598
27630
27635
27724
27729
12435
27783
27789
12435
27753
27792
27755
27787
27794
12438
27783
27796
12438
27766
27799
27768
27788
27801
21496
27853
27859
19325
27697
27918
12443
19323
27920
12443
27766
27923
19326
27769
27924
12445
27887
27909
27948
27891
27952
12447
27779
27895
27949
27898
27952
12450
27954
27960
12450
27903
27963
27905
27958
27965
12453
27954
27967
12453
27944
27970
27946
27959
27972
12456
27981
27987
12456
27903
27990
27906
27986
27992
27863
27995
28000
27881
27996
28002
22329
28017
28023
22333
28018
28029
12462
21530
27408
28036
27412
28039
21531
27421
28042
12466
12467
12466
12474
28052
12469
28055
12469
12469
28046
28048
12472
12473
28058
28065
12472
12473
12482
12483
28063
28068
12475
28081
31054
12477
28085
31056
12477
28077
31061
28080
31064
12479
12480
12481
19340
28093
19345
28096
12484
19346
12483
12484
28086
12483
12484
28092
22363
27605
12487
12488
19349
27643
19351
27648
12490
19362
12490
12492
12493
19363
12493
28115
28119
12493
28121
12495
12499
21536
28157
21538
28161
12497
24578
28141
28164
28144
28165
12500
12501
12504
12500
12501
28127
12507
28130
12503
12504
19365
12506
19370
12506
12507
12506
12507
22435
28134
22437
28137
12510
12515
19382
12510
12512
12513
19384
12513
28187
28192
12513
28194
27699
28152
12516
19387
27737
19388
27742
12518
28199
28211
22506
28202
28215
12521
28199
28204
12521
25094
28206
25097
28203
28208
12523
28219
28226
28315
28229
28316
12525
28220
28232
28329
28235
28330
28236
28252
28269
28238
28275
28281
21560
28244
28268
19400
28266
28310
19399
25151
28258
12533
28285
28291
12533
28293
28308
28289
28296
28311
12536
28285
28298
12536
28300
28322
28290
28302
28324
12541
12542
12541
12542
12591
13178
12541
12542
12544
12543
12592
12545
13179
12596
28335
12545
13184
13185
28340
12547
12569
12586
28341
12588
28346
28282
28343
28356
12551
12552
12559
12563
12551
12552
12569
12586
12561
12571
12566
12589
12557
12558
12559
12563
12557
12558
28431
12557
28433
12558
12564
12562
28436
12567
12561
12562
12561
12562
12580
12684
12582
12686
12566
12567
12567
13220
12566
12567
12600
13221
12601
13223
12570
12571
12572
12579
28347
12570
12571
28348
28352
12582
28353
12583
12575
19429
28347
12575
28322
28349
19433
28325
28351
12578
12579
19429
12578
12581
12717
12584
12718
19434
12582
12583
12584
12582
12584
12722
12583
12584
12723
12588
12589
12594
12599
12588
12589
12588
12597
12601
12592
12593
12594
12599
12592
12593
15751
12596
12602
15752
12596
12597
12598
28354
12596
12598
28359
28360
12601
12602
12601
12602
13234
13235
12604
25217
28405
25219
28408
12607
12608
21571
12607
12610
12610
21584
12610
12612
28362
28388
28375
28400
12615
12616
12627
12666
19452
12616
12618
12629
19454
12619
12667
19455
12619
12623
12670
28427
12619
12671
28429
12622
22515
12622
12623
28427
12726
12625
19457
28369
12633
19460
28373
12629
12630
12635
19456
12629
12630
12743
19459
12630
19461
12640
12744
19462
12633
12634
12633
12634
12652
28383
28386
12654
12638
12639
12640
12638
12639
12656
12638
12640
12657
12747
12658
12748
12643
12644
12651
12643
12644
12823
28411
12653
28416
12825
12648
12649
12650
12655
12649
12650
12779
12827
12648
12650
12828
12659
12660
12780
12829
12653
12654
12653
12654
28419
28423
12658
12659
12660
12658
12659
12658
12660
12783
12784
12663
12664
12669
12673
12663
12664
12712
12732
12672
12713
12675
12734
12667
12668
12669
12673
12667
12668
12743
12671
12676
12745
12671
12672
12671
12672
12726
12729
12675
12676
12675
12676
12752
28439
28441
12753
12680
12681
12682
12683
12680
12682
12731
12681
12682
12712
12732
12685
12687
12714
12735
12685
12686
12687
28430
12686
12687
12722
28434
28436
12724
12690
12700
12707
12690
12701
12731
12706
12709
12736
12692
12702
16483
12705
16484
12697
12698
12699
12700
12707
12697
12699
12697
12698
12703
12698
12699
12708
12705
12706
12709
12710
12704
12705
12706
12704
12706
12704
12705
12705
12706
12709
12710
12709
12710
12769
28440
28442
12770
12713
12714
12721
12725
12713
12714
12729
12724
12718
12719
12720
12721
12725
19463
12718
12719
19466
12718
12720
12723
19468
12728
19469
12723
12724
12723
12724
12728
12729
12728
12729
12728
12734
12735
12736
28437
12735
12736
12734
12735
12734
12736
28438
28441
28442
12740
12741
12746
12750
12740
12741
12774
12741
12751
12749
12776
12754
12744
12745
12746
12750
12744
12745
12748
12753
12748
12749
12748
12749
12783
12785
12753
12754
12754
12753
12754
12759
12760
12761
12767
12759
12760
12760
12761
12768
12759
12761
12772
12771
12765
12766
12766
12765
12766
12772
12770
12771
12771
12770
12771
12776
12777
12782
12786
12776
12777
12777
12787
12785
12790
12780
12781
12782
12786
12780
12781
12895
12784
12792
12896
12784
12785
12784
12785
12790
12791
12792
12790
12791
12790
12792
12900
12791
12792
12901
12902
12794
28444
28449
28453
28448
28458
12796
28473
28505
12799
28476
28508
12799
12799
22575
28468
28472
12802
12803
12802
12803
28446
28480
28448
12804
28483
28495
28523
12806
19475
22536
12814
19478
22540
12810
12811
12816
19474
12810
12811
12842
12859
19477
12811
12844
19479
12821
12860
19480
12814
12815
12814
12815
12833
22550
22553
12835
12819
12820
12821
12819
12820
12837
12819
12821
12838
12863
12839
12864
12824
12825
12832
12824
12825
22578
12834
22583
12829
12830
12831
12836
12829
12831
12895
12829
12830
12840
12841
12897
12834
12835
12834
12835
22586
22590
12839
12840
12841
12839
12840
12839
12841
12906
12907
12844
12845
12914
19484
12845
12847
19486
12848
12915
19487
12848
12852
12918
28527
12848
12919
28529
12851
28511
12851
12852
28527
12970
12856
12857
12862
12866
12856
12857
12891
12857
12867
12865
12892
12869
12860
12861
12862
12866
12860
12861
12914
12864
12870
12916
12864
12865
12864
12865
12906
12908
12869
12870
12869
12869
12870
12922
12923
12875
12876
12877
12883
12875
12876
12876
12877
12884
12875
12877
12888
12886
12881
12882
12882
12881
12882
12888
12886
12887
12886
12886
12887
12956
12957
12892
12893
12898
12905
12893
12899
12892
12893
12908
12903
12896
12897
12898
12905
12896
12897
12902
12907
12902
12903
12904
12903
12904
12902
12903
12902
12904
12907
12908
12907
12908
12911
12912
12917
12921
12911
12912
12960
12980
12920
12961
12924
12982
12915
12916
12917
12921
12915
12916
12919
12923
12919
12920
12919
12920
12970
12973
12923
12924
12923
12924
28539
28542
12928
12929
12930
12931
12928
12930
12979
12929
12930
12960
12980
12933
12934
12962
12983
12933
12934
12935
28530
12934
12935
12975
13010
28534
12976
13011
28536
12938
12948
12955
12938
12949
12979
12954
12958
12984
12940
12950
16490
12953
16491
12945
12946
12947
12948
12955
12945
12946
12945
12947
12951
12946
12947
12956
12953
12957
12954
12958
12952
12953
12954
12952
12954
12952
12953
12953
12954
12957
12958
12957
12958
28540
28543
12961
12962
12969
12974
12961
12962
12973
12976
12966
12967
12968
12969
12974
19488
12966
12968
19491
12967
12968
13027
12972
19493
12977
13028
19494
12972
12973
12972
12973
12972
12976
12977
12976
12977
13030
13032
12982
12983
12984
28537
12983
12984
12982
12983
12982
12984
28538
28542
28543
12987
28549
28555
12987
28557
28572
28553
28559
28574
12990
28549
28562
12990
28564
28586
28554
28566
28588
28597
28613
28629
28545
28599
28636
21627
28605
28630
19533
28575
28625
19532
25512
28619
12997
13019
13036
28641
13038
28646
28546
28643
28656
13001
13002
13009
13013
13001
13002
13019
13036
13012
13021
13016
13039
13007
13008
13009
13013
13007
13008
28531
13007
28533
13008
13014
13011
28536
13017
13011
13012
13011
13012
13030
13033
13016
13017
13017
13308
13016
13017
13050
13309
13051
13311
13020
13021
13022
13029
28647
13020
13021
28648
28652
13033
28653
13034
13025
19534
28647
13025
28586
28649
19539
28589
28651
13028
13029
19534
13028
13031
13032
19538
13032
13033
13034
13032
13033
13032
13034
13038
13039
13044
13049
13038
13039
13038
13046
13051
13042
13043
13044
13049
13042
13043
13054
15771
13048
13057
13052
15772
13046
13047
13048
28654
13047
13048
28659
13059
28660
13051
13052
13051
13052
13322
13323
13057
13058
13057
13058
13380
13057
13058
13060
13059
13061
13381
28663
13061
13386
13387
28668
28669
28685
28702
28671
28708
28751
21637
28677
28701
19550
28699
28779
19549
25699
28691
13068
28713
28725
22776
28716
28729
13071
28713
28718
13071
25765
28720
25768
28717
28722
13073
28733
28740
28785
28743
28786
13075
28734
28746
28799
28749
28800
13078
28755
28762
13078
28757
28777
28760
28766
28781
13081
28762
28768
13081
28771
28792
28767
28773
28794
13086
13087
13086
13087
13119
13196
13086
13087
13089
13088
13120
13090
13197
13124
28805
13090
13202
13203
28810
13092
13114
13132
28811
13116
28815
28752
28812
28819
13096
13097
13104
13109
13096
13097
13114
13132
13107
13117
13111
13134
13102
13103
13104
13109
13102
13103
29053
13102
13105
13103
29055
13108
13112
29058
13107
13108
13108
13264
13107
13108
13128
13265
13129
13267
13111
13112
13111
13112
13143
13589
13145
13591
13116
13117
13122
13127
13116
13117
13116
13125
13129
13120
13121
13122
13127
13120
13121
15761
13124
13130
15762
13124
13125
13126
28817
13124
13126
28822
28823
13129
13130
13129
13130
13278
13279
13133
13134
13135
13142
28824
13133
13134
28825
28829
13145
28830
13146
13138
19579
28824
13138
28792
28826
19583
28795
28828
13141
13142
19579
13141
13144
13622
13147
13623
19584
13145
13146
13147
13145
13147
13627
13146
13147
13628
13152
13153
13154
28831
13152
13153
13152
13154
13188
13153
13154
13216
13189
28833
28835
13159
13160
13161
28831
13159
13160
13159
13161
13206
13160
13161
13217
13207
28834
28835
13166
13167
13168
13167
13168
13174
13192
13166
13167
13169
13166
13168
13171
13170
13176
13172
13194
13170
13182
13186
28841
13172
13200
13204
28847
13175
13176
13181
13187
13175
13176
28832
13189
28833
13186
13179
13180
13181
13187
13179
13180
15751
13185
13190
15753
13185
13186
13186
13185
13186
13185
13189
13190
13189
13190
15756
15757
13193
13194
13199
13205
13193
13194
28832
13207
28834
13204
13197
13198
13199
13205
13197
13198
15761
13203
13208
15763
13203
13204
13204
13203
13204
13203
13207
13208
13207
13208
15766
15767
13213
13214
13215
13214
13215
13213
13214
13216
13213
13215
13217
13255
13299
13222
13223
13224
13222
13224
13233
13222
13223
13223
13224
13234
13236
13228
13229
13229
13230
13231
13239
13228
13230
13241
13243
13254
15755
13235
13236
13237
15750
13236
13237
13235
13236
15752
13242
13243
13244
13253
13259
13242
13243
13254
13242
13244
13243
13244
13260
13257
13258
13261
13253
13259
13250
13251
13252
13259
13250
13252
15369
13250
13251
13251
13252
15370
13261
13256
13257
13258
13257
13258
13256
13257
13261
13261
16368
16372
13266
13267
13268
13266
13268
13277
13266
13267
13267
13268
13278
13280
13272
13273
13273
13274
13275
13283
13272
13274
13285
13287
13298
15765
13279
13280
13281
15760
13280
13281
13279
13280
15762
13286
13287
13288
13297
13303
13286
13287
13298
13286
13288
13287
13288
13304
13301
13302
13305
13297
13303
13294
13295
13296
13303
13294
13296
15371
13294
13295
13295
13296
15372
13305
13300
13301
13302
13301
13302
13300
13301
13305
13305
16375
16379
13310
13311
13312
13310
13312
13321
13310
13311
13311
13312
13322
13324
13316
13318
13327
13316
13317
13317
13318
13319
13328
13331
13345
15775
13323
13324
13325
15770
13324
13325
13323
13324
15772
13330
13331
13332
13341
13344
13331
13332
13342
13330
13331
13345
13330
13332
13347
13348
13343
13341
13344
13338
13339
13340
13341
13338
13339
13339
13340
13338
13340
13343
13343
13343
16382
16386
13347
13348
13349
13347
13348
13347
13349
13418
13354
13355
13356
28848
13355
13356
13354
13355
13390
13354
13356
13418
13392
28850
28852
13361
13362
13363
28848
13361
13362
13361
13363
13402
13362
13363
13419
13403
28851
28852
13368
13369
13370
13368
13369
13371
13369
13370
13376
13394
13368
13370
13373
13372
13378
13374
13396
13372
13384
13388
28858
13374
13406
13409
28864
13377
13378
13383
13389
13377
13378
28849
13392
28850
13388
13381
13382
13383
13389
13381
13382
15771
13387
13391
15773
13387
13388
13388
13387
13388
13387
13391
13392
13391
13392
15776
15779
13395
13396
13401
13405
13395
13396
28849
13403
28851
13409
13399
13400
13401
13405
13399
13400
13480
15781
13404
15782
13410
13483
13403
13404
13403
13404
15786
15787
13409
13410
13409
13409
13410
13410
13485
13486
13415
13416
13417
13415
13417
13415
13416
13418
13416
13417
13419
13457
13424
13425
13426
13424
13425
13435
13424
13426
13502
13425
13426
13436
13503
13437
13504
13431
13432
13433
13441
13430
13431
13430
13432
13443
13445
13456
15785
13437
13438
13439
15780
13437
13438
13437
13439
13520
13521
15783
13444
13445
13446
13455
13461
13444
13445
13456
13444
13446
13445
13446
13462
13459
13460
13463
13455
13461
13452
13453
13454
13461
13452
13454
15373
13452
13453
13453
13454
15374
13463
13458
13459
13460
13459
13460
13458
13459
13463
13463
16389
16393
13466
28870
28877
13466
28872
28892
28875
28881
28895
13469
28877
28883
13469
28886
28907
28882
28888
28908
13472
28918
28923
13472
26042
28925
26045
28921
28927
13474
28918
28930
28922
28936
29113
13476
28900
28938
28945
28903
28947
13478
28914
28939
28950
28917
28952
13483
13484
13483
13484
13516
13483
13485
13484
13486
13487
13518
13486
28962
13525
28957
13489
13511
13529
28963
13513
28967
28867
28964
28971
13493
13494
13501
13506
13493
13494
13511
13529
13505
13514
13508
13531
13499
13500
13501
13506
13499
13500
29210
13499
13502
13500
29212
13504
13509
29215
13504
13505
13504
13504
13505
13520
13522
13508
13509
13508
13509
13540
13780
13542
13782
13513
13514
13519
13523
13513
13514
13513
13526
13522
13517
13518
13519
13523
13517
13518
15781
13521
15783
13525
13521
13522
13521
13522
13525
13526
13527
28969
13525
13527
28974
28975
13530
13531
13532
13539
28976
13530
13531
28977
28981
13542
28982
13543
13535
19624
28976
13535
28907
28978
19628
28910
28980
13538
13539
19624
13538
13541
13813
13544
13814
19629
13542
13543
13544
13542
13544
13818
13543
13544
13819
13546
26269
29027
26271
29030
13549
13550
21690
13549
13552
13552
21703
13552
13554
28984
29010
28997
29022
13557
13558
13571
13645
19647
13557
13560
13561
13572
19649
13647
19650
13561
13565
13575
29049
13561
13576
29051
13564
22795
13564
13565
29049
13631
13568
13569
13574
13578
13568
13569
13617
13637
13577
13618
13580
13639
13572
13573
13574
13578
13572
13573
13685
13576
13581
13686
13576
13577
13576
13577
13631
13634
13580
13581
13580
13581
13690
29061
29063
13691
13585
13586
13587
13588
13585
13587
13636
13586
13587
13617
13637
13590
13592
13619
13640
13590
13591
13592
29052
13591
13592
13627
29056
29058
13629
13595
13605
13612
13595
13606
13636
13611
13614
13641
13597
13607
16497
13610
16498
13602
13603
13604
13605
13612
13602
13604
13602
13603
13608
13603
13604
13613
13610
13611
13614
13615
13609
13610
13611
13609
13611
13609
13610
13610
13611
13614
13615
13614
13615
13711
29062
29064
13712
13618
13619
13626
13630
13618
13619
13634
13629
13623
13624
13625
13626
13630
19651
13623
13624
19654
13623
13625
13628
19656
13633
19657
13628
13629
13628
13629
13633
13634
13633
13634
13633
13639
13640
13641
29059
13640
13641
13639
13640
13639
13641
29060
29063
29064
13643
19659
28991
13651
19662
28995
13647
13648
13653
19658
13647
13648
13685
19661
13648
19663
13658
13687
19664
13651
13652
13651
13652
13670
29005
29008
13672
13656
13657
13658
13656
13657
13674
13656
13658
13675
13694
13676
13695
13661
13662
13669
13661
13662
13967
29033
13671
29038
13969
13666
13667
13668
13673
13667
13668
13721
13971
13666
13668
13972
13677
13678
13722
13973
13671
13672
13671
13672
29041
29045
13676
13677
13678
13676
13677
13676
13678
13725
13726
13682
13683
13688
13693
13682
13683
13716
13682
13689
13692
13696
13718
13686
13687
13688
13693
13686
13687
13691
13695
13691
13692
13692
13691
13692
13695
13696
13695
13696
13725
13727
13701
13702
13703
13709
13701
13702
13702
13703
13710
13701
13703
13714
13713
13707
13708
13708
13707
13708
13714
13712
13713
13713
13712
13713
13718
13719
13724
13728
13718
13719
13719
13729
13727
13732
13722
13723
13724
13728
13722
13723
14028
13726
13734
14029
13726
13727
13726
13727
13732
13733
13734
13732
13733
13732
13734
14033
13733
13734
14034
14035
13736
29066
29071
29078
29070
29076
13738
29121
29127
13741
29124
29131
13741
13741
29117
29193
29119
13744
13745
13744
13745
29067
29090
29070
13746
29095
29114
29145
13748
26344
29186
26346
29189
13751
13751
13752
21718
13754
13754
21737
13754
14135
13756
29147
29174
29160
29192
13759
13760
13765
13769
13759
13760
13808
13828
13767
13809
13771
13830
13763
13764
13765
13769
13763
13764
13833
13850
13768
13835
13772
13851
13767
13768
13767
13768
13822
13837
13824
13839
13771
13772
13771
13772
13855
29218
29220
13856
13776
13777
13778
13779
13776
13778
13827
13777
13778
13808
13828
13781
13783
13810
13831
13781
13782
13783
29209
13782
13783
13818
29213
29215
13820
13786
13796
13803
13786
13797
13827
13802
13805
13832
13788
13798
16504
13801
16505
13793
13794
13795
13796
13803
13793
13795
13793
13794
13799
13794
13795
13804
13801
13802
13805
13806
13800
13801
13802
13800
13802
13800
13801
13801
13802
13805
13806
13805
13806
13876
29219
29221
13877
13809
13810
13817
13821
13809
13810
13824
13820
13814
13815
13816
13817
13821
19683
13814
13816
19686
13814
13815
13819
19688
13825
19689
13819
13820
13819
13820
13824
13825
13824
13825
13843
13825
13830
13831
13832
29216
13831
13832
13830
13831
13830
13832
29217
29220
29221
13835
13836
13903
19693
13835
13838
13839
19695
13905
19696
13839
13843
29226
13839
29228
13842
29133
13842
13843
29226
13847
13848
13853
13858
13847
13848
13881
13847
13854
13857
13860
13883
13851
13852
13853
13858
13851
13852
13903
13856
13861
13906
13856
13857
13857
13856
13857
13860
13861
13860
13861
13890
13913
13891
13914
13866
13867
13868
13874
13866
13867
13867
13868
13875
13866
13868
13879
13878
13872
13873
13873
13872
13873
13879
13877
13878
13878
13877
13878
13883
13884
13889
13893
13883
13884
13884
13894
13891
13897
13887
13888
13889
13893
13887
13888
13922
14193
13892
13924
13899
14194
13891
13892
13891
13892
13933
13934
13897
13898
13899
13897
13898
13897
13899
14198
13898
13899
14199
14200
13901
19698
29154
13909
19701
29158
13905
13906
13911
19697
13905
13906
19700
13906
19702
13914
19703
13909
13910
13909
13910
13928
29168
29171
13930
13914
13915
13916
13915
13916
13932
13914
13915
13933
13935
13919
13920
13927
13919
13920
14225
29196
13929
29200
14226
13924
13925
13926
13931
13924
13926
14229
13925
13926
14230
13934
13936
14231
13929
13930
13929
13930
29204
29208
13934
13935
13936
13935
13936
13934
13935
13938
29229
29234
29238
29233
29243
13940
29258
29290
13943
29261
29293
13943
13943
22911
29253
29257
13946
13947
13946
13947
29231
29265
29233
13948
29268
29280
29308
13950
19710
22872
13958
19712
22876
13954
13955
13960
19708
13954
13955
13992
14042
19711
13954
13965
13993
19713
14044
19714
13958
13959
13958
13959
13977
22886
22889
13979
13963
13964
13965
13963
13964
13981
13963
13965
13982
13996
13983
13997
13968
13969
13976
13968
13969
22914
13978
22919
13973
13974
13975
13980
13973
13975
14028
13973
13974
13984
13985
14030
13978
13979
13978
13979
22922
22926
13983
13984
13985
13983
13984
13983
13985
14039
14040
13989
13990
13995
13999
13989
13990
14024
13990
14000
13998
14025
14002
13993
13994
13995
13999
13993
13994
14058
13997
14003
14059
13997
13998
13997
13998
14039
14041
14002
14003
14002
14002
14003
14062
14063
14008
14009
14010
14016
14008
14009
14009
14010
14017
14008
14010
14021
14019
14014
14015
14015
14014
14015
14021
14019
14020
14019
14019
14020
14100
14101
14025
14026
14031
14038
14026
14032
14025
14026
14041
14036
14029
14030
14031
14038
14029
14030
14035
14040
14035
14036
14037
14036
14037
14035
14036
14035
14037
14040
14041
14040
14041
14044
14045
14058
19718
14045
14047
19720
14048
14060
19721
14048
14052
14066
29312
14048
14067
29314
14051
29296
14051
14052
29312
14121
14055
14056
14061
14065
14055
14056
14105
14111
14064
14107
14068
14112
14059
14060
14061
14065
14059
14060
14063
14067
14063
14064
14063
14064
29324
29327
14067
14068
14067
14068
14121
14124
14072
14073
14074
14075
14072
14073
14104
14073
14074
14105
14111
14077
14108
14078
14113
14077
14078
14079
29315
14078
14079
14126
14356
29319
14127
14357
29321
14082
14092
14099
14082
14093
14104
14098
14102
14109
14084
14094
16511
14097
16512
14089
14090
14091
14092
14099
14089
14090
14089
14091
14095
14090
14091
14100
14097
14101
14098
14102
14096
14097
14098
14096
14098
14096
14097
14097
14098
14101
14102
14101
14102
29325
29328
14107
14108
14109
29322
14108
14109
14107
14108
14107
14109
29323
29327
29328
14112
14113
14120
14125
14112
14113
14124
14127
14117
14118
14119
14120
14125
19722
14117
14119
19725
14118
14119
14373
14123
19727
14128
14374
19728
14123
14124
14123
14124
14123
14127
14128
14127
14128
14376
14378
14130
26647
29369
26649
29372
14133
14134
21759
14133
14136
14136
21778
14136
14138
29331
29357
29343
29375
14140
29392
29397
29401
29396
29406
14142
29421
29452
14145
29424
29456
14145
14145
29376
29417
29420
14148
14149
14148
14149
29394
29427
29396
14150
29431
29449
29470
14154
14155
14160
14164
14154
14155
14188
14155
14165
14162
14190
14167
14158
14159
14160
14164
14158
14159
14210
14249
14163
14212
14168
14250
14162
14163
14162
14163
14204
14220
14205
14221
14167
14168
14167
14167
14168
14253
14254
14173
14174
14175
14182
14173
14174
14173
14175
14174
14175
14183
14181
14185
14179
14180
14180
14179
14180
14181
14185
14186
14185
14185
14186
14291
14292
14190
14191
14196
14203
14190
14191
14191
14197
14205
14201
14194
14195
14196
14203
14194
14195
14229
14200
14206
14232
14200
14201
14202
14201
14202
14200
14201
14200
14202
14205
14206
14205
14206
14240
14241
14208
19749
29337
14216
19751
29341
14212
14213
14218
19747
14212
14213
14320
19750
14212
14221
19752
14322
19753
14216
14217
14216
14217
14235
29351
29354
14237
14221
14222
14223
14222
14223
14239
14221
14222
14240
14242
14226
14227
14234
14226
14227
29379
14236
29384
14231
14232
14233
14238
14231
14232
14231
14233
14241
14243
14236
14237
14236
14237
29387
29391
14241
14242
14243
14242
14243
14241
14242
14246
14247
14252
14256
14246
14247
14296
14302
14255
14298
14258
14303
14250
14251
14252
14256
14250
14251
14320
14254
14259
14323
14254
14255
14254
14255
29481
29484
14258
14259
14258
14259
14312
14324
14314
14326
14263
14264
14265
14266
14263
14264
14295
14264
14265
14296
14302
14268
14299
14269
14304
14268
14269
14270
29472
14269
14270
14317
14752
29476
14318
14753
29478
14273
14283
14290
14273
14284
14295
14289
14293
14300
14275
14285
16518
14288
16519
14280
14281
14282
14283
14290
14280
14281
14280
14282
14286
14281
14282
14291
14288
14292
14289
14293
14287
14288
14289
14287
14289
14287
14288
14288
14289
14292
14293
14292
14293
29482
29485
14298
14299
14300
29479
14299
14300
14298
14299
14298
14300
29480
29484
29485
14303
14304
14311
14316
14303
14304
14314
14318
14308
14309
14310
14311
14316
19754
14309
14310
19757
14308
14310
14769
14315
19759
14319
14770
19760
14314
14315
14314
14315
14330
14315
14318
14319
14318
14319
14772
14774
14322
14323
19764
14323
14325
19766
14326
19767
14326
14330
29489
14326
29491
14329
29459
14329
14330
29489
14333
29497
29503
14333
29505
29520
29501
29507
29522
14336
29497
29510
14336
29512
29534
29502
29514
29536
29545
29561
29577
29493
29547
29584
21800
29553
29578
19806
29523
29573
19805
27021
29567
14343
14365
14382
29589
14384
29594
29494
29591
29604
14347
14348
14355
14359
14347
14348
14365
14382
14358
14367
14362
14385
14353
14354
14355
14359
14353
14354
29316
14353
29318
14354
14360
14357
29321
14363
14357
14358
14357
14358
14376
14379
14362
14363
14363
14410
14362
14363
14396
14411
14397
14413
14366
14367
14368
14375
29595
14366
14367
29596
29600
14379
29601
14380
14371
19807
29595
14371
29534
29597
19812
29537
29599
14374
14375
19807
14374
14377
14378
19811
14378
14379
14380
14378
14379
14378
14380
14384
14385
14390
14395
14384
14385
14384
14392
14397
14388
14389
14390
14395
14388
14389
14400
15791
14394
14403
14398
15792
14392
14393
14394
29602
14393
14394
29607
14405
29608
14397
14398
14397
14398
14424
14425
14403
14404
14403
14404
14482
14403
14404
14406
14405
14407
14483
29611
14407
14488
14489
29616
14412
14413
14414
14412
14414
14423
14412
14413
14413
14414
14424
14426
14418
14420
14429
14418
14419
14419
14420
14421
14431
14434
14447
15795
14425
14426
14427
15790
14426
14427
14425
14426
15792
14432
14433
14434
14443
14446
14433
14434
14444
14432
14433
14432
14434
14447
14449
14445
14450
14439
14440
14441
14443
14439
14440
14440
14441
14439
14441
14445
14443
14446
14445
14445
16396
16400
14449
14450
14451
14449
14450
14449
14451
14520
14456
14457
14458
29617
14457
14458
14456
14457
14492
14456
14458
14520
14494
29619
29621
14463
14464
14465
29617
14463
14464
14463
14465
14504
14464
14465
14521
14505
29620
29621
14470
14471
14472
14470
14471
14473
14471
14472
14478
14496
14470
14472
14475
14474
14480
14476
14498
14474
14486
14490
29627
14476
14508
14511
29633
14479
14480
14485
14491
14479
14480
29618
14494
29619
14490
14483
14484
14485
14491
14483
14484
15791
14489
14493
15793
14489
14490
14490
14489
14490
14489
14493
14494
14493
14494
15796
15799
14497
14498
14503
14507
14497
14498
29618
14505
29620
14511
14501
14502
14503
14507
14501
14502
14820
15801
14506
15802
14512
14823
14505
14506
14505
14506
15806
15807
14511
14512
14511
14511
14512
14512
14825
14826
14517
14518
14519
14517
14519
14517
14518
14520
14518
14519
14521
14559
14526
14527
14528
14526
14527
14537
14526
14528
14842
14527
14528
14538
14843
14539
14844
14533
14534
14535
14544
14532
14533
14532
14534
14545
14548
14558
15805
14539
14540
14541
15800
14539
14540
14539
14541
14860
14861
15803
14546
14547
14548
14557
14563
14546
14547
14546
14548
14558
14547
14548
14564
14561
14565
14562
14553
14554
14555
14563
14553
14555
15375
14553
14554
14554
14555
15376
14565
14557
14563
14560
14561
14562
14561
14562
14560
14561
14565
14565
16403
16407
14570
14571
14572
14570
14571
14581
14570
14572
14756
14571
14572
14582
14757
14583
14758
14577
14578
14579
14588
14576
14577
14576
14578
14589
14592
14602
15815
14583
14584
14585
15810
14583
14584
14583
14585
14787
14788
15813
14590
14591
14592
14601
14607
14590
14591
14590
14592
14602
14591
14592
14608
14604
14609
14605
14597
14598
14599
14607
14597
14599
15377
14597
14598
14598
14599
15378
14609
14601
14607
14604
14605
14606
14604
14605
14604
14606
14722
14609
14609
16410
16414
14614
14615
14616
14614
14615
14625
14614
14616
15317
14615
14616
14626
15318
14627
15319
14621
14622
14623
14632
14620
14621
14620
14622
14633
14636
14646
15825
14627
14628
14629
15820
14627
14628
14627
14629
15335
15336
15823
14634
14635
14636
14645
14651
14634
14635
14634
14636
14646
14635
14636
14652
14648
14653
14649
14641
14642
14643
14651
14641
14643
15379
14641
14642
14642
14643
15380
14653
14645
14651
14648
14649
14650
14648
14649
14648
14650
14723
14653
14653
16417
16421
14658
14659
14660
29634
14659
14660
14658
14659
14688
14658
14660
14722
14690
29636
29638
14665
14666
14667
29634
14666
14667
14665
14666
14706
14665
14667
14723
14708
29637
29638
14672
14673
14674
14673
14674
14680
14698
14672
14673
14675
14672
14674
14677
14676
14682
14678
14700
14676
14692
14695
29644
14678
14710
14713
29650
14681
14682
14687
14691
14681
14682
29635
14690
29636
14695
14685
14686
14687
14691
14685
14686
14796
15811
14689
15812
14696
14799
14689
14690
14689
14690
15816
15819
14695
14696
14695
14695
14696
14696
14801
14802
14699
14700
14705
14709
14699
14700
29635
14708
29637
14713
14703
14704
14705
14709
14703
14704
15361
15821
14707
15822
14714
15364
14707
14708
14707
14708
15826
15829
14713
14714
14713
14713
14714
14714
15366
15367
14719
14720
14721
14719
14720
14719
14721
14722
14720
14721
14723
14726
29651
29656
14726
27216
29659
27219
29654
29661
14728
29651
29663
29450
29655
29668
14730
23111
29671
29677
23114
29679
14732
23125
29672
29683
23128
29685
29688
29703
29720
23077
29690
29727
21839
29696
29721
19830
23107
29710
19831
27266
29717
14739
14761
14778
29732
14780
29737
23078
29734
29747
14743
14744
14751
14755
14743
14744
14761
14778
14754
14763
14759
14781
14749
14750
14751
14755
14749
14750
29473
14749
29475
14750
14756
14753
29478
14758
14753
14754
14753
14754
14772
14775
14758
14759
14758
14758
14759
14787
14789
14762
14763
14764
14771
29738
14762
14763
29739
29743
14775
29744
14776
14767
19832
29738
14767
23118
29740
19836
23121
29742
14770
14771
19832
14770
14773
14774
19837
14774
14775
14776
14774
14775
14774
14776
14780
14781
14786
14790
14780
14781
14780
14792
14789
14784
14785
14786
14790
14784
14785
14796
15811
14788
15813
14794
14800
14788
14789
14788
14789
14792
14793
14794
29745
14793
14794
29750
14803
29751
14799
14800
14799
14800
14799
14801
14800
14802
14803
14802
29758
29754
14806
29765
29772
14806
29767
29787
29770
29776
29790
14809
29772
29778
14809
29781
29802
29777
29783
29803
14812
29813
29818
14812
27570
29820
27573
29816
29822
14814
29813
29825
29817
29831
29925
14816
29795
29833
29840
29798
29842
14818
29809
29834
29845
29812
29847
14823
14824
14823
14824
14856
14823
14825
14824
14826
14827
14858
14826
29857
14865
29852
14829
14851
14869
29858
14853
29862
29762
29859
29866
14833
14834
14841
14846
14833
14834
14851
14869
14845
14854
14848
14871
14839
14840
14841
14846
14839
14840
30022
14839
14842
14840
30024
14844
14849
30027
14844
14845
14844
14844
14845
14860
14862
14848
14849
14848
14849
14880
14930
14882
14932
14853
14854
14859
14863
14853
14854
14853
14866
14862
14857
14858
14859
14863
14857
14858
15801
14861
15803
14865
14861
14862
14861
14862
14865
14866
14867
29864
14865
14867
29869
29870
14870
14871
14872
14879
29871
14870
14871
29872
29876
14882
29877
14883
14875
19866
29871
14875
29802
29873
19870
29805
29875
14878
14879
19866
14878
14881
14970
14884
14971
19871
14882
14883
14884
14882
14884
14975
14883
14884
14976
14886
29878
29883
29890
29882
29888
14888
29933
29939
14891
29936
29943
14891
14891
29929
30005
29931
14894
14895
14894
14895
29879
29902
29882
14896
29907
29926
29957
14898
27658
29998
27660
30001
14901
14901
14902
21850
14904
14904
21869
14904
15093
14906
29960
29986
29972
30004
14909
14910
14915
14919
14909
14910
14959
14965
14917
14961
14921
14966
14913
14914
14915
14919
14913
14914
14989
15039
14918
14990
14922
15041
14917
14918
14917
14918
14994
30030
30032
14995
14921
14922
14921
14922
14979
15043
14981
15045
14926
14927
14928
14929
14926
14927
14958
14927
14928
14959
14965
14931
14962
14933
14967
14931
14932
14933
30021
14932
14933
14975
30025
30027
14977
14936
14946
14953
14936
14947
14958
14952
14955
14963
14938
14948
16525
14951
16526
14943
14944
14945
14946
14953
14943
14945
14943
14944
14949
14944
14945
14954
14951
14952
14955
14956
14950
14951
14952
14950
14952
14950
14951
14951
14952
14955
14956
14955
14956
15015
30031
30033
15016
14961
14962
14963
30028
14962
14963
14961
14962
14961
14963
30029
30032
30033
14966
14967
14974
14978
14966
14967
14981
14977
14971
14972
14973
14974
14978
19890
14971
14973
19893
14971
14972
14976
19895
14982
19896
14976
14977
14976
14977
14981
14982
14981
14982
15049
14982
14986
14987
14992
14997
14986
14987
15020
14986
14993
14996
14999
15022
14990
14991
14992
14997
14990
14991
15053
14995
15000
15055
14995
14996
14996
14995
14996
14999
15000
14999
15000
15029
15063
15030
15064
15005
15006
15007
15013
15005
15006
15006
15007
15014
15005
15007
15018
15017
15011
15012
15012
15011
15012
15018
15016
15017
15017
15016
15017
15022
15023
15028
15032
15022
15023
15023
15033
15030
15036
15026
15027
15028
15032
15026
15027
15072
15151
15031
15074
15038
15152
15030
15031
15030
15031
15083
15084
15036
15037
15038
15036
15037
15036
15038
15156
15037
15038
15157
15158
15041
15042
15053
19900
15041
15044
15045
19902
15056
19903
15045
15049
30038
15045
30040
15048
29945
15048
15049
30038
15051
19906
29966
15059
19908
29970
15055
15056
15061
19904
15055
15056
19907
15055
15064
19909
19910
15059
15060
15059
15060
15078
29980
29983
15080
15064
15065
15066
15065
15066
15082
15064
15065
15083
15085
15069
15070
15077
15069
15070
15259
30008
15079
30012
15260
15074
15075
15076
15081
15074
15076
15263
15075
15076
15264
15084
15086
15265
15079
15080
15079
15080
30016
30020
15084
15085
15086
15085
15086
15084
15085
15088
27677
30081
27679
30084
15091
15092
21891
15091
15094
15094
21910
15094
15096
30043
30069
30055
30087
15098
30104
30109
30116
30108
30114
15100
30159
30164
15103
30162
30169
15103
15103
30088
30155
30158
15106
15107
15106
15107
30105
30129
30108
15108
30133
30151
30182
15112
15113
15118
15123
15112
15113
15146
15112
15119
15121
15125
15148
15116
15117
15118
15123
15116
15117
15170
15244
15122
15171
15126
15246
15121
15122
15121
15121
15122
15174
15175
15125
15126
15125
15126
15162
15254
15163
15255
15131
15132
15133
15140
15131
15132
15131
15133
15132
15133
15141
15139
15143
15137
15138
15138
15137
15138
15139
15143
15144
15143
15143
15144
15212
15213
15148
15149
15154
15161
15148
15149
15149
15155
15163
15159
15152
15153
15154
15161
15152
15153
15263
15158
15164
15266
15158
15159
15160
15159
15160
15158
15159
15158
15160
15163
15164
15163
15164
15274
15275
15167
15168
15173
15177
15167
15168
15217
15223
15176
15219
15179
15224
15171
15172
15173
15177
15171
15172
15278
15175
15180
15280
15175
15176
15175
15176
30193
30196
15179
15180
15179
15180
15233
15282
15235
15284
15184
15185
15186
15187
15184
15185
15216
15185
15186
15217
15223
15189
15220
15190
15225
15189
15190
15191
30184
15190
15191
15238
15322
30188
15239
15323
30190
15194
15204
15211
15194
15205
15216
15210
15214
15221
15196
15206
16532
15209
16533
15201
15202
15203
15204
15211
15201
15202
15201
15203
15207
15202
15203
15212
15209
15213
15210
15214
15208
15209
15210
15208
15210
15208
15209
15209
15210
15213
15214
15213
15214
30194
30197
15219
15220
15221
30191
15220
15221
15219
15220
15219
15221
30192
30196
30197
15224
15225
15232
15237
15224
15225
15235
15239
15229
15230
15231
15232
15237
19929
15230
15231
19932
15229
15231
15352
15236
19934
15240
15353
19935
15235
15236
15235
15236
15288
15236
15239
15240
15239
15240
15355
15357
15242
19938
30049
15250
19940
30053
15246
15247
15252
19936
15246
15247
15278
19939
15246
15255
19941
15281
19942
15250
15251
15250
15251
15269
30063
30066
15271
15255
15256
15257
15256
15257
15273
15255
15256
15274
15276
15260
15261
15268
15260
15261
30091
15270
30096
15265
15266
15267
15272
15265
15266
15265
15267
15275
15277
15270
15271
15270
15271
30099
30103
15275
15276
15277
15276
15277
15275
15276
15280
15281
19946
15280
15283
15284
19948
19949
15284
15288
30201
15284
30203
15287
30171
15287
15288
30201
30204
30219
30236
23174
30206
30243
21918
30212
30237
19959
23203
30226
19960
27878
30233
15296
30248
30253
15296
27944
30256
27947
30251
30258
15298
30248
30260
30152
30252
30265
15300
23208
30268
30274
23211
30276
15302
23222
30269
30280
23225
30282
15304
15326
15344
30285
15328
30289
23175
30286
30293
15308
15309
15316
15321
15308
15309
15326
15344
15320
15329
15324
15346
15314
15315
15316
15321
15314
15315
30185
15314
15317
15315
30187
15319
15323
30190
15319
15320
15319
15319
15320
15335
15337
15323
15324
15323
15324
15355
15358
15328
15329
15334
15338
15328
15329
15328
15340
15337
15332
15333
15334
15338
15332
15333
15361
15821
15336
15823
15342
15365
15336
15337
15336
15337
15340
15341
15342
30291
15341
15342
30296
15368
30297
15345
15346
15347
15354
30298
15345
15346
30299
30303
15358
30304
15359
15350
19961
30298
15350
23215
30300
19965
23218
30302
15353
15354
19961
15353
15356
15357
19966
15357
15358
15359
15357
15358
15357
15359
15364
15365
15364
15365
15364
15366
15365
15367
15368
15367
30311
30307
31202
16427
31205
16434
31232
16441
31259
16448
31175
16455
31178
16462
15383
15414
15835
15383
15500
30425
15837
30427
15843
16610
31535
31536
15846
16611
31538
31539
15845
15848
16615
31541
31542
15852
16638
31544
31545
15844
15855
16641
31547
31548
15854
15857
16643
31550
31551
15861
17636
31553
31554
15864
16731
17639
31556
31557
15863
15866
17641
31559
31560
15395
15417
15870
15395
15518
30458
15872
30460
15876
16666
31562
31563
15847
15873
16669
31565
31566
15875
15878
16671
31568
31569
15856
15883
16695
31571
31572
15874
15886
16696
31574
31575
15884
15887
16699
31577
31578
15524
15892
17691
31580
31581
15894
16748
17692
31583
31584
15893
15896
17693
31586
31587
15535
15900
15901
17713
31589
31590
15904
16743
17716
31592
31593
15903
15906
17718
31595
31596
15910
16751
17733
31598
31599
15542
15914
17734
31601
31602
15912
15915
17735
31604
31605
15550
15919
15499
15920
15921
15517
15922
15526
15923
15924
15544
15925
15421
15927
30618
15421
15934
30619
15928
15935
30620
15426
15427
31621
31623
31625
31627
15426
15427
15433
16616
17574
17575
17576
17577
15434
30854
30855
30856
31607
31608
31610
16617
30857
30858
30859
31614
31615
31616
15436
31607
31609
31612
31613
16618
31615
31617
31619
31620
30860
30861
30862
31621
31622
31624
15431
15940
30646
15431
15947
30647
15941
15948
30648
15436
15437
31642
31644
31646
31648
15436
15437
16637
17588
17589
17590
17591
30863
30864
30865
31628
31629
31631
16638
30866
30867
30868
31635
31636
31637
31628
31630
31633
31634
16639
31636
31638
31640
31641
30869
30870
30871
31642
31643
31645
15441
15954
30674
15441
15960
30675
15955
15961
30676
15446
15447
31663
31665
31667
31669
15446
15447
15460
16623
17624
17625
17626
17627
16624
30896
30897
30898
31649
31650
31651
15461
30899
30900
30901
31656
31657
31659
16625
31650
31652
31654
31655
15463
31656
31658
31661
31662
30902
30903
30904
31663
31664
31666
15451
15967
30723
15451
15973
30724
15968
15974
30725
15456
15457
31684
31686
31688
31690
15456
15457
15470
16658
17645
17646
17647
17648
16659
30905
30906
30907
31670
31671
31672
15471
30908
30909
30910
31677
31678
31680
16660
31671
31673
31675
31676
15473
31677
31679
31682
31683
30911
30912
30913
31684
31685
31687
15463
15464
31705
31707
31709
31711
15463
15464
16665
17673
17674
17675
17676
30920
30921
30922
31691
31692
31694
16666
30923
30924
30925
31698
31699
31700
31691
31693
31696
31697
16667
31699
31701
31703
31704
30926
30927
30928
31705
31706
31708
15468
15979
30730
15468
15986
30731
15980
15987
30732
15473
15474
31726
31728
31731
31732
15473
15474
16700
17694
17695
17696
17697
30482
30483
30484
31712
31713
31715
16701
30485
30486
30487
31719
31720
31721
31712
31714
31717
31718
16702
31720
31723
31724
31725
30488
30489
30490
31726
31727
31729
15478
15992
30779
15478
15999
30780
15993
16000
30781
15483
15484
31747
31749
31751
31753
15483
15484
15490
16686
17722
17723
17724
17725
16687
30953
30954
30955
31733
31734
31735
15492
30956
30957
30958
31740
31741
31743
16688
31734
31736
31738
31739
15494
31740
31742
31745
31746
30959
30960
30961
31747
31748
31750
15488
16006
30807
15488
16012
30808
16007
16013
30809
15493
15494
31768
31770
31773
31774
15493
15494
16707
17736
17737
17738
17739
16708
30500
30501
30502
31754
31755
31756
30503
30504
30505
31761
31762
31764
16709
31755
31758
31759
31760
31761
31763
31766
31767
30506
30507
30508
31768
31769
31771
15498
16019
30835
15498
16025
30836
16020
16026
30837
15501
16030
15501
30839
16032
30841
16033
17565
31775
31776
16036
16586
17568
31778
31779
16035
16038
17570
31781
31782
15508
16043
17571
31784
31785
16045
16721
17572
31787
31788
16044
16047
17573
31790
31791
16057
17585
31793
31794
16059
16589
17586
31796
31797
16058
16061
17587
31799
31800
16065
17593
31802
31803
16068
16730
17596
31805
31806
16067
16070
17598
31808
31809
16081
17615
31811
31812
16084
16587
17618
31814
31815
16083
16086
17620
31817
31818
15519
16090
15519
30890
16092
30892
16093
16724
17621
31820
31821
15529
16097
17622
31823
31824
16095
16098
17623
31826
31827
16107
16736
17642
31829
31830
16111
17643
31832
31833
16109
16112
17644
31835
31836
15528
16116
15528
15536
30914
16118
30916
16120
17670
31838
31839
16122
16592
17671
31841
31842
16121
16124
17672
31844
31845
16133
17678
31847
31848
16136
16742
17681
31850
31851
16135
16138
17683
31853
31854
15537
16142
15537
30938
16144
30940
16145
17699
31856
31857
16148
16754
17702
31859
31860
16147
16150
17704
31862
31863
16166
16745
17719
31865
31866
16170
17720
31868
31869
16168
16171
17721
31871
31872
15546
16180
15546
15551
30962
16182
30964
16183
17741
31874
31875
16186
16755
17744
31877
31878
16185
16188
17746
31880
31881
15552
16192
15552
30977
16194
30979
15555
15559
16200
15555
15558
15561
16207
15556
16203
16210
15558
15559
16205
16212
15558
15559
15564
15565
16213
16206
15562
15566
16221
15562
15565
16228
15563
16224
16231
15565
15566
16226
16233
15565
15566
16234
16227
15569
15573
16242
15569
15572
15582
16249
15570
16245
16252
15572
15573
16247
16254
15572
15573
15585
15586
16255
16248
15576
15580
16263
15576
15579
15589
16270
15577
16267
16274
15579
15580
16268
16275
15579
15580
15592
15593
16276
16269
15583
15587
16284
15583
15586
16291
15584
16287
16294
15586
15587
16289
16296
15586
15587
16297
16290
15590
15594
16305
15590
15593
16312
15591
16309
16316
15593
15594
16310
16317
15593
15594
16318
16311
15597
15601
16326
15597
15600
15603
16333
15598
16330
16337
15600
15601
16331
16338
15600
15601
15606
15607
16339
16332
15604
15608
16347
15604
15607
16354
15605
16351
16358
15607
15608
16352
16359
15607
15608
16360
16353
15610
15664
15717
31067
15665
16467
31069
15613
16471
15613
15719
31088
16473
31090
15615
15678
15722
31121
15679
16475
31123
15618
16479
15618
15729
31133
16481
31135
15621
15645
31175
15621
15646
31178
15650
31177
31180
20585
21480
27825
15626
15627
15626
15629
15651
15627
15629
15652
15628
15628
15629
15653
15633
15634
15633
15636
15654
15634
15636
15655
15635
15635
15636
15656
15640
15641
15640
15643
15657
15641
15643
15658
15642
15642
15643
15659
15647
15648
15647
15650
15648
15650
15649
15649
15650
15653
31202
15653
31205
31204
31207
15656
31229
15656
31232
31231
31234
15659
31256
15659
31259
31258
31261
15662
15665
16482
15662
15666
15663
16484
15665
15666
16485
15665
15666
16488
15669
15673
16489
15669
15672
15670
16491
15672
15673
16492
15672
15673
15719
15720
16495
15676
15679
16496
15676
15680
15677
16498
15679
15680
16499
15679
15680
16502
15683
15687
16503
15683
15686
15684
16505
15686
15687
16506
15686
15687
15724
15725
16509
15690
15694
16510
15690
15693
15691
16512
15693
15694
16513
15693
15694
15729
15730
16516
15697
15701
16517
15697
15700
15698
16519
15700
15701
16520
15700
15701
15734
15735
16523
15704
15708
16524
15704
15707
15705
16526
15707
15708
16527
15707
15708
15736
15737
16530
15711
15715
16531
15711
15714
15712
16533
15714
15715
16534
15714
15715
15744
15745
16537
15718
16538
15718
31265
16540
31267
15720
31289
16542
31291
15723
16546
15723
31310
16548
31312
15725
15727
31343
16550
31345
15728
16554
15728
31355
16556
31357
15730
31379
16558
31381
15733
16562
15733
15734
31400
16564
31402
15735
31424
16566
31426
15737
15739
31454
16571
31456
15740
16575
15740
31466
16577
31468
15743
16578
15743
15744
31490
16580
31492
15745
31523
16582
31525
25321
25457
25463
15748
27778
27805
27846
27808
27849
27815
27978
27985
15752
15753
15754
15752
15753
15757
15757
15758
15759
15758
15759
15757
15758
15762
15763
15764
15762
15763
15767
15767
15768
15769
15768
15769
15767
15768
15772
15773
15774
15772
15773
15779
15777
15778
15779
15777
15778
15777
15779
15782
15783
15784
15782
15783
15787
15787
15788
15789
15788
15789
15787
15788
15792
15793
15794
15792
15793
15799
15797
15798
15799
15797
15798
15797
15799
15802
15803
15804
15802
15803
15807
15807
15808
15809
15808
15809
15807
15808
15812
15813
15814
15812
15813
15819
15817
15818
15819
15817
15818
15817
15819
15822
15823
15824
15822
15823
15829
15827
15828
15829
15827
15828
15827
15829
15831
15833
15936
31071
15834
15937
15834
16468
15834
31076
15837
15921
15837
16472
30428
30430
15839
15840
15956
31113
15842
15957
15842
31118
15842
16476
16617
31883
31884
15849
16620
31886
31887
15851
16622
31889
31890
16624
31892
31893
15850
16627
31895
31896
15851
16629
31898
31899
15855
16632
31901
31902
15873
16633
31904
31905
16636
31907
31908
16645
31910
31911
15858
16646
31913
31914
15860
16650
31916
31917
16653
31919
31920
15859
16654
31922
31923
15860
16657
31925
31926
16659
31928
31929
15883
16662
31931
31932
16664
31934
31935
30700
31937
31938
15867
30701
31940
31941
15869
30705
31943
31944
16823
30707
31946
31947
15868
16108
30709
31949
31950
15869
30711
31952
31953
30713
31955
31956
16114
30717
31958
31959
30718
31961
31962
15872
15924
15872
16480
30461
30463
16674
31964
31965
15880
16675
31967
31968
15881
16678
31970
31971
16680
31973
31974
15879
16681
31976
31977
15881
16685
31979
31980
16687
31982
31983
15886
16690
31985
31986
16692
31988
31989
15888
16701
31991
31992
16704
31994
31995
15890
16706
31997
31998
15889
16708
32000
32001
16711
32003
32004
15890
16713
32006
32007
16715
32009
32010
16716
32012
32013
16720
32015
32016
15897
31713
32018
32019
16111
31715
32021
32022
15899
31716
32024
32025
16874
31719
32027
32028
15898
16149
31721
32030
32031
15899
31722
32033
32034
31727
32036
32037
16152
31729
32039
32040
31730
32042
32043
16142
30784
32045
32046
15907
30785
32048
32049
15909
30789
32051
32052
16859
30791
32054
32055
15908
16167
30793
32057
32058
15909
30795
32060
32061
30797
32063
32064
16173
30801
32066
32067
30802
32069
32070
16883
31754
32072
32073
15917
16187
31756
32075
32076
15918
31757
32078
32079
15916
31762
32081
32082
16170
31764
32084
32085
15918
31765
32087
32088
31769
32090
32091
16190
31771
32093
32094
31772
32096
32097
16192
16030
16090
16116
16180
15927
15931
16483
15928
15930
15931
15930
15931
16486
16487
15934
15937
15934
15938
15935
15937
15938
15937
15938
15940
15944
16490
15941
15943
15944
15943
15944
16493
16494
15947
15950
15947
15951
15948
15950
15951
15950
15951
16051
16052
15954
15957
15954
15958
15955
15957
15958
15957
15958
15960
15964
16497
15961
15963
15964
15963
15964
16500
16501
15967
15970
15967
15971
15968
15970
15971
15970
15971
16102
16103
15973
15977
16504
15974
15976
15977
15976
15977
16507
16508
15979
15983
16511
15980
15982
15983
15982
15983
16514
16515
15986
15989
15986
15990
15987
15989
15990
15989
15990
16128
16129
15992
15996
16518
15993
15995
15996
15995
15996
16521
16522
15999
16002
15999
16003
16000
16002
16003
16002
16003
16154
16155
16006
16009
16006
16010
16007
16009
16010
16009
16010
16175
16176
16012
16016
16525
16013
16015
16016
16015
16016
16528
16529
16019
16022
16019
16023
16020
16022
16023
16022
16023
16195
16196
16025
16029
16532
16026
16028
16029
16028
16029
16535
16536
16032
16032
16539
30842
30844
30623
32099
32100
16039
30624
32102
32103
16041
30628
32105
32106
16757
30630
32108
32109
16040
16046
30632
32111
32112
16041
30635
32114
32115
30636
32117
32118
16049
30640
32120
32121
30642
32123
32124
16048
31608
32126
32127
16057
31610
32129
32130
16050
31611
32132
32133
16793
31614
32135
32136
16049
31616
32138
32139
16050
31618
32141
32142
31622
32144
32145
31624
32147
32148
31626
32150
32151
16052
16054
31293
16055
16055
16543
16055
31298
16062
31629
32153
32154
31631
32156
32157
16064
31632
32159
32160
16766
31635
32162
32163
16063
16069
31637
32165
32166
16064
31639
32168
32169
31643
32171
32172
16072
31645
32174
32175
31647
32177
32178
30651
32180
32181
16071
30652
32183
32184
16073
30656
32186
32187
16820
30658
32189
32190
16072
30660
32192
32193
16073
30663
32195
32196
30664
32198
32199
30668
32201
32202
30670
32204
32205
16076
16076
17826
31292
16080
17828
16079
16079
17827
31211
16080
17828
16388
30679
32207
32208
16087
30680
32210
32211
16089
30684
32213
32214
16760
30686
32216
32217
16088
16094
30688
32219
32220
16089
30691
32222
32223
30692
32225
32226
16100
30696
32228
32229
30698
32231
32232
16092
16092
16547
30893
30895
16802
31649
32234
32235
16100
31651
32237
32238
16101
31653
32240
32241
16099
31657
32243
32244
16120
31659
32246
32247
16101
31660
32249
32250
31664
32252
32253
31666
32255
32256
31668
32258
32259
16103
16104
31335
16106
16106
31340
16106
16551
16838
31670
32261
32262
16114
31672
32264
32265
16115
31674
32267
32268
16113
31678
32270
32271
31680
32273
32274
16115
31681
32276
32277
31685
32279
32280
31687
32282
32283
31689
32285
32286
16118
16118
16555
30917
30919
16125
31692
32288
32289
31694
32291
32292
16127
31695
32294
32295
16775
31698
32297
32298
16126
16137
31700
32300
32301
16127
31702
32303
32304
31706
32306
32307
16140
31708
32309
32310
31710
32312
32313
16129
16131
31383
16132
16132
16559
16132
31388
30735
32315
32316
16139
30736
32318
32319
16141
30740
32321
32322
16856
30742
32324
32325
16140
30744
32327
32328
16141
30747
32330
32331
30748
32333
32334
30752
32336
32337
30754
32339
32340
16144
16144
16563
30941
30943
30756
32342
32343
16151
30757
32345
32346
16153
30761
32348
32349
16892
30763
32351
32352
16152
30765
32354
32355
16153
30768
32357
32358
30769
32360
32361
30773
32363
32364
30775
32366
32367
16155
16157
31428
16158
16158
16567
16158
31433
16161
16161
17847
31382
16165
17849
16164
16164
17848
31238
16165
17849
16402
16865
31733
32369
32370
16173
31735
32372
32373
16174
31737
32375
32376
16172
31741
32378
32379
31743
32381
32382
16174
31744
32384
32385
31748
32387
32388
31750
32390
32391
31752
32393
32394
16176
16177
31446
16179
16179
31451
16179
16572
16182
16182
16576
30965
30967
30812
32396
32397
16189
30813
32399
32400
16191
30817
32402
32403
16895
30819
32405
32406
16190
30821
32408
32409
16191
30824
32411
32412
30825
32414
32415
30829
32417
32418
30831
32420
32421
16194
16194
16579
30980
30982
16196
16197
31515
16199
16199
31520
16199
16583
16203
16206
16204
16206
16203
16204
16215
16205
16217
16205
16218
16206
16220
16210
16213
16228
16210
16211
16216
23378
16211
16213
16229
23379
16212
16217
16212
16219
23380
16213
16220
16234
16218
16219
23383
16217
16218
16217
16219
23384
16220
16220
16220
23385
16224
16227
16225
16227
16224
16225
16236
16226
16238
16226
16239
16227
16241
16231
16234
16232
16234
23419
16231
16232
16237
23420
16233
16238
16233
16240
23422
16234
16241
16239
16240
23424
16238
16239
16238
16240
23425
16241
16241
16241
23426
16245
16248
16246
16248
16245
16246
16257
16247
16259
16247
16260
16248
16262
16252
16255
16291
16252
16253
16258
23827
16253
16255
16292
23828
16254
16259
16254
16261
23829
16255
16262
16297
16260
16261
23832
16259
16260
16259
16261
23833
16262
16262
16262
23834
16267
16269
16266
16269
16266
16267
16278
16268
16280
16268
16282
16269
16283
16274
16276
16312
16273
16274
16279
23918
16273
16276
16313
23919
16275
16281
23920
16275
16282
16276
16283
16318
16280
16281
23923
16280
16282
16281
16282
23924
16283
16283
23925
16283
16287
16290
16288
16290
16287
16288
16299
16289
16301
16289
16302
16290
16304
16294
16297
16295
16297
23959
16294
16295
16300
23960
16296
16301
16296
16303
23962
16297
16304
16302
16303
23964
16301
16302
16301
16303
23965
16304
16304
16304
23966
16309
16311
16308
16311
16308
16309
16320
16310
16322
16310
16324
16311
16325
16316
16318
16315
16318
24050
16315
16316
16321
24051
16317
16323
24053
16317
16324
16318
16325
16322
16323
24062
16322
16324
16323
16324
24063
16325
16325
24064
16325
16330
16332
16329
16332
16329
16330
16341
16331
16343
16331
16345
16332
16346
16337
16339
16354
16336
16337
16342
24451
16336
16339
16355
24452
16338
16344
24453
16338
16345
16339
16346
16360
16343
16344
24456
16343
16345
16344
16345
24457
16346
16346
24458
16346
16351
16353
16350
16353
16350
16351
16362
16352
16364
16352
16366
16353
16367
16358
16360
16357
16360
24492
16357
16358
16363
24493
16359
16365
24495
16359
16366
16360
16367
16364
16365
24504
16364
16366
16365
16366
24505
16367
16367
24506
16367
16371
16372
16371
16374
16372
16374
16373
16373
16374
16430
16378
16379
16378
16381
16379
16381
16380
16380
16381
16437
16385
16386
16385
16388
16386
16388
16387
16387
16388
16392
16393
16392
16395
16393
16395
16394
16394
16395
16444
16399
16400
16399
16402
16400
16402
16401
16401
16402
16406
16407
16406
16409
16407
16409
16408
16408
16409
16451
16413
16414
16413
16416
16414
16416
16415
16415
16416
16458
16420
16421
16420
16423
16421
16423
16422
16422
16423
16465
16426
16426
19967
31070
16430
19969
16429
16429
19968
31184
16430
19969
16433
16433
19970
31112
16437
19972
16436
16436
19971
31193
16437
19972
16440
16440
19973
31334
16444
19975
16443
16443
19974
31220
16444
19975
16447
16447
19976
31445
16451
19978
16450
16450
19977
31247
16451
19978
16454
16454
19979
31427
16458
19981
16457
16457
19980
31157
16458
19981
16461
16461
19982
31514
16465
19984
16464
16464
19983
31166
16465
19984
16467
16468
16486
16470
16488
16470
16470
31068
31085
31069
16473
16473
31091
31093
16475
16476
16500
16478
16502
16478
16478
31122
31131
31123
16481
16481
31136
31138
16484
16488
16484
16487
16485
16487
16488
16487
16488
16491
16495
16491
16494
16492
16494
16495
16494
16495
16541
16542
16498
16502
16498
16501
16499
16501
16502
16501
16502
16505
16509
16505
16508
16506
16508
16509
16508
16509
16549
16550
16512
16516
16512
16515
16513
16515
16516
16515
16516
16557
16558
16519
16523
16519
16522
16520
16522
16523
16522
16523
16565
16566
16526
16530
16526
16529
16527
16529
16530
16529
16530
16570
16571
16533
16537
16533
16536
16534
16536
16537
16536
16537
16581
16582
16540
16540
31268
31270
16542
16543
16545
16545
16545
31290
31307
31291
16548
16548
31313
31315
16550
16551
16553
16553
16553
31344
31353
31345
16556
16556
31358
31360
16558
16559
16561
16561
16561
31380
31397
31381
16564
16564
31403
31405
16566
16567
16569
16569
16569
31425
31442
31426
16571
16572
16574
16574
16574
31455
31464
31456
16577
16577
31469
31471
16580
16580
31493
31495
16582
16583
16585
16585
16585
31524
31533
31525
16757
30314
32423
32424
16760
30315
32426
32427
16759
16762
30318
32429
32430
16766
30341
32432
32433
16722
16769
30343
32435
32436
16768
16771
30344
32438
32439
16775
30369
32441
32442
16725
16778
30371
32444
32445
16777
16780
30372
32447
32448
16734
16784
30397
32450
32451
16740
16787
30398
32453
32454
16786
16789
30399
32456
32457
20853
25324
25337
16600
21947
21960
24986
21949
21962
16602
18385
25134
25141
25140
25146
16604
18520
25495
25501
25500
25506
16606
19160
27455
27462
27461
27466
16608
19310
27861
27867
27865
27872
16612
16613
30313
30316
30317
30319
16617
31535
31536
31537
32459
32460
32462
16624
31538
31539
31540
32466
32467
32469
16614
16618
32460
32461
32464
32465
16614
16625
32467
32468
32471
32472
16619
16626
32476
32477
32478
32479
16622
16629
31541
31542
31543
32473
32474
32477
16618
16621
16637
30321
30323
30325
30326
31883
31884
31885
32480
32481
32482
16619
32481
32483
32485
32486
16621
16630
32497
32498
32499
32500
16632
16641
31886
31887
31888
32487
32488
32491
16634
16642
32490
32491
32492
32493
16636
31889
31890
31891
32494
32495
32498
16625
16628
16665
30328
30330
30332
30333
31892
31893
31894
32501
32502
32503
16626
32502
32504
32506
32507
16628
16630
32518
32519
32520
32521
16633
16669
31895
31896
31897
32508
32509
32512
16635
16670
32511
32512
32513
32514
16636
31898
31899
31900
32515
32516
32519
16634
16635
32539
32540
32541
32542
16634
16635
16652
16673
30337
30338
30339
30340
16653
31901
31902
31903
32522
32523
32526
16674
31904
31905
31906
32529
32530
32533
16655
32525
32526
32527
32528
16676
32532
32533
32534
32535
31907
31908
31909
32536
32537
32540
16639
16642
30342
30345
30346
30347
16645
31544
31545
31546
32543
32544
32545
16640
16647
32544
32547
32548
32549
16642
16649
16651
32560
32561
32562
32563
16653
31547
31548
31549
32550
32551
32554
16655
32553
32554
32555
32556
16650
16657
31550
31551
31552
32557
32558
32561
16647
16648
30348
30351
30352
30354
31910
31911
31912
32564
32565
32567
16659
31913
31914
31915
32571
32572
32574
16649
32565
32566
32569
32570
16649
16660
32572
32573
32576
32577
16661
32581
32582
32583
32584
16664
31916
31917
31918
32578
32579
32582
16655
16656
16661
32602
32603
32604
32605
16655
16656
16694
30358
30359
30360
30361
31919
31920
31921
32585
32586
32589
16662
16695
31922
31923
31924
32592
32593
32596
32588
32589
32590
32591
16663
16697
32595
32596
32597
32598
16664
31925
31926
31927
32599
32600
32603
16660
16663
16700
30363
30365
30367
30368
31928
31929
31930
32606
32607
32608
16661
32607
32609
32611
32612
16663
32623
32624
32625
32626
16704
31931
31932
31933
32613
32614
32617
16705
32616
32617
32618
32619
31934
31935
31936
32620
32621
32624
16667
16670
30370
30373
30374
30375
16680
31562
31563
31564
32627
32628
32629
16668
16682
32628
32631
32632
32633
16670
16672
16684
32644
32645
32646
32647
16674
31565
31566
31567
32634
32635
32638
16676
32637
32638
32639
32640
16678
16685
31568
31569
31570
32641
32642
32645
16676
16677
16689
32665
32666
32667
32668
16676
16677
16694
30379
30380
30381
30382
31964
31965
31966
32648
32649
32652
16690
16696
31967
31968
31969
32655
32656
32659
32651
32652
32653
32654
16691
16698
32658
32659
32660
32661
16692
31970
31971
31972
32662
32663
32666
16682
16683
30383
30386
30387
30389
31973
31974
31975
32669
32670
32672
16687
31976
31977
31978
32676
32677
32679
16684
32670
32671
32674
32675
16684
16688
32677
32678
32681
32682
16689
32686
32687
32688
32689
16692
31979
31980
31981
32683
32684
32687
16688
16691
16707
30391
30393
30395
30396
31982
31983
31984
32690
32691
32692
16689
32691
32693
32695
32696
16691
32707
32708
32709
32710
16711
31985
31986
31987
32697
32698
32701
16712
32700
32701
32702
32703
31988
31989
31990
32704
32705
32708
16697
16698
16703
16710
32728
32729
32730
32731
16697
16698
30400
30401
30402
30403
16704
31571
31572
31573
32711
32712
32715
16711
31574
31575
31576
32718
32719
32722
16705
32714
32715
32716
32717
16712
32721
32722
32723
32724
16706
16713
31577
31578
31579
32725
32726
32729
16702
16705
30405
30407
30409
30410
16715
31991
31992
31993
32732
32733
32734
16703
16717
32733
32735
32737
32738
16705
16719
32749
32750
32751
32752
31994
31995
31996
32739
32740
32743
32742
32743
32744
32745
16720
31997
31998
31999
32746
32747
32750
16709
16712
30412
30414
30416
30417
16716
32000
32001
32002
32753
32754
32755
16710
16718
32754
32756
32758
32759
16712
16719
32770
32771
32772
32773
32003
32004
32005
32760
32761
32764
32763
32764
32765
32766
16720
32006
32007
32008
32767
32768
32771
16717
16718
30418
30421
30422
30424
32009
32010
32011
32774
32775
32777
32012
32013
32014
32781
32782
32784
16719
32775
32776
32779
32780
16719
32782
32783
32786
32787
32791
32792
32793
32794
32015
32016
32017
32788
32789
32792
16793
30320
32795
32796
16796
30322
32798
32799
16795
16798
30324
32801
32802
16802
30327
32804
32805
16805
30329
32807
32808
16804
16807
30331
32810
32811
16733
16811
30334
32813
32814
16739
16814
30335
32816
32817
16813
16816
30336
32819
32820
16820
30349
32822
32823
16823
30350
32825
32826
16822
16825
30353
32828
32829
16829
30355
32831
32832
16832
30356
32834
32835
16831
16834
30357
32837
32838
16838
30362
32840
32841
16749
16841
30364
32843
32844
16840
16843
30366
32846
32847
16847
30376
32849
32850
16850
30377
32852
32853
16849
16852
30378
32855
32856
16856
30384
32858
32859
16859
30385
32861
32862
16858
16861
30388
32864
32865
16865
30390
32867
32868
16752
16868
30392
32870
32871
16867
16870
30394
32873
32874
16874
30404
32876
32877
16877
30406
32879
32880
16876
16879
30408
32882
32883
16883
30411
32885
32886
16886
30413
32888
32889
16885
16888
30415
32891
32892
16892
30419
32894
32895
16895
30420
32897
32898
16894
16897
30423
32900
32901
32459
32903
32904
16763
16794
32462
32906
32907
16765
32463
32909
32910
32466
32912
32913
16764
16803
32469
32915
32916
16765
32470
32918
32919
16799
32473
32921
32922
16808
32474
32924
32925
32475
32927
32928
32543
32930
32931
16772
16821
32545
32933
32934
16774
32546
32936
32937
16796
32550
32939
32940
16773
16830
32551
32942
32943
16774
32552
32945
32946
16826
32557
32948
32949
16835
32558
32951
32952
32559
32954
32955
32627
32957
32958
16781
16857
32629
32960
32961
16783
32630
32963
32964
16805
32634
32966
32967
16782
16848
32635
32969
32970
16783
32636
32972
32973
16862
32641
32975
32976
16853
32642
32978
32979
32643
32981
32982
16832
32711
32984
32985
16790
16878
32712
32987
32988
16792
32713
32990
32991
16850
32718
32993
32994
16791
16887
32719
32996
32997
16792
32720
32999
33000
16881
32725
33002
33003
16890
32726
33005
33006
32727
33008
33009
32480
33011
33012
16799
32482
33014
33015
16801
32484
33017
33018
32487
33020
33021
16800
16812
32488
33023
33024
16801
32489
33026
33027
32494
33029
33030
16817
32495
33032
33033
32496
33035
33036
32501
33038
33039
16808
32503
33041
33042
16810
32505
33044
33045
32508
33047
33048
16809
16815
32509
33050
33051
16810
32510
33053
33054
32515
33056
33057
16818
32516
33059
33060
32517
33062
33063
16829
32522
33065
33066
16817
32523
33068
33069
16819
32524
33071
33072
16847
32529
33074
33075
16818
32530
33077
33078
16819
32531
33080
33081
32536
33083
33084
32537
33086
33087
32538
33089
33090
32564
33092
33093
16826
32567
33095
33096
16828
32568
33098
33099
32571
33101
33102
16827
16839
32574
33104
33105
16828
32575
33107
33108
32578
33110
33111
16844
32579
33113
33114
32580
33116
33117
32585
33119
33120
16835
32586
33122
33123
16837
32587
33125
33126
32592
33128
33129
16836
16842
32593
33131
33132
16837
32594
33134
33135
32599
33137
33138
16845
32600
33140
33141
32601
33143
33144
32606
33146
33147
16844
32608
33149
33150
16846
32610
33152
33153
16877
32613
33155
33156
16845
32614
33158
33159
16846
32615
33161
33162
32620
33164
33165
32621
33167
33168
32622
33170
33171
32648
33173
33174
16853
32649
33176
33177
16855
32650
33179
33180
32655
33182
33183
16854
16869
32656
33185
33186
16855
32657
33188
33189
32662
33191
33192
16872
32663
33194
33195
32664
33197
33198
32669
33200
33201
16862
32672
33203
33204
16864
32673
33206
33207
32676
33209
33210
16863
16866
32679
33212
33213
16864
32680
33215
33216
32683
33218
33219
16871
32684
33221
33222
32685
33224
33225
32690
33227
33228
16871
32692
33230
33231
16873
32694
33233
33234
16886
32697
33236
33237
16872
32698
33239
33240
16873
32699
33242
33243
32704
33245
33246
32705
33248
33249
32706
33251
33252
32732
33254
33255
16880
16893
32734
33257
33258
16882
32736
33260
33261
32739
33263
33264
16881
32740
33266
33267
16882
32741
33269
33270
16898
32746
33272
33273
32747
33275
33276
32748
33278
33279
32753
33281
33282
16889
16896
32755
33284
33285
16891
32757
33287
33288
32760
33290
33291
16890
32761
33293
33294
16891
32762
33296
33297
16899
32767
33299
33300
32768
33302
33303
32769
33305
33306
32774
33308
33309
16898
32777
33311
33312
16900
32778
33314
33315
32781
33317
33318
16899
32784
33320
33321
16900
32785
33323
33324
32788
33326
33327
32789
33329
33330
32790
33332
33333
16904
16907
16905
16907
17066
16904
16905
17067
20662
20663
20665
16906
16906
17068
16907
16912
16913
16914
16912
16913
20705
20706
20708
16912
16914
17092
16913
16914
17093
20712
20713
20715
20719
20720
20721
21983
21984
21986
21996
21997
21999
17094
16918
16921
17127
16919
16921
16918
16919
17128
20983
20984
20986
16920
17129
16920
16921
16926
16927
16928
16926
16927
17187
16926
16928
21269
21270
21272
16927
16928
17188
21276
21277
21279
17189
21283
21284
21285
22234
22235
22237
22247
22248
22250
16933
16934
16935
19012
19013
19015
16933
16934
16933
16935
16934
16935
16940
16941
16942
19262
19263
19265
16940
16941
16940
16942
16941
16942
16947
16948
16949
16947
16948
16947
16949
16948
16949
16954
16955
16956
16954
16955
16954
16956
16955
16956
21565
21566
21567
21642
21643
21644
16960
16963
16961
16963
16960
16961
22629
22630
22634
16962
16962
16963
16967
16970
16968
16970
16967
16968
22809
22810
22814
16969
16969
16970
16976
17815
32423
16976
17830
32426
32425
32428
16979
17821
32432
16979
30432
32435
32434
32437
16982
17370
31553
16982
30441
31556
31555
31558
16985
17839
32441
16985
30435
32444
32443
32446
16988
30444
32450
16988
30465
32453
32452
32455
16991
17836
31580
16991
30473
31583
31582
31585
16994
17373
31589
16994
30468
31592
31591
31594
16997
30476
31598
16997
17851
31601
31600
31603
17000
17844
30509
17000
17853
30512
30511
30514
17005
17006
17007
17869
17005
17006
17009
17006
17007
17010
17005
17007
17870
17873
17013
17875
23388
23389
23391
17012
17013
17014
17876
17012
17013
17013
17014
17012
17014
17877
17880
17882
23429
23430
23432
17019
17020
17021
18027
17019
17020
17030
17019
17021
18028
17020
17021
17031
18031
17034
18033
23837
23838
23840
17026
17027
17028
18041
17026
17027
17037
17026
17028
18042
17027
17028
17038
18045
17042
18047
23928
23929
23931
17033
17034
17035
18048
17033
17034
17034
17035
17033
17035
18049
18052
18054
23969
23970
23972
17040
17041
17042
18062
17040
17042
17041
17042
17040
17041
18063
18066
18067
24055
24056
24058
17047
17048
17049
18213
17047
17048
17051
17047
17049
18214
17048
17049
17053
18217
17056
18219
24461
24462
24464
17054
17055
17056
18220
17054
17056
17054
17055
18221
17055
17056
18224
18225
24497
24498
24500
17061
17062
17063
18304
17061
17062
17061
17063
17062
17063
18305
18309
18310
17068
17069
17070
17069
17070
20632
20634
20636
17068
17069
17068
17070
20639
20641
20643
20646
20647
20648
24966
24967
24969
24979
24980
24982
17075
17076
17077
18320
18322
18324
17075
17076
17075
17077
17076
17077
17081
17082
17083
20782
20789
17081
17082
17099
20783
17082
17083
17100
20786
20792
17103
20787
20793
17088
17089
17090
17088
17089
17088
17090
18407
18408
18411
17089
17090
18413
18415
18418
17095
17097
17094
17097
17094
17095
20687
20689
20691
17096
17096
17097
17101
17102
17103
20809
20816
17102
17103
20810
17101
17103
20819
20813
20820
20814
17108
17109
17110
17108
17109
17108
17110
18450
18451
18452
17109
17110
18456
18458
18460
17115
17116
17117
17445
17447
17449
17115
17116
17115
17117
17116
17117
17122
17123
17124
18533
17123
17124
17122
17123
17122
17124
18534
18537
18538
17129
17130
17131
17130
17131
20886
20888
20890
17129
17130
17129
17131
20897
20898
20900
20904
20905
20906
25602
25603
25605
25615
25616
25618
17136
17137
17138
18549
18551
18553
17136
17137
17136
17138
17137
17138
17143
17144
17145
18634
18636
18638
17143
17144
17143
17145
17144
17145
17150
17151
17152
17150
17151
20949
20951
20953
17150
17152
17166
17151
17152
17168
20960
20962
20964
20967
20968
20969
25879
25880
25882
25892
25893
25895
17170
17157
17158
17159
17157
17158
17157
17159
18746
18747
18750
17158
17159
18752
18753
18756
17163
17164
17165
21027
21034
17163
17164
17194
21028
17164
17165
17195
21031
21037
17197
21032
21038
17170
17172
17169
17172
17169
17170
20022
20024
20026
17171
17171
17172
17177
17178
17179
17177
17178
17177
17179
18778
18779
18781
17178
17179
18784
18785
18787
17183
17184
17185
21085
21092
17183
17184
17214
21086
17184
17185
17215
21089
21095
17216
21090
21096
17190
17192
17189
17192
17189
17190
21117
21118
21120
17191
17191
17192
17196
17197
17198
21137
21144
17197
17198
21138
17196
17197
21147
21141
21142
21148
17203
17204
17205
17203
17204
17203
17205
17204
17205
18878
18879
18880
18884
18886
18888
17209
17212
17210
17212
17234
17209
17210
17236
21251
21253
21255
17211
17211
17239
17212
17216
17217
17218
21195
21202
17216
17217
21196
17216
17218
21199
21200
21205
21206
17223
17224
17225
17223
17224
17223
17225
17224
17225
18910
18911
18912
18916
18918
18920
17230
17231
17232
17493
17494
17496
17230
17231
17230
17232
17231
17232
17237
17238
17239
17238
17239
17237
17238
20047
20049
20051
17237
17239
20054
20056
20058
20061
20062
20063
27037
27038
27040
27050
27051
27053
17244
17245
17246
19096
17245
17246
17244
17245
17244
17246
19097
19100
19101
17251
17252
17253
19119
19120
19122
17251
17252
17251
17253
17252
17253
17258
17259
17260
17258
17259
17261
17258
17260
21512
21514
21516
17259
17260
17263
21523
21525
21527
17265
21530
21531
21532
27407
27408
27410
27420
27421
27423
17265
17267
17264
17267
17264
17265
20077
20078
20080
17266
17266
17267
17272
17273
17274
17272
17273
17272
17274
17273
17274
19199
19200
19202
19205
19206
19208
17278
17279
17280
21401
21408
17278
17279
17296
21402
17278
17280
17297
17298
21405
21406
21411
21412
17284
17287
17302
17285
17287
17284
17285
17304
21546
21548
21550
17286
17307
17286
17287
17292
17293
17294
17292
17293
17292
17294
17293
17294
19242
19243
19244
19248
19249
19251
17298
17299
17300
21435
21442
17298
17299
21436
17298
17300
21439
21440
21445
21446
17305
17306
17307
17306
17307
17305
17306
20091
20093
20095
17305
17307
20102
20103
20105
20109
20110
20111
27758
27759
27761
27771
27772
27774
17318
17319
17320
21650
21657
17319
17320
17564
17614
17318
17319
17565
21651
30574
30575
30576
17318
17320
17615
21658
30577
30578
30579
21652
21659
30580
30581
30582
17566
21653
17616
21660
17325
17326
17327
17325
17327
17325
17326
17326
17327
20146
20147
20149
21631
21632
21634
17332
17333
17334
21664
21671
17333
17334
17592
17635
17332
17333
17593
21665
30583
30584
30585
17332
17334
17636
21672
30586
30587
30588
21666
21673
30589
30590
30591
17594
21667
17637
21674
17339
17340
17341
17339
17341
17339
17340
17340
17341
20198
20199
20200
21804
21805
21806
17346
17347
17348
21812
21819
17347
17348
17677
17712
17346
17347
17678
21813
30592
30593
30594
17346
17348
17713
21820
30595
30596
30597
21814
21821
30598
30599
30600
17679
21815
17714
21822
17353
17354
17355
17353
17354
17353
17355
17354
17355
21843
21844
21846
21922
21923
21925
17360
17361
17362
21826
21833
17361
17362
17698
17740
17360
17361
17699
21827
30509
30510
30511
17360
17362
17741
21834
30512
30513
30514
21828
21835
30515
30516
30517
17700
21829
17742
21836
17368
17814
30574
17368
17829
30577
30576
30579
17371
17823
30583
17371
30586
30585
30588
17374
17841
30592
17374
30595
30594
30597
17378
17381
17382
17378
17379
17870
17871
17873
17379
17381
17384
17380
17380
17381
17388
17385
17388
17385
17386
17877
17878
17880
17386
17388
17387
17387
17388
17392
17395
17403
17392
17393
18028
18029
18031
17393
17395
17404
17394
17394
17395
17409
17399
17402
17410
17399
17400
18042
18043
18045
17400
17402
17411
17401
17401
17402
17416
17406
17409
17407
17409
17406
17407
18049
18050
18052
17408
17408
17409
17413
17416
17414
17416
17413
17414
18063
18064
18066
17415
17415
17416
17420
17423
17424
17421
17423
17425
17420
17421
18214
18215
18217
17422
17422
17423
17430
17427
17430
17428
17430
17427
17428
18221
18222
18224
17429
17429
17430
17435
17436
33342
17435
17925
17435
17436
17927
18328
17436
18329
17929
18331
33344
17441
17442
17443
17442
17443
17441
17442
17441
17443
21953
21955
21957
17448
17449
17450
17448
17449
17448
17450
22003
22004
22005
25310
25311
25313
25373
25374
25376
17449
17450
22015
22016
22018
22022
22023
22025
17455
17456
17457
21975
17455
17456
17455
17457
18464
17456
17457
18465
21976
21980
18466
21981
17462
17463
17464
21989
17462
17463
17463
17464
17462
17464
18483
21993
18484
21994
17469
17470
17469
17987
17469
17470
17989
18557
17470
18558
17991
18560
17475
17476
17477
22034
22035
22037
22054
22056
22058
22067
22068
22070
17476
17477
17475
17476
17475
17477
22073
22075
22077
22080
22081
22083
17482
17483
17484
22151
17483
17484
18802
18808
17482
17483
18803
17482
17484
18809
22152
22155
18806
18811
22157
17489
17490
17491
17490
17491
18923
18937
17489
17490
18924
17489
17491
18938
18927
18940
17496
17497
17498
17496
17497
17496
17498
17497
17498
22254
22255
22256
26813
26814
26816
26889
26890
26892
22266
22267
22269
22273
22274
22276
17503
17504
17505
22226
17503
17504
17503
17505
18949
17504
17505
18950
22227
22231
18951
22232
17510
17511
17512
22240
17510
17511
17510
17512
18961
17511
17512
22244
18962
22245
17517
17518
17519
17517
17518
17517
17519
17518
17519
17523
22320
17523
22321
17523
22325
17527
17527
17527
17532
17533
17534
22377
17533
17534
19341
19347
17532
17533
19342
17532
17534
19348
22378
22381
19345
19350
22383
17539
17540
17541
17540
17541
19366
19380
17539
17540
19367
17539
17541
19381
19370
19383
17545
22514
22521
17545
22515
17545
22522
22518
22525
17550
17551
17552
17553
20114
20115
20117
17550
17551
19436
20121
20122
20125
17550
17552
17556
17551
17552
19438
17557
20127
20129
20132
19439
20134
20135
20138
17559
17557
17558
17559
22529
22530
22532
22555
22556
22558
17558
17559
17557
17558
22561
22562
22563
17557
17559
22567
22569
22571
22542
22543
22545
22574
22575
22576
17561
17562
17563
17566
17569
30313
17566
17570
30623
31775
31776
31777
17567
30625
17569
17570
30627
30629
17569
17570
30314
30630
31778
31779
31780
30316
30633
30628
30635
31781
31782
31783
17573
17576
17585
31610
31784
31785
31786
17573
17577
30320
31614
31787
31788
31789
17574
31611
31618
31790
31791
31792
17576
17577
31612
31619
17576
17577
17589
30321
17590
31613
30323
31620
17581
17584
17582
17584
17581
17582
22671
22672
22676
17583
17583
17584
17587
17590
31631
31793
31794
31795
17587
17591
30341
31635
31796
31797
31798
17588
31632
31639
31799
31800
31801
17590
17591
31633
31640
17590
17591
30342
31634
30345
31641
17594
17597
30348
17594
17598
30651
31802
31803
31804
17595
30653
17597
17598
30655
30657
17597
17598
30349
30658
31805
31806
31807
30351
30661
30656
30663
31808
31809
31810
17603
17604
17605
20141
20142
20143
22699
22700
22701
22716
22717
22719
17603
17604
18669
17603
17605
18671
17604
17605
18673
22703
22705
22706
22709
22711
22713
17608
17609
17608
17609
18684
19605
18686
19608
17613
22794
22801
17613
22795
17613
22802
22798
22805
17616
17619
30313
17616
17620
30679
31811
31812
31813
17617
30681
17619
17620
30683
30685
17619
17620
30315
30686
31814
31815
31816
30317
30689
30684
30691
31817
31818
31819
17623
17627
30327
31649
31820
31821
31822
17623
17626
17670
31659
31823
31824
31825
17624
31653
31660
31826
31827
31828
17626
17627
31654
31661
17626
17627
17674
30328
17675
31662
30330
31655
17631
17634
17632
17634
17631
17632
22837
22838
22842
17633
17633
17634
17637
17640
30348
17637
17641
30700
31553
31554
31555
17638
30702
17640
17641
30704
30706
17640
17641
30350
30707
31556
31557
31558
30352
30710
30705
30711
31559
31560
31561
17644
17648
30362
31670
31829
31830
31831
17644
17647
17691
31680
31832
31833
31834
17645
31674
31681
31835
31836
31837
17647
17648
31675
31682
17647
17648
17695
30363
17696
31683
30365
31676
17653
17654
17655
17656
20166
20167
20168
17653
17654
19631
20173
20174
20177
17653
17655
17658
17654
17655
19633
17660
20179
20180
20183
19634
20186
20187
20190
17661
17660
17661
17662
22865
22866
22868
22891
22892
22894
17661
17662
17660
17661
17660
17662
22897
22898
22899
22903
22905
22907
22878
22879
22881
22910
22911
22912
17666
17669
17667
17669
17666
17667
22942
22943
22947
17668
17668
17669
17672
17675
31694
31838
31839
31840
17672
17676
30369
31698
31841
31842
31843
17673
31695
31702
31844
31845
31846
17675
17676
31696
31703
17675
17676
30370
31697
30373
31704
17679
17682
30383
17679
17683
30735
31847
31848
31849
17680
30737
17682
17683
30739
30741
17682
17683
30384
30742
31850
31851
31852
30386
30745
30740
30747
31853
31854
31855
17687
17690
17688
17690
17687
17688
22970
22971
22975
17689
17689
17690
17693
17696
31580
31581
31582
31715
17693
17697
30404
31583
31584
31585
31719
17694
31586
31587
31588
31716
31722
17696
17697
31717
31724
17696
17697
30405
31718
30407
31725
17700
17703
30418
17700
17704
30756
31856
31857
31858
17701
30758
17703
17704
30760
30762
17703
17704
30419
30763
31859
31860
31861
30421
30766
30761
30768
31862
31863
31864
17708
17711
17709
17711
17708
17709
23021
23022
23026
17710
17710
17711
17714
17717
30383
17714
17718
30784
31589
31590
31591
17715
30786
17717
17718
30788
30790
17717
17718
30385
30791
31592
31593
31594
30387
30794
30789
30795
31595
31596
31597
17721
17725
30390
31733
31865
31866
31867
17721
17724
17734
31743
31868
31869
31870
17722
31737
31744
31871
31872
31873
17724
17725
31738
31745
17724
17725
17737
30391
17738
31746
30393
31739
17729
17732
17730
17732
17729
17730
23063
23064
23068
17731
17731
17732
17735
17739
30411
31598
31599
31600
31754
17735
17738
31601
31602
31603
31764
17736
31604
31605
31606
31757
31765
17738
17739
31759
31766
17738
17739
30412
31767
30414
31760
17742
17745
30418
17742
17746
30812
31874
31875
31876
17743
30814
17745
17746
30816
30818
17745
17746
30420
30819
31877
31878
31879
30422
30822
30817
30824
31880
31881
31882
17751
17752
17753
17751
17752
17751
17753
29657
29658
29660
17752
17753
29664
29665
29667
23109
23111
23113
23123
23125
23127
29671
29672
29673
17758
17759
17760
23101
17759
17760
23102
17758
17759
17758
17760
19829
23106
19830
23107
17765
17766
17767
23115
17766
17767
19833
23116
17765
17766
17765
17767
19834
23120
19836
23121
17772
17773
17774
17773
17774
23077
23078
23079
29726
29727
29729
29746
29747
29749
17772
17773
17772
17774
23088
23090
23092
23095
23097
23099
17779
17780
17781
20193
20194
20195
23144
23145
23146
23161
23162
23164
17779
17780
19154
17779
17781
19156
17780
17781
19158
23148
23149
23151
23154
23156
23158
17784
17785
17784
17785
19168
19847
19171
19850
17790
17791
17792
17790
17791
17790
17792
30254
30255
30257
17791
17792
30261
30262
30264
23206
23208
23210
23220
23222
23224
30268
30269
30270
17797
17798
17799
23198
17798
17799
23199
17797
17798
19958
17797
17799
19959
23203
23204
17804
17805
17806
17805
17806
23174
23175
23176
30242
30243
30245
30292
30293
30295
17804
17805
17804
17806
23179
23181
23183
23192
23193
23195
17811
17812
17813
23212
17812
17813
19962
23213
17811
17812
17811
17813
19963
23217
19965
23218
17816
31775
17816
31778
31777
31780
17819
17820
31784
17819
30431
31787
31786
31789
17822
31793
17822
31796
31795
31798
17825
31802
17825
30440
31805
31804
31807
17828
23232
17828
21933
17831
31811
17831
31814
31813
31816
17834
30434
31820
17834
17838
31823
31822
31825
17837
30446
31829
17837
31832
31831
31834
17840
31838
17840
31841
31840
31843
17843
31847
17843
30467
31850
31849
31852
17846
31856
17846
30479
31859
31858
31861
17849
23256
17849
21939
17852
30470
31865
17852
31868
31867
31870
17855
31874
17855
30480
31877
31876
31879
17859
17860
17861
23313
23320
17859
17861
23314
17859
17860
23321
23318
23324
23325
23319
17866
17867
17868
23359
23360
23363
17866
17868
17866
17867
17871
17867
17868
17872
23366
23367
23368
17874
23372
23373
23375
24630
24631
24633
17873
17874
17875
17873
17875
17873
17874
17874
17875
23401
23402
23404
23412
23414
23416
17880
17881
17882
17880
17882
17880
17881
17885
17881
17882
17886
23442
23443
23444
17888
23453
23455
23457
17887
17888
17889
23491
23492
23495
17887
17889
17887
17888
17888
17889
23498
23499
23501
23504
23505
23507
24813
24814
24816
17893
17894
17895
23518
23525
17893
17895
23519
17893
17894
23526
23523
23529
23531
23524
17900
17901
17902
17910
17901
17902
17900
17901
17913
17900
17902
23558
23559
23561
17915
17916
17907
17908
17909
17917
17908
17909
17907
17908
17920
17907
17909
23588
23589
23591
17922
17923
17914
17915
17916
17914
17915
17914
17916
17915
17916
17921
17922
17923
17921
17922
17921
17923
17922
17923
17928
17929
17930
23609
17929
17930
23610
17928
17930
17928
17929
23614
23615
17935
17936
17937
17935
17937
17935
17936
17936
17937
17942
17943
17944
23621
17943
17944
18463
23622
17942
17943
17942
17944
18464
23626
18467
23627
17949
17950
17951
17949
17950
17949
17951
17950
17951
17956
17957
17958
17966
17956
17958
17956
17957
17969
17957
17958
23648
23649
23652
17970
17972
17963
17964
17965
17973
17964
17965
17963
17964
17976
17963
17965
23684
23685
23686
17978
17979
17970
17971
17972
17971
17972
17970
17971
17970
17972
17977
17978
17979
17977
17978
17977
17979
17978
17979
17983
17984
17985
23706
23713
17983
17985
23707
17983
17984
23714
23711
23717
23718
23712
17990
17991
17992
23728
17991
17992
23729
17990
17992
17990
17991
23733
23734
17997
17998
17999
17997
17999
17997
17998
17998
17999
18004
18005
18006
23740
18005
18006
18621
23741
18004
18005
18004
18006
18622
23745
18624
23746
18011
18012
18013
18012
18013
18011
18012
18011
18013
18017
18018
18019
23759
23766
18017
18019
23760
18017
18018
23767
23763
23770
23771
23765
18024
18025
18026
23808
23809
23812
18024
18026
18024
18025
18029
18025
18026
18030
23815
23816
23817
18032
23821
23822
23824
26091
26092
26094
18031
18032
18033
18031
18033
18031
18032
18032
18033
23850
23851
23853
23861
23862
23864
18038
18039
18040
23898
23900
23903
18038
18039
18038
18040
18043
18039
18040
18044
23906
23907
23909
22118
22119
22122
23912
23913
23916
18046
18045
18046
18047
18045
18047
18045
18046
18046
18047
23941
23942
23944
23952
23953
23955
18052
18053
18054
18052
18054
18052
18053
18057
18053
18054
18058
23982
23983
23984
18060
23993
23995
23997
18059
18060
18061
24030
24032
24034
18059
18061
18059
18060
18060
18061
24038
24039
24041
24044
24045
24046
26504
26505
26507
18066
18067
18068
18066
18067
18066
18068
18071
18067
18068
18072
24073
24074
24076
24079
24081
24084
18074
18073
18074
18075
24121
24123
24125
18073
18075
18073
18074
18074
18075
24129
24130
24132
24135
24136
24137
26736
26737
26739
18079
18080
18081
24149
24156
18079
18081
24150
18079
18080
24157
24154
24160
24162
24155
18086
18087
18088
24174
18087
18088
18948
24175
18086
18087
18086
18088
18949
24179
18952
24180
18093
18094
18095
18093
18094
18093
18095
18094
18095
18100
18101
18102
24186
18101
18102
19033
24187
18100
18101
18100
18102
19034
24191
19036
24192
18107
18108
18109
18107
18108
18107
18109
18108
18109
18113
18114
18115
24202
24209
18113
18114
24203
18113
18115
24210
24206
24213
24208
24215
18120
18121
18122
18130
18120
18122
18120
18121
18133
18121
18122
24242
24243
24246
18134
18136
18127
18128
18129
18137
18128
18129
18127
18128
18140
18127
18129
24278
24279
24280
18142
18143
18134
18135
18136
18135
18136
18134
18135
18134
18136
18141
18142
18143
18141
18142
18141
18143
18142
18143
18148
18149
18150
18149
18150
18148
18149
18148
18150
18155
18156
18157
18156
18157
18155
18156
18155
18157
18162
18163
18164
24298
18163
18164
24299
18162
18163
18162
18164
24303
24304
18169
18170
18171
18169
18170
18169
18171
18170
18171
18176
18177
18178
18186
18176
18177
18177
18178
18189
18176
18178
24331
24332
24333
18191
18192
18183
18184
18185
18193
18183
18184
18184
18185
18196
18183
18185
24361
24362
24363
18198
18199
18190
18191
18192
18190
18192
18190
18191
18191
18192
18197
18198
18199
18197
18199
18197
18198
18198
18199
18203
18204
18205
24383
24390
18203
18205
24384
18203
18204
24391
24387
24394
24395
24389
18210
18211
18212
24431
24432
24435
18210
18211
18210
18212
18215
18211
18212
18216
24439
24440
24442
22344
22345
22348
24445
24446
24448
18218
18217
18218
18219
18217
18219
18217
18218
18218
18219
24474
24475
24477
24485
24486
24488
18224
18225
18226
18224
18225
18224
18226
18229
18225
18226
18230
24515
24516
24518
24521
24522
24525
18232
18231
18232
18233
24563
24565
24567
18231
18233
18231
18232
18232
18233
24571
24572
24574
24577
24578
24579
28140
28141
28143
18237
18238
18239
24588
24595
18237
18238
24589
18237
18239
24596
24592
24599
24594
24601
18244
18245
18246
24663
18245
18246
18248
18254
18244
18245
18249
18244
18246
18255
24664
24667
18252
18257
24669
18251
18252
18253
18252
18253
18267
18251
18252
18251
18253
18268
18270
18257
18267
18257
18258
24724
18258
18269
24726
18263
18264
18265
24727
24732
18264
18265
18287
24728
18263
18264
18288
18263
18265
24733
24736
18290
24730
24731
24738
18270
18271
24743
18270
18270
18271
24744
18271
24747
24749
18276
18277
18278
18277
18278
18280
18294
18276
18277
18281
18276
18278
18295
18284
18297
18283
18284
18285
24846
18284
18285
18299
18283
18284
18283
18285
18300
24847
24850
18302
24852
18290
18291
18292
24853
24858
18290
18292
24854
18290
18291
18291
18292
24859
24856
24862
24857
24864
18297
18298
24869
18297
18299
18297
18298
24870
18298
18301
24873
24875
18302
18302
18303
24876
18303
24878
18308
18309
18310
18309
18310
18308
18309
18308
18310
24926
24927
24928
24937
24938
24939
24941
24942
24943
18314
18314
18314
18318
24929
18318
24930
18318
24935
18323
18324
18325
18323
18324
18323
18325
21946
21947
21950
24986
24987
24989
25044
25045
25047
18324
18325
24992
24993
24996
25005
25006
25008
18330
18331
18332
24958
18330
18332
18330
18331
18331
18332
24959
24962
24963
18337
18338
18339
24972
18337
18338
18338
18339
18337
18339
18348
24975
18349
24977
18344
18345
18346
18345
18346
18344
18345
18344
18346
18349
18350
18349
18350
18401
18404
18355
18356
18357
25037
25039
25041
25058
25059
25062
25078
25079
25082
18355
18356
18355
18357
18356
18357
25064
25066
25069
25071
25073
25075
18361
18362
18363
25110
25117
18361
18362
25111
18361
18363
25118
25114
25121
25115
25123
18368
18369
18370
18368
18369
18368
18370
18369
18370
25018
25020
25023
25025
25026
25027
25142
25143
25145
25153
25154
25157
18375
18376
18377
18375
18376
18376
18377
18375
18377
25135
25136
25139
18382
18383
18384
18382
18384
19391
18382
18383
18383
18384
19392
19395
18388
18389
18390
18389
18390
18388
18389
18395
18396
18397
25147
18395
18396
18396
18397
18395
18397
19398
25149
19399
25151
18402
18403
18404
25159
25163
18403
18404
18402
18403
25164
18402
18404
25167
25168
25162
18409
18410
18411
18412
20759
20761
20764
18409
18410
20766
20767
20768
22489
22490
22493
25085
25086
25089
18410
18411
18409
18411
18415
18416
20770
20772
20774
22497
22498
22501
20776
20778
20781
18418
18416
18417
18418
18417
18418
18416
18417
25184
25185
25187
18416
18418
25190
25192
25195
18423
18424
18425
18423
18425
18431
20784
20785
20788
24728
24729
24731
18423
18424
24733
24735
24738
18424
18425
18433
20796
20797
20800
24740
24741
24742
18436
18428
18429
25215
25220
18428
18429
25225
25219
18434
18435
18436
18435
18436
20811
20812
20815
24854
24855
24857
18434
18435
24859
24861
24864
18434
18436
20823
20824
20827
24866
24867
24868
18439
18440
25234
25239
18439
18440
25238
25245
18445
18446
18447
25253
25257
18446
18447
18445
18446
25258
18445
18447
18483
25261
25262
18485
25256
18452
18453
18454
18455
20831
20832
20835
18453
18454
20837
20838
20839
25414
25416
25419
28485
28487
28490
18452
18453
18452
18454
18458
18460
20841
20843
20846
18461
20848
20850
20852
28498
28499
28501
18459
18460
18461
18459
18460
18459
18461
25278
25279
25281
18460
18461
25289
25291
25293
18466
18467
33348
18467
18466
18467
18466
33350
18472
18473
18474
25323
25324
25326
25337
25338
25340
18472
18474
18472
18473
18473
18474
25329
25331
25334
18479
18480
18481
18479
18481
18479
18480
18480
18481
18484
18485
18484
18485
18490
18491
18492
25366
25368
25370
25387
25388
25391
25408
25409
25411
18490
18492
18490
18491
18491
18492
25393
25395
25398
25400
25402
25405
18496
18497
18498
25439
25446
18496
18498
25440
18496
18497
25447
25443
25450
25451
25445
18503
18504
18505
18503
18504
25460
25462
25465
18503
18505
18504
18505
25467
25469
25472
25474
25475
25476
25496
25497
25499
25514
25515
25518
18510
18511
18512
18510
18512
18511
18512
18510
18511
25502
25503
25505
18517
18518
18519
18517
18519
19524
18517
18518
18518
18519
19525
19527
18523
18524
18525
18523
18524
18523
18525
18530
18531
18532
25508
18530
18531
18531
18532
18530
18532
19531
25510
19532
25512
18537
18538
18539
18537
18538
18538
18539
18537
18539
25547
25548
25549
25558
25559
25560
25567
25568
25569
18543
18543
18543
18547
25550
18547
25551
18547
25554
18552
18553
18554
18552
18553
18552
18554
22041
22042
22045
25622
25623
25625
25715
25716
25718
18553
18554
25628
25629
25632
25641
25642
25644
18559
18560
18561
25594
18559
18561
18559
18560
18560
18561
25595
25598
25599
18566
18567
18568
25608
18566
18567
18567
18568
18566
18568
18604
25611
18605
25613
18573
18574
18575
18573
18574
25648
25650
25653
18573
18575
18574
18575
25661
25662
25665
25668
25669
25670
25690
25691
25693
25701
25702
25705
18580
18581
18582
18580
18581
18581
18582
18580
18582
18587
18588
18589
18587
18589
19541
18587
18588
18588
18589
19542
19545
18593
18594
18595
18594
18595
18593
18594
18600
18601
18602
25695
18600
18601
18601
18602
18600
18602
19548
25697
19549
25699
18605
18606
18605
18606
18739
18742
18611
18612
18613
25708
25710
25712
25729
25730
25733
25749
25750
25753
18611
18612
18611
18613
18612
18613
25735
25737
25740
25742
25744
25746
18617
18618
18619
25781
25788
18617
18618
25782
18617
18619
25789
25785
25792
25786
25794
18624
18625
18624
18624
18625
18642
18625
18643
18645
18630
18631
18632
25796
25797
25799
25816
25817
25820
25829
25830
25832
18630
18632
18630
18631
18631
18632
25835
25837
25840
25842
25843
25845
18637
18638
18639
18637
18638
18637
18639
25803
25804
25807
25899
25900
25902
25992
25993
25995
18638
18639
25905
25906
25909
25912
25913
25915
18644
18645
18646
25871
18644
18646
18644
18645
18645
18646
25872
25875
25877
18651
18652
18653
25885
18651
18653
18652
18653
18651
18652
18689
18690
25889
25890
18658
18659
18660
18658
18659
25953
25955
25957
18658
18660
18659
18660
25966
25967
25969
25935
25936
25937
25946
25947
25949
25973
25974
25975
18665
18666
18667
18665
18667
18666
18667
18665
18666
18672
18673
18674
18672
18673
18672
18674
18673
18674
18678
18679
18680
18678
18680
18678
18679
18685
18686
18687
25940
18685
18687
18686
18687
18685
18686
25942
25944
18690
18691
18690
18691
18771
18774
18696
18697
18698
25985
25987
25989
26006
26007
26010
26026
26027
26030
18696
18697
18696
18698
18697
18698
26012
26014
26017
26019
26021
26023
18702
18703
18704
26058
26065
18702
18703
26059
18702
18704
26066
26062
26069
26063
26071
18709
18710
18711
26124
18710
18711
18713
18719
18709
18710
18714
18709
18711
18720
26125
26128
18717
18722
26130
18716
18717
18718
18717
18718
18732
18716
18717
18716
18718
18733
18735
18722
18732
18722
18723
26185
18723
18734
26187
18728
18729
18730
26188
26193
18729
18730
18841
26189
18728
18729
26194
18728
18730
18842
26197
26191
26199
18844
26192
18735
18736
26204
18735
18735
18736
26205
18736
26208
26210
18741
18742
18743
26211
26215
18742
18743
18741
18742
18741
18743
26216
26219
26214
26220
18748
18749
18750
18751
21004
21005
21008
18748
18749
21011
21012
21013
22759
22760
22763
25756
25757
25760
18749
18750
18748
18750
18753
18755
21015
21016
21018
22767
22768
22771
21021
21023
21026
18756
18755
18756
18757
18756
18757
18755
18756
18755
18757
26236
26237
26239
26242
26244
26247
18762
18763
18764
18762
18764
18859
21029
21030
21033
26189
26190
26191
18762
18763
26194
26196
26199
18763
18764
18860
21041
21042
21045
26201
26202
26203
18863
18767
18768
26267
26272
18767
18768
26277
26271
18773
18774
18775
26286
26290
18774
18775
18773
18774
18773
18775
26291
26294
26289
26296
18780
18781
18782
18783
21062
21064
21066
18780
18782
21069
21070
21071
26033
26034
26037
29097
29098
29101
18780
18781
18781
18782
18785
21073
21075
21078
18787
18789
21080
21081
21083
29105
29106
29108
18787
18788
18789
18787
18788
18787
18789
18788
18789
26311
26312
26313
26322
26324
26326
18794
18795
18796
18795
18796
18891
21087
21088
21091
26419
26420
26421
18794
18795
26424
26425
26427
18794
18796
18892
21099
21100
21103
26431
26432
26433
18894
18799
18800
26342
26347
18799
18800
26351
26346
18805
18806
18807
18806
18807
18821
18805
18806
18805
18807
18822
18825
18811
18821
18811
18812
26415
18812
18823
26417
18817
18818
18819
26418
26423
18817
18819
18930
26419
18817
18818
26424
18818
18819
18931
26421
26427
26428
18934
26422
18824
18825
26434
18825
18824
18825
26435
18824
26438
26439
18830
18831
18832
18831
18832
18834
18848
18830
18831
18835
18830
18832
18849
18838
18851
18837
18838
18839
26537
18838
18839
18853
18837
18838
18837
18839
18854
26538
26541
18856
26543
18844
18845
18846
26544
26549
18844
18846
26545
18844
18845
18845
18846
26550
26547
26553
26548
26555
18851
18852
26560
18851
18853
18851
18852
26561
18852
18855
26564
26566
18856
18856
18857
26567
18857
26569
18862
18863
18864
18863
18864
21139
21140
21143
26545
26546
26548
18862
18863
18862
18864
26550
26552
26555
21151
21152
21155
26557
26558
26559
18867
18868
26570
26575
18867
18868
26574
26581
18873
18874
18875
26589
26593
18874
18875
18873
18874
26594
18873
18875
18961
26597
26598
18963
26592
18880
18881
18882
18883
21159
21160
21163
18881
18882
21165
21166
21167
26930
26932
26935
29270
29272
29275
18880
18881
18880
18882
18886
18888
21169
21171
21174
18889
21176
21178
21180
29283
29284
29286
18887
18888
18889
18887
18888
18887
18889
26614
26615
26617
18888
18889
26625
26627
26629
18894
18895
18896
18894
18896
21197
21198
21201
26770
26771
26773
18894
18895
18895
18896
26775
26777
26779
21209
21210
21213
26782
26783
26784
18899
18900
26645
26650
18899
18900
26655
26649
18905
18906
18907
26664
26668
18906
18907
18905
18906
26669
18905
18907
19046
26672
26674
19047
26667
18912
18913
18914
18915
21217
21218
21221
18913
18914
21223
21224
21225
27207
27208
27211
29433
29434
29437
18912
18913
18912
18914
18918
18920
21227
21229
21232
18921
21234
21236
21238
29441
29442
29444
18919
18920
18921
18919
18920
18919
18921
26689
26690
26692
18920
18921
26700
26702
26704
18926
18927
18928
26762
18927
18928
18942
18926
18927
18926
18928
18943
26763
26766
18946
26768
18933
18934
18935
26769
26774
18934
18935
26770
18933
18934
18933
18935
26775
26778
26772
26773
26779
18940
18941
26785
18940
18942
18940
18941
26786
18941
18944
26789
26790
18946
18945
18946
26792
18945
26794
18951
18952
18952
18951
18952
18951
18957
18958
18959
26806
26807
26809
26826
26827
26829
26847
26848
26850
18957
18959
18957
18958
18958
18959
26832
26833
26836
26839
26841
26844
18962
18963
18962
18963
18968
18969
18970
26882
26883
26885
26903
26904
26906
26924
26925
26927
18968
18970
18968
18969
18969
18970
26909
26910
26913
26916
26918
26921
18974
18975
18976
26955
26962
18974
18976
26956
18974
18975
26963
26959
26966
26967
26961
18981
18982
18983
18981
18982
18981
18983
26976
26978
26981
18982
18983
26983
26985
26988
26990
26991
26992
27012
27013
27015
27023
27024
27027
18988
18989
18990
18988
18990
18988
18989
18989
18990
18995
18996
18997
18995
18997
19797
18995
18996
18996
18997
19798
19800
19001
19002
19003
19001
19002
19001
19003
19008
19009
19010
27017
19008
19009
19008
19010
19804
19009
19010
27019
19805
27021
19015
19016
19017
19015
19016
19015
19017
19016
19017
27057
27058
27059
27090
27091
27093
27166
27167
27169
27069
27070
27072
27076
27077
27079
19022
19023
19024
27029
19022
19023
19022
19024
19034
19023
19024
19035
27030
27033
19037
27035
19029
19030
19031
27043
19029
19030
19029
19031
19046
19030
19031
27046
19048
27048
19036
19037
19036
19036
19037
19037
19042
19043
19044
27083
27084
27086
27103
27104
27106
27123
27124
27127
19043
19044
19042
19043
19042
19044
27109
27111
27114
27116
27117
27120
19047
19048
19047
19048
19053
19054
19055
27159
27160
27162
27180
27181
27183
27200
27201
27204
19054
19055
19053
19054
19053
19055
27186
27188
27191
27193
27194
27197
19059
19060
19061
27232
27239
19059
19060
27233
19059
19061
27240
27236
27243
27238
27245
19066
19067
19068
19066
19067
19066
19068
27281
27283
27285
19067
19068
27288
27290
27292
27257
27258
27259
27268
27269
27271
27295
27296
27297
19073
19074
19075
19073
19075
19073
19074
19074
19075
19080
19081
19082
19080
19082
19822
19080
19081
19081
19082
19823
19826
19086
19087
19088
19086
19087
19086
19088
19093
19094
19095
27262
19093
19094
19093
19095
19829
19094
19095
27265
19831
27266
19100
19101
19102
19100
19101
19101
19102
19100
19102
27340
27341
27342
27344
27345
27346
27353
27354
27355
19106
27332
19106
27333
19106
27337
19110
19110
19110
19115
19116
19117
27377
27378
27381
27384
27385
27387
19115
19117
19115
19116
19116
19117
19122
19123
19124
19122
19123
19122
19124
19123
19124
27427
27428
27430
27520
27521
27523
27433
27434
27436
19129
19130
19131
27399
19129
19131
19129
19130
19130
19131
27400
27403
27405
19136
19137
19138
27413
19136
19138
19136
19137
19174
19137
19138
19175
27417
27418
19143
19144
19145
19143
19144
19143
19145
27481
27483
27485
19144
19145
27494
27495
27497
27463
27464
27465
27474
27475
27477
27501
27502
27503
19150
19151
19152
19150
19152
19150
19151
19151
19152
27456
27457
27460
19157
19158
19159
19157
19158
19157
19159
19158
19159
19163
19164
19165
19163
19165
19163
19164
19170
19171
19172
27468
19170
19172
19170
19171
19171
19172
27470
27472
19175
19176
19175
19176
19192
19195
19181
19182
19183
27513
27514
27516
27534
27535
27537
27554
27555
27558
19181
19182
19181
19183
19182
19183
27540
27541
27544
27547
27549
27551
19187
19188
19189
27586
27593
19187
19188
27587
19187
19189
27594
27590
27597
27591
27599
19194
19195
19196
27600
27604
19195
19196
19194
19195
19194
19196
27605
27608
27603
27610
19201
19202
19203
19204
21378
21380
21382
19201
19203
21385
21386
21387
27561
27562
27565
29909
29910
29913
19201
19202
19202
19203
19206
21389
21391
21394
19208
19210
21396
21397
21399
29917
29918
29920
19208
19209
19210
19208
19209
19208
19210
19209
19210
27625
27626
27627
27636
27638
27640
19215
19216
19217
19216
19217
19223
21403
21404
21407
28102
28103
28104
19215
19216
19224
19215
19217
28107
28108
28110
19226
21415
21416
21419
28114
28115
28116
19220
19221
27656
27661
19220
19221
27665
27660
19226
19227
19228
19226
19228
21437
21438
21441
28174
28175
28176
19226
19227
19227
19228
28179
28181
28183
21449
21450
21453
28186
28187
28188
19231
19232
27675
27680
19231
19232
27685
27679
19237
19238
19239
27694
27698
19238
19239
19237
19238
19324
19237
19239
27699
27702
19325
27697
27704
19244
19245
19246
19247
21456
21458
21460
19245
19246
21463
21464
21465
27935
27936
27939
30135
30136
30139
19244
19245
19244
19246
19249
19251
21467
21469
21472
19253
21474
21475
21477
30143
30144
30146
19251
19252
19253
19251
19252
19251
19253
19252
19253
27719
27720
27722
27730
27732
27734
19258
19259
19260
19258
19259
19259
19260
19258
19260
19265
19266
19267
19265
19266
19265
19267
19266
19267
27778
27779
27780
27804
27805
27807
27894
27895
27897
27790
27791
27793
27797
27798
27800
19272
19273
19274
27750
19272
19273
19272
19274
19273
19274
27751
27754
27756
19279
19280
19281
27764
19279
19280
19279
19281
19324
19280
19281
27767
19326
27769
19286
19287
19288
27817
27818
27821
27830
27831
27833
19287
19288
19286
19287
19286
19288
19293
19294
19295
19293
19294
19293
19295
27975
27977
27979
19294
19295
27988
27989
27991
27862
27863
27864
27880
27881
27883
27995
27996
27997
19300
19301
19302
19300
19302
19300
19301
19301
19302
27868
27869
27871
19307
19308
19309
19307
19309
19951
19307
19308
19308
19309
19952
19955
19313
19314
19315
19313
19314
19313
19315
19320
19321
19322
27874
19320
19321
19320
19322
19958
19321
19322
27877
19960
27878
19325
19326
19325
19326
19331
19332
19333
27887
27888
27890
27908
27909
27911
27928
27929
27932
19332
19333
19331
19332
19331
19333
27914
27916
27919
27921
27922
27925
19337
19338
19339
27960
27967
19337
19338
27961
19337
19339
27968
27964
27971
27966
27973
19344
19345
19346
19345
19346
19360
19344
19345
19344
19346
19361
19364
19350
19360
19350
19351
28098
19351
19362
28100
19356
19357
19358
28101
28106
19356
19358
19373
28102
19356
19357
28107
19357
19358
19375
28104
28110
28111
19378
28105
19363
19364
28117
19364
19363
19364
28118
19363
28121
28122
19369
19370
19371
28166
19370
19371
19385
19369
19370
19369
19371
19386
28167
28170
19389
28172
19376
19377
19378
28173
28178
19377
19378
28174
19376
19377
28179
19376
19378
28182
28176
28183
28177
19383
19384
28189
19383
19385
19383
19384
28190
19384
19387
28193
28194
19389
19388
19389
28196
19388
28198
19394
19395
19396
21560
21561
21562
28251
28252
28253
28268
28269
28271
19394
19395
19395
19396
19394
19396
28255
28257
28259
28261
28263
28265
19399
19400
19399
19400
19411
19414
19405
19406
19407
19405
19407
19405
19406
28205
28207
28210
19406
19407
28212
28214
28217
28219
28220
28223
28313
28315
28318
28327
28329
28332
19412
19413
19414
28305
19413
19414
28306
19412
19413
19412
19414
28309
28310
19419
19420
19421
28319
19420
19421
19430
28320
19419
19420
19419
19421
19431
28323
19433
28325
19426
19427
19428
19426
19427
28274
28275
28278
28281
28282
28283
28355
28356
28358
19426
19428
19427
19428
28292
28294
28297
28299
28301
28303
19433
19434
19433
19433
19434
19465
19434
19466
19468
19439
19440
19441
19442
21571
21572
21574
19439
19440
21578
21579
21582
19440
19441
19445
19439
19441
21584
21585
21588
19447
21591
21593
21596
19448
19446
19447
19448
28362
28363
28365
28388
28389
28391
19446
19448
19446
19447
28394
28395
28398
19447
19448
28375
28376
28379
28400
28401
28402
28404
28406
28409
19453
19454
19455
28424
19453
19454
19457
19453
19455
28425
19454
19455
19459
28428
19461
28429
19460
19461
19462
19460
19461
19460
19462
19461
19462
19467
19468
19469
19467
19469
19467
19468
19468
19469
19473
28510
28517
19473
28511
19473
28518
28514
28521
19478
19479
19480
19478
19479
19482
19478
19480
19479
19480
19484
19486
19485
19486
19487
28524
19485
19486
19485
19487
28525
19486
19487
28528
28529
19492
19493
19494
19492
19493
19492
19494
19536
19493
19494
19537
19538
19499
19500
19501
19500
19501
19499
19500
22597
22599
22602
19499
19501
22604
22606
22609
22611
22612
22615
28577
28579
28582
28591
28593
28596
19506
19507
19508
28569
19507
19508
28570
19506
19507
19506
19508
19531
28573
19533
28575
19513
19514
19515
28583
19514
19515
19535
28584
19513
19514
19513
19515
19536
28587
19539
28589
19520
19521
19522
19521
19522
28545
28546
28547
28635
28636
28638
28655
28656
28658
19520
19521
19520
19522
28556
28558
28560
28563
28565
28567
19527
19528
19529
21626
21627
21628
28612
28613
28614
28629
28630
28632
19527
19529
19527
19528
19528
19529
28616
28618
28620
28622
28624
28627
19532
19533
19532
19533
19538
19539
19539
19538
19539
19538
19544
19545
19546
21637
21638
21639
28684
28685
28686
28701
28702
28704
19544
19545
19545
19546
19544
19546
28688
28690
28692
28694
28696
28698
19549
19550
19549
19550
19560
19563
19555
19556
19557
19555
19557
19555
19556
28719
28721
28724
19556
19557
28726
28728
28731
28733
28734
28737
28783
28785
28788
28797
28799
28802
19562
19563
19564
28775
19563
19564
28776
19562
19563
19562
19564
28779
28780
19569
19570
19571
19569
19570
28707
28708
28711
28751
28752
28753
28818
28819
28821
19569
19571
19570
19571
28756
28758
28761
28769
28770
28772
19576
19577
19578
28789
19577
19578
19580
28790
19576
19577
19576
19578
19581
28793
19583
28795
19583
19584
19583
19583
19584
19653
19584
19654
19656
19586
19587
19588
19593
19594
19595
19593
19595
19593
19594
19594
19595
19600
19601
19602
19600
19601
19601
19602
28924
28926
28928
19600
19602
28931
28932
28934
28898
28900
28902
28912
28914
28916
28938
28939
28940
19607
19608
19609
28890
19608
19609
28891
19607
19608
19607
19609
28894
28896
19614
19615
19616
19614
19616
22722
22723
22726
28866
28867
28868
28970
28971
28973
19614
19615
19615
19616
28871
28873
28876
28884
28885
28887
19621
19622
19623
28904
19622
19623
19625
28905
19621
19622
19621
19623
19626
28909
19628
28910
19628
19629
19628
19628
19629
19685
19629
19686
19688
19634
19635
19636
19637
21690
21691
21693
19634
19635
21697
21698
21701
19635
19636
19640
19634
19636
21703
21704
21707
19642
21710
21712
21715
19643
19641
19642
19643
28984
28985
28987
29010
29011
29013
19641
19643
19641
19642
29016
29017
29020
19642
19643
28997
28998
29001
29022
29023
29024
29026
29028
29031
19648
19649
19650
29046
19648
19649
29047
19648
19650
19659
19649
19650
19661
29050
29051
19663
19655
19656
19657
19655
19657
19655
19656
19656
19657
19662
19663
19664
19662
19663
19662
19664
19663
19664
19668
29132
29139
19668
29133
19668
29140
29136
29143
19673
19674
19675
19676
21717
21718
21720
19673
19675
19730
21724
21725
21728
19673
19674
19679
19674
19675
19732
19680
21730
21732
21735
19682
19735
21737
21738
21741
19680
19681
19682
29147
29148
29150
29173
29174
29176
19681
19682
19680
19681
29179
29180
29183
19680
19682
29185
29187
29190
29160
29161
29164
29192
29193
29194
19687
19688
19689
19687
19689
19687
19688
19688
19689
19694
19695
19696
29223
19694
19695
29224
19694
19696
19698
19695
19696
19700
29227
29228
19702
19701
19702
19703
19701
19702
19701
19703
19702
19703
19707
29295
29302
19707
29296
19707
29303
29299
29306
19712
19713
19714
19712
19713
19712
19714
19716
19713
19714
19718
19720
19719
19720
19721
29309
19719
19720
19719
19721
29310
19720
19721
29313
29314
19726
19727
19728
19726
19727
19726
19728
19809
19727
19728
19810
19811
19733
19734
19735
19736
21758
21759
21760
19734
19735
21765
21766
21769
19733
19734
19738
19733
19735
19740
19741
21771
21772
21775
21778
21779
21782
19740
19741
19742
29330
29331
29333
29356
29357
29359
19740
19742
19740
19741
19741
19742
29362
29363
29365
29368
29370
29373
29343
29344
29346
29375
29376
29377
19746
29458
29465
19746
29459
19746
29466
29462
29469
19751
19752
19753
19751
19752
19751
19753
19762
19752
19753
19764
19766
19758
19759
19760
19758
19759
19758
19760
19834
19759
19760
19835
19837
19765
19766
19767
29486
19765
19766
19765
19767
29487
19766
19767
29490
29491
19772
19773
19774
19773
19774
19772
19773
22989
22991
22994
19772
19774
22996
22998
23001
23003
23004
23007
29525
29527
29530
29539
29541
29544
19779
19780
19781
29517
19780
19781
29518
19779
19780
19779
19781
19804
29521
19806
29523
19786
19787
19788
29531
19787
19788
19808
29532
19786
19787
19786
19788
19809
29535
19812
29537
19793
19794
19795
19794
19795
29493
29494
29495
29583
29584
29586
29603
29604
29606
19793
19794
19793
19795
29504
29506
29508
29511
29513
29515
19800
19801
19802
21799
21800
21801
29560
29561
29562
29577
29578
29580
19800
19802
19800
19801
19801
19802
29564
29565
29568
29570
29572
29575
19805
19806
19805
19806
19811
19812
19812
19811
19812
19811
19814
19815
19816
19818
19819
19820
19825
19826
19827
21838
21839
21840
29703
29704
29705
29720
29721
29723
19826
19827
19825
19826
19825
19827
29707
29709
29712
29714
29715
29718
19830
19831
19830
19831
19836
19837
19836
19836
19837
19837
19842
19843
19844
19842
19843
19843
19844
29819
29821
29823
19842
19844
29826
29827
29829
29793
29795
29797
29807
29809
29811
29833
29834
29835
19849
19850
19851
29785
19850
19851
29786
19849
19850
19849
19851
29789
29791
19856
19857
19858
19856
19858
23167
23168
23171
29761
29762
29763
29865
29866
29868
19856
19857
19857
19858
29766
29768
29771
29779
29780
29782
19863
19864
19865
29799
19864
19865
19867
29800
19863
19864
19863
19865
19868
29804
19870
29805
19870
19871
19870
19870
19871
19892
19871
19893
19895
19875
29944
29951
19875
29945
19875
29952
29948
29955
19880
19881
19882
19883
21849
21850
21851
19880
19882
19912
21856
21857
21860
19880
19881
19885
19881
19882
19914
19887
21862
21863
21866
19888
19917
21869
21870
21873
19887
19888
19889
29959
29960
29962
29985
29986
29988
19888
19889
19887
19888
19887
19889
29991
29992
29995
29997
29999
30002
29972
29973
29976
30004
30005
30006
19894
19895
19896
19894
19896
19894
19895
19895
19896
19901
19902
19903
30035
19901
19902
30036
19901
19903
19906
19902
19903
19907
30039
30040
19910
19908
19909
19910
19908
19909
19908
19910
19909
19910
19915
19916
19917
19918
21890
21891
21892
19916
19917
21897
21898
21901
19915
19916
19920
19915
19917
19922
19923
21903
21904
21907
21910
21911
21914
19922
19923
19924
30042
30043
30045
30068
30069
30071
19922
19924
19922
19923
19923
19924
30074
30075
30077
30080
30082
30085
30055
30056
30058
30087
30088
30089
19928
30170
30177
19928
30171
19928
30178
30174
30181
19933
19934
19935
19933
19934
19933
19935
19963
19934
19935
19964
19966
19940
19941
19942
19940
19941
19940
19942
19945
19941
19942
19946
19949
19947
19948
19949
30198
19947
19948
30199
19947
19949
19948
19949
30202
30203
19954
19955
19956
21917
21918
21919
30219
30220
30221
30236
30237
30239
19955
19956
19954
19955
19954
19956
30223
30225
30228
30230
30231
30234
19959
19960
19959
19960
19965
19966
19965
19965
19966
19966
19969
20217
19969
21927
19972
20229
19972
21930
19975
23244
19975
21936
19978
23274
19978
21942
19981
23268
19981
20241
19984
23292
19984
20244
19989
19991
20751
19988
19991
20752
19988
19989
24664
24665
24667
19990
19990
19991
20757
19996
19998
20802
19995
19998
20803
19995
19996
19997
19997
19998
20808
20002
22073
20002
20357
20358
22074
20007
20009
20996
20006
20009
20997
20006
20007
26125
26126
26128
20008
20008
20009
21002
20013
20014
20028
20013
20029
22110
20013
20014
22111
20034
22113
20018
20019
20020
20028
20018
20019
20956
30539
20018
20020
20030
30540
20032
30542
20957
20033
20025
20026
20027
20025
20026
20960
20025
20027
20961
22132
20026
20027
22133
20963
22134
20032
20033
20034
20033
20034
22117
20032
20033
20032
20034
22118
22120
20039
20041
21130
20038
20041
21131
20038
20039
20040
20040
20041
21136
20044
20045
20044
20045
20524
21245
20527
21247
20050
20051
20052
20060
20050
20051
20050
20052
22280
20051
20052
20061
22281
20063
20064
22282
20057
20058
20059
20060
20057
20058
21251
20057
20059
21252
22286
20058
20059
20062
22287
21254
20063
20063
20064
20063
20064
20063
20068
20069
20083
20068
20084
22336
20068
20069
22337
20088
22339
20073
20074
20075
20083
20073
20074
21519
30560
20073
20075
20086
30561
20087
30563
21520
20089
20080
20081
20082
20080
20081
21523
20080
20082
22358
20081
20082
21524
22359
21526
22360
20087
20088
20089
20088
20089
22343
20087
20088
22344
20087
20089
22346
20094
20095
20096
20108
20094
20095
20094
20096
22439
20095
20096
20109
22440
20111
20112
22441
20099
20100
20099
20100
20616
21540
20619
21542
20105
20106
20107
20108
20105
20106
21546
20105
20107
20110
22445
20106
20107
21547
22446
20111
21549
20111
20112
20111
20112
20111
20116
20117
20118
20126
20133
20116
20117
20127
22555
20117
20118
20134
20131
22557
20132
20138
20139
20123
20124
20125
20126
20133
20123
20124
21577
20123
20125
20129
20124
20125
20135
21578
20130
20137
21580
20132
20138
20130
20131
20132
20131
20132
22567
20130
20131
22568
20130
20132
22570
20137
20138
20139
20138
20139
20137
20138
21585
20137
20139
21586
21587
20143
20144
20143
20143
20144
20148
20149
20150
20148
20149
20149
20150
20154
20157
20154
20155
20158
29072
29073
29075
20155
20157
20156
20162
20156
20163
20157
20164
20162
20163
29133
29134
29136
20161
20162
29140
29141
29143
20161
20163
20164
20164
20164
20168
20169
20170
20178
20185
20168
20169
20179
22891
20168
20170
20186
20183
20190
20184
22893
20191
20175
20176
20177
20178
20185
20175
20176
21696
20175
20177
20180
20176
20177
20187
21697
20182
20189
21699
20183
20190
20182
20183
20184
20183
20184
22903
20182
20183
20182
20184
22904
22906
20189
20190
20191
20190
20191
20189
20190
21704
20189
20191
21705
21706
20195
20196
20195
20195
20196
20200
20201
20202
20200
20201
20200
20202
20206
20209
20207
20209
20206
20207
20210
29884
29885
29887
20208
20214
20208
20215
20209
20216
20214
20215
29945
29946
29948
20213
20214
29952
29953
29955
20213
20215
20216
20216
20216
20219
31070
20219
30846
31073
31072
31075
20222
23229
31079
20222
30851
31082
31081
31084
20225
23226
31094
20225
30863
31097
31096
31099
20228
23235
31103
20228
30869
31106
31105
31108
20231
31112
20231
30882
31115
31114
31117
20234
30887
31124
20234
23241
31127
31126
31129
20237
23238
31139
20237
30920
31142
31141
31144
20240
23259
31148
20240
30926
31151
31150
31153
20243
31157
20243
30944
31160
31159
31162
20246
31166
20246
30968
31169
31168
31171
20251
20252
20253
20254
20251
20252
20628
30518
20251
20253
30519
20252
20253
30521
20256
20629
20257
20256
20257
20258
20256
20258
20263
20264
20265
20266
20263
20264
20701
30525
20263
20265
30526
20264
20265
30528
20268
20702
20269
20268
20269
20270
20268
20270
20287
20365
20278
20284
20278
20278
20287
20290
20282
20283
20282
20283
20283
20288
20289
20290
20289
20290
20288
20289
20288
20290
20294
20296
23314
23315
23318
20294
20295
20300
23321
23323
23324
20295
20296
20297
20301
20297
20302
20297
20303
20302
20304
20301
20304
20301
20302
20303
20303
20304
20308
20309
23519
23520
23523
20309
20310
20314
23526
23528
23529
20308
20310
20311
20311
20315
20311
20316
20317
20316
20318
20315
20318
20315
20316
20317
20317
20318
20322
20328
20322
20331
20322
20334
20326
20327
20326
20327
20327
33340
20332
20333
20334
20333
20334
20332
20333
20332
20334
20336
20395
20343
20344
20345
20346
20343
20344
20893
30532
20343
20345
30533
20344
20345
30535
20348
20894
20350
20348
20349
20350
20348
20349
20354
20355
20362
20354
20357
20354
20365
20360
20368
20359
20360
20361
20360
20361
20359
20360
20359
20361
20366
20367
20368
20367
20368
20366
20367
20366
20368
20372
20373
20372
20373
20373
20377
20379
23707
23708
23711
20377
20378
20383
23714
23716
23717
20378
20379
20380
20384
20380
20385
20380
20386
20385
20387
20384
20387
20384
20385
20386
20386
20387
20391
20392
20404
20391
20395
20391
20406
20398
20409
20396
20397
20398
20397
20398
20396
20397
20396
20398
20402
20403
20402
20403
20403
20408
20409
20410
20409
20410
20408
20409
20927
20408
20410
20928
20415
20416
23760
23761
23763
20414
20415
20420
23767
23768
23770
20414
20416
20417
20421
20417
20422
20417
20423
20421
20424
20422
20424
20421
20422
20423
20423
20424
20429
20430
20431
20432
20429
20430
20956
30539
20429
20431
30541
20430
20431
30543
20434
20958
20436
20434
20435
20436
20434
20435
20441
20442
20443
20444
20441
20442
21265
30546
20441
20443
30547
20442
20443
30549
20446
21266
20447
20446
20447
20448
20446
20448
20452
20453
24150
24151
24154
20453
20454
20458
24157
24159
24160
20452
20454
20455
20455
20459
20455
20460
20461
20460
20462
20459
20462
20459
20460
20461
20461
20462
20466
20472
20479
20466
20475
20466
20482
20478
20485
20470
20471
20470
20471
20471
20476
20477
20478
20477
20478
20476
20477
20476
20478
20536
20483
20484
20485
20484
20485
20483
20484
21288
20483
20485
21289
20490
20491
24203
24205
24206
20489
20490
20495
24210
24211
24213
20489
20491
20492
20496
20492
20497
20492
20498
20496
20499
20497
20499
20496
20497
20498
20498
20499
20503
20509
20516
20503
20512
20503
20519
20515
20522
20507
20508
20507
20508
20508
20513
20514
20515
20514
20515
20513
20514
20513
20515
20600
20520
20521
20522
20521
20522
20520
20521
21310
20520
20522
21311
20527
20528
20529
20530
20527
20528
30553
20527
20529
20528
20529
30554
20532
30556
20533
20532
20533
20534
20532
20534
20546
20542
20543
20542
20546
20542
20549
20547
20548
20549
20548
20549
20547
20548
20547
20549
20553
20554
20553
20554
20554
20559
20560
24384
24385
24387
20558
20559
20564
24391
24392
24394
20558
20560
20561
20565
20561
20566
20561
20567
20565
20568
20566
20568
20565
20566
20567
20567
20568
20573
20574
24589
24591
24592
20572
20573
20578
24596
24597
24599
20572
20574
20575
20579
20575
20580
20575
20581
20579
20582
20580
20582
20579
20580
20581
20581
20582
20586
20587
20586
20590
20586
20593
20591
20592
20593
20592
20593
20591
20592
20591
20593
20602
20597
20598
20597
20598
20598
33341
20607
20608
20609
20610
20607
20608
21519
30560
20607
20609
30562
20608
20609
30564
20612
21521
20614
20612
20613
20614
20612
20613
20619
20620
20621
20622
20619
20620
30567
20619
20621
20620
20621
30568
20624
30570
20626
20624
20625
20626
20624
20625
20629
20630
20629
20630
20656
20659
20635
20636
20637
20645
20635
20636
20635
20637
24612
20636
20637
20646
24613
20648
20649
24614
20642
20643
20644
20645
20642
20643
20662
20642
20644
20664
24618
20643
20644
20647
24619
20666
20648
20648
20649
20648
20649
20648
20653
20654
20668
20653
20654
24622
20653
20669
24623
20674
24625
20658
20659
20660
20668
20658
20659
30518
20658
20660
20670
30520
20672
30522
20673
20665
20666
20667
20665
20666
20665
20667
24644
20666
20667
24645
24647
20672
20673
20674
20673
20674
24629
20672
20673
20672
20674
24630
24632
20678
20679
20693
20678
20694
24805
20678
20679
24807
20699
24808
20683
20684
20685
20693
20683
20684
20701
30525
20683
20685
20695
30527
20697
30529
20703
20698
20690
20691
20692
20690
20691
20712
20690
20692
20714
24827
20691
20692
24828
20716
24829
20697
20698
20699
20698
20699
24812
20697
20698
20697
20699
24813
24815
20702
20703
20702
20703
20708
20709
20710
20718
20708
20709
20708
20710
20719
24880
20709
20710
24881
20721
20722
24882
20715
20716
20717
20718
20715
20716
20715
20717
20720
24886
20716
20717
24887
20721
20721
20722
20721
20722
20721
20726
20727
20726
20727
20726
20731
20732
20731
20732
20731
20736
25071
20777
25072
20736
20778
20741
20742
20743
20741
20742
20741
20743
20742
20743
20747
20748
25111
25113
25114
20747
20749
25118
25119
25121
20748
20749
20750
20750
20750
20755
20757
20754
20757
20754
20755
20756
20756
20757
20762
20763
20764
20769
20775
20763
20764
20770
20762
20763
20762
20764
20776
20780
20773
20774
20781
20768
20769
20775
20768
20772
20768
20778
20774
20781
20773
20774
20773
20774
25190
20773
25191
20774
25193
20779
20780
20781
20780
20781
20779
20780
20779
20781
20786
20787
20788
20795
20786
20787
20810
20786
20788
20797
20787
20788
20812
20799
20814
20800
20792
20793
20794
20795
20792
20794
20798
25216
20793
20794
25217
20799
20801
25218
20799
20800
20801
20800
20801
25228
20799
20800
20799
20801
25229
25231
20806
20808
20805
20808
20805
20806
24847
24849
24850
20807
20807
20808
20813
20814
20815
20822
20813
20814
20813
20815
20824
20814
20815
20826
20827
20819
20820
20821
20822
20819
20821
25235
20820
20821
20825
25236
20826
20828
25237
20826
20827
20828
20827
20828
25247
20826
20827
20826
20828
25248
25250
20833
20834
20835
20840
20847
20833
20834
20833
20835
20841
20834
20835
20848
20845
20851
20846
20852
20839
20840
20847
20839
20843
20839
20850
20846
20852
20844
20845
20846
20845
20846
20844
20845
20858
20844
20846
20859
20851
20852
20851
20852
25289
20851
25290
20852
25292
20856
25329
25330
20856
20860
25400
25401
20860
20864
20865
25440
25442
25443
20864
20866
25447
25449
25450
20865
20866
20867
20867
20867
20872
20873
20874
20872
20873
20872
20874
20873
20874
20878
20879
20878
20879
20878
20883
20884
20883
20884
20883
20889
20890
20891
20903
20889
20890
20889
20891
25585
20890
20891
20904
25586
20906
20907
25587
20894
20895
20894
20895
20977
20980
20900
20901
20902
20903
20900
20901
20983
20900
20902
20905
25591
20901
20902
20985
25592
20906
20987
20906
20907
20906
20907
20906
20912
20913
20914
20912
20913
20912
20914
20913
20914
20918
25742
21022
25743
20918
21023
20922
20923
25782
25784
25785
20922
20924
20923
20924
25789
25790
25792
20925
20925
20925
20929
25835
20929
25836
20934
20935
20936
20934
20935
20934
20936
20935
20936
20940
20941
26059
26061
26062
20940
20942
20941
20942
26066
26067
26069
20943
20943
20943
20947
26019
21074
26020
20947
21075
20952
20953
20954
20966
20952
20953
20952
20954
26073
20953
20954
20967
26074
20969
20970
26075
20957
20958
20957
20958
20963
20964
20965
20966
20963
20964
20963
20965
26079
20964
20965
20968
26080
20969
20969
20970
20969
20970
20969
20974
20975
20989
20974
20975
26083
20974
20990
26084
20995
26086
20979
20980
20981
20989
20979
20980
30532
20979
20981
20991
30534
20993
30536
20994
20986
20987
20988
20986
20987
20986
20988
26105
20987
20988
26106
26108
20993
20994
20995
20994
20995
26090
20993
20994
20993
20995
26091
26093
21000
21002
20999
21002
20999
21000
21001
21001
21002
21007
21008
21009
21014
21020
21008
21009
21015
21007
21008
21021
21007
21009
21025
21018
21026
21019
21013
21014
21020
21013
21016
21013
21023
21018
21026
21018
21019
21018
21019
26242
21018
21019
26243
26245
21024
21025
21026
21025
21026
21024
21025
21024
21026
21031
21032
21033
21040
21031
21032
21138
21031
21033
21042
21032
21033
21139
21044
21141
21045
21037
21038
21039
21040
21037
21039
21043
26268
21038
21039
26269
21044
21046
26270
21044
21045
21046
21045
21046
26280
21044
21045
21044
21046
26281
26283
21051
21053
21054
21050
21053
21055
21050
21051
22152
22153
22155
21052
21052
21053
21060
21057
21060
21058
21060
21057
21058
21059
21059
21060
21065
21066
21067
21072
21079
21065
21066
21073
21065
21067
21066
21067
21080
21077
21078
21083
21084
21071
21072
21079
21071
21075
21071
21081
21078
21083
21076
21077
21078
21077
21078
21076
21077
21076
21078
21083
21084
21083
21084
26322
21083
21084
26323
26325
21089
21090
21091
21098
21089
21090
21196
21089
21091
21100
21090
21091
21197
21102
21199
21103
21095
21096
21097
21098
21095
21097
21101
26343
21096
21097
26344
21102
21104
26345
21102
21103
21104
21103
21104
26355
21102
21103
21102
21104
26356
26358
21108
21109
21123
21108
21124
26496
21108
21109
26498
21128
26499
21113
21114
21115
21123
21113
21114
21265
30546
21113
21115
21126
30548
21127
30550
21267
21129
21120
21121
21122
21120
21121
21276
21120
21122
26518
21121
21122
21278
26519
21280
26520
21127
21128
21129
21128
21129
26503
21127
21128
26504
21127
21129
26506
21134
21136
21133
21136
21133
21134
26538
26540
26541
21135
21135
21136
21141
21142
21143
21150
21141
21142
21141
21143
21142
21143
21152
21154
21155
21147
21148
21149
21150
21147
21149
26571
21148
21149
21153
26572
21154
21156
26573
21154
21155
21156
21155
21156
26583
21154
21155
21154
21156
26584
26586
21161
21162
21163
21168
21175
21161
21162
21161
21163
21169
21162
21163
21176
21173
21179
21174
21180
21167
21168
21175
21167
21171
21167
21178
21174
21180
21172
21173
21174
21173
21174
21172
21173
21292
21172
21174
21293
21179
21180
21179
21180
26625
21179
26626
21180
26628
21185
21187
21188
21184
21187
21189
21184
21185
21186
21186
21187
21194
21191
21194
21192
21194
21191
21192
26763
26764
26766
21193
21193
21194
21199
21200
21201
21208
21199
21200
21199
21201
21200
21201
21210
21212
21213
21205
21206
21207
21208
21205
21207
21211
26646
21206
21207
26647
21212
21214
26648
21212
21213
21214
21213
21214
26658
21212
21213
21212
21214
26659
26661
21219
21220
21221
21226
21233
21219
21220
21219
21221
21227
21220
21221
21234
21231
21237
21232
21238
21225
21226
21233
21225
21229
21225
21236
21232
21238
21230
21231
21232
21231
21232
21230
21231
21321
21230
21232
21322
21237
21238
21237
21238
26700
21237
26701
21238
26703
21242
21243
21257
21242
21258
26722
21242
21243
26723
21262
26724
21247
21248
21249
21257
21247
21248
30553
21248
21249
21260
30555
21261
30557
21263
21254
21255
21256
21254
21255
21254
21256
26743
21255
21256
26744
26746
21261
21262
21263
21262
21263
26735
21261
21262
26736
21261
21263
26738
21266
21267
21266
21267
21272
21273
21274
21282
21272
21273
21272
21274
21283
26796
21273
21274
26797
21285
21286
26798
21279
21280
21281
21282
21279
21280
21279
21281
21284
26802
21280
21281
26803
21285
21285
21286
21285
21286
21285
21290
26839
26840
21290
21294
26916
26917
21294
21298
21299
26956
26957
26959
21298
21300
26963
26965
26966
21299
21300
21301
21301
21301
21306
21307
21308
21306
21307
21306
21308
21307
21308
21312
27109
27110
21312
21317
21318
27233
27234
27236
21316
21317
27240
27241
27243
21316
21318
21319
21319
21319
21323
27186
27187
21323
21328
21329
21330
21328
21329
21328
21330
21329
21330
21334
21335
21334
21335
21334
21339
21340
21339
21340
21339
21344
21344
21349
21350
21351
21349
21350
21349
21351
21350
21351
21355
21356
27587
27588
27590
21355
21357
21356
21357
27594
27595
27597
21358
21358
21358
21362
27547
21390
27548
21362
21391
21367
21369
21370
21366
21369
21371
21366
21367
22378
22379
22381
21368
21368
21369
21376
21373
21376
21374
21376
21373
21374
21375
21375
21376
21381
21382
21383
21388
21395
21381
21382
21389
21381
21383
21382
21383
21396
21393
21394
21399
21400
21387
21388
21395
21387
21391
21387
21397
21394
21399
21392
21393
21394
21393
21394
21392
21393
21392
21394
21399
21400
21399
21400
27636
21399
21400
27637
27639
21405
21406
21407
21414
21405
21406
21436
21405
21407
21437
21406
21407
21416
21439
21418
21419
21411
21412
21413
21414
21411
21413
21417
27657
21412
21413
27658
21418
21420
27659
21418
21419
21420
21419
21420
27669
21418
21419
21418
21420
27670
27672
21425
21427
21428
21424
21427
21429
21424
21425
21426
21426
21427
21434
21431
21434
21432
21434
21431
21432
28167
28168
28170
21433
21433
21434
21439
21440
21441
21448
21439
21440
21439
21441
21440
21441
21450
21452
21453
21445
21446
21447
21448
21445
21447
21451
27676
21446
21447
27677
21452
21454
27678
21452
21453
21454
21453
21454
27688
21452
21453
21452
21454
27689
27691
21459
21460
21461
21466
21473
21459
21460
21467
21459
21461
21460
21461
21474
21471
21472
21477
21478
21465
21466
21473
21465
21469
21465
21475
21472
21477
21470
21471
21472
21471
21472
21470
21471
21498
21470
21472
21499
21477
21478
21477
21478
27730
21477
21478
27731
27733
21482
21482
21487
21488
27961
27962
27964
21486
21487
21486
21488
27968
27969
27971
21489
21489
21489
21494
21495
21496
21494
21495
21494
21496
21495
21496
21500
27914
27915
21500
21504
21505
21504
21505
21504
21509
21510
21509
21510
21509
21515
21516
21517
21529
21515
21516
21515
21517
28035
21516
21517
21530
28036
21532
21533
28037
21520
21521
21520
21521
21526
21527
21528
21529
21526
21527
21526
21528
28041
21527
21528
21531
28042
21532
21532
21533
21532
21533
21532
21537
21538
21552
21537
21553
28126
21537
21538
28127
21557
28128
21542
21543
21544
21552
21542
21543
30567
21543
21544
21555
30569
21556
30571
21558
21549
21550
21551
21549
21550
21549
21551
28147
21550
21551
28148
28150
21556
21557
21558
21557
21558
28139
21556
21557
28140
21556
21558
28142
21562
21563
21562
21563
21562
21567
21568
21569
21567
21568
21567
21569
21573
21574
21575
21583
21590
21574
21575
21584
21573
21574
21591
28389
21595
28390
21588
21596
21589
21580
21581
21582
21583
21590
21580
21581
21580
21582
21585
21581
21582
21593
21587
21594
21588
21596
21587
21588
21589
21588
21589
21587
21588
21587
21589
21594
21595
21596
21595
21596
28404
21594
21595
28405
21594
21596
28407
21600
21603
21600
21601
21604
22458
22459
22461
21601
21603
21602
21607
21602
21609
21603
21610
21607
21609
22515
22516
22518
21607
21608
22522
22524
22525
21608
21609
21610
21610
21610
21614
21617
21614
21615
21618
28454
28455
28457
21615
21617
21616
21621
21616
21622
21617
21624
21621
21622
28511
28512
28514
21621
21623
28518
28520
28521
21622
21623
21624
21624
21624
21628
21629
21628
21628
21629
21633
21634
21635
21633
21634
21634
21635
21639
21640
21639
21640
21639
21644
21645
21646
21644
21645
21644
21646
21649
21653
30622
21649
21652
31184
31185
31186
21650
21652
21653
21652
21653
30623
31187
31188
31189
31190
31191
31192
30625
21656
21660
30678
21656
21659
31193
31194
31195
21657
21659
21660
21659
21660
30679
31196
31197
31198
31199
31200
31201
30681
21663
21667
30650
21663
21666
31211
31212
31213
21664
21666
21667
21666
21667
30651
31214
31215
31216
31217
31218
31219
30653
21670
21674
30699
21670
21673
31220
31221
31222
21671
21673
21674
21673
21674
30700
31223
31224
31225
31226
31227
31228
30702
21678
21681
21678
21679
21682
22734
22735
22737
21679
21681
21680
21685
21680
21687
21681
21688
21685
21687
22795
22796
22798
21685
21686
22802
22804
22805
21686
21687
21688
21688
21688
21692
21693
21694
21702
21709
21693
21694
21703
21692
21693
21710
29011
21714
29012
21707
21715
21708
21699
21700
21701
21702
21709
21699
21700
21699
21701
21704
21700
21701
21712
21706
21713
21707
21715
21706
21707
21708
21707
21708
21706
21707
21706
21708
21713
21714
21715
21714
21715
29026
21713
21714
29027
21713
21715
29029
21719
21720
21721
21729
21736
21719
21720
21730
29173
21720
21721
21737
21734
29175
21735
21741
21742
21726
21727
21728
21729
21736
21726
21727
21764
21726
21728
21732
21727
21728
21738
21766
21733
21740
21768
21735
21741
21733
21734
21735
21734
21735
29185
21733
21734
29186
21733
21735
29188
21740
21741
21742
21741
21742
21740
21741
21779
21740
21742
21780
21781
21746
21749
21747
21749
21746
21747
21750
29239
29240
29242
21748
21753
21748
21754
21749
21756
21753
21754
29296
29297
29299
21753
21755
29303
29305
29306
21754
21755
21756
21756
21756
21760
21761
21762
21770
21777
21760
21761
21771
29356
21760
21762
21778
21775
21782
21776
29358
21783
21767
21768
21769
21770
21777
21767
21768
21767
21769
21772
21768
21769
21779
21774
21781
21775
21782
21774
21775
21776
21775
21776
29368
21774
21775
21774
21776
29369
29371
21781
21782
21783
21782
21783
21781
21782
21781
21783
21787
21790
21788
21790
21787
21788
21791
29402
29403
29405
21789
21795
21789
21796
21790
21797
21795
21796
29459
29460
29462
21794
21795
29466
29467
29469
21794
21796
21797
21797
21797
21801
21802
21801
21801
21802
21806
21807
21808
21806
21807
21806
21808
21811
21815
30734
21811
21814
31238
31239
31240
21812
21814
21815
21814
21815
30735
31241
31242
31243
31244
31245
31246
30737
21818
21822
30783
21818
21821
31247
31248
31249
21819
21821
21822
21821
21822
30784
31250
31251
31252
31253
31254
31255
30786
21825
21829
30755
21825
21828
31157
31158
31159
21826
21828
21829
21828
21829
30756
31160
31161
31162
31163
31164
31165
30758
21832
21836
30811
21832
21835
31166
31167
31168
21833
21835
21836
21835
21836
30812
31169
31170
31171
31172
31173
31174
30814
21840
21841
21840
21840
21841
21845
21846
21847
21845
21846
21846
21847
21851
21852
21853
21861
21868
21851
21852
21862
29985
21851
21853
21869
21866
21873
21867
29987
21874
21858
21859
21860
21861
21868
21858
21859
21896
21858
21860
21863
21859
21860
21870
21898
21865
21872
21900
21866
21873
21865
21866
21867
21866
21867
29997
21865
21866
21865
21867
29998
30000
21872
21873
21874
21873
21874
21872
21873
21911
21872
21874
21912
21913
21878
21881
21879
21881
21878
21879
21882
30110
30111
30113
21880
21886
21880
21887
21881
21888
21886
21887
30171
30172
30174
21885
21886
30178
30179
30181
21885
21887
21888
21888
21888
21892
21893
21894
21902
21909
21892
21893
21903
30068
21892
21894
21910
21907
21914
21908
30070
21915
21899
21900
21901
21902
21909
21899
21900
21899
21901
21904
21900
21901
21911
21906
21913
21907
21914
21906
21907
21908
21907
21908
30080
21906
21907
21906
21908
30081
30083
21913
21914
21915
21914
21915
21913
21914
21913
21915
21919
21920
21919
21919
21920
21924
21925
21926
21924
21925
21925
21926
21929
31184
21929
30845
31187
31186
31189
21932
31193
21932
30881
31196
31195
31198
21935
31211
21935
30872
31214
31213
31216
21938
31220
21938
30449
31223
31222
31225
21941
31238
21941
30929
31241
31240
31243
21944
31247
21944
30491
31250
31249
31252
21949
21950
21951
21950
21951
25012
21949
21950
21949
21951
25013
25015
21956
21957
21958
21956
21957
21956
21958
21957
21958
21962
21963
21962
21964
24993
21963
21964
24994
24995
21967
21968
21967
21968
21973
21974
21974
21973
21973
21974
21979
21980
21981
21982
21980
21981
21979
21980
21985
21979
21981
33349
21987
21988
33350
21986
21987
21988
21986
21987
22009
21986
21988
21987
21988
22010
22012
21992
21993
21994
21995
21992
21993
21998
21992
21994
22000
22001
21999
22000
22001
21999
22000
22009
21999
22001
22000
22001
22011
22013
22005
22006
22007
22014
22021
22005
22006
22016
22005
22007
22023
22018
22025
22020
22027
22012
22013
22012
22013
22012
22013
22018
22019
22020
22018
22019
22018
22020
25343
22019
22020
25344
25345
22025
22026
22027
22025
22026
22025
22027
25428
22026
22027
25429
25430
22031
22032
22031
22032
22037
22038
22039
22047
22037
22038
22087
22037
22039
22038
22039
22050
22088
22051
22044
22045
22046
22047
22045
22046
25655
22044
22045
22044
22046
22049
25656
22051
22052
25658
22050
22051
22052
22050
22052
22051
22052
22057
22058
22059
22057
22058
22057
22059
22058
22059
22087
22089
22063
22064
22065
22064
22065
22063
22064
22069
22070
22071
22072
22079
22069
22070
22073
22070
22071
22080
22076
22077
22083
22084
22076
22077
22078
22076
22077
22076
22078
22077
22078
22083
22084
22085
22083
22084
22103
22083
22085
22084
22085
22105
22107
22088
22089
22088
22089
22094
22095
22096
22095
22096
25671
22094
22095
22094
22096
25672
22101
22102
22102
22101
22101
22102
22106
22107
22106
22108
25629
22107
22108
25630
25631
22113
22114
22115
22116
22123
22113
22114
22117
22113
22115
22114
22115
22124
22120
22121
22127
22128
22120
22121
22122
22120
22121
22120
22122
22121
22122
22127
22128
22129
22127
22128
22127
22129
31033
22128
22129
31034
31035
22134
22135
22141
22135
26078
22134
26079
22134
22135
22143
22145
22146
22139
22140
22141
22139
22139
22140
22144
22153
22146
22147
22156
22145
22146
22147
22145
22147
22145
22146
22146
22147
22150
23906
22150
26394
22155
22156
22157
22155
22157
26415
22155
22156
22156
22157
22162
22163
22164
22165
22163
22164
26362
22162
22163
22167
22162
22164
26363
22169
22171
26366
22169
22170
22171
22169
22170
22209
22169
22171
24056
22170
22171
22210
24057
24059
22176
22177
22178
22179
22176
22177
22176
22178
22215
22177
22178
22180
22216
22183
22184
22219
22183
22184
22185
22183
22184
22222
22183
22185
26729
22184
22185
22223
26730
22224
26731
22190
22191
22192
22197
22190
22191
22198
22190
22192
22215
22191
22192
22217
22201
22202
22220
22195
22196
22197
22195
22196
26383
22203
26384
22201
22202
22203
22201
22202
22201
22203
26388
22202
22203
26389
26391
22208
24072
22207
22208
22211
24073
22207
26759
22212
22213
24075
22212
22213
24080
22212
22213
24081
24082
22218
22219
22220
22221
22219
22220
22218
22219
22222
22218
22220
22224
22224
22225
22224
22224
22225
22230
22231
22232
22233
22231
22232
22230
22231
22236
22230
22232
22238
22239
22237
22238
22239
22237
22238
22260
22237
22239
22238
22239
22261
22263
22243
22244
22245
22246
22243
22244
22249
22243
22245
22251
22252
22250
22251
22252
22250
22251
22260
22250
22252
22251
22252
22262
22264
22256
22257
22258
22265
22272
22256
22257
22267
22256
22258
22274
22269
22276
22271
22278
22263
22264
22263
22264
22263
22264
22269
22270
22271
22269
22270
22269
22271
26859
22270
22271
26860
26861
22276
22277
22278
22276
22277
22276
22278
26944
22277
22278
26945
26946
22283
22284
24203
22282
22283
24204
22282
22284
24208
22288
26742
26743
22288
22292
22293
22292
22293
22298
22299
22300
22298
22299
22298
22300
22299
22300
22305
22306
22307
22305
22306
22305
22307
22306
22307
22312
22313
22312
22313
22312
22313
22315
22316
22318
22319
22324
22325
22326
22325
22326
22324
22325
22324
22326
22330
22330
22330
22334
22334
22334
22339
22340
22341
22342
22349
22339
22340
22343
22339
22341
22340
22341
22350
22346
22347
22353
22354
22346
22347
22348
22346
22347
22346
22348
22347
22348
22353
22354
22355
22353
22354
22353
22355
31061
22354
22355
31062
31063
22360
22361
22367
22361
28040
22360
22361
22369
22360
28041
22371
22372
22365
22366
22367
22365
22365
22366
22370
22379
22372
22373
22382
22371
22372
22373
22371
22373
22371
22372
22372
22373
22376
24439
22376
28077
22381
22382
22383
22381
22383
28098
22381
22382
22382
22383
22388
22389
22390
22391
22389
22390
28045
22388
22389
22393
22388
22390
28046
22395
22397
28049
22395
22396
22397
22395
22396
22421
22395
22397
24498
22396
22397
22423
24499
24501
22402
22403
22404
22409
22402
22403
22427
22402
22404
22410
22403
22404
22429
22413
22432
22414
22407
22408
22409
22407
22408
28066
22415
28067
22413
22414
22415
22413
22414
22413
22415
28071
22414
22415
28072
28074
22420
24514
22419
22420
22422
24515
22419
28163
22424
22425
24517
22424
22424
22425
24522
22425
24523
24524
22430
22431
22432
22433
22431
22432
30602
22430
22431
22434
30603
22430
22432
22436
30605
22436
22437
22436
30608
22436
22437
30610
30612
22442
22443
24589
22441
22442
24590
22441
22443
24594
22447
28146
22447
28147
22451
22452
22464
22451
22465
22509
22451
22452
22510
22468
22511
22455
22456
22464
22455
22456
28369
22470
28371
22461
22462
22463
22461
22463
28425
22461
22462
22516
22462
22463
22517
28426
22519
28428
22468
22469
22470
22468
22469
22468
22470
28376
22469
22470
28377
28378
22475
22476
25183
28393
22474
22475
22478
25184
22474
22476
28394
22479
22480
25186
28396
22479
22479
22480
25192
25194
22485
22486
22487
22495
22502
22485
22486
22496
22508
22485
22487
22486
22487
22510
22499
22504
22500
22513
22505
22492
22493
22494
22495
22502
22493
22494
28200
22492
22493
22497
22492
22494
22499
22504
22501
22506
28202
22499
22500
22501
22499
22500
22499
22501
22500
22501
22504
22505
22506
22505
22506
22511
22512
22513
22512
22513
22511
22512
22511
22513
22518
22519
22520
22518
22520
22518
22519
22519
22520
22525
22526
22527
22525
22527
28230
22526
22527
28231
22525
22526
28233
22532
22533
22534
22541
22548
22532
22533
22542
22532
22534
22533
22534
22549
22545
22546
22551
22552
22538
22539
22540
22541
22548
22539
22540
28450
22538
22539
22544
22546
22551
22547
28451
22553
22545
22546
22547
22545
22546
22545
22547
28462
22546
22547
28463
28464
22551
22552
22553
22551
22552
22585
22552
22553
22586
22588
22557
22558
22566
22573
22557
22558
22567
22558
22574
22570
22571
22576
22563
22564
22565
22566
22573
22564
22565
28467
22563
22564
22569
22563
22565
22575
28468
22571
22576
22572
28470
22570
22571
22572
22570
22571
22570
22572
22571
22572
22576
22576
22576
22581
22582
22583
22584
22582
22583
28411
22581
22582
28412
22581
22583
22587
22589
28414
22590
22588
22589
22590
22588
22589
22588
22590
22589
22590
22594
22595
22594
22595
25414
28485
22594
25415
25418
28489
22600
22601
22602
22610
22601
22602
22600
22601
22617
22600
22602
22611
22618
22613
22619
22615
22607
22608
22609
22610
22608
22609
22607
22608
22623
22607
22609
22612
22624
22614
22625
22615
22613
22614
22615
22613
22615
22614
22615
22620
22621
25447
22619
22620
25448
22619
22621
25451
22626
22627
28518
22625
22626
28519
22625
22627
28522
22631
22632
28431
28432
28435
30616
30617
30621
22631
22634
22632
22634
22633
22633
22634
22639
22640
22641
22639
22640
22650
31079
31080
31081
22639
22641
30636
31082
31083
31084
22640
22641
22651
30637
31085
31086
31087
22653
30638
22646
22647
22648
22649
22647
22648
22657
31271
31272
31273
22646
22647
22658
31607
22646
22648
22652
31274
31275
31276
31608
22654
31609
22661
22655
31277
31278
31279
22653
22654
22655
22653
22655
31280
31281
31282
22653
22654
31621
22654
22655
31283
31284
31285
31622
31623
31286
31287
31288
22660
22661
22662
22663
22660
22661
31094
31095
31096
22661
22662
31628
22660
22662
22666
31097
31098
31099
31629
22667
31100
31101
31102
22669
31630
22667
22668
22669
22667
22668
22678
31103
31104
31105
22668
22669
22680
31642
22667
22669
31106
31107
31108
31643
31109
31110
31111
22681
31644
22673
22674
28531
28532
28535
30644
30645
30649
22673
22676
22674
22676
22675
22675
22676
22681
22682
22683
22681
22683
31301
31302
31303
22682
22683
30664
31304
31305
31306
22681
22682
30665
30666
31307
31308
31309
22687
22709
22710
28872
22687
28873
22689
22690
22694
22696
22697
22695
22696
22697
22695
22696
22695
22697
22696
22697
22701
22702
22708
22701
22703
22701
22709
22706
22713
22706
22707
22706
22707
22706
22707
22712
22713
22714
22712
22713
22712
22714
22713
22714
22718
22719
22720
22719
22720
22718
22719
22725
22726
22727
22726
22727
28955
22725
22726
22725
22727
28956
22731
22732
22744
22731
22732
22789
22731
22745
22790
22748
22791
22737
22738
22739
22737
22739
29047
22737
22738
22796
22738
22739
22797
29048
22799
29050
22742
22743
22744
22742
22743
28991
22750
28993
22748
22749
22750
22748
22749
22748
22750
28998
22749
22750
28999
29000
22755
22756
22757
22765
22772
22755
22756
22766
22788
22755
22757
22756
22757
22789
22769
22774
22770
22792
22775
22762
22763
22764
22765
22772
22763
22764
28714
22762
22763
22767
22762
22764
22769
22774
22771
22776
28716
22769
22770
22771
22769
22770
22769
22771
22770
22771
22774
22775
22776
22775
22776
22781
22782
26235
29015
22780
22781
22784
26236
22780
22782
29016
22785
22786
26238
29018
22785
22785
22786
26244
26246
22791
22792
22793
22792
22793
22791
22792
22791
22793
22798
22799
22800
22798
22800
22798
22799
22799
22800
22805
22806
22807
22805
22807
28744
22806
22807
28745
22805
22806
28747
22811
22812
29053
29054
29057
30672
30673
30677
22811
22814
22812
22814
22813
22813
22814
22819
22820
22821
22819
22820
30692
31124
31125
31126
22819
22821
22830
31127
31128
31129
22820
22821
22831
30693
31130
31131
31132
30694
22833
22826
22827
22828
22829
22827
22828
22928
31316
31317
31318
22826
22827
22929
31656
22826
22828
22832
31319
31320
31321
31657
22834
31658
22932
22835
31322
31323
31324
22833
22834
22835
22833
22835
31325
31326
31327
22833
22834
31663
22834
22835
31328
31329
31330
31664
31665
31331
31332
31333
22839
22840
29210
29211
29214
30721
30722
30726
22839
22842
22840
22842
22841
22841
22842
22847
22848
22849
22847
22849
30713
31346
31347
31348
22848
22849
22858
31349
31350
31351
22847
22848
22859
30714
30715
22861
31352
31353
31354
22854
22855
22856
22857
22855
22856
22956
31361
31362
31363
22854
22855
22957
31677
22854
22856
22860
31364
31365
31366
31678
22862
31679
22959
22863
31367
31368
31369
22861
22862
22863
22861
22863
31370
31371
31372
22861
22862
31684
22862
22863
31373
31374
31375
31685
31686
31376
31377
31378
22868
22869
22870
22877
22884
22868
22869
22868
22870
22878
22869
22870
22885
22881
22887
22882
22888
22874
22875
22876
22877
22884
22875
22876
29235
22874
22875
22880
22882
22888
22883
29236
22889
22881
22882
22883
22881
22882
22881
22883
29247
22882
22883
29248
29249
22887
22888
22889
22887
22888
22921
22887
22889
22922
22924
22893
22894
22902
22909
22893
22894
22903
22894
22910
22906
22907
22912
22899
22900
22901
22902
22909
22900
22901
29252
22899
22900
22905
22899
22901
22911
29253
22907
22912
22908
29255
22906
22907
22908
22906
22907
22906
22908
22907
22908
22912
22912
22912
22917
22918
22919
22920
22918
22919
29033
22917
22918
29034
22917
22919
22923
22925
29036
22926
22924
22925
22926
22924
22925
22924
22926
22925
22926
22931
22932
22933
22934
22931
22932
31139
31140
31141
22932
22933
31691
22931
22933
22937
31142
31143
31144
31692
22938
31145
31146
31147
22939
31693
22938
22939
22940
22938
22940
22949
31148
31149
31150
22939
22940
22951
31705
22938
22939
31151
31152
31153
31706
31154
31155
31156
31707
22952
22944
22945
29316
29317
29320
30728
30729
30733
22944
22947
22945
22947
22946
22946
22947
22952
22953
22954
22952
22954
31391
31392
31393
22953
22954
30748
31394
31395
31396
22952
22953
30749
30750
31397
31398
31399
22959
22960
22961
22962
22959
22961
31406
31407
31408
22959
22960
31712
22960
22961
22965
31409
31410
31411
31713
22966
31714
22968
31412
31413
31414
22966
22967
22968
22967
22968
22977
31415
31416
31417
22966
22967
22979
31726
22966
22968
31418
31419
31420
31727
31728
22980
31421
31422
31423
22972
22973
29473
29474
29477
30777
30778
30782
22972
22975
22973
22975
22974
22974
22975
22980
22981
22982
22980
22982
31436
31437
31438
22981
22982
30769
31439
31440
31441
22980
22981
30770
30771
31442
31443
31444
22986
22987
22986
22987
26930
29270
22986
26931
26934
29274
22992
22993
22994
23002
22993
22994
22992
22993
23009
22992
22994
23003
23010
23005
23011
23007
22999
23000
23001
23002
23000
23001
22999
23000
23015
22999
23001
23004
23016
23006
23017
23007
23005
23006
23007
23005
23007
23006
23007
23012
23013
26963
23011
23012
26964
23011
23013
26967
23018
23019
29303
23017
23018
29304
23017
23019
29307
23023
23024
30022
30023
30026
30805
30806
30810
23023
23026
23024
23026
23025
23025
23026
23031
23032
23033
23031
23033
30797
31457
31458
31459
23032
23033
23042
31460
31461
31462
23031
23032
23043
30798
30799
23046
31463
31464
31465
23038
23039
23040
23041
23039
23040
23049
31472
31473
31474
23038
23039
23050
31740
23038
23040
23044
31475
31476
31477
31741
23045
31742
23052
23047
31478
31479
31480
23045
23046
23047
23046
23047
31481
31482
31483
23045
23046
31747
23045
23047
31484
31485
31486
31748
31749
31487
31488
31489
23052
23053
23054
23055
23052
23054
31496
31497
31498
23052
23053
31761
23053
23054
23058
31499
31500
31501
31762
23059
31763
23061
31502
31503
31504
23059
23060
23061
23060
23061
23071
31505
31506
31507
23059
23060
23072
31768
23059
23061
31508
31509
31510
31769
31770
23074
31511
31512
31513
23065
23066
30185
30186
30189
30833
30834
30838
23065
23068
23066
23068
23067
23067
23068
23073
23074
23075
23073
23075
30825
31526
31527
31528
23074
23075
31529
31530
31531
23073
23074
30826
30827
31532
31533
31534
23079
23080
23087
23094
23079
23090
23079
23080
23097
23092
23099
23100
23085
23086
23085
23086
23109
23123
23085
23110
23086
23124
23112
23126
23091
23092
23093
23091
23092
23091
23093
29689
23092
23093
29690
23098
23099
23100
23098
23099
23098
23100
29733
23099
23100
29734
29735
23105
23106
23107
23108
23106
23107
23105
23106
23110
23105
23107
23112
23114
23112
23113
23114
23112
23113
23112
23114
23113
23114
23119
23120
23121
23122
23120
23121
23119
23120
23124
23119
23121
23126
23128
23126
23127
23128
23126
23127
23126
23128
23127
23128
23132
23154
23155
29767
23132
29768
23134
23135
23139
23141
23142
23140
23141
23142
23140
23141
23140
23142
23141
23142
23146
23147
23153
23146
23148
23146
23154
23151
23158
23151
23152
23151
23151
23152
23152
23157
23158
23159
23157
23158
23157
23159
23158
23159
23163
23164
23165
23164
23165
23163
23164
23170
23171
23172
23171
23172
29850
23170
23171
23170
23172
29851
23176
23177
23178
23191
23176
23181
23176
23177
23193
23183
23195
23197
23182
23183
23184
23182
23183
23182
23184
30205
23183
23184
30206
23189
23190
23189
23190
23206
23220
23189
23207
23190
23221
23209
23223
23195
23196
23197
23195
23196
23195
23197
30286
23196
23197
30287
30288
23202
23203
23204
23205
23203
23204
23202
23203
23202
23204
23207
23209
23211
23209
23210
23211
23209
23210
23209
23211
23210
23211
23216
23217
23218
23219
23217
23218
23216
23217
23221
23216
23218
23223
23225
23223
23224
23225
23223
23224
23223
23225
23224
23225
23228
31271
23228
30854
31274
31273
31276
23231
31280
23231
30860
31283
31282
31285
23234
31292
23234
30873
31295
31294
31297
23237
31301
23237
30878
31304
31303
31306
23240
31316
23240
30899
31319
31318
31321
23243
31325
23243
30902
31328
31327
31330
23246
31334
23246
30450
31337
31336
31339
23249
30455
31346
23249
23253
31349
31348
31351
23252
23262
31361
23252
30908
31364
31363
31366
23255
31370
23255
30911
31373
31372
31375
23258
31382
23258
30930
31385
31384
31387
23261
31391
23261
30935
31394
31393
31396
23264
31406
23264
30482
31409
31408
31411
23267
23271
31415
23267
30488
31418
31417
31420
23270
31427
23270
30945
31430
31429
31432
23273
31436
23273
30950
31439
31438
31441
23276
31445
23276
30492
31448
31447
31450
23279
30497
31457
23279
23283
31460
31459
31462
23282
23286
31472
23282
30956
31475
31474
31477
23285
31481
23285
30959
31484
31483
31486
23288
31496
23288
30503
31499
31498
31501
23291
23296
31505
23291
30506
31508
31507
31510
23294
31514
23294
30969
31517
31516
31519
23297
30974
31526
23297
31529
31528
31531
23302
23303
23321
23301
23302
23322
23301
23303
23325
23306
23306
23349
23311
23312
23312
23311
23312
23311
23317
23318
23319
23318
23319
24611
23317
23318
23317
23319
24612
24615
23324
23325
23326
23324
23325
23325
23326
23324
23326
23331
23332
23333
23334
23331
23333
23331
23332
23332
23333
23337
23339
23337
23338
23339
23338
23339
23354
23337
23338
23355
23344
23345
23346
23347
23344
23345
23348
23345
23346
23358
23344
23346
23360
23351
23352
23362
23351
23352
23351
23352
23351
23352
23355
23356
23355
23356
23361
23362
23363
23371
23361
23362
23361
23363
23362
23363
23372
23374
23375
23368
23369
23370
23371
23369
23370
23400
23368
23369
23401
23368
23370
23373
24660
23375
23403
23376
23374
23375
23376
23374
23375
23375
23376
23380
23381
23382
23380
23384
23380
23381
23419
23385
23421
23385
23386
23385
23386
23407
23385
23410
23391
23392
23393
23391
23392
23412
23391
23393
24679
23392
23393
23413
24680
23415
24682
23397
23398
23406
23398
23408
23397
23398
23409
23403
23404
23405
23411
23403
23405
24702
23403
23404
23404
23405
23414
24703
23416
23417
24705
23409
23410
23409
23410
23409
23415
23416
23417
23415
23416
23415
23417
24708
23416
23417
24709
24710
23421
23422
23423
23421
23422
23422
23425
23426
23426
23427
23426
23427
23448
23426
23451
23432
23433
23434
23432
23433
23453
23432
23434
24759
23433
23434
23454
24760
23456
24762
23438
23439
23447
23438
23449
23438
23439
23450
23444
23445
23446
23452
23445
23446
23497
24782
23444
23445
23498
23444
23446
23455
24783
23457
23500
23458
24785
23450
23451
23450
23451
23450
23456
23457
23458
23456
23457
23456
23458
24788
23457
23458
24789
24790
23463
23464
23465
23466
23463
23464
23463
23465
23464
23465
23469
23471
23469
23470
23471
23470
23471
23486
23469
23470
23487
23476
23477
23478
23479
23477
23478
23490
23476
23477
23480
23476
23478
23492
23483
23484
23494
23483
23484
23483
23484
23483
23510
23484
23487
23488
23487
23488
23493
23494
23495
23503
23493
23494
23493
23495
23494
23495
23504
23506
23507
23500
23501
23502
23503
23500
23502
23500
23501
23501
23502
23505
24843
23507
23508
23506
23507
23508
23506
23507
23507
23508
23511
23511
23516
23517
23517
23516
23517
23516
23522
23523
23524
23523
23524
24879
23522
23523
23522
23524
24881
24884
23529
23530
23531
23529
23531
23532
23530
23531
23533
23529
23530
23535
23535
23537
23535
23536
23536
23537
23541
23541
23541
23545
23545
23545
23549
23550
23549
23550
23549
23554
23555
23556
23555
23556
23554
23555
23560
23561
23562
23561
23562
23560
23561
23566
23567
23566
23567
23571
23571
23571
23575
23575
23575
23579
23580
23579
23580
23579
23584
23585
23586
23585
23586
23584
23585
23590
23591
23592
23591
23592
23590
23591
23596
23597
23596
23597
23601
23602
23603
23601
23603
23602
23603
23606
23607
23608
23606
23608
23613
23614
23615
23614
23615
23613
23614
23613
23615
23618
23619
23620
23618
23620
23625
23626
23627
23626
23627
23625
23626
23625
23627
33340
23631
23631
23631
23635
23635
23635
23639
23640
23639
23639
23640
23644
23645
23646
23645
23646
23644
23646
23650
23651
23652
23650
23652
23651
23652
23656
23657
23656
23657
23661
23662
23663
23661
23662
23662
23663
23667
23667
23667
23671
23671
23671
23675
23676
23675
23676
23675
23680
23681
23682
23681
23682
23680
23681
23686
23687
23688
23686
23688
23686
23687
23693
23692
23692
23693
23698
23699
23714
23697
23698
23715
23697
23699
23718
23704
23705
23705
23704
23705
23704
23710
23711
23712
23711
23712
25584
23710
23711
23710
23712
25585
25588
23717
23718
23719
23717
23718
23718
23719
23717
23719
23722
23722
23798
23725
23726
23727
23725
23726
23732
23733
23734
23733
23734
23732
23733
23732
23734
23737
23738
23739
23737
23738
23744
23745
23746
23745
23746
23744
23745
23744
23746
23750
23752
23767
23750
23751
23751
23752
23769
23771
23757
23758
23757
23758
23758
23757
23763
23764
23765
23763
23765
26072
23763
23764
23764
23765
26073
26076
23770
23771
23772
23770
23771
23770
23772
23771
23772
23775
23775
23889
23780
23781
23782
23783
23780
23782
23780
23781
23781
23782
23786
23788
23786
23787
23788
23787
23788
23803
23786
23787
23804
23793
23794
23795
23796
23793
23794
23797
23794
23795
23807
23793
23795
23809
23800
23801
23811
23800
23801
23800
23801
23800
23801
23804
23805
23804
23805
23810
23811
23812
23820
23810
23811
23810
23812
23811
23812
23821
23823
23824
23817
23818
23819
23820
23818
23819
23849
23817
23818
23850
23817
23819
23822
26121
23824
23852
23825
23823
23824
23825
23823
23824
23824
23825
23829
23830
23831
23829
23833
23829
23830
23959
23834
23961
23834
23835
23834
23835
23856
23834
23859
23840
23841
23842
23840
23841
23861
23840
23842
26140
23841
23842
23863
26141
23865
26143
23846
23847
23855
23846
23847
23847
23857
23858
23852
23853
23854
23860
23852
23854
26163
23852
23853
23853
23854
23862
26164
23864
23866
26166
23858
23859
23858
23859
23858
23864
23865
23866
23864
23865
23864
23866
26169
23865
23866
26170
26171
23871
23872
23873
23874
23872
23873
23871
23872
23871
23873
23878
23879
23877
23878
23879
23877
23878
23894
23877
23879
23895
23884
23885
23886
23887
23884
23886
23898
23884
23885
23888
23885
23886
23899
23891
23892
23902
23891
23892
23891
23892
23891
23892
23895
23896
23895
23896
23901
23902
23903
23911
23902
23903
23912
23901
23902
23901
23903
23915
23916
23908
23909
23910
23911
23908
23910
23940
23908
23909
23913
23909
23910
23941
23914
23916
23943
23914
23915
23916
23915
23916
23914
23916
23920
23921
23922
23920
23924
23920
23921
24050
23925
24052
23925
23926
23925
23926
23947
23925
23950
23931
23932
23933
23931
23932
23952
23931
23933
26370
23932
23933
23954
26371
23956
26373
23937
23938
23946
23937
23938
23938
23948
23949
23943
23944
23945
23951
23943
23945
26393
23943
23944
23944
23945
23953
26395
23955
23957
26396
23949
23950
23949
23950
23949
23955
23956
23957
23955
23956
23955
23957
26399
23956
23957
26400
26401
23961
23962
23963
23961
23962
23962
23965
23966
23966
23967
23966
23967
23988
23966
23991
23972
23973
23974
23972
23973
23993
23972
23974
26450
23973
23974
23994
26451
23996
26453
23978
23979
23987
23978
23989
23978
23979
23990
23984
23985
23986
23992
23985
23986
24037
26473
23984
23985
24038
23984
23986
23995
26474
23997
24040
23998
26476
23990
23991
23990
23991
23990
23996
23997
23998
23996
23997
23996
23998
26479
23997
23998
26480
26481
24003
24004
24005
24006
24003
24004
24003
24005
24004
24005
24009
24011
24009
24010
24011
24010
24011
24026
24009
24010
24027
24016
24017
24018
24019
24017
24018
24031
24016
24017
24020
24016
24018
24032
24023
24024
24035
24023
24024
24023
24024
24023
24141
24024
24027
24028
24027
24028
24033
24034
24035
24043
24033
24034
24033
24035
24034
24035
24044
24046
24047
24040
24041
24042
24043
24040
24042
24040
24041
24041
24042
24045
26534
24046
24048
24046
24047
24048
24046
24047
24046
24048
24052
24053
24061
24052
24053
24053
24063
24064
24058
24059
24060
24058
24060
24079
24058
24059
24059
24060
24080
24083
24064
24065
24064
24065
24086
24064
24089
24069
24070
24085
24069
24087
24069
24070
24088
24075
24076
24077
24078
24075
24077
24128
24075
24076
24081
24076
24077
24129
24082
24084
24131
24082
24083
24084
24083
24084
24082
24083
24082
24084
24088
24089
24088
24089
24088
24094
24095
24096
24097
24094
24096
24094
24095
24095
24096
24101
24102
24100
24101
24102
24100
24101
24117
24100
24102
24118
24107
24108
24109
24110
24108
24109
24122
24107
24108
24111
24107
24109
24123
24114
24115
24126
24114
24115
24114
24115
24114
24194
24115
24118
24119
24118
24119
24124
24125
24126
24134
24124
24125
24124
24126
24125
24126
24135
24137
24138
24131
24132
24133
24134
24131
24133
24131
24132
24132
24133
24136
26760
24137
24139
24137
24138
24139
24137
24138
24137
24139
24142
24142
24147
24148
24148
24147
24148
24147
24153
24154
24155
24154
24155
26795
24153
24154
24153
24155
26797
26800
24160
24161
24162
24160
24162
24163
24161
24162
24164
24160
24161
24166
24166
24168
24166
24167
24167
24168
24171
24172
24173
24171
24173
24178
24179
24180
24179
24180
24178
24179
24178
24180
24183
24184
24185
24183
24185
24190
24191
24192
24191
24192
24190
24191
24190
24192
24195
24195
24200
24201
24200
24200
24201
24201
24206
24207
24208
24206
24208
24207
24208
24206
24207
24213
24214
24215
24213
24215
24216
24213
24214
24214
24215
24218
24220
24219
24220
24219
24221
24220
24221
24225
24225
24225
24229
24229
24229
24233
24234
24233
24233
24234
24238
24239
24240
24239
24240
24238
24240
24244
24245
24246
24244
24246
24245
24246
24250
24251
24250
24251
24255
24256
24257
24255
24256
24256
24257
24261
24261
24261
24265
24265
24265
24269
24270
24269
24270
24269
24274
24275
24276
24275
24276
24274
24275
24280
24281
24282
24280
24282
24280
24281
24287
24286
24286
24287
24290
24291
24292
24290
24291
24295
24296
24297
24295
24296
24302
24303
24304
24303
24304
24302
24303
24302
24304
33341
24308
24309
24310
24308
24309
24308
24310
24314
24314
24314
24318
24318
24318
24322
24323
24322
24322
24323
24327
24328
24329
24328
24329
24327
24328
24333
24334
24335
24333
24335
24333
24334
24340
24339
24339
24340
24344
24344
24344
24348
24348
24348
24352
24353
24352
24352
24353
24357
24358
24359
24358
24359
24357
24358
24363
24364
24365
24363
24365
24363
24364
24370
24369
24369
24370
24374
24376
24391
24374
24375
24375
24376
24393
24395
24381
24382
24381
24382
24382
24381
24387
24388
24389
24387
24389
28034
24387
24388
24388
24389
28035
28038
24394
24395
24396
24394
24395
24394
24396
24395
24396
24399
24399
24422
24404
24405
24406
24407
24405
24406
24404
24405
24404
24406
24411
24412
24410
24411
24412
24410
24411
24427
24410
24412
24428
24417
24418
24419
24420
24417
24419
24431
24417
24418
24421
24418
24419
24433
24424
24425
24436
24424
24425
24424
24425
24424
24425
24428
24429
24428
24429
24434
24435
24436
24444
24435
24436
24445
24434
24435
24434
24436
24448
24449
24441
24442
24443
24444
24441
24443
24473
24441
24442
24446
24442
24443
24474
24447
24448
24476
24447
24448
24449
24448
24449
24447
24448
24453
24454
24455
24453
24457
24453
24454
24492
24458
24494
24458
24459
24458
24459
24480
24458
24483
24464
24465
24466
24464
24465
24485
24464
24466
28053
24465
24466
24487
28054
24489
28056
24470
24471
24479
24470
24471
24471
24481
24482
24476
24477
24478
24484
24476
24478
28076
24476
24477
24477
24478
24486
28078
24488
24490
28079
24482
24483
24482
24483
24482
24488
24489
24490
24488
24489
24488
24490
28082
24489
24490
28083
28084
24494
24495
24503
24494
24495
24495
24505
24506
24500
24501
24502
24500
24502
24521
24500
24501
24501
24502
24523
24526
24506
24507
24506
24507
24528
24506
24531
24511
24512
24527
24511
24512
24511
24529
24530
24517
24518
24519
24520
24517
24519
24570
24517
24518
24522
24518
24519
24571
24524
24525
24573
24524
24525
24526
24525
24526
24524
24525
24524
24526
24530
24531
24530
24531
24530
24536
24537
24538
24539
24536
24538
24536
24537
24537
24538
24543
24544
24542
24543
24544
24542
24543
24559
24542
24544
24560
24549
24550
24551
24552
24550
24551
24564
24549
24550
24553
24549
24551
24565
24556
24557
24568
24556
24557
24556
24557
24556
24603
24557
24560
24561
24560
24561
24566
24567
24568
24576
24566
24567
24566
24568
24567
24568
24577
24579
24580
24573
24574
24575
24576
24573
24575
24573
24574
24574
24575
24578
28164
24579
24581
24579
24580
24581
24579
24580
24579
24581
24586
24587
24586
24586
24587
24587
24592
24593
24594
24592
24594
24593
24594
24592
24593
24599
24600
24601
24599
24601
24605
24599
24600
24600
24601
24607
24609
24604
24604
24608
24609
24608
24610
24609
24610
24615
24616
24614
24615
24614
24616
24620
24643
24645
24620
24625
24626
24627
24628
24635
24625
24627
24625
24626
24629
24626
24627
24636
24632
24634
24639
24640
24632
24633
24634
24632
24634
24632
24633
24633
24634
24639
24640
24641
24639
24640
24639
24641
30991
24640
24641
30992
30993
24646
24647
24653
24646
24646
24647
24655
24647
24657
24658
24651
24652
24653
24651
24651
24652
24656
24665
24657
24659
24668
24657
24658
24659
24658
24659
24657
24658
24657
24659
24662
24662
24704
24667
24668
24669
24667
24669
24724
24667
24668
24668
24669
24674
24675
24676
24677
24675
24676
24751
24674
24675
24679
24674
24676
24753
24681
24682
24756
24681
24682
24683
24681
24683
24707
24681
24682
24682
24683
24708
24688
24689
24690
24695
24689
24690
24714
24688
24689
24696
24688
24690
24715
24699
24700
24718
24693
24694
24695
24693
24694
24772
24701
24773
24699
24700
24701
24699
24700
24699
24701
24777
24700
24701
24778
24780
24705
24705
24706
24709
24706
24710
24711
24711
24710
24710
24711
24716
24717
24718
24719
24716
24717
24720
30984
24716
24718
24717
24718
30985
24723
30987
24722
24723
24723
30990
24722
24723
30992
30995
24726
24726
24730
24731
24739
24730
24731
24854
24731
24740
24856
24742
24736
24737
24738
24739
24736
24738
24736
24737
24745
24737
24738
24741
24746
24748
24742
24742
24742
24742
24747
24748
24749
24747
24749
24747
24748
24748
24749
24754
24755
24756
24757
24755
24756
24754
24755
24759
24754
24756
24761
24762
24761
24762
24763
24761
24763
24787
24761
24762
24762
24763
24788
24768
24769
24770
24775
24768
24770
24793
24768
24769
24776
24769
24770
24795
24779
24781
24798
24773
24774
24775
24773
24774
24780
24779
24780
24781
24779
24781
24779
24780
24780
24781
24785
24785
24786
24789
24786
24844
24790
24791
24791
24790
24790
24791
24796
24797
24798
24799
24797
24798
30997
24796
24797
24800
30999
24796
24798
24802
31001
24802
24803
24802
31004
24802
24803
31006
31008
24808
24809
24810
24811
24818
24808
24809
24812
24809
24810
24819
24808
24810
24815
24817
24823
24824
24815
24816
24817
24815
24817
24815
24816
24816
24817
24822
24823
24824
24823
24824
24822
24823
31005
24822
24824
31006
31009
24829
24830
24836
24830
24885
24829
24887
24829
24830
24838
24840
24841
24834
24835
24836
24834
24834
24835
24839
24849
24841
24842
24851
24840
24841
24842
24840
24842
24840
24841
24841
24842
24845
24845
24850
24851
24852
24850
24852
24876
24851
24852
24850
24851
24856
24857
24865
24856
24857
24857
24866
24868
24862
24863
24864
24865
24862
24864
24862
24863
24871
24863
24864
24867
24872
24874
24868
24868
24868
24868
24873
24874
24875
24873
24875
24873
24874
24874
24875
24878
24878
24883
24884
24882
24883
24882
24884
24888
24888
24892
24893
24892
24893
24897
24898
24897
24898
24903
24904
24905
24904
24905
24903
24904
24903
24905
24910
24911
24912
24911
24912
24910
24911
24910
24912
24917
24918
24917
24918
24917
24918
24920
24921
24923
24924
24928
24928
24928
24933
24934
24935
24933
24935
24933
24934
24934
24935
24939
24939
24939
24943
24944
24945
24943
24944
24943
24945
24949
24951
24949
24950
24950
24951
24955
24957
24955
24956
24956
24957
24962
24963
24964
24965
24962
24963
24962
24964
33343
24963
24964
24968
33344
24970
24971
24969
24970
24971
24969
24971
24999
24969
24970
24970
24971
25000
25002
24975
24976
24977
24978
24975
24976
24981
24976
24977
24983
24984
24982
24983
24984
24982
24984
24999
24982
24983
24983
24984
25001
25003
24988
24989
24990
24991
25004
24988
24989
24993
24989
24990
25006
24995
24996
25008
25010
24995
24996
24997
24996
24997
24995
24996
24995
24997
25002
25003
25002
25003
25002
25003
25008
25009
25010
25008
25009
25008
25010
25099
25009
25010
25100
25101
25015
25016
25015
25016
25044
25015
25016
25046
25048
25021
25022
25023
25024
25022
25023
25021
25022
25032
25021
25023
25026
25033
25027
25027
25027
25027
25034
25035
25111
25034
25112
25035
25115
25040
25041
25042
25050
25040
25041
25040
25042
25051
25105
25041
25042
25106
25055
25056
25108
25047
25048
25049
25050
25047
25048
25047
25049
25048
25049
25052
25054
25055
25054
25055
25056
25055
25056
25054
25055
25054
25056
25060
25061
25062
25063
25070
25061
25062
25064
25060
25062
25071
25074
25068
25069
25075
25067
25068
25069
25068
25069
25098
25067
25068
25100
25067
25069
25103
25074
25075
25076
25074
25075
25074
25076
25075
25076
25081
25082
25083
25091
25082
25083
25106
25081
25082
25081
25083
25092
25107
25095
25096
25109
25088
25089
25090
25091
25089
25090
28200
25088
25089
25088
25090
25093
28201
25095
25097
28203
25095
25096
25097
25095
25096
25095
25097
25096
25097
25102
25103
25101
25102
25101
25103
25108
25109
25108
25108
25109
25109
25114
25115
25116
25114
25115
25115
25116
25114
25116
25121
25122
25123
25121
25123
28224
25121
25122
25122
25123
28225
28227
25126
25127
25135
25126
25140
25132
25133
25132
25133
25132
25133
25138
25139
25140
25139
25140
25138
25139
25138
25140
25144
25145
25146
25145
25146
33345
25144
25145
33346
25149
25150
25151
25152
25150
25151
25156
25158
25156
25157
25158
25157
25158
33345
25156
25157
25156
25158
33347
25161
25162
25170
25161
25162
25173
25167
25168
25169
25170
25167
25168
25167
25169
25168
25169
25172
25174
25175
25173
25174
25175
25173
25175
25209
25174
25175
25210
25213
25180
25181
25196
25181
25221
25180
25198
25203
25180
25181
25204
25223
25200
25206
25225
25186
25187
25188
25189
25186
25188
25186
25187
25192
25187
25188
25194
25195
25193
25194
25195
25193
25195
25193
25194
25194
25195
25199
25200
25199
25200
25209
25200
25211
25214
25205
25206
25207
25208
25205
25207
25205
25206
25211
25206
25207
25212
25214
25212
25213
25214
25213
25214
25212
25213
25212
25214
25218
25219
25227
25218
25229
25218
25219
25231
25224
25225
25226
25227
25224
25225
25224
25226
25230
25225
25226
25232
25233
25231
25232
25233
25231
25233
25231
25232
25232
25233
25237
25238
25246
25237
25238
25237
25248
25250
25243
25244
25245
25246
25243
25245
25271
25243
25244
25249
25244
25245
25273
25251
25252
25274
25250
25251
25252
25250
25252
25250
25251
25251
25252
25255
25256
25264
25255
25256
25267
25261
25262
25263
25264
25261
25262
25262
25263
25266
25261
25263
25268
25269
25267
25268
25269
25267
25269
25303
25268
25269
25304
25307
25274
25275
25283
25274
25275
25285
25297
25274
25275
25298
25287
25301
25280
25281
25282
25288
25280
25282
28467
25280
25281
25281
25282
25291
28469
25293
25294
28471
25286
25287
25286
25287
25303
25287
25305
25308
25292
25293
25294
25292
25293
25292
25294
25293
25294
28474
28475
25299
25300
25301
25302
25299
25300
25299
25301
25305
25300
25301
25306
25308
25306
25307
25308
25307
25308
25306
25307
25306
25308
25313
25314
25315
25316
25313
25315
25454
25313
25314
25314
25315
25317
25455
25319
25321
25457
25319
25320
25321
25319
25321
25320
25321
25325
25326
25327
25328
25326
25327
33335
25325
25326
25329
25332
25334
25332
25333
25334
25332
25334
25332
25333
25333
25334
25339
25340
25341
25339
25341
25339
25340
25340
25341
25349
25351
25346
25347
33335
25345
25346
25345
25347
33336
25350
25351
25350
25351
25356
25357
25358
25357
25358
25477
33337
25356
25357
25356
25358
25478
33339
25363
25364
25364
33338
25363
25363
25364
33339
25369
25370
25371
25379
25369
25370
25369
25371
25380
25435
25370
25371
25436
25383
25384
25437
25376
25377
25378
25379
25376
25378
25454
25376
25377
25377
25378
25381
25456
25383
25385
25458
25383
25384
25385
25383
25384
25383
25385
25384
25385
25389
25390
25391
25392
25399
25390
25391
25393
25389
25391
25400
25403
25397
25398
25405
25396
25397
25398
25397
25398
25427
25396
25397
25429
25396
25398
25432
25403
25404
25405
25403
25405
25403
25404
25404
25405
25410
25411
25412
25420
25410
25412
25421
25434
25410
25411
25411
25412
25436
25424
25426
25438
25417
25418
25419
25420
25418
25419
25417
25418
25422
25417
25419
25424
25425
25424
25425
25426
25424
25426
25424
25425
25425
25426
25431
25432
25430
25431
25430
25432
25437
25438
25438
25437
25437
25438
25443
25444
25445
25443
25445
25480
25444
25445
25481
25443
25444
25483
25450
25451
25452
25450
25451
25451
25452
25450
25452
25457
25458
25457
25458
25457
25458
25463
25464
25465
25473
25463
25465
25463
25464
25478
25464
25465
25474
25479
25476
25470
25471
25472
25473
25470
25472
25470
25471
25481
25471
25472
25475
25482
25476
25476
25476
25476
25483
25484
25483
25484
25487
25488
25502
25487
25506
25493
25494
25493
25494
25493
25494
25498
25499
25500
25499
25500
33351
25498
25499
33352
25505
25506
25507
25505
25506
25505
25507
25506
25507
25510
25511
25512
25513
25511
25512
25517
25519
25517
25518
25519
25518
25519
33351
25517
25518
25517
25519
33353
25524
25525
25526
25525
25526
25524
25525
25524
25526
25531
25532
25533
25531
25532
25531
25533
25532
25533
25538
25539
25538
25538
25539
25539
25541
25542
25544
25545
25549
25549
25549
25554
25555
25556
25554
25556
25554
25555
25555
25556
25560
25560
25560
25564
25565
25564
25565
25569
25570
25571
25569
25570
25569
25571
25575
25576
25575
25577
25576
25577
25581
25583
25581
25582
25582
25583
25588
25589
25587
25588
25587
25589
25593
26104
25593
26106
25598
25599
25600
25601
25598
25599
25598
25600
25599
25600
25604
25606
25607
25605
25606
25607
25605
25607
25635
25605
25606
25606
25607
25636
25638
25611
25612
25613
25614
25611
25612
25617
25612
25613
25619
25620
25618
25619
25620
25618
25620
25635
25618
25619
25619
25620
25637
25639
25624
25625
25626
25627
25640
25624
25625
25629
25625
25626
25642
25631
25632
25644
25646
25631
25632
25633
25632
25633
25631
25632
25631
25633
25638
25639
25638
25639
25638
25639
25644
25645
25646
25644
25645
25644
25646
25770
25645
25646
25771
25772
25651
25652
25653
25667
25651
25653
25651
25652
25672
25652
25653
25668
25673
25670
25658
25659
25658
25659
25715
25658
25659
25717
25719
25664
25665
25666
25667
25665
25666
25664
25665
25669
25675
25664
25666
25676
25670
25670
25670
25670
25677
25678
25782
25677
25678
25783
25786
25681
25682
25681
25687
25688
25687
25688
25687
25688
25692
25693
25694
25693
25694
25692
25693
25697
25698
25699
25700
25698
25699
25704
25706
25704
25705
25706
25705
25706
25704
25705
25704
25706
25711
25712
25713
25721
25711
25712
25711
25713
25722
25776
25712
25713
25777
25726
25727
25779
25718
25719
25720
25721
25718
25719
25718
25720
25719
25720
25723
25725
25726
25725
25726
25727
25726
25727
25725
25726
25725
25727
25731
25732
25733
25734
25741
25732
25733
25735
25731
25733
25742
25745
25739
25740
25746
25738
25739
25740
25739
25740
25769
25738
25739
25771
25738
25740
25774
25745
25746
25747
25745
25746
25745
25747
25746
25747
25752
25753
25754
25762
25753
25754
25777
25752
25753
25752
25754
25763
25778
25766
25767
25780
25759
25760
25761
25762
25760
25761
28714
25759
25760
25759
25761
25764
28715
25766
25768
28717
25766
25767
25768
25766
25767
25766
25768
25767
25768
25773
25774
25772
25773
25772
25774
25779
25780
25779
25779
25780
25780
25785
25786
25787
25785
25786
25786
25787
25785
25787
25792
25793
25794
25792
25794
28738
25792
25793
25793
25794
28739
28741
25799
25800
25801
25809
25799
25800
25849
25799
25801
25800
25801
25812
25850
25813
25806
25807
25808
25809
25807
25808
25960
25806
25807
25806
25808
25811
25961
25813
25814
25963
25812
25813
25814
25812
25814
25813
25814
25819
25820
25821
25820
25821
25849
25819
25820
25819
25821
25851
25825
25826
25827
25826
25827
25825
25826
25831
25832
25833
25834
25841
25831
25832
25835
25832
25833
25842
25838
25840
25845
25846
25838
25839
25840
25838
25840
25838
25839
25839
25840
25845
25846
25847
25845
25846
25865
25845
25847
25846
25847
25867
25869
25850
25851
25850
25851
25856
25857
25858
25856
25858
25976
25856
25857
25857
25858
25977
25863
25864
25863
25863
25864
25864
25868
25869
25868
25870
25906
25869
25870
25907
25908
25875
25876
25877
25878
25875
25877
25875
25876
25876
25877
25881
25883
25884
25882
25883
25884
25882
25883
25919
25882
25884
25883
25884
25920
25922
25888
25889
25890
25891
25888
25889
25888
25890
25894
25896
25897
25895
25896
25897
25895
25896
25919
25895
25897
25896
25897
25921
25923
25901
25902
25903
25904
25911
25901
25902
25906
25902
25903
25913
25908
25909
25915
25917
25908
25909
25910
25909
25910
25908
25909
25908
25910
25915
25916
25917
25915
25916
25915
25917
26047
25916
25917
26048
26049
25922
25923
25922
25923
25922
25923
25928
25929
25928
25929
25928
25929
25932
25933
25932
25937
25938
25939
25937
25938
25937
25939
25942
25943
25944
25945
25942
25943
25950
25951
25949
25950
25951
25949
25950
25949
25951
25950
25951
25956
25957
25958
25972
25956
25957
25956
25958
25977
25957
25958
25973
25978
25975
25963
25964
25963
25964
25992
25963
25964
25994
25996
25969
25970
25971
25972
25969
25971
25969
25970
25974
25980
25970
25971
25981
25975
25975
25975
25975
25982
25983
26059
25982
25983
26060
26063
25988
25989
25990
25998
25988
25989
25988
25990
25999
26053
25989
25990
26054
26003
26004
26056
25995
25996
25997
25998
25995
25996
25995
25997
25996
25997
26000
26002
26003
26002
26003
26004
26003
26004
26002
26003
26002
26004
26008
26009
26010
26011
26018
26009
26010
26012
26008
26010
26019
26022
26016
26017
26023
26015
26016
26017
26016
26017
26046
26015
26016
26048
26015
26017
26051
26022
26023
26024
26022
26023
26022
26024
26023
26024
26029
26030
26031
26039
26030
26031
26054
26029
26030
26029
26031
26040
26055
26043
26044
26057
26036
26037
26038
26039
26037
26038
28919
26036
26037
26036
26038
26041
28920
26043
26045
28921
26043
26044
26045
26043
26044
26043
26045
26044
26045
26050
26051
26049
26050
26049
26051
26056
26057
26056
26056
26057
26057
26062
26063
26064
26062
26063
26063
26064
26062
26064
26069
26070
26071
26069
26071
28943
26069
26070
26070
26071
28944
28946
26076
26077
26075
26076
26075
26077
26081
26081
26086
26087
26088
26089
26096
26086
26088
26086
26087
26090
26087
26088
26097
26093
26095
26100
26101
26093
26094
26095
26093
26095
26093
26094
26094
26095
26100
26101
26102
26100
26101
26100
26102
31019
26101
26102
31020
31021
26107
26108
26114
26107
26107
26108
26116
26108
26118
26119
26112
26113
26114
26112
26112
26113
26117
26126
26118
26120
26129
26118
26119
26120
26119
26120
26118
26119
26118
26120
26123
26123
26165
26128
26129
26130
26128
26130
26185
26128
26129
26129
26130
26135
26136
26137
26138
26136
26137
26442
26135
26136
26140
26135
26137
26444
26142
26143
26447
26142
26143
26144
26142
26144
26168
26142
26143
26143
26144
26170
26149
26150
26151
26156
26150
26151
26175
26149
26150
26176
26149
26151
26157
26160
26179
26161
26154
26155
26156
26154
26155
26463
26162
26464
26160
26161
26162
26160
26161
26160
26162
26468
26161
26162
26469
26471
26166
26166
26167
26169
26167
26171
26172
26172
26171
26172
26171
26177
26178
26179
26180
26177
26178
26181
31012
26177
26179
26178
26179
31013
26184
31015
26183
26184
26184
31018
26183
26184
31020
31023
26187
26187
26191
26192
26200
26191
26192
26545
26191
26201
26203
26547
26197
26198
26199
26200
26197
26199
26197
26198
26206
26198
26199
26202
26207
26209
26203
26203
26203
26203
26208
26209
26210
26208
26210
26208
26209
26209
26210
26213
26214
26222
26213
26214
26225
26219
26220
26221
26222
26219
26220
26219
26221
26220
26221
26224
26226
26227
26225
26226
26227
26225
26227
26261
26226
26227
26262
26265
26232
26233
26248
26233
26273
26232
26250
26255
26232
26233
26256
26275
26252
26258
26277
26238
26239
26240
26241
26238
26240
26238
26239
26244
26239
26240
26246
26247
26245
26246
26247
26245
26247
26245
26246
26246
26247
26251
26252
26251
26252
26261
26252
26263
26266
26257
26258
26259
26260
26257
26259
26257
26258
26263
26258
26259
26264
26266
26264
26265
26266
26265
26266
26264
26265
26264
26266
26270
26271
26279
26270
26281
26270
26271
26283
26276
26277
26278
26279
26276
26277
26276
26278
26282
26277
26278
26284
26285
26283
26284
26285
26283
26285
26283
26284
26284
26285
26288
26289
26297
26288
26289
26300
26294
26295
26296
26297
26294
26296
26294
26295
26295
26296
26299
26301
26302
26300
26301
26302
26300
26301
26336
26301
26302
26337
26339
26307
26308
26316
26308
26348
26307
26308
26330
26349
26307
26318
26331
26320
26332
26351
26313
26314
26315
26321
26314
26315
29115
26313
26314
26313
26315
26324
29116
26326
26327
29118
26319
26320
26319
26320
26336
26320
26338
26340
26325
26326
26327
26325
26326
26325
26327
26326
26327
29122
29123
26332
26333
26334
26335
26333
26334
26332
26333
26332
26334
26338
26340
26341
26339
26340
26341
26339
26340
26339
26341
26340
26341
26345
26346
26354
26345
26356
26345
26346
26358
26351
26352
26353
26354
26351
26353
26351
26352
26352
26353
26357
26359
26360
26358
26359
26360
26358
26359
26358
26360
26359
26360
26365
26366
26367
26368
26366
26367
26365
26366
26365
26367
26370
26372
26373
26372
26373
26374
26372
26374
26398
26372
26373
26373
26374
26400
26379
26380
26381
26386
26379
26381
26387
26379
26380
26405
26380
26381
26406
26390
26409
26392
26384
26385
26386
26384
26385
26391
26390
26391
26392
26390
26392
26390
26391
26391
26392
26396
26397
26396
26397
26399
26401
26402
26402
26401
26402
26401
26407
26408
26409
26410
26407
26408
26411
31025
26408
26409
31027
26407
26409
26414
31029
26413
26414
26414
31032
26413
26414
31034
31037
26417
26417
26421
26422
26430
26421
26422
26770
26421
26431
26433
26772
26427
26428
26429
26430
26427
26428
26427
26429
26432
26436
26428
26429
26437
26433
26440
26433
26433
26433
26438
26439
26440
26438
26439
26438
26440
26439
26440
26445
26446
26447
26448
26446
26447
26445
26446
26450
26445
26447
26452
26453
26452
26453
26454
26452
26454
26478
26452
26453
26453
26454
26479
26459
26460
26461
26466
26459
26461
26484
26459
26460
26467
26460
26461
26486
26470
26472
26489
26464
26465
26466
26464
26465
26471
26470
26471
26472
26470
26472
26470
26471
26471
26472
26476
26476
26477
26480
26477
26535
26481
26482
26482
26481
26481
26482
26487
26488
26489
26490
26488
26489
31039
26487
26488
26491
31041
26487
26489
26493
31043
26493
26494
26493
31046
26493
26494
31048
31050
26499
26500
26501
26502
26509
26499
26500
26503
26500
26501
26510
26499
26501
26506
26508
26514
26515
26506
26507
26508
26506
26508
26506
26507
26507
26508
26513
26514
26515
26514
26515
26513
26514
31047
26513
26515
31048
31051
26520
26521
26527
26521
26801
26520
26521
26529
26520
26803
26531
26532
26525
26526
26527
26525
26525
26526
26530
26540
26532
26533
26542
26531
26532
26533
26531
26533
26531
26532
26532
26533
26536
26536
26541
26542
26543
26541
26543
26567
26542
26543
26541
26542
26547
26548
26556
26547
26548
26548
26557
26559
26553
26554
26555
26556
26553
26555
26553
26554
26562
26554
26555
26558
26563
26565
26559
26559
26559
26559
26564
26565
26566
26564
26566
26564
26565
26565
26566
26569
26569
26573
26574
26582
26573
26574
26573
26584
26586
26579
26580
26581
26582
26579
26581
26607
26579
26580
26585
26580
26581
26609
26587
26588
26610
26586
26587
26588
26586
26588
26586
26587
26587
26588
26591
26592
26600
26591
26592
26603
26597
26598
26599
26600
26597
26598
26598
26599
26602
26597
26599
26604
26605
26603
26604
26605
26603
26605
26639
26604
26605
26640
26643
26610
26611
26619
26610
26611
26621
26633
26610
26611
26634
26623
26637
26616
26617
26618
26624
26616
26618
29252
26616
26617
26617
26618
26627
29254
26629
26630
29256
26622
26623
26622
26623
26639
26623
26641
26644
26628
26629
26630
26628
26629
26628
26630
26629
26630
29259
29260
26635
26636
26637
26638
26635
26636
26635
26637
26641
26636
26637
26642
26644
26642
26643
26644
26643
26644
26642
26643
26642
26644
26648
26649
26657
26648
26659
26648
26649
26661
26654
26655
26656
26657
26655
26656
26682
26654
26655
26683
26654
26656
26660
26662
26685
26663
26661
26662
26663
26661
26662
26661
26663
26662
26663
26666
26667
26675
26666
26667
26678
26672
26673
26674
26675
26672
26674
26672
26673
26673
26674
26677
26679
26680
26678
26679
26680
26678
26679
26714
26679
26680
26715
26717
26685
26686
26694
26685
26685
26686
26708
26686
26696
26709
26698
26711
26691
26692
26693
26699
26691
26693
29415
26691
26692
26692
26693
26702
29416
26704
26705
29418
26697
26698
26697
26698
26714
26698
26716
26718
26703
26704
26705
26703
26704
26703
26705
26704
26705
29422
29423
26710
26711
26712
26713
26710
26712
26710
26711
26711
26712
26716
26718
26719
26717
26718
26719
26717
26718
26717
26719
26718
26719
26724
26725
26726
26727
26734
26725
26726
26728
26724
26725
26735
26724
26726
26738
26732
26740
26733
26731
26732
26733
26732
26733
26731
26732
26731
26733
26738
26739
26740
26738
26740
26738
26739
26739
26740
26745
26746
26752
26745
26746
26745
26746
26754
26756
26757
26750
26751
26752
26750
26750
26751
26755
26764
26756
26758
26767
26756
26757
26758
26757
26758
26756
26757
26756
26758
26761
26761
26766
26767
26768
26766
26768
26792
26766
26767
26767
26768
26772
26773
26781
26772
26773
26773
26782
26784
26778
26779
26780
26781
26778
26779
26778
26780
26787
26779
26780
26783
26788
26784
26791
26784
26784
26784
26789
26790
26791
26789
26790
26789
26791
26790
26791
26794
26794
26799
26800
26798
26799
26798
26800
26804
26804
26809
26810
26811
26819
26809
26810
26809
26811
26865
26810
26811
26822
26823
26866
26816
26817
26818
26819
26816
26818
26970
26816
26817
26817
26818
26820
26971
26822
26824
26973
26822
26823
26824
26822
26824
26823
26824
26828
26829
26830
26831
26838
26829
26830
26832
26828
26829
26839
26842
26836
26844
26837
26835
26836
26837
26836
26837
26858
26835
26836
26835
26837
26860
26863
26842
26843
26844
26842
26844
26842
26843
26843
26844
26849
26850
26851
26849
26851
26849
26850
26850
26851
26865
26867
26855
26856
26857
26856
26857
26855
26857
26862
26863
26861
26862
26861
26863
26866
26867
26866
26867
26872
26873
26874
26873
26874
26993
26872
26873
26872
26874
26994
26879
26880
26880
26879
26879
26880
26885
26886
26887
26895
26885
26886
26885
26887
26951
26886
26887
26896
26952
26899
26900
26953
26892
26893
26894
26895
26892
26894
26970
26892
26893
26893
26894
26897
26972
26899
26901
26974
26899
26900
26901
26899
26900
26899
26901
26900
26901
26905
26906
26907
26908
26915
26906
26907
26909
26905
26906
26916
26919
26913
26921
26914
26912
26913
26914
26913
26914
26943
26912
26913
26912
26914
26945
26948
26919
26920
26921
26919
26921
26919
26920
26920
26921
26926
26927
26928
26936
26926
26928
26937
26950
26926
26927
26927
26928
26951
26940
26942
26954
26933
26934
26935
26936
26934
26935
26933
26934
26938
26933
26935
26940
26941
26940
26941
26942
26940
26942
26940
26941
26941
26942
26947
26948
26946
26947
26946
26948
26953
26954
26954
26953
26954
26953
26959
26960
26961
26959
26961
26996
26959
26960
26960
26961
26997
26999
26966
26967
26968
26966
26967
26967
26968
26966
26968
26973
26974
26973
26974
26973
26974
26979
26980
26981
26989
26979
26981
26979
26980
26994
26980
26981
26990
26995
26992
26986
26987
26988
26989
26986
26988
26986
26987
26997
26987
26988
26991
26998
26992
26992
26992
26992
26999
27000
26999
27000
27003
27004
27003
27009
27010
27009
27010
27009
27010
27014
27015
27016
27015
27016
27014
27015
27019
27020
27021
27022
27020
27021
27026
27028
27026
27027
27028
27027
27028
27026
27027
27026
27028
27033
27034
27035
27036
27033
27035
27033
27034
27039
27034
27035
27041
27042
27040
27041
27042
27040
27042
27063
27040
27041
27041
27042
27064
27066
27046
27047
27048
27049
27046
27047
27052
27047
27048
27054
27055
27053
27054
27055
27053
27055
27063
27053
27054
27054
27055
27065
27067
27059
27060
27061
27068
27075
27059
27060
27070
27059
27061
27077
27072
27079
27074
27081
27066
27067
27066
27067
27066
27067
27072
27073
27074
27072
27073
27072
27074
27136
27073
27074
27137
27138
27079
27080
27081
27079
27080
27079
27081
27221
27080
27081
27222
27223
27086
27087
27088
27096
27086
27087
27086
27088
27142
27087
27088
27099
27100
27143
27093
27094
27095
27096
27093
27095
27275
27093
27094
27094
27095
27097
27276
27099
27101
27278
27099
27100
27101
27099
27101
27100
27101
27105
27106
27107
27108
27115
27105
27106
27109
27106
27107
27116
27112
27114
27120
27121
27112
27113
27114
27112
27114
27112
27113
27113
27114
27119
27120
27121
27120
27121
27135
27119
27120
27119
27121
27137
27140
27126
27127
27128
27126
27127
27127
27128
27142
27126
27128
27144
27132
27133
27134
27133
27134
27132
27133
27139
27140
27138
27139
27138
27140
27143
27144
27143
27144
27149
27150
27151
27149
27151
27298
27149
27150
27150
27151
27299
27156
27157
27156
27156
27157
27157
27162
27163
27164
27172
27162
27163
27162
27164
27227
27163
27164
27173
27228
27176
27177
27230
27169
27170
27171
27172
27169
27171
27275
27169
27170
27170
27171
27174
27277
27176
27178
27279
27176
27177
27178
27176
27177
27176
27178
27177
27178
27182
27183
27184
27185
27192
27182
27183
27186
27183
27184
27193
27189
27191
27197
27198
27189
27190
27191
27189
27191
27189
27190
27190
27191
27196
27197
27198
27197
27198
27220
27196
27197
27196
27198
27222
27225
27203
27204
27205
27213
27203
27204
27204
27205
27227
27203
27205
27214
27229
27217
27218
27231
27210
27211
27212
27213
27211
27212
29652
27210
27211
27210
27212
27215
29653
27217
27219
29654
27217
27218
27219
27217
27218
27217
27219
27218
27219
27224
27225
27223
27224
27223
27225
27230
27231
27230
27231
27230
27231
27236
27237
27238
27236
27238
27301
27236
27237
27237
27238
27302
27304
27243
27244
27245
27243
27245
29676
27243
27244
27244
27245
29678
29680
27248
27249
27248
27254
27255
27254
27255
27254
27255
27259
27260
27261
27259
27260
27259
27261
27264
27265
27266
27267
27264
27266
27272
27273
27271
27272
27273
27271
27272
27271
27273
27272
27273
27278
27279
27278
27279
27278
27279
27284
27285
27286
27294
27284
27285
27284
27286
27299
27285
27286
27295
27300
27297
27291
27292
27293
27294
27291
27292
27291
27293
27302
27292
27293
27296
27303
27297
27297
27297
27297
27304
27305
27304
27305
27310
27311
27312
27311
27312
27310
27311
27310
27312
27317
27318
27319
27317
27318
27317
27319
27318
27319
27324
27325
27324
27324
27325
27325
27327
27328
27330
27331
27336
27337
27338
27336
27337
27336
27338
27337
27338
27342
27342
27342
27346
27346
27346
27350
27351
27350
27351
27355
27356
27357
27355
27356
27355
27357
27361
27362
27361
27363
27362
27363
27367
27369
27367
27368
27368
27369
27373
27374
27375
27373
27375
27374
27375
27380
27381
27382
27381
27382
27390
27380
27381
27380
27382
27392
27386
27387
27388
27386
27387
27387
27388
27391
27392
27391
27392
27397
27398
27397
27397
27398
27398
27403
27404
27405
27406
27403
27405
27403
27404
27404
27405
27409
27411
27412
27410
27411
27412
27410
27411
27440
27410
27412
27411
27412
27441
27443
27416
27417
27418
27419
27416
27417
27416
27418
27422
27424
27425
27423
27424
27425
27423
27424
27440
27423
27425
27424
27425
27442
27444
27429
27430
27431
27432
27429
27430
27430
27431
27434
27436
27438
27436
27437
27438
27436
27437
27436
27438
27575
27437
27438
27576
27577
27443
27444
27443
27444
27443
27444
27449
27450
27449
27450
27449
27450
27453
27454
27456
27453
27461
27459
27460
27461
27460
27461
27459
27460
27459
27461
27465
27466
27467
27465
27466
33354
27465
27467
33355
27470
27471
27472
27473
27470
27471
27478
27479
27477
27478
27479
27477
27478
33354
27477
27479
27478
27479
33356
27484
27485
27486
27500
27484
27485
27484
27486
27505
27485
27486
27501
27506
27503
27491
27492
27491
27492
27520
27491
27492
27522
27524
27497
27498
27499
27500
27497
27499
27497
27498
27502
27508
27498
27499
27509
27503
27503
27503
27503
27510
27511
27587
27510
27511
27589
27591
27516
27517
27518
27526
27516
27517
27516
27518
27581
27517
27518
27527
27582
27531
27532
27584
27523
27524
27525
27526
27523
27524
27523
27525
27524
27525
27528
27530
27531
27530
27531
27532
27531
27532
27530
27531
27530
27532
27536
27537
27538
27539
27546
27537
27538
27540
27536
27537
27547
27550
27544
27551
27545
27543
27544
27545
27544
27545
27574
27543
27544
27543
27545
27576
27579
27550
27551
27552
27550
27551
27550
27552
27551
27552
27557
27558
27559
27567
27558
27559
27581
27557
27558
27557
27559
27568
27583
27571
27572
27585
27564
27565
27566
27567
27565
27566
29814
27564
27565
27564
27566
27569
29815
27571
27573
29816
27571
27572
27573
27571
27572
27571
27573
27572
27573
27578
27579
27577
27578
27577
27579
27584
27585
27584
27585
27584
27585
27590
27591
27592
27590
27591
27590
27592
27591
27592
27597
27598
27599
27597
27599
29838
27597
27598
27598
27599
29839
29841
27602
27603
27611
27602
27603
27614
27608
27609
27610
27611
27608
27610
27608
27609
27609
27610
27613
27615
27616
27614
27615
27616
27614
27615
27650
27615
27616
27651
27653
27621
27622
27630
27622
27662
27621
27622
27644
27663
27621
27632
27645
27634
27646
27665
27627
27628
27629
27635
27628
27629
29927
27627
27628
27627
27629
27638
29928
27640
27641
29930
27633
27634
27633
27634
27650
27634
27652
27654
27639
27640
27641
27639
27640
27639
27641
27640
27641
29934
29935
27646
27647
27648
27649
27647
27648
27646
27647
27646
27648
27652
27654
27655
27653
27654
27655
27653
27654
27653
27655
27654
27655
27659
27660
27668
27659
27670
27659
27660
27672
27665
27666
27667
27668
27665
27667
27665
27666
27666
27667
27671
27673
27674
27672
27673
27674
27672
27673
27672
27674
27673
27674
27678
27679
27687
27678
27689
27678
27679
27691
27684
27685
27686
27687
27685
27686
27712
27684
27685
27713
27684
27686
27690
27692
27715
27693
27691
27692
27693
27691
27692
27691
27693
27692
27693
27696
27697
27705
27696
27697
27708
27702
27703
27704
27705
27702
27704
27702
27703
27703
27704
27707
27709
27710
27708
27709
27710
27708
27709
27744
27709
27710
27745
27747
27715
27716
27724
27715
27715
27716
27738
27716
27726
27739
27728
27741
27721
27722
27723
27729
27721
27723
30153
27721
27722
27722
27723
27732
30154
27734
27735
30156
27727
27728
27727
27728
27744
27728
27746
27748
27733
27734
27735
27733
27734
27733
27735
27734
27735
30160
30161
27740
27741
27742
27743
27740
27742
27740
27741
27741
27742
27746
27748
27749
27747
27748
27749
27747
27748
27747
27749
27748
27749
27754
27755
27756
27757
27754
27756
27754
27755
27760
27755
27756
27762
27763
27761
27762
27763
27761
27763
27784
27761
27762
27762
27763
27785
27787
27767
27768
27769
27770
27767
27768
27773
27768
27769
27775
27776
27774
27775
27776
27774
27776
27784
27774
27775
27775
27776
27786
27788
27780
27781
27782
27789
27796
27780
27781
27791
27780
27782
27798
27793
27800
27795
27802
27787
27788
27787
27788
27787
27788
27793
27794
27795
27793
27794
27793
27795
27846
27794
27795
27847
27848
27800
27801
27802
27800
27801
27800
27802
27949
27801
27802
27950
27951
27807
27808
27809
27810
27807
27809
27982
27807
27808
27808
27809
27812
27983
27814
27815
27985
27813
27814
27815
27813
27815
27814
27815
27820
27821
27822
27820
27821
27821
27822
27836
27820
27822
27838
27826
27827
27828
27827
27828
27826
27827
27832
27833
27834
27832
27833
27833
27834
27837
27838
27837
27838
27843
27844
27843
27843
27844
27844
27849
27850
27848
27849
27848
27850
27853
27854
27868
27853
27872
27859
27860
27859
27860
27859
27860
27864
27865
27866
27864
27865
33357
27864
27866
33358
27871
27872
27873
27871
27872
27871
27873
27872
27873
27876
27877
27878
27879
27876
27878
27884
27885
27883
27884
27885
27883
27884
33357
27883
27885
27884
27885
33359
27890
27891
27892
27900
27890
27891
27890
27892
27955
27891
27892
27901
27956
27904
27905
27958
27897
27898
27899
27900
27897
27899
27982
27897
27898
27898
27899
27902
27984
27904
27906
27986
27904
27905
27906
27904
27905
27904
27906
27905
27906
27910
27911
27912
27913
27920
27910
27911
27914
27911
27912
27921
27917
27919
27925
27926
27917
27918
27919
27917
27919
27917
27918
27918
27919
27924
27925
27926
27925
27926
27948
27924
27925
27924
27926
27950
27953
27931
27932
27933
27941
27931
27932
27932
27933
27955
27931
27933
27942
27957
27945
27946
27959
27938
27939
27940
27941
27939
27940
30249
27938
27939
27938
27940
27943
30250
27945
27947
30251
27945
27946
27947
27945
27946
27945
27947
27946
27947
27952
27953
27951
27952
27951
27953
27958
27959
27958
27959
27958
27959
27964
27965
27966
27964
27966
28001
27964
27965
27965
27966
28003
28005
27971
27972
27973
27971
27973
30273
27971
27972
27972
27973
30275
30277
27978
27979
27980
27994
27978
27979
27978
27980
27999
27979
27980
27995
28000
27997
27985
27986
27985
27986
27985
27986
27991
27992
27993
27994
27991
27992
27991
27993
27996
28002
27992
27993
28003
27997
27997
27997
27997
28004
28005
28004
28005
28009
28010
28009
28010
28014
28015
28014
28015
28019
28020
28021
28019
28020
28019
28021
28025
28026
28025
28027
28026
28027
28031
28032
28031
28033
28032
28033
28038
28039
28037
28038
28037
28039
28043
28043
28048
28049
28050
28051
28049
28050
28048
28049
28048
28050
28053
28055
28056
28055
28056
28057
28055
28057
28081
28055
28056
28056
28057
28083
28062
28063
28064
28069
28062
28064
28070
28062
28063
28088
28063
28064
28089
28073
28092
28075
28067
28068
28069
28067
28068
28074
28073
28074
28075
28073
28075
28073
28074
28074
28075
28079
28080
28079
28080
28082
28084
28085
28085
28084
28085
28084
28090
28091
28092
28093
28090
28091
28094
31053
28091
28092
31055
28090
28092
28097
31057
28096
28097
28097
31060
28096
28097
31062
31065
28100
28100
28104
28105
28113
28104
28105
28174
28104
28114
28116
28177
28110
28111
28112
28113
28110
28111
28110
28112
28115
28119
28111
28112
28120
28116
28123
28116
28116
28116
28121
28122
28123
28121
28122
28121
28123
28122
28123
28128
28129
28130
28131
28138
28129
28130
28132
28128
28129
28139
28128
28130
28142
28136
28144
28137
28135
28136
28137
28136
28137
28135
28136
30609
28135
28137
30610
30613
28142
28143
28144
28142
28144
28142
28143
28143
28144
28149
28150
28156
28149
28150
28149
28150
28158
28160
28161
28154
28155
28156
28154
28154
28155
28159
28168
28160
28162
28171
28160
28161
28162
28161
28162
28160
28161
28160
28162
28165
28165
28170
28171
28172
28170
28172
28196
28170
28171
28171
28172
28176
28177
28185
28176
28177
28176
28186
28188
28182
28183
28184
28185
28182
28183
28182
28184
28191
28183
28184
28187
28192
28188
28195
28188
28188
28188
28193
28194
28195
28193
28194
28193
28195
28194
28195
28198
28198
28202
28203
28202
28203
28203
28208
28209
28210
28218
28208
28210
28208
28209
28225
28209
28210
28219
28226
28221
28228
28223
28215
28216
28217
28218
28215
28217
28215
28216
28231
28216
28217
28220
28232
28222
28234
28223
28221
28222
28223
28221
28223
28222
28223
28227
28229
28227
28228
28228
28229
28233
28235
28233
28234
28234
28235
28239
28261
28262
28293
28239
28294
28241
28242
28246
28248
28249
28247
28248
28249
28247
28249
28247
28248
28248
28249
28253
28254
28260
28253
28255
28253
28261
28259
28265
28258
28259
28259
28258
28258
28259
28264
28265
28266
28264
28265
28264
28266
28265
28266
28270
28271
28272
28271
28272
28270
28271
28277
28278
28279
28278
28279
28333
28277
28278
28277
28279
28334
28283
28284
28291
28298
28283
28294
28283
28284
28301
28297
28303
28304
28289
28290
28289
28290
28313
28327
28289
28314
28290
28328
28317
28331
28295
28296
28297
28296
28297
28295
28296
28295
28297
28302
28303
28304
28302
28303
28302
28304
28342
28303
28304
28343
28344
28309
28310
28311
28312
28309
28310
28309
28311
28314
28310
28311
28316
28317
28316
28317
28318
28317
28318
28316
28317
28316
28318
28323
28324
28325
28326
28323
28325
28323
28324
28328
28324
28325
28330
28331
28330
28331
28332
28331
28332
28330
28331
28330
28332
28334
28335
28355
28359
28339
28340
28339
28340
28340
28345
28346
28348
28344
28345
28349
28344
28346
28352
28351
28352
28353
28352
28353
28351
28352
28351
28353
28358
28359
28360
28358
28359
28358
28360
28359
28360
28365
28366
28367
28374
28381
28365
28366
28375
28365
28367
28366
28367
28382
28379
28380
28384
28385
28371
28372
28373
28374
28381
28371
28373
28371
28372
28377
28378
28380
28384
28386
28378
28379
28380
28379
28380
28378
28379
28378
28380
28384
28385
28386
28384
28385
28418
28385
28386
28419
28421
28390
28391
28399
28403
28391
28400
28390
28391
28404
28407
28402
28409
28396
28397
28398
28399
28403
28396
28397
28396
28398
28401
28397
28398
28406
28408
28402
28409
28402
28402
28402
28407
28408
28409
28407
28409
28407
28408
28408
28409
28414
28415
28416
28417
28414
28416
28414
28415
28415
28416
28420
28422
28423
28421
28422
28423
28421
28422
28421
28423
28422
28423
28428
28429
28428
28429
28428
28429
28434
28435
28436
28435
28436
28434
28435
28434
28436
28441
28442
28443
28441
28442
28441
28443
28442
28443
28447
28448
28460
28447
28461
28504
28447
28448
28506
28465
28507
28451
28452
28460
28451
28452
28464
28457
28458
28459
28457
28459
28525
28457
28458
28512
28458
28459
28513
28526
28515
28528
28464
28465
28466
28465
28466
28464
28465
28464
28466
28470
28471
28470
28472
28471
28472
28474
28475
28476
28476
28475
28476
28481
28482
28483
28491
28496
28481
28483
28481
28482
28497
28505
28482
28483
28506
28493
28500
28502
28509
28495
28488
28489
28490
28491
28496
28489
28490
28488
28489
28488
28490
28498
28493
28500
28494
28501
28493
28494
28495
28494
28495
28500
28501
28502
28500
28502
28500
28501
28501
28502
28507
28508
28509
28507
28508
28508
28509
28507
28509
28514
28515
28516
28514
28516
28514
28515
28515
28516
28521
28522
28523
28521
28522
28522
28523
28521
28523
28528
28529
28528
28529
28528
28529
28534
28535
28536
28535
28536
28534
28535
28534
28536
28541
28542
28543
28542
28543
28541
28542
28541
28543
28547
28548
28555
28562
28547
28558
28547
28548
28565
28560
28567
28568
28553
28554
28553
28554
28577
28591
28553
28578
28554
28592
28581
28595
28559
28560
28561
28559
28560
28559
28561
28598
28560
28561
28599
28566
28567
28568
28566
28567
28566
28568
28642
28567
28568
28643
28644
28573
28574
28575
28576
28573
28575
28573
28574
28578
28574
28575
28580
28581
28580
28581
28582
28581
28582
28580
28581
28580
28582
28587
28588
28589
28590
28587
28589
28587
28588
28592
28588
28589
28594
28595
28594
28595
28596
28595
28596
28594
28595
28594
28596
28600
28622
28623
28600
28602
28603
28607
28609
28610
28608
28609
28610
28608
28609
28608
28610
28609
28610
28614
28615
28621
28614
28616
28614
28622
28620
28627
28619
28620
28620
28619
28619
28620
28625
28626
28627
28626
28627
28625
28626
28625
28627
28631
28632
28633
28631
28632
28632
28633
28638
28639
28640
28638
28640
28661
28638
28639
28639
28640
28662
28645
28646
28648
28644
28645
28649
28644
28646
28652
28651
28652
28653
28652
28653
28651
28652
28651
28653
28658
28659
28660
28658
28660
28661
28658
28659
28659
28660
28663
28662
28663
28667
28668
28667
28668
28668
28672
28694
28695
28757
28672
28758
28674
28675
28679
28681
28682
28680
28681
28682
28680
28682
28680
28681
28681
28682
28686
28687
28693
28686
28688
28686
28694
28692
28698
28691
28692
28692
28691
28691
28692
28697
28698
28699
28697
28698
28697
28699
28698
28699
28703
28704
28705
28704
28705
28703
28704
28710
28711
28712
28711
28712
28803
28710
28711
28710
28712
28804
28716
28717
28716
28717
28717
28722
28723
28724
28732
28722
28724
28722
28723
28739
28723
28724
28733
28740
28735
28742
28737
28729
28730
28731
28732
28729
28731
28729
28730
28745
28730
28731
28734
28746
28736
28748
28737
28735
28736
28737
28735
28737
28736
28737
28741
28743
28741
28742
28742
28743
28747
28749
28747
28748
28748
28749
28753
28754
28755
28768
28753
28758
28753
28754
28770
28761
28772
28774
28759
28760
28761
28760
28761
28759
28760
28759
28761
28766
28767
28766
28767
28783
28797
28766
28784
28767
28798
28787
28801
28772
28773
28774
28772
28773
28772
28774
28812
28773
28774
28813
28814
28779
28780
28781
28782
28779
28780
28779
28781
28780
28781
28784
28786
28787
28786
28787
28788
28787
28788
28786
28787
28786
28788
28793
28794
28795
28796
28793
28795
28793
28794
28798
28794
28795
28800
28801
28800
28801
28802
28801
28802
28800
28801
28800
28802
28804
28805
28818
28822
28809
28810
28809
28810
28810
28815
28816
28825
28814
28815
28814
28816
28826
28829
28821
28822
28823
28821
28822
28821
28823
28822
28823
28828
28829
28830
28829
28830
28828
28829
28828
28830
28833
28834
28835
28833
28834
28840
28841
28840
28840
28841
28841
28846
28847
28846
28846
28847
28847
28850
28851
28852
28850
28851
28857
28858
28857
28858
28857
28858
28863
28864
28863
28863
28864
28864
28868
28869
28870
28883
28868
28873
28868
28869
28885
28876
28887
28889
28874
28875
28876
28875
28876
28874
28875
28874
28876
28881
28882
28881
28882
28898
28912
28881
28899
28882
28913
28901
28915
28887
28888
28889
28887
28888
28887
28889
28964
28888
28889
28965
28966
28894
28895
28896
28897
28894
28896
28894
28895
28895
28896
28899
28901
28903
28901
28902
28903
28901
28902
28901
28903
28902
28903
28908
28909
28910
28911
28909
28910
28908
28909
28913
28908
28910
28915
28917
28915
28916
28917
28915
28916
28915
28917
28916
28917
28921
28922
28921
28922
29097
28921
29102
28927
28928
28929
28937
28927
28928
28927
28929
28944
28928
28929
28938
28945
28940
28941
28948
28934
28935
28936
28937
28934
28936
28934
28935
28939
28950
28935
28936
28951
28940
28942
28953
28940
28941
28942
28940
28941
28940
28942
28946
28947
28946
28948
28947
28948
28952
28954
29140
28952
28953
28953
28954
29142
29144
28956
28957
28970
28974
28961
28962
28961
28962
28962
28967
28968
28977
28966
28967
28966
28968
28978
28981
28973
28974
28975
28973
28974
28973
28975
28974
28975
28980
28981
28982
28981
28982
28980
28981
28980
28982
28987
28988
28989
28996
29003
28987
28988
28997
28987
28989
28988
28989
29004
29001
29002
29006
29007
28993
28994
28995
28996
29003
28993
28995
28993
28994
28999
29000
29002
29006
29008
29000
29001
29002
29001
29002
29000
29001
29000
29002
29006
29007
29008
29006
29007
29040
29007
29008
29041
29043
29012
29013
29021
29025
29013
29022
29012
29013
29026
29029
29024
29031
29018
29019
29020
29021
29025
29018
29019
29018
29020
29023
29019
29020
29028
29030
29024
29031
29024
29024
29024
29029
29030
29031
29029
29031
29029
29030
29030
29031
29036
29037
29038
29039
29036
29038
29036
29037
29037
29038
29042
29044
29045
29043
29044
29045
29043
29044
29043
29045
29044
29045
29050
29051
29050
29051
29050
29051
29056
29057
29058
29057
29058
29056
29057
29056
29058
29063
29064
29065
29063
29064
29063
29065
29064
29065
29069
29070
29082
29069
29070
29126
29069
29083
29128
29086
29129
29075
29076
29077
29075
29077
29224
29075
29076
29134
29076
29077
29135
29225
29137
29227
29080
29081
29082
29080
29081
29154
29088
29156
29086
29087
29088
29086
29087
29086
29088
29161
29087
29088
29162
29163
29093
29094
29095
29103
29110
29094
29095
29126
29093
29094
29104
29127
29093
29095
29107
29112
29109
29130
29114
29100
29101
29102
29103
29110
29101
29102
29100
29101
29105
29100
29102
29107
29112
29108
29113
29107
29108
29109
29107
29109
29107
29108
29108
29109
29112
29113
29114
29113
29114
29118
29120
29178
29118
29119
29122
29119
29120
29180
29123
29124
29182
29124
29123
29124
29129
29130
29131
29129
29130
29130
29131
29129
29131
29136
29137
29138
29136
29138
29136
29137
29137
29138
29143
29144
29145
29143
29144
29143
29145
29144
29145
29150
29151
29152
29159
29166
29150
29151
29160
29150
29152
29151
29152
29167
29164
29165
29169
29170
29156
29157
29158
29159
29166
29156
29158
29156
29157
29162
29163
29165
29169
29171
29163
29164
29165
29164
29165
29163
29164
29163
29165
29169
29170
29171
29169
29170
29203
29170
29171
29204
29206
29175
29176
29184
29191
29175
29176
29185
29176
29192
29188
29190
29194
29181
29182
29183
29184
29191
29181
29182
29181
29183
29187
29182
29183
29193
29189
29190
29194
29188
29189
29190
29188
29190
29188
29189
29189
29190
29194
29194
29194
29199
29200
29201
29202
29200
29201
29379
29199
29200
29205
29199
29201
29380
29207
29208
29382
29206
29207
29208
29206
29207
29206
29208
29207
29208
29213
29214
29215
29214
29215
29213
29214
29213
29215
29220
29221
29222
29220
29221
29220
29222
29221
29222
29227
29228
29227
29228
29227
29228
29232
29233
29245
29232
29246
29289
29232
29233
29291
29250
29292
29236
29237
29245
29236
29237
29249
29242
29243
29244
29242
29244
29310
29242
29243
29297
29243
29244
29298
29311
29300
29313
29249
29250
29251
29250
29251
29249
29250
29249
29251
29255
29256
29255
29257
29256
29257
29259
29260
29261
29261
29260
29261
29266
29267
29268
29276
29281
29266
29268
29266
29267
29282
29290
29267
29268
29291
29278
29285
29287
29294
29280
29273
29274
29275
29276
29281
29274
29275
29273
29274
29273
29275
29283
29278
29285
29279
29286
29278
29279
29280
29279
29280
29285
29286
29287
29285
29287
29285
29286
29286
29287
29292
29293
29294
29292
29293
29293
29294
29292
29294
29299
29300
29301
29299
29301
29299
29300
29300
29301
29306
29307
29308
29306
29307
29307
29308
29306
29308
29313
29314
29313
29314
29313
29314
29319
29320
29321
29320
29321
29319
29320
29319
29321
29326
29327
29328
29327
29328
29326
29327
29326
29328
29333
29334
29335
29342
29349
29333
29334
29333
29335
29343
29334
29335
29350
29346
29352
29347
29353
29339
29340
29341
29342
29349
29340
29341
29398
29339
29340
29345
29347
29353
29348
29399
29354
29346
29347
29348
29346
29347
29346
29348
29410
29347
29348
29411
29412
29352
29353
29354
29352
29353
29386
29352
29354
29387
29389
29358
29359
29367
29374
29358
29359
29368
29359
29375
29371
29373
29377
29364
29365
29366
29367
29374
29364
29366
29415
29364
29365
29370
29365
29366
29376
29417
29372
29373
29377
29419
29371
29372
29373
29371
29373
29371
29372
29372
29373
29377
29377
29377
29382
29383
29384
29385
29382
29384
29382
29383
29383
29384
29388
29390
29391
29389
29390
29391
29389
29390
29389
29391
29390
29391
29395
29396
29408
29395
29409
29453
29395
29396
29454
29413
29455
29399
29400
29408
29399
29400
29412
29405
29406
29407
29405
29407
29487
29405
29406
29460
29406
29407
29461
29488
29463
29490
29412
29413
29414
29413
29414
29412
29413
29412
29414
29418
29419
29418
29420
29422
29419
29420
29423
29424
29424
29423
29424
29429
29430
29431
29439
29446
29429
29430
29440
29452
29430
29431
29454
29429
29431
29443
29448
29445
29457
29449
29436
29437
29438
29439
29446
29437
29438
29652
29436
29437
29441
29436
29438
29443
29448
29444
29450
29655
29443
29444
29445
29443
29445
29443
29444
29444
29445
29448
29449
29450
29449
29450
29455
29456
29457
29456
29457
29455
29456
29455
29457
29462
29463
29464
29462
29464
29462
29463
29463
29464
29469
29470
29471
29469
29471
29682
29469
29470
29470
29471
29684
29686
29476
29477
29478
29477
29478
29476
29477
29476
29478
29483
29484
29485
29484
29485
29483
29484
29483
29485
29490
29491
29490
29491
29490
29491
29495
29496
29503
29510
29495
29506
29495
29496
29513
29508
29515
29516
29501
29502
29501
29502
29525
29539
29501
29526
29502
29540
29529
29543
29507
29508
29509
29507
29508
29507
29509
29546
29508
29509
29547
29514
29515
29516
29514
29515
29514
29516
29590
29515
29516
29591
29592
29521
29522
29523
29524
29521
29523
29521
29522
29526
29522
29523
29528
29529
29528
29529
29530
29529
29530
29528
29529
29528
29530
29535
29536
29537
29538
29535
29537
29535
29536
29540
29536
29537
29542
29543
29542
29543
29544
29543
29544
29542
29543
29542
29544
29548
29570
29571
29548
29550
29551
29555
29557
29558
29556
29557
29558
29556
29557
29556
29558
29557
29558
29562
29563
29569
29562
29564
29562
29570
29568
29575
29567
29568
29568
29567
29568
29567
29573
29574
29575
29574
29575
29573
29574
29573
29575
29579
29580
29581
29579
29580
29580
29581
29586
29587
29588
29586
29588
29609
29586
29587
29587
29588
29610
29593
29594
29596
29592
29593
29597
29592
29594
29600
29599
29600
29601
29600
29601
29599
29600
29599
29601
29606
29607
29608
29606
29608
29609
29606
29607
29607
29608
29611
29610
29611
29615
29616
29615
29616
29616
29619
29620
29621
29619
29620
29626
29627
29626
29627
29626
29627
29632
29633
29632
29632
29633
29633
29636
29637
29638
29636
29637
29643
29644
29643
29643
29644
29644
29649
29650
29649
29649
29650
29650
29654
29655
29654
29655
29654
29660
29661
29662
29670
29660
29661
29660
29662
29671
29677
29661
29662
29678
29673
29674
29681
29667
29668
29669
29670
29667
29668
29667
29669
29672
29683
29668
29669
29684
29673
29675
29687
29673
29674
29675
29673
29674
29673
29675
29679
29680
29679
29681
29680
29681
29685
29686
29685
29687
29686
29687
29691
29707
29708
29691
29693
29694
29698
29700
29701
29699
29700
29701
29699
29701
29699
29700
29700
29701
29705
29706
29713
29705
29707
29705
29714
29712
29718
29710
29711
29712
29711
29712
29710
29711
29710
29712
29717
29718
29718
29717
29718
29717
29722
29723
29724
29722
29723
29723
29724
29729
29730
29731
29729
29731
29752
29729
29730
29730
29731
29753
29736
29737
29739
29735
29736
29740
29735
29737
29743
29742
29743
29744
29743
29744
29742
29743
29742
29744
29749
29750
29751
29749
29751
29752
29749
29750
29750
29751
29754
29753
29754
29758
29759
29758
29759
29758
29763
29764
29765
29778
29763
29768
29763
29764
29780
29771
29782
29784
29769
29770
29771
29770
29771
29769
29770
29769
29771
29776
29777
29776
29777
29793
29807
29776
29794
29777
29808
29796
29810
29782
29783
29784
29782
29783
29782
29784
29859
29783
29784
29860
29861
29789
29790
29791
29792
29789
29791
29789
29790
29790
29791
29794
29796
29798
29796
29797
29798
29796
29797
29796
29798
29797
29798
29803
29804
29805
29806
29804
29805
29803
29804
29808
29803
29805
29810
29812
29810
29811
29812
29810
29811
29810
29812
29811
29812
29816
29817
29816
29817
29909
29816
29914
29822
29823
29824
29832
29822
29823
29822
29824
29839
29823
29824
29833
29840
29835
29836
29843
29829
29830
29831
29832
29829
29831
29829
29830
29834
29845
29830
29831
29846
29835
29837
29848
29835
29836
29837
29835
29836
29835
29837
29841
29842
29841
29843
29842
29843
29847
29849
29952
29847
29848
29848
29849
29954
29956
29851
29852
29865
29869
29856
29857
29856
29857
29857
29862
29863
29872
29861
29862
29861
29863
29873
29876
29868
29869
29870
29868
29869
29868
29870
29869
29870
29875
29876
29877
29876
29877
29875
29876
29875
29877
29881
29882
29894
29881
29882
29938
29881
29895
29940
29898
29941
29887
29888
29889
29887
29889
30036
29887
29888
29946
29888
29889
29947
30037
29949
30039
29892
29893
29894
29892
29893
29966
29900
29968
29898
29899
29900
29898
29899
29898
29900
29973
29899
29900
29974
29975
29905
29906
29907
29915
29922
29906
29907
29938
29905
29906
29916
29939
29905
29907
29919
29924
29921
29942
29926
29912
29913
29914
29915
29922
29913
29914
29912
29913
29917
29912
29914
29919
29924
29920
29925
29919
29920
29921
29919
29921
29919
29920
29920
29921
29924
29925
29926
29925
29926
29930
29932
29990
29930
29931
29934
29931
29932
29992
29935
29936
29994
29936
29935
29936
29941
29942
29943
29941
29942
29942
29943
29941
29943
29948
29949
29950
29948
29950
29948
29949
29949
29950
29955
29956
29957
29955
29956
29955
29957
29956
29957
29962
29963
29964
29971
29978
29962
29963
29962
29964
29972
29963
29964
29979
29976
29981
29977
29982
29968
29969
29970
29971
29978
29968
29970
29968
29969
29974
29975
29977
29982
29983
29975
29976
29977
29976
29977
29975
29976
29975
29977
29981
29982
29983
29981
29982
30015
29981
29983
30016
30018
29987
29988
29996
30003
29987
29988
29997
29988
30004
30000
30002
30006
29993
29994
29995
29996
30003
29993
29994
29993
29995
29999
29994
29995
30005
30001
30002
30006
30000
30001
30002
30000
30002
30000
30001
30001
30002
30006
30006
30006
30011
30012
30013
30014
30012
30013
30091
30011
30012
30017
30011
30013
30092
30019
30020
30094
30018
30019
30020
30018
30019
30018
30020
30019
30020
30025
30026
30027
30026
30027
30025
30026
30025
30027
30032
30033
30034
30032
30033
30032
30034
30033
30034
30039
30040
30039
30040
30039
30040
30045
30046
30047
30054
30061
30045
30046
30045
30047
30055
30046
30047
30062
30058
30064
30059
30065
30051
30052
30053
30054
30061
30052
30053
30117
30051
30052
30057
30059
30065
30060
30118
30066
30058
30059
30060
30058
30059
30058
30060
30122
30059
30060
30123
30124
30064
30065
30066
30064
30065
30098
30064
30066
30099
30101
30070
30071
30079
30086
30070
30071
30080
30071
30087
30083
30085
30089
30076
30077
30078
30079
30086
30076
30078
30153
30076
30077
30082
30077
30078
30088
30155
30084
30085
30089
30157
30083
30084
30085
30083
30085
30083
30084
30084
30085
30089
30089
30089
30094
30095
30096
30097
30094
30096
30094
30095
30095
30096
30100
30102
30103
30101
30102
30103
30101
30102
30101
30103
30102
30103
30107
30108
30120
30107
30108
30165
30107
30121
30166
30125
30167
30113
30114
30115
30113
30115
30199
30113
30114
30172
30114
30115
30173
30200
30175
30202
30118
30119
30120
30118
30119
30124
30124
30125
30126
30125
30126
30124
30125
30124
30126
30131
30132
30133
30141
30148
30131
30132
30142
30164
30132
30133
30165
30131
30133
30145
30150
30147
30168
30151
30138
30139
30140
30141
30148
30139
30140
30249
30138
30139
30143
30138
30140
30145
30150
30146
30152
30252
30145
30146
30147
30145
30147
30145
30146
30146
30147
30150
30151
30152
30151
30152
30156
30157
30156
30158
30160
30157
30158
30161
30162
30162
30161
30162
30167
30168
30169
30168
30169
30167
30168
30167
30169
30174
30175
30176
30174
30176
30174
30175
30175
30176
30181
30182
30183
30181
30183
30279
30181
30182
30182
30183
30281
30283
30188
30189
30190
30189
30190
30188
30189
30188
30190
30195
30196
30197
30196
30197
30195
30196
30195
30197
30202
30203
30202
30203
30202
30203
30207
30223
30224
30207
30209
30210
30214
30216
30217
30215
30216
30217
30215
30217
30215
30216
30216
30217
30221
30222
30229
30221
30223
30221
30230
30228
30234
30226
30227
30228
30227
30228
30226
30227
30226
30228
30233
30234
30234
30233
30234
30233
30238
30239
30240
30238
30239
30239
30240
30245
30246
30247
30245
30247
30305
30245
30246
30246
30247
30306
30251
30252
30251
30252
30251
30257
30258
30259
30267
30257
30258
30257
30259
30268
30274
30258
30259
30275
30270
30271
30278
30264
30265
30266
30267
30264
30265
30264
30266
30269
30280
30265
30266
30281
30270
30272
30284
30270
30271
30272
30270
30271
30270
30272
30276
30277
30276
30278
30277
30278
30282
30283
30282
30284
30283
30284
30289
30290
30299
30288
30289
30288
30290
30300
30303
30295
30296
30297
30295
30297
30305
30295
30296
30296
30297
30307
30302
30303
30304
30303
30304
30302
30303
30302
30304
30306
30307
30311
30312
30311
30312
30311
30316
30317
30316
30318
32423
32424
32425
32459
30317
30318
32426
32427
32428
32466
30319
32461
30319
32468
30319
32429
32430
32431
32463
32470
32464
32471
30323
30324
32480
32795
32796
32797
30323
30326
30342
30324
30326
30343
32487
32798
32799
32800
30325
32483
30325
32484
32489
32801
32802
32803
30326
32485
32490
30347
32493
30330
30331
32501
32804
32805
32806
30330
30333
30370
30331
30333
30371
32508
32807
32808
32809
30332
32504
30332
32505
32510
32810
32811
32812
30333
32506
32511
30375
32514
30336
30339
30355
32522
32813
32814
32815
30336
30340
30376
32529
32816
32817
32818
30337
32524
32531
32819
32820
32821
30339
30340
32525
32532
30339
30340
30359
30380
30360
32528
30381
32535
30344
30345
32432
32433
32434
32543
30345
30347
30344
30347
32435
32436
32437
32550
30346
32438
32439
32440
32546
32552
30346
32547
30347
32548
32553
32555
30351
30352
30351
30353
32564
32822
32823
32824
30352
30353
32571
32825
32826
32827
30354
32566
30354
32573
30354
32568
32575
32828
32829
32830
32569
32576
30357
30360
32585
32831
32832
32833
30357
30361
30397
32592
32834
32835
32836
30358
32587
32594
32837
32838
32839
30360
30361
32588
32595
30360
30361
30401
32590
30402
32598
30365
30366
32606
32840
32841
32842
30365
30368
30405
30366
30368
30406
32613
32843
32844
32845
30367
32609
30367
32610
32615
32846
32847
32848
30368
32611
32616
30410
32619
30372
30373
32441
32442
32443
32627
30373
30375
30372
30375
32444
32445
32446
32634
30374
32447
32448
32449
32630
32636
30374
32631
30375
32632
32637
32639
30378
30381
32648
32849
32850
32851
30378
30382
30398
32655
32852
32853
32854
30379
32650
32657
32855
32856
32857
30381
30382
32651
32658
30381
30382
30401
32653
30403
32661
30386
30387
30386
30388
32669
32858
32859
32860
30387
30388
32676
32861
32862
32863
30389
32671
30389
32678
30389
32673
32680
32864
32865
32866
32674
32681
30393
30394
32690
32867
32868
32869
30393
30396
30412
30394
30396
30413
32697
32870
32871
32872
30395
32693
30395
32694
32699
32873
32874
32875
30396
32695
32700
30417
32703
30399
30402
32450
32451
32452
32711
30399
30403
32453
32454
32455
32718
30400
32456
32457
32458
32713
32720
30402
30403
32714
32721
30402
30403
32716
32723
30407
30408
32732
32876
32877
32878
30407
30410
30408
30410
32739
32879
32880
32881
30409
32735
30409
32736
32741
32882
32883
32884
30410
32737
32742
32744
30414
30415
32753
32885
32886
32887
30414
30417
30415
30417
32760
32888
32889
32890
30416
32756
30416
32757
32762
32891
32892
32893
30417
32758
32763
32765
30421
30422
30421
30423
32774
32894
32895
32896
30422
30423
32781
32897
32898
32899
30424
32776
30424
32783
30424
32778
32785
32900
32901
32902
32779
32786
30427
30839
30427
30429
31095
30430
30430
31091
30430
31100
30433
32795
30433
32798
32797
32800
30436
32804
30436
32807
32806
32809
30439
30443
32813
30439
30464
32816
32815
32818
30442
32822
30442
32825
32824
32827
30445
32831
30445
32834
32833
32836
30448
32840
30448
30474
32843
32842
32845
30451
31937
30451
31940
31939
31942
30454
31913
31946
30454
30906
31949
31948
31951
30457
31955
30457
30912
31958
31957
31960
30460
30890
30460
30462
31140
30463
30463
31136
30463
31145
30466
32849
30466
32852
32851
32854
30469
32858
30469
32861
32860
32863
30472
32867
30472
30477
32870
32869
32872
30475
32876
30475
32879
32878
32881
30478
32885
30478
32888
32887
32890
30481
32894
30481
32897
32896
32899
30484
32018
30484
30909
32021
32020
32023
30487
31991
32027
30487
30948
32030
32029
32032
30490
32036
30490
30951
32039
32038
32041
30493
32045
30493
32048
32047
32050
30496
31976
32054
30496
30954
32057
32056
32059
30499
32063
30499
30960
32066
32065
32068
30502
32000
32072
30502
30972
32075
32074
32077
30505
32081
30505
30957
32084
32083
32086
30508
32090
30508
30975
32093
32092
32095
30511
31856
30511
30515
31161
30517
30514
31874
30514
30516
31170
30517
30517
31164
30517
31173
30521
30522
30521
30523
30522
30523
30524
30524
30524
30528
30529
30528
30530
30529
30530
30531
30531
30531
30535
30536
30535
30537
30536
30537
30538
30538
30538
30542
30543
30542
30544
30543
30544
30545
30545
30545
30549
30550
30549
30551
30550
30551
30552
30552
30552
30556
30557
30556
30558
30557
30558
30559
30559
30559
30563
30564
30563
30565
30564
30565
30566
30566
30566
30570
30571
30570
30572
30571
30572
30573
30573
30573
30576
31775
30576
30580
31188
30582
30579
31811
30579
30581
31197
30582
30582
31191
30582
31200
30585
31802
30585
30589
31215
30591
30588
31553
30588
30590
31224
30591
30591
31218
30591
31227
30594
31847
30594
30598
31242
30600
30597
31589
30597
30599
31251
30600
30600
31245
30600
31254
30604
30607
30605
30607
30604
30605
30608
30606
30611
30606
30612
30607
30614
30611
30612
30611
30613
30612
30613
30614
30614
30614
30618
30619
30618
30621
30619
30621
30620
30620
30621
30625
30626
30625
30628
32099
32100
32101
30626
30628
30636
32102
32103
32104
30627
30627
30638
30628
30639
30642
32105
32106
32107
30633
30634
30635
30639
30633
30635
32108
32109
32110
32459
30633
30634
31615
32460
30634
30635
30640
31616
32111
32112
32113
32461
30641
31617
30642
32114
32115
32116
30638
30642
32117
32118
32119
30638
30641
31621
30639
30641
30642
30641
30642
31624
32120
32121
32122
31625
32123
32124
32125
30646
30647
30646
30649
30647
30649
30648
30648
30649
30653
30654
30653
30656
32180
32181
32182
30654
30656
30664
32183
32184
32185
30655
30655
30666
30656
30667
30670
32186
32187
32188
30661
30662
30663
30667
30661
30663
32189
32190
32191
32564
30661
30662
31636
32565
30662
30663
30668
31637
32192
32193
32194
32566
30669
31638
30670
32195
32196
32197
30666
30670
32198
32199
32200
30666
30669
31642
30667
30669
30670
30669
30670
31645
32201
32202
32203
31646
32204
32205
32206
30674
30675
30674
30677
30675
30677
30676
30676
30677
30681
30682
30681
30684
32207
32208
32209
30682
30684
30692
32210
32211
32212
30683
30683
30694
30684
30695
30698
32213
32214
32215
30689
30690
30691
30695
30689
30691
32216
32217
32218
32466
30689
30690
31650
32467
30690
30691
30696
31651
32219
32220
32221
32468
30697
31652
30698
32222
32223
32224
30694
30698
32225
32226
32227
30694
30697
31663
30695
30697
30698
30697
30698
31666
32228
32229
32230
31667
32231
32232
32233
30702
30703
30702
30705
31937
31938
31939
30703
30705
30713
31940
31941
31942
30704
30704
30715
30705
30716
30718
31943
31944
31945
30710
30711
30712
30716
30710
30711
31946
31947
31948
32571
30710
30712
31671
32572
30711
30712
30717
31672
31949
31950
31951
32573
30718
31952
31953
31954
30719
31673
30715
30718
31955
31956
31957
30715
30719
31684
30716
30718
30719
30718
30719
31687
31958
31959
31960
31961
31962
31963
31688
30723
30724
30723
30726
30724
30726
30725
30725
30726
30730
30731
30730
30733
30731
30733
30732
30732
30733
30737
30738
30737
30740
32315
32316
32317
30738
30740
30748
32318
32319
32320
30739
30739
30750
30740
30751
30754
32321
32322
32323
30745
30746
30747
30751
30745
30747
32324
32325
32326
32669
30745
30746
31699
32670
30746
30747
30752
31700
32327
32328
32329
32671
30753
31701
30754
32330
32331
32332
30750
30754
32333
32334
32335
30750
30753
31705
30751
30753
30754
30753
30754
31708
32336
32337
32338
31709
32339
32340
32341
30758
30759
30758
30761
32342
32343
32344
30759
30761
30769
32345
32346
32347
30760
30760
30771
30761
30772
30775
32348
32349
32350
30766
30767
30768
30772
30766
30768
32351
32352
32353
32774
30766
30767
31720
32775
30767
30768
30773
31721
32354
32355
32356
32776
30774
31723
30775
32357
32358
32359
30771
30775
32360
32361
32362
30771
30774
31726
30772
30774
30775
30774
30775
31729
32363
32364
32365
31731
32366
32367
32368
30779
30780
30779
30782
30780
30782
30781
30781
30782
30786
30787
30786
30789
32045
32046
32047
30787
30789
30797
32048
32049
32050
30788
30788
30799
30789
30800
30802
32051
32052
32053
30794
30795
30796
30800
30794
30795
32054
32055
32056
32676
30794
30796
31734
32677
30795
30796
30801
31735
32057
32058
32059
32678
30802
32060
32061
32062
30803
31736
30799
30802
32063
32064
32065
30799
30803
31747
30800
30802
30803
30802
30803
31750
32066
32067
32068
32069
32070
32071
31751
30807
30808
30807
30810
30808
30810
30809
30809
30810
30814
30815
30814
30817
32396
32397
32398
30815
30817
30825
32399
32400
32401
30816
30816
30827
30817
30828
30831
32402
32403
32404
30822
30823
30824
30828
30822
30824
32405
32406
32407
32781
30822
30823
31755
32782
30823
30824
30829
31756
32408
32409
32410
32783
30830
31758
30831
32411
32412
32413
30827
30831
32414
32415
32416
30827
30830
31768
30828
30830
30831
30830
30831
31771
32417
32418
32419
31773
32420
32421
32422
30835
30836
30835
30838
30836
30838
30837
30837
30838
30841
30841
30843
31272
30844
30844
31268
30844
31277
30847
32099
30847
32102
32101
32104
30850
31535
32108
30850
30858
32111
32110
32113
30853
32117
30853
30861
32120
32119
32122
30856
32126
30856
30864
32129
32128
32131
30859
31883
32135
30859
32138
32137
32140
30862
32144
30862
32147
32146
32149
30865
32153
30865
32156
32155
32158
30868
31544
32162
30868
30876
32165
32164
32167
30871
32171
30871
30879
32174
32173
32176
30874
32180
30874
32183
32182
32185
30877
31910
32189
30877
32192
32191
32194
30880
32198
30880
32201
32200
32203
30883
32207
30883
32210
32209
32212
30886
31538
32216
30886
30897
32219
32218
32221
30889
32225
30889
30903
32228
32227
32230
30892
30892
30894
31317
30895
30895
31313
30895
31322
30898
31892
32234
30898
32237
32236
32239
30901
32243
30901
30921
32246
32245
32248
30904
32252
30904
32255
32254
32257
30907
31928
32261
30907
32264
32263
32266
30910
32270
30910
32273
32272
32275
30913
32279
30913
32282
32281
32284
30916
30938
30916
30918
31362
30919
30919
31358
30919
31367
30922
32288
30922
32291
32290
32293
30925
31562
32297
30925
30933
32300
32299
32302
30928
32306
30928
30936
32309
32308
32311
30931
32315
30931
32318
32317
32320
30934
31973
32324
30934
32327
32326
32329
30937
32333
30937
32336
32335
32338
30940
30940
30942
31407
30943
30943
31403
30943
31412
30946
32342
30946
32345
32344
32347
30949
32009
32351
30949
32354
32353
32356
30952
32360
30952
32363
32362
32365
30955
31982
32369
30955
32372
32371
32374
30958
32378
30958
32381
32380
32383
30961
32387
30961
32390
32389
32392
30964
30977
30964
30966
31473
30967
30967
31469
30967
31478
30970
32396
30970
32399
32398
32401
30973
32012
32405
30973
32408
32407
32410
30976
32414
30976
32417
32416
32419
30979
30979
30981
31497
30982
30982
31493
30982
31502
30986
30989
30986
30987
30990
30987
30989
30988
30994
30988
30995
30989
30996
30994
30995
30993
30994
30993
30995
30996
30996
30996
31001
31003
31000
31003
31000
31001
31004
31002
31007
31002
31008
31003
31010
31007
31008
31007
31009
31008
31009
31010
31010
31010
31014
31017
31014
31015
31018
31015
31017
31016
31022
31016
31023
31017
31024
31022
31023
31021
31022
31021
31023
31024
31024
31024
31028
31029
31032
31028
31031
31029
31031
31030
31036
31030
31037
31031
31038
31036
31037
31035
31036
31035
31037
31038
31038
31038
31043
31045
31042
31045
31042
31043
31046
31044
31049
31044
31050
31045
31052
31049
31050
31049
31051
31050
31051
31052
31052
31052
31056
31057
31060
31056
31059
31057
31059
31058
31064
31058
31065
31059
31066
31064
31065
31063
31064
31063
31065
31066
31066
31066
31069
31265
31069
31080
31072
31072
31076
31078
31075
32102
31075
31077
31083
31078
31078
31078
31086
31081
31280
31081
31085
31087
31084
32117
31084
31086
31087
31087
31087
31090
31289
31090
31092
31104
31093
31093
31093
31109
31096
31271
31096
31100
31102
31099
32153
31099
31101
31107
31102
31102
31102
31110
31105
31301
31105
31109
31111
31108
32171
31108
31110
31111
31111
31111
31114
31114
31118
31120
31117
32210
31117
31119
31125
31120
31120
31120
31130
31123
31310
31123
31128
31126
32225
31126
31130
31132
31129
31325
31129
31131
31132
31132
31132
31135
31379
31135
31137
31149
31138
31138
31138
31154
31141
31316
31141
31145
31147
31144
32288
31144
31146
31152
31147
31147
31147
31155
31150
31391
31150
31154
31156
31153
32306
31153
31155
31156
31156
31156
31159
31159
31163
31176
31165
31162
32342
31162
31164
31165
31165
31181
31165
31168
31168
31172
31179
31174
31171
32396
31171
31173
31174
31174
31182
31174
31177
31177
31181
31183
31180
31180
31182
31183
31183
31183
31186
31186
31190
31203
31192
31189
32099
31189
31191
31192
31192
31208
31192
31195
31195
31199
31206
31201
31198
32207
31198
31200
31201
31201
31209
31201
31204
31204
31208
31210
31207
31207
31209
31210
31210
31210
31213
31213
31217
31230
31219
31216
32180
31216
31218
31219
31219
31235
31219
31222
31222
31226
31233
31228
31225
31937
31225
31227
31228
31228
31236
31228
31231
31231
31235
31237
31234
31234
31236
31237
31237
31237
31240
31240
31244
31257
31246
31243
32315
31243
31245
31246
31246
31262
31246
31249
31249
31253
31260
31255
31252
32045
31252
31254
31255
31255
31263
31255
31258
31258
31262
31264
31261
31261
31263
31264
31264
31264
31267
31267
31269
31281
31270
31270
31270
31286
31273
31273
31277
31279
31276
32126
31276
31278
31284
31279
31279
31279
31287
31282
31282
31286
31288
31285
32144
31285
31287
31288
31288
31288
31291
31291
31302
31294
31294
31298
31300
31297
32183
31297
31299
31305
31300
31300
31300
31308
31303
31303
31307
31309
31306
32198
31306
31308
31309
31309
31309
31312
31312
31314
31326
31315
31315
31315
31331
31318
31318
31322
31324
31321
32243
31321
31323
31329
31324
31324
31324
31332
31327
31327
31331
31333
31330
32252
31330
31332
31333
31333
31333
31336
31336
31340
31342
31339
31940
31339
31341
31347
31342
31342
31342
31352
31345
31355
31345
31350
31348
31955
31348
31352
31354
31351
31370
31351
31353
31354
31354
31354
31357
31357
31359
31371
31360
31360
31360
31376
31363
31406
31363
31367
31369
31366
32270
31366
31368
31374
31369
31369
31369
31377
31372
31372
31376
31378
31375
32279
31375
31377
31378
31378
31378
31381
31381
31392
31384
31384
31388
31390
31387
32318
31387
31389
31395
31390
31390
31390
31398
31393
31393
31397
31399
31396
32333
31396
31398
31399
31399
31399
31402
31424
31402
31404
31416
31405
31405
31405
31421
31408
31408
31412
31414
31411
32018
31411
31413
31419
31414
31414
31414
31422
31417
31436
31417
31421
31423
31420
32036
31420
31422
31423
31423
31423
31426
31426
31437
31429
31429
31433
31435
31432
32345
31432
31434
31440
31435
31435
31435
31443
31438
31438
31442
31444
31441
32360
31441
31443
31444
31444
31444
31447
31447
31451
31453
31450
32048
31450
31452
31458
31453
31453
31453
31463
31456
31466
31456
31461
31459
32063
31459
31463
31465
31462
31481
31462
31464
31465
31465
31465
31468
31468
31470
31482
31471
31471
31471
31487
31474
31496
31474
31478
31480
31477
32378
31477
31479
31485
31480
31480
31480
31488
31483
31483
31487
31489
31486
32387
31486
31488
31489
31489
31489
31492
31523
31492
31494
31506
31495
31495
31495
31511
31498
31498
31502
31504
31501
32081
31501
31503
31509
31504
31504
31504
31512
31507
31529
31507
31511
31513
31510
32090
31510
31512
31513
31513
31513
31516
31516
31520
31522
31519
32399
31519
31521
31527
31522
31522
31522
31532
31525
31525
31530
31528
32414
31528
31532
31534
31531
31531
31533
31534
31534
31534
31537
32903
31537
31884
32906
32905
32908
31540
32912
31540
31893
32915
32914
32917
31543
31889
32921
31543
31898
32924
32923
32926
31546
32930
31546
31911
32933
32932
32935
31549
31886
32939
31549
31920
32942
32941
32944
31552
31916
32948
31552
31925
32951
32950
32953
31555
31555
31559
31938
31561
31558
32825
31558
31560
31947
31561
31561
31943
31561
31952
31564
32957
31564
31974
32960
32959
32962
31567
31895
32966
31567
31965
32969
32968
32971
31570
31979
32975
31570
31970
32978
32977
32980
31573
31922
32984
31573
31995
32987
32986
32989
31576
31967
32993
31576
32004
32996
32995
32998
31579
31998
33002
31579
32007
33005
33004
33007
31582
31832
31582
31586
32022
31588
31585
32876
31585
31587
32028
31588
31588
32025
31588
32033
31591
31591
31595
32046
31597
31594
32861
31594
31596
32055
31597
31597
32051
31597
32060
31600
32885
31600
31604
32073
31606
31603
31868
31603
31605
32085
31606
31606
32078
31606
32088
31609
31613
31628
31609
31611
31622
32126
32127
32128
31612
31623
31611
31613
31631
32129
32130
32131
31612
31626
32132
32133
32134
31613
31627
31634
31618
31620
32135
32136
32137
32480
31617
31620
32481
31617
31618
31624
32138
32139
32140
31619
31625
31619
31626
32141
32142
32143
31620
31627
32483
31623
31625
31623
31626
32144
32145
32146
31627
31625
31626
32147
32148
32149
31627
31627
32150
32151
32152
31630
31634
31630
31632
31643
32153
32154
32155
31633
31644
31632
31634
32156
32157
32158
31633
31647
32159
32160
32161
31634
31648
31639
31641
32162
32163
32164
32543
31638
31641
32544
31638
31639
31645
32165
32166
32167
31640
31646
31640
31647
32168
32169
32170
31641
31648
32547
31644
31646
31644
31647
32171
32172
32173
31648
31646
31647
32174
32175
32176
31648
31648
32177
32178
32179
31653
31655
32234
32235
32236
32501
31652
31655
32502
31652
31653
31666
32237
32238
32239
31654
31667
31654
31668
32240
32241
32242
31655
31669
32504
31658
31662
31691
31658
31660
31664
32243
32244
32245
31661
31665
31660
31662
31694
32246
32247
32248
31661
31668
32249
32250
32251
31662
31669
31697
31665
31667
31665
31668
32252
32253
32254
31669
31667
31668
32255
32256
32257
31669
31669
32258
32259
32260
31674
31676
32261
32262
32263
32606
31673
31676
32607
31673
31674
31687
32264
32265
32266
31675
31688
31675
31689
32267
32268
32269
31676
31690
32609
31679
31683
31712
31679
31681
31685
32270
32271
32272
31682
31686
31681
31683
31715
32273
32274
32275
31682
31689
32276
32277
32278
31683
31690
31718
31686
31688
31686
31689
32279
32280
32281
31690
31688
31689
32282
32283
32284
31690
31690
32285
32286
32287
31693
31697
31693
31695
31706
32288
32289
32290
31696
31707
31695
31697
32291
32292
32293
31696
31710
32294
32295
32296
31697
31711
31702
31704
32297
32298
32299
32627
31701
31704
32628
31701
31702
31708
32300
32301
32302
31703
31709
31703
31710
32303
32304
32305
31704
31711
32631
31707
31709
31707
31710
32306
32307
32308
31711
31709
31710
32309
32310
32311
31711
31711
32312
32313
32314
31714
31718
31714
31716
31727
32018
32019
32020
31717
31728
31716
31718
32021
32022
32023
31717
31730
32024
32025
32026
31718
31732
31722
31725
32027
32028
32029
32732
31723
31725
32733
31722
31723
31729
32030
32031
32032
31724
31730
32033
32034
32035
31724
31731
31725
31732
32735
31728
31731
31728
31730
32036
32037
32038
31732
31730
31731
32039
32040
32041
31732
32042
32043
32044
31732
31737
31739
32369
32370
32371
32690
31736
31739
32691
31736
31737
31750
32372
32373
32374
31738
31751
31738
31752
32375
32376
32377
31739
31753
32693
31742
31746
31761
31742
31744
31748
32378
32379
32380
31745
31749
31744
31746
31764
32381
32382
32383
31745
31752
32384
32385
32386
31746
31753
31767
31749
31751
31749
31752
32387
32388
32389
31753
31751
31752
32390
32391
32392
31753
31753
32393
32394
32395
31757
31760
32072
32073
32074
32753
31758
31760
32754
31757
31758
31771
32075
32076
32077
31759
31772
32078
32079
32080
31759
31773
31760
31774
32756
31763
31767
31763
31765
31769
32081
32082
32083
31766
31770
31765
31767
32084
32085
32086
31766
31772
32087
32088
32089
31767
31774
31770
31773
31770
31772
32090
32091
32092
31774
31772
31773
32093
32094
32095
31774
32096
32097
32098
31774
31777
31777
31781
32100
31783
31780
32423
31780
31782
32109
31783
31783
32105
31783
32114
31786
31793
31786
31790
32130
31792
31789
32795
31789
31791
32136
31792
31792
32133
31792
32141
31795
31795
31799
32157
31801
31798
32432
31798
31800
32163
31801
31801
32160
31801
32168
31804
31804
31808
32181
31810
31807
32822
31807
31809
32190
31810
31810
32186
31810
32195
31813
31813
31817
32208
31819
31816
32426
31816
31818
32217
31819
31819
32213
31819
32222
31822
32804
31822
31826
32235
31828
31825
31838
31825
31827
32247
31828
31828
32240
31828
32250
31831
32840
31831
31835
32262
31837
31834
31834
31836
32274
31837
31837
32267
31837
32277
31840
31840
31844
32292
31846
31843
32441
31843
31845
32298
31846
31846
32295
31846
32303
31849
31849
31853
32316
31855
31852
32858
31852
31854
32325
31855
31855
32321
31855
32330
31858
31858
31862
32343
31864
31861
32894
31861
31863
32352
31864
31864
32348
31864
32357
31867
32867
31867
31871
32370
31873
31870
31870
31872
32382
31873
31873
32375
31873
32385
31876
31876
31880
32397
31882
31879
32897
31879
31881
32406
31882
31882
32402
31882
32411
31885
33011
31885
33014
33013
33016
31888
33020
31888
31902
33023
33022
33025
31891
33029
31891
31907
33032
33031
33034
31894
33038
31894
33041
33040
33043
31897
33047
31897
31905
33050
33049
33052
31900
33056
31900
31908
33059
33058
33061
31903
31919
33065
31903
33068
33067
33070
31906
31964
33074
31906
33077
33076
33079
31909
33083
31909
33086
33085
33088
31912
33092
31912
33095
33094
33097
31915
33101
31915
31929
33104
33103
33106
31918
33110
31918
31934
33113
33112
33115
31921
33119
31921
33122
33121
33124
31924
33128
31924
31932
33131
33130
33133
31927
33137
31927
31935
33140
33139
33142
31930
33146
31930
33149
33148
33151
31933
31994
33155
31933
33158
33157
33160
31936
33164
31936
33167
33166
33169
31939
31939
31943
31945
31942
31942
31944
31956
31945
31945
31945
31961
31948
33101
31948
31952
31954
31951
32264
31951
31953
31959
31954
31954
31954
31962
31957
31957
31961
31963
31960
32282
31960
31962
31963
31963
31963
31966
33173
31966
33176
33175
33178
31969
33182
31969
31986
33185
33184
33187
31972
33191
31972
31989
33194
33193
33196
31975
33200
31975
33203
33202
33205
31978
33209
31978
31983
33212
33211
33214
31981
33218
31981
31988
33221
33220
33223
31984
33227
31984
33230
33229
33232
31987
32003
33236
31987
33239
33238
33241
31990
33245
31990
33248
33247
33250
31993
33254
31993
32010
33257
33256
33259
31996
33263
31996
33266
33265
33268
31999
32015
33272
31999
33275
33274
33277
32002
33281
32002
32013
33284
33283
33286
32005
33290
32005
33293
33292
33295
32008
32016
33299
32008
33302
33301
33304
32011
33308
32011
33311
33310
33313
32014
33317
32014
33320
33319
33322
32017
33326
32017
33329
33328
33331
32020
32020
32024
32037
32026
32023
32273
32023
32025
32026
32026
32042
32026
32029
33254
32029
32033
32035
32032
32354
32032
32034
32040
32035
32035
32035
32043
32038
32038
32042
32044
32041
32363
32041
32043
32044
32044
32044
32047
32047
32051
32053
32050
32050
32052
32064
32053
32053
32053
32069
32056
33209
32056
32060
32062
32059
32372
32059
32061
32067
32062
32062
32062
32070
32065
32065
32069
32071
32068
32390
32068
32070
32071
32071
32071
32074
33281
32074
32078
32080
32077
32408
32077
32079
32094
32080
32080
32080
32097
32083
32083
32087
32091
32089
32086
32381
32086
32088
32089
32089
32096
32089
32092
32092
32096
32098
32095
32417
32095
32097
32098
32098
32098
32101
32101
32105
32107
32104
32104
32106
32118
32107
32107
32107
32123
32110
32903
32110
32114
32116
32113
32138
32113
32115
32121
32116
32116
32116
32124
32119
32119
32123
32125
32122
32147
32122
32124
32125
32125
32125
32128
32128
32132
32145
32134
32131
32156
32131
32133
32134
32134
32150
32134
32137
33011
32137
32141
32143
32140
32140
32142
32148
32143
32143
32143
32151
32146
32146
32150
32152
32149
32149
32151
32152
32152
32152
32155
32155
32159
32172
32161
32158
32158
32160
32161
32161
32177
32161
32164
32930
32164
32168
32170
32167
32192
32167
32169
32175
32170
32170
32170
32178
32173
32173
32177
32179
32176
32201
32176
32178
32179
32179
32179
32182
32182
32186
32188
32185
32185
32187
32199
32188
32188
32188
32204
32191
33092
32191
32195
32197
32194
32194
32196
32202
32197
32197
32197
32205
32200
32200
32204
32206
32203
32203
32205
32206
32206
32206
32209
32209
32213
32215
32212
32212
32214
32226
32215
32215
32215
32231
32218
32912
32218
32222
32224
32221
32237
32221
32223
32229
32224
32224
32224
32232
32227
32227
32231
32233
32230
32255
32230
32232
32233
32233
32233
32236
33038
32236
32240
32242
32239
32239
32241
32256
32242
32242
32242
32259
32245
32245
32249
32253
32251
32248
32291
32248
32250
32251
32251
32258
32251
32254
32254
32258
32260
32257
32257
32259
32260
32260
32260
32263
33146
32263
32267
32269
32266
32266
32268
32283
32269
32269
32269
32286
32272
32272
32276
32280
32278
32275
32275
32277
32278
32278
32285
32278
32281
32281
32285
32287
32284
32284
32286
32287
32287
32287
32290
32290
32294
32307
32296
32293
32293
32295
32296
32296
32312
32296
32299
32957
32299
32303
32305
32302
32327
32302
32304
32310
32305
32305
32305
32313
32308
32308
32312
32314
32311
32336
32311
32313
32314
32314
32314
32317
32317
32321
32323
32320
32320
32322
32334
32323
32323
32323
32339
32326
33200
32326
32330
32332
32329
32329
32331
32337
32332
32332
32332
32340
32335
32335
32339
32341
32338
32338
32340
32341
32341
32341
32344
32344
32348
32350
32347
32347
32349
32361
32350
32350
32350
32366
32353
33308
32353
32357
32359
32356
32356
32358
32364
32359
32359
32359
32367
32362
32362
32366
32368
32365
32365
32367
32368
32368
32368
32371
33227
32371
32375
32377
32374
32374
32376
32391
32377
32377
32377
32394
32380
32380
32384
32388
32386
32383
32383
32385
32386
32386
32393
32386
32389
32389
32393
32395
32392
32392
32394
32395
32395
32395
32398
32398
32402
32404
32401
32401
32403
32415
32404
32404
32404
32420
32407
33317
32407
32411
32413
32410
32410
32412
32418
32413
32413
32413
32421
32416
32416
32420
32422
32419
32419
32421
32422
32422
32422
32425
32425
32429
32904
32431
32428
32428
32430
32913
32431
32431
32909
32431
32918
32434
32434
32438
32931
32440
32437
32798
32437
32439
32940
32440
32440
32936
32440
32945
32443
32443
32447
32958
32449
32446
32807
32446
32448
32967
32449
32449
32963
32449
32972
32452
32834
32452
32456
32985
32458
32455
32852
32455
32457
32994
32458
32458
32990
32458
32999
32461
32463
32903
32904
32905
32461
32465
32481
32464
32463
32465
32473
32482
32906
32907
32908
32464
32475
32909
32910
32911
32465
32476
32478
32486
32468
32470
32912
32913
32914
32468
32472
32502
32471
32470
32472
32474
32503
32915
32916
32917
32471
32475
32918
32919
32920
32472
32476
32479
32507
32475
32478
32494
32921
32922
32923
32475
32479
32515
32924
32925
32926
32476
32927
32928
32929
32478
32479
32478
32479
32498
32519
32499
32520
32483
32484
33011
33012
33013
32483
32486
32484
32486
32494
33014
33015
33016
32485
32485
32496
33017
33018
33019
32486
32497
32499
32489
32493
32550
33020
33021
33022
32489
32492
32495
32523
33023
33024
33025
32490
32496
33026
33027
33028
32492
32493
32497
32492
32493
32526
32554
32500
32527
32555
32496
32499
33029
33030
33031
32496
32500
32536
33032
33033
33034
32497
33035
33036
33037
32499
32500
32499
32500
32540
32541
32504
32505
33038
33039
33040
32504
32507
32505
32507
32515
33041
33042
33043
32506
32506
32517
33044
33045
33046
32507
32518
32520
32510
32514
32634
33047
33048
33049
32510
32513
32516
32530
33050
33051
33052
32511
32517
33053
33054
33055
32513
32514
32518
32513
32514
32533
32638
32521
32534
32639
32517
32520
33056
33057
33058
32517
32521
32537
33059
33060
33061
32518
33062
33063
33064
32520
32521
32520
32521
32540
32542
32524
32528
32585
33065
33066
33067
32524
32527
32536
33068
33069
33070
32525
32538
33071
33072
33073
32527
32528
32539
32527
32528
32589
32541
32590
32531
32535
32648
33074
33075
33076
32531
32534
32537
33077
33078
33079
32532
32538
33080
33081
33082
32534
32535
32539
32534
32535
32652
32542
32653
32538
32541
33083
33084
33085
32538
32542
33086
33087
33088
32539
33089
33090
33091
32541
32542
32541
32542
32546
32547
32930
32931
32932
32547
32549
32565
32546
32549
32557
32567
32933
32934
32935
32548
32559
32936
32937
32938
32548
32549
32560
32562
32570
32552
32555
32939
32940
32941
32552
32556
32558
32586
32942
32943
32944
32553
32559
32945
32946
32947
32555
32556
32560
32555
32556
32589
32563
32591
32559
32562
32578
32948
32949
32950
32559
32563
32599
32951
32952
32953
32560
32954
32955
32956
32562
32563
32562
32563
32582
32603
32583
32604
32566
32568
33092
33093
33094
32566
32570
32569
32568
32570
32578
33095
33096
33097
32569
32580
33098
33099
33100
32570
32581
32583
32573
32575
33101
33102
33103
32573
32577
32607
32576
32575
32577
32579
32608
33104
33105
33106
32576
32580
33107
33108
33109
32577
32581
32584
32612
32580
32583
33110
33111
33112
32580
32584
32620
33113
33114
33115
32581
33116
33117
33118
32583
32584
32583
32584
32624
32625
32587
32590
33119
33120
33121
32587
32591
32599
33122
33123
33124
32588
32601
33125
33126
33127
32590
32591
32602
32590
32591
32604
32594
32598
32711
33128
33129
33130
32594
32597
32600
32614
33131
33132
33133
32595
32601
33134
33135
33136
32597
32598
32602
32597
32598
32617
32715
32605
32618
32716
32601
32604
33137
33138
33139
32601
32605
32621
33140
33141
33142
32602
33143
33144
33145
32604
32605
32604
32605
32624
32626
32609
32610
33146
33147
33148
32609
32612
32610
32612
32620
33149
33150
33151
32611
32611
32622
33152
33153
33154
32612
32623
32625
32615
32619
32739
33155
33156
33157
32615
32618
32621
33158
33159
33160
32616
32622
33161
33162
33163
32618
32619
32623
32618
32619
32743
32626
32744
32622
32625
33164
33165
33166
32622
32626
33167
33168
33169
32623
33170
33171
33172
32625
32626
32625
32626
32630
32631
32957
32958
32959
32631
32633
32670
32630
32633
32641
32672
32960
32961
32962
32632
32643
32963
32964
32965
32632
32633
32644
32647
32675
32636
32639
32966
32967
32968
32636
32640
32642
32649
32969
32970
32971
32637
32643
32972
32973
32974
32639
32640
32644
32639
32640
32652
32646
32654
32643
32647
32683
32975
32976
32977
32643
32646
32662
32978
32979
32980
32644
32981
32982
32983
32646
32647
32646
32647
32666
32687
32667
32688
32650
32653
33173
33174
33175
32650
32654
32662
33176
33177
33178
32651
32664
33179
33180
33181
32653
32654
32665
32653
32654
32667
32657
32661
32718
33182
33183
33184
32657
32660
32663
32698
33185
33186
33187
32658
32664
33188
33189
33190
32660
32661
32665
32660
32661
32701
32722
32668
32702
32723
32664
32667
33191
33192
33193
32664
32668
32705
33194
33195
33196
32665
33197
33198
33199
32667
32668
32667
32668
32708
32709
32671
32673
33200
33201
33202
32671
32675
32674
32673
32675
32683
33203
33204
33205
32674
32685
33206
33207
33208
32675
32686
32688
32678
32680
33209
33210
33211
32678
32682
32691
32681
32680
32682
32684
32692
33212
33213
33214
32681
32685
33215
33216
33217
32682
32686
32689
32696
32685
32688
33218
33219
33220
32685
32689
32704
33221
33222
33223
32686
33224
33225
33226
32688
32689
32688
32689
32708
32710
32693
32694
33227
33228
33229
32693
32696
32694
32696
32704
33230
33231
33232
32695
32695
32706
33233
33234
33235
32696
32707
32710
32699
32703
32760
33236
33237
33238
32699
32702
32705
33239
33240
33241
32700
32706
33242
33243
33244
32702
32703
32707
32702
32703
32764
32709
32765
32706
32710
33245
33246
33247
32706
32709
33248
33249
33250
32707
33251
33252
33253
32709
32710
32709
32710
32713
32716
32984
32985
32986
32713
32717
32725
32740
32987
32988
32989
32714
32727
32990
32991
32992
32716
32717
32728
32716
32717
32743
32730
32745
32720
32723
32993
32994
32995
32720
32724
32726
32761
32996
32997
32998
32721
32727
32999
33000
33001
32723
32724
32728
32723
32724
32764
32731
32766
32727
32730
32747
33002
33003
33004
32727
32731
32768
33005
33006
33007
32728
33008
33009
33010
32730
32731
32730
32731
32750
32771
32751
32772
32735
32736
33254
33255
33256
32735
32738
32775
32736
32738
32746
32777
33257
33258
33259
32737
32737
32748
33260
33261
33262
32738
32749
32752
32780
32741
32744
33263
33264
33265
32741
32745
32747
33266
33267
33268
32742
32748
33269
33270
33271
32744
32745
32749
32744
32745
32751
32748
32752
32788
33272
33273
33274
32748
32751
33275
33276
33277
32749
33278
33279
33280
32751
32752
32751
32752
32792
32793
32756
32757
33281
33282
33283
32756
32759
32782
32757
32759
32767
32784
33284
33285
33286
32758
32758
32769
33287
33288
33289
32759
32770
32773
32787
32762
32765
33290
33291
33292
32762
32766
32768
33293
33294
33295
32763
32769
33296
33297
33298
32765
32766
32770
32765
32766
32772
32769
32773
32789
33299
33300
33301
32769
32772
33302
33303
33304
32770
33305
33306
33307
32772
32773
32772
32773
32792
32794
32776
32778
33308
33309
33310
32776
32780
32779
32778
32780
32788
33311
33312
33313
32779
32790
33314
33315
33316
32780
32791
32793
32783
32785
33317
33318
33319
32783
32787
32786
32785
32787
32789
33320
33321
33322
32786
32790
33323
33324
33325
32787
32791
32794
32790
32793
33326
33327
33328
32790
32794
33329
33330
33331
32791
33332
33333
33334
32793
32794
32793
32794
32797
32797
32801
33012
32803
32800
32800
32802
33021
32803
32803
33017
32803
33026
32806
32806
32810
33039
32812
32809
32809
32811
33048
32812
32812
33044
32812
33053
32815
32831
32815
32819
33066
32821
32818
32849
32818
32820
33075
32821
32821
33071
32821
33080
32824
32824
32828
33093
32830
32827
32827
32829
33102
32830
32830
33098
32830
33107
32833
32833
32837
33120
32839
32836
32836
32838
33129
32839
32839
33125
32839
33134
32842
32842
32846
33147
32848
32845
32879
32845
32847
33156
32848
32848
33152
32848
33161
32851
32851
32855
33174
32857
32854
32854
32856
33183
32857
32857
33179
32857
33188
32860
32860
32864
33201
32866
32863
32863
32865
33210
32866
32866
33206
32866
33215
32869
32869
32873
33228
32875
32872
32888
32872
32874
33237
32875
32875
33233
32875
33242
32878
32878
32882
33255
32884
32881
32881
32883
33264
32884
32884
33260
32884
33269
32887
32887
32891
33282
32893
32890
32890
32892
33291
32893
32893
33287
32893
33296
32896
32896
32900
33309
32902
32899
32899
32901
33318
32902
32902
33314
32902
33323
32905
32905
32909
32911
32908
33014
32908
32910
32922
32911
32911
32911
32927
32914
32914
32918
32920
32917
33041
32917
32919
32925
32920
32920
32920
32928
32923
33029
32923
32927
32929
32926
33056
32926
32928
32929
32929
32929
32932
32932
32936
32938
32935
33095
32935
32937
32949
32938
32938
32938
32954
32941
33020
32941
32945
32947
32944
33122
32944
32946
32952
32947
32947
32947
32955
32950
33110
32950
32954
32956
32953
33137
32953
32955
32956
32956
32956
32959
32959
32963
32965
32962
33203
32962
32964
32976
32965
32965
32965
32981
32968
33047
32968
32972
32974
32971
33176
32971
32973
32979
32974
32974
32974
32982
32977
33218
32977
32981
32983
32980
33191
32980
32982
32983
32983
32983
32986
33128
32986
32990
32992
32989
33266
32989
32991
33003
32992
32992
32992
33008
32995
33182
32995
32999
33001
32998
33293
32998
33000
33006
33001
33001
33001
33009
33004
33275
33004
33008
33010
33007
33302
33007
33009
33010
33010
33010
33013
33013
33017
33019
33016
33016
33018
33030
33019
33019
33019
33035
33022
33022
33026
33028
33025
33068
33025
33027
33033
33028
33028
33028
33036
33031
33031
33035
33037
33034
33083
33034
33036
33037
33037
33037
33040
33040
33044
33046
33043
33043
33045
33057
33046
33046
33046
33062
33049
33049
33053
33055
33052
33077
33052
33054
33060
33055
33055
33055
33063
33058
33058
33062
33064
33061
33086
33061
33063
33064
33064
33064
33067
33119
33067
33071
33073
33070
33070
33072
33084
33073
33073
33073
33089
33076
33173
33076
33080
33082
33079
33079
33081
33087
33082
33082
33082
33090
33085
33085
33089
33091
33088
33088
33090
33091
33091
33091
33094
33094
33098
33100
33097
33097
33099
33111
33100
33100
33100
33116
33103
33103
33107
33109
33106
33149
33106
33108
33114
33109
33109
33109
33117
33112
33112
33116
33118
33115
33164
33115
33117
33118
33118
33118
33121
33121
33125
33127
33124
33124
33126
33138
33127
33127
33127
33143
33130
33130
33134
33136
33133
33158
33133
33135
33141
33136
33136
33136
33144
33139
33139
33143
33145
33142
33167
33142
33144
33145
33145
33145
33148
33148
33152
33154
33151
33151
33153
33165
33154
33154
33154
33170
33157
33263
33157
33161
33163
33160
33160
33162
33168
33163
33163
33163
33171
33166
33166
33170
33172
33169
33169
33171
33172
33172
33172
33175
33175
33179
33181
33178
33178
33180
33192
33181
33181
33181
33197
33184
33184
33188
33190
33187
33239
33187
33189
33195
33190
33190
33190
33198
33193
33193
33197
33199
33196
33248
33196
33198
33199
33199
33199
33202
33202
33206
33208
33205
33205
33207
33219
33208
33208
33208
33224
33211
33211
33215
33217
33214
33230
33214
33216
33222
33217
33217
33217
33225
33220
33220
33224
33226
33223
33245
33223
33225
33226
33226
33226
33229
33229
33233
33235
33232
33232
33234
33246
33235
33235
33235
33251
33238
33290
33238
33242
33244
33241
33241
33243
33249
33244
33244
33244
33252
33247
33247
33251
33253
33250
33250
33252
33253
33253
33253
33256
33256
33260
33262
33259
33311
33259
33261
33273
33262
33262
33262
33278
33265
33265
33269
33271
33268
33268
33270
33276
33271
33271
33271
33279
33274
33326
33274
33278
33280
33277
33277
33279
33280
33280
33280
33283
33283
33287
33289
33286
33320
33286
33288
33300
33289
33289
33289
33305
33292
33292
33296
33298
33295
33295
33297
33303
33298
33298
33298
33306
33301
33329
33301
33305
33307
33304
33304
33306
33307
33307
33307
33310
33310
33314
33316
33313
33313
33315
33327
33316
33316
33316
33332
33319
33319
33323
33325
33322
33322
33324
33330
33325
33325
33325
33333
33328
33328
33332
33334
33331
33331
33333
33334
33334
33334
33336
33339
33339
33344
33344
33346
33347
33350
33350
33352
33353
33355
33356
33358
33359
)


// ************************************************************************* //
