/*--------------------------------*- C++ -*----------------------------------*\
  =========                 |
  \\      /  F ield         | OpenFOAM: The Open Source CFD Toolbox
   \\    /   O peration     | Website:  https://openfoam.org
    \\  /    A nd           | Version:  12
     \\/     M anipulation  |
\*---------------------------------------------------------------------------*/
FoamFile
{
    format      ascii;
    class       labelList;
    location    "constant/air2/polyMesh";
    object      pointRegionAddressing;
}
// * * * * * * * * * * * * * * * * * * * * * * * * * * * * * * * * * * * * * //


58916
(
2208
2209
2210
2225
2226
2227
2228
2229
2242
2243
2244
2245
2246
2247
2248
2260
2261
2262
2263
2264
2265
2266
2278
2279
2280
2281
2282
2283
2284
2297
2298
2299
2300
2301
2316
2317
2318
2521
2522
2523
2524
2525
2539
2540
2541
2542
2543
2557
2558
2559
2560
2561
2575
2576
2577
2578
2579
2593
2594
2595
2596
2597
2819
2836
2837
2838
2853
2854
2855
2856
2857
2872
2873
2874
2891
5147
5148
5152
5153
5154
5155
5158
5159
5162
5163
5166
5167
5170
5171
5174
5175
5176
5177
5181
5182
5210
5211
5212
5213
5216
5217
5220
5221
5224
5225
5228
5229
5232
5233
5234
5235
5257
5258
5262
5263
5266
5267
5270
5271
5274
5275
5279
5280
6947
6950
6952
6955
6958
6971
6974
6975
6977
6980
6983
6996
6997
6999
7002
7015
7018
7032
7034
7037
7040
7052
7055
7057
7060
7063
7066
7078
7081
7084
7087
7090
7210
7211
7213
7214
7215
7216
7217
7218
7219
7220
7221
7223
7232
7233
7235
7236
7237
7238
7239
7240
7241
7242
7243
7244
7245
7246
7248
7257
7258
7259
7260
7261
7262
7263
7264
7266
7267
7277
7278
7279
7280
7281
7282
7283
7284
7286
7287
7296
7297
7298
7299
7300
7301
7302
7303
7305
7306
7313
7316
7317
7318
7319
7320
7321
7322
7323
7324
7325
7326
7327
7328
7329
7330
7340
7343
7345
7346
7348
7349
7351
7458
7461
7464
7476
7477
7479
7480
7481
7482
7483
7484
7485
7486
7488
7497
7500
7501
7502
7503
7504
7505
7506
7507
7508
7517
7520
7521
7522
7523
7524
7533
7536
7537
7538
7539
7540
7541
7542
7543
7544
7545
7546
7556
7559
7560
7561
7562
7563
7564
7565
7566
7567
7662
7663
7665
7668
7680
7681
7684
7687
7698
7701
7711
7714
7716
7717
7731
7734
9392
9393
9395
9396
9398
9399
9402
9412
9413
9415
9416
9417
9418
9419
9420
9421
9422
9423
9425
9432
9433
9435
9436
9437
9438
9439
9440
9441
9443
9450
9451
9453
9454
9455
9457
9466
9467
9469
9470
9471
9472
9473
9475
9481
9484
9485
9486
9487
9488
9489
9490
9491
9492
9500
9503
9504
9505
9506
9507
9508
9509
9510
9511
9512
9513
9524
9527
9530
9617
9620
9630
9631
9633
9634
9635
9636
9637
9638
9639
9640
9641
9642
9643
9644
9646
9653
9654
9655
9656
9657
9658
9660
9661
9666
9669
9670
9671
9672
9673
9674
9675
9680
9683
9684
9685
9686
9687
9688
9689
9697
9698
9699
9700
9701
9702
9703
9704
9705
9706
9708
9709
9714
9717
9719
9720
9721
9722
9723
9724
9725
9726
9728
9804
9805
9807
9808
9810
9811
9814
9821
9822
9824
9825
9826
9827
9828
9829
9830
9832
9839
9840
9842
9844
9853
9854
9856
9857
9858
9860
9866
9869
9870
9871
9872
9873
9874
9875
9876
9877
9885
9888
9891
10537
10538
10547
10548
10552
10553
10562
10563
10594
10595
10598
10599
10600
10601
10609
10611
10612
10613
10617
10618
10622
10653
10654
10658
10659
10660
10661
10663
10664
10665
10667
10668
10669
10673
10674
10675
10677
10678
11931
11936
11937
11942
11943
11949
11962
11963
11964
11965
11966
11969
11971
11972
11981
11982
11983
11988
11995
11997
12000
12002
12010
12012
12016
12018
12025
12027
12028
12032
12040
12041
12043
12044
12045
12049
12050
12051
12064
12069
12070
12076
12077
12083
12167
12171
12187
12191
12192
12194
12195
12196
12197
12198
12199
12200
12201
12202
12204
12206
12215
12216
12218
12219
12220
12221
12222
12224
12230
12233
12234
12235
12236
12238
12242
12247
12248
12249
12250
12260
12261
12262
12264
12265
12266
12267
12268
12269
12274
12280
12281
12282
12284
12285
12286
12287
12288
12289
12290
12291
12292
12293
12312
12377
12378
12382
12383
12386
12387
12388
12391
12392
12394
12395
12398
12402
12404
12408
12410
12411
12412
12413
12415
12417
12421
12425
12427
12429
12430
12431
12432
12434
12439
12441
12443
12444
12445
12446
12448
12451
12453
12455
12458
12459
12461
12462
12463
12464
12467
12469
12475
12479
12482
12483
12484
12485
12488
12489
12490
12491
12494
12497
14640
14689
14692
14739
14917
14919
14920
14921
14922
14923
14924
14925
14926
14927
14928
14929
14930
14931
14932
14933
14934
14935
14940
14954
14957
14958
14959
14960
14961
14962
14963
14964
14965
14966
14967
14968
14969
14970
14973
14985
14986
14987
14988
14989
14990
14991
14992
14993
14994
14995
14996
14997
14998
14999
15000
15013
15014
15015
15016
15017
15018
15019
15020
15021
15022
15036
15037
15038
15039
15040
15041
15042
15043
15044
15045
15046
15047
15048
15049
15050
15051
15052
15053
15066
15069
15070
15071
15072
15073
15074
15075
15076
15077
15078
15079
15080
15083
15097
15099
15102
15103
15104
15105
15106
15107
15108
15109
15110
15111
15112
15113
15114
15115
15116
15117
15118
15120
15289
15291
15295
15301
15318
15321
15322
15323
15324
15325
15326
15327
15328
15329
15330
15331
15333
15335
15336
15349
15352
15353
15354
15355
15356
15357
15358
15359
15360
15361
15362
15365
15373
15376
15379
15380
15381
15382
15383
15384
15385
15387
15397
15400
15401
15402
15403
15404
15405
15406
15407
15408
15409
15412
15425
15426
15428
15430
15431
15432
15433
15434
15435
15436
15437
15438
15439
15442
15459
15464
15465
15471
15629
15633
15635
15636
15638
15639
15641
15645
15665
15668
15671
15672
15673
15675
15676
15678
15694
15695
15696
15698
15700
15702
15703
15705
15706
15708
15723
15726
15729
15730
15731
15733
15735
15757
15758
15763
15764
15765
15768
15769
17691
17695
17696
17697
17698
17701
17702
17703
17704
17709
17726
17727
17728
17729
17730
17731
17732
17733
17734
17737
17739
17740
17750
17753
17754
17755
17756
17757
17758
17761
17770
17772
17773
17774
17776
17777
17779
17780
17790
17792
17793
17794
17796
17797
17799
17800
17808
17811
17812
17813
17814
17815
17816
17819
17830
17832
17834
17835
17836
17837
17838
17839
17840
17842
17843
17846
17860
17866
17867
17868
17870
17872
17873
17874
17876
17878
18017
18018
18019
18020
18021
18022
18023
18024
18025
18026
18027
18028
18029
18030
18031
18032
18033
18034
18035
18036
18048
18049
18050
18051
18052
18053
18054
18055
18056
18057
18058
18059
18071
18072
18073
18074
18075
18076
18077
18078
18091
18092
18093
18094
18095
18096
18097
18098
18110
18111
18112
18113
18114
18115
18116
18117
18118
18119
18120
18121
18133
18134
18135
18136
18137
18138
18139
18140
18141
18142
18143
18144
18145
18146
18147
18148
18149
18150
18151
18152
18261
18263
18265
18266
18267
18268
18269
18271
18272
18273
18274
18279
18288
18291
18292
18293
18294
18295
18296
18297
18298
18299
18300
18301
18302
18305
18313
18314
18316
18317
18318
18319
18320
18321
18323
18324
18333
18334
18336
18337
18338
18339
18340
18341
18343
18344
18352
18355
18356
18357
18358
18359
18360
18361
18362
18363
18364
18365
18366
18369
18378
18383
18384
18385
18386
18388
18389
18390
18391
18392
18394
18396
21739
21740
21743
21744
21745
21748
21749
21750
21754
21755
21756
21765
21767
21801
21802
21803
21804
21808
21809
21818
21820
21846
21847
21848
21855
21856
21857
21888
21889
21890
21897
21898
21899
21931
21932
21933
21941
21942
21943
21973
21975
21980
21981
21988
21989
21998
21999
22029
22031
22039
22040
22041
22048
22049
22050
22058
22059
22060
22069
22070
22266
22307
22309
22311
22312
22313
22314
22319
22320
22321
22322
22323
22326
22327
22328
22329
22330
22332
22333
22334
22335
22337
22339
22340
22342
22344
22349
22350
22351
22352
22369
22370
22371
22372
22373
22375
22381
22382
22383
22384
22385
22386
22387
22388
22389
22390
22391
22392
22393
22394
22395
22396
22397
22398
22399
22400
22405
22406
22424
22425
22426
22427
22428
22431
22432
22433
22434
22439
22440
22441
22443
22445
22451
22461
22462
22463
22464
22466
22467
22468
22472
22473
22474
22475
22476
22478
22493
22494
22495
22497
22499
22501
22503
22504
22505
22506
22507
22508
22513
22514
22517
22518
22529
22530
22531
22532
22541
22542
22543
22544
22545
22546
22547
22548
22549
22550
22551
22552
22553
22554
22555
22556
22557
22558
22559
22560
22561
22562
22563
22564
22565
22566
22567
22568
22587
22588
22599
22600
22601
22606
22608
22610
22611
22612
22613
22617
22618
22619
22621
22622
22629
22630
22856
22858
22860
22861
22862
22863
22868
22870
22872
22873
22874
22875
22879
22884
22885
22886
22887
22915
22916
22917
22918
22919
22920
22921
22922
22925
22926
22927
22928
22929
22930
22931
22932
22933
22934
22935
22936
22937
22938
22939
22940
22941
22946
22947
22948
22949
22951
22953
22966
22967
22968
22969
22970
22972
22978
22979
22980
22981
22982
22983
22984
22985
22986
22987
22988
22989
22994
22995
23006
23007
23008
23009
23010
23012
23016
23018
23019
23020
23021
23022
23023
23024
23025
23026
23027
23032
23033
23037
23044
23045
23046
23047
23056
23057
23058
23059
23060
23061
23062
23063
23064
23065
23066
23067
23068
23069
23070
23071
23072
23073
23074
23075
23098
23099
23100
23101
23106
23108
23110
23111
23112
23113
23114
23115
23116
23117
23118
23119
23120
23121
23122
23123
23124
23125
23126
23127
23128
23129
23130
23131
23132
23133
23134
23135
23136
23145
23146
23167
23168
23179
23180
23187
23333
23336
23337
23343
23353
23354
23385
23386
23388
23395
23396
23402
23425
23435
23457
23458
23468
23469
23471
23472
23474
23475
23511
23522
26254
26255
26256
26258
26259
26260
26262
26263
26270
26294
26295
26296
26317
26318
26320
26321
26322
26324
26325
26326
26331
26344
26346
26347
26348
26350
26351
26354
26375
26376
26377
26378
26384
26407
26408
26410
26411
26413
26414
26417
26448
26451
26457
26611
26614
26615
26616
26617
26618
26619
26620
26621
26622
26623
26624
26625
26626
26627
26644
26647
26648
26650
26651
26652
26653
26654
26655
26656
26657
26658
26659
26660
26661
26662
26663
26664
26665
26666
26667
26668
26669
26670
26687
26688
26689
26690
26691
26692
26694
26696
26713
26714
26715
26716
26717
26718
26719
26720
26721
26723
26733
26734
26735
26736
26737
26738
26739
26740
26741
26742
26743
26744
26745
26746
26747
26748
26749
26750
26751
26752
26753
26754
26757
26775
26776
26777
26778
26779
26780
26781
26782
26783
26784
26787
26805
26806
26808
26811
26812
26813
26814
26818
26997
27000
27001
27003
27005
27006
27007
27008
27012
27032
27033
27034
27035
27036
27037
27038
27039
27040
27041
27042
27043
27044
27045
27046
27047
27048
27049
27050
27051
27053
27055
27067
27070
27071
27073
27074
27075
27076
27077
27078
27079
27080
27081
27082
27083
27084
27085
27086
27087
27094
27095
27097
27098
27099
27100
27101
27102
27103
27104
27105
27106
27107
27108
27109
27110
27111
27112
27113
27132
27135
27136
27137
27138
27139
27140
27141
27142
27143
27144
27145
27146
27147
27148
27149
27150
27151
27152
27166
27167
27169
27172
27173
27174
27175
27176
27177
27178
27179
27180
27181
27182
31071
31080
31082
31083
31088
31089
31092
31095
31096
31097
31098
31102
31103
31106
31110
31111
31112
31113
31117
31127
31130
31156
31158
31159
31162
31163
31165
31166
31168
31169
31170
31171
31172
31173
31174
31175
31176
31177
31178
31179
31180
31181
31185
31186
31190
31194
31195
31196
31198
31212
31218
31223
31224
31226
31227
31228
31229
31230
31232
31233
31234
31235
31236
31237
31241
31248
31261
31264
31267
31268
31269
31272
31273
31277
31282
31286
31287
31288
31302
31305
31307
31309
31310
31314
31315
31319
31323
31324
31329
31330
31337
31346
31349
31352
31353
31354
31355
31356
31357
31358
31359
31362
31363
31364
31365
31366
31367
31368
31369
31370
31394
31397
31400
31402
31403
31404
31408
31411
31413
31414
31415
31416
31417
31418
31419
31422
31423
31424
31425
31426
31427
31428
31429
31430
31432
31434
31438
31439
31468
31477
31486
31492
31494
31495
31496
31504
31510
31511
31513
31514
31751
31762
31765
31766
31770
31773
31777
31781
31786
31789
31817
31818
31819
31828
31829
31831
31832
31833
31834
31836
31837
31838
31840
31841
31842
31843
31844
31845
31846
31847
31848
31849
31850
31851
31852
31853
31854
31855
31857
31858
31859
31861
31862
31865
31866
31867
31868
31872
31879
31887
31895
31896
31897
31898
31899
31901
31902
31903
31904
31906
31907
31909
31910
31911
31912
31913
31914
31918
31919
31921
31930
31935
31936
31939
31942
31945
31946
31947
31948
31949
31950
31951
31952
31953
31954
31955
31956
31957
31958
31959
31960
31961
31973
31978
31982
31985
31988
31989
31990
31991
31992
31993
31994
31995
31996
31997
31998
31999
32000
32001
32002
32003
32004
32005
32027
32028
32030
32031
32032
32034
32035
32036
32039
32040
32041
32042
32043
32044
32048
32049
32053
32054
32055
32065
32074
32080
32081
32083
32084
32085
32086
32087
32088
32089
32093
32096
32097
32098
32099
32100
32101
32102
32103
32104
32105
32106
32107
32108
32109
32110
32111
32112
32113
32114
32115
32116
32117
32118
32119
32120
32121
32122
32126
32127
32128
32129
32130
32342
32344
32346
32347
32348
32355
32358
32360
32361
32362
32363
32365
32369
32371
32373
32375
32376
32377
32380
32383
32389
32390
32393
32400
32403
32412
32414
32416
32417
32418
32422
32427
32430
32431
32432
32433
32434
32436
32438
32439
32440
32441
32442
32443
32444
32445
32447
32448
32452
32453
32473
32474
32475
32476
32477
32479
32484
32486
32488
32489
32490
32492
32493
32494
32499
32513
32514
32516
32517
32520
32522
32527
32528
32529
32530
32535
32539
32547
32548
32552
32557
32562
32565
32566
32567
32568
32569
32570
32571
32572
32573
32575
32577
32578
32579
32580
32581
32582
32583
32584
32585
32586
32587
32589
32590
32592
32593
32617
32618
32632
32633
32634
32636
32637
32639
32640
32642
32650
32651
32652
32653
32657
32659
33121
33122
33130
33131
33157
33158
33159
33166
33167
33168
33171
33176
33177
33192
33196
33197
33200
33202
33203
33206
33210
33211
33212
34443
34450
34462
34463
34464
34466
34467
34468
34480
34481
34482
34483
34485
34486
34487
34491
34513
34517
34518
34519
34521
34522
34523
34526
34537
34538
34539
34541
34542
34543
34555
34564
34630
34632
34637
34643
34650
34653
34654
34655
34656
34657
34658
34659
34660
34664
34665
34668
34671
34674
34676
34678
34680
34683
34686
34691
34692
34693
34694
34695
34696
34697
34702
34707
34708
34709
34710
34711
34712
34713
34714
34719
34725
34727
34729
34731
34738
34741
34742
34745
34746
34747
34748
34749
34750
34751
34752
34754
34755
34760
34764
34772
34821
34824
34825
34826
34829
34831
34832
34834
34836
34841
34845
34846
34848
34849
34850
34851
34852
34854
34855
34863
34864
34865
34868
34870
34871
34873
34882
34884
34886
34888
34889
34891
34897
34900
34901
34902
34904
34905
34906
34907
34908
34909
34912
34920
34922
34924
34926
34927
34929
34932
36187
36188
36189
36192
36193
36194
36195
36198
36203
36204
36205
36207
36209
36210
36211
36220
36221
36224
36229
36230
36231
36234
36235
36236
36237
36238
36239
36249
36254
36256
36257
36258
36259
36260
36261
36267
36269
36271
36274
36275
36277
36334
36336
36338
36340
36341
36342
36345
36348
36361
36362
36363
36364
36365
36368
36369
36371
36374
36375
36378
36379
36381
36382
36383
36384
36387
36388
36390
36392
36393
36394
36395
36403
36409
36410
36411
36412
36413
36414
36415
36420
36421
36422
36424
36425
36426
41027
41031
41032
41033
41055
41056
41057
41058
41059
41060
41061
41082
41083
41084
41085
41086
41087
41088
41114
41115
41116
41123
41162
41163
41165
41167
41169
41170
41172
41174
41176
41177
41178
41179
41180
41181
41182
41183
41195
41196
41198
41200
41206
41207
41208
41209
41211
41213
41244
41250
41252
41253
41255
41256
41257
41258
41259
41260
41280
41283
41285
41286
41307
41308
41309
41310
41317
41318
41319
41334
41335
41336
41337
41344
41345
41346
41370
41371
41372
41379
41380
41381
41382
41398
41399
41400
41407
41408
41409
41410
41437
41438
41439
41445
41448
41449
41450
41451
41452
41453
41473
41474
41475
41484
41508
41509
41510
41512
41515
41516
41521
41522
41523
41525
41528
41529
41530
41531
41532
41533
41549
41550
41551
41552
41553
41555
41558
41559
41560
41562
41605
41609
41611
41612
41637
41638
41639
41640
41641
41642
41643
41671
41672
41673
41674
41675
41676
41677
41708
41710
41711
41717
41979
41980
41983
41985
41986
41989
41996
42000
42005
42006
42009
42012
42013
42016
42018
42022
42062
42068
42073
42074
42075
42076
42077
42086
42092
42093
42094
42095
42096
42103
42104
42106
42108
42109
42110
42111
42112
42113
42114
42115
42116
42117
42118
42119
42120
42121
42122
42125
42126
42127
42128
42130
42132
42133
42140
42141
42142
42145
42146
42147
42148
42149
42152
42161
42185
42186
42187
42188
42189
42196
42197
42198
42199
42200
42202
42204
42205
42206
42207
42209
42211
42212
42213
42214
42215
42216
42217
42224
42225
42227
42229
42243
42244
42247
42252
42253
42255
42263
42266
42269
42270
42271
42272
42273
42274
42275
42276
42280
42281
42283
42294
42297
42301
42302
42305
42309
42311
42313
42316
42320
42327
42328
42329
42330
42331
42332
42333
42334
42339
42341
42343
42348
42352
42374
42375
42376
42379
42380
42381
42382
42383
42386
42387
42394
42395
42396
42397
42398
42399
42400
42401
42402
42403
42406
42407
42408
42409
42412
42413
42414
42415
42416
42432
42433
42434
42435
42436
42439
42448
42458
42459
42460
42462
42463
42464
42465
42466
42467
42468
42469
42470
42477
42478
42479
42482
42483
42484
42485
42486
42487
42488
42489
42490
42491
42492
42493
42494
42495
42496
42497
42499
42501
42502
42503
42504
42505
42506
42509
42510
42518
42524
42531
42581
42582
42584
42597
42600
42604
42606
42608
42616
42619
42815
42822
42823
42825
42826
42827
42828
42838
42841
42844
42845
42847
42848
42851
42852
42859
42864
42866
42867
42869
42870
42871
42873
42875
42876
42878
42880
42882
42884
42885
42890
42892
42899
42901
42902
42904
42905
42907
42908
42909
42916
42917
42918
42921
42922
42924
42931
42934
42935
42941
42951
42952
42954
42957
42962
42963
42964
42970
42977
42980
42981
42983
42984
42987
42988
42989
42990
42992
42993
42994
42996
42997
42998
42999
43001
43002
43003
43004
43007
43008
43009
43010
43012
43013
43019
43020
43021
43024
43033
43037
43040
43041
43052
43053
43056
43057
43064
43065
43067
43068
43069
43071
43076
43078
43079
43081
43083
43084
43087
43088
43090
43091
43094
43095
43096
43098
43099
43100
43102
43109
43110
43112
43114
43119
43129
43131
43133
43135
43136
43140
43143
43145
43146
43148
43155
43156
43157
43159
43160
43162
43163
43165
43167
43169
43171
43173
43174
43176
43177
43179
43183
43186
43187
43188
43190
43191
43193
43202
43203
43204
43212
43213
43214
43221
43224
43225
43231
43234
43235
43237
43238
43239
43240
43243
43244
43245
43246
43248
43249
43250
43251
43253
43254
43255
43257
43258
43259
43260
43263
43264
43265
43267
43275
43276
43277
43285
43288
43289
43298
43308
43309
43310
43317
43326
43330
43333
43334
43341
43342
43345
43346
43348
43349
43351
43353
43354
43355
43357
43358
43360
43361
43363
43365
43372
43376
43379
43380
43382
43384
43385
43388
43389
43391
43392
43394
43396
43397
43398
43400
43401
43403
43407
43410
43419
43420
43421
43424
43436
43439
43440
43445
45531
45533
45585
45588
45814
45815
45816
45817
45818
45819
45820
45821
45822
45823
45824
45856
45857
45858
45859
45860
45861
45862
45863
45864
45865
45868
45869
45872
45873
45874
45875
45876
45877
45878
45879
45880
45881
45913
45914
45915
45916
45917
45918
45919
45920
45921
45922
45923
46054
46058
46078
46079
46080
46081
46082
46083
46084
46085
46086
46087
46088
46089
46090
46091
46092
46093
46094
46095
46096
46097
46098
46099
46114
46115
46116
46117
46118
46119
46133
46136
46139
46140
46141
46142
46143
46144
46145
46146
46147
46149
46167
46168
46169
46170
46171
46172
46187
46188
46189
46190
46191
46192
46193
46194
46195
46196
46197
46198
46199
46200
46201
46202
46203
46204
46205
46206
46207
46208
46226
46227
46303
46307
46309
46310
46312
46313
46314
46318
46327
46330
46333
46334
46335
46337
46338
46339
46341
46343
46353
46354
46355
46357
46358
46359
46360
46362
46369
46372
46375
46376
46377
46379
46380
46381
46383
46385
46397
46398
46403
46404
46405
46406
46408
46409
47843
47844
47845
47846
47849
47850
47851
47852
47863
47864
47865
47866
47867
47869
47870
47872
47873
47875
47876
47877
47878
47879
47887
47888
47890
47891
47900
47902
47903
47904
47906
47907
47909
47910
47914
47916
47917
47918
47920
47921
47923
47924
47933
47934
47936
47937
47945
47946
47947
47948
47949
47951
47952
47954
47955
47957
47958
47959
47960
47961
47972
47973
47974
47976
47978
47979
47980
47982
48063
48064
48065
48066
48067
48068
48069
48070
48071
48072
48073
48074
48085
48086
48087
48088
48089
48090
48091
48092
48093
48094
48104
48105
48116
48117
48127
48128
48129
48130
48131
48132
48133
48134
48135
48136
48147
48148
48149
48150
48151
48152
48153
48154
48155
48156
48157
48158
48237
48238
48239
48240
48241
48242
48243
48244
48245
48246
48247
48248
48263
48264
48265
48266
48267
48268
48276
48277
48278
48279
48280
48281
48282
48283
48284
48285
48286
48287
48290
48291
48292
48293
48294
48295
48296
48297
48298
48299
48300
48301
48309
48310
48311
48312
48313
48314
48329
48330
48331
48332
48333
48334
48335
48336
48337
48338
48339
48340
52217
52220
52221
52223
52226
52235
52237
52239
52270
52273
52274
52275
52276
52278
52279
52288
52290
52292
52322
52329
52395
52402
52433
52434
52436
52439
52440
52443
52444
52458
52459
52460
52488
52489
52491
52499
52511
52525
52526
52527
52755
52802
52803
52804
52806
52807
52808
52809
52810
52811
52812
52813
52820
52821
52822
52823
52824
52825
52826
52827
52829
52830
52831
52832
52833
52834
52835
52836
52837
52838
52839
52840
52841
52842
52843
52844
52845
52846
52848
52849
52850
52851
52852
52853
52855
52856
52857
52862
52863
52864
52865
52866
52867
52886
52887
52888
52889
52890
52891
52892
52893
52894
52896
52897
52904
52905
52906
52907
52908
52909
52910
52911
52912
52913
52914
52915
52916
52917
52918
52919
52920
52921
52922
52923
52927
52928
52929
52930
52932
52952
52953
52954
52955
52956
52957
52958
52959
52960
52962
52963
52964
52965
52966
52967
52968
52969
52976
52977
52978
52979
52980
52981
52982
52983
52985
52994
53000
53001
53002
53003
53004
53005
53006
53007
53008
53009
53010
53011
53012
53013
53014
53015
53021
53022
53023
53024
53025
53026
53027
53028
53029
53030
53045
53046
53047
53048
53049
53051
53052
53053
53054
53055
53057
53058
53059
53060
53061
53062
53063
53064
53065
53066
53073
53074
53075
53076
53078
53079
53080
53081
53082
53084
53094
53095
53096
53097
53098
53099
53110
53111
53112
53113
53114
53115
53116
53117
53118
53119
53120
53121
53122
53123
53124
53125
53126
53127
53128
53129
53130
53131
53132
53133
53134
53135
53136
53137
53138
53139
53140
53141
53142
53143
53144
53145
53146
53147
53171
53172
53173
53174
53176
53189
53190
53191
53192
53199
53200
53201
53202
53203
53205
53206
53207
53208
53209
53215
53216
53217
53218
53219
53220
53221
53222
53223
53225
53232
53233
53234
53235
53236
53459
53461
53463
53464
53465
53466
53467
53475
53477
53491
53492
53493
53494
53495
53526
53530
53531
53532
53533
53534
53535
53536
53537
53538
53539
53540
53541
53542
53543
53544
53545
53546
53547
53548
53549
53550
53557
53560
53562
53574
53575
53576
53577
53578
53581
53583
53590
53591
53592
53593
53594
53595
53596
53597
53598
53599
53600
53601
53602
53603
53604
53605
53606
53607
53608
53609
53610
53611
53612
53613
53614
53615
53616
53619
53620
53638
53640
53648
53649
53650
53651
53652
53653
53660
53661
53672
53673
53674
53675
53676
53688
53689
53690
53691
53692
53693
53694
53695
53696
53697
53698
53699
53700
53701
53702
53703
53704
53705
53706
53707
53708
53709
53710
53711
53712
53713
53714
53742
53744
53746
53748
53749
53750
53751
53752
53753
53754
53755
53756
53757
53758
53759
53760
53761
53762
53763
53764
53765
53766
53767
53768
53769
53770
53771
53772
53785
53787
53788
53807
53808
53818
53819
53929
53930
53931
53934
53935
53936
53937
53938
53941
53949
53971
53972
53973
53974
53977
53980
53989
53990
53991
53994
54017
54018
54019
54022
54030
54031
54032
54035
54055
54062
54065
54066
54091
54092
54093
54096
54103
54104
54105
54108
57683
57686
57688
57690
57691
57692
57699
57700
57702
57703
57709
57710
57714
57721
57728
57730
57731
57732
57758
57759
57760
57761
57762
57763
57768
57769
57770
57771
57772
57779
57780
57781
57785
57787
57797
57799
57800
57801
57803
57806
57813
57815
57816
57817
57820
57822
57836
57837
57839
57840
57845
57852
57853
57855
57856
57860
57869
57873
57879
57886
57889
57895
57900
57902
57903
57904
57916
57917
57918
57919
57921
57922
57923
57924
57925
57926
57946
57947
57948
57957
57959
57961
57963
57964
57965
57966
57967
57968
57969
57971
57972
57973
57988
57989
58001
58003
58012
58013
58015
58016
58024
58028
58031
58041
58209
58210
58211
58212
58213
58214
58223
58224
58225
58226
58227
58228
58248
58249
58251
58254
58255
58257
58262
58263
58264
58266
58267
58268
58269
58270
58271
58272
58273
58274
58275
58277
58279
58281
58282
58283
58285
58286
58287
58290
58291
58292
58311
58312
58313
58314
58316
58317
58318
58319
58320
58327
58328
58329
58330
58332
58339
58340
58341
58342
58343
58344
58354
58355
58356
58357
58358
58359
58360
58361
58362
58363
58364
58365
58375
58376
58377
58378
58379
58380
58389
58390
58391
58392
58393
58394
58395
58396
58397
58398
58399
58400
58417
58418
58420
58422
58424
58425
58426
58428
58429
58430
58431
58432
58433
58434
58441
58443
58444
58447
58448
58449
58450
58452
58457
58458
58459
58471
58472
58473
58474
58475
58477
58478
58479
58480
58481
58482
58483
58484
58485
58486
58487
58488
58489
58490
58491
58492
58493
58494
58495
58497
58498
58507
58508
58509
58510
58511
58677
58678
58679
58681
58682
58683
58684
58685
58686
58687
58688
58694
58695
58696
58697
58698
58699
58700
58701
58702
58703
58710
58711
58712
58714
58715
58716
58717
58718
58719
58732
58733
58734
58735
58736
58737
58755
58756
58757
58758
58759
58760
58761
58762
58763
58765
58766
58772
58773
58774
58778
58779
58780
58781
58782
58783
58784
58785
58786
58787
58788
58791
58793
58798
58799
58800
58801
58803
58816
58817
58818
58819
58820
58821
58822
58823
58824
58825
58832
58833
58834
58835
58842
58843
58844
58845
58846
58847
58861
58862
58863
58864
58865
58866
58867
58869
58870
58877
58878
58879
58880
58881
58882
58889
58890
58891
58892
58894
58906
58907
58908
58909
58910
58911
58923
58924
58925
58926
58927
58928
58929
58930
58932
58934
58936
58937
58938
58939
58940
58941
58942
58943
58944
58945
58946
58947
58948
58949
58950
58951
58952
58953
58954
58955
58956
58957
58959
58960
58985
58986
58987
58988
58990
59000
59001
59002
59003
59004
59005
59018
59019
59020
59021
59023
60757
60758
60759
60760
60761
60762
60763
60764
60765
60766
60767
60774
60775
60777
60778
60779
60780
60781
60782
60793
60795
60797
60804
60805
60806
60808
60809
60810
60811
60812
60813
60814
60827
60828
60829
60830
60831
60832
60833
60834
60835
60842
60843
60845
60848
60849
60850
60851
60853
60924
60926
60927
60928
60930
60932
60933
60934
60935
60950
60951
60952
60953
60954
60955
60956
60957
60959
60961
60965
60966
60968
60969
60971
60972
60973
60974
60980
60981
60983
60984
60985
60986
60987
60988
60989
61003
61004
61005
61006
61007
61008
61009
61010
61011
61014
61015
61017
61020
61021
61022
61023
61024
67097
67099
67100
67101
67102
67124
67125
67126
67127
67128
67129
67130
67131
67132
67133
67155
67156
67157
67158
67159
67160
67161
67162
67163
67164
67194
67195
67197
67198
67199
67263
67265
67266
67269
67271
67272
67274
67275
67276
67277
67278
67279
67280
67281
67282
67283
67284
67285
67286
67287
67288
67289
67302
67305
67307
67314
67315
67316
67317
67318
67320
67322
67366
67367
67369
67370
67371
67372
67373
67374
67375
67376
67377
67378
67379
67380
67381
67382
67383
67407
67408
67409
67411
67412
67440
67441
67442
67443
67444
67451
67452
67453
67454
67455
67468
67469
67470
67471
67472
67479
67480
67481
67482
67483
67516
67517
67518
67519
67520
67527
67528
67529
67530
67531
67547
67548
67549
67550
67551
67558
67559
67560
67561
67562
67594
67595
67597
67598
67599
67606
67607
67608
67609
67610
67611
67612
67613
67614
67615
67616
67617
67636
67637
67638
67639
67641
67680
67682
67684
67686
67687
67688
67689
67696
67697
67699
67702
67703
67704
67705
67706
67707
67708
67709
67710
67711
67712
67713
67732
67733
67734
67735
67736
67737
67738
67742
67743
67744
67808
67809
67810
67812
67813
67838
67839
67840
67841
67842
67843
67844
67845
67846
67847
67875
67876
67877
67878
67879
67880
67881
67882
67883
67884
67915
67916
67917
67918
67919
68323
68324
68326
68328
68330
68331
68332
68333
68351
68352
68353
68354
68355
68356
68358
68361
68434
68435
68436
68437
68438
68439
68454
68455
68457
68458
68459
68460
68461
68462
68463
68464
68472
68473
68474
68475
68476
68477
68478
68479
68480
68481
68482
68483
68484
68485
68486
68487
68488
68489
68490
68491
68492
68493
68494
68495
68496
68497
68498
68499
68500
68501
68502
68503
68505
68506
68507
68508
68509
68510
68511
68513
68514
68515
68522
68523
68524
68525
68526
68527
68531
68532
68533
68534
68535
68536
68549
68553
68580
68581
68582
68583
68584
68585
68586
68587
68594
68595
68596
68597
68598
68599
68601
68602
68603
68604
68605
68606
68608
68609
68610
68611
68612
68613
68614
68615
68616
68617
68618
68619
68620
68621
68622
68629
68630
68631
68633
68634
68650
68651
68653
68660
68661
68663
68664
68665
68678
68679
68680
68681
68682
68683
68684
68685
68686
68687
68688
68689
68690
68691
68692
68693
68694
68695
68700
68701
68702
68703
68705
68724
68725
68726
68727
68728
68733
68734
68737
68751
68752
68753
68754
68755
68756
68757
68758
68759
68760
68761
68762
68763
68764
68765
68766
68767
68768
68774
68776
68777
68816
68817
68818
68820
68821
68822
68823
68824
68825
68826
68827
68829
68830
68837
68838
68839
68840
68841
68842
68843
68844
68845
68846
68847
68848
68849
68850
68851
68852
68853
68854
68856
68857
68858
68859
68860
68862
68863
68864
68865
68866
68867
68868
68889
68890
68891
68892
68893
68894
68909
68913
68921
68923
68924
68925
68926
68927
68928
68929
68930
68931
68932
68933
68934
68935
68936
68937
68944
68945
68946
68947
68949
68950
68951
68952
68953
68954
68955
68956
68957
68958
68959
68960
68961
68962
68963
68964
68965
68966
68967
68968
68969
68970
68971
68972
68973
68974
68975
68976
68977
68978
68979
68980
68982
68983
68984
68985
68986
68987
68988
68989
68990
68991
68993
69017
69018
69085
69086
69087
69088
69090
69112
69114
69115
69415
69416
69418
69420
69421
69422
69423
69424
69440
69442
69446
69447
69448
69450
69451
69461
69464
69466
69468
69470
69471
69473
69474
69475
69476
69477
69478
69480
69487
69494
69495
69496
69498
69499
69500
69501
69503
69512
69513
69514
69515
69516
69517
69519
69522
69533
69535
69554
69555
69557
69565
69566
69567
69568
69569
69585
69586
69591
69593
69594
69595
69596
69597
69598
69599
69600
69601
69602
69603
69604
69605
69606
69607
69608
69609
69610
69611
69612
69613
69614
69615
69616
69617
69618
69619
69620
69621
69622
69624
69625
69626
69627
69628
69629
69636
69637
69638
69639
69640
69657
69658
69678
69679
69680
69682
69683
69690
69692
69694
69699
69702
69703
69704
69706
69707
69708
69710
69711
69712
69714
69715
69716
69717
69719
69720
69721
69725
69732
69733
69734
69736
69737
69740
69759
69760
69761
69763
69769
69771
69772
69773
69775
69776
69783
69784
69785
69789
69791
69792
69793
69794
69795
69796
69797
69800
69801
69802
69803
69804
69806
69809
69813
69814
69815
69830
69831
69832
69833
69834
69841
69842
69845
69854
69856
69868
69869
69870
69871
69872
69873
69874
69875
69876
69877
69878
69879
69880
69881
69883
69884
69885
69886
69887
69888
69889
69890
69891
69892
69893
69894
69895
69896
69897
69898
69899
69900
69901
69902
69903
69904
69905
69906
69907
69908
69916
69918
69919
69928
69933
69958
69959
69960
69961
69962
69982
69983
69996
69998
69999
70000
70002
70003
70004
70005
70006
70008
70009
70012
70014
70015
70016
70018
70019
70027
70032
70034
70035
70036
70037
70038
70039
70040
70042
70044
70045
70046
70047
70048
70050
70051
70052
70058
70068
70070
70071
70086
70090
74558
74559
74568
74570
74572
74573
74574
74580
74581
74582
74583
74584
74586
74587
74588
74589
74590
74591
74592
74593
74594
74595
74596
74597
74598
74599
74600
74601
74602
74603
74604
74605
74606
74607
74609
74610
74611
74612
74613
74614
74615
74616
74617
74618
74620
74622
74627
74629
74636
74637
74638
74645
74646
74655
74657
74659
74661
74667
74668
74669
74670
74671
74672
74673
74674
74676
74678
74683
74685
74693
74694
74705
74706
74707
74708
74709
74710
74711
74712
74713
74715
74716
74717
74718
74719
74720
74721
74722
74723
74724
74725
74726
74727
74729
74730
74731
74732
74733
74734
74735
74736
74750
74751
74752
74753
74754
74755
74756
74757
74758
74759
74760
74761
74762
74763
74764
74765
74779
74780
74781
74782
74783
74784
74785
74787
74788
74789
74790
74791
74792
74793
74794
74795
74796
74797
74798
74799
74801
74802
74803
74804
74805
74806
74807
74808
74809
74810
74817
74819
74821
74823
74831
74832
74841
74842
74843
74844
74845
74846
74847
74848
74849
74850
74851
74852
74855
74856
74859
74860
74875
74877
74879
74881
74882
74889
74890
74899
74900
74901
74902
74903
74904
74905
74906
74907
74909
74910
74911
74912
74913
74914
74915
74916
74917
74918
74919
74920
74921
74922
74923
74924
74925
74926
74927
74928
74929
74930
74932
74933
74934
74935
74936
74937
74938
74939
74942
74943
74946
74947
75189
75198
75202
75203
75204
75205
75211
75212
75213
75218
75220
75222
75224
75226
75227
75228
75229
75231
75237
75244
75250
75251
75252
75253
75278
75279
75280
75281
75282
75284
75286
75288
75290
75291
75292
75293
75294
75295
75296
75297
75300
75301
75302
75303
75304
75305
75308
75309
75310
75311
75313
75315
75316
75317
75319
75321
75333
75343
75344
75345
75346
75347
75356
75363
75364
75365
75366
75374
75379
75381
75382
75383
75385
75391
75392
75393
75394
75395
75397
75399
75403
75404
75406
75407
75408
75411
75412
75413
75414
75421
75422
75426
75429
75433
75439
75440
75441
75442
75452
75456
75459
75460
75461
75462
75484
75485
75486
75487
75488
75489
75490
75491
75492
75495
75496
75497
75498
75500
75502
75504
75506
75507
75508
75509
75510
75511
75512
75513
75514
75515
75518
75519
75522
75523
75526
75527
75548
75552
75553
75554
75555
75563
75572
75573
75574
75576
75577
75578
75579
75580
75581
75586
75587
75594
75596
75600
75601
75602
75603
75605
75718
75719
75720
75721
75730
75733
75735
75740
75741
75742
75744
75745
75746
75747
75751
75754
75757
75758
75759
75760
75765
75772
75774
75810
75811
75812
75813
75822
75824
75825
75832
75833
75834
75835
75840
75842
75847
75874
75875
75876
75878
75879
75880
75881
75884
75888
75891
75892
75893
75895
75896
75897
75898
75903
75905
75928
75929
75930
75931
75932
75939
75941
75950
75951
75952
75954
75955
75956
75957
75958
75961
75963
76007
76008
76009
76010
76011
76013
76018
76029
76030
76031
76032
76035
76040
76042
76043
76044
76045
76046
76048
76049
79390
79393
79394
79395
79409
79410
79412
79413
79414
79415
79416
79417
79419
79420
79421
79430
79431
79432
79435
79436
79437
79438
79439
79441
79442
79443
79454
79461
79462
79463
79491
79495
79498
79499
79500
79502
79503
79504
79507
79508
79514
79518
79519
79520
79523
79526
79527
79528
79530
79532
79554
79555
79556
79559
79574
79575
79576
79582
79594
79595
79600
79601
79602
79604
79605
79606
79607
79609
79610
79615
79617
79618
79619
79620
79626
79627
79628
79629
79630
79632
79637
79638
79639
79644
79645
79646
79649
79650
79651
79653
79654
79659
79660
79661
79662
79663
79664
79670
79672
79673
79674
79676
79683
79690
79691
79692
79706
79710
79711
79712
79738
79739
79740
79742
79746
79747
79748
79751
79753
79755
79762
79763
79764
79766
79767
79768
79770
79774
79777
79778
79803
79804
79805
79811
79825
79826
79827
79829
79831
79833
79834
79835
79840
79841
79842
79847
79848
79849
79851
79852
79853
79855
79857
79862
79863
79864
79871
79872
79873
79875
80165
80166
80167
80168
80169
80170
80171
80172
80173
80174
80175
80176
80177
80178
80179
80180
80181
80182
80183
80184
80185
80186
80187
80188
80189
80190
80191
80192
80193
80194
80195
80196
80197
80198
80199
80200
80232
80233
80234
80235
80236
80237
80238
80239
80240
80241
80242
80243
80244
80245
80246
80247
80248
80249
80250
80251
80252
80253
80254
80255
80256
80257
80258
80259
80260
80261
80262
80263
80291
80292
80293
80294
80331
80332
80333
80334
80362
80363
80364
80365
80366
80367
80368
80369
80370
80371
80372
80373
80374
80375
80376
80377
80378
80379
80380
80381
80382
80383
80384
80385
80386
80387
80388
80389
80390
80391
80392
80393
80425
80426
80427
80428
80429
80430
80431
80432
80433
80434
80435
80436
80437
80438
80439
80440
80441
80442
80443
80444
80445
80446
80447
80448
80449
80450
80451
80452
80453
80454
80455
80456
80457
80458
80459
80460
80719
80720
80729
80731
80733
80734
80735
80736
80741
80742
80743
80744
80748
80749
80750
80751
80752
80753
80754
80755
80756
80757
80758
80760
80761
80763
80764
80765
80766
80770
80771
80772
80773
80774
80775
80776
80777
80778
80779
80780
80782
80783
80786
80788
80793
80795
80801
80802
80803
80804
80815
80816
80825
80826
80827
80828
80829
80831
80837
80838
80839
80840
80841
80842
80843
80844
80845
80846
80847
80848
80849
80850
80851
80852
80853
80854
80855
80856
80858
80860
80865
80866
80867
80868
80873
80874
80884
80885
80886
80887
80888
80889
80890
80891
80895
80896
80897
80898
80899
80900
80901
80902
80905
80906
80907
80908
80909
80910
80911
80912
80913
80914
80915
80916
80920
80921
80922
80923
80924
80927
80934
80935
80936
80937
80938
80939
80940
80941
80945
80946
80947
80948
80949
80950
80951
80952
80955
80956
80957
80958
80959
80960
80961
80962
80963
80964
80965
80966
80970
80971
80972
80973
80974
80977
80981
80983
80985
80987
80993
80994
80995
80996
81005
81006
81007
81008
81009
81010
81011
81012
81013
81014
81015
81016
81017
81018
81019
81020
81021
81022
81023
81024
81025
81026
81029
81030
81033
81034
81035
81036
81053
81055
81057
81058
81059
81060
81065
81066
81077
81078
81079
81080
81081
81082
81083
81084
81085
81086
81087
81088
81089
81090
81091
81096
81097
81099
81100
81101
81102
81103
81104
81105
81106
81107
81108
81109
81110
81111
81112
81113
81118
81119
81121
81122
81125
81126
81127
81128
81129
81130
87982
87983
87984
87986
87987
87988
87989
87991
87992
87993
87994
88001
88003
88004
88005
88006
88027
88029
88030
88036
88037
88038
88111
88112
88113
88115
88116
88117
88144
88146
88147
88153
88154
88155
88208
88209
88210
88212
88213
88228
88229
88231
88232
88233
88371
88373
88374
88375
88376
88398
88399
88400
88401
88402
88457
88459
88460
88466
88467
88468
88505
88507
88508
88509
88511
88512
88577
88579
88580
88586
88587
88588
88607
88608
88610
88611
88612
88640
88641
88643
88644
88645
88678
88680
88681
88682
88684
88685
89087
89120
89122
89123
89126
89131
89156
89231
89232
89233
89234
89239
89240
89241
89242
89244
89246
89247
89248
89249
89250
89252
89253
89254
89255
89256
89257
89258
89259
89260
89277
89278
89279
89280
89281
89282
89283
89289
89291
89292
89293
89294
89295
89296
89297
89298
89299
89300
89301
89302
89303
89304
89305
89306
89308
89311
89312
89313
89314
89315
89316
89317
89318
89319
89320
89325
89326
89327
89328
89329
89330
89337
89338
89339
89340
89341
89342
89345
89346
89347
89348
89359
89360
89361
89362
89363
89364
89366
89367
89368
89369
89370
89371
89372
89404
89405
89406
89407
89409
89410
89411
89412
89413
89414
89415
89416
89417
89418
89419
89420
89421
89426
89427
89428
89429
89431
89433
89446
89447
89448
89449
89450
89451
89452
89453
89454
89455
89456
89457
89458
89460
89461
89462
89463
89464
89465
89466
89467
89468
89469
89470
89471
89472
89473
89474
89475
89481
89482
89483
89484
89485
89486
89487
89488
89495
89496
89511
89532
89533
89534
89535
89536
89537
89538
89540
89542
89547
89548
89549
89550
89551
89552
89553
89554
89556
89571
89572
89573
89574
89575
89576
89577
89578
89579
89582
89583
89584
89585
89590
89591
89592
89593
89601
89603
89604
89607
89612
89627
89628
89629
89630
89631
89632
89633
89634
89635
89636
89638
89641
89642
89643
89644
89645
89647
89649
89652
89660
89661
89662
89663
89664
89665
89666
89667
89668
89669
89670
89674
89675
89676
89689
89703
89704
89705
89706
89711
89712
89713
89714
89715
89716
89719
89720
89721
89722
89727
89728
89729
89730
89731
89732
89736
89751
89752
89753
89754
89755
89756
89757
89758
89763
89765
89767
89768
89769
89770
89771
89772
89773
89774
89779
89781
89788
89789
89790
89791
89792
89793
89795
89796
89797
89798
89799
89800
89801
89824
89825
89826
89827
89828
89830
89831
89832
89833
89834
89835
89836
89837
89838
89839
89840
89841
89842
89843
89844
89845
89846
89847
89848
89849
89850
89851
89852
89853
89854
89856
89857
89858
89859
89860
89861
89862
89863
89864
89865
89866
89867
89868
89870
89871
89872
89873
89874
89875
89876
89877
89878
89879
89880
89881
89919
89920
89921
89922
89923
89924
89925
89926
89933
89934
89966
89967
89968
89969
89970
89971
89972
89974
89989
89990
89991
89992
89993
89994
89997
89998
89999
90000
90005
90006
90007
90008
90009
90010
90011
90012
90013
90015
90017
90020
90028
90029
90030
90031
90032
90033
90034
90038
90039
90040
90041
90042
90043
90044
90045
90050
90052
90055
90070
90071
90072
90073
90074
90075
90076
90077
90078
90080
90539
90547
90548
90556
90557
90558
90563
90564
90565
90566
90571
90572
90573
90574
90575
90576
90577
90578
90579
90580
90581
90582
90595
90596
90597
90602
90603
90604
90605
90610
90611
90612
90624
90625
90626
90641
90642
90643
90644
90645
90646
90647
90648
90649
90650
90651
90652
90666
90668
90670
90684
90692
90693
90713
90714
90715
90716
90717
90718
90719
90720
90721
90722
90723
90724
90733
90734
90735
90736
90737
90738
90739
90740
90741
90742
90743
90744
90745
90746
90747
90748
90749
90750
90751
90752
90753
90754
90755
90756
90757
90758
90759
90760
90761
90762
90763
90764
90765
90766
90767
90768
90769
90770
90771
90773
90780
90782
90788
90789
90790
90791
90792
90793
90798
90799
90800
90801
90806
90807
90808
90809
90827
90828
90829
90830
90831
90832
90833
90834
90835
90836
90837
90838
90840
90841
90842
90847
90848
90849
90850
90866
90867
90868
90869
90870
90871
90872
90873
90874
90875
90876
90877
90878
90879
90880
90881
90882
90883
90884
90885
90886
90887
90888
90889
90890
90891
90892
90893
90894
90895
90896
90897
90898
90899
90902
90903
90904
90906
90907
90908
90909
90936
90937
90938
90940
90941
90942
90947
90948
90949
90950
90962
90963
90964
90970
90971
90972
90973
90974
90975
90976
90977
90978
90986
90987
90988
90990
90991
90992
90993
91006
91007
91009
91019
91020
91021
91022
91023
91024
91025
91026
91027
91028
91029
91030
91055
91056
91057
91058
91059
91060
91061
91062
91063
91064
91065
91066
91067
91068
91069
91070
91071
91072
91073
91074
91075
91076
91077
91078
91079
91080
91081
91082
91083
91084
91085
91086
91087
91088
91089
91090
91091
91092
91093
91094
91095
91096
91097
91098
91099
91100
91129
91131
91133
91145
91146
91147
91148
91149
91150
91152
91159
91161
91167
91168
91169
91170
91175
91176
91177
91178
91183
91184
91185
91186
91187
91188
91189
91190
91191
91192
91193
91194
91195
91196
91197
91198
91199
91200
91201
91202
91203
91204
91205
91206
91207
91208
91209
91210
91211
91212
91213
91214
91215
91216
91217
91218
91219
91220
91221
91222
91223
91224
91225
91226
91227
91228
91229
91230
91231
91232
91233
91234
91235
91236
91237
91238
91239
91240
91242
91245
91246
91258
91261
91262
91273
91274
91275
91276
91277
91278
91279
91280
91310
91311
91312
91314
91315
91316
91317
91339
91340
91341
91343
91344
91345
91346
91362
91363
91365
91480
91481
91502
91503
91517
91519
91541
91542
91557
91558
91573
91574
91575
91583
91584
91586
91587
91588
91596
91598
91612
91614
91620
91622
91637
91638
91658
91659
91661
91662
91663
91671
91672
91675
91677
91690
91691
91692
91708
91709
91730
91731
91732
91741
91742
91756
91757
91758
91773
91775
91789
91791
91792
91794
91808
91809
91812
91813
91815
91816
91817
91818
91835
91836
91854
91856
91873
91874
91875
91884
91886
91899
91900
91901
91910
91911
91927
91928
91941
91942
94296
94299
94317
94318
94319
94320
94321
94322
94323
94324
94325
94328
94359
94360
94368
94383
94384
94385
94386
94387
94388
94389
94403
94409
94434
94593
94596
94597
94599
94600
94601
94602
94603
94604
94605
94606
94607
94608
94609
94610
94611
94612
94613
94614
94615
94616
94617
94636
94639
94640
94642
94654
94655
94656
94657
94658
94659
94660
94661
94662
94663
94664
94665
94666
94667
94668
94669
94670
94673
94674
94675
94676
94677
94678
94679
94680
94681
94682
94697
94698
94699
94700
94701
94702
94703
94705
94706
94720
94721
94722
94723
94724
94725
94742
94743
94744
94745
94746
94747
94748
94749
94750
94751
94752
94753
94755
94867
94869
94871
94872
94873
94874
94897
94898
94899
94900
94901
94902
94903
94904
94905
94906
94907
94908
94909
94910
94911
94912
94913
94914
94915
94924
94927
94928
94929
94930
94931
94932
94933
94934
94935
94936
94937
94938
94939
94940
94941
94949
94950
94952
94953
94954
94955
94956
94957
94958
94959
94960
94961
94962
94963
94964
94978
94979
94980
94981
94982
94983
94984
94985
95008
95009
95010
95011
95012
95013
95014
95015
95016
95017
95018
95019
95020
95021
95022
95023
95024
95025
95026
95027
95028
95029
95030
95031
95032
95033
95034
95035
95036
95097
95102
95123
95139
95160
102438
102439
102440
102441
102442
102443
102453
102458
102459
102460
102468
102473
102474
102475
102476
102491
102492
102493
102494
102495
102550
102551
102555
102556
102560
102561
102562
102563
102564
102565
102566
102567
102568
102569
102570
102571
102572
102573
102579
102580
102582
102583
102584
102585
102586
102587
102588
102589
102590
102591
102592
102593
102594
102600
102606
102608
102612
102649
102650
102651
102652
102653
102654
102655
102656
102657
102658
102659
102660
102661
102662
102663
102664
102665
102666
102667
102673
102674
102675
102676
102678
102679
102680
102681
102682
102683
102684
102685
102686
102687
102688
102708
102709
102710
102711
102712
102740
102743
102744
102747
102756
102762
102765
102800
102806
102809
102810
102811
102820
102823
102824
102825
102846
102847
102848
102849
102850
102872
102873
102875
102876
102877
102878
102879
102880
102881
102882
102883
102884
102885
102886
102887
102889
102891
102894
102898
102899
102900
102901
102902
102903
102904
102905
102906
102908
102909
102910
102911
102912
102921
102922
102923
102958
102966
102968
102972
102979
102980
102981
102982
102983
102985
102986
102987
102988
102989
102990
102991
102992
102993
102994
102996
102998
103001
103005
103006
103007
103008
103009
103010
103011
103012
103013
103014
103016
103017
103018
103019
103032
103037
103080
103081
103082
103083
103084
103099
103108
103109
103122
103123
103124
103125
103138
103139
103140
103494
103495
103497
103498
103509
103510
103511
103512
103513
103530
103536
103537
103538
103539
103540
103541
103542
103552
103567
103568
103595
103596
103605
103606
103607
103608
103611
103612
103613
103617
103619
103621
103622
103623
103624
103625
103626
103627
103628
103629
103630
103631
103632
103633
103634
103635
103636
103637
103638
103639
103640
103641
103642
103643
103644
103645
103646
103647
103648
103649
103650
103651
103652
103653
103654
103655
103656
103657
103658
103659
103661
103662
103663
103664
103665
103666
103667
103668
103670
103671
103673
103679
103680
103681
103682
103683
103684
103685
103686
103687
103688
103689
103690
103691
103692
103704
103705
103706
103722
103723
103724
103726
103735
103736
103737
103741
103742
103743
103744
103745
103746
103748
103750
103751
103752
103753
103754
103755
103756
103757
103758
103759
103761
103762
103763
103764
103765
103766
103767
103768
103774
103775
103776
103777
103778
103779
103780
103782
103784
103786
103791
103793
103807
103808
103809
103811
103812
103830
103836
103837
103838
103839
103840
103841
103842
103843
103844
103845
103846
103847
103848
103849
103850
103851
103852
103853
103854
103855
103856
103857
103858
103859
103860
103861
103862
103865
103866
103867
103868
103869
103870
103871
103872
103873
103874
103876
103877
103900
103901
103903
103904
103905
103906
103907
103915
103931
103932
103933
103934
103935
103936
103937
103938
103939
103940
103941
103942
103943
103945
103946
103947
103948
103949
103950
103951
103952
103953
103954
103955
103956
103957
103958
103959
103960
103961
103962
103963
103964
103965
103966
103967
103968
103969
103970
103972
103974
103975
103976
103978
103979
103980
104004
104005
104019
104020
104021
104023
104024
104026
104027
104028
104029
104030
104031
104037
104038
104039
104040
104041
104042
104043
104044
104047
104048
104050
104051
104052
104053
104054
104055
104058
104059
104061
104062
104063
104064
104065
104066
104090
104091
104098
104099
104100
104111
104112
104113
104115
104116
104117
104118
104119
104120
104121
104122
104123
104124
104125
104126
104127
104128
104134
104137
104138
104140
104141
104142
104143
104144
104145
104146
104147
104148
104149
104150
104151
104152
104153
104156
104157
104158
104159
104160
104161
104162
104163
104164
104165
104166
104167
104168
104169
104170
104171
104172
104173
104174
104175
104176
104177
104178
104179
104180
104181
104182
104183
104184
104185
104188
104189
104190
104191
104192
104195
104196
104198
104199
104200
104201
104202
104203
104204
104205
104206
104207
104208
104209
104212
104213
104227
104248
104250
104266
104267
104290
104291
104292
104584
104585
104596
104597
104598
104607
104612
104613
104614
104615
104616
104617
104618
104619
104620
104621
104622
104623
104624
104625
104626
104627
104628
104629
104630
104640
104641
104643
104644
104646
104647
104648
104649
104651
104653
104654
104655
104656
104657
104658
104659
104660
104661
104662
104663
104664
104665
104666
104667
104675
104676
104677
104678
104681
104682
104684
104687
104688
104689
104690
104691
104694
104717
104718
104719
104731
104737
104738
104739
104740
104741
104742
104743
104744
104745
104746
104750
104751
104752
104753
104755
104756
104757
104758
104759
104760
104761
104762
104763
104764
104765
104766
104767
104768
104769
104770
104771
104772
104773
104774
104777
104780
104781
104782
104783
104784
104785
104787
104788
104789
104790
104834
104835
104836
104837
104838
104839
104840
104841
104842
104843
104844
104845
104846
104847
104848
104849
104850
104851
104852
104857
104858
104860
104866
104868
104869
104870
104871
104872
104875
104876
104877
104878
104879
104881
104882
104883
104884
104885
104886
104888
104892
104894
104895
104896
104897
104946
104947
104948
104949
104950
104952
104954
104955
104956
104957
104958
104959
104960
104961
104962
104963
104968
104969
104970
104971
104977
104978
104979
104981
104982
104983
104984
104985
104986
104987
104988
104989
104990
104991
104992
104993
104997
104999
105000
105001
105002
105010
105011
105012
105036
105037
105038
105039
105040
105043
105054
105055
105056
105057
105058
105059
105060
105061
105062
105063
105064
105065
105066
105067
105068
105069
105072
105075
105077
105078
105079
105080
105081
105082
105083
105084
105085
105086
105087
105088
105089
105090
105091
105092
105093
105094
105095
105096
105098
105099
105100
105101
105102
105104
105105
105106
105107
105111
105117
105118
105119
105162
105163
105164
105165
105166
105167
105170
105172
105173
105174
105175
105176
105177
105179
105181
105182
105183
105184
105194
105195
105196
105197
105198
105199
105200
105201
105202
105203
105204
105205
105206
105209
105212
105213
105214
105215
105218
105219
105220
105230
105231
105232
110529
110600
110609
110614
110670
110678
110715
110722
110752
110801
110811
110813
110829
110838
110840
110900
110905
110911
110918
110924
110933
110936
111193
111194
111195
111196
111197
111198
111199
111200
111201
111203
111204
111205
111206
111207
111208
111215
111218
111219
111220
111221
111222
111223
111224
111225
111226
111227
111228
111229
111230
111232
111233
111247
111248
111249
111259
111266
111267
111268
111269
111270
111271
111272
111273
111274
111275
111276
111277
111278
111279
111281
111288
111289
111291
111293
111294
111295
111296
111297
111298
111299
111300
111301
111302
111303
111304
111305
111306
111348
111349
111350
111351
111353
111356
111362
111363
111381
111385
111387
111388
111390
111391
111392
111393
111394
111395
111396
111397
111398
111404
111405
111406
111407
111408
111409
111410
111411
111412
111413
111414
111415
111416
111418
111419
111420
111421
111422
111423
111424
111425
111437
111438
111443
111465
111466
111467
111480
111482
111483
111484
111485
111486
111487
111488
111489
111490
111492
111493
111497
111498
111499
111500
111501
111502
111503
111504
111505
111506
111507
111508
111509
111510
111511
111512
111515
111516
111517
111518
111519
111520
111528
111552
111553
111554
111555
111561
111565
111568
111569
111574
111579
111580
111581
111582
111584
111585
111587
111588
111589
111590
111591
111594
111595
111607
111608
111617
111855
111856
111857
111858
111859
111860
111862
111864
111865
111866
111867
111868
111874
111875
111879
111880
111881
111882
111883
111884
111885
111886
111888
111890
111891
111893
111897
111901
111902
111913
111914
111915
111916
111917
111922
111924
111927
111928
111964
111965
111966
111967
111968
111969
111970
111971
111972
111973
111974
111975
111976
111977
111978
111979
111980
111981
111982
111983
111984
111985
111986
111987
111988
111989
111990
111991
111992
111993
111994
111995
111997
111999
112006
112007
112009
112011
112013
112015
112019
112020
112021
112032
112033
112034
112035
112036
112037
112038
112039
112040
112041
112043
112045
112051
112052
112053
112054
112058
112059
112060
112061
112062
112063
112064
112065
112066
112067
112068
112069
112070
112071
112072
112073
112074
112075
112076
112077
112078
112079
112080
112081
112092
112093
112094
112095
112096
112097
112098
112100
112102
112103
112108
112109
112110
112114
112115
112116
112117
112118
112119
112120
112121
112122
112123
112124
112125
112126
112127
112128
112129
112130
112131
112132
112133
112134
112135
112169
112170
112171
112172
112173
112182
112183
112185
112186
112190
112191
112192
112193
112194
112195
112196
112197
112198
112199
112200
112201
112202
112203
112204
112205
112206
112207
112208
112209
112210
112211
112212
112213
112214
112215
112216
112217
112219
112220
112221
112222
112223
112224
112225
112226
112227
112228
112229
112230
112231
112232
112239
112240
112242
112245
112246
112252
112254
112257
112258
112260
112261
112262
112266
112267
112268
112269
112271
112272
112273
112274
112275
112276
112277
112278
112279
112280
112281
112282
112283
112422
112511
125437
125441
125445
125450
125452
125490
125491
125495
125497
125498
125500
125501
125504
125505
125507
125508
125509
125513
125515
125516
125530
125532
125535
125540
125549
125555
125566
125570
125571
125572
125573
125574
125575
125576
125578
125579
125580
125581
125582
125583
125584
125585
125586
125587
125588
125589
125590
125609
125612
125618
125627
125633
125644
125648
125649
125650
125651
125652
125653
125654
125655
125656
125657
125658
125659
125660
125661
125662
125663
125666
125667
125668
125669
125688
125694
125696
125708
125712
125743
125744
125747
125748
125749
125752
125754
125755
125756
125763
125765
125770
125772
125775
125859
125864
125866
125870
125875
125877
125896
125897
125898
125900
125901
125905
125906
125907
125908
125909
125910
125911
125912
125915
125916
125917
125919
125920
125924
125925
125926
125927
125928
125929
125930
125931
125933
125934
125935
125936
125937
125938
125939
125940
125941
125942
125943
125944
125945
125946
125947
125948
125949
125950
125951
125952
125953
125954
125955
125956
125957
125978
125984
125988
125990
125991
125993
125995
125999
126000
126001
126003
126005
126020
126021
126022
126023
126024
126025
126026
126027
126028
126029
126030
126031
126033
126034
126036
126038
126043
126044
126045
126046
126048
126087
126091
126111
126116
126117
126124
126125
126129
126131
126132
126134
126135
126151
126152
126154
126155
126156
126158
126159
126163
126165
126166
126167
126168
126169
126170
126171
126172
126173
126174
126175
126176
126177
126178
126179
126180
126181
126197
126204
126206
126227
126230
126232
126233
126235
126236
126239
126240
126241
126243
126244
126250
126271
126274
126287
126291
126300
126304
126305
126306
126307
126308
126309
126310
126312
126313
126314
126315
126319
126330
126334
126335
126336
126337
126338
126339
126340
126341
126342
126377
126379
126380
126381
126382
126383
126384
126385
126386
126388
126389
126391
126406
126407
126408
126409
126410
126411
126412
126414
126415
126416
126418
126461
126464
126469
126478
126482
126483
126484
126485
126486
126487
126488
126489
126490
126491
126495
126506
126510
126511
126512
126513
126514
126515
126516
126517
126520
126521
126536
126541
126547
126567
126568
126569
126570
126571
126572
126573
126575
126576
126578
126593
126594
126595
126596
126597
126598
126599
126600
126601
126605
126606
126608
126629
126635
126637
126661
126663
126676
126677
126680
126681
126682
126685
126687
126688
126689
126695
126697
126699
126701
126707
126710
126711
126712
126713
126714
126715
126716
126717
126718
126719
126720
126721
126722
126723
126724
126725
126726
126727
126728
126729
126730
126731
126732
126733
126734
126762
126764
126777
126778
126782
126783
126784
126787
126789
126791
126803
126806
126864
126870
126872
126875
126877
126878
126880
126882
126883
126884
126888
126890
126892
126893
126894
126895
126896
126897
126898
126899
126900
126901
126902
126903
126918
126920
126921
126923
126925
126926
126927
126928
126933
126936
126937
126938
126939
126940
126941
126942
126943
126944
126945
126946
126947
126948
126949
126950
126951
126952
126953
126954
126955
126956
126957
126958
126959
126960
126965
126971
126973
126980
126986
126988
127010
127011
127012
127013
127014
127015
127016
127017
127018
127019
127020
127021
127022
127023
127025
127027
127030
127031
127032
127042
127044
127046
127049
127050
127051
127123
127130
127132
127166
127168
127170
127174
127178
127179
127182
127183
127184
127186
127187
127193
127257
127261
127262
127263
127264
127265
127266
127267
127268
127269
127271
127272
127274
127275
127276
127277
127278
127279
127280
127282
127283
127284
127286
127319
127325
127340
127362
127363
127364
127365
127366
127367
127368
127369
127371
127372
127374
127375
127376
127377
127378
127379
127380
127381
127382
127386
127387
127389
127432
127434
127464
127465
127469
127470
127471
127473
127474
127477
127485
127488
128233
128238
128302
128303
128304
128306
128310
128311
128314
128316
128318
128319
128320
128321
128322
128323
128324
128327
128334
128342
128348
128349
128350
128357
128360
128372
128375
128377
128378
128379
128380
128381
128382
128385
128386
128394
128395
128397
128402
128408
128409
128416
128419
128428
128435
128544
128549
128560
128565
128568
128569
128571
128572
128573
128574
128575
128576
128577
128578
128579
128580
128581
128582
128583
128614
128615
128616
128617
128626
128627
128629
128630
128631
128632
128633
128634
128635
128636
128637
128638
128639
128640
128642
128643
128644
128645
128655
128656
128657
128658
128659
128660
128661
128662
128663
128667
128668
128669
128670
128671
128672
128673
128674
128675
128676
128678
128679
128680
128681
128682
128683
128684
128685
128686
128687
128688
128689
128690
128691
128692
128693
128694
128695
128696
128697
128698
128699
128700
128701
128702
128703
128704
128705
128706
128707
128708
128709
128710
128711
128712
128713
128718
128719
128720
128721
128722
128723
128724
128725
128726
128727
128728
128729
128730
128731
128735
128736
128738
128740
128741
128742
128754
128756
128758
128759
128760
128761
128762
128763
128766
128767
128768
128776
128777
128780
128781
128782
128783
128784
128785
128786
128787
128789
128790
128791
128800
128822
128823
128824
128834
128865
128872
128896
128897
128898
128899
128900
128901
128902
128903
128904
128905
128906
128907
128908
128910
128911
128912
128921
128923
128924
128925
128926
128927
128928
128929
128931
128932
128933
128934
128935
128936
128937
128938
128942
128943
128944
128945
128946
128947
128948
128949
128950
128951
128952
128953
128954
128955
128956
128960
128961
128963
128964
128965
128966
128967
128968
128969
128970
128971
128972
128974
128975
128976
128977
128978
128979
128981
128982
128983
128984
128986
128987
129001
129003
129004
129005
129006
129007
129009
129014
129015
129016
129017
129019
129052
129053
129054
129056
129060
129061
129073
129076
129077
129078
129080
129081
129082
129083
129084
129085
129094
129102
129107
129109
129110
129113
129119
129122
129123
129124
129125
129126
129127
129128
129129
129130
129131
129132
129133
129134
129135
129136
129137
129138
129139
129141
129142
129143
129144
129145
129146
129147
129148
129149
129150
129157
129161
129162
129163
129166
129167
129168
129170
129196
129198
129210
129213
129215
129216
129217
129218
129219
129220
129223
129224
129237
129238
129242
129246
129254
129255
129262
129265
129273
129280
129282
129283
129284
129285
129286
129287
129288
129289
129290
129291
129292
129293
129294
129295
129296
129297
129298
129299
129300
129301
129302
129303
129304
129305
129306
129307
129308
129309
129310
129312
129313
129314
129315
129316
129329
129330
129334
129338
129350
129414
129415
129416
129417
129418
129419
129420
129421
129422
129423
129428
129429
129430
129431
129432
129433
129434
129435
129436
129437
129438
129439
129440
129441
129442
129443
129448
129450
129451
129452
129464
129466
129468
129469
129470
129471
129472
129473
129474
129477
129478
129479
129480
129481
129482
129483
129484
129485
129486
129487
129488
129489
129490
129491
129492
129493
129494
129495
129496
129497
129498
129499
129500
129501
129502
129504
129505
129506
129514
129516
129517
129518
129519
129520
129521
129523
129524
129525
129533
129534
129535
129536
129537
129538
129539
129540
129541
129542
129546
129547
129548
129549
129551
129552
129588
129589
129592
129593
129594
129595
129596
129597
129598
129599
129601
129602
129603
129616
129641
129642
129643
129653
129667
129668
129669
129670
129671
129672
129673
129674
129675
129676
129680
129681
129683
129684
129685
129686
129687
129688
129689
129690
129691
129692
129694
129695
129696
129697
129698
129699
129700
129702
129703
129704
129706
129707
129721
129723
129724
129725
129726
129727
129728
129730
129731
129732
129733
129739
129740
129741
129742
129743
129744
129745
129746
129747
129749
129750
129751
129752
129753
129754
129755
129756
129757
129758
129759
129760
129761
129762
129763
129764
129765
129766
129767
129768
129769
129770
129771
129772
129773
129774
129775
129777
129778
129779
129780
129781
129782
129783
129784
129785
129786
129787
129788
129789
129790
129791
129792
129793
129794
129795
129796
129797
129798
129799
129800
129801
129802
129803
129804
129805
129806
129807
129813
129817
129818
129819
129820
129821
129822
129823
129824
129828
129829
129830
129831
129832
129833
129834
129835
129836
129837
129839
129840
129841
129849
129850
129851
129853
129907
129908
130049
130053
130054
130055
130058
130059
130060
130062
130093
130095
130110
130111
130115
130119
130139
130705
130706
130707
130711
130713
130715
130717
130718
130722
130723
130725
130727
130729
130730
130731
130732
130733
130734
130735
130736
130737
130738
130739
130740
130741
130778
130779
130782
130783
130785
130786
130787
130788
130789
130793
130797
130798
130800
130801
130802
130803
130804
130806
130808
130811
130815
130816
130826
130830
130831
130832
130839
130844
130845
130848
130849
130851
130852
130853
130854
130857
130859
130861
130864
130865
130867
130868
130872
130873
130875
130877
130878
130879
130880
130881
130883
130884
130889
130891
130892
130893
130894
130900
130904
130910
130922
130926
130927
130929
130930
130931
130934
130935
130936
130938
130941
130942
130944
130945
130946
130947
130951
130954
130970
130971
130972
130973
130974
130975
130976
130977
130978
130979
130980
130981
130982
130983
130984
130986
130991
130992
130994
130997
131000
131001
131020
131021
131024
131025
131026
131027
131030
131035
131036
131053
131070
131072
131073
131077
131078
131080
131082
131084
131085
131093
131094
131095
131099
131101
131103
131104
131105
131106
131107
131108
131109
131110
131111
131112
131113
131135
131136
131154
131155
131157
131158
131159
131160
131161
131165
131169
131170
131172
131173
131174
131175
131176
131177
131178
131185
131186
131187
131188
131189
131190
131191
131192
131193
131194
131196
131197
131198
131199
131200
131201
131202
131203
131205
131206
131207
131208
131209
131210
131211
131212
131213
131214
131215
131216
131217
131218
131219
131221
131222
131223
131224
131225
131226
131227
131228
131229
131239
131240
131241
131243
131244
131245
131246
131247
131248
131249
131252
131253
131254
131269
131270
131271
131273
131274
131275
131276
131277
131278
131279
131280
131281
131282
131283
131290
131291
131292
131299
131313
131320
131321
131324
131325
131326
131327
131330
131336
131365
131366
131367
131368
131369
131371
131373
131376
131380
131381
131390
131394
131395
131397
131398
131399
131400
131403
131405
131407
131411
131412
131413
131420
131425
131426
131429
131430
131432
131433
131434
131436
131440
131442
131443
131444
131445
131446
131447
131448
131449
131451
131455
131456
131459
131460
131461
131462
131463
131466
131468
131474
131475
131476
131477
131479
131480
131481
131482
131483
131486
131488
131489
131490
131496
131509
131510
131512
131513
131514
131515
131517
131522
131523
131527
131528
131535
131539
131560
131561
131562
131563
131564
131566
131567
131572
131573
131575
131576
131577
131580
131586
131590
131591
131593
131594
131595
131598
131599
131600
131602
131608
131620
131624
131625
131627
131628
131629
131630
131633
131637
131639
131640
131641
131642
131643
131644
131645
131647
131648
131651
131652
131655
131656
131657
131658
131659
131662
131663
131664
131672
131673
131674
131675
131677
131678
131679
131680
131683
131684
131685
131686
131687
131690
131692
131693
131696
131706
131707
131709
131710
131711
131712
131713
131716
131721
131722
131744
131745
131746
131747
131748
131749
131750
131751
131752
131753
131754
131755
131756
131757
131772
131773
131776
131777
131781
131784
131786
131787
131802
131803
131806
131807
131808
131809
131812
131817
131818
131840
131843
131844
131845
131846
131847
131848
131849
131850
131851
131852
131853
131854
131855
131856
131858
131859
131860
131861
131862
131863
131864
131865
131875
131876
131877
131879
131880
131881
131882
131883
131884
131885
131886
131889
131890
131891
131892
131893
131894
131895
131896
131897
131898
131899
131900
131901
131902
131903
131904
131905
131906
131907
131908
131909
131913
131914
131915
131916
131917
131918
131919
131920
131921
131922
131923
131924
131925
131929
131930
131931
131932
131933
131934
131935
131936
131937
131948
131949
131956
131957
131968
131969
131973
131974
131978
131982
131995
131996
132000
132001
132002
132005
132009
132055
132056
132057
132059
132060
132061
132062
132063
132064
132065
132066
132067
132068
132069
132088
132089
132090
132098
132112
132116
132117
132120
132121
132122
132123
132126
132132
132150
132151
132152
132153
132154
132155
132156
132157
132159
132163
132164
132167
132168
132169
132170
132171
132172
132175
132180
132181
132184
132185
132187
132188
132189
132190
132191
132193
132194
132197
132198
132201
132202
132204
132205
132206
132207
132209
132214
132215
132221
132234
132236
132240
132247
132249
132250
132251
132252
132253
132254
132255
132257
132258
132261
132262
132265
132266
132267
132268
132269
132270
132271
132272
132280
132281
132284
132285
132287
132288
132289
132290
132291
132292
132293
132296
132297
132300
132301
132303
132304
132305
132306
132307
132310
132315
132316
132319
132321
132322
132325
132350
132351
132355
132356
132360
132364
132372
132373
132394
132395
132399
132400
132401
132404
132407
134533
134534
134535
134536
134537
134538
134540
134541
134542
134543
134545
134546
134553
134554
134555
134556
134557
134558
134559
134560
134561
134562
134563
134564
134565
134568
134573
134576
134577
134578
134579
134580
135171
135173
135195
135198
135201
135204
135226
135229
135238
135240
135258
135262
135264
135284
135296
135298
135300
135305
135306
135307
135308
135312
135314
135316
135318
135322
135324
135326
135329
135330
135331
135332
135338
135340
135341
135343
135995
135996
136011
136012
136018
136019
136035
136036
136076
136084
136085
136093
136095
136098
136099
136122
136123
136126
136127
136128
136129
136130
136131
136137
136138
136139
136140
136141
136142
136147
136148
136149
136150
136151
136152
136156
136157
136158
136159
136160
136161
136162
136163
139115
139117
139118
139121
139123
139130
139133
139136
139138
139139
139141
139143
139144
139145
139146
139152
139155
139157
139160
139161
139162
139163
139164
139165
139167
139184
139186
139189
139191
139192
139215
139216
139217
139218
139219
139220
139221
139222
139223
139224
139234
139235
139236
139237
139238
139239
139258
139259
139260
139264
139266
139267
139268
139269
139270
139282
139283
139284
139286
139288
139296
139299
139300
139302
139304
139307
139309
139310
139311
139312
139317
139318
139320
139322
139325
139326
139327
139328
139329
139332
139339
139342
139344
139345
139346
139347
139348
139351
139352
139354
139363
139364
139365
139366
139367
139370
139372
139373
139375
139377
139394
139396
139398
139399
139400
139401
139402
139403
139404
139414
139416
139420
139421
139422
139437
139438
139439
139440
139441
139442
139443
139444
139445
139446
139462
139463
139464
139465
139466
139467
139485
139486
139488
139491
139493
139502
139503
139505
139507
139508
139509
139510
139511
139514
139517
139526
139527
139528
139529
139530
139531
139533
139535
139538
139540
139552
139554
139557
139558
139560
139614
139615
139629
139632
139639
139642
139653
139654
139683
139684
139689
139692
139693
139694
139695
139702
139708
139709
139712
139713
139720
139728
139730
139731
139736
139741
139748
139749
139750
139751
139752
139763
139766
139772
139773
139774
139775
139780
139786
139787
139796
139804
139814
139815
139823
139825
139826
139827
139828
139836
139843
139844
139854
139855
139870
139881
139940
139941
139956
139961
139963
139965
139966
139973
139975
139977
139978
139981
139998
139999
140005
140006
140007
140008
140009
140010
140011
140012
140013
140014
140015
140016
140019
140020
140021
140022
140026
140027
140039
140041
140045
140046
140048
140056
140059
140061
140062
140064
140075
140077
140078
140080
140082
140089
140091
140092
140095
140097
140110
140111
140112
140113
140114
140115
140116
140117
140118
140119
140120
140121
140122
140123
140124
140127
140129
140130
140145
140146
140157
140160
140161
140163
140165
140173
140174
140175
140176
140180
140185
140186
140918
140924
140925
140929
140930
140932
140933
140937
140939
140940
140950
140952
140955
140964
140967
140970
140983
143387
143402
143432
143434
143460
143461
143462
143464
143465
143473
143504
143511
143512
143514
143515
143521
143543
143545
143569
143591
143617
143618
143620
143625
143629
143631
143633
143637
143643
143644
143657
143660
143665
143666
143669
143671
143674
143681
143682
143684
143687
143690
143691
143694
143697
143701
143702
143704
143709
143712
143717
143718
143721
143726
143729
143732
143734
143738
143743
143746
143747
143750
143751
143753
143758
143763
143764
143767
143769
143771
143773
143777
143779
143781
143783
143795
143798
143800
143804
143807
143808
143811
143812
143815
143817
143833
143834
143840
143843
143846
143848
143852
143881
143891
143896
143900
143901
143902
143905
143906
143907
143908
143909
143912
143915
143917
143918
143919
143920
143921
143923
143924
143925
143930
143937
143947
143951
143952
143954
143955
143956
143957
143958
143960
143961
143962
143963
143964
143965
143967
143968
143969
143974
143975
143976
143978
143979
143980
143986
143994
143998
143999
144000
144003
144004
144005
144006
144007
144009
144013
144015
144019
144020
144021
144024
144025
144026
144027
144028
144037
144040
144042
144043
144044
144045
144046
144048
144049
144050
144053
144058
144060
144063
144064
144065
144066
144067
144069
144070
144071
144076
144081
144082
144083
144085
144086
144087
144088
144089
144090
144092
144093
144094
144095
144096
144097
144099
144100
144101
144102
144103
144105
144106
144117
144123
144132
144138
144142
144144
144148
144149
144150
144153
144154
144155
144156
144157
144158
144162
144165
144168
144169
144170
144171
144172
144174
144175
144176
144185
147022
147032
147033
147050
147051
147058
147059
147060
147077
147080
147087
147093
147094
147095
147105
147108
147110
147111
147115
147122
147123
147124
147125
147134
147140
147155
147161
147162
147175
147178
147185
147188
147189
147190
147201
147204
147206
147207
147210
147212
147213
147227
147237
147289
147290
147294
147305
147307
147309
147312
147317
147319
147324
147332
147333
147340
147345
147351
147352
147353
147354
147355
147356
147357
147359
147364
147367
147368
147371
147372
147376
147381
147383
147391
147392
147393
147394
147395
147396
147398
147401
147405
147408
147413
147415
147416
147417
147418
147419
147420
147428
147429
147436
147442
147444
147445
147446
147447
147448
147449
147450
147451
147452
147454
147459
147462
147463
147466
147467
147525
147602
147623
147684
160873
160876
160887
160893
160894
160895
160896
160897
160898
160906
160908
160910
160913
160920
160921
160922
160923
160924
160926
160928
160929
160930
160931
160932
160966
160983
160987
160995
160997
160999
161005
161006
161010
161011
161012
161013
161014
161015
161017
161018
161019
161020
161021
161022
161054
161058
161066
161068
161071
161078
161093
161094
161095
161096
161097
161098
161099
161103
161104
161105
161106
161107
161108
161110
161161
161163
161165
161168
161175
161176
161177
161178
161179
161181
161182
161184
161185
161186
161187
161201
161204
161215
161221
161222
161223
161224
161225
161226
161297
161298
161299
161300
161301
161302
161304
161306
161307
161309
161311
161312
161313
161315
161317
161318
161319
161320
161321
161322
161324
161326
161327
161329
161331
161332
161333
161335
161337
161338
161339
161340
161341
161342
161343
161380
161381
161382
161383
161384
161385
161387
161388
161390
161392
161394
161395
161396
161398
161401
161402
161403
161404
161405
161406
161407
161409
161410
161412
161414
161416
161417
161418
161420
161504
161507
161512
161516
161517
161518
161519
161520
161521
161526
161527
161530
161534
161535
161536
161542
161543
161544
161545
161546
161547
161548
161550
161552
161558
161559
161560
161561
161562
161563
161605
161608
161613
161617
161618
161619
161620
161621
161622
161624
161625
161628
161632
161633
161634
161640
161641
161642
161643
161644
161645
161646
161648
161650
161686
161702
161703
161707
161708
161709
161710
161711
161712
161714
161717
161721
161729
161731
161733
161739
161740
161741
161742
161743
161797
161798
161801
161803
161804
161805
161806
161807
161809
161811
161827
161828
161829
161830
161831
161834
161838
161846
161848
161850
161886
161890
161899
161901
161904
161909
161910
161911
161912
161913
161916
161931
161932
161936
161937
161938
161939
161940
161941
161943
161998
161999
162000
162001
162002
162004
162008
162017
162019
162022
162027
162028
162032
162033
162034
162035
162036
162037
162039
162042
162103
162105
162107
162110
162117
162118
162119
162120
162121
162123
162124
162126
162127
162128
162129
162141
162144
162150
162153
162154
162155
162156
162157
162158
162161
162162
162163
162164
162165
162166
162218
162220
162222
162225
162232
162233
162234
162235
162236
162238
162239
162241
162242
162243
162244
162259
162261
162267
162271
162272
162273
162274
162275
162276
162329
162330
162331
162332
162333
162334
162335
162337
162338
162340
162342
162343
162345
162347
162349
162351
162352
162353
162354
162355
162356
162357
162359
162360
162362
162364
162365
162367
162369
162371
162372
162373
162374
162375
162376
162430
162431
162432
162433
162434
162435
162436
162437
162439
162440
162442
162444
162445
162447
162449
162451
162452
162453
162454
162455
162456
162457
162459
162460
162462
162464
162465
162467
162469
162530
162533
162537
162546
162547
162548
162549
162550
162551
162562
162563
162566
162570
162571
162572
162578
162579
162580
162581
162582
162583
162584
162586
162588
162654
162655
162658
162660
162661
162662
162663
162664
162666
162667
162668
162669
162670
162671
162673
162690
162694
162703
162705
162707
162767
162768
162769
162770
162771
162772
162773
162777
162778
162779
162780
162781
162782
162784
162786
162790
162799
162801
162804
162810
162877
162878
162881
162885
162886
162887
162893
162894
162895
162896
162897
162898
162899
162901
162902
162916
162918
162923
162932
162933
162934
162935
162936
162937
163112
163118
163166
163168
163176
163181
163182
163183
163191
163195
163196
163197
163201
163208
163209
163215
163224
163244
163247
163254
163258
163259
163260
163264
163271
163272
163280
163283
163290
163296
163297
163298
163316
163319
163325
163334
163349
163355
163433
163439
163440
163453
163455
163456
163457
163459
163479
163485
163486
163487
163494
163495
163501
163502
163503
163506
163507
163508
163517
163520
163521
163522
163529
163530
163536
163537
163539
163559
163564
163566
163572
163573
163583
163596
163598
163609
163618
163631
163632
163634
163635
163643
163652
163654
163657
163658
163665
163666
163672
163673
163674
163675
163682
163683
163684
163689
163690
163691
163695
163696
163704
163712
163715
163716
163723
163724
163730
163731
163737
163746
163767
163769
163777
163782
163783
163784
163794
163798
163799
163800
163803
163805
163806
163818
163827
163844
163847
163851
163852
163859
163862
163864
163865
163868
163870
163871
163885
163894
163911
163912
163924
163928
163929
163930
163934
163941
163942
163950
163953
163960
163963
163964
163965
163986
163989
163994
164004
164008
164009
164020
164022
164030
164032
164033
164034
164055
164057
164063
164073
164084
164090
164109
164110
164116
164117
164123
164124
164125
164132
164133
164139
164140
164142
164143
164155
164160
164162
164165
164166
164167
164168
164174
164175
164180
164182
164183
164190
164191
164197
164198
164199
164203
164204
164216
164221
164236
164237
164263
164265
164277
164278
164282
164283
164297
164308
164311
164312
164319
164320
164326
164327
164328
164329
164330
164331
164334
164337
164338
164345
164346
164352
164353
164355
164369
164379
164389
164415
164417
164442
164452
164504
164507
164509
164510
164513
164515
164516
164529
164539
164556
164557
164571
164573
164581
164583
164584
164585
164605
164607
164616
164626
164777
164778
164785
164790
164792
164794
164799
164802
164803
164806
164807
164816
164821
164823
164824
164825
164827
164831
164832
164833
164834
164847
164848
164849
164851
164852
164853
164854
164855
164861
164864
164868
164871
164875
164880
164883
164890
164895
164901
164902
164903
164905
164920
164921
164922
164923
164930
164931
164932
164933
164934
164935
164943
164944
164945
164947
164948
164950
164951
164952
164953
164954
164961
164962
164963
164964
164970
164972
164973
164975
164976
164977
164978
164979
164980
164988
164989
164992
165004
165006
165009
165010
165011
165013
165028
165029
165030
165032
165040
165043
165050
165054
165058
165059
165060
165061
165066
165069
165070
165072
165073
165074
165075
165076
165077
165085
165086
165087
165088
165089
165090
165098
165099
165100
165102
165103
165105
165106
165107
165108
165109
165118
165119
165120
165122
165127
165130
165131
165139
165141
165145
165146
165147
165148
165162
165163
165164
165165
165167
165168
165169
165170
165179
165186
165188
165189
165192
165194
165199
165202
165203
165212
165213
165220
165225
165227
165228
165232
165235
165237
165238
165244
165245
165250
165251
165252
165253
165262
165263
165264
165265
165266
165267
165268
165270
165273
165274
165275
165276
165277
165282
165283
165284
165285
165286
165287
165288
165289
165291
165294
165295
165296
165297
165302
165304
165305
165306
165307
165308
165309
165310
165311
165316
165318
165319
165320
165321
165322
165323
165324
165325
165331
165332
165333
165334
165335
165336
165337
165338
165339
165340
165341
165342
165355
165356
165357
165358
165359
165360
165361
165362
165364
165367
165368
165369
165370
165374
165377
165378
165379
165380
165381
165382
165387
165388
165395
165396
165403
165407
165413
165420
165422
165423
165424
165425
165430
165431
165432
165433
165445
165446
165447
165448
165449
165450
165451
165453
165466
165469
165473
165476
165480
165485
165487
165492
165497
165504
165505
165506
165507
165508
165509
165515
165516
165517
165519
165520
165522
165523
165524
165525
165526
165534
165535
165536
165538
165553
165554
165555
165556
165563
165564
165565
165566
165567
165568
165570
165571
165577
165579
165580
165581
165582
165590
165591
165595
165600
165602
165610
165613
165619
165620
165624
165627
165628
165629
165630
165631
165632
165640
165641
165642
165644
165646
165647
165648
165649
165650
165651
165660
165662
165668
165673
165680
165681
165682
165683
165684
165685
165687
165688
165694
165696
165697
165698
165699
165708
165709
165710
165712
165727
165728
165729
165730
165742
165743
165746
165758
165760
165763
165764
165765
165766
165778
165779
165780
165782
165792
165793
165794
165795
165800
165803
165804
165806
165807
165808
165809
165810
165811
165821
165824
165830
165834
165840
165841
165842
165843
165844
165845
165846
165847
165848
165850
165851
165858
165859
165860
165861
165862
165869
165872
165877
165879
165884
165886
165887
165890
165902
165905
165906
165907
165908
165909
165915
165917
165918
165920
165921
165922
165923
165924
165925
165934
165935
165936
165937
165949
165950
165952
165953
165963
165964
165965
165966
165967
165968
165969
165970
165971
165973
165974
165980
165981
165982
165983
165984
165993
165996
166002
166006
166013
166014
166019
166021
166026
166029
166030
166038
166040
166044
166045
166046
166047
166061
166062
166063
166064
166066
166067
166068
166069
166078
166083
166085
166086
166087
166088
166094
166095
166096
166097
166098
166099
166100
166101
166102
166103
166104
166105
166114
166115
166116
166117
166118
166119
166120
166121
166123
166126
166127
166128
166129
166133
166136
166137
166138
166139
166140
166141
166142
166143
166147
166150
166151
166152
166153
166154
166155
166156
166157
166161
166164
166165
166166
166167
166168
166169
166170
166171
166172
166173
166174
166187
166188
166189
166190
166191
166192
166193
166194
166196
166199
166200
166206
166207
166213
166219
166222
166224
166229
166232
166233
166240
166242
166246
166247
166248
166249
166261
166262
166263
166264
166266
166267
166268
166269
166283
166290
166291
166293
166296
166297
166307
166308
166315
166320
166326
166330
166332
166333
166334
166335
166340
166341
166342
166343
166354
166355
166356
166357
166358
166359
166360
166362
166372
166373
166377
166382
166384
166392
166395
166400
166402
166406
166409
166410
166411
166412
166413
166414
166415
166416
166417
166419
166421
166429
166430
166431
166432
166433
166440
166441
166442
166443
166444
166445
166447
166448
166454
166456
166457
166458
166459
166469
166471
166477
166482
166490
166491
166492
166493
166505
166506
166507
166508
166519
166522
166527
166529
166534
166536
166537
166540
166546
166549
166556
166557
166558
166559
166560
166561
166563
166564
166569
166571
166572
166573
166574
166582
166583
166584
166585
166586
166587
166588
166589
166590
166592
166593
166602
166603
166604
166605
166606
166614
166615
166616
166617
166628
166629
166631
166632
166644
166646
166652
166656
166664
166666
166671
166674
166675
166683
166684
166690
166696
166703
166704
166709
166710
166711
166712
166724
166725
166726
166727
166728
166729
166730
166731
166741
166748
166749
166751
166814
166838
166918
166930
166962
167005
167029
167063
167178
167190
167202
167246
167938
167950
167953
167956
167967
167999
168000
168001
168002
168016
168024
168025
168026
168027
168028
168029
168034
168035
168036
168037
168038
168039
168040
168041
168042
168043
168044
168045
168046
168047
168048
168049
168050
168051
168056
168057
168058
168059
168080
168081
168082
168083
168117
168121
168134
168141
168144
168147
168148
168149
168150
168151
168153
168175
168176
168206
168207
168208
168209
168210
168224
168225
168226
168227
168229
168230
168231
168232
168234
168235
168236
168237
168247
168248
168249
168250
168251
168252
168253
168254
168255
168257
168258
168260
168261
168262
168265
168266
168267
168268
168269
168277
168278
168279
168280
168282
168283
168284
168286
168287
168288
168289
168305
168306
168307
168308
168309
169635
169636
169637
169638
169639
169641
169642
169643
169644
169645
169652
169653
169654
169655
169656
169658
169659
169660
169661
169662
169674
169675
169676
169677
169678
169680
169681
169682
169683
169684
169686
169687
169688
169689
169690
169692
169693
169694
169695
169696
169708
169709
169710
169711
169712
169714
169715
169716
169717
169718
169725
169726
169727
169728
169729
169731
169732
169733
169734
169735
169795
169796
169797
169798
169811
169812
169813
169814
171767
171769
171770
171771
171775
171776
171777
171778
171785
171786
171787
171788
171796
171798
171799
171800
171817
171818
171820
171821
171832
171833
171834
171836
171849
171850
171851
171852
171860
171861
171862
171863
171891
171892
171893
171894
171905
171906
171907
171908
171922
171923
171925
171926
171944
171945
171946
171948
171965
171966
171967
171968
171975
171976
171977
171978
171988
171989
171990
171991
172005
172006
172007
172008
172057
172081
172082
172083
172084
172085
172092
172093
172094
172095
172096
172097
172098
172099
172100
172101
172102
172103
172104
172105
172106
172107
172108
172119
172120
172121
172122
172123
172124
172125
172126
172127
172128
172137
172138
172139
172140
172141
172142
172148
172149
172150
172151
172152
172153
172158
172166
172167
172181
172182
172183
172184
172185
172186
172187
172188
172189
172190
172196
172197
172198
172199
172200
172201
172202
172203
172204
172205
172213
172214
172215
172216
172217
172227
172233
172234
172235
172236
172237
172238
172239
172245
172246
172247
172248
172249
172255
172256
172257
172258
172259
172314
172320
172340
172341
172342
172343
172359
172361
172362
172363
172364
172368
172375
172381
172382
172383
172384
172385
172386
172387
172388
172392
172401
172402
172403
172404
172419
172420
172421
172422
172440
172446
172496
172497
172498
172499
172500
172501
172502
172503
172504
172506
172507
172513
172514
172515
172516
172517
172518
172529
172530
172531
172533
172534
172556
172557
172558
172560
172561
172562
172563
172564
172565
172566
172567
172575
172576
172577
172579
172580
172589
172590
172591
172592
172593
172594
172608
172609
172610
172611
172612
172613
172624
172625
172626
172627
172628
172629
172640
172641
172642
172644
172645
172657
172658
172659
172661
172662
172665
172666
172667
172669
172670
172671
172672
172673
172675
172676
172705
172706
172707
172708
172709
172710
172722
172723
172724
172725
172726
172727
174722
174725
174726
174727
174728
174729
174730
174736
174737
174738
174740
174741
174742
174749
174753
174754
174755
174762
174763
174764
174765
174788
174789
174790
174791
174802
174803
174804
174805
174807
174810
174811
174813
174814
174815
174816
174817
174818
174820
174822
174824
174826
174827
174828
174829
174831
174832
174839
174840
174841
174842
174843
174844
174846
174847
174854
174855
174859
174860
174867
174868
174869
174870
174871
174872
174875
174877
174884
174885
174886
174887
174890
174891
174892
174893
174908
174909
174910
174911
174912
174913
174914
174915
174916
174917
174919
174920
174921
174922
174939
174941
174943
174949
174950
174951
174953
174954
174961
174964
174966
175025
175026
175028
175031
175032
175034
175036
175037
175038
175039
175040
175041
175043
175045
175047
175048
175049
175050
175051
175053
175054
175055
175064
175065
175066
175067
175068
175075
175076
175077
175078
175079
175090
175092
175094
175096
175097
175098
175099
175100
175107
175109
175110
175113
175114
175115
175116
175117
175119
175120
175121
175134
175135
175136
175137
175138
175139
175141
175142
175151
175152
175153
175154
175155
175190
175191
175192
175193
175194
175196
175203
175204
175205
175206
175207
175208
175216
175217
175218
175219
175220
175221
175225
175226
175227
175230
175232
175233
175234
175235
175236
175237
175244
175251
175268
175269
175270
175271
175272
175273
175280
175285
175286
175287
175288
175289
175298
175300
175302
175304
175305
175306
175308
175309
175313
175314
175315
175316
175317
175329
175330
175331
175332
175333
176257
176258
176259
176266
176267
176268
176269
176270
176271
176273
176275
176277
176278
176279
176280
176281
176291
176292
176294
176297
176298
176299
176300
176301
176318
176320
176321
176322
176323
176324
176325
176326
176327
176334
176335
176336
176337
176338
176340
176341
176342
176343
176345
176346
176347
176348
176349
176350
176351
176352
176353
176354
176355
176362
176363
176364
176365
176366
176367
176369
179765
179766
179767
179768
179769
179770
179787
179804
179812
179813
179814
179815
179816
179817
179838
179840
179841
179844
179846
179847
179855
179858
179860
179861
179863
179865
179888
179889
179890
179891
179892
179893
179905
179906
179907
179908
179909
179910
179922
179940
179965
179985
179996
179997
179998
179999
180000
180001
180018
180019
180020
180021
180022
180023
180040
180042
180044
180046
180047
180049
180061
180062
180063
180067
180068
180069
180088
180089
180090
180091
180092
180093
180106
180129
180148
180149
180150
180151
180152
180153
180204
180205
180207
180209
180210
180211
180212
180213
180223
180224
180225
180226
180227
180228
180230
180233
180284
180285
180286
180287
180288
180289
180290
180291
180292
180293
180294
180295
180296
180297
180298
180326
180327
180328
180329
180330
180331
180332
180333
180334
180335
180342
180343
180344
180345
180346
180355
180356
180358
180360
180361
180362
180363
180364
180374
180375
180376
180377
180378
180379
180380
180390
180391
180392
180393
180394
180395
180396
180399
180410
180411
180412
180414
180415
180434
180435
180436
180437
180438
180439
180440
180441
180442
180443
180450
180451
180452
180453
180454
180455
180456
180457
180458
180459
180478
180479
180480
180481
180488
180489
180490
180491
180492
180493
180494
180495
180496
180497
180498
180499
180500
180501
180502
180548
180549
180550
180551
180552
180562
180564
180565
180618
180619
180620
180621
180622
180623
180624
180625
180626
180627
180629
180630
180631
180632
180644
180646
180648
180650
180651
180652
180653
180654
180655
180656
180657
180658
180660
180661
180672
180673
180674
180675
180676
180677
180678
180679
180681
180684
180686
180687
180688
180689
180690
180691
180692
180693
180694
180700
180701
180702
180703
180704
180711
180712
180713
180714
180715
180717
180719
180720
180723
180724
180725
180726
180727
180728
180729
180730
180731
180732
180733
180734
180735
180736
180737
180738
180739
180742
180744
180745
180746
180747
180748
180758
180759
180760
180761
180762
180764
180765
180766
180767
180773
180775
180777
180785
180786
180787
180788
180789
180790
180791
180793
180794
180795
180796
180797
180798
180799
180800
180801
180802
180806
180812
180813
180814
180815
180816
180817
180824
180825
180826
180828
180829
180836
180837
180838
180839
180840
180841
180847
180848
180849
180853
180854
180855
180856
180857
180858
180859
180860
180862
180863
180864
180865
180866
180867
180868
180875
180876
180877
180886
180887
180889
180890
180891
180892
180893
180894
180895
180896
180898
180899
180900
180901
180902
180903
180904
180907
180909
180910
180911
180912
180913
180914
180915
180916
180917
180918
180919
180920
180921
180922
180923
180924
180927
180928
180936
180937
180938
180939
180941
180942
180944
180945
180946
180947
180957
180958
180959
180960
180961
180963
180965
180966
180967
180968
180969
180970
180971
180972
180973
180974
180977
180979
180980
180981
180982
180983
180984
180996
180997
180998
180999
181000
181001
181002
181003
181004
181006
181007
181008
181009
181010
181011
181012
181013
181014
181029
181030
181031
181032
181034
181041
181043
181044
181045
181046
184062
184073
184074
184076
184078
184079
184080
184086
184088
184089
184090
184091
184092
184093
184094
184095
184096
184097
184099
184100
184101
184102
184103
184109
184115
184116
184118
184124
184125
184126
184137
184139
184140
184141
184142
184143
184145
184146
184148
184153
184156
184157
184158
184159
184160
184162
184165
184166
184167
184169
184170
184171
184172
184173
184174
184176
184177
184178
184179
184180
184185
184186
184187
184188
184189
184190
184195
184196
184198
184199
184200
184201
184202
184203
184205
184206
184207
184208
184213
184216
184217
184219
184221
184222
184223
184224
184225
184229
184233
184234
184235
184238
184239
184240
184241
184242
184245
184249
184250
184251
184259
184271
184272
184274
184275
184276
184277
184278
184279
184280
184281
184282
184283
184285
184286
184287
184288
184291
184295
184296
184297
184299
184370
184380
184381
184382
184383
184384
184388
184389
184390
184391
184398
184400
184404
184406
184419
184429
184430
184431
184432
184433
184441
184443
184445
184447
184449
184451
184453
184454
184455
184456
184458
184459
184462
184464
184466
184468
184469
184470
184475
184480
184481
184482
184483
184484
184497
184503
184504
184505
184506
184507
184517
184518
184519
184520
184523
184525
184533
184535
184543
184544
184545
184546
184549
184550
184561
184562
184573
184581
184582
184583
184584
184585
184595
184604
184605
184606
184607
184608
184615
184617
184618
184621
184623
184625
184627
184628
184629
184630
184634
184635
184636
184640
184641
184642
184643
184644
184651
184655
184656
184657
184658
184659
184672
184673
184674
184675
184678
184679
184686
184687
184700
184704
184705
184706
184707
184708
184743
184744
184745
184746
184747
184748
184762
184763
184765
184766
184767
184768
184769
184770
184775
184776
184777
184779
184786
184787
184788
184789
184790
184791
184792
184793
184794
184795
184796
184797
184802
184803
184804
184805
184806
184807
184815
184816
184818
184825
184826
184827
184828
184829
184849
184850
184851
184852
184853
184854
184867
184868
184869
184870
184871
184873
184874
184876
184881
184882
184884
184885
184887
184888
184893
184894
184896
184897
184898
184899
184900
184901
184908
184909
184910
184911
184912
184920
184921
184923
184933
184934
184935
184937
184938
184939
184940
184941
184942
184943
184950
184951
184952
184953
184954
184955
184960
184961
184966
184967
184968
184970
184971
184976
184977
184978
184979
184980
184981
184982
184989
184990
184991
184992
184993
184994
185004
185005
185006
185007
185008
185009
185011
185012
185014
185021
185022
185023
185024
185025
185036
185037
185039
185040
185042
185043
185044
185049
185050
185051
185052
185053
185054
185056
185057
185059
185060
185061
185062
185063
185064
185092
185093
185094
185095
185096
185097
185098
185099
185100
185101
185102
185110
185111
185113
185124
185125
185126
185127
185128
185129
185130
185131
185132
185133
185134
185135
185136
185147
185148
185149
185150
185151
185152
185153
185154
185155
185156
185157
185159
185160
185162
188270
188271
188273
188274
188275
188291
188292
188294
188295
188296
188297
188298
188300
188301
188302
188304
188307
188308
188309
188320
188321
188323
188324
188325
188326
188327
188329
188330
188331
188333
188336
188337
188338
188351
188352
188354
188355
188356
188378
188379
188380
188381
188382
188383
188384
188385
188388
188389
188390
188391
188392
188393
188403
188404
188405
188412
188413
188414
188415
188416
188418
188420
188428
188429
188431
188432
188433
188443
188444
188445
188446
188453
188454
188456
188457
188458
188473
188474
188476
188477
188478
188485
188486
188488
188489
188490
188491
188493
188495
188496
188502
188503
188505
188506
188507
188514
188515
188517
188518
188519
188520
188522
188523
188525
188531
188532
188534
188535
188536
188543
188544
188546
188547
188548
188549
188551
188553
188554
188560
188561
188563
188564
188565
188572
188573
188575
188576
188577
188578
188580
188581
188583
188596
188597
188599
188600
188601
188605
188606
188607
188608
188621
188622
188624
188625
188626
188634
188635
188636
188643
188644
188645
188652
188653
188654
188656
188658
188659
188660
188661
188665
188666
188667
188668
188669
188670
188683
188684
188685
188686
188696
188697
188699
188700
188701
188719
188720
188722
188723
188724
188725
188726
188728
188729
188730
188736
188738
188739
188740
188748
188749
188751
188752
188753
188754
188755
188757
188758
188759
188765
188767
188768
188769
188777
188778
188780
188781
188782
188941
188942
188943
188944
188945
188946
188947
188948
188949
188950
188951
188965
188966
188967
188968
188969
188970
188971
188972
188973
188974
188989
188990
189017
189018
189033
189034
189035
189036
189037
189038
189039
189040
189041
189042
189056
189057
189058
189059
189060
189061
189062
189063
189064
189065
189213
189216
189217
189219
189220
189222
189224
189225
189226
189227
189228
189232
189234
189238
189239
189240
189241
189243
189244
189245
189247
189249
189253
189254
189255
189256
189258
189259
189260
189263
189265
189267
189269
189270
189272
189274
189275
189276
189277
189278
189283
189286
189287
189288
189289
189290
189291
189292
189294
189295
189297
189302
189303
189304
189305
189306
189307
189308
189309
189310
189311
189312
189313
189314
189315
189317
189319
189321
189322
189323
189324
189325
189326
189328
189329
189330
189336
189337
189338
189339
189341
189345
189347
189348
189350
189351
189352
189353
189354
189356
189360
189362
189364
189365
189366
189368
189372
189373
189374
189375
189377
189378
189380
189381
189383
189387
189388
189389
189390
189392
189394
189395
189397
189398
189400
189403
189404
189406
189408
189409
189410
189411
189412
189416
189417
189418
189419
189420
189421
189422
189423
189424
189425
189426
189427
189428
189429
189431
189432
189433
189437
189438
189439
189442
189443
189444
189445
189446
189451
189452
189454
189456
189457
189458
189459
189460
189462
189463
189464
189470
189471
189472
189473
189475
189479
189482
189483
189484
189485
189486
189487
189488
189490
189494
189497
189498
189499
189501
189502
189503
189506
189507
189508
189509
189510
189512
189513
189514
195158
195159
195161
195162
195163
195164
195165
195166
195167
195168
195169
195170
195172
195173
195174
195175
195176
195179
195180
195181
195182
195183
195184
195210
195211
195212
195214
195215
195222
195223
195224
195276
195277
195278
195279
195280
195282
195283
195284
195311
195312
195313
195319
195320
195322
195323
195324
195360
195361
195362
195363
195364
195365
195380
195381
195382
195383
195384
195385
195426
195427
195428
195436
195437
195438
195481
195482
195483
195484
195485
195486
195502
195503
195504
195505
195506
195507
195552
195553
195554
195556
195557
195563
195564
195565
195614
195615
195616
195618
195619
195620
195621
195622
195665
195666
195667
195674
195675
195677
195678
195679
195699
195700
195701
195702
195703
195704
195711
195712
195713
195729
195730
195732
195733
195734
195735
195766
195767
195768
195769
195770
195771
195773
195774
195943
195944
195945
195947
196006
196007
196008
196015
196018
196020
196021
196022
196023
196047
196049
196050
196051
196052
196053
196059
196060
196061
196062
196063
196070
196072
196073
196081
196082
196083
196086
196087
196093
196094
196095
196114
196115
196116
196117
196118
196119
196120
196121
196122
196129
196132
196134
196143
196144
196145
196146
196147
196148
196150
196151
196152
196159
196163
196164
196193
196195
196201
196202
196203
196221
196222
196230
196231
196232
196233
196234
196235
196237
196255
196256
196262
196263
196264
196265
196267
196285
196286
196292
196310
196311
196312
196319
196321
196322
196325
196326
196327
196335
196336
196354
196355
196356
196363
196365
196367
196369
196370
196371
196379
196381
196386
196387
196388
196389
196390
196391
196400
196401
196402
196403
196404
196405
196406
196407
196408
196409
196410
196411
196424
196425
196426
196433
196435
196473
196474
196477
196478
196479
196485
196486
196487
196489
196507
196508
196509
196515
196516
196517
196524
196526
196528
196547
196548
196549
196552
196554
196709
196710
196711
196712
196713
196714
196726
196727
196728
196729
196730
196745
196746
196747
196748
196777
196789
196805
196806
196807
196808
196809
196810
196811
196812
196813
196814
196822
196829
196830
196831
196835
196836
196837
196850
196851
196852
196853
196854
196869
196870
196871
196872
196873
196885
196886
196887
196888
196889
196900
196901
196902
196903
196909
196910
196911
196912
196913
196914
196915
196916
196917
196918
196919
196920
196921
196932
196933
196934
196936
196986
196995
196999
197000
197001
197005
197006
197007
197011
197012
197013
197014
197023
197034
197037
197038
197039
197040
197041
197042
197061
197062
197063
197064
197065
197080
197081
197082
197083
197084
197091
197092
197093
197095
197129
197132
197147
197149
197175
197178
197195
197196
197197
197218
197219
197220
197246
197247
197248
197249
197260
197261
197262
197263
197264
197265
197266
197267
197284
197285
197286
197287
197306
197307
197309
197328
197329
197330
197331
197332
197333
197334
197335
197354
197356
197358
197386
197389
197403
197404
197405
197406
197407
197408
197409
197410
197415
197416
197417
197418
197441
197442
197443
197444
197445
197446
197447
197448
197454
197456
197469
197470
197471
197472
197498
197500
197523
197524
197525
197526
197545
197548
197567
197568
197569
197570
197592
197595
197611
197612
197613
197614
197615
197616
197617
197618
197624
197625
197627
197658
197659
197660
197661
197662
197663
197664
197665
197670
197671
197672
197673
197674
197675
197676
197677
197682
197683
197684
197685
197686
197687
197688
197689
197695
197697
197711
197714
197715
197751
197753
197755
197780
197781
197782
197783
197795
197797
197822
197823
197824
197825
197837
197840
197867
197870
197871
197890
197892
201057
201058
201059
201060
201061
201106
201205
201206
201207
201208
201209
201225
201226
201227
201228
201229
201278
201302
201303
201304
201305
201306
201444
201447
201448
201449
201450
201451
201452
201453
201454
201455
201474
201476
201477
201496
201497
201516
201517
201518
201519
201520
201521
201522
201523
201530
201535
201536
201538
201539
201540
201552
201553
201554
201555
201556
201562
201563
201565
201566
201567
201573
201574
201575
201576
201577
201578
201579
201583
201592
201593
201594
201595
201596
201616
201618
201619
201620
201623
201624
201625
201628
201629
201630
201631
201632
201633
201634
201635
201653
201654
201655
201656
201657
201658
201665
201666
201668
201669
201670
201681
201682
201683
201684
201685
201686
201687
201689
201690
201691
201701
201705
201709
201710
201711
201712
201713
201826
201827
201828
201838
201840
201841
201842
201843
201844
201857
201858
201859
201860
201861
201862
201863
201864
201865
201866
201868
201869
201871
201873
201875
201877
201882
201887
201888
201889
201890
201891
201909
201910
201912
201913
201914
201915
201916
201917
201918
201919
201920
201921
201923
201924
201925
201926
201927
201928
201929
201930
201950
201951
201952
201957
201964
201965
201966
201967
201968
201975
201976
201978
201979
201980
201981
201982
201983
201984
201985
201986
201987
201989
201990
201991
201992
201993
201994
201995
201996
202002
202003
202004
202005
202012
202013
202014
202015
202016
202017
202019
202020
202021
202023
202024
202026
202027
202028
202029
202030
202031
202032
202033
202034
202035
202037
202038
202039
202040
202041
202042
202043
202044
202058
202059
202061
202067
202069
202070
202071
202072
202073
202080
202081
202083
202084
202085
202086
202087
202088
202089
202090
202091
202092
202094
202095
202096
202097
202098
202099
202100
202101
202102
202103
202104
202105
202106
202126
202127
202128
202129
202130
202222
202224
202226
202345
202346
202348
209621
209623
209624
209625
209626
209627
209640
209641
209643
209645
209646
209647
209648
209649
209650
209657
209658
209659
209660
209664
209680
209681
209686
209687
209688
209689
209690
209696
209697
209698
209699
209700
209718
209719
209720
209721
209722
209724
209725
209729
209730
209731
209732
209733
209734
209735
209736
209737
209750
209751
209752
209753
209754
209760
209782
209784
209786
209791
209800
209801
209802
209803
209804
209805
209837
209838
209839
209840
209841
209844
209845
209846
209847
209848
209856
209857
209858
209859
209860
209861
209868
209869
209870
209871
209872
209873
209881
209882
209883
209893
209894
209895
209896
209897
209908
209909
209910
209914
209915
209916
209921
209922
209923
209943
209954
209955
209956
209957
209958
209962
209963
209965
209967
209968
209969
209970
209971
209972
209982
209983
209984
209985
209988
209993
209994
209995
209996
209997
209998
210010
210011
210012
210013
210014
210026
210027
210029
210038
210039
210040
210041
210044
210057
210058
210066
210067
210068
210069
210070
210072
210073
210074
210075
210076
210106
210108
210116
210118
210119
210120
210121
210140
210141
210142
210143
210144
210150
210151
210155
210156
210157
210158
210159
210160
210161
210162
210163
210191
210193
210194
210195
210196
210201
210203
210207
210208
210209
210210
210211
210212
210213
210214
210215
210222
210223
210224
210225
210226
210238
210254
210256
210258
210263
210267
210268
210269
210270
210271
210272
210280
210281
210282
210286
210287
210288
210289
210290
210291
210292
210293
210294
210311
210320
210322
210324
210347
210348
210349
210350
210351
210359
210360
210361
210365
210366
210367
210371
210372
210373
210385
210386
210387
210388
210389
210390
210394
210395
210396
210397
210398
210399
210400
210401
210402
210410
210411
210412
210413
210414
210422
210423
210424
210425
210426
210427
210428
210429
210430
210431
210432
210472
210473
210474
210475
210476
210490
210491
210493
210506
210507
210508
210509
210512
210543
210545
210549
210551
210552
210553
210554
210591
210593
210594
210595
210596
210597
210599
210603
210604
210605
210606
210607
210608
210609
210610
210611
210626
210634
210636
210638
210803
210804
210805
210806
210807
210824
210825
210827
210828
210829
210841
210842
210843
210844
210845
210846
210853
210854
210856
210857
210864
210865
210866
210867
210868
210876
210877
210879
210880
210881
210887
210900
210906
210907
210908
210909
210910
210915
210916
210918
210919
210959
210961
210962
210968
210970
210971
210972
210973
210974
210975
210976
210977
210983
210984
210985
210986
210987
210988
210993
210994
210995
210998
210999
211000
211001
211002
211003
211006
211008
211009
211010
211011
211012
211015
211018
211020
211021
211024
211025
211026
211027
211028
211037
211038
211039
211040
211043
211044
211045
211046
211047
211048
211049
211050
211057
211058
211059
211069
211070
211071
211072
211073
211086
211087
211088
211089
211090
211092
211093
211094
211097
211100
211102
211105
211106
211109
211110
211111
211112
211113
211114
211115
211116
211117
211118
211119
211121
211122
211123
211135
211138
211140
211144
211145
211147
211148
211149
211165
211167
211168
211169
211170
211171
211178
211179
211181
211182
211183
211184
211185
211186
211187
211197
211198
211200
211202
211203
211204
211205
211206
211207
211208
211209
211210
211211
211221
211237
211238
211240
211241
211242
211248
211259
211271
211272
211273
211274
211275
211280
211281
211283
211284
211285
211286
211287
211288
211289
211290
211291
211292
211293
211294
211295
211296
211297
211299
211301
211302
211303
211304
211305
211341
211342
211345
211347
211348
211351
211352
211353
211354
211355
211359
211360
211361
211364
211365
211380
211382
211383
211392
211394
211396
211398
211399
211400
211401
211402
211403
211404
211405
211409
211412
211413
211414
211415
211416
211417
211418
211419
211435
211436
211437
211447
211448
211451
211452
211453
211454
211455
211456
211457
211458
211459
211460
211461
211463
211464
211465
211482
211484
211486
211488
211489
211491
211493
211494
211495
211496
211497
211498
211499
211500
211501
211502
211503
211504
211505
211506
211507
211508
211509
211510
211511
211513
211515
211516
211517
211518
211519
211521
211534
211535
211536
211537
211538
211539
211540
211541
211542
211544
211545
211554
211556
211558
211629
211759
211760
211761
211762
211763
211786
211789
211791
211792
211800
211801
211803
211804
211806
211814
211816
211817
211819
211827
211828
211829
211830
211832
211834
211844
211845
211846
211847
211848
211849
211856
211857
211858
211859
211860
211861
211880
211882
211887
211888
211889
211890
211895
211896
211897
211898
211899
211900
211911
211912
211945
211948
211949
211951
211960
211963
211964
211974
211975
211976
211977
211978
211986
211989
211991
211992
212006
212007
212009
212015
212016
212023
212024
212025
212026
212027
212028
212029
212030
212031
212032
212033
212034
212035
212036
212039
212041
212042
212043
212046
212048
212049
212050
212051
212052
212053
212054
212055
212056
212057
212058
212059
212060
212061
212062
212066
212067
212074
212075
212077
212079
212081
212084
212086
212090
212091
212092
212093
212094
212102
212108
212120
212121
212137
212139
212140
212142
212144
212145
212146
212147
212155
212156
212157
212158
212159
212160
212167
212169
212179
212180
212181
212182
212183
212184
212191
212192
212193
212194
212195
212202
212204
212205
212207
212214
212215
212216
212217
212218
212220
212221
212222
212224
212225
212226
212227
212228
212229
212237
212238
212242
212243
212244
212245
212246
212247
212271
212273
212283
212284
212285
212286
212287
212288
212296
212297
212298
212299
212308
212309
212316
212317
212318
212319
212320
212321
212323
212324
212325
212342
212345
212346
212350
212351
212352
212353
212354
212355
212362
212364
212365
212366
212372
212373
212409
212412
212413
212415
212424
212426
212427
212431
212432
212433
212434
212435
212436
212437
212438
212439
212440
212441
212442
212443
212444
212445
212449
212450
212457
212459
212461
212463
212465
212467
212469
212470
212471
212472
212473
212474
212475
212476
212477
212479
212481
212483
212485
212487
212489
212490
212491
212492
212493
212494
212495
212497
212499
212501
212503
212505
212507
212511
212512
212513
212517
212518
212552
212557
212558
212559
212560
212561
212572
212578
212590
212591
212601
212602
212603
212604
212605
212612
212614
212615
212616
212618
212619
212620
212621
212628
212629
212630
212631
212632
212633
212634
212636
212637
212638
212641
212642
212646
212647
212648
212649
212650
212651
212670
212671
212672
212673
212674
212675
212677
212678
212679
212691
212698
212699
212700
212701
212702
212703
212705
212706
212710
212712
212713
212714
212720
212721
212758
213572
213578
213579
213580
213581
213582
213583
213584
213585
213593
213594
213595
213596
213597
213598
213599
213600
213622
213624
213625
213626
213633
213634
213635
213642
213643
213645
213646
213658
213659
213660
216555
216556
216557
216576
216577
216578
216614
216615
216616
216617
216618
216619
216620
216621
216655
216656
216657
216658
216659
216660
216661
216662
216663
216664
216665
216666
216667
216678
216679
216680
216722
216723
216724
216731
216732
216733
216734
216735
216736
216737
216738
216739
216740
216750
216751
216752
216777
216778
216779
216780
216781
216782
216783
216784
216818
216819
216820
216853
216854
216855
216908
216909
216910
216911
216912
216916
216917
216918
216930
216931
216932
216944
216945
216946
216947
216948
216971
216972
216973
216979
216980
216982
216983
216984
216986
216987
216988
216989
216999
217003
217004
217005
217009
217010
217011
217012
217013
217022
217026
217034
217035
217036
217037
217038
217039
217043
217044
217045
217057
217058
217060
217061
217062
217064
217065
217066
217078
217079
217080
217093
217094
217095
217096
217098
217099
217100
217101
217102
217103
217104
217116
217117
217118
217119
217120
217131
217137
217143
217149
217163
217164
217165
217168
217175
217177
217179
217180
217181
217182
217184
217185
217186
217189
217196
217207
217208
217209
217216
217217
217218
217219
217220
217235
217236
217237
217298
217299
217300
217307
217308
217310
217311
217314
217315
217317
217318
217319
217320
217321
217322
217323
217330
217331
217332
217333
217334
217335
217338
217339
217341
217342
217343
217344
217357
217358
217359
217372
217373
217374
217375
217376
217377
217378
217379
217380
217381
217382
217383
217384
217385
217386
217387
217388
217389
217390
217396
217397
217398
217399
217400
217401
217402
217420
217421
217423
217424
217427
217428
217430
217431
217432
217433
217434
217435
217436
217443
217445
217446
217447
217450
217451
217453
217454
217455
217456
217457
217458
217459
217476
217477
217478
217479
217480
217481
217484
217485
217486
217489
217490
217491
217492
217499
217500
217501
217502
217503
217504
217507
217508
217509
217511
217512
217513
217520
217521
217522
217523
217524
217525
217526
217527
217528
217529
217530
217531
217532
217533
217534
217535
217536
217537
217538
217539
217540
217541
217542
217543
217544
217545
217558
217559
217560
217591
217592
217594
217595
217598
217599
217600
217602
217603
217604
217605
217606
217607
217609
217610
217611
217612
217619
217620
217621
217622
217623
217624
217627
217628
217629
217631
217632
217633
221326
221327
221328
221335
221338
221339
221340
221341
221342
221343
221344
221345
221346
221353
221354
221373
221374
221375
221376
221377
221384
221385
221386
221387
221388
221389
221390
221393
221415
221416
221418
221419
221420
221423
221432
221433
221434
221435
221436
221451
221452
221454
221455
221457
221458
221459
221462
221463
221472
221473
221474
221475
221476
221477
221478
221479
221480
221486
221489
221490
221496
221513
221514
221532
221533
221534
221535
221538
221539
221540
221541
221542
221543
221564
221565
221566
221568
221569
221571
221576
221577
221578
221579
221580
221592
221593
221595
221596
221598
221599
221600
221602
221604
221607
221608
221609
221610
221622
221625
221626
221637
221730
221731
221732
221734
221736
221738
221750
221751
221752
221753
221754
221755
221756
221757
221759
221762
221781
221782
221783
221784
221785
221791
221792
221794
221796
221798
221799
221810
221811
221812
221813
221814
221815
221816
221817
221818
221819
221820
221821
221824
221833
221835
221837
221839
221840
221841
221842
221843
221848
221849
221850
221852
221854
221856
221862
221863
221864
221865
221866
221873
221874
221875
221876
221877
221878
221879
221880
221881
221882
221883
221884
221889
221890
221891
221893
221895
221906
221907
221908
221909
221910
221911
221912
221913
221914
221915
221916
221917
221929
221930
221931
221932
221933
221941
221943
221944
221947
221949
221950
221952
221953
221954
221955
221956
221957
221958
221959
221960
221961
221962
221963
221964
221965
221966
221967
221968
221970
221980
221981
221983
221986
221987
221988
221989
221990
221995
221996
221997
221998
221999
239583
239585
239586
239594
239596
239597
239604
239605
239606
239607
239608
239609
239616
239620
239622
239628
239629
239630
239631
239632
239633
239635
239636
239637
239638
239639
239640
239641
239642
239643
239714
239724
239728
239736
239737
239738
239739
239740
239741
239743
239744
239746
239747
239748
239749
239750
239751
239752
239753
239754
239755
239756
239757
239758
239759
239760
239761
239762
239763
239764
239765
239766
239767
239768
239769
239810
239820
239825
239853
239854
239855
239856
239857
239858
239859
239860
239861
239862
239863
239864
239865
239866
239867
239868
239869
239870
239872
239873
239874
239876
239877
239878
239879
239880
239881
239882
239883
239884
239885
239886
239963
239966
239969
239975
239976
239977
239978
239979
239980
239981
239983
239984
239985
239986
239987
239988
239989
239990
240004
240006
240008
240016
240017
240019
240026
240027
240028
240029
240030
240031
240150
240151
240152
240153
240154
240155
240156
240158
240159
240160
240161
240165
240166
240167
240172
240173
240174
240175
240179
240180
240181
240182
240183
240184
240185
240186
240187
240189
240190
240191
240192
240196
240197
240198
240203
240204
240205
240206
240210
240211
240212
240213
240214
240215
240216
240217
240218
240219
240220
240221
240222
240223
240224
240225
240226
240227
240228
240229
240230
240231
240286
240287
240288
240289
240290
240291
240292
240293
240295
240296
240297
240301
240302
240303
240308
240309
240310
240311
240314
240316
240323
240324
240325
240326
240327
240328
240329
240330
240331
240332
240333
240334
240335
240336
240338
240342
240343
240344
240349
240350
240351
240352
240354
240357
240465
240467
240468
240470
240472
240473
240478
240479
240480
240481
240482
240483
240495
240498
240501
240502
240503
240504
240505
240506
240512
240513
240514
240515
240516
240517
240519
240520
240521
240522
240529
240530
240531
240532
240533
240534
240535
240536
240537
240538
240539
240540
240541
240542
240543
240544
240596
240598
240600
240603
240604
240606
240610
240611
240612
240613
240614
240615
240619
240621
240625
240626
240627
240628
240629
240630
240636
240637
240638
240639
240640
240641
240642
240643
240644
240646
240720
240721
240722
240723
240724
240725
240727
240728
240730
240731
240732
240733
240734
240735
240736
240737
240738
240739
240740
240746
240756
240760
240768
240769
240770
240771
240772
240773
240774
240775
240776
240777
240778
240779
240780
240846
240847
240848
240849
240850
240852
240853
240854
240856
240857
240858
240859
240860
240861
240862
240863
240864
240865
240866
240888
240889
240890
240891
240892
240893
240894
240895
240896
240897
240898
240899
240900
240903
240916
240917
240967
240978
240983
240990
240991
240992
240993
240994
240995
240996
240997
240998
240999
241000
241001
241002
241024
241025
241026
241027
241028
241030
241031
241032
241034
241035
241036
241037
241038
241039
241040
241041
241042
241043
241044
241114
241115
241116
241117
241118
241119
241120
241121
241122
241123
241124
241125
241126
241128
241143
241144
241154
241155
241156
241157
241158
241159
241160
241162
241164
241165
241166
241167
241168
241169
241170
241171
241172
241173
241174
241260
241263
241266
241272
241273
241274
241275
241276
241277
241278
241280
241281
241282
241283
241284
241285
241286
241287
241301
241302
241304
241307
241308
241310
241312
241313
241314
241315
241316
241317
241324
241325
241326
241327
241328
241329
241330
241331
241332
241333
241334
241335
241336
241337
241338
241339
241401
241403
241407
241413
241414
241415
241416
241417
241418
241419
241420
241421
241422
241424
241425
241426
241427
241428
241450
241451
241452
241456
241457
241458
241461
241462
241463
241464
241465
241466
241556
241557
241558
241559
241560
241561
241562
241563
241564
241566
241567
241568
241569
241570
241574
241575
241576
241577
241583
241585
241587
241588
241589
241590
241597
241598
241599
241600
241601
241602
241603
241604
241605
241606
241607
241609
241610
241611
241615
241616
241617
241618
241623
241626
241628
241629
241630
241631
241632
241633
241634
241635
241636
241637
241638
241639
241640
241641
241642
241643
241722
241723
241724
241725
241726
241727
241728
241729
241730
241731
241732
241733
241734
241735
241736
241738
241739
241740
241744
241745
241746
241747
241752
241754
241757
241758
241759
241760
241761
241762
241763
241764
241765
241766
241767
241769
241770
241771
241775
241776
241777
241778
241783
241785
241880
241881
241883
241887
241888
241890
241897
241898
241899
241900
241901
241902
241914
241916
241920
241921
241922
241923
241924
241925
241931
241932
241933
241934
241935
241936
241937
241938
241939
241941
242033
242034
242035
242036
242037
242039
242040
242041
242043
242044
242045
242046
242047
242048
242049
242050
242051
242052
242053
242054
242055
242056
242057
242058
242059
242060
242061
242062
242063
242064
242065
242066
242089
242103
242104
242184
242185
242186
242187
242188
242189
242190
242191
242192
242193
242194
242195
242196
242197
242198
242199
242200
242201
242202
242203
242205
242207
242208
242209
242210
242211
242212
242213
242214
242215
242216
242217
242219
242234
242235
242327
242328
242333
242334
242335
242336
242337
242338
242344
242345
242346
242347
242348
242349
242350
242351
242352
242353
242368
242369
242370
242374
242375
242376
242385
242386
242387
242388
242389
242390
242761
242762
242766
242772
242845
242846
242847
242849
242850
242855
242862
242863
242864
242865
242866
242873
242874
242876
242878
242879
242880
242881
242882
242887
242894
242895
242896
242897
242914
242919
242924
242925
242927
242928
242940
242941
242943
242945
242952
242954
242955
242956
242958
242959
242960
242962
242965
242973
242974
242975
242976
242988
242989
242991
242992
242993
242999
243005
243006
243007
243008
243009
243014
243015
243016
243018
243030
243032
243034
243035
243052
243057
243069
243070
243071
243076
243168
243171
243191
243194
243212
243215
243216
243217
243218
243219
243220
243221
243222
243223
243245
243248
243249
243250
243253
243254
243255
243256
243257
243258
243259
243260
243261
243262
243263
243294
243295
243296
243297
243298
243299
243300
243308
243310
243311
243313
243314
243315
243316
243317
243318
243321
243322
243323
243324
243325
243326
243327
243328
243329
243330
243331
243332
243333
243334
243335
243342
243344
243347
243348
243349
243350
243351
243352
243353
243354
243355
243356
243363
243365
243366
243369
243370
243371
243372
243373
243374
243375
243376
243377
243404
243408
243410
243412
243413
243415
243422
243423
243424
243425
243427
243428
243429
243430
243431
243432
243434
243437
243468
243469
243472
243473
243475
243477
243490
243491
243495
243505
243528
243529
243530
243531
243532
243533
243534
243535
243536
243537
243565
243566
243567
243570
243571
243572
243573
243574
243575
243576
243577
243585
243587
243588
243590
243591
243592
243593
243594
243595
243596
243597
243598
243599
243606
243607
243608
243609
243610
243612
243613
243615
243617
243618
243619
243620
243621
243622
243623
243625
243626
243628
243629
243630
243631
243632
243656
243660
243662
243663
243664
243665
243666
243673
243675
243676
243679
243680
243681
243682
243683
243684
243686
243687
243697
243733
243734
243735
243737
243738
243743
243750
243751
243752
243753
243754
243769
243770
243772
243774
243775
243776
243777
243778
243782
243784
243785
243786
243787
243810
243815
243820
243821
243822
243824
243831
243832
243834
243836
243842
243843
243844
243845
243846
243847
243848
243849
243856
243857
243858
243859
243862
243863
243864
243866
243868
243871
243872
243873
243874
243905
243906
243915
243916
243917
243919
243926
243927
243928
243930
243943
243945
243946
243947
243949
243950
243951
243953
243956
243964
243965
243966
243967
243979
243980
243981
243983
243984
243989
243991
243992
243993
243994
243995
244005
244006
244007
244009
244021
244023
244025
244026
244043
244048
244049
244050
244051
244052
244053
244054
244055
244056
244076
244077
244078
244079
244081
244085
244088
244089
244090
244091
244092
244102
244103
244104
244106
244118
244119
244121
244123
244140
244141
244151
244152
244153
244158
244193
244194
244195
244196
244197
244204
244206
244207
244210
244211
244212
244213
244214
244215
244216
244217
244218
244219
244226
244228
244229
244232
244233
244234
244235
244236
244237
244238
244239
244240
244241
244265
244269
244271
244273
244274
244276
244277
244278
244279
244280
244281
244282
244283
244284
244285
244286
244293
244294
244295
244299
244300
244301
244302
244303
244304
244305
244306
244307
244308
244315
244316
244317
244321
244322
244323
244324
244325
244326
244327
244328
244331
244332
244333
244334
244335
244336
244360
244361
244390
244391
244392
244393
244395
244396
244397
244398
244399
244400
244405
244408
244440
244441
244444
244445
244447
244449
244464
244465
244466
244470
244471
244472
244473
244474
244475
244477
244478
244480
244481
244482
244483
244484
244511
244515
244517
244518
244519
244520
244521
244528
244530
244531
244534
244535
244536
244537
244538
244539
244540
244541
244542
244543
244544
244545
244546
244547
244548
244549
244550
244551
244556
244557
244558
244559
244560
244561
244564
244565
244566
244567
244568
244569
244576
244577
244578
244582
244583
244584
244585
244586
244587
244588
244589
244590
244617
244618
244624
244625
244644
244645
244676
244677
244679
244681
244682
244684
244730
244732
244733
244744
244822
244823
244824
244825
244828
244829
244830
244832
244834
244837
244838
244839
244840
244871
244872
244881
244882
244883
244885
244892
244893
244894
244896
244914
244915
244916
244917
244919
244923
244926
244927
244928
244929
244930
244948
244949
244950
244951
244959
244960
244962
244964
244986
244987
245331
245332
245333
245334
245335
245340
245343
245344
245345
245347
245349
245354
245362
245363
245366
245368
245369
245370
245371
245372
245377
245378
245379
245380
245381
245408
245410
245411
245412
245413
245414
245417
245418
245420
245421
245422
245423
245424
245437
245438
245439
245440
245441
245442
245443
245444
245445
245446
245447
245454
245455
245456
245458
245463
245471
245473
245475
245476
245491
245498
245499
245500
245501
245502
245503
245520
245521
245522
245523
245524
245525
245532
245533
245534
245535
245536
245537
245538
245539
245540
245547
245548
245549
245550
245551
245552
245553
245554
245555
245556
245557
245558
245559
245560
245567
245568
245569
245570
245571
245578
245579
245580
245581
245582
245583
245584
245585
245586
245587
245588
245595
245596
245597
245599
245600
245602
245615
245616
245617
245618
245619
245620
245621
245622
245623
245624
245625
245642
245643
245644
245645
245646
245647
245654
245655
245657
245659
245673
245680
245681
245682
245683
245684
245691
245692
245693
245694
245695
245696
245697
245698
245699
245700
245701
245708
245709
245710
245711
245712
245713
245714
245715
245716
245723
245724
245725
245726
245727
245728
245729
245730
245731
245732
245733
245734
245735
245736
245752
245753
245754
245755
245756
245761
245768
245770
245773
245774
245775
245776
245777
245778
245792
245794
245795
245798
245799
245800
245801
245802
245815
245816
245817
245818
245819
245820
245821
245822
245823
245824
245825
245849
245850
245852
245853
245854
245867
245875
245876
245879
245881
245882
245883
245884
245885
245899
245900
245901
245902
245903
245908
245911
245912
245913
245915
245917
245919
245920
245921
245922
245923
245938
245940
245941
245942
245943
245953
245956
245957
245959
245960
245961
245962
245963
245975
245976
245977
245978
245979
245980
245981
245982
245983
245984
245985
245991
245992
245993
245994
245995
245996
245997
245998
245999
246000
246001
246010
246011
246012
246013
246014
246015
246016
246017
246018
246019
246021
246024
246025
246026
246027
246028
246029
246032
246033
246035
246036
246037
246038
246039
246040
246041
246042
246043
246044
246045
246046
246047
246050
246051
246053
246054
246055
246056
246057
246058
246059
246060
246061
246062
246063
246064
246065
246068
246069
246071
246072
246073
246074
246075
246076
246077
246078
246079
246080
246081
246082
246083
246084
246085
246086
246087
246088
246089
246090
246103
246104
246105
246106
246107
246108
246109
246110
246111
246112
246113
246114
246117
246119
246120
246121
246122
246124
246125
246128
246129
246130
246131
246132
246133
246134
246135
246136
246146
246147
246148
246149
246150
246160
246161
246162
246163
246164
246168
246170
246173
246174
246176
246179
246197
246198
246200
246201
246202
246203
246205
246206
246209
246210
246211
246212
246213
246226
246227
246228
246229
246230
246231
246232
246233
246234
246235
246236
246261
246262
246263
246265
246270
246278
246279
246282
246283
246293
246304
246305
246306
246307
246308
246309
246310
246311
246312
246319
246320
246321
246322
246323
246324
246325
246326
246327
246328
246329
246330
246331
246332
246339
246340
246341
246342
246343
246344
246361
246362
246363
246364
246365
246366
246373
246374
246375
246376
246377
246378
246379
246380
246381
246382
246383
246390
246391
246392
246393
246394
246401
246402
246403
246406
246407
246409
246415
246416
246417
246418
246419
246426
246427
246428
246429
246433
246443
246444
246445
246446
246447
246448
246449
246450
246451
246458
246459
246460
246461
246462
246463
246464
246465
246466
246467
246468
246469
246470
246471
246478
246479
246480
246483
246491
246505
246506
246507
246508
246509
246510
246511
246512
246513
246514
246515
246522
246523
246524
246525
246526
246533
246534
246535
246536
246537
246538
246555
246556
246557
246558
246559
246560
246581
246582
246583
246585
246586
246588
246601
246602
246603
246604
246605
246606
246607
246608
246609
246610
246611
246623
246624
246625
246626
246627
246628
246640
246641
246642
246643
246644
246651
246652
246653
246654
246655
246656
246657
246658
246659
246660
246661
246668
246669
246671
246673
246686
246694
246695
246696
246697
246698
246699
246700
246701
246702
246703
246704
246705
246706
246707
246708
246715
246716
246717
246718
246719
246720
246721
246722
246729
246731
246732
246733
246737
246746
246747
246748
246750
246751
246752
246766
246767
246768
246769
246770
246771
246772
246773
246774
246775
246782
246783
246784
246785
246786
246787
246788
246789
246790
246791
246792
246799
246800
246801
246802
246803
246804
246816
246817
246818
246819
246820
246821
246833
246834
246835
246836
246837
246838
246839
246840
246841
246842
246843
246844
246845
246846
246847
246853
246854
246855
246856
246857
246858
246859
246860
246867
246868
246869
246871
246882
246896
246897
246898
246899
246900
246913
246921
246922
246925
246927
246928
246929
246930
246931
246945
246947
246948
246951
246952
246953
246954
246955
246968
246969
246970
246971
246972
246973
246974
246975
246976
246977
246978
247002
247003
247005
247006
247007
247008
247009
247010
247011
247014
247015
247017
247018
247019
247020
247021
247022
247023
247024
247025
247026
247027
247028
247029
247030
247031
247032
247033
247034
247035
247036
247047
247048
247049
247050
247051
247052
247053
247054
247055
247056
247057
247058
247061
247063
247064
247065
247066
247068
247069
247072
247073
247074
247075
247076
247077
247078
247079
247080
247081
247082
247083
247084
247085
247086
247090
247091
247092
247093
247094
247095
247096
247097
247098
247099
247100
247101
247102
247103
247104
247108
247109
247110
247111
247112
247113
247114
247115
247116
247117
247118
247119
247120
247121
247122
247123
247124
247125
247126
247127
247140
247141
247142
247143
247144
247145
247146
247147
247148
247149
247150
247151
247152
247162
247163
247164
247165
247166
247173
247174
247176
247179
247180
247182
247187
247196
247198
247199
247202
247203
247204
247205
247206
247220
247221
247222
247226
247227
247228
247229
247230
247243
247244
247245
247246
247247
247248
247249
247250
247251
247252
247253
247286
247287
247288
247290
247291
247301
247302
247303
247304
247305
247321
247322
247323
247324
247325
247332
247333
247336
247338
247340
247343
247360
247361
247363
247364
247365
247366
247368
247369
247372
247373
247374
247375
247376
247389
247390
247391
247392
247393
247394
247395
247396
247397
247398
247399
247415
247416
247417
247420
247421
247423
247429
247430
247431
247432
247433
247440
247441
247442
247443
247446
247457
247458
247459
247460
247461
247462
247463
247464
247465
247466
247467
247468
247469
247470
247471
247478
247479
247480
247481
247482
247483
247484
247485
247492
247493
247494
247495
247496
247497
247498
247499
247500
247501
247502
247509
247510
247511
247512
247513
247520
247521
247522
247525
247533
247547
247548
247549
247550
247551
247552
247564
247565
247566
247567
247568
247569
247581
247583
247584
247585
247589
247598
247599
247600
247602
247603
247604
247612
247613
247614
247615
247616
247623
247624
247625
247626
247627
247628
247629
247630
247631
247632
247633
247640
247641
247642
247643
247644
247651
247652
247653
247654
247655
247656
247657
247658
247659
247660
247661
247662
247663
247664
247665
247672
247673
247674
247675
247676
247677
247678
247679
247686
247687
247688
247689
247690
247691
247702
247703
247704
247705
247706
247707
247719
247720
247721
247722
247731
247748
247757
247759
247760
247763
247764
247765
247766
247767
247778
247779
247780
247781
247782
247789
247790
247792
247795
247796
247798
247810
247811
247812
247816
247817
247818
247819
247820
247833
247834
247835
247836
247837
247838
247839
247840
247841
247842
247843
247867
247868
247869
247871
247872
250125
250126
250131
250133
250135
250137
250139
250140
250141
250164
250165
250166
250167
250168
250169
250170
250171
250172
250173
250174
250175
250212
250214
250215
250217
250223
250224
250225
250226
250228
250234
250236
250237
250238
250241
250242
250243
250250
250251
250292
250293
250294
250295
250296
250297
250298
250299
250300
250301
250302
250303
250322
250323
250325
250326
250327
250328
250329
250334
250335
250366
250367
250368
250369
250380
250383
250387
250389
250390
250391
250392
250393
250394
250397
250398
250399
250400
250401
250402
250403
250404
250410
250418
250428
250429
250430
250431
250442
250445
250449
250451
250455
250458
250461
250462
250463
250464
250470
250478
250482
250484
250485
250486
250487
250488
250489
250490
250491
250494
250495
250496
250497
250498
250500
250501
250502
250503
250504
250506
250508
250509
250510
250511
250512
250513
250515
250523
250531
250534
250537
250539
250543
250544
250545
250546
250548
250551
250568
250569
250570
250571
250573
250581
250589
250590
250591
250593
250594
250595
250596
250597
250598
250599
250601
250603
250604
250605
250606
250608
250611
252002
252003
252004
252006
252007
252008
252009
252010
252011
252012
252013
252014
252015
252024
252025
252026
252028
252029
252030
252031
252032
252033
252034
252035
252036
252037
252061
252062
252065
252066
252068
252069
252070
252072
252073
252074
252075
252076
252077
252078
252084
252086
252088
252089
252090
252093
252094
252096
252097
252098
252099
252100
252101
252102
252141
252142
252143
252148
252149
252150
252152
252153
252154
252155
252156
252157
252158
252163
252164
252165
252166
252167
252168
252174
252175
252176
252177
252178
252179
252180
252185
252186
252187
252192
252193
252194
252196
252197
252198
252199
252200
252201
252202
252207
252208
252209
252210
252211
252212
252218
252219
252220
252221
252222
252223
252224
252264
252265
252266
252268
252270
252272
252273
252274
252277
252278
252279
252280
252281
252282
252288
252289
252290
252292
252293
252294
252296
252298
252300
252302
252303
252304
252305
252306
252327
252328
252329
252331
252332
252333
252335
252336
252337
252342
252343
252344
252345
252349
252350
252351
252353
252354
252355
252357
252358
252359
252364
252365
252366
252367
252530
252535
252536
252537
252538
252539
252540
252541
252542
252543
252544
252545
252546
252547
252548
252563
252580
252598
252609
252610
252611
252612
252613
252614
252615
252616
252617
252618
252619
252620
252621
252622
252623
252624
252625
252626
252627
252628
252629
252630
252631
252632
252633
252634
252635
252636
252648
252666
252683
252697
252698
252699
252700
252701
252702
252703
252704
252705
252706
252707
252708
252709
252710
252716
256877
256878
256886
256888
256889
256890
256892
256893
256894
256924
256926
256932
256933
256934
256936
256940
256941
256942
256995
256996
257000
257006
257007
257008
257010
257011
257012
257038
257040
257041
257046
257047
257048
257054
257055
257056
257217
257219
257222
257223
257224
257230
257231
257232
257234
257285
257286
257289
257291
257292
257293
257295
257296
257303
257353
257355
257358
257359
257360
257361
257366
257367
257368
257441
257442
257445
257447
257448
257449
257451
257452
257455
257600
257601
257602
257603
257606
257610
257615
257663
257664
257665
257667
257668
257669
257670
257671
257673
257676
257699
257700
257701
257704
257705
257711
257713
257714
257715
257716
257717
257718
257719
257720
257721
257722
257724
257725
257726
257727
257728
257729
257732
257734
257735
257736
257738
257740
257745
257746
257747
257748
257749
257774
257775
257776
257778
257779
257780
257781
257782
257784
257786
257787
257789
257791
257792
257793
257794
257795
257796
257797
257800
257801
257802
257804
257805
257821
257822
257823
257826
257827
257829
257831
257836
257837
257838
257854
257855
257856
257858
257860
257861
257862
257869
257870
257871
257876
257877
257878
257879
257882
257886
257891
257896
257897
257898
257899
257900
257901
257902
257908
257912
257915
257923
257924
257925
257941
257942
257943
257945
257946
257947
257948
257949
257950
257953
257954
257956
257957
257958
257959
257960
257962
257964
257965
257966
257971
257972
257990
257991
257992
257993
257995
257996
257997
257998
258000
258002
258004
258005
258006
258007
258008
258009
258010
258013
258014
258015
258020
258022
258025
258026
258027
258028
258029
258032
258033
258035
258077
258078
258079
258080
258082
258084
258085
258088
258089
258090
258095
258096
258097
258098
258104
258108
258111
258119
258120
258121
258122
258123
258124
258126
258127
258128
258130
258132
258134
258150
258151
258152
258153
258154
258157
258158
258159
258160
258162
258300
258303
258304
258305
258310
258311
258312
258313
258320
258329
258330
258331
258336
258337
258338
258339
258383
258384
258399
258400
258402
258403
258404
258406
258407
258408
258409
258410
258423
258425
258435
258436
258437
258442
258444
258445
258454
258457
258458
258459
258464
258465
258466
258467
258474
258475
258476
258477
258483
258486
258487
258488
258490
258491
258492
258493
258504
258513
258514
258515
258520
258521
258522
258523
258542
258547
258548
258549
258551
258552
258553
258554
258578
258579
258580
258581
258608
258610
258617
258618
258619
258624
258626
258627
258632
258633
258634
258635
258660
258661
258666
258667
258668
258670
258671
258672
258689
258692
258693
258694
258696
258697
258698
258699
258713
258718
258719
258720
258722
258723
258724
258725
258856
258858
258859
258860
258861
258862
258863
258864
258870
258872
258873
258874
258876
258877
258878
258879
258880
258882
258883
258884
258885
258891
258893
258894
258919
258920
258961
258963
258964
258966
258967
258968
258969
258970
258971
258972
258978
258980
258981
258983
258984
259004
259006
259007
259008
259009
259010
259011
259014
259018
259019
259020
259046
259047
259048
259049
259051
259052
259053
259054
259060
259062
259063
259088
259089
259090
259091
259093
259094
259095
259098
259102
259103
259104
259122
259123
259150
259151
259152
259153
259155
259156
259219
259221
259222
259223
259224
259225
259226
259229
259233
259234
259235
259255
259256
259257
259258
259260
259261
259262
259265
259269
259270
259271
263597
263601
263602
263611
263613
263614
263617
263620
263621
263622
263623
263624
263625
263626
263644
263645
263647
263648
263653
263654
263655
263656
263657
263658
263662
263679
263680
263681
263682
263685
263686
263689
263699
263701
263702
263705
263710
263727
263728
263729
263730
263732
263733
263734
263735
263736
263737
263738
263773
263774
263784
263787
263798
263800
263809
263812
263816
263817
263818
263819
263820
263821
263822
263825
263829
263830
263839
263841
263842
263845
263850
263851
263852
263853
263854
263855
263856
263858
263862
263864
263870
263871
263872
263878
263884
263885
263887
263888
263893
263894
263895
263896
263897
263898
263901
263915
263916
263917
263918
263924
263925
263927
263928
263932
263934
263935
263936
263937
263938
263940
263951
263952
263953
263954
263965
263966
263969
263979
263981
263982
263985
263989
264003
264004
264005
264006
264012
264014
264016
264024
264025
264026
264032
264036
264047
264048
264049
264050
264060
264061
264062
264063
264064
264065
264066
264070
264071
264072
264073
264074
264075
264076
264095
264097
264105
264108
264114
264115
264116
264117
264118
264119
264120
264122
264123
264124
264125
264126
264127
264128
264145
264146
264153
264156
264164
264168
264170
264176
264177
264178
264184
264204
264205
264207
264208
264212
264214
264215
264216
264217
264218
264219
264227
264228
264229
264230
264244
264246
264248
264256
264257
264258
264264
264267
264275
264276
264277
264278
264376
264378
264402
264403
264404
264405
264406
264407
264408
264409
264410
264411
264412
264413
264414
264415
264420
264421
264444
264445
264446
264447
264452
264453
264456
264457
264462
264463
264464
264465
264470
264471
264474
264475
264476
264477
264480
264481
264484
264485
264488
264489
264490
264491
264492
264493
264498
264499
264504
264505
264506
264508
264510
264511
264513
264515
264516
264518
264520
264521
264522
264524
264530
264531
264532
264533
264534
264535
264541
264543
264546
264548
264564
264565
264568
264569
264572
264573
264576
264577
264578
264579
264580
264582
264600
264601
264603
264605
264606
264608
264610
264612
264614
264615
264616
264617
264618
264619
264620
264621
264622
264630
264631
264632
264633
264634
264635
264636
264644
264645
264646
264647
264648
264649
264650
264651
264652
264653
264654
264655
264656
264657
264660
264661
264678
264679
264684
264685
264690
264691
264692
264694
264696
264697
264698
264700
264702
264703
264704
264706
264708
264710
264712
264713
264732
264733
264738
264739
264740
264741
264746
264747
264750
264751
264752
264753
264756
264757
264758
264759
264762
264763
264770
264771
264772
264773
264774
264775
264781
264783
264784
264786
264807
264808
264809
264811
264813
264815
264817
264818
264819
264821
264823
264824
264825
264826
264827
264828
264829
264830
264831
264832
264833
264834
264835
264836
264837
264838
264843
264844
264845
264846
264851
264852
264855
264856
264879
264880
264881
264882
264885
264886
264887
264888
264891
264892
264981
264983
264984
264985
264986
264987
264988
264993
264995
264996
264997
264998
264999
265000
265003
265004
265005
265006
265007
265008
265009
265034
265035
265036
265038
265039
265040
265041
265046
265048
265049
265074
265075
265076
265077
265080
265081
265082
265083
265084
265086
265087
265088
265089
265090
265091
265096
265098
265099
265100
265101
265102
265103
265110
265114
265116
265117
265118
265119
265120
265121
265122
265123
265124
265125
265126
265127
265128
265129
265136
265138
265139
265140
265141
265145
265146
265147
265148
265149
265151
265152
265153
265154
265155
265160
265161
265163
265175
265176
265177
265178
265179
265180
265181
265217
265218
265219
265220
265221
265222
265223
265259
265260
265261
265263
265264
265265
265266
265271
265273
265274
265310
265311
265312
265313
265315
265316
265317
265322
265323
265325
265349
265350
265351
265352
265355
265356
265357
265358
265359
265360
265361
265362
265367
265368
265369
265372
265374
265375
265376
265377
265381
265382
265383
265384
265385
265386
265387
265388
265389
265390
265391
265392
265397
265398
265399
265400
265401
265402
265403
265407
265413
265414
265416
265417
265418
265419
265420
265425
265426
265428
265429
265430
265431
265432
265433
265434
265435
265471
265472
265473
265474
265476
265477
265478
265483
265484
265486
267912
267915
267940
267941
267942
267944
267946
267948
267950
267951
267952
267953
267958
267960
267962
267965
267966
267967
267974
267975
267979
267980
267981
267982
267983
267984
267985
267991
267992
267994
267995
267996
268005
268027
268028
268029
268030
268031
268032
268036
268037
268039
268040
268041
268043
268048
268049
268056
268058
268059
268060
268061
268062
268063
268065
268066
268071
268073
268074
268079
268142
268143
268144
268149
268151
268153
268154
268155
268156
268157
268159
268162
268163
268166
268167
268168
268169
268170
268171
268172
268188
268189
268193
268194
268196
268199
268200
268205
268206
268208
268210
268211
268212
268213
268214
268216
268222
268223
268224
268225
268226
268227
268231
268232
268233
268234
268237
268238
268239
268240
268241
268257
268258
268265
268266
268267
268268
268270
268273
268274
268279
268281
279640
279641
279646
279647
279648
279649
279654
279656
279657
279658
279659
279660
279661
279662
279663
279664
279665
279666
279667
279669
279719
279720
279721
279722
279723
279724
279725
279726
279727
279775
279776
279777
279778
279779
279780
279781
279782
279783
279823
279824
279825
279826
279827
279828
279829
279830
279835
279837
279838
279839
279840
279841
279842
279843
279844
279846
279865
279866
279927
279928
279929
279930
279934
279935
279936
279937
279938
279939
279940
279941
279945
279950
279951
279952
279953
279957
279958
279959
279960
279961
279962
279963
279964
279968
279969
279970
279971
279972
279973
279974
279975
279976
280001
280002
280003
280004
280008
280013
280014
280015
280016
280020
280021
280022
280023
280024
280025
280026
280027
280031
280032
280033
280034
280039
280040
280041
280042
280046
280123
280124
280130
280131
280132
280133
280134
280136
280137
280142
280143
280144
280145
280146
280147
280148
280149
280150
280151
280152
280154
280155
280156
280157
280158
280159
280160
280161
280200
280201
280208
280209
280210
280211
280212
280213
280214
280215
280216
280218
280219
280224
280225
280226
280227
280228
280229
280230
280267
280268
280269
280270
280271
280272
280273
280290
280291
280338
280339
280340
280341
280342
280343
280344
280354
280355
280410
280411
280421
280422
280423
280424
280425
280426
280427
280474
280475
280492
280493
280494
280495
280496
280497
280498
280545
280546
280547
280548
280549
280550
280551
280552
280557
280559
280560
280561
280562
280563
280564
280565
280566
280568
280581
280582
280589
280590
280591
280592
280593
280594
280595
280596
280638
280639
280640
280641
280642
280643
280645
280646
280647
280648
280649
280650
280651
280652
280653
280658
280660
280661
280666
280667
280721
280722
280723
280724
280727
280729
280730
280731
280732
280737
280738
280739
280740
280744
280745
280746
280747
280748
280749
280750
280751
280755
280756
280757
280758
280765
280767
280768
280769
280770
280771
280772
280773
280774
280811
280812
280813
280814
280815
280816
280817
280818
280819
280820
280821
280822
280832
280834
280835
280836
280837
280838
280839
280840
280841
280842
280843
280844
280845
280855
280908
280909
280922
280923
280924
280925
280926
280927
280928
280929
280930
280932
280933
280938
280939
280940
280941
280942
280943
280944
280996
280997
280998
280999
281000
281001
281002
281003
281004
281076
281077
281078
281079
281080
281081
281082
281083
281084
281151
281152
281153
281154
281155
281156
281157
281159
281160
281161
281162
281163
281164
281165
281166
281167
281169
281170
281177
281178
281375
281399
281400
281401
281402
281404
281406
281411
281412
281416
281417
281418
281419
281425
281426
281428
281429
281430
281431
281432
281433
281469
281470
281471
281472
281473
281474
281476
281477
281479
281480
281481
281482
281484
281491
281492
281496
281498
281501
281502
281503
281539
281631
281632
281633
281634
281635
281636
281641
281642
281647
281650
281677
281679
281681
281682
281683
281684
281686
281687
281688
281690
281691
281692
281693
281694
281695
281696
281698
281700
281702
281704
281707
281708
281710
281711
281712
281713
281715
281717
281718
281719
281720
281722
281743
281744
281745
281746
281747
281748
281761
281766
281767
281772
281793
281821
281823
281825
281826
281827
281828
281830
281831
281832
281834
281835
281836
281837
281839
281841
281842
281843
281845
281847
281848
281849
281850
281871
281872
281873
281874
281876
281877
281879
281881
281882
281884
281885
281886
281898
281913
281914
281915
281916
281918
281920
281925
281926
281930
281931
281932
281933
281935
281936
281941
281943
281944
281945
281946
281947
281979
281980
281981
281982
281984
281985
281986
281987
281988
281989
281990
281991
281996
281998
281999
282035
282036
282037
282038
282039
282040
282042
282043
282045
282046
282047
282048
282049
282053
282054
282061
282063
282064
282065
282067
282101
282102
282103
282104
282107
282108
282110
282113
282114
282116
282117
282118
282125
282160
282182
282183
282184
282186
282188
282189
282190
282192
282194
282195
282198
282199
282200
282202
282203
282204
282205
282206
282208
282210
282211
282213
282232
282233
282234
282235
282236
282237
282240
282242
282244
282246
282248
282249
282250
282251
282252
282253
282255
282256
282258
282260
282262
282263
282286
282287
282288
282289
282290
282291
282313
282318
282319
282324
282333
282336
282337
282338
282340
282364
282365
282366
282367
282369
282370
282371
282372
282374
282376
282378
282379
282380
282381
282382
282383
282384
282385
282386
282388
282390
282392
282393
282394
282395
282396
282397
282399
282400
282402
282404
282406
282407
282461
282462
282467
282470
282518
282554
282555
282556
282557
282558
282559
282560
282561
282566
282568
282569
282603
282604
282606
282609
282610
282612
282613
282614
282621
282823
282824
282832
282833
282834
282835
282837
282840
282841
282843
282845
282857
282858
282859
282860
282861
282863
282865
282867
282871
282872
282875
282881
282882
282883
282884
282885
282886
282889
282890
282891
282911
282918
282919
282920
282929
282930
282931
282932
282933
282935
282937
282938
282939
282940
282941
282945
282947
282953
282954
282955
282956
282957
282958
282959
282963
282964
282965
282966
282967
282968
282969
282970
282971
282972
282974
282975
282976
282977
282978
282980
282982
282983
282984
282989
282990
282992
282996
283013
283014
283015
283029
283030
283031
283032
283033
283034
283035
283036
283037
283038
283039
283043
283044
283045
283046
283047
283048
283050
283051
283052
283053
283054
283055
283056
283057
283058
283059
283063
283065
283067
283069
283075
283076
283081
283082
283084
283086
283088
283091
283092
283097
283098
283099
283100
283101
283102
283103
283105
283107
283109
283113
283142
283143
283144
283145
283147
283150
283151
283153
283155
283171
283172
283187
283188
283189
283190
283191
283193
283195
283197
283201
283205
283206
283211
283212
283213
283214
283217
283218
283219
283220
283221
283222
283223
283224
283227
283228
283231
283232
283233
283234
283235
283236
283237
283238
283239
283240
283241
283242
283243
283244
283245
283246
283247
283248
283249
283250
283251
283252
283253
283254
283255
283256
283257
283258
283259
283260
283261
283262
283263
283264
283265
283266
283267
283268
283269
283270
283271
283272
283273
283274
283275
283276
283278
283279
283280
283281
283282
283283
283284
283285
283288
283289
283292
283294
283295
283300
283301
283302
283303
283304
283305
283306
283307
283308
283309
283310
283311
283312
283313
283314
283326
283327
283350
283352
283353
283354
283355
283356
283358
283360
283362
283366
283367
283377
283378
283379
283380
283381
283382
283385
283386
283387
283403
283404
283405
283406
283407
283409
283411
283412
283413
283414
283415
283419
283421
283431
283438
283439
283440
283449
283450
283451
283452
283453
283454
283455
283456
283457
283458
283459
283463
283464
283465
283466
283467
283468
283469
283471
283472
283477
283478
283479
283480
283482
283484
283485
283486
283487
283491
283492
283493
283494
283495
283496
283497
283500
283501
283502
283503
283504
283505
283506
283507
283508
283509
283514
283516
283518
283522
283524
283541
283542
283543
283544
283545
283546
283547
283548
283549
283550
283551
283555
283556
283557
283558
283559
283560
283561
283564
283571
283572
283573
283591
283592
283593
283594
283596
283598
283599
283600
283605
283606
283608
283611
283625
283626
283627
283633
283634
283635
283636
283637
283638
283639
283640
283641
283642
283643
283647
283648
283649
283650
283651
283652
283654
283670
283671
283672
283673
283674
283675
283676
283677
283678
283680
283682
283686
283688
283694
283695
283698
283699
283700
283701
283702
283703
283704
283705
283706
283707
283708
283709
283710
283711
283712
283714
283721
283723
283725
283726
283727
283728
283729
283730
283731
283732
283734
283735
283736
283737
283738
283739
283743
283744
283745
283746
283751
283755
283756
283757
283769
283770
283771
283772
283773
283774
283775
283776
283777
283779
283781
283785
283787
283808
283809
283810
283811
283816
283818
283820
283821
283823
283830
283831
283832
283833
283834
283835
283836
283838
283840
283842
283846
283861
283862
283863
283864
283865
283866
283867
283868
283869
283870
283871
283872
283873
283874
283875
283876
283877
283878
283879
283880
283881
283882
283883
283884
283887
283888
283891
283893
283894
283898
283899
283900
283901
283902
283903
283904
283905
283906
283907
283908
283909
283910
283911
283912
283913
283914
283915
283916
283917
283918
283919
283920
283921
283922
283923
283924
283925
283926
283927
283928
283929
283930
283931
283932
283933
283934
283935
283936
283937
283938
283939
283940
283941
283942
283943
283944
283945
283946
283947
283948
283951
283952
283955
283957
283958
283959
283961
283962
283969
283970
283987
283988
283990
283993
283994
283995
283996
284001
284003
284005
284006
284007
284008
284015
284016
284019
284021
284023
284025
284027
284058
284059
284081
284083
284084
284085
284086
284087
284089
284091
284093
284097
284098
284105
284106
284111
284112
284113
284114
284116
284118
284119
284120
284121
284125
284126
284127
284128
284129
284130
284131
284132
284133
284136
284137
284138
284139
284140
284141
284142
284143
284148
284150
284152
284154
284156
284160
284161
284162
284163
284164
284165
284166
284167
284168
284169
284170
284174
284175
284176
284177
284178
284179
284180
284197
284201
284202
284203
284219
284220
284223
284224
284225
284226
284227
284228
284229
284230
284231
284232
284233
284234
284235
284236
284237
284238
284242
284244
284250
284251
284252
284253
284254
284255
284256
284257
284258
284260
284261
284262
284263
284264
284265
284266
284267
284268
284272
284273
284274
284275
284276
284277
284278
284279
284280
284282
284284
284288
284290
284300
284304
284305
284306
284333
284334
284336
284339
284340
284341
284342
284347
284349
284353
284354
284371
284372
284373
284374
284381
284385
284386
284387
284389
284391
284393
291418
291419
291420
291421
291422
291423
291446
291447
291451
291453
291454
291461
291462
291463
291465
291466
291478
291479
291480
291481
291482
291485
291486
291487
291488
291490
291492
291493
291494
291495
291496
291497
291498
291499
291500
291501
291502
291503
291504
291505
291506
291507
291508
291509
291510
291511
291512
291513
291514
291517
291518
291521
291522
291523
291524
291525
291526
291527
291528
291529
291530
291531
291532
291539
291540
291545
291546
291547
291548
291558
291560
291561
291566
291567
291582
291583
291586
291587
291588
291611
291612
291613
291614
291617
291618
291623
291624
291626
291628
291629
291630
291632
291633
291634
291635
291636
291637
291642
291644
291645
291661
291662
291663
291664
291670
291672
291677
291678
291680
291681
291682
291683
291686
291687
291696
291697
291699
291700
291701
291702
291703
291711
291712
291713
291714
291715
291716
291717
291718
291719
291720
291721
291724
291725
291726
291727
291729
291731
291732
291733
291734
291735
291736
291737
291738
291739
291740
291741
291742
291743
291744
291745
291746
291747
291750
291751
291752
291753
291754
291757
291758
291759
291760
291761
291762
291766
291767
291768
291769
291770
291771
291775
291776
291777
291778
291779
291780
291781
291782
291785
291786
291789
291790
291791
291792
291793
291794
291795
291796
291797
291798
291799
291800
291801
291803
291805
291807
291809
291810
291811
291812
291813
291814
291815
291816
291817
291818
291819
291820
291821
291822
291823
291824
291825
291826
291829
291830
291835
291836
291837
291838
291843
291845
291846
291851
291852
291853
291854
291860
291861
291864
291865
291866
291867
291868
291869
291882
291884
291885
291886
291887
291888
291897
291898
291900
291901
291902
291903
291904
291913
291914
291915
291916
291918
291919
291921
291923
291935
291936
291937
291938
291944
291946
291951
291952
291954
291955
291958
291974
291975
291977
291978
291979
292004
292005
292006
292007
292008
292009
292010
292011
292012
292013
292014
292017
292018
292019
292020
292021
292024
292025
292026
292027
292028
292029
292030
292031
292032
292033
292034
292035
292036
292037
292038
292039
292041
292043
292045
292047
292048
292049
292050
292051
292052
292053
292054
292055
292056
292057
292058
292059
292060
292061
292062
292064
292066
292075
292076
292078
292079
292082
292083
292084
292086
292087
292088
292253
292254
292255
292256
292257
292258
292266
292268
292269
292276
292282
292283
292285
292287
292288
292289
292291
292292
292293
292303
292304
292305
292306
292307
292315
292317
292322
292323
292324
292329
292330
292331
292336
292338
292347
292348
292349
292364
292365
292370
292371
292372
292373
292376
292382
292383
292385
292398
292399
292400
292403
292404
292405
292406
292407
292408
292419
292420
292421
292425
292426
292431
292432
292433
292437
292438
292443
292445
292446
292448
292449
292450
292451
292452
292453
292461
292462
292467
292468
292469
292473
292474
292476
292477
292487
292488
292489
292490
292493
292494
292502
292503
292505
292507
292508
292509
292511
292512
292513
292514
292516
292517
292524
292540
292541
292542
292543
292549
292551
292559
292560
292562
292563
292564
292565
292566
292569
292570
292580
292583
292584
292586
292593
292594
292598
292599
292600
292601
292603
292608
292609
292610
292622
292623
292624
292629
292631
292636
292637
292638
292651
292652
292656
292657
292658
292659
292661
292662
292663
292664
292688
292690
292691
292692
292693
292705
292706
292707
292711
292712
292717
292718
292719
292720
292727
292733
292734
292736
292742
292743
292744
292747
292748
292749
292750
292751
292752
292767
292769
292770
292771
292772
292773
292783
292786
292787
292789
292798
292799
292800
292801
292803
292804
292805
292807
292809
292823
292824
292825
292826
292827
292835
292836
292841
292842
292843
292847
292848
292850
292851
292860
292861
292862
292863
292864
292872
292873
292874
292875
292876
292877
292879
292880
292882
292887
292888
292889
292890
292896
292898
292903
292904
292906
292907
292908
292909
292910
292913
292914
292931
292934
292935
292937
292944
292945
292946
292947
292951
292952
292954
292955
292956
292957
292974
292976
292977
292978
292979
292994
292995
292996
293002
293003
293004
293005
293007
293009
293018
293019
293020
293021
293023
293024
293025
293027
293029
293031
293034
293035
293037
293102
293103
293104
293105
293107
293108
293109
293110
293111
293112
293113
293146
293147
293148
293153
293154
293157
293158
293159
293170
293172
293177
293178
293179
293180
293181
293182
293195
293196
293197
293201
293204
293205
293206
293210
293213
293214
293215
293216
293218
293219
293220
293221
293222
293223
293224
293241
293242
293243
293264
293265
293268
293269
293270
293322
293323
293324
293325
293326
293327
293328
293329
293331
293332
293333
293365
293366
293369
293370
293371
293372
293373
293374
293389
293390
293391
293392
293393
293394
293395
293396
293398
293399
293400
293417
293418
293421
293422
293423
293440
293441
293442
293466
293468
293473
293474
293475
293476
293477
293478
293482
293485
293486
293487
293500
293501
293502
293506
293509
293512
293516
293517
293518
293519
293520
293521
293525
293535
293536
293537
293543
293544
293545
293550
293561
293562
293563
293564
293566
293567
293568
293569
293570
293571
293572
293573
293574
293575
293596
293597
293600
293601
293602
293629
293632
293636
293637
293638
293639
293641
293642
293643
293644
293645
293646
293647
293648
293649
293650
293655
293656
293659
293660
293661
293739
293740
293741
293742
293743
293744
293745
293746
293748
293749
293750
293751
293752
293755
293756
293757
293774
293775
293776
293807
293808
293809
293810
293811
293812
293816
293819
293820
293821
293826
293835
293836
293837
293843
293844
293845
293846
293847
293848
293849
293850
293852
293853
293854
293855
293856
293859
293860
293861
293862
293863
293864
299668
299669
299670
299681
299682
299684
299685
299686
299687
299689
299690
299730
299731
299732
299734
299735
299736
299742
299743
299744
299745
299746
299747
299748
299749
299755
299757
299759
299760
299761
299762
299763
299764
299765
299791
299792
299793
299794
299795
299796
299797
299798
299808
299809
299810
299812
299813
299814
299820
299821
299822
299824
299826
299827
299828
299829
299830
299855
299856
299857
299876
299877
299878
299881
299882
299883
299885
299886
299913
299915
299926
299928
299932
299933
299934
299935
299936
299938
299939
299940
299941
299942
299949
299950
299951
299952
299953
299954
299955
299956
299970
299972
299979
299980
299981
299982
299983
299992
299994
299998
299999
300000
300001
300002
300006
300007
300008
300009
300013
300014
300015
300016
300045
300046
300048
300049
300050
300051
300053
300054
300064
300065
300066
300106
300107
300109
300110
300111
300112
300114
300115
300121
300122
300123
300156
300157
300158
300160
300161
300162
300180
300181
300182
300183
300184
300185
300186
300187
300189
300191
300196
300197
300198
300199
300201
300202
300203
300217
300218
300219
300224
300225
300226
300243
300244
300247
300248
300249
300250
300251
300252
300253
300254
300257
300258
300259
300260
300265
300266
300267
300282
300283
300284
300285
300286
300287
300288
300289
300311
300312
300313
300315
300316
300317
300319
300320
300321
300326
300327
300328
300329
300331
300333
300345
300346
300349
300350
300351
300352
300353
300354
300372
300373
300374
300379
300380
300381
300383
300384
300385
300387
300388
300389
300390
300395
300396
300423
300424
300425
300435
300436
300437
300440
300441
300442
300444
300445
300480
300481
300482
300496
300497
300498
300501
300502
300503
300505
300506
300530
300531
300532
300533
300534
300540
300542
300549
300550
300551
300552
300553
300562
300564
300567
300568
300569
300570
300574
300575
300576
300577
300590
300591
300592
300593
300594
300596
300597
300598
300599
300600
300606
300608
300619
300621
300627
300628
300629
300630
300631
300632
300633
300634
300662
300663
300665
300666
300667
300668
300670
300671
300686
300687
300688
300720
300721
300722
300727
300728
300729
300734
300735
300738
300739
300740
300741
300742
300743
300756
300757
300758
300759
300760
300761
300764
300765
300766
300783
300784
300787
300788
300789
300790
300791
300792
300798
300799
300800
300805
300806
300807
300821
300822
300823
300824
300825
300826
300827
300829
300830
300857
300858
300859
300862
300863
300864
300866
300867
300873
300874
300875
301071
301079
301107
301111
301198
301199
301200
301201
301202
301204
301205
301206
301207
301208
301209
301210
301211
301212
301213
301214
301215
301216
301217
301218
301219
301221
301222
301223
301225
301226
301227
301228
301229
301230
301231
301232
301233
301234
301235
301236
301267
301268
301269
301270
301271
301272
301273
301274
301275
301276
301278
301279
301280
301281
301282
301284
301285
301286
301287
301288
301289
301290
301291
301292
301293
301294
301295
301296
301297
301298
301299
301300
301302
301303
301304
301305
301306
301308
301309
301310
301311
301312
301313
301314
301330
301338
301366
301374
301405
301409
301441
301445
301459
301460
301461
301462
301463
301464
301466
301467
301468
301470
301471
301472
301473
301474
301475
301476
301477
301478
301479
301480
301481
301482
301483
301484
301485
301486
301487
301488
301490
301491
301492
301494
301495
301496
301497
301498
301499
301500
301501
301502
301503
301504
301505
301506
301537
301538
301539
301540
301541
301542
301544
301545
301546
301547
301548
301550
301551
301552
301553
301554
301555
301556
301557
301558
301559
301560
301561
301562
301564
301565
301566
301568
301569
301570
301571
301572
301573
301574
301659
301667
301695
301699
301877
301878
301879
301880
301881
301882
301883
301891
301892
301893
301898
301899
301900
301901
301906
301907
301908
301910
301912
301913
301916
301917
301925
301927
301929
301932
301933
301940
301941
301942
301943
301944
301945
301946
301947
301948
301949
301950
301951
301952
301953
301954
301955
301956
301957
301959
301962
301963
301966
301967
301971
301974
301976
301977
301978
301982
301989
301990
301991
301992
301993
301994
301995
301996
301997
301998
301999
302000
302001
302002
302003
302004
302005
302006
302008
302011
302012
302015
302016
302020
302028
302029
302030
302035
302036
302037
302038
302040
302041
302042
302047
302048
302049
302050
302061
302062
302063
302064
302065
302067
302069
302071
302088
302089
302090
302091
302093
302094
302095
302102
302103
302104
302106
302108
302109
302112
302113
302115
302116
302117
302122
302123
302124
302125
302136
302137
302138
302139
302140
302141
302142
302143
302144
302145
302146
302147
302148
302149
302150
302151
302152
302153
302154
302155
302156
302157
302158
302159
302160
302161
302162
302163
302168
302169
302170
302171
302176
302177
302178
302186
302187
302188
302190
302192
302193
302196
302197
302198
302199
302200
302202
302203
302204
302205
302221
302222
302223
302224
302225
302226
302227
302228
302229
302231
302233
302236
302237
302244
302245
302246
302247
302248
302249
302250
302251
302252
302253
302254
302255
302259
302263
302266
302267
302270
302271
302272
302273
302274
302275
302276
302277
302278
302279
302280
302281
302283
302285
302288
302289
302296
302297
302298
302299
302300
302301
302302
302304
302306
302308
302312
302316
302318
302319
302320
302321
302322
302323
302324
302325
302326
302328
302329
302330
302334
302341
302342
302343
302344
302345
302346
302347
302348
302349
302350
302351
302352
302353
302357
302361
302364
302365
302368
302369
302370
302371
302372
302373
302374
302375
302376
302377
302378
302380
302381
302382
302386
302393
302394
302395
302396
302397
302398
302399
302400
302402
302404
302406
302410
302414
302416
302418
302419
302420
302425
302426
302427
302428
302434
302435
302436
302441
302442
302443
302444
302449
302450
302451
302452
302453
302455
302457
302459
302474
302475
302476
302477
302478
302479
302480
302481
302482
302483
302484
302485
302486
302487
302488
302489
302490
302491
302492
302493
302494
302495
302496
302497
302498
302499
302500
302501
302502
302503
302504
302506
302507
302508
302509
302518
302519
302520
302522
302523
302524
302525
302534
302535
302536
302537
302538
302540
302542
302544
302559
302560
302561
302562
302567
302568
302569
302575
302576
302577
302579
302581
302582
302585
302586
302593
302594
302595
302597
302598
302599
302600
302616
302617
302618
302619
302620
302621
302622
302623
302624
302625
302626
302627
302628
302629
302630
302631
302632
302633
302634
302636
302638
302641
302642
302650
302654
302656
302658
302660
302662
302665
302666
302667
302668
302669
302670
302671
302672
302673
302674
302675
302676
302677
302678
302679
302680
302681
302682
302683
302685
302686
302687
302691
302699
302703
302705
302707
302709
302711
302714
302715
302716
302717
302718
302719
302720
302730
302731
302732
302733
302734
302736
302738
302740
302742
302743
302744
302746
302747
302748
302749
314770
314775
314776
314778
314779
314780
314781
314782
314783
314784
314786
314787
314788
314789
314790
314792
314793
314794
314795
314796
314797
314798
314799
314800
314805
314806
314807
314808
314809
314811
314812
314813
314814
314874
314875
314876
314879
314880
314881
314882
314883
314884
314890
314900
314901
314902
314903
314904
315019
315037
315038
315039
315040
315041
315044
315045
315047
315048
315049
315050
315051
315052
315053
315100
315114
315115
315116
315117
315118
315136
315137
315138
315139
315140
315141
315142
315143
315144
315235
315236
315238
315239
315240
315241
315242
315243
315244
315277
315278
315279
315280
315282
315283
315284
315285
315286
315509
315510
315511
315512
315513
315515
315516
315517
315518
315556
315557
315558
315559
315560
315561
315562
315563
315564
315675
315676
315677
315680
315681
315682
315683
315684
315685
315701
315702
315703
315704
315705
315711
315804
315805
315808
315809
315810
315811
315813
315814
315815
315816
315817
315819
315820
315821
315843
315939
315940
315941
315942
315943
315945
315961
315962
315963
315964
315965
315966
315967
315968
315969
316017
316018
316019
316020
316022
316023
316024
316025
316026
316073
316074
316076
316077
316078
316079
316080
316081
316082
316167
316168
316170
316171
316172
316173
316174
316177
316178
316179
316180
316182
316183
316184
316192
316550
316551
316552
316553
316557
316577
316579
316601
316602
316608
316609
316613
316618
316619
316620
316621
316637
316638
316639
316640
316641
316667
316672
316673
316674
316675
316686
316688
316773
316774
316775
316776
316777
316778
316779
316780
316801
316802
316803
316809
316810
316811
316812
316813
316817
316819
316820
316821
316822
316823
316824
316825
316866
316867
316868
316869
316870
316871
316872
316892
316893
316894
316899
316900
316901
316902
316903
316905
316907
316908
316909
316910
316911
316912
316913
316914
316915
316916
316918
316921
316923
316929
316932
316933
316934
316935
316936
316937
316938
316939
316940
316941
316942
316943
316944
316945
316946
316947
316948
316949
316950
316951
316968
316969
316970
316972
316973
316996
316998
317000
317001
317002
317003
317004
317005
317007
317008
317009
317010
317024
317026
317028
317030
317031
317032
317033
317034
317035
317036
317082
317083
317087
317089
317090
317091
317092
317093
317094
317095
317096
317097
317098
317099
317100
317101
317102
317103
317104
317123
317124
317125
317126
317132
317133
317134
317154
317155
317156
317157
317158
317159
317162
317163
317166
317167
317168
317169
317170
317171
317172
317173
317174
317175
317176
317177
317178
317179
317180
317181
317182
317183
317184
317207
317208
317209
317210
317211
317212
317213
317242
317243
317244
317245
317249
317266
317268
317276
317277
317278
317279
317280
317281
317282
317288
317289
317290
317295
317296
317297
317298
317313
317315
317317
317318
317319
317324
317325
317326
317327
317332
317345
317346
317362
317363
317364
317365
317366
317367
317368
317369
317370
317371
317372
317373
317374
317375
317399
317401
317403
317404
317405
317407
317408
317414
317415
317419
317424
317425
317426
317427
317443
317444
317445
317446
317447
317458
317459
317460
317461
317462
317463
317464
317465
317466
317467
317468
317469
317470
317472
317475
317477
317483
317486
317487
317488
317489
317490
317491
317492
317493
317499
317500
317502
317506
317507
317508
317509
317518
317519
317520
317521
317526
317544
317545
317546
317547
317548
317549
317550
317551
317552
317553
317554
317555
317556
317557
317559
317561
317565
317572
317573
317574
317575
317576
317577
317581
317586
317587
317588
317589
317600
317602
317620
317621
317622
317623
317624
317625
317626
317627
317642
317643
317644
317646
317647
317648
317649
317658
317660
317662
317663
317664
317679
317680
317681
317683
317684
317685
317686
317695
317699
317700
317701
317702
317715
317717
317737
317738
317739
317740
317741
317742
317743
317744
317760
317761
317762
317767
317768
317769
317770
317775
317776
317777
317778
317780
317797
317798
317799
317804
317805
317806
317807
317813
317815
317817
317819
317820
317821
317822
317823
317824
317825
317826
317850
317851
317854
317855
317858
317859
317860
317861
317862
317863
317864
317865
317866
317867
317868
317869
317872
317873
317876
317877
317878
317879
317880
317881
317882
317883
317884
317887
317888
317891
317892
317893
317894
317895
317896
317897
317898
317899
317900
317928
317929
317930
317931
317932
317933
317934
317935
317955
317956
318016
318017
318018
318019
318020
318021
318022
318027
318028
318029
318030
318035
318051
318052
318070
318071
318072
318073
318074
318075
318076
318086
318088
318090
318091
318092
318107
318108
318109
318110
318111
318112
318113
318114
318115
318121
318122
318124
318128
318129
318130
318131
318140
318141
318142
318143
318148
318166
318167
318168
318169
318170
318171
318172
318173
318174
318175
318176
318177
318178
318180
318182
318186
318193
318194
318195
318196
318197
318198
318199
318200
318218
318219
318220
318225
318226
318230
318234
318235
318236
318237
318250
318252
318277
318278
318279
318280
318282
318285
318286
318287
318292
318293
318294
318295
318636
318639
318640
318651
318652
318653
318654
318655
318656
318666
318667
318668
318669
318670
318674
318675
318687
318688
318689
318690
318691
318692
318693
318694
318695
318696
318697
318698
318723
318724
318725
318727
318728
318732
318733
318759
318760
318761
318762
318764
318766
318768
318772
318802
318803
318804
318805
318806
318807
318808
318809
318810
318811
318812
318813
318836
318837
318842
318849
318850
318855
318856
318857
318858
318873
318876
318877
318888
318889
318890
318891
318892
318893
318931
318933
318935
318936
318937
318938
318939
318941
318943
318944
318945
318946
318947
318948
318949
318950
318951
318952
318953
318954
318955
318956
318957
318958
318959
318960
318961
318962
318963
318964
318965
318970
318973
318975
318977
318978
318979
318980
318985
318987
319003
319005
319007
319008
319009
319010
319017
319019
319021
319022
319023
319024
319046
319047
319048
319049
319050
319051
319052
319053
319054
319055
319056
319057
319063
319064
319065
319066
319067
319071
319072
319104
319105
319106
319107
319108
319109
319110
319111
319112
319113
319114
319115
319116
319117
319118
319119
319120
319121
319122
319123
319124
319125
319126
319127
319128
319129
319130
319131
319132
319133
319135
319136
319137
319142
319143
319185
319186
319187
319189
319190
319194
319195
319214
319215
319216
319217
319219
319221
319223
319227
319236
319237
319238
319239
319240
319241
319245
319246
319247
319248
319249
319255
319256
319278
319280
319282
319283
319284
319287
319289
319291
319300
319301
319302
319303
319304
319305
319306
319307
319308
319309
319310
319311
319353
319354
319355
319356
319357
319358
319359
319360
319361
319362
319363
319364
319365
319366
319367
319368
319369
319370
319371
319372
319373
319374
319375
319376
319377
319378
319379
319380
319424
319425
319428
319435
319436
319441
319442
319443
319444
319457
319462
319464
319466
319467
319468
319469
319474
319476
319486
319488
319490
319491
319492
319493
319500
319502
319504
319505
319506
319507
319514
319515
319516
319517
319518
319519
319520
319521
319522
319523
319524
319525
319526
319527
319528
319529
319530
319531
319532
319533
319534
319535
319536
319537
319538
319539
319540
319541
319542
319543
319544
319545
319546
319547
319548
319549
319550
319551
319552
319553
319554
319555
319556
319557
319559
319561
319568
319570
319572
319573
319574
319575
319588
319590
319592
319601
319603
319605
319606
319607
319608
319621
319622
319623
319624
319625
319627
319629
319630
319631
319632
319633
319635
319677
319678
319680
319681
319682
319687
319688
319723
319724
319725
319726
319727
319733
319734
319752
319754
319756
319757
319758
319761
319763
319765
319841
319843
319844
319847
319848
319884
319886
319888
319890
319891
319892
319894
319895
319896
319898
319946
319947
319952
319954
319955
319991
319993
319994
319995
319997
319998
320001
320002
320005
320006
320032
320033
320050
320052
320053
320054
320056
320057
320060
320061
320064
320065
320088
320089
320106
320107
320108
320109
320110
320112
320132
320133
320134
320135
320136
320139
320140
320141
320142
320143
320145
320165
320167
320168
320171
320172
320173
320175
320176
320177
320179
320204
320206
320224
320225
320226
320229
320230
320233
320234
320235
320237
320238
320239
320241
320243
320245
320246
320249
320250
320297
320299
320300
320303
320304
320339
320340
320341
320342
320343
320346
320347
320348
320349
320350
320352
320372
320373
320374
320375
320376
320383
320385
320386
320391
320393
320426
320427
320428
320429
320430
320440
320456
320458
320460
320462
320463
320464
320466
320467
320468
320470
320520
320521
320522
320523
320524
320526
320548
320549
320550
320552
320553
320554
320556
320557
320560
320561
320606
320607
320608
320609
320610
320620
320639
320640
320645
320647
320648
320684
320685
320686
320689
320690
320691
320693
320694
320697
320698
320699
320701
320702
320703
320705
320729
320731
320749
320750
320751
320752
320753
320758
320759
320760
320761
320762
320765
320766
320767
320768
320769
320770
320772
320774
320776
320777
320816
320818
320820
320822
320824
320826
320827
320828
320830
320831
320832
320834
320876
320877
320878
320880
320881
320882
320884
320886
320888
320889
320892
320893
320931
320932
320933
320934
320935
320945
320961
320963
320964
320969
320971
321004
321005
321006
321007
321008
321018
321032
321033
321034
321036
321037
321038
321040
321041
321044
321045
321090
321092
321094
321096
321098
321100
321101
321102
321104
321105
321106
321108
321149
321151
321153
321155
321156
321911
321928
321929
321930
321931
321932
321936
321937
321938
321939
321940
321941
321942
321943
321944
321945
321946
321947
321955
321956
321957
321958
321959
321960
321961
321962
321963
321971
321972
321973
322026
322027
322040
322041
322042
322046
322047
322048
322049
322050
322051
322052
322053
322054
322055
322057
322058
322059
322060
322061
322062
322063
322064
322065
322066
322067
322068
322069
322070
322089
322090
322091
322092
322093
322094
322120
322122
322123
322124
322138
322139
322140
322141
322142
322143
322144
322145
322146
322147
322149
322150
322152
322153
322155
322156
322157
322158
322159
322160
322161
322175
322180
322181
322182
322213
322218
322221
322232
322236
322257
322280
322300
322306
322311
322317
322329
322337
322343
322362
322366
322369
326186
326187
326188
326189
326190
326191
326197
326198
326199
326200
326201
326202
326260
326266
326306
326317
326331
326332
326333
326334
326335
326341
326348
326349
326350
326351
326352
326353
326366
326367
326368
326369
326370
326371
326382
326383
326384
326385
326386
326401
326413
326454
326466
326517
326518
326519
326520
326521
326522
326534
326535
326536
326537
326538
326590
326591
326592
326593
326594
326599
326604
326605
326606
326607
326649
326650
326651
326656
326690
326691
326692
326693
326694
326698
326705
326707
326708
326709
326713
326715
326716
326717
326718
326719
326727
326728
326729
326730
326738
326743
326744
326745
326746
326752
326799
326800
326804
326806
326807
326808
326809
326810
326815
326841
326842
326843
326898
326899
326900
326911
326912
326915
326916
326919
326920
326921
326922
326923
326924
326928
326929
326930
326931
326932
326935
326936
326944
326945
326946
326958
326959
326961
326963
326964
326966
326967
326968
326969
326971
326973
326976
326977
326979
326995
326996
326999
327000
327003
327004
327005
327006
327007
327008
327013
327014
327015
327017
327018
327021
327022
327023
327024
327025
327026
327037
327038
327039
327040
327041
327044
327045
327048
327049
327056
327057
327058
327059
327062
327063
327071
327072
327073
327075
327078
327079
327080
327084
327085
327086
327090
327091
327092
327100
327101
327102
327116
327118
327119
327121
327122
327125
327126
327127
327128
327129
327130
327131
327132
327139
327140
327141
327142
327145
327146
327189
327195
327221
327227
327380
327383
327413
327416
327452
327458
327628
327631
331684
331701
331710
331738
331758
331759
331760
331761
331762
331763
331764
331766
331780
331801
331835
331846
331850
331866
331867
331868
331869
331870
331871
331872
331876
331882
331889
331892
331897
331906
331911
331912
331913
331914
331915
331916
331917
331918
331959
331969
331977
331978
331981
331995
332010
332017
332018
332019
332020
332021
332022
332023
332024
332068
332079
332084
332090
332097
332100
332123
332135
332136
332139
332250
332261
332262
332266
332267
332268
332288
332289
332294
332295
332296
332305
332306
332307
332326
332327
332328
332329
332331
332338
332359
332362
332370
332373
332374
332375
332379
332380
332381
332385
332386
332387
332388
332390
332391
332392
332394
332410
332421
332422
332423
332424
332425
332426
332427
332428
332434
332435
332456
332457
332458
332459
332460
332468
332471
332472
332473
332474
332475
332478
332485
332487
332490
332491
332492
332493
332495
332499
332500
332502
332593
332594
332595
332599
332603
332612
332613
332614
332615
332618
332619
332639
332640
332641
332642
332644
332645
332646
332647
332648
332649
332657
332658
332659
332663
332664
332665
332666
332667
332668
332669
332670
332671
332672
332673
332674
332675
332676
332677
332678
332679
332680
332681
332682
332683
332684
332685
332686
332687
332688
332689
332690
332691
332692
332693
332694
332695
332696
332697
332698
332699
332700
332701
332702
332711
332715
332716
332717
332718
332722
332726
332729
332730
332731
332738
332739
332740
332741
332742
332743
332744
332745
332746
332747
332748
332749
332750
332751
332752
332753
332754
332755
332756
332757
332758
332759
332760
332761
332762
332763
332764
332765
332766
332767
332768
332769
332770
332771
332772
332773
332774
332783
332786
332787
332801
332802
332803
332804
332805
332806
332807
332808
332809
332810
332811
332812
332813
332814
332815
332816
332817
332818
332819
332820
332821
332822
332823
332824
332825
332826
332827
332828
332829
332830
332831
332832
332833
332834
332835
332836
332854
332855
332856
332857
332858
332860
332861
332862
332863
332864
332866
332867
332868
332869
332870
332871
332872
332873
332874
332875
332876
332877
332878
332879
332880
332881
332882
332883
332884
332885
332886
332887
332888
332889
332890
332891
332892
332893
332894
332895
332896
332897
332898
332899
332900
332901
332905
332906
332907
332908
332909
332917
332921
332923
332924
332925
332929
332930
332931
332932
332933
333080
333117
333118
333123
333132
333134
333137
333210
333302
333331
333357
333359
333397
333398
333403
333418
333420
333422
333436
333461
333582
333584
350745
350781
350790
350806
350813
350822
350823
350850
350853
350858
350859
350860
350861
350862
350864
350865
350866
350867
350868
350877
350878
350879
350880
350881
350882
350883
350884
350885
350891
350892
350893
350894
350895
350896
350897
350902
350909
350916
350922
350927
350928
350932
350933
350935
350936
350940
350949
350951
350952
350963
350964
350965
350966
350967
350973
350974
350975
350976
350977
350978
350979
350984
350985
350986
350989
350991
350992
350993
350994
350995
350996
350997
350998
350999
351000
351001
351002
351003
351004
351005
351006
351007
351008
351009
351011
351012
351013
351015
351030
351036
351042
351044
351049
351050
351052
351053
351062
351063
351064
351065
351071
351073
351074
351077
351087
351088
351089
351090
351091
351092
351093
351094
351095
351096
351097
351098
351099
351100
351101
351102
351103
351106
351107
351108
351109
351110
351111
351112
351113
351114
351115
351121
351122
351123
351124
351126
351128
351149
351156
351164
351165
351179
351188
351216
351217
351218
351219
351220
351221
351222
351223
351228
351229
351230
351231
351232
351233
351234
351235
351245
351248
351254
351255
351256
351257
351259
351260
351261
351262
351281
351307
351314
351324
351342
351343
351353
351371
351372
351373
351378
351379
351380
351381
351382
351383
351384
351385
351389
351390
351391
351392
351393
351394
351395
351396
351400
351401
351402
351403
351405
351406
351407
351408
351409
351410
351411
351412
351413
351414
351415
351416
351417
351418
351419
351420
351421
351422
351423
351424
351425
351426
351427
351428
351429
351430
351431
351433
351447
351458
351478
351479
351480
351481
351482
351483
351484
351485
351486
351489
351494
351495
351496
351497
351498
351500
351501
351502
351503
351504
351505
351506
351507
351542
351551
351582
351593
351594
351595
351605
351608
351609
351610
351611
351612
351613
351615
351616
351617
351618
351619
351635
351636
351637
351638
351639
351640
351641
351642
351643
351644
351645
351651
351652
351653
351654
351655
351657
351658
351659
351660
351661
351662
351663
351664
351665
351666
351667
351668
351669
351670
351671
351672
351673
351674
351675
351676
351677
351678
351679
351680
351681
351682
351683
351684
351685
351705
351716
351717
351719
351743
351744
351745
351746
351748
351749
351750
351751
351756
351757
351758
351759
351760
351761
351762
351763
351764
351765
351766
351773
351775
351776
351777
351778
351791
351797
351802
351803
351807
351814
351819
351820
351821
351823
351827
351836
351837
351838
351839
351840
351841
351842
351847
351848
351849
351852
351854
351855
351857
351858
351869
351870
351871
351872
351873
351879
351880
351881
351882
351883
351884
351885
351886
351887
351888
351889
351890
351891
351892
351893
351894
351895
351896
351898
351899
351900
351902
351914
351921
351927
351928
351929
351930
351931
351932
351933
351934
351939
351940
351941
351942
351945
351947
351948
351949
351951
351962
351963
351964
351965
351966
351967
351968
351970
351971
351972
351973
351974
351975
351976
351977
351978
351979
351980
351981
351982
351985
351986
351987
351989
351990
352000
352001
352002
352003
352009
352024
352030
352036
352038
352043
352044
352045
352047
352056
352057
352058
352059
352065
352066
352067
352068
352069
352070
352071
352072
352073
352074
352075
352076
352077
352078
352079
352080
352081
352084
352085
352086
352087
352089
352090
352093
352103
352104
352105
352106
352107
352108
352109
352115
352116
352117
352118
352120
352121
352124
352131
352139
352145
352150
352152
352156
352170
352171
352172
352173
352174
352175
352176
352178
352179
352180
352181
352182
352183
352184
352185
352186
352187
352190
352191
352192
352193
352194
352196
352206
352207
352208
352214
352215
352216
352217
352218
352219
352220
352221
352228
352229
352230
352231
352232
352235
352236
352239
352240
352265
352272
352280
352281
352300
352309
352326
352327
352328
352329
352330
352331
352332
352333
352338
352339
352340
352341
352342
352343
352344
352345
352351
352354
352356
352357
352358
352359
352361
352362
352363
352364
352365
352366
352367
352368
352369
352370
352371
352372
352373
352374
352375
352376
352377
352378
352379
352380
352381
352382
352383
352384
352385
352386
352387
352388
352389
352390
352391
352392
352393
352394
352395
352421
352430
352440
352441
352442
352443
352444
352445
352446
352447
352452
352453
352455
352456
352457
352458
352459
352475
352477
352478
352479
352481
352482
352483
352499
352506
352520
352531
352546
352552
352553
352554
352555
352556
352557
352558
352559
352562
352563
352564
352565
352566
352568
352573
352574
352575
352576
352577
352578
352579
352580
352584
352585
352586
352587
352588
352589
352590
352591
352592
352593
352594
352595
352596
352597
352598
352599
352600
352601
352602
352603
352604
352605
352606
352607
352608
352609
352610
352611
352612
352613
352614
352615
352616
352618
352629
352643
352650
352661
352675
352681
352695
352696
352697
352698
352699
352700
352701
352702
352703
352704
352705
352706
352707
352708
352712
352713
352714
352715
352716
352717
352718
352719
352770
352781
352782
352784
352811
352813
352814
352815
352821
352822
352823
352824
352834
352835
352836
352837
352838
352839
352840
352841
352842
352843
352844
352851
352853
352854
352855
352856
352879
352891
352898
352904
352905
352906
352907
352908
352909
352910
352911
352916
352917
352918
352919
352922
352923
352925
352926
352927
352928
352929
352930
352931
352933
352934
352935
352936
352937
352938
352939
352940
352941
352942
352943
352944
352945
352948
352949
352950
352951
352952
352954
352965
352967
352977
352978
352979
352980
352988
352994
352999
353001
353006
353013
353018
353032
353033
353034
353035
353036
353037
353038
353040
353041
353042
353043
353044
353045
353046
353047
353048
353049
353052
353053
353054
353055
353056
353057
353058
353059
353060
353061
353062
353069
353070
353071
353072
353073
353076
353077
353079
353080
353082
353092
353093
353094
353100
353102
353125
353134
353156
353157
353158
353159
353160
353161
353162
353163
353164
353165
353170
353171
353173
353174
353175
353187
353189
353190
353191
353199
353200
353201
353472
353492
353493
353495
353497
353498
353499
353531
353557
353558
353559
353561
353566
353570
353573
353574
353575
353578
353581
353583
353586
353594
353595
353600
353607
353608
353613
353616
353617
353618
353622
353625
353631
353632
353633
353634
353636
353640
353642
353650
353651
353654
353657
353664
353665
353700
353701
353703
353705
353753
353812
353821
353829
353830
353831
353832
353833
353834
353851
353853
353855
353857
353860
353861
353862
353873
353874
353877
353878
353879
353882
353883
353888
353889
353894
353895
353896
353897
353898
353899
353900
353901
353902
353903
353904
353905
353906
353907
353908
353909
353910
353911
353912
353913
353914
353923
353924
353925
353931
353932
353943
353945
353948
353949
353950
353958
353964
353965
353966
353967
353968
353969
353970
353988
353991
353993
353999
354005
354006
354008
354012
354013
354014
354024
354034
354035
354036
354040
354041
354048
354049
354050
354057
354058
354063
354064
354065
354066
354073
354074
354077
354078
354079
354084
354085
354088
354096
354097
354098
354101
354102
354103
354109
354110
354111
354113
354116
354135
354136
354137
354139
354144
354159
354160
354161
354163
354167
354169
354173
354176
354184
354185
354190
354196
354197
354199
354200
354201
354202
354203
354204
354205
354206
354207
354208
354209
354210
354212
354213
354214
354215
354216
354217
354219
354220
354221
354222
354227
354228
354229
354231
354236
354238
354255
354261
354262
354266
354271
354272
354276
354279
354280
354281
354285
354288
354296
354297
354298
354299
354300
354305
354307
354315
354316
354318
354321
354329
354330
354334
354335
354336
354337
354338
354339
354340
354341
354342
354343
354344
354345
354346
354348
354349
354350
354351
354352
354354
354355
354356
354357
354375
354376
354377
354378
354384
354386
354392
354393
354397
354404
354405
354410
354411
354413
354415
354423
354430
354439
354440
354446
354447
354453
354454
354461
354463
354466
354467
354468
354476
354479
354480
354481
354482
354483
354484
354492
354493
354494
354501
354502
354503
354510
354511
354512
354520
354523
354524
354542
354543
354544
354545
354546
354547
354548
354579
354582
354584
354600
354601
354604
354606
354611
354612
354619
354627
354628
354629
354632
354633
354634
354640
354641
354642
354643
354645
354646
354647
354648
354649
354650
354652
354653
354654
354655
354656
354657
354658
354660
354661
354662
354663
354664
354666
354667
354668
354669
354672
354673
354674
354691
354692
354693
354694
354695
354696
354703
354704
354705
354714
354721
354722
354755
354759
354797
354799
354802
354873
354874
354875
354877
354882
354884
354902
354909
354910
354914
354919
354920
354927
354928
354929
354930
354936
354950
354955
354956
354961
354968
354969
355229
355230
355232
355233
355234
355235
355236
355246
355247
355248
355250
355251
355252
355259
355280
355284
355293
355294
355295
355297
355298
355308
355309
355315
355316
355324
355325
355334
355335
355341
355346
355348
355349
355350
355351
355352
355358
355359
355360
355361
355362
355363
355364
355365
355366
355372
355373
355374
355375
355376
355377
355378
355379
355380
355381
355382
355383
355389
355396
355397
355398
355399
355406
355407
355413
355414
355422
355424
355432
355433
355434
355435
355436
355437
355438
355439
355444
355445
355446
355447
355448
355449
355450
355451
355452
355453
355454
355455
355456
355462
355469
355470
355471
355472
355473
355480
355486
355487
355488
355495
355498
355499
355500
355504
355515
355525
355526
355527
355542
355558
355559
355560
355566
355567
355569
355570
355571
355572
355573
355576
355577
355578
355590
355593
355601
355606
355607
355608
355610
355611
355614
355615
355616
355617
355618
355621
355622
355623
355624
355625
355626
355631
355632
355633
355634
355635
355636
355637
355638
355639
355640
355641
355642
355643
355644
355645
355646
355647
355648
355649
355650
355651
355656
355657
355658
355659
355660
355661
355662
355663
355664
355665
355666
355667
355668
355669
355670
355671
355672
355673
355674
355675
355676
355677
355682
355683
355684
355685
355686
355687
355688
355689
355690
355691
355692
355693
355694
355695
355698
355699
355710
355711
355712
355714
355717
355718
355719
355720
355721
355722
355727
355728
355729
355730
355731
355732
355733
355734
355735
355736
355737
355738
355739
355740
355741
355744
355750
355751
355752
355753
355754
355759
355761
355762
355763
355764
355765
355779
355785
355793
355794
355795
355796
355816
355817
355827
355828
355830
355831
355840
355844
355846
355847
355848
355849
355850
355856
355857
355866
355867
355873
355874
355875
355876
355877
355878
355879
355880
355881
355882
355883
355884
355885
355886
355892
355893
355894
355895
355896
355897
355898
355905
355908
355909
355916
355917
355930
355935
355936
355937
355938
355939
355940
355941
355947
355948
355953
355962
355963
355964
355965
355966
355967
355968
355969
355970
355971
355972
355973
355974
355975
355982
355983
355984
355985
355986
355987
355988
355994
355995
356003
356004
356022
356029
356030
356031
356032
356038
356039
356046
356047
356048
356049
356050
356051
356052
356053
356058
356059
356060
356061
356062
356063
356064
356065
356066
356067
356068
356069
356070
356076
356077
356080
356082
356090
356092
356093
356094
356095
356099
356105
356106
356119
356127
356128
356129
356130
356131
356132
356133
356134
356135
356136
356137
356142
356143
356144
356145
356146
356147
356148
356149
356150
356151
356152
356153
356159
356160
356166
356167
356172
356174
356175
356176
356177
356180
356181
356187
356188
356192
356202
356203
356204
356207
356216
356219
356221
356222
356226
356236
356246
356247
356248
356264
356265
356266
356267
356268
356269
356270
356271
356272
356273
356274
356275
356276
356277
356278
356279
356280
356284
356285
356286
356287
356288
356291
356292
356298
356299
356300
356302
356305
356306
356307
356308
356309
356310
356311
356312
356313
356314
356315
356316
356317
356318
356319
356320
356325
356326
356327
356328
356329
356330
356331
356332
356333
356334
356335
356336
356337
356338
356339
356340
356341
356342
356343
356344
356345
356346
356347
356348
356355
356356
356357
356358
356359
356360
356361
356362
356363
356364
356365
356366
356367
356368
356369
356370
356371
356372
356373
356374
356375
356376
356383
356384
356385
356386
356387
356388
356392
356393
356404
356405
356407
356415
356416
356417
356419
356420
356421
356430
356432
356433
356434
356444
356449
356450
356451
356452
356474
356484
356485
356486
356487
356488
356491
356499
356500
356502
356503
356504
356505
356517
356522
356529
356530
356531
356532
356545
356548
356549
356556
356557
356570
356571
356572
356573
356574
356575
356580
356581
356587
356588
356589
356590
356591
356592
356593
356594
356595
356596
356597
356598
356599
356600
356607
356608
356609
356610
356611
356612
356613
356618
356619
356624
356633
356634
356641
356642
356648
356649
356662
356665
356666
356667
356673
356674
356675
356676
356677
356678
356679
356680
356681
356682
356683
356684
356685
356688
356689
356690
356691
356692
356693
356694
356699
356701
356702
356703
356704
356711
356712
356718
356719
356723
356724
356730
356731
356738
356753
356755
356756
356757
356763
356764
356765
356767
356768
356769
356780
356785
356786
356787
356788
356802
356928
356973
357126
357130
357138
357141
357159
357163
357171
357174
357223
357227
357236
357239
357328
357371
357423
357623
357627
357640
357642
357660
357664
357677
357679
357697
357701
357714
357716
357804
359979
359984
360043
360109
360191
360200
360201
360227
360230
360231
360233
360235
360237
360238
360242
360256
360257
360258
360259
360260
360261
360262
360263
360264
360265
360267
360270
360274
360275
360276
360277
360278
360279
360282
360285
360286
360309
360310
360311
360312
360313
360314
360315
360316
360318
360320
360325
360326
360327
360328
360329
360330
360333
360334
360335
360380
360383
360384
360391
360393
360395
360401
360402
360403
360408
360410
360411
360412
360414
360416
360418
360425
360438
360447
360448
360449
360452
360453
360457
360460
360461
360463
360465
360467
360478
360479
360480
360482
360492
360493
360494
360496
360498
360499
360504
360534
360545
360546
360547
360550
360551
360570
360571
360629
360633
360641
360645
360647
360655
360657
360669
360684
360687
360696
360720
360722
360730
360732
360739
360755
360758
360759
360761
360764
370314
370315
370316
370320
370321
370322
370323
370324
370325
370326
370327
370328
370349
370373
370394
370395
370396
370397
370398
370399
370400
370401
370402
370425
370426
370427
370490
370492
370494
370501
370503
370505
370508
370513
370515
370517
370523
370525
370527
370530
370534
370535
370536
370537
370538
370543
370544
370545
370547
370548
370549
370550
370560
370561
370563
370569
370570
370575
370577
370579
370581
370587
370589
370591
370595
370661
370662
370663
370665
370666
370667
370668
370669
370670
370671
370672
370673
370674
370675
370676
370677
370678
370679
370680
370681
370686
370687
370688
370690
370691
370692
370693
370696
370697
370698
370699
370724
370725
370729
370730
370731
370732
370733
370734
370735
370736
370737
370758
370782
370808
370872
370873
370874
370875
370876
370877
370878
370879
370880
370900
370901
370902
370909
370910
370911
370913
370914
370915
370917
370918
370919
370920
370921
370924
370927
370928
370931
370932
370933
370936
370937
370938
370939
370940
370941
370964
370965
370966
370967
370968
370969
370970
370971
370986
370987
371022
371024
371025
371030
371031
371036
371039
371042
371043
371048
371050
371052
371056
371067
371068
371069
371071
371073
371074
371075
371078
371081
371082
371085
371086
371088
371089
371090
371095
371098
371099
371103
371106
371109
371116
371119
371120
371124
371127
371131
371195
371196
371199
371200
371201
371202
371203
371204
371205
371206
371207
371214
371301
371302
371303
371304
371305
371306
371307
371308
371325
371326
371446
371450
371451
371452
371453
371454
371457
371460
371461
371470
371471
371472
371473
371474
371475
371476
371478
371500
371501
371502
371503
371511
371517
371518
371519
371523
371524
371525
371526
371527
371528
371529
371530
371532
371540
371541
371542
371549
371554
371555
371556
371575
371581
371582
371583
371584
371585
371586
371587
371639
371640
371647
371648
371655
371656
371657
371658
371659
371661
371668
371669
371670
371672
371677
371678
371679
371680
371681
371682
371683
371684
371686
371687
371688
371689
371690
371691
371692
371693
371695
371696
371697
371700
371701
371702
371703
371704
371706
371713
371715
371716
371717
371718
371720
371725
371726
371727
371729
371736
371745
371746
371753
371754
371761
371766
371767
371768
371769
371770
371773
371774
371775
371786
371788
371789
371790
371791
371792
371794
371801
371802
371803
371805
371810
371812
371814
371815
371817
371819
371821
371822
371827
371829
371830
371831
371832
371833
371835
371844
371845
371846
371848
371854
371857
371861
371862
371863
371864
371865
371870
371871
371877
371878
371879
371880
371881
371882
371883
371885
371906
371908
371909
371910
371913
371921
371922
371923
371930
371931
371932
371933
371934
371935
371937
371938
371939
371940
371941
371942
371943
371944
371946
371947
371948
371949
371954
371955
371956
371957
371958
371959
371960
371977
371979
371980
371990
371991
371998
371999
372000
372001
372002
372003
372004
372005
372007
372015
372016
372017
372024
372029
372030
372031
372050
372051
372052
372053
372054
372056
372057
372058
372061
372062
372063
372064
372065
372066
372067
372068
372069
372070
372071
372072
372073
372074
372077
372078
372079
372083
372084
372086
372087
372088
372089
372090
372091
372092
372093
372094
372096
372097
372105
372106
372117
372118
372131
372137
372138
372139
372140
372141
372142
372143
372162
372164
372165
372167
372169
372171
372172
372177
372178
372180
372181
372182
372183
372186
372187
372188
372192
372196
372197
372200
372201
372203
372206
372207
372210
372217
372219
372220
372221
372222
372223
372227
372228
372230
372240
372242
372273
372274
372281
372282
372285
372287
372288
372291
372298
372303
372305
372306
372307
372308
372309
372314
372315
372316
372318
372328
372330
372331
372332
372333
372334
372336
372337
372338
372339
372344
372345
372346
372347
372348
372349
372350
372351
372352
372353
372354
372355
372356
372357
372358
372359
372362
372363
372364
372365
372366
372371
372372
372373
372374
372377
372378
372380
372390
372391
372393
372394
372395
372396
372397
372401
372402
372404
372414
372444
372445
372449
372450
372469
372473
372474
372475
372476
372477
372482
372483
372507
372509
372510
372520
372521
372528
372529
372530
372531
372532
372533
372535
372536
372543
372545
372554
372555
372696
372697
372716
372722
372723
372724
372726
372738
372739
372740
372755
372760
372761
372762
372764
372765
372768
372775
372778
372780
372781
372782
372783
372788
372791
372792
372793
372794
372799
372800
372801
372802
372803
372804
372805
372806
372807
372809
372810
372811
372812
372813
372815
372817
372819
372820
372826
372827
372831
372833
372834
372841
372842
372843
372844
372845
372846
372847
372848
372850
372851
372852
372853
372855
372856
372859
372861
372862
372863
372864
372865
372871
372874
372875
372876
372878
372883
372884
372885
372888
372889
372901
372902
372915
372943
372944
372945
372947
372959
372973
372974
372975
372985
372991
372992
372993
372994
372995
372996
372997
372998
372999
373000
373001
373002
373003
373006
373007
373008
373009
373010
373012
373013
373014
373015
373016
373017
373018
373019
373020
373021
373022
373025
373026
373027
373028
373029
373031
373032
373033
373034
373035
373036
373037
373038
373039
373040
373041
373042
373043
373044
373045
373046
373047
373048
373049
373051
373052
373053
373054
373055
373059
373072
373075
373080
373081
373082
373083
373084
373085
373086
373087
373088
373089
373090
373091
373092
373093
373094
373095
373096
373097
373098
373102
373103
373104
373106
373107
373109
373120
373139
373140
373150
373172
373173
373174
373176
373177
373180
373183
373186
373188
373189
373190
373191
373196
373199
373200
373201
373202
373211
373212
373213
373214
373215
373216
373217
373218
373219
373220
373221
373222
373224
373225
373226
373229
373231
373232
373234
373236
373245
373246
373247
373249
373250
373251
373254
373256
373263
373264
373267
373269
373270
373271
373272
373276
373278
373279
373280
373283
373285
373286
373287
373288
373289
373290
373291
373292
373293
373294
373295
373296
373298
373299
373300
373329
373331
373332
373338
373339
373343
373345
373346
373353
373354
373355
373356
373357
373358
373359
373360
373362
373363
373364
373365
373367
373368
373371
373372
373374
373375
373376
373377
373378
373381
373387
373388
373390
373395
373396
373398
373399
373401
373405
373406
373409
373410
373416
373419
373425
373426
373431
373433
373434
373435
373436
373437
373438
373439
373440
373442
373443
373444
373446
373447
373452
373455
373456
373458
373459
373460
373461
373462
373465
373469
373470
373472
373478
373479
373480
373483
373484
373496
373497
373510
373516
373517
373518
373519
373520
373521
373522
373523
373524
373525
373526
373527
373529
373530
373531
373532
373533
373534
373535
373536
373537
373538
373539
373540
373545
373546
373550
373551
373552
373553
373554
373555
373556
373557
373558
373559
373560
373561
373562
373563
373568
373569
373571
373572
373573
373574
373575
373576
373577
373578
373579
373580
373581
373582
373583
373584
373585
373586
373587
373588
373589
373590
373595
373596
373598
373599
373600
373601
373602
373603
373604
373605
373606
373607
373608
373609
373610
373611
373612
373617
373618
373620
373624
373638
373641
373654
373661
373662
373663
373665
373676
373686
373718
373736
373737
373747
373756
373758
373759
373761
373763
373772
373773
373774
373776
373777
373778
373781
373782
373787
373791
373794
373795
373797
373798
373799
373800
373802
373806
373807
373810
373812
373813
373814
373815
373816
373817
373818
373819
373820
373821
373822
373823
373825
373826
373827
373833
373834
373836
373837
373839
373843
373844
373847
373848
373850
373853
373863
373864
373866
373871
373872
373873
373874
373875
373876
373877
373878
373879
373880
373881
373883
373885
373886
373889
373890
373892
373893
373894
373895
373896
373899
373904
373905
373907
373916
373917
373918
373920
373931
373946
373954
374112
374115
374140
374143
374250
374253
382994
383093
383159
383338
383340
383344
383376
383380
383396
383483
383520
383522
383523
383537
383626
383629
383644
383712
383819
383826
383841
383847
383849
383856
383861
383865
383892
383901
383917
384031
384063
384065
384066
384080
384083
384096
384108
384123
384129
384131
384382
384383
384384
384386
384395
384413
384415
384417
384421
384422
384428
384429
384430
384431
384432
384433
384434
384435
384436
384437
384438
384440
384441
384442
384444
384445
384464
384465
384472
384499
384515
384516
384517
384518
384519
384522
384523
384524
384525
384526
384528
384529
384530
384532
384538
384554
384555
384556
384557
384558
384566
384567
384568
384569
384570
384571
384573
384575
384631
384643
384652
384653
384659
384660
384661
384662
384663
384664
384665
384668
384669
384675
384676
384682
384693
384694
384695
384697
384707
384708
384709
384710
384711
384712
384714
384715
384716
384736
384738
384753
384758
384759
384761
384762
384763
384764
384774
384775
384779
384780
384781
384782
384783
384785
384786
384787
384789
384790
384791
384793
384798
384802
384804
384821
384822
384823
384824
384825
384826
384827
384828
384829
384830
384831
384832
384833
384834
384835
384836
384837
384838
384839
384840
384842
384843
384844
384846
384847
384870
384871
384877
384880
384883
384884
384885
384894
384895
384904
384908
384909
384933
384945
384946
384947
384954
384965
384976
384977
384996
384997
384999
385000
385001
385002
385003
385004
385007
385008
385009
385010
385014
385017
385018
385020
385023
385067
385073
385074
385075
385076
385077
385085
385094
385095
385101
385102
385104
385106
385107
385108
385119
385126
385127
385132
385133
385135
385136
385137
385138
385139
385140
385142
385143
385144
385158
385159
385173
385180
385181
385183
385184
385185
385186
385196
385197
385201
385202
385203
385204
385206
385207
385208
385210
385211
385212
385218
385219
385223
385225
385226
385227
385228
385229
385230
385231
385232
385272
385273
385279
385282
385285
385286
385287
385317
385318
385322
385329
385330
385368
385551
385552
385553
385554
385556
385557
385558
385560
385562
385564
385565
385567
385571
385579
385580
385581
385582
385583
385584
385619
385620
385621
385622
385623
385624
385631
385632
385633
385634
385635
385636
385637
385638
385639
385641
385644
385650
385651
385653
385654
385655
385656
385666
385668
385673
385674
385676
385679
385696
385697
385715
385716
385717
385728
385729
385730
385733
385734
385735
385736
385737
385738
385740
385741
385742
385756
385758
385763
385764
385765
385767
385771
385773
385775
385776
385782
385808
385809
385810
385811
385812
385813
385814
385815
385816
385817
385818
385819
385820
385821
385822
385823
385824
385825
385826
385827
385828
385829
385830
385831
385832
385833
385834
385835
385837
385839
385841
385843
385846
385848
385850
385851
385861
385877
385880
385886
385887
385892
385894
385895
385897
385906
385907
385908
385909
385910
385912
385913
385914
385917
385918
385919
385920
385922
385923
385925
385929
385937
385938
385939
385958
385959
385960
385961
385962
385963
385986
385987
385988
385989
385990
385991
385992
385993
385994
385995
385996
385997
385998
385999
386000
386001
386002
386003
386004
386005
386006
386007
386008
386009
386010
386011
386012
386013
386014
386015
386016
386025
386026
386027
386028
386029
386030
386031
386032
386033
386035
386038
386044
386045
386046
386048
386049
386050
386055
386057
386065
386066
386069
386072
386073
386075
386092
386093
386094
386095
386096
386097
386098
386099
386100
386101
386102
386103
386104
386105
386106
386107
386108
386109
386110
386111
386112
386113
386114
386115
386116
386117
386118
386119
386120
386121
386122
386154
386155
386156
386159
386160
386161
386164
386165
386166
386167
386168
386169
386171
386172
386173
386195
386197
386199
386200
386205
386206
386211
386213
386215
386216
386222
386224
386225
386226
386227
386228
386229
386230
386231
386232
386233
386234
386235
386236
386237
386238
386239
386240
386241
386242
386243
386244
386245
386246
386247
386248
386249
386250
386251
386252
386253
386254
386255
386256
386257
386258
386259
386260
386262
386263
386264
386265
386267
386268
386269
386270
386271
386272
386273
386274
386275
386276
386277
386280
386281
386283
386286
386288
386290
386291
386302
386317
386320
386322
386323
386332
386334
386336
386338
386347
386348
386349
386350
386352
386353
386354
386355
386356
386358
386359
386360
386361
386362
386363
386364
386365
386513
386559
386561
386604
386625
386728
386773
386833
386835
386856
386866
387009
426495
426524
426526
426527
426540
426545
426554
426559
426560
426612
426613
426631
426632
426636
426637
426638
426639
426642
426643
426644
426666
426668
426670
426671
426672
426678
426680
426681
426682
426692
426693
426694
426695
426696
426697
426698
426699
426700
426701
426702
426703
426719
426721
426722
426723
426725
426728
426729
426730
426734
426735
426738
426741
426743
426745
426747
426759
426762
426763
426764
426765
426766
426767
426768
426769
426772
426775
426776
426777
426778
426779
426781
426782
426783
426785
426786
426787
426788
426789
426790
426791
426792
426793
426794
426823
426879
426887
426888
426901
426902
426907
426915
426933
426959
426960
426961
426963
426965
426970
426972
426989
426998
427004
427005
427009
427011
427018
427023
427024
427025
427026
427027
427028
427029
427030
427031
427032
427033
427034
427035
427039
427042
427043
427044
427045
427046
427047
427048
427049
427050
427051
427052
427053
427054
427055
427056
427057
427059
427061
427062
427063
427064
427065
427066
427067
427068
427069
427070
427071
427073
427074
427092
427159
427161
427173
427174
427175
427177
427180
427186
427188
427204
427212
427216
427217
427221
427228
427232
427244
427245
427249
427256
427275
427293
427294
427295
427296
427297
427298
427299
427300
427301
427302
427303
427305
427306
427307
427309
427310
427311
427312
427313
427314
427315
427316
427317
427318
427319
427321
427325
427328
427329
427330
427331
427332
427333
427334
427335
427336
427337
427338
427339
427340
427341
427342
427343
427344
427345
427347
427349
427378
427384
427395
427399
427400
427456
427485
427487
427488
427526
427528
427529
427530
427532
427535
427536
427537
427538
427543
427544
427547
427550
427553
427555
427565
427570
427571
427572
427573
427574
427575
427576
427577
427581
427583
427585
427586
427587
427588
427589
427591
427592
427593
427595
427596
427597
427598
427599
427600
427601
427602
427603
427604
427630
427646
427648
427653
427654
427655
427656
427658
427661
427662
427686
427688
427690
427691
427692
427697
427699
427700
427711
427712
427713
427714
427715
427716
427717
427718
427719
427844
427846
427849
427871
427874
427886
427894
427896
427899
427921
427924
427936
427946
427947
427948
427949
427950
427953
427954
427955
427956
427957
427958
427959
427960
427961
427963
427964
427965
427967
427968
427970
427972
427973
427975
427977
427978
427979
427980
427982
427983
427984
427985
427992
427993
427994
427995
427996
428003
428004
428005
428006
428007
428009
428012
428013
428017
428018
428019
428020
428021
428024
428025
428026
428027
428028
428029
428030
428031
428032
428034
428035
428036
428038
428039
428041
428043
428044
428046
428048
428049
428050
428051
428053
428054
428055
428056
428063
428064
428065
428066
428067
428074
428075
428076
428077
428078
428080
428083
428084
428088
428089
428090
428091
428092
428093
428094
428095
428096
428097
428098
428099
428100
428101
428102
428103
428104
428105
428106
428107
428108
428181
428183
428186
428213
428215
428230
428232
428233
428234
428235
428236
428240
428241
428242
428243
428244
428245
428246
428247
428248
428250
428251
428252
428253
428255
428257
428259
428260
428263
428264
428265
428266
428267
428269
428276
428277
428278
428279
428280
428286
428287
428288
428289
428290
428293
428295
428297
428306
428307
428308
428309
428310
428311
428312
428313
428314
428315
428316
428317
428320
428321
428322
428323
428324
428325
428326
428328
428329
428330
428332
428334
428336
428338
428339
428343
428344
428345
428346
428347
428348
428351
428352
428359
428360
428361
428362
428363
428371
428372
428373
428374
428375
428377
428380
428479
428508
428510
428511
428582
428591
428600
428605
428606
428616
428617
428631
428632
428636
428637
428638
428639
428642
428643
428644
428650
428652
428654
428655
428656
428662
428664
428665
428666
428672
428673
428674
428675
428676
428677
428678
428679
428680
428681
428682
428683
428711
428712
428714
428715
428717
428718
428719
428720
428726
428727
428728
428732
428733
428734
428735
428736
428737
428738
428739
428742
428745
428747
428749
428751
428753
428765
428768
428769
428770
428771
428772
428773
428774
428775
428776
428777
428778
428780
428781
428782
428784
428785
428786
428798
428799
428800
428801
428802
428803
428804
428805
428806
428807
428808
428809
428810
428811
428812
428813
428814
428815
428816
428817
428838
428849
428862
428867
428869
428939
428940
428954
428958
428959
428960
428962
428964
428971
428972
428973
428974
428980
428981
428983
428987
428988
428989
428990
428991
428992
428993
428994
428995
428996
428997
428998
429004
429005
429007
429008
429010
429011
429012
429013
429021
429022
429023
429028
429029
429030
429031
429032
429033
429034
429035
429038
429041
429043
429045
429047
429049
429064
429067
429068
429069
429070
429071
429072
429073
429074
429075
429076
429077
429080
429081
429082
429084
429086
429088
429115
429116
429133
429189
429203
429204
429212
429218
429239
429255
429256
429257
429258
429259
429260
429261
429262
429263
429264
429265
429266
429270
429273
429274
429275
429276
429277
429278
429279
429280
429281
429282
429283
429284
429285
429286
429287
429288
429290
429292
429303
429304
429305
429307
429309
429314
429316
429333
429342
429348
429349
429353
429355
429362
429367
429368
429369
429370
429371
429372
429373
429374
429375
429376
429377
429379
429380
429395
429483
429541
429549
429550
429551
429552
429553
429554
429555
429556
429557
429558
429559
429560
429561
429562
429566
429570
429571
429572
429573
429575
429576
429577
429578
429579
429580
429581
429582
429585
429586
429587
429589
429590
429602
429643
429644
429645
429646
429647
429648
429649
429650
429651
429652
429653
429654
429655
429656
429659
429660
429661
429662
429665
429676
429677
429679
429685
429715
429716
429720
429722
429748
429815
429817
429825
429826
429827
429832
429835
429839
429841
429860
429868
429872
429873
429877
429883
429888
429889
429890
429891
429892
429893
429894
429895
429896
429897
429898
429899
429901
429902
429903
429916
429917
429921
429928
429947
429965
429966
429967
429968
429969
429970
429971
429972
429973
429974
429975
429977
429981
429984
429985
429986
429987
429988
429989
429990
429991
429992
429993
429994
429995
429996
429997
429998
429999
430000
430001
430003
430005
430019
430082
430094
430096
430114
430183
430184
430185
430186
430187
430188
430189
430190
430191
430192
430193
430194
430195
430196
430197
430199
430200
430201
430202
430203
430205
430213
430214
430219
430225
430255
430256
430260
430270
430271
430272
430273
430274
430275
430276
430277
430278
430279
430280
430281
430282
430283
430285
430290
430294
430295
430297
430298
430299
430300
430301
430302
430303
430304
430305
430306
430307
430308
430310
430312
430313
430314
430315
430318
430322
430334
430385
430391
430402
430406
430407
430472
430497
430499
430500
430529
430531
430532
430533
430535
430538
430539
430540
430541
430546
430547
430550
430553
430556
430558
430568
430573
430574
430575
430576
430577
430578
430579
430580
430584
430586
430588
430589
430590
430591
430592
430594
430595
430596
430598
430599
430600
430601
430602
430603
430604
430605
430606
430607
430629
430641
430643
430645
430646
430647
430648
430653
430655
430656
430664
430666
430668
430669
430670
430675
430677
430678
430681
430682
430683
430684
430685
430686
430687
430688
430689
430696
430697
430698
430699
430700
430701
430702
430703
430704
430705
430706
430707
430708
430709
430710
430711
430712
430713
430714
430715
430716
430717
430718
430719
430720
430721
430722
430830
430856
430858
430859
430876
430878
430879
430880
430882
430886
430887
430888
430889
430895
430896
430900
430904
430906
430909
430919
430923
430924
430925
430926
430927
430928
430929
430930
430934
430936
430937
430938
430939
430940
430943
430944
430945
430949
430950
430951
430952
430953
430954
430955
430956
430957
430958
430988
431000
431003
431004
431005
431010
431011
431020
431023
431024
431025
431030
431031
431035
431036
431037
431038
431039
431040
431041
431042
431043
431164
431168
431171
431193
431200
431215
431217
431218
431219
431220
431221
431222
431223
431224
431225
431229
431230
431231
431232
431233
431234
431235
431236
431238
431239
431241
431243
431245
431246
431247
431248
431251
431252
431253
431255
431256
431257
431258
431259
431267
431268
431269
431270
431271
431277
431279
431281
431285
431286
431287
431288
431289
431290
431291
431298
431299
431300
431301
431302
431303
431304
431305
431308
431309
431310
431311
431312
431313
431315
431316
431318
431320
431322
431324
431325
431326
431327
431328
431332
431333
431334
431335
431338
431339
431340
431341
431342
431351
431352
431353
431354
431355
431361
431364
431369
431370
431371
431372
431373
431374
431375
431376
431377
431378
431379
431380
431381
431382
431383
431384
431385
431386
431387
431388
431389
431390
431391
431392
431393
431400
431405
431409
431430
431437
431451
431458
431463
431467
431488
431495
431509
431569
431570
431571
431572
431573
431574
431575
431576
431577
431578
431579
431580
431581
431582
431583
431584
431585
431586
431587
431591
431592
431593
431594
431595
431596
431598
431599
431601
431603
431606
431607
431608
431609
431613
431614
431615
431618
431619
431620
431621
431622
431631
431632
431633
431634
431635
431641
431644
431651
431652
431653
431654
431655
431656
431657
431658
431662
431663
431664
431665
431666
431667
431669
431670
431672
431674
431677
431678
431679
431680
431684
431685
431686
431689
431690
431691
431692
431693
431702
431703
431704
431705
431706
431712
431715
431787
431798
431811
431816
431818
431898
431899
431919
431921
431922
431923
431927
431929
431936
431937
431938
431939
431945
431946
431948
431967
431968
431969
431970
431971
431972
431973
431974
431975
431976
431977
431978
432001
432002
432004
432005
432007
432008
432009
432010
432018
432019
432020
432025
432026
432027
432028
432029
432030
432031
432032
432035
432038
432040
432042
432044
432046
432061
432064
432065
432066
432067
432068
432069
432070
432071
432072
432073
432074
432077
432078
432079
432081
432083
432085
432138
432222
432281
432292
432293
432294
432295
432296
432297
432298
432299
432300
432301
432302
432303
432304
432305
432309
432313
432314
432315
432316
432318
432319
432320
432321
432322
432323
432324
432325
432328
432329
432330
432331
432333
432337
432338
432339
432340
432341
432342
432343
432344
432345
432346
432347
432348
432349
432350
432353
432354
432355
432356
432359
432368
432416
432417
432421
432426
432458
432459
432463
432465
432478
432480
432495
432558
432579
432652
432653
432654
432655
432656
432657
432658
432659
432660
432661
432662
432663
432664
432665
432666
432668
432669
432670
432671
432672
432674
432675
432676
432677
432678
432679
432680
432681
432682
432683
432684
432685
432686
432687
432688
432690
432695
432699
432700
432702
432703
432704
432705
432706
432707
432708
432709
432710
432711
432712
432713
432715
432717
432718
432719
432720
432723
432727
432735
432736
432741
432747
432777
432778
432782
432800
432890
432916
432918
432919
432993
432994
432996
432997
432999
433000
433001
433002
433003
433012
433013
433014
433020
433021
433022
433023
433024
433025
433026
433027
433031
433033
433035
433037
433040
433050
433054
433055
433056
433057
433058
433059
433060
433061
433062
433063
433064
433065
433066
433067
433070
433071
433072
433097
433115
433118
433119
433120
433125
433126
433135
433136
433137
433138
433143
433144
433168
433169
433170
433171
433172
433173
433174
433175
433176
433824
433825
433830
433832
433836
433837
433843
433844
433854
433860
433861
433891
434001
434020
434022
434023
434024
434025
434026
434027
434028
434031
434032
434037
434038
434044
434051
434052
434053
434062
434063
434064
434065
434066
434067
434069
434070
434071
434076
434078
434091
434095
434097
434098
434099
434100
434101
434110
434111
434112
434113
434114
434116
434117
434119
434120
434121
434122
434124
434127
434129
434144
434145
434146
434147
434148
434149
434173
434174
434178
434190
434195
434203
434205
434206
434207
434209
434221
434224
434229
434234
434243
434247
434248
434252
434253
434267
434268
434270
434279
434281
434296
434302
434303
434304
434305
434306
434308
434315
434316
434317
434318
434320
434321
434322
434324
434325
434327
434328
434333
434334
434335
434347
434348
434349
434350
434351
434352
434353
434354
434370
434387
434392
434393
434394
434395
434396
434398
434399
434401
434402
434408
434409
434415
434422
434423
434433
434434
434435
434436
434437
434439
434440
434454
434457
434461
434465
434474
434478
434480
434485
434486
434499
434500
434502
434503
434529
434530
434534
434545
434549
434556
434558
434559
434560
434598
434599
434604
434608
434618
434619
434628
434811
434812
434817
434839
434864
434865
434866
434871
434880
434889
434904
434905
434907
434908
434909
434910
434913
434914
434916
434918
434920
434922
434948
434949
434963
434977
434981
434985
434986
434987
434988
434989
434990
434991
434992
434993
434994
434996
434997
435001
435002
435003
435006
435007
435008
435009
435058
435068
435069
435073
435077
435078
435084
435085
435086
435087
435088
435089
435090
435091
435092
435094
435095
435096
435097
435098
435103
435104
435119
435120
435122
435123
435124
435125
435127
435130
435131
435132
435133
435134
435136
435137
435138
435139
435141
435142
435143
435144
435145
435146
435148
435149
435150
435151
435152
435153
435154
435156
435157
435158
435159
435160
435161
435168
435184
435185
435186
435190
435191
435192
435193
435198
435199
435200
435201
435202
435203
435204
435206
435207
435208
435209
435214
435215
435230
435231
435233
435234
435235
435236
435237
435243
435244
435245
435246
435247
435249
435250
435252
435253
435257
435258
435259
435262
435263
435264
435323
435324
435329
435334
435335
435341
435343
435345
435346
435349
435350
435351
435353
435354
435355
435357
435358
435371
435372
435374
435375
435376
435377
435378
435381
435382
435383
435386
435388
435390
435393
435394
435406
435407
435408
435429
435450
435451
435477
435481
435486
435511
435512
435517
435519
435523
435524
435543
435544
435549
435558
435559
435575
435600
435601
435602
435603
435604
435605
435606
435607
435608
435610
435611
435615
435616
435617
435618
435619
435622
435623
435625
435626
435662
435663
435667
435673
435681
435682
435685
435689
435690
435691
435692
435694
435698
435699
435701
435702
435703
435704
435705
435706
435707
435709
435710
435711
435712
435713
435718
435719
435734
435735
435737
435738
435739
435740
435742
435745
435746
435747
435748
435749
435751
435752
435753
435754
435755
435756
435757
435759
435760
435761
435762
435763
435764
435765
435766
435771
435785
435786
435787
435788
435794
435795
435796
435797
435798
435799
435801
435802
435807
435808
435809
435810
435811
435812
435813
435814
435815
435816
435818
435819
435820
435822
435823
435824
435825
435829
435831
435833
435834
435835
435837
435838
435842
435843
435844
435845
435846
435849
435850
435852
435853
435888
435889
435898
435906
435907
435915
435917
435918
435919
435920
435921
435922
435924
435926
435927
435928
435929
435936
435937
435953
435954
435955
435956
435958
435959
435960
435967
435968
435969
435970
435971
435973
435974
435981
435982
435987
435992
436009
436010
436020
436068
436087
436089
436090
436091
436092
436093
436094
436095
436098
436099
436104
436105
436111
436118
436119
436120
436129
436130
436131
436132
436133
436134
436136
436137
436138
436156
436157
436169
436175
436177
436178
436179
436180
436181
436190
436191
436192
436193
436194
436195
436197
436198
436200
436201
436202
436203
436207
436208
436210
436211
436212
436213
436214
436215
436253
436254
436258
436270
436275
436283
436285
436286
436287
436289
436300
436304
436305
436312
436322
436326
436327
436331
436332
436339
436340
436342
436351
436352
436353
436355
436356
436357
436358
436361
436362
436363
436364
436365
436366
436367
436368
436372
436373
436385
436391
436392
436394
436395
436396
436397
436405
436409
436410
436411
436412
436414
436415
436416
436418
436419
436420
436425
436426
436430
436431
436432
436433
436434
436435
436476
436500
436501
436503
436514
436519
436520
436525
436540
436542
436551
436552
436553
436566
436568
436583
436589
436590
436591
436592
436593
436595
436602
436603
436604
436605
436607
436608
436609
436611
436612
436614
436615
436620
436621
436622
436634
436635
436636
436637
436638
436639
436640
436641
436661
436666
436667
436668
436669
436670
436684
436690
436691
436692
436694
436695
436696
436707
436712
436713
436716
436717
436718
436719
436720
436722
436723
436746
436749
436753
436757
436766
436770
436772
436777
436778
436791
436792
436794
436795
436817
436818
436826
436837
436841
436848
436850
436851
436852
436853
436854
436855
436857
436858
436859
436860
436862
436863
436864
436865
436866
436869
436870
436871
436872
436892
436897
436898
436899
436900
436901
436916
436920
436921
436923
436925
436926
436927
436937
436942
436943
436948
436949
436950
436951
436952
436954
436955
436977
436980
436984
436988
436999
437002
437018
437019
437020
437022
437043
437068
437070
437089
437090
437095
437099
437109
437110
437119
437176
437177
437178
437179
437180
437181
437182
437183
437184
437185
437186
437187
437194
437207
437209
437210
437211
437212
437213
437219
437220
437221
437222
437227
437228
437229
437230
437231
437232
437233
437234
437236
437237
437238
437240
437244
437245
437260
437262
437263
437264
437265
437266
437272
437273
437274
437275
437276
437277
437279
437281
437282
437286
437287
437288
437289
437290
437294
437295
437296
437339
437340
437345
437349
437350
437356
437358
437360
437361
437365
437369
437370
437372
437373
437374
437375
437376
437377
437378
437379
437380
437381
437382
437383
437384
437385
437386
437387
437388
437389
437390
437391
437392
437393
437394
437396
437397
437398
437408
437423
437424
437426
437427
437428
437429
437438
437439
437440
437441
437442
437449
437450
437451
437452
437453
437454
437455
437456
437459
437460
437461
437465
437466
437470
437471
437489
437490
437492
437493
437494
437495
437504
437505
437506
437507
437508
437509
437512
437513
437514
437515
437519
437524
437525
437528
437529
437530
437531
437532
437534
437535
437539
437540
437541
437542
437543
437547
437548
437549
437590
437591
437599
437600
437643
437644
437646
437647
437648
437649
437650
437653
437654
437655
437658
437660
437662
437665
437682
437683
437733
437734
437760
437764
437769
437785
437790
437805
437806
437815
437816
437817
437818
437819
437820
437821
437822
437823
437824
437826
437827
437828
437829
437830
437831
437833
437834
437835
437837
437838
437839
437841
437842
437846
437847
437848
437849
437850
437853
437854
437856
437857
437906
437907
437916
437929
437930
437938
437940
437941
437942
437943
437944
437945
437946
437948
437950
437951
437952
437956
437957
437961
437962
437978
437979
437981
437982
437983
437990
437991
437992
437993
437994
437995
437997
437999
438000
438001
438002
438005
438006
438007
438008
438009
438010
438011
438012
438013
438014
438015
438016
438017
438019
438020
438021
438022
438025
438026
438027
438028
438029
438030
438031
438032
438033
438034
438035
438036
438037
438038
438051
438052
438058
438061
438062
438065
438066
438067
438070
438071
438072
438075
438076
438077
438078
438079
438080
438081
438082
438083
438084
438085
438086
438087
438090
438091
438092
438096
438097
438101
438102
438120
438121
438123
438124
438125
438126
438135
438136
438137
438138
438139
438140
438143
438144
438146
438147
438151
438152
438153
438155
438156
438158
438209
438210
438231
438232
438250
438251
438252
438291
438292
438333
438334
438361
438366
438448
438449
438454
438459
438481
438482
438492
438628
438629
438641
438647
438648
438650
438651
438652
438653
438661
438665
438666
438667
438668
438670
438671
438672
438674
438675
438676
438681
438682
438686
438687
438688
438689
438690
438691
438729
438756
438757
438759
438770
438775
438776
438781
438796
438798
438807
438808
438809
438833
438838
438839
438840
438841
438842
438857
438861
438862
438864
438866
438867
438868
438878
438883
438884
438889
438890
438891
438892
438893
438895
438896
438922
438926
438927
438933
438944
438947
438958
438959
438960
438962
438989
439014
439016
439565
439566
439567
439576
439577
439578
439581
439582
439583
439584
439586
439587
439588
439600
439601
439604
439605
439606
439610
439612
439614
439615
439619
439622
439624
439626
439628
439630
439632
439634
439635
439644
439654
439658
439663
439664
439669
439670
439672
439680
439681
439682
439683
439684
439685
439686
439687
439688
439719
439732
439733
439744
439754
439759
439760
439761
439762
439763
439764
439765
439766
439767
439768
439771
439773
439774
439775
439776
439777
439779
439780
439782
439788
439790
439791
439792
439793
439794
439795
439796
439797
439798
439799
439800
439801
439802
439803
439804
439808
439816
439822
439829
439843
439849
439850
439851
439852
439853
439854
439855
439856
439857
439858
439859
439860
439861
439862
439863
439864
439865
439866
439867
439879
439880
439881
439882
439883
439884
439885
439886
439887
439889
439892
439894
439896
439897
439898
439905
439907
439909
439912
439914
439926
439927
439937
439938
439939
439940
439941
439942
439943
439944
439945
439951
439952
439953
439985
439986
439991
439992
440005
440007
440011
440014
440015
440016
440017
440018
440019
440021
440024
440025
440026
440054
440062
440074
440075
440077
440078
440079
440080
440081
440082
440083
440084
440085
440086
440100
440101
440102
440103
440104
440106
440107
440108
440109
440111
440112
440113
440114
440115
440116
440117
440118
440119
440120
440121
440122
440123
440124
440135
440141
440145
440146
440147
440148
440150
440153
440154
440155
440156
440157
440162
440163
440164
440165
440168
440169
440170
440171
440172
440173
440174
440175
440176
440177
440193
440194
440195
440196
440197
440198
440199
440200
440201
440203
440205
440209
440225
440226
440229
440230
440231
440232
440233
440234
440235
440236
440237
440241
440244
440245
440246
440247
440248
440249
440250
440251
440252
440265
440266
440267
440268
440270
440271
440272
440274
440276
440277
440279
440281
440283
440287
440288
440290
440291
440319
440320
440321
440322
440323
440324
440329
440331
440335
440338
440339
440340
440341
440342
440343
440344
440345
440347
440351
440352
440353
440379
440386
440398
440400
440401
440402
440403
440404
440405
440406
440407
440408
440431
440432
440433
440434
440435
440436
440437
440442
440443
440444
440474
440475
440481
440483
440493
440494
440495
440496
440497
440498
440499
440500
440501
440503
440504
440506
440507
440511
440523
440528
440529
440530
440531
440532
440533
440534
440535
440536
440537
440542
440543
440546
440547
440548
440549
440550
440551
440552
440568
440569
440570
440571
440572
440574
440575
440576
440577
440579
440580
440581
440582
440583
440584
440585
440586
440587
440588
440589
440590
440591
440592
440604
440610
440616
440617
440618
440619
440621
440624
440625
440626
440627
440631
440632
440633
440636
440637
440638
440639
440640
440641
440642
440643
440644
440645
440646
440647
440674
440675
440676
440677
440678
440679
440680
440681
440682
440683
440684
440685
440687
440689
440691
440693
440696
440698
440707
440721
440723
440729
440730
440735
440736
440767
440769
440770
440771
440772
440773
440775
440776
440778
440786
440789
440790
440791
440792
440793
440794
440795
440796
440797
440798
440799
440800
440801
440805
440812
440815
440823
440839
440846
440847
440848
440849
440850
440851
440852
440853
440854
440855
440856
440857
440858
440859
440860
440861
440862
440863
440864
440883
440893
440894
440910
440917
440923
440924
440925
440926
440927
440928
440929
440930
440936
440938
440940
440942
440944
440946
440948
440949
440958
440968
440972
440977
440978
440983
440984
440986
441010
441011
441012
441021
441022
441023
441026
441027
441028
441029
441031
441032
441033
441045
441046
441049
441050
441051
441055
441057
441059
441060
441064
441066
441067
441068
441069
441070
441071
441072
441073
441074
441080
441093
441094
441102
441108
441113
441114
441115
441116
441117
441118
441119
441120
441121
441122
441149
441150
441152
441153
441154
441155
441157
441158
441160
441164
441168
441169
441170
441171
441172
441173
441174
441175
441176
441177
441178
441179
441180
441181
441182
441186
441197
441206
441214
441219
441223
441224
441225
441226
441227
441228
441229
441230
441231
441232
441233
441234
441235
441236
441237
441238
441239
441240
441241
441249
441250
441251
441252
441253
441254
441255
441256
441257
441258
441259
441260
441261
441262
441263
441264
441265
441266
441267
441270
441271
441272
441273
441284
441298
441302
441303
441304
441305
441306
441307
441308
441309
441310
441311
441312
441313
441314
441315
441316
441317
441318
441319
441323
441324
441325
441326
441333
441334
441335
441336
441337
441338
441339
441340
441341
441342
441343
441354
441355
441356
441357
441359
441360
441361
441362
441363
441364
441365
441366
441367
441369
441370
441371
441373
441374
441375
441376
441377
441378
441379
441380
441381
441392
441393
441394
441395
441397
441398
441399
441400
441401
441402
441403
441404
441405
441407
441408
441409
441411
441412
441413
441414
441415
441416
441417
441418
441419
441430
441431
441432
441433
441435
441436
441437
441438
441439
441440
441441
441442
441443
441444
441445
441446
441448
441449
441450
441451
441452
441453
441454
441455
441456
441457
441458
441459
441460
441461
441462
441463
441464
441465
441466
441467
441468
441469
441472
441473
441474
441475
441476
441493
441520
441524
441525
441526
441527
441528
441529
441530
441531
441532
441533
441534
441535
441536
441537
441538
441539
441540
441541
441545
441546
441547
441555
441557
441558
441559
441560
441561
441562
441563
441564
441565
441566
441567
441580
441581
441582
441584
441586
441587
441588
441589
441590
441591
441592
441593
441594
441595
441596
441598
441599
441600
441617
441618
441619
441621
441622
441623
441624
441626
441627
441628
441629
441630
441631
441632
441647
441648
441657
441658
441659
441662
441663
441664
441665
441666
441667
441668
441670
441684
441687
441688
441692
441695
441696
441708
441721
441734
441740
441746
441747
441748
441749
441750
441751
441752
441753
441755
441756
441758
441759
441760
441761
441763
441764
441766
441772
441777
441778
441779
441780
441781
441782
441783
441784
441785
441786
441787
441788
441789
441793
441805
441812
441820
441827
441831
441832
441833
441834
441835
441836
441837
441838
441839
441840
441841
441842
441844
441845
441846
441848
441850
441895
441896
441897
441898
441899
441900
441901
441902
441903
441905
441908
441910
441912
441913
441914
441921
441923
441925
441928
441930
441942
441943
441950
441951
441952
441956
441957
441958
441959
441960
441961
441964
441965
441966
441993
441994
441999
442000
442019
442020
442021
442022
442023
442025
442026
442027
442028
442030
442031
442032
442033
442034
442035
442036
442037
442038
442039
442040
442041
442042
442043
442054
442059
442063
442064
442065
442066
442068
442071
442072
442073
442074
442075
442080
442081
442082
442083
442086
442087
442088
442089
442090
442091
442092
442093
442094
442095
442111
442113
442117
442120
442121
442122
442123
442124
442125
442127
442130
442131
442132
442160
442168
442180
442181
442183
442184
442185
442186
442187
442188
442189
442190
442191
442192
442206
442207
442208
442209
442210
442211
442212
442213
442214
442216
442217
442219
442220
442221
442222
442223
442224
442225
442226
442227
442231
442237
442253
442254
442257
442258
442259
442260
442261
442262
442263
442264
442265
442278
442279
442280
442281
442282
442284
442285
442286
442289
442290
442292
442293
442294
442297
442298
442304
442305
442306
442323
442324
442325
442326
442327
442328
442347
442348
442349
442350
442351
442352
442353
442354
442355
442358
442362
442365
442367
442368
442369
442380
442381
442385
442389
442390
442391
442406
442407
442408
442409
442410
442411
442412
442414
442415
442416
442417
442419
442420
442421
442422
442423
442424
442425
442426
442427
442428
442429
442430
442431
442432
442433
442434
442444
442452
442455
442456
442457
442458
442460
442462
442463
442464
442465
442467
442470
442472
442473
442474
442475
442476
442477
442478
442479
442480
442481
442482
442483
442484
442485
442486
442487
442509
442510
442511
442515
442516
442517
442518
442519
442522
442523
442550
442571
442572
442573
442574
442575
442576
442577
442578
442579
442581
442582
442583
442585
442586
442587
442588
442589
442590
442591
442592
442593
442594
442598
442604
442623
442624
442627
442628
442629
442630
442631
442632
442633
442634
442635
442636
442637
442653
442655
442659
442662
442663
442664
442665
442666
442668
442671
442672
442700
442706
442717
442718
442720
442721
442722
442723
442724
442725
442726
442727
442755
442756
442757
442758
442760
442761
442762
442764
442766
442767
442769
442771
442773
442777
442778
442780
442781
442809
442810
442811
442812
442813
442814
442819
442820
442825
442826
442827
442830
442831
442832
442833
442834
442835
442836
442838
442839
442840
442865
442872
442879
442881
442882
442883
442884
442885
442886
442887
442888
442889
442912
442913
442914
442915
442916
442917
442918
442919
442920
442922
442923
442925
442926
442930
442942
442947
442948
442949
442950
442951
442952
442953
442954
442955
442956
442961
442962
442965
442966
442967
442968
442969
442970
442971
442996
442997
442998
442999
443000
443001
443002
443007
443008
443009
443039
443040
443046
443048
443061
443062
443063
443064
443065
443067
443068
443069
443070
443072
443073
443074
443075
443076
443077
443078
443079
443080
443081
443082
443083
443084
443085
443086
443087
443088
443089
443091
443094
443095
443096
443097
443101
443102
443103
443117
443122
443128
443129
443130
443131
443132
443133
443134
443135
443136
443137
443138
443139
443152
443153
443154
443155
443156
443157
443158
443159
443161
443163
443167
443168
443170
443171
443172
443173
443176
443178
443185
443186
443189
443190
443192
443206
443207
443208
443209
443211
443212
443213
443215
443217
443218
443220
443222
443225
443230
443231
443234
443235
443236
443268
443269
443270
443271
443272
443273
443280
443281
443282
443283
443284
443285
443286
443287
443288
443290
443291
443292
443294
443295
443296
443300
443313
443317
443318
443319
443320
443321
443322
443323
443324
443326
443330
443331
443332
443333
443334
443335
443336
443337
443338
443339
443340
443356
443357
443362
443363
443364
443367
443368
443369
443370
443371
443372
443374
443375
443400
443406
443413
443414
443415
443416
443417
443418
443419
443420
443441
443442
443443
443444
443445
443447
443448
443449
443450
443452
443453
443454
443455
443456
443457
443458
443459
443460
443461
443462
443463
443464
443465
443466
443467
443468
443469
443470
443471
443473
443476
443477
443478
443479
443483
443484
443485
443497
443503
443510
443511
443512
443513
443514
443515
443516
443517
443518
443519
443520
443521
443522
443523
443524
443549
443550
443551
443552
443553
443554
443559
443560
443588
443606
443607
443608
443609
443610
443611
443612
443613
443614
443615
443616
443617
443634
443637
443638
443640
443643
443645
443655
443668
443670
443672
443673
443682
443684
443715
443717
443718
443719
443720
443721
443723
443724
443726
443734
443737
443738
443739
443740
443741
443742
443743
443744
443745
443746
443747
443748
443749
443753
443760
443763
443771
443787
443794
443795
443796
443797
443798
443799
443800
443801
443802
443803
443804
443805
443806
443807
443808
443809
443810
443811
443812
443830
443840
443841
443853
443860
443865
443866
443867
443868
443869
443870
443871
443872
443873
443874
443875
443876
443877
443878
443879
443880
443881
443892
443893
443894
443895
443897
443898
443899
443900
443901
443902
443903
443904
443905
443906
443907
443908
443909
443910
443912
443913
443914
443915
443916
443917
443918
443919
443920
443921
443922
443923
443924
443925
443926
443927
443928
443929
443930
443931
443934
443935
443936
443937
443938
443950
443976
443980
443981
443982
443983
443984
443985
443986
443987
443988
443989
443990
443991
443992
443993
443994
443995
443996
443997
444001
444002
444003
444011
444013
444014
444015
444016
444017
444018
444019
444020
444021
444022
444023
444036
444037
444038
444040
444042
444043
444044
444045
444046
444047
444048
444049
444050
444051
444052
444053
444054
444055
444058
444059
444060
444061
444062
444063
444064
444065
444066
444067
444068
444083
444084
444086
444088
444090
444091
444092
444093
444094
444095
444096
444097
444098
444099
444100
444101
444102
444103
444104
444105
444106
444109
444111
444112
444113
444114
444115
444116
444117
444118
444119
444120
444121
444136
444137
444139
444141
444143
444144
444145
444146
444147
444148
444149
444150
444151
444152
444153
444154
444155
444156
444157
444158
444159
444162
444164
444165
444166
444167
444168
444169
444170
444171
444172
444173
444174
444175
444176
444177
444178
444179
444180
444181
444182
444185
444186
444187
444188
444189
444191
444212
444235
444239
444240
444241
444242
444243
444244
444245
444246
444247
444248
444249
444250
444251
444252
444253
444254
444255
444256
444260
444261
444283
444284
444287
444288
444289
444292
444293
444294
444295
444296
444297
444298
444317
444320
444321
444329
444332
444333
444338
444341
444342
444344
444348
444350
444361
444373
444375
444377
444378
444386
444389
444410
444412
444413
444414
444415
444416
444418
444420
444422
444432
444435
444436
444437
444438
444439
444440
444441
444442
444443
444444
444445
444449
444455
444459
444466
444480
444483
444484
444485
444486
444487
444489
444490
444491
444494
444495
444496
444497
444498
444499
444500
444501
444502
444532
444542
444557
444562
444568
444569
444570
444571
444572
444573
444578
444579
444580
444582
444583
444584
444585
444587
444588
444589
444590
444591
444592
444593
444622
444623
444626
444627
444628
444631
444632
444633
444634
444635
444636
444637
444639
444659
444661
444662
444668
444671
444672
444683
444696
444705
444707
444713
444714
444715
444716
444717
444718
444719
444720
444722
444723
444725
444726
444727
444728
444730
444731
444733
444739
444744
444745
444746
444747
444748
444749
444750
444751
444752
444753
444754
444755
444756
444760
444772
444779
444787
444793
444797
444798
444799
444800
444801
444802
444803
444804
444805
444806
444807
444808
444810
444811
444812
444814
444816
444845
444846
444847
444848
444849
444851
444852
444853
444856
444857
444859
444860
444861
444864
444865
444871
444872
444873
444890
444891
444892
444893
444894
444895
444914
444915
444916
444917
444918
444919
444920
444921
444922
444925
444929
444932
444933
444935
444936
444942
444943
444951
444954
444955
444958
444959
444960
444975
444976
444977
444978
444979
444981
444982
444983
444984
444986
444987
444988
444989
444990
444991
444992
444993
444994
444995
444996
444997
444998
444999
445000
445001
445002
445003
445004
445005
445007
445009
445010
445011
445012
445014
445017
445019
445020
445021
445031
445039
445042
445043
445044
445045
445046
445047
445048
445049
445050
445051
445052
445053
445054
445070
445071
445072
445073
445074
445075
445076
445077
445078
445080
445081
445082
445084
445085
445086
445087
445088
445089
445090
445091
445092
445093
445097
445103
445122
445123
445126
445127
445128
445129
445130
445131
445132
445133
445134
445135
445136
445158
445159
445160
445164
445165
445166
445167
445168
445171
445172
445199
445220
445221
445226
445227
445228
445231
445232
445233
445234
445236
445237
445263
445269
445277
445278
445280
445281
445282
445283
445284
445285
445286
445287
445305
445306
445307
445308
445309
445310
445311
445312
445314
445316
445320
445321
445323
445324
445325
445326
445329
445331
445338
445339
445342
445343
445345
445359
445360
445361
445362
445363
445365
445366
445367
445370
445371
445372
445373
445374
445376
445378
445381
445386
445387
445408
445409
445410
445411
445412
445413
445433
445434
445435
445436
445437
445438
445439
445440
445441
445443
445444
445445
445446
445447
445449
445450
445451
445452
445453
445454
445455
445456
445457
445459
445463
445464
445468
445480
445484
445485
445486
445487
445488
445489
445490
445491
445492
445508
445509
445510
445511
445512
445514
445515
445516
445517
445519
445520
445521
445522
445523
445524
445525
445526
445527
445528
445529
445530
445531
445532
445533
445534
445535
445536
445537
445538
445540
445543
445544
445545
445546
445550
445551
445552
445566
445574
445581
445582
445583
445584
445585
445586
445587
445588
445589
445590
445591
445592
445593
445594
445595
445611
445612
445617
445618
445619
445622
445623
445624
445625
445626
445627
445629
445630
445655
445660
445667
445668
445669
445670
445671
445672
445673
445674
445701
445702
445703
445707
445708
445709
445712
445713
445740
445760
445763
445764
445766
445770
445772
445783
445795
445797
445799
445800
445808
445811
445835
445836
445839
445840
445841
445844
445845
445846
445847
445848
445849
445850
445869
445872
445873
445881
445884
445885
445901
445902
445904
445905
445906
445907
445909
445911
445913
445920
445926
445927
445928
445929
445930
445931
445932
445933
445934
445935
445936
445940
445954
445960
445966
445970
445974
445975
445976
445977
445978
445979
445980
445981
445982
445983
445984
445985
445986
445987
445989
445990
445991
446009
446019
446034
446039
446045
446046
446047
446048
446049
446050
446423
446444
446509
446973
446999
447026
447262
447269
447273
447277
447401
447403
447418
447420
447422
447438
447459
447460
447461
447462
447463
447464
447465
447466
447467
447468
447469
447470
447471
447472
447473
447474
447486
447502
447507
447520
447534
447537
447614
447615
447620
447621
447622
447623
447627
447628
447781
447782
447787
447789
447796
447878
447888
447889
447891
447896
447904
447909
447917
447967
447968
447969
447970
447971
447972
447973
447974
447982
447987
447992
447997
447998
448009
448010
448015
448018
448019
448024
448029
448365
448378
448380
448419
448420
448421
448422
448423
448424
448425
448426
448433
448434
448436
448437
448438
448439
448440
448441
448539
448542
448543
448548
448552
448564
448578
448591
449021
449037
449106
449121
449136
449214
449919
449920
449921
449922
449923
449924
449925
449926
449927
449928
449929
449930
449931
449932
449933
449934
449949
449963
449966
449975
449976
449979
449995
450003
450007
450011
450037
450040
450046
450057
450060
450071
450072
450075
450089
450093
450094
450104
450109
450113
452244
452245
452246
452247
452248
452249
452250
452251
452252
452253
452254
452255
452256
452257
452258
452259
452260
452261
452262
452263
452264
452265
452266
452267
452269
452270
452271
452272
452273
452274
452275
452276
452366
452367
452370
452381
452382
452385
452406
452407
452410
452530
452531
452534
452545
452546
452550
452560
452561
452565
452635
452638
452661
452678
452681
452700
452775
452776
452777
452778
452779
452780
452781
452782
452783
452796
452800
452822
452839
452842
452861
452874
452878
452900
452913
452916
452943
452946
452965
452978
452995
452998
453041
453042
453043
453044
453045
453046
453047
453048
453049
453051
453052
453053
453054
453055
453056
453057
453058
453059
453061
453062
453063
453064
453066
453067
453068
453069
453070
453072
453073
453074
453075
453076
453077
453078
453079
453080
453082
453083
453084
453085
453842
453849
453862
453875
453886
453888
453917
453924
454142
454144
454145
454147
454728
454729
454730
454731
454740
454741
454742
454743
454744
454745
454746
454747
454748
454749
454750
454751
454763
454764
454765
454766
454767
454768
454774
454775
454776
454778
454779
454781
454782
454783
454784
454786
454787
454788
454789
454791
454792
454793
454794
454796
454798
454799
454800
454802
454803
454804
454806
454812
454813
454814
454819
454820
454821
454823
454825
454826
454827
454828
454830
454832
454833
454844
454845
454846
454847
454848
454849
454851
454852
454853
454854
454856
454857
454860
454861
454862
454867
454868
454870
454871
454872
454877
454878
454880
454982
455371
455380
455381
455386
455442
455488
455537
455568
455669
455697
455704
455711
456035
456036
456037
456038
456039
456040
456041
456042
456467
456472
457245
457246
457251
457255
457256
457260
457305
457306
457307
457308
457309
457310
457311
457312
457314
457315
457317
457318
457319
457320
457321
457322
457410
457411
457414
457415
457416
457417
457418
457419
457422
457423
457425
457426
457432
457433
457439
457440
457442
457443
457445
457446
457447
457448
457450
457451
457452
457453
457455
457456
457462
457463
457469
457470
457475
457476
457478
457479
457480
457481
457483
457484
457681
457682
457683
457686
457687
457689
457690
457696
457704
457706
457707
457708
457717
457729
457730
457731
457734
457736
457737
457743
457745
457746
457758
457759
457766
457767
457784
457785
457786
457794
457796
457797
457884
457885
457886
457893
457894
457895
457896
457897
457898
457905
457906
457907
457933
457934
457935
457936
457945
457946
457947
457948
458919
458920
458929
458930
458931
458932
458949
458950
458972
458974
459013
459014
459015
459016
459022
459025
459026
459027
459357
459365
459366
459368
459401
459406
459409
459413
459414
459424
459429
459432
459437
459440
459441
459449
459452
459453
459465
459466
459476
459477
459491
459496
459499
459503
459504
459510
459515
459518
459530
459533
459534
459546
459549
459550
459835
459836
459837
459838
459839
459840
459841
459842
459852
459853
459854
459855
459856
459857
459858
459859
459870
459871
459872
459873
459874
459875
459876
459877
460459
460460
460461
460462
460463
460473
460480
460481
460482
460483
460484
460485
460486
460487
460488
460489
460499
460500
460501
460502
460503
460568
460576
460592
460599
460651
460655
460660
460663
460788
460789
460790
460791
460826
460827
460828
460829
461231
461234
461235
461236
461237
461238
461239
461240
461241
461242
461243
461244
461245
461246
461247
461249
461252
461253
461254
461255
461256
461257
461258
461259
461260
461261
461262
461263
461264
461265
461266
461268
461545
461546
461547
461548
461549
461550
461551
461552
461553
461554
461555
461556
461557
461558
461559
461560
461561
461562
461563
461564
461565
461566
461567
461568
461569
461570
461571
461572
461573
461574
461575
461576
462416
462417
462418
462419
462420
462421
462423
462424
462425
462426
462427
462428
462429
462430
462431
462432
462433
462434
462436
462437
462438
462439
462440
462441
462446
462447
462448
462449
462450
462451
462452
462453
462487
462492
462497
462512
463928
463929
463930
463931
463932
463933
463934
463935
463936
463937
463938
463939
463940
463941
463942
463943
463944
463945
463946
463947
463948
463949
463950
463951
463979
463991
464004
464034
464042
464051
464088
464097
464106
464126
464148
464153
464163
464168
466116
466117
466118
466119
466120
466121
466122
466123
466124
466125
466126
466127
466128
466129
466130
466131
466132
466133
466134
466135
466136
466137
466138
466139
466268
466287
466324
466530
466549
466568
466683
466717
466737
466766
466791
466815
466816
466817
466818
466829
466843
466857
466861
466862
466863
466864
466865
466866
466867
466868
466869
466870
466871
466872
466873
466874
466875
466876
466877
466878
466879
466880
466881
466882
466883
466884
466887
466902
466936
466955
466984
467000
467033
467048
467087
467116
467131
467151
467183
467184
467185
467187
467189
467192
467193
467195
467196
467199
467201
467206
467208
467215
467216
467217
467218
467219
467222
467223
467224
467227
467231
467232
467234
467235
467242
467243
467245
467247
467255
467256
467257
467259
467261
467265
467267
467268
467270
467275
467277
467284
467285
467286
468806
468807
468808
468809
468810
468811
468812
468813
468832
468833
468834
468835
468836
468837
468838
468839
468858
468859
468860
468861
468866
468867
468868
468869
468884
468885
468886
468887
468892
468893
468894
468895
468910
468911
468912
468913
468914
468915
468916
468917
468918
468919
468920
468921
468940
468941
468942
468943
468948
468949
468950
468951
468956
468957
468958
468959
468978
468979
468980
468981
468996
468997
468998
468999
469537
469538
469539
469540
469541
469542
469543
469544
469545
469546
469547
469548
470645
470646
470647
470648
470649
470650
470651
470655
470656
470657
470658
470659
470660
470668
470669
470670
470671
470672
470673
470674
470675
470676
470677
470678
470679
470680
470681
470682
470683
470688
470689
470694
470695
470700
470702
470706
470707
470708
470709
470710
470711
470712
470716
470717
470718
470719
470720
470721
470729
470730
470738
470740
470744
470745
470746
470747
470748
470749
470757
470758
470759
470760
470761
470762
470763
470764
470766
470770
470772
470779
470780
470781
470782
470783
470784
470785
470786
470787
470788
470789
470790
470791
470792
470793
470794
470795
470796
470797
470798
470806
470807
470808
470809
470810
470811
470812
473266
473267
473279
473280
473287
473288
473296
473297
473306
473307
473308
473309
473326
473327
473332
473333
473539
473540
473547
473549
473550
473551
473552
473554
473561
473566
473573
473579
473590
473591
473592
473593
473595
473597
473603
473609
473615
473616
473618
473622
473629
473638
473639
473640
474432
474433
474435
474445
474522
474523
474524
474534
474535
474544
474629
474630
474909
474910
474911
474912
474913
474914
474915
474916
474917
474918
474919
474920
474921
474923
474924
474925
474926
474927
474928
474929
474930
474931
474932
474933
474934
474935
474936
474937
474938
474939
474940
474941
474942
474943
474944
474946
474947
474948
474949
474950
474951
474952
474953
474954
474955
474956
474957
474958
474959
474960
474961
474963
474964
474965
474966
474967
474968
474969
474970
474971
474972
474974
474975
474976
474977
474978
474979
474980
474981
474982
474983
474985
474986
474987
474988
474989
474990
474991
474992
474993
474994
474996
474997
474998
475056
475058
475078
475096
475097
475140
475142
475156
475163
475164
475166
475181
475223
475237
475239
475247
475287
475288
475307
475310
475311
475313
475328
475330
475331
475368
476255
476256
476257
476258
476259
476260
476261
476262
476263
476274
476275
476276
476277
476278
476279
476280
476281
476282
476283
476284
476285
476286
476287
476288
476289
476290
476291
476306
476307
476308
476309
476310
476311
476312
476313
476314
476406
476407
476408
476409
476419
476420
476421
476422
476480
476532
476589
476590
476602
476603
476629
476630
476668
476784
476819
476874
476875
476890
476891
476905
476906
477000
477077
477078
477079
477081
477087
477088
477089
477091
477125
477126
477127
477129
477137
477138
477139
477141
477190
477192
477193
477377
477405
477412
477415
477459
477460
477461
477462
477463
477464
477465
477466
477475
477476
477477
477478
477491
477492
477493
477529
477530
477562
477563
477605
477606
477777
477778
477779
477780
477781
477782
477783
477784
477785
477786
477787
477788
477789
477790
477791
477792
477793
477794
477795
477796
477797
477798
477799
477800
477801
477802
477803
477804
477805
477806
477807
477808
477809
477810
477811
477812
477813
477814
477815
477816
477817
477818
477819
477820
477845
477847
477877
477879
477896
477898
477929
477930
477932
477937
477939
477990
477992
477998
477999
478001
478031
478033
478045
478046
478048
478053
478055
478087
478088
478090
478121
478123
478863
478864
478865
478866
478885
478886
478887
478888
478889
478890
478891
478892
478911
478933
478934
478935
478936
479039
479040
479042
479045
479046
479061
479070
479071
479072
479073
479082
479083
479087
479088
479204
479205
479206
479207
479208
479209
479210
479211
479212
479213
479214
479215
479216
479217
479218
479219
479256
479257
479258
479259
479262
479263
479264
479265
479266
479267
479268
479269
479270
479271
479272
479273
479485
479486
479487
479488
479489
479490
479491
479492
479493
479494
479495
479496
479498
479499
479500
479502
479503
479504
479514
479515
479516
479518
479519
479520
479521
479537
479538
479539
479541
479542
479543
479553
479554
479555
479576
479594
479596
479601
479602
479603
479604
479652
479657
479675
479677
479707
481024
481376
481447
481853
484120
484121
484122
484123
484124
484125
484126
484127
484128
484129
484130
484131
484132
484133
484134
484135
484136
484137
484138
484139
484140
484141
484142
484143
484144
484145
484146
484147
484148
484149
484150
484151
484152
484153
484154
484155
484156
484157
484158
484159
484160
484161
484162
484163
484164
484165
484166
484167
484168
484169
484170
484171
484172
484173
484174
484175
484176
484177
484178
484179
484180
484181
484182
484183
484184
484185
484186
484187
484188
484189
484190
484191
484192
484193
484194
484195
484196
484197
484198
484199
484200
484201
484202
484203
484204
484205
484206
484207
484208
484209
484261
484262
484307
484308
484310
484311
484321
484322
484363
484364
484365
484366
484368
484369
484377
484437
484438
484460
484461
484463
484464
484474
484475
484486
484487
484570
484571
484573
484574
484584
484585
484607
484608
484640
484641
484643
484644
484654
484655
484696
484697
484698
484699
484701
484702
484710
484751
484752
484754
484755
484765
484766
484768
484769
484803
484804
484816
484817
484819
484820
484830
484831
490284
490285
490286
490287
490288
490289
490290
490291
490292
490293
490294
490295
490296
490297
490298
490299
490300
490301
490302
490303
490304
490305
490306
490307
490308
490309
490310
490311
490312
490313
490314
490315
490316
490317
490318
490319
490320
490321
490322
490323
490324
490325
490326
490327
490328
490329
490330
490331
490332
490333
490334
490335
490339
490340
490341
490342
490343
490344
490345
490346
490347
490348
490349
490350
490351
490352
490353
490354
490355
490356
490357
490358
490359
490360
490361
490362
490363
490364
490365
490366
490367
490368
490369
490370
490371
490372
490373
490374
490375
490376
490377
490378
490379
490380
490649
490650
490651
490653
490695
490696
490697
490699
490769
490770
490771
490773
491124
491125
491126
491128
491174
491175
491177
491178
491222
491223
491225
491226
491424
491425
491435
491437
491438
491501
491502
491547
491548
491558
491560
491561
491611
491612
491778
491779
491780
491781
491782
491783
491784
491785
491786
491787
491788
491789
491790
491791
491792
491793
491794
491795
491796
491797
491798
491799
491800
491801
491802
491803
491804
491805
491806
491807
491808
491809
491810
491811
491813
491839
491849
491852
491910
491949
491959
491961
492011
492039
492049
492052
492110
492140
492149
492151
492224
492234
492236
492286
492314
492357
492366
492368
492508
492513
492523
492525
492526
492530
492541
492542
492543
492544
492545
492546
492547
492548
492549
492550
492551
492552
492553
492554
492555
492556
495459
495460
495461
495462
495463
495464
495465
495467
495468
496083
496098
496099
496100
496101
496102
496103
496104
496109
496110
496115
496120
496121
496138
496221
496222
496223
496224
496225
496226
496227
496228
496326
496332
496349
496350
496351
496352
496353
496354
496355
496356
496357
496358
496359
496360
496439
496440
496441
496538
496539
496540
496571
496572
496573
496574
496700
496701
496702
496703
496704
496705
496706
496707
496708
496709
496710
496711
497268
497269
497270
497271
497272
497273
497276
497277
497278
497279
497280
497282
497283
497289
497290
497293
497294
497295
497296
497297
497299
497300
497306
497307
497308
497309
497310
497312
497313
497314
497315
497316
497318
497319
497325
497326
497329
497330
497336
497337
499055
499056
499058
499059
499060
499061
499063
499064
499065
499066
499068
499069
499070
499071
499073
499074
503378
503380
503384
503386
503390
503391
503393
503394
503396
503398
503399
503401
503406
503407
503412
503413
504713
504715
504719
504721
504725
504727
504731
504732
504737
504739
504743
504744
504749
504750
504755
504756
506610
506611
506613
506615
506643
506644
506646
506648
506670
506671
506673
506675
506680
506681
506683
506685
509136
509137
509138
509139
509140
509148
509156
509163
509770
509771
509772
509773
509785
509787
509788
509805
509806
509807
509808
509844
509845
509848
509849
509853
509854
509861
509862
509899
509900
509901
509902
509903
509904
509905
509906
509907
509908
509909
509910
509911
509912
509913
509914
509915
509916
509917
509918
509919
509920
509921
509922
509923
509924
509925
509926
509927
509928
509929
509930
509931
509932
509933
509934
509935
509936
509937
509938
509939
509940
509941
509942
509943
509944
509945
509946
509947
509948
509949
509950
509951
509952
509953
509954
509955
509956
509957
509958
509959
509960
509961
509962
509963
509964
509965
509966
509967
509968
509969
509970
509971
509972
509973
509974
509975
509976
509977
509978
509979
509980
509981
509982
509983
509984
509985
509986
509987
509988
509989
509990
509991
509992
509993
509994
526891
555657
581389
581390
581393
581396
581397
581398
581399
581425
581426
581429
581436
581458
581459
581460
581461
581462
581463
581464
581465
581466
582176
582179
582197
582200
582205
582208
582228
582231
582289
582292
582293
582294
582295
582296
582297
582298
582299
582300
582305
582306
582307
582308
582312
582313
582314
582315
582316
582320
582321
582322
582323
582324
582325
582330
582331
582334
582337
582338
582339
582340
582341
582342
582343
582344
582345
582389
582395
582399
582400
582401
582415
582416
582417
582418
582420
582443
582445
582459
583147
583149
583158
583160
583165
583167
583178
583180
583238
583239
583240
583241
583242
583245
583246
583256
583262
583263
583264
583265
583271
583273
583274
583280
583282
583333
583334
583335
583339
583340
583341
583342
583343
583344
583345
583346
583349
583350
583351
583352
583353
583354
583357
583358
583359
583360
583361
583362
583363
583364
583369
583370
583371
583372
583373
583374
583375
583376
583377
583378
583379
583380
583381
583382
583383
583384
583435
583436
583438
583439
583441
583444
583445
583447
583453
583454
583456
583459
583460
583462
584897
584902
584903
584908
584909
584923
584943
584944
584945
584946
584947
584948
584949
584950
584957
584958
584959
584960
584974
584976
584977
584978
584979
584982
584996
584997
584998
585001
585011
585014
585017
585018
585028
585030
585031
585032
585033
585037
585052
585053
585054
585055
585060
585061
585062
585063
585066
585067
585068
585069
585089
585101
585102
585107
585108
585114
585277
585280
585282
585284
585286
585293
585295
585297
585299
585301
585319
585320
585321
585327
585328
585329
585330
585332
585334
585335
585336
585337
585338
585339
585340
585341
585342
585343
585344
585345
585346
585347
585348
585349
585350
585351
585352
585353
585354
585356
585357
585359
585360
585361
585362
585363
585369
585370
585371
585388
585389
585390
585392
585393
585394
585395
585396
585397
585399
585400
585401
585402
585403
585404
585405
585406
585407
585408
585409
585410
585412
585414
585415
585424
585427
585430
585432
585433
585435
585436
585437
585438
585439
585440
585441
585442
585443
585444
585450
585454
585456
585457
585461
585467
585469
585471
585473
585474
585475
585476
585477
585478
585479
585480
585481
585482
585483
585486
585492
585494
585496
585507
585508
585509
585511
585512
585514
585515
585516
585517
585518
585519
585520
585521
585522
585523
585524
585526
585527
585528
585529
585530
585531
585532
585544
585545
585546
585556
585557
585558
585559
585560
585561
585562
585563
585564
585566
585568
585569
585570
585571
585572
585573
585574
585575
585576
585577
585578
585579
585580
585581
585582
585583
585584
585585
585586
585587
585588
585589
585590
585592
585593
585623
585631
585633
585634
585637
585644
585645
585648
585760
585761
585762
585763
585764
585765
585772
585774
585775
585776
585778
585781
585783
585784
585787
585789
585792
585793
585794
585795
585796
585797
585803
585811
585812
585813
585814
585815
585816
585822
585823
585824
585827
585828
585829
585830
585834
585843
585844
585845
585848
585849
585853
585854
585855
585856
585857
585859
585871
585872
585875
585878
585879
585880
585882
585883
585886
585887
585892
585893
585894
585895
585898
585899
585902
585907
585908
585909
585910
585913
585926
585927
585928
585929
585933
585940
585941
585942
585943
585944
585946
585949
585950
585952
585953
585954
585957
585959
585960
585963
586003
586004
586005
586023
586024
586025
586437
586438
586439
586442
586443
586444
586445
586446
586447
586450
586451
586452
586453
586457
586458
586459
586460
586461
586462
586463
586464
586480
586481
586482
586483
586488
586489
586490
586491
586494
586495
586496
586497
586508
586509
586510
586511
586525
586526
586527
586528
586530
586531
586532
586533
586534
586535
587795
587796
587803
587804
587814
587816
587817
587818
587819
587820
587821
587825
587826
587827
587828
587829
587836
587838
587849
587850
587851
587852
587853
587854
587855
587856
587860
587861
587862
587863
587864
587865
587874
587875
587888
587889
587899
587900
587901
587902
587903
587904
587908
587909
587910
587911
587912
587913
587916
587917
587932
587934
587938
587939
587940
587941
587942
587946
587947
587948
587949
587950
587954
587956
587964
587965
587974
587975
588029
588030
588031
588032
588036
588037
588038
588039
588045
588046
588047
588048
588054
588055
588056
588057
588065
588066
588067
588068
588069
588070
588071
588072
588073
588074
588075
588076
588077
588078
588079
588080
588081
588082
588083
588084
588085
588086
588087
588088
588089
588092
588093
588098
588099
588100
588101
588105
588106
588107
588108
588109
588110
588111
588112
588113
588114
588115
588121
588122
588123
588124
588130
588131
588132
588133
588134
588135
588136
588137
588138
588139
588140
588141
588142
588143
588144
588145
588146
588152
588153
588154
588155
588161
588162
588163
588164
588165
588166
588167
588168
588169
588170
588171
588172
588173
588174
588175
588176
588177
588178
588179
588180
588181
588187
588188
588189
588190
588196
588197
588198
588199
588200
588201
588202
588203
588211
588212
588213
588214
588215
588216
588217
588218
588219
588220
588221
588222
588223
588224
588225
588226
588227
588228
588229
588230
588231
588232
588233
588234
588235
588236
588237
588238
588241
588242
588245
588246
588247
588248
588259
588260
588261
588262
588327
588328
588332
588333
588334
588335
588336
588337
588340
588341
588344
588345
588351
588352
588358
588359
588360
588361
588376
588377
588378
588379
588380
588381
588384
588385
588386
588387
588406
588407
588410
588411
588412
588413
588414
588415
588423
588424
588427
588428
588429
588430
588434
588435
588445
588446
588447
588448
588451
588452
588453
588454
588455
588456
588461
588462
588491
588492
588494
588495
588497
588498
589744
589745
589747
589749
589750
589751
589752
589753
589754
589755
589756
589757
589758
589761
589767
589768
589769
589770
589771
589772
589773
589774
589777
589778
589779
589780
589797
589798
589799
589800
589801
589802
589803
589808
589819
589820
589821
589822
589823
589824
589825
589826
589827
589829
589830
589831
589832
589833
589834
589835
589836
589837
589838
589843
589844
589857
589865
589866
589867
589868
589869
589870
589871
589872
589876
589877
589878
589880
589881
589882
589883
589884
589890
589891
589892
589893
589894
589895
589896
589897
589898
589902
589905
589963
589964
589965
589966
589967
589968
589969
589970
589971
589972
589976
589978
589979
589980
589981
589982
589983
589984
589985
589986
589987
589988
589989
589997
589998
589999
590000
590005
590007
590016
590017
590018
590019
590020
590021
590022
590023
590024
590026
590027
590028
590029
590030
590034
590035
590038
590039
590040
590041
590042
590043
590044
590045
590046
590047
590051
590052
590053
590055
590056
590057
590058
590059
590060
590061
590062
590068
590069
590070
590071
590072
590073
590074
590075
590076
590077
590078
590079
590080
590081
590082
590083
590084
590085
590100
590101
590102
590103
590112
590113
590115
590116
590117
590118
590119
590120
590121
590122
590123
590124
590125
590126
590127
590128
590129
590130
590131
590133
590134
590135
590136
590137
590138
590139
590143
590144
590145
590146
590147
590148
590149
590150
590181
590182
590183
590184
590187
590188
590189
590190
590191
590192
590193
590194
590195
590196
590197
590198
590199
590200
590201
590202
590203
590204
590205
590206
593297
593300
593301
593302
593303
593337
593338
593339
593340
593341
593342
593343
593344
593345
593346
593347
593348
593349
593350
593351
593383
593384
593385
593386
593387
593388
593389
593390
593391
593392
593393
593394
593395
593396
593397
593428
593429
593430
593431
593437
593481
593482
593486
593487
593488
593489
593490
593491
593494
593495
593496
593497
593498
593499
593500
593501
593502
593510
593511
593515
593516
593517
593518
593521
593522
593523
593526
593527
593528
593529
593561
593581
593582
593583
593584
593587
593588
593589
593590
593612
593621
593622
593623
593624
593657
593658
593659
593660
593661
593662
593663
593664
593677
593678
593679
593680
593681
593682
593683
593692
593693
593694
593695
593696
593697
593698
593699
593714
593715
593716
593717
593718
593719
593720
593750
593751
593752
593753
593754
593755
593756
593771
593772
593773
593774
593775
593776
593777
593778
593788
593789
593790
593791
593792
593793
593794
593807
593808
593809
593810
593811
593812
593813
593814
593850
593851
593852
593853
593859
593869
593870
593871
593872
593892
593893
593894
593895
593912
593945
593946
593947
593948
593949
593952
593953
593956
593957
593958
593959
593960
593964
593965
593966
593967
593977
593978
593979
593980
593981
593982
593985
593986
593987
593988
593989
593990
593994
594040
594044
594045
594046
594047
594078
594079
594080
594081
594082
594083
594084
594085
594086
594087
594088
594089
594090
594091
594092
594128
594129
594130
594131
594132
594133
594134
594135
594136
594137
594138
594139
594140
594141
594142
594188
594189
594190
594191
594196
594447
594448
594485
594486
594487
594488
594489
594490
594491
594496
594498
594499
594500
594501
594502
594503
594504
594506
594507
594517
594521
594522
594523
594530
594538
594539
594540
594541
594542
594543
594544
594546
594547
594552
594553
594554
594555
594556
594557
594558
594563
594567
594568
594569
594576
594588
594593
594594
594628
594635
594642
594643
594644
594645
594646
594647
594648
594649
594658
594661
594662
594664
594665
594666
594667
594668
594669
594670
594671
594672
594673
594674
594681
594682
594683
594684
594685
594686
594687
594688
594691
594692
594693
594694
594695
594696
594697
594698
594699
594700
594701
594702
594703
594704
594705
594706
594707
594708
594709
594710
594711
594712
594713
594714
594715
594716
594717
594718
594719
594720
594721
594722
594723
594724
594725
594726
594727
594728
594729
594730
594731
594732
594733
594735
594736
594737
594738
594739
594740
594741
594742
594743
594746
594747
594748
594749
594750
594751
594752
594753
594754
594755
594756
594763
594764
594765
594766
594767
594768
594769
594770
594771
594772
594773
594774
594775
594776
594777
594778
594781
594793
594796
594797
594811
594815
594833
594834
594835
594836
594837
594838
594839
594840
594841
594842
594843
594844
594854
594859
594860
594861
594862
594863
594864
594865
594866
594867
594868
594869
594870
594873
594874
594875
594876
594877
594878
594879
594880
594881
594882
594883
594884
594885
594886
594887
594890
594891
594892
594893
594894
594895
594896
594897
594898
594899
594900
594901
594902
594903
594904
594905
594906
594907
594908
594909
594910
594920
594925
594926
594927
594928
594929
594930
594931
594934
594935
594936
594937
594938
594939
594940
594942
594946
594968
594969
594970
594971
594972
594973
594974
594979
594990
594991
594992
594993
594994
594995
594996
594997
594998
595009
595013
595014
595015
595020
595025
595026
595027
595028
595029
595030
595031
595032
595033
595034
595035
595036
595037
595038
595039
595040
595041
595042
595043
595044
595045
595046
595047
595048
595054
595055
595056
595057
595058
595059
595060
595061
595062
595082
595086
595087
595088
595093
595099
595100
595101
595102
595103
595104
595105
595107
595108
595116
595117
595118
595120
595121
595122
595123
595124
595132
595133
595134
595141
595150
595154
595155
595156
595157
595158
595159
595160
595161
595162
595163
595164
595165
595166
595167
595168
595169
595170
595171
595172
595173
595174
595175
595176
595177
595190
595191
595192
595194
595195
595196
595197
595198
595210
595211
595212
595219
595228
595236
595237
595263
595264
595265
595266
595267
595268
595269
595270
595273
595274
595275
595276
595277
595278
595279
595280
595281
595282
595283
595284
595285
595288
595289
595290
595291
595292
595293
595294
595295
595308
595310
595311
595312
595313
595314
595315
595316
595317
595318
595319
595320
595321
595322
595323
595324
595325
595326
595327
595328
595329
595330
595331
595334
595335
595336
595337
595338
595339
595340
595341
595342
595343
595344
595345
595346
595349
595350
595351
595352
595353
595354
595355
595356
595357
595358
595359
595360
595361
595374
595376
595392
595393
595394
595395
595396
595397
595398
595399
595402
595410
595413
595414
595421
595422
595423
595424
595425
595426
595427
595428
595429
595430
595431
595432
595433
595434
595435
595436
595437
595438
595439
595440
595441
595442
595449
595450
595451
595452
595453
595454
595455
595456
595457
595458
595459
595462
595463
595464
595465
595466
595467
595468
595469
595470
595471
595472
595473
595474
595475
595476
595477
595478
595479
595480
595481
595482
595483
595484
595485
595486
595487
595488
595489
595490
595491
595492
595493
595494
595495
595496
595497
595498
595499
595500
595501
595502
595503
595504
595506
595507
595508
595509
595510
595511
595512
595513
595514
595515
595516
595517
595518
595519
595520
595521
595524
595525
595526
595527
595528
595529
595530
595531
595538
595539
595541
595551
595556
595559
595560
595588
595591
595624
595625
595626
595627
595628
595629
595630
595631
595632
595653
595660
595661
595662
595667
595675
595676
595677
595679
595680
595681
595682
595683
595704
595705
595706
595711
595722
595952
595953
595954
595955
595960
595962
595963
595965
595966
595967
595968
595969
595973
595974
595975
595976
595977
595978
595979
595980
595981
595982
595996
595997
596000
596002
596003
596006
596007
596008
596009
596010
596011
596012
596013
596014
596015
596016
596044
596045
596046
596047
596048
596049
596050
596051
596052
596053
596054
596055
596059
596061
596062
596075
596091
596092
596099
596100
596101
596102
596103
596104
596105
596106
596107
596109
596110
596111
596112
596113
596117
596118
596127
596129
596130
596138
596139
596148
596150
596151
596152
596153
596154
596158
596159
596167
596168
596169
596170
596175
596177
596178
596179
596180
596181
596182
596183
596184
596185
596192
596193
596203
596205
596206
596210
596211
596212
596213
596214
596215
596222
596223
596224
596225
596226
596227
596228
596229
596237
596238
596239
596240
596245
596247
596253
596254
596257
596259
596260
596286
596287
596288
596289
596290
596291
596292
596293
596294
596295
596296
596311
596312
596325
596326
596327
596328
596329
596330
596331
596332
596333
596334
596338
596339
596340
596342
596343
596344
596345
596346
596347
596348
596349
596350
596351
596352
596353
596354
596405
596406
596407
596408
596409
596410
596411
596412
596413
596414
596418
596420
596421
596434
596449
596450
596451
596452
596453
596454
596455
596456
596457
596458
596459
596460
596461
596462
596463
596464
596465
596466
596467
596468
596469
596470
596474
596476
596477
596490
596491
596492
596512
596513
596514
596515
596516
596517
596518
596519
596526
596528
596529
596530
596531
596532
596533
596534
596546
596548
596549
596556
596557
596561
596562
596563
596564
596565
596566
596570
596571
596572
596573
596582
596583
596585
596587
596588
596589
596590
596591
596592
596593
596603
596605
596606
596622
596623
596633
596634
596635
596636
596637
596638
596639
596640
596650
596651
596652
596653
596662
596663
596670
596671
596674
596676
596677
596689
596690
596691
596692
596693
596694
596695
596696
596697
596698
596702
596703
596704
596706
596707
596708
596709
596710
596711
596712
596713
596714
596715
596716
596717
596718
596746
596747
596748
596749
596750
596751
596752
596753
596754
596755
596756
596757
596758
596759
596760
596761
596762
596763
596764
596765
596769
596770
596771
596773
596774
596785
596801
596803
596804
596805
596806
596807
596808
596809
596816
596817
596818
596819
596828
596829
596837
596839
596840
596847
596848
596899
596900
596901
596902
596903
596904
596905
596906
596907
596908
596909
596910
596911
596912
596913
596914
596915
596916
596917
596918
596919
596920
596921
596922
596923
596924
596925
596926
596927
596928
596929
596930
596931
596932
596933
596934
596935
596936
596937
596938
596939
596940
596941
596942
596943
596944
596945
597166
597168
597172
597174
597177
597179
597183
597185
597222
597223
597224
597229
597230
597231
597278
597279
597280
597355
597356
597365
597366
597367
597368
597369
597370
597371
597372
597373
597374
597375
597376
597377
597378
597379
597380
597381
597382
597383
597384
597385
597386
597387
597388
597389
597390
597391
597392
597393
597394
597395
597396
597418
597419
597420
597421
597422
597423
597424
597425
597426
597427
597428
597429
597430
597431
597451
597452
597453
597454
597455
597456
597457
597458
597459
597460
597461
597462
597463
597477
597478
597479
597480
597481
597482
597483
597484
597485
597486
597487
597502
597503
597504
597505
597506
597507
597508
597509
597510
597511
597681
597682
597684
597685
597700
597701
597703
597704
597708
597709
597725
597726
598045
598046
598047
598048
598052
598053
598054
598055
598056
598057
598058
598059
598060
598061
598062
598063
598064
598065
598066
598070
598071
598072
598073
598074
598075
598076
598077
598078
598079
598080
598081
598082
598083
598084
598085
598086
598087
598088
598089
598155
598156
598157
598158
598159
598160
598161
598162
598163
598164
598165
598166
598167
598168
598169
598170
598171
598172
598173
598174
598175
598176
598177
598178
598179
598180
598181
598182
598183
598184
598185
598186
598187
598188
598189
598190
598191
598192
598193
598197
598198
598199
598200
598201
598202
598203
598204
598205
598206
598207
598208
598209
598210
598211
598215
598216
598217
598218
598219
598220
598221
598222
598223
598224
598225
598226
598227
598228
598229
598233
598234
598235
598236
598237
598238
598239
598240
598241
598242
598243
598244
598245
598246
598247
598251
598252
598253
598254
598255
598256
598257
598261
598262
598263
598264
598265
598266
598267
598268
598269
598270
598271
598272
598273
598274
598275
598276
598277
598278
598279
598280
598281
598282
598283
598287
598288
598289
598290
598291
598292
598293
598294
598295
598296
598297
598298
598299
598300
598301
598302
598303
598304
598305
598306
598307
598308
598309
598310
598311
598312
598313
598511
598512
598513
598514
598515
598516
598517
598518
598519
598520
598521
598522
598523
598524
598525
598526
598527
598528
598529
598530
598531
598532
598533
598534
598535
598536
598537
598538
598539
598540
598541
598542
598543
598544
598545
598546
598547
598548
598549
598550
598551
598552
598553
598554
598555
598556
598557
598558
598559
598560
598561
598562
598563
598564
598565
598566
598567
598568
598569
598570
598632
598633
598634
598635
598636
598637
598638
598639
598640
598641
598642
598643
598644
598645
598646
598647
598648
598649
598650
598651
598652
598653
598654
598655
598656
598657
598658
598659
598660
598661
598662
598663
598664
598665
598666
598667
598668
598669
598670
598671
598672
598673
598674
598675
598676
598677
598678
598679
598680
598681
598682
598683
598684
598685
598686
598687
598688
598689
598690
598691
598692
598693
598694
598695
598696
598697
598698
598699
598700
598701
598702
598703
600132
600133
600134
600135
600136
600137
600138
600139
600140
600141
600142
600143
600144
600145
600146
600147
600148
600149
600150
600151
600152
600153
600154
600155
600156
600157
600158
600159
600160
600161
600162
600163
600164
600165
600166
600167
600168
600169
600170
600171
600172
600173
600174
600175
600176
600177
600178
600179
600180
600181
600182
600183
600184
600185
600186
600187
600188
600189
600190
600191
600192
600193
600194
600195
600196
600197
600198
600199
600200
600201
600202
600203
600204
600205
600206
600207
600208
600209
600210
600211
600212
600213
600214
600215
600216
600217
600218
600219
600220
600221
600222
600223
600224
600225
600226
600227
600228
600229
600230
600231
600232
600233
600234
600235
600236
600237
600238
600239
600240
600241
600242
600243
600244
600245
600246
600247
600248
600249
600250
600251
600343
600344
600345
600346
600347
600348
600349
600350
600351
600352
600353
600354
600355
600356
600357
600358
600359
600360
600361
600362
600363
600364
600365
600366
600367
600368
600369
600370
600371
600372
600373
600374
600375
600376
600377
600378
600379
600380
600381
600382
600383
600384
600385
600386
600387
600388
600389
600390
600391
600392
600393
600394
600395
600396
600397
600398
600399
600400
600401
600402
600403
600404
600405
600406
600407
600408
600413
600414
600415
600416
600417
600418
600419
600420
600421
600422
600423
600424
600425
600426
600427
600428
600429
600430
601040
601041
601042
601043
601044
601045
601046
601047
601048
601049
601050
601051
601052
601053
601054
601055
601056
601057
601058
601059
601060
601061
601062
601063
601064
601065
601066
601067
601068
601069
601070
601071
601072
601073
601074
601075
601488
601489
601490
601491
601492
601493
601494
601495
601496
601497
601498
601499
601500
601501
601502
601503
601504
601505
601506
601507
601508
601509
601510
601511
601512
601513
601514
601515
601516
601517
601518
601519
601520
601521
601522
601523
601524
601525
601526
601527
601528
601529
601530
601531
601532
601533
601534
601535
601536
601537
601538
601539
601540
601541
601542
601543
601544
601545
601546
601547
601548
601549
601550
601551
601552
601553
601554
601555
601556
601557
601558
601559
601560
601561
601562
601563
601564
601565
601566
601567
601568
601569
601570
601571
601572
601573
601574
601575
601576
601577
601578
601579
601580
601581
601582
601583
601584
601585
601586
601587
601588
601589
601590
601591
601592
601593
601594
601595
606999
607000
607001
607002
607003
607004
607005
607006
607007
607008
607009
607010
607011
607012
607013
607017
607018
607019
607020
607021
607022
607023
607024
607029
607030
607035
607036
607037
607038
607039
607040
607041
607042
607046
607047
607048
607049
607050
607051
607052
607053
607054
607055
607056
607057
607058
607059
607060
607180
607181
607182
607183
607184
607185
607204
607205
607206
607207
607208
607209
607326
607327
607328
607329
607330
607331
607332
607333
607334
607335
607336
607337
607338
607339
607340
607341
607342
607343
607352
607353
607354
607355
607356
607357
607358
607359
607360
607361
607362
607363
607364
607365
607366
607367
607368
607369
607377
607378
607379
607380
607381
607382
607383
607384
607385
607386
607387
607388
607389
607390
607391
607392
607393
607394
608732
608733
608734
608735
608741
608742
608750
608751
608762
608763
608771
608772
608778
608779
608780
608781
608819
608820
608821
608822
608823
608824
608825
608826
608828
608829
608830
608831
608832
608833
608834
608835
608838
608839
608840
608841
608842
608843
608844
608845
608847
608848
608849
608850
608851
608852
608853
608854
610199
610239
610241
610279
610409
610410
610411
610412
610413
610414
610415
610416
610417
610418
610419
610420
610428
610429
610430
610431
610432
610433
610434
610435
610436
610438
610444
610445
610446
610447
610449
610450
610458
610459
610460
610461
610462
610463
610464
610465
610466
610467
610468
610469
610470
610471
610479
610480
610481
610482
610484
610485
610491
610492
610493
610494
610495
610496
610497
610498
610505
610507
610509
610510
610511
610512
610513
610514
610515
610516
610518
610678
610683
610684
610685
610686
610692
610708
610709
610710
610711
610712
610713
610714
610715
610716
610717
610718
610719
610720
610721
610722
610723
610724
610725
610729
610730
610731
610732
610744
610749
610750
610751
610752
610753
610754
610755
610772
610773
610774
610775
610778
610779
610780
610781
610782
610783
610784
610785
610799
610807
610808
610809
610810
610811
610812
610813
610814
610815
610816
610817
610818
610819
610838
610839
610840
610841
610845
610846
610847
610848
610849
610850
610851
610852
610853
610854
610855
610856
610857
610858
611013
611014
611015
611016
611017
611020
611021
611022
611023
611024
611031
611032
611033
611034
611035
611037
611038
611039
611040
611041
611054
611055
611056
611057
611058
611060
611061
611062
611063
611064
611065
611066
611067
611068
611069
611070
611071
611072
611073
611074
612313
612314
612315
612316
612317
612318
612319
612320
612321
612322
612323
612324
612328
612329
612338
612339
612340
612342
612343
612344
612368
612369
612370
612371
612372
612374
612375
612376
612377
612378
612390
612391
612396
612397
612398
612399
612400
612402
612403
612404
612522
612523
612524
612525
612526
612529
612530
612531
612532
612533
612547
612548
612549
612550
612551
612552
612553
612554
612555
612556
612557
612558
612566
612567
612568
612569
612570
612571
612572
612573
612576
612577
612578
612579
612580
612587
612588
612589
612590
612591
612592
612593
612594
612595
612604
612605
612606
612607
612608
612611
612612
612613
612614
612615
612616
612617
612618
612619
612620
612621
612622
612623
612624
612625
612629
612630
612637
612638
612639
612640
612641
612642
612643
612644
612645
612646
612647
612648
612649
612650
612651
612652
612653
612654
612655
612656
612657
612658
612752
612756
612762
612765
612769
612771
612783
612787
613425
613427
613436
613438
613443
613445
613453
613455
613488
613489
613492
613501
613503
613508
613509
613510
613511
613514
613556
613557
613558
613559
613560
613561
613562
613564
613565
613566
613567
613572
613573
613574
613575
614415
614416
614417
614418
614419
614424
614425
614426
614427
614428
614447
614448
614449
614450
614475
614476
614477
614478
614480
614481
614482
614483
614484
614487
614495
614498
614499
614500
614501
614503
614505
614506
614507
614508
614533
614534
614535
614536
614554
614555
614556
614557
614558
614563
614564
614565
614566
614567
614713
614718
614741
614742
614743
614745
614746
614747
614748
614749
614750
614751
614752
614753
614754
614755
614756
614757
614758
614759
614763
614764
614765
614777
614778
614779
614780
614781
614788
614792
614793
614794
614795
614796
614797
614798
614799
614801
614806
614811
614812
614813
614814
614815
614816
614817
614818
614832
614833
614834
614835
614836
614845
614846
614847
614852
614853
614854
614855
614856
614857
614858
614859
614860
614861
614862
614863
614864
614865
614866
614867
614868
614895
615003
615010
615011
615014
615027
615034
615035
615036
615048
615049
615051
615052
615064
615065
615068
615075
615076
615089
615096
615097
615099
615100
616965
616966
616967
616968
616969
616970
616971
616972
616973
616974
616975
616976
616977
616978
616979
616980
616981
616982
616983
616984
616985
616986
616987
616988
616989
616990
616991
616992
616993
616994
616995
616996
616997
616998
616999
617000
617001
617002
617003
617004
617005
617008
617009
617024
617030
617031
617032
617033
617034
617035
617036
617037
617038
617039
617043
617055
617056
617057
617058
617059
617060
617061
617062
617063
617064
617065
617066
617067
617068
617069
617070
617071
617072
617073
617074
617075
617076
617077
617078
617079
617080
617081
617082
617083
617084
617098
617099
617100
617101
617102
617103
617104
617105
617106
617107
617108
617109
617110
617111
617112
617113
617114
617115
617129
617130
617131
617132
617133
617134
617135
617136
617137
617138
617139
617140
617141
617142
617143
617144
617145
617146
617147
617148
617149
617150
617151
617152
617153
617154
617155
617156
617157
617158
617165
617174
617175
617176
617177
617178
617179
617180
617181
617182
617202
617203
617205
617206
617207
617208
617209
617210
617211
617212
617213
617214
617215
617216
617217
617218
617219
617220
617221
617222
617223
617224
617225
617226
617227
617228
617229
617230
617231
617232
617233
617234
617235
617236
617237
617238
617239
617240
617241
617242
617243
617244
617245
617246
617437
617440
617441
617443
617444
617445
617446
617450
617465
617466
617467
617468
617469
617470
617471
617472
617473
617474
617475
617476
617485
617488
617489
617490
617491
617495
617498
617499
617501
617502
617503
617504
617505
617506
617507
617508
617509
617510
617512
617518
617519
617520
617521
617522
617533
617534
617535
617536
617537
617538
617539
617540
617541
617542
617543
617544
617557
617563
617564
617565
617566
617567
617568
617570
617718
617719
617720
617721
617722
617723
617737
617738
617739
617740
617741
617742
617743
617744
617745
617746
617747
617748
617749
617750
617751
617752
617753
617754
617755
617756
617757
617758
617759
617760
617774
617775
617776
617777
617778
617779
617780
617781
617782
617783
617784
617785
617786
617787
617788
617789
617790
617791
617792
617793
617794
617795
617796
617797
617808
617809
617810
617811
617812
617813
617814
617815
617816
617817
617818
617819
617820
617821
617822
617823
617824
617825
619170
619171
619172
619175
619176
619177
619193
619194
619197
619198
619199
619202
619236
619237
619238
619241
619242
619243
619259
619260
619263
619264
619265
619268
619421
619422
619423
619424
619425
619426
619427
619428
619429
619430
619431
619432
619433
619434
619435
619436
619437
619438
619439
619440
619441
619442
619443
619444
619445
619446
619447
619448
619449
619450
619451
619452
619453
619454
619470
619471
619472
619473
619474
619475
619476
619477
619478
619479
619480
619481
619482
619483
619484
619485
619486
619487
619488
619489
619490
619491
619492
619493
619494
619495
619496
619497
619498
619499
619522
619523
619524
619525
619526
619527
619556
619557
619558
619559
619560
619561
619584
619585
619586
619587
619588
619589
619590
619591
619592
619593
619594
619595
619596
619597
619598
619599
619600
619601
619602
619603
619604
619605
619606
619607
619608
619609
619610
619611
619612
619613
619629
619630
619631
619632
619633
619634
619635
619636
619637
619638
619639
619640
619641
619642
619643
619644
619645
619646
619647
619648
619649
619650
619651
619652
619653
619654
619655
619656
619657
619658
619659
619660
619661
619662
619663
619769
619773
619774
619775
619776
619777
619778
619779
619780
619789
619805
619809
619815
619826
619827
619828
619829
619830
619831
619832
619833
619842
619843
619844
619845
619846
619847
619848
619849
619857
619866
619882
619894
619895
619896
619897
619898
619899
619900
619901
619902
622420
622425
622475
622476
622478
622479
622483
622484
622486
622487
622518
622521
622570
622574
622618
622619
622621
622622
622628
622629
622631
622632
622681
622686
622994
622995
622996
622997
622998
622999
623000
623001
623002
623003
623004
623005
623009
623010
623011
623012
623013
623014
623015
623016
623017
623019
623020
623021
623022
623023
623024
623025
623026
623027
623028
623029
623030
623031
623032
623033
623034
623035
623036
623037
623038
623039
623040
623041
623042
623043
623045
623046
623047
623053
623054
623055
623056
623057
623058
623059
623060
623061
623062
623080
623081
623082
623083
623084
623085
623086
623087
623088
623097
623098
623099
623100
623101
623102
623103
623104
623105
623106
623107
623108
623109
623110
623111
623112
623113
623114
623115
623116
623117
623118
623119
623120
623121
623122
623123
623128
623129
623158
623159
623160
623161
623162
623163
623164
623165
623166
623168
623169
623170
623179
623180
623181
623182
623183
623184
623185
623186
623187
623189
623190
623191
623208
623209
623210
623211
623212
623213
623214
623215
623216
623217
623218
623219
623220
623221
623222
623223
623224
623225
623226
623227
623229
623230
623231
623232
623233
623234
623235
623236
623237
623238
623239
623240
623241
623242
623243
623244
623245
623246
623247
623248
623270
623271
623272
623273
623274
623284
623285
623286
623287
623288
623300
623301
623302
623303
623304
623305
623306
623321
623322
623323
623324
623325
623326
623327
623328
623329
623330
623331
623332
623333
623334
623335
623336
623337
623338
623339
623340
623341
623342
623343
623344
623345
623346
623347
623348
623349
623350
623351
623352
623353
623354
623355
623356
623357
623358
623359
623360
623361
623362
623363
623364
623365
623366
623367
623391
623392
623393
623406
623407
623408
623409
623410
623411
623412
623413
623414
623421
623422
623423
623425
623426
623427
623428
623429
623430
623431
623432
623433
623435
623436
623437
623438
623439
623440
623441
623442
623443
623444
623445
623446
623447
623454
623455
623456
623742
623748
623749
623750
623751
623752
623754
623755
623756
623757
623758
623759
623760
623761
623762
623763
623764
623765
623775
623781
623782
623783
623784
623785
623787
623788
623789
623790
623799
623800
623801
623802
623803
623804
623805
623806
623807
623808
623809
623810
623843
623844
623845
623846
623847
623848
623855
623856
623857
623858
623859
623860
623861
623862
623863
623864
623865
623866
623867
623868
623869
623870
623874
623875
623876
623880
623881
623882
623886
623887
623888
623901
623902
623903
623904
623905
623906
623907
623908
623909
623910
623911
623912
623913
623919
623920
623921
623922
623923
623934
623935
623936
623937
623938
623939
623940
623941
623942
623943
623944
623945
623946
623947
623948
623949
623950
623951
623955
623956
623957
623958
623959
623960
623982
623983
623984
623985
623986
623992
623993
623994
623995
623996
624003
624004
624005
624006
624013
624014
624015
624016
624017
624018
624033
624034
624035
624036
624037
624038
624039
624040
624041
624042
624043
624044
624060
624061
624062
624063
624064
624065
624066
624067
624068
624069
624070
624071
624072
624073
624074
624075
624076
624077
624078
624079
624080
624081
624082
624083
624110
624111
624112
624116
624117
624118
624122
624123
624124
624128
624129
624130
624131
624132
624133
624134
624135
624136
624137
624138
624139
624140
624141
624142
624143
624144
624145
624146
624147
624148
624149
624150
624151
624152
624153
624154
624155
624156
624157
624158
624159
624160
624161
624162
624163
624164
624171
624172
624173
624174
624175
624176
624206
624207
624208
624209
624210
624211
624230
624231
624232
624233
624234
624235
624407
624408
624410
624411
624432
624433
624434
624435
624477
624478
624479
624480
624481
624482
624483
624484
625820
625821
625822
625823
625824
625825
625826
625827
625828
625829
625830
625831
625832
625833
625834
625835
625836
625837
625838
625839
625840
625841
625842
625843
625844
625851
625852
625853
625854
625855
625856
625857
625858
625859
625860
625873
625874
625875
625876
625877
625878
625879
625889
625890
625891
625892
625893
625894
625895
625896
625897
625905
625906
625907
625908
625909
625910
625911
625912
625913
625914
625915
625916
625917
625938
625939
625940
625941
625944
625945
625946
625947
625948
625949
625950
625952
626022
626023
626024
626026
626027
626028
626029
626030
626031
626032
626033
626037
626055
626056
626057
626058
626059
626060
626061
626062
626063
626064
626065
626066
626067
626068
626069
626070
626071
626072
626073
626074
626075
626076
626077
626078
626079
626080
626082
626083
626084
626085
626086
626090
626091
626092
626094
626095
626096
626097
626098
626099
626100
626101
626102
626103
626104
626105
626106
626107
626108
626109
626110
626117
626118
626119
626120
626121
626122
626123
626124
626125
626126
626127
626128
626129
626130
626131
626132
626133
626134
626145
626152
626153
626154
626155
626156
626157
626158
626159
626160
626161
626162
626163
626164
626165
626166
626167
626168
626169
626170
626171
626172
626173
626174
626175
626176
626183
626184
626185
626186
626187
626188
626189
626190
626191
626192
626193
626194
626195
626197
626198
626199
626200
626201
626202
626203
626204
626205
626206
626207
626208
626209
626210
626211
626212
628079
628080
628090
628091
628092
628093
628094
628095
628107
628108
628109
628110
628111
628112
628113
628115
628152
628153
628154
628155
628156
628157
628158
628159
628160
628161
628162
628163
628164
628165
628166
628174
628178
628181
628182
628205
628206
628207
628208
628210
628211
628212
628213
628214
628215
628216
628217
628226
628240
628247
628248
628249
628250
628251
628263
628264
628265
628266
628267
628281
628282
628283
628284
628285
628294
628295
628309
628310
628319
628329
628330
628331
628332
628333
628334
628335
628336
628337
628338
628339
628340
628341
628342
628343
628344
628345
628346
628381
628384
628388
628389
628393
628394
628395
628396
628397
628398
628399
628400
628401
628402
628403
628404
628405
628406
628418
628419
628450
628468
628469
628470
628471
628472
628490
628491
628655
628669
628670
628677
628682
628683
628684
628687
628733
628734
628735
628736
628737
628740
628741
628742
628743
628744
628745
628746
628747
628748
628749
628750
628751
628752
628753
628754
628755
628756
628757
628758
628759
628760
628761
628762
628763
628764
628765
628766
628767
628768
628769
628770
628771
628772
628773
628777
628778
628779
628780
628781
628782
628783
628784
628785
628786
628796
628797
628815
628824
628825
628826
628827
628828
628829
628830
628831
628832
628833
628834
628835
628836
628837
628838
628839
628840
628841
628842
628843
628844
628845
628846
628847
628848
628849
628850
628851
628852
628853
628854
628855
628862
628863
628864
628865
628866
628867
628868
628884
628885
628892
628895
628896
628897
628898
628899
628900
628901
628902
628903
628904
628905
628906
628907
628908
628909
628918
628919
628920
628923
628935
628936
628937
628938
628939
628940
628941
628942
628943
628944
628945
628946
628947
628948
628949
628950
628951
628952
628953
628954
628955
628956
628957
628958
628959
628984
628985
628986
628987
628995
628996
628997
628998
628999
629000
629001
629002
629003
629004
629005
629006
629007
629008
629009
629010
629011
629012
629013
629014
629015
629016
629017
629018
629019
629020
629021
629041
629042
629043
629047
629048
629049
629050
629051
629052
629053
629054
629055
629056
629060
629061
629062
629063
629064
629065
629066
629067
629068
629069
629070
629071
629072
629073
629074
629075
629076
629077
629078
629079
629080
629081
629082
629083
629084
629085
629086
629087
629088
629089
629090
629091
629092
629093
629094
629095
629096
629097
629098
629099
629100
629101
629102
629103
629104
629105
629106
629107
629108
629109
629110
629111
629266
629270
629271
629272
629273
629274
629275
629276
629277
629278
629279
629280
629285
629287
629288
629289
629299
629300
629301
629302
629303
629304
629305
629306
629307
629308
629309
629310
629311
629315
629316
629317
629318
629319
629320
629324
629325
629326
629327
629328
629329
629337
629338
629339
629340
629341
629342
629361
629363
629364
629384
629385
629386
629392
629393
629394
629409
629410
629411
629412
629413
629414
629415
629416
629417
629418
629420
629421
629422
629424
629425
629426
629427
629428
629429
629441
629442
629443
629444
629445
629446
629456
629457
629470
629471
629472
629820
629821
629822
629823
629824
629828
629829
629830
629831
629832
629833
629835
629839
629840
629841
629842
629857
629858
629859
629860
629866
629870
629871
629872
631054
631055
631057
631058
631067
631068
631069
631072
631073
631074
631091
631092
631093
631094
631097
631098
631103
631104
631117
631118
631123
631124
631127
631128
631131
631132
631149
631150
631151
631154
631155
631156
631170
631171
631176
631177
631237
631241
631242
631243
631247
631248
631249
631253
631259
631260
631261
631262
631263
631264
631265
631266
631267
631268
631269
631270
631271
631272
631273
631274
631275
631276
631277
631278
631279
631280
631281
631284
631285
631290
631294
631295
631296
631297
631298
631299
631300
631305
631306
631307
631311
631312
631313
631314
631315
631316
631317
631318
631319
631320
631321
631322
631323
631324
631325
631326
631330
631331
631332
631336
631337
631338
631339
631340
631341
631342
631343
631344
631345
631346
631347
631348
631349
631350
631351
631352
631353
631354
631355
631359
631366
631367
631368
631369
631370
631371
631379
631380
631381
631382
631383
631384
631385
631386
631387
631388
631389
631390
631391
631392
631393
631394
631395
631396
631397
631398
631399
631400
631401
631402
631403
631404
631407
631408
631412
631423
631424
631425
631483
631484
631488
631489
631494
631499
631500
631507
631508
631511
631512
631513
631514
631529
631530
631535
631553
631558
631559
631572
631573
631576
631577
631578
631579
631580
631581
631588
631593
631594
631600
631601
632883
632884
632885
632886
632887
632888
632889
632890
632891
632892
632893
632894
632895
632896
632897
632898
632899
632900
632901
632905
632906
632907
632908
632909
632910
632911
632912
632913
632914
632915
632916
632936
632937
632938
632939
632940
632942
632951
632952
632953
632954
632955
632956
632957
632958
632959
632960
632961
632962
632963
632964
632965
632966
632967
632968
632969
632990
632991
632992
632993
632994
632995
632996
632997
632998
632999
633000
633006
633007
633008
633009
633010
633011
633013
633014
633015
633016
633090
633091
633092
633093
633094
633095
633096
633097
633099
633100
633101
633102
633103
633104
633105
633106
633107
633108
633109
633110
633111
633112
633116
633134
633135
633136
633137
633138
633139
633140
633141
633144
633145
633146
633147
633148
633151
633152
633153
633154
633155
633156
633157
633158
633160
633161
633162
633163
633164
633165
633166
633167
633174
633175
633176
633177
633178
633179
633180
633181
633182
633183
633184
633185
633186
633187
633201
633211
633212
633213
633214
633215
633216
633217
633218
633219
633220
633221
633222
633223
633224
633225
633226
633227
633228
633229
633230
633231
633234
633235
633236
633237
633238
633239
633240
633241
633242
633243
633244
636795
636819
636820
636821
636822
636823
636824
636851
636852
636853
636854
636855
636856
636897
636955
636956
636957
636961
636962
636963
636965
636966
636967
636968
636969
636970
636971
636980
636981
636982
636986
636987
636988
636991
636992
636993
637046
637047
637048
637049
637050
637083
637112
637113
637121
637122
637123
637124
637134
637135
637148
637149
637150
637151
637179
637180
637181
637182
637195
637196
637207
637208
637209
637210
637218
637219
637255
637265
637266
637267
637268
637294
637338
637339
637340
637344
637345
637346
637349
637350
637351
637356
637357
637358
637359
637365
637366
637367
637368
637369
637370
637374
637375
637376
637444
637480
637481
637482
637483
637484
637485
637515
637516
637517
637518
637519
637520
637565
637914
637915
637916
637917
637918
637920
637921
637922
637923
637924
637933
637952
637953
637954
637955
637957
637958
637959
637960
637961
637963
637966
638019
638020
638021
638022
638023
638024
638025
638026
638027
638028
638029
638042
638043
638044
638048
638049
638050
638051
638052
638053
638054
638055
638056
638057
638058
638059
638060
638064
638065
638066
638067
638068
638069
638070
638071
638072
638073
638074
638075
638076
638077
638078
638079
638080
638081
638082
638083
638084
638085
638086
638087
638088
638089
638090
638091
638092
638093
638094
638095
638096
638097
638098
638099
638100
638101
638102
638103
638104
638105
638106
638107
638108
638109
638110
638111
638112
638113
638114
638115
638116
638117
638118
638119
638120
638121
638122
638123
638124
638125
638126
638127
638128
638129
638130
638131
638132
638133
638134
638135
638136
638137
638138
638142
638143
638144
638145
638146
638147
638148
638149
638153
638154
638155
638156
638157
638158
638159
638160
638161
638162
638163
638181
638182
638183
638219
638220
638221
638222
638223
638224
638225
638226
638227
638228
638229
638230
638238
638239
638240
638241
638242
638243
638244
638245
638246
638247
638248
638249
638250
638251
638252
638253
638254
638255
638256
638257
638258
638259
638260
638261
638262
638263
638264
638265
638266
638267
638268
638269
638270
638271
638272
638273
638274
638275
638276
638277
638278
638279
638280
638281
638282
638283
638284
638285
638286
638287
638288
638289
638290
638291
638292
638293
638301
638302
638303
638304
638305
638306
638307
638308
638309
638310
638311
638312
638332
638333
638334
638335
638336
638338
638347
638348
638349
638350
638359
638369
638370
638371
638372
638373
638374
638375
638376
638377
638378
638379
638380
638381
638382
638383
638384
638385
638386
638387
638388
638389
638390
638391
638392
638393
638394
638395
638396
638397
638398
638399
638400
638410
638411
638412
638413
638430
638440
638441
638442
638443
638454
638455
638456
638457
638458
638459
638463
638479
638480
638481
638482
638483
638484
638485
638486
638487
638488
638489
638490
638491
638492
638493
638494
638495
638496
638497
638498
638499
638500
638501
638502
638503
638504
638505
638506
638507
638508
638509
638510
638520
638521
638522
638523
638524
638525
638538
638581
638582
638583
638584
638585
638586
638587
638588
638589
638590
638591
638592
638593
638594
638595
638596
638597
638598
638599
638600
638601
638602
638603
638604
638605
638613
638614
638615
638616
638617
638618
638619
638620
638621
638622
638623
638624
638625
638626
638627
638628
638629
638630
638631
638632
638633
638634
638635
638636
638637
638638
638639
638640
638641
638642
638643
638644
638645
638646
638647
638648
638649
638650
638651
638652
638653
638654
638655
638656
638657
638658
638659
638660
638661
638662
638663
638664
638665
638666
638667
638668
638694
638695
638696
638697
638698
638699
638700
638701
638702
638703
638704
638715
638716
638717
638728
638729
638730
638731
638732
638733
638734
638735
638736
638737
638738
638739
638740
638741
638742
638743
638744
638745
638746
638747
638748
638749
638750
638751
638752
638753
638754
638755
638756
638757
638758
638759
638763
638764
638765
638766
638767
638768
638769
638770
638771
638772
638773
638774
638775
638776
638777
638778
638779
638780
638781
638782
638783
638784
638785
638786
638787
638788
638789
638790
638791
638792
638793
638794
638795
638796
638797
638798
638799
638800
638801
638802
638803
638804
638805
638806
638807
638808
638809
638810
638811
638812
638813
638814
638815
638816
638817
638818
638819
638820
638821
638822
638823
638824
638825
638826
638827
638828
638829
638830
638831
638832
638833
638834
638835
638836
638837
638838
638839
638840
638841
638842
638843
638844
638845
638846
638847
638848
638849
638850
638851
638852
638853
638872
638873
638874
638926
638927
638928
638929
638955
638966
638967
638968
638969
638970
638971
638992
639294
639301
639304
639305
639306
639307
639308
639309
639310
639311
639312
639313
639314
639315
639316
639317
639318
639319
639342
639343
639344
639345
639346
639347
639348
639349
639350
639351
639352
639370
639371
639372
639373
639374
639375
639376
639377
639378
639379
639380
639382
639383
639384
639385
639403
639404
639405
639415
639416
639417
639418
639419
639420
639421
639422
639423
639424
639425
639426
639429
639430
639431
639432
639433
639448
639465
639468
639469
639470
639471
639472
639476
639483
639484
639485
639486
639487
639488
639489
639490
639491
639492
639493
639512
639513
639514
639515
639525
639526
639527
639528
639529
639530
639531
639532
639533
639534
639535
639539
639557
639586
639587
639588
639589
639590
639591
639592
639593
639594
639595
639608
639609
639610
639617
639618
639619
639620
639621
639622
639623
639624
639626
639627
639628
639629
639630
639631
639632
639633
639634
639635
639636
639637
639638
639639
639640
639641
639642
639688
639689
639690
639691
639692
639693
639694
639695
639697
639698
639699
639700
639719
639720
639721
639722
639723
639724
639725
639726
639727
639728
639729
639730
639731
639732
639733
639734
639735
639736
639737
639738
639739
639741
639742
639743
639744
639751
639752
639753
639774
639775
639776
639777
639778
639779
639780
639781
639782
639783
639784
639794
639795
639796
639797
639798
639799
639811
639823
639824
639825
639826
639827
639828
639829
639839
639840
639841
639842
639843
639844
639856
639885
639886
639887
639888
639889
639890
639891
639892
639893
639894
639895
639905
639921
639936
639937
639938
639939
639940
639941
639942
639943
639945
639946
639947
639948
639949
639950
639951
639952
639953
639954
639955
639956
639957
639958
639959
639960
639961
639979
639980
639981
639982
639983
639984
639985
639986
639987
639988
639989
639990
639991
639992
639993
639994
639995
639996
639998
639999
640000
640001
640002
640003
640004
640022
640023
640024
640025
640026
640027
640030
640049
641146
641147
641148
641149
641150
641151
641152
641153
641154
641155
641156
641157
641158
641159
641160
641161
641162
641163
641174
641175
641176
641177
641178
641179
641180
641181
641182
641183
641184
641185
641186
641187
641188
641189
641190
641191
641192
641193
641194
641195
641196
641197
641198
641199
641200
641201
641202
641203
641204
641205
641206
641207
641208
641209
641220
641221
641222
641223
641224
641225
641226
641227
641228
641229
641230
641231
641232
641233
641234
641235
641236
641237
641282
641283
641290
641291
641292
641293
641294
641295
641296
641297
641298
641299
641300
641301
641314
641315
641316
641317
641330
641331
641332
641333
641334
641335
641336
641337
641338
641339
641340
641341
641348
641349
641372
641373
641374
641375
641376
641383
641384
641385
641386
641387
641388
641389
641390
641391
641392
641393
641394
641395
641396
641397
641398
641399
641400
641401
641402
641403
641404
641405
641406
641407
641408
641409
641410
641411
641412
641413
641414
641415
641416
641417
641418
641419
641420
641421
641422
641423
641424
641425
641426
641427
641428
641429
641430
641431
641432
641433
641434
641435
641436
641437
641438
641439
641440
641441
641442
641443
641444
641445
641446
641447
641448
641449
641450
641451
641452
641453
641454
641455
641456
641463
641464
641465
641466
641467
642195
642196
642197
642198
642199
642200
642201
642202
642203
642204
642205
642206
642207
642208
642213
642214
642215
642216
642217
642218
642219
642220
642221
642222
642223
642224
642225
642226
642227
642228
642265
642266
642267
642268
642269
642270
642271
642272
642273
642274
642275
642276
642277
642278
642279
642280
642285
642286
642287
642288
642289
642290
642291
642292
642293
642294
642295
642296
642297
642298
642299
642364
642365
642366
642367
642368
642369
642370
642371
642372
642373
642374
642375
642388
642389
642390
642391
642392
642393
642394
642395
642396
642397
642398
642399
642400
642401
642402
642403
642404
642405
642406
642407
642408
642409
642410
642411
642424
642425
642426
642427
642428
642429
642430
642431
642432
642433
642434
642435
644120
644121
644122
644123
644124
644125
644126
644127
644128
644129
644130
644131
644132
644133
644134
644135
644137
644138
644139
644140
644141
644142
644143
644144
644145
644146
644147
644148
644149
644150
644151
644152
644153
644154
644155
644156
644157
644158
644159
644160
644161
644162
644163
644164
644165
644166
644167
644168
644169
644170
644171
644172
644174
644175
644176
644177
644178
644179
644180
644181
644182
644183
644184
644185
644186
644187
644188
644189
644199
644200
644201
644202
644203
644204
644205
644206
644207
644208
644209
644210
644211
644212
644213
644214
644233
644234
644235
644236
644237
644238
644248
644249
644250
644251
644252
644253
644254
644255
644256
644257
644258
644259
644260
644261
644262
644263
644264
644265
644266
644267
644268
644269
644279
644280
644281
644282
644283
644284
644285
644286
644287
644288
644289
644290
644291
644292
644302
644303
644304
644305
644306
644307
644308
644309
644310
644311
644312
644313
644314
644315
644316
644317
644318
644319
644320
644321
644322
644323
644333
644334
644335
644336
644337
644338
644339
644340
644341
644342
644343
644344
644345
644346
644347
644348
644349
644350
644351
644352
644353
644354
644364
644365
644366
644367
644368
644369
644370
644371
644372
644373
644374
644375
644391
644392
644393
644394
644395
644396
644397
644398
644399
644400
644401
644402
644403
644404
644405
644406
644407
644408
644409
644410
644411
644412
644413
644414
644415
644425
644426
644427
644428
644429
644430
644527
644528
644529
644530
644531
644532
644533
644534
644561
644562
644563
644564
644565
644566
644567
644568
644598
644599
644615
644616
644617
644618
644619
644620
644621
644622
644630
644631
644632
644633
644634
644635
644636
644637
644638
644639
644669
644670
644671
644672
644673
644674
644675
644676
644692
644693
644694
644695
644696
644697
644698
644699
644700
644701
644731
644732
644733
644734
644735
644736
644737
644738
644739
644740
644741
644742
644743
644744
644745
644746
644747
644748
644813
644814
644815
644816
644817
644818
644819
644820
644821
644822
644823
644824
644825
644826
644827
644828
644829
644830
644831
644832
644835
644836
644837
644838
644839
644840
644841
644842
644843
644844
644845
644846
644847
644848
644849
644851
644852
644853
644854
644855
644856
644857
644858
644859
644860
644861
644862
644863
644864
644865
644868
644869
644870
644871
644872
644873
644874
644875
644876
644877
644878
644879
644880
644881
644882
644883
644884
644885
644886
644887
644890
644891
644892
644893
644894
644896
644897
644898
644899
644900
646567
646568
646569
646570
646571
646572
646573
646574
646575
646576
646585
646586
646587
646588
646589
646590
646591
646592
646593
646594
646600
646601
646602
646603
646604
646605
646606
646607
646608
646609
646610
646611
646612
646613
646614
646615
646616
646617
646618
646619
646620
646621
646622
646623
646624
646625
646626
646627
646628
646629
646630
646631
646632
646633
646634
646635
646636
646637
646638
646651
646652
646653
646654
646655
646656
646657
646658
646663
646664
646665
646666
646667
646668
646669
646670
646679
646680
646681
646682
646683
646684
646685
646686
646687
646688
646699
646700
646701
646702
646703
646704
646705
646706
646707
646708
646719
646720
646721
646722
646723
646724
646725
646726
646727
646728
646737
646738
646739
646740
646741
646742
646743
646744
646745
646746
646759
646760
646761
646762
646763
646764
646765
646766
646767
646768
646769
646770
646771
646772
646777
646778
646779
646780
646781
646782
646783
646784
646785
646786
646787
646788
646789
646790
646791
646792
646793
646794
646795
646796
646797
646798
646799
646800
646801
646802
646803
646804
646805
646806
646807
646808
646809
646810
646811
646812
646813
646814
646815
646816
646817
646818
646819
646820
646821
646822
646823
646824
646825
646826
646827
646828
646829
646830
646831
646832
646833
646834
646835
646836
646948
646949
646950
646951
646952
646953
646954
646955
646956
646957
646958
646959
646960
646961
646966
646967
646968
646969
646970
646971
646972
646973
646974
646979
646980
646981
646982
646983
646984
646993
646994
646995
646996
646997
646998
646999
647000
647001
647002
647003
647004
647005
647006
647012
647013
647014
647015
647016
647017
647018
647019
647020
647021
647022
647023
647024
647025
647038
647046
647054
647055
647056
647057
647058
647059
647060
647061
647069
647070
647071
647072
647073
647074
647075
647076
647077
647078
647079
647080
647081
647082
647091
647092
647093
647094
647095
647096
647097
647098
647099
647100
647101
647102
647103
647104
647105
647106
647107
647108
647121
647122
647123
647124
647125
647126
647127
647128
647134
647142
647143
647144
647145
647146
647147
647148
647149
647678
647679
647680
647681
647682
647683
647684
647685
647686
647687
647688
647689
647690
647691
647692
647693
647694
647696
647697
647698
647699
647700
647701
647702
647703
647714
647715
647723
647724
647725
647726
647727
647728
647729
647730
647731
647732
647733
647734
647735
647736
647737
647749
647750
647751
647752
647753
647754
647755
647756
647757
647758
647759
647760
647761
647762
647763
647801
647802
647803
647804
647805
647806
647807
647808
647809
647810
647811
647812
647813
647827
647828
647829
647830
647831
647832
647833
647834
647835
647836
647837
647838
647839
647840
647841
647842
647843
647844
647845
647846
647847
647848
647849
647850
647851
647852
647857
647858
647859
647860
647861
647862
647863
647864
647865
647866
647867
647868
647869
647870
647871
647872
647873
647884
647885
647886
647887
647888
647889
647890
647891
647892
647893
647894
647895
647896
647897
647898
647899
647900
647901
647902
647903
647904
647905
647906
647907
647908
647909
647910
647911
647912
647913
650170
650171
650172
650173
650174
650175
650176
650177
650178
650196
650197
650198
650199
650200
650201
650202
650203
650204
650267
650268
650269
650270
650317
650318
650319
650320
650321
650322
650323
650324
650360
650361
650362
650363
650364
650371
650372
650373
650374
650377
650378
650379
650380
650381
650391
650392
650393
650394
650409
650410
650411
650412
650422
650423
650424
650425
650426
650429
650430
650431
650432
650439
650440
650441
650442
650443
650471
650472
650473
650474
650475
650476
650477
650478
650530
650531
650532
650533
650597
650598
650599
650600
650601
650602
650603
650604
650605
650623
650624
650625
650626
650627
650628
650629
650630
650631
650882
650883
650884
650885
650886
650887
650888
650889
650890
650908
650909
650910
650911
650912
650913
650914
650915
650916
650966
650967
650968
650969
650970
650971
650977
650978
650979
650980
650981
650982
650983
650984
650988
650989
650990
650991
650992
650993
650994
650995
650996
650997
650998
650999
651000
651001
651002
651003
651004
651005
651006
651007
651008
651009
651010
651011
651012
651013
651014
651015
651016
651017
651018
651019
651020
651021
651022
651023
651024
651025
651026
651027
651028
651029
651030
651031
651032
651033
651034
651035
651036
651037
651038
651039
651040
651041
651045
651046
651047
651048
651049
651050
651051
651052
651053
651054
651055
651056
651057
651058
651059
651092
651093
651094
651095
651096
651097
651098
651099
651106
651107
651108
651109
651110
651111
651112
651113
651114
651115
651116
651117
651118
651119
651120
651121
651122
651123
651124
651125
651126
651127
651128
651129
651130
651131
651132
651133
651134
651135
651136
651137
651138
651139
651140
651141
651142
651143
651144
651145
651152
651153
651154
651155
651156
651157
651158
651159
651172
651173
651181
651182
651183
651184
651185
651186
651187
651203
651204
651205
651206
651207
651208
651209
651210
651211
651212
651213
651214
651215
651216
651217
651218
651219
651220
651221
651222
651225
651226
651227
651228
651229
651230
651231
651254
651255
651256
651257
651258
651259
651260
651263
651264
651280
651281
651282
651283
651284
651285
651286
651287
651288
651289
651290
651291
651292
651293
651294
651295
651296
651297
651298
651299
651307
651308
651346
651347
651348
651349
651350
651351
651352
651353
651354
651355
651356
651357
651358
651359
651360
651361
651368
651369
651370
651371
651372
651373
651374
651375
651376
651377
651378
651379
651380
651381
651382
651383
651384
651385
651386
651387
651388
651389
651390
651391
651392
651393
651394
651395
651396
651397
651398
651399
651400
651401
651402
651403
651404
651405
651406
651407
651430
651431
651432
651433
651434
651435
651442
651443
651444
651445
651446
651447
651448
651449
651450
651451
651452
651453
651454
651455
651456
651457
651458
651459
651460
651461
651462
651463
651464
651465
651469
651470
651471
651472
651473
651474
651475
651476
651477
651478
651479
651480
651481
651482
651483
651484
651485
651486
651487
651488
651489
651490
651491
651492
651493
651494
651495
651496
651497
651498
651499
651500
651501
651502
651503
651504
651505
651506
651507
651508
651509
651510
651511
651512
651513
651514
651515
651516
651517
651518
651519
651520
651521
651522
651523
651524
651525
651526
651527
651528
651529
651530
651531
651586
651587
651588
651589
651590
651591
651592
651617
651618
651817
651818
651819
651820
651821
651822
651823
651824
651825
651826
651827
651828
651829
651830
651844
651845
651846
651847
651848
651849
651850
651851
651852
651864
651865
651866
651867
651888
651889
651890
651891
651892
651893
651894
651895
651896
651897
651898
651899
651900
651901
651920
651921
651922
651923
651924
651925
651930
651931
651932
651933
651934
651935
651936
651937
651960
651961
651962
651963
651964
651965
651966
651967
651996
651997
651998
651999
652000
652001
652002
652003
652004
652016
652017
652018
652019
652020
652021
652022
652023
652024
652025
652026
652027
652028
652056
652057
652058
652059
652071
652072
652073
652074
652075
652076
652077
652078
652079
652080
652081
652082
652083
652099
652100
652101
652102
652103
652104
652105
652106
652116
652117
652118
652119
652120
652121
652139
652140
652141
652142
652143
652144
652173
652174
652175
652176
652177
652178
652179
652180
652207
652208
652209
652210
652211
652212
652213
652214
652215
652216
652217
652218
652219
652231
652232
652233
652234
652235
652236
652237
652238
652239
652240
652241
652242
652243
652255
652256
652257
652258
652259
652260
654242
654243
654245
654246
654247
654248
654249
654250
654251
654252
654253
654254
654255
654256
654257
654258
654259
654260
654261
654262
654263
654264
654265
654266
654267
654268
654269
654270
654271
654272
654273
654274
654275
654276
654277
654278
654279
654280
654281
654282
654283
654284
654285
654290
654294
654295
654296
654297
654298
654308
654309
654310
654311
654319
654320
654321
654322
654333
654334
654335
654336
654337
654338
654339
654340
654341
654342
654343
654344
654345
654346
654347
654348
654349
654350
654351
654352
654353
654354
654355
654356
654357
654358
654359
654360
654377
654378
654379
654380
654381
654382
654383
654384
654385
654386
654387
654388
654389
654390
654391
654392
654393
654394
654411
654412
654413
654414
654415
654416
654417
654418
654419
654420
654421
654422
654423
654424
654425
654426
654427
654428
654429
654430
654431
654432
654433
654434
654435
654436
654437
654438
654446
654447
654448
654449
654457
654458
654459
654460
654473
654474
654475
654476
654477
654483
654484
654485
654486
654487
654488
654489
654490
654491
654492
654493
654494
654495
654496
654497
654498
654499
654500
654501
654502
654503
654504
654505
654506
654507
654508
654509
654510
654511
654512
654513
654514
654515
654516
654517
654518
654519
654520
654521
654522
654523
654524
654525
654650
654651
654652
654653
654659
654660
654661
654662
654663
654664
654665
654672
654673
654674
654675
654676
654677
654678
654679
654680
654681
654682
654695
654696
654697
654698
654718
654719
654720
654721
654722
654723
654724
654725
654726
654727
654728
654729
654730
654731
654732
654733
654734
654735
654736
654737
654738
654739
654740
654741
654742
654743
654744
654745
654763
654764
654765
654766
654778
654779
654780
654781
654792
654793
654794
654795
654796
654797
654798
654799
654800
654807
654808
654809
654810
654811
654812
654813
654814
654815
654817
654818
654819
654820
654821
654822
654823
654824
654825
654826
654827
654828
654829
654830
654831
654832
654839
654840
654847
654848
654849
654850
654862
654863
654864
654865
654888
654889
654890
654891
654892
654893
654894
654895
654896
654897
654898
654899
654900
654901
654902
654903
654904
654905
654906
654907
654908
654909
654910
654911
654912
654913
654914
654915
654930
654931
654932
654933
654950
654951
654952
654953
654954
654955
654956
654957
654958
654959
654960
654961
654962
654963
654964
654965
654966
654967
654975
654976
654977
654978
655053
655054
655055
655058
655059
655060
655061
655062
655063
655064
655065
655066
655067
655068
655069
655070
655071
655072
655073
655074
655075
655076
655094
655095
655096
655099
655100
655101
655119
655120
655121
655122
655123
655124
655125
655126
655127
655128
655129
655130
655131
655132
655133
655134
655135
655136
655137
655138
655139
655140
655141
655142
655143
655144
655145
655146
655147
655148
655149
655150
655165
655166
655167
655170
655171
655172
655173
655174
655175
655176
655177
655178
655179
655180
655181
655182
655183
655184
655185
655186
655187
655188
655205
655206
655207
655210
655211
655212
656598
656599
656600
656601
656602
656603
656604
656605
656606
656607
656608
656609
656610
656611
656612
656613
656614
656615
656616
656617
656618
656619
656620
656642
656643
656644
656645
656646
656647
656648
656649
656650
656651
656652
656653
656654
656655
656656
656657
656658
656659
656660
656661
656662
656663
656664
656665
656758
656759
656760
656761
656762
656763
656764
656765
656766
656767
656768
656769
656770
656771
656772
656773
656774
656775
656776
656777
656778
656779
656780
656781
656803
656804
656805
656806
656807
656808
656809
656810
656811
656812
656813
656814
656815
656816
656817
656818
656819
656820
656821
656822
656823
656824
656975
656976
656977
656978
656984
656985
656986
656987
656988
656989
656990
656991
656992
656993
656994
656995
656996
656997
656998
656999
657000
657001
657012
657013
657014
657015
657031
657032
657033
657034
657044
657045
657046
657047
657059
657060
657061
657062
657063
657064
657065
657066
657067
657068
657069
657070
657071
657072
657073
657074
657075
657076
657077
657078
657079
657080
657081
657082
657083
657084
657085
657086
657087
657088
657089
657090
657091
657092
657093
657094
657101
657102
657103
657104
657114
657115
657116
657117
657133
657134
657135
657136
657152
657153
657154
657155
657156
657157
657158
657159
657160
657161
657162
657163
657164
657165
657166
657167
657168
657169
657170
657171
657172
657173
660241
660314
660315
660316
660317
660318
660319
660320
660321
660322
660323
660324
660325
660326
660335
660336
660337
660338
660339
660340
660341
660342
660343
660344
660345
660348
660349
660350
660351
660352
660353
660354
660355
660356
660357
660358
660359
660360
660361
660362
660363
660364
660365
660366
660367
660368
660369
660370
660371
660372
660373
660374
660375
660376
660379
660380
660381
660382
660383
660384
660385
660386
660387
660388
660401
660402
660403
660404
660405
660406
660407
660408
660430
660431
660432
660433
660434
660435
660436
660437
660438
660439
660440
660441
660444
660445
660446
660447
660458
660459
660460
660461
660462
660463
660464
660465
660466
660467
660468
660469
660470
660471
660472
660473
660474
660475
660476
660477
660478
660479
660480
660481
660482
660483
660484
660485
660490
660491
660492
660493
660494
660495
660531
660532
660533
660534
660535
660536
660537
660538
660539
660540
660541
660544
660545
660546
660547
660548
660549
660550
660551
660552
660553
660566
660567
660568
660569
660570
660571
660572
660573
660574
660575
660576
660577
660578
660579
660580
660583
660584
660585
660586
660587
660588
660600
660618
660619
660620
660621
660622
660623
660624
660625
660626
660627
660628
660629
660630
660631
660632
660639
660640
660641
660642
660643
660644
660645
660646
660647
660648
660649
660650
660651
660652
660676
660677
660680
660681
660682
660683
660684
660685
660686
660687
660688
660689
660692
660693
660694
660695
660708
660709
660710
660711
660712
660713
660716
660717
660718
660719
660720
660721
660722
660723
660724
660725
660732
660733
660734
660735
660736
660737
660738
660739
660740
660741
660761
660762
660763
660764
660765
660766
660767
660768
660769
660770
660771
660772
660773
660774
660775
660776
660777
660778
660779
660780
660781
660782
660783
660784
660785
660786
660787
660788
660789
660790
660791
660792
660793
660794
660795
660796
660797
660798
660799
660800
660801
660802
660803
660804
660840
660841
660842
660843
660844
660861
660862
660863
660864
660865
660866
660867
660868
660869
660870
660871
660880
660881
660882
660883
660884
660885
660886
660887
660888
660889
660892
660893
660894
660895
660896
660897
660898
660899
660900
660901
660902
660903
660910
660911
660912
660913
660914
660915
660916
660926
660927
660928
660929
660930
660931
660932
660933
660934
660935
661241
661242
661243
661244
661245
661246
661257
661258
661259
661260
661261
661262
661263
661264
661270
661271
661272
661273
661274
661275
661276
661277
661278
661279
661288
661289
661290
661291
661292
661293
661304
661305
661306
661307
661308
661309
661310
661311
661331
661337
661338
661339
661340
661341
661342
661343
661344
661345
661346
661384
661385
661386
661387
661388
661389
661390
661391
661404
661405
661406
661407
661408
661409
661410
661411
661412
661413
661414
661415
661416
661417
661418
661419
661430
661431
661432
661433
661440
661441
661442
661443
661450
661451
661452
661453
661464
661465
661466
661467
661468
661469
661470
661471
661472
661473
661474
661475
661476
661477
661478
661479
661490
661491
661492
661493
661494
661495
661496
661497
661511
661512
661513
661514
661515
661516
661517
661518
661519
661520
661521
661522
661523
661524
661525
661526
661527
661528
661529
661530
661531
661532
661533
661534
661535
661536
661537
661538
661563
661564
661565
661566
661567
661568
661579
661580
661581
661582
661583
661584
661585
661586
661599
661608
661609
661610
661611
661612
661613
661614
661615
661616
661617
661618
661619
661620
661621
661644
661652
661653
661654
661655
661656
661657
661658
661659
661660
661661
661680
661681
661682
661683
661684
661685
661686
661687
661688
661689
661690
661691
661692
661693
661694
661695
661696
661697
661698
661699
661700
661701
661730
661731
661732
661733
661743
661744
661745
661746
661753
661754
661755
661756
661763
661764
661765
661766
661767
661768
661769
661770
661771
661772
661773
661774
661775
661776
661777
661778
661779
661780
661781
661782
661783
661784
661785
661786
661787
661788
661789
661790
661810
661811
661812
661813
661814
661815
661816
661817
661842
661843
661844
661845
661846
661847
661848
661849
661850
661851
661852
661853
661854
661855
661879
661880
661881
661882
661883
661884
661885
661886
661887
661888
661889
661890
661891
661892
661909
661997
662001
662019
662027
662047
662051
662076
662085
662158
662159
662171
662172
662173
662174
662175
662176
662178
662179
662180
662181
662182
662183
662185
662186
662187
662188
662189
662409
662415
662416
662422
662423
662424
662438
662448
662452
662453
662459
662467
662468
662469
662472
662473
662474
662502
662506
662509
662510
662511
662527
662528
662529
662530
662531
662532
662533
662534
662535
662536
662537
662538
662539
662540
662544
662545
662546
662547
662548
662549
662550
662551
662552
662634
662640
662642
662643
662644
662652
662653
662654
662655
662656
662657
662658
662659
662660
662661
662662
662663
662664
662665
662666
662667
662668
662669
662670
662671
662672
662673
662674
662675
662676
662677
662678
662679
662680
662681
662682
662683
662684
662685
662686
662687
662688
662689
662690
662691
662692
662693
662694
662695
662696
662697
662698
662699
662700
662701
662702
662703
662974
662975
662976
662980
662981
662982
662998
663002
663003
663008
663009
663015
663016
663017
663039
663040
663135
663335
663337
663369
663409
663421
663422
663423
663424
663425
663426
663427
663428
663429
663430
663431
663432
663433
663434
663435
663436
663437
663438
663439
663440
663441
663442
663443
663444
663445
663446
663447
663448
663449
663450
663451
663452
663636
663637
663650
663651
663653
663666
663802
663804
663805
663806
663807
663809
663810
663811
663812
663813
663932
663933
663934
663935
663936
663937
663938
663939
663940
663942
663943
663944
663945
663947
663948
663949
663950
663952
663953
663954
663955
663957
663958
663960
663961
663962
663963
663964
663965
663967
663968
663969
663970
663971
663972
663973
663974
663975
663976
663977
663978
663979
663980
663981
663982
663983
663984
663985
663986
663987
663988
663989
663990
663991
663992
663993
663994
663995
663996
663997
663998
663999
664000
664001
664002
664003
664004
664005
664006
664007
664008
664009
664010
664011
664012
664013
664014
664015
664016
664017
664018
664019
664020
664021
664022
664023
664024
664025
664026
664027
664028
664029
664030
664031
664032
664033
664034
664035
664036
664037
664038
664039
664040
664041
664042
664043
664044
664045
664046
664047
664048
664049
664050
664051
664052
664053
664054
664055
664056
664057
664058
664059
664060
664061
664062
664063
664064
664065
664066
664067
664068
664069
664070
664071
664072
664073
664074
664075
664076
664077
664078
664079
664080
664081
664082
664083
664084
664085
664086
664087
664088
664089
664090
664091
664092
664093
664094
664095
664096
664097
664098
664099
664100
664101
664102
664103
664104
664105
664106
664107
664108
664109
664110
664111
664112
664113
664114
664115
664116
664117
664118
664119
664120
664121
664122
664123
664124
664125
664126
664127
664128
664129
664130
664131
664132
664133
664134
664135
664800
664801
664802
664803
664804
664805
664806
664807
664808
664809
664810
664811
664812
664813
664814
664815
664822
664823
664824
664825
664826
664827
664828
664829
664831
664832
664833
664834
664835
664836
664837
664838
664840
664841
664842
664843
664844
664845
664846
664847
664849
664850
664851
664852
664853
664854
664855
664856
664857
664858
664859
664860
664861
664862
664863
664864
664865
664866
664867
664868
664869
664870
664871
664872
665118
665119
665120
665121
665122
665123
665124
665125
665126
665127
665128
665129
665130
665131
665132
665133
665134
665135
665136
665137
665138
665139
665140
665141
665142
665143
665144
665145
665146
665147
665148
665149
665150
665151
665152
665153
665154
665155
665156
665157
665158
665159
665160
665161
665162
665163
665164
665165
665166
665167
665168
665169
665170
665171
665172
665173
665174
665175
665176
665177
665178
665179
665180
665181
665182
665183
665184
665185
665186
665187
665188
665189
665190
665191
665192
665193
665194
665195
665196
665197
665198
665199
665200
665201
665202
665203
665204
665205
665206
665207
665208
665209
665210
665211
665212
665213
665214
665215
665216
665217
665218
665219
665220
665221
665222
665223
665224
665225
665226
665227
665228
665229
665230
665231
665232
665233
665234
665235
665236
665237
665238
665239
665240
665241
665471
665472
665473
665479
665480
665481
665495
665496
665497
665501
665502
665503
665525
665526
665527
665531
665532
665533
665534
665535
665536
665537
665538
665539
665584
665585
665586
665587
665588
665589
665590
665591
665592
665593
665594
665595
665596
665597
665598
665599
665600
665601
665602
665603
665604
665605
665606
665607
665608
665609
665610
665611
665612
665613
665614
665615
665616
665617
665618
665619
665620
665621
665622
665623
665624
665625
665626
665627
665628
665629
665630
665631
665632
665633
665634
665635
665636
665637
665638
665639
665640
665641
665642
665643
665644
665645
665646
665647
665648
665649
665650
665651
665652
665653
665654
665655
665698
665699
665700
665701
665702
665703
665704
665705
665706
665707
665708
665709
665712
665713
665714
665715
665716
665717
665720
665721
665722
665723
665724
665725
665726
665727
665728
665729
665730
665731
665732
665733
665734
665735
665736
665737
665740
665741
665742
665743
665744
665745
665748
665749
665750
665751
665752
665753
665754
665755
665756
665757
665758
665759
665760
665761
665762
665763
665764
665765
665766
665767
665768
665769
665770
665771
665772
665773
665774
665775
665776
665777
665778
665779
665780
665781
665782
665783
665784
665785
665786
665787
665788
665789
665790
665791
665792
665793
665794
665795
665796
665797
665798
665799
665800
665801
665802
665803
665804
665805
665806
665807
665808
665809
665826
665827
665828
665829
665830
665831
665832
665833
665834
665835
665836
665837
665838
665839
665840
665841
665842
665843
665844
665845
665846
665847
665848
665849
665850
665851
665852
665853
665854
665855
665856
665857
665858
665859
665860
665861
665862
665863
665864
665865
665866
665867
665868
665869
665870
665871
665872
665873
665874
665875
665876
665877
665878
665879
665880
665881
665882
665883
665884
665885
665886
665887
665888
665889
665890
665891
665892
665893
665894
665895
665896
665897
665898
665899
665900
665901
665902
665903
666548
666549
666550
666551
666552
666553
666554
666555
666556
666557
666558
666559
666560
666561
666562
666563
666564
666565
666566
666567
666568
666569
666570
666571
666572
666573
666574
666575
666576
666577
666578
666579
666580
666581
666582
666583
666584
666585
666586
666587
666588
666589
666590
666591
666592
666593
666594
666595
666596
666597
666598
666599
666600
666601
666602
666603
666604
666605
666606
666607
666608
666609
666610
666611
666612
666613
666614
666615
666616
666617
666618
666619
666620
666621
666678
666679
666680
666681
666835
666836
666837
666838
666839
666840
666841
666842
666843
666844
666845
666846
666847
666848
666849
666850
666851
666852
666853
666854
666855
666856
666857
666858
666859
666860
666861
666862
666911
666912
666913
666914
666915
666916
666917
666918
666919
666920
666921
666922
667918
667919
667920
667921
667922
667923
667924
667925
667926
667927
667928
667929
667930
667931
667932
667933
667934
667935
667936
667937
667938
667939
667940
667941
667942
667943
667944
667945
667946
667947
667948
667949
667950
667951
667952
667953
667954
667955
667956
667957
667958
667959
667960
667961
667962
667963
667964
667965
667966
667967
667968
667969
667970
667971
667972
667973
667974
667975
667976
667977
667978
667979
667980
667981
667982
667983
667984
667985
667986
667987
667988
667989
667990
667991
667992
667993
667994
667995
667996
667997
667998
667999
668000
668001
668002
668003
668004
668005
668006
668007
668008
668009
668010
668011
668012
668013
668014
668015
668016
668017
668018
668019
668020
668021
668022
668023
668024
668025
668026
668027
668028
668029
668030
668031
668032
668033
668034
668035
668036
668037
668038
668039
668040
668041
668042
668043
668044
668045
668046
668047
668048
668049
668050
668051
668052
668053
668054
668055
668056
668057
668058
668059
668060
668061
668062
668063
668064
668065
668066
668067
668068
668069
668070
668071
668072
668073
668074
668075
668076
668077
669048
669049
669050
669051
669052
669053
669054
669055
669056
669057
669058
669059
669060
669061
669062
669063
669064
669065
669066
669067
669068
669069
669070
669071
669072
669073
669074
669075
669076
669077
669078
669079
669080
669081
669082
669083
669084
669085
669086
669087
669088
669089
669090
669091
669092
669093
669094
669095
669096
669097
669098
669099
669100
669101
669102
669103
669104
669105
669106
669107
669108
669109
669110
669111
669112
669113
669114
669115
669116
669117
669118
669119
669120
669121
669122
669123
669124
669125
669126
669127
669128
669129
669130
669131
669132
669133
669134
669135
669136
669137
669138
669139
669140
669141
669142
669143
669144
669145
669146
669147
669148
669149
669150
669151
669152
669153
669154
669155
669156
669157
669158
669159
669160
669161
669162
669163
669164
669165
669166
669167
669168
669169
669170
669171
669172
669173
669174
669175
669176
669177
669178
669179
669260
669261
669262
669263
669264
669265
669266
669267
669268
669269
669270
669271
669272
669273
669274
669275
669276
669277
669278
669279
669280
669281
669282
669283
669324
669325
669326
669327
669328
669329
669330
669331
669332
669333
669334
669335
669336
669337
669338
669339
669340
669341
669342
669343
669344
669345
669346
669347
669348
669349
669350
669351
669352
669353
669354
669355
669356
669361
669362
669363
669368
669369
669370
669371
669372
669373
669378
669379
669380
669381
669382
669383
669388
669389
669390
669391
669392
669393
669394
669395
669396
669397
669398
669399
669400
669401
669402
669403
669404
669405
669406
669407
669408
669409
669410
669411
670272
670273
670274
670275
670276
670277
670278
670279
670280
670281
670282
670283
670284
670285
670286
670287
670288
670289
670290
670291
670292
670293
670294
670295
670296
670297
670298
670299
670300
670301
670302
670303
670304
670305
670306
670307
670308
670309
670310
670311
670312
670313
670314
670315
670316
670317
670318
670319
670320
670321
670322
670323
670324
670325
670326
670327
670328
670329
670330
670331
670332
670333
670334
670335
670336
670337
670338
670339
670340
670341
670342
670343
670344
670345
670346
670347
670348
670349
670350
670351
670352
670353
670354
670355
670356
670357
670358
670359
670360
670361
670362
670363
670364
670365
670366
670367
670368
670369
670370
670371
670372
670373
670374
670375
670376
670377
670378
670379
670380
670381
670382
670383
670384
670385
670386
670387
670388
670389
670390
670391
671774
671775
671776
671777
671778
671779
671781
671782
671783
671784
671785
671786
671788
671789
671790
671791
671792
671793
671795
671796
671797
671798
671799
671800
671802
671803
671804
671805
671806
671807
671809
671810
671811
671812
671813
671814
671816
671817
671818
671819
671820
671821
671823
671824
671825
671826
671827
671828
671830
671831
671832
671833
671834
671835
671836
671837
671838
671839
671840
671841
671843
671844
671845
671846
671847
671848
671849
671850
671851
671852
671853
671854
672296
672297
672298
672299
672300
672301
672302
672303
672326
672327
672328
672329
672330
672331
672332
672333
672334
672335
672336
672337
672338
672339
672340
672341
672342
672343
672344
672345
672346
672347
672348
672349
672350
672351
672352
672353
672354
672355
672356
672357
672358
672359
672360
672361
672362
672363
672364
672365
672366
672367
672368
672369
672370
672371
672372
672373
672374
672375
672376
672377
672378
672379
672380
672381
672382
672383
672384
672385
672386
672387
672388
672389
672390
672391
672392
672393
672394
672395
672396
672397
673668
673669
673670
673671
673727
673728
673729
673730
673731
673732
673733
673734
673735
673736
673737
673738
673739
673740
673741
673742
673743
673744
673745
673746
673747
673748
673749
673750
673751
673752
673753
673754
673755
673756
673757
673758
673759
673760
673761
673762
673763
673764
673765
673766
673767
673768
673769
673770
673771
673772
673773
673774
673775
673776
673777
673778
673779
673780
673784
673785
673786
673787
673788
673789
674164
674165
674166
674167
674168
674169
674170
674171
674172
674173
674174
674175
674417
674418
674419
674420
674421
674422
674423
674424
674425
674426
674427
674428
674429
674430
674431
674432
674433
674434
674435
674436
674437
674438
674439
674440
674441
674442
674443
674444
674445
674446
674447
674448
674449
674450
674451
674452
676060
676061
676062
676063
676064
676065
676066
676067
676068
676069
676070
676071
676072
676073
676074
676075
676076
676077
676078
676079
676080
676081
676082
676083
676084
676085
676086
676087
676390
676391
676392
676393
676394
676395
676396
676397
676398
676399
676400
676401
676402
676403
676404
676405
676406
676407
676408
676409
676410
676411
676412
676413
676414
676415
676416
676417
676418
676419
676420
676421
676422
676423
676424
676425
676426
676427
676428
676429
676662
676663
676664
676665
676666
676667
676668
676669
676670
676671
676672
676673
676674
676675
676676
676677
676678
676679
676680
676681
676682
676683
676684
676685
676686
676687
676688
676689
676690
676691
676692
676693
676694
676695
676696
676697
676698
676699
676700
676701
676702
676703
676704
676705
676706
676707
676708
676709
676710
676711
676712
676713
676714
676715
676716
676717
676718
676719
676720
676721
676722
676723
676724
676725
676726
676727
676728
676729
676730
676731
676732
676733
676734
676735
676736
676737
676738
676739
676740
676741
676742
676743
676744
676745
676746
676747
676748
676749
676750
676751
676752
676753
676754
676755
676756
676757
676758
676759
676760
676761
676762
676763
676764
676765
676766
676767
676768
676769
676770
676771
676772
676773
677518
677519
677520
677521
677522
677523
677524
677525
677526
677527
677528
677529
677530
677531
677532
677533
677534
677535
677536
677537
677538
677539
677540
677541
677542
677543
677544
677545
677546
677547
677548
677549
677550
677551
677552
677553
677554
677555
677556
677557
677558
677559
677560
677561
677562
677563
677564
677565
680092
680093
680094
680095
680096
680097
680098
680099
680100
680101
680102
680103
680104
680105
680106
680107
680108
680109
680110
680111
680112
680113
680114
680115
680116
680117
680118
680119
680120
680121
680122
680123
680124
680125
680126
680127
680128
680129
680130
680131
680132
680133
680134
680135
680136
680137
680138
680139
681138
681139
681140
681141
681142
681143
681144
681145
681146
681147
681148
681149
681150
681151
681152
681153
681154
681155
681156
681157
681158
681159
681160
681161
681162
681163
681164
681165
681166
681167
681168
681169
681170
681171
681172
681173
681174
681175
681176
681177
681178
681179
681180
681181
681182
681183
681184
681185
682026
682027
682028
682029
682030
682031
682032
682033
682034
682035
682036
682037
682038
682039
682040
682041
682042
682043
682044
682045
682046
682047
682048
682049
682050
682051
682052
682053
682054
682055
682056
682057
682058
682059
682060
682061
682062
682063
682064
682065
682066
682067
682068
682069
682070
682071
682072
682073
688329
688364
688539
688540
688541
688542
688543
688544
688545
688546
688547
688548
688549
688550
688551
688556
688557
688562
688563
688564
688565
688566
688567
688568
688569
688570
688586
688587
688588
688589
688590
688591
688592
688593
688594
688595
688596
688597
688598
688599
688600
688601
688604
688605
688606
688607
688608
688609
688610
688611
688612
688613
688614
688621
688622
688623
688624
688625
688776
688777
688778
688779
688780
688781
688782
688783
688784
688785
688786
688787
688798
688799
688800
688801
688802
688823
688830
688831
688839
688840
688841
688842
688843
688844
688979
688980
688981
688982
688983
688984
688985
688986
688987
688988
688989
688990
688991
688992
688993
688995
688996
688997
688998
688999
689000
689001
689002
689003
689004
689005
689006
689007
689008
689009
689011
689012
689013
689014
689015
689016
689017
689018
689019
689020
689021
689022
689023
689024
689025
692660
692665
692666
692667
692668
692669
692670
692679
692680
692681
692682
692683
692688
692709
692710
692711
692716
692717
692718
692724
692725
692731
692732
692733
692747
692752
692753
692754
692755
692756
692757
692763
692779
692780
692781
692782
692783
692784
692787
692793
692794
692795
692796
692797
692813
692814
692815
692816
692822
692828
692829
692830
692831
692832
692845
692851
692852
692857
692858
692864
692880
692881
692882
692886
692887
692888
692893
692894
692897
692898
692922
692929
692930
692931
692932
692933
692934
692945
692946
692947
692948
692949
692961
693166
693167
693168
693188
693189
693192
693193
693197
693198
693199
693222
693223
693224
693232
693233
693234
693235
693236
693237
693238
693239
693240
693241
693242
693243
693244
693245
693246
693247
693248
693249
693250
693251
693252
693253
693254
693255
693256
693257
693258
693259
693260
693261
693262
693263
693264
693265
693266
693267
693268
693269
693272
693276
693285
693286
693287
693294
693295
693296
693297
693298
693299
693300
693301
693302
693303
693304
693305
693306
693307
693308
693309
693310
693311
693312
693313
693314
693315
693316
693324
693325
693333
693334
693335
693336
693337
693338
693339
693340
693341
693342
693343
693344
693345
693346
693347
693348
693349
693350
693351
693352
693353
693361
693362
693366
693367
693368
693369
693370
693371
693372
693373
693374
693375
693376
693377
693378
693379
693380
693381
693382
693383
693384
693385
693386
693387
693388
693389
693390
693391
693396
693397
693401
693402
693403
693412
693413
693414
693415
693416
693417
693418
693419
693420
693421
693429
693435
693440
693441
693442
693443
693444
693445
693446
693447
693448
693449
693450
693451
693452
693453
693454
693455
693456
693457
693458
693459
693460
693461
693462
693463
693464
693465
693466
693467
693468
693469
693470
693471
693472
693473
693474
693475
693476
693477
693478
693479
693480
693481
693482
693501
693502
693503
693526
693527
693685
693686
693702
693703
693723
693724
693725
693743
693744
693747
693748
693749
693750
693751
693752
693753
693754
693755
693756
693757
693758
693759
693760
693762
693763
693764
693765
693766
693767
693768
693769
693770
693771
693840
693841
693842
693844
693845
693846
693847
693848
693849
693850
693851
693852
693853
693854
693855
693856
693857
693859
693860
693861
693862
693863
693864
693865
693866
693867
693868
693869
693870
693871
693873
693893
693917
693996
693997
693998
693999
694005
694006
694007
694074
694075
694076
696837
696838
696839
696840
696844
696845
696885
696886
696887
696888
696892
696893
696894
696895
696915
696916
696918
696922
696923
696981
696982
696983
696984
696987
696990
696991
697248
697249
697250
697251
697252
697253
697254
697255
697256
697257
697258
697259
697260
697261
697262
697263
697264
697265
697266
697267
697268
697269
697270
697271
697272
697273
697274
697275
697276
697277
697280
697291
697292
697293
697294
697295
697298
697299
697300
697301
697302
697303
697304
697305
697306
697307
697308
697309
697310
697311
697312
697313
697365
697366
697367
697368
697369
697387
697388
697393
697394
697395
697396
697397
697398
697399
697400
697401
697402
697403
697404
697405
697406
697407
697408
697409
697410
697411
697412
697413
697414
697415
697416
697440
697445
697446
697447
697448
697449
697450
697451
697452
697457
697458
697459
697460
697461
697462
697471
697482
697483
697484
697485
697486
697494
697495
697496
697497
697498
697499
697500
697706
697707
697708
697709
697715
697716
697717
697718
697719
697720
697721
697722
697723
697724
697725
697726
697727
697728
697729
697730
697731
697732
697733
697734
697735
697736
697740
697741
697742
697758
697759
697760
697761
697762
697763
697764
697765
697766
697767
697768
697769
697770
697771
697772
697773
697774
697775
697776
697777
697778
697779
697780
697781
697782
697783
697784
697785
697786
697787
697788
697789
697790
697791
697792
697793
697794
697795
697796
697797
697798
697801
697802
697803
697804
697805
697806
697807
697808
697809
697810
697811
697814
697818
697819
697820
697821
697827
697828
697829
697830
697831
697832
697833
697834
697835
697836
697837
697838
697839
697840
697841
697842
697843
697844
697845
697846
697847
697848
697849
697850
697851
697852
697853
697854
697855
697856
697857
697858
697859
697860
697861
697862
697863
697864
697865
697881
697882
697883
697884
697885
697886
697887
697888
697889
697890
697891
697892
697893
697894
697895
697896
697897
697898
697899
697900
697901
697902
697903
697904
697905
697906
697907
697908
697909
697910
697911
697912
697913
697914
697915
697916
697917
697918
697919
697920
697921
697922
697923
697924
697925
697926
697927
697928
697929
697930
697931
697932
697933
697934
697935
697936
697937
697959
697960
697961
697968
697969
697970
697971
697972
697973
697974
697975
697976
697977
697978
697979
697980
697981
697982
697983
697984
697985
697986
697987
697988
697989
697990
697991
697992
697993
697994
697995
697996
697997
697998
697999
698000
698001
698002
698003
698004
698005
698006
698007
698008
698009
698010
698011
698012
698013
698014
698015
698016
698017
698018
698019
698020
698021
698022
698023
698024
698025
698026
698027
698028
698029
698030
698031
698032
698033
698034
698035
698036
698037
698038
698039
698042
698043
698044
698045
698048
698049
698050
698051
698052
698053
698054
698055
698056
698057
698058
698059
698060
698061
698062
698063
698064
698065
698066
698067
698068
698069
698070
698071
698072
698073
698288
698289
698290
698291
698292
698293
698298
698299
698300
698301
698302
698308
698309
698310
698329
698330
698331
698332
698333
698334
698339
698340
698341
698364
698365
698366
698367
698368
698373
698374
698375
698386
698387
698388
698389
698390
698391
698397
698398
698399
704134
704135
704136
704155
704156
704157
704158
704159
704160
704161
704162
704163
704164
704185
704186
704187
704188
704189
704190
704191
704192
704193
704194
704243
704244
704245
704321
704322
704325
704326
704329
704330
704331
704332
704333
704334
704335
704336
704337
704338
704339
704340
704341
704342
704343
704344
704345
704346
704347
704348
704349
704350
704351
704352
704353
704354
704355
704356
704357
704364
704365
704381
704382
704383
704384
704385
704386
704387
704388
704389
704390
704391
704392
704393
704394
704395
704467
704468
704469
704473
704474
704475
704476
704477
704478
704479
704480
704481
704482
704483
704484
704485
704486
704487
704488
704509
704510
704511
704569
704570
704571
704572
704573
704574
704575
704577
704578
704579
704584
704585
704586
704587
704588
704589
704590
704603
704604
704605
704642
704643
704644
704645
704659
704660
704661
704662
704663
704664
704674
704675
704676
704677
704679
704680
704681
704682
704683
704684
704729
704730
704731
704740
704741
704742
704743
704744
704745
704746
704747
704748
704749
704750
704751
704752
704753
704754
704755
704756
704757
704778
704779
704780
704840
704841
704845
704846
704847
704848
704849
704850
704851
704852
704853
704854
704855
704856
704857
704870
704871
704875
704876
704877
704878
704879
704880
704881
704882
704883
704884
704885
704886
704887
704888
704889
704890
704891
704892
704901
704902
704903
704904
704905
704906
704907
704908
704909
704910
704911
704912
704913
704914
704915
704920
704921
705008
705009
705010
705055
705056
705057
705058
705059
705060
705061
705062
705063
705064
705087
705088
705089
705090
705091
705092
705093
705094
705095
705096
705133
705134
705135
705735
705736
705737
705738
705739
705742
705743
705747
705748
705749
705750
705759
705760
705761
705765
705766
705767
705768
705773
705774
705799
705800
705803
705804
705805
705806
705807
705814
705815
705816
705817
705822
705823
705824
705828
705829
705830
705839
705840
705848
705892
705895
705901
705902
705903
705904
705905
705906
705907
705908
705909
705910
705911
705933
705934
705935
705936
705937
705938
705939
705940
705941
705942
705943
705944
705945
705946
705947
705948
705949
705950
705951
705952
705953
705954
705955
705956
705961
705962
705963
705967
705968
705969
705970
705971
705972
705973
705974
705975
705976
705977
705978
705979
705980
705981
705982
705983
705984
705985
705986
705987
705988
705989
705990
705991
705992
705993
705994
705995
705996
705997
705998
705999
706000
706001
706002
706003
706004
706005
706006
706007
706008
706009
706010
706011
706012
706013
706014
706015
706016
706017
706018
706019
706020
706021
706022
706023
706024
706025
706026
706027
706028
706029
706030
706031
706032
706033
706034
706035
706036
706037
706038
706039
706040
706041
706042
706043
706044
706045
706046
706047
706048
706049
706050
706051
706052
706053
706054
706055
706056
706057
706058
706059
706060
706061
706062
706063
706064
706065
706066
706067
706068
706069
706070
706071
706072
706073
706074
706075
706076
706080
706081
706082
706083
706084
706085
706086
706087
706088
706089
706090
706091
706092
706098
706099
706100
706101
706102
706103
706104
706105
706106
706107
706108
706109
706110
706111
706112
706113
706114
706115
706116
706117
706118
706132
706133
706134
706135
706136
706137
706138
706140
706204
706205
706206
706207
706208
706209
706210
706211
706212
706213
706214
706215
706216
706217
706218
706219
706220
706221
706222
706223
706224
706225
706226
706233
706234
706235
706236
706237
706238
706239
706240
706241
706242
706243
706244
706245
706246
706247
706248
706249
706250
706251
706252
706253
706254
706255
706256
706260
706261
706262
706263
706264
706265
706266
706267
706268
706269
706270
706271
706272
706273
706274
706277
706278
706279
706280
706281
706282
706283
706284
706285
706286
706287
706288
706289
706290
706291
706292
706293
706294
706295
706296
706297
706298
706299
706300
706301
706302
706303
706304
706305
706306
706307
706308
706309
706310
706311
706312
706313
706314
706315
706316
706317
706318
706319
706320
706321
706322
706323
706331
706332
706333
706338
706339
706340
706341
706342
706343
706344
706345
706346
706347
706348
706383
706384
706385
706386
706387
706396
706397
706398
706399
706400
706401
706413
706414
706415
706419
706420
706421
706422
706423
706424
706429
706430
706431
706432
706433
706434
706435
706436
706437
706438
706439
706440
706441
706442
706443
706444
706445
706446
706447
706448
706449
706450
706451
706452
706453
706454
706455
706456
706457
706458
706459
706460
706461
706462
706463
706464
706465
706466
706467
706468
706469
706470
706471
706472
706473
706474
706475
706476
706477
706478
706479
706480
706481
706482
706483
706484
706485
706486
706487
706488
706489
706490
706491
706492
706493
706520
706521
706522
706523
706524
706525
706540
706541
706545
706546
706547
706548
706556
706557
706560
706561
706562
706563
706564
706591
706592
706593
706594
706602
706603
706604
706608
706609
706610
706618
706619
706621
706622
706623
706624
706625
706626
706627
706628
706629
706630
706631
706632
706633
706634
706635
706636
706637
706638
706639
706640
706641
706642
706643
706644
706645
706646
706647
706648
706649
706650
706651
706652
706653
706654
706655
706656
706657
706658
706659
706660
706661
706662
706663
706664
706665
706666
706667
706668
706669
706670
706671
706672
706673
706674
706675
706676
706677
706678
706679
706680
706681
706682
706683
706684
706685
706695
706696
706697
706698
706728
706729
706733
706734
706742
706783
706784
706785
706788
706789
706790
706791
706792
706793
706794
706795
706796
706797
706798
706799
706800
706801
706802
706803
706807
706808
706809
706810
706811
706812
706813
706814
706815
706816
706817
706818
706826
706827
706828
706829
706830
706831
706832
706833
706834
706835
706836
706837
706838
706839
706840
706841
706842
706843
706844
706845
706846
706847
706848
706849
706850
706851
706852
706853
706854
706855
706856
706857
706858
706859
706860
706861
706862
706863
706864
706865
706866
706867
706868
706869
706870
706871
706872
706875
706876
706877
706878
706879
706880
706881
706882
706883
706884
706890
706891
706892
706893
706894
706895
706896
706897
706898
706899
706900
706901
706902
706903
706904
706905
706906
706907
706908
706909
706910
706911
706912
706913
706914
706915
706916
706917
706918
706919
706920
706921
706922
706965
706966
706967
706968
706969
706970
706971
706982
707004
707005
707006
707007
707008
707009
707010
707011
707012
707013
707014
707015
707016
707017
707018
707019
707020
707021
707022
707023
707024
707025
707026
707027
707028
707029
707030
707031
707032
707033
707034
707035
707036
707037
707038
707039
707040
707041
707042
707043
707044
707045
707051
707052
707053
707054
707059
707060
707061
707062
707063
707064
707065
707066
707067
707068
707069
707070
707071
707072
707073
707074
707075
707076
707077
707078
707079
707080
707081
707082
707083
707084
707085
707086
707087
707088
707089
707090
707091
707092
707093
707094
707095
707096
707097
707098
707099
707100
707101
707102
707103
707104
707105
707106
707107
707108
707109
707110
707111
707112
707113
707114
707115
707116
707117
707118
707119
707120
707121
707122
707123
707124
707125
707126
707127
707128
707129
707130
707131
707132
707133
707134
707135
707136
707137
707138
707139
707140
707141
707142
707143
707144
707145
707146
707147
707148
707149
707150
707151
707152
707153
707154
707155
707156
707157
707158
707159
707160
707161
707162
707163
707164
707165
707166
707167
707168
707169
707170
707171
707172
707173
707174
707175
707176
707177
707178
707179
707180
707181
707182
707183
707184
707185
707186
707187
707188
707189
707190
707191
707192
707198
707199
707200
707201
707202
707203
707204
707205
707206
707207
707208
707209
707216
707222
707328
707329
707330
707331
707332
707333
707369
707370
707375
707376
707377
707378
707387
707388
707389
707390
707427
707428
707429
707430
707441
707852
707853
707854
707858
707859
707860
707861
707862
707863
707864
707865
707868
707869
707870
707871
707872
707873
707874
707875
707876
707877
707878
707879
707880
707881
707882
707883
707884
707885
707886
707887
707888
707889
707890
707891
707892
707915
707916
707920
707921
707922
707926
707927
707928
707929
707930
707931
707932
707933
707934
707935
707936
707937
707938
707939
707940
707941
707942
707943
707944
707950
707951
707959
707960
707961
707962
707963
707964
707965
707966
707970
707971
707972
707973
707974
707975
707983
707984
707989
707990
707991
707992
707993
708002
708003
708004
708005
708006
708007
708008
708009
708010
708011
708012
708013
708014
708015
708016
708017
708018
708019
708020
708021
708022
708023
708024
708025
708026
708027
708030
708031
708032
708033
708034
708035
708036
708039
708060
708061
708070
708071
708090
708091
708092
708093
708094
708095
708096
708097
708100
708103
708104
708105
708108
708109
708110
708111
708112
708113
708114
708115
708116
708117
708118
708119
708120
708121
708122
708123
708124
708125
708126
708127
708128
708129
708130
708131
708144
708145
708154
708155
708156
708160
708161
708162
708163
708164
708165
708166
708167
708168
708177
708178
708179
708180
708181
708182
708183
708184
708185
708186
708187
708188
708189
708190
708191
708192
708193
708194
708195
708196
708197
708198
708199
708200
708203
708204
708205
708212
708213
708224
708225
708226
708269
708270
708271
708272
708273
708274
708275
708276
708277
708278
708279
708280
708281
708282
708283
708284
708285
708286
708287
708296
708297
708298
708299
708300
708301
708309
708310
708311
708312
708316
708317
708318
708319
708320
708321
708322
708323
708324
708325
708326
708327
708328
708329
708330
708331
708332
708333
708334
708335
708336
708337
708338
708339
708340
708341
708342
708348
708349
708401
708402
708403
708404
708408
708409
708410
708411
708412
708413
708421
708422
708431
708432
708433
708434
708435
708436
708437
708438
708439
708440
708441
708442
708443
708444
708445
708446
708447
708448
708449
708450
708451
708452
708453
708454
708455
708461
708462
708463
708464
708465
708466
708474
708475
708477
708478
708479
708480
708481
708502
708503
708504
708505
708506
708507
708508
708509
708510
708511
708512
708513
708514
708515
708516
708517
708518
708519
708520
708521
708522
708523
708524
708525
708526
708527
708536
708537
708538
708539
708540
708541
708544
708545
708558
708559
708574
708575
708577
708578
708579
708580
708581
708582
708583
708584
708585
708586
708587
708588
708589
708590
708595
708596
708597
708598
708599
708601
708602
708613
708614
708634
708635
708658
708659
708660
708661
708662
708663
708664
708665
708666
708667
708668
708669
708670
708671
708672
708673
708674
708675
708676
708677
708678
708679
708680
708681
708690
708691
708692
708702
708703
708706
708707
708708
708728
708729
708730
708731
708735
708736
708737
708738
708739
708740
708741
708742
708743
708744
708745
708746
708747
708748
708749
708750
708751
708752
708753
708754
708755
708756
708757
708758
708759
708760
708761
708762
708768
708777
708778
708779
708780
708781
708782
708783
708784
708785
708786
708787
708788
708789
708790
708791
708792
708793
708794
708795
708796
708802
708803
708804
708805
708806
708807
708808
708809
708810
708811
708812
708813
708822
708827
708828
708829
708830
708831
708833
708834
708837
708838
708839
708854
708855
708865
708866
709011
709012
709013
709014
709017
709018
709098
709099
709100
709101
709102
709103
710201
710205
710206
710208
710209
710210
710211
710212
710213
710214
710215
710220
710221
710222
710232
710233
710234
710235
710236
710237
710238
710239
710240
710241
710242
710243
710244
710245
710246
710247
710248
710249
710250
710251
710252
710263
710264
710265
710266
710267
710268
710269
710270
710282
710283
710284
710285
710286
710287
710288
710289
710290
710291
710292
710293
710294
710295
710296
710297
710298
710299
710300
710301
710302
710360
710361
710362
710363
710364
710365
710366
710367
710368
710369
710381
710382
710383
710384
710385
710386
710388
710389
710390
710391
710392
710393
710394
710395
710396
710403
710404
710405
710406
710407
710408
710409
710410
710411
710412
710413
710443
710444
710445
710446
710447
710448
710449
710450
710451
710452
710453
710454
710455
710456
710457
710458
710492
710493
710494
710495
710497
710498
710499
710500
710501
710504
710505
710506
710507
710508
710509
710510
710511
710512
710513
710520
710521
710522
710523
710525
710526
710527
710528
710529
710533
710534
710535
710536
710537
710538
710539
710540
710541
710542
710545
710546
710547
710548
710549
710550
710551
710552
714265
714266
714267
714268
714269
714270
714271
714272
714294
714295
714296
714297
714298
714299
714300
714301
714333
714334
714338
714339
714340
714341
714342
714343
714344
714345
714346
714347
714348
714349
714350
714351
714352
714353
714354
714355
714366
714367
714368
714369
714370
714371
714372
714373
714374
714375
714376
714377
714378
714379
714380
714381
714382
714383
714384
714399
714404
714405
714440
714441
714442
714443
714444
714445
714446
714447
714448
714449
714450
714451
714452
714453
714454
714455
714456
714457
714458
714459
714460
714461
714462
714463
714464
714475
714476
714477
714478
714479
714480
714481
714482
714483
714484
714485
714486
714487
714488
714489
714490
714491
714492
714517
714518
714519
714520
714521
714522
714523
714524
714566
714567
714568
714569
714570
714571
714572
714573
714604
714605
714606
714607
714608
714609
714610
714611
714612
714613
714614
714615
714616
714617
714618
714619
714620
714621
714622
714633
714634
714635
714636
714637
714638
714639
714640
714641
714642
714643
714644
714645
714646
714647
714648
714649
714650
714651
714659
714660
714661
714662
714663
714664
714708
714713
714714
714725
714726
714727
714728
714729
714730
714731
714732
714733
714734
714735
714736
714737
714738
714739
714740
714741
714752
714753
714754
714755
714756
714757
714758
714759
714760
714761
714762
714763
714764
714765
714766
714767
714768
714769
714779
714784
714811
714812
714813
714814
714815
714816
714817
714818
714848
714849
714850
714851
714852
714853
715047
715048
715049
715050
715051
715052
715064
715065
715066
715067
715068
715069
715070
715071
715072
715073
715074
715092
715093
715094
715095
715096
715097
715098
715099
715100
715101
715102
715103
715104
715122
715123
715124
715125
715149
715150
715151
715152
715153
715154
715155
715156
715157
715158
715163
715164
715165
715166
715167
715168
715169
715170
715171
715172
715173
715174
715175
715176
715177
715178
715179
715180
715181
715182
715183
715184
715185
715186
715187
715188
715189
715190
715191
715192
715193
715194
715195
715196
715197
715198
715199
715200
715201
715202
715203
715204
715205
715206
715207
715208
715209
715210
715211
715212
715213
715214
715215
715216
715217
715218
715219
715220
715225
715226
715227
715228
715229
715230
715231
715232
715233
715234
715235
715236
715245
715246
715247
715248
715249
715250
715251
715252
715269
715270
715271
715272
715273
715274
715291
715292
715293
715294
715295
715296
715297
715298
715299
715300
715301
715302
715303
715305
715306
715307
715308
715309
715310
715316
715317
715318
715319
715320
715321
715322
715323
715325
715326
715327
715328
715349
715350
715351
715352
715353
715354
715355
715356
715357
715358
715359
715377
715378
715379
715380
715381
715382
715383
715384
715385
715386
715387
715388
715389
715390
715391
715392
715393
715394
715395
715396
715397
715398
715399
715400
715401
715402
715403
715404
715405
715406
715407
715408
715409
715410
715411
715412
715413
715414
715415
715416
715417
715418
715419
715420
715421
715422
715439
715440
715441
715442
715443
715444
715445
715446
715447
715448
715449
715450
715451
715469
715470
715471
715472
715473
715474
715475
715476
715477
715478
715479
715480
715481
715482
715483
715484
715485
715486
715487
715488
715489
715490
715491
715492
715493
715494
715495
715496
715497
715498
715499
715500
715501
715502
715503
715504
715505
715506
715507
715508
715509
715510
715511
715512
715513
715514
715515
715516
715517
715518
715519
715520
715521
715522
715523
715541
715542
715543
715544
715563
715564
715565
715566
715567
715568
715569
715570
715571
715577
715578
715579
715580
715581
715582
715583
715586
715587
715588
715589
715590
715591
715592
715593
715594
715595
715596
715597
715598
715599
715600
715601
715634
715635
715636
715637
715638
715639
715640
715641
715642
715643
715644
715645
715646
715647
715648
715649
715650
715651
715652
715653
715658
715659
715660
715661
715662
715663
715664
715665
715666
715667
715668
715669
715670
715671
715672
715673
715674
715675
715676
715677
715678
715679
715680
715681
715682
715683
715684
715685
715686
715687
715688
715689
715690
715691
715692
715693
715694
715695
715696
715697
715698
715699
715700
715701
715702
715703
715704
715705
715706
715707
715708
715709
715710
715711
715712
715713
715714
715715
715716
715717
715718
715719
715720
715721
715722
715723
715724
715725
715726
715738
715739
715740
715741
715742
715743
715753
715754
715755
715756
715793
715794
715795
715796
715797
715798
715799
715800
715801
715802
715803
716008
716009
716010
716011
716012
716021
716022
716023
716024
716025
716026
716027
716028
716029
716030
716031
716032
716033
716034
716035
716047
716048
716049
716050
716051
716052
716053
716054
716055
716066
716067
716068
716069
716070
716087
716088
716089
716090
716091
716108
716109
716110
716111
716112
716113
716114
716115
716116
716117
716118
716119
716120
716121
716122
716123
716124
716125
716126
716127
716128
716129
716130
716131
716182
716183
716184
716185
716186
716187
716188
716189
716190
716191
716192
716193
716194
716195
716196
716208
716209
716210
716211
716212
716213
716214
716215
716283
716284
716285
716286
716287
716288
716289
716290
716291
716302
716303
716304
716305
716306
716307
716308
716309
716310
716311
716312
716313
716314
716315
716348
716349
716350
716351
716352
716360
716361
716362
716363
716364
716365
716366
716367
716368
716369
716370
716371
716373
716374
716375
716376
716377
716378
716379
716380
716381
716382
716393
716394
716395
716396
716397
716425
716426
716427
716428
716429
716430
716431
716432
716445
716446
716447
716448
716449
716450
716451
716452
716453
716454
716455
716456
716457
716458
716472
716473
716474
716475
716476
716566
716567
716568
716569
716570
716571
716575
716576
716577
716578
716579
716580
716591
716592
716593
716594
716595
716596
720097
720098
720099
720100
720101
720102
720103
720104
720105
720106
720107
720108
720109
720110
720111
720112
720114
720116
720118
720119
720120
720121
720122
720123
720124
720125
720126
720127
720128
720129
720130
720131
720132
720133
720134
720135
720136
720137
720138
720139
720140
720141
720142
720143
720144
720145
720146
720157
720158
720159
720160
720161
720171
720174
720175
720176
720177
720178
720179
720180
720181
720182
720183
720184
720185
720186
720187
720188
720189
720190
720191
720192
720193
720194
720195
720196
720197
720198
720199
720200
720201
720208
720209
720210
720211
720212
720213
720214
720215
720216
720217
720268
720269
720270
720271
720272
720273
720274
720275
720276
720277
720278
720279
720280
720281
720282
720283
720284
720285
720286
720293
720294
720329
720330
720331
720332
720333
720334
720335
720336
720337
720338
720339
720340
720341
720342
720343
720344
720345
720346
720347
720348
720349
720350
720351
720352
720353
720354
720355
720356
720357
720358
720359
720360
720363
720364
720365
720366
720367
720368
720369
720370
720371
720372
720373
720374
720375
720376
720377
720378
720379
720380
720381
720382
720383
720384
720385
720386
720387
720388
720389
720407
720408
720409
720410
720441
720442
720443
720444
720445
720468
720469
720471
720472
720473
720474
720475
720476
720477
720478
720479
720480
720481
720482
720483
720484
720485
720486
720487
720488
720489
720492
720493
720494
720495
720496
720497
720498
720499
720500
720501
720502
720503
720504
720512
720513
720514
720515
720516
720517
720518
720519
720520
720524
720525
720526
720527
720528
720529
720530
720531
720532
720533
720534
720535
720545
720546
720547
720548
720549
720550
720551
720552
720553
720554
720555
720556
720557
720558
720559
720560
720561
720562
720563
720564
720565
720566
720567
720568
720569
720570
720571
720572
720573
720582
720583
720588
720589
720793
720794
720795
720796
720797
720798
720799
720800
720801
720802
720803
720804
720805
720806
720807
720808
720809
720810
720811
720812
720813
720814
720815
720816
720817
720818
720819
720820
720821
720827
720828
720829
720832
720833
720834
720835
720836
720837
720838
720839
720840
720841
720842
720843
720844
720845
720846
720847
720848
720849
720850
720851
720852
720853
720854
720855
720856
720857
720877
720878
720879
720880
720881
720882
720883
720884
720895
720896
720900
720901
720939
720940
720941
720942
720943
720944
720945
720946
720947
720948
720949
720950
720951
720952
720953
720954
720955
720956
720957
720958
720959
720960
720961
720962
720963
720964
720965
720966
720967
720968
720969
720970
720971
720972
720973
720974
720975
720976
720977
720978
720979
720980
720981
720982
720983
720984
720985
720986
720987
720988
720989
720990
720991
720994
720995
720996
721000
721001
721002
721003
721004
721005
721006
721007
721008
721009
721010
721011
721012
721013
721014
721023
721024
721025
721026
721027
721028
721029
721037
721038
721039
721040
721041
721042
721043
721044
721045
721046
721047
721048
721049
721050
721051
721052
721053
721054
721055
721056
721057
721058
721059
721060
721061
721062
721063
721064
721065
721071
721072
721073
721074
721075
721076
721079
721080
721081
721082
721083
721084
721085
721086
721087
721088
721089
721090
721091
721092
721093
721094
721095
721096
721097
721098
721099
721100
721101
721102
721103
721104
721105
721106
721107
721108
721109
721110
721111
721112
721113
721114
721115
721116
721117
721118
721119
721120
721121
721122
721123
721124
721125
721126
721127
721128
721146
721147
721148
721149
721150
721151
721152
721153
721154
721155
721156
721157
721158
721159
721160
721161
721162
721163
721164
721165
721166
721167
721168
721169
721170
721171
721172
721173
721174
721175
721176
721177
721178
721179
721180
721181
721182
721183
721184
721185
721186
721187
721188
721189
721190
721191
721192
721193
721194
721195
721196
721197
721198
721199
721200
721201
721202
721203
721204
721205
721206
721207
721208
721209
721210
721211
721212
721213
721214
721215
721216
721257
721258
721259
721260
721261
721262
721263
721264
721285
721286
721287
721288
721292
721293
721294
721295
721296
721297
721298
721299
721300
721301
721302
721303
721304
721305
721306
721307
721308
721309
721310
721311
721312
721313
721314
721315
721316
721317
721318
721319
721320
721321
721322
721323
721324
721325
721326
721327
721328
721329
721330
721331
721332
721333
721334
721335
721336
721337
721338
721339
721340
721341
721342
721343
721344
721345
721346
721347
721348
721349
721350
721351
721352
721353
721354
721355
721356
721357
721358
721359
721360
721361
721362
721363
721364
721365
721368
721369
721370
721374
721375
721376
721377
721378
721379
721380
721381
721382
721383
721384
721385
721386
721387
721388
721389
721390
721391
721392
721393
721394
721395
721404
721405
721406
721407
721408
721409
721410
721411
721412
721413
721414
721415
721416
721417
721418
721419
721420
721421
721422
721423
721424
721425
721426
721522
721523
721524
721525
721526
721527
721528
721529
721530
721532
721533
721534
721543
721544
721545
721546
721547
721548
721549
721550
721551
721553
721554
721555
721556
721559
721560
721561
721562
721563
721564
721565
721568
721569
721570
721572
721573
721574
721577
721578
721579
721580
721581
721582
721583
721584
721585
721586
721588
721589
721590
721593
721594
721595
721597
721598
721599
721600
721603
721604
721605
721606
721607
721608
721609
721612
721613
721614
721615
721616
721617
721618
721619
721620
721621
721623
721624
721625
730634
730635
730637
730638
730639
730640
730641
730642
730718
730719
730720
730721
730722
730723
730724
730725
730726
730727
730728
730729
730730
730731
730732
730733
730734
730735
730736
730737
730738
730739
730740
730741
730742
730743
730744
730745
730746
730747
730748
730749
730750
730751
730752
730833
730834
730835
730836
730837
730838
730839
730840
730841
730842
730843
730844
730845
730846
730847
730848
730849
730850
730851
730852
730853
730854
730855
730856
730857
730858
730859
730860
730861
730862
730863
730864
730865
730866
730867
730962
730963
730964
730965
730966
730967
730971
731099
731100
731107
731108
731109
731119
731120
731121
731122
731123
731124
731125
731126
731127
731129
731130
731131
731132
731133
731141
731142
731143
731144
731145
731146
731147
731148
731149
731151
731152
731153
731154
731155
731156
731157
731158
731159
731160
731161
731162
731188
731189
731190
731191
731201
731202
731203
731204
731205
731206
731207
731208
731209
731216
731217
731218
731219
731220
731221
731222
731223
731231
731232
731233
731234
731235
731236
731237
731238
731239
731241
731331
731332
731374
731375
731376
731377
731378
731379
731383
731384
731385
731386
731387
731388
731389
731458
731472
731473
731474
731475
731476
731477
731549
731550
731551
731552
731553
731554
731555
731556
731557
731558
731559
731560
731561
731562
731563
731564
731565
731599
731600
731601
731602
731603
731604
731605
731606
731607
731608
731609
731610
731611
731612
731613
731614
731615
731616
731644
731645
731646
731647
731648
731649
731650
731651
731652
731653
731654
731655
731656
731657
731658
731659
731693
731694
731695
731696
731697
731698
731699
731700
731701
731702
731703
731704
731705
731706
731707
731708
731709
731710
731794
731795
731796
731797
731798
731799
731800
731801
731802
731803
731804
731805
731806
731807
731808
731809
731810
731811
731843
731844
731845
731846
731847
731848
731849
731850
731851
731852
731853
731854
731855
731856
731857
731858
731859
731889
731890
731891
731892
731893
731894
731895
731896
731897
731898
731899
731900
731901
731902
731938
731939
731940
731941
731942
731943
731944
731945
731946
731947
731948
731949
731950
731951
731952
731953
731954
732048
732049
732050
732051
732052
732053
732067
732089
732090
732091
732092
732093
732094
732095
732096
732097
732098
732099
732159
732160
732161
732162
732163
732295
732296
732297
732298
732299
732300
732301
732302
732303
732304
732311
732312
732313
732314
732315
732316
732317
732318
732325
732326
732327
732328
732329
732330
732331
732332
732333
732334
732335
732336
732346
732348
732349
732350
732351
732352
732353
732354
732355
732356
732392
732393
732394
732395
732396
732397
732398
732399
732400
732401
732402
732403
732404
732405
732406
732407
732415
732417
732418
732419
732420
732421
732422
732423
732424
732425
732426
732427
732428
732438
732576
732580
732581
732582
732583
732584
732585
732671
732672
732673
732674
732675
732676
732677
732678
732679
732680
732681
732682
732683
732684
732685
732686
732687
732688
732689
732690
732691
732692
732693
732694
732695
732696
732697
732698
732699
732700
732701
732702
732703
732704
732800
732801
732802
732803
732804
732805
732806
732807
732808
732809
732810
732811
732812
732813
732814
732815
732816
732817
732818
732819
732820
732821
732822
732823
732824
732825
732826
732827
732828
732829
732830
732956
732957
732958
732959
732960
733698
733699
733700
733794
733795
733796
733797
733798
733799
733800
733801
733802
733803
733804
733805
733806
733807
733808
733809
733810
733815
733816
733820
733821
733822
733823
733824
733825
733826
733827
733828
733829
733830
733831
733832
733833
733834
733835
733836
733837
733839
733840
733841
733842
733843
733844
733868
733877
733878
733879
733880
733896
733916
733917
733918
733919
733920
733921
733922
733923
733924
733925
733926
733927
733928
733929
733930
733931
733933
733934
733935
733936
733937
733938
733946
733947
733948
733949
733950
733951
733952
733953
733954
733955
733956
733957
733958
733959
733960
733961
733962
733969
733970
733980
733981
733982
733998
734027
734134
734135
734153
734165
734166
734167
734168
734169
734170
734171
734172
734173
734174
734175
734176
734177
734178
734179
734180
734181
734182
734183
734184
734185
734186
734187
734188
734189
734190
734217
734218
734219
734220
734221
734230
734231
734232
734233
734234
734238
734239
734240
734241
734242
734243
734244
734245
734246
734247
734248
734249
734250
734251
734252
734253
734254
734255
734256
734257
734258
734259
734260
734261
734262
734263
734274
734275
734276
734277
734278
734279
734280
734281
734282
734283
734284
734285
734286
734287
734288
734289
734290
734291
734293
734294
734295
734296
734297
734298
734299
734300
734301
734302
734303
734304
734305
734306
734307
734308
734309
734310
734311
734312
734313
734314
734315
734316
734317
734318
734319
734320
734321
734322
734323
734324
734325
734326
734327
734328
734329
734330
734331
734332
734333
734334
734335
734336
734337
734338
734339
734340
734341
734342
734343
734344
734345
734346
734347
734348
734349
734350
734351
734352
734353
734354
734355
734356
734357
734358
734359
734360
734361
734362
734363
734364
734365
734366
734367
734368
734369
734370
734371
734372
734373
734374
734375
734376
734377
734378
734379
734380
734381
734382
734383
734384
734385
734386
734387
734388
734389
734390
734391
734392
734393
734394
734395
734396
734397
734398
734399
734400
734401
734402
734403
734404
734405
734406
734407
734408
734409
734410
734411
734412
734413
734414
734415
734416
734417
734418
734419
734420
734421
734422
734423
734424
734425
734426
734427
734428
734429
734430
734431
734433
734434
734435
734436
734437
734438
734439
734440
734441
734442
734443
734444
734445
734446
734447
734448
734461
734462
734463
734464
734465
734466
734467
734468
734469
734470
734471
734472
734473
734474
734475
734476
734477
734478
734479
734480
734483
734484
734485
734486
734487
734488
734489
734490
734491
734492
734493
734494
734495
734496
734497
734498
734500
734501
734502
734503
734504
734505
734506
734507
734508
734509
734521
734522
734550
734551
734552
734553
734554
734564
734565
734566
734614
734622
734623
734665
734666
734667
734668
734669
734670
734671
734672
734673
734674
734675
734676
734677
734678
734679
734680
734681
734682
734683
734684
734685
734686
734687
734688
734689
734710
734714
734715
734716
734717
734718
734719
734720
734721
734722
734723
734724
734725
734726
734727
734728
734729
734730
734731
734732
734733
734734
734735
734736
734737
734738
734739
734740
734741
734742
734743
734744
734745
734747
734748
734749
734750
734751
734752
734753
734754
734755
734756
734757
734758
734759
734760
734761
734762
734763
734764
734765
734766
734767
734768
734769
734770
734771
734772
734773
734774
734775
734776
734777
734778
734779
734780
734781
734782
734783
734784
734787
734788
734789
734790
734791
734792
734793
734794
734795
734796
734797
734798
734799
734800
734801
734802
734803
734804
734805
734806
734807
734808
734809
734810
734811
734812
734813
734814
734815
734816
734817
734818
734819
734820
734821
734822
734823
734824
734825
734826
734827
734828
734829
734830
734831
734832
734833
734863
734864
734865
734866
734867
734868
734869
734870
734871
734872
734873
734874
734875
734876
734877
734878
734882
734883
734884
734885
734886
734887
734888
734889
734890
734891
734892
734893
734894
734895
734952
734953
734954
734955
734956
734957
734958
734959
734960
734961
734962
734963
734964
734965
734966
734967
734968
734973
734974
735001
735002
735003
735004
735005
735006
735007
735008
735009
735010
735011
735012
735013
735014
735015
735016
735017
735018
735019
735020
735021
735022
735023
735024
735049
735058
735059
735060
735061
735075
735084
735085
735086
735087
735088
735089
735090
735091
735092
735093
735094
735095
735096
735097
735098
735099
735100
735101
735102
735103
735104
735105
735106
735107
735108
735109
735110
735111
735112
735113
735114
735115
735116
735117
735118
735119
735120
735121
735122
735123
735124
735125
735126
735127
735128
735129
735130
735131
735132
735133
735134
735135
735136
735137
735138
735139
735140
735141
735142
735143
735144
735145
735146
735147
735148
735149
735150
735164
735165
735166
735167
735168
735169
735170
735171
735172
735173
735174
735175
735176
735177
735178
735179
735180
735181
735182
735183
735184
735241
735242
735243
735244
735258
735270
735271
735272
735273
735274
735275
735276
735277
735278
735279
735280
735281
735282
735283
735284
735285
735287
735288
735289
735290
735291
735292
735308
735309
735310
735311
735312
735313
735314
735315
735316
735319
735320
735321
735322
735323
735324
735325
735326
735327
735328
735344
735345
735346
735362
735384
735392
735393
735394
735395
735396
735397
735398
735399
735400
735401
735402
735403
735404
735405
735406
735407
735408
735409
735410
735411
735412
735413
735414
735415
735416
735417
735418
735419
735420
735421
735422
735423
735424
735425
735426
735427
735428
735429
735430
735431
735432
735433
735434
735435
735436
735437
735438
735439
735440
735441
735442
735443
735444
735445
735446
735447
735448
735449
735450
735451
735452
735453
735454
735455
735456
735457
735458
735459
735460
735489
735490
735491
735492
735493
735494
735495
735496
735499
735500
735501
735502
735503
735504
735505
735506
735507
735530
735531
735532
735546
735655
735656
735657
735658
735659
735660
735661
735662
735663
735664
735665
735666
735667
735668
735669
735670
735671
735672
735673
735674
735675
735676
735677
735680
735681
735682
735683
735684
735685
735686
735687
735688
735689
735690
735691
735692
735693
735694
735695
735696
735697
735698
735699
735700
735701
735702
735703
735704
735705
735706
735707
735708
735709
735710
735712
735713
735714
735715
735716
735717
735718
735719
735745
735748
735749
735750
735751
735752
735753
735754
735755
735756
735757
735758
735759
735760
735761
735762
735763
735764
735765
735766
735767
735768
735769
735770
735771
735772
735773
735774
735775
735776
735777
735778
735779
735780
735781
735782
735783
735784
735785
735786
735787
735788
735789
735790
735791
735792
735793
735794
735795
735796
735797
735798
735799
735800
735801
735802
735803
735804
735805
735806
735807
735808
735809
735810
735811
735812
735819
735820
735821
735822
735823
735824
735825
735826
735827
735828
735829
735830
735831
735832
735833
735834
735835
735836
735837
735838
735839
735840
735841
735842
735843
735844
735845
735846
735847
735848
735853
735854
735855
735856
735857
735858
735859
735860
735861
735862
735863
735864
735865
735866
735867
735868
735869
735870
735871
735872
735873
735874
735875
735876
735877
735878
735879
735948
735950
735951
735952
735953
735954
735955
735956
735957
735958
735959
735960
735961
735962
735963
735964
735966
735967
735968
735969
735970
735971
735972
735973
735974
735975
735984
735985
735994
736005
736006
736007
736008
736009
736019
736020
736021
736023
736039
736040
736041
736042
736043
736044
736045
736046
736047
736048
736049
736050
736051
736052
736053
736054
736055
736056
736057
736058
736059
736060
736061
736062
736063
736064
736065
736066
736067
736068
736069
736070
736071
736072
736073
736074
736075
736076
736077
736078
736079
736080
736081
736082
736083
736084
736085
736086
736087
736088
736089
736090
736091
736092
736093
736094
736095
736096
736097
736098
736099
736100
736101
736102
736103
736117
736118
736119
736120
736121
736122
736123
736124
736125
736126
736127
736128
736129
736130
736131
736132
736133
736134
736135
736136
736137
736138
736139
736140
736141
736142
736146
736147
736148
736149
736150
736151
736152
736153
736154
736155
736156
736157
736158
736159
736160
736161
736162
736163
736164
736165
736166
736167
736168
736169
736170
736171
736172
736173
736174
736175
736176
736177
736178
736179
736180
736181
736182
736183
736184
736185
736186
736187
736188
736189
736190
736191
736192
736193
736194
736195
736196
736197
736198
736199
736200
736201
736202
736203
736204
736205
736206
736207
736208
736209
736210
736211
736212
736213
736214
736215
736216
736217
736218
736219
736220
736221
736222
736223
736224
736225
736226
736227
736228
736229
736230
736231
736232
736233
736234
736235
736236
736237
736238
736239
736240
736241
736242
736243
736244
736245
736246
736247
736248
736249
736250
736251
736252
736253
736254
736255
736256
736257
736258
736259
736260
736261
736262
736263
736264
736266
736267
736268
736269
736270
736271
736272
736273
736275
736276
736277
736278
736279
736280
736281
736282
736283
736284
736285
736286
736287
736288
736289
736290
736291
736292
736293
736294
736295
736296
736297
736298
736299
736300
736301
736302
736303
736304
736305
736306
736307
736308
736309
736310
736311
736312
736313
736314
736315
736316
736317
736318
736319
736320
736325
736326
736327
736328
736329
736330
736331
736332
736333
736375
736387
736388
736389
736390
736391
736400
736401
736563
736564
736565
736566
736567
736568
736569
736570
736571
736572
736573
736574
736575
736576
736577
736578
736579
736580
736581
736582
736583
736650
736651
736652
736653
736667
736681
736682
736683
736684
736685
736686
736687
736688
736689
736692
736693
736694
736695
736696
736697
736698
736699
736700
736746
736747
736748
736760
737433
737434
737435
737436
737446
737450
737453
737454
737455
737457
737458
737459
737460
737461
737462
737463
737464
737465
737466
737467
737473
737474
737475
737476
737477
737478
737479
737480
737481
737482
737483
737484
737485
737486
737487
737488
737489
737490
737491
737492
737493
737494
737495
737496
737497
737498
737540
737541
737549
737550
737551
737553
737554
737557
737558
737559
737560
737561
737562
737563
737564
737565
737566
737567
737568
737569
737570
737571
737572
737573
737574
737626
737627
737628
737629
737630
737631
737632
737633
737634
737635
737636
737637
737638
737639
737640
737641
737642
737643
737644
737645
737646
737647
737648
737649
737650
737651
737656
737657
737658
737660
737661
737683
737719
737720
737721
737722
737745
737746
737747
737748
737749
737750
737751
737752
737753
737754
737755
737756
737757
737758
737759
737760
737761
737762
737763
737764
737765
737768
737769
737772
737773
737774
737775
737776
737777
737778
737779
737780
737781
737782
737783
737790
737791
737792
737793
737794
737795
737796
737823
737824
737825
737827
737828
737829
737845
737873
737874
737875
737877
737878
737879
737880
737881
737882
737883
737884
737885
737886
737887
737893
737894
737895
737896
737897
737898
737899
737914
737915
737916
737917
737927
737931
737932
737933
737934
737935
737936
737937
737938
737939
737940
737941
737942
737943
737944
737945
737946
737947
737948
737949
737950
737969
737970
738003
738004
738005
738009
738010
738013
738014
738015
738016
738017
738018
738019
738020
738021
738022
738023
738024
738025
738049
738050
738051
738052
738053
738054
738055
738056
738057
738058
738059
738060
738061
738062
738063
738064
738065
738066
738067
738068
738069
738084
738085
738086
738087
738088
738089
738103
738117
738127
738128
738129
738133
738134
738195
738196
738197
738198
738199
738200
738201
738202
738203
738204
738205
738206
738207
738208
738209
738210
738211
738212
738244
738245
738246
738247
738268
738269
738270
738271
738272
738273
738274
738275
738276
738277
738278
738279
738280
738281
738282
738283
738284
738285
738286
738287
738288
738289
738290
738291
738292
738297
738298
738299
738300
738301
738303
738304
738305
738306
738307
738308
738309
738310
738311
738312
738313
738314
738315
738316
738317
738318
738319
738320
738321
738322
738323
738324
738325
738428
738429
738430
738431
738432
738433
738434
738435
738436
738437
738438
738439
738440
738441
738442
738443
738444
738445
738446
738447
738448
738449
738454
738455
738456
738458
738459
738481
738514
738515
738516
738517
738518
738519
738520
738521
738522
738523
738524
738525
738526
738527
738528
738529
738530
738531
738532
738533
738534
738535
738536
738537
738538
738539
738540
738541
738542
738543
738544
738545
738546
738547
738548
738549
738550
738551
738552
738553
738554
738555
738556
738557
738558
738559
738560
738561
738567
738568
738569
738572
738573
738574
738596
738597
738598
738599
738600
738646
738647
738648
738649
738650
738651
738652
738653
738654
738655
738656
738657
738658
738659
738660
738661
738662
738663
738664
738665
738666
738691
738692
738695
738696
738697
738698
738699
738700
738701
738702
738703
738704
738705
738706
738707
738708
738709
738710
738711
738712
738713
738744
738745
738746
738748
738749
738750
738765
738775
738776
738777
738778
738779
738780
738781
738782
738783
738784
738785
738786
738787
738788
738789
738790
738791
738792
738793
738794
738795
738805
738806
738807
738808
738832
738833
738836
738837
738838
738839
738840
738841
738842
738843
738844
738845
738846
738847
738848
738849
738850
738851
738852
738879
738880
738881
738884
738885
738886
738953
738954
738955
738956
738957
738958
738959
738960
738961
738962
738963
738964
738965
738966
738967
738968
738969
738970
738971
738972
738973
739004
739005
739006
739007
739008
739009
739027
739045
739055
739056
739057
739062
739063
739093
739094
739095
739096
739097
739098
739099
739100
739101
739102
739103
739104
739105
739106
739107
739108
739109
739110
739111
739112
739113
739114
739115
739116
739117
739122
739123
739124
739125
739126
739128
739129
739130
739131
739132
739133
739134
739135
739136
739137
739138
739139
739140
739141
739142
739143
739144
739145
739146
739147
739148
739149
739150
739204
739205
739206
739207
739208
739209
739210
739211
739212
739213
739214
739215
739216
739217
739218
739219
739220
739221
739222
739223
739224
739225
739226
739227
739228
739229
739230
739231
739232
739233
739234
739235
739236
739237
739238
739239
739240
739241
739242
739243
739244
739245
739246
739247
739253
739254
739255
739256
739257
739258
739261
739262
739263
739264
739265
739322
739323
739326
739327
739328
739329
739330
739331
739332
739333
739334
739335
739336
739337
739338
739339
739340
739341
739342
739359
739360
739361
739362
739403
739404
739405
739408
739409
739410
739571
739572
739573
739574
739575
739576
739577
739578
739579
739580
739581
739582
739583
739584
739585
739586
739587
739588
739589
739590
739591
739592
739593
739594
739595
739596
739597
739598
739599
739600
739601
739602
739603
739604
739605
739606
739607
739608
739609
739610
739611
739612
739613
739614
739615
739616
739617
739618
739619
739620
739621
739622
739623
739624
739625
739626
739627
739628
739629
739630
739631
739632
739633
739634
739635
739636
739637
739638
739639
739640
739641
739642
739643
739644
739645
739646
739647
739648
739649
739650
739651
739652
739653
739654
739655
739656
739657
739658
739659
739660
739661
739662
739663
739664
739665
739666
739667
739668
739669
739670
739671
739672
739673
739674
739675
739676
739677
739678
739679
739680
739681
739682
739683
739684
739685
739686
739687
739690
739691
739692
739693
739694
739695
739696
739699
739700
739701
739702
739703
739704
739705
739706
739707
739708
739709
739710
739711
739712
739713
739714
739715
739716
739717
739718
739719
739720
739721
739722
739723
739724
739725
739726
739727
739728
739729
739730
739731
739732
739733
739734
739735
739736
739737
739738
739739
739740
739741
739742
739743
739744
739745
739747
739748
739749
739750
739751
739752
739753
739754
739755
739756
739757
739758
739759
739761
739762
739763
739764
739765
739766
739767
739768
739769
739770
739771
739772
739774
739775
739776
739777
739778
739779
739780
739781
739782
739783
739784
739785
739786
739787
739788
739789
739790
739791
739792
739793
739794
740811
740812
740816
740817
740827
740828
740833
740834
740842
740843
740847
740848
740858
740859
740864
740865
740869
740870
740871
740872
740873
740874
741036
741037
741038
741039
741040
741041
741042
741043
741068
741069
741070
741071
741072
741073
741074
741075
741295
741296
741297
741298
741299
741300
741301
741302
741596
741597
741598
741599
741600
741630
741631
741632
741633
741634
741635
741636
741637
741638
741639
741640
741641
741642
741643
741644
741645
741646
741647
741648
741649
741650
741651
741652
741653
741654
741655
741656
741657
741658
741659
741660
741661
741662
741663
741664
741665
741666
741667
741668
741669
741670
741671
741672
741673
741674
741675
741676
741677
741678
741679
741680
741681
741682
741683
741684
741685
741686
741687
741688
741689
741690
741691
741692
741693
741694
741695
741696
741697
741698
741699
741700
741701
741702
741703
741704
741705
741706
741707
741708
741709
741710
741711
741712
741713
741714
741715
741716
741717
741718
741719
741720
741721
741722
741723
741724
741725
741726
741727
741728
741729
741730
741731
741732
741733
741734
741735
741736
741737
741738
741739
741740
741741
741742
741743
741744
741745
741746
741747
741748
741749
741750
741751
741752
741753
741754
741755
741756
741757
741758
741759
741760
741761
741762
741763
741764
741765
741766
741767
741768
741769
741770
741771
741772
741773
741774
741775
741776
741777
741778
741779
741780
741781
741782
741783
741784
741785
741786
741787
741788
741789
741790
741791
741792
741793
741794
741795
741796
741797
741798
741799
741800
741801
741802
741803
741804
741805
741806
741807
741808
741809
741810
741811
741857
741858
741859
741860
741861
741862
741863
741864
741865
741866
741867
741868
741869
741871
741872
741873
741874
741875
741876
741877
741878
741879
741880
741881
741885
741886
741887
741888
741889
741890
741891
741892
741893
741894
741895
741896
741897
741898
741899
741900
741901
741902
741903
741952
741953
741954
741955
741956
741957
741958
741959
741960
741961
741962
741963
741964
741966
741967
741968
741969
741970
741971
741972
741973
741974
741975
741976
741980
741981
741982
741983
741984
741985
741986
741987
741988
741989
741990
741991
741992
741993
741994
742025
742026
742027
742028
742029
742030
742031
742032
742033
742034
742035
742036
742039
742040
742041
742042
742043
742044
742045
742046
742047
742048
742049
742050
742051
742052
742053
742054
742055
742056
742095
742096
742097
742098
742099
742100
742101
742102
742103
742104
742107
742108
742109
742110
742111
742112
742113
742114
742115
742116
742117
742118
742119
742120
742121
742122
742578
742579
742580
742581
742582
742586
742587
742588
742589
742590
742630
742631
742632
742633
742634
742638
742639
742640
742641
742642
742650
742651
742652
742653
742654
742700
742701
742702
742703
742704
743373
743374
743375
743376
743377
743378
743379
743380
743381
743382
743383
743388
743389
743390
743391
743392
743393
743394
743395
743396
743397
743398
743399
743400
743401
743402
743403
743404
743405
743406
743407
743408
743409
743410
743411
743412
743413
743414
743415
743417
743418
743419
743424
743425
743426
743427
743428
743429
743430
743431
743432
743433
743434
743435
743436
743437
743438
743439
743440
743441
743442
743443
743444
743445
743446
743447
743448
743449
743450
743451
743452
743453
743454
743455
743456
743457
743458
743636
743637
743638
743639
743640
743641
743642
743643
743644
743645
743646
743647
743648
743649
743650
743651
743652
743653
743654
743655
743656
743657
743658
743659
743660
743661
743662
743663
743664
743665
743666
743667
743668
743669
743670
743671
743672
743673
743674
743675
743676
743677
743678
743679
743680
743681
743682
743683
743684
743685
743686
743687
743688
743689
743690
743691
743692
743693
743694
743695
743696
743697
743698
743699
743700
743701
743702
743703
743704
743705
743706
743707
743708
743709
743710
743711
743712
743713
743714
743715
743716
743717
743718
743719
743720
743721
743722
743723
743724
743725
743726
743727
743729
743730
743731
743732
743733
743734
743739
743740
743741
743742
743743
743744
743745
743746
743747
743748
743749
743750
743751
743752
743753
743754
743755
743756
743757
743759
743760
743765
743766
743767
743768
743769
743770
743771
743772
743773
743774
743775
743776
743777
743778
743779
743780
743782
743783
743784
743785
743786
743787
743792
743793
743794
743795
743796
743797
743798
743799
743800
743801
743802
743803
743804
743805
743806
743807
743809
743810
743811
743812
743813
743814
743819
743820
743821
743822
743823
743824
743825
743826
743828
743829
743834
743835
743836
743837
743838
743839
743840
743841
743842
743843
743844
743845
743846
743847
743848
743849
743850
743851
743852
743853
743854
743855
743856
743857
743858
743859
743860
743861
743862
743863
743864
743865
743866
743867
743869
743874
743875
743876
743877
743878
743879
743880
743881
743882
743883
743884
743885
743886
743887
743888
743889
743890
743891
743892
743893
743894
743895
743896
743897
743898
743899
743900
743901
743902
743903
743904
743905
743906
743907
743908
743909
743910
743911
743912
743913
743914
743915
743916
743917
743918
743919
743920
743921
743922
743923
743924
743925
743926
743927
743928
743929
743930
743931
743932
743933
743934
743935
743936
743937
743938
743939
743940
743941
743942
743943
743944
743945
743946
743947
743948
743949
743950
743951
743952
743953
743954
743955
743956
743957
743958
743959
743960
743961
743962
745014
745015
745016
745017
745018
745019
745020
745021
745022
745023
745024
745025
745026
745027
745028
745029
745030
745031
745032
745033
745034
745035
745036
745037
745038
745039
745040
745041
745042
745043
745044
745045
745046
745047
745048
745049
745050
745051
745052
745053
745054
745055
745056
745057
745058
745059
745060
745061
745062
745063
745064
745065
745066
745067
745068
745069
745070
745071
745072
745073
745074
745075
745076
745077
745078
745079
745080
745081
745082
745083
745084
745085
745086
745087
745088
745089
745090
745091
745092
745093
745094
745095
745096
745097
745098
745099
745100
745101
745102
745103
745104
745105
745106
745107
745108
745109
745110
745111
745112
745113
745114
745115
745116
745117
745118
745119
745120
745121
745122
745123
745124
745125
745126
745127
745128
745129
745130
745131
745132
745133
745134
745135
745136
745137
745138
745139
745140
745141
745142
745143
745144
745145
745146
745147
745148
745149
745150
745151
745152
745153
745154
745155
745156
745157
745158
745159
745160
745161
745162
745163
745164
745165
745166
745167
745168
745169
745170
745171
745172
745173
745174
745175
745176
745177
745178
745179
745180
745181
745182
745183
745184
745185
745186
745187
745188
745189
745190
745191
745192
745193
745194
745195
745196
745197
745198
745199
745200
745201
745202
745203
745204
745205
745206
745207
745208
745209
745210
745211
745212
745213
745214
745215
745216
745217
745218
745219
745220
745221
745222
745223
745391
745392
745393
745394
745395
745396
745397
745398
745399
745400
745401
745402
745403
745404
745405
745406
745407
745408
745409
745410
745411
745412
745413
745414
745415
745416
745417
745418
745419
745420
745421
745422
745423
745424
745425
745426
745427
745428
745429
745430
745431
745432
745433
745434
745435
745436
745437
745438
745439
745440
745441
745442
745443
745444
745445
745446
745447
745448
745449
745450
745451
745452
745453
745454
745455
745456
745457
745458
745459
745460
745461
745462
745463
745464
745465
745466
745467
745468
745469
745470
745471
745472
745473
745474
745475
745476
745477
745478
745479
745480
745481
745482
745483
745484
745485
745486
745487
745488
745489
745490
745491
745492
745493
745494
745495
745496
745497
745498
745499
745500
745501
745502
745503
745504
745505
745506
745507
745508
745509
745510
745511
745512
745513
745514
745515
745516
745517
745518
745519
745520
745521
745522
745523
745524
745525
745526
745527
745528
745529
745530
745531
745532
745533
745534
745535
745536
745537
745538
745539
745540
745541
745542
745543
745544
745545
745546
745547
745548
745549
745550
745551
745552
745553
745554
745555
745556
745557
745558
745559
745560
745561
745562
745563
745564
745565
745566
745567
745568
745569
745570
745571
745572
751357
751358
751359
751360
751361
751362
751363
751364
751365
751366
751367
751368
751369
751370
751371
751372
751373
751374
751375
751376
751377
751378
751379
751380
751381
751382
751383
751384
751385
751386
751387
751388
751389
751390
751391
751392
751393
751394
751395
751396
751397
751398
751399
751400
751401
751402
751403
751404
751405
751406
751407
751408
751409
751410
751411
751412
751413
751414
751415
751416
751417
751418
751419
751420
751421
751422
751423
751424
751425
751426
751427
751428
751429
751430
751431
751432
751433
751434
751435
751436
751437
751438
751439
751440
751441
751442
751443
751444
751445
751446
751447
751448
751449
751450
751451
751452
751453
751454
751455
751456
751457
751458
751459
751460
751461
751462
751463
751464
751465
751466
751467
751468
751469
751470
751471
751472
751473
751474
751475
751476
751477
751478
751479
751480
751481
751482
751483
751484
751485
751486
751487
751488
751489
751490
751491
751492
751493
751494
751495
751496
751497
751498
751499
751500
751501
751502
751503
751504
751505
751506
751507
751508
751509
751510
751511
751512
751513
751514
751515
751516
751517
751518
751519
751520
751521
751522
751523
751524
751525
751526
751821
751822
751823
751824
751825
751826
751827
751828
751829
751830
751831
751832
751833
751834
751835
751836
751837
751838
751839
751840
751841
751842
751843
751844
751845
751846
751847
751848
751849
751850
751851
751852
751853
751854
751855
751856
751857
751858
751859
751860
751861
751862
751863
751864
751865
751866
751867
751868
751869
751870
751871
751872
751873
751874
751875
751876
751877
751878
751879
751880
751881
751882
751883
751884
751885
751886
751887
751888
751889
751890
751891
751892
751893
751894
751895
751896
751897
751898
751899
751900
751901
751902
751903
751904
751905
751906
751907
751908
751909
751910
751911
751912
751913
751914
751915
751916
751917
751918
751919
751920
751921
751922
751923
751924
751925
751926
751927
751928
751929
751930
751931
751932
751933
751934
751935
751936
751937
751938
751939
751940
751941
751942
751943
751944
751945
751946
751947
751948
751949
751950
751951
751952
751953
751954
751955
751956
751957
751958
751959
751960
751961
751962
751963
751964
751965
751966
751967
751968
751969
751970
751971
751972
751973
751974
751975
751976
751977
751978
751979
751980
751981
751982
751983
751984
751985
751986
751987
751988
751989
751990
751991
751992
751993
751994
751995
751996
751997
751998
751999
752000
752001
752002
752003
752004
752005
752006
752007
752008
752009
752010
752011
752012
752013
752014
752015
752016
752017
752018
752019
752020
752021
752022
752023
752024
752025
752026
752027
752028
752029
752030
752031
752032
752033
752034
752035
752036
752037
752038
752039
752040
752041
752042
752043
752044
752045
752046
752047
752048
752049
752050
752051
752052
752053
752054
752055
752056
752057
752058
752059
752060
752061
752062
752063
752064
752065
752066
752067
752068
752069
752070
752071
752072
752073
752074
752075
752076
752077
752078
752079
752080
752081
752082
752083
752084
752085
752086
752087
752088
752089
752090
752091
752092
752093
752094
752095
752096
752097
752098
752099
752100
752101
752102
752103
752104
752105
752106
752107
752108
752109
752110
752111
752112
752113
752114
752115
752116
752117
752118
752119
752120
752121
752122
752123
752136
752137
752138
752139
752140
752141
752142
752143
752144
752145
752146
752147
752148
752149
752150
752151
752152
752153
752154
752155
752156
752157
752158
752159
752160
752161
752162
752163
752164
752165
752166
752167
752168
752169
752170
752171
752172
753893
753894
753895
753896
753897
753898
753899
753900
753901
753902
753903
753904
753905
753906
753907
753908
753909
753910
753911
753912
753913
753914
753915
753916
753917
753918
753919
753920
753921
753922
753923
753924
753925
753926
753927
753928
753929
753930
753931
753932
753933
753934
753935
753936
753937
753938
753939
753940
753941
753942
753943
753944
753945
753946
753947
753948
753949
753950
753951
753952
755022
755023
755024
755025
755026
755027
755028
755029
755030
755031
755032
755033
755034
755035
755036
755037
755038
755039
755040
755041
755042
755043
755044
755045
755046
755047
755048
755049
755050
755051
755052
755053
755054
755055
755056
755057
755058
755059
755060
755061
755062
755063
755064
755065
755066
755067
755068
755069
755070
755071
755072
755073
755074
755075
755076
755077
755078
755079
755080
755081
755082
755083
755084
755085
755086
755087
755088
755089
755090
755091
755092
755093
755094
755095
755096
755097
755098
755099
755100
755101
755102
755103
755104
755105
755106
755107
755108
755109
755110
755111
755112
755113
755114
755115
755116
755117
755118
755119
755120
755121
755122
755123
755124
755125
755126
755127
755128
755129
755130
755131
755132
755133
755134
755135
755136
755137
755138
755139
755140
755141
755142
755143
755144
755145
755146
755147
755148
755149
755150
755151
755152
755153
755154
755155
755156
755157
755158
755159
755160
755161
766985
767969
767970
767971
767974
767976
768105
768125
768128
768165
768342
768343
768344
768345
768346
768461
768489
768492
768525
768666
768667
768668
768669
768670
)


// ************************************************************************* //
