v -29.013319 -24.001905 11.94451
v -27.448977 -25.776304 11.94451
v -14.329714 -13.456497 52.052151
v -22.132782 -30.46316 11.94451
v -20.17631 -31.792776 11.94451
v -15.366495 -21.675653 36.629635
v -24.001905 -29.013319 11.94451
v -15.890063 -20.552027 37.936993
v -25.776304 -27.448977 11.94451
v -13.456497 -14.329714 52.052151
v -34.070843 -16.032522 11.94451
v -17.786654 -8.3697643 52.052151
v -35.010303 -13.86156 11.94451
v -35.811592 -11.635892 11.94451
v -18.277098 -7.2364154 52.052151
v -36.47155 -9.3643026 11.94451
v -19.039942 -4.8886261 52.052151
v -36.987572 -7.0557566 11.94451
v -19.30933 -3.6834517 52.052151
v -37.35762 -4.7193646 11.94451
v -18.695412 -6.0745072 52.052151
v -19.502514 -2.4637403 52.052151
v -37.580235 -2.3643479 11.94451
v -19.618729 -1.2343057 52.052151
v -37.654537 0 11.94451
v -31.792776 -20.17631 11.94451
v -30.46316 -22.132782 11.94451
v -15.903267 -11.554399 52.052151
v -16.597391 -10.533025 52.052151
v -32.996922 -18.140211 11.94451
v -15.146379 -12.530174 52.052151
v -17.226015 -9.4700813 52.052151
v -16.032522 -34.070843 11.94451
v -13.86156 -35.010303 11.94451
v -11.349361 -24.118622 36.456638
v -18.140211 -32.996922 11.94451
v -14.416493 -22.716759 35.900318
v -13.004018 -23.654221 35.704319
v -11.635892 -35.811592 11.94451
v -7.2364154 -18.277098 52.052151
v -9.3643026 -36.47155 11.94451
v -6.0745072 -18.695412 52.052151
v -7.0557566 -36.987572 11.94451
v -4.8886261 -19.039942 52.052151
v -4.7193646 -37.35762 11.94451
v -3.6834517 -19.30933 52.052151
v -2.3643479 -37.580235 11.94451
v -2.4637403 -19.502514 52.052151
v 0 -37.654537 11.94451
v -1.2343057 -19.618729 52.052151
v -19.657518 0 52.052151
v -19.039942 4.8886261 52.052151
v -19.30933 3.6834517 52.052151
v -19.502514 2.4637403 52.052151
v -19.618729 1.2343057 52.052151
v -14.562714 -22.580193 35.968906
v -14.716979 -22.428965 36.054455
v -14.865365 -22.276108 36.150375
v -15.007286 -22.122225 36.25629
v -15.014513 -22.113958 36.262478
v -14.237467 -22.859148 35.830242
v -14.403061 -22.727957 35.89407
v -14.067869 -22.986839 35.777668
v -13.876594 -23.122984 35.733486
v -13.894937 -23.110531 35.736565
v -13.634622 -23.283798 35.69949
v -13.794991 -23.17812 35.720287
v -13.5295 -23.351248 35.689354
v -13.344691 -23.463629 35.683434
v -13.159693 -23.569952 35.689354
v -15.469385 -21.529081 36.770981
v -15.550787 -21.403822 36.89996
v -15.559006 -21.389912 36.913235
v -15.646092 -21.230131 37.075726
v -15.719554 -21.081087 37.237915
v -15.759769 -20.989687 37.343983
v -15.780581 -20.938452 37.405811
v -15.827201 -20.804129 37.578747
v -15.863744 -20.675152 37.756039
v -15.906057 -20.43524 38.120888
v -15.911663 -20.325253 38.306999
v -15.906857 -20.2225 38.494598
v -15.899258 -20.174944 38.588768
v -15.878893 -20.083838 38.777107
v -15.866127 -20.040287 38.871277
v -15.830364 -19.961546 39.058876
v -15.821941 -19.948675 39.093063
v -11.33433 -24.11865 36.469891
v -12.430967 -23.88282 35.830242
v -12.255475 -23.940109 35.89407
v -12.0841 -23.989759 35.968906
v -12.05914 -23.996025 35.981724
v -11.915248 -24.032732 36.054455
v -11.751958 -24.06765 36.150375
v -11.39759 -24.115406 36.414211
v -11.495636 -24.106184 36.333282
v -11.595275 -24.094172 36.25629
v -10.932364 -24.072695 36.919872
v -10.827415 -24.041948 37.075726
v -10.732697 -24.003675 37.237915
v -10.727999 -24.001125 37.247295
v -10.646229 -23.959044 37.405811
v -10.569777 -23.907616 37.578747
v -10.504118 -23.849388 37.756039
v -10.40617 -23.713478 38.120888
v -12.530174 -15.146379 52.052151
v -14.804626 -19.729479 40.86948
v -14.935736 -19.703409 40.73624
v -15.289684 -19.682062 40.290154
v -15.794783 -20.353642 38.416714
v -14.378368 -19.86043 41.215504
v -14.230944 -21.273149 38.795044
v -13.907413 -20.041508 41.471806
v -8.3697643 -17.786654 52.052151
v -11.993365 -23.702917 36.630608
v -12.102983 -23.984289 35.960659
v -12.007582 -23.173552 37.667881
v -12.022228 -21.213024 41.503719
v -11.776079 -21.420609 41.384708
v -11.27595 -21.861418 41.015228
v -11.423396 -21.721024 41.144894
v -13.027196 -20.527576 41.678581
v -11.953355 -22.730608 38.602745
v -11.128144 -23.248653 38.40889
v -10.669608 -23.602713 38.114269
v -10.630265 -22.653111 40.09227
v -11.136847 -22.871834 39.148693
v -11.013894 -22.135374 40.73624
v -10.72279 -22.508242 40.290154
v -10.638463 -23.913269 37.506359
v -10.591104 -23.894133 37.587456
v -10.348223 -23.371845 38.871277
v 0 -19.657518 52.052151
v -14.667795 -19.764885 40.994095
v -13.580707 -20.200417 41.588207
v -11.796585 -21.402092 41.396969
v -10.355453 -23.31019 38.991039
v -11.297442 -21.840921 41.034191
v -10.859053 -22.322891 40.520447
v -10.352279 -23.344715 38.923206
v -9.4700813 -17.226015 52.052151
v -11.379197 -21.761314 41.109589
v -10.810472 -22.385117 40.446003
v -11.251996 -21.88426 40.994095
v -11.128833 -22.009741 40.86948
v -10.647083 -22.626204 40.132435
v -10.644901 -22.629335 40.12796
v -15.844345 -20.058025 38.869793
v -15.839823 -19.988045 38.999264
v -15.814513 -20.028976 38.961742
v -15.653164 -19.786268 39.609837
v -15.119676 -19.683216 40.520447
v -15.575087 -19.746199 39.787128
v -15.178744 -19.679653 40.446003
v -11.554399 -15.903267 52.052151
v -14.473104 -19.828753 41.147636
v -14.797215 -20.366617 39.757111
v -14.525783 -19.809488 41.109589
v -13.249804 -20.387024 41.658791
v -13.084408 -20.489811 41.676521
v -10.533025 -16.597391 52.052151
v -12.917596 -20.590382 41.682442
v -12.751072 -20.691948 41.676521
v -12.673915 -20.741917 41.668198
v -12.584859 -20.799486 41.658791
v -12.419535 -20.912617 41.629311
v -13.415454 -20.290432 41.629311
v -12.257413 -21.029915 41.588207
v -12.099134 -21.150913 41.535633
v -15.770907 -8.6701298 52.052151
v -15.195385 -9.6432848 52.052151
v -14.559894 -10.578382 52.052151
v -13.866941 -11.471731 52.052151
v -11.471731 -13.866941 52.052151
v -9.6432848 -15.195385 52.052151
v -10.578382 -14.559894 52.052151
v -13.119262 -12.319807 52.052151
v -12.319807 -13.119262 52.052151
v -16.733204 -6.6251445 52.052151
v -16.284189 -7.6627579 52.052151
v -17.431608 -4.4756765 52.052151
v -17.116182 -5.5613847 52.052151
v -17.678242 -3.3723049 52.052151
v -17.855106 -2.2556245 52.052151
v -17.961506 -1.1300421 52.052151
v -18.277098 7.2364154 52.052151
v -18.695412 6.0745072 52.052151
v -8.6701298 -15.770907 52.052151
v -7.6627579 -16.284189 52.052151
v -6.6251445 -16.733204 52.052151
v -5.5613847 -17.116182 52.052151
v -4.4756765 -17.431608 52.052151
v -3.3723049 -17.678242 52.052151
v -2.2556245 -17.855106 52.052151
v -1.1300421 -17.961506 52.052151
v 1.524679e-14 -17.997019 52.052151
v -37.580235 2.3643479 11.94451
v -37.35762 4.7193646 11.94451
v -36.987572 7.0557566 11.94451
v -36.47155 9.3643026 11.94451
v -35.811592 11.635892 11.94451
v -35.010303 13.86156 11.94451
v -17.786654 8.3697643 52.052151
v -34.070843 16.032522 11.94451
v -17.226015 9.4700813 52.052151
v -32.996922 18.140211 11.94451
v -16.597391 10.533025 52.052151
v -31.792776 20.17631 11.94451
v -15.903267 11.554399 52.052151
v -30.46316 22.132782 11.94451
v -15.146379 12.530174 52.052151
v -29.013319 24.001905 11.94451
v -14.329714 13.456497 52.052151
v -27.448977 25.776304 11.94451
v -25.776304 27.448977 11.94451
v -13.456497 14.329714 52.052151
v -24.001905 29.013319 11.94451
v -15.878893 20.083838 38.777107
v -22.132782 30.46316 11.94451
v -15.469385 21.529081 36.770981
v -20.17631 31.792776 11.94451
v -14.416493 22.716759 35.900318
v -18.140211 32.996922 11.94451
v -13.004018 23.654221 35.704319
v -16.032522 34.070843 11.94451
v -13.86156 35.010303 11.94451
v -7.2364154 18.277098 52.052151
v -11.635892 35.811592 11.94451
v -11.304266 24.118708 36.496395
v -6.0745072 18.695412 52.052151
v -9.3643026 36.47155 11.94451
v -4.8886261 19.039942 52.052151
v -7.0557566 36.987572 11.94451
v -3.6834517 19.30933 52.052151
v -4.7193646 37.35762 11.94451
v -2.4637403 19.502514 52.052151
v -2.3643479 37.580235 11.94451
v -1.2343057 19.618729 52.052151
v 0 37.654537 11.94451
v -12.530174 15.146379 52.052151
v -15.899258 20.174944 38.588768
v -15.814513 20.028976 38.961742
v -15.839823 19.988045 38.999264
v -15.821941 19.948675 39.093063
v -15.735034 20.188158 38.789909
v -15.911663 20.325253 38.306999
v -15.575087 19.746199 39.787128
v -17.991804 -0.16591954 52.052151
v -17.997019 -2.09665e-14 52.052151
v -17.961506 1.1300421 52.052151
v -17.855106 2.2556245 52.052151
v -17.678242 3.3723049 52.052151
v -17.442104 4.4287243 52.052151
v -17.431608 4.4756765 52.052151
v -17.116182 5.5613847 52.052151
v -16.733204 6.6251445 52.052151
v -16.284189 7.6627579 52.052151
v -15.770907 8.6701298 52.052151
v -15.195385 9.6432848 52.052151
v -15.653164 19.786268 39.609837
v -15.559471 19.978304 39.399548
v -15.443904 20.245455 39.086819
v -15.119676 19.683216 40.520447
v -14.935736 19.703409 40.73624
v -15.289684 19.682062 40.290154
v -15.178744 19.679653 40.446003
v -11.554399 15.903267 52.052151
v -14.44025 21.221664 38.62767
v -14.666775 20.409809 39.840935
v -14.804626 19.729479 40.86948
v -14.667795 19.764885 40.994095
v -14.525783 19.809488 41.109589
v -14.797215 20.366617 39.757111
v -14.473104 19.828753 41.147636
v -14.378368 19.86043 41.215504
v -13.415454 20.290432 41.629311
v -13.249804 20.387024 41.658791
v -13.084408 20.489811 41.676521
v -13.027196 20.527576 41.678581
v -10.533025 16.597391 52.052151
v -12.917596 20.590382 41.682442
v -12.751072 20.691948 41.676521
v -12.673915 20.741917 41.668198
v -12.584859 20.799486 41.658791
v -12.419535 20.912617 41.629311
v -12.257413 21.029915 41.588207
v -11.895743 21.317455 41.446861
v -11.796585 21.402092 41.396969
v -9.4700813 17.226015 52.052151
v -11.651235 21.521109 41.311424
v -11.776079 21.420609 41.384708
v -11.511795 21.64044 41.215504
v -14.559894 10.578382 52.052151
v -13.866941 11.471731 52.052151
v -13.119262 12.319807 52.052151
v -12.319807 13.119262 52.052151
v -11.471731 13.866941 52.052151
v -10.578382 14.559894 52.052151
v -8.3697643 17.786654 52.052151
v -11.251996 21.88426 40.994095
v -9.6432848 15.195385 52.052151
v -8.6701298 15.770907 52.052151
v -7.6627579 16.284189 52.052151
v -6.6251445 16.733204 52.052151
v -5.5613847 17.116182 52.052151
v -4.4756765 17.431608 52.052151
v -3.3723049 17.678242 52.052151
v -2.8139648 17.766674 52.052151
v -2.2556245 17.855106 52.052151
v -1.1300421 17.961506 52.052151
v -1.524679e-14 17.997019 52.052151
v 0 19.657518 52.052151
v -15.890063 20.552027 37.936993
v -15.863744 20.675152 37.756039
v -15.719554 21.081087 37.237915
v -15.646092 21.230131 37.075726
v -15.759769 20.989687 37.343983
v -15.559006 21.389912 36.913235
v -15.550787 21.403822 36.89996
v -15.827201 20.804129 37.578747
v -15.780581 20.938452 37.405811
v -15.007286 22.122225 36.25629
v -15.830364 19.961546 39.058876
v -15.866127 20.040287 38.871277
v -15.906857 20.2225 38.494598
v -15.906057 20.43524 38.120888
v -14.865365 22.276108 36.150375
v -14.716979 22.428965 36.054455
v -14.562714 22.580193 35.968906
v -14.403061 22.727957 35.89407
v -14.237467 22.859148 35.830242
v -14.067869 22.986839 35.777668
v -13.894937 23.110531 35.736565
v -13.876594 23.122984 35.733486
v -13.767791 23.196499 35.715885
v -13.634622 23.283798 35.69949
v -13.5295 23.351248 35.689354
v -13.344691 23.463629 35.683434
v -13.159693 23.569952 35.689354
v -12.975162 23.66753 35.707088
v -12.791523 23.74626 35.736565
v -12.609886 23.818119 35.777668
v -12.430967 23.88282 35.830242
v -12.255475 23.940109 35.89407
v -12.0841 23.989759 35.968906
v -12.05914 23.996025 35.981724
v -11.915248 24.032732 36.054455
v -11.751958 24.06765 36.150375
v -11.595275 24.094172 36.25629
v -11.445817 24.11219 36.37178
v -11.349361 24.118622 36.456638
v -11.171261 24.111151 36.629635
v -11.109196 24.103472 36.70031
v -10.932364 24.072695 36.919872
v -10.827415 24.041948 37.075726
v -10.732697 24.003675 37.237915
v -10.718602 23.996025 37.266052
v -10.646229 23.959044 37.405811
v -10.569777 23.907616 37.578747
v -10.504118 23.849388 37.756039
v -10.44951 23.78459 37.936993
v -10.390219 23.674904 38.213943
v -10.374268 23.636332 38.306999
v -14.491879 21.556517 37.945461
v -14.223036 21.238262 38.869289
v -13.315493 21.911819 38.694763
v -13.392617 22.386154 37.696899
v -13.193652 21.987587 38.687641
v -12.806005 21.497469 40.068241
v -10.345237 23.465178 38.682938
v -10.759742 23.741499 37.750458
v -10.666903 23.6208 38.079651
v -10.630265 22.653111 40.09227
v -10.645447 22.628553 40.129078
v -10.511481 23.795595 37.859596
v -10.35393 23.553455 38.494598
v -10.372075 23.209213 39.182949
v -10.687288 23.490227 38.328789
v -10.394542 23.124241 39.336937
v -10.349575 23.362803 38.888588
v -14.148843 21.314692 38.821331
v -12.645007 22.369381 38.577621
v -12.721912 22.30727 38.609535
v -12.552507 22.422544 38.580578
v -10.358627 23.275667 39.058876
v -10.410284 23.072495 39.428883
v -10.452959 22.965597 39.609837
v -10.506655 22.855721 39.787128
v -10.352279 23.344715 38.923206
v -11.297442 21.840921 41.034191
v -11.379197 21.761314 41.109589
v -10.907634 22.260664 40.594894
v -11.013894 22.135374 40.73624
v -11.128833 22.009741 40.86948
v -10.810472 22.385117 40.446003
v -10.647083 22.626204 40.132435
v -10.57116 22.743294 39.960064
v -10.72279 22.508242 40.290154
v 2.3643479 -37.580235 11.94451
v 1.2343057 -19.618729 52.052151
v 4.7193646 -37.35762 11.94451
v 2.4637403 -19.502514 52.052151
v 7.0557566 -36.987572 11.94451
v 3.6834517 -19.30933 52.052151
v 9.3643026 -36.47155 11.94451
v 4.8886261 -19.039942 52.052151
v 11.635892 -35.811592 11.94451
v 6.0745072 -18.695412 52.052151
v 13.86156 -35.010303 11.94451
v 16.032522 -34.070843 11.94451
v 11.171261 -24.111151 36.629635
v 7.2364154 -18.277098 52.052151
v 18.140211 -32.996922 11.94451
v 13.004018 -23.654221 35.704319
v 20.17631 -31.792776 11.94451
v 14.416493 -22.716759 35.900318
v 22.132782 -30.46316 11.94451
v 15.469385 -21.529081 36.770981
v 24.001905 -29.013319 11.94451
v 15.911663 -20.325253 38.306999
v 25.776304 -27.448977 11.94451
v 13.456497 -14.329714 52.052151
v 27.448977 -25.776304 11.94451
v 14.329714 -13.456497 52.052151
v 29.013319 -24.001905 11.94451
v 30.46316 -22.132782 11.94451
v 15.146379 -12.530174 52.052151
v 31.792776 -20.17631 11.94451
v 15.903267 -11.554399 52.052151
v 32.996922 -18.140211 11.94451
v 16.597391 -10.533025 52.052151
v 34.070843 -16.032522 11.94451
v 17.226015 -9.4700813 52.052151
v 35.010303 -13.86156 11.94451
v 17.786654 -8.3697643 52.052151
v 35.811592 -11.635892 11.94451
v 18.277098 -7.2364154 52.052151
v 36.47155 -9.3643026 11.94451
v 18.695412 -6.0745072 52.052151
v 36.987572 -7.0557566 11.94451
v 19.039942 -4.8886261 52.052151
v 37.35762 -4.7193646 11.94451
v 19.30933 -3.6834517 52.052151
v 37.580235 -2.3643479 11.94451
v 19.502514 -2.4637403 52.052151
v 37.654537 0 11.94451
v 19.618729 -1.2343057 52.052151
v 10.72565 -23.999849 37.251984
v 10.591104 -23.894133 37.587456
v 10.40617 -23.713478 38.120888
v 11.047131 -24.095793 36.770981
v 10.932364 -24.072695 36.919872
v 10.827415 -24.041948 37.075726
v 10.732697 -24.003675 37.237915
v 11.915248 -24.032732 36.054455
v 11.751958 -24.06765 36.150375
v 12.05914 -23.996025 35.981724
v 12.255475 -23.940109 35.89407
v 12.0841 -23.989759 35.968906
v 11.595275 -24.094172 36.25629
v 11.495636 -24.106184 36.333282
v 12.430967 -23.88282 35.830242
v 10.647083 -22.626204 40.132435
v 13.159693 -23.569952 35.689354
v 13.344691 -23.463629 35.683434
v 13.5295 -23.351248 35.689354
v 13.713389 -23.233257 35.707088
v 13.876594 -23.122984 35.733486
v 13.894937 -23.110531 35.736565
v 14.067869 -22.986839 35.777668
v 14.237467 -22.859148 35.830242
v 14.403061 -22.727957 35.89407
v 15.255094 -21.823614 36.496395
v 15.135618 -21.972382 36.37178
v 15.310794 -21.749634 36.563015
v 15.400792 -21.626797 36.67675
v 15.550787 -21.403822 36.89996
v 15.559006 -21.389912 36.913235
v 15.646092 -21.230131 37.075726
v 15.759769 -20.989687 37.343983
v 15.780581 -20.938452 37.405811
v 15.827201 -20.804129 37.578747
v 13.415454 -20.290432 41.629311
v 13.907413 -20.041508 41.471806
v 15.589873 -20.117044 39.113571
v 15.906857 -20.2225 38.494598
v 15.866127 -20.040287 38.871277
v 15.830364 -19.961546 39.058876
v 15.797677 -19.914677 39.186119
v 15.813519 -19.935802 39.127251
v 15.469369 -19.901627 39.657772
v 8.3697643 -17.786654 52.052151
v 10.676366 -23.906742 37.486149
v 10.35393 -23.553455 38.494598
v 10.772526 -23.276716 38.690216
v 10.666903 -23.6208 38.079651
v 10.352279 -23.344715 38.923206
v 10.72279 -22.508242 40.290154
v 11.411441 -23.146698 38.324673
v 10.859053 -22.322891 40.520447
v 11.464571 -23.084053 38.395348
v 11.071363 -22.072557 40.80286
v 11.423396 -21.721024 41.144894
v 12.099134 -21.150913 41.535633
v 13.451895 -21.825279 38.706032
v 12.972396 -20.558979 41.680511
v 11.554399 -15.903267 52.052151
v 12.530174 -15.146379 52.052151
v 14.639641 -20.451563 39.797943
v 14.667795 -19.764885 40.994095
v 14.804626 -19.729479 40.86948
v 15.178744 -19.679653 40.446003
v 15.481037 -20.013092 39.44545
v 10.479807 -22.91066 39.698483
v 10.57116 -22.743294 39.960064
v 11.835115 -23.078911 38.030479
v 11.345353 -22.039564 40.591061
v 11.57992 -22.641663 39.157459
v 11.190414 -21.947001 40.931789
v 11.263973 -21.872839 41.004662
v 11.776079 -21.420609 41.384708
v 11.796585 -21.402092 41.396969
v 13.461066 -21.819054 38.707573
v 13.374086 -21.34733 39.711609
v 13.632331 -21.693361 38.75441
v 13.715128 -21.627766 38.786327
v 10.533025 -16.597391 52.052151
v 10.345237 -23.465178 38.682938
v 10.348223 -23.371845 38.871277
v 10.506655 -22.855721 39.787128
v 10.810472 -22.385117 40.446003
v 11.128833 -22.009741 40.86948
v 9.4700813 -17.226015 52.052151
v 11.297442 -21.840921 41.034191
v 11.379197 -21.761314 41.109589
v 14.067576 -19.973242 41.396969
v 14.666775 -20.409809 39.840935
v 15.852589 -20.031595 38.905094
v 15.722171 -19.835451 39.428883
v 1.1300421 -17.961506 52.052151
v 2.2556245 -17.855106 52.052151
v 3.3723049 -17.678242 52.052151
v 4.4756765 -17.431608 52.052151
v 5.5613847 -17.116182 52.052151
v 6.6251445 -16.733204 52.052151
v 7.6627579 -16.284189 52.052151
v 8.6701298 -15.770907 52.052151
v 12.257413 -21.029915 41.588207
v 12.419535 -20.912617 41.629311
v 13.167106 -20.438417 41.667656
v 12.584859 -20.799486 41.658791
v 12.673915 -20.741917 41.668198
v 12.751072 -20.691948 41.676521
v 12.917596 -20.590382 41.682442
v 13.249804 -20.387024 41.658791
v 14.797215 -20.366617 39.757111
v 14.473104 -19.828753 41.147636
v 14.378368 -19.86043 41.215504
v 14.525783 -19.809488 41.109589
v 14.935736 -19.703409 40.73624
v 15.653164 -19.786268 39.609837
v 15.289684 -19.682062 40.290154
v 15.334996 -19.687294 40.219009
v 9.6432848 -15.195385 52.052151
v 10.578382 -14.559894 52.052151
v 11.471731 -13.866941 52.052151
v 12.319807 -13.119262 52.052151
v 13.119262 -12.319807 52.052151
v 13.866941 -11.471731 52.052151
v 14.559894 -10.578382 52.052151
v 15.195385 -9.6432848 52.052151
v 15.770907 -8.6701298 52.052151
v 16.284189 -7.6627579 52.052151
v 16.733204 -6.6251445 52.052151
v 17.116182 -5.5613847 52.052151
v 17.431608 -4.4756765 52.052151
v 17.678242 -3.3723049 52.052151
v 17.855106 -2.2556245 52.052151
v 17.961506 -1.1300421 52.052151
v 17.997019 2.09665e-14 52.052151
v 17.991804 0.16591954 52.052151
v 17.961506 1.1300421 52.052151
v 18.277098 7.2364154 52.052151
v 18.695412 6.0745072 52.052151
v 19.657518 0 52.052151
v 19.039942 4.8886261 52.052151
v 19.30933 3.6834517 52.052151
v 19.502514 2.4637403 52.052151
v 1.2343057 19.618729 52.052151
v 2.3643479 37.580235 11.94451
v 2.4637403 19.502514 52.052151
v 4.7193646 37.35762 11.94451
v 3.6834517 19.30933 52.052151
v 7.0557566 36.987572 11.94451
v 4.8886261 19.039942 52.052151
v 9.3643026 36.47155 11.94451
v 6.0745072 18.695412 52.052151
v 11.635892 35.811592 11.94451
v 7.2364154 18.277098 52.052151
v 13.86156 35.010303 11.94451
v 16.032522 34.070843 11.94451
v 13.004018 23.654221 35.704319
v 18.140211 32.996922 11.94451
v 14.416493 22.716759 35.900318
v 20.17631 31.792776 11.94451
v 11.304266 24.118708 36.496395
v 34.070843 16.032522 11.94451
v 32.996922 18.140211 11.94451
v 17.226015 9.4700813 52.052151
v 30.46316 22.132782 11.94451
v 29.013319 24.001905 11.94451
v 15.146379 12.530174 52.052151
v 31.792776 20.17631 11.94451
v 16.597391 10.533025 52.052151
v 15.903267 11.554399 52.052151
v 37.580235 2.3643479 11.94451
v 19.618729 1.2343057 52.052151
v 37.35762 4.7193646 11.94451
v 36.47155 9.3643026 11.94451
v 35.811592 11.635892 11.94451
v 36.987572 7.0557566 11.94451
v 35.010303 13.86156 11.94451
v 17.786654 8.3697643 52.052151
v 25.776304 27.448977 11.94451
v 24.001905 29.013319 11.94451
v 13.456497 14.329714 52.052151
v 14.329714 13.456497 52.052151
v 27.448977 25.776304 11.94451
v 22.132782 30.46316 11.94451
v 15.89528 20.513941 37.996964
v 15.366495 21.675653 36.629635
v 12.530174 15.146379 52.052151
v 1.1300421 17.961506 52.052151
v 2.2556245 17.855106 52.052151
v 3.0000782 17.737196 52.052151
v 3.3723049 17.678242 52.052151
v 4.4756765 17.431608 52.052151
v 5.5613847 17.116182 52.052151
v 6.6251445 16.733204 52.052151
v 7.6627579 16.284189 52.052151
v 8.6701298 15.770907 52.052151
v 8.3697643 17.786654 52.052151
v 9.6432848 15.195385 52.052151
v 9.4700813 17.226015 52.052151
v 17.855106 2.2556245 52.052151
v 17.678242 3.3723049 52.052151
v 16.284189 7.6627579 52.052151
v 15.770907 8.6701298 52.052151
v 17.431608 4.4756765 52.052151
v 17.116182 5.5613847 52.052151
v 16.733204 6.6251445 52.052151
v 11.651235 21.521109 41.311424
v 11.467596 21.680731 41.180199
v 11.776079 21.420609 41.384708
v 11.796585 21.402092 41.396969
v 10.533025 16.597391 52.052151
v 12.419535 20.912617 41.629311
v 12.257413 21.029915 41.588207
v 11.945322 21.275135 41.471806
v 12.099134 21.150913 41.535633
v 11.554399 15.903267 52.052151
v 14.312057 20.985416 39.224003
v 14.068933 20.887877 39.708572
v 13.415454 20.290432 41.629311
v 13.249804 20.387024 41.658791
v 12.584859 20.799486 41.658791
v 12.751072 20.691948 41.676521
v 12.673915 20.741917 41.668198
v 12.834334 20.641165 41.679482
v 13.027196 20.527576 41.678581
v 13.084408 20.489811 41.676521
v 14.378368 19.86043 41.215504
v 14.667795 19.764885 40.994095
v 14.797215 20.366617 39.757111
v 14.804626 19.729479 40.86948
v 14.935736 19.703409 40.73624
v 15.119676 19.683216 40.520447
v 15.780581 20.938452 37.405811
v 14.867451 20.340933 39.706379
v 15.794783 20.353642 38.416714
v 15.558442 20.243095 38.934448
v 15.234214 19.680859 40.368076
v 15.722171 19.835451 39.428883
v 15.906057 20.43524 38.120888
v 15.601112 19.759556 39.728031
v 15.575087 19.746199 39.787128
v 15.440618 19.704697 40.04401
v 15.813519 19.935802 39.127251
v 15.781835 19.893551 39.244987
v 15.178744 19.679653 40.446003
v 15.488247 19.715401 39.960064
v 11.471731 13.866941 52.052151
v 10.578382 14.559894 52.052151
v 12.319807 13.119262 52.052151
v 13.119262 12.319807 52.052151
v 13.866941 11.471731 52.052151
v 11.297442 21.840921 41.034191
v 14.559894 10.578382 52.052151
v 15.195385 9.6432848 52.052151
v 10.646229 23.959044 37.405811
v 10.718602 23.996025 37.266052
v 10.504118 23.849388 37.756039
v 10.44951 23.78459 37.936993
v 10.932364 24.072695 36.919872
v 11.349361 24.118622 36.456638
v 10.827415 24.041948 37.075726
v 10.76427 24.016432 37.183853
v 11.751958 24.06765 36.150375
v 11.915248 24.032732 36.054455
v 12.05914 23.996025 35.981724
v 12.102983 23.984289 35.960659
v 12.343222 23.911465 35.862156
v 12.0841 23.989759 35.968906
v 11.520546 24.10318 36.314034
v 11.595275 24.094172 36.25629
v 12.430967 23.88282 35.830242
v 12.609886 23.818119 35.777668
v 12.791523 23.74626 35.736565
v 12.975162 23.66753 35.707088
v 10.40617 23.713478 38.120888
v 10.374268 23.636332 38.306999
v 15.028967 22.097424 36.274853
v 15.845472 20.739641 37.667393
v 15.469385 21.529081 36.770981
v 15.646092 21.230131 37.075726
v 15.719554 21.081087 37.237915
v 15.739661 21.035387 37.290951
v 15.550787 21.403822 36.89996
v 15.559006 21.389912 36.913235
v 15.827201 20.804129 37.578747
v 15.911663 20.325253 38.306999
v 15.906857 20.2225 38.494598
v 15.866127 20.040287 38.871277
v 15.830364 19.961546 39.058876
v 15.891658 20.127386 38.682938
v 13.713389 23.233257 35.707088
v 13.876594 23.122984 35.733486
v 13.159693 23.569952 35.689354
v 13.344691 23.463629 35.683434
v 13.5295 23.351248 35.689354
v 14.067869 22.986839 35.777668
v 14.124401 22.944277 35.795193
v 13.894937 23.110531 35.736565
v 14.403061 22.727957 35.89407
v 14.562714 22.580193 35.968906
v 14.716979 22.428965 36.054455
v 14.865365 22.276108 36.150375
v 15.007286 22.122225 36.25629
v 10.710699 23.866062 37.53899
v 10.89592 23.895826 37.314072
v 10.591104 23.894133 37.587456
v 10.762596 23.832304 37.562119
v 10.70053 23.824625 37.63279
v 10.347228 23.402956 38.808498
v 10.349575 23.362803 38.888588
v 10.72279 22.508242 40.290154
v 11.464571 23.084053 38.395348
v 11.251454 23.177418 38.425591
v 10.630265 22.653111 40.09227
v 10.645629 22.628292 40.129452
v 10.810472 22.385117 40.446003
v 10.358627 23.275667 39.058876
v 10.506655 22.855721 39.787128
v 11.593987 23.002882 38.425602
v 11.190414 21.947001 40.931789
v 11.536517 23.065699 38.358982
v 12.049031 23.845802 36.290398
v 14.45735 21.081865 38.864048
v 15.183871 20.556217 38.894676
v 14.071711 21.390305 38.778557
v 13.9986 21.458588 38.744263
v 13.959464 20.943266 39.743622
v 13.404689 22.788109 36.911777
v 10.35393 23.553455 38.494598
v 10.345237 23.465178 38.682938
v 10.352279 23.344715 38.923206
v 10.647083 22.626204 40.132435
v 10.57116 22.743294 39.960064
v 11.251996 21.88426 40.994095
v 11.379197 21.761314 41.109589
v 14.305137 21.19672 38.843002
v -26.238523 -24.639614 11.94451
v -27.733883 -22.943462 11.94451
v -13.935725 -13.086517 49.556095
v -13.086517 -13.935725 49.556095
v -24.639614 -26.238523 11.94451
v -22.943462 -27.733883 11.94451
v -33.466408 -13.250289 11.94451
v -34.232365 -11.122769 11.94451
v -17.774578 -7.0374532 49.556095
v -34.863216 -8.9513531 11.94451
v -18.181389 -5.9074912 49.556095
v -35.356483 -6.7446098 11.94451
v -35.710213 -4.5112491 11.94451
v -35.923012 -2.2600842 11.94451
v -35.994038 0 11.94451
v -30.39077 -19.28657 11.94451
v -31.541815 -17.34026 11.94451
v -16.141054 -10.243424 49.556095
v -29.119787 -21.156763 11.94451
v -14.729936 -12.185662 49.556095
v -15.466013 -11.236716 49.556095
v -32.568378 -15.325516 11.94451
v -16.752394 -9.2097063 49.556095
v -17.297619 -8.1396418 49.556095
v -19.28657 -30.39077 11.94451
v -10.243424 -16.141054 49.556095
v -17.34026 -31.541815 11.94451
v -21.156763 -29.119787 11.94451
v -12.185662 -14.729936 49.556095
v -11.236716 -15.466013 49.556095
v -15.325516 -32.568378 11.94451
v -8.1396418 -17.297619 49.556095
v -13.250289 -33.466408 11.94451
v -9.2097063 -16.752394 49.556095
v -11.122769 -34.232365 11.94451
v -5.7723556 -18.22065 49.556095
v -8.9513531 -34.863216 11.94451
v -6.7446098 -35.356483 11.94451
v -3.5821767 -18.778429 49.556095
v -4.5112491 -35.710213 11.94451
v -2.2600842 -35.923012 11.94451
v 0 -35.994038 11.94451
v -19.117044 0 49.556095
v -8.0104914 -17.353506 49.556095
v -5.7490029 -18.098396 49.832386
v -3.443186 -18.800442 49.556095
v 0 -19.117044 49.556095
v -11.060339 -15.436057 49.832386
v -17.353506 -8.0104914 49.556095
v -17.029383 -7.3501053 50.804123
v -9.0384731 -16.700567 49.832386
v -8.1251907 -17.266909 49.631733
v -7.9720011 -17.235144 49.832386
v -35.923012 2.2600842 11.94451
v -35.710213 4.5112491 11.94451
v -35.356483 6.7446098 11.94451
v -18.778429 3.5821767 49.556095
v -34.863216 8.9513531 11.94451
v -34.232365 11.122769 11.94451
v -18.181389 5.9074912 49.556095
v -33.466408 13.250289 11.94451
v -17.774578 7.0374532 49.556095
v -32.568378 15.325516 11.94451
v -31.541815 17.34026 11.94451
v -16.752394 9.2097063 49.556095
v -30.39077 19.28657 11.94451
v -16.141054 10.243424 49.556095
v -29.119787 21.156763 11.94451
v -15.466013 11.236716 49.556095
v -27.733883 22.943462 11.94451
v -14.729936 12.185662 49.556095
v -26.238523 24.639614 11.94451
v -13.935725 13.086517 49.556095
v -24.639614 26.238523 11.94451
v -13.086517 13.935725 49.556095
v -22.943462 27.733883 11.94451
v -21.156763 29.119787 11.94451
v -12.185662 14.729936 49.556095
v -19.28657 30.39077 11.94451
v -11.236716 15.466013 49.556095
v -17.34026 31.541815 11.94451
v -10.243424 16.141054 49.556095
v -15.325516 32.568378 11.94451
v -9.2097063 16.752394 49.556095
v -13.250289 33.466408 11.94451
v -8.1396418 17.297619 49.556095
v -11.122769 34.232365 11.94451
v -8.9513531 34.863216 11.94451
v -5.7723556 18.22065 49.556095
v -6.7446098 35.356483 11.94451
v -4.5112491 35.710213 11.94451
v -3.5821767 18.778429 49.556095
v -2.2600842 35.923012 11.94451
v -1.2003691 19.079321 49.556095
v 0 35.994038 11.94451
v 0 19.117044 49.556095
v -18.800442 3.443186 49.556095
v -17.564041 7.5239725 49.556095
v -16.81628 9.084321 49.556095
v -18.676226 3.4353402 49.832386
v -16.100082 10.069276 49.832386
v -15.634445 9.9219208 50.893269
v -15.436057 11.060339 49.832386
v -12.980959 14.028787 49.556095
v -12.252734 13.924599 50.804123
v -7.5239725 17.564041 49.556095
v -7.8366246 16.818848 50.804123
v -2.3960009 18.966301 49.556095
v -4.0995288 18.662786 49.556095
v -4.0289268 18.105019 50.804123
v 2.2600842 -35.923012 11.94451
v 4.5112491 -35.710213 11.94451
v 3.5821767 -18.778429 49.556095
v 6.7446098 -35.356483 11.94451
v 4.7542152 -18.516447 49.556095
v 8.9513531 -34.863216 11.94451
v 5.7723556 -18.22065 49.556095
v 11.122769 -34.232365 11.94451
v 7.0374532 -17.774578 49.556095
v 13.250289 -33.466408 11.94451
v 8.1396418 -17.297619 49.556095
v 15.325516 -32.568378 11.94451
v 9.2097063 -16.752394 49.556095
v 17.34026 -31.541815 11.94451
v 19.28657 -30.39077 11.94451
v 11.236716 -15.466013 49.556095
v 21.156763 -29.119787 11.94451
v 22.943462 -27.733883 11.94451
v 13.086517 -13.935725 49.556095
v 24.639614 -26.238523 11.94451
v 26.238523 -24.639614 11.94451
v 13.935725 -13.086517 49.556095
v 27.733883 -22.943462 11.94451
v 14.711113 -12.007751 49.832386
v 29.119787 -21.156763 11.94451
v 15.466013 -11.236716 49.556095
v 30.39077 -19.28657 11.94451
v 31.541815 -17.34026 11.94451
v 16.752394 -9.2097063 49.556095
v 32.568378 -15.325516 11.94451
v 33.466408 -13.250289 11.94451
v 34.232365 -11.122769 11.94451
v 18.181389 -5.9074912 49.556095
v 34.863216 -8.9513531 11.94451
v 18.516447 -4.7542152 49.556095
v 35.356483 -6.7446098 11.94451
v 18.778429 -3.5821767 49.556095
v 35.710213 -4.5112491 11.94451
v 35.923012 -2.2600842 11.94451
v 35.994038 0 11.94451
v 3.443186 -18.800442 49.556095
v 6.9050493 -17.822247 49.556095
v 11.120327 -15.545112 49.556095
v 12.71586 -14.262504 49.556095
v 14.028787 -12.980959 49.556095
v 4.6168809 -18.547144 49.556095
v 4.6149459 -17.974028 50.804123
v 12.650383 -13.574024 50.804123
v 16.81628 -9.084321 49.556095
v 16.700567 -9.0384731 49.832386
v 18.423666 -4.6012511 49.832386
v 18.676226 -3.4353402 49.832386
v 18.800442 -3.443186 49.556095
v 19.117044 0 49.556095
v 15.843082 -10.681875 49.556095
v 2.2600842 35.923012 11.94451
v 4.5112491 35.710213 11.94451
v 2.3960009 18.966301 49.556095
v 6.7446098 35.356483 11.94451
v 3.5821767 18.778429 49.556095
v 8.9513531 34.863216 11.94451
v 11.122769 34.232365 11.94451
v 5.7723556 18.22065 49.556095
v 1.2003691 19.079321 49.556095
v 13.250289 33.466408 11.94451
v 15.325516 32.568378 11.94451
v 17.34026 31.541815 11.94451
v 9.2097063 16.752394 49.556095
v 8.1396418 17.297619 49.556095
v 19.28657 30.39077 11.94451
v 21.156763 29.119787 11.94451
v 11.236716 15.466013 49.556095
v 22.943462 27.733883 11.94451
v 12.074469 14.816186 49.556095
v 27.733883 22.943462 11.94451
v 26.238523 24.639614 11.94451
v 32.568378 15.325516 11.94451
v 33.466408 13.250289 11.94451
v 17.297619 8.1396418 49.556095
v 31.541815 17.34026 11.94451
v 30.39077 19.28657 11.94451
v 29.119787 21.156763 11.94451
v 15.466013 11.236716 49.556095
v 14.729936 12.185662 49.556095
v 35.923012 2.2600842 11.94451
v 35.710213 4.5112491 11.94451
v 18.778429 3.5821767 49.556095
v 35.356483 6.7446098 11.94451
v 34.863216 8.9513531 11.94451
v 18.547144 4.6168809 49.556095
v 18.181389 5.9074912 49.556095
v 34.232365 11.122769 11.94451
v 17.774578 7.0374532 49.556095
v 24.639614 26.238523 11.94451
v 12.007751 14.711113 49.832386
v 1.0597152 19.08374 49.556095
v 2.2559021 18.979544 49.556095
v 2.3941779 18.951868 49.588512
v 4.0995288 18.662786 49.556095
v 3.986778 18.050953 50.942268
v 5.7490029 18.098396 49.832386
v 9.084321 16.81628 49.556095
v 7.9011993 16.790903 50.804123
v 18.883371 2.9195933 49.556095
v 11.120327 15.545112 49.556095
v 15.545112 11.120327 49.556095
v 7.5239725 17.564041 49.556095
v -29.267874 -21.264355 6.1901989
v -30.222811 -19.179979 5.5443215
v -28.958853 -21.039837 5.5443215
v -29.543474 -21.46459 6.8587852
v -30.545319 -19.384649 6.1901989
v -28.617632 -20.791927 4.9237032
v -27.580606 -22.816662 5.5443215
v -27.87492 -23.060139 6.1901989
v -28.137403 -23.277285 6.8587852
v -29.866697 -18.953983 4.9237032
v -31.084566 -19.726866 7.5474429
v -29.990204 -21.789158 8.2534542
v -31.299177 -19.863062 8.2534542
v -30.159569 -21.91221 8.9740314
v -31.475935 -19.975237 8.9740314
v -30.291996 -22.008423 9.7063322
v -31.614141 -20.062944 9.7063322
v -28.367023 -23.467243 7.5474429
v -28.562872 -23.629263 8.2534542
v -29.784569 -21.639755 7.5474429
v -28.850302 -23.867044 9.7063322
v -28.724178 -23.762707 8.9740314
v -27.294748 -25.631474 9.7063322
v -30.832951 -19.567184 6.8587852
v -31.713253 -20.125843 10.447467
v -30.386963 -22.077419 10.447467
v -30.444092 -22.118927 11.194509
v -31.772877 -20.163681 11.194509
v -28.940748 -23.941868 10.447467
v -28.995159 -23.986881 11.194509
v -27.380318 -25.71183 10.447467
v -27.431795 -25.76017 11.194509
v -21.789158 -29.990204 8.2534542
v -19.975237 -31.475935 8.9740314
v -21.91221 -30.159569 8.9740314
v -20.062944 -31.614141 9.7063322
v -22.008423 -30.291996 9.7063322
v -21.46459 -29.543474 6.8587852
v -19.567184 -30.832951 6.8587852
v -19.726866 -31.084566 7.5474429
v -21.639755 -29.784569 7.5474429
v -19.863062 -31.299177 8.2534542
v -17.858576 -32.484627 8.2534542
v -19.384649 -30.545319 6.1901989
v -17.592556 -32.00074 6.8587852
v -17.736124 -32.26189 7.5474429
v -17.959429 -32.668079 8.9740314
v -18.038286 -32.811523 9.7063322
v -20.125843 -31.713253 10.447467
v -22.077419 -30.386963 10.447467
v -20.163681 -31.772877 11.194509
v -22.118927 -30.444092 11.194509
v -18.094837 -32.914387 10.447467
v -18.128857 -32.976269 11.194509
v -23.899887 -25.450794 4.3307929
v -22.547815 -27.255625 4.9237032
v -24.214716 -25.786055 4.9237032
v -24.503439 -26.093512 5.5443215
v -25.786055 -24.214716 4.9237032
v -26.371956 -24.764915 6.1901989
v -24.764915 -26.371956 6.1901989
v -24.998116 -26.620289 6.8587852
v -26.093512 -24.503439 5.5443215
v -22.816662 -27.580606 5.5443215
v -23.060139 -27.87492 6.1901989
v -23.277285 -28.137403 6.8587852
v -26.110079 -21.600136 3.2373371
v -27.414841 -19.918047 3.2373371
v -26.959475 -19.587206 2.741107
v -25.676386 -21.241354 2.741107
v -24.702272 -23.196978 3.2373371
v -24.291964 -22.811672 2.741107
v -23.196978 -24.702272 3.2373371
v -23.859751 -22.405798 2.2811985
v -22.811672 -24.291964 2.741107
v -24.243689 -20.056124 1.4774562
v -23.728535 -19.629951 1.1367943
v -22.936516 -21.538822 1.4774562
v -25.21954 -20.863419 2.2811985
v -26.479801 -19.238701 2.2811985
v -24.741346 -20.467821 1.8594267
v -23.407339 -21.980955 1.8594267
v -27.255625 -22.547815 4.9237032
v -26.90126 -22.254658 4.3307929
v -25.450794 -23.899887 4.3307929
v -26.620289 -24.998116 6.8587852
v -26.518908 -21.938349 3.7679305
v -27.844099 -20.229923 3.7679305
v -28.245558 -20.521599 4.3307929
v -25.089058 -23.560194 3.7679305
v -23.560194 -25.089058 3.7679305
v -21.600136 -26.110079 3.2373371
v -21.241354 -25.676386 2.741107
v -18.873911 -25.977709 1.8594267
v -20.056124 -24.243689 1.4774562
v -18.494274 -25.455185 1.4774562
v -19.587206 -26.959475 2.741107
v -19.918047 -27.414841 3.2373371
v -19.238701 -26.479801 2.2811985
v -20.863419 -25.21954 2.2811985
v -20.467821 -24.741346 1.8594267
v -17.855755 -28.136168 2.741107
v -18.157352 -28.611408 3.2373371
v -20.521599 -28.245558 4.3307929
v -20.791927 -28.617632 4.9237032
v -22.254658 -26.90126 4.3307929
v -21.264355 -29.267874 6.1901989
v -21.039837 -28.958853 5.5443215
v -21.938349 -26.518908 3.7679305
v -20.229923 -27.844099 3.7679305
v -18.953983 -29.866697 4.9237032
v -18.707552 -29.478384 4.3307929
v -18.441658 -29.059402 3.7679305
v -19.179979 -30.222811 5.5443215
v -22.405798 -23.859751 2.2811985
v -21.980955 -23.407339 1.8594267
v -21.538822 -22.936516 1.4774562
v -22.449137 -21.081142 1.1367943
v -23.197914 -19.190985 0.83878553
v -21.947126 -20.609724 0.83878553
v -21.081142 -22.449137 1.1367943
v -20.609724 -21.947126 0.83878553
v -21.432467 -20.126427 0.58460593
v -19.629951 -23.728535 1.1367943
v -19.190985 -23.197914 0.83878553
v -18.101288 -24.914286 1.1367943
v -20.126427 -21.432467 0.58460593
v -20.907188 -19.633158 0.37525877
v -19.633158 -20.907188 0.37525877
v -18.740955 -22.653923 0.58460593
v -18.281643 -22.098709 0.37525877
v -19.131863 -20.373363 0.21157011
v -25.202116 -26.837528 7.5474429
v -26.837528 -25.202116 7.5474429
v -25.376114 -27.022816 8.2534542
v -27.022816 -25.376114 8.2534542
v -25.519423 -27.175425 8.9740314
v -27.175425 -25.519423 8.9740314
v -25.631474 -27.294748 9.7063322
v -23.629263 -28.562872 8.2534542
v -23.467243 -28.367023 7.5474429
v -23.867044 -28.850302 9.7063322
v -23.762707 -28.724178 8.9740314
v -25.71183 -27.380318 10.447467
v -25.76017 -27.431795 11.194509
v -23.941868 -28.940748 10.447467
v -23.986881 -28.995159 11.194509
v -33.6366 -13.317672 6.1901989
v -32.734001 -15.403452 6.1901989
v -33.04224 -15.548498 6.8587852
v -33.281452 -13.177059 5.5443215
v -33.953339 -13.443078 6.8587852
v -34.406448 -11.179333 6.1901989
v -33.204643 -10.788843 4.3307929
v -32.889297 -13.021794 4.9237032
v -33.642044 -10.930963 4.9237032
v -33.816559 -8.6826172 4.3307929
v -34.730438 -11.284603 6.8587852
v -35.040512 -8.9968739 6.1901989
v -34.67054 -8.9018822 5.5443215
v -34.043171 -11.061297 5.5443215
v -34.26202 -8.7969913 4.9237032
v -29.695059 -16.324997 3.2373371
v -30.152225 -14.18856 2.741107
v -29.201818 -16.053837 2.741107
v -28.611408 -18.157352 3.2373371
v -28.136168 -17.855755 2.741107
v -28.682247 -15.768199 2.2811985
v -29.615744 -13.936111 2.2811985
v -31.367495 -17.244425 5.5443215
v -30.997892 -17.041235 4.9237032
v -31.702217 -17.428442 6.1901989
v -30.594872 -16.819674 4.3307929
v -31.141613 -14.654131 3.7679305
v -30.160023 -16.580612 3.7679305
v -30.661518 -14.428215 3.2373371
v -32.006752 -15.061234 4.9237032
v -31.590616 -14.865416 4.3307929
v -32.388386 -15.240816 5.5443215
v -32.00074 -17.592556 6.8587852
v -29.478384 -18.707552 4.3307929
v -29.059402 -18.441658 3.7679305
v -30.983633 -12.267288 2.741107
v -31.506969 -12.474492 3.2373371
v -32.228077 -10.471538 3.2373371
v -31.692764 -10.297604 2.741107
v -31.128872 -10.114384 2.2811985
v -30.43236 -12.049024 2.2811985
v -30.53863 -9.9226017 1.8594267
v -28.469784 -13.396864 1.4774562
v -29.054192 -13.671865 1.8594267
v -29.254801 -11.582795 1.4774562
v -28.633165 -11.336672 1.1367943
v -27.864828 -13.112193 1.1367943
v -29.855324 -11.820559 1.8594267
v -28.138395 -15.469214 1.8594267
v -29.924364 -9.7230148 1.4774562
v -29.2885 -9.5164108 1.1367943
v -28.633547 -9.3036032 0.83878553
v -27.992868 -11.08316 0.83878553
v -32.461685 -12.85249 4.3307929
v -32.000301 -12.669816 3.7679305
v -32.7327 -10.6355 3.7679305
v -33.311886 -15.675385 7.5474429
v -32.484627 -17.858576 8.2534542
v -33.541878 -15.783608 8.2534542
v -32.668079 -17.959429 8.9740314
v -33.7313 -15.872745 8.9740314
v -32.811523 -18.038286 9.7063322
v -33.87941 -15.94244 9.7063322
v -34.661396 -13.723417 8.9740314
v -33.985622 -15.992419 10.447467
v -34.813591 -13.783675 9.7063322
v -34.049519 -16.022486 11.194509
v -34.922729 -13.826887 10.447467
v -32.914387 -18.094837 10.447467
v -32.976269 -18.128857 11.194509
v -34.988388 -13.852883 11.194509
v -35.013859 -11.376693 7.5474429
v -35.2556 -11.455238 8.2534542
v -35.659115 -9.1557055 7.5474429
v -35.4547 -11.519931 8.9740314
v -35.905312 -9.2189169 8.2534542
v -35.610378 -11.570513 9.7063322
v -36.108082 -9.2709799 8.9740314
v -34.230419 -13.552782 7.5474429
v -34.466751 -13.646352 8.2534542
v -35.370472 -9.0815935 6.8587852
v -35.722015 -11.606787 10.447467
v -35.789177 -11.628609 11.194509
v -36.266628 -9.3116875 9.7063322
v -36.380322 -9.3408794 10.447467
v -36.448723 -9.3584414 11.194509
v -32.26189 -17.736124 7.5474429
v -33.286381 -6.3497167 3.2373371
v -33.060978 -4.1765728 2.741107
v -32.73349 -6.244247 2.741107
v -35.536285 -6.7789087 6.1901989
v -35.512856 -4.4863167 5.5443215
v -35.161079 -6.707335 5.5443215
v -35.870914 -6.8427424 6.8587852
v -35.891815 -4.5341907 6.1901989
v -34.295017 -6.5421243 4.3307929
v -33.335918 -8.5592098 3.7679305
v -32.821995 -8.4272566 3.2373371
v -33.807575 -6.4491401 3.7679305
v -34.74678 -6.6283026 4.9237032
v -35.09441 -4.433455 4.9237032
v -34.638126 -4.375813 4.3307929
v -34.145809 -4.3136191 3.7679305
v -33.6194 -4.247118 3.2373371
v -33.81974 -2.1277575 3.2373371
v -33.257988 -2.0924151 2.741107
v -32.666248 -2.055186 2.2811985
v -33.323742 0 2.741107
v -33.886608 0 3.2373371
v -32.730835 0 2.2811985
v -36.22979 -4.5768867 6.8587852
v -36.105694 -2.2715776 6.1901989
v -35.303535 -2.2211103 4.9237032
v -35.724476 -2.2475936 5.5443215
v -35.373337 0 4.9237032
v -36.445683 -2.292968 6.8587852
v -36.177082 0 6.1901989
v -35.795109 0 5.5443215
v -34.349285 -2.1610739 3.7679305
v -34.844536 -2.1922324 4.3307929
v -34.417198 0 3.7679305
v -34.913429 0 4.3307929
v -32.276817 -8.2872782 2.741107
v -31.702534 -8.1398277 2.2811985
v -31.101414 -7.9854856 1.8594267
v -30.475828 -7.8248625 1.4774562
v -30.907019 -5.8958292 1.4774562
v -31.541454 -6.0168543 1.8594267
v -31.216232 -3.9435272 1.4774562
v -32.151081 -6.1331468 2.2811985
v -32.47274 -4.1022611 2.2811985
v -31.857016 -4.024477 1.8594267
v -29.828247 -7.6585917 1.1367943
v -29.161224 -7.48733 0.83878553
v -28.477394 -7.3117518 0.58460593
v -27.962091 -9.085434 0.58460593
v -30.250275 -5.7705483 1.1367943
v -29.573814 -5.6415067 0.83878553
v -30.552917 -3.8597312 1.1367943
v -29.86969 -3.7734194 0.83878553
v -28.880308 -5.5092134 0.58460593
v -28.172495 -5.3741908 0.37525877
v -31.40225 -1.9756621 1.4774562
v -30.734983 -1.9336812 1.1367943
v -32.046852 -2.016217 1.8594267
v -31.464338 0 1.4774562
v -30.795752 0 1.1367943
v -32.110214 0 1.8594267
v -29.169247 -3.6849327 0.58460593
v -29.343067 -1.8461093 0.58460593
v -30.047684 -1.8904401 0.83878553
v -28.454351 -3.5946205 0.37525877
v -28.623911 -1.8008639 0.37525877
v -30.107094 0 0.83878553
v -29.401083 0 0.58460593
v -27.893055 -1.7548822 0.21157011
v -28.680506 0 0.37525877
v -27.948204 0 0.21157011
v -36.163643 -6.8985839 7.5474429
v -36.413319 -6.9462123 8.2534542
v -36.779747 -7.0161123 9.7063322
v -36.618961 -6.9854403 8.9740314
v -36.777622 -4.6460943 8.2534542
v -36.525448 -4.6142373 7.5474429
v -36.985321 -4.6723323 8.9740314
v -37.147717 -4.6928482 9.7063322
v -36.895054 -7.0381079 10.447467
v -36.96442 -7.0513401 11.194509
v -37.264175 -4.7075601 10.447467
v -37.334236 -4.7164106 11.194509
v -36.743103 -2.3116801 7.5474429
v -36.99678 -2.3276403 8.2534542
v -37.205715 -2.3407853 8.9740314
v -37.36908 -2.3510633 9.7063322
v -36.517742 0 6.8587852
v -36.81575 0 7.5474429
v -37.069931 0 8.2534542
v -37.279278 0 8.9740314
v -37.442966 0 9.7063322
v -37.486233 -2.358434 10.447467
v -37.556709 -2.3628681 11.194509
v -37.560352 0 10.447467
v -37.630966 0 11.194509
v -25.977709 -18.873911 1.8594267
v -26.566219 -16.859436 1.4774562
v -25.455185 -18.494274 1.4774562
v -27.635557 -17.538057 2.2811985
v -27.111551 -17.205513 1.8594267
v -27.572411 -15.15806 1.4774562
v -26.001713 -16.501188 1.1367943
v -26.986523 -14.835966 1.1367943
v -26.383047 -14.504203 0.83878553
v -25.420259 -16.132187 0.83878553
v -24.914286 -18.101288 1.1367943
v -24.357151 -17.696507 0.83878553
v -23.785976 -17.281523 0.58460593
v -24.824156 -15.753888 0.58460593
v -25.764366 -14.16408 0.58460593
v -24.215752 -15.367784 0.37525877
v -23.203016 -16.857979 0.37525877
v -23.59745 -14.975397 0.21157011
v -27.241713 -12.818977 0.83878553
v -26.602896 -12.518373 0.58460593
v -25.950897 -12.211565 0.37525877
v -27.336435 -10.82326 0.58460593
v -26.66646 -10.557998 0.37525877
v -25.985582 -10.288421 0.21157011
v -25.132917 -13.816938 0.37525877
v -25.288292 -11.899767 0.21157011
v -24.491198 -13.46415 0.21157011
v -24.617693 -11.584208 0.094186038
v -23.841738 -13.107106 0.094186038
v -25.296494 -10.015591 0.094186038
v -24.601912 -9.7405863 0.023569766
v -23.94175 -11.266132 0.023569766
v -23.187099 -12.747216 0.023569766
v -23.904577 -9.4644918 -3.4971812e-09
v -23.263126 -10.946796 -3.4971812e-09
v -22.653923 -18.740955 0.58460593
v -22.098709 -18.281643 0.37525877
v -21.534462 -17.814856 0.21157011
v -22.610573 -16.427542 0.21157011
v -22.971689 -14.578278 0.094186038
v -22.010983 -15.991915 0.094186038
v -20.963408 -17.34244 0.094186038
v -22.34094 -14.177992 0.023569766
v -21.406612 -15.552814 0.023569766
v -20.373363 -19.131863 0.21157011
v -19.833101 -18.624521 0.094186038
v -18.624521 -19.833101 0.094186038
v -20.387802 -16.866257 0.023569766
v -19.28853 -18.113136 0.023569766
v -20.799849 -15.111975 -3.4971812e-09
v -19.809916 -16.388187 -3.4971812e-09
v -19.809916 -16.388187 1.7763568e-15
v -20.799849 -15.111975 1.7763568e-15
v -18.741802 -17.599724 1.7763568e-15
v -18.741802 -17.599724 -3.4971812e-09
v -20.799849 -15.111975 1.6605
v -19.809916 -16.388187 1.6605
v -18.741802 -17.599724 1.6605
v -22.529867 -12.3859 -3.4971812e-09
v -21.707693 -13.776121 -3.4971812e-09
v -21.707693 -13.776121 1.7763568e-15
v -22.529867 -12.3859 1.7763568e-15
v -21.707693 -13.776121 1.6605
v -22.529867 -12.3859 1.6605
v -23.263126 -10.946796 1.7763568e-15
v -23.263126 -10.946796 1.6605
v -23.904577 -9.4644918 1.6605
v -27.276781 -8.8627634 0.37525877
v -27.779455 -7.1325517 0.37525877
v -27.07016 -6.9504356 0.21157011
v -26.580322 -8.6364698 0.21157011
v -25.875462 -8.4074469 0.094186038
v -26.35231 -6.7661233 0.094186038
v -27.453165 -5.2369714 0.21157011
v -26.725159 -5.0980968 0.094186038
v -25.628738 -6.5803413 0.023569766
v -25.991348 -4.9581151 0.023569766
v -25.164982 -8.1765985 0.023569766
v -24.451689 -7.9448352 -3.4971812e-09
v -23.904577 -9.4644918 1.7763568e-15
v -24.451689 -7.9448352 1.7763568e-15
v -24.451689 -7.9448352 1.6605
v -24.902298 -6.3938236 -3.4971812e-09
v -24.902298 -6.3938236 1.7763568e-15
v -25.254631 -4.8175783 -3.4971812e-09
v -25.254631 -4.8175783 1.7763568e-15
v -24.902298 -6.3938236 1.6605
v -25.254631 -4.8175783 1.6605
v -27.727825 -3.5028389 0.21157011
v -26.992535 -3.40995 0.094186038
v -27.153383 -1.7083461 0.094186038
v -26.251383 -3.3163209 0.023569766
v -25.507296 -3.2223208 -3.4971812e-09
v -26.407816 -1.6614389 0.023569766
v -27.207071 0 0.094186038
v -25.659294 -1.6143459 -3.4971812e-09
v -26.460028 0 0.023569766
v -25.710026 0 -3.4971812e-09
v -25.507296 -3.2223208 1.7763568e-15
v -25.507296 -3.2223208 1.6605
v -25.659294 -1.6143459 1.6605
v -25.659294 -1.6143459 1.7763568e-15
v -25.710026 0 1.7763568e-15
v -25.710026 0 1.6605
v -16.819674 -30.594872 4.3307929
v -17.041235 -30.997892 4.9237032
v -17.244425 -31.367495 5.5443215
v -17.428442 -31.702217 6.1901989
v -15.240816 -32.388386 5.5443215
v -15.403452 -32.734001 6.1901989
v -13.317672 -33.6366 6.1901989
v -16.580612 -30.160023 3.7679305
v -14.654131 -31.141613 3.7679305
v -14.865416 -31.590616 4.3307929
v -16.324997 -29.695059 3.2373371
v -15.061234 -32.006752 4.9237032
v -13.021794 -32.889297 4.9237032
v -12.85249 -32.461685 4.3307929
v -14.428215 -30.661518 3.2373371
v -15.548498 -33.04224 6.8587852
v -13.177059 -33.281452 5.5443215
v -14.18856 -30.152225 2.741107
v -12.474492 -31.506969 3.2373371
v -12.267288 -30.983633 2.741107
v -13.936111 -29.615744 2.2811985
v -12.049024 -30.43236 2.2811985
v -10.471538 -32.228077 3.2373371
v -10.297604 -31.692764 2.741107
v -11.820559 -29.855324 1.8594267
v -10.114384 -31.128872 2.2811985
v -9.9226017 -30.53863 1.8594267
v -8.4272566 -32.821995 3.2373371
v -8.2872782 -32.276817 2.741107
v -10.930963 -33.642044 4.9237032
v -13.443078 -33.953339 6.8587852
v -11.179333 -34.406448 6.1901989
v -11.284603 -34.730438 6.8587852
v -11.061297 -34.043171 5.5443215
v -12.669816 -32.000301 3.7679305
v -10.6355 -32.7327 3.7679305
v -10.788843 -33.204643 4.3307929
v -8.7969913 -34.26202 4.9237032
v -8.6826172 -33.816559 4.3307929
v -8.9018822 -34.67054 5.5443215
v -8.9968739 -35.040512 6.1901989
v -9.0815935 -35.370472 6.8587852
v -8.5592098 -33.335918 3.7679305
v -15.872745 -33.7313 8.9740314
v -15.783608 -33.541878 8.2534542
v -15.94244 -33.87941 9.7063322
v -15.675385 -33.311886 7.5474429
v -13.552782 -34.230419 7.5474429
v -13.646352 -34.466751 8.2534542
v -13.723417 -34.661396 8.9740314
v -13.783675 -34.813591 9.7063322
v -15.992419 -33.985622 10.447467
v -16.022486 -34.049519 11.194509
v -13.826887 -34.922729 10.447467
v -13.852883 -34.988388 11.194509
v -11.376693 -35.013859 7.5474429
v -9.2189169 -35.905312 8.2534542
v -11.455238 -35.2556 8.2534542
v -9.1557055 -35.659115 7.5474429
v -11.519931 -35.4547 8.9740314
v -9.2709799 -36.108082 8.9740314
v -9.3116875 -36.266628 9.7063322
v -11.570513 -35.610378 9.7063322
v -11.606787 -35.722015 10.447467
v -11.628609 -35.789177 11.194509
v -9.3408794 -36.380322 10.447467
v -9.3584414 -36.448723 11.194509
v -16.053837 -29.201818 2.741107
v -15.768199 -28.682247 2.2811985
v -17.538057 -27.635557 2.2811985
v -17.205513 -27.111551 1.8594267
v -16.859436 -26.566219 1.4774562
v -16.501188 -26.001713 1.1367943
v -17.696507 -24.357151 0.83878553
v -16.132187 -25.420259 0.83878553
v -15.469214 -28.138395 1.8594267
v -13.671865 -29.054192 1.8594267
v -15.15806 -27.572411 1.4774562
v -14.835966 -26.986523 1.1367943
v -14.504203 -26.383047 0.83878553
v -15.753888 -24.824156 0.58460593
v -13.396864 -28.469784 1.4774562
v -13.112193 -27.864828 1.1367943
v -14.16408 -25.764366 0.58460593
v -17.281523 -23.785976 0.58460593
v -16.857979 -23.203016 0.37525877
v -17.814856 -21.534462 0.21157011
v -17.34244 -20.963408 0.094186038
v -16.427542 -22.610573 0.21157011
v -15.991915 -22.010983 0.094186038
v -18.113136 -19.28853 0.023569766
v -16.866257 -20.387802 0.023569766
v -15.367784 -24.215752 0.37525877
v -14.975397 -23.59745 0.21157011
v -13.816938 -25.132917 0.37525877
v -14.578278 -22.971689 0.094186038
v -13.46415 -24.491198 0.21157011
v -15.552814 -21.406612 0.023569766
v -16.388187 -19.809916 -3.4971812e-09
v -15.111975 -20.799849 -3.4971812e-09
v -15.111975 -20.799849 1.7763568e-15
v -14.177992 -22.34094 0.023569766
v -13.776121 -21.707693 -3.4971812e-09
v -13.776121 -21.707693 1.7763568e-15
v -16.388187 -19.809916 1.6605
v -15.111975 -20.799849 1.6605
v -13.776121 -21.707693 1.6605
v -11.582795 -29.254801 1.4774562
v -11.336672 -28.633165 1.1367943
v -12.818977 -27.241713 0.83878553
v -12.518373 -26.602896 0.58460593
v -11.08316 -27.992868 0.83878553
v -12.211565 -25.950897 0.37525877
v -10.82326 -27.336435 0.58460593
v -11.899767 -25.288292 0.21157011
v -9.7230148 -29.924364 1.4774562
v -9.5164108 -29.2885 1.1367943
v -9.3036032 -28.633547 0.83878553
v -9.085434 -27.962091 0.58460593
v -10.557998 -26.66646 0.37525877
v -11.584208 -24.617693 0.094186038
v -10.288421 -25.985582 0.21157011
v -10.015591 -25.296494 0.094186038
v -8.8627634 -27.276781 0.37525877
v -8.6364698 -26.580322 0.21157011
v -13.107106 -23.841738 0.094186038
v -12.747216 -23.187099 0.023569766
v -11.266132 -23.94175 0.023569766
v -12.3859 -22.529867 -3.4971812e-09
v -12.3859 -22.529867 1.7763568e-15
v -10.946796 -23.263126 1.7763568e-15
v -12.3859 -22.529867 1.6605
v -10.946796 -23.263126 1.6605
v -10.946796 -23.263126 -3.4971812e-09
v -9.7405863 -24.601912 0.023569766
v -9.4644918 -23.904577 1.7763568e-15
v -9.4644918 -23.904577 -3.4971812e-09
v -9.4644918 -23.904577 1.6605
v -6.7789087 -35.536285 6.1901989
v -6.8427424 -35.870914 6.8587852
v -6.707335 -35.161079 5.5443215
v -4.5341907 -35.891815 6.1901989
v -4.5768867 -36.22979 6.8587852
v -4.4863167 -35.512856 5.5443215
v -6.3497167 -33.286381 3.2373371
v -7.8248625 -30.475828 1.4774562
v -7.9854856 -31.101414 1.8594267
v -7.6585917 -29.828247 1.1367943
v -5.8958292 -30.907019 1.4774562
v -8.1398277 -31.702534 2.2811985
v -6.1331468 -32.151081 2.2811985
v -6.244247 -32.73349 2.741107
v -6.0168543 -31.541454 1.8594267
v -4.247118 -33.6194 3.2373371
v -4.1765728 -33.060978 2.741107
v -5.7705483 -30.250275 1.1367943
v -3.9435272 -31.216232 1.4774562
v -4.1022611 -32.47274 2.2811985
v -4.024477 -31.857016 1.8594267
v -6.6283026 -34.74678 4.9237032
v -6.5421243 -34.295017 4.3307929
v -6.4491401 -33.807575 3.7679305
v -4.3136191 -34.145809 3.7679305
v -4.375813 -34.638126 4.3307929
v -4.433455 -35.09441 4.9237032
v -2.2475936 -35.724476 5.5443215
v -2.2715776 -36.105694 6.1901989
v -2.2211103 -35.303535 4.9237032
v -2.292968 -36.445683 6.8587852
v 0 -35.795109 5.5443215
v 0 -36.177082 6.1901989
v 0 -35.373337 4.9237032
v 0 -36.517742 6.8587852
v -2.0924151 -33.257988 2.741107
v -2.055186 -32.666248 2.2811985
v -2.1277575 -33.81974 3.2373371
v -3.8597312 -30.552917 1.1367943
v -1.9756621 -31.40225 1.4774562
v -2.016217 -32.046852 1.8594267
v -3.7734194 -29.86969 0.83878553
v -1.9336812 -30.734983 1.1367943
v 0 -33.886608 3.2373371
v 0 -33.323742 2.741107
v 0 -32.730835 2.2811985
v 0 -31.464338 1.4774562
v -1.8904401 -30.047684 0.83878553
v 0 -30.795752 1.1367943
v 0 -32.110214 1.8594267
v 0 -30.107094 0.83878553
v -2.1922324 -34.844536 4.3307929
v -2.1610739 -34.349285 3.7679305
v 0 -34.417198 3.7679305
v 0 -34.913429 4.3307929
v -6.8985839 -36.163643 7.5474429
v -6.9462123 -36.413319 8.2534542
v -6.9854403 -36.618961 8.9740314
v -7.0161123 -36.779747 9.7063322
v -4.6142373 -36.525448 7.5474429
v -4.6460943 -36.777622 8.2534542
v -4.6723323 -36.985321 8.9740314
v -4.6928482 -37.147717 9.7063322
v -7.0513401 -36.96442 11.194509
v -7.0381079 -36.895054 10.447467
v -4.7075601 -37.264175 10.447467
v -4.7164106 -37.334236 11.194509
v -2.3276403 -36.99678 8.2534542
v -2.3116801 -36.743103 7.5474429
v -2.3407853 -37.205715 8.9740314
v -2.3510633 -37.36908 9.7063322
v 0 -36.81575 7.5474429
v 0 -37.069931 8.2534542
v 0 -37.279278 8.9740314
v 0 -37.442966 9.7063322
v -2.358434 -37.486233 10.447467
v -2.3628681 -37.556709 11.194509
v 0 -37.560352 10.447467
v 0 -37.630966 11.194509
v -7.48733 -29.161224 0.83878553
v -7.3117518 -28.477394 0.58460593
v -7.1325517 -27.779455 0.37525877
v -8.4074469 -25.875462 0.094186038
v -6.9504356 -27.07016 0.21157011
v -8.1765985 -25.164982 0.023569766
v -6.7661233 -26.35231 0.094186038
v -6.5803413 -25.628738 0.023569766
v -5.6415067 -29.573814 0.83878553
v -5.5092134 -28.880308 0.58460593
v -5.3741908 -28.172495 0.37525877
v -3.6849327 -29.169247 0.58460593
v -3.5946205 -28.454351 0.37525877
v -5.2369714 -27.453165 0.21157011
v -5.0980968 -26.725159 0.094186038
v -4.9581151 -25.991348 0.023569766
v -6.3938236 -24.902298 -3.4971812e-09
v -4.8175783 -25.254631 -3.4971812e-09
v -7.9448352 -24.451689 1.7763568e-15
v -7.9448352 -24.451689 -3.4971812e-09
v -6.3938236 -24.902298 1.7763568e-15
v -7.9448352 -24.451689 1.6605
v -6.3938236 -24.902298 1.6605
v -4.8175783 -25.254631 1.7763568e-15
v -4.8175783 -25.254631 1.6605
v -3.5028389 -27.727825 0.21157011
v -1.8461093 -29.343067 0.58460593
v -1.8008639 -28.623911 0.37525877
v -3.40995 -26.992535 0.094186038
v -3.3163209 -26.251383 0.023569766
v -3.2223208 -25.507296 1.7763568e-15
v -3.2223208 -25.507296 -3.4971812e-09
v -1.7548822 -27.893055 0.21157011
v -1.7083461 -27.153383 0.094186038
v -1.6614389 -26.407816 0.023569766
v -1.6143459 -25.659294 1.7763568e-15
v -3.2223208 -25.507296 1.6605
v -1.6143459 -25.659294 1.6605
v 0 -29.401083 0.58460593
v 0 -28.680506 0.37525877
v 0 -27.948204 0.21157011
v -1.6143459 -25.659294 -3.4971812e-09
v 0 -27.207071 0.094186038
v 0 -26.460028 0.023569766
v 0 -25.710026 1.7763568e-15
v 0 -25.710026 -3.4971812e-09
v 0 -25.710026 1.6605
v -17.599724 -18.741802 1.7763568e-15
v -17.599724 -18.741802 -3.4971812e-09
v -16.388187 -19.809916 1.7763568e-15
v -17.599724 -18.741802 1.6605
v -33.257988 2.0924151 2.741107
v -33.81974 2.1277575 3.2373371
v -32.666248 2.055186 2.2811985
v -33.060978 4.1765728 2.741107
v -33.6194 4.247118 3.2373371
v -32.73349 6.244247 2.741107
v -35.303535 2.2211103 4.9237032
v -35.724476 2.2475936 5.5443215
v -36.105694 2.2715776 6.1901989
v -35.09441 4.433455 4.9237032
v -35.512856 4.4863167 5.5443215
v -36.445683 2.292968 6.8587852
v -35.891815 4.5341907 6.1901989
v -34.349285 2.1610739 3.7679305
v -34.844536 2.1922324 4.3307929
v -34.145809 4.3136191 3.7679305
v -34.638126 4.375813 4.3307929
v -33.286381 6.3497167 3.2373371
v -35.161079 6.707335 5.5443215
v -36.22979 4.5768867 6.8587852
v -35.536285 6.7789087 6.1901989
v -35.870914 6.8427424 6.8587852
v -35.040512 8.9968739 6.1901989
v -33.807575 6.4491401 3.7679305
v -34.295017 6.5421243 4.3307929
v -34.74678 6.6283026 4.9237032
v -33.816559 8.6826172 4.3307929
v -33.335918 8.5592098 3.7679305
v -32.821995 8.4272566 3.2373371
v -34.26202 8.7969913 4.9237032
v -34.67054 8.9018822 5.5443215
v -32.7327 10.6355 3.7679305
v -33.204643 10.788843 4.3307929
v -33.642044 10.930963 4.9237032
v -35.370472 9.0815935 6.8587852
v -34.406448 11.179333 6.1901989
v -34.043171 11.061297 5.5443215
v -31.40225 1.9756621 1.4774562
v -30.734983 1.9336812 1.1367943
v -32.046852 2.016217 1.8594267
v -31.216232 3.9435272 1.4774562
v -30.552917 3.8597312 1.1367943
v -31.857016 4.024477 1.8594267
v -30.907019 5.8958292 1.4774562
v -30.250275 5.7705483 1.1367943
v -32.47274 4.1022611 2.2811985
v -32.151081 6.1331468 2.2811985
v -31.541454 6.0168543 1.8594267
v -29.343067 1.8461093 0.58460593
v -30.047684 1.8904401 0.83878553
v -29.169247 3.6849327 0.58460593
v -28.623911 1.8008639 0.37525877
v -27.893055 1.7548822 0.21157011
v -28.454351 3.5946205 0.37525877
v -29.86969 3.7734194 0.83878553
v -29.573814 5.6415067 0.83878553
v -28.880308 5.5092134 0.58460593
v -27.727825 3.5028389 0.21157011
v -28.172495 5.3741908 0.37525877
v -30.475828 7.8248625 1.4774562
v -31.702534 8.1398277 2.2811985
v -32.276817 8.2872782 2.741107
v -31.101414 7.9854856 1.8594267
v -31.692764 10.297604 2.741107
v -32.228077 10.471538 3.2373371
v -30.53863 9.9226017 1.8594267
v -31.128872 10.114384 2.2811985
v -29.161224 7.48733 0.83878553
v -29.828247 7.6585917 1.1367943
v -28.477394 7.3117518 0.58460593
v -27.779455 7.1325517 0.37525877
v -29.924364 9.7230148 1.4774562
v -29.2885 9.5164108 1.1367943
v -27.962091 9.085434 0.58460593
v -28.633547 9.3036032 0.83878553
v -27.992868 11.08316 0.83878553
v -36.743103 2.3116801 7.5474429
v -36.99678 2.3276403 8.2534542
v -37.205715 2.3407853 8.9740314
v -37.36908 2.3510633 9.7063322
v -36.525448 4.6142373 7.5474429
v -36.777622 4.6460943 8.2534542
v -36.985321 4.6723323 8.9740314
v -37.147717 4.6928482 9.7063322
v -37.486233 2.358434 10.447467
v -37.556709 2.3628681 11.194509
v -37.264175 4.7075601 10.447467
v -37.334236 4.7164106 11.194509
v -36.163643 6.8985839 7.5474429
v -36.413319 6.9462123 8.2534542
v -36.618961 6.9854403 8.9740314
v -36.779747 7.0161123 9.7063322
v -35.659115 9.1557055 7.5474429
v -35.905312 9.2189169 8.2534542
v -35.013859 11.376693 7.5474429
v -36.108082 9.2709799 8.9740314
v -36.266628 9.3116875 9.7063322
v -35.2556 11.455238 8.2534542
v -35.4547 11.519931 8.9740314
v -34.730438 11.284603 6.8587852
v -36.895054 7.0381079 10.447467
v -36.96442 7.0513401 11.194509
v -36.380322 9.3408794 10.447467
v -36.448723 9.3584414 11.194509
v -35.610378 11.570513 9.7063322
v -32.461685 12.85249 4.3307929
v -32.889297 13.021794 4.9237032
v -33.6366 13.317672 6.1901989
v -33.281452 13.177059 5.5443215
v -32.388386 15.240816 5.5443215
v -33.953339 13.443078 6.8587852
v -32.734001 15.403452 6.1901989
v -30.43236 12.049024 2.2811985
v -30.983633 12.267288 2.741107
v -31.506969 12.474492 3.2373371
v -30.152225 14.18856 2.741107
v -30.661518 14.428215 3.2373371
v -29.254801 11.582795 1.4774562
v -28.633165 11.336672 1.1367943
v -29.855324 11.820559 1.8594267
v -28.469784 13.396864 1.4774562
v -27.864828 13.112193 1.1367943
v -29.054192 13.671865 1.8594267
v -27.572411 15.15806 1.4774562
v -29.615744 13.936111 2.2811985
v -28.682247 15.768199 2.2811985
v -29.201818 16.053837 2.741107
v -28.138395 15.469214 1.8594267
v -32.000301 12.669816 3.7679305
v -31.141613 14.654131 3.7679305
v -31.590616 14.865416 4.3307929
v -32.006752 15.061234 4.9237032
v -29.695059 16.324997 3.2373371
v -27.635557 17.538057 2.2811985
v -28.136168 17.855755 2.741107
v -28.611408 18.157352 3.2373371
v -30.160023 16.580612 3.7679305
v -30.594872 16.819674 4.3307929
v -30.997892 17.041235 4.9237032
v -33.04224 15.548498 6.8587852
v -31.702217 17.428442 6.1901989
v -31.367495 17.244425 5.5443215
v -29.866697 18.953983 4.9237032
v -32.00074 17.592556 6.8587852
v -30.545319 19.384649 6.1901989
v -30.222811 19.179979 5.5443215
v -29.059402 18.441658 3.7679305
v -29.478384 18.707552 4.3307929
v -27.414841 19.918047 3.2373371
v -27.844099 20.229923 3.7679305
v -28.245558 20.521599 4.3307929
v -28.617632 20.791927 4.9237032
v -30.832951 19.567184 6.8587852
v -29.267874 21.264355 6.1901989
v -28.958853 21.039837 5.5443215
v -34.230419 13.552782 7.5474429
v -34.466751 13.646352 8.2534542
v -34.661396 13.723417 8.9740314
v -33.311886 15.675385 7.5474429
v -33.541878 15.783608 8.2534542
v -34.813591 13.783675 9.7063322
v -33.7313 15.872745 8.9740314
v -35.722015 11.606787 10.447467
v -35.789177 11.628609 11.194509
v -34.922729 13.826887 10.447467
v -34.988388 13.852883 11.194509
v -33.87941 15.94244 9.7063322
v -33.985622 15.992419 10.447467
v -34.049519 16.022486 11.194509
v -32.26189 17.736124 7.5474429
v -32.484627 17.858576 8.2534542
v -32.668079 17.959429 8.9740314
v -32.811523 18.038286 9.7063322
v -32.914387 18.094837 10.447467
v -32.976269 18.128857 11.194509
v -31.084566 19.726866 7.5474429
v -31.299177 19.863062 8.2534542
v -31.475935 19.975237 8.9740314
v -31.614141 20.062944 9.7063322
v -31.713253 20.125843 10.447467
v -31.772877 20.163681 11.194509
v -27.153383 1.7083461 0.094186038
v -26.992535 3.40995 0.094186038
v -26.407816 1.6614389 0.023569766
v -25.659294 1.6143459 -3.4971812e-09
v -26.251383 3.3163209 0.023569766
v -27.453165 5.2369714 0.21157011
v -26.725159 5.0980968 0.094186038
v -25.507296 3.2223208 -3.4971812e-09
v -25.991348 4.9581151 0.023569766
v -25.659294 1.6143459 1.6605
v -25.507296 3.2223208 1.6605
v -25.279083 4.6631989 1.6605
v -25.254631 4.8175783 -3.4971812e-09
v -25.279083 4.6631989 1.7763568e-15
v -25.254631 4.8175783 1.7763568e-15
v -25.254631 4.8175783 1.6605
v -27.07016 6.9504356 0.21157011
v -26.35231 6.7661233 0.094186038
v -25.628738 6.5803413 0.023569766
v -25.875462 8.4074469 0.094186038
v -27.276781 8.8627634 0.37525877
v -26.580322 8.6364698 0.21157011
v -27.336435 10.82326 0.58460593
v -26.66646 10.557998 0.37525877
v -25.985582 10.288421 0.21157011
v -25.296494 10.015591 0.094186038
v -24.902298 6.3938236 -3.4971812e-09
v -25.034424 5.8027315 1.7763568e-15
v -24.902298 6.3938236 1.6605
v -25.034424 5.8027315 1.6605
v -25.164982 8.1765985 0.023569766
v -24.451689 7.9448352 -3.4971812e-09
v -24.451689 7.9448352 1.7763568e-15
v -24.451689 7.9448352 1.6605
v -24.601912 9.7405863 0.023569766
v -23.904577 9.4644918 -3.4971812e-09
v -23.904577 9.4644918 1.7763568e-15
v -23.263126 10.946796 -3.4971812e-09
v -23.904577 9.4644918 1.6605
v -23.263126 10.946796 1.6605
v -26.602896 12.518373 0.58460593
v -27.241713 12.818977 0.83878553
v -25.950897 12.211565 0.37525877
v -25.288292 11.899767 0.21157011
v -26.986523 14.835966 1.1367943
v -26.383047 14.504203 0.83878553
v -25.764366 14.16408 0.58460593
v -25.132917 13.816938 0.37525877
v -24.617693 11.584208 0.094186038
v -24.491198 13.46415 0.21157011
v -23.94175 11.266132 0.023569766
v -23.841738 13.107106 0.094186038
v -23.187099 12.747216 0.023569766
v -24.824156 15.753888 0.58460593
v -24.215752 15.367784 0.37525877
v -22.971689 14.578278 0.094186038
v -23.59745 14.975397 0.21157011
v -26.566219 16.859436 1.4774562
v -26.001713 16.501188 1.1367943
v -25.420259 16.132187 0.83878553
v -27.111551 17.205513 1.8594267
v -25.455185 18.494274 1.4774562
v -26.479801 19.238701 2.2811985
v -26.959475 19.587206 2.741107
v -25.977709 18.873911 1.8594267
v -25.21954 20.863419 2.2811985
v -24.914286 18.101288 1.1367943
v -24.357151 17.696507 0.83878553
v -23.785976 17.281523 0.58460593
v -23.203016 16.857979 0.37525877
v -24.243689 20.056124 1.4774562
v -22.653923 18.740955 0.58460593
v -23.197914 19.190985 0.83878553
v -23.728535 19.629951 1.1367943
v -24.741346 20.467821 1.8594267
v -23.263126 10.946796 1.7763568e-15
v -22.529867 12.3859 -3.4971812e-09
v -22.529867 12.3859 1.7763568e-15
v -22.529867 12.3859 1.6605
v -22.34094 14.177992 0.023569766
v -21.707693 13.776121 -3.4971812e-09
v -21.707693 13.776121 1.7763568e-15
v -21.406612 15.552814 0.023569766
v -20.799849 15.111975 -3.4971812e-09
v -21.707693 13.776121 1.6605
v -20.799849 15.111975 1.6605
v -20.799849 15.111975 1.7763568e-15
v -22.610573 16.427542 0.21157011
v -22.010983 15.991915 0.094186038
v -22.098709 18.281643 0.37525877
v -21.534462 17.814856 0.21157011
v -20.387802 16.866257 0.023569766
v -20.963408 17.34244 0.094186038
v -21.432467 20.126427 0.58460593
v -21.947126 20.609724 0.83878553
v -20.907188 19.633158 0.37525877
v -20.373363 19.131863 0.21157011
v -19.809916 16.388187 -3.4971812e-09
v -19.809916 16.388187 1.7763568e-15
v -19.28853 18.113136 0.023569766
v -18.741802 17.599724 -3.4971812e-09
v -18.741802 17.599724 1.7763568e-15
v -19.809916 16.388187 1.6605
v -18.741802 17.599724 1.6605
v -19.833101 18.624521 0.094186038
v -19.131863 20.373363 0.21157011
v -18.113136 19.28853 0.023569766
v -18.624521 19.833101 0.094186038
v -27.255625 22.547815 4.9237032
v -29.543474 21.46459 6.8587852
v -27.87492 23.060139 6.1901989
v -27.580606 22.816662 5.5443215
v -29.784569 21.639755 7.5474429
v -29.990204 21.789158 8.2534542
v -30.159569 21.91221 8.9740314
v -30.291996 22.008423 9.7063322
v -28.137403 23.277285 6.8587852
v -28.367023 23.467243 7.5474429
v -28.562872 23.629263 8.2534542
v -28.724178 23.762707 8.9740314
v -28.850302 23.867044 9.7063322
v -27.175425 25.519423 8.9740314
v -30.386963 22.077419 10.447467
v -30.444092 22.118927 11.194509
v -28.940748 23.941868 10.447467
v -28.995159 23.986881 11.194509
v -27.294748 25.631474 9.7063322
v -27.380318 25.71183 10.447467
v -27.431795 25.76017 11.194509
v -25.676386 21.241354 2.741107
v -26.110079 21.600136 3.2373371
v -22.936516 21.538822 1.4774562
v -23.859751 22.405798 2.2811985
v -24.291964 22.811672 2.741107
v -24.702272 23.196978 3.2373371
v -23.407339 21.980955 1.8594267
v -22.811672 24.291964 2.741107
v -23.196978 24.702272 3.2373371
v -26.518908 21.938349 3.7679305
v -26.90126 22.254658 4.3307929
v -25.089058 23.560194 3.7679305
v -25.450794 23.899887 4.3307929
v -25.786055 24.214716 4.9237032
v -26.093512 24.503439 5.5443215
v -26.371956 24.764915 6.1901989
v -23.899887 25.450794 4.3307929
v -23.560194 25.089058 3.7679305
v -24.214716 25.786055 4.9237032
v -24.503439 26.093512 5.5443215
v -26.620289 24.998116 6.8587852
v -24.764915 26.371956 6.1901989
v -22.547815 27.255625 4.9237032
v -24.998116 26.620289 6.8587852
v -23.060139 27.87492 6.1901989
v -22.816662 27.580606 5.5443215
v -22.449137 21.081142 1.1367943
v -21.538822 22.936516 1.4774562
v -20.609724 21.947126 0.83878553
v -21.081142 22.449137 1.1367943
v -21.980955 23.407339 1.8594267
v -20.056124 24.243689 1.4774562
v -22.405798 23.859751 2.2811985
v -21.241354 25.676386 2.741107
v -20.863419 25.21954 2.2811985
v -20.467821 24.741346 1.8594267
v -20.126427 21.432467 0.58460593
v -19.633158 20.907188 0.37525877
v -19.190985 23.197914 0.83878553
v -17.814856 21.534462 0.21157011
v -18.740955 22.653923 0.58460593
v -18.281643 22.098709 0.37525877
v -19.629951 23.728535 1.1367943
v -17.696507 24.357151 0.83878553
v -18.494274 25.455185 1.4774562
v -18.101288 24.914286 1.1367943
v -21.600136 26.110079 3.2373371
v -18.873911 25.977709 1.8594267
v -19.238701 26.479801 2.2811985
v -19.587206 26.959475 2.741107
v -19.918047 27.414841 3.2373371
v -17.855755 28.136168 2.741107
v -21.938349 26.518908 3.7679305
v -22.254658 26.90126 4.3307929
v -20.229923 27.844099 3.7679305
v -20.521599 28.245558 4.3307929
v -20.791927 28.617632 4.9237032
v -23.277285 28.137403 6.8587852
v -21.264355 29.267874 6.1901989
v -21.039837 28.958853 5.5443215
v -18.707552 29.478384 4.3307929
v -18.157352 28.611408 3.2373371
v -18.441658 29.059402 3.7679305
v -18.953983 29.866697 4.9237032
v -21.46459 29.543474 6.8587852
v -19.384649 30.545319 6.1901989
v -19.179979 30.222811 5.5443215
v -26.837528 25.202116 7.5474429
v -27.022816 25.376114 8.2534542
v -25.202116 26.837528 7.5474429
v -25.376114 27.022816 8.2534542
v -25.519423 27.175425 8.9740314
v -25.631474 27.294748 9.7063322
v -23.467243 28.367023 7.5474429
v -23.629263 28.562872 8.2534542
v -23.762707 28.724178 8.9740314
v -23.867044 28.850302 9.7063322
v -25.71183 27.380318 10.447467
v -25.76017 27.431795 11.194509
v -23.941868 28.940748 10.447467
v -23.986881 28.995159 11.194509
v -21.639755 29.784569 7.5474429
v -21.789158 29.990204 8.2534542
v -21.91221 30.159569 8.9740314
v -22.008423 30.291996 9.7063322
v -19.567184 30.832951 6.8587852
v -22.077419 30.386963 10.447467
v -22.118927 30.444092 11.194509
v -19.863062 31.299177 8.2534542
v -19.975237 31.475935 8.9740314
v -19.726866 31.084566 7.5474429
v -17.592556 32.00074 6.8587852
v -17.736124 32.26189 7.5474429
v -20.062944 31.614141 9.7063322
v -17.858576 32.484627 8.2534542
v -17.959429 32.668079 8.9740314
v -20.125843 31.713253 10.447467
v -20.163681 31.772877 11.194509
v -18.038286 32.811523 9.7063322
v -18.094837 32.914387 10.447467
v -18.128857 32.976269 11.194509
v -17.599724 18.741802 -3.4971812e-09
v -17.599724 18.741802 1.7763568e-15
v -16.866257 20.387802 0.023569766
v -16.388187 19.809916 -3.4971812e-09
v -16.388187 19.809916 1.7763568e-15
v -17.599724 18.741802 1.6605
v -16.388187 19.809916 1.6605
v -15.111975 20.799849 -3.4971812e-09
v -15.111975 20.799849 1.6605
v -17.34244 20.963408 0.094186038
v -16.857979 23.203016 0.37525877
v -15.552814 21.406612 0.023569766
v -16.427542 22.610573 0.21157011
v -15.991915 22.010983 0.094186038
v -17.281523 23.785976 0.58460593
v -15.367784 24.215752 0.37525877
v -15.753888 24.824156 0.58460593
v -16.132187 25.420259 0.83878553
v -15.111975 20.799849 1.7763568e-15
v -14.578278 22.971689 0.094186038
v -13.776121 21.707693 -3.4971812e-09
v -13.776121 21.707693 1.7763568e-15
v -14.177992 22.34094 0.023569766
v -13.776121 21.707693 1.6605
v -14.975397 23.59745 0.21157011
v -13.107106 23.841738 0.094186038
v -13.816938 25.132917 0.37525877
v -13.46415 24.491198 0.21157011
v -16.501188 26.001713 1.1367943
v -16.859436 26.566219 1.4774562
v -17.205513 27.111551 1.8594267
v -17.538057 27.635557 2.2811985
v -15.469214 28.138395 1.8594267
v -15.768199 28.682247 2.2811985
v -16.053837 29.201818 2.741107
v -16.324997 29.695059 3.2373371
v -14.16408 25.764366 0.58460593
v -14.504203 26.383047 0.83878553
v -15.15806 27.572411 1.4774562
v -14.835966 26.986523 1.1367943
v -13.112193 27.864828 1.1367943
v -13.396864 28.469784 1.4774562
v -14.18856 30.152225 2.741107
v -13.671865 29.054192 1.8594267
v -13.936111 29.615744 2.2811985
v -14.428215 30.661518 3.2373371
v -16.580612 30.160023 3.7679305
v -16.819674 30.594872 4.3307929
v -12.3859 22.529867 -3.4971812e-09
v -12.747216 23.187099 0.023569766
v -12.3859 22.529867 1.7763568e-15
v -12.3859 22.529867 1.6605
v -11.899767 25.288292 0.21157011
v -11.266132 23.94175 0.023569766
v -10.946796 23.263126 -3.4971812e-09
v -11.584208 24.617693 0.094186038
v -10.946796 23.263126 1.6605
v -10.946796 23.263126 1.7763568e-15
v -9.7405863 24.601912 0.023569766
v -10.015591 25.296494 0.094186038
v -9.4644918 23.904577 -3.4971812e-09
v -9.4644918 23.904577 1.7763568e-15
v -9.4644918 23.904577 1.6605
v -12.518373 26.602896 0.58460593
v -12.211565 25.950897 0.37525877
v -12.818977 27.241713 0.83878553
v -10.82326 27.336435 0.58460593
v -11.08316 27.992868 0.83878553
v -11.336672 28.633165 1.1367943
v -11.582795 29.254801 1.4774562
v -11.820559 29.855324 1.8594267
v -12.049024 30.43236 2.2811985
v -10.288421 25.985582 0.21157011
v -10.557998 26.66646 0.37525877
v -8.4074469 25.875462 0.094186038
v -8.6364698 26.580322 0.21157011
v -8.8627634 27.276781 0.37525877
v -9.085434 27.962091 0.58460593
v -9.5164108 29.2885 1.1367943
v -9.7230148 29.924364 1.4774562
v -9.3036032 28.633547 0.83878553
v -9.9226017 30.53863 1.8594267
v -17.041235 30.997892 4.9237032
v -17.244425 31.367495 5.5443215
v -17.428442 31.702217 6.1901989
v -15.240816 32.388386 5.5443215
v -15.403452 32.734001 6.1901989
v -14.654131 31.141613 3.7679305
v -14.865416 31.590616 4.3307929
v -15.061234 32.006752 4.9237032
v -12.85249 32.461685 4.3307929
v -13.021794 32.889297 4.9237032
v -15.548498 33.04224 6.8587852
v -13.317672 33.6366 6.1901989
v -13.177059 33.281452 5.5443215
v -12.267288 30.983633 2.741107
v -12.474492 31.506969 3.2373371
v -10.114384 31.128872 2.2811985
v -10.297604 31.692764 2.741107
v -10.471538 32.228077 3.2373371
v -8.1398277 31.702534 2.2811985
v -8.2872782 32.276817 2.741107
v -12.669816 32.000301 3.7679305
v -10.6355 32.7327 3.7679305
v -10.788843 33.204643 4.3307929
v -10.930963 33.642044 4.9237032
v -11.061297 34.043171 5.5443215
v -13.443078 33.953339 6.8587852
v -11.179333 34.406448 6.1901989
v -8.4272566 32.821995 3.2373371
v -8.5592098 33.335918 3.7679305
v -8.6826172 33.816559 4.3307929
v -8.7969913 34.26202 4.9237032
v -8.9018822 34.67054 5.5443215
v -11.284603 34.730438 6.8587852
v -8.9968739 35.040512 6.1901989
v -15.675385 33.311886 7.5474429
v -15.783608 33.541878 8.2534542
v -15.872745 33.7313 8.9740314
v -15.94244 33.87941 9.7063322
v -13.552782 34.230419 7.5474429
v -13.646352 34.466751 8.2534542
v -13.723417 34.661396 8.9740314
v -13.783675 34.813591 9.7063322
v -15.992419 33.985622 10.447467
v -16.022486 34.049519 11.194509
v -13.826887 34.922729 10.447467
v -13.852883 34.988388 11.194509
v -11.376693 35.013859 7.5474429
v -11.455238 35.2556 8.2534542
v -11.519931 35.4547 8.9740314
v -11.570513 35.610378 9.7063322
v -9.1557055 35.659115 7.5474429
v -9.0815935 35.370472 6.8587852
v -11.606787 35.722015 10.447467
v -11.628609 35.789177 11.194509
v -9.2189169 35.905312 8.2534542
v -9.2709799 36.108082 8.9740314
v -9.3116875 36.266628 9.7063322
v -9.3408794 36.380322 10.447467
v -9.3584414 36.448723 11.194509
v -7.9448352 24.451689 -3.4971812e-09
v -8.1765985 25.164982 0.023569766
v -7.9448352 24.451689 1.7763568e-15
v -6.3938236 24.902298 -3.4971812e-09
v -7.9448352 24.451689 1.6605
v -6.3938236 24.902298 1.6605
v -6.3938236 24.902298 1.7763568e-15
v -4.8175783 25.254631 -3.4971812e-09
v -4.8175783 25.254631 1.7763568e-15
v -4.8175783 25.254631 1.6605
v -7.1325517 27.779455 0.37525877
v -6.5803413 25.628738 0.023569766
v -6.7661233 26.35231 0.094186038
v -6.9504356 27.07016 0.21157011
v -7.3117518 28.477394 0.58460593
v -7.6585917 29.828247 1.1367943
v -7.48733 29.161224 0.83878553
v -7.8248625 30.475828 1.4774562
v -5.7705483 30.250275 1.1367943
v -4.9581151 25.991348 0.023569766
v -5.0980968 26.725159 0.094186038
v -5.2369714 27.453165 0.21157011
v -5.3741908 28.172495 0.37525877
v -5.5092134 28.880308 0.58460593
v -5.6415067 29.573814 0.83878553
v -3.5946205 28.454351 0.37525877
v -3.6849327 29.169247 0.58460593
v -3.7734194 29.86969 0.83878553
v -3.2223208 25.507296 -3.4971812e-09
v -3.3163209 26.251383 0.023569766
v -3.2223208 25.507296 1.7763568e-15
v -3.40995 26.992535 0.094186038
v -3.5028389 27.727825 0.21157011
v -1.6143459 25.659294 -3.4971812e-09
v -1.6614389 26.407816 0.023569766
v -1.7083461 27.153383 0.094186038
v -3.2223208 25.507296 1.6605
v -1.6143459 25.659294 1.6605
v -3.8597312 30.552917 1.1367943
v -1.7548822 27.893055 0.21157011
v -1.8008639 28.623911 0.37525877
v -1.8461093 29.343067 0.58460593
v -1.8904401 30.047684 0.83878553
v -1.6143459 25.659294 1.7763568e-15
v 0 25.710026 -3.4971812e-09
v 0 25.710026 1.7763568e-15
v 0 26.460028 0.023569766
v 0 27.207071 0.094186038
v 0 27.948204 0.21157011
v 0 25.710026 1.6605
v 0 28.680506 0.37525877
v 0 29.401083 0.58460593
v 0 30.107094 0.83878553
v -7.9854856 31.101414 1.8594267
v -5.8958292 30.907019 1.4774562
v -6.0168543 31.541454 1.8594267
v -6.1331468 32.151081 2.2811985
v -6.244247 32.73349 2.741107
v -3.9435272 31.216232 1.4774562
v -4.024477 31.857016 1.8594267
v -4.1022611 32.47274 2.2811985
v -4.1765728 33.060978 2.741107
v -6.3497167 33.286381 3.2373371
v -4.247118 33.6194 3.2373371
v -6.4491401 33.807575 3.7679305
v -6.5421243 34.295017 4.3307929
v -6.6283026 34.74678 4.9237032
v -6.707335 35.161079 5.5443215
v -6.7789087 35.536285 6.1901989
v -4.3136191 34.145809 3.7679305
v -4.375813 34.638126 4.3307929
v -4.433455 35.09441 4.9237032
v -4.4863167 35.512856 5.5443215
v -6.8427424 35.870914 6.8587852
v -4.5341907 35.891815 6.1901989
v -1.9336812 30.734983 1.1367943
v -1.9756621 31.40225 1.4774562
v -2.016217 32.046852 1.8594267
v -2.055186 32.666248 2.2811985
v -2.0924151 33.257988 2.741107
v -2.1277575 33.81974 3.2373371
v 0 30.795752 1.1367943
v 0 31.464338 1.4774562
v 0 32.110214 1.8594267
v 0 32.730835 2.2811985
v 0 33.323742 2.741107
v 0 33.886608 3.2373371
v -2.1610739 34.349285 3.7679305
v -2.1922324 34.844536 4.3307929
v -2.2211103 35.303535 4.9237032
v 0 34.417198 3.7679305
v 0 34.913429 4.3307929
v 0 35.373337 4.9237032
v -2.2475936 35.724476 5.5443215
v -4.5768867 36.22979 6.8587852
v -2.2715776 36.105694 6.1901989
v 0 35.795109 5.5443215
v -2.292968 36.445683 6.8587852
v 0 36.177082 6.1901989
v -6.8985839 36.163643 7.5474429
v -6.9462123 36.413319 8.2534542
v -6.9854403 36.618961 8.9740314
v -7.0161123 36.779747 9.7063322
v -4.6142373 36.525448 7.5474429
v -4.6460943 36.777622 8.2534542
v -4.6723323 36.985321 8.9740314
v -4.6928482 37.147717 9.7063322
v -7.0381079 36.895054 10.447467
v -7.0513401 36.96442 11.194509
v -4.7075601 37.264175 10.447467
v -4.7164106 37.334236 11.194509
v -2.3116801 36.743103 7.5474429
v -2.3276403 36.99678 8.2534542
v -2.3407853 37.205715 8.9740314
v -2.3510633 37.36908 9.7063322
v 0 36.517742 6.8587852
v 0 36.81575 7.5474429
v 0 37.069931 8.2534542
v 0 37.279278 8.9740314
v 0 37.442966 9.7063322
v -2.358434 37.486233 10.447467
v -2.3628681 37.556709 11.194509
v 0 37.560352 10.447467
v 0 37.630966 11.194509
v 2.2475936 -35.724476 5.5443215
v 2.2715776 -36.105694 6.1901989
v 2.2211103 -35.303535 4.9237032
v 2.292968 -36.445683 6.8587852
v 4.4863167 -35.512856 5.5443215
v 4.5341907 -35.891815 6.1901989
v 4.5768867 -36.22979 6.8587852
v 2.1277575 -33.81974 3.2373371
v 2.0924151 -33.257988 2.741107
v 2.055186 -32.666248 2.2811985
v 1.9756621 -31.40225 1.4774562
v 1.9336812 -30.734983 1.1367943
v 2.016217 -32.046852 1.8594267
v 1.8904401 -30.047684 0.83878553
v 4.247118 -33.6194 3.2373371
v 4.1765728 -33.060978 2.741107
v 3.9435272 -31.216232 1.4774562
v 3.8597312 -30.552917 1.1367943
v 4.024477 -31.857016 1.8594267
v 5.8958292 -30.907019 1.4774562
v 4.1022611 -32.47274 2.2811985
v 6.0168543 -31.541454 1.8594267
v 2.1610739 -34.349285 3.7679305
v 2.1922324 -34.844536 4.3307929
v 4.3136191 -34.145809 3.7679305
v 4.375813 -34.638126 4.3307929
v 4.433455 -35.09441 4.9237032
v 6.7789087 -35.536285 6.1901989
v 6.707335 -35.161079 5.5443215
v 6.8427424 -35.870914 6.8587852
v 8.9968739 -35.040512 6.1901989
v 9.0815935 -35.370472 6.8587852
v 6.3497167 -33.286381 3.2373371
v 6.244247 -32.73349 2.741107
v 8.4272566 -32.821995 3.2373371
v 5.7705483 -30.250275 1.1367943
v 7.8248625 -30.475828 1.4774562
v 6.1331468 -32.151081 2.2811985
v 8.1398277 -31.702534 2.2811985
v 8.2872782 -32.276817 2.741107
v 7.9854856 -31.101414 1.8594267
v 9.7230148 -29.924364 1.4774562
v 9.9226017 -30.53863 1.8594267
v 10.471538 -32.228077 3.2373371
v 10.297604 -31.692764 2.741107
v 10.114384 -31.128872 2.2811985
v 6.4491401 -33.807575 3.7679305
v 6.5421243 -34.295017 4.3307929
v 6.6283026 -34.74678 4.9237032
v 8.7969913 -34.26202 4.9237032
v 8.6826172 -33.816559 4.3307929
v 8.5592098 -33.335918 3.7679305
v 10.6355 -32.7327 3.7679305
v 10.788843 -33.204643 4.3307929
v 8.9018822 -34.67054 5.5443215
v 2.3116801 -36.743103 7.5474429
v 2.3276403 -36.99678 8.2534542
v 2.3407853 -37.205715 8.9740314
v 2.3510633 -37.36908 9.7063322
v 4.6460943 -36.777622 8.2534542
v 4.6142373 -36.525448 7.5474429
v 4.6723323 -36.985321 8.9740314
v 4.6928482 -37.147717 9.7063322
v 2.358434 -37.486233 10.447467
v 2.3628681 -37.556709 11.194509
v 4.7075601 -37.264175 10.447467
v 4.7164106 -37.334236 11.194509
v 6.8985839 -36.163643 7.5474429
v 6.9462123 -36.413319 8.2534542
v 6.9854403 -36.618961 8.9740314
v 7.0161123 -36.779747 9.7063322
v 9.1557055 -35.659115 7.5474429
v 9.2189169 -35.905312 8.2534542
v 9.2709799 -36.108082 8.9740314
v 9.3116875 -36.266628 9.7063322
v 7.0381079 -36.895054 10.447467
v 7.0513401 -36.96442 11.194509
v 9.3408794 -36.380322 10.447467
v 9.3584414 -36.448723 11.194509
v 1.8461093 -29.343067 0.58460593
v 1.8008639 -28.623911 0.37525877
v 1.7548822 -27.893055 0.21157011
v 1.7083461 -27.153383 0.094186038
v 1.6614389 -26.407816 0.023569766
v 1.6143459 -25.659294 1.7763568e-15
v 1.6143459 -25.659294 -3.4971812e-09
v 3.5028389 -27.727825 0.21157011
v 3.40995 -26.992535 0.094186038
v 3.3163209 -26.251383 0.023569766
v 3.2223208 -25.507296 1.7763568e-15
v 1.6143459 -25.659294 1.6605
v 3.2223208 -25.507296 1.6605
v 3.7734194 -29.86969 0.83878553
v 3.6849327 -29.169247 0.58460593
v 3.5946205 -28.454351 0.37525877
v 5.6415067 -29.573814 0.83878553
v 5.5092134 -28.880308 0.58460593
v 5.3741908 -28.172495 0.37525877
v 5.2369714 -27.453165 0.21157011
v 3.2223208 -25.507296 -3.4971812e-09
v 5.0980968 -26.725159 0.094186038
v 4.9581151 -25.991348 0.023569766
v 4.8175783 -25.254631 1.7763568e-15
v 4.8175783 -25.254631 -3.4971812e-09
v 4.8175783 -25.254631 1.6605
v 7.48733 -29.161224 0.83878553
v 7.6585917 -29.828247 1.1367943
v 7.3117518 -28.477394 0.58460593
v 7.1325517 -27.779455 0.37525877
v 6.9504356 -27.07016 0.21157011
v 6.7661233 -26.35231 0.094186038
v 6.5803413 -25.628738 0.023569766
v 6.3938236 -24.902298 -3.4971812e-09
v 8.1765985 -25.164982 0.023569766
v 9.5164108 -29.2885 1.1367943
v 9.3036032 -28.633547 0.83878553
v 9.085434 -27.962091 0.58460593
v 8.6364698 -26.580322 0.21157011
v 8.8627634 -27.276781 0.37525877
v 8.4074469 -25.875462 0.094186038
v 10.557998 -26.66646 0.37525877
v 10.288421 -25.985582 0.21157011
v 10.015591 -25.296494 0.094186038
v 6.3938236 -24.902298 1.7763568e-15
v 7.9448352 -24.451689 1.7763568e-15
v 6.3938236 -24.902298 1.6605
v 7.9448352 -24.451689 1.6605
v 7.9448352 -24.451689 -3.4971812e-09
v 9.7405863 -24.601912 0.023569766
v 9.4644918 -23.904577 1.7763568e-15
v 9.4644918 -23.904577 -3.4971812e-09
v 9.4644918 -23.904577 1.6605
v 12.474492 -31.506969 3.2373371
v 12.049024 -30.43236 2.2811985
v 11.820559 -29.855324 1.8594267
v 12.267288 -30.983633 2.741107
v 14.18856 -30.152225 2.741107
v 14.428215 -30.661518 3.2373371
v 10.930963 -33.642044 4.9237032
v 12.85249 -32.461685 4.3307929
v 13.021794 -32.889297 4.9237032
v 11.061297 -34.043171 5.5443215
v 11.179333 -34.406448 6.1901989
v 11.284603 -34.730438 6.8587852
v 13.177059 -33.281452 5.5443215
v 12.669816 -32.000301 3.7679305
v 13.317672 -33.6366 6.1901989
v 13.443078 -33.953339 6.8587852
v 15.240816 -32.388386 5.5443215
v 15.403452 -32.734001 6.1901989
v 14.654131 -31.141613 3.7679305
v 14.865416 -31.590616 4.3307929
v 15.061234 -32.006752 4.9237032
v 15.548498 -33.04224 6.8587852
v 16.580612 -30.160023 3.7679305
v 17.041235 -30.997892 4.9237032
v 16.819674 -30.594872 4.3307929
v 17.244425 -31.367495 5.5443215
v 17.428442 -31.702217 6.1901989
v 18.953983 -29.866697 4.9237032
v 17.592556 -32.00074 6.8587852
v 19.179979 -30.222811 5.5443215
v 19.384649 -30.545319 6.1901989
v 19.567184 -30.832951 6.8587852
v 11.376693 -35.013859 7.5474429
v 11.455238 -35.2556 8.2534542
v 11.519931 -35.4547 8.9740314
v 11.570513 -35.610378 9.7063322
v 11.606787 -35.722015 10.447467
v 11.628609 -35.789177 11.194509
v 13.826887 -34.922729 10.447467
v 13.852883 -34.988388 11.194509
v 13.552782 -34.230419 7.5474429
v 13.646352 -34.466751 8.2534542
v 13.723417 -34.661396 8.9740314
v 13.783675 -34.813591 9.7063322
v 15.783608 -33.541878 8.2534542
v 15.675385 -33.311886 7.5474429
v 17.736124 -32.26189 7.5474429
v 17.858576 -32.484627 8.2534542
v 15.872745 -33.7313 8.9740314
v 15.94244 -33.87941 9.7063322
v 17.959429 -32.668079 8.9740314
v 18.038286 -32.811523 9.7063322
v 19.726866 -31.084566 7.5474429
v 19.863062 -31.299177 8.2534542
v 19.975237 -31.475935 8.9740314
v 20.062944 -31.614141 9.7063322
v 15.992419 -33.985622 10.447467
v 16.022486 -34.049519 11.194509
v 18.094837 -32.914387 10.447467
v 18.128857 -32.976269 11.194509
v 20.125843 -31.713253 10.447467
v 20.163681 -31.772877 11.194509
v 11.582795 -29.254801 1.4774562
v 11.08316 -27.992868 0.83878553
v 10.82326 -27.336435 0.58460593
v 11.336672 -28.633165 1.1367943
v 12.818977 -27.241713 0.83878553
v 12.518373 -26.602896 0.58460593
v 12.211565 -25.950897 0.37525877
v 11.899767 -25.288292 0.21157011
v 13.396864 -28.469784 1.4774562
v 13.112193 -27.864828 1.1367943
v 13.671865 -29.054192 1.8594267
v 15.15806 -27.572411 1.4774562
v 13.936111 -29.615744 2.2811985
v 13.816938 -25.132917 0.37525877
v 14.504203 -26.383047 0.83878553
v 14.835966 -26.986523 1.1367943
v 14.16408 -25.764366 0.58460593
v 11.584208 -24.617693 0.094186038
v 11.266132 -23.94175 0.023569766
v 10.946796 -23.263126 1.7763568e-15
v 10.946796 -23.263126 -3.4971812e-09
v 12.747216 -23.187099 0.023569766
v 12.3859 -22.529867 1.7763568e-15
v 10.946796 -23.263126 1.6605
v 12.3859 -22.529867 1.6605
v 13.46415 -24.491198 0.21157011
v 13.107106 -23.841738 0.094186038
v 12.3859 -22.529867 -3.4971812e-09
v 14.975397 -23.59745 0.21157011
v 14.578278 -22.971689 0.094186038
v 14.177992 -22.34094 0.023569766
v 13.776121 -21.707693 1.7763568e-15
v 13.776121 -21.707693 -3.4971812e-09
v 13.776121 -21.707693 1.6605
v 15.469214 -28.138395 1.8594267
v 15.768199 -28.682247 2.2811985
v 16.053837 -29.201818 2.741107
v 16.324997 -29.695059 3.2373371
v 17.538057 -27.635557 2.2811985
v 15.753888 -24.824156 0.58460593
v 16.132187 -25.420259 0.83878553
v 16.501188 -26.001713 1.1367943
v 16.859436 -26.566219 1.4774562
v 17.205513 -27.111551 1.8594267
v 18.157352 -28.611408 3.2373371
v 17.855755 -28.136168 2.741107
v 19.918047 -27.414841 3.2373371
v 18.101288 -24.914286 1.1367943
v 18.494274 -25.455185 1.4774562
v 18.873911 -25.977709 1.8594267
v 19.238701 -26.479801 2.2811985
v 19.587206 -26.959475 2.741107
v 18.441658 -29.059402 3.7679305
v 18.707552 -29.478384 4.3307929
v 15.367784 -24.215752 0.37525877
v 17.281523 -23.785976 0.58460593
v 16.857979 -23.203016 0.37525877
v 16.427542 -22.610573 0.21157011
v 15.552814 -21.406612 0.023569766
v 15.991915 -22.010983 0.094186038
v 15.111975 -20.799849 1.7763568e-15
v 15.111975 -20.799849 -3.4971812e-09
v 17.34244 -20.963408 0.094186038
v 16.866257 -20.387802 0.023569766
v 16.388187 -19.809916 1.7763568e-15
v 16.388187 -19.809916 -3.4971812e-09
v 15.111975 -20.799849 1.6605
v 16.388187 -19.809916 1.6605
v 17.696507 -24.357151 0.83878553
v 18.740955 -22.653923 0.58460593
v 19.629951 -23.728535 1.1367943
v 19.190985 -23.197914 0.83878553
v 17.814856 -21.534462 0.21157011
v 18.281643 -22.098709 0.37525877
v 18.624521 -19.833101 0.094186038
v 19.633158 -20.907188 0.37525877
v 19.131863 -20.373363 0.21157011
v 17.599724 -18.741802 1.7763568e-15
v 18.113136 -19.28853 0.023569766
v 17.599724 -18.741802 -3.4971812e-09
v 18.741802 -17.599724 1.7763568e-15
v 19.28853 -18.113136 0.023569766
v 18.741802 -17.599724 -3.4971812e-09
v 17.599724 -18.741802 1.6605
v 18.741802 -17.599724 1.6605
v 21.46459 -29.543474 6.8587852
v 21.639755 -29.784569 7.5474429
v 21.789158 -29.990204 8.2534542
v 21.91221 -30.159569 8.9740314
v 22.008423 -30.291996 9.7063322
v 22.077419 -30.386963 10.447467
v 22.118927 -30.444092 11.194509
v 20.467821 -24.741346 1.8594267
v 20.863419 -25.21954 2.2811985
v 21.600136 -26.110079 3.2373371
v 21.241354 -25.676386 2.741107
v 23.196978 -24.702272 3.2373371
v 20.791927 -28.617632 4.9237032
v 20.229923 -27.844099 3.7679305
v 20.521599 -28.245558 4.3307929
v 21.039837 -28.958853 5.5443215
v 21.264355 -29.267874 6.1901989
v 21.938349 -26.518908 3.7679305
v 22.254658 -26.90126 4.3307929
v 22.547815 -27.255625 4.9237032
v 22.816662 -27.580606 5.5443215
v 23.060139 -27.87492 6.1901989
v 23.277285 -28.137403 6.8587852
v 24.214716 -25.786055 4.9237032
v 23.560194 -25.089058 3.7679305
v 23.899887 -25.450794 4.3307929
v 24.503439 -26.093512 5.5443215
v 20.056124 -24.243689 1.4774562
v 21.081142 -22.449137 1.1367943
v 21.538822 -22.936516 1.4774562
v 21.980955 -23.407339 1.8594267
v 20.126427 -21.432467 0.58460593
v 20.609724 -21.947126 0.83878553
v 20.907188 -19.633158 0.37525877
v 21.432467 -20.126427 0.58460593
v 21.947126 -20.609724 0.83878553
v 22.405798 -23.859751 2.2811985
v 22.811672 -24.291964 2.741107
v 23.407339 -21.980955 1.8594267
v 23.859751 -22.405798 2.2811985
v 24.291964 -22.811672 2.741107
v 22.449137 -21.081142 1.1367943
v 22.936516 -21.538822 1.4774562
v 23.728535 -19.629951 1.1367943
v 24.243689 -20.056124 1.4774562
v 24.764915 -26.371956 6.1901989
v 24.998116 -26.620289 6.8587852
v 26.093512 -24.503439 5.5443215
v 26.371956 -24.764915 6.1901989
v 26.620289 -24.998116 6.8587852
v 24.702272 -23.196978 3.2373371
v 24.741346 -20.467821 1.8594267
v 25.21954 -20.863419 2.2811985
v 25.676386 -21.241354 2.741107
v 26.110079 -21.600136 3.2373371
v 26.479801 -19.238701 2.2811985
v 27.414841 -19.918047 3.2373371
v 26.959475 -19.587206 2.741107
v 25.089058 -23.560194 3.7679305
v 25.450794 -23.899887 4.3307929
v 25.786055 -24.214716 4.9237032
v 26.518908 -21.938349 3.7679305
v 26.90126 -22.254658 4.3307929
v 27.255625 -22.547815 4.9237032
v 27.87492 -23.060139 6.1901989
v 27.580606 -22.816662 5.5443215
v 28.137403 -23.277285 6.8587852
v 27.844099 -20.229923 3.7679305
v 28.245558 -20.521599 4.3307929
v 28.617632 -20.791927 4.9237032
v 28.958853 -21.039837 5.5443215
v 23.467243 -28.367023 7.5474429
v 23.629263 -28.562872 8.2534542
v 23.762707 -28.724178 8.9740314
v 23.867044 -28.850302 9.7063322
v 23.941868 -28.940748 10.447467
v 23.986881 -28.995159 11.194509
v 25.202116 -26.837528 7.5474429
v 25.376114 -27.022816 8.2534542
v 25.519423 -27.175425 8.9740314
v 25.631474 -27.294748 9.7063322
v 26.837528 -25.202116 7.5474429
v 27.022816 -25.376114 8.2534542
v 27.175425 -25.519423 8.9740314
v 27.294748 -25.631474 9.7063322
v 25.71183 -27.380318 10.447467
v 25.76017 -27.431795 11.194509
v 27.380318 -25.71183 10.447467
v 27.431795 -25.76017 11.194509
v 28.367023 -23.467243 7.5474429
v 28.562872 -23.629263 8.2534542
v 28.724178 -23.762707 8.9740314
v 28.850302 -23.867044 9.7063322
v 28.940748 -23.941868 10.447467
v 28.995159 -23.986881 11.194509
v 29.267874 -21.264355 6.1901989
v 29.543474 -21.46459 6.8587852
v 30.222811 -19.179979 5.5443215
v 30.545319 -19.384649 6.1901989
v 29.784569 -21.639755 7.5474429
v 29.990204 -21.789158 8.2534542
v 30.159569 -21.91221 8.9740314
v 30.291996 -22.008423 9.7063322
v 30.832951 -19.567184 6.8587852
v 31.084566 -19.726866 7.5474429
v 31.299177 -19.863062 8.2534542
v 31.475935 -19.975237 8.9740314
v 31.614141 -20.062944 9.7063322
v 30.386963 -22.077419 10.447467
v 30.444092 -22.118927 11.194509
v 31.772877 -20.163681 11.194509
v 31.713253 -20.125843 10.447467
v 20.373363 -19.131863 0.21157011
v 19.833101 -18.624521 0.094186038
v 22.098709 -18.281643 0.37525877
v 21.534462 -17.814856 0.21157011
v 20.963408 -17.34244 0.094186038
v 19.809916 -16.388187 1.7763568e-15
v 20.387802 -16.866257 0.023569766
v 19.809916 -16.388187 -3.4971812e-09
v 22.010983 -15.991915 0.094186038
v 20.799849 -15.111975 1.7763568e-15
v 21.406612 -15.552814 0.023569766
v 20.799849 -15.111975 -3.4971812e-09
v 19.809916 -16.388187 1.6605
v 20.799849 -15.111975 1.6605
v 22.653923 -18.740955 0.58460593
v 23.197914 -19.190985 0.83878553
v 23.785976 -17.281523 0.58460593
v 24.357151 -17.696507 0.83878553
v 22.610573 -16.427542 0.21157011
v 23.203016 -16.857979 0.37525877
v 22.971689 -14.578278 0.094186038
v 23.59745 -14.975397 0.21157011
v 24.215752 -15.367784 0.37525877
v 21.707693 -13.776121 1.7763568e-15
v 21.707693 -13.776121 1.6605
v 22.34094 -14.177992 0.023569766
v 21.707693 -13.776121 -3.4971812e-09
v 22.529867 -12.3859 1.7763568e-15
v 22.529867 -12.3859 -3.4971812e-09
v 23.841738 -13.107106 0.094186038
v 23.187099 -12.747216 0.023569766
v 22.529867 -12.3859 1.6605
v 23.263126 -10.946796 1.7763568e-15
v 23.94175 -11.266132 0.023569766
v 23.263126 -10.946796 -3.4971812e-09
v 23.904577 -9.4644918 1.7763568e-15
v 23.263126 -10.946796 1.6605
v 23.904577 -9.4644918 1.6605
v 24.914286 -18.101288 1.1367943
v 25.455185 -18.494274 1.4774562
v 25.977709 -18.873911 1.8594267
v 26.566219 -16.859436 1.4774562
v 24.824156 -15.753888 0.58460593
v 25.420259 -16.132187 0.83878553
v 26.001713 -16.501188 1.1367943
v 26.383047 -14.504203 0.83878553
v 27.111551 -17.205513 1.8594267
v 27.635557 -17.538057 2.2811985
v 28.611408 -18.157352 3.2373371
v 28.136168 -17.855755 2.741107
v 26.986523 -14.835966 1.1367943
v 27.572411 -15.15806 1.4774562
v 28.138395 -15.469214 1.8594267
v 28.682247 -15.768199 2.2811985
v 29.059402 -18.441658 3.7679305
v 24.491198 -13.46415 0.21157011
v 25.132917 -13.816938 0.37525877
v 25.288292 -11.899767 0.21157011
v 25.764366 -14.16408 0.58460593
v 25.950897 -12.211565 0.37525877
v 26.602896 -12.518373 0.58460593
v 24.617693 -11.584208 0.094186038
v 24.601912 -9.7405863 0.023569766
v 25.296494 -10.015591 0.094186038
v 25.985582 -10.288421 0.21157011
v 27.241713 -12.818977 0.83878553
v 27.864828 -13.112193 1.1367943
v 28.469784 -13.396864 1.4774562
v 26.66646 -10.557998 0.37525877
v 27.336435 -10.82326 0.58460593
v 27.992868 -11.08316 0.83878553
v 28.633165 -11.336672 1.1367943
v 27.962091 -9.085434 0.58460593
v 28.633547 -9.3036032 0.83878553
v 23.904577 -9.4644918 -3.4971812e-09
v 24.451689 -7.9448352 1.7763568e-15
v 25.164982 -8.1765985 0.023569766
v 24.451689 -7.9448352 -3.4971812e-09
v 25.875462 -8.4074469 0.094186038
v 25.628738 -6.5803413 0.023569766
v 26.35231 -6.7661233 0.094186038
v 24.451689 -7.9448352 1.6605
v 24.902298 -6.3938236 1.7763568e-15
v 24.902298 -6.3938236 -3.4971812e-09
v 25.254631 -4.8175783 1.7763568e-15
v 25.254631 -4.8175783 -3.4971812e-09
v 25.991348 -4.9581151 0.023569766
v 24.902298 -6.3938236 1.6605
v 25.254631 -4.8175783 1.6605
v 26.580322 -8.6364698 0.21157011
v 27.276781 -8.8627634 0.37525877
v 27.07016 -6.9504356 0.21157011
v 27.779455 -7.1325517 0.37525877
v 28.477394 -7.3117518 0.58460593
v 27.453165 -5.2369714 0.21157011
v 26.725159 -5.0980968 0.094186038
v 28.172495 -5.3741908 0.37525877
v 25.507296 -3.2223208 1.7763568e-15
v 26.251383 -3.3163209 0.023569766
v 25.507296 -3.2223208 -3.4971812e-09
v 25.659294 -1.6143459 1.7763568e-15
v 25.507296 -3.2223208 1.6605
v 25.659294 -1.6143459 1.6605
v 25.659294 -1.6143459 -3.4971812e-09
v 26.407816 -1.6614389 0.023569766
v 25.710026 0 1.7763568e-15
v 25.710026 0 -3.4971812e-09
v 25.710026 0 1.6605
v 26.992535 -3.40995 0.094186038
v 27.153383 -1.7083461 0.094186038
v 27.727825 -3.5028389 0.21157011
v 28.454351 -3.5946205 0.37525877
v 27.893055 -1.7548822 0.21157011
v 26.460028 0 0.023569766
v 27.207071 0 0.094186038
v 28.623911 -1.8008639 0.37525877
v 27.948204 0 0.21157011
v 28.680506 0 0.37525877
v 29.201818 -16.053837 2.741107
v 29.695059 -16.324997 3.2373371
v 30.152225 -14.18856 2.741107
v 30.661518 -14.428215 3.2373371
v 29.478384 -18.707552 4.3307929
v 29.866697 -18.953983 4.9237032
v 30.160023 -16.580612 3.7679305
v 30.594872 -16.819674 4.3307929
v 30.997892 -17.041235 4.9237032
v 31.367495 -17.244425 5.5443215
v 31.141613 -14.654131 3.7679305
v 31.702217 -17.428442 6.1901989
v 32.00074 -17.592556 6.8587852
v 31.590616 -14.865416 4.3307929
v 32.006752 -15.061234 4.9237032
v 32.388386 -15.240816 5.5443215
v 32.734001 -15.403452 6.1901989
v 33.04224 -15.548498 6.8587852
v 29.054192 -13.671865 1.8594267
v 29.254801 -11.582795 1.4774562
v 29.615744 -13.936111 2.2811985
v 29.855324 -11.820559 1.8594267
v 30.43236 -12.049024 2.2811985
v 30.983633 -12.267288 2.741107
v 29.2885 -9.5164108 1.1367943
v 29.924364 -9.7230148 1.4774562
v 30.53863 -9.9226017 1.8594267
v 31.128872 -10.114384 2.2811985
v 31.506969 -12.474492 3.2373371
v 31.692764 -10.297604 2.741107
v 32.228077 -10.471538 3.2373371
v 32.000301 -12.669816 3.7679305
v 32.461685 -12.85249 4.3307929
v 32.889297 -13.021794 4.9237032
v 33.281452 -13.177059 5.5443215
v 33.6366 -13.317672 6.1901989
v 32.7327 -10.6355 3.7679305
v 33.204643 -10.788843 4.3307929
v 33.953339 -13.443078 6.8587852
v 33.642044 -10.930963 4.9237032
v 34.26202 -8.7969913 4.9237032
v 34.043171 -11.061297 5.5443215
v 34.406448 -11.179333 6.1901989
v 34.67054 -8.9018822 5.5443215
v 34.730438 -11.284603 6.8587852
v 35.040512 -8.9968739 6.1901989
v 32.26189 -17.736124 7.5474429
v 32.484627 -17.858576 8.2534542
v 32.668079 -17.959429 8.9740314
v 32.811523 -18.038286 9.7063322
v 33.311886 -15.675385 7.5474429
v 33.541878 -15.783608 8.2534542
v 32.914387 -18.094837 10.447467
v 32.976269 -18.128857 11.194509
v 33.7313 -15.872745 8.9740314
v 33.87941 -15.94244 9.7063322
v 34.813591 -13.783675 9.7063322
v 33.985622 -15.992419 10.447467
v 34.049519 -16.022486 11.194509
v 34.922729 -13.826887 10.447467
v 34.988388 -13.852883 11.194509
v 34.230419 -13.552782 7.5474429
v 34.466751 -13.646352 8.2534542
v 35.013859 -11.376693 7.5474429
v 35.2556 -11.455238 8.2534542
v 34.661396 -13.723417 8.9740314
v 35.4547 -11.519931 8.9740314
v 35.610378 -11.570513 9.7063322
v 35.370472 -9.0815935 6.8587852
v 35.659115 -9.1557055 7.5474429
v 35.905312 -9.2189169 8.2534542
v 36.108082 -9.2709799 8.9740314
v 36.266628 -9.3116875 9.7063322
v 35.722015 -11.606787 10.447467
v 35.789177 -11.628609 11.194509
v 36.380322 -9.3408794 10.447467
v 36.448723 -9.3584414 11.194509
v 29.161224 -7.48733 0.83878553
v 29.828247 -7.6585917 1.1367943
v 30.475828 -7.8248625 1.4774562
v 31.101414 -7.9854856 1.8594267
v 28.880308 -5.5092134 0.58460593
v 29.573814 -5.6415067 0.83878553
v 30.250275 -5.7705483 1.1367943
v 30.907019 -5.8958292 1.4774562
v 30.552917 -3.8597312 1.1367943
v 31.702534 -8.1398277 2.2811985
v 32.276817 -8.2872782 2.741107
v 32.821995 -8.4272566 3.2373371
v 33.286381 -6.3497167 3.2373371
v 31.541454 -6.0168543 1.8594267
v 31.216232 -3.9435272 1.4774562
v 32.151081 -6.1331468 2.2811985
v 31.857016 -4.024477 1.8594267
v 32.73349 -6.244247 2.741107
v 32.47274 -4.1022611 2.2811985
v 33.060978 -4.1765728 2.741107
v 33.335918 -8.5592098 3.7679305
v 29.169247 -3.6849327 0.58460593
v 29.86969 -3.7734194 0.83878553
v 29.343067 -1.8461093 0.58460593
v 30.047684 -1.8904401 0.83878553
v 30.734983 -1.9336812 1.1367943
v 29.401083 0 0.58460593
v 30.795752 0 1.1367943
v 30.107094 0 0.83878553
v 31.40225 -1.9756621 1.4774562
v 32.046852 -2.016217 1.8594267
v 32.666248 -2.055186 2.2811985
v 33.257988 -2.0924151 2.741107
v 31.464338 0 1.4774562
v 32.110214 0 1.8594267
v 32.730835 0 2.2811985
v 33.323742 0 2.741107
v 33.6194 -4.247118 3.2373371
v 33.816559 -8.6826172 4.3307929
v 33.807575 -6.4491401 3.7679305
v 34.295017 -6.5421243 4.3307929
v 34.74678 -6.6283026 4.9237032
v 35.161079 -6.707335 5.5443215
v 35.536285 -6.7789087 6.1901989
v 34.145809 -4.3136191 3.7679305
v 34.638126 -4.375813 4.3307929
v 35.09441 -4.433455 4.9237032
v 35.512856 -4.4863167 5.5443215
v 35.870914 -6.8427424 6.8587852
v 35.891815 -4.5341907 6.1901989
v 36.22979 -4.5768867 6.8587852
v 33.81974 -2.1277575 3.2373371
v 33.886608 0 3.2373371
v 34.349285 -2.1610739 3.7679305
v 34.844536 -2.1922324 4.3307929
v 35.303535 -2.2211103 4.9237032
v 34.417198 0 3.7679305
v 34.913429 0 4.3307929
v 35.373337 0 4.9237032
v 35.724476 -2.2475936 5.5443215
v 36.105694 -2.2715776 6.1901989
v 36.445683 -2.292968 6.8587852
v 35.795109 0 5.5443215
v 36.177082 0 6.1901989
v 36.517742 0 6.8587852
v 36.163643 -6.8985839 7.5474429
v 36.413319 -6.9462123 8.2534542
v 36.618961 -6.9854403 8.9740314
v 36.779747 -7.0161123 9.7063322
v 36.525448 -4.6142373 7.5474429
v 36.777622 -4.6460943 8.2534542
v 36.985321 -4.6723323 8.9740314
v 37.147717 -4.6928482 9.7063322
v 36.895054 -7.0381079 10.447467
v 36.96442 -7.0513401 11.194509
v 37.264175 -4.7075601 10.447467
v 37.334236 -4.7164106 11.194509
v 36.743103 -2.3116801 7.5474429
v 36.99678 -2.3276403 8.2534542
v 37.205715 -2.3407853 8.9740314
v 37.36908 -2.3510633 9.7063322
v 36.81575 0 7.5474429
v 37.069931 0 8.2534542
v 37.279278 0 8.9740314
v 37.442966 0 9.7063322
v 37.486233 -2.358434 10.447467
v 37.556709 -2.3628681 11.194509
v 37.560352 0 10.447467
v 37.630966 0 11.194509
v 16.388187 19.809916 -3.4971812e-09
v 16.388187 19.809916 1.6605
v 15.111975 20.799849 1.6605
v 17.599724 18.741802 -3.4971812e-09
v 16.993956 19.27586 1.7763568e-15
v 16.993956 19.27586 1.6605
v 16.866257 20.387802 0.023569766
v 17.599724 18.741802 1.7763568e-15
v 18.113136 19.28853 0.023569766
v 18.741802 17.599724 -3.4971812e-09
v 18.741802 17.599724 1.7763568e-15
v 19.28853 18.113136 0.023569766
v 17.34244 20.963408 0.094186038
v 18.624521 19.833101 0.094186038
v 17.599724 18.741802 1.6605
v 18.741802 17.599724 1.6605
v 1.6143459 25.659294 -3.4971812e-09
v 1.6143459 25.659294 1.7763568e-15
v 1.6614389 26.407816 0.023569766
v 1.7083461 27.153383 0.094186038
v 1.7548822 27.893055 0.21157011
v 3.2223208 25.507296 -3.4971812e-09
v 3.3163209 26.251383 0.023569766
v 3.40995 26.992535 0.094186038
v 1.6143459 25.659294 1.6605
v 3.2223208 25.507296 1.6605
v 1.8008639 28.623911 0.37525877
v 1.8461093 29.343067 0.58460593
v 3.5028389 27.727825 0.21157011
v 1.8904401 30.047684 0.83878553
v 3.2223208 25.507296 1.7763568e-15
v 4.8175783 25.254631 -3.4971812e-09
v 4.9581151 25.991348 0.023569766
v 4.8175783 25.254631 1.7763568e-15
v 5.0980968 26.725159 0.094186038
v 5.2369714 27.453165 0.21157011
v 4.8175783 25.254631 1.6605
v 3.5946205 28.454351 0.37525877
v 3.6849327 29.169247 0.58460593
v 3.7734194 29.86969 0.83878553
v 1.9336812 30.734983 1.1367943
v 5.3741908 28.172495 0.37525877
v 5.5092134 28.880308 0.58460593
v 3.8597312 30.552917 1.1367943
v 5.6415067 29.573814 0.83878553
v 6.3938236 24.902298 -3.4971812e-09
v 6.3938236 24.902298 1.7763568e-15
v 7.9448352 24.451689 -3.4971812e-09
v 6.5803413 25.628738 0.023569766
v 6.3938236 24.902298 1.6605
v 7.9448352 24.451689 1.6605
v 7.9448352 24.451689 1.7763568e-15
v 8.1765985 25.164982 0.023569766
v 9.4644918 23.904577 -3.4971812e-09
v 8.4074469 25.875462 0.094186038
v 9.7405863 24.601912 0.023569766
v 9.4644918 23.904577 1.7763568e-15
v 9.4644918 23.904577 1.6605
v 6.7661233 26.35231 0.094186038
v 6.9504356 27.07016 0.21157011
v 7.1325517 27.779455 0.37525877
v 5.7705483 30.250275 1.1367943
v 7.3117518 28.477394 0.58460593
v 7.48733 29.161224 0.83878553
v 7.6585917 29.828247 1.1367943
v 8.6364698 26.580322 0.21157011
v 8.8627634 27.276781 0.37525877
v 10.015591 25.296494 0.094186038
v 10.288421 25.985582 0.21157011
v 9.085434 27.962091 0.58460593
v 9.3036032 28.633547 0.83878553
v 7.8248625 30.475828 1.4774562
v 9.5164108 29.2885 1.1367943
v 9.7230148 29.924364 1.4774562
v 1.9756621 31.40225 1.4774562
v 2.016217 32.046852 1.8594267
v 2.055186 32.666248 2.2811985
v 2.0924151 33.257988 2.741107
v 2.1277575 33.81974 3.2373371
v 3.9435272 31.216232 1.4774562
v 4.024477 31.857016 1.8594267
v 5.8958292 30.907019 1.4774562
v 4.1022611 32.47274 2.2811985
v 4.1765728 33.060978 2.741107
v 4.247118 33.6194 3.2373371
v 2.1610739 34.349285 3.7679305
v 2.1922324 34.844536 4.3307929
v 2.2211103 35.303535 4.9237032
v 4.3136191 34.145809 3.7679305
v 4.375813 34.638126 4.3307929
v 4.433455 35.09441 4.9237032
v 2.2475936 35.724476 5.5443215
v 2.2715776 36.105694 6.1901989
v 4.4863167 35.512856 5.5443215
v 2.292968 36.445683 6.8587852
v 4.5341907 35.891815 6.1901989
v 6.0168543 31.541454 1.8594267
v 6.1331468 32.151081 2.2811985
v 6.244247 32.73349 2.741107
v 7.9854856 31.101414 1.8594267
v 8.1398277 31.702534 2.2811985
v 6.3497167 33.286381 3.2373371
v 8.2872782 32.276817 2.741107
v 9.9226017 30.53863 1.8594267
v 10.114384 31.128872 2.2811985
v 8.4272566 32.821995 3.2373371
v 10.297604 31.692764 2.741107
v 6.4491401 33.807575 3.7679305
v 6.5421243 34.295017 4.3307929
v 6.6283026 34.74678 4.9237032
v 6.707335 35.161079 5.5443215
v 8.5592098 33.335918 3.7679305
v 8.6826172 33.816559 4.3307929
v 8.7969913 34.26202 4.9237032
v 10.471538 32.228077 3.2373371
v 10.6355 32.7327 3.7679305
v 8.9018822 34.67054 5.5443215
v 6.7789087 35.536285 6.1901989
v 8.9968739 35.040512 6.1901989
v 4.5768867 36.22979 6.8587852
v 6.8427424 35.870914 6.8587852
v 2.3116801 36.743103 7.5474429
v 2.3276403 36.99678 8.2534542
v 2.3407853 37.205715 8.9740314
v 2.3510633 37.36908 9.7063322
v 4.6142373 36.525448 7.5474429
v 4.6460943 36.777622 8.2534542
v 4.6723323 36.985321 8.9740314
v 4.6928482 37.147717 9.7063322
v 2.358434 37.486233 10.447467
v 2.3628681 37.556709 11.194509
v 4.7075601 37.264175 10.447467
v 4.7164106 37.334236 11.194509
v 6.8985839 36.163643 7.5474429
v 6.9462123 36.413319 8.2534542
v 6.9854403 36.618961 8.9740314
v 7.0161123 36.779747 9.7063322
v 9.0815935 35.370472 6.8587852
v 9.1557055 35.659115 7.5474429
v 9.2189169 35.905312 8.2534542
v 9.2709799 36.108082 8.9740314
v 9.3116875 36.266628 9.7063322
v 7.0381079 36.895054 10.447467
v 7.0513401 36.96442 11.194509
v 9.3408794 36.380322 10.447467
v 9.3584414 36.448723 11.194509
v 10.946796 23.263126 -3.4971812e-09
v 10.946796 23.263126 1.7763568e-15
v 11.266132 23.94175 0.023569766
v 12.3859 22.529867 -3.4971812e-09
v 11.584208 24.617693 0.094186038
v 10.946796 23.263126 1.6605
v 12.3859 22.529867 1.6605
v 13.776121 21.707693 -3.4971812e-09
v 12.3859 22.529867 1.7763568e-15
v 13.776121 21.707693 1.7763568e-15
v 12.747216 23.187099 0.023569766
v 14.177992 22.34094 0.023569766
v 13.776121 21.707693 1.6605
v 13.107106 23.841738 0.094186038
v 11.899767 25.288292 0.21157011
v 13.46415 24.491198 0.21157011
v 14.578278 22.971689 0.094186038
v 12.211565 25.950897 0.37525877
v 13.816938 25.132917 0.37525877
v 14.975397 23.59745 0.21157011
v 10.557998 26.66646 0.37525877
v 10.82326 27.336435 0.58460593
v 11.08316 27.992868 0.83878553
v 12.518373 26.602896 0.58460593
v 11.336672 28.633165 1.1367943
v 11.582795 29.254801 1.4774562
v 12.818977 27.241713 0.83878553
v 11.820559 29.855324 1.8594267
v 14.16408 25.764366 0.58460593
v 14.504203 26.383047 0.83878553
v 13.112193 27.864828 1.1367943
v 13.396864 28.469784 1.4774562
v 14.835966 26.986523 1.1367943
v 15.15806 27.572411 1.4774562
v 13.671865 29.054192 1.8594267
v 12.049024 30.43236 2.2811985
v 13.936111 29.615744 2.2811985
v 12.267288 30.983633 2.741107
v 14.18856 30.152225 2.741107
v 15.111975 20.799849 -3.4971812e-09
v 15.111975 20.799849 1.7763568e-15
v 15.552814 21.406612 0.023569766
v 15.991915 22.010983 0.094186038
v 15.367784 24.215752 0.37525877
v 15.753888 24.824156 0.58460593
v 16.427542 22.610573 0.21157011
v 16.857979 23.203016 0.37525877
v 16.132187 25.420259 0.83878553
v 17.281523 23.785976 0.58460593
v 17.814856 21.534462 0.21157011
v 19.131863 20.373363 0.21157011
v 18.281643 22.098709 0.37525877
v 17.696507 24.357151 0.83878553
v 16.501188 26.001713 1.1367943
v 18.101288 24.914286 1.1367943
v 18.740955 22.653923 0.58460593
v 19.190985 23.197914 0.83878553
v 18.494274 25.455185 1.4774562
v 19.629951 23.728535 1.1367943
v 15.469214 28.138395 1.8594267
v 16.859436 26.566219 1.4774562
v 15.768199 28.682247 2.2811985
v 14.428215 30.661518 3.2373371
v 16.053837 29.201818 2.741107
v 17.205513 27.111551 1.8594267
v 17.538057 27.635557 2.2811985
v 16.324997 29.695059 3.2373371
v 18.873911 25.977709 1.8594267
v 17.855755 28.136168 2.741107
v 19.238701 26.479801 2.2811985
v 18.157352 28.611408 3.2373371
v 19.587206 26.959475 2.741107
v 16.580612 30.160023 3.7679305
v 16.819674 30.594872 4.3307929
v 18.441658 29.059402 3.7679305
v 18.707552 29.478384 4.3307929
v 17.041235 30.997892 4.9237032
v 18.953983 29.866697 4.9237032
v 12.474492 31.506969 3.2373371
v 10.788843 33.204643 4.3307929
v 12.669816 32.000301 3.7679305
v 10.930963 33.642044 4.9237032
v 12.85249 32.461685 4.3307929
v 11.061297 34.043171 5.5443215
v 11.179333 34.406448 6.1901989
v 13.021794 32.889297 4.9237032
v 14.654131 31.141613 3.7679305
v 14.865416 31.590616 4.3307929
v 13.177059 33.281452 5.5443215
v 15.061234 32.006752 4.9237032
v 13.317672 33.6366 6.1901989
v 11.284603 34.730438 6.8587852
v 15.240816 32.388386 5.5443215
v 13.443078 33.953339 6.8587852
v 15.403452 32.734001 6.1901989
v 17.244425 31.367495 5.5443215
v 15.548498 33.04224 6.8587852
v 17.428442 31.702217 6.1901989
v 19.179979 30.222811 5.5443215
v 17.592556 32.00074 6.8587852
v 19.384649 30.545319 6.1901989
v 11.376693 35.013859 7.5474429
v 13.552782 34.230419 7.5474429
v 11.455238 35.2556 8.2534542
v 13.646352 34.466751 8.2534542
v 11.519931 35.4547 8.9740314
v 11.570513 35.610378 9.7063322
v 13.723417 34.661396 8.9740314
v 13.783675 34.813591 9.7063322
v 11.606787 35.722015 10.447467
v 13.826887 34.922729 10.447467
v 11.628609 35.789177 11.194509
v 13.852883 34.988388 11.194509
v 15.675385 33.311886 7.5474429
v 15.783608 33.541878 8.2534542
v 17.736124 32.26189 7.5474429
v 15.872745 33.7313 8.9740314
v 15.94244 33.87941 9.7063322
v 17.858576 32.484627 8.2534542
v 19.567184 30.832951 6.8587852
v 19.726866 31.084566 7.5474429
v 17.959429 32.668079 8.9740314
v 19.863062 31.299177 8.2534542
v 18.038286 32.811523 9.7063322
v 19.975237 31.475935 8.9740314
v 15.992419 33.985622 10.447467
v 16.022486 34.049519 11.194509
v 18.094837 32.914387 10.447467
v 20.062944 31.614141 9.7063322
v 18.128857 32.976269 11.194509
v 20.125843 31.713253 10.447467
v 20.163681 31.772877 11.194509
v 25.659294 1.6143459 1.6605
v 25.659294 1.6143459 -3.4971812e-09
v 25.557205 2.694329 1.7763568e-15
v 25.507296 3.2223208 -3.4971812e-09
v 25.557205 2.694329 1.6605
v 25.507296 3.2223208 1.6605
v 25.507296 3.2223208 1.7763568e-15
v 26.251383 3.3163209 0.023569766
v 25.386456 3.98527 1.7763568e-15
v 25.254631 4.8175783 -3.4971812e-09
v 25.991348 4.9581151 0.023569766
v 25.386456 3.98527 1.6605
v 25.254631 4.8175783 1.6605
v 26.407816 1.6614389 0.023569766
v 27.153383 1.7083461 0.094186038
v 26.992535 3.40995 0.094186038
v 27.893055 1.7548822 0.21157011
v 28.623911 1.8008639 0.37525877
v 27.727825 3.5028389 0.21157011
v 26.725159 5.0980968 0.094186038
v 27.453165 5.2369714 0.21157011
v 28.454351 3.5946205 0.37525877
v 28.172495 5.3741908 0.37525877
v 24.902298 6.3938236 -3.4971812e-09
v 24.451689 7.9448352 1.7763568e-15
v 24.451689 7.9448352 -3.4971812e-09
v 24.451689 7.9448352 1.6605
v 25.628738 6.5803413 0.023569766
v 24.902298 6.3938236 1.6605
v 25.164982 8.1765985 0.023569766
v 23.904577 9.4644918 1.7763568e-15
v 23.904577 9.4644918 -3.4971812e-09
v 23.263126 10.946796 -3.4971812e-09
v 23.744215 9.8350677 1.7763568e-15
v 24.601912 9.7405863 0.023569766
v 23.904577 9.4644918 1.6605
v 23.744215 9.8350677 1.6605
v 25.875462 8.4074469 0.094186038
v 25.296494 10.015591 0.094186038
v 25.985582 10.288421 0.21157011
v 23.263126 10.946796 1.6605
v 26.35231 6.7661233 0.094186038
v 27.07016 6.9504356 0.21157011
v 26.580322 8.6364698 0.21157011
v 27.779455 7.1325517 0.37525877
v 28.477394 7.3117518 0.58460593
v 27.276781 8.8627634 0.37525877
v 26.66646 10.557998 0.37525877
v 27.962091 9.085434 0.58460593
v 27.336435 10.82326 0.58460593
v 27.992868 11.08316 0.83878553
v 28.633547 9.3036032 0.83878553
v 21.707693 13.776121 -3.4971812e-09
v 20.799849 15.111975 1.7763568e-15
v 20.799849 15.111975 -3.4971812e-09
v 21.707693 13.776121 1.6605
v 20.799849 15.111975 1.6605
v 23.263126 10.946796 1.7763568e-15
v 22.529867 12.3859 1.7763568e-15
v 22.529867 12.3859 -3.4971812e-09
v 23.187099 12.747216 0.023569766
v 23.94175 11.266132 0.023569766
v 22.529867 12.3859 1.6605
v 21.707693 13.776121 1.7763568e-15
v 22.34094 14.177992 0.023569766
v 21.406612 15.552814 0.023569766
v 22.971689 14.578278 0.094186038
v 23.841738 13.107106 0.094186038
v 22.010983 15.991915 0.094186038
v 23.59745 14.975397 0.21157011
v 19.809916 16.388187 -3.4971812e-09
v 19.27586 16.993956 1.7763568e-15
v 19.809916 16.388187 1.6605
v 20.387802 16.866257 0.023569766
v 19.27586 16.993956 1.6605
v 19.833101 18.624521 0.094186038
v 20.963408 17.34244 0.094186038
v 20.373363 19.131863 0.21157011
v 19.633158 20.907188 0.37525877
v 21.534462 17.814856 0.21157011
v 20.907188 19.633158 0.37525877
v 22.610573 16.427542 0.21157011
v 22.098709 18.281643 0.37525877
v 23.203016 16.857979 0.37525877
v 22.653923 18.740955 0.58460593
v 23.785976 17.281523 0.58460593
v 21.432467 20.126427 0.58460593
v 21.947126 20.609724 0.83878553
v 23.197914 19.190985 0.83878553
v 22.449137 21.081142 1.1367943
v 23.728535 19.629951 1.1367943
v 24.617693 11.584208 0.094186038
v 25.288292 11.899767 0.21157011
v 24.491198 13.46415 0.21157011
v 25.950897 12.211565 0.37525877
v 24.215752 15.367784 0.37525877
v 25.132917 13.816938 0.37525877
v 25.764366 14.16408 0.58460593
v 24.824156 15.753888 0.58460593
v 25.420259 16.132187 0.83878553
v 26.383047 14.504203 0.83878553
v 26.602896 12.518373 0.58460593
v 27.241713 12.818977 0.83878553
v 27.864828 13.112193 1.1367943
v 28.633165 11.336672 1.1367943
v 26.986523 14.835966 1.1367943
v 27.572411 15.15806 1.4774562
v 28.469784 13.396864 1.4774562
v 28.138395 15.469214 1.8594267
v 24.357151 17.696507 0.83878553
v 24.914286 18.101288 1.1367943
v 26.001713 16.501188 1.1367943
v 24.243689 20.056124 1.4774562
v 25.455185 18.494274 1.4774562
v 24.741346 20.467821 1.8594267
v 25.977709 18.873911 1.8594267
v 25.21954 20.863419 2.2811985
v 26.566219 16.859436 1.4774562
v 27.111551 17.205513 1.8594267
v 27.635557 17.538057 2.2811985
v 28.682247 15.768199 2.2811985
v 28.136168 17.855755 2.741107
v 26.479801 19.238701 2.2811985
v 26.959475 19.587206 2.741107
v 25.676386 21.241354 2.741107
v 27.414841 19.918047 3.2373371
v 28.611408 18.157352 3.2373371
v 27.844099 20.229923 3.7679305
v 29.343067 1.8461093 0.58460593
v 29.169247 3.6849327 0.58460593
v 30.047684 1.8904401 0.83878553
v 30.734983 1.9336812 1.1367943
v 29.86969 3.7734194 0.83878553
v 28.880308 5.5092134 0.58460593
v 29.573814 5.6415067 0.83878553
v 30.552917 3.8597312 1.1367943
v 30.250275 5.7705483 1.1367943
v 31.40225 1.9756621 1.4774562
v 32.046852 2.016217 1.8594267
v 32.666248 2.055186 2.2811985
v 33.257988 2.0924151 2.741107
v 31.216232 3.9435272 1.4774562
v 31.857016 4.024477 1.8594267
v 30.907019 5.8958292 1.4774562
v 31.541454 6.0168543 1.8594267
v 32.47274 4.1022611 2.2811985
v 33.060978 4.1765728 2.741107
v 32.151081 6.1331468 2.2811985
v 32.73349 6.244247 2.741107
v 29.161224 7.48733 0.83878553
v 29.828247 7.6585917 1.1367943
v 30.475828 7.8248625 1.4774562
v 29.2885 9.5164108 1.1367943
v 29.924364 9.7230148 1.4774562
v 30.53863 9.9226017 1.8594267
v 31.101414 7.9854856 1.8594267
v 31.702534 8.1398277 2.2811985
v 32.276817 8.2872782 2.741107
v 32.821995 8.4272566 3.2373371
v 33.286381 6.3497167 3.2373371
v 31.128872 10.114384 2.2811985
v 31.692764 10.297604 2.741107
v 32.228077 10.471538 3.2373371
v 32.7327 10.6355 3.7679305
v 33.81974 2.1277575 3.2373371
v 33.6194 4.247118 3.2373371
v 34.349285 2.1610739 3.7679305
v 34.844536 2.1922324 4.3307929
v 35.303535 2.2211103 4.9237032
v 34.145809 4.3136191 3.7679305
v 33.807575 6.4491401 3.7679305
v 34.638126 4.375813 4.3307929
v 35.09441 4.433455 4.9237032
v 35.724476 2.2475936 5.5443215
v 36.105694 2.2715776 6.1901989
v 36.445683 2.292968 6.8587852
v 35.512856 4.4863167 5.5443215
v 35.891815 4.5341907 6.1901989
v 36.22979 4.5768867 6.8587852
v 34.295017 6.5421243 4.3307929
v 33.335918 8.5592098 3.7679305
v 33.816559 8.6826172 4.3307929
v 34.74678 6.6283026 4.9237032
v 34.26202 8.7969913 4.9237032
v 35.161079 6.707335 5.5443215
v 34.67054 8.9018822 5.5443215
v 35.040512 8.9968739 6.1901989
v 35.536285 6.7789087 6.1901989
v 33.204643 10.788843 4.3307929
v 33.642044 10.930963 4.9237032
v 34.043171 11.061297 5.5443215
v 34.406448 11.179333 6.1901989
v 35.870914 6.8427424 6.8587852
v 35.370472 9.0815935 6.8587852
v 36.743103 2.3116801 7.5474429
v 36.99678 2.3276403 8.2534542
v 37.205715 2.3407853 8.9740314
v 37.36908 2.3510633 9.7063322
v 36.525448 4.6142373 7.5474429
v 36.777622 4.6460943 8.2534542
v 36.985321 4.6723323 8.9740314
v 37.147717 4.6928482 9.7063322
v 37.486233 2.358434 10.447467
v 37.556709 2.3628681 11.194509
v 37.264175 4.7075601 10.447467
v 37.334236 4.7164106 11.194509
v 34.730438 11.284603 6.8587852
v 36.163643 6.8985839 7.5474429
v 36.413319 6.9462123 8.2534542
v 36.618961 6.9854403 8.9740314
v 36.779747 7.0161123 9.7063322
v 35.659115 9.1557055 7.5474429
v 35.905312 9.2189169 8.2534542
v 35.013859 11.376693 7.5474429
v 35.2556 11.455238 8.2534542
v 36.108082 9.2709799 8.9740314
v 36.266628 9.3116875 9.7063322
v 35.4547 11.519931 8.9740314
v 35.610378 11.570513 9.7063322
v 36.895054 7.0381079 10.447467
v 36.96442 7.0513401 11.194509
v 36.380322 9.3408794 10.447467
v 35.722015 11.606787 10.447467
v 36.448723 9.3584414 11.194509
v 29.254801 11.582795 1.4774562
v 29.855324 11.820559 1.8594267
v 29.054192 13.671865 1.8594267
v 30.43236 12.049024 2.2811985
v 29.615744 13.936111 2.2811985
v 30.152225 14.18856 2.741107
v 30.983633 12.267288 2.741107
v 29.201818 16.053837 2.741107
v 29.695059 16.324997 3.2373371
v 30.661518 14.428215 3.2373371
v 31.506969 12.474492 3.2373371
v 32.000301 12.669816 3.7679305
v 32.461685 12.85249 4.3307929
v 32.889297 13.021794 4.9237032
v 31.141613 14.654131 3.7679305
v 31.590616 14.865416 4.3307929
v 32.006752 15.061234 4.9237032
v 32.388386 15.240816 5.5443215
v 33.281452 13.177059 5.5443215
v 32.734001 15.403452 6.1901989
v 29.059402 18.441658 3.7679305
v 30.160023 16.580612 3.7679305
v 29.478384 18.707552 4.3307929
v 30.594872 16.819674 4.3307929
v 29.866697 18.953983 4.9237032
v 30.997892 17.041235 4.9237032
v 28.245558 20.521599 4.3307929
v 28.617632 20.791927 4.9237032
v 30.222811 19.179979 5.5443215
v 28.958853 21.039837 5.5443215
v 29.267874 21.264355 6.1901989
v 30.545319 19.384649 6.1901989
v 31.367495 17.244425 5.5443215
v 31.702217 17.428442 6.1901989
v 32.00074 17.592556 6.8587852
v 30.832951 19.567184 6.8587852
v 33.6366 13.317672 6.1901989
v 33.953339 13.443078 6.8587852
v 33.04224 15.548498 6.8587852
v 29.543474 21.46459 6.8587852
v 32.26189 17.736124 7.5474429
v 33.311886 15.675385 7.5474429
v 32.484627 17.858576 8.2534542
v 32.668079 17.959429 8.9740314
v 33.541878 15.783608 8.2534542
v 31.084566 19.726866 7.5474429
v 31.299177 19.863062 8.2534542
v 31.475935 19.975237 8.9740314
v 31.614141 20.062944 9.7063322
v 32.811523 18.038286 9.7063322
v 31.713253 20.125843 10.447467
v 32.914387 18.094837 10.447467
v 31.772877 20.163681 11.194509
v 32.976269 18.128857 11.194509
v 34.230419 13.552782 7.5474429
v 34.466751 13.646352 8.2534542
v 34.661396 13.723417 8.9740314
v 34.813591 13.783675 9.7063322
v 33.7313 15.872745 8.9740314
v 33.87941 15.94244 9.7063322
v 34.922729 13.826887 10.447467
v 34.988388 13.852883 11.194509
v 33.985622 15.992419 10.447467
v 34.049519 16.022486 11.194509
v 35.789177 11.628609 11.194509
v 20.126427 21.432467 0.58460593
v 20.609724 21.947126 0.83878553
v 20.056124 24.243689 1.4774562
v 21.081142 22.449137 1.1367943
v 21.538822 22.936516 1.4774562
v 20.467821 24.741346 1.8594267
v 21.980955 23.407339 1.8594267
v 20.863419 25.21954 2.2811985
v 22.936516 21.538822 1.4774562
v 23.407339 21.980955 1.8594267
v 22.405798 23.859751 2.2811985
v 21.241354 25.676386 2.741107
v 22.811672 24.291964 2.741107
v 23.859751 22.405798 2.2811985
v 23.196978 24.702272 3.2373371
v 24.291964 22.811672 2.741107
v 21.600136 26.110079 3.2373371
v 19.918047 27.414841 3.2373371
v 20.229923 27.844099 3.7679305
v 20.521599 28.245558 4.3307929
v 21.938349 26.518908 3.7679305
v 20.791927 28.617632 4.9237032
v 21.039837 28.958853 5.5443215
v 21.264355 29.267874 6.1901989
v 22.254658 26.90126 4.3307929
v 22.547815 27.255625 4.9237032
v 23.560194 25.089058 3.7679305
v 23.899887 25.450794 4.3307929
v 22.816662 27.580606 5.5443215
v 24.214716 25.786055 4.9237032
v 23.060139 27.87492 6.1901989
v 24.503439 26.093512 5.5443215
v 21.46459 29.543474 6.8587852
v 24.702272 23.196978 3.2373371
v 26.110079 21.600136 3.2373371
v 25.089058 23.560194 3.7679305
v 25.450794 23.899887 4.3307929
v 26.518908 21.938349 3.7679305
v 25.786055 24.214716 4.9237032
v 26.093512 24.503439 5.5443215
v 24.764915 26.371956 6.1901989
v 26.371956 24.764915 6.1901989
v 26.90126 22.254658 4.3307929
v 27.255625 22.547815 4.9237032
v 27.580606 22.816662 5.5443215
v 27.87492 23.060139 6.1901989
v 26.620289 24.998116 6.8587852
v 23.277285 28.137403 6.8587852
v 24.998116 26.620289 6.8587852
v 21.639755 29.784569 7.5474429
v 21.789158 29.990204 8.2534542
v 23.467243 28.367023 7.5474429
v 23.629263 28.562872 8.2534542
v 21.91221 30.159569 8.9740314
v 23.762707 28.724178 8.9740314
v 22.008423 30.291996 9.7063322
v 23.867044 28.850302 9.7063322
v 22.077419 30.386963 10.447467
v 23.941868 28.940748 10.447467
v 22.118927 30.444092 11.194509
v 23.986881 28.995159 11.194509
v 28.137403 23.277285 6.8587852
v 26.837528 25.202116 7.5474429
v 28.367023 23.467243 7.5474429
v 27.022816 25.376114 8.2534542
v 28.562872 23.629263 8.2534542
v 27.175425 25.519423 8.9740314
v 28.724178 23.762707 8.9740314
v 27.294748 25.631474 9.7063322
v 27.380318 25.71183 10.447467
v 28.850302 23.867044 9.7063322
v 27.431795 25.76017 11.194509
v 28.940748 23.941868 10.447467
v 28.995159 23.986881 11.194509
v 25.202116 26.837528 7.5474429
v 25.376114 27.022816 8.2534542
v 25.519423 27.175425 8.9740314
v 25.631474 27.294748 9.7063322
v 25.71183 27.380318 10.447467
v 25.76017 27.431795 11.194509
v 29.784569 21.639755 7.5474429
v 29.990204 21.789158 8.2534542
v 30.159569 21.91221 8.9740314
v 30.291996 22.008423 9.7063322
v 30.386963 22.077419 10.447467
v 30.444092 22.118927 11.194509
v -28.71258 -20.86091 8.7665768
v -28.8584 -20.966856 9.386981
v -27.484936 -22.737516 9.386981
v -29.96579 -19.016869 8.7665768
v -30.117975 -19.113449 9.386981
v -28.972418 -21.049694 10.017479
v -30.236969 -19.188965 10.017479
v -29.054182 -21.109098 10.655582
v -30.322302 -19.243118 10.655582
v -29.103371 -21.144836 11.298772
v -27.593527 -22.827351 10.017479
v -27.6714 -22.891771 10.655582
v -27.718246 -22.930527 11.298772
v -30.373636 -19.275696 11.298772
v -26.500341 -21.922989 6.434062
v -27.530821 -20.002312 5.8997207
v -27.824606 -20.215759 6.434062
v -25.071493 -23.543699 6.434062
v -26.220539 -21.691517 5.8997207
v -25.915436 -21.439114 5.3892355
v -26.864822 -19.518436 4.9046206
v -27.210472 -19.769566 5.3892355
v -25.586239 -21.166777 4.9046206
v -23.873661 -22.418859 4.4477897
v -24.206676 -22.731583 4.9046206
v -22.731583 -24.206676 4.9046206
v -24.806778 -23.295115 5.8997207
v -24.518126 -23.024052 5.3892355
v -23.295115 -24.806778 5.8997207
v -23.024052 -24.518126 5.3892355
v -23.543699 -25.071493 6.434062
v -25.234243 -20.875582 4.4477897
v -26.495239 -19.249918 4.4477897
v -23.520391 -22.087118 4.0205441
v -24.860842 -20.566677 4.0205441
v -24.467506 -20.241282 3.6245713
v -23.148264 -21.737667 3.6245713
v -24.05579 -19.900679 3.2614334
v -21.922989 -26.500341 6.434062
v -20.215759 -27.824606 6.434062
v -21.691517 -26.220539 5.8997207
v -21.439114 -25.915436 5.3892355
v -21.166777 -25.586239 4.9046206
v -18.428747 -29.039059 6.434062
v -20.002312 -27.530821 5.8997207
v -18.234167 -28.73245 5.8997207
v -19.769566 -27.210472 5.3892355
v -19.518436 -26.864822 4.9046206
v -20.875582 -25.234243 4.4477897
v -19.249918 -26.495239 4.4477897
v -20.566677 -24.860842 4.0205441
v -17.793064 -28.037384 4.9046206
v -18.965069 -26.103176 4.0205441
v -18.665012 -25.690186 3.6245713
v -20.241282 -24.467506 3.6245713
v -18.021994 -28.398119 5.3892355
v -23.627316 -19.546215 2.9325633
v -22.758747 -21.371885 3.2614334
v -23.183777 -19.179287 2.6392596
v -22.353376 -20.991217 2.9325633
v -21.933752 -20.597164 2.6392596
v -21.371885 -22.758747 3.2614334
v -20.991217 -22.353376 2.9325633
v -21.50153 -20.19128 2.3826795
v -20.597164 -21.933752 2.6392596
v -19.900679 -24.05579 3.2614334
v -19.546215 -23.627316 2.9325633
v -18.350935 -25.257895 3.2614334
v -19.179287 -23.183777 2.6392596
v -18.024075 -24.80801 2.9325633
v -20.19128 -21.50153 2.3826795
v -21.058416 -19.775169 2.1638353
v -19.775169 -21.058416 2.1638353
v -18.801346 -22.726923 2.3826795
v -18.413879 -22.258556 2.1638353
v -20.606161 -19.350473 1.9835911
v -19.350473 -20.606161 1.9835911
v -22.418859 -23.873661 4.4477897
v -22.087118 -23.520391 4.0205441
v -21.737667 -23.148264 3.6245713
v -25.712078 -24.145248 8.1587133
v -24.295057 -25.871609 8.7665768
v -24.145248 -25.712078 8.1587133
v -24.418442 -26.003 9.386981
v -25.871609 -24.295057 8.7665768
v -26.003 -24.418442 9.386981
v -24.514917 -26.105736 10.017479
v -22.622625 -27.346056 8.7665768
v -22.737516 -27.484936 9.386981
v -26.105736 -24.514917 10.017479
v -24.584103 -26.179409 10.655582
v -26.179409 -24.584103 10.655582
v -24.625723 -26.22373 11.298772
v -22.827351 -27.593527 10.017479
v -22.891771 -27.6714 10.655582
v -22.930527 -27.718246 11.298772
v -26.22373 -24.625723 11.298772
v -26.979734 -22.319578 7.5657916
v -27.177433 -22.483128 8.1587133
v -25.525038 -23.969606 7.5657916
v -26.75374 -22.132618 6.9901505
v -27.346056 -22.622625 8.7665768
v -28.090666 -20.409063 6.9901505
v -28.327953 -20.581463 7.5657916
v -28.535532 -20.732277 8.1587133
v -25.31123 -23.768826 6.9901505
v -23.768826 -25.31123 6.9901505
v -23.969606 -25.525038 7.5657916
v -20.581463 -28.327953 7.5657916
v -22.319578 -26.979734 7.5657916
v -20.732277 -28.535532 8.1587133
v -22.483128 -27.177433 8.1587133
v -20.86091 -28.71258 8.7665768
v -20.966856 -28.8584 9.386981
v -21.049694 -28.972418 10.017479
v -22.132618 -26.75374 6.9901505
v -20.409063 -28.090666 6.9901505
v -18.899607 -29.781013 8.1587133
v -18.762123 -29.564377 7.5657916
v -18.604963 -29.316732 6.9901505
v -19.016869 -29.96579 8.7665768
v -19.113449 -30.117975 9.386981
v -19.188965 -30.236969 10.017479
v -21.109098 -29.054182 10.655582
v -21.144836 -29.103371 11.298772
v -19.243118 -30.322302 10.655582
v -19.275696 -30.373636 11.298772
v -30.791233 -14.489255 5.8997207
v -31.11981 -14.643871 6.434062
v -30.138906 -16.569004 6.434062
v -28.73245 -18.234167 5.8997207
v -29.039059 -18.428747 6.434062
v -29.820686 -16.39406 5.8997207
v -28.698971 -15.777392 4.4477897
v -29.099295 -15.997473 4.9046206
v -28.037384 -17.793064 4.9046206
v -29.633009 -13.944236 4.4477897
v -29.473692 -16.203299 5.3892355
v -30.046364 -14.138745 4.9046206
v -30.432947 -14.320658 5.3892355
v -28.398119 -18.021994 5.3892355
v -28.511024 -11.288314 2.9325633
v -29.028063 -11.493023 3.2614334
v -28.24913 -13.293032 3.2614334
v -29.163565 -9.4758167 2.9325633
v -29.692436 -9.6476574 3.2614334
v -27.975807 -11.076406 2.6392596
v -28.616096 -9.2979336 2.6392596
v -31.640263 -12.527266 5.8997207
v -31.272095 -12.381498 5.3892355
v -30.874853 -12.224219 4.9046206
v -31.9779 -12.660946 6.434062
v -30.450102 -12.056048 4.4477897
v -31.14702 -10.12028 4.4477897
v -31.581493 -10.261449 4.9046206
v -30.686125 -9.9705267 4.0205441
v -32.364422 -10.515838 5.8997207
v -31.987827 -10.393476 5.3892355
v -32.709785 -10.628054 6.434062
v -29.999519 -11.877649 4.0205441
v -29.194517 -13.737897 4.0205441
v -28.2743 -15.543927 4.0205441
v -27.826958 -15.297999 3.6245713
v -28.732616 -13.520543 3.6245713
v -29.524881 -11.689728 3.6245713
v -30.200624 -9.8127775 3.6245713
v -33.02256 -10.72968 6.9901505
v -33.301506 -10.820315 7.5657916
v -32.556381 -12.889983 7.5657916
v -33.545528 -10.899603 8.1587133
v -32.794945 -12.984437 8.1587133
v -33.915207 -8.7079449 7.5657916
v -33.925087 -11.022928 9.386981
v -34.550278 -8.8710032 9.386981
v -34.05912 -11.066479 10.017479
v -32.998421 -13.064999 8.7665768
v -33.753662 -10.96723 8.7665768
v -33.166008 -13.131351 9.386981
v -33.297043 -13.183231 10.017479
v -34.163727 -8.7717543 8.1587133
v -34.375694 -8.8261786 8.7665768
v -33.39101 -13.220436 10.655582
v -32.495003 -15.290988 10.655582
v -33.44754 -13.242818 11.298772
v -32.550014 -15.316875 11.298772
v -32.403557 -15.247956 10.017479
v -34.155239 -11.09771 10.655582
v -34.686783 -8.9060516 10.017479
v -34.784672 -8.9311857 10.655582
v -34.213062 -11.116498 11.298772
v -34.843563 -8.9463062 11.298772
v -30.908964 -16.992348 8.1587133
v -31.100739 -17.097776 8.7665768
v -31.258688 -17.184608 9.386981
v -30.684122 -16.868738 7.5657916
v -30.427097 -16.727438 6.9901505
v -31.417381 -14.783897 6.9901505
v -31.68277 -14.90878 7.5657916
v -31.91493 -15.018026 8.1587133
v -32.112946 -15.111206 8.7665768
v -32.276035 -15.18795 9.386981
v -31.382189 -17.252504 10.017479
v -29.316732 -18.604963 6.9901505
v -29.564377 -18.762123 7.5657916
v -29.781013 -18.899607 8.1587133
v -31.470753 -17.301193 10.655582
v -31.524033 -17.330482 11.298772
v -32.283676 -12.782011 6.9901505
v -32.96085 -8.4629087 5.8997207
v -33.31258 -8.5532169 6.434062
v -33.4272 -6.3765798 5.8997207
v -33.038242 -6.3023815 5.3892355
v -33.783909 -6.4446249 6.434062
v -33.368778 -4.215457 5.3892355
v -33.761627 -4.2650857 5.8997207
v -34.121902 -4.3105989 6.434062
v -33.962814 -2.1367593 5.8997207
v -34.325237 -2.1595609 6.434062
v -32.944901 -4.1619091 4.9046206
v -33.567623 -2.1118958 5.3892355
v -33.14122 -2.0850689 4.9046206
v -32.749916 0 4.4477897
v -33.206749 0 4.9046206
v -34.029964 0 5.8997207
v -34.393105 0 6.434062
v -33.633991 0 5.3892355
v -29.701008 -7.6259227 2.9325633
v -30.239626 -7.7642164 3.2614334
v -29.143452 -7.4827666 2.6392596
v -28.052195 -9.1147108 2.3826795
v -28.569157 -7.3353128 2.3826795
v -30.121235 -5.7459331 2.9325633
v -30.667475 -5.8501334 3.2614334
v -29.55579 -5.6380687 2.6392596
v -30.422588 -3.8432667 2.9325633
v -29.851486 -3.7711196 2.6392596
v -27.980392 -7.1841435 2.1638353
v -28.376276 -5.413064 2.1638353
v -28.973372 -5.5269661 2.3826795
v -31.721018 -8.1445732 4.4477897
v -32.163498 -8.2581825 4.9046206
v -31.251627 -8.0240545 4.0205441
v -30.757179 -7.8971014 3.6245713
v -32.57732 -8.3644342 5.3892355
v -32.618565 -6.2223239 4.9046206
v -32.169827 -6.1367221 4.4477897
v -31.693794 -6.0459146 4.0205441
v -32.491673 -4.1046529 4.4477897
v -32.01088 -4.0439143 4.0205441
v -31.19235 -5.9502592 3.6245713
v -31.504419 -3.9799337 3.6245713
v -30.974293 -3.9129632 3.2614334
v -30.603876 -1.9254327 2.9325633
v -31.158869 -1.9603498 3.2614334
v -30.664387 0 2.9325633
v -31.220474 0 3.2614334
v -29.263239 -3.6968069 2.3826795
v -30.029371 -1.8892879 2.6392596
v -29.43762 -1.8520581 2.3826795
v -28.66017 -3.6206214 2.1638353
v -28.044657 -3.5428641 1.9835911
v -28.830957 -1.81389 2.1638353
v -28.211777 -1.7749345 1.9835911
v -30.088745 0 2.6392596
v -29.495823 0 2.3826795
v -28.88796 0 2.1638353
v -28.267555 0 1.9835911
v -31.692156 -1.9939014 3.6245713
v -32.201633 -2.025955 4.0205441
v -32.685291 -2.0563843 4.4477897
v -31.754816 0 3.6245713
v -32.265301 0 4.0205441
v -34.395061 -6.5612087 7.5657916
v -33.631119 -8.635004 6.9901505
v -34.106953 -6.506249 6.9901505
v -34.647095 -6.6092868 8.1587133
v -35.039116 -6.6840687 9.386981
v -34.862064 -6.6502943 8.7665768
v -34.448181 -4.3518171 6.9901505
v -34.73917 -4.3885779 7.5657916
v -34.993729 -4.4207358 8.1587133
v -35.210846 -4.4481645 8.7665768
v -35.389671 -4.4707551 9.386981
v -35.177551 -6.7104769 10.017479
v -35.529491 -4.4884186 10.017479
v -35.276829 -6.7294149 10.655582
v -35.629761 -4.5010853 10.655582
v -35.336548 -6.7408075 11.298772
v -35.690079 -4.5087056 11.298772
v -35.42067 -2.2284796 8.7665768
v -35.600555 -2.2397971 9.386981
v -35.4907 0 8.7665768
v -35.670944 0 9.386981
v -35.741211 -2.2486465 10.017479
v -35.271858 0 8.1587133
v -34.653458 -2.1802108 6.9901505
v -34.946182 -2.1986275 7.5657916
v -35.202255 -2.2147384 8.1587133
v -34.721973 0 6.9901505
v -35.015278 0 7.5657916
v -35.842079 -2.2549925 10.655582
v -35.902756 -2.25881 11.298772
v -35.811878 0 10.017479
v -35.912945 0 10.655582
v -35.973743 0 11.298772
v -26.871407 -14.77268 2.9325633
v -27.358711 -15.040579 3.2614334
v -26.360319 -16.728767 3.2614334
v -25.890797 -16.430799 2.9325633
v -26.366968 -14.495363 2.6392596
v -25.404768 -16.122356 2.6392596
v -24.80801 -18.024075 2.9325633
v -24.342306 -17.68572 2.6392596
v -25.257895 -18.350935 3.2614334
v -23.862621 -17.33721 2.3826795
v -24.904146 -15.804652 2.3826795
v -25.847387 -14.209722 2.3826795
v -23.370852 -16.979918 2.1638353
v -24.390911 -15.478943 2.1638353
v -23.867086 -15.146514 1.9835911
v -27.242495 -17.288612 4.0205441
v -27.651669 -17.548283 4.4477897
v -26.103176 -18.965069 4.0205441
v -26.811478 -17.015081 3.6245713
v -25.690186 -18.665012 3.6245713
v -27.745966 -13.056261 2.9325633
v -27.225111 -12.811165 2.6392596
v -26.138607 -12.299895 2.1638353
v -26.688618 -12.558711 2.3826795
v -27.424522 -10.858137 2.3826795
v -26.859346 -10.634367 2.1638353
v -27.474083 -8.9268703 2.1638353
v -25.57725 -12.03574 1.9835911
v -26.282509 -10.405981 1.9835911
v -25.314713 -13.916881 2.1638353
v -24.771048 -13.617999 1.9835911
v -24.218538 -13.314254 1.842658
v -23.33474 -14.808676 1.842658
v -25.006758 -11.767287 1.842658
v -23.659365 -13.006845 1.7415925
v -25.696287 -10.17388 1.842658
v -24.429384 -11.495596 1.7415925
v -25.102993 -9.9389782 1.7415925
v -23.095732 -12.696986 1.6807932
v -23.847408 -11.221739 1.6807932
v -24.504971 -9.7022038 1.6807932
v -22.726923 -18.801346 2.3826795
v -22.258556 -18.413879 2.1638353
v -22.868933 -16.615252 1.9835911
v -21.780525 -18.018417 1.9835911
v -21.29472 -17.616524 1.842658
v -22.358849 -16.244656 1.842658
v -22.795971 -14.466763 1.7415925
v -21.842613 -15.869587 1.7415925
v -20.803053 -17.209782 1.7415925
v -21.322262 -15.491529 1.6807932
v -22.252909 -14.122125 1.6807932
v -20.146547 -18.918867 1.842658
v -19.681391 -18.482056 1.7415925
v -18.918867 -20.146547 1.842658
v -18.482056 -19.681391 1.7415925
v -20.307467 -16.799797 1.6807932
v -19.212526 -18.041763 1.6807932
v -26.884043 -8.7351551 1.9835911
v -27.379478 -7.0298553 1.9835911
v -26.284403 -8.5403204 1.842658
v -26.768789 -6.8730569 1.842658
v -25.677532 -8.3431358 1.7415925
v -26.150732 -6.7143669 1.7415925
v -27.766859 -5.2968116 1.9835911
v -27.14753 -5.178668 1.842658
v -26.520729 -5.0590997 1.7415925
v -25.888931 -4.9385777 1.6807932
v -25.065823 -8.1443796 1.6807932
v -25.52775 -6.5544124 1.6807932
v -27.41913 -3.4638419 1.842658
v -26.78606 -3.3838663 1.7415925
v -27.582521 -1.7353452 1.842658
v -26.147942 -3.3032532 1.6807932
v -26.945679 -1.6952784 1.7415925
v -26.303757 -1.6548922 1.6807932
v -27.637058 0 1.842658
v -26.998955 0 1.7415925
v -26.355764 0 1.6807932
v -16.569004 -30.138906 6.434062
v -14.643871 -31.11981 6.434062
v -16.39406 -29.820686 5.8997207
v -14.489255 -30.791233 5.8997207
v -12.224219 -30.874853 4.9046206
v -12.056048 -30.450102 4.4477897
v -13.944236 -29.633009 4.4477897
v -14.138745 -30.046364 4.9046206
v -14.320658 -30.432947 5.3892355
v -12.381498 -31.272095 5.3892355
v -12.527266 -31.640263 5.8997207
v -12.660946 -31.9779 6.434062
v -10.515838 -32.364422 5.8997207
v -10.628054 -32.709785 6.434062
v -8.5532169 -33.31258 6.434062
v -10.261449 -31.581493 4.9046206
v -11.877649 -29.999519 4.0205441
v -10.12028 -31.14702 4.4477897
v -9.9705267 -30.686125 4.0205441
v -8.2581825 -32.163498 4.9046206
v -10.393476 -31.987827 5.3892355
v -8.3644342 -32.57732 5.3892355
v -8.4629087 -32.96085 5.8997207
v -16.868738 -30.684122 7.5657916
v -16.992348 -30.908964 8.1587133
v -17.097776 -31.100739 8.7665768
v -17.184608 -31.258688 9.386981
v -17.252504 -31.382189 10.017479
v -15.18795 -32.276035 9.386981
v -16.727438 -30.427097 6.9901505
v -14.783897 -31.417381 6.9901505
v -14.90878 -31.68277 7.5657916
v -15.018026 -31.91493 8.1587133
v -12.889983 -32.556381 7.5657916
v -12.984437 -32.794945 8.1587133
v -15.111206 -32.112946 8.7665768
v -15.247956 -32.403557 10.017479
v -13.064999 -32.998421 8.7665768
v -13.131351 -33.166008 9.386981
v -17.301193 -31.470753 10.655582
v -17.330482 -31.524033 11.298772
v -15.290988 -32.495003 10.655582
v -15.316875 -32.550014 11.298772
v -13.242818 -33.44754 11.298772
v -13.183231 -33.297043 10.017479
v -13.220436 -33.39101 10.655582
v -10.899603 -33.545528 8.1587133
v -10.96723 -33.753662 8.7665768
v -11.022928 -33.925087 9.386981
v -12.782011 -32.283676 6.9901505
v -10.72968 -33.02256 6.9901505
v -10.820315 -33.301506 7.5657916
v -8.635004 -33.631119 6.9901505
v -8.7717543 -34.163727 8.1587133
v -8.7079449 -33.915207 7.5657916
v -11.066479 -34.05912 10.017479
v -8.8710032 -34.550278 9.386981
v -8.8261786 -34.375694 8.7665768
v -8.9060516 -34.686783 10.017479
v -11.09771 -34.155239 10.655582
v -11.116498 -34.213062 11.298772
v -8.9311857 -34.784672 10.655582
v -8.9463062 -34.843563 11.298772
v -16.728767 -26.360319 3.2614334
v -16.430799 -25.890797 2.9325633
v -15.040579 -27.358711 3.2614334
v -14.77268 -26.871407 2.9325633
v -16.122356 -25.404768 2.6392596
v -14.495363 -26.366968 2.6392596
v -15.804652 -24.904146 2.3826795
v -13.293032 -28.24913 3.2614334
v -14.209722 -25.847387 2.3826795
v -15.997473 -29.099295 4.9046206
v -17.548283 -27.651669 4.4477897
v -15.777392 -28.698971 4.4477897
v -17.288612 -27.242495 4.0205441
v -16.203299 -29.473692 5.3892355
v -17.015081 -26.811478 3.6245713
v -15.543927 -28.2743 4.0205441
v -13.737897 -29.194517 4.0205441
v -15.297999 -27.826958 3.6245713
v -13.520543 -28.732616 3.6245713
v -17.68572 -24.342306 2.6392596
v -17.33721 -23.862621 2.3826795
v -16.979918 -23.370852 2.1638353
v -18.018417 -21.780525 1.9835911
v -17.616524 -21.29472 1.842658
v -17.209782 -20.803053 1.7415925
v -16.615252 -22.868933 1.9835911
v -16.244656 -22.358849 1.842658
v -15.869587 -21.842613 1.7415925
v -16.799797 -20.307467 1.6807932
v -15.478943 -24.390911 2.1638353
v -15.146514 -23.867086 1.9835911
v -14.808676 -23.33474 1.842658
v -13.916881 -25.314713 2.1638353
v -13.617999 -24.771048 1.9835911
v -13.314254 -24.218538 1.842658
v -14.466763 -22.795971 1.7415925
v -15.491529 -21.322262 1.6807932
v -14.122125 -22.252909 1.6807932
v -11.288314 -28.511024 2.9325633
v -12.811165 -27.225111 2.6392596
v -13.056261 -27.745966 2.9325633
v -11.493023 -29.028063 3.2614334
v -12.558711 -26.688618 2.3826795
v -12.299895 -26.138607 2.1638353
v -10.858137 -27.424522 2.3826795
v -11.076406 -27.975807 2.6392596
v -12.03574 -25.57725 1.9835911
v -9.6476574 -29.692436 3.2614334
v -9.4758167 -29.163565 2.9325633
v -9.2979336 -28.616096 2.6392596
v -9.1147108 -28.052195 2.3826795
v -10.634367 -26.859346 2.1638353
v -10.405981 -26.282509 1.9835911
v -11.767287 -25.006758 1.842658
v -10.17388 -25.696287 1.842658
v -8.9268703 -27.474083 2.1638353
v -8.7351551 -26.884043 1.9835911
v -8.5403204 -26.284403 1.842658
v -9.9389782 -25.102993 1.7415925
v -11.689728 -29.524881 3.6245713
v -9.8127775 -30.200624 3.6245713
v -13.006845 -23.659365 1.7415925
v -12.696986 -23.095732 1.6807932
v -11.495596 -24.429384 1.7415925
v -11.221739 -23.847408 1.6807932
v -9.7022038 -24.504971 1.6807932
v -5.7459331 -30.121235 2.9325633
v -5.8501334 -30.667475 3.2614334
v -3.9129632 -30.974293 3.2614334
v -6.3765798 -33.4272 5.8997207
v -6.4446249 -33.783909 6.434062
v -8.1445732 -31.721018 4.4477897
v -8.0240545 -31.251627 4.0205441
v -7.8971014 -30.757179 3.6245713
v -6.2223239 -32.618565 4.9046206
v -6.1367221 -32.169827 4.4477897
v -6.0459146 -31.693794 4.0205441
v -5.9502592 -31.19235 3.6245713
v -7.7642164 -30.239626 3.2614334
v -6.3023815 -33.038242 5.3892355
v -4.215457 -33.368778 5.3892355
v -4.1619091 -32.944901 4.9046206
v -4.2650857 -33.761627 5.8997207
v -4.3105989 -34.121902 6.434062
v -4.0439143 -32.01088 4.0205441
v -4.1046529 -32.491673 4.4477897
v -3.9799337 -31.504419 3.6245713
v -3.8432667 -30.422588 2.9325633
v -1.9254327 -30.603876 2.9325633
v -3.7711196 -29.851486 2.6392596
v -1.9603498 -31.158869 3.2614334
v 0 -31.220474 3.2614334
v 0 -30.664387 2.9325633
v -1.8892879 -30.029371 2.6392596
v -2.0850689 -33.14122 4.9046206
v -2.1595609 -34.325237 6.434062
v -2.1367593 -33.962814 5.8997207
v -2.1118958 -33.567623 5.3892355
v -2.025955 -32.201633 4.0205441
v -1.9939014 -31.692156 3.6245713
v -2.0563843 -32.685291 4.4477897
v 0 -33.206749 4.9046206
v 0 -32.749916 4.4477897
v 0 -34.393105 6.434062
v 0 -33.633991 5.3892355
v 0 -34.029964 5.8997207
v 0 -31.754816 3.6245713
v 0 -32.265301 4.0205441
v -6.6840687 -35.039116 9.386981
v -4.4884186 -35.529491 10.017479
v -4.4707551 -35.389671 9.386981
v -6.7104769 -35.177551 10.017479
v -6.7294149 -35.276829 10.655582
v -4.5010853 -35.629761 10.655582
v -6.7408075 -35.336548 11.298772
v -4.5087056 -35.690079 11.298772
v -6.6092868 -34.647095 8.1587133
v -6.5612087 -34.395061 7.5657916
v -6.506249 -34.106953 6.9901505
v -6.6502943 -34.862064 8.7665768
v -4.3518171 -34.448181 6.9901505
v -4.3885779 -34.73917 7.5657916
v -4.4207358 -34.993729 8.1587133
v -4.4481645 -35.210846 8.7665768
v -2.2397971 -35.600555 9.386981
v -2.2284796 -35.42067 8.7665768
v -2.2486465 -35.741211 10.017479
v 0 -35.4907 8.7665768
v -2.2147384 -35.202255 8.1587133
v 0 -35.670944 9.386981
v 0 -35.271858 8.1587133
v 0 -35.811878 10.017479
v -2.2549925 -35.842079 10.655582
v -2.25881 -35.902756 11.298772
v 0 -35.912945 10.655582
v 0 -35.973743 11.298772
v -2.1802108 -34.653458 6.9901505
v -2.1986275 -34.946182 7.5657916
v 0 -34.721973 6.9901505
v 0 -35.015278 7.5657916
v -7.6259227 -29.701008 2.9325633
v -7.3353128 -28.569157 2.3826795
v -7.4827666 -29.143452 2.6392596
v -7.1841435 -27.980392 2.1638353
v -8.3431358 -25.677532 1.7415925
v -7.0298553 -27.379478 1.9835911
v -6.8730569 -26.768789 1.842658
v -6.7143669 -26.150732 1.7415925
v -8.1443796 -25.065823 1.6807932
v -6.5544124 -25.52775 1.6807932
v -5.6380687 -29.55579 2.6392596
v -5.5269661 -28.973372 2.3826795
v -5.413064 -28.376276 2.1638353
v -5.2968116 -27.766859 1.9835911
v -3.6968069 -29.263239 2.3826795
v -3.6206214 -28.66017 2.1638353
v -5.178668 -27.14753 1.842658
v -5.0590997 -26.520729 1.7415925
v -4.9385777 -25.888931 1.6807932
v -3.5428641 -28.044657 1.9835911
v -1.8520581 -29.43762 2.3826795
v -1.81389 -28.830957 2.1638353
v -1.7749345 -28.211777 1.9835911
v -3.4638419 -27.41913 1.842658
v -3.3838663 -26.78606 1.7415925
v -3.3032532 -26.147942 1.6807932
v -1.7353452 -27.582521 1.842658
v -1.6952784 -26.945679 1.7415925
v -1.6548922 -26.303757 1.6807932
v 0 -29.495823 2.3826795
v 0 -30.088745 2.6392596
v 0 -28.88796 2.1638353
v 0 -28.267555 1.9835911
v 0 -27.637058 1.842658
v 0 -26.998955 1.7415925
v 0 -26.355764 1.6807932
v -18.041763 -19.212526 1.6807932
v -32.685291 2.0563843 4.4477897
v -33.14122 2.0850689 4.9046206
v -33.962814 2.1367593 5.8997207
v -34.325237 2.1595609 6.434062
v -33.567623 2.1118958 5.3892355
v -33.368778 4.215457 5.3892355
v -32.944901 4.1619091 4.9046206
v -33.761627 4.2650857 5.8997207
v -34.121902 4.3105989 6.434062
v -32.618565 6.2223239 4.9046206
v -33.038242 6.3023815 5.3892355
v -33.4272 6.3765798 5.8997207
v -33.783909 6.4446249 6.434062
v -32.57732 8.3644342 5.3892355
v -32.96085 8.4629087 5.8997207
v -33.31258 8.5532169 6.434062
v -30.603876 1.9254327 2.9325633
v -31.158869 1.9603498 3.2614334
v -30.422588 3.8432667 2.9325633
v -30.974293 3.9129632 3.2614334
v -30.029371 1.8892879 2.6392596
v -29.43762 1.8520581 2.3826795
v -29.263239 3.6968069 2.3826795
v -28.830957 1.81389 2.1638353
v -28.211777 1.7749345 1.9835911
v -28.66017 3.6206214 2.1638353
v -28.044657 3.5428641 1.9835911
v -29.851486 3.7711196 2.6392596
v -30.121235 5.7459331 2.9325633
v -29.55579 5.6380687 2.6392596
v -28.973372 5.5269661 2.3826795
v -28.376276 5.413064 2.1638353
v -27.766859 5.2968116 1.9835911
v -31.692156 1.9939014 3.6245713
v -32.201633 2.025955 4.0205441
v -31.504419 3.9799337 3.6245713
v -32.01088 4.0439143 4.0205441
v -32.491673 4.1046529 4.4477897
v -32.169827 6.1367221 4.4477897
v -31.693794 6.0459146 4.0205441
v -31.19235 5.9502592 3.6245713
v -30.667475 5.8501334 3.2614334
v -29.143452 7.4827666 2.6392596
v -29.701008 7.6259227 2.9325633
v -30.239626 7.7642164 3.2614334
v -27.980392 7.1841435 2.1638353
v -28.569157 7.3353128 2.3826795
v -29.163565 9.4758167 2.9325633
v -29.692436 9.6476574 3.2614334
v -28.616096 9.2979336 2.6392596
v -28.052195 9.1147108 2.3826795
v -27.975807 11.076406 2.6392596
v -31.721018 8.1445732 4.4477897
v -32.163498 8.2581825 4.9046206
v -30.757179 7.8971014 3.6245713
v -31.251627 8.0240545 4.0205441
v -30.200624 9.8127775 3.6245713
v -30.686125 9.9705267 4.0205441
v -31.14702 10.12028 4.4477897
v -31.581493 10.261449 4.9046206
v -31.987827 10.393476 5.3892355
v -32.364422 10.515838 5.8997207
v -32.709785 10.628054 6.434062
v -35.202255 2.2147384 8.1587133
v -35.42067 2.2284796 8.7665768
v -35.600555 2.2397971 9.386981
v -35.210846 4.4481645 8.7665768
v -35.389671 4.4707551 9.386981
v -35.741211 2.2486465 10.017479
v -34.653458 2.1802108 6.9901505
v -34.946182 2.1986275 7.5657916
v -34.448181 4.3518171 6.9901505
v -34.73917 4.3885779 7.5657916
v -34.993729 4.4207358 8.1587133
v -35.842079 2.2549925 10.655582
v -35.902756 2.25881 11.298772
v -35.529491 4.4884186 10.017479
v -35.629761 4.5010853 10.655582
v -35.690079 4.5087056 11.298772
v -35.039116 6.6840687 9.386981
v -34.106953 6.506249 6.9901505
v -34.395061 6.5612087 7.5657916
v -34.647095 6.6092868 8.1587133
v -33.915207 8.7079449 7.5657916
v -33.631119 8.635004 6.9901505
v -34.862064 6.6502943 8.7665768
v -34.163727 8.7717543 8.1587133
v -34.375694 8.8261786 8.7665768
v -34.550278 8.8710032 9.386981
v -35.177551 6.7104769 10.017479
v -33.02256 10.72968 6.9901505
v -33.301506 10.820315 7.5657916
v -33.753662 10.96723 8.7665768
v -33.925087 11.022928 9.386981
v -34.686783 8.9060516 10.017479
v -33.545528 10.899603 8.1587133
v -35.276829 6.7294149 10.655582
v -35.336548 6.7408075 11.298772
v -34.784672 8.9311857 10.655582
v -34.843563 8.9463062 11.298772
v -34.05912 11.066479 10.017479
v -34.155239 11.09771 10.655582
v -34.213062 11.116498 11.298772
v -28.511024 11.288314 2.9325633
v -29.028063 11.493023 3.2614334
v -27.745966 13.056261 2.9325633
v -28.24913 13.293032 3.2614334
v -29.999519 11.877649 4.0205441
v -30.450102 12.056048 4.4477897
v -30.874853 12.224219 4.9046206
v -31.272095 12.381498 5.3892355
v -31.640263 12.527266 5.8997207
v -31.9779 12.660946 6.434062
v -30.046364 14.138745 4.9046206
v -30.432947 14.320658 5.3892355
v -30.791233 14.489255 5.8997207
v -31.11981 14.643871 6.434062
v -29.524881 11.689728 3.6245713
v -28.732616 13.520543 3.6245713
v -29.194517 13.737897 4.0205441
v -29.633009 13.944236 4.4477897
v -28.698971 15.777392 4.4477897
v -27.826958 15.297999 3.6245713
v -28.2743 15.543927 4.0205441
v -29.473692 16.203299 5.3892355
v -29.099295 15.997473 4.9046206
v -27.651669 17.548283 4.4477897
v -28.037384 17.793064 4.9046206
v -29.820686 16.39406 5.8997207
v -30.138906 16.569004 6.434062
v -28.73245 18.234167 5.8997207
v -28.398119 18.021994 5.3892355
v -29.039059 18.428747 6.434062
v -27.530821 20.002312 5.8997207
v -32.556381 12.889983 7.5657916
v -32.794945 12.984437 8.1587133
v -32.998421 13.064999 8.7665768
v -33.166008 13.131351 9.386981
v -33.297043 13.183231 10.017479
v -33.39101 13.220436 10.655582
v -33.44754 13.242818 11.298772
v -32.403557 15.247956 10.017479
v -32.495003 15.290988 10.655582
v -32.550014 15.316875 11.298772
v -32.283676 12.782011 6.9901505
v -31.417381 14.783897 6.9901505
v -31.68277 14.90878 7.5657916
v -31.91493 15.018026 8.1587133
v -32.112946 15.111206 8.7665768
v -32.276035 15.18795 9.386981
v -30.427097 16.727438 6.9901505
v -30.684122 16.868738 7.5657916
v -30.908964 16.992348 8.1587133
v -31.100739 17.097776 8.7665768
v -31.258688 17.184608 9.386981
v -29.781013 18.899607 8.1587133
v -29.96579 19.016869 8.7665768
v -30.117975 19.113449 9.386981
v -31.382189 17.252504 10.017479
v -29.316732 18.604963 6.9901505
v -29.564377 18.762123 7.5657916
v -28.090666 20.409063 6.9901505
v -27.824606 20.215759 6.434062
v -28.327953 20.581463 7.5657916
v -28.535532 20.732277 8.1587133
v -28.71258 20.86091 8.7665768
v -28.8584 20.966856 9.386981
v -30.236969 19.188965 10.017479
v -31.470753 17.301193 10.655582
v -31.524033 17.330482 11.298772
v -30.322302 19.243118 10.655582
v -30.373636 19.275696 11.298772
v -28.972418 21.049694 10.017479
v -29.054182 21.109098 10.655582
v -29.103371 21.144836 11.298772
v -27.582521 1.7353452 1.842658
v -26.945679 1.6952784 1.7415925
v -27.41913 3.4638419 1.842658
v -26.78606 3.3838663 1.7415925
v -26.303757 1.6548922 1.6807932
v -26.147942 3.3032532 1.6807932
v -27.14753 5.178668 1.842658
v -26.520729 5.0590997 1.7415925
v -25.888931 4.9385777 1.6807932
v -27.379478 7.0298553 1.9835911
v -26.768789 6.8730569 1.842658
v -26.150732 6.7143669 1.7415925
v -25.52775 6.5544124 1.6807932
v -26.284403 8.5403204 1.842658
v -25.677532 8.3431358 1.7415925
v -27.474083 8.9268703 2.1638353
v -26.884043 8.7351551 1.9835911
v -26.859346 10.634367 2.1638353
v -27.424522 10.858137 2.3826795
v -26.282509 10.405981 1.9835911
v -25.696287 10.17388 1.842658
v -25.065823 8.1443796 1.6807932
v -24.504971 9.7022038 1.6807932
v -25.102993 9.9389782 1.7415925
v -27.225111 12.811165 2.6392596
v -26.688618 12.558711 2.3826795
v -26.138607 12.299895 2.1638353
v -25.57725 12.03574 1.9835911
v -26.366968 14.495363 2.6392596
v -26.871407 14.77268 2.9325633
v -27.358711 15.040579 3.2614334
v -25.314713 13.916881 2.1638353
v -25.847387 14.209722 2.3826795
v -25.404768 16.122356 2.6392596
v -25.006758 11.767287 1.842658
v -24.429384 11.495596 1.7415925
v -24.218538 13.314254 1.842658
v -23.847408 11.221739 1.6807932
v -23.659365 13.006845 1.7415925
v -23.095732 12.696986 1.6807932
v -24.771048 13.617999 1.9835911
v -24.390911 15.478943 2.1638353
v -24.904146 15.804652 2.3826795
v -22.795971 14.466763 1.7415925
v -23.867086 15.146514 1.9835911
v -23.33474 14.808676 1.842658
v -25.890797 16.430799 2.9325633
v -26.360319 16.728767 3.2614334
v -24.80801 18.024075 2.9325633
v -24.342306 17.68572 2.6392596
v -23.862621 17.33721 2.3826795
v -23.370852 16.979918 2.1638353
v -22.868933 16.615252 1.9835911
v -25.257895 18.350935 3.2614334
v -23.627316 19.546215 2.9325633
v -22.726923 18.801346 2.3826795
v -23.183777 19.179287 2.6392596
v -24.05579 19.900679 3.2614334
v -26.811478 17.015081 3.6245713
v -27.242495 17.288612 4.0205441
v -26.495239 19.249918 4.4477897
v -26.864822 19.518436 4.9046206
v -25.690186 18.665012 3.6245713
v -26.103176 18.965069 4.0205441
v -25.234243 20.875582 4.4477897
v -27.210472 19.769566 5.3892355
v -25.586239 21.166777 4.9046206
v -24.467506 20.241282 3.6245713
v -24.860842 20.566677 4.0205441
v -22.252909 14.122125 1.6807932
v -21.842613 15.869587 1.7415925
v -21.322262 15.491529 1.6807932
v -22.358849 16.244656 1.842658
v -22.258556 18.413879 2.1638353
v -21.780525 18.018417 1.9835911
v -21.29472 17.616524 1.842658
v -20.803053 17.209782 1.7415925
v -22.353376 20.991217 2.9325633
v -21.50153 20.19128 2.3826795
v -21.933752 20.597164 2.6392596
v -20.606161 19.350473 1.9835911
v -21.058416 19.775169 2.1638353
v -20.307467 16.799797 1.6807932
v -19.212526 18.041763 1.6807932
v -20.146547 18.918867 1.842658
v -19.681391 18.482056 1.7415925
v -19.350473 20.606161 1.9835911
v -18.041763 19.212526 1.6807932
v -18.918867 20.146547 1.842658
v -18.482056 19.681391 1.7415925
v -27.346056 22.622625 8.7665768
v -27.484936 22.737516 9.386981
v -27.593527 22.827351 10.017479
v -27.6714 22.891771 10.655582
v -27.718246 22.930527 11.298772
v -26.220539 21.691517 5.8997207
v -25.915436 21.439114 5.3892355
v -26.500341 21.922989 6.434062
v -23.873661 22.418859 4.4477897
v -23.148264 21.737667 3.6245713
v -22.758747 21.371885 3.2614334
v -23.520391 22.087118 4.0205441
v -24.206676 22.731583 4.9046206
v -24.518126 23.024052 5.3892355
v -24.806778 23.295115 5.8997207
v -25.071493 23.543699 6.434062
v -22.731583 24.206676 4.9046206
v -23.024052 24.518126 5.3892355
v -23.295115 24.806778 5.8997207
v -23.543699 25.071493 6.434062
v -20.19128 21.50153 2.3826795
v -20.597164 21.933752 2.6392596
v -20.991217 22.353376 2.9325633
v -21.371885 22.758747 3.2614334
v -19.775169 21.058416 2.1638353
v -19.179287 23.183777 2.6392596
v -18.018417 21.780525 1.9835911
v -18.413879 22.258556 2.1638353
v -18.801346 22.726923 2.3826795
v -19.546215 23.627316 2.9325633
v -19.900679 24.05579 3.2614334
v -18.024075 24.80801 2.9325633
v -21.737667 23.148264 3.6245713
v -22.087118 23.520391 4.0205441
v -22.418859 23.873661 4.4477897
v -20.241282 24.467506 3.6245713
v -20.875582 25.234243 4.4477897
v -20.566677 24.860842 4.0205441
v -21.166777 25.586239 4.9046206
v -21.439114 25.915436 5.3892355
v -18.350935 25.257895 3.2614334
v -18.665012 25.690186 3.6245713
v -21.691517 26.220539 5.8997207
v -21.922989 26.500341 6.434062
v -20.002312 27.530821 5.8997207
v -18.965069 26.103176 4.0205441
v -19.249918 26.495239 4.4477897
v -19.518436 26.864822 4.9046206
v -19.769566 27.210472 5.3892355
v -20.215759 27.824606 6.434062
v -17.793064 28.037384 4.9046206
v -18.021994 28.398119 5.3892355
v -18.234167 28.73245 5.8997207
v -18.428747 29.039059 6.434062
v -26.75374 22.132618 6.9901505
v -26.979734 22.319578 7.5657916
v -27.177433 22.483128 8.1587133
v -25.31123 23.768826 6.9901505
v -25.525038 23.969606 7.5657916
v -25.712078 24.145248 8.1587133
v -25.871609 24.295057 8.7665768
v -26.003 24.418442 9.386981
v -23.768826 25.31123 6.9901505
v -23.969606 25.525038 7.5657916
v -24.145248 25.712078 8.1587133
v -24.295057 25.871609 8.7665768
v -24.418442 26.003 9.386981
v -26.105736 24.514917 10.017479
v -26.179409 24.584103 10.655582
v -26.22373 24.625723 11.298772
v -24.514917 26.105736 10.017479
v -24.584103 26.179409 10.655582
v -24.625723 26.22373 11.298772
v -22.483128 27.177433 8.1587133
v -22.622625 27.346056 8.7665768
v -22.737516 27.484936 9.386981
v -22.827351 27.593527 10.017479
v -22.891771 27.6714 10.655582
v -22.930527 27.718246 11.298772
v -22.132618 26.75374 6.9901505
v -22.319578 26.979734 7.5657916
v -20.409063 28.090666 6.9901505
v -20.581463 28.327953 7.5657916
v -20.732277 28.535532 8.1587133
v -20.86091 28.71258 8.7665768
v -20.966856 28.8584 9.386981
v -18.762123 29.564377 7.5657916
v -18.604963 29.316732 6.9901505
v -18.899607 29.781013 8.1587133
v -19.016869 29.96579 8.7665768
v -19.113449 30.117975 9.386981
v -21.049694 28.972418 10.017479
v -21.109098 29.054182 10.655582
v -21.144836 29.103371 11.298772
v -19.188965 30.236969 10.017479
v -19.243118 30.322302 10.655582
v -19.275696 30.373636 11.298772
v -16.799797 20.307467 1.6807932
v -17.616524 21.29472 1.842658
v -17.209782 20.803053 1.7415925
v -16.615252 22.868933 1.9835911
v -15.869587 21.842613 1.7415925
v -15.491529 21.322262 1.6807932
v -16.244656 22.358849 1.842658
v -16.979918 23.370852 2.1638353
v -17.33721 23.862621 2.3826795
v -17.68572 24.342306 2.6392596
v -15.478943 24.390911 2.1638353
v -16.122356 25.404768 2.6392596
v -15.804652 24.904146 2.3826795
v -14.466763 22.795971 1.7415925
v -14.122125 22.252909 1.6807932
v -14.808676 23.33474 1.842658
v -15.146514 23.867086 1.9835911
v -13.314254 24.218538 1.842658
v -13.617999 24.771048 1.9835911
v -13.916881 25.314713 2.1638353
v -16.430799 25.890797 2.9325633
v -16.728767 26.360319 3.2614334
v -14.77268 26.871407 2.9325633
v -14.209722 25.847387 2.3826795
v -14.495363 26.366968 2.6392596
v -15.040579 27.358711 3.2614334
v -13.056261 27.745966 2.9325633
v -17.015081 26.811478 3.6245713
v -17.288612 27.242495 4.0205441
v -17.548283 27.651669 4.4477897
v -15.297999 27.826958 3.6245713
v -15.543927 28.2743 4.0205441
v -15.777392 28.698971 4.4477897
v -15.997473 29.099295 4.9046206
v -16.39406 29.820686 5.8997207
v -16.203299 29.473692 5.3892355
v -16.569004 30.138906 6.434062
v -13.520543 28.732616 3.6245713
v -13.293032 28.24913 3.2614334
v -13.737897 29.194517 4.0205441
v -13.944236 29.633009 4.4477897
v -14.138745 30.046364 4.9046206
v -14.320658 30.432947 5.3892355
v -14.489255 30.791233 5.8997207
v -12.696986 23.095732 1.6807932
v -13.006845 23.659365 1.7415925
v -12.03574 25.57725 1.9835911
v -11.221739 23.847408 1.6807932
v -11.495596 24.429384 1.7415925
v -11.767287 25.006758 1.842658
v -9.7022038 24.504971 1.6807932
v -9.9389782 25.102993 1.7415925
v -12.299895 26.138607 2.1638353
v -12.558711 26.688618 2.3826795
v -12.811165 27.225111 2.6392596
v -10.634367 26.859346 2.1638353
v -10.858137 27.424522 2.3826795
v -11.076406 27.975807 2.6392596
v -11.288314 28.511024 2.9325633
v -11.493023 29.028063 3.2614334
v -10.17388 25.696287 1.842658
v -10.405981 26.282509 1.9835911
v -8.3431358 25.677532 1.7415925
v -8.5403204 26.284403 1.842658
v -8.9268703 27.474083 2.1638353
v -8.7351551 26.884043 1.9835911
v -9.1147108 28.052195 2.3826795
v -9.4758167 29.163565 2.9325633
v -9.2979336 28.616096 2.6392596
v -9.6476574 29.692436 3.2614334
v -11.689728 29.524881 3.6245713
v -11.877649 29.999519 4.0205441
v -12.056048 30.450102 4.4477897
v -9.8127775 30.200624 3.6245713
v -16.727438 30.427097 6.9901505
v -16.868738 30.684122 7.5657916
v -16.992348 30.908964 8.1587133
v -14.643871 31.11981 6.434062
v -12.224219 30.874853 4.9046206
v -12.381498 31.272095 5.3892355
v -12.527266 31.640263 5.8997207
v -12.660946 31.9779 6.434062
v -10.393476 31.987827 5.3892355
v -10.515838 32.364422 5.8997207
v -9.9705267 30.686125 4.0205441
v -10.12028 31.14702 4.4477897
v -10.261449 31.581493 4.9046206
v -8.1445732 31.721018 4.4477897
v -10.628054 32.709785 6.434062
v -8.2581825 32.163498 4.9046206
v -8.3644342 32.57732 5.3892355
v -8.4629087 32.96085 5.8997207
v -17.097776 31.100739 8.7665768
v -17.184608 31.258688 9.386981
v -15.18795 32.276035 9.386981
v -17.252504 31.382189 10.017479
v -14.783897 31.417381 6.9901505
v -14.90878 31.68277 7.5657916
v -15.018026 31.91493 8.1587133
v -12.782011 32.283676 6.9901505
v -12.889983 32.556381 7.5657916
v -15.111206 32.112946 8.7665768
v -12.984437 32.794945 8.1587133
v -13.064999 32.998421 8.7665768
v -13.131351 33.166008 9.386981
v -15.247956 32.403557 10.017479
v -17.301193 31.470753 10.655582
v -17.330482 31.524033 11.298772
v -15.290988 32.495003 10.655582
v -15.316875 32.550014 11.298772
v -13.183231 33.297043 10.017479
v -13.220436 33.39101 10.655582
v -13.242818 33.44754 11.298772
v -10.72968 33.02256 6.9901505
v -10.820315 33.301506 7.5657916
v -10.899603 33.545528 8.1587133
v -10.96723 33.753662 8.7665768
v -11.022928 33.925087 9.386981
v -8.635004 33.631119 6.9901505
v -8.5532169 33.31258 6.434062
v -8.7079449 33.915207 7.5657916
v -8.7717543 34.163727 8.1587133
v -8.8261786 34.375694 8.7665768
v -8.8710032 34.550278 9.386981
v -11.066479 34.05912 10.017479
v -11.09771 34.155239 10.655582
v -11.116498 34.213062 11.298772
v -8.9060516 34.686783 10.017479
v -8.9311857 34.784672 10.655582
v -8.9463062 34.843563 11.298772
v -8.1443796 25.065823 1.6807932
v -6.5544124 25.52775 1.6807932
v -6.7143669 26.150732 1.7415925
v -6.8730569 26.768789 1.842658
v -7.0298553 27.379478 1.9835911
v -7.1841435 27.980392 2.1638353
v -7.3353128 28.569157 2.3826795
v -7.4827666 29.143452 2.6392596
v -7.6259227 29.701008 2.9325633
v -7.7642164 30.239626 3.2614334
v -5.0590997 26.520729 1.7415925
v -4.9385777 25.888931 1.6807932
v -5.2968116 27.766859 1.9835911
v -5.178668 27.14753 1.842658
v -5.413064 28.376276 2.1638353
v -5.5269661 28.973372 2.3826795
v -5.6380687 29.55579 2.6392596
v -5.7459331 30.121235 2.9325633
v -3.5428641 28.044657 1.9835911
v -3.6206214 28.66017 2.1638353
v -3.6968069 29.263239 2.3826795
v -3.7711196 29.851486 2.6392596
v -3.3032532 26.147942 1.6807932
v -3.3838663 26.78606 1.7415925
v -3.4638419 27.41913 1.842658
v -1.6548922 26.303757 1.6807932
v -1.6952784 26.945679 1.7415925
v -1.7353452 27.582521 1.842658
v -3.8432667 30.422588 2.9325633
v -1.7749345 28.211777 1.9835911
v -1.81389 28.830957 2.1638353
v -1.8520581 29.43762 2.3826795
v -1.8892879 30.029371 2.6392596
v 0 26.355764 1.6807932
v 0 26.998955 1.7415925
v 0 27.637058 1.842658
v 0 28.267555 1.9835911
v 0 28.88796 2.1638353
v 0 29.495823 2.3826795
v 0 30.088745 2.6392596
v -1.9254327 30.603876 2.9325633
v -5.8501334 30.667475 3.2614334
v -7.8971014 30.757179 3.6245713
v -8.0240545 31.251627 4.0205441
v -5.9502592 31.19235 3.6245713
v -6.0459146 31.693794 4.0205441
v -6.1367221 32.169827 4.4477897
v -6.2223239 32.618565 4.9046206
v -6.3023815 33.038242 5.3892355
v -6.3765798 33.4272 5.8997207
v -6.4446249 33.783909 6.434062
v -3.9799337 31.504419 3.6245713
v -3.9129632 30.974293 3.2614334
v -4.0439143 32.01088 4.0205441
v -4.1046529 32.491673 4.4477897
v -4.1619091 32.944901 4.9046206
v -4.215457 33.368778 5.3892355
v -4.2650857 33.761627 5.8997207
v -4.3105989 34.121902 6.434062
v -1.9603498 31.158869 3.2614334
v 0 30.664387 2.9325633
v 0 31.220474 3.2614334
v -1.9939014 31.692156 3.6245713
v -2.025955 32.201633 4.0205441
v -2.0563843 32.685291 4.4477897
v -2.0850689 33.14122 4.9046206
v -2.1118958 33.567623 5.3892355
v -2.1367593 33.962814 5.8997207
v -2.1595609 34.325237 6.434062
v 0 31.754816 3.6245713
v 0 32.265301 4.0205441
v 0 32.749916 4.4477897
v 0 33.206749 4.9046206
v 0 33.633991 5.3892355
v 0 34.029964 5.8997207
v 0 34.393105 6.434062
v -6.506249 34.106953 6.9901505
v -6.5612087 34.395061 7.5657916
v -6.6092868 34.647095 8.1587133
v -6.6502943 34.862064 8.7665768
v -6.6840687 35.039116 9.386981
v -4.3518171 34.448181 6.9901505
v -4.3885779 34.73917 7.5657916
v -4.4207358 34.993729 8.1587133
v -4.4481645 35.210846 8.7665768
v -4.4707551 35.389671 9.386981
v -6.7104769 35.177551 10.017479
v -6.7294149 35.276829 10.655582
v -6.7408075 35.336548 11.298772
v -4.4884186 35.529491 10.017479
v -4.5010853 35.629761 10.655582
v -4.5087056 35.690079 11.298772
v -2.1802108 34.653458 6.9901505
v -2.1986275 34.946182 7.5657916
v -2.2147384 35.202255 8.1587133
v -2.2284796 35.42067 8.7665768
v 0 34.721973 6.9901505
v 0 35.015278 7.5657916
v 0 35.271858 8.1587133
v -2.2397971 35.600555 9.386981
v 0 35.4907 8.7665768
v 0 35.670944 9.386981
v -2.2486465 35.741211 10.017479
v -2.2549925 35.842079 10.655582
v -2.25881 35.902756 11.298772
v 0 35.811878 10.017479
v 0 35.912945 10.655582
v 0 35.973743 11.298772
v 1.9603498 -31.158869 3.2614334
v 1.9254327 -30.603876 2.9325633
v 3.9129632 -30.974293 3.2614334
v 3.8432667 -30.422588 2.9325633
v 1.8892879 -30.029371 2.6392596
v 5.8501334 -30.667475 3.2614334
v 2.0850689 -33.14122 4.9046206
v 2.0563843 -32.685291 4.4477897
v 2.1595609 -34.325237 6.434062
v 2.1118958 -33.567623 5.3892355
v 2.1367593 -33.962814 5.8997207
v 1.9939014 -31.692156 3.6245713
v 2.025955 -32.201633 4.0205441
v 4.1619091 -32.944901 4.9046206
v 4.3105989 -34.121902 6.434062
v 4.215457 -33.368778 5.3892355
v 4.2650857 -33.761627 5.8997207
v 4.0439143 -32.01088 4.0205441
v 3.9799337 -31.504419 3.6245713
v 4.1046529 -32.491673 4.4477897
v 6.0459146 -31.693794 4.0205441
v 5.9502592 -31.19235 3.6245713
v 5.7459331 -30.121235 2.9325633
v 7.7642164 -30.239626 3.2614334
v 6.3023815 -33.038242 5.3892355
v 6.2223239 -32.618565 4.9046206
v 6.3765798 -33.4272 5.8997207
v 6.4446249 -33.783909 6.434062
v 8.4629087 -32.96085 5.8997207
v 6.1367221 -32.169827 4.4477897
v 8.2581825 -32.163498 4.9046206
v 8.1445732 -31.721018 4.4477897
v 8.0240545 -31.251627 4.0205441
v 7.8971014 -30.757179 3.6245713
v 8.3644342 -32.57732 5.3892355
v 8.5532169 -33.31258 6.434062
v 10.628054 -32.709785 6.434062
v 10.261449 -31.581493 4.9046206
v 9.9705267 -30.686125 4.0205441
v 9.8127775 -30.200624 3.6245713
v 10.12028 -31.14702 4.4477897
v 10.393476 -31.987827 5.3892355
v 10.515838 -32.364422 5.8997207
v 2.2284796 -35.42067 8.7665768
v 2.2397971 -35.600555 9.386981
v 2.2486465 -35.741211 10.017479
v 4.4707551 -35.389671 9.386981
v 4.4481645 -35.210846 8.7665768
v 4.4884186 -35.529491 10.017479
v 2.2549925 -35.842079 10.655582
v 2.25881 -35.902756 11.298772
v 4.5010853 -35.629761 10.655582
v 4.5087056 -35.690079 11.298772
v 2.1802108 -34.653458 6.9901505
v 2.1986275 -34.946182 7.5657916
v 2.2147384 -35.202255 8.1587133
v 4.3518171 -34.448181 6.9901505
v 4.3885779 -34.73917 7.5657916
v 4.4207358 -34.993729 8.1587133
v 6.7104769 -35.177551 10.017479
v 6.7294149 -35.276829 10.655582
v 6.7408075 -35.336548 11.298772
v 6.506249 -34.106953 6.9901505
v 6.5612087 -34.395061 7.5657916
v 6.6092868 -34.647095 8.1587133
v 6.6502943 -34.862064 8.7665768
v 6.6840687 -35.039116 9.386981
v 8.7079449 -33.915207 7.5657916
v 8.7717543 -34.163727 8.1587133
v 8.635004 -33.631119 6.9901505
v 10.72968 -33.02256 6.9901505
v 10.820315 -33.301506 7.5657916
v 8.8261786 -34.375694 8.7665768
v 8.8710032 -34.550278 9.386981
v 8.9060516 -34.686783 10.017479
v 8.9311857 -34.784672 10.655582
v 8.9463062 -34.843563 11.298772
v 1.8520581 -29.43762 2.3826795
v 1.81389 -28.830957 2.1638353
v 1.7749345 -28.211777 1.9835911
v 1.7353452 -27.582521 1.842658
v 3.5428641 -28.044657 1.9835911
v 1.6952784 -26.945679 1.7415925
v 1.6548922 -26.303757 1.6807932
v 3.4638419 -27.41913 1.842658
v 3.3838663 -26.78606 1.7415925
v 3.3032532 -26.147942 1.6807932
v 3.6968069 -29.263239 2.3826795
v 3.7711196 -29.851486 2.6392596
v 3.6206214 -28.66017 2.1638353
v 5.6380687 -29.55579 2.6392596
v 5.5269661 -28.973372 2.3826795
v 5.413064 -28.376276 2.1638353
v 5.2968116 -27.766859 1.9835911
v 5.178668 -27.14753 1.842658
v 5.0590997 -26.520729 1.7415925
v 4.9385777 -25.888931 1.6807932
v 7.6259227 -29.701008 2.9325633
v 7.4827666 -29.143452 2.6392596
v 7.3353128 -28.569157 2.3826795
v 7.1841435 -27.980392 2.1638353
v 7.0298553 -27.379478 1.9835911
v 6.8730569 -26.768789 1.842658
v 6.7143669 -26.150732 1.7415925
v 6.5544124 -25.52775 1.6807932
v 9.4758167 -29.163565 2.9325633
v 9.1147108 -28.052195 2.3826795
v 9.2979336 -28.616096 2.6392596
v 9.6476574 -29.692436 3.2614334
v 8.9268703 -27.474083 2.1638353
v 8.7351551 -26.884043 1.9835911
v 8.5403204 -26.284403 1.842658
v 8.3431358 -25.677532 1.7415925
v 8.1443796 -25.065823 1.6807932
v 9.9389782 -25.102993 1.7415925
v 10.17388 -25.696287 1.842658
v 10.405981 -26.282509 1.9835911
v 9.7022038 -24.504971 1.6807932
v 11.877649 -29.999519 4.0205441
v 12.224219 -30.874853 4.9046206
v 12.056048 -30.450102 4.4477897
v 12.381498 -31.272095 5.3892355
v 12.527266 -31.640263 5.8997207
v 12.660946 -31.9779 6.434062
v 14.138745 -30.046364 4.9046206
v 14.643871 -31.11981 6.434062
v 14.320658 -30.432947 5.3892355
v 14.489255 -30.791233 5.8997207
v 16.39406 -29.820686 5.8997207
v 16.569004 -30.138906 6.434062
v 10.899603 -33.545528 8.1587133
v 12.889983 -32.556381 7.5657916
v 12.984437 -32.794945 8.1587133
v 10.96723 -33.753662 8.7665768
v 11.022928 -33.925087 9.386981
v 11.066479 -34.05912 10.017479
v 13.064999 -32.998421 8.7665768
v 13.131351 -33.166008 9.386981
v 12.782011 -32.283676 6.9901505
v 13.183231 -33.297043 10.017479
v 15.18795 -32.276035 9.386981
v 14.783897 -31.417381 6.9901505
v 14.90878 -31.68277 7.5657916
v 15.018026 -31.91493 8.1587133
v 15.111206 -32.112946 8.7665768
v 11.09771 -34.155239 10.655582
v 11.116498 -34.213062 11.298772
v 13.220436 -33.39101 10.655582
v 13.242818 -33.44754 11.298772
v 15.247956 -32.403557 10.017479
v 15.290988 -32.495003 10.655582
v 15.316875 -32.550014 11.298772
v 16.727438 -30.427097 6.9901505
v 16.868738 -30.684122 7.5657916
v 16.992348 -30.908964 8.1587133
v 17.097776 -31.100739 8.7665768
v 17.184608 -31.258688 9.386981
v 18.899607 -29.781013 8.1587133
v 17.252504 -31.382189 10.017479
v 19.016869 -29.96579 8.7665768
v 19.113449 -30.117975 9.386981
v 19.188965 -30.236969 10.017479
v 17.301193 -31.470753 10.655582
v 17.330482 -31.524033 11.298772
v 19.243118 -30.322302 10.655582
v 19.275696 -30.373636 11.298772
v 11.493023 -29.028063 3.2614334
v 11.076406 -27.975807 2.6392596
v 11.288314 -28.511024 2.9325633
v 10.858137 -27.424522 2.3826795
v 10.634367 -26.859346 2.1638353
v 12.558711 -26.688618 2.3826795
v 12.811165 -27.225111 2.6392596
v 12.299895 -26.138607 2.1638353
v 12.03574 -25.57725 1.9835911
v 11.767287 -25.006758 1.842658
v 13.293032 -28.24913 3.2614334
v 13.056261 -27.745966 2.9325633
v 15.040579 -27.358711 3.2614334
v 13.916881 -25.314713 2.1638353
v 14.495363 -26.366968 2.6392596
v 14.77268 -26.871407 2.9325633
v 14.209722 -25.847387 2.3826795
v 11.689728 -29.524881 3.6245713
v 13.520543 -28.732616 3.6245713
v 13.737897 -29.194517 4.0205441
v 13.944236 -29.633009 4.4477897
v 15.297999 -27.826958 3.6245713
v 11.495596 -24.429384 1.7415925
v 11.221739 -23.847408 1.6807932
v 12.696986 -23.095732 1.6807932
v 13.006845 -23.659365 1.7415925
v 13.314254 -24.218538 1.842658
v 13.617999 -24.771048 1.9835911
v 15.146514 -23.867086 1.9835911
v 14.466763 -22.795971 1.7415925
v 14.808676 -23.33474 1.842658
v 14.122125 -22.252909 1.6807932
v 15.804652 -24.904146 2.3826795
v 16.122356 -25.404768 2.6392596
v 16.430799 -25.890797 2.9325633
v 16.728767 -26.360319 3.2614334
v 18.024075 -24.80801 2.9325633
v 18.350935 -25.257895 3.2614334
v 15.777392 -28.698971 4.4477897
v 15.997473 -29.099295 4.9046206
v 15.543927 -28.2743 4.0205441
v 17.288612 -27.242495 4.0205441
v 17.548283 -27.651669 4.4477897
v 16.203299 -29.473692 5.3892355
v 17.015081 -26.811478 3.6245713
v 17.793064 -28.037384 4.9046206
v 18.234167 -28.73245 5.8997207
v 18.428747 -29.039059 6.434062
v 18.021994 -28.398119 5.3892355
v 19.769566 -27.210472 5.3892355
v 20.002312 -27.530821 5.8997207
v 18.665012 -25.690186 3.6245713
v 18.965069 -26.103176 4.0205441
v 19.249918 -26.495239 4.4477897
v 19.518436 -26.864822 4.9046206
v 15.478943 -24.390911 2.1638353
v 16.244656 -22.358849 1.842658
v 17.33721 -23.862621 2.3826795
v 16.615252 -22.868933 1.9835911
v 16.979918 -23.370852 2.1638353
v 15.491529 -21.322262 1.6807932
v 15.869587 -21.842613 1.7415925
v 16.799797 -20.307467 1.6807932
v 17.209782 -20.803053 1.7415925
v 17.68572 -24.342306 2.6392596
v 18.413879 -22.258556 2.1638353
v 19.900679 -24.05579 3.2614334
v 19.546215 -23.627316 2.9325633
v 18.801346 -22.726923 2.3826795
v 19.179287 -23.183777 2.6392596
v 18.018417 -21.780525 1.9835911
v 17.616524 -21.29472 1.842658
v 18.482056 -19.681391 1.7415925
v 19.775169 -21.058416 2.1638353
v 18.918867 -20.146547 1.842658
v 19.350473 -20.606161 1.9835911
v 18.604963 -29.316732 6.9901505
v 18.762123 -29.564377 7.5657916
v 18.041763 -19.212526 1.6807932
v 19.681391 -18.482056 1.7415925
v 19.212526 -18.041763 1.6807932
v 20.215759 -27.824606 6.434062
v 20.566677 -24.860842 4.0205441
v 20.875582 -25.234243 4.4477897
v 21.166777 -25.586239 4.9046206
v 21.439114 -25.915436 5.3892355
v 21.691517 -26.220539 5.8997207
v 21.922989 -26.500341 6.434062
v 23.024052 -24.518126 5.3892355
v 23.295115 -24.806778 5.8997207
v 23.543699 -25.071493 6.434062
v 20.991217 -22.353376 2.9325633
v 21.371885 -22.758747 3.2614334
v 20.19128 -21.50153 2.3826795
v 20.597164 -21.933752 2.6392596
v 21.50153 -20.19128 2.3826795
v 21.058416 -19.775169 2.1638353
v 21.933752 -20.597164 2.6392596
v 22.758747 -21.371885 3.2614334
v 22.353376 -20.991217 2.9325633
v 23.627316 -19.546215 2.9325633
v 24.05579 -19.900679 3.2614334
v 20.241282 -24.467506 3.6245713
v 22.087118 -23.520391 4.0205441
v 21.737667 -23.148264 3.6245713
v 22.418859 -23.873661 4.4477897
v 22.731583 -24.206676 4.9046206
v 23.520391 -22.087118 4.0205441
v 23.873661 -22.418859 4.4477897
v 24.206676 -22.731583 4.9046206
v 24.518126 -23.024052 5.3892355
v 23.148264 -21.737667 3.6245713
v 24.467506 -20.241282 3.6245713
v 24.806778 -23.295115 5.8997207
v 25.071493 -23.543699 6.434062
v 26.500341 -21.922989 6.434062
v 24.860842 -20.566677 4.0205441
v 25.586239 -21.166777 4.9046206
v 25.234243 -20.875582 4.4477897
v 26.495239 -19.249918 4.4477897
v 25.915436 -21.439114 5.3892355
v 26.220539 -21.691517 5.8997207
v 26.864822 -19.518436 4.9046206
v 27.210472 -19.769566 5.3892355
v 27.530821 -20.002312 5.8997207
v 27.824606 -20.215759 6.434062
v 20.581463 -28.327953 7.5657916
v 20.732277 -28.535532 8.1587133
v 20.409063 -28.090666 6.9901505
v 22.319578 -26.979734 7.5657916
v 20.86091 -28.71258 8.7665768
v 20.966856 -28.8584 9.386981
v 21.049694 -28.972418 10.017479
v 22.132618 -26.75374 6.9901505
v 22.483128 -27.177433 8.1587133
v 22.622625 -27.346056 8.7665768
v 22.737516 -27.484936 9.386981
v 22.827351 -27.593527 10.017479
v 24.145248 -25.712078 8.1587133
v 23.768826 -25.31123 6.9901505
v 23.969606 -25.525038 7.5657916
v 24.295057 -25.871609 8.7665768
v 24.418442 -26.003 9.386981
v 21.109098 -29.054182 10.655582
v 21.144836 -29.103371 11.298772
v 22.891771 -27.6714 10.655582
v 22.930527 -27.718246 11.298772
v 24.584103 -26.179409 10.655582
v 24.514917 -26.105736 10.017479
v 24.625723 -26.22373 11.298772
v 25.871609 -24.295057 8.7665768
v 26.003 -24.418442 9.386981
v 26.105736 -24.514917 10.017479
v 26.179409 -24.584103 10.655582
v 26.22373 -24.625723 11.298772
v 25.31123 -23.768826 6.9901505
v 25.525038 -23.969606 7.5657916
v 25.712078 -24.145248 8.1587133
v 26.75374 -22.132618 6.9901505
v 26.979734 -22.319578 7.5657916
v 27.177433 -22.483128 8.1587133
v 27.346056 -22.622625 8.7665768
v 27.484936 -22.737516 9.386981
v 27.593527 -22.827351 10.017479
v 28.090666 -20.409063 6.9901505
v 28.327953 -20.581463 7.5657916
v 28.535532 -20.732277 8.1587133
v 28.71258 -20.86091 8.7665768
v 28.8584 -20.966856 9.386981
v 27.6714 -22.891771 10.655582
v 27.718246 -22.930527 11.298772
v 28.972418 -21.049694 10.017479
v 29.054182 -21.109098 10.655582
v 29.103371 -21.144836 11.298772
v 29.96579 -19.016869 8.7665768
v 30.117975 -19.113449 9.386981
v 30.236969 -19.188965 10.017479
v 30.322302 -19.243118 10.655582
v 30.373636 -19.275696 11.298772
v 20.146547 -18.918867 1.842658
v 20.606161 -19.350473 1.9835911
v 20.803053 -17.209782 1.7415925
v 21.29472 -17.616524 1.842658
v 21.780525 -18.018417 1.9835911
v 20.307467 -16.799797 1.6807932
v 21.842613 -15.869587 1.7415925
v 21.322262 -15.491529 1.6807932
v 22.726923 -18.801346 2.3826795
v 22.258556 -18.413879 2.1638353
v 23.183777 -19.179287 2.6392596
v 23.370852 -16.979918 2.1638353
v 23.862621 -17.33721 2.3826795
v 24.342306 -17.68572 2.6392596
v 22.358849 -16.244656 1.842658
v 22.868933 -16.615252 1.9835911
v 22.795971 -14.466763 1.7415925
v 23.33474 -14.808676 1.842658
v 23.867086 -15.146514 1.9835911
v 22.252909 -14.122125 1.6807932
v 23.095732 -12.696986 1.6807932
v 24.218538 -13.314254 1.842658
v 23.659365 -13.006845 1.7415925
v 23.847408 -11.221739 1.6807932
v 25.257895 -18.350935 3.2614334
v 24.80801 -18.024075 2.9325633
v 26.360319 -16.728767 3.2614334
v 24.904146 -15.804652 2.3826795
v 25.404768 -16.122356 2.6392596
v 24.390911 -15.478943 2.1638353
v 25.890797 -16.430799 2.9325633
v 25.847387 -14.209722 2.3826795
v 26.366968 -14.495363 2.6392596
v 26.871407 -14.77268 2.9325633
v 27.358711 -15.040579 3.2614334
v 25.690186 -18.665012 3.6245713
v 26.103176 -18.965069 4.0205441
v 27.242495 -17.288612 4.0205441
v 26.811478 -17.015081 3.6245713
v 27.651669 -17.548283 4.4477897
v 28.037384 -17.793064 4.9046206
v 28.398119 -18.021994 5.3892355
v 29.039059 -18.428747 6.434062
v 28.73245 -18.234167 5.8997207
v 27.826958 -15.297999 3.6245713
v 28.2743 -15.543927 4.0205441
v 28.698971 -15.777392 4.4477897
v 24.771048 -13.617999 1.9835911
v 25.314713 -13.916881 2.1638353
v 25.006758 -11.767287 1.842658
v 25.57725 -12.03574 1.9835911
v 26.138607 -12.299895 2.1638353
v 24.429384 -11.495596 1.7415925
v 24.504971 -9.7022038 1.6807932
v 25.102993 -9.9389782 1.7415925
v 26.282509 -10.405981 1.9835911
v 25.696287 -10.17388 1.842658
v 27.745966 -13.056261 2.9325633
v 26.688618 -12.558711 2.3826795
v 27.225111 -12.811165 2.6392596
v 28.24913 -13.293032 3.2614334
v 26.859346 -10.634367 2.1638353
v 27.424522 -10.858137 2.3826795
v 27.975807 -11.076406 2.6392596
v 28.511024 -11.288314 2.9325633
v 28.052195 -9.1147108 2.3826795
v 28.616096 -9.2979336 2.6392596
v 28.732616 -13.520543 3.6245713
v 25.065823 -8.1443796 1.6807932
v 25.677532 -8.3431358 1.7415925
v 26.284403 -8.5403204 1.842658
v 26.150732 -6.7143669 1.7415925
v 25.52775 -6.5544124 1.6807932
v 25.888931 -4.9385777 1.6807932
v 26.884043 -8.7351551 1.9835911
v 27.474083 -8.9268703 2.1638353
v 26.768789 -6.8730569 1.842658
v 27.379478 -7.0298553 1.9835911
v 27.980392 -7.1841435 2.1638353
v 28.569157 -7.3353128 2.3826795
v 26.520729 -5.0590997 1.7415925
v 27.14753 -5.178668 1.842658
v 27.766859 -5.2968116 1.9835911
v 28.376276 -5.413064 2.1638353
v 26.147942 -3.3032532 1.6807932
v 26.303757 -1.6548922 1.6807932
v 26.78606 -3.3838663 1.7415925
v 27.41913 -3.4638419 1.842658
v 26.945679 -1.6952784 1.7415925
v 28.044657 -3.5428641 1.9835911
v 28.66017 -3.6206214 2.1638353
v 27.582521 -1.7353452 1.842658
v 28.211777 -1.7749345 1.9835911
v 26.355764 0 1.6807932
v 26.998955 0 1.7415925
v 27.637058 0 1.842658
v 28.267555 0 1.9835911
v 30.138906 -16.569004 6.434062
v 29.099295 -15.997473 4.9046206
v 30.046364 -14.138745 4.9046206
v 29.473692 -16.203299 5.3892355
v 29.820686 -16.39406 5.8997207
v 30.432947 -14.320658 5.3892355
v 31.11981 -14.643871 6.434062
v 30.791233 -14.489255 5.8997207
v 29.028063 -11.493023 3.2614334
v 29.163565 -9.4758167 2.9325633
v 29.692436 -9.6476574 3.2614334
v 29.194517 -13.737897 4.0205441
v 29.633009 -13.944236 4.4477897
v 29.524881 -11.689728 3.6245713
v 29.999519 -11.877649 4.0205441
v 30.450102 -12.056048 4.4477897
v 30.874853 -12.224219 4.9046206
v 31.272095 -12.381498 5.3892355
v 31.14702 -10.12028 4.4477897
v 30.200624 -9.8127775 3.6245713
v 30.686125 -9.9705267 4.0205441
v 31.9779 -12.660946 6.434062
v 31.640263 -12.527266 5.8997207
v 31.581493 -10.261449 4.9046206
v 31.987827 -10.393476 5.3892355
v 32.364422 -10.515838 5.8997207
v 32.709785 -10.628054 6.434062
v 29.316732 -18.604963 6.9901505
v 29.564377 -18.762123 7.5657916
v 29.781013 -18.899607 8.1587133
v 30.427097 -16.727438 6.9901505
v 30.684122 -16.868738 7.5657916
v 30.908964 -16.992348 8.1587133
v 31.100739 -17.097776 8.7665768
v 31.258688 -17.184608 9.386981
v 31.382189 -17.252504 10.017479
v 31.417381 -14.783897 6.9901505
v 31.68277 -14.90878 7.5657916
v 31.91493 -15.018026 8.1587133
v 32.112946 -15.111206 8.7665768
v 32.276035 -15.18795 9.386981
v 32.403557 -15.247956 10.017479
v 31.470753 -17.301193 10.655582
v 31.524033 -17.330482 11.298772
v 32.495003 -15.290988 10.655582
v 32.550014 -15.316875 11.298772
v 32.283676 -12.782011 6.9901505
v 32.556381 -12.889983 7.5657916
v 32.794945 -12.984437 8.1587133
v 32.998421 -13.064999 8.7665768
v 33.166008 -13.131351 9.386981
v 33.297043 -13.183231 10.017479
v 33.02256 -10.72968 6.9901505
v 33.301506 -10.820315 7.5657916
v 33.39101 -13.220436 10.655582
v 33.44754 -13.242818 11.298772
v 33.545528 -10.899603 8.1587133
v 34.163727 -8.7717543 8.1587133
v 33.753662 -10.96723 8.7665768
v 33.925087 -11.022928 9.386981
v 34.05912 -11.066479 10.017479
v 34.375694 -8.8261786 8.7665768
v 34.550278 -8.8710032 9.386981
v 34.155239 -11.09771 10.655582
v 34.213062 -11.116498 11.298772
v 34.686783 -8.9060516 10.017479
v 34.784672 -8.9311857 10.655582
v 34.843563 -8.9463062 11.298772
v 29.143452 -7.4827666 2.6392596
v 29.701008 -7.6259227 2.9325633
v 30.239626 -7.7642164 3.2614334
v 28.973372 -5.5269661 2.3826795
v 29.55579 -5.6380687 2.6392596
v 30.121235 -5.7459331 2.9325633
v 30.667475 -5.8501334 3.2614334
v 30.422588 -3.8432667 2.9325633
v 30.974293 -3.9129632 3.2614334
v 30.757179 -7.8971014 3.6245713
v 31.251627 -8.0240545 4.0205441
v 32.163498 -8.2581825 4.9046206
v 31.721018 -8.1445732 4.4477897
v 32.57732 -8.3644342 5.3892355
v 32.96085 -8.4629087 5.8997207
v 33.31258 -8.5532169 6.434062
v 33.038242 -6.3023815 5.3892355
v 31.19235 -5.9502592 3.6245713
v 31.693794 -6.0459146 4.0205441
v 32.169827 -6.1367221 4.4477897
v 31.504419 -3.9799337 3.6245713
v 32.01088 -4.0439143 4.0205441
v 32.618565 -6.2223239 4.9046206
v 32.491673 -4.1046529 4.4477897
v 32.944901 -4.1619091 4.9046206
v 29.263239 -3.6968069 2.3826795
v 29.851486 -3.7711196 2.6392596
v 28.830957 -1.81389 2.1638353
v 29.43762 -1.8520581 2.3826795
v 30.029371 -1.8892879 2.6392596
v 30.603876 -1.9254327 2.9325633
v 28.88796 0 2.1638353
v 29.495823 0 2.3826795
v 30.664387 0 2.9325633
v 30.088745 0 2.6392596
v 31.158869 -1.9603498 3.2614334
v 31.220474 0 3.2614334
v 31.692156 -1.9939014 3.6245713
v 32.201633 -2.025955 4.0205441
v 32.685291 -2.0563843 4.4477897
v 33.14122 -2.0850689 4.9046206
v 31.754816 0 3.6245713
v 32.265301 0 4.0205441
v 32.749916 0 4.4477897
v 33.206749 0 4.9046206
v 33.4272 -6.3765798 5.8997207
v 33.783909 -6.4446249 6.434062
v 33.368778 -4.215457 5.3892355
v 33.761627 -4.2650857 5.8997207
v 34.121902 -4.3105989 6.434062
v 33.567623 -2.1118958 5.3892355
v 33.962814 -2.1367593 5.8997207
v 34.325237 -2.1595609 6.434062
v 33.633991 0 5.3892355
v 34.029964 0 5.8997207
v 34.393105 0 6.434062
v 33.631119 -8.635004 6.9901505
v 33.915207 -8.7079449 7.5657916
v 34.106953 -6.506249 6.9901505
v 34.395061 -6.5612087 7.5657916
v 34.647095 -6.6092868 8.1587133
v 34.862064 -6.6502943 8.7665768
v 35.039116 -6.6840687 9.386981
v 34.448181 -4.3518171 6.9901505
v 34.73917 -4.3885779 7.5657916
v 34.993729 -4.4207358 8.1587133
v 35.177551 -6.7104769 10.017479
v 35.210846 -4.4481645 8.7665768
v 35.389671 -4.4707551 9.386981
v 35.529491 -4.4884186 10.017479
v 35.276829 -6.7294149 10.655582
v 35.336548 -6.7408075 11.298772
v 35.629761 -4.5010853 10.655582
v 35.690079 -4.5087056 11.298772
v 34.653458 -2.1802108 6.9901505
v 34.946182 -2.1986275 7.5657916
v 35.202255 -2.2147384 8.1587133
v 35.42067 -2.2284796 8.7665768
v 34.721973 0 6.9901505
v 35.015278 0 7.5657916
v 35.271858 0 8.1587133
v 35.600555 -2.2397971 9.386981
v 35.741211 -2.2486465 10.017479
v 35.4907 0 8.7665768
v 35.670944 0 9.386981
v 35.811878 0 10.017479
v 35.842079 -2.2549925 10.655582
v 35.902756 -2.25881 11.298772
v 35.912945 0 10.655582
v 35.973743 0 11.298772
v 16.799797 20.307467 1.6807932
v 18.041763 19.212526 1.6807932
v 17.209782 20.803053 1.7415925
v 19.212526 18.041763 1.6807932
v 18.482056 19.681391 1.7415925
v 1.6548922 26.303757 1.6807932
v 1.6952784 26.945679 1.7415925
v 1.7353452 27.582521 1.842658
v 3.3032532 26.147942 1.6807932
v 3.3838663 26.78606 1.7415925
v 3.4638419 27.41913 1.842658
v 1.7749345 28.211777 1.9835911
v 1.81389 28.830957 2.1638353
v 1.8520581 29.43762 2.3826795
v 1.8892879 30.029371 2.6392596
v 4.9385777 25.888931 1.6807932
v 5.0590997 26.520729 1.7415925
v 5.178668 27.14753 1.842658
v 3.5428641 28.044657 1.9835911
v 5.2968116 27.766859 1.9835911
v 3.6206214 28.66017 2.1638353
v 3.6968069 29.263239 2.3826795
v 3.7711196 29.851486 2.6392596
v 1.9254327 30.603876 2.9325633
v 5.413064 28.376276 2.1638353
v 5.5269661 28.973372 2.3826795
v 5.6380687 29.55579 2.6392596
v 3.8432667 30.422588 2.9325633
v 6.5544124 25.52775 1.6807932
v 8.1443796 25.065823 1.6807932
v 9.7022038 24.504971 1.6807932
v 8.3431358 25.677532 1.7415925
v 9.9389782 25.102993 1.7415925
v 6.7143669 26.150732 1.7415925
v 6.8730569 26.768789 1.842658
v 7.0298553 27.379478 1.9835911
v 5.7459331 30.121235 2.9325633
v 7.1841435 27.980392 2.1638353
v 7.3353128 28.569157 2.3826795
v 7.4827666 29.143452 2.6392596
v 7.6259227 29.701008 2.9325633
v 5.8501334 30.667475 3.2614334
v 8.5403204 26.284403 1.842658
v 8.7351551 26.884043 1.9835911
v 10.17388 25.696287 1.842658
v 8.9268703 27.474083 2.1638353
v 10.405981 26.282509 1.9835911
v 9.1147108 28.052195 2.3826795
v 7.7642164 30.239626 3.2614334
v 9.2979336 28.616096 2.6392596
v 9.4758167 29.163565 2.9325633
v 9.6476574 29.692436 3.2614334
v 7.8971014 30.757179 3.6245713
v 9.8127775 30.200624 3.6245713
v 1.9603498 31.158869 3.2614334
v 3.9129632 30.974293 3.2614334
v 1.9939014 31.692156 3.6245713
v 2.025955 32.201633 4.0205441
v 2.0563843 32.685291 4.4477897
v 2.0850689 33.14122 4.9046206
v 2.1118958 33.567623 5.3892355
v 2.1367593 33.962814 5.8997207
v 2.1595609 34.325237 6.434062
v 3.9799337 31.504419 3.6245713
v 4.0439143 32.01088 4.0205441
v 4.1046529 32.491673 4.4477897
v 5.9502592 31.19235 3.6245713
v 4.1619091 32.944901 4.9046206
v 4.215457 33.368778 5.3892355
v 4.2650857 33.761627 5.8997207
v 4.3105989 34.121902 6.434062
v 6.0459146 31.693794 4.0205441
v 6.1367221 32.169827 4.4477897
v 6.2223239 32.618565 4.9046206
v 8.0240545 31.251627 4.0205441
v 8.1445732 31.721018 4.4477897
v 8.2581825 32.163498 4.9046206
v 6.3023815 33.038242 5.3892355
v 6.3765798 33.4272 5.8997207
v 6.4446249 33.783909 6.434062
v 8.3644342 32.57732 5.3892355
v 9.9705267 30.686125 4.0205441
v 10.12028 31.14702 4.4477897
v 10.261449 31.581493 4.9046206
v 10.393476 31.987827 5.3892355
v 8.4629087 32.96085 5.8997207
v 8.5532169 33.31258 6.434062
v 10.515838 32.364422 5.8997207
v 2.1802108 34.653458 6.9901505
v 2.1986275 34.946182 7.5657916
v 2.2147384 35.202255 8.1587133
v 4.3518171 34.448181 6.9901505
v 4.3885779 34.73917 7.5657916
v 4.4207358 34.993729 8.1587133
v 2.2284796 35.42067 8.7665768
v 4.4481645 35.210846 8.7665768
v 2.2397971 35.600555 9.386981
v 4.4707551 35.389671 9.386981
v 2.2486465 35.741211 10.017479
v 2.2549925 35.842079 10.655582
v 2.25881 35.902756 11.298772
v 4.4884186 35.529491 10.017479
v 4.5010853 35.629761 10.655582
v 4.5087056 35.690079 11.298772
v 6.506249 34.106953 6.9901505
v 6.5612087 34.395061 7.5657916
v 6.6092868 34.647095 8.1587133
v 6.6502943 34.862064 8.7665768
v 6.6840687 35.039116 9.386981
v 8.635004 33.631119 6.9901505
v 8.7079449 33.915207 7.5657916
v 8.7717543 34.163727 8.1587133
v 10.628054 32.709785 6.434062
v 10.72968 33.02256 6.9901505
v 8.8261786 34.375694 8.7665768
v 8.8710032 34.550278 9.386981
v 6.7104769 35.177551 10.017479
v 8.9060516 34.686783 10.017479
v 6.7294149 35.276829 10.655582
v 8.9311857 34.784672 10.655582
v 6.7408075 35.336548 11.298772
v 8.9463062 34.843563 11.298772
v 11.221739 23.847408 1.6807932
v 11.495596 24.429384 1.7415925
v 11.767287 25.006758 1.842658
v 12.696986 23.095732 1.6807932
v 14.122125 22.252909 1.6807932
v 13.006845 23.659365 1.7415925
v 13.314254 24.218538 1.842658
v 12.03574 25.57725 1.9835911
v 14.466763 22.795971 1.7415925
v 13.617999 24.771048 1.9835911
v 14.808676 23.33474 1.842658
v 10.634367 26.859346 2.1638353
v 10.858137 27.424522 2.3826795
v 12.299895 26.138607 2.1638353
v 12.558711 26.688618 2.3826795
v 11.076406 27.975807 2.6392596
v 11.288314 28.511024 2.9325633
v 12.811165 27.225111 2.6392596
v 11.493023 29.028063 3.2614334
v 13.916881 25.314713 2.1638353
v 14.209722 25.847387 2.3826795
v 14.495363 26.366968 2.6392596
v 13.056261 27.745966 2.9325633
v 14.77268 26.871407 2.9325633
v 13.293032 28.24913 3.2614334
v 11.689728 29.524881 3.6245713
v 11.877649 29.999519 4.0205441
v 13.520543 28.732616 3.6245713
v 13.737897 29.194517 4.0205441
v 12.056048 30.450102 4.4477897
v 15.040579 27.358711 3.2614334
v 13.944236 29.633009 4.4477897
v 14.138745 30.046364 4.9046206
v 12.224219 30.874853 4.9046206
v 15.491529 21.322262 1.6807932
v 15.869587 21.842613 1.7415925
v 16.244656 22.358849 1.842658
v 15.146514 23.867086 1.9835911
v 15.478943 24.390911 2.1638353
v 15.804652 24.904146 2.3826795
v 16.615252 22.868933 1.9835911
v 16.979918 23.370852 2.1638353
v 17.33721 23.862621 2.3826795
v 16.122356 25.404768 2.6392596
v 17.616524 21.29472 1.842658
v 18.018417 21.780525 1.9835911
v 18.918867 20.146547 1.842658
v 19.350473 20.606161 1.9835911
v 18.413879 22.258556 2.1638353
v 17.68572 24.342306 2.6392596
v 16.430799 25.890797 2.9325633
v 18.024075 24.80801 2.9325633
v 18.801346 22.726923 2.3826795
v 19.179287 23.183777 2.6392596
v 19.546215 23.627316 2.9325633
v 18.350935 25.257895 3.2614334
v 16.728767 26.360319 3.2614334
v 15.297999 27.826958 3.6245713
v 17.015081 26.811478 3.6245713
v 15.543927 28.2743 4.0205441
v 15.777392 28.698971 4.4477897
v 17.288612 27.242495 4.0205441
v 17.548283 27.651669 4.4477897
v 15.997473 29.099295 4.9046206
v 14.320658 30.432947 5.3892355
v 16.203299 29.473692 5.3892355
v 14.489255 30.791233 5.8997207
v 16.39406 29.820686 5.8997207
v 18.665012 25.690186 3.6245713
v 18.965069 26.103176 4.0205441
v 19.249918 26.495239 4.4477897
v 17.793064 28.037384 4.9046206
v 18.021994 28.398119 5.3892355
v 18.234167 28.73245 5.8997207
v 16.569004 30.138906 6.434062
v 19.518436 26.864822 4.9046206
v 19.769566 27.210472 5.3892355
v 18.428747 29.039059 6.434062
v 16.727438 30.427097 6.9901505
v 18.604963 29.316732 6.9901505
v 16.868738 30.684122 7.5657916
v 18.762123 29.564377 7.5657916
v 18.899607 29.781013 8.1587133
v 16.992348 30.908964 8.1587133
v 12.381498 31.272095 5.3892355
v 12.527266 31.640263 5.8997207
v 12.660946 31.9779 6.434062
v 14.643871 31.11981 6.434062
v 10.820315 33.301506 7.5657916
v 10.899603 33.545528 8.1587133
v 12.782011 32.283676 6.9901505
v 12.889983 32.556381 7.5657916
v 10.96723 33.753662 8.7665768
v 11.022928 33.925087 9.386981
v 12.984437 32.794945 8.1587133
v 13.064999 32.998421 8.7665768
v 13.131351 33.166008 9.386981
v 11.066479 34.05912 10.017479
v 14.783897 31.417381 6.9901505
v 14.90878 31.68277 7.5657916
v 15.018026 31.91493 8.1587133
v 15.111206 32.112946 8.7665768
v 15.18795 32.276035 9.386981
v 13.183231 33.297043 10.017479
v 11.09771 34.155239 10.655582
v 11.116498 34.213062 11.298772
v 13.220436 33.39101 10.655582
v 13.242818 33.44754 11.298772
v 15.247956 32.403557 10.017479
v 15.290988 32.495003 10.655582
v 15.316875 32.550014 11.298772
v 17.097776 31.100739 8.7665768
v 17.184608 31.258688 9.386981
v 19.016869 29.96579 8.7665768
v 19.113449 30.117975 9.386981
v 17.252504 31.382189 10.017479
v 17.301193 31.470753 10.655582
v 17.330482 31.524033 11.298772
v 19.188965 30.236969 10.017479
v 19.243118 30.322302 10.655582
v 19.275696 30.373636 11.298772
v 26.147942 3.3032532 1.6807932
v 25.888931 4.9385777 1.6807932
v 26.303757 1.6548922 1.6807932
v 26.945679 1.6952784 1.7415925
v 26.78606 3.3838663 1.7415925
v 27.582521 1.7353452 1.842658
v 28.211777 1.7749345 1.9835911
v 27.41913 3.4638419 1.842658
v 28.044657 3.5428641 1.9835911
v 26.520729 5.0590997 1.7415925
v 27.14753 5.178668 1.842658
v 27.766859 5.2968116 1.9835911
v 28.376276 5.413064 2.1638353
v 25.52775 6.5544124 1.6807932
v 26.150732 6.7143669 1.7415925
v 25.065823 8.1443796 1.6807932
v 25.677532 8.3431358 1.7415925
v 24.504971 9.7022038 1.6807932
v 25.102993 9.9389782 1.7415925
v 26.284403 8.5403204 1.842658
v 25.696287 10.17388 1.842658
v 26.768789 6.8730569 1.842658
v 27.379478 7.0298553 1.9835911
v 26.884043 8.7351551 1.9835911
v 27.980392 7.1841435 2.1638353
v 26.282509 10.405981 1.9835911
v 26.859346 10.634367 2.1638353
v 27.474083 8.9268703 2.1638353
v 28.569157 7.3353128 2.3826795
v 28.052195 9.1147108 2.3826795
v 27.424522 10.858137 2.3826795
v 28.616096 9.2979336 2.6392596
v 27.975807 11.076406 2.6392596
v 23.847408 11.221739 1.6807932
v 23.095732 12.696986 1.6807932
v 22.252909 14.122125 1.6807932
v 21.322262 15.491529 1.6807932
v 22.795971 14.466763 1.7415925
v 21.842613 15.869587 1.7415925
v 23.659365 13.006845 1.7415925
v 23.33474 14.808676 1.842658
v 20.307467 16.799797 1.6807932
v 19.681391 18.482056 1.7415925
v 20.803053 17.209782 1.7415925
v 20.146547 18.918867 1.842658
v 21.29472 17.616524 1.842658
v 20.606161 19.350473 1.9835911
v 19.775169 21.058416 2.1638353
v 21.058416 19.775169 2.1638353
v 21.780525 18.018417 1.9835911
v 22.358849 16.244656 1.842658
v 22.868933 16.615252 1.9835911
v 23.867086 15.146514 1.9835911
v 23.370852 16.979918 2.1638353
v 22.258556 18.413879 2.1638353
v 21.50153 20.19128 2.3826795
v 22.726923 18.801346 2.3826795
v 21.933752 20.597164 2.6392596
v 23.862621 17.33721 2.3826795
v 23.183777 19.179287 2.6392596
v 22.353376 20.991217 2.9325633
v 23.627316 19.546215 2.9325633
v 24.429384 11.495596 1.7415925
v 24.218538 13.314254 1.842658
v 25.006758 11.767287 1.842658
v 25.57725 12.03574 1.9835911
v 24.771048 13.617999 1.9835911
v 24.390911 15.478943 2.1638353
v 25.314713 13.916881 2.1638353
v 26.138607 12.299895 2.1638353
v 25.847387 14.209722 2.3826795
v 24.904146 15.804652 2.3826795
v 26.366968 14.495363 2.6392596
v 25.404768 16.122356 2.6392596
v 26.688618 12.558711 2.3826795
v 27.225111 12.811165 2.6392596
v 27.745966 13.056261 2.9325633
v 28.511024 11.288314 2.9325633
v 28.24913 13.293032 3.2614334
v 26.871407 14.77268 2.9325633
v 27.358711 15.040579 3.2614334
v 27.826958 15.297999 3.6245713
v 24.342306 17.68572 2.6392596
v 24.80801 18.024075 2.9325633
v 25.890797 16.430799 2.9325633
v 25.257895 18.350935 3.2614334
v 26.360319 16.728767 3.2614334
v 24.05579 19.900679 3.2614334
v 24.467506 20.241282 3.6245713
v 25.690186 18.665012 3.6245713
v 24.860842 20.566677 4.0205441
v 26.103176 18.965069 4.0205441
v 25.234243 20.875582 4.4477897
v 26.811478 17.015081 3.6245713
v 28.2743 15.543927 4.0205441
v 27.242495 17.288612 4.0205441
v 27.651669 17.548283 4.4477897
v 28.698971 15.777392 4.4477897
v 28.037384 17.793064 4.9046206
v 26.495239 19.249918 4.4477897
v 26.864822 19.518436 4.9046206
v 25.586239 21.166777 4.9046206
v 28.398119 18.021994 5.3892355
v 27.210472 19.769566 5.3892355
v 28.73245 18.234167 5.8997207
v 27.530821 20.002312 5.8997207
v 27.824606 20.215759 6.434062
v 28.830957 1.81389 2.1638353
v 29.43762 1.8520581 2.3826795
v 28.66017 3.6206214 2.1638353
v 29.263239 3.6968069 2.3826795
v 30.029371 1.8892879 2.6392596
v 30.603876 1.9254327 2.9325633
v 29.851486 3.7711196 2.6392596
v 28.973372 5.5269661 2.3826795
v 29.55579 5.6380687 2.6392596
v 30.422588 3.8432667 2.9325633
v 30.121235 5.7459331 2.9325633
v 31.158869 1.9603498 3.2614334
v 30.974293 3.9129632 3.2614334
v 30.667475 5.8501334 3.2614334
v 31.692156 1.9939014 3.6245713
v 32.201633 2.025955 4.0205441
v 32.685291 2.0563843 4.4477897
v 33.14122 2.0850689 4.9046206
v 31.504419 3.9799337 3.6245713
v 32.01088 4.0439143 4.0205441
v 31.19235 5.9502592 3.6245713
v 31.693794 6.0459146 4.0205441
v 32.491673 4.1046529 4.4477897
v 32.944901 4.1619091 4.9046206
v 32.169827 6.1367221 4.4477897
v 32.618565 6.2223239 4.9046206
v 29.143452 7.4827666 2.6392596
v 29.701008 7.6259227 2.9325633
v 30.239626 7.7642164 3.2614334
v 29.163565 9.4758167 2.9325633
v 29.692436 9.6476574 3.2614334
v 30.757179 7.8971014 3.6245713
v 30.200624 9.8127775 3.6245713
v 30.686125 9.9705267 4.0205441
v 31.251627 8.0240545 4.0205441
v 31.721018 8.1445732 4.4477897
v 32.163498 8.2581825 4.9046206
v 33.038242 6.3023815 5.3892355
v 32.57732 8.3644342 5.3892355
v 31.14702 10.12028 4.4477897
v 31.581493 10.261449 4.9046206
v 32.96085 8.4629087 5.8997207
v 31.987827 10.393476 5.3892355
v 32.364422 10.515838 5.8997207
v 32.709785 10.628054 6.434062
v 33.567623 2.1118958 5.3892355
v 33.962814 2.1367593 5.8997207
v 34.325237 2.1595609 6.434062
v 33.368778 4.215457 5.3892355
v 33.761627 4.2650857 5.8997207
v 34.121902 4.3105989 6.434062
v 33.4272 6.3765798 5.8997207
v 33.783909 6.4446249 6.434062
v 33.31258 8.5532169 6.434062
v 34.653458 2.1802108 6.9901505
v 34.946182 2.1986275 7.5657916
v 35.202255 2.2147384 8.1587133
v 35.42067 2.2284796 8.7665768
v 34.448181 4.3518171 6.9901505
v 34.73917 4.3885779 7.5657916
v 34.993729 4.4207358 8.1587133
v 35.210846 4.4481645 8.7665768
v 35.600555 2.2397971 9.386981
v 35.741211 2.2486465 10.017479
v 35.389671 4.4707551 9.386981
v 35.529491 4.4884186 10.017479
v 35.842079 2.2549925 10.655582
v 35.902756 2.25881 11.298772
v 35.629761 4.5010853 10.655582
v 35.690079 4.5087056 11.298772
v 34.106953 6.506249 6.9901505
v 33.631119 8.635004 6.9901505
v 34.395061 6.5612087 7.5657916
v 34.647095 6.6092868 8.1587133
v 33.915207 8.7079449 7.5657916
v 34.163727 8.7717543 8.1587133
v 34.862064 6.6502943 8.7665768
v 35.039116 6.6840687 9.386981
v 35.177551 6.7104769 10.017479
v 34.375694 8.8261786 8.7665768
v 34.550278 8.8710032 9.386981
v 33.02256 10.72968 6.9901505
v 33.301506 10.820315 7.5657916
v 33.545528 10.899603 8.1587133
v 33.753662 10.96723 8.7665768
v 34.686783 8.9060516 10.017479
v 33.925087 11.022928 9.386981
v 35.276829 6.7294149 10.655582
v 34.784672 8.9311857 10.655582
v 35.336548 6.7408075 11.298772
v 34.843563 8.9463062 11.298772
v 34.05912 11.066479 10.017479
v 34.155239 11.09771 10.655582
v 34.213062 11.116498 11.298772
v 29.028063 11.493023 3.2614334
v 29.524881 11.689728 3.6245713
v 28.732616 13.520543 3.6245713
v 29.999519 11.877649 4.0205441
v 30.450102 12.056048 4.4477897
v 29.194517 13.737897 4.0205441
v 29.633009 13.944236 4.4477897
v 30.874853 12.224219 4.9046206
v 30.046364 14.138745 4.9046206
v 29.099295 15.997473 4.9046206
v 30.432947 14.320658 5.3892355
v 29.473692 16.203299 5.3892355
v 30.791233 14.489255 5.8997207
v 29.820686 16.39406 5.8997207
v 31.272095 12.381498 5.3892355
v 31.640263 12.527266 5.8997207
v 31.9779 12.660946 6.434062
v 31.11981 14.643871 6.434062
v 30.138906 16.569004 6.434062
v 29.039059 18.428747 6.434062
v 32.283676 12.782011 6.9901505
v 32.556381 12.889983 7.5657916
v 32.794945 12.984437 8.1587133
v 31.417381 14.783897 6.9901505
v 31.68277 14.90878 7.5657916
v 31.91493 15.018026 8.1587133
v 32.998421 13.064999 8.7665768
v 32.112946 15.111206 8.7665768
v 32.276035 15.18795 9.386981
v 33.166008 13.131351 9.386981
v 32.403557 15.247956 10.017479
v 33.297043 13.183231 10.017479
v 32.495003 15.290988 10.655582
v 33.39101 13.220436 10.655582
v 32.550014 15.316875 11.298772
v 33.44754 13.242818 11.298772
v 30.427097 16.727438 6.9901505
v 29.316732 18.604963 6.9901505
v 30.684122 16.868738 7.5657916
v 29.564377 18.762123 7.5657916
v 30.908964 16.992348 8.1587133
v 29.781013 18.899607 8.1587133
v 28.090666 20.409063 6.9901505
v 28.327953 20.581463 7.5657916
v 28.535532 20.732277 8.1587133
v 28.71258 20.86091 8.7665768
v 29.96579 19.016869 8.7665768
v 31.100739 17.097776 8.7665768
v 30.117975 19.113449 9.386981
v 31.258688 17.184608 9.386981
v 30.236969 19.188965 10.017479
v 28.8584 20.966856 9.386981
v 31.382189 17.252504 10.017479
v 28.972418 21.049694 10.017479
v 29.054182 21.109098 10.655582
v 30.322302 19.243118 10.655582
v 29.103371 21.144836 11.298772
v 30.373636 19.275696 11.298772
v 31.470753 17.301193 10.655582
v 31.524033 17.330482 11.298772
v 20.19128 21.50153 2.3826795
v 20.597164 21.933752 2.6392596
v 20.991217 22.353376 2.9325633
v 19.900679 24.05579 3.2614334
v 21.371885 22.758747 3.2614334
v 22.758747 21.371885 3.2614334
v 20.241282 24.467506 3.6245713
v 20.566677 24.860842 4.0205441
v 21.737667 23.148264 3.6245713
v 22.087118 23.520391 4.0205441
v 20.875582 25.234243 4.4477897
v 23.148264 21.737667 3.6245713
v 23.520391 22.087118 4.0205441
v 22.418859 23.873661 4.4477897
v 21.166777 25.586239 4.9046206
v 22.731583 24.206676 4.9046206
v 23.873661 22.418859 4.4477897
v 24.206676 22.731583 4.9046206
v 23.024052 24.518126 5.3892355
v 21.439114 25.915436 5.3892355
v 23.295115 24.806778 5.8997207
v 21.691517 26.220539 5.8997207
v 20.002312 27.530821 5.8997207
v 20.215759 27.824606 6.434062
v 21.922989 26.500341 6.434062
v 23.543699 25.071493 6.434062
v 24.518126 23.024052 5.3892355
v 25.915436 21.439114 5.3892355
v 24.806778 23.295115 5.8997207
v 26.220539 21.691517 5.8997207
v 25.071493 23.543699 6.434062
v 26.500341 21.922989 6.434062
v 20.409063 28.090666 6.9901505
v 22.132618 26.75374 6.9901505
v 20.581463 28.327953 7.5657916
v 20.732277 28.535532 8.1587133
v 20.86091 28.71258 8.7665768
v 20.966856 28.8584 9.386981
v 22.319578 26.979734 7.5657916
v 22.483128 27.177433 8.1587133
v 23.768826 25.31123 6.9901505
v 23.969606 25.525038 7.5657916
v 24.145248 25.712078 8.1587133
v 22.622625 27.346056 8.7665768
v 24.295057 25.871609 8.7665768
v 22.737516 27.484936 9.386981
v 24.418442 26.003 9.386981
v 22.827351 27.593527 10.017479
v 21.049694 28.972418 10.017479
v 21.109098 29.054182 10.655582
v 21.144836 29.103371 11.298772
v 24.514917 26.105736 10.017479
v 22.891771 27.6714 10.655582
v 24.584103 26.179409 10.655582
v 22.930527 27.718246 11.298772
v 24.625723 26.22373 11.298772
v 25.31123 23.768826 6.9901505
v 25.525038 23.969606 7.5657916
v 26.75374 22.132618 6.9901505
v 25.712078 24.145248 8.1587133
v 25.871609 24.295057 8.7665768
v 26.003 24.418442 9.386981
v 26.979734 22.319578 7.5657916
v 27.177433 22.483128 8.1587133
v 27.346056 22.622625 8.7665768
v 27.484936 22.737516 9.386981
v 27.593527 22.827351 10.017479
v 26.105736 24.514917 10.017479
v 26.179409 24.584103 10.655582
v 26.22373 24.625723 11.298772
v 27.6714 22.891771 10.655582
v 27.718246 22.930527 11.298772
v -24.902298 6.3938236 1.7763568e-15
v -25.507296 3.2223208 1.7763568e-15
v -25.659294 1.6143459 1.7763568e-15
v 16.388187 19.809916 1.7763568e-15
v 19.809916 16.388187 1.7763568e-15
v 24.902298 6.3938236 1.7763568e-15
v 25.254631 4.8175783 1.7763568e-15
v 25.659294 1.6143459 1.7763568e-15
v -18.516447 -4.7542152 49.556095
v -18.778429 -3.5821767 49.556095
v -18.966301 -2.3960009 49.556095
v -19.079321 -1.2003691 49.556095
v -7.0374532 -17.774578 49.556095
v -5.9074912 -18.181389 49.556095
v -4.7542152 -18.516447 49.556095
v -2.3960009 -18.966301 49.556095
v -1.2003691 -19.079321 49.556095
v -19.079321 1.2003691 49.556095
v -18.966301 2.3960009 49.556095
v -18.516447 4.7542152 49.556095
v -17.297619 8.1396418 49.556095
v -7.0374532 17.774578 49.556095
v -5.9074912 18.181389 49.556095
v -4.7542152 18.516447 49.556095
v 1.2003691 -19.079321 49.556095
v 2.3960009 -18.966301 49.556095
v 5.9074912 -18.181389 49.556095
v 10.243424 -16.141054 49.556095
v 12.185662 -14.729936 49.556095
v 14.729936 -12.185662 49.556095
v 16.141054 -10.243424 49.556095
v 17.297619 -8.1396418 49.556095
v 17.774578 -7.0374532 49.556095
v 18.966301 -2.3960009 49.556095
v 19.079321 -1.2003691 49.556095
v 4.7542152 18.516447 49.556095
v 7.0374532 17.774578 49.556095
v 5.9074912 18.181389 49.556095
v 10.243424 16.141054 49.556095
v 19.079321 1.2003691 49.556095
v 18.966301 2.3960009 49.556095
v 18.516447 4.7542152 49.556095
v 16.752394 9.2097063 49.556095
v 16.141054 10.243424 49.556095
v 13.935725 13.086517 49.556095
v 13.086517 13.935725 49.556095
v 12.185662 14.729936 49.556095
v -18.75215 -3.5771637 49.525749
v -18.873661 -2.3842978 49.459129
v -18.939758 -2.3926477 49.525749
v -18.98613 -1.194506 49.459129
v -18.915596 -1.1900685 49.39682
v -18.803545 -2.3754404 49.39682
v -18.841297 -1.1853939 49.339077
v -19.05262 -1.1986892 49.525749
v -18.87855 0 49.339077
v -19.023668 0 49.459129
v -18.952995 0 49.39682
v -18.800625 0 49.286118
v -19.09029 0 49.525749
v -13.916223 -13.068203 49.525749
v -14.657989 -12.126143 49.459129
v -13.867658 -13.022597 49.459129
v -15.444369 -11.220991 49.525749
v -16.118465 -10.229089 49.525749
v -16.062216 -10.193392 49.459129
v -15.390471 -11.181832 49.459129
v -15.873893 -10.073879 49.286118
v -15.210026 -11.050731 49.286118
v -15.273067 -11.096534 49.339077
v -15.333296 -11.140291 49.39682
v -15.939687 -10.115633 49.339077
v -16.002544 -10.155523 49.39682
v -15.734542 -9.9854441 49.195385
v -15.661534 -9.9391117 49.157967
v -15.076502 -10.95372 49.195385
v -15.586688 -9.891613 49.126053
v -15.006548 -10.902896 49.157967
v -15.510297 -9.8431339 49.099766
v -14.934832 -10.85079 49.126053
v -15.805421 -10.030425 49.238159
v -15.144417 -11.003063 49.238159
v -14.603535 -12.081095 49.39682
v -14.546173 -12.033641 49.339077
v -14.709321 -12.168609 49.525749
v -14.486131 -11.98397 49.286118
v -13.816139 -12.974218 49.39682
v -13.76187 -12.923257 49.339077
v -14.423645 -11.932277 49.238159
v -13.705066 -12.869914 49.286118
v -14.358962 -11.878767 49.195385
v -13.645949 -12.8144 49.238159
v -14.292337 -11.82365 49.157967
v -14.224034 -11.767144 49.126053
v -14.787248 -10.743565 49.079212
v -14.083475 -11.650864 49.079212
v -14.154322 -11.709474 49.099766
v -14.861635 -10.79761 49.099766
v -15.432663 -9.7938652 49.079212
v -15.354093 -9.7440033 49.064476
v -14.711964 -10.688868 49.064476
v -15.274896 -9.6937437 49.055607
v -14.636079 -10.633734 49.055607
v -15.195385 -9.6432848 49.052647
v -14.559894 -10.578382 49.052647
v -15.115874 -9.5928259 49.055607
v -14.483708 -10.52303 49.055607
v -14.011773 -11.591547 49.064476
v -13.939501 -11.531757 49.055607
v -13.866941 -11.471731 49.052647
v -14.407824 -10.467896 49.064476
v -13.794382 -11.411705 49.055607
v -14.33254 -10.413199 49.079212
v -13.722109 -11.351915 49.064476
v -15.036678 -9.5425663 49.064476
v -14.958108 -9.4927034 49.079212
v -14.483708 -10.52303 52.049191
v -13.794382 -11.411705 52.049191
v -13.722109 -11.351915 52.040325
v -14.407824 -10.467896 52.040325
v -13.650407 -11.292599 52.025585
v -14.33254 -10.413199 52.025585
v -15.115874 -9.5928259 52.049191
v -15.036678 -9.5425663 52.040325
v -12.126143 -14.657989 49.459129
v -11.181832 -15.390471 49.459129
v -11.220991 -15.444369 49.525749
v -10.902896 -15.006548 49.157967
v -9.9854441 -15.734542 49.195385
v -10.95372 -15.076502 49.195385
v -10.229089 -16.118465 49.525749
v -11.140291 -15.333296 49.39682
v -11.096534 -15.273067 49.339077
v -10.155523 -16.002544 49.39682
v -11.050731 -15.210026 49.286118
v -10.115633 -15.939687 49.339077
v -10.193392 -16.062216 49.459129
v -11.003063 -15.144417 49.238159
v -10.073879 -15.873893 49.286118
v -10.030425 -15.805421 49.238159
v -9.1647224 -16.670568 49.459129
v -9.1968174 -16.728949 49.525749
v -9.1306753 -16.608637 49.39682
v -10.85079 -14.934832 49.126053
v -9.9391117 -15.661534 49.157967
v -9.891613 -15.586688 49.126053
v -10.79761 -14.861635 49.099766
v -9.8431339 -15.510297 49.099766
v -10.743565 -14.787248 49.079212
v -9.7938652 -15.432663 49.079212
v -10.688868 -14.711964 49.064476
v -9.7440033 -15.354093 49.064476
v -8.9777603 -16.330484 49.195385
v -8.9361038 -16.254713 49.157967
v -9.0948105 -16.5434 49.339077
v -9.0572701 -16.475113 49.286118
v -9.0182018 -16.404049 49.238159
v -8.8498106 -16.097746 49.099766
v -8.8933983 -16.177031 49.126053
v -8.8055143 -16.017172 49.079212
v -13.068203 -13.916223 49.525749
v -13.022597 -13.867658 49.459129
v -13.521722 -12.697742 49.157967
v -12.697742 -13.521722 49.157967
v -12.756933 -13.584754 49.195385
v -12.974218 -13.816139 49.39682
v -12.869914 -13.705066 49.286118
v -12.923257 -13.76187 49.339077
v -12.8144 -13.645949 49.238159
v -13.584754 -12.756933 49.195385
v -13.457102 -12.637059 49.126053
v -13.391148 -12.575125 49.099766
v -13.324121 -12.512182 49.079212
v -12.575125 -13.391148 49.099766
v -12.637059 -13.457102 49.126053
v -13.256285 -12.448481 49.064476
v -12.512182 -13.324121 49.079212
v -13.187909 -12.384271 49.055607
v -12.448481 -13.256285 49.064476
v -12.081095 -14.603535 49.39682
v -12.168609 -14.709321 49.525749
v -11.98397 -14.486131 49.286118
v -12.033641 -14.546173 49.339077
v -11.932277 -14.423645 49.238159
v -11.878767 -14.358962 49.195385
v -11.82365 -14.292337 49.157967
v -11.767144 -14.224034 49.126053
v -11.709474 -14.154322 49.099766
v -12.384271 -13.187909 49.055607
v -13.119262 -12.319807 49.052647
v -12.319807 -13.119262 49.052647
v -13.050614 -12.255342 49.055607
v -12.255342 -13.050614 49.055607
v -12.982239 -12.191133 49.064476
v -12.191133 -12.982239 49.064476
v -12.914403 -12.127432 49.079212
v -12.127432 -12.914403 49.079212
v -11.650864 -14.083475 49.079212
v -11.591547 -14.011773 49.064476
v -11.531757 -13.939501 49.055607
v -11.471731 -13.866941 49.052647
v -11.411705 -13.794382 49.055607
v -11.351915 -13.722109 49.064476
v -12.064489 -12.847376 49.099766
v -11.292599 -13.650407 49.079212
v -12.255342 -13.050614 52.049191
v -13.050614 -12.255342 52.049191
v -12.191133 -12.982239 52.040325
v -12.982239 -12.191133 52.040325
v -12.127432 -12.914403 52.025585
v -12.914403 -12.127432 52.025585
v -12.064489 -12.847376 52.005035
v -11.411705 -13.794382 52.049191
v -11.351915 -13.722109 52.040325
v -11.292599 -13.650407 52.025585
v -11.23399 -13.57956 52.005035
v -13.650407 -11.292599 49.079212
v -13.57956 -11.23399 49.099766
v -12.847376 -12.064489 49.099766
v -13.509848 -11.176318 49.126053
v -12.781423 -12.002554 49.126053
v -13.441545 -11.119812 49.157967
v -12.716802 -11.941872 49.157967
v -13.37492 -11.064695 49.195385
v -14.258152 -10.359154 49.099766
v -14.184956 -10.305974 49.126053
v -14.113239 -10.253868 49.157967
v -14.043285 -10.203044 49.195385
v -13.97537 -10.153701 49.238159
v -13.310237 -11.011186 49.238159
v -13.909762 -10.106033 49.286118
v -13.247751 -10.959493 49.286118
v -13.84672 -10.06023 49.339077
v -13.187709 -10.909822 49.339077
v -13.786491 -10.016473 49.39682
v -13.130347 -10.862369 49.39682
v -13.729316 -9.9749317 49.459129
v -12.653769 -11.88268 49.195385
v -12.592574 -11.825214 49.238159
v -12.533458 -11.7697 49.286118
v -13.075893 -10.81732 49.459129
v -13.675418 -9.9357729 49.525749
v -13.024561 -10.774854 49.525749
v -13.625011 -9.8991499 49.596424
v -12.976553 -10.735138 49.596424
v -13.578294 -9.8652077 49.670868
v -13.53545 -9.8340797 49.748795
v -12.932058 -10.698329 49.670868
v -13.49665 -9.8058901 49.829887
v -12.891253 -10.664573 49.748795
v -12.8543 -10.634002 49.829887
v -13.462045 -9.7807484 49.913837
v -12.821342 -10.606737 49.913837
v -13.431773 -9.7587547 50.000305
v -12.792511 -10.582886 50.000305
v -13.405953 -9.739995 50.088951
v -12.76792 -10.562543 50.088951
v -13.384688 -9.7245455 50.179428
v -12.747667 -10.545788 50.179428
v -13.36806 -9.7124643 50.271374
v -12.731831 -10.532686 50.271374
v -12.002554 -12.781423 49.126053
v -11.941872 -12.716802 49.157967
v -11.88268 -12.653769 49.195385
v -12.476653 -11.716357 49.339077
v -12.422384 -11.665395 49.39682
v -12.370866 -11.617016 49.459129
v -11.825214 -12.592574 49.238159
v -11.7697 -12.533458 49.286118
v -11.716357 -12.476653 49.339077
v -11.665395 -12.422384 49.39682
v -11.617016 -12.370866 49.459129
v -12.322301 -11.571411 49.525749
v -11.571411 -12.322301 49.525749
v -12.276881 -11.528759 49.596424
v -11.528759 -12.276881 49.596424
v -12.234786 -11.489229 49.670868
v -12.196182 -11.452977 49.748795
v -11.489229 -12.234786 49.670868
v -12.161221 -11.420146 49.829887
v -11.452977 -12.196182 49.748795
v -12.13004 -11.390865 49.913837
v -11.420146 -12.161221 49.829887
v -12.102763 -11.365252 50.000305
v -11.390865 -12.13004 49.913837
v -12.079498 -11.343404 50.088951
v -11.365252 -12.102763 50.000305
v -12.060337 -11.325411 50.179428
v -11.343404 -12.079498 50.088951
v -12.045355 -11.311341 50.271374
v -11.325411 -12.060337 50.179428
v -12.034611 -11.301251 50.364429
v -11.311341 -12.045355 50.271374
v -12.028148 -11.295182 50.458229
v -11.301251 -12.034611 50.364429
v -12.720474 -10.523292 50.364429
v -12.713643 -10.51764 50.458229
v -13.356136 -9.7038012 50.364429
v -12.847376 -12.064489 52.005035
v -13.57956 -11.23399 52.005035
v -12.781423 -12.002554 51.978748
v -13.509848 -11.176318 51.978748
v -12.716802 -11.941872 51.946835
v -12.653769 -11.88268 51.909416
v -13.37492 -11.064695 51.909416
v -13.441545 -11.119812 51.946835
v -13.384688 -9.7245455 50.925373
v -12.747667 -10.545788 50.925373
v -12.731831 -10.532686 50.833424
v -13.405953 -9.739995 51.01585
v -12.76792 -10.562543 51.01585
v -13.431773 -9.7587547 51.104496
v -12.792511 -10.582886 51.104496
v -13.462045 -9.7807484 51.190964
v -12.821342 -10.606737 51.190964
v -14.258152 -10.359154 52.005035
v -14.184956 -10.305974 51.978748
v -14.113239 -10.253868 51.946835
v -13.310237 -11.011186 51.866642
v -14.043285 -10.203044 51.909416
v -13.247751 -10.959493 51.818684
v -13.909762 -10.106033 51.818684
v -13.97537 -10.153701 51.866642
v -13.130347 -10.862369 51.707977
v -13.786491 -10.016473 51.707977
v -13.84672 -10.06023 51.765724
v -13.187709 -10.909822 51.765724
v -12.533458 -11.7697 51.818684
v -12.476653 -11.716357 51.765724
v -12.592574 -11.825214 51.866642
v -13.024561 -10.774854 51.579052
v -13.729316 -9.9749317 51.645672
v -13.075893 -10.81732 51.645672
v -13.53545 -9.8340797 51.356007
v -12.8543 -10.634002 51.27491
v -13.49665 -9.8058901 51.27491
v -13.578294 -9.8652077 51.433933
v -12.891253 -10.664573 51.356007
v -12.976553 -10.735138 51.508377
v -13.625011 -9.8991499 51.508377
v -13.675418 -9.9357729 51.579052
v -12.932058 -10.698329 51.433933
v -12.02599 -11.293157 50.552399
v -11.295182 -12.028148 50.458229
v -12.028148 -11.295182 50.646568
v -11.293157 -12.02599 50.552399
v -12.034611 -11.301251 50.740368
v -11.295182 -12.028148 50.646568
v -12.045355 -11.311341 50.833424
v -11.301251 -12.034611 50.740368
v -12.060337 -11.325411 50.925373
v -11.311341 -12.045355 50.833424
v -12.079498 -11.343404 51.01585
v -11.325411 -12.060337 50.925373
v -12.102763 -11.365252 51.104496
v -11.343404 -12.079498 51.01585
v -12.13004 -11.390865 51.190964
v -11.365252 -12.102763 51.104496
v -12.161221 -11.420146 51.27491
v -11.390865 -12.13004 51.190964
v -12.002554 -12.781423 51.978748
v -11.88268 -12.653769 51.909416
v -11.941872 -12.716802 51.946835
v -11.825214 -12.592574 51.866642
v -12.422384 -11.665395 51.707977
v -12.370866 -11.617016 51.645672
v -11.617016 -12.370866 51.645672
v -11.571411 -12.322301 51.579052
v -12.322301 -11.571411 51.579052
v -11.528759 -12.276881 51.508377
v -11.7697 -12.533458 51.818684
v -11.716357 -12.476653 51.765724
v -11.665395 -12.422384 51.707977
v -12.196182 -11.452977 51.356007
v -11.420146 -12.161221 51.27491
v -12.234786 -11.489229 51.433933
v -11.452977 -12.196182 51.356007
v -12.276881 -11.528759 51.508377
v -11.489229 -12.234786 51.433933
v -12.711363 -10.515754 50.552399
v -12.713643 -10.51764 50.646568
v -12.720474 -10.523292 50.740368
v -13.348964 -9.6985893 50.458229
v -13.346569 -9.6968498 50.552399
v -13.348964 -9.6985893 50.646568
v -13.356136 -9.7038012 50.740368
v -13.36806 -9.7124643 50.833424
v -10.633734 -14.636079 49.055607
v -10.578382 -14.559894 49.052647
v -10.52303 -14.483708 49.055607
v -10.467896 -14.407824 49.064476
v -10.413199 -14.33254 49.079212
v -11.23399 -13.57956 49.099766
v -10.359154 -14.258152 49.099766
v -11.176318 -13.509848 49.126053
v -10.305974 -14.184956 49.126053
v -11.119812 -13.441545 49.157967
v -11.064695 -13.37492 49.195385
v -11.011186 -13.310237 49.238159
v -10.959493 -13.247751 49.286118
v -10.909822 -13.187709 49.339077
v -10.862369 -13.130347 49.39682
v -10.253868 -14.113239 49.157967
v -10.203044 -14.043285 49.195385
v -10.153701 -13.97537 49.238159
v -10.106033 -13.909762 49.286118
v -10.06023 -13.84672 49.339077
v -10.81732 -13.075893 49.459129
v -10.774854 -13.024561 49.525749
v -10.735138 -12.976553 49.596424
v -10.698329 -12.932058 49.670868
v -10.664573 -12.891253 49.748795
v -10.634002 -12.8543 49.829887
v -9.6937437 -15.274896 49.055607
v -9.6432848 -15.195385 49.052647
v -9.5928259 -15.115874 49.055607
v -9.5425663 -15.036678 49.064476
v -9.4927034 -14.958108 49.079212
v -9.4434357 -14.880474 49.099766
v -9.3949566 -14.804083 49.126053
v -9.3474569 -14.729236 49.157967
v -9.3011255 -14.656228 49.195385
v -9.2561436 -14.585349 49.238159
v -9.2126904 -14.516877 49.286118
v -10.016473 -13.786491 49.39682
v -9.1709366 -14.451083 49.339077
v -9.1310463 -14.388227 49.39682
v -9.9749317 -13.729316 49.459129
v -9.9357729 -13.675418 49.525749
v -9.0931778 -14.328555 49.459129
v -9.8991499 -13.625011 49.596424
v -9.0574808 -14.272305 49.525749
v -9.8652077 -13.578294 49.670868
v -9.8340797 -13.53545 49.748795
v -9.8058901 -13.49665 49.829887
v -10.606737 -12.821342 49.913837
v -9.7807484 -13.462045 49.913837
v -10.582886 -12.792511 50.000305
v -9.7587547 -13.431773 50.000305
v -10.562543 -12.76792 50.088951
v -9.739995 -13.405953 50.088951
v -10.545788 -12.747667 50.179428
v -9.7245455 -13.384688 50.179428
v -10.532686 -12.731831 50.271374
v -9.7124643 -13.36806 50.271374
v -10.523292 -12.720474 50.364429
v -9.7038012 -13.356136 50.364429
v -10.51764 -12.713643 50.458229
v -9.0240946 -14.219698 49.596424
v -8.9931526 -14.170941 49.670868
v -8.964777 -14.126227 49.748795
v -8.9390783 -14.085733 49.829887
v -8.9161596 -14.049619 49.913837
v -8.8961096 -14.018025 50.000305
v -8.8790092 -13.991079 50.088951
v -8.8649244 -13.968885 50.179428
v -8.8539114 -13.951532 50.271374
v -9.6985893 -13.348964 50.458229
v -8.846014 -13.939088 50.364429
v -10.52303 -14.483708 52.049191
v -10.467896 -14.407824 52.040325
v -10.413199 -14.33254 52.025585
v -10.359154 -14.258152 52.005035
v -10.305974 -14.184956 51.978748
v -11.176318 -13.509848 51.978748
v -11.119812 -13.441545 51.946835
v -10.959493 -13.247751 51.818684
v -11.064695 -13.37492 51.909416
v -11.011186 -13.310237 51.866642
v -10.909822 -13.187709 51.765724
v -10.862369 -13.130347 51.707977
v -10.81732 -13.075893 51.645672
v -10.203044 -14.043285 51.909416
v -10.253868 -14.113239 51.946835
v -10.106033 -13.909762 51.818684
v -10.06023 -13.84672 51.765724
v -10.016473 -13.786491 51.707977
v -10.153701 -13.97537 51.866642
v -10.606737 -12.821342 51.190964
v -10.634002 -12.8543 51.27491
v -10.664573 -12.891253 51.356007
v -10.698329 -12.932058 51.433933
v -10.774854 -13.024561 51.579052
v -10.735138 -12.976553 51.508377
v -9.5928259 -15.115874 52.049191
v -9.5425663 -15.036678 52.040325
v -9.4927034 -14.958108 52.025585
v -9.4434357 -14.880474 52.005035
v -9.3949566 -14.804083 51.978748
v -9.3474569 -14.729236 51.946835
v -9.9357729 -13.675418 51.579052
v -9.9749317 -13.729316 51.645672
v -9.0574808 -14.272305 51.579052
v -9.3011255 -14.656228 51.909416
v -9.2561436 -14.585349 51.866642
v -9.2126904 -14.516877 51.818684
v -9.1709366 -14.451083 51.765724
v -9.1310463 -14.388227 51.707977
v -9.0931778 -14.328555 51.645672
v -9.6985893 -13.348964 50.646568
v -10.51764 -12.713643 50.646568
v -10.523292 -12.720474 50.740368
v -9.7038012 -13.356136 50.740368
v -10.532686 -12.731831 50.833424
v -10.515754 -12.711363 50.552399
v -9.6968498 -13.346569 50.552399
v -9.7587547 -13.431773 51.104496
v -10.582886 -12.792511 51.104496
v -9.7807484 -13.462045 51.190964
v -9.7124643 -13.36806 50.833424
v -10.545788 -12.747667 50.925373
v -9.7245455 -13.384688 50.925373
v -10.562543 -12.76792 51.01585
v -9.739995 -13.405953 51.01585
v -8.8412638 -13.931602 50.646568
v -8.846014 -13.939088 50.740368
v -8.8539114 -13.951532 50.833424
v -8.8649244 -13.968885 50.925373
v -8.8961096 -14.018025 51.104496
v -8.8790092 -13.991079 51.01585
v -9.8058901 -13.49665 51.27491
v -8.9161596 -14.049619 51.190964
v -9.8340797 -13.53545 51.356007
v -9.8652077 -13.578294 51.433933
v -9.8991499 -13.625011 51.508377
v -8.964777 -14.126227 51.356007
v -8.9390783 -14.085733 51.27491
v -9.0240946 -14.219698 51.508377
v -8.9931526 -14.170941 51.433933
v -16.728949 -9.1968174 49.525749
v -16.670568 -9.1647224 49.459129
v -17.273411 -8.1282501 49.525749
v -17.213131 -8.099884 49.459129
v -17.687759 -7.0030794 49.459129
v -17.149183 -8.0697927 49.39682
v -17.552832 -6.9496579 49.339077
v -17.081823 -8.0380955 49.339077
v -17.480379 -6.9209719 49.286118
v -17.011314 -8.0049171 49.286118
v -17.404978 -6.8911185 49.238159
v -16.937937 -7.9703879 49.238159
v -17.622049 -6.9770632 49.39682
v -16.861979 -7.9346447 49.195385
v -16.783739 -7.8978286 49.157967
v -16.330484 -8.9777603 49.195385
v -16.703529 -7.8600845 49.126053
v -16.254713 -8.9361038 49.157967
v -16.608637 -9.1306753 49.39682
v -16.5434 -9.0948105 49.339077
v -16.475113 -9.0572701 49.286118
v -16.404049 -9.0182018 49.238159
v -16.621666 -7.8215618 49.099766
v -16.177031 -8.8933983 49.126053
v -17.326925 -6.8602152 49.195385
v -17.749702 -7.0276046 49.525749
v -18.092585 -5.8786368 49.459129
v -17.954569 -5.8337927 49.339077
v -18.02537 -5.8567977 49.39682
v -18.155945 -5.8992243 49.525749
v -18.490534 -4.7475619 49.525749
v -18.426006 -4.7309942 49.459129
v -18.357553 -4.7134185 49.39682
v -17.880457 -5.8097129 49.286118
v -17.803329 -5.7846527 49.238159
v -17.723492 -5.7587113 49.195385
v -17.96636 -4.612977 49.157967
v -17.641256 -5.7319913 49.157967
v -17.880497 -4.5909314 49.126053
v -17.556948 -5.7045979 49.126053
v -18.209969 -4.6755252 49.286118
v -18.285446 -4.6949043 49.339077
v -18.13142 -4.6553578 49.238159
v -18.05011 -4.6344805 49.195385
v -17.246531 -6.8283844 49.157967
v -17.164108 -6.7957511 49.126053
v -17.4709 -5.6766396 49.099766
v -17.079987 -6.762445 49.099766
v -17.383453 -5.6482263 49.079212
v -16.994495 -6.7285967 49.079212
v -17.29495 -5.6194701 49.064476
v -16.907974 -6.6943402 49.064476
v -16.538469 -7.7824125 49.079212
v -16.454268 -7.7427907 49.064476
v -16.820763 -6.6598105 49.055607
v -16.369396 -7.7028537 49.055607
v -16.733204 -6.6251445 49.052647
v -16.645647 -6.5904779 49.055607
v -16.284189 -7.6627579 49.052647
v -17.205742 -5.5904846 49.055607
v -17.703806 -4.5455647 49.079212
v -17.792864 -4.5684309 49.099766
v -17.613672 -4.5224223 49.064476
v -17.522821 -4.4990954 49.055607
v -17.431608 -4.4756765 49.052647
v -17.116182 -5.5613847 49.052647
v -17.340397 -4.4522572 49.055607
v -17.026621 -5.5322843 49.055607
v -17.249546 -4.4289308 49.064476
v -16.937412 -5.5032992 49.064476
v -16.558435 -6.5559483 49.064476
v -16.848911 -5.4745431 49.079212
v -16.471914 -6.5216918 49.079212
v -16.761463 -5.4461293 49.099766
v -16.386423 -6.487844 49.099766
v -16.675415 -5.4181709 49.126053
v -16.591108 -5.3907776 49.157967
v -16.302301 -6.4545374 49.126053
v -17.159412 -4.4057884 49.079212
v -17.070354 -4.3829217 49.099766
v -16.982719 -4.3604217 49.126053
v -16.896858 -4.338376 49.157967
v -16.198982 -7.6226621 52.049191
v -16.645647 -6.5904779 52.049191
v -17.026621 -5.5322843 52.049191
v -16.937412 -5.5032992 52.040325
v -17.340397 -4.4522572 52.049191
v -16.558435 -6.5559483 52.040325
v -16.471914 -6.5216918 52.025585
v -16.848911 -5.4745431 52.025585
v -16.386423 -6.487844 52.005035
v -16.761463 -5.4461293 52.005035
v -16.302301 -6.4545374 51.978748
v -16.675415 -5.4181709 51.978748
v -16.219879 -6.4219046 51.946835
v -16.591108 -5.3907776 51.946835
v -17.249546 -4.4289308 52.040325
v -17.159412 -4.4057884 52.025585
v -17.070354 -4.3829217 52.005035
v -16.982719 -4.3604217 51.978748
v -16.097746 -8.8498106 49.099766
v -16.017172 -8.8055143 49.079212
v -15.935626 -8.760684 49.064476
v -15.85343 -8.715497 49.055607
v -15.770907 -8.6701298 49.052647
v -15.688385 -8.6247625 49.055607
v -15.606189 -8.5795755 49.064476
v -15.524643 -8.5347443 49.079212
v -15.444069 -8.490449 49.099766
v -16.198982 -7.6226621 49.055607
v -16.114109 -7.5827246 49.064476
v -16.029909 -7.5431027 49.079212
v -15.946713 -7.5039535 49.099766
v -15.864848 -7.4654307 49.126053
v -15.364784 -8.4468613 49.126053
v -15.784638 -7.4276872 49.157967
v -15.7064 -7.3908706 49.195385
v -15.287103 -8.4041557 49.157967
v -15.21133 -8.3624992 49.195385
v -15.630442 -7.3551278 49.238159
v -15.137767 -8.3220577 49.238159
v -15.557064 -7.3205986 49.286118
v -15.486555 -7.2874198 49.339077
v -15.066701 -8.2829895 49.286118
v -15.419194 -7.255722 49.39682
v -14.998415 -8.2454481 49.339077
v -14.880474 -9.4434357 49.099766
v -14.804083 -9.3949566 49.126053
v -14.729236 -9.3474569 49.157967
v -14.656228 -9.3011255 49.195385
v -14.585349 -9.2561436 49.238159
v -14.516877 -9.2126904 49.286118
v -14.451083 -9.1709366 49.339077
v -14.933178 -8.2095842 49.39682
v -14.388227 -9.1310463 49.39682
v -14.328555 -9.0931778 49.459129
v -14.871246 -8.1755371 49.459129
v -15.355247 -7.2256312 49.459129
v -15.294968 -7.1972651 49.525749
v -14.812866 -8.1434422 49.525749
v -15.23859 -7.1707363 49.596424
v -14.758266 -8.1134253 49.596424
v -14.272305 -9.0574808 49.525749
v -14.219698 -9.0240946 49.596424
v -15.18634 -7.1461492 49.670868
v -14.707664 -8.0856066 49.670868
v -15.138423 -7.123601 49.748795
v -14.661256 -8.0600939 49.748795
v -15.095027 -7.1031804 49.829887
v -14.619228 -8.0369883 49.829887
v -15.056325 -7.0849686 49.913837
v -14.581745 -8.0163822 49.913837
v -15.022468 -7.069037 50.000305
v -14.548956 -7.9983563 50.000305
v -14.170941 -8.9931526 49.670868
v -14.126227 -8.964777 49.748795
v -14.085733 -8.9390783 49.829887
v -14.049619 -8.9161596 49.913837
v -14.018025 -8.8961096 50.000305
v -14.520988 -7.9829812 50.088951
v -13.991079 -8.8790092 50.088951
v -14.497954 -7.9703178 50.179428
v -13.968885 -8.8649244 50.179428
v -14.479944 -7.9604168 50.271374
v -13.951532 -8.8539114 50.271374
v -14.467029 -7.9533162 50.364429
v -14.459258 -7.9490447 50.458229
v -13.939088 -8.846014 50.364429
v -14.99359 -7.0554481 50.088951
v -14.969807 -7.0442562 50.179428
v -14.95121 -7.0355053 50.271374
v -14.937874 -7.0292296 50.364429
v -15.688385 -8.6247625 52.049191
v -15.606189 -8.5795755 52.040325
v -14.958108 -9.4927034 52.025585
v -15.524643 -8.5347443 52.025585
v -16.114109 -7.5827246 52.040325
v -16.029909 -7.5431027 52.025585
v -15.444069 -8.490449 52.005035
v -15.946713 -7.5039535 52.005035
v -15.364784 -8.4468613 51.978748
v -15.864848 -7.4654307 51.978748
v -15.784638 -7.4276872 51.946835
v -15.287103 -8.4041557 51.946835
v -15.21133 -8.3624992 51.909416
v -15.7064 -7.3908706 51.909416
v -15.137767 -8.3220577 51.866642
v -15.630442 -7.3551278 51.866642
v -15.066701 -8.2829895 51.818684
v -15.557064 -7.3205986 51.818684
v -14.998415 -8.2454481 51.765724
v -15.486555 -7.2874198 51.765724
v -14.880474 -9.4434357 52.005035
v -14.804083 -9.3949566 51.978748
v -14.729236 -9.3474569 51.946835
v -14.656228 -9.3011255 51.909416
v -14.585349 -9.2561436 51.866642
v -14.516877 -9.2126904 51.818684
v -14.451083 -9.1709366 51.765724
v -14.388227 -9.1310463 51.707977
v -14.328555 -9.0931778 51.645672
v -15.056325 -7.0849686 51.190964
v -14.581745 -8.0163822 51.190964
v -14.548956 -7.9983563 51.104496
v -14.479944 -7.9604168 50.833424
v -13.951532 -8.8539114 50.833424
v -13.939088 -8.846014 50.740368
v -14.456665 -7.947619 50.552399
v -13.931602 -8.8412638 50.458229
v -14.459258 -7.9490447 50.646568
v -13.929103 -8.8396778 50.552399
v -14.467029 -7.9533162 50.740368
v -13.931602 -8.8412638 50.646568
v -14.619228 -8.0369883 51.27491
v -14.049619 -8.9161596 51.190964
v -14.497954 -7.9703178 50.925373
v -13.968885 -8.8649244 50.925373
v -14.520988 -7.9829812 51.01585
v -13.991079 -8.8790092 51.01585
v -14.018025 -8.8961096 51.104496
v -14.929852 -7.0254545 50.458229
v -14.927174 -7.0241947 50.552399
v -14.929852 -7.0254545 50.646568
v -14.937874 -7.0292296 50.740368
v -14.95121 -7.0355053 50.833424
v -14.969807 -7.0442562 50.925373
v -14.99359 -7.0554481 51.01585
v -15.022468 -7.069037 51.104496
v -14.933178 -8.2095842 51.707977
v -14.871246 -8.1755371 51.645672
v -15.355247 -7.2256312 51.645672
v -14.812866 -8.1434422 51.579052
v -15.138423 -7.123601 51.356007
v -14.661256 -8.0600939 51.356007
v -15.18634 -7.1461492 51.433933
v -14.707664 -8.0856066 51.433933
v -15.095027 -7.1031804 51.27491
v -14.758266 -8.1134253 51.508377
v -15.23859 -7.1707363 51.508377
v -15.294968 -7.1972651 51.579052
v -15.419194 -7.255722 51.707977
v -14.272305 -9.0574808 51.579052
v -14.219698 -9.0240946 51.508377
v -14.126227 -8.964777 51.356007
v -14.085733 -8.9390783 51.27491
v -14.170941 -8.9931526 51.433933
v -16.219879 -6.4219046 49.157967
v -16.139484 -6.3900738 49.195385
v -16.061432 -6.3591704 49.238159
v -15.98603 -6.3293166 49.286118
v -15.913577 -6.300631 49.339077
v -15.844359 -6.2732253 49.39682
v -15.778649 -6.2472091 49.459129
v -15.716706 -6.2226839 49.525749
v -15.658775 -6.1997476 49.596424
v -15.605083 -6.1784897 49.670868
v -15.555845 -6.1589947 49.748795
v -15.511253 -6.1413393 49.829887
v -15.471483 -6.1255937 49.913837
v -15.436693 -6.1118193 50.000305
v -16.508871 -5.3640575 49.195385
v -16.429033 -5.3381166 49.238159
v -16.351906 -5.3130565 49.286118
v -16.277796 -5.2889762 49.339077
v -16.206993 -5.2659712 49.39682
v -16.139778 -5.244132 49.459129
v -16.076418 -5.2235451 49.525749
v -16.01716 -5.2042913 49.596424
v -15.962241 -5.1864467 49.670868
v -15.911876 -5.1700816 49.748795
v -15.866262 -5.1552615 49.829887
v -15.825583 -5.1420436 49.913837
v -15.789996 -5.1304808 50.000305
v -15.759644 -5.1206188 50.088951
v -15.40702 -6.1000705 50.088951
v -15.734645 -5.1124959 50.179428
v -15.38258 -6.090394 50.179428
v -15.715097 -5.1061449 50.271374
v -15.36347 -6.082828 50.271374
v -15.70108 -5.1015902 50.364429
v -15.349767 -6.0774026 50.364429
v -15.692648 -5.0988503 50.458229
v -15.341522 -6.0741386 50.458229
v -15.436693 -6.1118193 51.104496
v -15.471483 -6.1255937 51.190964
v -15.511253 -6.1413393 51.27491
v -16.139484 -6.3900738 51.909416
v -16.061432 -6.3591704 51.866642
v -15.913577 -6.300631 51.765724
v -15.98603 -6.3293166 51.818684
v -15.716706 -6.2226839 51.579052
v -15.778649 -6.2472091 51.645672
v -15.605083 -6.1784897 51.433933
v -15.658775 -6.1997476 51.508377
v -15.555845 -6.1589947 51.356007
v -15.844359 -6.2732253 51.707977
v -15.689833 -5.0979357 50.552399
v -15.338771 -6.0730491 50.552399
v -15.692648 -5.0988503 50.646568
v -15.341522 -6.0741386 50.646568
v -15.70108 -5.1015902 50.740368
v -15.349767 -6.0774026 50.740368
v -15.715097 -5.1061449 50.833424
v -15.36347 -6.082828 50.833424
v -15.38258 -6.090394 50.925373
v -15.734645 -5.1124959 50.925373
v -15.759644 -5.1206188 51.01585
v -15.40702 -6.1000705 51.01585
v -15.789996 -5.1304808 51.104496
v -15.825583 -5.1420436 51.190964
v -15.866262 -5.1552615 51.27491
v -16.508871 -5.3640575 51.909416
v -16.429033 -5.3381166 51.866642
v -16.351906 -5.3130565 51.818684
v -16.277796 -5.2889762 51.765724
v -16.206993 -5.2659712 51.707977
v -16.01716 -5.2042913 51.508377
v -16.076418 -5.2235451 51.579052
v -16.139778 -5.244132 51.645672
v -15.962241 -5.1864467 51.433933
v -15.911876 -5.1700816 51.356007
v -18.686707 -3.5646801 49.459129
v -18.617287 -3.5514374 49.39682
v -18.544159 -3.5374875 49.339077
v -18.467615 -3.5228858 49.286118
v -18.387955 -3.50769 49.238159
v -18.305494 -3.4919598 49.195385
v -18.220558 -3.4757574 49.157967
v -18.133482 -3.4591465 49.126053
v -18.044609 -3.442193 49.099766
v -17.954288 -3.424964 49.079212
v -17.862881 -3.4075267 49.064476
v -18.402849 -2.3248205 49.157967
v -18.488634 -2.3356576 49.195385
v -18.314901 -2.31371 49.126053
v -18.652376 -2.3563433 49.286118
v -18.729687 -2.3661098 49.339077
v -18.57192 -2.346179 49.238159
v -17.770744 -3.3899508 49.055607
v -17.678242 -3.3723049 49.052647
v -18.225138 -2.3023703 49.099766
v -18.133917 -2.2908463 49.079212
v -18.041594 -2.2791831 49.064476
v -17.948534 -2.2674272 49.055607
v -17.855106 -2.2556245 49.052647
v -17.761679 -2.2438219 49.055607
v -17.585739 -3.3546593 49.055607
v -17.668619 -2.2320657 49.064476
v -17.493603 -3.3370831 49.064476
v -17.402193 -3.3196461 49.079212
v -17.311874 -3.3024168 49.099766
v -17.223001 -3.2854633 49.126053
v -16.813107 -4.3168721 49.195385
v -16.731796 -4.2959952 49.238159
v -16.653248 -4.2758274 49.286118
v -16.577772 -4.2564483 49.339077
v -17.135925 -3.2688527 49.157967
v -17.050989 -3.2526503 49.195385
v -16.968529 -3.2369199 49.238159
v -16.888868 -3.221724 49.286118
v -16.812325 -3.2071223 49.339077
v -16.739197 -3.1931727 49.39682
v -16.505665 -4.2379346 49.39682
v -16.669775 -3.1799297 49.459129
v -16.437212 -4.2203588 49.459129
v -17.576298 -2.2204027 49.079212
v -17.485075 -2.2088785 49.099766
v -17.395311 -2.1975391 49.126053
v -17.307365 -2.1864285 49.157967
v -17.221579 -2.1755912 49.195385
v -17.138292 -2.1650698 49.238159
v -16.604334 -3.1674461 49.525749
v -16.543131 -3.1557713 49.596424
v -16.372684 -4.2037907 49.525749
v -17.057837 -2.1549058 49.286118
v -16.980526 -2.1451392 49.339077
v -16.906668 -2.1358087 49.39682
v -16.836552 -2.126951 49.459129
v -16.770456 -2.1186013 49.525749
v -16.708641 -2.1107922 49.596424
v -16.65135 -2.1035547 49.670868
v -16.486408 -3.1449506 49.670868
v -16.59881 -2.0969174 49.748795
v -16.434389 -3.1350274 49.748795
v -17.585739 -3.3546593 52.049191
v -17.761679 -2.2438219 52.049191
v -17.493603 -3.3370831 52.040325
v -17.402193 -3.3196461 52.025585
v -17.311874 -3.3024168 52.005035
v -16.896858 -4.338376 51.946835
v -16.813107 -4.3168721 51.909416
v -16.731796 -4.2959952 51.866642
v -16.653248 -4.2758274 51.818684
v -16.577772 -4.2564483 51.765724
v -16.669775 -3.1799297 51.645672
v -16.437212 -4.2203588 51.645672
v -16.372684 -4.2037907 51.579052
v -17.135925 -3.2688527 51.946835
v -17.223001 -3.2854633 51.978748
v -17.050989 -3.2526503 51.909416
v -16.968529 -3.2369199 51.866642
v -16.505665 -4.2379346 51.707977
v -16.812325 -3.2071223 51.765724
v -16.888868 -3.221724 51.818684
v -16.739197 -3.1931727 51.707977
v -17.668619 -2.2320657 52.040325
v -17.576298 -2.2204027 52.025585
v -17.485075 -2.2088785 52.005035
v -17.395311 -2.1975391 51.978748
v -17.307365 -2.1864285 51.946835
v -17.221579 -2.1755912 51.909416
v -17.138292 -2.1650698 51.866642
v -16.543131 -3.1557713 51.508377
v -16.604334 -3.1674461 51.579052
v -16.312336 -4.1882958 51.508377
v -16.486408 -3.1449506 51.433933
v -16.434389 -3.1350274 51.356007
v -16.65135 -2.1035547 51.433933
v -16.836552 -2.126951 51.645672
v -16.770456 -2.1186013 51.579052
v -16.708641 -2.1107922 51.508377
v -17.057837 -2.1549058 51.818684
v -16.980526 -2.1451392 51.765724
v -16.906668 -2.1358087 51.707977
v -18.512512 -1.1647085 49.157967
v -18.42404 -1.1591424 49.126053
v -18.333742 -1.1534613 49.099766
v -18.763527 -1.180501 49.286118
v -18.68259 -1.175409 49.238159
v -18.598808 -1.1701379 49.195385
v -18.241976 -1.1476879 49.079212
v -18.149103 -1.1418447 49.064476
v -18.05549 -1.1359551 49.055607
v -17.961506 -1.1300421 49.052647
v -17.867521 -1.1241292 49.055607
v -17.773907 -1.1182395 49.064476
v -17.681034 -1.1123964 49.079212
v -18.549114 0 49.157967
v -18.460466 0 49.126053
v -18.278044 0 49.079212
v -18.369991 0 49.099766
v -18.71953 0 49.238159
v -18.635582 0 49.195385
v -18.184988 0 49.064476
v -18.091188 0 49.055607
v -17.997019 0 49.052647
v -17.902847 0 49.055607
v -17.80905 0 49.064476
v -17.715994 0 49.079212
v -17.624044 0 49.099766
v -17.589268 -1.1066229 49.099766
v -17.498972 -1.1009419 49.126053
v -17.4105 -1.0953758 49.157967
v -17.324202 -1.0899464 49.195385
v -17.240419 -1.0846753 49.238159
v -17.159485 -1.0795833 49.286118
v -17.081713 -1.0746903 49.339077
v -17.007414 -1.0700158 49.39682
v -16.93688 -1.0655782 49.459129
v -16.87039 -1.061395 49.525749
v -16.808207 -1.0574827 49.596424
v -16.551228 -2.0909064 49.829887
v -16.508791 -2.0855453 49.913837
v -16.387278 -3.1260405 49.829887
v -16.750576 -1.0538568 49.670868
v -16.697721 -1.0505316 49.748795
v -16.649857 -1.0475202 49.829887
v -16.607168 -1.0448344 49.913837
v -16.569822 -1.0424849 50.000305
v -16.471668 -2.0808556 50.000305
v -16.537971 -1.040481 50.088951
v -16.440004 -2.0768557 50.088951
v -16.511738 -1.0388305 50.179428
v -17.533569 0 49.126053
v -17.444923 0 49.157967
v -17.358456 0 49.195385
v -17.274508 0 49.238159
v -17.193411 0 49.286118
v -17.115486 0 49.339077
v -17.04104 0 49.39682
v -16.970367 0 49.459129
v -16.903746 0 49.525749
v -16.84144 0 49.596424
v -16.783693 0 49.670868
v -16.730736 0 49.748795
v -16.682775 0 49.829887
v -16.640003 0 49.913837
v -16.602585 0 50.000305
v -16.570669 0 50.088951
v -16.544384 0 50.179428
v -16.523832 0 50.271374
v -16.491226 -1.03754 50.271374
v -16.509092 0 50.364429
v -16.476517 -1.0366145 50.364429
v -16.500227 0 50.458229
v -17.867521 -1.1241292 52.049191
v -17.773907 -1.1182395 52.040325
v -17.681034 -1.1123964 52.025585
v -17.902847 0 52.049191
v -17.80905 0 52.040325
v -17.589268 -1.1066229 52.005035
v -17.715994 0 52.025585
v -16.508791 -2.0855453 51.190964
v -16.471668 -2.0808556 51.104496
v -16.607168 -1.0448344 51.190964
v -16.569822 -1.0424849 51.104496
v -16.440004 -2.0768557 51.01585
v -16.511738 -1.0388305 50.925373
v -16.537971 -1.040481 51.01585
v -16.413927 -2.0735612 50.925373
v -16.649857 -1.0475202 51.27491
v -17.498972 -1.1009419 51.978748
v -17.4105 -1.0953758 51.946835
v -17.159485 -1.0795833 51.818684
v -17.324202 -1.0899464 51.909416
v -17.240419 -1.0846753 51.866642
v -17.081713 -1.0746903 51.765724
v -16.551228 -2.0909064 51.27491
v -16.59881 -2.0969174 51.356007
v -16.387278 -3.1260405 51.27491
v -16.93688 -1.0655782 51.645672
v -16.87039 -1.061395 51.579052
v -16.808207 -1.0574827 51.508377
v -16.750576 -1.0538568 51.433933
v -16.697721 -1.0505316 51.356007
v -17.007414 -1.0700158 51.707977
v -16.467667 -1.0360578 50.458229
v -16.497267 0 50.552399
v -16.464714 -1.035872 50.552399
v -16.500227 0 50.646568
v -16.467667 -1.0360578 50.646568
v -16.476517 -1.0366145 50.740368
v -16.509092 0 50.740368
v -16.523832 0 50.833424
v -16.491226 -1.03754 50.833424
v -16.544384 0 50.925373
v -16.570669 0 51.01585
v -16.602585 0 51.104496
v -16.640003 0 51.190964
v -16.682775 0 51.27491
v -17.624044 0 52.005035
v -17.444923 0 51.946835
v -17.533569 0 51.978748
v -17.115486 0 51.765724
v -17.193411 0 51.818684
v -17.358456 0 51.909416
v -17.274508 0 51.866642
v -16.970367 0 51.645672
v -16.84144 0 51.508377
v -16.903746 0 51.579052
v -16.730736 0 51.356007
v -16.783693 0 51.433933
v -17.04104 0 51.707977
v -16.312336 -4.1882958 49.596424
v -16.256403 -4.1739349 49.670868
v -16.205109 -4.1607647 49.748795
v -16.158655 -4.1488376 49.829887
v -16.117226 -4.1382003 49.913837
v -16.080984 -4.1288948 50.000305
v -16.050072 -4.1209579 50.088951
v -16.024612 -4.1144209 50.179428
v -16.004705 -4.1093097 50.271374
v -15.990429 -4.1056442 50.364429
v -15.981841 -4.1034393 50.458229
v -16.345263 -3.1180255 49.913837
v -16.308508 -3.1110141 50.000305
v -16.277159 -3.1050339 50.088951
v -16.251337 -3.1001084 50.179428
v -16.23115 -3.0962572 50.271374
v -16.216671 -3.0934956 50.364429
v -16.207962 -3.0918341 50.458229
v -16.413927 -2.0735612 50.179428
v -16.393536 -2.0709853 50.271374
v -16.378914 -2.0691381 50.364429
v -15.981841 -4.1034393 50.646568
v -15.990429 -4.1056442 50.740368
v -16.004705 -4.1093097 50.833424
v -16.117226 -4.1382003 51.190964
v -16.024612 -4.1144209 50.925373
v -16.050072 -4.1209579 51.01585
v -16.158655 -4.1488376 51.27491
v -16.080984 -4.1288948 51.104496
v -16.345263 -3.1180255 51.190964
v -16.308508 -3.1110141 51.104496
v -15.978975 -4.1027036 50.552399
v -16.256403 -4.1739349 51.433933
v -16.205109 -4.1607647 51.356007
v -16.205055 -3.0912795 50.552399
v -16.207962 -3.0918341 50.646568
v -16.216671 -3.0934956 50.740368
v -16.23115 -3.0962572 50.833424
v -16.251337 -3.1001084 50.925373
v -16.277159 -3.1050339 51.01585
v -16.370117 -2.0680268 50.458229
v -16.367182 -2.0676558 50.552399
v -16.370117 -2.0680268 50.646568
v -16.378914 -2.0691381 50.740368
v -16.393536 -2.0709853 50.833424
v -8.1282501 -17.273411 49.525749
v -8.099884 -17.213131 49.459129
v -7.9346447 -16.861979 49.195385
v -7.8978286 -16.783739 49.157967
v -8.0697927 -17.149183 49.39682
v -8.0049171 -17.011314 49.286118
v -8.0380955 -17.081823 49.339077
v -7.9703879 -16.937937 49.238159
v -8.760684 -15.935626 49.064476
v -8.715497 -15.85343 49.055607
v -8.6701298 -15.770907 49.052647
v -8.6247625 -15.688385 49.055607
v -8.5795755 -15.606189 49.064476
v -8.5347443 -15.524643 49.079212
v -7.8600845 -16.703529 49.126053
v -7.8215618 -16.621666 49.099766
v -7.7824125 -16.538469 49.079212
v -7.7427907 -16.454268 49.064476
v -7.7028537 -16.369396 49.055607
v -7.6627579 -16.284189 49.052647
v -7.6226621 -16.198982 49.055607
v -8.490449 -15.444069 49.099766
v -8.4468613 -15.364784 49.126053
v -7.0030794 -17.687759 49.459129
v -7.0276046 -17.749702 49.525749
v -6.9770632 -17.622049 49.39682
v -6.9496579 -17.552832 49.339077
v -6.8283844 -17.246531 49.157967
v -6.8602152 -17.326925 49.195385
v -6.7957511 -17.164108 49.126053
v -6.9209719 -17.480379 49.286118
v -6.8911185 -17.404978 49.238159
v -6.762445 -17.079987 49.099766
v -6.7285967 -16.994495 49.079212
v -6.6943402 -16.907974 49.064476
v -6.6598105 -16.820763 49.055607
v -6.6251445 -16.733204 49.052647
v -7.5827246 -16.114109 49.064476
v -7.5431027 -16.029909 49.079212
v -7.5039535 -15.946713 49.099766
v -8.4041557 -15.287103 49.157967
v -7.4654307 -15.864848 49.126053
v -8.3624992 -15.21133 49.195385
v -7.4276872 -15.784638 49.157967
v -7.3908706 -15.7064 49.195385
v -8.3220577 -15.137767 49.238159
v -8.2829895 -15.066701 49.286118
v -7.3551278 -15.630442 49.238159
v -8.2454481 -14.998415 49.339077
v -7.3205986 -15.557064 49.286118
v -8.2095842 -14.933178 49.39682
v -7.2874198 -15.486555 49.339077
v -6.5904779 -16.645647 49.055607
v -6.5559483 -16.558435 49.064476
v -6.5216918 -16.471914 49.079212
v -6.487844 -16.386423 49.099766
v -6.4545374 -16.302301 49.126053
v -6.4219046 -16.219879 49.157967
v -7.255722 -15.419194 49.39682
v -8.1755371 -14.871246 49.459129
v -7.2256312 -15.355247 49.459129
v -8.1434422 -14.812866 49.525749
v -7.1972651 -15.294968 49.525749
v -8.6247625 -15.688385 52.049191
v -8.5795755 -15.606189 52.040325
v -8.5347443 -15.524643 52.025585
v -8.490449 -15.444069 52.005035
v -7.6226621 -16.198982 52.049191
v -7.5827246 -16.114109 52.040325
v -8.4468613 -15.364784 51.978748
v -8.4041557 -15.287103 51.946835
v -7.5431027 -16.029909 52.025585
v -7.5039535 -15.946713 52.005035
v -7.4654307 -15.864848 51.978748
v -7.4276872 -15.784638 51.946835
v -8.2829895 -15.066701 51.818684
v -8.3220577 -15.137767 51.866642
v -7.3205986 -15.557064 51.818684
v -7.3908706 -15.7064 51.909416
v -8.3624992 -15.21133 51.909416
v -7.3551278 -15.630442 51.866642
v -7.2874198 -15.486555 51.765724
v -8.2454481 -14.998415 51.765724
v -6.5904779 -16.645647 52.049191
v -6.5559483 -16.558435 52.040325
v -6.5216918 -16.471914 52.025585
v -6.487844 -16.386423 52.005035
v -6.4545374 -16.302301 51.978748
v -6.4219046 -16.219879 51.946835
v -6.3900738 -16.139484 51.909416
v -7.2256312 -15.355247 51.645672
v -7.1972651 -15.294968 51.579052
v -8.1755371 -14.871246 51.645672
v -7.255722 -15.419194 51.707977
v -8.2095842 -14.933178 51.707977
v -5.8337927 -17.954569 49.339077
v -5.8567977 -18.02537 49.39682
v -5.8992243 -18.155945 49.525749
v -5.8786368 -18.092585 49.459129
v -5.8097129 -17.880457 49.286118
v -5.7846527 -17.803329 49.238159
v -4.7475619 -18.490534 49.525749
v -5.7587113 -17.723492 49.195385
v -5.7319913 -17.641256 49.157967
v -4.6344805 -18.05011 49.195385
v -5.7045979 -17.556948 49.126053
v -4.612977 -17.96636 49.157967
v -4.7134185 -18.357553 49.39682
v -4.6949043 -18.285446 49.339077
v -4.7309942 -18.426006 49.459129
v -4.6755252 -18.209969 49.286118
v -4.6553578 -18.13142 49.238159
v -4.5909314 -17.880497 49.126053
v -5.6766396 -17.4709 49.099766
v -4.5684309 -17.792864 49.099766
v -5.6482263 -17.383453 49.079212
v -5.6194701 -17.29495 49.064476
v -5.5904846 -17.205742 49.055607
v -5.5613847 -17.116182 49.052647
v -5.5322843 -17.026621 49.055607
v -5.5032992 -16.937412 49.064476
v -5.4745431 -16.848911 49.079212
v -5.4461293 -16.761463 49.099766
v -5.4181709 -16.675415 49.126053
v -6.3900738 -16.139484 49.195385
v -6.3591704 -16.061432 49.238159
v -6.3293166 -15.98603 49.286118
v -6.300631 -15.913577 49.339077
v -6.2732253 -15.844359 49.39682
v -6.2472091 -15.778649 49.459129
v -7.1707363 -15.23859 49.596424
v -6.2226839 -15.716706 49.525749
v -6.1997476 -15.658775 49.596424
v -5.3907776 -16.591108 49.157967
v -5.3640575 -16.508871 49.195385
v -5.3381166 -16.429033 49.238159
v -5.3130565 -16.351906 49.286118
v -5.2889762 -16.277796 49.339077
v -5.2659712 -16.206993 49.39682
v -5.244132 -16.139778 49.459129
v -7.1461492 -15.18634 49.670868
v -7.123601 -15.138423 49.748795
v -6.1784897 -15.605083 49.670868
v -7.1031804 -15.095027 49.829887
v -6.1589947 -15.555845 49.748795
v -7.0849686 -15.056325 49.913837
v -6.1413393 -15.511253 49.829887
v -7.069037 -15.022468 50.000305
v -6.1255937 -15.471483 49.913837
v -7.0554481 -14.99359 50.088951
v -6.1118193 -15.436693 50.000305
v -6.1000705 -15.40702 50.088951
v -7.0442562 -14.969807 50.179428
v -6.090394 -15.38258 50.179428
v -7.0355053 -14.95121 50.271374
v -6.082828 -15.36347 50.271374
v -7.0292296 -14.937874 50.364429
v -6.0774026 -15.349767 50.364429
v -4.5455647 -17.703806 49.079212
v -4.5224223 -17.613672 49.064476
v -4.4990954 -17.522821 49.055607
v -4.4756765 -17.431608 49.052647
v -4.4522572 -17.340397 49.055607
v -4.4289308 -17.249546 49.064476
v -4.4057884 -17.159412 49.079212
v -4.3829217 -17.070354 49.099766
v -4.3604217 -16.982719 49.126053
v -4.338376 -16.896858 49.157967
v -4.3168721 -16.813107 49.195385
v -4.2959952 -16.731796 49.238159
v -4.2758274 -16.653248 49.286118
v -5.2235451 -16.076418 49.525749
v -5.2042913 -16.01716 49.596424
v -4.2564483 -16.577772 49.339077
v -4.2379346 -16.505665 49.39682
v -4.2203588 -16.437212 49.459129
v -4.2037907 -16.372684 49.525749
v -5.1864467 -15.962241 49.670868
v -5.1700816 -15.911876 49.748795
v -5.1552615 -15.866262 49.829887
v -5.1420436 -15.825583 49.913837
v -5.1304808 -15.789996 50.000305
v -5.1206188 -15.759644 50.088951
v -5.1124959 -15.734645 50.179428
v -5.1061449 -15.715097 50.271374
v -6.0741386 -15.341522 50.458229
v -5.1015902 -15.70108 50.364429
v -4.1882958 -16.312336 49.596424
v -4.1739349 -16.256403 49.670868
v -4.1607647 -16.205109 49.748795
v -4.1488376 -16.158655 49.829887
v -4.1382003 -16.117226 49.913837
v -4.1288948 -16.080984 50.000305
v -4.1209579 -16.050072 50.088951
v -4.1144209 -16.024612 50.179428
v -4.1093097 -16.004705 50.271374
v -5.0988503 -15.692648 50.458229
v -4.1056442 -15.990429 50.364429
v -5.5322843 -17.026621 52.049191
v -5.5032992 -16.937412 52.040325
v -5.4745431 -16.848911 52.025585
v -5.4461293 -16.761463 52.005035
v -5.4181709 -16.675415 51.978748
v -7.0849686 -15.056325 51.190964
v -7.1031804 -15.095027 51.27491
v -6.1255937 -15.471483 51.190964
v -7.069037 -15.022468 51.104496
v -6.1000705 -15.40702 51.01585
v -7.0554481 -14.99359 51.01585
v -6.1118193 -15.436693 51.104496
v -7.0254545 -14.929852 50.458229
v -7.0241947 -14.927174 50.552399
v -6.0730491 -15.338771 50.552399
v -7.0254545 -14.929852 50.646568
v -6.0741386 -15.341522 50.646568
v -7.0292296 -14.937874 50.740368
v -6.0774026 -15.349767 50.740368
v -7.0355053 -14.95121 50.833424
v -6.082828 -15.36347 50.833424
v -6.090394 -15.38258 50.925373
v -7.0442562 -14.969807 50.925373
v -6.3591704 -16.061432 51.866642
v -6.3293166 -15.98603 51.818684
v -6.300631 -15.913577 51.765724
v -6.2226839 -15.716706 51.579052
v -7.1461492 -15.18634 51.433933
v -6.1589947 -15.555845 51.356007
v -7.123601 -15.138423 51.356007
v -6.1413393 -15.511253 51.27491
v -7.1707363 -15.23859 51.508377
v -6.1997476 -15.658775 51.508377
v -6.1784897 -15.605083 51.433933
v -6.2472091 -15.778649 51.645672
v -6.2732253 -15.844359 51.707977
v -5.2235451 -16.076418 51.579052
v -5.3130565 -16.351906 51.818684
v -5.3640575 -16.508871 51.909416
v -5.3907776 -16.591108 51.946835
v -5.3381166 -16.429033 51.866642
v -5.2659712 -16.206993 51.707977
v -5.2889762 -16.277796 51.765724
v -5.244132 -16.139778 51.645672
v -4.4522572 -17.340397 52.049191
v -4.4289308 -17.249546 52.040325
v -4.4057884 -17.159412 52.025585
v -4.3829217 -17.070354 52.005035
v -4.3604217 -16.982719 51.978748
v -4.338376 -16.896858 51.946835
v -4.3168721 -16.813107 51.909416
v -4.2758274 -16.653248 51.818684
v -4.2564483 -16.577772 51.765724
v -4.2959952 -16.731796 51.866642
v -5.0979357 -15.689833 50.552399
v -5.0988503 -15.692648 50.646568
v -5.1015902 -15.70108 50.740368
v -5.1061449 -15.715097 50.833424
v -5.1124959 -15.734645 50.925373
v -5.1206188 -15.759644 51.01585
v -5.1304808 -15.789996 51.104496
v -5.1420436 -15.825583 51.190964
v -4.1034393 -15.981841 50.458229
v -4.1027036 -15.978975 50.552399
v -4.1034393 -15.981841 50.646568
v -4.1056442 -15.990429 50.740368
v -4.1093097 -16.004705 50.833424
v -4.1144209 -16.024612 50.925373
v -5.1552615 -15.866262 51.27491
v -4.1382003 -16.117226 51.190964
v -4.1209579 -16.050072 51.01585
v -4.1288948 -16.080984 51.104496
v -5.2042913 -16.01716 51.508377
v -5.1700816 -15.911876 51.356007
v -5.1864467 -15.962241 51.433933
v -4.1882958 -16.312336 51.508377
v -4.2037907 -16.372684 51.579052
v -4.1488376 -16.158655 51.27491
v -4.1607647 -16.205109 51.356007
v -4.1739349 -16.256403 51.433933
v -4.2379346 -16.505665 51.707977
v -4.2203588 -16.437212 51.645672
v -8.1134253 -14.758266 49.596424
v -8.0856066 -14.707664 49.670868
v -8.0600939 -14.661256 49.748795
v -8.0369883 -14.619228 49.829887
v -8.0163822 -14.581745 49.913837
v -7.9983563 -14.548956 50.000305
v -7.9829812 -14.520988 50.088951
v -7.9703178 -14.497954 50.179428
v -7.9604168 -14.479944 50.271374
v -7.9533162 -14.467029 50.364429
v -8.8412638 -13.931602 50.458229
v -7.9490447 -14.459258 50.458229
v -8.8396778 -13.929103 50.552399
v -7.947619 -14.456665 50.552399
v -7.9490447 -14.459258 50.646568
v -7.9533162 -14.467029 50.740368
v -7.9604168 -14.479944 50.833424
v -7.9983563 -14.548956 51.104496
v -8.0163822 -14.581745 51.190964
v -7.9703178 -14.497954 50.925373
v -7.9829812 -14.520988 51.01585
v -8.0856066 -14.707664 51.433933
v -8.0600939 -14.661256 51.356007
v -8.1434422 -14.812866 51.579052
v -8.1134253 -14.758266 51.508377
v -8.0369883 -14.619228 51.27491
v -3.5514374 -18.617287 49.39682
v -3.5374875 -18.544159 49.339077
v -3.5771637 -18.75215 49.525749
v -3.5646801 -18.686707 49.459129
v -3.4919598 -18.305494 49.195385
v -3.4757574 -18.220558 49.157967
v -3.442193 -18.044609 49.099766
v -3.4591465 -18.133482 49.126053
v -3.424964 -17.954288 49.079212
v -3.4075267 -17.862881 49.064476
v -3.5228858 -18.467615 49.286118
v -3.50769 -18.387955 49.238159
v -3.3899508 -17.770744 49.055607
v -2.3356576 -18.488634 49.195385
v -2.3754404 -18.803545 49.39682
v -2.3926477 -18.939758 49.525749
v -2.3842978 -18.873661 49.459129
v -2.3563433 -18.652376 49.286118
v -2.3661098 -18.729687 49.339077
v -2.346179 -18.57192 49.238159
v -2.3248205 -18.402849 49.157967
v -2.31371 -18.314901 49.126053
v -2.3023703 -18.225138 49.099766
v -2.2908463 -18.133917 49.079212
v -2.2791831 -18.041594 49.064476
v -3.3723049 -17.678242 49.052647
v -2.2674272 -17.948534 49.055607
v -3.3546593 -17.585739 49.055607
v -2.2556245 -17.855106 49.052647
v -2.2438219 -17.761679 49.055607
v -2.2438219 -17.761679 52.049191
v -3.3546593 -17.585739 52.049191
v -2.2320657 -17.668619 52.040325
v -3.3370831 -17.493603 49.064476
v -3.3196461 -17.402193 49.079212
v -3.3024168 -17.311874 49.099766
v -3.2854633 -17.223001 49.126053
v -3.2688527 -17.135925 49.157967
v -3.2526503 -17.050989 49.195385
v -3.2369199 -16.968529 49.238159
v -3.221724 -16.888868 49.286118
v -3.2071223 -16.812325 49.339077
v -3.1931727 -16.739197 49.39682
v -3.1799297 -16.669775 49.459129
v -3.1674461 -16.604334 49.525749
v -3.1557713 -16.543131 49.596424
v -3.1449506 -16.486408 49.670868
v -3.1350274 -16.434389 49.748795
v -3.1260405 -16.387278 49.829887
v -3.1180255 -16.345263 49.913837
v -3.1110141 -16.308508 50.000305
v -3.1050339 -16.277159 50.088951
v -3.1001084 -16.251337 50.179428
v -3.0962572 -16.23115 50.271374
v -3.0934956 -16.216671 50.364429
v -2.2320657 -17.668619 49.064476
v -2.2204027 -17.576298 49.079212
v -2.2088785 -17.485075 49.099766
v -2.1975391 -17.395311 49.126053
v -2.1864285 -17.307365 49.157967
v -2.1755912 -17.221579 49.195385
v -2.1650698 -17.138292 49.238159
v -2.1549058 -17.057837 49.286118
v -2.1451392 -16.980526 49.339077
v -2.1358087 -16.906668 49.39682
v -2.126951 -16.836552 49.459129
v -2.1186013 -16.770456 49.525749
v -2.1107922 -16.708641 49.596424
v -2.1035547 -16.65135 49.670868
v -2.0969174 -16.59881 49.748795
v -2.0909064 -16.551228 49.829887
v -2.0855453 -16.508791 49.913837
v -2.0808556 -16.471668 50.000305
v -2.0768557 -16.440004 50.088951
v -2.0735612 -16.413927 50.179428
v -2.0709853 -16.393536 50.271374
v -3.0918341 -16.207962 50.458229
v -2.0691381 -16.378914 50.364429
v -3.3370831 -17.493603 52.040325
v -3.3196461 -17.402193 52.025585
v -3.3024168 -17.311874 52.005035
v -3.2854633 -17.223001 51.978748
v -3.2688527 -17.135925 51.946835
v -3.2526503 -17.050989 51.909416
v -3.1557713 -16.543131 51.508377
v -3.1674461 -16.604334 51.579052
v -3.221724 -16.888868 51.818684
v -3.2369199 -16.968529 51.866642
v -3.1931727 -16.739197 51.707977
v -3.2071223 -16.812325 51.765724
v -3.1799297 -16.669775 51.645672
v -3.0912795 -16.205055 50.552399
v -3.0918341 -16.207962 50.646568
v -3.0934956 -16.216671 50.740368
v -3.0962572 -16.23115 50.833424
v -3.1001084 -16.251337 50.925373
v -3.1110141 -16.308508 51.104496
v -3.1050339 -16.277159 51.01585
v -3.1180255 -16.345263 51.190964
v -3.1449506 -16.486408 51.433933
v -3.1260405 -16.387278 51.27491
v -3.1350274 -16.434389 51.356007
v -2.0855453 -16.508791 51.190964
v -2.0808556 -16.471668 51.104496
v -2.0768557 -16.440004 51.01585
v -2.2204027 -17.576298 52.025585
v -2.2088785 -17.485075 52.005035
v -2.1975391 -17.395311 51.978748
v -2.1864285 -17.307365 51.946835
v -2.1755912 -17.221579 51.909416
v -2.1650698 -17.138292 51.866642
v -2.1549058 -17.057837 51.818684
v -2.0909064 -16.551228 51.27491
v -2.0969174 -16.59881 51.356007
v -2.1035547 -16.65135 51.433933
v -2.1107922 -16.708641 51.508377
v -2.1186013 -16.770456 51.579052
v -2.126951 -16.836552 51.645672
v -2.1451392 -16.980526 51.765724
v -2.1358087 -16.906668 51.707977
v -2.0680268 -16.370117 50.458229
v -2.0676558 -16.367182 50.552399
v -2.0680268 -16.370117 50.646568
v -2.0691381 -16.378914 50.740368
v -2.0709853 -16.393536 50.833424
v -2.0735612 -16.413927 50.925373
v -1.1986892 -19.05262 49.525749
v -1.194506 -18.98613 49.459129
v -1.1701379 -18.598808 49.195385
v -1.1647085 -18.512512 49.157967
v -1.1591424 -18.42404 49.126053
v -1.1900685 -18.915596 49.39682
v -1.180501 -18.763527 49.286118
v -1.1853939 -18.841297 49.339077
v -1.175409 -18.68259 49.238159
v -1.1534613 -18.333742 49.099766
v -1.1476879 -18.241976 49.079212
v -1.1418447 -18.149103 49.064476
v -1.1359551 -18.05549 49.055607
v -1.1300421 -17.961506 49.052647
v -1.1241292 -17.867521 49.055607
v -1.1182395 -17.773907 49.064476
v -1.1123964 -17.681034 49.079212
v 0 -19.09029 49.525749
v 0 -19.023668 49.459129
v 0 -18.952995 49.39682
v 0 -18.635582 49.195385
v 0 -18.549114 49.157967
v 0 -18.369991 49.099766
v 0 -18.460466 49.126053
v 0 -18.87855 49.339077
v 0 -18.800625 49.286118
v 0 -18.71953 49.238159
v 0 -18.278044 49.079212
v 0 -18.184988 49.064476
v 0 -18.091188 49.055607
v 0 -17.997019 49.052647
v 0 -17.902847 49.055607
v 0 -17.80905 49.064476
v -1.1066229 -17.589268 49.099766
v 0 -17.715994 49.079212
v -1.1241292 -17.867521 52.049191
v -1.1182395 -17.773907 52.040325
v -1.1123964 -17.681034 52.025585
v 0 -17.902847 52.049191
v 0 -17.80905 52.040325
v 0 -17.715994 52.025585
v 0 -17.624044 52.005035
v -1.1009419 -17.498972 49.126053
v -1.0953758 -17.4105 49.157967
v -1.0899464 -17.324202 49.195385
v -1.0846753 -17.240419 49.238159
v -1.0795833 -17.159485 49.286118
v -1.0746903 -17.081713 49.339077
v -1.0700158 -17.007414 49.39682
v -1.0655782 -16.93688 49.459129
v -1.061395 -16.87039 49.525749
v -1.0574827 -16.808207 49.596424
v -1.0538568 -16.750576 49.670868
v -1.0505316 -16.697721 49.748795
v -1.0475202 -16.649857 49.829887
v -1.0448344 -16.607168 49.913837
v -1.0424849 -16.569822 50.000305
v -1.040481 -16.537971 50.088951
v -1.0388305 -16.511738 50.179428
v -1.03754 -16.491226 50.271374
v -1.0366145 -16.476517 50.364429
v 0 -17.624044 49.099766
v 0 -17.533569 49.126053
v 0 -17.444923 49.157967
v 0 -17.358456 49.195385
v 0 -17.274508 49.238159
v 0 -17.193411 49.286118
v 0 -17.115486 49.339077
v 0 -17.04104 49.39682
v 0 -16.970367 49.459129
v 0 -16.903746 49.525749
v 0 -16.84144 49.596424
v 0 -16.783693 49.670868
v 0 -16.730736 49.748795
v 0 -16.682775 49.829887
v 0 -16.640003 49.913837
v 0 -16.602585 50.000305
v 0 -16.570669 50.088951
v 0 -16.544384 50.179428
v 0 -16.523832 50.271374
v -1.0360578 -16.467667 50.458229
v 0 -16.509092 50.364429
v -1.035872 -16.464714 50.552399
v -1.0360578 -16.467667 50.646568
v -1.0366145 -16.476517 50.740368
v -1.03754 -16.491226 50.833424
v -1.0388305 -16.511738 50.925373
v -1.0448344 -16.607168 51.190964
v -1.040481 -16.537971 51.01585
v -1.0424849 -16.569822 51.104496
v -1.1066229 -17.589268 52.005035
v -1.1009419 -17.498972 51.978748
v -1.0953758 -17.4105 51.946835
v -1.0795833 -17.159485 51.818684
v -1.0746903 -17.081713 51.765724
v -1.0899464 -17.324202 51.909416
v -1.0846753 -17.240419 51.866642
v -1.061395 -16.87039 51.579052
v -1.0700158 -17.007414 51.707977
v -1.0655782 -16.93688 51.645672
v -1.0574827 -16.808207 51.508377
v -1.0475202 -16.649857 51.27491
v -1.0505316 -16.697721 51.356007
v -1.0538568 -16.750576 51.433933
v 0 -16.500227 50.458229
v 0 -16.497267 50.552399
v 0 -16.500227 50.646568
v 0 -16.509092 50.740368
v 0 -16.523832 50.833424
v 0 -16.544384 50.925373
v 0 -16.570669 51.01585
v 0 -16.602585 51.104496
v 0 -16.640003 51.190964
v 0 -17.533569 51.978748
v 0 -17.358456 51.909416
v 0 -17.444923 51.946835
v 0 -17.193411 51.818684
v 0 -17.04104 51.707977
v 0 -17.115486 51.765724
v 0 -17.274508 51.866642
v 0 -16.730736 51.356007
v 0 -16.903746 51.579052
v 0 -16.84144 51.508377
v 0 -16.783693 51.433933
v 0 -16.682775 51.27491
v 0 -16.970367 51.645672
v -18.841297 1.1853939 49.339077
v -18.98613 1.194506 49.459129
v -18.915596 1.1900685 49.39682
v -18.763527 1.180501 49.286118
v -19.05262 1.1986892 49.525749
v -18.729687 2.3661098 49.339077
v -18.803545 2.3754404 49.39682
v -18.873661 2.3842978 49.459129
v -18.939758 2.3926477 49.525749
v -18.686707 3.5646801 49.459129
v -18.512512 1.1647085 49.157967
v -18.42404 1.1591424 49.126053
v -18.333742 1.1534613 49.099766
v -18.241976 1.1476879 49.079212
v -18.68259 1.175409 49.238159
v -18.598808 1.1701379 49.195385
v -18.149103 1.1418447 49.064476
v -18.05549 1.1359551 49.055607
v -17.961506 1.1300421 49.052647
v -17.867521 1.1241292 49.055607
v -17.773907 1.1182395 49.064476
v -17.681034 1.1123964 49.079212
v -17.589268 1.1066229 49.099766
v -18.402849 2.3248205 49.157967
v -18.314901 2.31371 49.126053
v -18.225138 2.3023703 49.099766
v -18.652376 2.3563433 49.286118
v -18.57192 2.346179 49.238159
v -18.488634 2.3356576 49.195385
v -18.133917 2.2908463 49.079212
v -18.041594 2.2791831 49.064476
v -17.948534 2.2674272 49.055607
v -17.855106 2.2556245 49.052647
v -17.761679 2.2438219 49.055607
v -17.668619 2.2320657 49.064476
v -17.576298 2.2204027 49.079212
v -17.498972 1.1009419 49.126053
v -17.4105 1.0953758 49.157967
v -17.324202 1.0899464 49.195385
v -17.240419 1.0846753 49.238159
v -17.159485 1.0795833 49.286118
v -17.081713 1.0746903 49.339077
v -17.007414 1.0700158 49.39682
v -16.93688 1.0655782 49.459129
v -16.87039 1.061395 49.525749
v -16.808207 1.0574827 49.596424
v -16.750576 1.0538568 49.670868
v -16.697721 1.0505316 49.748795
v -16.649857 1.0475202 49.829887
v -16.607168 1.0448344 49.913837
v -16.569822 1.0424849 50.000305
v -16.537971 1.040481 50.088951
v -16.511738 1.0388305 50.179428
v -16.491226 1.03754 50.271374
v -16.476517 1.0366145 50.364429
v -16.467667 1.0360578 50.458229
v -17.485075 2.2088785 49.099766
v -17.395311 2.1975391 49.126053
v -17.307365 2.1864285 49.157967
v -17.221579 2.1755912 49.195385
v -17.138292 2.1650698 49.238159
v -17.057837 2.1549058 49.286118
v -16.980526 2.1451392 49.339077
v -16.906668 2.1358087 49.39682
v -16.836552 2.126951 49.459129
v -16.770456 2.1186013 49.525749
v -16.708641 2.1107922 49.596424
v -16.888868 3.221724 49.286118
v -16.812325 3.2071223 49.339077
v -16.739197 3.1931727 49.39682
v -16.669775 3.1799297 49.459129
v -16.604334 3.1674461 49.525749
v -16.543131 3.1557713 49.596424
v -16.65135 2.1035547 49.670868
v -16.59881 2.0969174 49.748795
v -16.551228 2.0909064 49.829887
v -16.508791 2.0855453 49.913837
v -16.471668 2.0808556 50.000305
v -16.440004 2.0768557 50.088951
v -16.413927 2.0735612 50.179428
v -16.486408 3.1449506 49.670868
v -16.434389 3.1350274 49.748795
v -16.387278 3.1260405 49.829887
v -17.867521 1.1241292 52.049191
v -17.773907 1.1182395 52.040325
v -17.681034 1.1123964 52.025585
v -17.761679 2.2438219 52.049191
v -17.668619 2.2320657 52.040325
v -16.464714 1.035872 50.552399
v -16.467667 1.0360578 50.646568
v -16.476517 1.0366145 50.740368
v -16.491226 1.03754 50.833424
v -16.511738 1.0388305 50.925373
v -16.537971 1.040481 51.01585
v -16.569822 1.0424849 51.104496
v -16.607168 1.0448344 51.190964
v -16.649857 1.0475202 51.27491
v -17.589268 1.1066229 52.005035
v -17.4105 1.0953758 51.946835
v -17.498972 1.1009419 51.978748
v -17.081713 1.0746903 51.765724
v -17.159485 1.0795833 51.818684
v -17.324202 1.0899464 51.909416
v -17.240419 1.0846753 51.866642
v -16.93688 1.0655782 51.645672
v -16.808207 1.0574827 51.508377
v -16.87039 1.061395 51.579052
v -16.697721 1.0505316 51.356007
v -16.750576 1.0538568 51.433933
v -17.007414 1.0700158 51.707977
v -16.440004 2.0768557 51.01585
v -16.471668 2.0808556 51.104496
v -16.508791 2.0855453 51.190964
v -16.551228 2.0909064 51.27491
v -17.576298 2.2204027 52.025585
v -17.485075 2.2088785 52.005035
v -17.395311 2.1975391 51.978748
v -17.307365 2.1864285 51.946835
v -17.057837 2.1549058 51.818684
v -17.221579 2.1755912 51.909416
v -17.138292 2.1650698 51.866642
v -16.836552 2.126951 51.645672
v -16.770456 2.1186013 51.579052
v -16.59881 2.0969174 51.356007
v -16.65135 2.1035547 51.433933
v -16.708641 2.1107922 51.508377
v -16.980526 2.1451392 51.765724
v -16.906668 2.1358087 51.707977
v -16.387278 3.1260405 51.27491
v -16.434389 3.1350274 51.356007
v -16.486408 3.1449506 51.433933
v -16.543131 3.1557713 51.508377
v -16.669775 3.1799297 51.645672
v -16.604334 3.1674461 51.579052
v -16.888868 3.221724 51.818684
v -16.812325 3.2071223 51.765724
v -16.739197 3.1931727 51.707977
v -16.968529 3.2369199 51.866642
v -18.220558 3.4757574 49.157967
v -18.133482 3.4591465 49.126053
v -18.305494 3.4919598 49.195385
v -18.544159 3.5374875 49.339077
v -18.467615 3.5228858 49.286118
v -18.387955 3.50769 49.238159
v -18.617287 3.5514374 49.39682
v -18.75215 3.5771637 49.525749
v -17.954288 3.424964 49.079212
v -18.044609 3.442193 49.099766
v -17.862881 3.4075267 49.064476
v -17.770744 3.3899508 49.055607
v -17.678242 3.3723049 49.052647
v -17.585739 3.3546593 49.055607
v -17.522821 4.4990954 49.055607
v -18.426006 4.7309942 49.459129
v -18.357553 4.7134185 49.39682
v -18.490534 4.7475619 49.525749
v -18.209969 4.6755252 49.286118
v -18.285446 4.6949043 49.339077
v -18.13142 4.6553578 49.238159
v -18.05011 4.6344805 49.195385
v -17.96636 4.612977 49.157967
v -17.880497 4.5909314 49.126053
v -17.792864 4.5684309 49.099766
v -17.703806 4.5455647 49.079212
v -17.613672 4.5224223 49.064476
v -17.641256 5.7319913 49.157967
v -17.556948 5.7045979 49.126053
v -17.4709 5.6766396 49.099766
v -17.803329 5.7846527 49.238159
v -17.723492 5.7587113 49.195385
v -17.493603 3.3370831 49.064476
v -17.402193 3.3196461 49.079212
v -17.311874 3.3024168 49.099766
v -17.223001 3.2854633 49.126053
v -17.135925 3.2688527 49.157967
v -17.050989 3.2526503 49.195385
v -16.968529 3.2369199 49.238159
v -17.431608 4.4756765 49.052647
v -17.340397 4.4522572 49.055607
v -17.249546 4.4289308 49.064476
v -17.159412 4.4057884 49.079212
v -17.070354 4.3829217 49.099766
v -16.982719 4.3604217 49.126053
v -16.896858 4.338376 49.157967
v -16.813107 4.3168721 49.195385
v -16.731796 4.2959952 49.238159
v -16.653248 4.2758274 49.286118
v -16.577772 4.2564483 49.339077
v -16.505665 4.2379346 49.39682
v -16.437212 4.2203588 49.459129
v -16.372684 4.2037907 49.525749
v -16.312336 4.1882958 49.596424
v -17.383453 5.6482263 49.079212
v -17.29495 5.6194701 49.064476
v -17.205742 5.5904846 49.055607
v -17.116182 5.5613847 49.052647
v -17.026621 5.5322843 49.055607
v -16.937412 5.5032992 49.064476
v -16.848911 5.4745431 49.079212
v -16.675415 5.4181709 49.126053
v -16.591108 5.3907776 49.157967
v -16.761463 5.4461293 49.099766
v -16.508871 5.3640575 49.195385
v -16.429033 5.3381166 49.238159
v -16.351906 5.3130565 49.286118
v -16.277796 5.2889762 49.339077
v -17.585739 3.3546593 52.049191
v -17.493603 3.3370831 52.040325
v -17.402193 3.3196461 52.025585
v -17.311874 3.3024168 52.005035
v -17.135925 3.2688527 51.946835
v -17.223001 3.2854633 51.978748
v -17.050989 3.2526503 51.909416
v -17.340397 4.4522572 52.049191
v -17.249546 4.4289308 52.040325
v -17.159412 4.4057884 52.025585
v -17.070354 4.3829217 52.005035
v -16.982719 4.3604217 51.978748
v -16.437212 4.2203588 51.645672
v -16.372684 4.2037907 51.579052
v -16.653248 4.2758274 51.818684
v -16.896858 4.338376 51.946835
v -16.813107 4.3168721 51.909416
v -16.731796 4.2959952 51.866642
v -16.577772 4.2564483 51.765724
v -16.505665 4.2379346 51.707977
v -17.026621 5.5322843 52.049191
v -16.937412 5.5032992 52.040325
v -16.675415 5.4181709 51.978748
v -16.848911 5.4745431 52.025585
v -16.761463 5.4461293 52.005035
v -16.351906 5.3130565 51.818684
v -16.591108 5.3907776 51.946835
v -16.508871 5.3640575 51.909416
v -16.429033 5.3381166 51.866642
v -16.393536 2.0709853 50.271374
v -16.378914 2.0691381 50.364429
v -16.370117 2.0680268 50.458229
v -16.345263 3.1180255 49.913837
v -16.308508 3.1110141 50.000305
v -16.277159 3.1050339 50.088951
v -16.251337 3.1001084 50.179428
v -16.23115 3.0962572 50.271374
v -16.216671 3.0934956 50.364429
v -16.367182 2.0676558 50.552399
v -16.370117 2.0680268 50.646568
v -16.378914 2.0691381 50.740368
v -16.393536 2.0709853 50.833424
v -16.413927 2.0735612 50.925373
v -16.207962 3.0918341 50.458229
v -16.205055 3.0912795 50.552399
v -16.207962 3.0918341 50.646568
v -16.23115 3.0962572 50.833424
v -16.216671 3.0934956 50.740368
v -16.251337 3.1001084 50.925373
v -16.277159 3.1050339 51.01585
v -16.308508 3.1110141 51.104496
v -16.345263 3.1180255 51.190964
v -16.117226 4.1382003 49.913837
v -16.080984 4.1288948 50.000305
v -16.256403 4.1739349 49.670868
v -16.205109 4.1607647 49.748795
v -16.158655 4.1488376 49.829887
v -16.050072 4.1209579 50.088951
v -16.024612 4.1144209 50.179428
v -16.004705 4.1093097 50.271374
v -15.990429 4.1056442 50.364429
v -15.981841 4.1034393 50.458229
v -16.206993 5.2659712 49.39682
v -16.139778 5.244132 49.459129
v -16.076418 5.2235451 49.525749
v -16.01716 5.2042913 49.596424
v -15.962241 5.1864467 49.670868
v -15.911876 5.1700816 49.748795
v -15.866262 5.1552615 49.829887
v -15.825583 5.1420436 49.913837
v -15.789996 5.1304808 50.000305
v -15.759644 5.1206188 50.088951
v -15.734645 5.1124959 50.179428
v -15.715097 5.1061449 50.271374
v -15.70108 5.1015902 50.364429
v -15.692648 5.0988503 50.458229
v -15.978975 4.1027036 50.552399
v -15.981841 4.1034393 50.646568
v -15.990429 4.1056442 50.740368
v -16.004705 4.1093097 50.833424
v -16.050072 4.1209579 51.01585
v -16.080984 4.1288948 51.104496
v -16.117226 4.1382003 51.190964
v -16.024612 4.1144209 50.925373
v -16.158655 4.1488376 51.27491
v -16.205109 4.1607647 51.356007
v -16.256403 4.1739349 51.433933
v -16.312336 4.1882958 51.508377
v -15.70108 5.1015902 50.740368
v -15.715097 5.1061449 50.833424
v -15.734645 5.1124959 50.925373
v -15.759644 5.1206188 51.01585
v -15.789996 5.1304808 51.104496
v -15.825583 5.1420436 51.190964
v -15.866262 5.1552615 51.27491
v -15.689833 5.0979357 50.552399
v -15.692648 5.0988503 50.646568
v -16.01716 5.2042913 51.508377
v -16.076418 5.2235451 51.579052
v -16.139778 5.244132 51.645672
v -15.911876 5.1700816 51.356007
v -15.962241 5.1864467 51.433933
v -16.277796 5.2889762 51.765724
v -16.206993 5.2659712 51.707977
v -18.092585 5.8786368 49.459129
v -18.02537 5.8567977 49.39682
v -18.155945 5.8992243 49.525749
v -17.880457 5.8097129 49.286118
v -17.954569 5.8337927 49.339077
v -17.687759 7.0030794 49.459129
v -17.552832 6.9496579 49.339077
v -17.480379 6.9209719 49.286118
v -17.404978 6.8911185 49.238159
v -17.622049 6.9770632 49.39682
v -17.749702 7.0276046 49.525749
v -17.246531 6.8283844 49.157967
v -17.164108 6.7957511 49.126053
v -17.079987 6.762445 49.099766
v -16.907974 6.6943402 49.064476
v -16.820763 6.6598105 49.055607
v -16.994495 6.7285967 49.079212
v -17.326925 6.8602152 49.195385
v -16.733204 6.6251445 49.052647
v -16.645647 6.5904779 49.055607
v -16.558435 6.5559483 49.064476
v -16.386423 6.487844 49.099766
v -16.471914 6.5216918 49.079212
v -16.302301 6.4545374 49.126053
v -16.219879 6.4219046 49.157967
v -16.783739 7.8978286 49.157967
v -17.081823 8.0380955 49.339077
v -17.213131 8.099884 49.459129
v -17.149183 8.0697927 49.39682
v -16.861979 7.9346447 49.195385
v -17.011314 8.0049171 49.286118
v -16.937937 7.9703879 49.238159
v -16.703529 7.8600845 49.126053
v -16.621666 7.8215618 49.099766
v -16.538469 7.7824125 49.079212
v -16.454268 7.7427907 49.064476
v -16.369396 7.7028537 49.055607
v -16.284189 7.6627579 49.052647
v -16.198982 7.6226621 49.055607
v -16.645647 6.5904779 52.049191
v -16.558435 6.5559483 52.040325
v -16.471914 6.5216918 52.025585
v -16.386423 6.487844 52.005035
v -16.302301 6.4545374 51.978748
v -17.273411 8.1282501 49.525749
v -16.097746 8.8498106 49.099766
v -16.254713 8.9361038 49.157967
v -16.177031 8.8933983 49.126053
v -16.330484 8.9777603 49.195385
v -16.5434 9.0948105 49.339077
v -16.404049 9.0182018 49.238159
v -16.475113 9.0572701 49.286118
v -16.608637 9.1306753 49.39682
v -16.670568 9.1647224 49.459129
v -16.728949 9.1968174 49.525749
v -16.062216 10.193392 49.459129
v -15.98603 6.3293166 49.286118
v -15.913577 6.300631 49.339077
v -15.844359 6.2732253 49.39682
v -15.778649 6.2472091 49.459129
v -15.716706 6.2226839 49.525749
v -15.658775 6.1997476 49.596424
v -16.139484 6.3900738 49.195385
v -16.061432 6.3591704 49.238159
v -15.555845 6.1589947 49.748795
v -15.511253 6.1413393 49.829887
v -15.605083 6.1784897 49.670868
v -15.471483 6.1255937 49.913837
v -15.436693 6.1118193 50.000305
v -15.40702 6.1000705 50.088951
v -15.38258 6.090394 50.179428
v -15.36347 6.082828 50.271374
v -15.349767 6.0774026 50.364429
v -15.341522 6.0741386 50.458229
v -16.114109 7.5827246 49.064476
v -16.029909 7.5431027 49.079212
v -15.946713 7.5039535 49.099766
v -15.864848 7.4654307 49.126053
v -15.784638 7.4276872 49.157967
v -15.7064 7.3908706 49.195385
v -15.630442 7.3551278 49.238159
v -15.419194 7.255722 49.39682
v -15.355247 7.2256312 49.459129
v -15.294968 7.1972651 49.525749
v -15.557064 7.3205986 49.286118
v -15.486555 7.2874198 49.339077
v -15.23859 7.1707363 49.596424
v -15.18634 7.1461492 49.670868
v -15.138423 7.123601 49.748795
v -15.095027 7.1031804 49.829887
v -15.056325 7.0849686 49.913837
v -15.022468 7.069037 50.000305
v -14.871246 8.1755371 49.459129
v -14.812866 8.1434422 49.525749
v -14.758266 8.1134253 49.596424
v -14.99359 7.0554481 50.088951
v -14.969807 7.0442562 50.179428
v -14.95121 7.0355053 50.271374
v -14.937874 7.0292296 50.364429
v -14.929852 7.0254545 50.458229
v -14.707664 8.0856066 49.670868
v -14.661256 8.0600939 49.748795
v -14.619228 8.0369883 49.829887
v -14.581745 8.0163822 49.913837
v -14.548956 7.9983563 50.000305
v -14.520988 7.9829812 50.088951
v -14.497954 7.9703178 50.179428
v -14.479944 7.9604168 50.271374
v -14.467029 7.9533162 50.364429
v -15.36347 6.082828 50.833424
v -15.338771 6.0730491 50.552399
v -15.341522 6.0741386 50.646568
v -15.349767 6.0774026 50.740368
v -15.38258 6.090394 50.925373
v -15.40702 6.1000705 51.01585
v -15.436693 6.1118193 51.104496
v -15.471483 6.1255937 51.190964
v -15.511253 6.1413393 51.27491
v -15.778649 6.2472091 51.645672
v -15.716706 6.2226839 51.579052
v -15.98603 6.3293166 51.818684
v -16.061432 6.3591704 51.866642
v -15.913577 6.300631 51.765724
v -15.844359 6.2732253 51.707977
v -16.219879 6.4219046 51.946835
v -16.139484 6.3900738 51.909416
v -15.555845 6.1589947 51.356007
v -15.605083 6.1784897 51.433933
v -15.658775 6.1997476 51.508377
v -15.056325 7.0849686 51.190964
v -16.198982 7.6226621 52.049191
v -16.114109 7.5827246 52.040325
v -16.029909 7.5431027 52.025585
v -15.946713 7.5039535 52.005035
v -15.784638 7.4276872 51.946835
v -15.864848 7.4654307 51.978748
v -15.7064 7.3908706 51.909416
v -15.630442 7.3551278 51.866642
v -15.355247 7.2256312 51.645672
v -15.18634 7.1461492 51.433933
v -15.095027 7.1031804 51.27491
v -15.138423 7.123601 51.356007
v -15.23859 7.1707363 51.508377
v -15.294968 7.1972651 51.579052
v -15.486555 7.2874198 51.765724
v -15.419194 7.255722 51.707977
v -15.557064 7.3205986 51.818684
v -14.927174 7.0241947 50.552399
v -14.929852 7.0254545 50.646568
v -14.937874 7.0292296 50.740368
v -14.95121 7.0355053 50.833424
v -14.969807 7.0442562 50.925373
v -14.99359 7.0554481 51.01585
v -15.022468 7.069037 51.104496
v -14.459258 7.9490447 50.458229
v -14.456665 7.947619 50.552399
v -14.459258 7.9490447 50.646568
v -14.467029 7.9533162 50.740368
v -14.479944 7.9604168 50.833424
v -14.497954 7.9703178 50.925373
v -14.520988 7.9829812 51.01585
v -14.581745 8.0163822 51.190964
v -14.548956 7.9983563 51.104496
v -14.707664 8.0856066 51.433933
v -14.871246 8.1755371 51.645672
v -14.758266 8.1134253 51.508377
v -14.812866 8.1434422 51.579052
v -14.619228 8.0369883 51.27491
v -14.661256 8.0600939 51.356007
v -14.933178 8.2095842 51.707977
v -16.017172 8.8055143 49.079212
v -15.935626 8.760684 49.064476
v -15.85343 8.715497 49.055607
v -15.770907 8.6701298 49.052647
v -15.688385 8.6247625 49.055607
v -15.606189 8.5795755 49.064476
v -15.524643 8.5347443 49.079212
v -15.444069 8.490449 49.099766
v -15.364784 8.4468613 49.126053
v -15.287103 8.4041557 49.157967
v -15.21133 8.3624992 49.195385
v -15.137767 8.3220577 49.238159
v -15.066701 8.2829895 49.286118
v -14.998415 8.2454481 49.339077
v -15.661534 9.9391117 49.157967
v -15.586688 9.891613 49.126053
v -15.510297 9.8431339 49.099766
v -15.939687 10.115633 49.339077
v -15.873893 10.073879 49.286118
v -15.805421 10.030425 49.238159
v -15.734542 9.9854441 49.195385
v -16.002544 10.155523 49.39682
v -16.118465 10.229089 49.525749
v -15.354093 9.7440033 49.064476
v -15.274896 9.6937437 49.055607
v -15.195385 9.6432848 49.052647
v -15.432663 9.7938652 49.079212
v -15.115874 9.5928259 49.055607
v -15.036678 9.5425663 49.064476
v -14.958108 9.4927034 49.079212
v -14.933178 8.2095842 49.39682
v -14.880474 9.4434357 49.099766
v -14.804083 9.3949566 49.126053
v -14.729236 9.3474569 49.157967
v -14.656228 9.3011255 49.195385
v -14.328555 9.0931778 49.459129
v -14.585349 9.2561436 49.238159
v -14.516877 9.2126904 49.286118
v -14.451083 9.1709366 49.339077
v -14.388227 9.1310463 49.39682
v -14.272305 9.0574808 49.525749
v -14.219698 9.0240946 49.596424
v -14.085733 8.9390783 49.829887
v -14.170941 8.9931526 49.670868
v -14.126227 8.964777 49.748795
v -14.049619 8.9161596 49.913837
v -14.018025 8.8961096 50.000305
v -13.991079 8.8790092 50.088951
v -13.968885 8.8649244 50.179428
v -13.951532 8.8539114 50.271374
v -13.939088 8.846014 50.364429
v -14.711964 10.688868 49.064476
v -14.636079 10.633734 49.055607
v -14.559894 10.578382 49.052647
v -14.483708 10.52303 49.055607
v -14.407824 10.467896 49.064476
v -14.33254 10.413199 49.079212
v -13.786491 10.016473 49.39682
v -13.729316 9.9749317 49.459129
v -14.258152 10.359154 49.099766
v -14.184956 10.305974 49.126053
v -14.113239 10.253868 49.157967
v -14.043285 10.203044 49.195385
v -13.97537 10.153701 49.238159
v -13.909762 10.106033 49.286118
v -13.84672 10.06023 49.339077
v -15.688385 8.6247625 52.049191
v -15.606189 8.5795755 52.040325
v -15.524643 8.5347443 52.025585
v -15.444069 8.490449 52.005035
v -15.287103 8.4041557 51.946835
v -15.364784 8.4468613 51.978748
v -14.998415 8.2454481 51.765724
v -15.066701 8.2829895 51.818684
v -15.21133 8.3624992 51.909416
v -15.137767 8.3220577 51.866642
v -15.115874 9.5928259 52.049191
v -15.036678 9.5425663 52.040325
v -14.958108 9.4927034 52.025585
v -13.931602 8.8412638 50.458229
v -13.929103 8.8396778 50.552399
v -13.931602 8.8412638 50.646568
v -13.939088 8.846014 50.740368
v -13.951532 8.8539114 50.833424
v -13.968885 8.8649244 50.925373
v -13.991079 8.8790092 51.01585
v -14.018025 8.8961096 51.104496
v -14.049619 8.9161596 51.190964
v -14.085733 8.9390783 51.27491
v -14.880474 9.4434357 52.005035
v -14.804083 9.3949566 51.978748
v -14.729236 9.3474569 51.946835
v -14.388227 9.1310463 51.707977
v -14.516877 9.2126904 51.818684
v -14.451083 9.1709366 51.765724
v -14.585349 9.2561436 51.866642
v -14.656228 9.3011255 51.909416
v -14.126227 8.964777 51.356007
v -14.170941 8.9931526 51.433933
v -14.219698 9.0240946 51.508377
v -14.328555 9.0931778 51.645672
v -14.272305 9.0574808 51.579052
v -14.483708 10.52303 52.049191
v -14.407824 10.467896 52.040325
v -14.33254 10.413199 52.025585
v -13.84672 10.06023 51.765724
v -13.786491 10.016473 51.707977
v -14.258152 10.359154 52.005035
v -14.184956 10.305974 51.978748
v -14.043285 10.203044 51.909416
v -14.113239 10.253868 51.946835
v -13.909762 10.106033 51.818684
v -13.97537 10.153701 51.866642
v -13.675418 9.9357729 49.525749
v -13.625011 9.8991499 49.596424
v -13.578294 9.8652077 49.670868
v -13.53545 9.8340797 49.748795
v -13.49665 9.8058901 49.829887
v -13.462045 9.7807484 49.913837
v -13.431773 9.7587547 50.000305
v -13.356136 9.7038012 50.364429
v -13.405953 9.739995 50.088951
v -13.384688 9.7245455 50.179428
v -13.36806 9.7124643 50.271374
v -13.348964 9.6985893 50.458229
v -12.821342 10.606737 49.913837
v -12.792511 10.582886 50.000305
v -12.76792 10.562543 50.088951
v -12.747667 10.545788 50.179428
v -12.731831 10.532686 50.271374
v -12.720474 10.523292 50.364429
v -13.346569 9.6968498 50.552399
v -13.348964 9.6985893 50.646568
v -13.356136 9.7038012 50.740368
v -13.36806 9.7124643 50.833424
v -13.462045 9.7807484 51.190964
v -13.384688 9.7245455 50.925373
v -13.405953 9.739995 51.01585
v -13.431773 9.7587547 51.104496
v -13.49665 9.8058901 51.27491
v -12.713643 10.51764 50.458229
v -12.711363 10.515754 50.552399
v -12.713643 10.51764 50.646568
v -12.720474 10.523292 50.740368
v -12.731831 10.532686 50.833424
v -12.821342 10.606737 51.190964
v -12.747667 10.545788 50.925373
v -12.76792 10.562543 51.01585
v -12.792511 10.582886 51.104496
v -13.53545 9.8340797 51.356007
v -13.578294 9.8652077 51.433933
v -13.625011 9.8991499 51.508377
v -13.675418 9.9357729 51.579052
v -13.729316 9.9749317 51.645672
v -12.8543 10.634002 51.27491
v -15.006548 10.902896 49.157967
v -14.934832 10.85079 49.126053
v -14.861635 10.79761 49.099766
v -15.144417 11.003063 49.238159
v -15.273067 11.096534 49.339077
v -15.210026 11.050731 49.286118
v -15.390471 11.181832 49.459129
v -15.333296 11.140291 49.39682
v -15.076502 10.95372 49.195385
v -15.444369 11.220991 49.525749
v -14.787248 10.743565 49.079212
v -14.224034 11.767144 49.126053
v -14.292337 11.82365 49.157967
v -14.358962 11.878767 49.195385
v -14.423645 11.932277 49.238159
v -14.011773 11.591547 49.064476
v -13.939501 11.531757 49.055607
v -14.083475 11.650864 49.079212
v -14.154322 11.709474 49.099766
v -13.794382 11.411705 49.055607
v -13.866941 11.471731 49.052647
v -13.722109 11.351915 49.064476
v -13.650407 11.292599 49.079212
v -14.546173 12.033641 49.339077
v -14.657989 12.126143 49.459129
v -14.603535 12.081095 49.39682
v -14.486131 11.98397 49.286118
v -14.709321 12.168609 49.525749
v -13.705066 12.869914 49.286118
v -13.584754 12.756933 49.195385
v -13.645949 12.8144 49.238159
v -13.76187 12.923257 49.339077
v -13.816139 12.974218 49.39682
v -13.867658 13.022597 49.459129
v -13.794382 11.411705 52.049191
v -13.722109 11.351915 52.040325
v -13.916223 13.068203 49.525749
v -13.57956 11.23399 49.099766
v -13.509848 11.176318 49.126053
v -13.441545 11.119812 49.157967
v -13.37492 11.064695 49.195385
v -13.187709 10.909822 49.339077
v -13.130347 10.862369 49.39682
v -13.310237 11.011186 49.238159
v -13.247751 10.959493 49.286118
v -13.024561 10.774854 49.525749
v -12.976553 10.735138 49.596424
v -13.075893 10.81732 49.459129
v -12.592574 11.825214 49.238159
v -12.533458 11.7697 49.286118
v -12.476653 11.716357 49.339077
v -12.932058 10.698329 49.670868
v -12.891253 10.664573 49.748795
v -12.8543 10.634002 49.829887
v -13.324121 12.512182 49.079212
v -13.256285 12.448481 49.064476
v -13.187909 12.384271 49.055607
v -13.119262 12.319807 49.052647
v -13.050614 12.255342 49.055607
v -13.521722 12.697742 49.157967
v -13.457102 12.637059 49.126053
v -13.391148 12.575125 49.099766
v -12.982239 12.191133 49.064476
v -12.914403 12.127432 49.079212
v -12.781423 12.002554 49.126053
v -12.847376 12.064489 49.099766
v -12.716802 11.941872 49.157967
v -12.653769 11.88268 49.195385
v -12.276881 11.528759 49.596424
v -12.422384 11.665395 49.39682
v -12.370866 11.617016 49.459129
v -12.322301 11.571411 49.525749
v -12.234786 11.489229 49.670868
v -12.196182 11.452977 49.748795
v -12.161221 11.420146 49.829887
v -12.13004 11.390865 49.913837
v -12.102763 11.365252 50.000305
v -12.079498 11.343404 50.088951
v -12.060337 11.325411 50.179428
v -12.045355 11.311341 50.271374
v -12.034611 11.301251 50.364429
v -12.028148 11.295182 50.458229
v -12.319807 13.119262 49.052647
v -12.255342 13.050614 49.055607
v -12.127432 12.914403 49.079212
v -12.191133 12.982239 49.064476
v -12.002554 12.781423 49.126053
v -11.941872 12.716802 49.157967
v -11.88268 12.653769 49.195385
v -12.064489 12.847376 49.099766
v -11.825214 12.592574 49.238159
v -11.665395 12.422384 49.39682
v -11.617016 12.370866 49.459129
v -11.571411 12.322301 49.525749
v -11.528759 12.276881 49.596424
v -11.7697 12.533458 49.286118
v -11.716357 12.476653 49.339077
v -11.390865 12.13004 49.913837
v -11.365252 12.102763 50.000305
v -11.489229 12.234786 49.670868
v -11.452977 12.196182 49.748795
v -11.420146 12.161221 49.829887
v -11.343404 12.079498 50.088951
v -11.325411 12.060337 50.179428
v -11.311341 12.045355 50.271374
v -11.301251 12.034611 50.364429
v -13.650407 11.292599 52.025585
v -13.57956 11.23399 52.005035
v -13.441545 11.119812 51.946835
v -13.509848 11.176318 51.978748
v -13.187709 10.909822 51.765724
v -13.130347 10.862369 51.707977
v -13.247751 10.959493 51.818684
v -13.37492 11.064695 51.909416
v -13.310237 11.011186 51.866642
v -12.891253 10.664573 51.356007
v -12.932058 10.698329 51.433933
v -12.976553 10.735138 51.508377
v -13.075893 10.81732 51.645672
v -13.024561 10.774854 51.579052
v -12.533458 11.7697 51.818684
v -12.653769 11.88268 51.909416
v -12.592574 11.825214 51.866642
v -12.982239 12.191133 52.040325
v -12.847376 12.064489 52.005035
v -12.781423 12.002554 51.978748
v -12.914403 12.127432 52.025585
v -13.050614 12.255342 52.049191
v -12.716802 11.941872 51.946835
v -12.02599 11.293157 50.552399
v -12.028148 11.295182 50.646568
v -12.034611 11.301251 50.740368
v -12.045355 11.311341 50.833424
v -12.060337 11.325411 50.925373
v -12.079498 11.343404 51.01585
v -12.102763 11.365252 51.104496
v -12.13004 11.390865 51.190964
v -12.161221 11.420146 51.27491
v -12.234786 11.489229 51.433933
v -12.276881 11.528759 51.508377
v -12.322301 11.571411 51.579052
v -12.370866 11.617016 51.645672
v -12.196182 11.452977 51.356007
v -12.422384 11.665395 51.707977
v -12.476653 11.716357 51.765724
v -11.295182 12.028148 50.458229
v -11.293157 12.02599 50.552399
v -11.295182 12.028148 50.646568
v -11.301251 12.034611 50.740368
v -11.311341 12.045355 50.833424
v -11.325411 12.060337 50.925373
v -11.343404 12.079498 51.01585
v -11.365252 12.102763 51.104496
v -11.390865 12.13004 51.190964
v -12.191133 12.982239 52.040325
v -12.255342 13.050614 52.049191
v -11.88268 12.653769 51.909416
v -11.941872 12.716802 51.946835
v -12.002554 12.781423 51.978748
v -12.127432 12.914403 52.025585
v -12.064489 12.847376 52.005035
v -11.617016 12.370866 51.645672
v -11.420146 12.161221 51.27491
v -11.452977 12.196182 51.356007
v -11.489229 12.234786 51.433933
v -11.528759 12.276881 51.508377
v -11.571411 12.322301 51.579052
v -11.665395 12.422384 51.707977
v -11.716357 12.476653 51.765724
v -11.7697 12.533458 51.818684
v -11.825214 12.592574 51.866642
v -12.974218 13.816139 49.39682
v -13.022597 13.867658 49.459129
v -12.697742 13.521722 49.157967
v -12.575125 13.391148 49.099766
v -12.448481 13.256285 49.064476
v -12.512182 13.324121 49.079212
v -12.637059 13.457102 49.126053
v -12.8144 13.645949 49.238159
v -12.869914 13.705066 49.286118
v -12.923257 13.76187 49.339077
v -12.756933 13.584754 49.195385
v -13.068203 13.916223 49.525749
v -12.384271 13.187909 49.055607
v -11.767144 14.224034 49.126053
v -11.82365 14.292337 49.157967
v -11.878767 14.358962 49.195385
v -11.292599 13.650407 49.079212
v -11.23399 13.57956 49.099766
v -11.591547 14.011773 49.064476
v -11.531757 13.939501 49.055607
v -11.650864 14.083475 49.079212
v -11.709474 14.154322 49.099766
v -11.411705 13.794382 49.055607
v -11.471731 13.866941 49.052647
v -11.351915 13.722109 49.064476
v -12.126143 14.657989 49.459129
v -12.081095 14.603535 49.39682
v -11.98397 14.486131 49.286118
v -11.932277 14.423645 49.238159
v -12.033641 14.546173 49.339077
v -12.168609 14.709321 49.525749
v -11.140291 15.333296 49.39682
v -11.181832 15.390471 49.459129
v -11.351915 13.722109 52.040325
v -11.292599 13.650407 52.025585
v -11.411705 13.794382 52.049191
v -10.774854 13.024561 49.525749
v -10.735138 12.976553 49.596424
v -10.664573 12.891253 49.748795
v -10.698329 12.932058 49.670868
v -10.634002 12.8543 49.829887
v -10.606737 12.821342 49.913837
v -10.582886 12.792511 50.000305
v -10.545788 12.747667 50.179428
v -10.532686 12.731831 50.271374
v -10.523292 12.720474 50.364429
v -10.562543 12.76792 50.088951
v -10.51764 12.713643 50.458229
v -10.515754 12.711363 50.552399
v -10.51764 12.713643 50.646568
v -10.523292 12.720474 50.740368
v -10.532686 12.731831 50.833424
v -10.545788 12.747667 50.925373
v -10.562543 12.76792 51.01585
v -10.582886 12.792511 51.104496
v -10.606737 12.821342 51.190964
v -10.634002 12.8543 51.27491
v -10.664573 12.891253 51.356007
v -10.698329 12.932058 51.433933
v -10.81732 13.075893 51.645672
v -10.735138 12.976553 51.508377
v -10.774854 13.024561 51.579052
v -11.064695 13.37492 49.195385
v -11.176318 13.509848 49.126053
v -11.119812 13.441545 49.157967
v -11.011186 13.310237 49.238159
v -10.959493 13.247751 49.286118
v -10.862369 13.130347 49.39682
v -10.909822 13.187709 49.339077
v -10.81732 13.075893 49.459129
v -10.359154 14.258152 49.099766
v -10.305974 14.184956 49.126053
v -10.253868 14.113239 49.157967
v -10.203044 14.043285 49.195385
v -10.153701 13.97537 49.238159
v -10.016473 13.786491 49.39682
v -10.106033 13.909762 49.286118
v -10.06023 13.84672 49.339077
v -10.85079 14.934832 49.126053
v -10.578382 14.559894 49.052647
v -10.743565 14.787248 49.079212
v -10.79761 14.861635 49.099766
v -10.633734 14.636079 49.055607
v -10.688868 14.711964 49.064476
v -10.902896 15.006548 49.157967
v -10.95372 15.076502 49.195385
v -11.003063 15.144417 49.238159
v -11.050731 15.210026 49.286118
v -11.096534 15.273067 49.339077
v -10.467896 14.407824 49.064476
v -10.52303 14.483708 49.055607
v -10.413199 14.33254 49.079212
v -9.8991499 13.625011 49.596424
v -9.9749317 13.729316 49.459129
v -9.9357729 13.675418 49.525749
v -9.0240946 14.219698 49.596424
v -9.8058901 13.49665 49.829887
v -9.8652077 13.578294 49.670868
v -9.8340797 13.53545 49.748795
v -9.7807484 13.462045 49.913837
v -9.7587547 13.431773 50.000305
v -9.739995 13.405953 50.088951
v -9.7245455 13.384688 50.179428
v -9.7124643 13.36806 50.271374
v -9.7038012 13.356136 50.364429
v -9.6985893 13.348964 50.458229
v -8.9931526 14.170941 49.670868
v -8.9390783 14.085733 49.829887
v -8.964777 14.126227 49.748795
v -8.9161596 14.049619 49.913837
v -8.8961096 14.018025 50.000305
v -8.846014 13.939088 50.364429
v -8.8790092 13.991079 50.088951
v -8.8649244 13.968885 50.179428
v -8.8539114 13.951532 50.271374
v -9.4434357 14.880474 49.099766
v -9.3949566 14.804083 49.126053
v -9.7938652 15.432663 49.079212
v -9.8431339 15.510297 49.099766
v -9.7440033 15.354093 49.064476
v -9.6937437 15.274896 49.055607
v -9.5425663 15.036678 49.064476
v -9.5928259 15.115874 49.055607
v -9.6432848 15.195385 49.052647
v -9.4927034 14.958108 49.079212
v -9.3474569 14.729236 49.157967
v -9.3011255 14.656228 49.195385
v -9.1310463 14.388227 49.39682
v -9.2126904 14.516877 49.286118
v -9.1709366 14.451083 49.339077
v -9.2561436 14.585349 49.238159
v -9.0931778 14.328555 49.459129
v -9.0574808 14.272305 49.525749
v -10.959493 13.247751 51.818684
v -11.064695 13.37492 51.909416
v -11.011186 13.310237 51.866642
v -11.119812 13.441545 51.946835
v -11.176318 13.509848 51.978748
v -11.23399 13.57956 52.005035
v -10.909822 13.187709 51.765724
v -10.862369 13.130347 51.707977
v -10.413199 14.33254 52.025585
v -10.359154 14.258152 52.005035
v -10.06023 13.84672 51.765724
v -10.106033 13.909762 51.818684
v -10.153701 13.97537 51.866642
v -10.253868 14.113239 51.946835
v -10.203044 14.043285 51.909416
v -10.305974 14.184956 51.978748
v -10.467896 14.407824 52.040325
v -10.52303 14.483708 52.049191
v -9.6968498 13.346569 50.552399
v -9.6985893 13.348964 50.646568
v -9.7038012 13.356136 50.740368
v -9.7124643 13.36806 50.833424
v -9.7587547 13.431773 51.104496
v -9.7807484 13.462045 51.190964
v -9.7245455 13.384688 50.925373
v -9.739995 13.405953 51.01585
v -9.8058901 13.49665 51.27491
v -8.8412638 13.931602 50.458229
v -8.846014 13.939088 50.740368
v -8.8539114 13.951532 50.833424
v -8.8649244 13.968885 50.925373
v -8.8790092 13.991079 51.01585
v -8.8961096 14.018025 51.104496
v -8.9161596 14.049619 51.190964
v -9.8340797 13.53545 51.356007
v -9.8652077 13.578294 51.433933
v -9.8991499 13.625011 51.508377
v -9.9357729 13.675418 51.579052
v -9.9749317 13.729316 51.645672
v -10.016473 13.786491 51.707977
v -8.9931526 14.170941 51.433933
v -8.9390783 14.085733 51.27491
v -8.964777 14.126227 51.356007
v -9.0240946 14.219698 51.508377
v -9.0574808 14.272305 51.579052
v -9.4434357 14.880474 52.005035
v -9.5928259 15.115874 52.049191
v -9.4927034 14.958108 52.025585
v -9.5425663 15.036678 52.040325
v -9.0931778 14.328555 51.645672
v -9.1709366 14.451083 51.765724
v -9.2126904 14.516877 51.818684
v -9.2561436 14.585349 51.866642
v -9.3474569 14.729236 51.946835
v -9.3011255 14.656228 51.909416
v -9.3949566 14.804083 51.978748
v -9.1310463 14.388227 51.707977
v -11.220991 15.444369 49.525749
v -9.9391117 15.661534 49.157967
v -10.030425 15.805421 49.238159
v -9.9854441 15.734542 49.195385
v -10.073879 15.873893 49.286118
v -10.115633 15.939687 49.339077
v -10.155523 16.002544 49.39682
v -10.193392 16.062216 49.459129
v -9.891613 15.586688 49.126053
v -10.229089 16.118465 49.525749
v -8.760684 15.935626 49.064476
v -8.8055143 16.017172 49.079212
v -8.8498106 16.097746 49.099766
v -8.8933983 16.177031 49.126053
v -8.9361038 16.254713 49.157967
v -9.0572701 16.475113 49.286118
v -9.0948105 16.5434 49.339077
v -9.1647224 16.670568 49.459129
v -9.1306753 16.608637 49.39682
v -8.9777603 16.330484 49.195385
v -9.0182018 16.404049 49.238159
v -9.1968174 16.728949 49.525749
v -8.490449 15.444069 49.099766
v -8.4041557 15.287103 49.157967
v -8.3624992 15.21133 49.195385
v -8.4468613 15.364784 49.126053
v -8.2454481 14.998415 49.339077
v -8.2095842 14.933178 49.39682
v -8.2829895 15.066701 49.286118
v -8.3220577 15.137767 49.238159
v -8.1434422 14.812866 49.525749
v -8.1134253 14.758266 49.596424
v -8.1755371 14.871246 49.459129
v -8.0856066 14.707664 49.670868
v -8.0600939 14.661256 49.748795
v -8.0369883 14.619228 49.829887
v -8.0163822 14.581745 49.913837
v -7.9983563 14.548956 50.000305
v -7.9829812 14.520988 50.088951
v -7.9703178 14.497954 50.179428
v -7.9604168 14.479944 50.271374
v -7.9533162 14.467029 50.364429
v -7.9490447 14.459258 50.458229
v -7.255722 15.419194 49.39682
v -7.1707363 15.23859 49.596424
v -7.2256312 15.355247 49.459129
v -7.1972651 15.294968 49.525749
v -7.1031804 15.095027 49.829887
v -7.0849686 15.056325 49.913837
v -7.069037 15.022468 50.000305
v -7.1461492 15.18634 49.670868
v -7.123601 15.138423 49.748795
v -7.0554481 14.99359 50.088951
v -7.0442562 14.969807 50.179428
v -7.0355053 14.95121 50.271374
v -7.0292296 14.937874 50.364429
v -7.0254545 14.929852 50.458229
v -8.8396778 13.929103 50.552399
v -8.8412638 13.931602 50.646568
v -7.947619 14.456665 50.552399
v -7.9490447 14.459258 50.646568
v -7.9533162 14.467029 50.740368
v -7.9604168 14.479944 50.833424
v -7.9703178 14.497954 50.925373
v -7.9829812 14.520988 51.01585
v -7.9983563 14.548956 51.104496
v -8.0163822 14.581745 51.190964
v -8.0369883 14.619228 51.27491
v -8.5347443 15.524643 52.025585
v -8.2454481 14.998415 51.765724
v -8.2829895 15.066701 51.818684
v -8.3624992 15.21133 51.909416
v -8.3220577 15.137767 51.866642
v -8.4041557 15.287103 51.946835
v -8.4468613 15.364784 51.978748
v -8.490449 15.444069 52.005035
v -8.0856066 14.707664 51.433933
v -8.0600939 14.661256 51.356007
v -8.1134253 14.758266 51.508377
v -8.1755371 14.871246 51.645672
v -8.1434422 14.812866 51.579052
v -8.2095842 14.933178 51.707977
v -7.0355053 14.95121 50.833424
v -7.0442562 14.969807 50.925373
v -7.0554481 14.99359 51.01585
v -7.069037 15.022468 51.104496
v -7.0849686 15.056325 51.190964
v -7.0241947 14.927174 50.552399
v -7.0254545 14.929852 50.646568
v -7.0292296 14.937874 50.740368
v -7.1031804 15.095027 51.27491
v -7.123601 15.138423 51.356007
v -7.1461492 15.18634 51.433933
v -7.1972651 15.294968 51.579052
v -7.2256312 15.355247 51.645672
v -7.1707363 15.23859 51.508377
v -7.255722 15.419194 51.707977
v -6.090394 15.38258 50.179428
v -6.082828 15.36347 50.271374
v -6.0774026 15.349767 50.364429
v -6.0741386 15.341522 50.458229
v -6.0730491 15.338771 50.552399
v -6.0741386 15.341522 50.646568
v -6.0774026 15.349767 50.740368
v -6.082828 15.36347 50.833424
v -6.090394 15.38258 50.925373
v -6.1000705 15.40702 51.01585
v -8.6247625 15.688385 49.055607
v -8.6701298 15.770907 49.052647
v -8.5795755 15.606189 49.064476
v -8.5347443 15.524643 49.079212
v -8.715497 15.85343 49.055607
v -7.8600845 16.703529 49.126053
v -7.7028537 16.369396 49.055607
v -7.5827246 16.114109 49.064476
v -7.6226621 16.198982 49.055607
v -7.6627579 16.284189 49.052647
v -7.7824125 16.538469 49.079212
v -7.7427907 16.454268 49.064476
v -7.8215618 16.621666 49.099766
v -7.8978286 16.783739 49.157967
v -7.9346447 16.861979 49.195385
v -7.9703879 16.937937 49.238159
v -8.0049171 17.011314 49.286118
v -8.0380955 17.081823 49.339077
v -8.0697927 17.149183 49.39682
v -8.099884 17.213131 49.459129
v -8.1282501 17.273411 49.525749
v -7.3908706 15.7064 49.195385
v -7.4276872 15.784638 49.157967
v -7.4654307 15.864848 49.126053
v -7.5039535 15.946713 49.099766
v -7.5431027 16.029909 49.079212
v -7.3205986 15.557064 49.286118
v -7.3551278 15.630442 49.238159
v -7.2874198 15.486555 49.339077
v -6.3900738 16.139484 49.195385
v -6.4545374 16.302301 49.126053
v -6.4219046 16.219879 49.157967
v -6.5216918 16.471914 49.079212
v -6.5904779 16.645647 49.055607
v -6.5559483 16.558435 49.064476
v -6.487844 16.386423 49.099766
v -6.9209719 17.480379 49.286118
v -6.9496579 17.552832 49.339077
v -6.9770632 17.622049 49.39682
v -7.0030794 17.687759 49.459129
v -6.6598105 16.820763 49.055607
v -6.6943402 16.907974 49.064476
v -6.7957511 17.164108 49.126053
v -6.8283844 17.246531 49.157967
v -6.7285967 16.994495 49.079212
v -6.762445 17.079987 49.099766
v -6.6251445 16.733204 49.052647
v -6.8602152 17.326925 49.195385
v -6.8911185 17.404978 49.238159
v -7.0276046 17.749702 49.525749
v -8.5795755 15.606189 52.040325
v -8.6247625 15.688385 52.049191
v -7.6226621 16.198982 52.049191
v -7.3205986 15.557064 51.818684
v -7.3551278 15.630442 51.866642
v -7.3908706 15.7064 51.909416
v -7.4276872 15.784638 51.946835
v -7.4654307 15.864848 51.978748
v -7.5039535 15.946713 52.005035
v -7.5431027 16.029909 52.025585
v -7.5827246 16.114109 52.040325
v -7.2874198 15.486555 51.765724
v -6.4219046 16.219879 51.946835
v -6.487844 16.386423 52.005035
v -6.4545374 16.302301 51.978748
v -6.5559483 16.558435 52.040325
v -6.5904779 16.645647 52.049191
v -6.5216918 16.471914 52.025585
v -6.1997476 15.658775 49.596424
v -6.2732253 15.844359 49.39682
v -6.3293166 15.98603 49.286118
v -6.300631 15.913577 49.339077
v -6.2472091 15.778649 49.459129
v -6.2226839 15.716706 49.525749
v -6.3591704 16.061432 49.238159
v -5.3640575 16.508871 49.195385
v -5.3907776 16.591108 49.157967
v -5.2889762 16.277796 49.339077
v -5.2659712 16.206993 49.39682
v -5.244132 16.139778 49.459129
v -5.2235451 16.076418 49.525749
v -5.3130565 16.351906 49.286118
v -5.3381166 16.429033 49.238159
v -6.1413393 15.511253 49.829887
v -6.1784897 15.605083 49.670868
v -6.1589947 15.555845 49.748795
v -6.1255937 15.471483 49.913837
v -6.1118193 15.436693 50.000305
v -6.1000705 15.40702 50.088951
v -5.7319913 17.641256 49.157967
v -5.7587113 17.723492 49.195385
v -5.8097129 17.880457 49.286118
v -5.7846527 17.803329 49.238159
v -5.4745431 16.848911 49.079212
v -5.5032992 16.937412 49.064476
v -5.5322843 17.026621 49.055607
v -5.5613847 17.116182 49.052647
v -5.5904846 17.205742 49.055607
v -5.4461293 16.761463 49.099766
v -5.4181709 16.675415 49.126053
v -5.6194701 17.29495 49.064476
v -5.6482263 17.383453 49.079212
v -5.6766396 17.4709 49.099766
v -5.7045979 17.556948 49.126053
v -5.2042913 16.01716 49.596424
v -4.2379346 16.505665 49.39682
v -4.2037907 16.372684 49.525749
v -4.1882958 16.312336 49.596424
v -4.2203588 16.437212 49.459129
v -5.1864467 15.962241 49.670868
v -5.1552615 15.866262 49.829887
v -5.1700816 15.911876 49.748795
v -5.1420436 15.825583 49.913837
v -5.1304808 15.789996 50.000305
v -5.1206188 15.759644 50.088951
v -5.1124959 15.734645 50.179428
v -5.1061449 15.715097 50.271374
v -5.1015902 15.70108 50.364429
v -5.0988503 15.692648 50.458229
v -4.1739349 16.256403 49.670868
v -4.1488376 16.158655 49.829887
v -4.1607647 16.205109 49.748795
v -4.1288948 16.080984 50.000305
v -4.1382003 16.117226 49.913837
v -4.1209579 16.050072 50.088951
v -4.1144209 16.024612 50.179428
v -4.1093097 16.004705 50.271374
v -4.1056442 15.990429 50.364429
v -4.5684309 17.792864 49.099766
v -4.3168721 16.813107 49.195385
v -4.3604217 16.982719 49.126053
v -4.338376 16.896858 49.157967
v -4.3829217 17.070354 49.099766
v -4.4057884 17.159412 49.079212
v -4.2758274 16.653248 49.286118
v -4.2564483 16.577772 49.339077
v -4.2959952 16.731796 49.238159
v -4.4289308 17.249546 49.064476
v -4.4522572 17.340397 49.055607
v -4.4756765 17.431608 49.052647
v -4.4990954 17.522821 49.055607
v -4.5224223 17.613672 49.064476
v -4.5455647 17.703806 49.079212
v -6.1118193 15.436693 51.104496
v -6.1255937 15.471483 51.190964
v -6.1413393 15.511253 51.27491
v -6.1589947 15.555845 51.356007
v -6.1784897 15.605083 51.433933
v -6.1997476 15.658775 51.508377
v -6.2226839 15.716706 51.579052
v -6.2472091 15.778649 51.645672
v -6.2732253 15.844359 51.707977
v -6.300631 15.913577 51.765724
v -6.3293166 15.98603 51.818684
v -6.3591704 16.061432 51.866642
v -6.3900738 16.139484 51.909416
v -5.244132 16.139778 51.645672
v -5.2659712 16.206993 51.707977
v -5.2889762 16.277796 51.765724
v -5.3130565 16.351906 51.818684
v -5.3640575 16.508871 51.909416
v -5.3907776 16.591108 51.946835
v -5.3381166 16.429033 51.866642
v -5.5032992 16.937412 52.040325
v -5.5322843 17.026621 52.049191
v -5.4461293 16.761463 52.005035
v -5.4181709 16.675415 51.978748
v -5.4745431 16.848911 52.025585
v -5.0979357 15.689833 50.552399
v -5.0988503 15.692648 50.646568
v -5.1015902 15.70108 50.740368
v -5.1061449 15.715097 50.833424
v -5.1124959 15.734645 50.925373
v -5.1206188 15.759644 51.01585
v -5.1304808 15.789996 51.104496
v -5.1420436 15.825583 51.190964
v -5.1552615 15.866262 51.27491
v -4.1034393 15.981841 50.458229
v -4.1027036 15.978975 50.552399
v -4.1034393 15.981841 50.646568
v -4.1056442 15.990429 50.740368
v -4.1093097 16.004705 50.833424
v -4.1144209 16.024612 50.925373
v -4.1209579 16.050072 51.01585
v -4.1288948 16.080984 51.104496
v -4.1382003 16.117226 51.190964
v -5.1700816 15.911876 51.356007
v -5.1864467 15.962241 51.433933
v -5.2042913 16.01716 51.508377
v -5.2235451 16.076418 51.579052
v -4.1488376 16.158655 51.27491
v -4.1607647 16.205109 51.356007
v -4.1739349 16.256403 51.433933
v -4.1882958 16.312336 51.508377
v -4.2037907 16.372684 51.579052
v -4.2203588 16.437212 51.645672
v -4.2564483 16.577772 51.765724
v -4.2379346 16.505665 51.707977
v -4.3168721 16.813107 51.909416
v -4.338376 16.896858 51.946835
v -4.3829217 17.070354 52.005035
v -4.3604217 16.982719 51.978748
v -4.4057884 17.159412 52.025585
v -4.4289308 17.249546 52.040325
v -4.2758274 16.653248 51.818684
v -4.2959952 16.731796 51.866642
v -4.4522572 17.340397 52.049191
v -5.8337927 17.954569 49.339077
v -5.8786368 18.092585 49.459129
v -5.8567977 18.02537 49.39682
v -5.8992243 18.155945 49.525749
v -4.5909314 17.880497 49.126053
v -4.612977 17.96636 49.157967
v -4.6344805 18.05011 49.195385
v -4.6553578 18.13142 49.238159
v -4.6949043 18.285446 49.339077
v -4.6755252 18.209969 49.286118
v -4.7134185 18.357553 49.39682
v -4.7309942 18.426006 49.459129
v -4.7475619 18.490534 49.525749
v -3.1449506 16.486408 49.670868
v -3.1350274 16.434389 49.748795
v -3.1260405 16.387278 49.829887
v -3.1180255 16.345263 49.913837
v -3.1110141 16.308508 50.000305
v -3.0934956 16.216671 50.364429
v -3.1050339 16.277159 50.088951
v -3.1001084 16.251337 50.179428
v -3.0962572 16.23115 50.271374
v -3.3899508 17.770744 49.055607
v -3.2688527 17.135925 49.157967
v -3.2526503 17.050989 49.195385
v -3.2071223 16.812325 49.339077
v -3.1931727 16.739197 49.39682
v -3.1674461 16.604334 49.525749
v -3.1799297 16.669775 49.459129
v -3.1557713 16.543131 49.596424
v -3.221724 16.888868 49.286118
v -3.2369199 16.968529 49.238159
v -3.3024168 17.311874 49.099766
v -3.2854633 17.223001 49.126053
v -3.3196461 17.402193 49.079212
v -3.3370831 17.493603 49.064476
v -3.3546593 17.585739 49.055607
v -3.3723049 17.678242 49.052647
v -3.0918341 16.207962 50.458229
v -2.0808556 16.471668 50.000305
v -2.0768557 16.440004 50.088951
v -2.0735612 16.413927 50.179428
v -2.0709853 16.393536 50.271374
v -2.0691381 16.378914 50.364429
v -2.0680268 16.370117 50.458229
v -2.2088785 17.485075 49.099766
v -2.2204027 17.576298 49.079212
v -2.2320657 17.668619 49.064476
v -2.1186013 16.770456 49.525749
v -2.1107922 16.708641 49.596424
v -2.1358087 16.906668 49.39682
v -2.1549058 17.057837 49.286118
v -2.1451392 16.980526 49.339077
v -2.126951 16.836552 49.459129
v -2.1755912 17.221579 49.195385
v -2.1864285 17.307365 49.157967
v -2.1975391 17.395311 49.126053
v -2.1650698 17.138292 49.238159
v -2.1035547 16.65135 49.670868
v -2.0909064 16.551228 49.829887
v -2.0969174 16.59881 49.748795
v -2.0855453 16.508791 49.913837
v -3.0912795 16.205055 50.552399
v -3.0918341 16.207962 50.646568
v -3.0934956 16.216671 50.740368
v -3.0962572 16.23115 50.833424
v -3.1001084 16.251337 50.925373
v -3.1050339 16.277159 51.01585
v -3.1110141 16.308508 51.104496
v -3.1180255 16.345263 51.190964
v -3.1449506 16.486408 51.433933
v -3.1557713 16.543131 51.508377
v -3.1260405 16.387278 51.27491
v -3.1350274 16.434389 51.356007
v -3.1674461 16.604334 51.579052
v -3.1799297 16.669775 51.645672
v -3.2071223 16.812325 51.765724
v -3.1931727 16.739197 51.707977
v -3.221724 16.888868 51.818684
v -3.2688527 17.135925 51.946835
v -3.2369199 16.968529 51.866642
v -3.2526503 17.050989 51.909416
v -3.2854633 17.223001 51.978748
v -3.3024168 17.311874 52.005035
v -3.3370831 17.493603 52.040325
v -3.3196461 17.402193 52.025585
v -3.3546593 17.585739 52.049191
v -2.0676558 16.367182 50.552399
v -2.0680268 16.370117 50.646568
v -2.0691381 16.378914 50.740368
v -2.0709853 16.393536 50.833424
v -2.0735612 16.413927 50.925373
v -2.0768557 16.440004 51.01585
v -2.0808556 16.471668 51.104496
v -2.0855453 16.508791 51.190964
v -2.0909064 16.551228 51.27491
v -2.2204027 17.576298 52.025585
v -2.2320657 17.668619 52.040325
v -2.2438219 17.761679 52.049191
v -2.0969174 16.59881 51.356007
v -2.1035547 16.65135 51.433933
v -2.1107922 16.708641 51.508377
v -2.1186013 16.770456 51.579052
v -2.126951 16.836552 51.645672
v -2.1358087 16.906668 51.707977
v -2.1451392 16.980526 51.765724
v -2.1549058 17.057837 51.818684
v -2.1650698 17.138292 51.866642
v -2.1755912 17.221579 51.909416
v -2.1864285 17.307365 51.946835
v -2.1975391 17.395311 51.978748
v -2.2088785 17.485075 52.005035
v -3.4075267 17.862881 49.064476
v -3.424964 17.954288 49.079212
v -3.442193 18.044609 49.099766
v -3.4591465 18.133482 49.126053
v -3.4757574 18.220558 49.157967
v -3.50769 18.387955 49.238159
v -3.4919598 18.305494 49.195385
v -3.5228858 18.467615 49.286118
v -3.5374875 18.544159 49.339077
v -3.5646801 18.686707 49.459129
v -3.5514374 18.617287 49.39682
v -3.5771637 18.75215 49.525749
v -2.2438219 17.761679 49.055607
v -2.2556245 17.855106 49.052647
v -2.2674272 17.948534 49.055607
v -2.2791831 18.041594 49.064476
v -2.2908463 18.133917 49.079212
v -2.3023703 18.225138 49.099766
v -2.31371 18.314901 49.126053
v -2.3248205 18.402849 49.157967
v -2.3356576 18.488634 49.195385
v -2.346179 18.57192 49.238159
v -2.3563433 18.652376 49.286118
v -2.3661098 18.729687 49.339077
v -2.3754404 18.803545 49.39682
v -2.3842978 18.873661 49.459129
v -2.3926477 18.939758 49.525749
v -1.0700158 17.007414 49.39682
v -1.061395 16.87039 49.525749
v -1.0655782 16.93688 49.459129
v -1.0899464 17.324202 49.195385
v -1.0953758 17.4105 49.157967
v -1.1009419 17.498972 49.126053
v -1.1066229 17.589268 49.099766
v -1.1123964 17.681034 49.079212
v -1.0795833 17.159485 49.286118
v -1.0746903 17.081713 49.339077
v -1.0846753 17.240419 49.238159
v -1.0574827 16.808207 49.596424
v -1.0538568 16.750576 49.670868
v -1.0475202 16.649857 49.829887
v -1.0505316 16.697721 49.748795
v -1.0424849 16.569822 50.000305
v -1.0448344 16.607168 49.913837
v -1.040481 16.537971 50.088951
v -1.0388305 16.511738 50.179428
v -1.03754 16.491226 50.271374
v -1.0366145 16.476517 50.364429
v -1.0360578 16.467667 50.458229
v 0 16.84144 49.596424
v 0 16.903746 49.525749
v 0 16.970367 49.459129
v 0 17.624044 49.099766
v 0 17.533569 49.126053
v 0 17.358456 49.195385
v 0 17.444923 49.157967
v 0 17.04104 49.39682
v 0 17.115486 49.339077
v 0 17.193411 49.286118
v 0 17.274508 49.238159
v 0 16.682775 49.829887
v 0 16.640003 49.913837
v 0 16.602585 50.000305
v 0 16.783693 49.670868
v 0 16.730736 49.748795
v 0 16.544384 50.179428
v 0 16.570669 50.088951
v 0 16.523832 50.271374
v 0 16.509092 50.364429
v 0 16.500227 50.458229
v -1.035872 16.464714 50.552399
v -1.0360578 16.467667 50.646568
v -1.0366145 16.476517 50.740368
v -1.03754 16.491226 50.833424
v -1.0388305 16.511738 50.925373
v -1.040481 16.537971 51.01585
v -1.0424849 16.569822 51.104496
v -1.0448344 16.607168 51.190964
v -1.0475202 16.649857 51.27491
v -1.0655782 16.93688 51.645672
v -1.0700158 17.007414 51.707977
v -1.0746903 17.081713 51.765724
v -1.0795833 17.159485 51.818684
v -1.0846753 17.240419 51.866642
v -1.0899464 17.324202 51.909416
v -1.0953758 17.4105 51.946835
v -1.1009419 17.498972 51.978748
v -1.1066229 17.589268 52.005035
v -1.1123964 17.681034 52.025585
v -1.0505316 16.697721 51.356007
v -1.0538568 16.750576 51.433933
v -1.0574827 16.808207 51.508377
v -1.061395 16.87039 51.579052
v 0 16.497267 50.552399
v 0 16.500227 50.646568
v 0 16.509092 50.740368
v 0 16.523832 50.833424
v 0 16.544384 50.925373
v 0 16.570669 51.01585
v 0 16.602585 51.104496
v 0 16.640003 51.190964
v 0 16.682775 51.27491
v 0 16.730736 51.356007
v 0 16.783693 51.433933
v 0 16.84144 51.508377
v 0 16.903746 51.579052
v 0 16.970367 51.645672
v 0 17.04104 51.707977
v 0 17.115486 51.765724
v 0 17.193411 51.818684
v 0 17.274508 51.866642
v 0 17.358456 51.909416
v 0 17.624044 52.005035
v 0 17.444923 51.946835
v 0 17.533569 51.978748
v 0 17.715994 52.025585
v -1.1182395 17.773907 49.064476
v -1.1241292 17.867521 49.055607
v -1.1300421 17.961506 49.052647
v -1.1476879 18.241976 49.079212
v -1.1359551 18.05549 49.055607
v -1.1418447 18.149103 49.064476
v -1.1534613 18.333742 49.099766
v -1.1591424 18.42404 49.126053
v -1.1647085 18.512512 49.157967
v -1.1701379 18.598808 49.195385
v -1.175409 18.68259 49.238159
v -1.180501 18.763527 49.286118
v -1.1853939 18.841297 49.339077
v -1.1900685 18.915596 49.39682
v -1.194506 18.98613 49.459129
v -1.1986892 19.05262 49.525749
v 0 17.715994 49.079212
v 0 17.80905 49.064476
v 0 17.902847 49.055607
v 0 17.997019 49.052647
v 0 18.091188 49.055607
v 0 18.184988 49.064476
v 0 18.278044 49.079212
v 0 18.369991 49.099766
v 0 18.460466 49.126053
v 0 18.549114 49.157967
v 0 18.635582 49.195385
v 0 18.71953 49.238159
v 0 18.800625 49.286118
v 0 18.87855 49.339077
v 0 18.952995 49.39682
v 0 19.023668 49.459129
v 0 19.09029 49.525749
v -1.1182395 17.773907 52.040325
v -1.1241292 17.867521 52.049191
v 0 17.80905 52.040325
v 0 17.902847 52.049191
v 1.1986892 -19.05262 49.525749
v 1.194506 -18.98613 49.459129
v 1.1900685 -18.915596 49.39682
v 1.1701379 -18.598808 49.195385
v 1.1647085 -18.512512 49.157967
v 1.1534613 -18.333742 49.099766
v 1.1591424 -18.42404 49.126053
v 1.180501 -18.763527 49.286118
v 1.1853939 -18.841297 49.339077
v 1.175409 -18.68259 49.238159
v 1.1476879 -18.241976 49.079212
v 1.1418447 -18.149103 49.064476
v 1.1359551 -18.05549 49.055607
v 1.1300421 -17.961506 49.052647
v 1.1241292 -17.867521 49.055607
v 1.1182395 -17.773907 49.064476
v 1.1123964 -17.681034 49.079212
v 2.3842978 -18.873661 49.459129
v 2.3926477 -18.939758 49.525749
v 2.3356576 -18.488634 49.195385
v 2.3248205 -18.402849 49.157967
v 2.31371 -18.314901 49.126053
v 2.3754404 -18.803545 49.39682
v 2.3661098 -18.729687 49.339077
v 2.3563433 -18.652376 49.286118
v 2.346179 -18.57192 49.238159
v 2.3023703 -18.225138 49.099766
v 2.2908463 -18.133917 49.079212
v 2.2791831 -18.041594 49.064476
v 2.2674272 -17.948534 49.055607
v 2.2556245 -17.855106 49.052647
v 2.2438219 -17.761679 49.055607
v 2.2320657 -17.668619 49.064476
v 1.1241292 -17.867521 52.049191
v 1.1182395 -17.773907 52.040325
v 1.1123964 -17.681034 52.025585
v 1.1066229 -17.589268 52.005035
v 2.2438219 -17.761679 52.049191
v 2.2320657 -17.668619 52.040325
v 2.2204027 -17.576298 52.025585
v 1.1066229 -17.589268 49.099766
v 1.1009419 -17.498972 49.126053
v 1.0953758 -17.4105 49.157967
v 1.0899464 -17.324202 49.195385
v 1.0846753 -17.240419 49.238159
v 1.0795833 -17.159485 49.286118
v 1.0746903 -17.081713 49.339077
v 1.0700158 -17.007414 49.39682
v 1.0655782 -16.93688 49.459129
v 1.061395 -16.87039 49.525749
v 1.0574827 -16.808207 49.596424
v 1.0538568 -16.750576 49.670868
v 1.0505316 -16.697721 49.748795
v 1.0475202 -16.649857 49.829887
v 1.0448344 -16.607168 49.913837
v 1.0424849 -16.569822 50.000305
v 1.040481 -16.537971 50.088951
v 1.0388305 -16.511738 50.179428
v 1.03754 -16.491226 50.271374
v 1.0366145 -16.476517 50.364429
v 2.1975391 -17.395311 49.126053
v 2.1864285 -17.307365 49.157967
v 2.2204027 -17.576298 49.079212
v 2.2088785 -17.485075 49.099766
v 2.1755912 -17.221579 49.195385
v 2.1650698 -17.138292 49.238159
v 2.1549058 -17.057837 49.286118
v 2.1451392 -16.980526 49.339077
v 2.1358087 -16.906668 49.39682
v 2.126951 -16.836552 49.459129
v 2.1186013 -16.770456 49.525749
v 2.1107922 -16.708641 49.596424
v 2.1035547 -16.65135 49.670868
v 2.0969174 -16.59881 49.748795
v 2.0909064 -16.551228 49.829887
v 2.0855453 -16.508791 49.913837
v 2.0808556 -16.471668 50.000305
v 2.0768557 -16.440004 50.088951
v 2.0735612 -16.413927 50.179428
v 2.0709853 -16.393536 50.271374
v 1.0360578 -16.467667 50.458229
v 2.0691381 -16.378914 50.364429
v 1.035872 -16.464714 50.552399
v 1.0360578 -16.467667 50.646568
v 1.0366145 -16.476517 50.740368
v 1.03754 -16.491226 50.833424
v 1.0388305 -16.511738 50.925373
v 1.040481 -16.537971 51.01585
v 1.0424849 -16.569822 51.104496
v 1.0448344 -16.607168 51.190964
v 1.1009419 -17.498972 51.978748
v 1.0899464 -17.324202 51.909416
v 1.0953758 -17.4105 51.946835
v 1.0795833 -17.159485 51.818684
v 1.0700158 -17.007414 51.707977
v 1.0746903 -17.081713 51.765724
v 1.0846753 -17.240419 51.866642
v 1.0505316 -16.697721 51.356007
v 1.061395 -16.87039 51.579052
v 1.0538568 -16.750576 51.433933
v 1.0574827 -16.808207 51.508377
v 1.0475202 -16.649857 51.27491
v 1.0655782 -16.93688 51.645672
v 2.0680268 -16.370117 50.458229
v 2.0676558 -16.367182 50.552399
v 2.0680268 -16.370117 50.646568
v 2.0691381 -16.378914 50.740368
v 2.0709853 -16.393536 50.833424
v 2.0735612 -16.413927 50.925373
v 2.0855453 -16.508791 51.190964
v 2.0768557 -16.440004 51.01585
v 2.0808556 -16.471668 51.104496
v 2.1975391 -17.395311 51.978748
v 2.1864285 -17.307365 51.946835
v 2.1549058 -17.057837 51.818684
v 2.1451392 -16.980526 51.765724
v 2.1755912 -17.221579 51.909416
v 2.1650698 -17.138292 51.866642
v 2.2088785 -17.485075 52.005035
v 2.1107922 -16.708641 51.508377
v 2.1035547 -16.65135 51.433933
v 2.1186013 -16.770456 51.579052
v 2.0909064 -16.551228 51.27491
v 2.0969174 -16.59881 51.356007
v 2.1358087 -16.906668 51.707977
v 2.126951 -16.836552 51.645672
v 3.4919598 -18.305494 49.195385
v 3.4757574 -18.220558 49.157967
v 3.5514374 -18.617287 49.39682
v 3.5374875 -18.544159 49.339077
v 3.5771637 -18.75215 49.525749
v 3.5646801 -18.686707 49.459129
v 3.5228858 -18.467615 49.286118
v 3.50769 -18.387955 49.238159
v 3.3899508 -17.770744 49.055607
v 3.3723049 -17.678242 49.052647
v 3.3546593 -17.585739 49.055607
v 3.442193 -18.044609 49.099766
v 3.4591465 -18.133482 49.126053
v 3.424964 -17.954288 49.079212
v 3.4075267 -17.862881 49.064476
v 4.7475619 -18.490534 49.525749
v 4.7134185 -18.357553 49.39682
v 4.6755252 -18.209969 49.286118
v 4.6949043 -18.285446 49.339077
v 4.7309942 -18.426006 49.459129
v 4.5684309 -17.792864 49.099766
v 4.5455647 -17.703806 49.079212
v 4.5224223 -17.613672 49.064476
v 4.4990954 -17.522821 49.055607
v 4.6344805 -18.05011 49.195385
v 4.612977 -17.96636 49.157967
v 4.5909314 -17.880497 49.126053
v 4.6553578 -18.13142 49.238159
v 3.3546593 -17.585739 52.049191
v 3.3370831 -17.493603 49.064476
v 3.3196461 -17.402193 49.079212
v 3.3024168 -17.311874 49.099766
v 3.2854633 -17.223001 49.126053
v 3.2688527 -17.135925 49.157967
v 3.2526503 -17.050989 49.195385
v 3.2369199 -16.968529 49.238159
v 3.2071223 -16.812325 49.339077
v 3.221724 -16.888868 49.286118
v 3.1931727 -16.739197 49.39682
v 3.1799297 -16.669775 49.459129
v 3.1674461 -16.604334 49.525749
v 3.1557713 -16.543131 49.596424
v 4.2203588 -16.437212 49.459129
v 4.2037907 -16.372684 49.525749
v 3.1449506 -16.486408 49.670868
v 3.1350274 -16.434389 49.748795
v 3.1260405 -16.387278 49.829887
v 3.1180255 -16.345263 49.913837
v 3.1110141 -16.308508 50.000305
v 4.1882958 -16.312336 49.596424
v 3.1050339 -16.277159 50.088951
v 3.1001084 -16.251337 50.179428
v 3.0962572 -16.23115 50.271374
v 3.0934956 -16.216671 50.364429
v 4.1739349 -16.256403 49.670868
v 4.1607647 -16.205109 49.748795
v 4.1488376 -16.158655 49.829887
v 4.1382003 -16.117226 49.913837
v 4.1288948 -16.080984 50.000305
v 4.1209579 -16.050072 50.088951
v 4.1144209 -16.024612 50.179428
v 4.1093097 -16.004705 50.271374
v 3.0918341 -16.207962 50.458229
v 4.1056442 -15.990429 50.364429
v 4.4756765 -17.431608 49.052647
v 4.4522572 -17.340397 49.055607
v 4.4289308 -17.249546 49.064476
v 4.4057884 -17.159412 49.079212
v 4.3829217 -17.070354 49.099766
v 4.3604217 -16.982719 49.126053
v 4.338376 -16.896858 49.157967
v 4.3168721 -16.813107 49.195385
v 4.2959952 -16.731796 49.238159
v 4.2758274 -16.653248 49.286118
v 4.2564483 -16.577772 49.339077
v 4.2379346 -16.505665 49.39682
v 5.4181709 -16.675415 49.126053
v 5.3907776 -16.591108 49.157967
v 5.3640575 -16.508871 49.195385
v 5.3381166 -16.429033 49.238159
v 5.3130565 -16.351906 49.286118
v 5.2889762 -16.277796 49.339077
v 5.244132 -16.139778 49.459129
v 5.2235451 -16.076418 49.525749
v 5.2659712 -16.206993 49.39682
v 5.2042913 -16.01716 49.596424
v 5.1864467 -15.962241 49.670868
v 5.1700816 -15.911876 49.748795
v 5.1552615 -15.866262 49.829887
v 5.1420436 -15.825583 49.913837
v 5.1304808 -15.789996 50.000305
v 5.1206188 -15.759644 50.088951
v 5.1124959 -15.734645 50.179428
v 5.1061449 -15.715097 50.271374
v 4.1034393 -15.981841 50.458229
v 5.1015902 -15.70108 50.364429
v 3.1050339 -16.277159 51.01585
v 3.1110141 -16.308508 51.104496
v 3.1180255 -16.345263 51.190964
v 3.3370831 -17.493603 52.040325
v 3.3196461 -17.402193 52.025585
v 3.2854633 -17.223001 51.978748
v 3.3024168 -17.311874 52.005035
v 3.221724 -16.888868 51.818684
v 3.2526503 -17.050989 51.909416
v 3.2688527 -17.135925 51.946835
v 3.2369199 -16.968529 51.866642
v 3.1674461 -16.604334 51.579052
v 3.1350274 -16.434389 51.356007
v 3.1260405 -16.387278 51.27491
v 3.1557713 -16.543131 51.508377
v 3.1449506 -16.486408 51.433933
v 3.1799297 -16.669775 51.645672
v 3.1931727 -16.739197 51.707977
v 3.2071223 -16.812325 51.765724
v 4.1882958 -16.312336 51.508377
v 4.1739349 -16.256403 51.433933
v 4.2037907 -16.372684 51.579052
v 3.0912795 -16.205055 50.552399
v 3.0918341 -16.207962 50.646568
v 3.0934956 -16.216671 50.740368
v 3.0962572 -16.23115 50.833424
v 3.1001084 -16.251337 50.925373
v 4.1027036 -15.978975 50.552399
v 4.1034393 -15.981841 50.646568
v 4.1056442 -15.990429 50.740368
v 4.1093097 -16.004705 50.833424
v 4.1144209 -16.024612 50.925373
v 4.1288948 -16.080984 51.104496
v 4.1382003 -16.117226 51.190964
v 4.1209579 -16.050072 51.01585
v 4.1488376 -16.158655 51.27491
v 4.1607647 -16.205109 51.356007
v 4.4522572 -17.340397 52.049191
v 4.4289308 -17.249546 52.040325
v 4.4057884 -17.159412 52.025585
v 4.3829217 -17.070354 52.005035
v 4.3604217 -16.982719 51.978748
v 4.338376 -16.896858 51.946835
v 4.2203588 -16.437212 51.645672
v 4.2758274 -16.653248 51.818684
v 4.2564483 -16.577772 51.765724
v 4.2959952 -16.731796 51.866642
v 4.3168721 -16.813107 51.909416
v 4.2379346 -16.505665 51.707977
v 5.3640575 -16.508871 51.909416
v 5.3907776 -16.591108 51.946835
v 5.3130565 -16.351906 51.818684
v 5.2659712 -16.206993 51.707977
v 5.2889762 -16.277796 51.765724
v 5.3381166 -16.429033 51.866642
v 5.0988503 -15.692648 50.458229
v 5.0979357 -15.689833 50.552399
v 5.0988503 -15.692648 50.646568
v 5.1015902 -15.70108 50.740368
v 5.1124959 -15.734645 50.925373
v 5.1061449 -15.715097 50.833424
v 5.1206188 -15.759644 51.01585
v 5.1304808 -15.789996 51.104496
v 5.1420436 -15.825583 51.190964
v 5.1700816 -15.911876 51.356007
v 5.2235451 -16.076418 51.579052
v 5.1864467 -15.962241 51.433933
v 5.2042913 -16.01716 51.508377
v 5.1552615 -15.866262 51.27491
v 5.244132 -16.139778 51.645672
v 5.8786368 -18.092585 49.459129
v 5.8992243 -18.155945 49.525749
v 5.7319913 -17.641256 49.157967
v 5.7045979 -17.556948 49.126053
v 5.7587113 -17.723492 49.195385
v 5.8337927 -17.954569 49.339077
v 5.8567977 -18.02537 49.39682
v 5.8097129 -17.880457 49.286118
v 5.7846527 -17.803329 49.238159
v 6.9209719 -17.480379 49.286118
v 7.0276046 -17.749702 49.525749
v 6.9770632 -17.622049 49.39682
v 6.9496579 -17.552832 49.339077
v 7.0030794 -17.687759 49.459129
v 5.6482263 -17.383453 49.079212
v 5.6766396 -17.4709 49.099766
v 5.6194701 -17.29495 49.064476
v 5.5904846 -17.205742 49.055607
v 5.5613847 -17.116182 49.052647
v 5.5322843 -17.026621 49.055607
v 5.5032992 -16.937412 49.064476
v 5.4745431 -16.848911 49.079212
v 5.4461293 -16.761463 49.099766
v 6.5904779 -16.645647 49.055607
v 6.5559483 -16.558435 49.064476
v 6.4219046 -16.219879 49.157967
v 6.5216918 -16.471914 49.079212
v 6.487844 -16.386423 49.099766
v 6.4545374 -16.302301 49.126053
v 6.2472091 -15.778649 49.459129
v 6.2226839 -15.716706 49.525749
v 6.3900738 -16.139484 49.195385
v 6.3591704 -16.061432 49.238159
v 6.3293166 -15.98603 49.286118
v 6.300631 -15.913577 49.339077
v 6.2732253 -15.844359 49.39682
v 6.1997476 -15.658775 49.596424
v 6.1784897 -15.605083 49.670868
v 6.1589947 -15.555845 49.748795
v 6.1413393 -15.511253 49.829887
v 6.1255937 -15.471483 49.913837
v 6.1118193 -15.436693 50.000305
v 6.090394 -15.38258 50.179428
v 6.1000705 -15.40702 50.088951
v 6.082828 -15.36347 50.271374
v 6.0774026 -15.349767 50.364429
v 6.8602152 -17.326925 49.195385
v 6.8283844 -17.246531 49.157967
v 6.7957511 -17.164108 49.126053
v 6.762445 -17.079987 49.099766
v 6.7285967 -16.994495 49.079212
v 6.6598105 -16.820763 49.055607
v 6.6943402 -16.907974 49.064476
v 6.8911185 -17.404978 49.238159
v 6.6251445 -16.733204 49.052647
v 7.7427907 -16.454268 49.064476
v 7.6627579 -16.284189 49.052647
v 7.7028537 -16.369396 49.055607
v 7.6226621 -16.198982 49.055607
v 7.4276872 -15.784638 49.157967
v 7.5827246 -16.114109 49.064476
v 7.5431027 -16.029909 49.079212
v 7.5039535 -15.946713 49.099766
v 7.4654307 -15.864848 49.126053
v 7.3908706 -15.7064 49.195385
v 7.3551278 -15.630442 49.238159
v 7.3205986 -15.557064 49.286118
v 7.2874198 -15.486555 49.339077
v 7.255722 -15.419194 49.39682
v 7.2256312 -15.355247 49.459129
v 7.1972651 -15.294968 49.525749
v 7.1707363 -15.23859 49.596424
v 7.1031804 -15.095027 49.829887
v 7.0849686 -15.056325 49.913837
v 7.069037 -15.022468 50.000305
v 7.0554481 -14.99359 50.088951
v 7.0442562 -14.969807 50.179428
v 7.0355053 -14.95121 50.271374
v 6.0741386 -15.341522 50.458229
v 7.0292296 -14.937874 50.364429
v 7.1461492 -15.18634 49.670868
v 7.123601 -15.138423 49.748795
v 5.5322843 -17.026621 52.049191
v 5.4745431 -16.848911 52.025585
v 5.5032992 -16.937412 52.040325
v 5.4461293 -16.761463 52.005035
v 5.4181709 -16.675415 51.978748
v 6.5559483 -16.558435 52.040325
v 6.5216918 -16.471914 52.025585
v 6.3900738 -16.139484 51.909416
v 6.487844 -16.386423 52.005035
v 6.4545374 -16.302301 51.978748
v 6.4219046 -16.219879 51.946835
v 6.0730491 -15.338771 50.552399
v 6.0741386 -15.341522 50.646568
v 6.0774026 -15.349767 50.740368
v 6.082828 -15.36347 50.833424
v 6.090394 -15.38258 50.925373
v 6.1000705 -15.40702 51.01585
v 6.1118193 -15.436693 51.104496
v 6.1255937 -15.471483 51.190964
v 6.1589947 -15.555845 51.356007
v 6.2226839 -15.716706 51.579052
v 6.1784897 -15.605083 51.433933
v 6.1997476 -15.658775 51.508377
v 6.2472091 -15.778649 51.645672
v 6.3293166 -15.98603 51.818684
v 6.2732253 -15.844359 51.707977
v 6.300631 -15.913577 51.765724
v 6.3591704 -16.061432 51.866642
v 6.1413393 -15.511253 51.27491
v 6.5904779 -16.645647 52.049191
v 7.5827246 -16.114109 52.040325
v 7.6226621 -16.198982 52.049191
v 7.0254545 -14.929852 50.458229
v 7.0241947 -14.927174 50.552399
v 7.0254545 -14.929852 50.646568
v 7.0292296 -14.937874 50.740368
v 7.0355053 -14.95121 50.833424
v 7.0442562 -14.969807 50.925373
v 7.069037 -15.022468 51.104496
v 7.0849686 -15.056325 51.190964
v 7.0554481 -14.99359 51.01585
v 7.1031804 -15.095027 51.27491
v 7.3205986 -15.557064 51.818684
v 7.2874198 -15.486555 51.765724
v 7.3908706 -15.7064 51.909416
v 7.3551278 -15.630442 51.866642
v 7.5039535 -15.946713 52.005035
v 7.5431027 -16.029909 52.025585
v 7.4654307 -15.864848 51.978748
v 7.4276872 -15.784638 51.946835
v 7.1707363 -15.23859 51.508377
v 7.1461492 -15.18634 51.433933
v 7.1972651 -15.294968 51.579052
v 7.123601 -15.138423 51.356007
v 7.2256312 -15.355247 51.645672
v 7.255722 -15.419194 51.707977
v 7.8978286 -16.783739 49.157967
v 7.9346447 -16.861979 49.195385
v 8.0697927 -17.149183 49.39682
v 8.0380955 -17.081823 49.339077
v 8.0049171 -17.011314 49.286118
v 7.9703879 -16.937937 49.238159
v 8.099884 -17.213131 49.459129
v 8.1282501 -17.273411 49.525749
v 7.8215618 -16.621666 49.099766
v 7.8600845 -16.703529 49.126053
v 7.7824125 -16.538469 49.079212
v 8.9361038 -16.254713 49.157967
v 8.8498106 -16.097746 49.099766
v 8.8933983 -16.177031 49.126053
v 8.2829895 -15.066701 49.286118
v 8.2454481 -14.998415 49.339077
v 8.2095842 -14.933178 49.39682
v 8.1755371 -14.871246 49.459129
v 8.5347443 -15.524643 49.079212
v 8.5795755 -15.606189 49.064476
v 8.760684 -15.935626 49.064476
v 8.6701298 -15.770907 49.052647
v 8.715497 -15.85343 49.055607
v 8.8055143 -16.017172 49.079212
v 8.6247625 -15.688385 49.055607
v 8.4468613 -15.364784 49.126053
v 8.4041557 -15.287103 49.157967
v 8.490449 -15.444069 49.099766
v 8.3624992 -15.21133 49.195385
v 8.3220577 -15.137767 49.238159
v 9.1968174 -16.728949 49.525749
v 8.9777603 -16.330484 49.195385
v 9.0948105 -16.5434 49.339077
v 9.0182018 -16.404049 49.238159
v 9.0572701 -16.475113 49.286118
v 9.1306753 -16.608637 49.39682
v 9.1647224 -16.670568 49.459129
v 9.3949566 -14.804083 49.126053
v 9.4434357 -14.880474 49.099766
v 9.9854441 -15.734542 49.195385
v 9.9391117 -15.661534 49.157967
v 9.891613 -15.586688 49.126053
v 9.8431339 -15.510297 49.099766
v 9.7938652 -15.432663 49.079212
v 10.073879 -15.873893 49.286118
v 10.030425 -15.805421 49.238159
v 9.5928259 -15.115874 49.055607
v 9.6937437 -15.274896 49.055607
v 9.7440033 -15.354093 49.064476
v 9.6432848 -15.195385 49.052647
v 9.5425663 -15.036678 49.064476
v 9.4927034 -14.958108 49.079212
v 8.1434422 -14.812866 51.579052
v 8.2454481 -14.998415 51.765724
v 8.1755371 -14.871246 51.645672
v 8.2095842 -14.933178 51.707977
v 8.5795755 -15.606189 52.040325
v 8.490449 -15.444069 52.005035
v 8.5347443 -15.524643 52.025585
v 8.6247625 -15.688385 52.049191
v 8.4041557 -15.287103 51.946835
v 8.3220577 -15.137767 51.866642
v 8.3624992 -15.21133 51.909416
v 8.4468613 -15.364784 51.978748
v 8.2829895 -15.066701 51.818684
v 9.4434357 -14.880474 52.005035
v 9.3949566 -14.804083 51.978748
v 9.5928259 -15.115874 52.049191
v 9.4927034 -14.958108 52.025585
v 9.5425663 -15.036678 52.040325
v 8.1434422 -14.812866 49.525749
v 8.1134253 -14.758266 49.596424
v 8.0856066 -14.707664 49.670868
v 8.0600939 -14.661256 49.748795
v 8.0369883 -14.619228 49.829887
v 8.0163822 -14.581745 49.913837
v 7.9703178 -14.497954 50.179428
v 7.9604168 -14.479944 50.271374
v 7.9533162 -14.467029 50.364429
v 7.9983563 -14.548956 50.000305
v 7.9829812 -14.520988 50.088951
v 9.3474569 -14.729236 49.157967
v 9.1310463 -14.388227 49.39682
v 9.0931778 -14.328555 49.459129
v 9.0574808 -14.272305 49.525749
v 9.3011255 -14.656228 49.195385
v 9.2126904 -14.516877 49.286118
v 9.2561436 -14.585349 49.238159
v 9.1709366 -14.451083 49.339077
v 9.0240946 -14.219698 49.596424
v 10.016473 -13.786491 49.39682
v 9.9749317 -13.729316 49.459129
v 9.9357729 -13.675418 49.525749
v 8.9931526 -14.170941 49.670868
v 8.964777 -14.126227 49.748795
v 8.9390783 -14.085733 49.829887
v 8.9161596 -14.049619 49.913837
v 8.8961096 -14.018025 50.000305
v 8.8790092 -13.991079 50.088951
v 8.8649244 -13.968885 50.179428
v 8.8539114 -13.951532 50.271374
v 7.9490447 -14.459258 50.458229
v 8.846014 -13.939088 50.364429
v 9.8340797 -13.53545 49.748795
v 9.8991499 -13.625011 49.596424
v 9.8652077 -13.578294 49.670868
v 9.8058901 -13.49665 49.829887
v 9.7807484 -13.462045 49.913837
v 9.7587547 -13.431773 50.000305
v 9.739995 -13.405953 50.088951
v 9.7245455 -13.384688 50.179428
v 9.7124643 -13.36806 50.271374
v 8.8412638 -13.931602 50.458229
v 9.7038012 -13.356136 50.364429
v 7.947619 -14.456665 50.552399
v 7.9490447 -14.459258 50.646568
v 7.9533162 -14.467029 50.740368
v 7.9604168 -14.479944 50.833424
v 7.9703178 -14.497954 50.925373
v 7.9829812 -14.520988 51.01585
v 7.9983563 -14.548956 51.104496
v 8.0163822 -14.581745 51.190964
v 8.0600939 -14.661256 51.356007
v 8.0369883 -14.619228 51.27491
v 8.1134253 -14.758266 51.508377
v 8.0856066 -14.707664 51.433933
v 8.8396778 -13.929103 50.552399
v 8.8412638 -13.931602 50.646568
v 8.846014 -13.939088 50.740368
v 8.8539114 -13.951532 50.833424
v 8.8649244 -13.968885 50.925373
v 8.8790092 -13.991079 51.01585
v 8.8961096 -14.018025 51.104496
v 8.9161596 -14.049619 51.190964
v 9.0240946 -14.219698 51.508377
v 8.9931526 -14.170941 51.433933
v 9.0574808 -14.272305 51.579052
v 9.1310463 -14.388227 51.707977
v 9.0931778 -14.328555 51.645672
v 9.1709366 -14.451083 51.765724
v 9.2126904 -14.516877 51.818684
v 9.2561436 -14.585349 51.866642
v 9.3011255 -14.656228 51.909416
v 9.3474569 -14.729236 51.946835
v 8.9390783 -14.085733 51.27491
v 8.964777 -14.126227 51.356007
v 9.8058901 -13.49665 51.27491
v 9.8340797 -13.53545 51.356007
v 9.8991499 -13.625011 51.508377
v 9.9357729 -13.675418 51.579052
v 9.8652077 -13.578294 51.433933
v 9.9749317 -13.729316 51.645672
v 9.6985893 -13.348964 50.458229
v 9.6968498 -13.346569 50.552399
v 9.6985893 -13.348964 50.646568
v 9.7038012 -13.356136 50.740368
v 9.7124643 -13.36806 50.833424
v 9.7245455 -13.384688 50.925373
v 9.739995 -13.405953 51.01585
v 9.7587547 -13.431773 51.104496
v 9.7807484 -13.462045 51.190964
v 10.229089 -16.118465 49.525749
v 10.193392 -16.062216 49.459129
v 10.115633 -15.939687 49.339077
v 10.155523 -16.002544 49.39682
v 11.181832 -15.390471 49.459129
v 11.220991 -15.444369 49.525749
v 10.95372 -15.076502 49.195385
v 10.79761 -14.861635 49.099766
v 10.743565 -14.787248 49.079212
v 10.85079 -14.934832 49.126053
v 10.902896 -15.006548 49.157967
v 11.050731 -15.210026 49.286118
v 11.096534 -15.273067 49.339077
v 11.003063 -15.144417 49.238159
v 11.140291 -15.333296 49.39682
v 12.168609 -14.709321 49.525749
v 10.305974 -14.184956 49.126053
v 10.633734 -14.636079 49.055607
v 10.52303 -14.483708 49.055607
v 10.578382 -14.559894 49.052647
v 10.467896 -14.407824 49.064476
v 10.413199 -14.33254 49.079212
v 10.359154 -14.258152 49.099766
v 10.253868 -14.113239 49.157967
v 10.203044 -14.043285 49.195385
v 10.153701 -13.97537 49.238159
v 10.106033 -13.909762 49.286118
v 10.06023 -13.84672 49.339077
v 10.688868 -14.711964 49.064476
v 11.176318 -13.509848 49.126053
v 11.119812 -13.441545 49.157967
v 10.862369 -13.130347 49.39682
v 10.81732 -13.075893 49.459129
v 10.774854 -13.024561 49.525749
v 11.011186 -13.310237 49.238159
v 10.959493 -13.247751 49.286118
v 10.909822 -13.187709 49.339077
v 11.064695 -13.37492 49.195385
v 10.735138 -12.976553 49.596424
v 10.545788 -12.747667 50.179428
v 10.532686 -12.731831 50.271374
v 10.523292 -12.720474 50.364429
v 10.698329 -12.932058 49.670868
v 10.664573 -12.891253 49.748795
v 10.634002 -12.8543 49.829887
v 10.606737 -12.821342 49.913837
v 10.582886 -12.792511 50.000305
v 10.562543 -12.76792 50.088951
v 11.650864 -14.083475 49.079212
v 11.767144 -14.224034 49.126053
v 11.709474 -14.154322 49.099766
v 11.411705 -13.794382 49.055607
v 11.471731 -13.866941 49.052647
v 11.292599 -13.650407 49.079212
v 11.23399 -13.57956 49.099766
v 11.351915 -13.722109 49.064476
v 11.531757 -13.939501 49.055607
v 11.591547 -14.011773 49.064476
v 11.82365 -14.292337 49.157967
v 11.878767 -14.358962 49.195385
v 11.932277 -14.423645 49.238159
v 12.033641 -14.546173 49.339077
v 12.081095 -14.603535 49.39682
v 11.98397 -14.486131 49.286118
v 12.126143 -14.657989 49.459129
v 11.716357 -12.476653 49.339077
v 11.571411 -12.322301 49.525749
v 11.617016 -12.370866 49.459129
v 11.665395 -12.422384 49.39682
v 12.002554 -12.781423 49.126053
v 12.319807 -13.119262 49.052647
v 12.191133 -12.982239 49.064476
v 12.127432 -12.914403 49.079212
v 12.064489 -12.847376 49.099766
v 12.255342 -13.050614 49.055607
v 11.941872 -12.716802 49.157967
v 11.88268 -12.653769 49.195385
v 11.7697 -12.533458 49.286118
v 11.825214 -12.592574 49.238159
v 11.489229 -12.234786 49.670868
v 11.528759 -12.276881 49.596424
v 11.452977 -12.196182 49.748795
v 11.420146 -12.161221 49.829887
v 10.253868 -14.113239 51.946835
v 10.52303 -14.483708 52.049191
v 10.467896 -14.407824 52.040325
v 10.359154 -14.258152 52.005035
v 10.413199 -14.33254 52.025585
v 10.305974 -14.184956 51.978748
v 10.016473 -13.786491 51.707977
v 10.06023 -13.84672 51.765724
v 10.106033 -13.909762 51.818684
v 10.203044 -14.043285 51.909416
v 10.153701 -13.97537 51.866642
v 11.119812 -13.441545 51.946835
v 10.51764 -12.713643 50.458229
v 10.515754 -12.711363 50.552399
v 10.51764 -12.713643 50.646568
v 10.523292 -12.720474 50.740368
v 10.532686 -12.731831 50.833424
v 10.606737 -12.821342 51.190964
v 10.545788 -12.747667 50.925373
v 10.562543 -12.76792 51.01585
v 10.582886 -12.792511 51.104496
v 10.634002 -12.8543 51.27491
v 10.664573 -12.891253 51.356007
v 10.735138 -12.976553 51.508377
v 10.774854 -13.024561 51.579052
v 10.698329 -12.932058 51.433933
v 10.81732 -13.075893 51.645672
v 10.862369 -13.130347 51.707977
v 10.909822 -13.187709 51.765724
v 10.959493 -13.247751 51.818684
v 11.064695 -13.37492 51.909416
v 11.011186 -13.310237 51.866642
v 11.351915 -13.722109 52.040325
v 11.411705 -13.794382 52.049191
v 11.292599 -13.650407 52.025585
v 11.23399 -13.57956 52.005035
v 11.176318 -13.509848 51.978748
v 11.420146 -12.161221 51.27491
v 11.452977 -12.196182 51.356007
v 11.489229 -12.234786 51.433933
v 11.528759 -12.276881 51.508377
v 11.571411 -12.322301 51.579052
v 11.617016 -12.370866 51.645672
v 11.665395 -12.422384 51.707977
v 12.002554 -12.781423 51.978748
v 12.255342 -13.050614 52.049191
v 12.127432 -12.914403 52.025585
v 12.064489 -12.847376 52.005035
v 12.191133 -12.982239 52.040325
v 11.7697 -12.533458 51.818684
v 11.716357 -12.476653 51.765724
v 11.825214 -12.592574 51.866642
v 11.88268 -12.653769 51.909416
v 11.941872 -12.716802 51.946835
v 11.390865 -12.13004 49.913837
v 11.365252 -12.102763 50.000305
v 11.343404 -12.079498 50.088951
v 11.325411 -12.060337 50.179428
v 11.311341 -12.045355 50.271374
v 11.301251 -12.034611 50.364429
v 12.276881 -11.528759 49.596424
v 12.234786 -11.489229 49.670868
v 12.196182 -11.452977 49.748795
v 12.161221 -11.420146 49.829887
v 12.13004 -11.390865 49.913837
v 12.102763 -11.365252 50.000305
v 12.079498 -11.343404 50.088951
v 12.060337 -11.325411 50.179428
v 12.045355 -11.311341 50.271374
v 11.295182 -12.028148 50.458229
v 12.034611 -11.301251 50.364429
v 11.293157 -12.02599 50.552399
v 11.295182 -12.028148 50.646568
v 11.301251 -12.034611 50.740368
v 11.311341 -12.045355 50.833424
v 11.325411 -12.060337 50.925373
v 11.343404 -12.079498 51.01585
v 11.365252 -12.102763 51.104496
v 11.390865 -12.13004 51.190964
v 12.028148 -11.295182 50.458229
v 12.02599 -11.293157 50.552399
v 12.028148 -11.295182 50.646568
v 12.034611 -11.301251 50.740368
v 12.045355 -11.311341 50.833424
v 12.060337 -11.325411 50.925373
v 12.079498 -11.343404 51.01585
v 12.102763 -11.365252 51.104496
v 12.13004 -11.390865 51.190964
v 12.234786 -11.489229 51.433933
v 12.161221 -11.420146 51.27491
v 12.196182 -11.452977 51.356007
v 12.575125 -13.391148 49.099766
v 12.637059 -13.457102 49.126053
v 12.756933 -13.584754 49.195385
v 12.697742 -13.521722 49.157967
v 12.869914 -13.705066 49.286118
v 12.923257 -13.76187 49.339077
v 12.8144 -13.645949 49.238159
v 12.974218 -13.816139 49.39682
v 13.022597 -13.867658 49.459129
v 13.068203 -13.916223 49.525749
v 12.448481 -13.256285 49.064476
v 12.384271 -13.187909 49.055607
v 12.512182 -13.324121 49.079212
v 12.914403 -12.127432 49.079212
v 13.050614 -12.255342 49.055607
v 12.982239 -12.191133 49.064476
v 13.119262 -12.319807 49.052647
v 13.187909 -12.384271 49.055607
v 13.256285 -12.448481 49.064476
v 13.324121 -12.512182 49.079212
v 13.391148 -12.575125 49.099766
v 13.457102 -12.637059 49.126053
v 13.584754 -12.756933 49.195385
v 13.645949 -12.8144 49.238159
v 13.705066 -12.869914 49.286118
v 13.816139 -12.974218 49.39682
v 13.76187 -12.923257 49.339077
v 13.867658 -13.022597 49.459129
v 13.916223 -13.068203 49.525749
v 13.521722 -12.697742 49.157967
v 14.603535 -12.081095 49.39682
v 14.657989 -12.126143 49.459129
v 12.914403 -12.127432 52.025585
v 12.982239 -12.191133 52.040325
v 13.050614 -12.255342 52.049191
v 12.716802 -11.941872 49.157967
v 12.781423 -12.002554 49.126053
v 12.847376 -12.064489 49.099766
v 12.533458 -11.7697 49.286118
v 12.476653 -11.716357 49.339077
v 12.422384 -11.665395 49.39682
v 12.370866 -11.617016 49.459129
v 12.322301 -11.571411 49.525749
v 12.653769 -11.88268 49.195385
v 12.592574 -11.825214 49.238159
v 13.441545 -11.119812 49.157967
v 13.130347 -10.862369 49.39682
v 13.247751 -10.959493 49.286118
v 13.187709 -10.909822 49.339077
v 13.310237 -11.011186 49.238159
v 13.37492 -11.064695 49.195385
v 13.075893 -10.81732 49.459129
v 13.024561 -10.774854 49.525749
v 12.976553 -10.735138 49.596424
v 12.821342 -10.606737 49.913837
v 12.792511 -10.582886 50.000305
v 12.76792 -10.562543 50.088951
v 12.747667 -10.545788 50.179428
v 12.731831 -10.532686 50.271374
v 12.720474 -10.523292 50.364429
v 12.932058 -10.698329 49.670868
v 12.891253 -10.664573 49.748795
v 12.8543 -10.634002 49.829887
v 13.36806 -9.7124643 50.271374
v 12.713643 -10.51764 50.458229
v 13.356136 -9.7038012 50.364429
v 13.866941 -11.471731 49.052647
v 14.011773 -11.591547 49.064476
v 13.939501 -11.531757 49.055607
v 13.509848 -11.176318 49.126053
v 13.57956 -11.23399 49.099766
v 13.650407 -11.292599 49.079212
v 13.722109 -11.351915 49.064476
v 13.794382 -11.411705 49.055607
v 14.224034 -11.767144 49.126053
v 14.292337 -11.82365 49.157967
v 14.358962 -11.878767 49.195385
v 14.083475 -11.650864 49.079212
v 14.154322 -11.709474 49.099766
v 14.423645 -11.932277 49.238159
v 14.486131 -11.98397 49.286118
v 14.546173 -12.033641 49.339077
v 13.675418 -9.9357729 49.525749
v 13.909762 -10.106033 49.286118
v 13.97537 -10.153701 49.238159
v 13.84672 -10.06023 49.339077
v 13.786491 -10.016473 49.39682
v 13.729316 -9.9749317 49.459129
v 13.625011 -9.8991499 49.596424
v 14.113239 -10.253868 49.157967
v 14.258152 -10.359154 49.099766
v 14.184956 -10.305974 49.126053
v 14.407824 -10.467896 49.064476
v 14.483708 -10.52303 49.055607
v 14.559894 -10.578382 49.052647
v 14.33254 -10.413199 49.079212
v 14.043285 -10.203044 49.195385
v 13.578294 -9.8652077 49.670868
v 13.53545 -9.8340797 49.748795
v 13.49665 -9.8058901 49.829887
v 13.462045 -9.7807484 49.913837
v 13.431773 -9.7587547 50.000305
v 13.405953 -9.739995 50.088951
v 13.384688 -9.7245455 50.179428
v 12.276881 -11.528759 51.508377
v 12.322301 -11.571411 51.579052
v 12.533458 -11.7697 51.818684
v 12.370866 -11.617016 51.645672
v 12.422384 -11.665395 51.707977
v 12.476653 -11.716357 51.765724
v 12.592574 -11.825214 51.866642
v 12.653769 -11.88268 51.909416
v 12.716802 -11.941872 51.946835
v 12.781423 -12.002554 51.978748
v 12.847376 -12.064489 52.005035
v 13.075893 -10.81732 51.645672
v 13.247751 -10.959493 51.818684
v 13.130347 -10.862369 51.707977
v 13.187709 -10.909822 51.765724
v 13.310237 -11.011186 51.866642
v 13.37492 -11.064695 51.909416
v 12.713643 -10.51764 50.646568
v 12.720474 -10.523292 50.740368
v 12.711363 -10.515754 50.552399
v 12.731831 -10.532686 50.833424
v 12.747667 -10.545788 50.925373
v 12.76792 -10.562543 51.01585
v 12.792511 -10.582886 51.104496
v 12.821342 -10.606737 51.190964
v 13.348964 -9.6985893 50.458229
v 13.346569 -9.6968498 50.552399
v 13.356136 -9.7038012 50.740368
v 13.348964 -9.6985893 50.646568
v 12.891253 -10.664573 51.356007
v 12.8543 -10.634002 51.27491
v 12.932058 -10.698329 51.433933
v 12.976553 -10.735138 51.508377
v 13.024561 -10.774854 51.579052
v 13.794382 -11.411705 52.049191
v 13.441545 -11.119812 51.946835
v 13.509848 -11.176318 51.978748
v 13.650407 -11.292599 52.025585
v 13.57956 -11.23399 52.005035
v 13.722109 -11.351915 52.040325
v 13.36806 -9.7124643 50.833424
v 13.384688 -9.7245455 50.925373
v 13.405953 -9.739995 51.01585
v 13.431773 -9.7587547 51.104496
v 13.462045 -9.7807484 51.190964
v 13.578294 -9.8652077 51.433933
v 13.625011 -9.8991499 51.508377
v 13.49665 -9.8058901 51.27491
v 13.53545 -9.8340797 51.356007
v 13.675418 -9.9357729 51.579052
v 13.729316 -9.9749317 51.645672
v 13.786491 -10.016473 51.707977
v 13.84672 -10.06023 51.765724
v 13.909762 -10.106033 51.818684
v 13.97537 -10.153701 51.866642
v 14.043285 -10.203044 51.909416
v 14.184956 -10.305974 51.978748
v 14.113239 -10.253868 51.946835
v 14.407824 -10.467896 52.040325
v 14.483708 -10.52303 52.049191
v 14.258152 -10.359154 52.005035
v 14.33254 -10.413199 52.025585
v 14.709321 -12.168609 49.525749
v 14.861635 -10.79761 49.099766
v 14.934832 -10.85079 49.126053
v 15.006548 -10.902896 49.157967
v 15.076502 -10.95372 49.195385
v 15.144417 -11.003063 49.238159
v 15.210026 -11.050731 49.286118
v 15.273067 -11.096534 49.339077
v 15.333296 -11.140291 49.39682
v 15.444369 -11.220991 49.525749
v 15.390471 -11.181832 49.459129
v 14.636079 -10.633734 49.055607
v 14.711964 -10.688868 49.064476
v 14.787248 -10.743565 49.079212
v 15.036678 -9.5425663 49.064476
v 15.115874 -9.5928259 49.055607
v 15.432663 -9.7938652 49.079212
v 15.195385 -9.6432848 49.052647
v 15.274896 -9.6937437 49.055607
v 15.354093 -9.7440033 49.064476
v 15.510297 -9.8431339 49.099766
v 15.586688 -9.891613 49.126053
v 15.661534 -9.9391117 49.157967
v 15.734542 -9.9854441 49.195385
v 15.939687 -10.115633 49.339077
v 16.002544 -10.155523 49.39682
v 16.118465 -10.229089 49.525749
v 16.062216 -10.193392 49.459129
v 15.805421 -10.030425 49.238159
v 15.873893 -10.073879 49.286118
v 14.958108 -9.4927034 52.025585
v 15.036678 -9.5425663 52.040325
v 15.115874 -9.5928259 52.049191
v 14.516877 -9.2126904 49.286118
v 14.451083 -9.1709366 49.339077
v 14.388227 -9.1310463 49.39682
v 14.328555 -9.0931778 49.459129
v 14.272305 -9.0574808 49.525749
v 14.219698 -9.0240946 49.596424
v 14.170941 -8.9931526 49.670868
v 14.126227 -8.964777 49.748795
v 14.049619 -8.9161596 49.913837
v 14.085733 -8.9390783 49.829887
v 14.018025 -8.8961096 50.000305
v 13.991079 -8.8790092 50.088951
v 13.968885 -8.8649244 50.179428
v 13.951532 -8.8539114 50.271374
v 13.939088 -8.846014 50.364429
v 13.931602 -8.8412638 50.458229
v 14.467029 -7.9533162 50.364429
v 13.991079 -8.8790092 51.01585
v 14.018025 -8.8961096 51.104496
v 14.049619 -8.9161596 51.190964
v 13.929103 -8.8396778 50.552399
v 13.931602 -8.8412638 50.646568
v 13.939088 -8.846014 50.740368
v 13.951532 -8.8539114 50.833424
v 13.968885 -8.8649244 50.925373
v 14.085733 -8.9390783 51.27491
v 14.126227 -8.964777 51.356007
v 14.170941 -8.9931526 51.433933
v 14.219698 -9.0240946 51.508377
v 14.272305 -9.0574808 51.579052
v 14.451083 -9.1709366 51.765724
v 14.328555 -9.0931778 51.645672
v 14.388227 -9.1310463 51.707977
v 14.459258 -7.9490447 50.458229
v 14.456665 -7.947619 50.552399
v 14.459258 -7.9490447 50.646568
v 14.467029 -7.9533162 50.740368
v 14.729236 -9.3474569 49.157967
v 14.804083 -9.3949566 49.126053
v 14.958108 -9.4927034 49.079212
v 14.880474 -9.4434357 49.099766
v 14.656228 -9.3011255 49.195385
v 14.585349 -9.2561436 49.238159
v 15.066701 -8.2829895 49.286118
v 14.998415 -8.2454481 49.339077
v 15.287103 -8.4041557 49.157967
v 15.364784 -8.4468613 49.126053
v 15.524643 -8.5347443 49.079212
v 15.606189 -8.5795755 49.064476
v 15.688385 -8.6247625 49.055607
v 15.444069 -8.490449 49.099766
v 15.137767 -8.3220577 49.238159
v 15.21133 -8.3624992 49.195385
v 14.933178 -8.2095842 49.39682
v 14.871246 -8.1755371 49.459129
v 14.812866 -8.1434422 49.525749
v 14.758266 -8.1134253 49.596424
v 15.294968 -7.1972651 49.525749
v 15.486555 -7.2874198 49.339077
v 15.557064 -7.3205986 49.286118
v 15.630442 -7.3551278 49.238159
v 15.419194 -7.255722 49.39682
v 15.355247 -7.2256312 49.459129
v 14.707664 -8.0856066 49.670868
v 14.661256 -8.0600939 49.748795
v 14.619228 -8.0369883 49.829887
v 14.581745 -8.0163822 49.913837
v 14.548956 -7.9983563 50.000305
v 14.520988 -7.9829812 50.088951
v 14.497954 -7.9703178 50.179428
v 14.479944 -7.9604168 50.271374
v 15.022468 -7.069037 50.000305
v 14.99359 -7.0554481 50.088951
v 14.969807 -7.0442562 50.179428
v 14.95121 -7.0355053 50.271374
v 14.937874 -7.0292296 50.364429
v 15.18634 -7.1461492 49.670868
v 15.138423 -7.123601 49.748795
v 15.23859 -7.1707363 49.596424
v 15.095027 -7.1031804 49.829887
v 15.056325 -7.0849686 49.913837
v 16.097746 -8.8498106 49.099766
v 16.177031 -8.8933983 49.126053
v 16.254713 -8.9361038 49.157967
v 15.770907 -8.6701298 49.052647
v 15.85343 -8.715497 49.055607
v 15.935626 -8.760684 49.064476
v 16.017172 -8.8055143 49.079212
v 16.330484 -8.9777603 49.195385
v 16.404049 -9.0182018 49.238159
v 16.475113 -9.0572701 49.286118
v 16.5434 -9.0948105 49.339077
v 16.608637 -9.1306753 49.39682
v 16.670568 -9.1647224 49.459129
v 16.728949 -9.1968174 49.525749
v 16.114109 -7.5827246 49.064476
v 16.198982 -7.6226621 49.055607
v 15.784638 -7.4276872 49.157967
v 15.864848 -7.4654307 49.126053
v 15.946713 -7.5039535 49.099766
v 15.7064 -7.3908706 49.195385
v 16.029909 -7.5431027 49.079212
v 16.369396 -7.7028537 49.055607
v 16.284189 -7.6627579 49.052647
v 16.454268 -7.7427907 49.064476
v 16.538469 -7.7824125 49.079212
v 16.703529 -7.8600845 49.126053
v 16.783739 -7.8978286 49.157967
v 16.621666 -7.8215618 49.099766
v 14.516877 -9.2126904 51.818684
v 14.585349 -9.2561436 51.866642
v 14.729236 -9.3474569 51.946835
v 14.656228 -9.3011255 51.909416
v 14.804083 -9.3949566 51.978748
v 14.880474 -9.4434357 52.005035
v 14.933178 -8.2095842 51.707977
v 14.998415 -8.2454481 51.765724
v 15.066701 -8.2829895 51.818684
v 15.137767 -8.3220577 51.866642
v 15.21133 -8.3624992 51.909416
v 15.287103 -8.4041557 51.946835
v 15.524643 -8.5347443 52.025585
v 15.606189 -8.5795755 52.040325
v 15.364784 -8.4468613 51.978748
v 15.444069 -8.490449 52.005035
v 14.479944 -7.9604168 50.833424
v 14.497954 -7.9703178 50.925373
v 14.520988 -7.9829812 51.01585
v 14.548956 -7.9983563 51.104496
v 14.581745 -8.0163822 51.190964
v 14.929852 -7.0254545 50.458229
v 14.927174 -7.0241947 50.552399
v 14.929852 -7.0254545 50.646568
v 14.937874 -7.0292296 50.740368
v 14.95121 -7.0355053 50.833424
v 14.969807 -7.0442562 50.925373
v 14.99359 -7.0554481 51.01585
v 15.022468 -7.069037 51.104496
v 14.619228 -8.0369883 51.27491
v 15.056325 -7.0849686 51.190964
v 14.661256 -8.0600939 51.356007
v 14.707664 -8.0856066 51.433933
v 14.758266 -8.1134253 51.508377
v 14.812866 -8.1434422 51.579052
v 14.871246 -8.1755371 51.645672
v 15.095027 -7.1031804 51.27491
v 15.138423 -7.123601 51.356007
v 15.18634 -7.1461492 51.433933
v 15.23859 -7.1707363 51.508377
v 15.294968 -7.1972651 51.579052
v 15.419194 -7.255722 51.707977
v 15.486555 -7.2874198 51.765724
v 15.557064 -7.3205986 51.818684
v 15.355247 -7.2256312 51.645672
v 15.688385 -8.6247625 52.049191
v 16.029909 -7.5431027 52.025585
v 16.114109 -7.5827246 52.040325
v 15.7064 -7.3908706 51.909416
v 15.630442 -7.3551278 51.866642
v 15.784638 -7.4276872 51.946835
v 15.864848 -7.4654307 51.978748
v 15.946713 -7.5039535 52.005035
v 16.198982 -7.6226621 52.049191
v 15.555845 -6.1589947 49.748795
v 15.511253 -6.1413393 49.829887
v 15.471483 -6.1255937 49.913837
v 15.40702 -6.1000705 50.088951
v 15.38258 -6.090394 50.179428
v 15.436693 -6.1118193 50.000305
v 15.36347 -6.082828 50.271374
v 15.349767 -6.0774026 50.364429
v 15.98603 -6.3293166 49.286118
v 15.913577 -6.300631 49.339077
v 16.061432 -6.3591704 49.238159
v 16.139484 -6.3900738 49.195385
v 15.716706 -6.2226839 49.525749
v 15.778649 -6.2472091 49.459129
v 15.844359 -6.2732253 49.39682
v 15.658775 -6.1997476 49.596424
v 16.302301 -6.4545374 49.126053
v 16.219879 -6.4219046 49.157967
v 16.471914 -6.5216918 49.079212
v 16.386423 -6.487844 49.099766
v 16.645647 -6.5904779 49.055607
v 16.733204 -6.6251445 49.052647
v 16.558435 -6.5559483 49.064476
v 15.605083 -6.1784897 49.670868
v 16.139778 -5.244132 49.459129
v 16.076418 -5.2235451 49.525749
v 16.591108 -5.3907776 49.157967
v 16.675415 -5.4181709 49.126053
v 16.508871 -5.3640575 49.195385
v 16.429033 -5.3381166 49.238159
v 16.277796 -5.2889762 49.339077
v 16.351906 -5.3130565 49.286118
v 16.206993 -5.2659712 49.39682
v 16.01716 -5.2042913 49.596424
v 15.825583 -5.1420436 49.913837
v 15.962241 -5.1864467 49.670868
v 15.911876 -5.1700816 49.748795
v 15.866262 -5.1552615 49.829887
v 15.759644 -5.1206188 50.088951
v 15.789996 -5.1304808 50.000305
v 15.734645 -5.1124959 50.179428
v 15.715097 -5.1061449 50.271374
v 15.341522 -6.0741386 50.458229
v 15.70108 -5.1015902 50.364429
v 15.338771 -6.0730491 50.552399
v 15.341522 -6.0741386 50.646568
v 15.349767 -6.0774026 50.740368
v 15.36347 -6.082828 50.833424
v 15.38258 -6.090394 50.925373
v 15.40702 -6.1000705 51.01585
v 15.436693 -6.1118193 51.104496
v 15.471483 -6.1255937 51.190964
v 15.511253 -6.1413393 51.27491
v 15.555845 -6.1589947 51.356007
v 15.844359 -6.2732253 51.707977
v 15.913577 -6.300631 51.765724
v 15.98603 -6.3293166 51.818684
v 16.061432 -6.3591704 51.866642
v 16.139484 -6.3900738 51.909416
v 15.605083 -6.1784897 51.433933
v 15.658775 -6.1997476 51.508377
v 15.716706 -6.2226839 51.579052
v 15.778649 -6.2472091 51.645672
v 16.219879 -6.4219046 51.946835
v 16.302301 -6.4545374 51.978748
v 16.386423 -6.487844 52.005035
v 16.558435 -6.5559483 52.040325
v 16.645647 -6.5904779 52.049191
v 16.471914 -6.5216918 52.025585
v 15.692648 -5.0988503 50.458229
v 15.689833 -5.0979357 50.552399
v 15.692648 -5.0988503 50.646568
v 15.70108 -5.1015902 50.740368
v 15.715097 -5.1061449 50.833424
v 15.734645 -5.1124959 50.925373
v 15.759644 -5.1206188 51.01585
v 15.789996 -5.1304808 51.104496
v 15.825583 -5.1420436 51.190964
v 15.911876 -5.1700816 51.356007
v 15.866262 -5.1552615 51.27491
v 15.962241 -5.1864467 51.433933
v 16.01716 -5.2042913 51.508377
v 16.076418 -5.2235451 51.579052
v 16.351906 -5.3130565 51.818684
v 16.139778 -5.244132 51.645672
v 16.206993 -5.2659712 51.707977
v 16.277796 -5.2889762 51.765724
v 16.429033 -5.3381166 51.866642
v 16.508871 -5.3640575 51.909416
v 16.591108 -5.3907776 51.946835
v 16.675415 -5.4181709 51.978748
v 17.273411 -8.1282501 49.525749
v 16.861979 -7.9346447 49.195385
v 16.937937 -7.9703879 49.238159
v 17.011314 -8.0049171 49.286118
v 17.149183 -8.0697927 49.39682
v 17.081823 -8.0380955 49.339077
v 17.213131 -8.099884 49.459129
v 17.404978 -6.8911185 49.238159
v 17.480379 -6.9209719 49.286118
v 17.552832 -6.9496579 49.339077
v 17.622049 -6.9770632 49.39682
v 17.687759 -7.0030794 49.459129
v 17.749702 -7.0276046 49.525749
v 16.820763 -6.6598105 49.055607
v 16.907974 -6.6943402 49.064476
v 16.994495 -6.7285967 49.079212
v 17.079987 -6.762445 49.099766
v 17.164108 -6.7957511 49.126053
v 17.246531 -6.8283844 49.157967
v 17.326925 -6.8602152 49.195385
v 17.29495 -5.6194701 49.064476
v 17.383453 -5.6482263 49.079212
v 17.4709 -5.6766396 49.099766
v 17.556948 -5.7045979 49.126053
v 17.641256 -5.7319913 49.157967
v 17.723492 -5.7587113 49.195385
v 17.803329 -5.7846527 49.238159
v 17.880457 -5.8097129 49.286118
v 16.848911 -5.4745431 49.079212
v 16.761463 -5.4461293 49.099766
v 16.937412 -5.5032992 49.064476
v 17.026621 -5.5322843 49.055607
v 17.116182 -5.5613847 49.052647
v 17.205742 -5.5904846 49.055607
v 16.982719 -4.3604217 49.126053
v 17.070354 -4.3829217 49.099766
v 17.159412 -4.4057884 49.079212
v 17.249546 -4.4289308 49.064476
v 17.340397 -4.4522572 49.055607
v 17.431608 -4.4756765 49.052647
v 17.522821 -4.4990954 49.055607
v 17.613672 -4.5224223 49.064476
v 17.703806 -4.5455647 49.079212
v 17.792864 -4.5684309 49.099766
v 17.880497 -4.5909314 49.126053
v 18.155945 -5.8992243 49.525749
v 17.954569 -5.8337927 49.339077
v 18.02537 -5.8567977 49.39682
v 18.092585 -5.8786368 49.459129
v 18.05011 -4.6344805 49.195385
v 17.96636 -4.612977 49.157967
v 18.13142 -4.6553578 49.238159
v 18.209969 -4.6755252 49.286118
v 18.285446 -4.6949043 49.339077
v 18.357553 -4.7134185 49.39682
v 18.426006 -4.7309942 49.459129
v 18.490534 -4.7475619 49.525749
v 16.761463 -5.4461293 52.005035
v 16.848911 -5.4745431 52.025585
v 16.937412 -5.5032992 52.040325
v 17.026621 -5.5322843 52.049191
v 16.896858 -4.338376 51.946835
v 16.982719 -4.3604217 51.978748
v 17.070354 -4.3829217 52.005035
v 17.159412 -4.4057884 52.025585
v 17.249546 -4.4289308 52.040325
v 17.340397 -4.4522572 52.049191
v 16.372684 -4.2037907 49.525749
v 16.653248 -4.2758274 49.286118
v 16.577772 -4.2564483 49.339077
v 16.437212 -4.2203588 49.459129
v 16.505665 -4.2379346 49.39682
v 16.312336 -4.1882958 49.596424
v 16.604334 -3.1674461 49.525749
v 16.080984 -4.1288948 50.000305
v 16.050072 -4.1209579 50.088951
v 16.024612 -4.1144209 50.179428
v 16.004705 -4.1093097 50.271374
v 15.990429 -4.1056442 50.364429
v 16.205109 -4.1607647 49.748795
v 16.256403 -4.1739349 49.670868
v 16.158655 -4.1488376 49.829887
v 16.117226 -4.1382003 49.913837
v 16.486408 -3.1449506 49.670868
v 16.434389 -3.1350274 49.748795
v 16.543131 -3.1557713 49.596424
v 16.387278 -3.1260405 49.829887
v 16.345263 -3.1180255 49.913837
v 16.308508 -3.1110141 50.000305
v 16.277159 -3.1050339 50.088951
v 16.251337 -3.1001084 50.179428
v 16.23115 -3.0962572 50.271374
v 15.981841 -4.1034393 50.458229
v 16.216671 -3.0934956 50.364429
v 16.59881 -2.0969174 49.748795
v 16.551228 -2.0909064 49.829887
v 16.508791 -2.0855453 49.913837
v 16.440004 -2.0768557 50.088951
v 16.413927 -2.0735612 50.179428
v 16.471668 -2.0808556 50.000305
v 16.393536 -2.0709853 50.271374
v 16.207962 -3.0918341 50.458229
v 16.378914 -2.0691381 50.364429
v 15.978975 -4.1027036 50.552399
v 15.981841 -4.1034393 50.646568
v 15.990429 -4.1056442 50.740368
v 16.004705 -4.1093097 50.833424
v 16.024612 -4.1144209 50.925373
v 16.050072 -4.1209579 51.01585
v 16.080984 -4.1288948 51.104496
v 16.117226 -4.1382003 51.190964
v 16.277159 -3.1050339 51.01585
v 16.308508 -3.1110141 51.104496
v 16.158655 -4.1488376 51.27491
v 16.345263 -3.1180255 51.190964
v 16.205109 -4.1607647 51.356007
v 16.256403 -4.1739349 51.433933
v 16.312336 -4.1882958 51.508377
v 16.372684 -4.2037907 51.579052
v 16.437212 -4.2203588 51.645672
v 16.505665 -4.2379346 51.707977
v 16.577772 -4.2564483 51.765724
v 16.387278 -3.1260405 51.27491
v 16.434389 -3.1350274 51.356007
v 16.486408 -3.1449506 51.433933
v 16.543131 -3.1557713 51.508377
v 16.604334 -3.1674461 51.579052
v 16.205055 -3.0912795 50.552399
v 16.207962 -3.0918341 50.646568
v 16.216671 -3.0934956 50.740368
v 16.23115 -3.0962572 50.833424
v 16.251337 -3.1001084 50.925373
v 16.370117 -2.0680268 50.458229
v 16.367182 -2.0676558 50.552399
v 16.370117 -2.0680268 50.646568
v 16.378914 -2.0691381 50.740368
v 16.393536 -2.0709853 50.833424
v 16.413927 -2.0735612 50.925373
v 16.440004 -2.0768557 51.01585
v 16.471668 -2.0808556 51.104496
v 16.508791 -2.0855453 51.190964
v 16.551228 -2.0909064 51.27491
v 16.537971 -1.040481 50.088951
v 16.511738 -1.0388305 50.179428
v 16.491226 -1.03754 50.271374
v 16.476517 -1.0366145 50.364429
v 16.467667 -1.0360578 50.458229
v 16.464714 -1.035872 50.552399
v 16.467667 -1.0360578 50.646568
v 16.476517 -1.0366145 50.740368
v 16.491226 -1.03754 50.833424
v 16.511738 -1.0388305 50.925373
v 16.896858 -4.338376 49.157967
v 16.813107 -4.3168721 49.195385
v 16.731796 -4.2959952 49.238159
v 17.135925 -3.2688527 49.157967
v 17.223001 -3.2854633 49.126053
v 16.888868 -3.221724 49.286118
v 16.812325 -3.2071223 49.339077
v 16.669775 -3.1799297 49.459129
v 16.739197 -3.1931727 49.39682
v 17.050989 -3.2526503 49.195385
v 16.968529 -3.2369199 49.238159
v 17.311874 -3.3024168 49.099766
v 17.402193 -3.3196461 49.079212
v 17.493603 -3.3370831 49.064476
v 17.678242 -3.3723049 49.052647
v 17.770744 -3.3899508 49.055607
v 17.585739 -3.3546593 49.055607
v 16.836552 -2.126951 49.459129
v 16.770456 -2.1186013 49.525749
v 16.980526 -2.1451392 49.339077
v 17.057837 -2.1549058 49.286118
v 17.138292 -2.1650698 49.238159
v 16.906668 -2.1358087 49.39682
v 17.307365 -2.1864285 49.157967
v 17.395311 -2.1975391 49.126053
v 17.485075 -2.2088785 49.099766
v 17.221579 -2.1755912 49.195385
v 17.576298 -2.2204027 49.079212
v 17.668619 -2.2320657 49.064476
v 17.761679 -2.2438219 49.055607
v 16.65135 -2.1035547 49.670868
v 16.708641 -2.1107922 49.596424
v 17.862881 -3.4075267 49.064476
v 17.954288 -3.424964 49.079212
v 18.044609 -3.442193 49.099766
v 18.133482 -3.4591465 49.126053
v 18.220558 -3.4757574 49.157967
v 18.305494 -3.4919598 49.195385
v 18.387955 -3.50769 49.238159
v 18.467615 -3.5228858 49.286118
v 18.544159 -3.5374875 49.339077
v 18.617287 -3.5514374 49.39682
v 18.686707 -3.5646801 49.459129
v 18.75215 -3.5771637 49.525749
v 17.855106 -2.2556245 49.052647
v 17.948534 -2.2674272 49.055607
v 18.041594 -2.2791831 49.064476
v 18.133917 -2.2908463 49.079212
v 18.225138 -2.3023703 49.099766
v 18.314901 -2.31371 49.126053
v 18.803545 -2.3754404 49.39682
v 18.873661 -2.3842978 49.459129
v 18.939758 -2.3926477 49.525749
v 18.402849 -2.3248205 49.157967
v 18.488634 -2.3356576 49.195385
v 18.57192 -2.346179 49.238159
v 18.652376 -2.3563433 49.286118
v 18.729687 -2.3661098 49.339077
v 16.653248 -4.2758274 51.818684
v 16.731796 -4.2959952 51.866642
v 16.813107 -4.3168721 51.909416
v 16.669775 -3.1799297 51.645672
v 16.739197 -3.1931727 51.707977
v 16.812325 -3.2071223 51.765724
v 16.888868 -3.221724 51.818684
v 16.968529 -3.2369199 51.866642
v 17.050989 -3.2526503 51.909416
v 17.135925 -3.2688527 51.946835
v 17.223001 -3.2854633 51.978748
v 17.311874 -3.3024168 52.005035
v 17.402193 -3.3196461 52.025585
v 17.493603 -3.3370831 52.040325
v 17.585739 -3.3546593 52.049191
v 16.59881 -2.0969174 51.356007
v 16.65135 -2.1035547 51.433933
v 16.708641 -2.1107922 51.508377
v 16.770456 -2.1186013 51.579052
v 16.836552 -2.126951 51.645672
v 16.906668 -2.1358087 51.707977
v 16.980526 -2.1451392 51.765724
v 17.057837 -2.1549058 51.818684
v 17.138292 -2.1650698 51.866642
v 17.221579 -2.1755912 51.909416
v 17.307365 -2.1864285 51.946835
v 17.395311 -2.1975391 51.978748
v 17.485075 -2.2088785 52.005035
v 17.576298 -2.2204027 52.025585
v 17.668619 -2.2320657 52.040325
v 17.761679 -2.2438219 52.049191
v 17.081713 -1.0746903 49.339077
v 16.93688 -1.0655782 49.459129
v 16.87039 -1.061395 49.525749
v 17.007414 -1.0700158 49.39682
v 16.808207 -1.0574827 49.596424
v 17.4105 -1.0953758 49.157967
v 17.324202 -1.0899464 49.195385
v 17.498972 -1.1009419 49.126053
v 17.589268 -1.1066229 49.099766
v 17.681034 -1.1123964 49.079212
v 17.159485 -1.0795833 49.286118
v 17.240419 -1.0846753 49.238159
v 16.697721 -1.0505316 49.748795
v 16.750576 -1.0538568 49.670868
v 16.649857 -1.0475202 49.829887
v 16.607168 -1.0448344 49.913837
v 16.569822 -1.0424849 50.000305
v 16.903746 0 49.525749
v 16.970367 0 49.459129
v 17.04104 0 49.39682
v 17.115486 0 49.339077
v 16.84144 0 49.596424
v 17.444923 0 49.157967
v 17.533569 0 49.126053
v 17.624044 0 49.099766
v 17.193411 0 49.286118
v 17.274508 0 49.238159
v 17.358456 0 49.195385
v 17.715994 0 49.079212
v 16.783693 0 49.670868
v 16.730736 0 49.748795
v 16.640003 0 49.913837
v 16.682775 0 49.829887
v 16.570669 0 50.088951
v 16.602585 0 50.000305
v 16.544384 0 50.179428
v 16.523832 0 50.271374
v 16.509092 0 50.364429
v 18.149103 -1.1418447 49.064476
v 18.241976 -1.1476879 49.079212
v 18.333742 -1.1534613 49.099766
v 17.773907 -1.1182395 49.064476
v 17.867521 -1.1241292 49.055607
v 17.961506 -1.1300421 49.052647
v 18.05549 -1.1359551 49.055607
v 18.42404 -1.1591424 49.126053
v 18.512512 -1.1647085 49.157967
v 18.598808 -1.1701379 49.195385
v 18.68259 -1.175409 49.238159
v 18.763527 -1.180501 49.286118
v 18.841297 -1.1853939 49.339077
v 18.915596 -1.1900685 49.39682
v 17.80905 0 49.064476
v 17.902847 0 49.055607
v 17.997019 0 49.052647
v 18.091188 0 49.055607
v 18.184988 0 49.064476
v 18.278044 0 49.079212
v 18.369991 0 49.099766
v 18.460466 0 49.126053
v 18.549114 0 49.157967
v 18.635582 0 49.195385
v 18.71953 0 49.238159
v 18.800625 0 49.286118
v 18.87855 0 49.339077
v 16.569822 -1.0424849 51.104496
v 16.607168 -1.0448344 51.190964
v 16.537971 -1.040481 51.01585
v 16.649857 -1.0475202 51.27491
v 16.697721 -1.0505316 51.356007
v 16.750576 -1.0538568 51.433933
v 16.808207 -1.0574827 51.508377
v 16.87039 -1.061395 51.579052
v 16.93688 -1.0655782 51.645672
v 17.007414 -1.0700158 51.707977
v 17.081713 -1.0746903 51.765724
v 17.159485 -1.0795833 51.818684
v 17.240419 -1.0846753 51.866642
v 17.324202 -1.0899464 51.909416
v 17.4105 -1.0953758 51.946835
v 17.498972 -1.1009419 51.978748
v 17.589268 -1.1066229 52.005035
v 17.681034 -1.1123964 52.025585
v 16.500227 0 50.458229
v 16.497267 0 50.552399
v 16.500227 0 50.646568
v 16.509092 0 50.740368
v 16.523832 0 50.833424
v 16.544384 0 50.925373
v 16.570669 0 51.01585
v 16.602585 0 51.104496
v 16.640003 0 51.190964
v 16.682775 0 51.27491
v 16.730736 0 51.356007
v 16.783693 0 51.433933
v 16.84144 0 51.508377
v 16.903746 0 51.579052
v 16.970367 0 51.645672
v 17.04104 0 51.707977
v 17.115486 0 51.765724
v 17.193411 0 51.818684
v 17.274508 0 51.866642
v 17.358456 0 51.909416
v 17.444923 0 51.946835
v 17.533569 0 51.978748
v 17.624044 0 52.005035
v 17.773907 -1.1182395 52.040325
v 17.867521 -1.1241292 52.049191
v 17.715994 0 52.025585
v 17.80905 0 52.040325
v 17.902847 0 52.049191
v 18.98613 -1.194506 49.459129
v 19.05262 -1.1986892 49.525749
v 18.952995 0 49.39682
v 19.023668 0 49.459129
v 19.09029 0 49.525749
v 1.0574827 16.808207 49.596424
v 1.061395 16.87039 49.525749
v 1.0655782 16.93688 49.459129
v 1.0899464 17.324202 49.195385
v 1.0953758 17.4105 49.157967
v 1.1066229 17.589268 49.099766
v 1.1009419 17.498972 49.126053
v 1.0700158 17.007414 49.39682
v 1.0746903 17.081713 49.339077
v 1.0795833 17.159485 49.286118
v 1.0846753 17.240419 49.238159
v 1.0475202 16.649857 49.829887
v 1.0448344 16.607168 49.913837
v 1.0424849 16.569822 50.000305
v 1.0538568 16.750576 49.670868
v 1.0505316 16.697721 49.748795
v 1.0388305 16.511738 50.179428
v 1.040481 16.537971 50.088951
v 1.03754 16.491226 50.271374
v 1.0366145 16.476517 50.364429
v 1.0360578 16.467667 50.458229
v 2.1358087 16.906668 49.39682
v 2.1186013 16.770456 49.525749
v 2.1107922 16.708641 49.596424
v 2.126951 16.836552 49.459129
v 2.1755912 17.221579 49.195385
v 2.1864285 17.307365 49.157967
v 2.1975391 17.395311 49.126053
v 1.1123964 17.681034 49.079212
v 2.2088785 17.485075 49.099766
v 2.1549058 17.057837 49.286118
v 2.1451392 16.980526 49.339077
v 2.1650698 17.138292 49.238159
v 2.2204027 17.576298 49.079212
v 2.0909064 16.551228 49.829887
v 2.0969174 16.59881 49.748795
v 2.0808556 16.471668 50.000305
v 2.0855453 16.508791 49.913837
v 2.1035547 16.65135 49.670868
v 2.0768557 16.440004 50.088951
v 2.0735612 16.413927 50.179428
v 2.0709853 16.393536 50.271374
v 2.0691381 16.378914 50.364429
v 2.0680268 16.370117 50.458229
v 1.035872 16.464714 50.552399
v 1.0360578 16.467667 50.646568
v 1.0366145 16.476517 50.740368
v 1.03754 16.491226 50.833424
v 1.0388305 16.511738 50.925373
v 1.040481 16.537971 51.01585
v 1.0424849 16.569822 51.104496
v 1.0448344 16.607168 51.190964
v 1.0475202 16.649857 51.27491
v 1.0505316 16.697721 51.356007
v 1.0538568 16.750576 51.433933
v 1.0574827 16.808207 51.508377
v 1.061395 16.87039 51.579052
v 1.0655782 16.93688 51.645672
v 1.0700158 17.007414 51.707977
v 1.0746903 17.081713 51.765724
v 1.0795833 17.159485 51.818684
v 1.0846753 17.240419 51.866642
v 1.0899464 17.324202 51.909416
v 1.0953758 17.4105 51.946835
v 1.1009419 17.498972 51.978748
v 1.1066229 17.589268 52.005035
v 1.1123964 17.681034 52.025585
v 2.0676558 16.367182 50.552399
v 2.0680268 16.370117 50.646568
v 2.0691381 16.378914 50.740368
v 2.0709853 16.393536 50.833424
v 2.0735612 16.413927 50.925373
v 2.0768557 16.440004 51.01585
v 2.0808556 16.471668 51.104496
v 2.0855453 16.508791 51.190964
v 2.0909064 16.551228 51.27491
v 2.0969174 16.59881 51.356007
v 2.1035547 16.65135 51.433933
v 2.1107922 16.708641 51.508377
v 2.1186013 16.770456 51.579052
v 2.126951 16.836552 51.645672
v 2.1358087 16.906668 51.707977
v 2.1451392 16.980526 51.765724
v 2.1549058 17.057837 51.818684
v 2.1650698 17.138292 51.866642
v 2.1755912 17.221579 51.909416
v 2.1864285 17.307365 51.946835
v 2.1975391 17.395311 51.978748
v 2.2088785 17.485075 52.005035
v 2.2204027 17.576298 52.025585
v 2.2320657 17.668619 52.040325
v 1.1182395 17.773907 49.064476
v 1.1241292 17.867521 49.055607
v 1.1300421 17.961506 49.052647
v 1.1359551 18.05549 49.055607
v 1.1418447 18.149103 49.064476
v 1.1476879 18.241976 49.079212
v 1.1534613 18.333742 49.099766
v 1.1591424 18.42404 49.126053
v 1.1647085 18.512512 49.157967
v 1.1701379 18.598808 49.195385
v 1.175409 18.68259 49.238159
v 1.180501 18.763527 49.286118
v 1.1853939 18.841297 49.339077
v 1.1900685 18.915596 49.39682
v 1.194506 18.98613 49.459129
v 1.1986892 19.05262 49.525749
v 2.2320657 17.668619 49.064476
v 2.2438219 17.761679 49.055607
v 2.2556245 17.855106 49.052647
v 2.2674272 17.948534 49.055607
v 2.2791831 18.041594 49.064476
v 2.2908463 18.133917 49.079212
v 2.3023703 18.225138 49.099766
v 2.31371 18.314901 49.126053
v 2.3248205 18.402849 49.157967
v 2.3356576 18.488634 49.195385
v 2.346179 18.57192 49.238159
v 2.3563433 18.652376 49.286118
v 2.3661098 18.729687 49.339077
v 2.3754404 18.803545 49.39682
v 2.3842978 18.873661 49.459129
v 2.3926477 18.939758 49.525749
v 1.1182395 17.773907 52.040325
v 1.1241292 17.867521 52.049191
v 2.2438219 17.761679 52.049191
v 3.1180255 16.345263 49.913837
v 3.1110141 16.308508 50.000305
v 3.1001084 16.251337 50.179428
v 3.0962572 16.23115 50.271374
v 3.0934956 16.216671 50.364429
v 3.1050339 16.277159 50.088951
v 3.0918341 16.207962 50.458229
v 3.1350274 16.434389 49.748795
v 3.1449506 16.486408 49.670868
v 4.1607647 16.205109 49.748795
v 4.1488376 16.158655 49.829887
v 3.1260405 16.387278 49.829887
v 4.1382003 16.117226 49.913837
v 4.1288948 16.080984 50.000305
v 4.1209579 16.050072 50.088951
v 4.1144209 16.024612 50.179428
v 4.1093097 16.004705 50.271374
v 4.1056442 15.990429 50.364429
v 3.1557713 16.543131 49.596424
v 3.1931727 16.739197 49.39682
v 3.2071223 16.812325 49.339077
v 3.1674461 16.604334 49.525749
v 3.1799297 16.669775 49.459129
v 3.221724 16.888868 49.286118
v 3.2369199 16.968529 49.238159
v 3.2526503 17.050989 49.195385
v 3.2688527 17.135925 49.157967
v 3.3024168 17.311874 49.099766
v 3.2854633 17.223001 49.126053
v 3.3196461 17.402193 49.079212
v 3.3370831 17.493603 49.064476
v 4.2037907 16.372684 49.525749
v 4.1882958 16.312336 49.596424
v 3.3546593 17.585739 49.055607
v 4.1739349 16.256403 49.670868
v 5.2042913 16.01716 49.596424
v 4.2203588 16.437212 49.459129
v 5.2235451 16.076418 49.525749
v 4.2379346 16.505665 49.39682
v 5.244132 16.139778 49.459129
v 4.1034393 15.981841 50.458229
v 5.1552615 15.866262 49.829887
v 5.1420436 15.825583 49.913837
v 5.1304808 15.789996 50.000305
v 5.1864467 15.962241 49.670868
v 5.1700816 15.911876 49.748795
v 5.1206188 15.759644 50.088951
v 5.1124959 15.734645 50.179428
v 5.1061449 15.715097 50.271374
v 5.1015902 15.70108 50.364429
v 4.3168721 16.813107 49.195385
v 4.338376 16.896858 49.157967
v 4.2758274 16.653248 49.286118
v 4.2564483 16.577772 49.339077
v 4.2959952 16.731796 49.238159
v 4.3604217 16.982719 49.126053
v 4.3829217 17.070354 49.099766
v 4.4057884 17.159412 49.079212
v 4.4289308 17.249546 49.064476
v 3.3723049 17.678242 49.052647
v 4.4522572 17.340397 49.055607
v 3.3899508 17.770744 49.055607
v 4.4756765 17.431608 49.052647
v 5.3640575 16.508871 49.195385
v 5.3907776 16.591108 49.157967
v 5.2659712 16.206993 49.39682
v 5.2889762 16.277796 49.339077
v 5.3130565 16.351906 49.286118
v 5.3381166 16.429033 49.238159
v 4.4990954 17.522821 49.055607
v 3.0912795 16.205055 50.552399
v 3.0918341 16.207962 50.646568
v 3.0934956 16.216671 50.740368
v 3.0962572 16.23115 50.833424
v 3.1001084 16.251337 50.925373
v 3.1050339 16.277159 51.01585
v 3.1110141 16.308508 51.104496
v 3.1180255 16.345263 51.190964
v 4.1027036 15.978975 50.552399
v 4.1034393 15.981841 50.646568
v 4.1056442 15.990429 50.740368
v 4.1093097 16.004705 50.833424
v 4.1144209 16.024612 50.925373
v 4.1209579 16.050072 51.01585
v 4.1288948 16.080984 51.104496
v 4.1382003 16.117226 51.190964
v 4.1488376 16.158655 51.27491
v 3.1260405 16.387278 51.27491
v 4.1607647 16.205109 51.356007
v 3.1350274 16.434389 51.356007
v 4.1739349 16.256403 51.433933
v 3.1449506 16.486408 51.433933
v 3.1557713 16.543131 51.508377
v 3.1674461 16.604334 51.579052
v 3.1799297 16.669775 51.645672
v 3.1931727 16.739197 51.707977
v 3.2071223 16.812325 51.765724
v 3.221724 16.888868 51.818684
v 3.2369199 16.968529 51.866642
v 3.2526503 17.050989 51.909416
v 3.2688527 17.135925 51.946835
v 3.2854633 17.223001 51.978748
v 3.3024168 17.311874 52.005035
v 3.3196461 17.402193 52.025585
v 3.3370831 17.493603 52.040325
v 4.1882958 16.312336 51.508377
v 4.2037907 16.372684 51.579052
v 4.2203588 16.437212 51.645672
v 3.3546593 17.585739 52.049191
v 5.0988503 15.692648 50.458229
v 5.0979357 15.689833 50.552399
v 5.0988503 15.692648 50.646568
v 5.1015902 15.70108 50.740368
v 5.1061449 15.715097 50.833424
v 5.1124959 15.734645 50.925373
v 5.1206188 15.759644 51.01585
v 5.1304808 15.789996 51.104496
v 5.1420436 15.825583 51.190964
v 5.1552615 15.866262 51.27491
v 5.1700816 15.911876 51.356007
v 5.1864467 15.962241 51.433933
v 5.2042913 16.01716 51.508377
v 5.2235451 16.076418 51.579052
v 5.244132 16.139778 51.645672
v 5.2659712 16.206993 51.707977
v 4.2379346 16.505665 51.707977
v 4.2564483 16.577772 51.765724
v 4.2758274 16.653248 51.818684
v 4.2959952 16.731796 51.866642
v 4.3168721 16.813107 51.909416
v 4.338376 16.896858 51.946835
v 4.3604217 16.982719 51.978748
v 4.3829217 17.070354 52.005035
v 4.4057884 17.159412 52.025585
v 4.4289308 17.249546 52.040325
v 4.4522572 17.340397 52.049191
v 5.2889762 16.277796 51.765724
v 5.3130565 16.351906 51.818684
v 5.3381166 16.429033 51.866642
v 5.3640575 16.508871 51.909416
v 5.3907776 16.591108 51.946835
v 5.4181709 16.675415 51.978748
v 3.4075267 17.862881 49.064476
v 3.424964 17.954288 49.079212
v 3.442193 18.044609 49.099766
v 3.4591465 18.133482 49.126053
v 3.4757574 18.220558 49.157967
v 3.4919598 18.305494 49.195385
v 3.50769 18.387955 49.238159
v 3.5228858 18.467615 49.286118
v 3.5374875 18.544159 49.339077
v 3.5514374 18.617287 49.39682
v 3.5646801 18.686707 49.459129
v 3.5771637 18.75215 49.525749
v 4.5224223 17.613672 49.064476
v 4.5455647 17.703806 49.079212
v 4.5684309 17.792864 49.099766
v 4.5909314 17.880497 49.126053
v 4.612977 17.96636 49.157967
v 4.6344805 18.05011 49.195385
v 4.6553578 18.13142 49.238159
v 4.6755252 18.209969 49.286118
v 4.6949043 18.285446 49.339077
v 4.7134185 18.357553 49.39682
v 4.7309942 18.426006 49.459129
v 4.7475619 18.490534 49.525749
v 7.0554481 14.99359 50.088951
v 7.0442562 14.969807 50.179428
v 6.1000705 15.40702 50.088951
v 7.0355053 14.95121 50.271374
v 6.090394 15.38258 50.179428
v 7.0292296 14.937874 50.364429
v 6.082828 15.36347 50.271374
v 7.0254545 14.929852 50.458229
v 6.0774026 15.349767 50.364429
v 7.0241947 14.927174 50.552399
v 6.0741386 15.341522 50.458229
v 7.0254545 14.929852 50.646568
v 6.0730491 15.338771 50.552399
v 7.0292296 14.937874 50.740368
v 6.0741386 15.341522 50.646568
v 7.0355053 14.95121 50.833424
v 6.0774026 15.349767 50.740368
v 7.0442562 14.969807 50.925373
v 6.082828 15.36347 50.833424
v 7.0554481 14.99359 51.01585
v 6.090394 15.38258 50.925373
v 7.1972651 15.294968 49.525749
v 8.1134253 14.758266 49.596424
v 7.1707363 15.23859 49.596424
v 8.1434422 14.812866 49.525749
v 7.2256312 15.355247 49.459129
v 8.1755371 14.871246 49.459129
v 8.2095842 14.933178 49.39682
v 7.255722 15.419194 49.39682
v 7.123601 15.138423 49.748795
v 8.0369883 14.619228 49.829887
v 7.1031804 15.095027 49.829887
v 8.0856066 14.707664 49.670868
v 7.1461492 15.18634 49.670868
v 8.0600939 14.661256 49.748795
v 7.0849686 15.056325 49.913837
v 8.0163822 14.581745 49.913837
v 7.9983563 14.548956 50.000305
v 7.069037 15.022468 50.000305
v 7.9604168 14.479944 50.271374
v 7.9533162 14.467029 50.364429
v 7.9490447 14.459258 50.458229
v 7.9829812 14.520988 50.088951
v 7.9703178 14.497954 50.179428
v 8.9390783 14.085733 49.829887
v 9.7807484 13.462045 49.913837
v 8.9161596 14.049619 49.913837
v 9.7587547 13.431773 50.000305
v 8.8961096 14.018025 50.000305
v 9.739995 13.405953 50.088951
v 8.8790092 13.991079 50.088951
v 8.8649244 13.968885 50.179428
v 9.7245455 13.384688 50.179428
v 9.7124643 13.36806 50.271374
v 8.8539114 13.951532 50.271374
v 9.7038012 13.356136 50.364429
v 8.846014 13.939088 50.364429
v 9.0931778 14.328555 49.459129
v 9.0574808 14.272305 49.525749
v 9.0240946 14.219698 49.596424
v 8.3624992 15.21133 49.195385
v 8.4041557 15.287103 49.157967
v 9.3011255 14.656228 49.195385
v 8.4468613 15.364784 49.126053
v 9.3474569 14.729236 49.157967
v 8.2454481 14.998415 49.339077
v 9.1310463 14.388227 49.39682
v 8.2829895 15.066701 49.286118
v 8.3220577 15.137767 49.238159
v 9.2126904 14.516877 49.286118
v 9.1709366 14.451083 49.339077
v 9.2561436 14.585349 49.238159
v 9.9357729 13.675418 49.525749
v 9.9749317 13.729316 49.459129
v 9.8991499 13.625011 49.596424
v 9.3949566 14.804083 49.126053
v 8.490449 15.444069 49.099766
v 9.4434357 14.880474 49.099766
v 8.5347443 15.524643 49.079212
v 9.4927034 14.958108 49.079212
v 8.964777 14.126227 49.748795
v 8.9931526 14.170941 49.670868
v 8.8412638 13.931602 50.458229
v 9.8340797 13.53545 49.748795
v 9.8058901 13.49665 49.829887
v 9.8652077 13.578294 49.670868
v 7.947619 14.456665 50.552399
v 7.9490447 14.459258 50.646568
v 7.9533162 14.467029 50.740368
v 7.9604168 14.479944 50.833424
v 7.9703178 14.497954 50.925373
v 7.9829812 14.520988 51.01585
v 7.9983563 14.548956 51.104496
v 7.069037 15.022468 51.104496
v 8.0163822 14.581745 51.190964
v 7.0849686 15.056325 51.190964
v 8.0369883 14.619228 51.27491
v 7.1031804 15.095027 51.27491
v 8.0600939 14.661256 51.356007
v 7.123601 15.138423 51.356007
v 8.0856066 14.707664 51.433933
v 7.1461492 15.18634 51.433933
v 8.1134253 14.758266 51.508377
v 7.1707363 15.23859 51.508377
v 8.1434422 14.812866 51.579052
v 7.1972651 15.294968 51.579052
v 8.1755371 14.871246 51.645672
v 8.2095842 14.933178 51.707977
v 7.2256312 15.355247 51.645672
v 8.2454481 14.998415 51.765724
v 7.255722 15.419194 51.707977
v 9.6985893 13.348964 50.458229
v 9.6968498 13.346569 50.552399
v 8.8396778 13.929103 50.552399
v 9.6985893 13.348964 50.646568
v 8.8412638 13.931602 50.646568
v 9.7038012 13.356136 50.740368
v 8.846014 13.939088 50.740368
v 9.7124643 13.36806 50.833424
v 8.8539114 13.951532 50.833424
v 9.7245455 13.384688 50.925373
v 8.8649244 13.968885 50.925373
v 9.739995 13.405953 51.01585
v 8.8790092 13.991079 51.01585
v 9.7587547 13.431773 51.104496
v 8.8961096 14.018025 51.104496
v 9.7807484 13.462045 51.190964
v 8.9161596 14.049619 51.190964
v 8.9390783 14.085733 51.27491
v 8.964777 14.126227 51.356007
v 8.9931526 14.170941 51.433933
v 9.0240946 14.219698 51.508377
v 9.0574808 14.272305 51.579052
v 9.0931778 14.328555 51.645672
v 9.1310463 14.388227 51.707977
v 9.1709366 14.451083 51.765724
v 9.2126904 14.516877 51.818684
v 8.2829895 15.066701 51.818684
v 9.2561436 14.585349 51.866642
v 8.3220577 15.137767 51.866642
v 9.3011255 14.656228 51.909416
v 8.3624992 15.21133 51.909416
v 9.3474569 14.729236 51.946835
v 8.4041557 15.287103 51.946835
v 9.8058901 13.49665 51.27491
v 9.8340797 13.53545 51.356007
v 9.8652077 13.578294 51.433933
v 9.8991499 13.625011 51.508377
v 9.9357729 13.675418 51.579052
v 9.9749317 13.729316 51.645672
v 10.016473 13.786491 51.707977
v 9.3949566 14.804083 51.978748
v 9.4434357 14.880474 52.005035
v 8.4468613 15.364784 51.978748
v 8.490449 15.444069 52.005035
v 9.4927034 14.958108 52.025585
v 6.1997476 15.658775 49.596424
v 6.2226839 15.716706 49.525749
v 6.2472091 15.778649 49.459129
v 6.2732253 15.844359 49.39682
v 6.300631 15.913577 49.339077
v 6.3293166 15.98603 49.286118
v 6.3591704 16.061432 49.238159
v 6.1413393 15.511253 49.829887
v 6.1255937 15.471483 49.913837
v 6.1118193 15.436693 50.000305
v 6.1784897 15.605083 49.670868
v 6.1589947 15.555845 49.748795
v 5.4461293 16.761463 49.099766
v 5.4181709 16.675415 49.126053
v 5.4745431 16.848911 49.079212
v 5.5032992 16.937412 49.064476
v 5.5322843 17.026621 49.055607
v 5.5613847 17.116182 49.052647
v 5.5904846 17.205742 49.055607
v 5.6194701 17.29495 49.064476
v 5.6482263 17.383453 49.079212
v 6.3900738 16.139484 49.195385
v 6.4219046 16.219879 49.157967
v 6.487844 16.386423 49.099766
v 6.4545374 16.302301 49.126053
v 6.5216918 16.471914 49.079212
v 6.5559483 16.558435 49.064476
v 5.6766396 17.4709 49.099766
v 5.7045979 17.556948 49.126053
v 7.2874198 15.486555 49.339077
v 7.3205986 15.557064 49.286118
v 7.3551278 15.630442 49.238159
v 7.3908706 15.7064 49.195385
v 7.4276872 15.784638 49.157967
v 7.4654307 15.864848 49.126053
v 7.5039535 15.946713 49.099766
v 7.5431027 16.029909 49.079212
v 6.5904779 16.645647 49.055607
v 6.6251445 16.733204 49.052647
v 6.6598105 16.820763 49.055607
v 6.6943402 16.907974 49.064476
v 6.7285967 16.994495 49.079212
v 6.762445 17.079987 49.099766
v 5.7319913 17.641256 49.157967
v 6.7957511 17.164108 49.126053
v 5.7587113 17.723492 49.195385
v 6.8283844 17.246531 49.157967
v 5.7846527 17.803329 49.238159
v 6.8602152 17.326925 49.195385
v 7.5827246 16.114109 49.064476
v 7.6226621 16.198982 49.055607
v 7.6627579 16.284189 49.052647
v 7.7028537 16.369396 49.055607
v 7.7427907 16.454268 49.064476
v 6.8911185 17.404978 49.238159
v 5.8097129 17.880457 49.286118
v 6.9209719 17.480379 49.286118
v 6.1000705 15.40702 51.01585
v 6.1118193 15.436693 51.104496
v 6.1255937 15.471483 51.190964
v 6.1413393 15.511253 51.27491
v 6.1589947 15.555845 51.356007
v 6.1784897 15.605083 51.433933
v 6.1997476 15.658775 51.508377
v 6.2226839 15.716706 51.579052
v 6.2472091 15.778649 51.645672
v 6.2732253 15.844359 51.707977
v 6.300631 15.913577 51.765724
v 6.3293166 15.98603 51.818684
v 6.3591704 16.061432 51.866642
v 6.3900738 16.139484 51.909416
v 5.4461293 16.761463 52.005035
v 5.4745431 16.848911 52.025585
v 5.5032992 16.937412 52.040325
v 5.5322843 17.026621 52.049191
v 6.4219046 16.219879 51.946835
v 6.4545374 16.302301 51.978748
v 6.487844 16.386423 52.005035
v 6.5216918 16.471914 52.025585
v 6.5559483 16.558435 52.040325
v 6.5904779 16.645647 52.049191
v 7.2874198 15.486555 51.765724
v 7.3205986 15.557064 51.818684
v 7.3551278 15.630442 51.866642
v 7.3908706 15.7064 51.909416
v 7.4276872 15.784638 51.946835
v 7.4654307 15.864848 51.978748
v 7.5039535 15.946713 52.005035
v 7.5431027 16.029909 52.025585
v 7.5827246 16.114109 52.040325
v 7.6226621 16.198982 52.049191
v 5.8337927 17.954569 49.339077
v 5.8567977 18.02537 49.39682
v 5.8786368 18.092585 49.459129
v 5.8992243 18.155945 49.525749
v 6.9496579 17.552832 49.339077
v 6.9770632 17.622049 49.39682
v 7.0030794 17.687759 49.459129
v 7.0276046 17.749702 49.525749
v 8.5795755 15.606189 49.064476
v 8.6247625 15.688385 49.055607
v 8.6701298 15.770907 49.052647
v 8.715497 15.85343 49.055607
v 7.7824125 16.538469 49.079212
v 8.760684 15.935626 49.064476
v 8.8055143 16.017172 49.079212
v 7.8215618 16.621666 49.099766
v 7.8600845 16.703529 49.126053
v 7.8978286 16.783739 49.157967
v 7.9346447 16.861979 49.195385
v 7.9703879 16.937937 49.238159
v 8.0049171 17.011314 49.286118
v 8.0380955 17.081823 49.339077
v 8.0697927 17.149183 49.39682
v 8.099884 17.213131 49.459129
v 8.8498106 16.097746 49.099766
v 8.8933983 16.177031 49.126053
v 8.1282501 17.273411 49.525749
v 9.5425663 15.036678 49.064476
v 9.5928259 15.115874 49.055607
v 9.6432848 15.195385 49.052647
v 9.6937437 15.274896 49.055607
v 9.7440033 15.354093 49.064476
v 9.7938652 15.432663 49.079212
v 9.8431339 15.510297 49.099766
v 8.9361038 16.254713 49.157967
v 9.891613 15.586688 49.126053
v 8.9777603 16.330484 49.195385
v 9.9391117 15.661534 49.157967
v 9.0182018 16.404049 49.238159
v 9.9854441 15.734542 49.195385
v 9.0572701 16.475113 49.286118
v 10.030425 15.805421 49.238159
v 9.0948105 16.5434 49.339077
v 10.073879 15.873893 49.286118
v 9.1306753 16.608637 49.39682
v 9.1647224 16.670568 49.459129
v 9.1968174 16.728949 49.525749
v 8.5347443 15.524643 52.025585
v 8.5795755 15.606189 52.040325
v 8.6247625 15.688385 52.049191
v 9.5425663 15.036678 52.040325
v 9.5928259 15.115874 52.049191
v 13.951532 8.8539114 50.271374
v 14.467029 7.9533162 50.364429
v 13.939088 8.846014 50.364429
v 14.328555 9.0931778 49.459129
v 14.272305 9.0574808 49.525749
v 13.729316 9.9749317 49.459129
v 14.219698 9.0240946 49.596424
v 13.675418 9.9357729 49.525749
v 14.388227 9.1310463 49.39682
v 13.786491 10.016473 49.39682
v 13.84672 10.06023 49.339077
v 13.625011 9.8991499 49.596424
v 14.451083 9.1709366 49.339077
v 13.909762 10.106033 49.286118
v 12.8543 10.634002 49.829887
v 13.49665 9.8058901 49.829887
v 13.462045 9.7807484 49.913837
v 12.821342 10.606737 49.913837
v 13.431773 9.7587547 50.000305
v 12.76792 10.562543 50.088951
v 13.405953 9.739995 50.088951
v 13.384688 9.7245455 50.179428
v 12.792511 10.582886 50.000305
v 12.747667 10.545788 50.179428
v 13.36806 9.7124643 50.271374
v 12.731831 10.532686 50.271374
v 13.356136 9.7038012 50.364429
v 12.720474 10.523292 50.364429
v 13.348964 9.6985893 50.458229
v 14.126227 8.964777 49.748795
v 13.578294 9.8652077 49.670868
v 14.170941 8.9931526 49.670868
v 14.085733 8.9390783 49.829887
v 13.53545 9.8340797 49.748795
v 14.049619 8.9161596 49.913837
v 14.018025 8.8961096 50.000305
v 13.931602 8.8412638 50.458229
v 13.968885 8.8649244 50.179428
v 13.991079 8.8790092 50.088951
v 14.459258 7.9490447 50.458229
v 14.456665 7.947619 50.552399
v 13.929103 8.8396778 50.552399
v 14.459258 7.9490447 50.646568
v 13.931602 8.8412638 50.646568
v 14.467029 7.9533162 50.740368
v 13.939088 8.846014 50.740368
v 12.713643 10.51764 50.458229
v 13.346569 9.6968498 50.552399
v 12.711363 10.515754 50.552399
v 13.348964 9.6985893 50.646568
v 12.713643 10.51764 50.646568
v 13.356136 9.7038012 50.740368
v 12.720474 10.523292 50.740368
v 13.36806 9.7124643 50.833424
v 12.731831 10.532686 50.833424
v 13.384688 9.7245455 50.925373
v 12.747667 10.545788 50.925373
v 13.405953 9.739995 51.01585
v 12.76792 10.562543 51.01585
v 13.431773 9.7587547 51.104496
v 12.792511 10.582886 51.104496
v 13.462045 9.7807484 51.190964
v 12.821342 10.606737 51.190964
v 13.49665 9.8058901 51.27491
v 13.951532 8.8539114 50.833424
v 13.968885 8.8649244 50.925373
v 13.991079 8.8790092 51.01585
v 14.018025 8.8961096 51.104496
v 14.049619 8.9161596 51.190964
v 14.085733 8.9390783 51.27491
v 14.126227 8.964777 51.356007
v 14.170941 8.9931526 51.433933
v 13.53545 9.8340797 51.356007
v 14.219698 9.0240946 51.508377
v 13.578294 9.8652077 51.433933
v 14.272305 9.0574808 51.579052
v 13.625011 9.8991499 51.508377
v 14.328555 9.0931778 51.645672
v 13.675418 9.9357729 51.579052
v 13.729316 9.9749317 51.645672
v 14.388227 9.1310463 51.707977
v 13.786491 10.016473 51.707977
v 14.451083 9.1709366 51.765724
v 13.84672 10.06023 51.765724
v 14.516877 9.2126904 51.818684
v 13.909762 10.106033 51.818684
v 16.413927 2.0735612 50.179428
v 16.511738 1.0388305 50.179428
v 16.491226 1.03754 50.271374
v 16.393536 2.0709853 50.271374
v 16.476517 1.0366145 50.364429
v 16.378914 2.0691381 50.364429
v 16.467667 1.0360578 50.458229
v 16.440004 2.0768557 50.088951
v 16.471668 2.0808556 50.000305
v 16.345263 3.1180255 49.913837
v 16.508791 2.0855453 49.913837
v 16.277159 3.1050339 50.088951
v 16.308508 3.1110141 50.000305
v 16.251337 3.1001084 50.179428
v 16.370117 2.0680268 50.458229
v 16.216671 3.0934956 50.364429
v 16.23115 3.0962572 50.271374
v 16.464714 1.035872 50.552399
v 16.467667 1.0360578 50.646568
v 16.367182 2.0676558 50.552399
v 16.476517 1.0366145 50.740368
v 16.370117 2.0680268 50.646568
v 16.378914 2.0691381 50.740368
v 16.491226 1.03754 50.833424
v 16.393536 2.0709853 50.833424
v 16.511738 1.0388305 50.925373
v 16.413927 2.0735612 50.925373
v 16.537971 1.040481 51.01585
v 16.440004 2.0768557 51.01585
v 16.207962 3.0918341 50.458229
v 16.205055 3.0912795 50.552399
v 16.207962 3.0918341 50.646568
v 16.216671 3.0934956 50.740368
v 16.23115 3.0962572 50.833424
v 16.251337 3.1001084 50.925373
v 16.471668 2.0808556 51.104496
v 16.277159 3.1050339 51.01585
v 16.508791 2.0855453 51.190964
v 16.308508 3.1110141 51.104496
v 16.345263 3.1180255 51.190964
v 16.551228 2.0909064 51.27491
v 16.434389 3.1350274 49.748795
v 16.551228 2.0909064 49.829887
v 16.387278 3.1260405 49.829887
v 16.158655 4.1488376 49.829887
v 16.117226 4.1382003 49.913837
v 16.256403 4.1739349 49.670868
v 16.486408 3.1449506 49.670868
v 16.312336 4.1882958 49.596424
v 16.543131 3.1557713 49.596424
v 16.205109 4.1607647 49.748795
v 16.024612 4.1144209 50.179428
v 16.004705 4.1093097 50.271374
v 15.990429 4.1056442 50.364429
v 16.050072 4.1209579 50.088951
v 16.080984 4.1288948 50.000305
v 16.437212 4.2203588 49.459129
v 16.604334 3.1674461 49.525749
v 16.372684 4.2037907 49.525749
v 16.01716 5.2042913 49.596424
v 16.076418 5.2235451 49.525749
v 16.505665 4.2379346 49.39682
v 16.277796 5.2889762 49.339077
v 16.577772 4.2564483 49.339077
v 16.139778 5.244132 49.459129
v 16.206993 5.2659712 49.39682
v 16.351906 5.3130565 49.286118
v 15.759644 5.1206188 50.088951
v 15.789996 5.1304808 50.000305
v 15.734645 5.1124959 50.179428
v 15.715097 5.1061449 50.271374
v 15.70108 5.1015902 50.364429
v 15.962241 5.1864467 49.670868
v 15.911876 5.1700816 49.748795
v 15.825583 5.1420436 49.913837
v 15.866262 5.1552615 49.829887
v 15.981841 4.1034393 50.458229
v 15.978975 4.1027036 50.552399
v 15.981841 4.1034393 50.646568
v 15.990429 4.1056442 50.740368
v 16.004705 4.1093097 50.833424
v 16.024612 4.1144209 50.925373
v 16.050072 4.1209579 51.01585
v 16.080984 4.1288948 51.104496
v 16.387278 3.1260405 51.27491
v 16.117226 4.1382003 51.190964
v 16.59881 2.0969174 51.356007
v 16.434389 3.1350274 51.356007
v 16.158655 4.1488376 51.27491
v 16.486408 3.1449506 51.433933
v 16.205109 4.1607647 51.356007
v 16.256403 4.1739349 51.433933
v 16.543131 3.1557713 51.508377
v 15.692648 5.0988503 50.458229
v 15.689833 5.0979357 50.552399
v 15.692648 5.0988503 50.646568
v 15.70108 5.1015902 50.740368
v 15.715097 5.1061449 50.833424
v 15.734645 5.1124959 50.925373
v 15.759644 5.1206188 51.01585
v 15.789996 5.1304808 51.104496
v 15.825583 5.1420436 51.190964
v 16.312336 4.1882958 51.508377
v 16.604334 3.1674461 51.579052
v 16.372684 4.2037907 51.579052
v 15.866262 5.1552615 51.27491
v 15.911876 5.1700816 51.356007
v 15.962241 5.1864467 51.433933
v 16.01716 5.2042913 51.508377
v 16.076418 5.2235451 51.579052
v 16.437212 4.2203588 51.645672
v 16.139778 5.244132 51.645672
v 16.505665 4.2379346 51.707977
v 16.577772 4.2564483 51.765724
v 16.206993 5.2659712 51.707977
v 16.277796 5.2889762 51.765724
v 16.653248 4.2758274 51.818684
v 16.351906 5.3130565 51.818684
v 16.87039 1.061395 49.525749
v 16.93688 1.0655782 49.459129
v 17.007414 1.0700158 49.39682
v 17.081713 1.0746903 49.339077
v 16.808207 1.0574827 49.596424
v 17.4105 1.0953758 49.157967
v 17.498972 1.1009419 49.126053
v 17.589268 1.1066229 49.099766
v 17.159485 1.0795833 49.286118
v 17.240419 1.0846753 49.238159
v 17.324202 1.0899464 49.195385
v 17.681034 1.1123964 49.079212
v 16.750576 1.0538568 49.670868
v 16.697721 1.0505316 49.748795
v 16.607168 1.0448344 49.913837
v 16.649857 1.0475202 49.829887
v 16.569822 1.0424849 50.000305
v 16.537971 1.040481 50.088951
v 16.708641 2.1107922 49.596424
v 16.770456 2.1186013 49.525749
v 16.980526 2.1451392 49.339077
v 16.836552 2.126951 49.459129
v 16.906668 2.1358087 49.39682
v 17.057837 2.1549058 49.286118
v 16.669775 3.1799297 49.459129
v 16.812325 3.2071223 49.339077
v 16.888868 3.221724 49.286118
v 16.968529 3.2369199 49.238159
v 17.138292 2.1650698 49.238159
v 16.739197 3.1931727 49.39682
v 17.307365 2.1864285 49.157967
v 17.221579 2.1755912 49.195385
v 17.395311 2.1975391 49.126053
v 17.576298 2.2204027 49.079212
v 17.485075 2.2088785 49.099766
v 17.668619 2.2320657 49.064476
v 16.65135 2.1035547 49.670868
v 16.59881 2.0969174 49.748795
v 17.773907 1.1182395 49.064476
v 17.867521 1.1241292 49.055607
v 17.961506 1.1300421 49.052647
v 18.05549 1.1359551 49.055607
v 18.149103 1.1418447 49.064476
v 18.241976 1.1476879 49.079212
v 18.333742 1.1534613 49.099766
v 18.42404 1.1591424 49.126053
v 18.512512 1.1647085 49.157967
v 18.598808 1.1701379 49.195385
v 18.68259 1.175409 49.238159
v 18.763527 1.180501 49.286118
v 18.841297 1.1853939 49.339077
v 17.761679 2.2438219 49.055607
v 17.855106 2.2556245 49.052647
v 17.948534 2.2674272 49.055607
v 18.041594 2.2791831 49.064476
v 18.133917 2.2908463 49.079212
v 18.225138 2.3023703 49.099766
v 18.314901 2.31371 49.126053
v 18.402849 2.3248205 49.157967
v 18.488634 2.3356576 49.195385
v 18.57192 2.346179 49.238159
v 18.652376 2.3563433 49.286118
v 18.729687 2.3661098 49.339077
v 18.803545 2.3754404 49.39682
v 16.569822 1.0424849 51.104496
v 16.607168 1.0448344 51.190964
v 16.649857 1.0475202 51.27491
v 16.697721 1.0505316 51.356007
v 16.750576 1.0538568 51.433933
v 16.808207 1.0574827 51.508377
v 16.87039 1.061395 51.579052
v 16.93688 1.0655782 51.645672
v 17.007414 1.0700158 51.707977
v 17.081713 1.0746903 51.765724
v 17.159485 1.0795833 51.818684
v 17.240419 1.0846753 51.866642
v 17.324202 1.0899464 51.909416
v 17.4105 1.0953758 51.946835
v 17.498972 1.1009419 51.978748
v 17.589268 1.1066229 52.005035
v 16.65135 2.1035547 51.433933
v 16.708641 2.1107922 51.508377
v 16.770456 2.1186013 51.579052
v 16.836552 2.126951 51.645672
v 16.906668 2.1358087 51.707977
v 16.980526 2.1451392 51.765724
v 16.669775 3.1799297 51.645672
v 16.739197 3.1931727 51.707977
v 17.057837 2.1549058 51.818684
v 16.812325 3.2071223 51.765724
v 17.138292 2.1650698 51.866642
v 16.888868 3.221724 51.818684
v 17.221579 2.1755912 51.909416
v 17.307365 2.1864285 51.946835
v 17.395311 2.1975391 51.978748
v 17.681034 1.1123964 52.025585
v 17.485075 2.2088785 52.005035
v 17.576298 2.2204027 52.025585
v 17.773907 1.1182395 52.040325
v 17.867521 1.1241292 52.049191
v 17.668619 2.2320657 52.040325
v 17.761679 2.2438219 52.049191
v 17.050989 3.2526503 49.195385
v 16.896858 4.338376 49.157967
v 17.135925 3.2688527 49.157967
v 16.653248 4.2758274 49.286118
v 16.731796 4.2959952 49.238159
v 16.813107 4.3168721 49.195385
v 17.223001 3.2854633 49.126053
v 17.311874 3.3024168 49.099766
v 17.402193 3.3196461 49.079212
v 17.493603 3.3370831 49.064476
v 17.585739 3.3546593 49.055607
v 16.982719 4.3604217 49.126053
v 17.070354 4.3829217 49.099766
v 17.159412 4.4057884 49.079212
v 17.249546 4.4289308 49.064476
v 17.340397 4.4522572 49.055607
v 17.431608 4.4756765 49.052647
v 17.678242 3.3723049 49.052647
v 16.591108 5.3907776 49.157967
v 16.508871 5.3640575 49.195385
v 16.675415 5.4181709 49.126053
v 16.848911 5.4745431 49.079212
v 16.761463 5.4461293 49.099766
v 16.429033 5.3381166 49.238159
v 17.522821 4.4990954 49.055607
v 17.613672 4.5224223 49.064476
v 17.770744 3.3899508 49.055607
v 16.937412 5.5032992 49.064476
v 17.026621 5.5322843 49.055607
v 17.116182 5.5613847 49.052647
v 17.205742 5.5904846 49.055607
v 17.29495 5.6194701 49.064476
v 17.383453 5.6482263 49.079212
v 17.703806 4.5455647 49.079212
v 17.862881 3.4075267 49.064476
v 17.954288 3.424964 49.079212
v 18.044609 3.442193 49.099766
v 18.133482 3.4591465 49.126053
v 18.220558 3.4757574 49.157967
v 18.305494 3.4919598 49.195385
v 18.387955 3.50769 49.238159
v 18.467615 3.5228858 49.286118
v 18.544159 3.5374875 49.339077
v 18.617287 3.5514374 49.39682
v 18.686707 3.5646801 49.459129
v 18.873661 2.3842978 49.459129
v 18.75215 3.5771637 49.525749
v 17.792864 4.5684309 49.099766
v 17.880497 4.5909314 49.126053
v 17.96636 4.612977 49.157967
v 18.05011 4.6344805 49.195385
v 18.13142 4.6553578 49.238159
v 17.4709 5.6766396 49.099766
v 17.556948 5.7045979 49.126053
v 17.641256 5.7319913 49.157967
v 17.723492 5.7587113 49.195385
v 17.803329 5.7846527 49.238159
v 18.209969 4.6755252 49.286118
v 18.285446 4.6949043 49.339077
v 18.357553 4.7134185 49.39682
v 18.426006 4.7309942 49.459129
v 18.490534 4.7475619 49.525749
v 16.968529 3.2369199 51.866642
v 17.050989 3.2526503 51.909416
v 16.731796 4.2959952 51.866642
v 17.135925 3.2688527 51.946835
v 16.813107 4.3168721 51.909416
v 17.223001 3.2854633 51.978748
v 17.311874 3.3024168 52.005035
v 17.402193 3.3196461 52.025585
v 17.493603 3.3370831 52.040325
v 17.585739 3.3546593 52.049191
v 16.896858 4.338376 51.946835
v 16.982719 4.3604217 51.978748
v 17.070354 4.3829217 52.005035
v 17.159412 4.4057884 52.025585
v 17.249546 4.4289308 52.040325
v 17.340397 4.4522572 52.049191
v 16.429033 5.3381166 51.866642
v 16.508871 5.3640575 51.909416
v 16.591108 5.3907776 51.946835
v 16.675415 5.4181709 51.978748
v 16.761463 5.4461293 52.005035
v 16.848911 5.4745431 52.025585
v 16.937412 5.5032992 52.040325
v 17.026621 5.5322843 52.049191
v 15.294968 7.1972651 49.525749
v 15.23859 7.1707363 49.596424
v 14.812866 8.1434422 49.525749
v 14.871246 8.1755371 49.459129
v 15.355247 7.2256312 49.459129
v 14.933178 8.2095842 49.39682
v 15.419194 7.255722 49.39682
v 15.555845 6.1589947 49.748795
v 15.138423 7.123601 49.748795
v 15.18634 7.1461492 49.670868
v 15.511253 6.1413393 49.829887
v 15.095027 7.1031804 49.829887
v 15.471483 6.1255937 49.913837
v 15.056325 7.0849686 49.913837
v 15.436693 6.1118193 50.000305
v 15.022468 7.069037 50.000305
v 15.40702 6.1000705 50.088951
v 14.99359 7.0554481 50.088951
v 15.38258 6.090394 50.179428
v 14.969807 7.0442562 50.179428
v 15.36347 6.082828 50.271374
v 14.95121 7.0355053 50.271374
v 15.349767 6.0774026 50.364429
v 14.937874 7.0292296 50.364429
v 15.341522 6.0741386 50.458229
v 14.661256 8.0600939 49.748795
v 14.619228 8.0369883 49.829887
v 14.581745 8.0163822 49.913837
v 14.758266 8.1134253 49.596424
v 14.707664 8.0856066 49.670868
v 14.548956 7.9983563 50.000305
v 14.520988 7.9829812 50.088951
v 14.497954 7.9703178 50.179428
v 14.479944 7.9604168 50.271374
v 14.929852 7.0254545 50.458229
v 15.716706 6.2226839 49.525749
v 15.778649 6.2472091 49.459129
v 15.658775 6.1997476 49.596424
v 15.913577 6.300631 49.339077
v 15.844359 6.2732253 49.39682
v 15.98603 6.3293166 49.286118
v 16.061432 6.3591704 49.238159
v 16.219879 6.4219046 49.157967
v 16.139484 6.3900738 49.195385
v 16.302301 6.4545374 49.126053
v 16.386423 6.487844 49.099766
v 15.605083 6.1784897 49.670868
v 15.486555 7.2874198 49.339077
v 15.557064 7.3205986 49.286118
v 15.7064 7.3908706 49.195385
v 15.784638 7.4276872 49.157967
v 15.630442 7.3551278 49.238159
v 15.864848 7.4654307 49.126053
v 16.029909 7.5431027 49.079212
v 16.471914 6.5216918 49.079212
v 15.946713 7.5039535 49.099766
v 16.114109 7.5827246 49.064476
v 16.558435 6.5559483 49.064476
v 16.198982 7.6226621 49.055607
v 16.645647 6.5904779 49.055607
v 16.284189 7.6627579 49.052647
v 16.369396 7.7028537 49.055607
v 16.733204 6.6251445 49.052647
v 15.338771 6.0730491 50.552399
v 14.927174 7.0241947 50.552399
v 15.341522 6.0741386 50.646568
v 14.929852 7.0254545 50.646568
v 15.349767 6.0774026 50.740368
v 14.937874 7.0292296 50.740368
v 15.36347 6.082828 50.833424
v 14.95121 7.0355053 50.833424
v 15.38258 6.090394 50.925373
v 14.969807 7.0442562 50.925373
v 15.40702 6.1000705 51.01585
v 14.99359 7.0554481 51.01585
v 15.436693 6.1118193 51.104496
v 15.022468 7.069037 51.104496
v 15.471483 6.1255937 51.190964
v 15.056325 7.0849686 51.190964
v 14.479944 7.9604168 50.833424
v 14.497954 7.9703178 50.925373
v 14.520988 7.9829812 51.01585
v 14.548956 7.9983563 51.104496
v 14.581745 8.0163822 51.190964
v 15.095027 7.1031804 51.27491
v 15.511253 6.1413393 51.27491
v 15.555845 6.1589947 51.356007
v 15.138423 7.123601 51.356007
v 14.619228 8.0369883 51.27491
v 14.661256 8.0600939 51.356007
v 15.18634 7.1461492 51.433933
v 14.707664 8.0856066 51.433933
v 15.23859 7.1707363 51.508377
v 15.294968 7.1972651 51.579052
v 14.758266 8.1134253 51.508377
v 15.355247 7.2256312 51.645672
v 14.812866 8.1434422 51.579052
v 14.871246 8.1755371 51.645672
v 15.419194 7.255722 51.707977
v 15.605083 6.1784897 51.433933
v 15.658775 6.1997476 51.508377
v 15.716706 6.2226839 51.579052
v 15.778649 6.2472091 51.645672
v 15.844359 6.2732253 51.707977
v 15.913577 6.300631 51.765724
v 15.98603 6.3293166 51.818684
v 16.061432 6.3591704 51.866642
v 16.139484 6.3900738 51.909416
v 16.219879 6.4219046 51.946835
v 16.302301 6.4545374 51.978748
v 15.486555 7.2874198 51.765724
v 15.557064 7.3205986 51.818684
v 15.630442 7.3551278 51.866642
v 15.7064 7.3908706 51.909416
v 15.784638 7.4276872 51.946835
v 16.386423 6.487844 52.005035
v 15.864848 7.4654307 51.978748
v 16.471914 6.5216918 52.025585
v 15.946713 7.5039535 52.005035
v 16.558435 6.5559483 52.040325
v 16.029909 7.5431027 52.025585
v 16.114109 7.5827246 52.040325
v 16.645647 6.5904779 52.049191
v 16.198982 7.6226621 52.049191
v 14.998415 8.2454481 49.339077
v 15.066701 8.2829895 49.286118
v 15.137767 8.3220577 49.238159
v 15.21133 8.3624992 49.195385
v 14.729236 9.3474569 49.157967
v 15.287103 8.4041557 49.157967
v 14.804083 9.3949566 49.126053
v 15.364784 8.4468613 49.126053
v 15.444069 8.490449 49.099766
v 14.880474 9.4434357 49.099766
v 14.516877 9.2126904 49.286118
v 14.656228 9.3011255 49.195385
v 14.585349 9.2561436 49.238159
v 14.043285 10.203044 49.195385
v 14.113239 10.253868 49.157967
v 14.184956 10.305974 49.126053
v 14.258152 10.359154 49.099766
v 14.33254 10.413199 49.079212
v 13.97537 10.153701 49.238159
v 14.958108 9.4927034 49.079212
v 15.524643 8.5347443 49.079212
v 15.036678 9.5425663 49.064476
v 15.606189 8.5795755 49.064476
v 15.115874 9.5928259 49.055607
v 14.407824 10.467896 49.064476
v 14.483708 10.52303 49.055607
v 14.559894 10.578382 49.052647
v 15.195385 9.6432848 49.052647
v 14.636079 10.633734 49.055607
v 15.274896 9.6937437 49.055607
v 14.711964 10.688868 49.064476
v 15.354093 9.7440033 49.064476
v 15.688385 8.6247625 49.055607
v 15.770907 8.6701298 49.052647
v 15.85343 8.715497 49.055607
v 15.935626 8.760684 49.064476
v 16.454268 7.7427907 49.064476
v 16.017172 8.8055143 49.079212
v 16.538469 7.7824125 49.079212
v 16.097746 8.8498106 49.099766
v 16.621666 7.8215618 49.099766
v 16.177031 8.8933983 49.126053
v 16.254713 8.9361038 49.157967
v 16.703529 7.8600845 49.126053
v 16.330484 8.9777603 49.195385
v 16.783739 7.8978286 49.157967
v 15.432663 9.7938652 49.079212
v 15.510297 9.8431339 49.099766
v 15.586688 9.891613 49.126053
v 15.661534 9.9391117 49.157967
v 15.734542 9.9854441 49.195385
v 15.805421 10.030425 49.238159
v 16.404049 9.0182018 49.238159
v 15.873893 10.073879 49.286118
v 16.475113 9.0572701 49.286118
v 15.939687 10.115633 49.339077
v 16.5434 9.0948105 49.339077
v 16.002544 10.155523 49.39682
v 16.608637 9.1306753 49.39682
v 16.062216 10.193392 49.459129
v 16.670568 9.1647224 49.459129
v 16.118465 10.229089 49.525749
v 14.933178 8.2095842 51.707977
v 14.998415 8.2454481 51.765724
v 15.066701 8.2829895 51.818684
v 15.137767 8.3220577 51.866642
v 14.585349 9.2561436 51.866642
v 15.21133 8.3624992 51.909416
v 14.656228 9.3011255 51.909416
v 15.287103 8.4041557 51.946835
v 15.364784 8.4468613 51.978748
v 14.729236 9.3474569 51.946835
v 14.804083 9.3949566 51.978748
v 15.444069 8.490449 52.005035
v 15.524643 8.5347443 52.025585
v 14.880474 9.4434357 52.005035
v 13.97537 10.153701 51.866642
v 14.043285 10.203044 51.909416
v 14.113239 10.253868 51.946835
v 14.184956 10.305974 51.978748
v 14.258152 10.359154 52.005035
v 14.958108 9.4927034 52.025585
v 14.33254 10.413199 52.025585
v 15.606189 8.5795755 52.040325
v 15.036678 9.5425663 52.040325
v 15.688385 8.6247625 52.049191
v 15.115874 9.5928259 52.049191
v 14.407824 10.467896 52.040325
v 14.483708 10.52303 52.049191
v 16.820763 6.6598105 49.055607
v 16.907974 6.6943402 49.064476
v 16.994495 6.7285967 49.079212
v 17.079987 6.762445 49.099766
v 17.164108 6.7957511 49.126053
v 17.246531 6.8283844 49.157967
v 17.326925 6.8602152 49.195385
v 17.404978 6.8911185 49.238159
v 16.861979 7.9346447 49.195385
v 17.480379 6.9209719 49.286118
v 17.552832 6.9496579 49.339077
v 17.880457 5.8097129 49.286118
v 16.937937 7.9703879 49.238159
v 17.011314 8.0049171 49.286118
v 17.081823 8.0380955 49.339077
v 17.149183 8.0697927 49.39682
v 17.622049 6.9770632 49.39682
v 17.213131 8.099884 49.459129
v 17.687759 7.0030794 49.459129
v 17.273411 8.1282501 49.525749
v 17.749702 7.0276046 49.525749
v 17.954569 5.8337927 49.339077
v 18.02537 5.8567977 49.39682
v 18.092585 5.8786368 49.459129
v 18.155945 5.8992243 49.525749
v 16.728949 9.1968174 49.525749
v 11.528759 12.276881 49.596424
v 10.774854 13.024561 49.525749
v 11.571411 12.322301 49.525749
v 10.81732 13.075893 49.459129
v 11.617016 12.370866 49.459129
v 10.634002 12.8543 49.829887
v 11.390865 12.13004 49.913837
v 10.606737 12.821342 49.913837
v 10.582886 12.792511 50.000305
v 11.365252 12.102763 50.000305
v 11.420146 12.161221 49.829887
v 11.343404 12.079498 50.088951
v 10.562543 12.76792 50.088951
v 11.325411 12.060337 50.179428
v 10.545788 12.747667 50.179428
v 11.311341 12.045355 50.271374
v 10.532686 12.731831 50.271374
v 11.301251 12.034611 50.364429
v 10.523292 12.720474 50.364429
v 11.295182 12.028148 50.458229
v 11.452977 12.196182 49.748795
v 12.161221 11.420146 49.829887
v 11.489229 12.234786 49.670868
v 12.196182 11.452977 49.748795
v 12.102763 11.365252 50.000305
v 12.13004 11.390865 49.913837
v 12.060337 11.325411 50.179428
v 12.079498 11.343404 50.088951
v 12.045355 11.311341 50.271374
v 12.034611 11.301251 50.364429
v 10.664573 12.891253 49.748795
v 10.735138 12.976553 49.596424
v 10.698329 12.932058 49.670868
v 12.234786 11.489229 49.670868
v 10.51764 12.713643 50.458229
v 11.293157 12.02599 50.552399
v 10.515754 12.711363 50.552399
v 11.295182 12.028148 50.646568
v 10.51764 12.713643 50.646568
v 11.301251 12.034611 50.740368
v 10.523292 12.720474 50.740368
v 11.311341 12.045355 50.833424
v 10.532686 12.731831 50.833424
v 11.325411 12.060337 50.925373
v 10.545788 12.747667 50.925373
v 11.343404 12.079498 51.01585
v 10.562543 12.76792 51.01585
v 11.365252 12.102763 51.104496
v 10.582886 12.792511 51.104496
v 11.390865 12.13004 51.190964
v 10.606737 12.821342 51.190964
v 11.420146 12.161221 51.27491
v 12.028148 11.295182 50.458229
v 12.02599 11.293157 50.552399
v 12.028148 11.295182 50.646568
v 12.034611 11.301251 50.740368
v 12.045355 11.311341 50.833424
v 12.060337 11.325411 50.925373
v 12.079498 11.343404 51.01585
v 12.102763 11.365252 51.104496
v 12.13004 11.390865 51.190964
v 10.634002 12.8543 51.27491
v 11.452977 12.196182 51.356007
v 12.161221 11.420146 51.27491
v 12.196182 11.452977 51.356007
v 12.234786 11.489229 51.433933
v 11.489229 12.234786 51.433933
v 10.664573 12.891253 51.356007
v 10.698329 12.932058 51.433933
v 11.528759 12.276881 51.508377
v 11.571411 12.322301 51.579052
v 10.735138 12.976553 51.508377
v 11.617016 12.370866 51.645672
v 10.774854 13.024561 51.579052
v 12.276881 11.528759 51.508377
v 10.203044 14.043285 49.195385
v 10.253868 14.113239 49.157967
v 11.064695 13.37492 49.195385
v 10.016473 13.786491 49.39682
v 10.862369 13.130347 49.39682
v 10.106033 13.909762 49.286118
v 10.153701 13.97537 49.238159
v 10.959493 13.247751 49.286118
v 10.06023 13.84672 49.339077
v 10.909822 13.187709 49.339077
v 11.011186 13.310237 49.238159
v 10.305974 14.184956 49.126053
v 10.359154 14.258152 49.099766
v 10.413199 14.33254 49.079212
v 10.467896 14.407824 49.064476
v 10.52303 14.483708 49.055607
v 10.578382 14.559894 49.052647
v 11.119812 13.441545 49.157967
v 10.633734 14.636079 49.055607
v 10.688868 14.711964 49.064476
v 10.743565 14.787248 49.079212
v 10.79761 14.861635 49.099766
v 10.85079 14.934832 49.126053
v 11.665395 12.422384 49.39682
v 11.176318 13.509848 49.126053
v 11.23399 13.57956 49.099766
v 11.292599 13.650407 49.079212
v 11.88268 12.653769 49.195385
v 11.941872 12.716802 49.157967
v 12.002554 12.781423 49.126053
v 12.064489 12.847376 49.099766
v 11.716357 12.476653 49.339077
v 11.7697 12.533458 49.286118
v 11.825214 12.592574 49.238159
v 11.351915 13.722109 49.064476
v 12.127432 12.914403 49.079212
v 11.411705 13.794382 49.055607
v 12.191133 12.982239 49.064476
v 11.471731 13.866941 49.052647
v 12.255342 13.050614 49.055607
v 11.531757 13.939501 49.055607
v 11.591547 14.011773 49.064476
v 11.650864 14.083475 49.079212
v 11.709474 14.154322 49.099766
v 10.902896 15.006548 49.157967
v 11.767144 14.224034 49.126053
v 10.95372 15.076502 49.195385
v 11.82365 14.292337 49.157967
v 11.878767 14.358962 49.195385
v 11.003063 15.144417 49.238159
v 11.050731 15.210026 49.286118
v 11.932277 14.423645 49.238159
v 11.096534 15.273067 49.339077
v 11.98397 14.486131 49.286118
v 11.140291 15.333296 49.39682
v 12.033641 14.546173 49.339077
v 11.181832 15.390471 49.459129
v 12.081095 14.603535 49.39682
v 10.81732 13.075893 51.645672
v 10.862369 13.130347 51.707977
v 10.909822 13.187709 51.765724
v 10.06023 13.84672 51.765724
v 10.959493 13.247751 51.818684
v 10.106033 13.909762 51.818684
v 11.011186 13.310237 51.866642
v 10.153701 13.97537 51.866642
v 11.064695 13.37492 51.909416
v 10.203044 14.043285 51.909416
v 11.119812 13.441545 51.946835
v 10.253868 14.113239 51.946835
v 10.305974 14.184956 51.978748
v 10.359154 14.258152 52.005035
v 10.413199 14.33254 52.025585
v 10.467896 14.407824 52.040325
v 10.52303 14.483708 52.049191
v 11.176318 13.509848 51.978748
v 11.665395 12.422384 51.707977
v 11.716357 12.476653 51.765724
v 11.23399 13.57956 52.005035
v 11.292599 13.650407 52.025585
v 11.7697 12.533458 51.818684
v 11.825214 12.592574 51.866642
v 11.88268 12.653769 51.909416
v 11.941872 12.716802 51.946835
v 12.002554 12.781423 51.978748
v 12.064489 12.847376 52.005035
v 12.127432 12.914403 52.025585
v 12.191133 12.982239 52.040325
v 11.351915 13.722109 52.040325
v 12.255342 13.050614 52.049191
v 11.411705 13.794382 52.049191
v 12.322301 11.571411 49.525749
v 12.370866 11.617016 49.459129
v 13.024561 10.774854 49.525749
v 12.276881 11.528759 49.596424
v 12.976553 10.735138 49.596424
v 12.476653 11.716357 49.339077
v 13.187709 10.909822 49.339077
v 13.130347 10.862369 49.39682
v 13.075893 10.81732 49.459129
v 12.422384 11.665395 49.39682
v 12.891253 10.664573 49.748795
v 12.932058 10.698329 49.670868
v 12.653769 11.88268 49.195385
v 12.847376 12.064489 49.099766
v 12.716802 11.941872 49.157967
v 12.781423 12.002554 49.126053
v 12.533458 11.7697 49.286118
v 12.592574 11.825214 49.238159
v 13.37492 11.064695 49.195385
v 13.247751 10.959493 49.286118
v 13.310237 11.011186 49.238159
v 12.914403 12.127432 49.079212
v 12.982239 12.191133 49.064476
v 13.050614 12.255342 49.055607
v 12.319807 13.119262 49.052647
v 13.119262 12.319807 49.052647
v 13.441545 11.119812 49.157967
v 13.509848 11.176318 49.126053
v 13.650407 11.292599 49.079212
v 13.57956 11.23399 49.099766
v 13.722109 11.351915 49.064476
v 13.794382 11.411705 49.055607
v 13.866941 11.471731 49.052647
v 13.187909 12.384271 49.055607
v 13.939501 11.531757 49.055607
v 13.256285 12.448481 49.064476
v 14.011773 11.591547 49.064476
v 13.324121 12.512182 49.079212
v 14.083475 11.650864 49.079212
v 13.391148 12.575125 49.099766
v 14.154322 11.709474 49.099766
v 13.457102 12.637059 49.126053
v 13.521722 12.697742 49.157967
v 14.224034 11.767144 49.126053
v 13.584754 12.756933 49.195385
v 14.292337 11.82365 49.157967
v 14.358962 11.878767 49.195385
v 13.645949 12.8144 49.238159
v 13.705066 12.869914 49.286118
v 14.423645 11.932277 49.238159
v 13.76187 12.923257 49.339077
v 14.486131 11.98397 49.286118
v 12.8543 10.634002 51.27491
v 12.891253 10.664573 51.356007
v 12.932058 10.698329 51.433933
v 12.976553 10.735138 51.508377
v 13.024561 10.774854 51.579052
v 12.322301 11.571411 51.579052
v 13.075893 10.81732 51.645672
v 12.370866 11.617016 51.645672
v 13.130347 10.862369 51.707977
v 12.422384 11.665395 51.707977
v 13.187709 10.909822 51.765724
v 12.476653 11.716357 51.765724
v 12.533458 11.7697 51.818684
v 12.592574 11.825214 51.866642
v 12.653769 11.88268 51.909416
v 12.716802 11.941872 51.946835
v 12.781423 12.002554 51.978748
v 12.847376 12.064489 52.005035
v 13.247751 10.959493 51.818684
v 13.310237 11.011186 51.866642
v 13.37492 11.064695 51.909416
v 13.441545 11.119812 51.946835
v 12.914403 12.127432 52.025585
v 12.982239 12.191133 52.040325
v 13.050614 12.255342 52.049191
v 13.509848 11.176318 51.978748
v 13.57956 11.23399 52.005035
v 13.650407 11.292599 52.025585
v 13.722109 11.351915 52.040325
v 13.794382 11.411705 52.049191
v 12.384271 13.187909 49.055607
v 12.448481 13.256285 49.064476
v 12.512182 13.324121 49.079212
v 12.575125 13.391148 49.099766
v 12.637059 13.457102 49.126053
v 12.697742 13.521722 49.157967
v 12.756933 13.584754 49.195385
v 12.8144 13.645949 49.238159
v 12.869914 13.705066 49.286118
v 12.923257 13.76187 49.339077
v 12.126143 14.657989 49.459129
v 11.220991 15.444369 49.525749
v 12.168609 14.709321 49.525749
v 12.974218 13.816139 49.39682
v 13.022597 13.867658 49.459129
v 13.068203 13.916223 49.525749
v 13.816139 12.974218 49.39682
v 13.867658 13.022597 49.459129
v 14.546173 12.033641 49.339077
v 14.603535 12.081095 49.39682
v 13.916223 13.068203 49.525749
v 10.115633 15.939687 49.339077
v 10.155523 16.002544 49.39682
v 10.193392 16.062216 49.459129
v 10.229089 16.118465 49.525749
v 14.787248 10.743565 49.079212
v 14.861635 10.79761 49.099766
v 14.934832 10.85079 49.126053
v 15.006548 10.902896 49.157967
v 15.076502 10.95372 49.195385
v 15.144417 11.003063 49.238159
v 15.210026 11.050731 49.286118
v 14.657989 12.126143 49.459129
v 14.709321 12.168609 49.525749
v 15.273067 11.096534 49.339077
v 15.333296 11.140291 49.39682
v 15.390471 11.181832 49.459129
v 15.444369 11.220991 49.525749
v 18.915596 1.1900685 49.39682
v 18.98613 1.194506 49.459129
v 19.05262 1.1986892 49.525749
v 18.939758 2.3926477 49.525749
v -14.468101 -30.804195 37.237915
v -14.012063 -31.699221 37.237915
v -14.087028 -31.740433 37.405811
v -14.38131 -30.763355 37.075726
v -14.285475 -30.718258 36.919872
v -13.928007 -31.653011 37.075726
v -14.545506 -30.84062 37.405811
v -14.679378 -29.808001 36.919872
v -14.06822 -30.616026 36.629635
v -14.180974 -30.669085 36.770981
v -14.456134 -29.719612 36.629635
v -14.571996 -29.765486 36.770981
v -14.777855 -29.846991 37.075726
v -14.86704 -29.882301 37.237915
v -14.718542 -30.922045 37.936993
v -14.25461 -31.832563 37.936993
v -14.290631 -31.852365 38.120888
v -14.316463 -31.866566 38.306999
v -14.755735 -30.939547 38.120888
v -13.80899 -32.759476 38.494598
v -14.332002 -31.875109 38.494598
v -13.813987 -32.762646 38.682938
v -14.337189 -31.87796 38.682938
v -13.80899 -32.759476 38.871277
v -14.332002 -31.875109 38.871277
v -13.794017 -32.749973 39.058876
v -14.316463 -31.866566 39.058876
v -14.782408 -30.952097 38.306999
v -14.798452 -30.959648 38.494598
v -13.794017 -32.749973 38.306999
v -14.803808 -30.962168 38.682938
v -14.798452 -30.959648 38.871277
v -14.670974 -30.89966 37.756039
v -15.075507 -29.96484 37.756039
v -15.01616 -29.941343 37.578747
v -14.613219 -30.872484 37.578747
v -15.162605 -29.999325 38.120888
v -15.124387 -29.984192 37.936993
v -14.152607 -31.776485 37.578747
v -14.208541 -31.807236 37.756039
v -14.946579 -29.913794 37.405811
v -15.190013 -30.010176 38.306999
v -15.206501 -30.016705 38.494598
v -15.212004 -30.018883 38.682938
v -15.206501 -30.016705 38.871277
v -14.782408 -30.952097 39.058876
v -15.190013 -30.010176 39.058876
v -10.945845 -35.652164 37.237915
v -11.004406 -35.714527 37.405811
v -11.65614 -34.941868 37.237915
v -10.880183 -35.582241 37.075726
v -11.586218 -34.876205 37.075726
v -10.19235 -36.31646 37.237915
v -10.807679 -35.505032 36.919872
v -10.131208 -36.242554 37.075726
v -10.246881 -36.382374 37.405811
v -10.063696 -36.160942 36.919872
v -9.2799959 -36.768845 36.919872
v -9.3422508 -36.85453 37.075726
v -9.398632 -36.932133 37.237915
v -9.4489145 -37.001339 37.405811
v -10.643315 -35.330006 36.629635
v -10.552105 -35.232876 36.496395
v -9.9106464 -35.975937 36.629635
v -9.8257151 -35.873272 36.496395
v -10.455347 -35.129837 36.37178
v -9.7356176 -35.764366 36.37178
v -9.1388655 -36.574593 36.629635
v -9.0605478 -36.466797 36.496395
v -10.246737 -34.907692 36.150375
v -9.5413685 -35.529556 36.150375
v -9.6407108 -35.649643 36.25629
v -10.353423 -35.021301 36.25629
v -8.9774666 -36.352448 36.37178
v -10.728619 -35.420845 36.770981
v -9.990078 -36.071953 36.770981
v -9.2121115 -36.675407 36.770981
v -11.099329 -35.815609 37.756039
v -11.819585 -35.095352 37.756039
v -11.773055 -35.051659 37.578747
v -11.055634 -35.769081 37.578747
v -11.718502 -35.000431 37.405811
v -11.135316 -35.853931 37.936993
v -11.857907 -35.13134 37.936993
v -11.163455 -35.883896 38.120888
v -11.887872 -35.159481 38.120888
v -11.183634 -35.905384 38.306999
v -10.335269 -36.48922 37.756039
v -10.368779 -36.529724 37.936993
v -10.294582 -36.440037 37.578747
v -10.39498 -36.561398 38.120888
v -10.413771 -36.58411 38.306999
v -11.90936 -35.179657 38.306999
v -11.195773 -35.918312 38.494598
v -11.922287 -35.191795 38.494598
v -11.199824 -35.922626 38.682938
v -11.926601 -35.19585 38.682938
v -11.195773 -35.918312 38.871277
v -11.922287 -35.191795 38.871277
v -11.183634 -35.905384 39.058876
v -11.90936 -35.179657 39.058876
v -10.425074 -36.597775 38.494598
v -10.428846 -36.602333 38.682938
v -10.425074 -36.597775 38.871277
v -10.413771 -36.58411 39.058876
v -9.4929028 -37.061882 37.578747
v -9.5304203 -37.113522 37.756039
v -9.5613213 -37.156055 37.936993
v -9.5854826 -37.189308 38.120888
v -9.602809 -37.213158 38.306999
v -9.6132317 -37.227505 38.494598
v -9.6167107 -37.232292 38.682938
v -9.6132317 -37.227505 38.871277
v -9.602809 -37.213158 39.058876
v -12.362382 -30.792301 35.777668
v -12.598335 -29.924351 35.736565
v -12.201233 -30.703709 35.736565
v -11.911245 -31.55513 35.777668
v -11.755978 -31.456594 35.736565
v -12.03814 -30.614048 35.707088
v -11.598837 -31.356871 35.707088
v -12.429935 -29.845108 35.707088
v -11.873748 -30.523672 35.689354
v -12.260192 -29.765232 35.689354
v -10.869914 -32.9884 35.777668
v -10.728221 -32.871181 35.736565
v -10.28383 -33.653183 35.777668
v -10.149776 -33.527298 35.736565
v -9.6571589 -34.279854 35.777668
v -10.584818 -32.752548 35.707088
v -10.440272 -32.632969 35.689354
v -10.014105 -33.399895 35.707088
v -10.295154 -32.512917 35.683434
v -9.8773518 -33.271477 35.689354
v -9.5312738 -34.145802 35.736565
v -9.4038706 -34.010128 35.707088
v -9.7400579 -33.142548 35.683434
v -9.2754507 -33.873375 35.689354
v -10.150034 -32.392864 35.689354
v -9.6027641 -33.013618 35.689354
v -9.1465235 -33.736084 35.683434
v -11.264327 -32.180038 35.736565
v -11.413101 -32.288128 35.777668
v -11.113758 -32.070641 35.707088
v -11.440443 -31.256351 35.689354
v -10.961988 -31.960375 35.689354
v -11.281423 -31.155434 35.683434
v -10.809618 -31.849672 35.683434
v -11.122401 -31.054516 35.689354
v -10.657248 -31.738968 35.689354
v -11.708704 -30.43294 35.683434
v -11.54366 -30.342205 35.689354
v -11.379268 -30.251829 35.707088
v -10.964008 -30.953995 35.707088
v -11.216175 -30.162169 35.736565
v -10.505478 -31.628702 35.707088
v -10.806868 -30.854271 35.736565
v -10.651599 -30.755735 35.777668
v -10.354909 -31.519306 35.736565
v -11.055026 -30.073576 35.777668
v -10.005488 -32.273285 35.707088
v -9.8620853 -32.154652 35.736565
v -10.206135 -31.411215 35.777668
v -9.466011 -32.885201 35.707088
v -9.3303404 -32.757797 35.736565
v -9.7203922 -32.037434 35.777668
v -9.1962872 -32.631912 35.777668
v -13.33031 -32.455696 36.919872
v -12.772819 -33.27602 36.919872
v -12.858505 -33.338276 37.075726
v -13.419737 -32.512447 37.075726
v -12.936107 -33.394657 37.237915
v -13.500725 -32.563847 37.237915
v -13.005316 -33.444939 37.405811
v -13.572955 -32.609684 37.405811
v -12.320436 -34.188374 37.237915
v -11.979914 -33.90667 36.629635
v -11.424819 -34.724644 36.770981
v -12.07593 -33.986103 36.770981
v -11.509009 -34.803703 36.919872
v -12.164918 -34.059719 36.919872
v -12.246528 -34.127232 37.075726
v -12.386351 -34.242905 37.405811
v -12.470774 -33.056572 36.496395
v -12.578569 -33.134892 36.629635
v -13.015081 -32.255646 36.496395
v -11.877249 -33.821739 36.496395
v -12.356422 -32.973492 36.37178
v -11.76834 -33.731644 36.37178
v -11.978665 -32.699036 36.054455
v -11.533533 -33.537392 36.150375
v -12.109881 -32.794369 36.150375
v -12.235967 -32.885975 36.25629
v -11.653617 -33.636734 36.25629
v -12.679383 -33.208138 36.770981
v -13.127583 -32.327042 36.629635
v -13.232797 -32.393814 36.770981
v -13.734422 -32.712154 37.936993
v -13.193284 -33.581505 38.120888
v -13.769128 -32.73418 38.120888
v -13.160029 -33.557346 37.936993
v -12.565373 -34.391006 38.120888
v -13.636141 -32.649784 37.578747
v -13.065859 -33.488926 37.578747
v -13.117498 -33.526443 37.756039
v -13.690034 -32.683983 37.756039
v -13.217133 -33.598835 38.306999
v -13.231479 -33.609257 38.494598
v -13.236267 -33.612736 38.682938
v -13.231479 -33.609257 38.871277
v -13.217133 -33.598835 39.058876
v -12.588086 -34.409794 38.306999
v -12.601749 -34.421097 38.494598
v -12.60631 -34.42487 38.682938
v -12.601749 -34.421097 38.871277
v -12.588086 -34.409794 39.058876
v -12.493194 -34.331295 37.756039
v -12.533701 -34.364803 37.936993
v -12.444013 -34.290607 37.578747
v -13.508025 -31.422125 36.496395
v -13.624786 -31.486315 36.629635
v -13.384163 -31.354031 36.37178
v -12.89574 -32.179909 36.37178
v -13.253689 -31.282301 36.25629
v -12.770026 -32.100128 36.25629
v -13.117117 -31.20722 36.150375
v -13.733986 -31.546347 36.770981
v -13.835193 -31.601986 36.919872
v -13.947659 -30.559296 36.496395
v -13.819765 -30.499113 36.37178
v -14.332248 -29.670563 36.496395
v -13.685044 -30.435719 36.25629
v -13.544027 -30.36936 36.150375
v -13.397271 -30.300303 36.054455
v -12.974986 -31.129084 36.054455
v -12.827858 -31.048199 35.968906
v -13.245356 -30.228815 35.968906
v -13.088879 -30.155184 35.89407
v -12.501494 -31.929714 36.054455
v -12.638438 -32.016621 36.150375
v -12.359735 -31.839752 35.968906
v -12.213721 -31.747087 35.89407
v -11.702928 -32.498699 35.89407
v -11.842834 -32.600349 35.968906
v -12.064028 -31.65209 35.830242
v -11.559494 -32.394489 35.830242
v -12.676313 -30.964888 35.89407
v -12.52095 -30.879475 35.830242
v -12.928458 -30.079695 35.830242
v -12.764729 -30.002649 35.777668
v -11.33398 -34.639339 36.629635
v -11.23685 -34.54813 36.496395
v -11.025276 -34.349449 36.25629
v -11.133813 -34.45137 36.37178
v -10.793433 -34.131733 36.054455
v -10.911667 -34.24276 36.150375
v -11.408562 -33.434006 36.054455
v -11.279196 -33.326988 35.968906
v -11.145947 -33.216755 35.89407
v -11.00934 -33.103741 35.830242
v -10.671043 -34.0168 35.968906
v -10.544978 -33.898418 35.89407
v -10.415737 -33.777054 35.830242
v -10.135709 -34.789459 36.054455
v -10.020777 -34.667068 35.968906
v -9.9023943 -34.541004 35.89407
v -9.7810278 -34.411762 35.830242
v -9.3309622 -35.275219 35.968906
v -9.4379826 -35.404587 36.054455
v -9.2207289 -35.141972 35.89407
v -9.1077185 -35.005363 35.830242
v -10.896458 -29.986403 35.830242
v -10.498816 -30.658777 35.830242
v -9.580966 -31.922089 35.830242
v -10.059742 -31.304855 35.830242
v -9.9163094 -31.200645 35.89407
v -9.4443598 -31.809078 35.89407
v -9.7764015 -31.098995 35.968906
v -9.3111105 -31.698845 35.968906
v -10.349123 -30.563778 35.89407
v -10.741095 -29.900991 35.89407
v -10.58955 -29.817678 35.968906
v -10.203109 -30.471115 35.968906
v -10.06135 -30.381151 36.054455
v -9.6405706 -31.000309 36.054455
v -9.5093546 -30.904976 36.150375
v -9.1817446 -31.591824 36.054455
v -9.924407 -30.294245 36.150375
v -9.7928181 -30.210735 36.25629
v -9.3832693 -30.81337 36.25629
v -9.6671047 -30.130957 36.37178
v -9.2628136 -30.725853 36.37178
v -9.5477629 -30.05522 36.496395
v -15.487555 -27.972553 37.237915
v -15.207306 -28.937178 37.237915
v -15.288666 -28.963614 37.405811
v -15.394649 -27.948698 37.075726
v -15.570415 -27.993828 37.405811
v -14.200828 -29.61853 36.37178
v -14.660274 -28.759436 36.496395
v -14.786995 -28.80061 36.629635
v -14.525846 -28.715757 36.37178
v -14.384241 -28.669748 36.25629
v -14.062392 -29.563719 36.25629
v -15.015348 -28.874807 36.919872
v -14.905509 -28.839117 36.770981
v -15.11608 -28.907537 37.075726
v -14.930442 -27.82951 36.496395
v -15.059499 -27.862646 36.629635
v -14.793537 -27.794359 36.37178
v -14.649323 -27.757332 36.25629
v -14.23602 -28.621588 36.150375
v -14.498369 -27.718573 36.150375
v -14.341272 -27.678238 36.054455
v -14.081765 -28.571468 36.054455
v -14.178652 -27.636484 35.968906
v -15.180197 -27.893637 36.770981
v -15.292061 -27.922358 36.919872
v -15.420545 -29.006462 37.756039
v -15.470542 -29.022709 37.936993
v -15.509636 -29.03541 38.120888
v -15.537671 -29.044519 38.306999
v -15.554536 -29.049999 38.494598
v -15.560165 -29.051828 38.682938
v -15.554536 -29.049999 38.871277
v -15.537671 -29.044519 39.058876
v -15.359838 -28.986738 37.578747
v -15.6429 -28.012438 37.578747
v -15.704723 -28.028313 37.756039
v -15.795457 -28.051609 38.120888
v -15.755643 -28.041386 37.936993
v -15.824008 -28.058939 38.306999
v -15.841185 -28.063349 38.494598
v -15.846917 -28.064821 38.682938
v -15.841185 -28.063349 38.871277
v -15.824008 -28.058939 39.058876
v -15.508422 -26.954414 36.919872
v -15.394975 -26.932774 36.770981
v -15.612461 -26.97426 37.075726
v -15.706682 -26.992235 37.237915
v -15.790713 -27.008265 37.405811
v -15.663578 -25.974794 36.919872
v -15.425366 -25.944702 36.629635
v -15.272569 -26.909424 36.629635
v -15.548997 -25.96032 36.770981
v -15.768658 -25.98807 37.075726
v -15.863822 -26.000092 37.237915
v -15.293174 -25.928001 36.496395
v -15.384307 -24.963923 36.496395
v -15.243239 -24.955048 36.37178
v -15.517286 -24.97229 36.629635
v -15.948694 -26.010813 37.405811
v -15.958355 -25.000038 37.237915
v -15.862624 -24.994017 37.075726
v -16.043734 -25.005411 37.405811
v -15.641653 -24.980114 36.770981
v -15.756918 -24.987366 36.919872
v -15.141686 -26.884457 36.496395
v -15.002845 -26.857969 36.37178
v -14.85659 -26.83007 36.25629
v -14.703501 -26.800867 36.150375
v -14.850605 -25.872091 36.150375
v -15.152943 -25.910286 36.37178
v -15.005225 -25.891624 36.25629
v -14.544182 -26.770475 36.054455
v -14.209388 -26.70661 35.89407
v -14.011149 -27.593475 35.89407
v -14.37926 -26.739016 35.968906
v -14.689692 -25.851765 36.054455
v -14.939099 -24.935913 36.150375
v -14.777227 -24.92573 36.054455
v -15.094642 -24.9457 36.25629
v -14.52312 -25.830721 35.968906
v -14.351548 -25.809046 35.89407
v -14.035234 -26.673389 35.830242
v -14.175653 -25.786825 35.830242
v -14.437069 -24.904327 35.89407
v -14.609663 -24.915186 35.968906
v -14.260125 -24.893196 35.830242
v -15.926923 -27.034248 37.756039
v -15.978563 -27.044098 37.936993
v -16.01894 -27.051802 38.120888
v -15.864224 -27.022287 37.578747
v -16.02294 -26.020193 37.578747
v -16.086266 -26.028193 37.756039
v -16.138424 -26.034782 37.936993
v -16.047895 -27.057323 38.306999
v -16.179205 -26.039934 38.120888
v -16.065315 -27.060648 38.494598
v -16.071129 -27.061756 38.682938
v -16.065315 -27.060648 38.871277
v -16.047895 -27.057323 39.058876
v -16.20845 -26.043629 38.306999
v -16.226044 -26.045851 38.494598
v -16.231915 -26.046593 38.682938
v -16.226044 -26.045851 38.871277
v -16.118422 -25.010109 37.578747
v -16.182125 -25.014118 37.756039
v -16.234592 -25.017418 37.936993
v -16.275616 -25.02 38.120888
v -16.20845 -26.043629 39.058876
v -16.305037 -25.021851 38.306999
v -16.322735 -25.022964 38.494598
v -16.328642 -25.023336 38.682938
v -16.322735 -25.022964 38.871277
v -16.305037 -25.021851 39.058876
v -15.273378 -23.996025 36.37178
v -15.414724 -23.996025 36.496395
v -15.547966 -23.996025 36.629635
v -15.893987 -23.996025 37.075726
v -15.989907 -23.996025 37.237915
v -16.075455 -23.996025 37.405811
v -15.788072 -23.996025 36.919872
v -15.67258 -23.996025 36.770981
v -15.384307 -23.028126 36.496395
v -15.243239 -23.037001 36.37178
v -15.517286 -23.01976 36.629635
v -15.293174 -22.064047 36.496395
v -15.862624 -22.998034 37.075726
v -15.958355 -22.99201 37.237915
v -16.043734 -22.986639 37.405811
v -15.756918 -23.004683 36.919872
v -15.641653 -23.011934 36.770981
v -14.968637 -23.996025 36.150375
v -14.806444 -23.996025 36.054455
v -15.124486 -23.996025 36.25629
v -14.638549 -23.996025 35.968906
v -14.465613 -23.996025 35.89407
v -14.079531 -24.881834 35.777668
v -14.288321 -23.996025 35.830242
v -14.107368 -23.996025 35.777668
v -14.939099 -23.056135 36.150375
v -14.777227 -23.06632 36.054455
v -14.609663 -23.076862 35.968906
v -15.094642 -23.04635 36.25629
v -15.152943 -22.081762 36.37178
v -14.437069 -23.087721 35.89407
v -14.260125 -23.098854 35.830242
v -14.079531 -23.110216 35.777668
v -16.214119 -23.996025 37.756039
v -16.15029 -23.996025 37.578747
v -16.266691 -23.996025 37.936993
v -16.307796 -23.996025 38.120888
v -16.337275 -23.996025 38.306999
v -16.355007 -23.996025 38.494598
v -16.360926 -23.996025 38.682938
v -16.355007 -23.996025 38.871277
v -16.337275 -23.996025 39.058876
v -16.182125 -22.977932 37.756039
v -16.118422 -22.981939 37.578747
v -16.234592 -22.97463 37.936993
v -16.275616 -22.97205 38.120888
v -16.305037 -22.970198 38.306999
v -16.322735 -22.969086 38.494598
v -16.328642 -22.968714 38.682938
v -16.322735 -22.969086 38.871277
v -16.305037 -22.970198 39.058876
v -15.425366 -22.047348 36.629635
v -15.255094 -21.823614 36.496395
v -15.863822 -21.991959 37.237915
v -15.948694 -21.981236 37.405811
v -15.663578 -22.017254 36.919872
v -15.548997 -22.031729 36.770981
v -15.768658 -22.003981 37.075726
v -15.563115 -21.382956 36.919872
v -15.790713 -20.983786 37.405811
v -15.028967 -22.097424 36.274853
v -15.135618 -21.972382 36.37178
v -16.02294 -21.971857 37.578747
v -16.086266 -21.963856 37.756039
v -16.138424 -21.957268 37.936993
v -16.179205 -21.952116 38.120888
v -15.926923 -20.957802 37.756039
v -15.864224 -20.969763 37.578747
v -15.978563 -20.94795 37.936993
v -16.20845 -21.948421 38.306999
v -16.01894 -20.940248 38.120888
v -16.226044 -21.946199 38.494598
v -16.231915 -21.945457 38.682938
v -16.226044 -21.946199 38.871277
v -16.20845 -21.948421 39.058876
v -16.047895 -20.934725 38.306999
v -16.065315 -20.931402 38.494598
v -16.071129 -20.930292 38.682938
v -16.065315 -20.931402 38.871277
v -16.047895 -20.934725 39.058876
v -15.891658 -20.127386 38.682938
v -13.416905 -28.355442 35.777668
v -13.24201 -28.298615 35.736565
v -13.1167 -29.189293 35.777668
v -12.945719 -29.121597 35.736565
v -13.065006 -28.241102 35.707088
v -13.66416 -27.504385 35.777668
v -13.486042 -27.458652 35.736565
v -13.305776 -27.412367 35.707088
v -13.124072 -27.365713 35.689354
v -12.886591 -28.183132 35.689354
v -12.772675 -29.053083 35.707088
v -12.598251 -28.984024 35.689354
v -12.423137 -28.914692 35.683434
v -12.089777 -29.685041 35.683434
v -11.919361 -29.604851 35.689354
v -12.248022 -28.84536 35.689354
v -12.073599 -28.7763 35.707088
v -11.749619 -29.524975 35.707088
v -12.707468 -28.124931 35.683434
v -12.528346 -28.06673 35.689354
v -12.941649 -27.318874 35.683434
v -12.759226 -27.272038 35.689354
v -12.349931 -28.00876 35.707088
v -12.577522 -27.225384 35.707088
v -11.900555 -28.707788 35.736565
v -12.172926 -27.951248 35.736565
v -11.998032 -27.894421 35.777668
v -11.729573 -28.640091 35.777668
v -13.67685 -26.605022 35.736565
v -13.857489 -26.639482 35.777668
v -13.494034 -26.570148 35.707088
v -13.309759 -26.534996 35.689354
v -13.124755 -26.499706 35.683434
v -12.939751 -26.464415 35.689354
v -13.996128 -25.764147 35.777668
v -13.813683 -25.741098 35.736565
v -13.629037 -25.717772 35.707088
v -13.895999 -24.870287 35.736565
v -13.710253 -24.858601 35.707088
v -13.442919 -25.69426 35.689354
v -13.256063 -25.670654 35.683434
v -13.069209 -25.647049 35.689354
v -12.883091 -25.623537 35.707088
v -13.523026 -24.846821 35.689354
v -13.335057 -24.834995 35.683434
v -13.147088 -24.82317 35.689354
v -12.959862 -24.81139 35.707088
v -12.397256 -27.179098 35.736565
v -12.755477 -26.429262 35.707088
v -12.572659 -26.394388 35.736565
v -12.392022 -26.35993 35.777668
v -12.219138 -27.133366 35.777668
v -12.698445 -25.600212 35.736565
v -12.516 -25.577164 35.777668
v -12.774116 -24.799704 35.736565
v -12.590583 -24.788157 35.777668
v -11.581218 -29.445732 35.736565
v -11.414824 -29.367434 35.777668
v -13.917486 -29.506348 36.150375
v -13.766684 -29.44664 36.054455
v -13.610579 -29.384834 35.968906
v -13.449787 -29.321173 35.89407
v -13.757616 -28.466145 35.89407
v -13.922088 -28.519585 35.968906
v -13.284945 -29.255905 35.830242
v -13.589 -28.411358 35.830242
v -13.839426 -27.549385 35.830242
v -11.825936 -27.838505 35.830242
v -12.043872 -27.088366 35.830242
v -11.872149 -27.044273 35.89407
v -11.65732 -27.783718 35.89407
v -12.214275 -26.326023 35.830242
v -12.040123 -26.292801 35.89407
v -11.870251 -26.260395 35.968906
v -11.704646 -27.001266 35.968906
v -12.336475 -25.554483 35.830242
v -12.409988 -24.776794 35.830242
v -12.16058 -25.532263 35.89407
v -11.989008 -25.510588 35.968906
v -11.822436 -25.489546 36.054455
v -11.705329 -26.228935 36.054455
v -12.233046 -24.765663 35.89407
v -12.060451 -24.754805 35.968906
v -11.892887 -24.744261 36.054455
v -11.251095 -29.290388 35.830242
v -11.561329 -28.573479 35.830242
v -11.090675 -29.214901 35.89407
v -10.934198 -29.141268 35.968906
v -10.782282 -29.069782 36.054455
v -10.442422 -29.736795 36.054455
v -10.635526 -29.000723 36.150375
v -11.396486 -28.508213 35.89407
v -11.235695 -28.444551 35.968906
v -11.492849 -27.730278 35.968906
v -11.333171 -27.678394 36.054455
v -11.07959 -28.382744 36.054455
v -11.178917 -27.628275 36.150375
v -10.928787 -28.323038 36.150375
v -10.783881 -28.265665 36.25629
v -10.494509 -28.934366 36.25629
v -10.645446 -28.210855 36.37178
v -11.030695 -27.580114 36.25629
v -10.889091 -27.534105 36.37178
v -10.754663 -27.490427 36.496395
v -10.514026 -28.158821 36.496395
v -10.300291 -29.658657 36.150375
v -10.163719 -29.583576 36.25629
v -10.359788 -28.87097 36.37178
v -10.033245 -29.511848 36.37178
v -10.231894 -28.810789 36.496395
v -9.9093828 -29.443754 36.496395
v -9.7926216 -29.379564 36.629635
v -9.4352627 -29.983824 36.629635
v -10.111333 -28.754057 36.629635
v -9.6834221 -29.31953 36.770981
v -9.3300486 -29.917053 36.770981
v -9.99858 -28.700998 36.770981
v -9.8940792 -28.651825 36.919872
v -9.5822153 -29.263891 36.919872
v -9.4894009 -29.212868 37.075726
v -9.2325344 -29.855169 36.919872
v -9.7982445 -28.606728 37.075726
v -10.39014 -28.109772 36.629635
v -10.627941 -27.449251 36.629635
v -10.274278 -28.063898 36.770981
v -10.166896 -28.021383 36.919872
v -10.509427 -27.410744 36.770981
v -10.068419 -27.982393 37.075726
v -10.399588 -27.375055 36.919872
v -10.298857 -27.342325 37.075726
v -10.207631 -27.312685 37.237915
v -9.9792337 -27.947083 37.237915
v -9.7114525 -28.565887 37.237915
v -9.405345 -29.166656 37.237915
v -9.6340475 -28.529463 37.405811
v -9.3303804 -29.125444 37.405811
v -9.8996944 -27.91559 37.405811
v -9.5663338 -28.497601 37.578747
v -9.264801 -29.089392 37.578747
v -9.5085793 -28.470423 37.756039
v -9.8301134 -27.888042 37.578747
v -9.7707663 -27.864544 37.756039
v -9.7218866 -27.845192 37.936993
v -9.4610119 -28.448038 37.936993
v -9.6836681 -27.830059 38.120888
v -9.4238186 -28.430536 38.120888
v -9.6562605 -27.819208 38.306999
v -9.3971462 -28.417986 38.306999
v -9.6397724 -27.812681 38.494598
v -9.3811007 -28.410435 38.494598
v -9.6342697 -27.810501 38.682938
v -9.3757448 -28.407915 38.682938
v -9.6397724 -27.812681 38.871277
v -9.3811007 -28.410435 38.871277
v -9.6562605 -27.819208 39.058876
v -9.3971462 -28.417986 39.058876
v -11.542026 -26.959513 36.054455
v -11.384929 -26.919178 36.150375
v -11.233975 -26.880419 36.25629
v -11.546009 -26.198544 36.150375
v -11.39292 -26.16934 36.25629
v -11.246666 -26.141441 36.37178
v -11.089762 -26.843391 36.37178
v -10.952856 -26.808241 36.496395
v -10.8238 -26.775105 36.629635
v -11.107823 -26.114956 36.496395
v -10.976941 -26.089989 36.629635
v -10.703101 -26.744114 36.770981
v -10.591238 -26.715393 36.919872
v -10.854535 -26.066637 36.770981
v -10.741089 -26.044996 36.919872
v -11.661523 -25.469217 36.150375
v -11.506903 -25.449684 36.25629
v -11.359185 -25.431023 36.37178
v -11.218954 -25.413307 36.496395
v -11.731014 -24.734077 36.150375
v -11.086761 -25.396608 36.629635
v -10.63705 -26.02515 37.075726
v -10.963131 -25.380991 36.770981
v -10.84855 -25.366514 36.919872
v -10.74347 -25.353241 37.075726
v -10.648306 -25.341219 37.237915
v -10.542829 -26.007177 37.237915
v -10.48865 -26.689053 37.075726
v -10.126271 -27.286249 37.405811
v -10.395743 -26.665197 37.237915
v -10.312883 -26.643923 37.405811
v -10.458797 -25.991146 37.405811
v -10.563434 -25.330496 37.405811
v -10.055098 -27.263124 37.578747
v -10.240399 -26.625313 37.578747
v -10.178575 -26.609438 37.756039
v -9.9943924 -27.243399 37.756039
v -10.127655 -26.596365 37.936993
v -9.9443941 -27.227154 37.936993
v -10.087841 -26.586142 38.120888
v -10.05929 -26.578812 38.306999
v -9.9053001 -27.214451 38.120888
v -9.8772659 -27.205343 38.306999
v -9.8604002 -27.199863 38.494598
v -9.8547716 -27.198034 38.682938
v -9.8604002 -27.199863 38.871277
v -9.8772659 -27.205343 39.058876
v -10.042114 -26.574402 38.494598
v -10.036381 -26.572929 38.682938
v -10.042114 -26.574402 38.871277
v -10.05929 -26.578812 39.058876
v -10.385286 -25.977123 37.578747
v -10.322587 -25.965164 37.756039
v -10.270947 -25.955313 37.936993
v -10.23057 -25.947611 38.120888
v -10.201614 -25.942087 38.306999
v -10.489187 -25.321117 37.578747
v -10.425861 -25.313118 37.756039
v -10.373705 -25.306528 37.936993
v -10.332923 -25.301376 38.120888
v -10.303679 -25.297682 38.306999
v -10.184196 -25.938765 38.494598
v -10.178382 -25.937654 38.682938
v -10.184196 -25.938765 38.871277
v -10.201614 -25.942087 39.058876
v -10.286085 -25.29546 38.494598
v -10.280212 -25.294718 38.682938
v -10.286085 -25.29546 38.871277
v -10.303679 -25.297682 39.058876
v -13.923473 -23.996025 35.736565
v -13.73736 -23.996025 35.707088
v -13.549763 -23.996025 35.689354
v -13.361423 -23.996025 35.683434
v -13.173082 -23.996025 35.689354
v -12.985485 -23.996025 35.707088
v -13.895999 -23.121763 35.736565
v -13.713389 -23.233257 35.707088
v -12.975162 -23.66753 35.707088
v -12.799372 -23.996025 35.736565
v -12.615477 -23.996025 35.777668
v -12.791523 -23.74626 35.736565
v -12.609886 -23.818119 35.777668
v -12.434525 -23.996025 35.830242
v -12.257232 -23.996025 35.89407
v -12.084296 -23.996025 35.968906
v -11.575473 -24.724291 36.25629
v -11.426874 -24.714943 36.37178
v -11.285808 -24.706068 36.496395
v -11.152828 -24.697701 36.629635
v -11.445817 -24.11219 36.37178
v -11.304266 -24.118708 36.496395
v -11.171261 -24.111151 36.629635
v -11.028461 -24.689877 36.770981
v -10.913197 -24.682625 36.919872
v -10.80749 -24.675974 37.075726
v -10.71176 -24.66995 37.237915
v -10.626381 -24.664579 37.405811
v -11.047131 -24.095793 36.770981
v -10.647391 -23.996025 37.405811
v -10.718602 -23.996025 37.266052
v -10.572556 -23.996025 37.578747
v -10.551693 -24.659882 37.578747
v -10.487989 -24.655872 37.756039
v -10.435522 -24.652573 37.936993
v -10.394498 -24.64999 38.120888
v -10.365078 -24.64814 38.306999
v -10.508726 -23.996025 37.756039
v -10.456155 -23.996025 37.936993
v -10.41505 -23.996025 38.120888
v -10.385571 -23.996025 38.306999
v -10.34738 -24.647026 38.494598
v -10.341473 -24.646654 38.682938
v -10.34738 -24.647026 38.871277
v -10.365078 -24.64814 39.058876
v -10.367839 -23.996025 38.494598
v -10.361919 -23.996025 38.682938
v -10.367839 -23.996025 38.871277
v -10.385571 -23.996025 39.058876
v -10.44951 -23.78459 37.936993
v -10.374268 -23.636332 38.306999
v -10.35393 -23.553455 38.494598
v -10.345237 -23.465178 38.682938
v -10.365078 -23.343908 39.058876
v -10.358627 -23.275667 39.058876
v -8.2921038 -35.409126 35.777668
v -8.1840124 -35.260353 35.736565
v -7.5591063 -35.907269 35.777668
v -7.4605703 -35.752003 35.736565
v -8.0746174 -35.109783 35.707088
v -6.7962766 -36.358406 35.777668
v -7.3608456 -35.59486 35.707088
v -7.9643507 -34.958012 35.689354
v -7.2603259 -35.436466 35.689354
v -6.7076845 -36.197258 35.736565
v -6.6180239 -36.034164 35.707088
v -6.0066257 -36.760754 35.777668
v -6.527648 -35.869774 35.689354
v -7.1594081 -35.277447 35.683434
v -6.4369144 -35.704727 35.683434
v -7.0584903 -35.118427 35.689354
v -6.3461809 -35.539684 35.689354
v -5.9283266 -36.59436 35.736565
v -5.8490834 -36.425961 35.707088
v -5.7692084 -36.256218 35.689354
v -5.6890173 -36.0858 35.683434
v -6.2558055 -35.375294 35.707088
v -5.6088257 -35.915386 35.689354
v -6.1661444 -35.2122 35.736565
v -5.5289507 -35.745644 35.707088
v -5.1932688 -37.112724 35.777668
v -5.1255727 -36.941742 35.736565
v -5.0570598 -36.7687 35.707088
v -4.3594165 -37.41293 35.777668
v -4.3025899 -37.238033 35.736565
v -4.9880004 -36.594276 35.689354
v -4.2450776 -37.061031 35.707088
v -4.9186678 -36.419163 35.683434
v -4.8493352 -36.244045 35.689354
v -5.4497075 -35.577244 35.736565
v -6.0775523 -35.051052 35.777668
v -5.3714089 -35.410851 35.777668
v -4.7802758 -36.069622 35.707088
v -4.7117629 -35.89658 35.736565
v -4.6440668 -35.725597 35.777668
v -8.5678205 -37.49675 37.237915
v -7.7031965 -38.008087 37.237915
v -7.7444091 -38.083054 37.405811
v -7.4902897 -37.620811 36.629635
v -6.6730599 -38.176998 36.770981
v -7.550323 -37.730011 36.770981
v -6.7222338 -38.281498 36.919872
v -7.6059613 -37.831219 36.919872
v -6.8445954 -38.541531 37.405811
v -7.6569867 -37.92403 37.075726
v -6.8081713 -38.464127 37.237915
v -6.7673306 -38.377335 37.075726
v -8.653758 -37.632164 37.578747
v -7.8112116 -38.204567 37.756039
v -8.6879597 -37.686058 37.756039
v -7.8365383 -38.250633 37.936993
v -8.7161293 -37.730446 37.936993
v -7.8563409 -38.286655 38.120888
v -8.7381544 -37.765152 38.120888
v -7.8705416 -38.312489 38.306999
v -8.7539492 -37.790043 38.306999
v -7.8790846 -38.328026 38.494598
v -8.7634506 -37.805012 38.494598
v -7.8819361 -38.333214 38.682938
v -8.7666225 -37.810013 38.682938
v -7.8790846 -38.328026 38.871277
v -8.7634506 -37.805012 38.871277
v -7.8705416 -38.312489 39.058876
v -8.7539492 -37.790043 39.058876
v -8.6136589 -37.568981 37.405811
v -7.7804618 -38.148632 37.578747
v -6.9036365 -38.667 37.756039
v -6.9260201 -38.714565 37.936993
v -6.8764591 -38.609245 37.578747
v -6.943522 -38.751759 38.120888
v -6.9560728 -38.778431 38.306999
v -6.963623 -38.794476 38.494598
v -6.9661436 -38.799831 38.682938
v -6.963623 -38.794476 38.871277
v -6.9560728 -38.778431 39.058876
v -8.3310165 -37.123608 36.629635
v -8.2596216 -37.011105 36.496395
v -8.8899498 -36.231991 36.25629
v -8.104105 -36.766052 36.25629
v -8.1838856 -36.891766 36.37178
v -8.459672 -37.326336 36.919872
v -8.397788 -37.228821 36.770981
v -8.5164242 -37.41576 37.075726
v -8.7983437 -36.105907 36.150375
v -8.7030096 -35.974689 36.054455
v -8.6043234 -35.83886 35.968906
v -8.0205965 -36.634464 36.150375
v -8.5026741 -35.698952 35.89407
v -7.8437266 -36.355759 35.968906
v -7.9336896 -36.49752 36.054455
v -8.3984642 -35.555519 35.830242
v -7.4260998 -37.504051 36.496395
v -7.358006 -37.380188 36.37178
v -7.2111959 -37.11314 36.150375
v -7.2862768 -37.249714 36.25629
v -6.6200023 -38.064243 36.629635
v -6.5632701 -37.943684 36.496395
v -7.133059 -36.971012 36.054455
v -7.0521746 -36.823883 35.968906
v -7.7510633 -36.209747 35.89407
v -7.656065 -36.060051 35.830242
v -6.9688625 -36.672337 35.89407
v -6.8834505 -36.516975 35.830242
v -5.723588 -38.45216 36.629635
v -6.439693 -37.681068 36.25629
v -5.6225052 -38.196854 36.37178
v -6.503088 -37.815788 36.37178
v -5.6745381 -38.328274 36.496395
v -5.8862777 -38.863064 37.237915
v -5.9177694 -38.942604 37.405811
v -5.7694612 -38.56802 36.770981
v -5.8119769 -38.675404 36.919872
v -5.8509669 -38.77388 37.075726
v -4.941153 -39.203331 37.237915
v -4.9675884 -39.284691 37.405811
v -4.8045859 -38.78302 36.629635
v -6.3733354 -37.540051 36.150375
v -5.5103226 -37.913509 36.150375
v -5.5676947 -38.058414 36.25629
v -4.7197332 -38.52187 36.37178
v -4.7634115 -38.6563 36.496395
v -5.4506159 -37.762707 36.054455
v -4.6255631 -38.232044 36.150375
v -4.6737232 -38.380264 36.25629
v -4.5754428 -38.077789 36.054455
v -5.3888092 -37.606602 35.968906
v -4.5235605 -37.918114 35.968906
v -4.8430934 -38.901535 36.770981
v -4.8787823 -39.011372 36.919872
v -4.9115119 -39.112103 37.075726
v -5.9688153 -39.071533 37.756039
v -5.9453182 -39.012184 37.578747
v -5.9881682 -39.120411 37.936993
v -6.0033002 -39.15863 38.120888
v -6.0141516 -39.186039 38.306999
v -6.0206795 -39.202526 38.494598
v -6.0228586 -39.208027 38.682938
v -6.0206795 -39.202526 38.871277
v -6.0141516 -39.186039 39.058876
v -4.9907141 -39.355862 37.578747
v -5.0104384 -39.416569 37.756039
v -5.0266838 -39.466568 37.936993
v -5.0393863 -39.505661 38.120888
v -5.0484953 -39.533695 38.306999
v -4.055584 -39.791481 38.120888
v -5.0539751 -39.55056 38.494598
v -5.0558043 -39.55619 38.682938
v -5.0539751 -39.55056 38.871277
v -5.0484953 -39.533695 39.058876
v -4.0629148 -39.820034 38.306999
v -4.0673246 -39.837208 38.494598
v -4.0687966 -39.842941 38.682938
v -4.0673246 -39.837208 38.871277
v -4.0629148 -39.820034 39.058876
v -6.3042774 -37.393295 36.054455
v -6.2327909 -37.241379 35.968906
v -6.1591587 -37.084904 35.89407
v -6.0836706 -36.924484 35.830242
v -5.3251476 -37.445812 35.89407
v -5.2598815 -37.280968 35.830242
v -4.4701204 -37.753639 35.89407
v -4.4153337 -37.585026 35.830242
v -5.2943635 -35.24712 35.830242
v -4.5774541 -35.557354 35.830242
v -5.2188754 -35.0867 35.89407
v -4.512188 -35.392509 35.89407
v -8.9923754 -34.86594 35.777668
v -8.8751564 -34.724247 35.736565
v -8.7565231 -34.580841 35.707088
v -8.6369438 -34.436295 35.689354
v -8.5168915 -34.291176 35.683434
v -8.3968391 -34.146057 35.689354
v -7.8536472 -34.805641 35.683434
v -9.0175953 -33.598789 35.689354
v -8.8891764 -33.462036 35.707088
v -8.7617731 -33.326366 35.736565
v -8.6358881 -33.19231 35.777668
v -8.2772598 -34.001514 35.707088
v -8.1586266 -33.858109 35.736565
v -8.0414076 -33.716415 35.777668
v -7.7429438 -34.653271 35.689354
v -7.6326766 -34.501503 35.707088
v -7.5232821 -34.350933 35.736565
v -7.4151912 -34.20216 35.777668
v -6.9579711 -34.960033 35.707088
v -6.8582463 -34.802891 35.736565
v -6.7597103 -34.647625 35.777668
v -9.0643787 -32.508041 35.830242
v -8.5120182 -33.060402 35.830242
v -8.9351377 -32.386677 35.89407
v -8.3906527 -32.931164 35.89407
v -7.926065 -33.576992 35.830242
v -7.3088307 -34.055767 35.830242
v -7.8130536 -33.440384 35.89407
v -8.2722702 -32.805096 35.968906
v -8.1573381 -32.682709 36.054455
v -7.7028203 -33.307137 35.968906
v -7.5957999 -33.177769 36.054455
v -8.0463095 -32.564472 36.150375
v -7.4924145 -33.052799 36.150375
v -7.2046204 -33.912334 35.89407
v -7.1029711 -33.772427 35.968906
v -7.0042849 -33.636597 36.054455
v -7.3930721 -32.932713 36.25629
v -6.9089503 -33.505379 36.150375
v -7.9396234 -32.450863 36.25629
v -7.2981653 -32.817989 36.37178
v -6.8173442 -33.379295 36.25629
v -7.2080679 -32.709084 36.496395
v -6.7298284 -33.258839 36.37178
v -8.8090734 -32.268295 35.968906
v -8.6866827 -32.153362 36.054455
v -9.0567732 -31.48844 36.150375
v -8.9366894 -31.389097 36.25629
v -8.568449 -32.042336 36.150375
v -8.4548397 -31.935648 36.25629
v -8.8219662 -31.294189 36.37178
v -8.346303 -31.833725 36.37178
v -8.7130575 -31.204092 36.496395
v -8.2432661 -31.736967 36.496395
v -9.1484623 -30.642771 36.496395
v -9.0406675 -30.564453 36.629635
v -8.6103926 -31.11916 36.629635
v -8.1461363 -31.645756 36.629635
v -8.9398527 -30.491207 36.770981
v -8.5143766 -31.039728 36.770981
v -8.0552969 -31.560452 36.770981
v -8.4253883 -30.966112 36.919872
v -8.3437786 -30.8986 37.075726
v -7.971107 -31.481392 36.919872
v -8.8464174 -30.423323 36.919872
v -8.7607307 -30.361069 37.075726
v -8.6831293 -30.304688 37.237915
v -8.2698708 -30.837458 37.237915
v -8.6139202 -30.254404 37.405811
v -8.2039557 -30.782927 37.405811
v -7.8376999 -32.342327 36.37178
v -7.740942 -32.239292 36.496395
v -7.6497312 -32.142162 36.629635
v -7.123136 -32.606419 36.629635
v -7.5644274 -32.051323 36.770981
v -7.4853678 -31.967131 36.919872
v -7.893898 -31.408888 37.075726
v -7.8239751 -31.343225 37.237915
v -7.4128637 -31.889923 37.075726
v -7.0437045 -32.510399 36.770981
v -6.9700871 -32.421413 36.919872
v -6.9025741 -32.339802 37.075726
v -7.3472018 -31.82 37.237915
v -7.7616143 -31.284666 37.405811
v -7.288641 -31.757639 37.405811
v -6.8414321 -32.265896 37.237915
v -8.5533772 -30.210417 37.578747
v -8.1462936 -30.735226 37.578747
v -8.5017376 -30.172899 37.756039
v -8.0971127 -30.694538 37.756039
v -8.4592066 -30.141998 37.936993
v -8.425952 -30.117836 38.120888
v -8.0566053 -30.661028 37.936993
v -8.4021044 -30.10051 38.306999
v -8.0249329 -30.634827 38.120888
v -8.3877573 -30.090088 38.494598
v -8.0022202 -30.616037 38.306999
v -7.7070613 -31.233437 37.578747
v -7.237412 -31.703085 37.578747
v -6.7869024 -32.199982 37.405811
v -7.6605315 -31.189743 37.756039
v -7.6222086 -31.153755 37.936993
v -7.5922441 -31.125616 38.120888
v -7.193718 -31.656555 37.756039
v -7.1577306 -31.618233 37.936993
v -7.570756 -31.105438 38.306999
v -7.1295919 -31.588268 38.120888
v -7.9885569 -30.604734 38.494598
v -7.5578289 -31.093298 38.494598
v -7.9839964 -30.60096 38.682938
v -7.5535145 -31.089247 38.682938
v -7.9885569 -30.604734 38.871277
v -7.5578289 -31.093298 38.871277
v -8.0022202 -30.616037 39.058876
v -7.570756 -31.105438 39.058876
v -8.3829689 -30.086609 38.682938
v -8.3877573 -30.090088 38.871277
v -8.4021044 -30.10051 39.058876
v -7.1094131 -31.56678 38.306999
v -7.0972738 -31.553854 38.494598
v -7.0932221 -31.54954 38.682938
v -7.0972738 -31.553854 38.871277
v -7.1094131 -31.56678 39.058876
v -6.6627517 -34.494843 35.830242
v -6.5677533 -34.345146 35.89407
v -6.47509 -34.199135 35.968906
v -5.9903784 -34.892483 35.830242
v -5.9049664 -34.737118 35.89407
v -6.3851271 -34.057373 36.054455
v -5.8216543 -34.585575 35.968906
v -6.2982202 -33.920429 36.150375
v -5.7407699 -34.438446 36.054455
v -5.6626334 -34.296314 36.150375
v -6.2147117 -33.788841 36.25629
v -6.6467471 -33.144485 36.496395
v -6.568429 -33.03669 36.629635
v -6.1349316 -33.663128 36.37178
v -6.0591946 -33.543789 36.496395
v -5.5875521 -34.159744 36.25629
v -5.5158229 -34.02927 36.37178
v -5.9877996 -33.431286 36.629635
v -6.4951835 -32.935879 36.770981
v -6.4272985 -32.842442 36.919872
v -5.9210286 -33.326073 36.770981
v -6.3650432 -32.756756 37.075726
v -5.8591447 -33.228558 36.919872
v -6.3086629 -32.679153 37.237915
v -5.8023925 -33.139133 37.075726
v -5.7509956 -33.058144 37.237915
v -6.2583795 -32.609943 37.405811
v -5.7051573 -32.985916 37.405811
v -5.1452432 -34.930222 35.968906
v -5.0737567 -34.778305 36.054455
v -5.0046988 -34.63155 36.150375
v -4.9383411 -34.490532 36.25629
v -4.4485264 -35.23172 35.968906
v -4.3867197 -35.075615 36.054455
v -4.327013 -34.924812 36.150375
v -4.8749461 -34.355812 36.37178
v -5.4477291 -33.905407 36.496395
v -4.814764 -34.227921 36.496395
v -5.3835392 -33.788647 36.629635
v -4.7580323 -34.107357 36.629635
v -5.3235064 -33.679447 36.770981
v -5.2678676 -33.578239 36.919872
v -5.2168422 -33.485424 37.075726
v -5.1706324 -33.401371 37.237915
v -5.1294198 -33.326405 37.405811
v -4.7049742 -33.994602 36.770981
v -4.6558003 -33.890102 36.919872
v -4.6107039 -33.79427 37.075726
v -4.5698628 -33.707478 37.237915
v -4.5334387 -33.630074 37.405811
v -6.2143922 -32.5494 37.578747
v -5.6650586 -32.922729 37.578747
v -5.0933676 -33.260826 37.578747
v -5.630857 -32.868835 37.756039
v -5.6026878 -32.824448 37.936993
v -5.0626173 -33.204891 37.756039
v -5.5806623 -32.789742 38.120888
v -5.037291 -33.158821 37.936993
v -5.5648675 -32.764854 38.306999
v -5.017488 -33.122803 38.120888
v -4.501575 -33.562359 37.578747
v -4.4743977 -33.504604 37.756039
v -4.452014 -33.457035 37.936993
v -5.0032873 -33.09697 38.306999
v -4.4345121 -33.419842 38.120888
v -5.5553656 -32.749882 38.494598
v -5.5521941 -32.744884 38.682938
v -4.9947443 -33.081432 38.494598
v -5.5553656 -32.749882 38.871277
v -4.9918928 -33.076244 38.682938
v -5.5648675 -32.764854 39.058876
v -4.9947443 -33.081432 38.871277
v -4.4219613 -33.393169 38.306999
v -4.4144111 -33.377125 38.494598
v -5.0032873 -33.09697 39.058876
v -4.411891 -33.371769 38.682938
v -4.4144111 -33.377125 38.871277
v -6.7392006 -32.142319 37.578747
v -6.698514 -32.093136 37.756039
v -6.6650038 -32.052631 37.936993
v -6.1768742 -32.497761 37.756039
v -6.6388021 -32.020958 38.120888
v -6.1459737 -32.455231 37.936993
v -6.1218123 -32.421978 38.120888
v -6.104486 -32.398129 38.306999
v -6.6200123 -31.998245 38.306999
v -6.6087089 -31.984581 38.494598
v -6.6049361 -31.980021 38.682938
v -6.6087089 -31.984581 38.871277
v -6.6200123 -31.998245 39.058876
v -6.0940628 -32.383781 38.494598
v -6.0905838 -32.378994 38.682938
v -6.0940628 -32.383781 38.871277
v -6.104486 -32.398129 39.058876
v -4.1871071 -36.882614 35.689354
v -4.1289067 -36.703491 35.683434
v -3.5083599 -37.660183 35.777668
v -3.4626272 -37.482067 35.736565
v -3.4163425 -37.3018 35.707088
v -3.369689 -37.120098 35.689354
v -4.0707064 -36.524372 35.689354
v -3.3228507 -36.937675 35.683434
v -3.2760124 -36.755249 35.689354
v -4.0127358 -36.345955 35.707088
v -3.9552233 -36.168949 35.736565
v -3.8983967 -35.994057 35.777668
v -3.2293589 -36.573547 35.707088
v -3.1830745 -36.39328 35.736565
v -2.6434574 -37.853512 35.777668
v -2.6089988 -37.672874 35.736565
v -2.5741246 -37.490059 35.707088
v -2.5389724 -37.305782 35.689354
v -2.5036809 -37.120781 35.683434
v -2.4683895 -36.935776 35.689354
v -2.4332373 -36.751503 35.707088
v -3.1373415 -36.215164 35.777668
v -2.3983631 -36.568684 35.736565
v -2.3639047 -36.388046 35.777668
v -1.7681222 -37.992153 35.777668
v -1.7450739 -37.809708 35.736565
v -0.885809 -38.075554 35.777668
v -0.87426215 -37.892025 35.736565
v 0 -38.103394 35.777668
v -0.86257601 -37.706276 35.707088
v 0 -37.919498 35.736565
v -1.7217478 -37.625061 35.707088
v -1.6982356 -37.438942 35.689354
v -1.6746303 -37.252087 35.683434
v -1.6510251 -37.065231 35.689354
v -1.6275128 -36.879116 35.707088
v -1.6041867 -36.694469 35.736565
v -0.85079664 -37.519051 35.689354
v -0.83897066 -37.331081 35.683434
v -0.82714468 -37.143112 35.689354
v -0.81536537 -36.955887 35.707088
v -1.5811385 -36.512024 35.777668
v -0.80367923 -36.770142 35.736565
v -0.79213232 -36.586609 35.777668
v 0 -37.733383 35.707088
v 0 -37.545788 35.689354
v 0 -37.357449 35.683434
v 0 -37.169106 35.689354
v 0 -36.98151 35.707088
v 0 -36.795395 35.736565
v 0 -36.6115 35.777668
v -3.8976121 -39.17622 36.770981
v -3.9263337 -39.288086 36.919872
v -3.9526739 -39.390671 37.075726
v -3.9765282 -39.483578 37.237915
v -3.997803 -39.566441 37.405811
v -3.866622 -39.055523 36.629635
v -2.9367485 -39.390999 36.770981
v -2.9583895 -39.504448 36.919872
v -2.9782362 -39.608486 37.075726
v -2.9962099 -39.702705 37.237915
v -3.0122397 -39.786739 37.405811
v -3.8334858 -38.926468 36.496395
v -3.7983346 -38.789562 36.37178
v -3.7225487 -38.494392 36.150375
v -3.6404591 -38.174675 35.968906
v -3.6822131 -38.337296 36.054455
v -3.7613068 -38.645348 36.25629
v -2.9133983 -39.268593 36.629635
v -3.5974517 -38.007175 35.89407
v -2.8884313 -39.137711 36.496395
v -1.9486769 -39.421391 36.629635
v -2.8619456 -38.998867 36.37178
v -1.9319772 -39.2892 36.496395
v -2.0147886 -39.944717 37.405811
v -1.97877 -39.659603 36.919872
v -1.964295 -39.545021 36.770981
v -2.0040667 -39.859848 37.237915
v -1.9920448 -39.764683 37.075726
v -2.8048429 -38.699524 36.150375
v -2.8340461 -38.852615 36.25629
v -2.774451 -38.540207 36.054455
v -2.7429905 -38.375286 35.968906
v -3.5533607 -37.835449 35.830242
v -2.7105856 -38.205414 35.89407
v -2.6773641 -38.031258 35.830242
v -1.8760676 -38.84663 36.150375
v -1.8557396 -38.685715 36.054455
v -1.9142618 -39.148968 36.37178
v -1.8956008 -39.001251 36.25629
v -1.8346967 -38.519146 35.968906
v -1.8130221 -38.347572 35.89407
v -1.7908014 -38.171677 35.830242
v -4.0164137 -39.638924 37.578747
v -4.0322876 -39.700748 37.756039
v -4.0453615 -39.751667 37.936993
v -3.038223 -39.922947 37.756039
v -3.048074 -39.974586 37.936993
v -3.0557764 -40.014965 38.120888
v -3.0262625 -39.860249 37.578747
v -3.0612998 -40.043919 38.306999
v -3.0646226 -40.06134 38.494598
v -3.0657318 -40.067154 38.682938
v -3.0646226 -40.06134 38.871277
v -3.0612998 -40.043919 39.058876
v -2.024168 -40.018967 37.578747
v -2.0321681 -40.082291 37.756039
v -2.0387571 -40.134449 37.936993
v -2.0439088 -40.175228 38.120888
v -2.0476034 -40.204475 38.306999
v -2.0498259 -40.222069 38.494598
v -2.0505676 -40.22794 38.682938
v -2.0498259 -40.222069 38.871277
v -2.0476034 -40.204475 39.058876
v -3.8424797 -35.82196 35.830242
v -3.787693 -35.653343 35.89407
v -3.7342529 -35.488873 35.968906
v -3.0923407 -36.039898 35.830242
v -3.0482497 -35.868172 35.89407
v -3.0052423 -35.700672 35.968906
v -3.6823704 -35.329197 36.054455
v -3.6322503 -35.174942 36.150375
v -2.9634883 -35.538052 36.054455
v -2.9231529 -35.380955 36.150375
v -2.3299978 -36.2103 35.830242
v -2.2967763 -36.036148 35.89407
v -2.2643714 -35.866276 35.968906
v -2.2329109 -35.701355 36.054455
v -2.8843946 -35.23 36.25629
v -2.2025192 -35.542034 36.150375
v -2.1733158 -35.388947 36.25629
v -0.95902336 -39.239265 36.37178
v -0.97626489 -39.513309 36.629635
v -0.96789855 -39.380329 36.496395
v -0.94967437 -39.090668 36.25629
v -0.99134123 -39.752941 36.919872
v -0.99799168 -39.858646 37.075726
v -1.0040146 -39.95438 37.237915
v -1.0093862 -40.039757 37.405811
v -0.98408943 -39.637676 36.770981
v -0.93988848 -38.935123 36.150375
v -0.91916209 -38.605686 35.968906
v -0.92970431 -38.773251 36.054455
v -0.90830338 -38.433094 35.89407
v -0.89717102 -38.256149 35.830242
v 0 -39.543991 36.629635
v 0 -39.269402 36.37178
v 0 -39.410748 36.496395
v 0 -39.12051 36.25629
v 0 -39.985931 37.237915
v 0 -39.890011 37.075726
v 0 -40.07148 37.405811
v 0 -39.668606 36.770981
v 0 -39.784096 36.919872
v 0 -38.964661 36.150375
v 0 -38.634575 35.968906
v 0 -38.802467 36.054455
v 0 -38.461639 35.89407
v 0 -38.284344 35.830242
v -1.018093 -40.17815 37.756039
v -1.0140851 -40.114445 37.578747
v -1.021394 -40.230618 37.936993
v -1.023975 -40.271641 38.120888
v -1.0258259 -40.30106 38.306999
v -1.0269394 -40.31876 38.494598
v -1.0273111 -40.324665 38.682938
v -1.0269394 -40.31876 38.871277
v -1.0258259 -40.30106 39.058876
v 0 -40.146317 37.578747
v 0 -40.210144 37.756039
v 0 -40.262714 37.936993
v 0 -40.303822 38.120888
v 0 -40.333298 38.306999
v 0 -40.351032 38.494598
v 0 -40.356949 38.682938
v 0 -40.351032 38.871277
v 0 -40.333298 39.058876
v -1.5584593 -36.3325 35.830242
v -1.5362386 -36.156605 35.89407
v -1.5145639 -35.985031 35.968906
v -1.4935211 -35.818462 36.054455
v -1.4731929 -35.657547 36.150375
v -2.1454163 -35.242691 36.37178
v -1.4536599 -35.502926 36.25629
v -0.7807703 -36.406013 35.830242
v -0.76963794 -36.229069 35.89407
v -0.75877923 -36.056477 35.968906
v -0.74823701 -35.888912 36.054455
v -0.73805285 -35.727039 36.150375
v -1.4349988 -35.355209 36.37178
v -0.72826701 -35.571495 36.25629
v -1.4172834 -35.214977 36.496395
v -0.71891803 -35.422897 36.37178
v 0 -36.43055 35.830242
v 0 -36.253258 35.89407
v 0 -36.080322 35.968906
v 0 -35.912426 36.054455
v 0 -35.750233 36.150375
v 0 -35.594383 36.25629
v -0.71004283 -35.281834 36.496395
v 0 -35.445492 36.37178
v 0 -35.304146 36.496395
v -4.2696409 -34.779907 36.25629
v -4.2148299 -34.641472 36.37178
v -4.162797 -34.510052 36.496395
v -4.1137476 -34.386166 36.629635
v -3.58409 -35.026718 36.25629
v -3.53808 -34.885117 36.37178
v -3.4944017 -34.750687 36.496395
v -3.4532275 -34.623966 36.629635
v -4.067874 -34.270302 36.770981
v -4.0253587 -34.162922 36.919872
v -3.4147201 -34.505451 36.770981
v -3.9863687 -34.064442 37.075726
v -3.3790309 -34.395611 36.919872
v -3.9510581 -33.975258 37.237915
v -3.3463013 -34.29488 37.075726
v -3.3166604 -34.203655 37.237915
v -3.9195662 -33.895718 37.405811
v -2.8473668 -35.085785 36.37178
v -2.8122156 -34.948879 36.496395
v -2.7790794 -34.819824 36.629635
v -2.1189306 -35.103848 36.496395
v -2.7480893 -34.699127 36.770981
v -2.7193677 -34.587261 36.919872
v -3.2902248 -34.122295 37.405811
v -2.6930275 -34.484676 37.075726
v -2.6691732 -34.391769 37.237915
v -2.0939636 -34.972965 36.629635
v -2.0706134 -34.850559 36.770981
v -2.0489724 -34.737114 36.919872
v -2.6478984 -34.308907 37.405811
v -2.0291257 -34.633076 37.075726
v -2.011152 -34.538853 37.237915
v -3.8920171 -33.826138 37.578747
v -3.86852 -33.766792 37.756039
v -3.8491671 -33.717911 37.936993
v -3.8340354 -33.679691 38.120888
v -3.2670994 -34.051121 37.578747
v -3.2473748 -33.990417 37.756039
v -3.2311294 -33.940418 37.936993
v -3.823184 -33.652287 38.306999
v -3.2184272 -33.901325 38.120888
v -3.8166559 -33.635796 38.494598
v -3.814477 -33.630295 38.682938
v -4.4219613 -33.393169 39.058876
v -3.8166559 -33.635796 38.871277
v -3.2093182 -33.873291 38.306999
v -3.2038383 -33.856426 38.494598
v -3.823184 -33.652287 39.058876
v -3.2020092 -33.850796 38.682938
v -3.2038383 -33.856426 38.871277
v -2.6292875 -34.236423 37.578747
v -2.6134138 -34.174599 37.756039
v -1.9951222 -34.454823 37.405811
v -1.9810994 -34.38131 37.578747
v -2.6003399 -34.12368 37.936993
v -1.9691389 -34.318611 37.756039
v -2.5901175 -34.083866 38.120888
v -1.959288 -34.266972 37.936993
v -2.5827866 -34.055313 38.306999
v -1.9515857 -34.226593 38.120888
v -2.5783765 -34.038139 38.494598
v -1.9460621 -34.197639 38.306999
v -2.5769045 -34.032406 38.682938
v -1.9427392 -34.180222 38.494598
v -2.5783765 -34.038139 38.871277
v -1.9416301 -34.174408 38.682938
v -2.5827866 -34.055313 39.058876
v -1.9427392 -34.180222 38.871277
v -3.2093182 -33.873291 39.058876
v -1.4005837 -35.082787 36.629635
v -1.3849655 -34.959156 36.770981
v -1.3704906 -34.844574 36.919872
v -1.3572159 -34.739494 37.075726
v -1.3451939 -34.644329 37.237915
v -1.3344719 -34.55946 37.405811
v -0.70167649 -35.148853 36.629635
v 0 -35.170902 36.629635
v -0.69385195 -35.024487 36.770981
v -0.68660015 -34.909222 36.919872
v -0.67994964 -34.803516 37.075726
v -0.67392677 -34.707783 37.237915
v -0.6685552 -34.622406 37.405811
v 0 -35.046291 36.770981
v 0 -34.930798 36.919872
v 0 -34.824883 37.075726
v 0 -34.728962 37.237915
v 0 -34.643417 37.405811
v -1.3250926 -34.48521 37.578747
v -1.3170925 -34.421886 37.756039
v -1.3105037 -34.369728 37.936993
v -1.3053517 -34.328949 38.120888
v -1.9460621 -34.197639 39.058876
v -1.3016573 -34.299702 38.306999
v -1.2994348 -34.282108 38.494598
v -1.2986929 -34.276237 38.682938
v -1.2994348 -34.282108 38.871277
v -1.3016573 -34.299702 39.058876
v -0.66385627 -34.547718 37.578747
v -0.65984833 -34.484013 37.756039
v -0.65654737 -34.431545 37.936993
v -0.65396637 -34.390522 38.120888
v 0 -34.568581 37.578747
v 0 -34.504749 37.756039
v 0 -34.452179 37.936993
v -0.65211546 -34.361103 38.306999
v 0 -34.411072 38.120888
v -0.65100199 -34.343403 38.494598
v -0.6506303 -34.337498 38.682938
v -0.65100199 -34.343403 38.871277
v -0.65211546 -34.361103 39.058876
v 0 -34.381596 38.306999
v 0 -34.363865 38.494598
v 0 -34.357944 38.682938
v 0 -34.363865 38.871277
v 0 -34.381596 39.058876
v -9.1431074 -29.798416 37.075726
v -9.0621195 -29.747021 37.237915
v -8.9898901 -29.701181 37.405811
v -8.9267035 -29.661083 37.578747
v -9.2088671 -29.058641 37.756039
v -8.8728104 -29.626881 37.756039
v -9.1627979 -29.033316 37.936993
v -8.8284235 -29.598713 37.936993
v -9.1267767 -29.013514 38.120888
v -8.7937164 -29.576687 38.120888
v -9.1009455 -28.999311 38.306999
v -8.7688284 -29.560892 38.306999
v -9.0854063 -28.990768 38.494598
v -8.7538557 -29.55139 38.494598
v -9.0802193 -28.987917 38.682938
v -8.7488585 -29.548218 38.682938
v -9.0854063 -28.990768 38.871277
v -8.7538557 -29.55139 38.871277
v -9.1009455 -28.999311 39.058876
v -8.7688284 -29.560892 39.058876
v -14.290631 -31.852365 39.244987
v -14.755735 -30.939547 39.244987
v -14.25461 -31.832563 39.428883
v -13.769128 -32.73418 39.244987
v -15.162605 -29.999325 39.244987
v -14.718542 -30.922045 39.428883
v -15.124387 -29.984192 39.428883
v -14.670974 -30.89966 39.609837
v -15.075507 -29.96484 39.609837
v -14.613219 -30.872484 39.787128
v -14.545506 -30.84062 39.960064
v -15.01616 -29.941343 39.787128
v -14.208541 -31.807236 39.609837
v -14.152607 -31.776485 39.787128
v -14.087028 -31.740433 39.960064
v -14.012063 -31.699221 40.12796
v -14.468101 -30.804195 40.12796
v -13.928007 -31.653011 40.290154
v -14.38131 -30.763355 40.290154
v -13.835193 -31.601986 40.446003
v -14.285475 -30.718258 40.446003
v -14.946579 -29.913794 39.960064
v -14.86704 -29.882301 40.12796
v -14.777855 -29.846991 40.290154
v -14.180974 -30.669085 40.594894
v -14.679378 -29.808001 40.446003
v -14.06822 -30.616026 40.73624
v -14.571996 -29.765486 40.594894
v -13.947659 -30.559296 40.86948
v -14.456134 -29.719612 40.73624
v -11.163455 -35.883896 39.244987
v -11.887872 -35.159481 39.244987
v -11.135316 -35.853931 39.428883
v -11.857907 -35.13134 39.428883
v -11.099329 -35.815609 39.609837
v -11.819585 -35.095352 39.609837
v -11.055634 -35.769081 39.787128
v -11.004406 -35.714527 39.960064
v -11.773055 -35.051659 39.787128
v -10.39498 -36.561398 39.244987
v -10.368779 -36.529724 39.428883
v -10.335269 -36.48922 39.609837
v -10.294582 -36.440037 39.787128
v -10.945845 -35.652164 40.12796
v -11.718502 -35.000431 39.960064
v -10.246881 -36.382374 39.960064
v -10.880183 -35.582241 40.290154
v -11.65614 -34.941868 40.12796
v -10.19235 -36.31646 40.12796
v -10.131208 -36.242554 40.290154
v -10.807679 -35.505032 40.446003
v -11.586218 -34.876205 40.290154
v -9.5854826 -37.189308 39.244987
v -9.5613213 -37.156055 39.428883
v -9.5304203 -37.113522 39.609837
v -9.4929028 -37.061882 39.787128
v -9.4489145 -37.001339 39.960064
v -9.398632 -36.932133 40.12796
v -9.3422508 -36.85453 40.290154
v -9.2799959 -36.768845 40.446003
v -10.063696 -36.160942 40.446003
v -9.990078 -36.071953 40.594894
v -10.728619 -35.420845 40.594894
v -9.9106464 -35.975937 40.73624
v -9.2121115 -36.675407 40.594894
v -9.1388655 -36.574593 40.73624
v -10.643315 -35.330006 40.73624
v -9.8257151 -35.873272 40.86948
v -10.552105 -35.232876 40.86948
v -9.7356176 -35.764366 40.994095
v -10.455347 -35.129837 40.994095
v -9.0605478 -36.466797 40.86948
v -8.9774666 -36.352448 40.994095
v -9.6407108 -35.649643 41.109589
v -8.8899498 -36.231991 41.109589
v -10.353423 -35.021301 41.109589
v -9.5413685 -35.529556 41.215504
v -13.193284 -33.581505 39.244987
v -13.160029 -33.557346 39.428883
v -13.734422 -32.712154 39.428883
v -12.565373 -34.391006 39.244987
v -12.533701 -34.364803 39.428883
v -13.117498 -33.526443 39.609837
v -13.690034 -32.683983 39.609837
v -13.065859 -33.488926 39.787128
v -13.636141 -32.649784 39.787128
v -13.005316 -33.444939 39.960064
v -13.572955 -32.609684 39.960064
v -12.936107 -33.394657 40.12796
v -13.500725 -32.563847 40.12796
v -12.858505 -33.338276 40.290154
v -13.419737 -32.512447 40.290154
v -12.772819 -33.27602 40.446003
v -12.493194 -34.331295 39.609837
v -12.444013 -34.290607 39.787128
v -12.386351 -34.242905 39.960064
v -12.320436 -34.188374 40.12796
v -12.246528 -34.127232 40.290154
v -11.509009 -34.803703 40.446003
v -12.164918 -34.059719 40.446003
v -11.424819 -34.724644 40.594894
v -12.07593 -33.986103 40.594894
v -12.679383 -33.208138 40.594894
v -13.33031 -32.455696 40.446003
v -12.578569 -33.134892 40.73624
v -13.232797 -32.393814 40.594894
v -11.979914 -33.90667 40.73624
v -11.33398 -34.639339 40.73624
v -12.470774 -33.056572 40.86948
v -13.127583 -32.327042 40.73624
v -11.877249 -33.821739 40.86948
v -11.76834 -33.731644 40.994095
v -12.356422 -32.973492 40.994095
v -11.653617 -33.636734 41.109589
v -12.235967 -32.885975 41.109589
v -11.533533 -33.537392 41.215504
v -12.109881 -32.794369 41.215504
v -11.408562 -33.434006 41.311424
v -11.978665 -32.699036 41.311424
v -13.733986 -31.546347 40.594894
v -13.624786 -31.486315 40.73624
v -13.015081 -32.255646 40.86948
v -13.508025 -31.422125 40.86948
v -12.89574 -32.179909 40.994095
v -13.384163 -31.354031 40.994095
v -12.770026 -32.100128 41.109589
v -13.253689 -31.282301 41.109589
v -13.819765 -30.499113 40.994095
v -13.685044 -30.435719 41.109589
v -13.117117 -31.20722 41.215504
v -12.638438 -32.016621 41.215504
v -13.544027 -30.36936 41.215504
v -12.974986 -31.129084 41.311424
v -13.397271 -30.300303 41.311424
v -12.827858 -31.048199 41.396969
v -13.245356 -30.228815 41.396969
v -12.676313 -30.964888 41.471806
v -13.088879 -30.155184 41.471806
v -12.501494 -31.929714 41.311424
v -12.359735 -31.839752 41.396969
v -12.213721 -31.747087 41.471806
v -11.842834 -32.600349 41.396969
v -11.702928 -32.498699 41.471806
v -11.559494 -32.394489 41.535633
v -12.064028 -31.65209 41.535633
v -11.413101 -32.288128 41.588207
v -11.911245 -31.55513 41.588207
v -12.52095 -30.879475 41.535633
v -12.928458 -30.079695 41.535633
v -12.362382 -30.792301 41.588207
v -12.764729 -30.002649 41.588207
v -12.201233 -30.703709 41.629311
v -11.755978 -31.456594 41.629311
v -11.598837 -31.356871 41.658791
v -12.598335 -29.924351 41.629311
v -12.03814 -30.614048 41.658791
v -12.429935 -29.845108 41.658791
v -11.873748 -30.523672 41.676521
v -11.440443 -31.256351 41.676521
v -11.23685 -34.54813 40.86948
v -11.133813 -34.45137 40.994095
v -11.025276 -34.349449 41.109589
v -10.911667 -34.24276 41.215504
v -10.246737 -34.907692 41.215504
v -10.135709 -34.789459 41.311424
v -10.793433 -34.131733 41.311424
v -11.279196 -33.326988 41.396969
v -11.145947 -33.216755 41.471806
v -10.671043 -34.0168 41.396969
v -10.544978 -33.898418 41.471806
v -11.00934 -33.103741 41.535633
v -10.415737 -33.777054 41.535633
v -10.869914 -32.9884 41.588207
v -10.28383 -33.653183 41.588207
v -10.020777 -34.667068 41.396969
v -9.9023943 -34.541004 41.471806
v -9.4379826 -35.404587 41.311424
v -9.3309622 -35.275219 41.396969
v -9.2207289 -35.141972 41.471806
v -9.7810278 -34.411762 41.535633
v -9.6571589 -34.279854 41.588207
v -9.1077185 -35.005363 41.535633
v -8.9923754 -34.86594 41.588207
v -10.149776 -33.527298 41.629311
v -10.728221 -32.871181 41.629311
v -10.014105 -33.399895 41.658791
v -10.584818 -32.752548 41.658791
v -9.8773518 -33.271477 41.676521
v -10.440272 -32.632969 41.676521
v -9.7400579 -33.142548 41.682442
v -9.5312738 -34.145802 41.629311
v -9.4038706 -34.010128 41.658791
v -9.2754507 -33.873375 41.676521
v -9.1465235 -33.736084 41.682442
v -10.295154 -32.512917 41.682442
v -9.6027641 -33.013618 41.676521
v -9.0175953 -33.598789 41.676521
v -11.264327 -32.180038 41.629311
v -11.113758 -32.070641 41.658791
v -10.961988 -31.960375 41.676521
v -10.809618 -31.849672 41.682442
v -11.281423 -31.155434 41.682442
v -10.657248 -31.738968 41.676521
v -11.708704 -30.43294 41.682442
v -11.122401 -31.054516 41.676521
v -11.54366 -30.342205 41.676521
v -10.964008 -30.953995 41.658791
v -11.379268 -30.251829 41.658791
v -10.505478 -31.628702 41.658791
v -10.354909 -31.519306 41.629311
v -10.806868 -30.854271 41.629311
v -10.651599 -30.755735 41.588207
v -11.216175 -30.162169 41.629311
v -11.055026 -30.073576 41.588207
v -10.498816 -30.658777 41.535633
v -9.9163094 -31.200645 41.471806
v -9.4443598 -31.809078 41.471806
v -9.3111105 -31.698845 41.396969
v -10.150034 -32.392864 41.676521
v -10.005488 -32.273285 41.658791
v -9.8620853 -32.154652 41.629311
v -9.7203922 -32.037434 41.588207
v -10.206135 -31.411215 41.588207
v -9.466011 -32.885201 41.658791
v -9.3303404 -32.757797 41.629311
v -9.1962872 -32.631912 41.588207
v -10.059742 -31.304855 41.535633
v -9.580966 -31.922089 41.535633
v -9.0643787 -32.508041 41.535633
v -10.349123 -30.563778 41.471806
v -9.7764015 -31.098995 41.396969
v -10.203109 -30.471115 41.396969
v -10.741095 -29.900991 41.471806
v -9.1817446 -31.591824 41.311424
v -9.6405706 -31.000309 41.311424
v -9.2628136 -30.725853 40.994095
v -9.7928181 -30.210735 41.109589
v -9.3832693 -30.81337 41.109589
v -9.6671047 -30.130957 40.994095
v -9.1484623 -30.642771 40.86948
v -9.5477629 -30.05522 40.86948
v -10.06135 -30.381151 41.311424
v -9.5093546 -30.904976 41.215504
v -9.924407 -30.294245 41.215504
v -10.896458 -29.986403 41.535633
v -15.509636 -29.03541 39.244987
v -15.470542 -29.022709 39.428883
v -15.420545 -29.006462 39.609837
v -15.795457 -28.051609 39.244987
v -15.755643 -28.041386 39.428883
v -15.704723 -28.028313 39.609837
v -15.359838 -28.986738 39.787128
v -15.6429 -28.012438 39.787128
v -15.288666 -28.963614 39.960064
v -15.570415 -27.993828 39.960064
v -15.207306 -28.937178 40.12796
v -15.487555 -27.972553 40.12796
v -15.11608 -28.907537 40.290154
v -15.394649 -27.948698 40.290154
v -15.015348 -28.874807 40.446003
v -14.905509 -28.839117 40.594894
v -15.292061 -27.922358 40.446003
v -15.180197 -27.893637 40.594894
v -14.786995 -28.80061 40.73624
v -14.332248 -29.670563 40.86948
v -14.660274 -28.759436 40.86948
v -14.200828 -29.61853 40.994095
v -14.525846 -28.715757 40.994095
v -14.062392 -29.563719 41.109589
v -14.384241 -28.669748 41.109589
v -13.917486 -29.506348 41.215504
v -15.059499 -27.862646 40.73624
v -14.930442 -27.82951 40.86948
v -14.793537 -27.794359 40.994095
v -14.23602 -28.621588 41.215504
v -14.649323 -27.757332 41.109589
v -14.498369 -27.718573 41.215504
v -14.081765 -28.571468 41.311424
v -14.341272 -27.678238 41.311424
v -13.922088 -28.519585 41.396969
v -14.178652 -27.636484 41.396969
v -16.01894 -27.051802 39.244987
v -15.978563 -27.044098 39.428883
v -16.179205 -26.039934 39.244987
v -15.926923 -27.034248 39.609837
v -16.138424 -26.034782 39.428883
v -15.864224 -27.022287 39.787128
v -16.086266 -26.028193 39.609837
v -15.790713 -27.008265 39.960064
v -16.02294 -26.020193 39.787128
v -15.706682 -26.992235 40.12796
v -15.612461 -26.97426 40.290154
v -15.508422 -26.954414 40.446003
v -15.394975 -26.932774 40.594894
v -15.948694 -26.010813 39.960064
v -15.863822 -26.000092 40.12796
v -15.768658 -25.98807 40.290154
v -15.663578 -25.974794 40.446003
v -15.272569 -26.909424 40.73624
v -15.548997 -25.96032 40.594894
v -16.275616 -25.02 39.244987
v -16.234592 -25.017418 39.428883
v -16.182125 -25.014118 39.609837
v -16.118422 -25.010109 39.787128
v -16.043734 -25.005411 39.960064
v -15.958355 -25.000038 40.12796
v -15.862624 -24.994017 40.290154
v -15.756918 -24.987366 40.446003
v -15.641653 -24.980114 40.594894
v -15.425366 -25.944702 40.73624
v -15.293174 -25.928001 40.86948
v -15.517286 -24.97229 40.73624
v -15.384307 -24.963923 40.86948
v -15.141686 -26.884457 40.86948
v -15.002845 -26.857969 40.994095
v -14.85659 -26.83007 41.109589
v -15.152943 -25.910286 40.994095
v -14.703501 -26.800867 41.215504
v -15.005225 -25.891624 41.109589
v -14.544182 -26.770475 41.311424
v -14.37926 -26.739016 41.396969
v -14.011149 -27.593475 41.471806
v -14.209388 -26.70661 41.471806
v -14.850605 -25.872091 41.215504
v -15.243239 -24.955048 40.994095
v -15.094642 -24.9457 41.109589
v -14.689692 -25.851765 41.311424
v -14.939099 -24.935913 41.215504
v -14.777227 -24.92573 41.311424
v -14.52312 -25.830721 41.396969
v -14.351548 -25.809046 41.471806
v -14.609663 -24.915186 41.396969
v -14.035234 -26.673389 41.535633
v -14.175653 -25.786825 41.535633
v -14.437069 -24.904327 41.471806
v -13.996128 -25.764147 41.588207
v -14.260125 -24.893196 41.535633
v -16.307796 -23.996025 39.244987
v -16.266691 -23.996025 39.428883
v -16.214119 -23.996025 39.609837
v -16.15029 -23.996025 39.787128
v -16.075455 -23.996025 39.960064
v -15.989907 -23.996025 40.12796
v -15.893987 -23.996025 40.290154
v -15.788072 -23.996025 40.446003
v -15.67258 -23.996025 40.594894
v -16.275616 -22.97205 39.244987
v -16.234592 -22.97463 39.428883
v -16.182125 -22.977932 39.609837
v -16.118422 -22.981939 39.787128
v -16.043734 -22.986639 39.960064
v -15.958355 -22.99201 40.12796
v -15.862624 -22.998034 40.290154
v -15.756918 -23.004683 40.446003
v -15.547966 -23.996025 40.73624
v -15.641653 -23.011934 40.594894
v -15.414724 -23.996025 40.86948
v -15.273378 -23.996025 40.994095
v -15.517286 -23.01976 40.73624
v -15.384307 -23.028126 40.86948
v -15.243239 -23.037001 40.994095
v -15.293174 -22.064047 40.86948
v -15.124486 -23.996025 41.109589
v -14.968637 -23.996025 41.215504
v -14.806444 -23.996025 41.311424
v -14.638549 -23.996025 41.396969
v -14.465613 -23.996025 41.471806
v -14.288321 -23.996025 41.535633
v -14.079531 -24.881834 41.588207
v -14.107368 -23.996025 41.588207
v -15.094642 -23.04635 41.109589
v -14.939099 -23.056135 41.215504
v -14.777227 -23.06632 41.311424
v -15.152943 -22.081762 40.994095
v -15.005225 -22.100424 41.109589
v -14.850605 -22.119957 41.215504
v -14.609663 -23.076862 41.396969
v -14.437069 -23.087721 41.471806
v -14.689692 -22.140285 41.311424
v -14.52312 -22.161327 41.396969
v -14.260125 -23.098854 41.535633
v -14.079531 -23.110216 41.588207
v -14.351548 -22.183002 41.471806
v -14.175653 -22.205223 41.535633
v -16.179205 -21.952116 39.244987
v -16.138424 -21.957268 39.428883
v -16.086266 -21.963856 39.609837
v -16.02294 -21.971857 39.787128
v -16.01894 -20.940248 39.244987
v -15.978563 -20.94795 39.428883
v -15.926923 -20.957802 39.609837
v -15.948694 -21.981236 39.960064
v -15.864224 -20.969763 39.787128
v -15.863822 -21.991959 40.12796
v -15.768658 -22.003981 40.290154
v -15.663578 -22.017254 40.446003
v -15.548997 -22.031729 40.594894
v -15.790713 -20.983786 39.960064
v -15.706682 -20.999815 40.12796
v -15.612461 -21.017788 40.290154
v -15.508422 -21.037636 40.446003
v -15.425366 -22.047348 40.73624
v -15.394975 -21.059277 40.594894
v -15.795457 -19.940441 39.244987
v -15.755643 -19.950663 39.428883
v -15.704723 -19.963737 39.609837
v -15.6429 -19.97961 39.787128
v -15.570415 -19.998222 39.960064
v -15.487555 -20.019497 40.12796
v -15.394649 -20.04335 40.290154
v -15.292061 -20.069691 40.446003
v -15.272569 -21.082626 40.73624
v -15.180197 -20.098412 40.594894
v -15.002845 -21.134079 40.994095
v -15.141686 -21.107594 40.86948
v -14.85659 -21.161978 41.109589
v -14.703501 -21.191181 41.215504
v -14.544182 -21.221573 41.311424
v -14.37926 -21.253035 41.396969
v -14.209388 -21.285439 41.471806
v -14.035234 -21.318661 41.535633
v -14.793537 -20.197689 40.994095
v -14.649323 -20.234718 41.109589
v -15.059499 -20.129402 40.73624
v -14.930442 -20.162539 40.86948
v -14.498369 -20.273476 41.215504
v -14.341272 -20.313812 41.311424
v -14.178652 -20.355566 41.396969
v -14.011149 -20.398573 41.471806
v -14.224769 -19.912802 41.311424
v -13.766684 -29.44664 41.311424
v -13.610579 -29.384834 41.396969
v -13.449787 -29.321173 41.471806
v -13.284945 -29.255905 41.535633
v -13.757616 -28.466145 41.471806
v -13.1167 -29.189293 41.588207
v -13.589 -28.411358 41.535633
v -13.416905 -28.355442 41.588207
v -13.839426 -27.549385 41.535633
v -13.66416 -27.504385 41.588207
v -12.945719 -29.121597 41.629311
v -12.772675 -29.053083 41.658791
v -13.24201 -28.298615 41.629311
v -13.065006 -28.241102 41.658791
v -13.486042 -27.458652 41.629311
v -13.305776 -27.412367 41.658791
v -12.886591 -28.183132 41.676521
v -12.260192 -29.765232 41.676521
v -12.598251 -28.984024 41.676521
v -12.089777 -29.685041 41.682442
v -12.423137 -28.914692 41.682442
v -11.919361 -29.604851 41.676521
v -12.248022 -28.84536 41.676521
v -11.749619 -29.524975 41.658791
v -12.073599 -28.7763 41.658791
v -11.581218 -29.445732 41.629311
v -12.707468 -28.124931 41.682442
v -13.124072 -27.365713 41.676521
v -12.528346 -28.06673 41.676521
v -12.941649 -27.318874 41.682442
v -12.349931 -28.00876 41.658791
v -12.759226 -27.272038 41.676521
v -11.900555 -28.707788 41.629311
v -12.172926 -27.951248 41.629311
v -11.729573 -28.640091 41.588207
v -11.998032 -27.894421 41.588207
v -11.825936 -27.838505 41.535633
v -11.561329 -28.573479 41.535633
v -13.857489 -26.639482 41.588207
v -13.67685 -26.605022 41.629311
v -13.494034 -26.570148 41.658791
v -13.309759 -26.534996 41.676521
v -13.124755 -26.499706 41.682442
v -13.813683 -25.741098 41.629311
v -13.629037 -25.717772 41.658791
v -13.895999 -24.870287 41.629311
v -13.442919 -25.69426 41.676521
v -13.710253 -24.858601 41.658791
v -13.256063 -25.670654 41.682442
v -12.939751 -26.464415 41.676521
v -13.069209 -25.647049 41.676521
v -13.523026 -24.846821 41.676521
v -13.335057 -24.834995 41.682442
v -12.883091 -25.623537 41.658791
v -13.147088 -24.82317 41.676521
v -11.872149 -27.044273 41.471806
v -11.704646 -27.001266 41.396969
v -12.040123 -26.292801 41.471806
v -11.870251 -26.260395 41.396969
v -12.577522 -27.225384 41.658791
v -12.397256 -27.179098 41.629311
v -12.755477 -26.429262 41.658791
v -12.219138 -27.133366 41.588207
v -12.572659 -26.394388 41.629311
v -12.392022 -26.35993 41.588207
v -11.65732 -27.783718 41.471806
v -12.043872 -27.088366 41.535633
v -12.214275 -26.326023 41.535633
v -12.16058 -25.532263 41.471806
v -11.705329 -26.228935 41.311424
v -11.989008 -25.510588 41.396969
v -12.233046 -24.765663 41.471806
v -11.822436 -25.489546 41.311424
v -12.060451 -24.754805 41.396969
v -11.661523 -25.469217 41.215504
v -11.892887 -24.744261 41.311424
v -12.698445 -25.600212 41.629311
v -12.516 -25.577164 41.588207
v -12.959862 -24.81139 41.658791
v -12.774116 -24.799704 41.629311
v -12.336475 -25.554483 41.535633
v -12.590583 -24.788157 41.588207
v -12.409988 -24.776794 41.535633
v -9.2325344 -29.855169 40.446003
v -9.6834221 -29.31953 40.594894
v -9.3300486 -29.917053 40.594894
v -9.5822153 -29.263891 40.446003
v -9.99858 -28.700998 40.594894
v -9.7926216 -29.379564 40.73624
v -9.4894009 -29.212868 40.290154
v -9.8940792 -28.651825 40.446003
v -9.264801 -29.089392 39.787128
v -9.5663338 -28.497601 39.787128
v -9.6340475 -28.529463 39.960064
v -9.2088671 -29.058641 39.609837
v -9.5085793 -28.470423 39.609837
v -9.6836681 -27.830059 39.244987
v -9.4238186 -28.430536 39.244987
v -9.7218866 -27.845192 39.428883
v -9.4610119 -28.448038 39.428883
v -9.8301134 -27.888042 39.787128
v -9.8996944 -27.91559 39.960064
v -9.7707663 -27.864544 39.609837
v -10.274278 -28.063898 40.594894
v -9.9792337 -27.947083 40.12796
v -10.298857 -27.342325 40.290154
v -10.068419 -27.982393 40.290154
v -10.166896 -28.021383 40.446003
v -10.509427 -27.410744 40.594894
v -9.7982445 -28.606728 40.290154
v -10.39014 -28.109772 40.73624
v -10.399588 -27.375055 40.446003
v -9.7114525 -28.565887 40.12796
v -9.3303804 -29.125444 39.960064
v -9.405345 -29.166656 40.12796
v -10.111333 -28.754057 40.73624
v -11.090675 -29.214901 41.471806
v -10.58955 -29.817678 41.396969
v -10.934198 -29.141268 41.396969
v -10.442422 -29.736795 41.311424
v -10.782282 -29.069782 41.311424
v -11.414824 -29.367434 41.588207
v -11.251095 -29.290388 41.535633
v -11.396486 -28.508213 41.471806
v -11.235695 -28.444551 41.396969
v -11.492849 -27.730278 41.396969
v -11.07959 -28.382744 41.311424
v -11.333171 -27.678394 41.311424
v -10.783881 -28.265665 41.109589
v -10.359788 -28.87097 40.994095
v -10.645446 -28.210855 40.994095
v -10.494509 -28.934366 41.109589
v -10.928787 -28.323038 41.215504
v -10.635526 -29.000723 41.215504
v -11.030695 -27.580114 41.109589
v -10.889091 -27.534105 40.994095
v -10.514026 -28.158821 40.86948
v -11.178917 -27.628275 41.215504
v -10.300291 -29.658657 41.215504
v -10.163719 -29.583576 41.109589
v -10.033245 -29.511848 40.994095
v -10.231894 -28.810789 40.86948
v -9.9093828 -29.443754 40.86948
v -9.4352627 -29.983824 40.73624
v -10.754663 -27.490427 40.86948
v -10.627941 -27.449251 40.73624
v -10.8238 -26.775105 40.73624
v -10.703101 -26.744114 40.594894
v -10.591238 -26.715393 40.446003
v -10.854535 -26.066637 40.594894
v -10.48865 -26.689053 40.290154
v -10.741089 -26.044996 40.446003
v -10.63705 -26.02515 40.290154
v -10.976941 -26.089989 40.73624
v -10.542829 -26.007177 40.12796
v -10.74347 -25.353241 40.290154
v -10.648306 -25.341219 40.12796
v -10.963131 -25.380991 40.594894
v -11.086761 -25.396608 40.73624
v -10.84855 -25.366514 40.446003
v -10.055098 -27.263124 39.787128
v -10.126271 -27.286249 39.960064
v -10.087841 -26.586142 39.244987
v -10.127655 -26.596365 39.428883
v -9.9053001 -27.214451 39.244987
v -9.9443941 -27.227154 39.428883
v -10.178575 -26.609438 39.609837
v -9.9943924 -27.243399 39.609837
v -10.240399 -26.625313 39.787128
v -10.312883 -26.643923 39.960064
v -10.207631 -27.312685 40.12796
v -10.395743 -26.665197 40.12796
v -10.23057 -25.947611 39.244987
v -10.270947 -25.955313 39.428883
v -10.385286 -25.977123 39.787128
v -10.458797 -25.991146 39.960064
v -10.322587 -25.965164 39.609837
v -10.332923 -25.301376 39.244987
v -10.373705 -25.306528 39.428883
v -10.425861 -25.313118 39.609837
v -10.489187 -25.321117 39.787128
v -10.563434 -25.330496 39.960064
v -11.542026 -26.959513 41.311424
v -11.384929 -26.919178 41.215504
v -11.233975 -26.880419 41.109589
v -11.39292 -26.16934 41.109589
v -11.089762 -26.843391 40.994095
v -11.546009 -26.198544 41.215504
v -10.952856 -26.808241 40.86948
v -11.107823 -26.114956 40.86948
v -11.246666 -26.141441 40.994095
v -11.506903 -25.449684 41.109589
v -11.359185 -25.431023 40.994095
v -11.218954 -25.413307 40.86948
v -13.923473 -23.996025 41.629311
v -13.73736 -23.996025 41.658791
v -13.549763 -23.996025 41.676521
v -13.361423 -23.996025 41.682442
v -13.173082 -23.996025 41.676521
v -12.985485 -23.996025 41.658791
v -13.895999 -23.121763 41.629311
v -13.710253 -23.133448 41.658791
v -13.523026 -23.145227 41.676521
v -13.996128 -22.227901 41.588207
v -13.813683 -22.25095 41.629311
v -13.629037 -22.274277 41.658791
v -13.335057 -23.157053 41.682442
v -13.147088 -23.16888 41.676521
v -12.959862 -23.180658 41.658791
v -13.442919 -22.297789 41.676521
v -13.256063 -22.321394 41.682442
v -13.069209 -22.344999 41.676521
v -12.257232 -23.996025 41.471806
v -12.084296 -23.996025 41.396969
v -11.731014 -24.734077 41.215504
v -11.916401 -23.996025 41.311424
v -11.754209 -23.996025 41.215504
v -12.799372 -23.996025 41.629311
v -12.615477 -23.996025 41.588207
v -12.434525 -23.996025 41.535633
v -12.233046 -23.226387 41.471806
v -12.060451 -23.237246 41.396969
v -11.892887 -23.247787 41.311424
v -11.731014 -23.257971 41.215504
v -12.16058 -22.459785 41.471806
v -11.989008 -22.481461 41.396969
v -11.822436 -22.502504 41.311424
v -12.774116 -23.192345 41.629311
v -12.590583 -23.203892 41.588207
v -12.409988 -23.215254 41.535633
v -12.883091 -22.368511 41.658791
v -12.698445 -22.391838 41.629311
v -12.516 -22.414886 41.588207
v -12.336475 -22.437565 41.535633
v -13.857489 -21.352568 41.588207
v -13.67685 -21.387026 41.629311
v -13.494034 -21.4219 41.658791
v -12.939751 -21.527636 41.676521
v -13.309759 -21.457052 41.676521
v -13.124755 -21.492344 41.682442
v -14.067576 -19.973242 41.396969
v -13.839426 -20.442663 41.535633
v -13.66416 -20.487665 41.588207
v -13.486042 -20.533398 41.629311
v -13.744909 -20.117332 41.535633
v -13.305776 -20.579681 41.658791
v -13.124072 -20.626335 41.676521
v -12.941649 -20.673174 41.682442
v -12.040123 -21.699247 41.471806
v -11.870251 -21.731653 41.396969
v -11.705329 -21.763113 41.311424
v -11.945322 -21.275135 41.471806
v -12.755477 -21.562788 41.658791
v -12.572659 -21.597662 41.629311
v -12.392022 -21.63212 41.588207
v -12.214275 -21.666027 41.535633
v -12.759226 -20.720013 41.676521
v -10.551693 -24.659882 39.787128
v -10.572556 -23.996025 39.787128
v -10.647391 -23.996025 39.960064
v -10.71176 -24.66995 40.12796
v -10.80749 -24.675974 40.290154
v -10.626381 -24.664579 39.960064
v -11.028461 -24.689877 40.594894
v -11.152828 -24.697701 40.73624
v -10.913197 -24.682625 40.446003
v -10.828858 -23.996025 40.290154
v -10.732938 -23.996025 40.12796
v -10.934773 -23.996025 40.446003
v -11.050266 -23.996025 40.594894
v -11.174879 -23.996025 40.73624
v -10.626381 -23.327469 39.960064
v -10.80749 -23.316074 40.290154
v -10.71176 -23.322098 40.12796
v -10.913197 -23.309423 40.446003
v -11.028461 -23.302172 40.594894
v -11.152828 -23.294348 40.73624
v -10.74347 -22.638809 40.290154
v -10.648306 -22.650831 40.12796
v -10.57116 -22.743294 39.960064
v -10.963131 -22.611059 40.594894
v -10.84855 -22.625534 40.446003
v -11.086761 -22.59544 40.73624
v -10.394498 -24.64999 39.244987
v -10.435522 -24.652573 39.428883
v -10.487989 -24.655872 39.609837
v -10.41505 -23.996025 39.244987
v -10.456155 -23.996025 39.428883
v -10.508726 -23.996025 39.609837
v -10.394498 -23.342058 39.244987
v -10.435522 -23.339478 39.428883
v -10.487989 -23.336176 39.609837
v -10.551693 -23.332169 39.787128
v -10.378799 -23.175985 39.244987
v -10.410284 -23.072495 39.428883
v -10.452959 -22.965597 39.609837
v -10.506655 -22.855721 39.787128
v -11.575473 -24.724291 41.109589
v -11.285808 -24.706068 40.86948
v -11.426874 -24.714943 40.994095
v -11.598359 -23.996025 41.109589
v -11.449468 -23.996025 40.994095
v -11.308122 -23.996025 40.86948
v -11.575473 -23.267757 41.109589
v -11.426874 -23.277107 40.994095
v -11.285808 -23.285982 40.86948
v -11.506903 -22.542364 41.109589
v -11.218954 -22.578741 40.86948
v -11.359185 -22.561026 40.994095
v -11.661523 -22.522831 41.215504
v -10.907634 -22.260664 40.594894
v -11.39292 -21.822708 41.109589
v -11.546009 -21.793505 41.215504
v -11.511795 -21.64044 41.215504
v -11.651235 -21.521109 41.311424
v -7.8563409 -38.286655 39.244987
v -8.7381544 -37.765152 39.244987
v -7.8365383 -38.250633 39.428883
v -8.7161293 -37.730446 39.428883
v -7.8112116 -38.204567 39.609837
v -8.6879597 -37.686058 39.609837
v -7.7804618 -38.148632 39.787128
v -8.653758 -37.632164 39.787128
v -7.7444091 -38.083054 39.960064
v -6.943522 -38.751759 39.244987
v -6.9260201 -38.714565 39.428883
v -6.9036365 -38.667 39.609837
v -6.8764591 -38.609245 39.787128
v -6.8445954 -38.541531 39.960064
v -8.6136589 -37.568981 39.960064
v -7.7031965 -38.008087 40.12796
v -6.8081713 -38.464127 40.12796
v -6.7673306 -38.377335 40.290154
v -7.6569867 -37.92403 40.290154
v -6.7222338 -38.281498 40.446003
v -7.6059613 -37.831219 40.446003
v -6.6730599 -38.176998 40.594894
v -7.550323 -37.730011 40.594894
v -8.5678205 -37.49675 40.12796
v -8.5164242 -37.41576 40.290154
v -8.459672 -37.326336 40.446003
v -8.397788 -37.228821 40.594894
v -8.3310165 -37.123608 40.73624
v -7.4902897 -37.620811 40.73624
v -8.2596216 -37.011105 40.86948
v -8.1838856 -36.891766 40.994095
v -8.104105 -36.766052 41.109589
v -8.7983437 -36.105907 41.215504
v -8.7030096 -35.974689 41.311424
v -8.6043234 -35.83886 41.396969
v -8.5026741 -35.698952 41.471806
v -8.0205965 -36.634464 41.215504
v -7.9336896 -36.49752 41.311424
v -7.8437266 -36.355759 41.396969
v -7.7510633 -36.209747 41.471806
v -8.3984642 -35.555519 41.535633
v -8.2921038 -35.409126 41.588207
v -7.4260998 -37.504051 40.86948
v -7.358006 -37.380188 40.994095
v -7.2862768 -37.249714 41.109589
v -7.2111959 -37.11314 41.215504
v -7.133059 -36.971012 41.311424
v -6.6200023 -38.064243 40.73624
v -6.5632701 -37.943684 40.86948
v -6.503088 -37.815788 40.994095
v -7.0521746 -36.823883 41.396969
v -6.9688625 -36.672337 41.471806
v -7.656065 -36.060051 41.535633
v -7.5591063 -35.907269 41.588207
v -7.4605703 -35.752003 41.629311
v -8.1840124 -35.260353 41.629311
v -7.3608456 -35.59486 41.658791
v -8.0746174 -35.109783 41.658791
v -6.8834505 -36.516975 41.535633
v -6.7962766 -36.358406 41.588207
v -6.7076845 -36.197258 41.629311
v -7.2603259 -35.436466 41.676521
v -6.6180239 -36.034164 41.658791
v -6.0033002 -39.15863 39.244987
v -5.9881682 -39.120411 39.428883
v -5.9688153 -39.071533 39.609837
v -5.9453182 -39.012184 39.787128
v -5.9177694 -38.942604 39.960064
v -5.8862777 -38.863064 40.12796
v -5.8509669 -38.77388 40.290154
v -5.8119769 -38.675404 40.446003
v -5.7694612 -38.56802 40.594894
v -5.723588 -38.45216 40.73624
v -5.0393863 -39.505661 39.244987
v -5.0266838 -39.466568 39.428883
v -5.0104384 -39.416569 39.609837
v -4.9907141 -39.355862 39.787128
v -4.9675884 -39.284691 39.960064
v -4.055584 -39.791481 39.244987
v -4.941153 -39.203331 40.12796
v -4.9115119 -39.112103 40.290154
v -4.8787823 -39.011372 40.446003
v -4.8430934 -38.901535 40.594894
v -4.8045859 -38.78302 40.73624
v -5.6745381 -38.328274 40.86948
v -5.6225052 -38.196854 40.994095
v -5.5676947 -38.058414 41.109589
v -6.439693 -37.681068 41.109589
v -4.7634115 -38.6563 40.86948
v -4.7197332 -38.52187 40.994095
v -5.5103226 -37.913509 41.215504
v -4.6737232 -38.380264 41.109589
v -4.6255631 -38.232044 41.215504
v -4.5754428 -38.077789 41.311424
v -5.4506159 -37.762707 41.311424
v -4.5235605 -37.918114 41.396969
v -6.3733354 -37.540051 41.215504
v -6.3042774 -37.393295 41.311424
v -6.2327909 -37.241379 41.396969
v -6.1591587 -37.084904 41.471806
v -5.3888092 -37.606602 41.396969
v -5.3251476 -37.445812 41.471806
v -6.0836706 -36.924484 41.535633
v -6.0066257 -36.760754 41.588207
v -5.9283266 -36.59436 41.629311
v -6.527648 -35.869774 41.676521
v -6.4369144 -35.704727 41.682442
v -7.1594081 -35.277447 41.682442
v -6.3461809 -35.539684 41.676521
v -6.2558055 -35.375294 41.658791
v -7.0584903 -35.118427 41.676521
v -5.8490834 -36.425961 41.658791
v -5.7692084 -36.256218 41.676521
v -5.6890173 -36.0858 41.682442
v -5.6088257 -35.915386 41.676521
v -5.5289507 -35.745644 41.658791
v -5.4497075 -35.577244 41.629311
v -6.1661444 -35.2122 41.629311
v -4.4701204 -37.753639 41.471806
v -5.2598815 -37.280968 41.535633
v -5.1932688 -37.112724 41.588207
v -5.1255727 -36.941742 41.629311
v -5.0570598 -36.7687 41.658791
v -4.9880004 -36.594276 41.676521
v -4.4153337 -37.585026 41.535633
v -4.3594165 -37.41293 41.588207
v -4.3025899 -37.238033 41.629311
v -4.2450776 -37.061031 41.658791
v -4.1871071 -36.882614 41.676521
v -4.9186678 -36.419163 41.682442
v -4.8493352 -36.244045 41.676521
v -5.3714089 -35.410851 41.588207
v -4.7802758 -36.069622 41.658791
v -4.7117629 -35.89658 41.629311
v -4.6440668 -35.725597 41.588207
v -4.5774541 -35.557354 41.535633
v -5.2943635 -35.24712 41.535633
v -4.512188 -35.392509 41.471806
v -8.8751564 -34.724247 41.629311
v -8.7565231 -34.580841 41.658791
v -8.6369438 -34.436295 41.676521
v -7.9643507 -34.958012 41.676521
v -8.5168915 -34.291176 41.682442
v -8.3968391 -34.146057 41.676521
v -7.8536472 -34.805641 41.682442
v -8.8891764 -33.462036 41.658791
v -8.7617731 -33.326366 41.629311
v -8.6358881 -33.19231 41.588207
v -8.2772598 -34.001514 41.658791
v -8.1586266 -33.858109 41.629311
v -8.0414076 -33.716415 41.588207
v -8.5120182 -33.060402 41.535633
v -8.3906527 -32.931164 41.471806
v -7.926065 -33.576992 41.535633
v -7.8130536 -33.440384 41.471806
v -7.7429438 -34.653271 41.676521
v -7.6326766 -34.501503 41.658791
v -7.5232821 -34.350933 41.629311
v -7.4151912 -34.20216 41.588207
v -6.9579711 -34.960033 41.658791
v -6.8582463 -34.802891 41.629311
v -6.7597103 -34.647625 41.588207
v -6.6627517 -34.494843 41.535633
v -7.3088307 -34.055767 41.535633
v -7.7028203 -33.307137 41.396969
v -8.2722702 -32.805096 41.396969
v -7.5957999 -33.177769 41.311424
v -8.1573381 -32.682709 41.311424
v -7.4924145 -33.052799 41.215504
v -7.1029711 -33.772427 41.396969
v -7.2046204 -33.912334 41.471806
v -7.0042849 -33.636597 41.311424
v -6.9089503 -33.505379 41.215504
v -7.2981653 -32.817989 40.994095
v -7.3930721 -32.932713 41.109589
v -6.7298284 -33.258839 40.994095
v -8.0463095 -32.564472 41.215504
v -6.8173442 -33.379295 41.109589
v -8.425952 -30.117836 39.244987
v -8.4592066 -30.141998 39.428883
v -8.0249329 -30.634827 39.244987
v -8.5017376 -30.172899 39.609837
v -8.0566053 -30.661028 39.428883
v -8.5533772 -30.210417 39.787128
v -8.0971127 -30.694538 39.609837
v -8.6139202 -30.254404 39.960064
v -8.1462936 -30.735226 39.787128
v -8.9398527 -30.491207 40.594894
v -9.0406675 -30.564453 40.73624
v -8.5143766 -31.039728 40.594894
v -8.8464174 -30.423323 40.446003
v -8.6103926 -31.11916 40.73624
v -8.0552969 -31.560452 40.594894
v -8.4253883 -30.966112 40.446003
v -7.971107 -31.481392 40.446003
v -8.6831293 -30.304688 40.12796
v -8.7607307 -30.361069 40.290154
v -8.2698708 -30.837458 40.12796
v -8.2039557 -30.782927 39.960064
v -8.3437786 -30.8986 40.290154
v -7.193718 -31.656555 39.609837
v -7.7070613 -31.233437 39.787128
v -7.237412 -31.703085 39.787128
v -7.288641 -31.757639 39.960064
v -6.7392006 -32.142319 39.787128
v -7.4853678 -31.967131 40.446003
v -7.5644274 -32.051323 40.594894
v -7.893898 -31.408888 40.290154
v -7.4128637 -31.889923 40.290154
v -8.1461363 -31.645756 40.73624
v -7.6497312 -32.142162 40.73624
v -7.0437045 -32.510399 40.594894
v -6.9700871 -32.421413 40.446003
v -6.9025741 -32.339802 40.290154
v -7.7616143 -31.284666 39.960064
v -7.3472018 -31.82 40.12796
v -7.8239751 -31.343225 40.12796
v -6.7869024 -32.199982 39.960064
v -6.8414321 -32.265896 40.12796
v -7.5922441 -31.125616 39.244987
v -7.6222086 -31.153755 39.428883
v -7.6605315 -31.189743 39.609837
v -7.1295919 -31.588268 39.244987
v -7.1577306 -31.618233 39.428883
v -8.8090734 -32.268295 41.396969
v -8.9351377 -32.386677 41.471806
v -8.6866827 -32.153362 41.311424
v -9.0567732 -31.48844 41.215504
v -8.568449 -32.042336 41.215504
v -8.9366894 -31.389097 41.109589
v -8.4548397 -31.935648 41.109589
v -8.346303 -31.833725 40.994095
v -8.7130575 -31.204092 40.86948
v -8.2432661 -31.736967 40.86948
v -8.8219662 -31.294189 40.994095
v -7.9396234 -32.450863 41.109589
v -7.8376999 -32.342327 40.994095
v -7.740942 -32.239292 40.86948
v -7.2080679 -32.709084 40.86948
v -7.123136 -32.606419 40.73624
v -6.3086629 -32.679153 40.12796
v -6.3650432 -32.756756 40.290154
v -5.7509956 -33.058144 40.12796
v -5.8023925 -33.139133 40.290154
v -5.7051573 -32.985916 39.960064
v -6.4272985 -32.842442 40.446003
v -6.4951835 -32.935879 40.594894
v -6.568429 -33.03669 40.73624
v -5.9210286 -33.326073 40.594894
v -5.8591447 -33.228558 40.446003
v -5.5806623 -32.789742 39.244987
v -5.6026878 -32.824448 39.428883
v -5.017488 -33.122803 39.244987
v -5.630857 -32.868835 39.609837
v -5.037291 -33.158821 39.428883
v -5.6650586 -32.922729 39.787128
v -5.0626173 -33.204891 39.609837
v -5.0933676 -33.260826 39.787128
v -4.4345121 -33.419842 39.244987
v -4.452014 -33.457035 39.428883
v -4.4743977 -33.504604 39.609837
v -5.1294198 -33.326405 39.960064
v -4.501575 -33.562359 39.787128
v -5.9877996 -33.431286 40.73624
v -5.3235064 -33.679447 40.594894
v -5.2168422 -33.485424 40.290154
v -5.2678676 -33.578239 40.446003
v -6.2583795 -32.609943 39.960064
v -5.1706324 -33.401371 40.12796
v -4.5334387 -33.630074 39.960064
v -4.5698628 -33.707478 40.12796
v -4.6107039 -33.79427 40.290154
v -5.3835392 -33.788647 40.73624
v -4.7049742 -33.994602 40.594894
v -4.6558003 -33.890102 40.446003
v -6.5677533 -34.345146 41.471806
v -6.47509 -34.199135 41.396969
v -5.8216543 -34.585575 41.396969
v -5.7407699 -34.438446 41.311424
v -6.3851271 -34.057373 41.311424
v -5.9049664 -34.737118 41.471806
v -6.2982202 -33.920429 41.215504
v -5.6626334 -34.296314 41.215504
v -6.0775523 -35.051052 41.588207
v -5.9903784 -34.892483 41.535633
v -6.1349316 -33.663128 40.994095
v -6.2147117 -33.788841 41.109589
v -6.6467471 -33.144485 40.86948
v -6.0591946 -33.543789 40.86948
v -5.5158229 -34.02927 40.994095
v -5.5875521 -34.159744 41.109589
v -5.1452432 -34.930222 41.396969
v -5.2188754 -35.0867 41.471806
v -5.0737567 -34.778305 41.311424
v -4.8749461 -34.355812 40.994095
v -5.0046988 -34.63155 41.215504
v -4.9383411 -34.490532 41.109589
v -4.4485264 -35.23172 41.396969
v -4.327013 -34.924812 41.215504
v -4.3867197 -35.075615 41.311424
v -5.4477291 -33.905407 40.86948
v -4.814764 -34.227921 40.86948
v -4.7580323 -34.107357 40.73624
v -4.2696409 -34.779907 41.109589
v -6.6388021 -32.020958 39.244987
v -6.6650038 -32.052631 39.428883
v -6.1218123 -32.421978 39.244987
v -6.698514 -32.093136 39.609837
v -6.1459737 -32.455231 39.428883
v -6.1768742 -32.497761 39.609837
v -6.2143922 -32.5494 39.787128
v -4.0453615 -39.751667 39.428883
v -4.0322876 -39.700748 39.609837
v -4.0164137 -39.638924 39.787128
v -3.997803 -39.566441 39.960064
v -3.0557764 -40.014965 39.244987
v -3.048074 -39.974586 39.428883
v -3.038223 -39.922947 39.609837
v -3.0262625 -39.860249 39.787128
v -3.9765282 -39.483578 40.12796
v -3.9526739 -39.390671 40.290154
v -3.9263337 -39.288086 40.446003
v -3.8976121 -39.17622 40.594894
v -3.0122397 -39.786739 39.960064
v -2.9962099 -39.702705 40.12796
v -2.9782362 -39.608486 40.290154
v -2.9583895 -39.504448 40.446003
v -2.9367485 -39.390999 40.594894
v -3.866622 -39.055523 40.73624
v -2.0439088 -40.175228 39.244987
v -2.0387571 -40.134449 39.428883
v -2.0321681 -40.082291 39.609837
v -2.024168 -40.018967 39.787128
v -2.0147886 -39.944717 39.960064
v -2.9133983 -39.268593 40.73624
v -2.0040667 -39.859848 40.12796
v -1.9920448 -39.764683 40.290154
v -1.97877 -39.659603 40.446003
v -1.964295 -39.545021 40.594894
v -3.8334858 -38.926468 40.86948
v -3.7983346 -38.789562 40.994095
v -3.7613068 -38.645348 41.109589
v -3.7225487 -38.494392 41.215504
v -3.6822131 -38.337296 41.311424
v -3.6404591 -38.174675 41.396969
v -3.5974517 -38.007175 41.471806
v -3.5533607 -37.835449 41.535633
v -2.8884313 -39.137711 40.86948
v -1.9486769 -39.421391 40.73624
v -1.9319772 -39.2892 40.86948
v -2.8619456 -38.998867 40.994095
v -2.8340461 -38.852615 41.109589
v -2.8048429 -38.699524 41.215504
v -2.774451 -38.540207 41.311424
v -2.7429905 -38.375286 41.396969
v -2.7105856 -38.205414 41.471806
v -1.9142618 -39.148968 40.994095
v -1.8956008 -39.001251 41.109589
v -1.8760676 -38.84663 41.215504
v -1.8557396 -38.685715 41.311424
v -1.8346967 -38.519146 41.396969
v -1.8130221 -38.347572 41.471806
v -2.6773641 -38.031258 41.535633
v -2.6434574 -37.853512 41.588207
v -1.7908014 -38.171677 41.535633
v -1.7681222 -37.992153 41.588207
v -4.1289067 -36.703491 41.682442
v -3.5083599 -37.660183 41.588207
v -3.4626272 -37.482067 41.629311
v -3.4163425 -37.3018 41.658791
v -3.369689 -37.120098 41.676521
v -3.3228507 -36.937675 41.682442
v -3.2760124 -36.755249 41.676521
v -4.0707064 -36.524372 41.676521
v -3.7342529 -35.488873 41.396969
v -3.787693 -35.653343 41.471806
v -3.6823704 -35.329197 41.311424
v -4.0127358 -36.345955 41.658791
v -3.9552233 -36.168949 41.629311
v -3.8983967 -35.994057 41.588207
v -3.8424797 -35.82196 41.535633
v -3.2293589 -36.573547 41.658791
v -3.1830745 -36.39328 41.629311
v -3.1373415 -36.215164 41.588207
v -3.0923407 -36.039898 41.535633
v -3.0482497 -35.868172 41.471806
v -2.6089988 -37.672874 41.629311
v -2.5741246 -37.490059 41.658791
v -2.5389724 -37.305782 41.676521
v -2.5036809 -37.120781 41.682442
v -2.4683895 -36.935776 41.676521
v -2.4332373 -36.751503 41.658791
v -2.3983631 -36.568684 41.629311
v -3.0052423 -35.700672 41.396969
v -2.9634883 -35.538052 41.311424
v -2.9231529 -35.380955 41.215504
v -2.2643714 -35.866276 41.396969
v -2.2329109 -35.701355 41.311424
v -2.2025192 -35.542034 41.215504
v -2.1733158 -35.388947 41.109589
v -2.8843946 -35.23 41.109589
v -2.2967763 -36.036148 41.471806
v -2.3639047 -36.388046 41.588207
v -2.3299978 -36.2103 41.535633
v -1.023975 -40.271641 39.244987
v -1.021394 -40.230618 39.428883
v -1.018093 -40.17815 39.609837
v -1.0140851 -40.114445 39.787128
v -1.0093862 -40.039757 39.960064
v -1.0040146 -39.95438 40.12796
v -0.99799168 -39.858646 40.290154
v -0.99134123 -39.752941 40.446003
v -0.98408943 -39.637676 40.594894
v -0.97626489 -39.513309 40.73624
v 0 -40.303822 39.244987
v 0 -40.262714 39.428883
v 0 -40.210144 39.609837
v 0 -40.146317 39.787128
v 0 -40.07148 39.960064
v 0 -39.985931 40.12796
v 0 -39.890011 40.290154
v 0 -39.784096 40.446003
v 0 -39.668606 40.594894
v 0 -39.543991 40.73624
v -0.96789855 -39.380329 40.86948
v -0.95902336 -39.239265 40.994095
v -0.94967437 -39.090668 41.109589
v -0.93988848 -38.935123 41.215504
v -0.92970431 -38.773251 41.311424
v -0.91916209 -38.605686 41.396969
v -0.90830338 -38.433094 41.471806
v -1.7450739 -37.809708 41.629311
v -0.89717102 -38.256149 41.535633
v -0.885809 -38.075554 41.588207
v -0.87426215 -37.892025 41.629311
v 0 -39.410748 40.86948
v 0 -39.269402 40.994095
v 0 -39.12051 41.109589
v 0 -38.964661 41.215504
v 0 -38.802467 41.311424
v 0 -38.634575 41.396969
v 0 -38.461639 41.471806
v 0 -38.284344 41.535633
v 0 -38.103394 41.588207
v 0 -37.919498 41.629311
v 0 -37.733383 41.658791
v -1.7217478 -37.625061 41.658791
v -1.6982356 -37.438942 41.676521
v -1.6746303 -37.252087 41.682442
v -1.6510251 -37.065231 41.676521
v -1.6275128 -36.879116 41.658791
v -1.6041867 -36.694469 41.629311
v -1.5811385 -36.512024 41.588207
v -0.86257601 -37.706276 41.658791
v -0.85079664 -37.519051 41.676521
v -0.83897066 -37.331081 41.682442
v -0.82714468 -37.143112 41.676521
v -0.81536537 -36.955887 41.658791
v -0.80367923 -36.770142 41.629311
v -0.79213232 -36.586609 41.588207
v -1.5145639 -35.985031 41.396969
v -1.5362386 -36.156605 41.471806
v -1.4349988 -35.355209 40.994095
v -2.1454163 -35.242691 40.994095
v -1.4731929 -35.657547 41.215504
v -1.4935211 -35.818462 41.311424
v -1.4536599 -35.502926 41.109589
v -0.75877923 -36.056477 41.396969
v -0.71891803 -35.422897 40.994095
v -0.73805285 -35.727039 41.215504
v -0.74823701 -35.888912 41.311424
v -0.72826701 -35.571495 41.109589
v -1.5584593 -36.3325 41.535633
v -0.7807703 -36.406013 41.535633
v -0.76963794 -36.229069 41.471806
v 0 -37.545788 41.676521
v 0 -37.357449 41.682442
v 0 -37.169106 41.676521
v 0 -36.98151 41.658791
v 0 -36.795395 41.629311
v 0 -36.6115 41.588207
v -0.71004283 -35.281834 40.86948
v 0 -36.080322 41.396969
v 0 -35.912426 41.311424
v 0 -36.253258 41.471806
v 0 -35.445492 40.994095
v 0 -35.304146 40.86948
v 0 -35.594383 41.109589
v 0 -35.750233 41.215504
v 0 -36.43055 41.535633
v -4.067874 -34.270302 40.594894
v -4.0253587 -34.162922 40.446003
v -3.9510581 -33.975258 40.12796
v -3.9863687 -34.064442 40.290154
v -3.3166604 -34.203655 40.12796
v -3.3463013 -34.29488 40.290154
v -4.1137476 -34.386166 40.73624
v -3.4147201 -34.505451 40.594894
v -3.3790309 -34.395611 40.446003
v -3.8340354 -33.679691 39.244987
v -3.8491671 -33.717911 39.428883
v -3.86852 -33.766792 39.609837
v -3.8920171 -33.826138 39.787128
v -3.2184272 -33.901325 39.244987
v -3.2311294 -33.940418 39.428883
v -3.9195662 -33.895718 39.960064
v -3.2670994 -34.051121 39.787128
v -3.2473748 -33.990417 39.609837
v -3.2902248 -34.122295 39.960064
v -2.6134138 -34.174599 39.609837
v -2.6292875 -34.236423 39.787128
v -2.5901175 -34.083866 39.244987
v -2.6003399 -34.12368 39.428883
v -1.9515857 -34.226593 39.244987
v -1.959288 -34.266972 39.428883
v -1.9691389 -34.318611 39.609837
v -2.6478984 -34.308907 39.960064
v -1.9810994 -34.38131 39.787128
v -2.6691732 -34.391769 40.12796
v -2.6930275 -34.484676 40.290154
v -3.4532275 -34.623966 40.73624
v -2.7480893 -34.699127 40.594894
v -2.7193677 -34.587261 40.446003
v -2.7790794 -34.819824 40.73624
v -2.0706134 -34.850559 40.594894
v -1.9951222 -34.454823 39.960064
v -2.011152 -34.538853 40.12796
v -2.0291257 -34.633076 40.290154
v -2.0489724 -34.737114 40.446003
v -4.2148299 -34.641472 40.994095
v -4.162797 -34.510052 40.86948
v -3.53808 -34.885117 40.994095
v -3.58409 -35.026718 41.109589
v -3.4944017 -34.750687 40.86948
v -3.6322503 -35.174942 41.215504
v -2.8473668 -35.085785 40.994095
v -2.8122156 -34.948879 40.86948
v -2.1189306 -35.103848 40.86948
v -2.0939636 -34.972965 40.73624
v -1.3250926 -34.48521 39.787128
v -1.3053517 -34.328949 39.244987
v -1.3105037 -34.369728 39.428883
v -1.3170925 -34.421886 39.609837
v -1.3572159 -34.739494 40.290154
v -1.3849655 -34.959156 40.594894
v -1.3704906 -34.844574 40.446003
v -1.3344719 -34.55946 39.960064
v -1.3451939 -34.644329 40.12796
v -0.65396637 -34.390522 39.244987
v -0.65654737 -34.431545 39.428883
v -0.66385627 -34.547718 39.787128
v -0.65984833 -34.484013 39.609837
v 0 -34.411072 39.244987
v 0 -34.452179 39.428883
v -0.6685552 -34.622406 39.960064
v 0 -34.568581 39.787128
v 0 -34.504749 39.609837
v -0.67392677 -34.707783 40.12796
v -0.67994964 -34.803516 40.290154
v -1.4005837 -35.082787 40.73624
v -0.69385195 -35.024487 40.594894
v -0.68660015 -34.909222 40.446003
v 0 -34.728962 40.12796
v 0 -34.643417 39.960064
v 0 -34.824883 40.290154
v -0.70167649 -35.148853 40.73624
v 0 -35.046291 40.594894
v 0 -34.930798 40.446003
v -1.4172834 -35.214977 40.86948
v 0 -35.170902 40.73624
v -9.1267767 -29.013514 39.244987
v -8.7937164 -29.576687 39.244987
v -9.1627979 -29.033316 39.428883
v -8.8284235 -29.598713 39.428883
v -8.9267035 -29.661083 39.787128
v -8.8728104 -29.626881 39.609837
v -8.9898901 -29.701181 39.960064
v -9.1431074 -29.798416 40.290154
v -9.0621195 -29.747021 40.12796
v -15.813519 -19.935802 39.127251
v -15.781835 -19.893551 39.244987
v -15.722171 -19.835451 39.428883
v -15.488247 -19.715401 39.960064
v -15.392987 -19.693993 40.12796
v -15.060606 -19.686779 40.594894
v -14.420427 -19.848017 41.185684
v 0.87426215 -37.892025 35.736565
v 0.885809 -38.075554 35.777668
v 1.7681222 -37.992153 35.777668
v 1.7450739 -37.809708 35.736565
v 2.6434574 -37.853512 35.777668
v 0.86257601 -37.706276 35.707088
v 0.85079664 -37.519051 35.689354
v 0.83897066 -37.331081 35.683434
v 0.82714468 -37.143112 35.689354
v 0.81536537 -36.955887 35.707088
v 0.80367923 -36.770142 35.736565
v 0.79213232 -36.586609 35.777668
v 1.7217478 -37.625061 35.707088
v 1.6982356 -37.438942 35.689354
v 1.6746303 -37.252087 35.683434
v 1.6510251 -37.065231 35.689354
v 1.6275128 -36.879116 35.707088
v 1.6041867 -36.694469 35.736565
v 1.5811385 -36.512024 35.777668
v 2.6089988 -37.672874 35.736565
v 2.5741246 -37.490059 35.707088
v 2.5389724 -37.305782 35.689354
v 2.5036809 -37.120781 35.683434
v 2.4683895 -36.935776 35.689354
v 2.4332373 -36.751503 35.707088
v 2.3983631 -36.568684 35.736565
v 2.3639047 -36.388046 35.777668
v 3.5083599 -37.660183 35.777668
v 3.4626272 -37.482067 35.736565
v 3.4163425 -37.3018 35.707088
v 3.3228507 -36.937675 35.683434
v 3.369689 -37.120098 35.689354
v 3.2760124 -36.755249 35.689354
v 3.2293589 -36.573547 35.707088
v 4.0707064 -36.524372 35.689354
v 3.1830745 -36.39328 35.736565
v 3.1373415 -36.215164 35.777668
v 4.0127358 -36.345955 35.707088
v 3.9552233 -36.168949 35.736565
v 4.3594165 -37.41293 35.777668
v 4.3025899 -37.238033 35.736565
v 4.2450776 -37.061031 35.707088
v 4.1871071 -36.882614 35.689354
v 4.1289067 -36.703491 35.683434
v 5.1932688 -37.112724 35.777668
v 5.1255727 -36.941742 35.736565
v 5.0570598 -36.7687 35.707088
v 4.9880004 -36.594276 35.689354
v 3.8983967 -35.994057 35.777668
v 4.9186678 -36.419163 35.683434
v 4.8493352 -36.244045 35.689354
v 4.7802758 -36.069622 35.707088
v 4.7117629 -35.89658 35.736565
v 4.6440668 -35.725597 35.777668
v 0.97626489 -39.513309 36.629635
v 0.95902336 -39.239265 36.37178
v 0.96789855 -39.380329 36.496395
v 0.94967437 -39.090668 36.25629
v 0.99134123 -39.752941 36.919872
v 1.0040146 -39.95438 37.237915
v 0.99799168 -39.858646 37.075726
v 1.0093862 -40.039757 37.405811
v 0.98408943 -39.637676 36.770981
v 0.93988848 -38.935123 36.150375
v 0.91916209 -38.605686 35.968906
v 0.92970431 -38.773251 36.054455
v 0.90830338 -38.433094 35.89407
v 0.89717102 -38.256149 35.830242
v 1.9486769 -39.421391 36.629635
v 1.9142618 -39.148968 36.37178
v 1.9319772 -39.2892 36.496395
v 2.9133983 -39.268593 36.629635
v 2.8884313 -39.137711 36.496395
v 2.0040667 -39.859848 37.237915
v 1.9920448 -39.764683 37.075726
v 2.0147886 -39.944717 37.405811
v 1.964295 -39.545021 36.770981
v 1.97877 -39.659603 36.919872
v 2.9962099 -39.702705 37.237915
v 3.0122397 -39.786739 37.405811
v 2.9367485 -39.390999 36.770981
v 2.9583895 -39.504448 36.919872
v 2.9782362 -39.608486 37.075726
v 1.8760676 -38.84663 36.150375
v 1.8346967 -38.519146 35.968906
v 1.8557396 -38.685715 36.054455
v 1.8956008 -39.001251 36.25629
v 1.8130221 -38.347572 35.89407
v 1.7908014 -38.171677 35.830242
v 2.8048429 -38.699524 36.150375
v 2.774451 -38.540207 36.054455
v 2.8340461 -38.852615 36.25629
v 2.8619456 -38.998867 36.37178
v 2.7429905 -38.375286 35.968906
v 2.7105856 -38.205414 35.89407
v 2.6773641 -38.031258 35.830242
v 1.0140851 -40.114445 37.578747
v 1.018093 -40.17815 37.756039
v 1.021394 -40.230618 37.936993
v 1.023975 -40.271641 38.120888
v 1.0258259 -40.30106 38.306999
v 1.0269394 -40.31876 38.494598
v 1.0273111 -40.324665 38.682938
v 1.0269394 -40.31876 38.871277
v 1.0258259 -40.30106 39.058876
v 2.024168 -40.018967 37.578747
v 2.0321681 -40.082291 37.756039
v 2.0387571 -40.134449 37.936993
v 2.0439088 -40.175228 38.120888
v 2.0476034 -40.204475 38.306999
v 2.0498259 -40.222069 38.494598
v 2.0505676 -40.22794 38.682938
v 2.0498259 -40.222069 38.871277
v 2.0476034 -40.204475 39.058876
v 0.7807703 -36.406013 35.830242
v 0.76963794 -36.229069 35.89407
v 0.75877923 -36.056477 35.968906
v 0.74823701 -35.888912 36.054455
v 0.73805285 -35.727039 36.150375
v 0.72826701 -35.571495 36.25629
v 0.71891803 -35.422897 36.37178
v 0.71004283 -35.281834 36.496395
v 1.5584593 -36.3325 35.830242
v 1.5362386 -36.156605 35.89407
v 1.5145639 -35.985031 35.968906
v 1.4935211 -35.818462 36.054455
v 1.4731929 -35.657547 36.150375
v 1.4536599 -35.502926 36.25629
v 1.4349988 -35.355209 36.37178
v 2.2643714 -35.866276 35.968906
v 2.2329109 -35.701355 36.054455
v 2.2025192 -35.542034 36.150375
v 2.1733158 -35.388947 36.25629
v 2.3299978 -36.2103 35.830242
v 2.2967763 -36.036148 35.89407
v 2.1454163 -35.242691 36.37178
v 3.866622 -39.055523 36.629635
v 3.8976121 -39.17622 36.770981
v 3.9263337 -39.288086 36.919872
v 3.9765282 -39.483578 37.237915
v 3.9526739 -39.390671 37.075726
v 3.997803 -39.566441 37.405811
v 3.7225487 -38.494392 36.150375
v 3.7613068 -38.645348 36.25629
v 3.7983346 -38.789562 36.37178
v 3.8334858 -38.926468 36.496395
v 3.6404591 -38.174675 35.968906
v 3.6822131 -38.337296 36.054455
v 3.5974517 -38.007175 35.89407
v 3.5533607 -37.835449 35.830242
v 4.8787823 -39.011372 36.919872
v 4.9115119 -39.112103 37.075726
v 4.9675884 -39.284691 37.405811
v 4.941153 -39.203331 37.237915
v 4.7197332 -38.52187 36.37178
v 4.6737232 -38.380264 36.25629
v 4.5754428 -38.077789 36.054455
v 4.6255631 -38.232044 36.150375
v 4.5235605 -37.918114 35.968906
v 4.4701204 -37.753639 35.89407
v 4.7634115 -38.6563 36.496395
v 4.8045859 -38.78302 36.629635
v 4.8430934 -38.901535 36.770981
v 3.0262625 -39.860249 37.578747
v 3.038223 -39.922947 37.756039
v 3.048074 -39.974586 37.936993
v 3.0557764 -40.014965 38.120888
v 3.0612998 -40.043919 38.306999
v 4.0164137 -39.638924 37.578747
v 4.0322876 -39.700748 37.756039
v 4.0453615 -39.751667 37.936993
v 4.055584 -39.791481 38.120888
v 3.0646226 -40.06134 38.494598
v 3.0657318 -40.067154 38.682938
v 3.0646226 -40.06134 38.871277
v 3.0612998 -40.043919 39.058876
v 4.0629148 -39.820034 38.306999
v 4.0673246 -39.837208 38.494598
v 4.0687966 -39.842941 38.682938
v 4.0673246 -39.837208 38.871277
v 4.0629148 -39.820034 39.058876
v 4.9907141 -39.355862 37.578747
v 5.0104384 -39.416569 37.756039
v 5.0266838 -39.466568 37.936993
v 5.0393863 -39.505661 38.120888
v 5.0539751 -39.55056 38.494598
v 5.0558043 -39.55619 38.682938
v 5.0539751 -39.55056 38.871277
v 5.0484953 -39.533695 39.058876
v 5.0484953 -39.533695 38.306999
v 3.0923407 -36.039898 35.830242
v 3.0482497 -35.868172 35.89407
v 3.0052423 -35.700672 35.968906
v 2.9634883 -35.538052 36.054455
v 2.9231529 -35.380955 36.150375
v 2.8843946 -35.23 36.25629
v 3.7342529 -35.488873 35.968906
v 3.6823704 -35.329197 36.054455
v 3.8424797 -35.82196 35.830242
v 3.787693 -35.653343 35.89407
v 4.4153337 -37.585026 35.830242
v 5.2598815 -37.280968 35.830242
v 4.5774541 -35.557354 35.830242
v 4.512188 -35.392509 35.89407
v 4.4485264 -35.23172 35.968906
v 0.70167649 -35.148853 36.629635
v 1.4172834 -35.214977 36.496395
v 1.4005837 -35.082787 36.629635
v 0.69385195 -35.024487 36.770981
v 0.68660015 -34.909222 36.919872
v 0.67994964 -34.803516 37.075726
v 0.67392677 -34.707783 37.237915
v 0.6685552 -34.622406 37.405811
v 1.3849655 -34.959156 36.770981
v 1.3704906 -34.844574 36.919872
v 1.3572159 -34.739494 37.075726
v 1.3451939 -34.644329 37.237915
v 1.3344719 -34.55946 37.405811
v 2.1189306 -35.103848 36.496395
v 2.0939636 -34.972965 36.629635
v 2.8122156 -34.948879 36.496395
v 2.0706134 -34.850559 36.770981
v 2.0489724 -34.737114 36.919872
v 2.0291257 -34.633076 37.075726
v 2.011152 -34.538853 37.237915
v 2.7790794 -34.819824 36.629635
v 2.7480893 -34.699127 36.770981
v 2.7193677 -34.587261 36.919872
v 1.9951222 -34.454823 37.405811
v 2.6930275 -34.484676 37.075726
v 2.6691732 -34.391769 37.237915
v 0.66385627 -34.547718 37.578747
v 0.65984833 -34.484013 37.756039
v 0.65654737 -34.431545 37.936993
v 0.65396637 -34.390522 38.120888
v 1.3170925 -34.421886 37.756039
v 1.3250926 -34.48521 37.578747
v 1.3105037 -34.369728 37.936993
v 0.65211546 -34.361103 38.306999
v 1.3053517 -34.328949 38.120888
v 0.65100199 -34.343403 38.494598
v 0.6506303 -34.337498 38.682938
v 0.65100199 -34.343403 38.871277
v 0.65211546 -34.361103 39.058876
v 1.3016573 -34.299702 38.306999
v 1.2994348 -34.282108 38.494598
v 1.2986929 -34.276237 38.682938
v 1.2994348 -34.282108 38.871277
v 1.3016573 -34.299702 39.058876
v 1.9810994 -34.38131 37.578747
v 1.9691389 -34.318611 37.756039
v 1.959288 -34.266972 37.936993
v 1.9515857 -34.226593 38.120888
v 2.6478984 -34.308907 37.405811
v 2.6292875 -34.236423 37.578747
v 2.6134138 -34.174599 37.756039
v 2.6003399 -34.12368 37.936993
v 1.9460621 -34.197639 38.306999
v 2.5901175 -34.083866 38.120888
v 1.9427392 -34.180222 38.494598
v 1.9416301 -34.174408 38.682938
v 1.9427392 -34.180222 38.871277
v 1.9460621 -34.197639 39.058876
v 2.5827866 -34.055313 38.306999
v 2.5783765 -34.038139 38.494598
v 2.5769045 -34.032406 38.682938
v 2.5783765 -34.038139 38.871277
v 2.8473668 -35.085785 36.37178
v 3.6322503 -35.174942 36.150375
v 3.58409 -35.026718 36.25629
v 3.53808 -34.885117 36.37178
v 3.4944017 -34.750687 36.496395
v 3.4532275 -34.623966 36.629635
v 3.3790309 -34.395611 36.919872
v 3.3463013 -34.29488 37.075726
v 3.3166604 -34.203655 37.237915
v 3.4147201 -34.505451 36.770981
v 3.2902248 -34.122295 37.405811
v 3.9510581 -33.975258 37.237915
v 4.3867197 -35.075615 36.054455
v 4.327013 -34.924812 36.150375
v 4.2696409 -34.779907 36.25629
v 4.2148299 -34.641472 36.37178
v 4.162797 -34.510052 36.496395
v 4.1137476 -34.386166 36.629635
v 5.1452432 -34.930222 35.968906
v 5.0046988 -34.63155 36.150375
v 5.0737567 -34.778305 36.054455
v 4.814764 -34.227921 36.496395
v 4.9383411 -34.490532 36.25629
v 4.8749461 -34.355812 36.37178
v 4.7580323 -34.107357 36.629635
v 4.067874 -34.270302 36.770981
v 4.0253587 -34.162922 36.919872
v 3.9863687 -34.064442 37.075726
v 4.7049742 -33.994602 36.770981
v 3.9195662 -33.895718 37.405811
v 4.6558003 -33.890102 36.919872
v 4.6107039 -33.79427 37.075726
v 4.5698628 -33.707478 37.237915
v 4.5334387 -33.630074 37.405811
v 3.2670994 -34.051121 37.578747
v 3.2473748 -33.990417 37.756039
v 2.5827866 -34.055313 39.058876
v 3.2311294 -33.940418 37.936993
v 3.2184272 -33.901325 38.120888
v 3.8920171 -33.826138 37.578747
v 3.86852 -33.766792 37.756039
v 3.8491671 -33.717911 37.936993
v 3.2093182 -33.873291 38.306999
v 3.8340354 -33.679691 38.120888
v 3.2038383 -33.856426 38.494598
v 3.2020092 -33.850796 38.682938
v 3.2038383 -33.856426 38.871277
v 3.823184 -33.652287 38.306999
v 3.8166559 -33.635796 38.494598
v 3.2093182 -33.873291 39.058876
v 3.814477 -33.630295 38.682938
v 3.8166559 -33.635796 38.871277
v 4.501575 -33.562359 37.578747
v 4.4743977 -33.504604 37.756039
v 4.452014 -33.457035 37.936993
v 4.4345121 -33.419842 38.120888
v 5.0933676 -33.260826 37.578747
v 5.0626173 -33.204891 37.756039
v 5.037291 -33.158821 37.936993
v 4.4219613 -33.393169 38.306999
v 5.017488 -33.122803 38.120888
v 4.4144111 -33.377125 38.494598
v 3.823184 -33.652287 39.058876
v 4.411891 -33.371769 38.682938
v 4.4144111 -33.377125 38.871277
v 4.4219613 -33.393169 39.058876
v 5.0032873 -33.09697 38.306999
v 4.9947443 -33.081432 38.494598
v 4.9918928 -33.076244 38.682938
v 4.9947443 -33.081432 38.871277
v 6.0066257 -36.760754 35.777668
v 5.9283266 -36.59436 35.736565
v 5.8490834 -36.425961 35.707088
v 5.7692084 -36.256218 35.689354
v 5.6088257 -35.915386 35.689354
v 5.6890173 -36.0858 35.683434
v 5.4497075 -35.577244 35.736565
v 5.5289507 -35.745644 35.707088
v 5.3714089 -35.410851 35.777668
v 6.3461809 -35.539684 35.689354
v 6.1661444 -35.2122 35.736565
v 6.2558055 -35.375294 35.707088
v 6.7076845 -36.197258 35.736565
v 6.527648 -35.869774 35.689354
v 6.6180239 -36.034164 35.707088
v 6.7962766 -36.358406 35.777668
v 6.4369144 -35.704727 35.683434
v 7.5591063 -35.907269 35.777668
v 7.4605703 -35.752003 35.736565
v 7.2603259 -35.436466 35.689354
v 7.0584903 -35.118427 35.689354
v 7.1594081 -35.277447 35.683434
v 7.3608456 -35.59486 35.707088
v 8.0746174 -35.109783 35.707088
v 8.2921038 -35.409126 35.777668
v 8.1840124 -35.260353 35.736565
v 5.9177694 -38.942604 37.405811
v 5.723588 -38.45216 36.629635
v 5.6745381 -38.328274 36.496395
v 5.4506159 -37.762707 36.054455
v 5.5103226 -37.913509 36.150375
v 5.5676947 -38.058414 36.25629
v 5.6225052 -38.196854 36.37178
v 6.439693 -37.681068 36.25629
v 5.8119769 -38.675404 36.919872
v 5.7694612 -38.56802 36.770981
v 5.8509669 -38.77388 37.075726
v 5.8862777 -38.863064 37.237915
v 6.5632701 -37.943684 36.496395
v 6.6200023 -38.064243 36.629635
v 6.503088 -37.815788 36.37178
v 7.4902897 -37.620811 36.629635
v 6.7222338 -38.281498 36.919872
v 6.7673306 -38.377335 37.075726
v 6.8445954 -38.541531 37.405811
v 6.8081713 -38.464127 37.237915
v 6.6730599 -38.176998 36.770981
v 7.550323 -37.730011 36.770981
v 7.6059613 -37.831219 36.919872
v 7.6569867 -37.92403 37.075726
v 5.9453182 -39.012184 37.578747
v 5.9688153 -39.071533 37.756039
v 5.9881682 -39.120411 37.936993
v 6.0033002 -39.15863 38.120888
v 6.0141516 -39.186039 38.306999
v 6.0206795 -39.202526 38.494598
v 6.0228586 -39.208027 38.682938
v 6.0206795 -39.202526 38.871277
v 6.0141516 -39.186039 39.058876
v 6.8764591 -38.609245 37.578747
v 6.9036365 -38.667 37.756039
v 6.9260201 -38.714565 37.936993
v 6.943522 -38.751759 38.120888
v 6.9560728 -38.778431 38.306999
v 6.963623 -38.794476 38.494598
v 6.9661436 -38.799831 38.682938
v 6.963623 -38.794476 38.871277
v 6.9560728 -38.778431 39.058876
v 5.3888092 -37.606602 35.968906
v 5.3251476 -37.445812 35.89407
v 6.1591587 -37.084904 35.89407
v 6.3042774 -37.393295 36.054455
v 6.3733354 -37.540051 36.150375
v 6.2327909 -37.241379 35.968906
v 6.0836706 -36.924484 35.830242
v 5.2943635 -35.24712 35.830242
v 6.9688625 -36.672337 35.89407
v 6.8834505 -36.516975 35.830242
v 7.2111959 -37.11314 36.150375
v 7.2862768 -37.249714 36.25629
v 7.358006 -37.380188 36.37178
v 7.4260998 -37.504051 36.496395
v 7.0521746 -36.823883 35.968906
v 7.133059 -36.971012 36.054455
v 7.7031965 -38.008087 37.237915
v 7.7444091 -38.083054 37.405811
v 8.6136589 -37.568981 37.405811
v 7.8112116 -38.204567 37.756039
v 7.8365383 -38.250633 37.936993
v 7.8563409 -38.286655 38.120888
v 7.7804618 -38.148632 37.578747
v 7.8705416 -38.312489 38.306999
v 8.653758 -37.632164 37.578747
v 8.6879597 -37.686058 37.756039
v 8.7161293 -37.730446 37.936993
v 8.7381544 -37.765152 38.120888
v 7.8790846 -38.328026 38.494598
v 7.8819361 -38.333214 38.682938
v 7.8790846 -38.328026 38.871277
v 7.8705416 -38.312489 39.058876
v 8.7666225 -37.810013 38.682938
v 8.7539492 -37.790043 38.306999
v 8.7634506 -37.805012 38.494598
v 8.7634506 -37.805012 38.871277
v 8.7539492 -37.790043 39.058876
v 7.8437266 -36.355759 35.968906
v 8.0205965 -36.634464 36.150375
v 7.9336896 -36.49752 36.054455
v 8.1838856 -36.891766 36.37178
v 8.104105 -36.766052 36.25629
v 8.3310165 -37.123608 36.629635
v 8.2596216 -37.011105 36.496395
v 8.397788 -37.228821 36.770981
v 8.459672 -37.326336 36.919872
v 8.5164242 -37.41576 37.075726
v 8.5678205 -37.49675 37.237915
v 7.7510633 -36.209747 35.89407
v 7.656065 -36.060051 35.830242
v 8.7030096 -35.974689 36.054455
v 8.6043234 -35.83886 35.968906
v 8.5026741 -35.698952 35.89407
v 8.3984642 -35.555519 35.830242
v 8.9774666 -36.352448 36.37178
v 9.0605478 -36.466797 36.496395
v 9.1388655 -36.574593 36.629635
v 9.2121115 -36.675407 36.770981
v 9.2799959 -36.768845 36.919872
v 9.3422508 -36.85453 37.075726
v 9.398632 -36.932133 37.237915
v 9.4489145 -37.001339 37.405811
v 8.7983437 -36.105907 36.150375
v 8.8899498 -36.231991 36.25629
v 9.1077185 -35.005363 35.830242
v 9.3309622 -35.275219 35.968906
v 9.2207289 -35.141972 35.89407
v 9.6407108 -35.649643 36.25629
v 9.9106464 -35.975937 36.629635
v 9.7356176 -35.764366 36.37178
v 9.8257151 -35.873272 36.496395
v 9.4379826 -35.404587 36.054455
v 9.5413685 -35.529556 36.150375
v 9.4929028 -37.061882 37.578747
v 9.5304203 -37.113522 37.756039
v 9.5613213 -37.156055 37.936993
v 9.5854826 -37.189308 38.120888
v 9.602809 -37.213158 38.306999
v 9.6132317 -37.227505 38.494598
v 9.6167107 -37.232292 38.682938
v 9.6132317 -37.227505 38.871277
v 9.602809 -37.213158 39.058876
v 6.0775523 -35.051052 35.777668
v 6.9579711 -34.960033 35.707088
v 6.8582463 -34.802891 35.736565
v 6.7597103 -34.647625 35.777668
v 7.5232821 -34.350933 35.736565
v 7.6326766 -34.501503 35.707088
v 7.7429438 -34.653271 35.689354
v 7.9643507 -34.958012 35.689354
v 7.8536472 -34.805641 35.683434
v 7.4151912 -34.20216 35.777668
v 8.6369438 -34.436295 35.689354
v 8.3968391 -34.146057 35.689354
v 8.1586266 -33.858109 35.736565
v 8.2772598 -34.001514 35.707088
v 8.5168915 -34.291176 35.683434
v 8.0414076 -33.716415 35.777668
v 8.8751564 -34.724247 35.736565
v 8.9923754 -34.86594 35.777668
v 8.7565231 -34.580841 35.707088
v 9.1465235 -33.736084 35.683434
v 9.2754507 -33.873375 35.689354
v 9.5312738 -34.145802 35.736565
v 9.4038706 -34.010128 35.707088
v 9.6571589 -34.279854 35.777668
v 8.8891764 -33.462036 35.707088
v 8.7617731 -33.326366 35.736565
v 9.0175953 -33.598789 35.689354
v 8.6358881 -33.19231 35.777668
v 9.7400579 -33.142548 35.683434
v 9.466011 -32.885201 35.707088
v 9.3303404 -32.757797 35.736565
v 9.1962872 -32.631912 35.777668
v 9.6027641 -33.013618 35.689354
v 5.2188754 -35.0867 35.89407
v 5.7407699 -34.438446 36.054455
v 5.6626334 -34.296314 36.150375
v 5.5875521 -34.159744 36.25629
v 5.5158229 -34.02927 36.37178
v 5.4477291 -33.905407 36.496395
v 5.9903784 -34.892483 35.830242
v 5.9049664 -34.737118 35.89407
v 5.8216543 -34.585575 35.968906
v 6.2982202 -33.920429 36.150375
v 5.3835392 -33.788647 36.629635
v 6.2147117 -33.788841 36.25629
v 6.1349316 -33.663128 36.37178
v 6.0591946 -33.543789 36.496395
v 5.9877996 -33.431286 36.629635
v 5.2678676 -33.578239 36.919872
v 5.3235064 -33.679447 36.770981
v 5.2168422 -33.485424 37.075726
v 5.1706324 -33.401371 37.237915
v 5.1294198 -33.326405 37.405811
v 5.9210286 -33.326073 36.770981
v 5.8591447 -33.228558 36.919872
v 5.8023925 -33.139133 37.075726
v 5.7509956 -33.058144 37.237915
v 5.7051573 -32.985916 37.405811
v 6.6627517 -34.494843 35.830242
v 6.5677533 -34.345146 35.89407
v 6.47509 -34.199135 35.968906
v 6.3851271 -34.057373 36.054455
v 7.2046204 -33.912334 35.89407
v 7.3088307 -34.055767 35.830242
v 6.8173442 -33.379295 36.25629
v 6.7298284 -33.258839 36.37178
v 6.6467471 -33.144485 36.496395
v 6.568429 -33.03669 36.629635
v 7.0042849 -33.636597 36.054455
v 6.9089503 -33.505379 36.150375
v 7.1029711 -33.772427 35.968906
v 7.3930721 -32.932713 36.25629
v 7.2981653 -32.817989 36.37178
v 7.2080679 -32.709084 36.496395
v 6.4951835 -32.935879 36.770981
v 6.4272985 -32.842442 36.919872
v 6.3650432 -32.756756 37.075726
v 6.3086629 -32.679153 37.237915
v 7.123136 -32.606419 36.629635
v 5.6650586 -32.922729 37.578747
v 5.630857 -32.868835 37.756039
v 5.6026878 -32.824448 37.936993
v 5.5806623 -32.789742 38.120888
v 6.2583795 -32.609943 37.405811
v 5.5648675 -32.764854 38.306999
v 5.5553656 -32.749882 38.494598
v 5.0032873 -33.09697 39.058876
v 5.5521941 -32.744884 38.682938
v 5.5553656 -32.749882 38.871277
v 5.5648675 -32.764854 39.058876
v 6.8414321 -32.265896 37.237915
v 6.9700871 -32.421413 36.919872
v 7.0437045 -32.510399 36.770981
v 6.9025741 -32.339802 37.075726
v 6.7869024 -32.199982 37.405811
v 7.4128637 -31.889923 37.075726
v 7.3472018 -31.82 37.237915
v 6.2143922 -32.5494 37.578747
v 6.1768742 -32.497761 37.756039
v 6.1459737 -32.455231 37.936993
v 6.1218123 -32.421978 38.120888
v 6.104486 -32.398129 38.306999
v 6.0940628 -32.383781 38.494598
v 6.0905838 -32.378994 38.682938
v 6.0940628 -32.383781 38.871277
v 6.7392006 -32.142319 37.578747
v 6.698514 -32.093136 37.756039
v 6.6650038 -32.052631 37.936993
v 6.6388021 -32.020958 38.120888
v 7.288641 -31.757639 37.405811
v 7.237412 -31.703085 37.578747
v 7.193718 -31.656555 37.756039
v 7.1577306 -31.618233 37.936993
v 6.6200123 -31.998245 38.306999
v 7.1295919 -31.588268 38.120888
v 6.6087089 -31.984581 38.494598
v 6.104486 -32.398129 39.058876
v 6.6049361 -31.980021 38.682938
v 6.6087089 -31.984581 38.871277
v 6.6200123 -31.998245 39.058876
v 7.1094131 -31.56678 38.306999
v 7.0972738 -31.553854 38.494598
v 7.0932221 -31.54954 38.682938
v 7.0972738 -31.553854 38.871277
v 7.1094131 -31.56678 39.058876
v 7.5957999 -33.177769 36.054455
v 7.7028203 -33.307137 35.968906
v 7.926065 -33.576992 35.830242
v 7.8130536 -33.440384 35.89407
v 7.4924145 -33.052799 36.150375
v 8.0463095 -32.564472 36.150375
v 8.1573381 -32.682709 36.054455
v 8.2722702 -32.805096 35.968906
v 8.5120182 -33.060402 35.830242
v 8.3906527 -32.931164 35.89407
v 9.9023943 -34.541004 35.89407
v 9.7810278 -34.411762 35.830242
v 9.0643787 -32.508041 35.830242
v 7.9396234 -32.450863 36.25629
v 7.8376999 -32.342327 36.37178
v 7.740942 -32.239292 36.496395
v 7.6497312 -32.142162 36.629635
v 8.568449 -32.042336 36.150375
v 8.4548397 -31.935648 36.25629
v 8.2432661 -31.736967 36.496395
v 8.346303 -31.833725 36.37178
v 8.1461363 -31.645756 36.629635
v 7.5644274 -32.051323 36.770981
v 7.4853678 -31.967131 36.919872
v 7.971107 -31.481392 36.919872
v 7.893898 -31.408888 37.075726
v 7.8239751 -31.343225 37.237915
v 8.0552969 -31.560452 36.770981
v 7.7616143 -31.284666 37.405811
v 8.5143766 -31.039728 36.770981
v 8.4253883 -30.966112 36.919872
v 8.3437786 -30.8986 37.075726
v 8.2698708 -30.837458 37.237915
v 8.2039557 -30.782927 37.405811
v 8.8090734 -32.268295 35.968906
v 8.6866827 -32.153362 36.054455
v 8.9351377 -32.386677 35.89407
v 9.1817446 -31.591824 36.054455
v 9.0567732 -31.48844 36.150375
v 8.7130575 -31.204092 36.496395
v 8.8219662 -31.294189 36.37178
v 8.9366894 -31.389097 36.25629
v 9.580966 -31.922089 35.830242
v 9.7203922 -32.037434 35.777668
v 9.4443598 -31.809078 35.89407
v 9.3111105 -31.698845 35.968906
v 8.6103926 -31.11916 36.629635
v 9.1484623 -30.642771 36.496395
v 9.5093546 -30.904976 36.150375
v 9.6405706 -31.000309 36.054455
v 9.3832693 -30.81337 36.25629
v 9.2628136 -30.725853 36.37178
v 9.0406675 -30.564453 36.629635
v 9.5477629 -30.05522 36.496395
v 9.6671047 -30.130957 36.37178
v 8.9398527 -30.491207 36.770981
v 8.8464174 -30.423323 36.919872
v 8.7607307 -30.361069 37.075726
v 8.6831293 -30.304688 37.237915
v 8.6139202 -30.254404 37.405811
v 9.3300486 -29.917053 36.770981
v 9.4352627 -29.983824 36.629635
v 7.7070613 -31.233437 37.578747
v 7.6605315 -31.189743 37.756039
v 7.6222086 -31.153755 37.936993
v 7.5922441 -31.125616 38.120888
v 8.0971127 -30.694538 37.756039
v 8.1462936 -30.735226 37.578747
v 8.0566053 -30.661028 37.936993
v 7.570756 -31.105438 38.306999
v 8.0249329 -30.634827 38.120888
v 8.5017376 -30.172899 37.756039
v 8.4592066 -30.141998 37.936993
v 8.0022202 -30.616037 38.306999
v 8.425952 -30.117836 38.120888
v 7.5578289 -31.093298 38.494598
v 7.5535145 -31.089247 38.682938
v 7.5578289 -31.093298 38.871277
v 7.570756 -31.105438 39.058876
v 7.9885569 -30.604734 38.494598
v 7.9839964 -30.60096 38.682938
v 7.9885569 -30.604734 38.871277
v 8.4021044 -30.10051 38.306999
v 8.3877573 -30.090088 38.494598
v 8.0022202 -30.616037 39.058876
v 8.3829689 -30.086609 38.682938
v 8.3877573 -30.090088 38.871277
v 8.5533772 -30.210417 37.578747
v 8.4021044 -30.10051 39.058876
v 9.0621195 -29.747021 37.237915
v 9.2325344 -29.855169 36.919872
v 9.1431074 -29.798416 37.075726
v 9.5822153 -29.263891 36.919872
v 8.9898901 -29.701181 37.405811
v 9.4894009 -29.212868 37.075726
v 9.405345 -29.166656 37.237915
v 9.3303804 -29.125444 37.405811
v 8.9267035 -29.661083 37.578747
v 8.8728104 -29.626881 37.756039
v 8.8284235 -29.598713 37.936993
v 8.7937164 -29.576687 38.120888
v 9.2088671 -29.058641 37.756039
v 9.264801 -29.089392 37.578747
v 9.1627979 -29.033316 37.936993
v 8.7688284 -29.560892 38.306999
v 9.1267767 -29.013514 38.120888
v 8.7538557 -29.55139 38.494598
v 8.7488585 -29.548218 38.682938
v 8.7538557 -29.55139 38.871277
v 8.7688284 -29.560892 39.058876
v 9.1009455 -28.999311 38.306999
v 9.0854063 -28.990768 38.494598
v 9.0802193 -28.987917 38.682938
v 9.0854063 -28.990768 38.871277
v 9.1009455 -28.999311 39.058876
v 9.6340475 -28.529463 37.405811
v 9.5663338 -28.497601 37.578747
v 9.5085793 -28.470423 37.756039
v 9.4610119 -28.448038 37.936993
v 9.4238186 -28.430536 38.120888
v 9.3971462 -28.417986 38.306999
v 9.3811007 -28.410435 38.494598
v 9.3757448 -28.407915 38.682938
v 9.3811007 -28.410435 38.871277
v 9.3971462 -28.417986 39.058876
v 10.131208 -36.242554 37.075726
v 10.19235 -36.31646 37.237915
v 10.246881 -36.382374 37.405811
v 10.353423 -35.021301 36.25629
v 10.455347 -35.129837 36.37178
v 10.643315 -35.330006 36.629635
v 10.552105 -35.232876 36.496395
v 9.990078 -36.071953 36.770981
v 10.063696 -36.160942 36.919872
v 10.880183 -35.582241 37.075726
v 10.945845 -35.652164 37.237915
v 11.004406 -35.714527 37.405811
v 10.728619 -35.420845 36.770981
v 10.807679 -35.505032 36.919872
v 11.586218 -34.876205 37.075726
v 11.65614 -34.941868 37.237915
v 11.718502 -35.000431 37.405811
v 10.294582 -36.440037 37.578747
v 10.335269 -36.48922 37.756039
v 10.368779 -36.529724 37.936993
v 10.39498 -36.561398 38.120888
v 10.413771 -36.58411 38.306999
v 10.425074 -36.597775 38.494598
v 10.428846 -36.602333 38.682938
v 10.425074 -36.597775 38.871277
v 10.413771 -36.58411 39.058876
v 11.055634 -35.769081 37.578747
v 11.099329 -35.815609 37.756039
v 11.135316 -35.853931 37.936993
v 11.163455 -35.883896 38.120888
v 11.183634 -35.905384 38.306999
v 11.773055 -35.051659 37.578747
v 11.819585 -35.095352 37.756039
v 11.857907 -35.13134 37.936993
v 11.887872 -35.159481 38.120888
v 11.90936 -35.179657 38.306999
v 11.195773 -35.918312 38.494598
v 11.199824 -35.922626 38.682938
v 11.195773 -35.918312 38.871277
v 11.183634 -35.905384 39.058876
v 11.922287 -35.191795 38.494598
v 11.926601 -35.19585 38.682938
v 11.922287 -35.191795 38.871277
v 11.90936 -35.179657 39.058876
v 10.149776 -33.527298 35.736565
v 10.014105 -33.399895 35.707088
v 9.8773518 -33.271477 35.689354
v 10.28383 -33.653183 35.777668
v 10.295154 -32.512917 35.683434
v 10.584818 -32.752548 35.707088
v 10.440272 -32.632969 35.689354
v 10.728221 -32.871181 35.736565
v 10.869914 -32.9884 35.777668
v 9.8620853 -32.154652 35.736565
v 10.005488 -32.273285 35.707088
v 10.150034 -32.392864 35.689354
v 10.354909 -31.519306 35.736565
v 10.809618 -31.849672 35.683434
v 10.961988 -31.960375 35.689354
v 10.505478 -31.628702 35.707088
v 10.657248 -31.738968 35.689354
v 10.206135 -31.411215 35.777668
v 10.806868 -30.854271 35.736565
v 10.651599 -30.755735 35.777668
v 11.113758 -32.070641 35.707088
v 11.264327 -32.180038 35.736565
v 11.413101 -32.288128 35.777668
v 11.281423 -31.155434 35.683434
v 11.440443 -31.256351 35.689354
v 11.755978 -31.456594 35.736565
v 11.598837 -31.356871 35.707088
v 11.911245 -31.55513 35.777668
v 10.964008 -30.953995 35.707088
v 11.122401 -31.054516 35.689354
v 11.216175 -30.162169 35.736565
v 11.379268 -30.251829 35.707088
v 11.055026 -30.073576 35.777668
v 11.873748 -30.523672 35.689354
v 12.03814 -30.614048 35.707088
v 11.54366 -30.342205 35.689354
v 11.708704 -30.43294 35.683434
v 12.362382 -30.792301 35.777668
v 12.201233 -30.703709 35.736565
v 12.429935 -29.845108 35.707088
v 12.598335 -29.924351 35.736565
v 12.764729 -30.002649 35.777668
v 10.020777 -34.667068 35.968906
v 10.135709 -34.789459 36.054455
v 10.246737 -34.907692 36.150375
v 10.415737 -33.777054 35.830242
v 11.025276 -34.349449 36.25629
v 10.671043 -34.0168 35.968906
v 10.544978 -33.898418 35.89407
v 10.793433 -34.131733 36.054455
v 10.911667 -34.24276 36.150375
v 11.00934 -33.103741 35.830242
v 11.33398 -34.639339 36.629635
v 11.133813 -34.45137 36.37178
v 11.23685 -34.54813 36.496395
v 11.653617 -33.636734 36.25629
v 11.76834 -33.731644 36.37178
v 11.877249 -33.821739 36.496395
v 11.979914 -33.90667 36.629635
v 11.424819 -34.724644 36.770981
v 11.509009 -34.803703 36.919872
v 12.07593 -33.986103 36.770981
v 12.164918 -34.059719 36.919872
v 11.279196 -33.326988 35.968906
v 11.145947 -33.216755 35.89407
v 11.408562 -33.434006 36.054455
v 11.533533 -33.537392 36.150375
v 11.559494 -32.394489 35.830242
v 11.702928 -32.498699 35.89407
v 11.842834 -32.600349 35.968906
v 11.978665 -32.699036 36.054455
v 12.109881 -32.794369 36.150375
v 9.9163094 -31.200645 35.89407
v 10.059742 -31.304855 35.830242
v 9.7764015 -31.098995 35.968906
v 9.924407 -30.294245 36.150375
v 10.06135 -30.381151 36.054455
v 10.203109 -30.471115 35.968906
v 9.7928181 -30.210735 36.25629
v 10.349123 -30.563778 35.89407
v 10.498816 -30.658777 35.830242
v 10.741095 -29.900991 35.89407
v 10.896458 -29.986403 35.830242
v 12.064028 -31.65209 35.830242
v 12.386351 -34.242905 37.405811
v 12.246528 -34.127232 37.075726
v 12.320436 -34.188374 37.237915
v 12.356422 -32.973492 36.37178
v 12.470774 -33.056572 36.496395
v 12.578569 -33.134892 36.629635
v 12.235967 -32.885975 36.25629
v 13.127583 -32.327042 36.629635
v 12.772819 -33.27602 36.919872
v 12.679383 -33.208138 36.770981
v 12.858505 -33.338276 37.075726
v 12.936107 -33.394657 37.237915
v 13.005316 -33.444939 37.405811
v 13.232797 -32.393814 36.770981
v 13.33031 -32.455696 36.919872
v 13.572955 -32.609684 37.405811
v 13.419737 -32.512447 37.075726
v 13.500725 -32.563847 37.237915
v 12.444013 -34.290607 37.578747
v 12.493194 -34.331295 37.756039
v 12.533701 -34.364803 37.936993
v 12.565373 -34.391006 38.120888
v 12.588086 -34.409794 38.306999
v 13.160029 -33.557346 37.936993
v 13.193284 -33.581505 38.120888
v 12.601749 -34.421097 38.494598
v 12.60631 -34.42487 38.682938
v 12.601749 -34.421097 38.871277
v 12.588086 -34.409794 39.058876
v 13.217133 -33.598835 38.306999
v 13.231479 -33.609257 38.494598
v 13.236267 -33.612736 38.682938
v 13.231479 -33.609257 38.871277
v 13.217133 -33.598835 39.058876
v 13.065859 -33.488926 37.578747
v 13.117498 -33.526443 37.756039
v 13.636141 -32.649784 37.578747
v 13.690034 -32.683983 37.756039
v 13.734422 -32.712154 37.936993
v 13.769128 -32.73418 38.120888
v 13.794017 -32.749973 38.306999
v 13.80899 -32.759476 38.494598
v 13.813987 -32.762646 38.682938
v 13.80899 -32.759476 38.871277
v 13.794017 -32.749973 39.058876
v 12.213721 -31.747087 35.89407
v 12.359735 -31.839752 35.968906
v 12.638438 -32.016621 36.150375
v 12.501494 -31.929714 36.054455
v 12.770026 -32.100128 36.25629
v 12.89574 -32.179909 36.37178
v 13.015081 -32.255646 36.496395
v 12.827858 -31.048199 35.968906
v 12.974986 -31.129084 36.054455
v 13.117117 -31.20722 36.150375
v 13.253689 -31.282301 36.25629
v 12.52095 -30.879475 35.830242
v 12.676313 -30.964888 35.89407
v 12.928458 -30.079695 35.830242
v 13.088879 -30.155184 35.89407
v 13.245356 -30.228815 35.968906
v 13.384163 -31.354031 36.37178
v 13.508025 -31.422125 36.496395
v 13.624786 -31.486315 36.629635
v 13.733986 -31.546347 36.770981
v 13.835193 -31.601986 36.919872
v 13.928007 -31.653011 37.075726
v 14.012063 -31.699221 37.237915
v 14.087028 -31.740433 37.405811
v 13.544027 -30.36936 36.150375
v 13.685044 -30.435719 36.25629
v 13.819765 -30.499113 36.37178
v 13.397271 -30.300303 36.054455
v 13.947659 -30.559296 36.496395
v 14.06822 -30.616026 36.629635
v 14.180974 -30.669085 36.770981
v 14.285475 -30.718258 36.919872
v 14.38131 -30.763355 37.075726
v 14.152607 -31.776485 37.578747
v 14.208541 -31.807236 37.756039
v 14.25461 -31.832563 37.936993
v 14.290631 -31.852365 38.120888
v 14.316463 -31.866566 38.306999
v 14.332002 -31.875109 38.494598
v 14.337189 -31.87796 38.682938
v 14.332002 -31.875109 38.871277
v 14.316463 -31.866566 39.058876
v 14.456134 -29.719612 36.629635
v 14.468101 -30.804195 37.237915
v 14.545506 -30.84062 37.405811
v 14.571996 -29.765486 36.770981
v 14.679378 -29.808001 36.919872
v 14.777855 -29.846991 37.075726
v 14.86704 -29.882301 37.237915
v 14.946579 -29.913794 37.405811
v 14.755735 -30.939547 38.120888
v 14.782408 -30.952097 38.306999
v 14.798452 -30.959648 38.494598
v 14.803808 -30.962168 38.682938
v 14.798452 -30.959648 38.871277
v 14.782408 -30.952097 39.058876
v 14.613219 -30.872484 37.578747
v 14.670974 -30.89966 37.756039
v 14.718542 -30.922045 37.936993
v 15.01616 -29.941343 37.578747
v 15.075507 -29.96484 37.756039
v 15.124387 -29.984192 37.936993
v 15.162605 -29.999325 38.120888
v 15.190013 -30.010176 38.306999
v 15.206501 -30.016705 38.494598
v 15.212004 -30.018883 38.682938
v 15.206501 -30.016705 38.871277
v 15.190013 -30.010176 39.058876
v 11.749619 -29.524975 35.707088
v 11.581218 -29.445732 35.736565
v 11.919361 -29.604851 35.689354
v 11.414824 -29.367434 35.777668
v 11.900555 -28.707788 35.736565
v 11.729573 -28.640091 35.777668
v 12.089777 -29.685041 35.683434
v 12.260192 -29.765232 35.689354
v 12.248022 -28.84536 35.689354
v 12.073599 -28.7763 35.707088
v 12.423137 -28.914692 35.683434
v 12.598251 -28.984024 35.689354
v 13.1167 -29.189293 35.777668
v 12.772675 -29.053083 35.707088
v 12.945719 -29.121597 35.736565
v 12.172926 -27.951248 35.736565
v 12.349931 -28.00876 35.707088
v 12.528346 -28.06673 35.689354
v 11.998032 -27.894421 35.777668
v 12.886591 -28.183132 35.689354
v 12.707468 -28.124931 35.683434
v 13.065006 -28.241102 35.707088
v 12.759226 -27.272038 35.689354
v 12.941649 -27.318874 35.683434
v 13.124072 -27.365713 35.689354
v 13.24201 -28.298615 35.736565
v 13.416905 -28.355442 35.777668
v 13.305776 -27.412367 35.707088
v 13.486042 -27.458652 35.736565
v 13.66416 -27.504385 35.777668
v 12.397256 -27.179098 35.736565
v 12.219138 -27.133366 35.777668
v 12.577522 -27.225384 35.707088
v 12.572659 -26.394388 35.736565
v 12.755477 -26.429262 35.707088
v 12.392022 -26.35993 35.777668
v 12.939751 -26.464415 35.689354
v 13.124755 -26.499706 35.683434
v 12.698445 -25.600212 35.736565
v 13.069209 -25.647049 35.689354
v 12.883091 -25.623537 35.707088
v 12.516 -25.577164 35.777668
v 12.774116 -24.799704 35.736565
v 12.959862 -24.81139 35.707088
v 13.494034 -26.570148 35.707088
v 13.67685 -26.605022 35.736565
v 13.309759 -26.534996 35.689354
v 13.857489 -26.639482 35.777668
v 13.256063 -25.670654 35.683434
v 13.442919 -25.69426 35.689354
v 13.629037 -25.717772 35.707088
v 13.147088 -24.82317 35.689354
v 13.335057 -24.834995 35.683434
v 13.523026 -24.846821 35.689354
v 13.813683 -25.741098 35.736565
v 13.996128 -25.764147 35.777668
v 13.710253 -24.858601 35.707088
v 13.895999 -24.870287 35.736565
v 14.079531 -24.881834 35.777668
v 9.9093828 -29.443754 36.496395
v 10.163719 -29.583576 36.25629
v 10.033245 -29.511848 36.37178
v 9.7926216 -29.379564 36.629635
v 10.231894 -28.810789 36.496395
v 10.442422 -29.736795 36.054455
v 10.300291 -29.658657 36.150375
v 10.58955 -29.817678 35.968906
v 10.635526 -29.000723 36.150375
v 10.782282 -29.069782 36.054455
v 10.494509 -28.934366 36.25629
v 10.359788 -28.87097 36.37178
v 9.6834221 -29.31953 36.770981
v 9.8940792 -28.651825 36.919872
v 10.111333 -28.754057 36.629635
v 9.99858 -28.700998 36.770981
v 10.514026 -28.158821 36.496395
v 10.783881 -28.265665 36.25629
v 10.645446 -28.210855 36.37178
v 10.39014 -28.109772 36.629635
v 10.754663 -27.490427 36.496395
v 9.7982445 -28.606728 37.075726
v 10.166896 -28.021383 36.919872
v 9.7114525 -28.565887 37.237915
v 10.068419 -27.982393 37.075726
v 9.9792337 -27.947083 37.237915
v 9.8996944 -27.91559 37.405811
v 10.274278 -28.063898 36.770981
v 10.399588 -27.375055 36.919872
v 10.627941 -27.449251 36.629635
v 10.509427 -27.410744 36.770981
v 10.298857 -27.342325 37.075726
v 11.090675 -29.214901 35.89407
v 11.251095 -29.290388 35.830242
v 10.934198 -29.141268 35.968906
v 11.561329 -28.573479 35.830242
v 10.928787 -28.323038 36.150375
v 11.07959 -28.382744 36.054455
v 11.396486 -28.508213 35.89407
v 11.235695 -28.444551 35.968906
v 11.178917 -27.628275 36.150375
v 11.333171 -27.678394 36.054455
v 11.030695 -27.580114 36.25629
v 10.889091 -27.534105 36.37178
v 11.65732 -27.783718 35.89407
v 11.492849 -27.730278 35.968906
v 11.825936 -27.838505 35.830242
v 9.8301134 -27.888042 37.578747
v 9.7707663 -27.864544 37.756039
v 9.7218866 -27.845192 37.936993
v 9.6836681 -27.830059 38.120888
v 9.6562605 -27.819208 38.306999
v 9.6397724 -27.812681 38.494598
v 9.6342697 -27.810501 38.682938
v 9.6397724 -27.812681 38.871277
v 9.6562605 -27.819208 39.058876
v 10.591238 -26.715393 36.919872
v 10.703101 -26.744114 36.770981
v 10.207631 -27.312685 37.237915
v 10.126271 -27.286249 37.405811
v 10.395743 -26.665197 37.237915
v 10.312883 -26.643923 37.405811
v 10.48865 -26.689053 37.075726
v 10.63705 -26.02515 37.075726
v 10.542829 -26.007177 37.237915
v 10.458797 -25.991146 37.405811
v 10.648306 -25.341219 37.237915
v 10.563434 -25.330496 37.405811
v 10.952856 -26.808241 36.496395
v 11.233975 -26.880419 36.25629
v 11.089762 -26.843391 36.37178
v 10.8238 -26.775105 36.629635
v 11.107823 -26.114956 36.496395
v 11.246666 -26.141441 36.37178
v 11.384929 -26.919178 36.150375
v 11.542026 -26.959513 36.054455
v 11.872149 -27.044273 35.89407
v 11.704646 -27.001266 35.968906
v 11.546009 -26.198544 36.150375
v 11.705329 -26.228935 36.054455
v 11.870251 -26.260395 35.968906
v 11.39292 -26.16934 36.25629
v 10.976941 -26.089989 36.629635
v 10.854535 -26.066637 36.770981
v 11.218954 -25.413307 36.496395
v 11.086761 -25.396608 36.629635
v 11.661523 -25.469217 36.150375
v 11.822436 -25.489546 36.054455
v 11.506903 -25.449684 36.25629
v 11.359185 -25.431023 36.37178
v 10.741089 -26.044996 36.919872
v 10.963131 -25.380991 36.770981
v 10.84855 -25.366514 36.919872
v 10.74347 -25.353241 37.075726
v 9.9943924 -27.243399 37.756039
v 10.055098 -27.263124 37.578747
v 9.9443941 -27.227154 37.936993
v 9.9053001 -27.214451 38.120888
v 10.127655 -26.596365 37.936993
v 9.8772659 -27.205343 38.306999
v 10.087841 -26.586142 38.120888
v 10.240399 -26.625313 37.578747
v 10.178575 -26.609438 37.756039
v 9.8604002 -27.199863 38.494598
v 9.8547716 -27.198034 38.682938
v 9.8604002 -27.199863 38.871277
v 9.8772659 -27.205343 39.058876
v 10.05929 -26.578812 38.306999
v 10.042114 -26.574402 38.494598
v 10.036381 -26.572929 38.682938
v 10.042114 -26.574402 38.871277
v 10.05929 -26.578812 39.058876
v 10.385286 -25.977123 37.578747
v 10.322587 -25.965164 37.756039
v 10.270947 -25.955313 37.936993
v 10.23057 -25.947611 38.120888
v 10.489187 -25.321117 37.578747
v 10.425861 -25.313118 37.756039
v 10.373705 -25.306528 37.936993
v 10.201614 -25.942087 38.306999
v 10.332923 -25.301376 38.120888
v 10.184196 -25.938765 38.494598
v 10.178382 -25.937654 38.682938
v 10.184196 -25.938765 38.871277
v 10.201614 -25.942087 39.058876
v 10.303679 -25.297682 38.306999
v 10.286085 -25.29546 38.494598
v 10.280212 -25.294718 38.682938
v 10.286085 -25.29546 38.871277
v 10.303679 -25.297682 39.058876
v 13.284945 -29.255905 35.830242
v 13.449787 -29.321173 35.89407
v 13.766684 -29.44664 36.054455
v 13.610579 -29.384834 35.968906
v 13.757616 -28.466145 35.89407
v 13.917486 -29.506348 36.150375
v 14.062392 -29.563719 36.25629
v 14.200828 -29.61853 36.37178
v 14.332248 -29.670563 36.496395
v 13.922088 -28.519585 35.968906
v 14.081765 -28.571468 36.054455
v 14.23602 -28.621588 36.150375
v 13.589 -28.411358 35.830242
v 13.839426 -27.549385 35.830242
v 14.011149 -27.593475 35.89407
v 14.178652 -27.636484 35.968906
v 14.341272 -27.678238 36.054455
v 12.043872 -27.088366 35.830242
v 12.214275 -26.326023 35.830242
v 12.040123 -26.292801 35.89407
v 12.16058 -25.532263 35.89407
v 11.989008 -25.510588 35.968906
v 12.336475 -25.554483 35.830242
v 11.892887 -24.744261 36.054455
v 12.060451 -24.754805 35.968906
v 12.233046 -24.765663 35.89407
v 12.409988 -24.776794 35.830242
v 12.590583 -24.788157 35.777668
v 14.035234 -26.673389 35.830242
v 14.209388 -26.70661 35.89407
v 14.175653 -25.786825 35.830242
v 12.799372 -23.996025 35.736565
v 12.985485 -23.996025 35.707088
v 12.615477 -23.996025 35.777668
v 12.609886 -23.818119 35.777668
v 12.791523 -23.74626 35.736565
v 12.975162 -23.66753 35.707088
v 13.173082 -23.996025 35.689354
v 13.361423 -23.996025 35.683434
v 13.549763 -23.996025 35.689354
v 13.73736 -23.996025 35.707088
v 13.923473 -23.996025 35.736565
v 14.107368 -23.996025 35.777668
v 13.895999 -23.121763 35.736565
v 14.079531 -23.110216 35.777668
v 11.152828 -24.697701 36.629635
v 11.285808 -24.706068 36.496395
v 11.731014 -24.734077 36.150375
v 11.426874 -24.714943 36.37178
v 11.575473 -24.724291 36.25629
v 11.445817 -24.11219 36.37178
v 11.304266 -24.118708 36.496395
v 11.349361 -24.118622 36.456638
v 10.913197 -24.682625 36.919872
v 11.028461 -24.689877 36.770981
v 10.80749 -24.675974 37.075726
v 10.71176 -24.66995 37.237915
v 10.626381 -24.664579 37.405811
v 10.647391 -23.996025 37.405811
v 10.718602 -23.996025 37.266052
v 10.646229 -23.959044 37.405811
v 10.487989 -24.655872 37.756039
v 10.551693 -24.659882 37.578747
v 10.435522 -24.652573 37.936993
v 10.394498 -24.64999 38.120888
v 10.572556 -23.996025 37.578747
v 10.508726 -23.996025 37.756039
v 10.569777 -23.907616 37.578747
v 10.456155 -23.996025 37.936993
v 10.365078 -24.64814 38.306999
v 10.41505 -23.996025 38.120888
v 10.34738 -24.647026 38.494598
v 10.341473 -24.646654 38.682938
v 10.34738 -24.647026 38.871277
v 10.365078 -24.64814 39.058876
v 10.385571 -23.996025 38.306999
v 10.367839 -23.996025 38.494598
v 10.361919 -23.996025 38.682938
v 10.367839 -23.996025 38.871277
v 10.385571 -23.996025 39.058876
v 10.504118 -23.849388 37.756039
v 10.44951 -23.78459 37.936993
v 10.374268 -23.636332 38.306999
v 10.365078 -23.343908 39.058876
v 10.358627 -23.275667 39.058876
v 12.084296 -23.996025 35.968906
v 12.257232 -23.996025 35.89407
v 12.434525 -23.996025 35.830242
v 14.260125 -24.893196 35.830242
v 14.660274 -28.759436 36.496395
v 14.384241 -28.669748 36.25629
v 14.525846 -28.715757 36.37178
v 14.786995 -28.80061 36.629635
v 14.905509 -28.839117 36.770981
v 15.015348 -28.874807 36.919872
v 15.11608 -28.907537 37.075726
v 15.207306 -28.937178 37.237915
v 15.288666 -28.963614 37.405811
v 14.793537 -27.794359 36.37178
v 14.930442 -27.82951 36.496395
v 14.498369 -27.718573 36.150375
v 14.649323 -27.757332 36.25629
v 15.059499 -27.862646 36.629635
v 15.180197 -27.893637 36.770981
v 15.292061 -27.922358 36.919872
v 15.394649 -27.948698 37.075726
v 15.487555 -27.972553 37.237915
v 15.570415 -27.993828 37.405811
v 15.420545 -29.006462 37.756039
v 15.470542 -29.022709 37.936993
v 15.509636 -29.03541 38.120888
v 15.359838 -28.986738 37.578747
v 15.537671 -29.044519 38.306999
v 15.554536 -29.049999 38.494598
v 15.560165 -29.051828 38.682938
v 15.554536 -29.049999 38.871277
v 15.537671 -29.044519 39.058876
v 15.6429 -28.012438 37.578747
v 15.704723 -28.028313 37.756039
v 15.755643 -28.041386 37.936993
v 15.795457 -28.051609 38.120888
v 15.824008 -28.058939 38.306999
v 15.841185 -28.063349 38.494598
v 15.846917 -28.064821 38.682938
v 15.841185 -28.063349 38.871277
v 15.824008 -28.058939 39.058876
v 14.37926 -26.739016 35.968906
v 14.544182 -26.770475 36.054455
v 14.703501 -26.800867 36.150375
v 14.85659 -26.83007 36.25629
v 15.002845 -26.857969 36.37178
v 15.141686 -26.884457 36.496395
v 15.272569 -26.909424 36.629635
v 15.005225 -25.891624 36.25629
v 15.152943 -25.910286 36.37178
v 15.293174 -25.928001 36.496395
v 15.425366 -25.944702 36.629635
v 15.394975 -26.932774 36.770981
v 14.351548 -25.809046 35.89407
v 14.52312 -25.830721 35.968906
v 14.689692 -25.851765 36.054455
v 14.850605 -25.872091 36.150375
v 14.437069 -24.904327 35.89407
v 14.609663 -24.915186 35.968906
v 14.777227 -24.92573 36.054455
v 14.939099 -24.935913 36.150375
v 15.094642 -24.9457 36.25629
v 15.243239 -24.955048 36.37178
v 15.384307 -24.963923 36.496395
v 15.508422 -26.954414 36.919872
v 15.612461 -26.97426 37.075726
v 15.706682 -26.992235 37.237915
v 15.790713 -27.008265 37.405811
v 15.548997 -25.96032 36.770981
v 15.663578 -25.974794 36.919872
v 15.863822 -26.000092 37.237915
v 15.768658 -25.98807 37.075726
v 15.948694 -26.010813 37.405811
v 15.517286 -24.97229 36.629635
v 15.641653 -24.980114 36.770981
v 15.756918 -24.987366 36.919872
v 15.862624 -24.994017 37.075726
v 15.958355 -25.000038 37.237915
v 16.043734 -25.005411 37.405811
v 15.864224 -27.022287 37.578747
v 15.926923 -27.034248 37.756039
v 15.978563 -27.044098 37.936993
v 16.01894 -27.051802 38.120888
v 16.047895 -27.057323 38.306999
v 16.02294 -26.020193 37.578747
v 16.086266 -26.028193 37.756039
v 16.138424 -26.034782 37.936993
v 16.179205 -26.039934 38.120888
v 16.065315 -27.060648 38.494598
v 16.071129 -27.061756 38.682938
v 16.065315 -27.060648 38.871277
v 16.047895 -27.057323 39.058876
v 16.20845 -26.043629 38.306999
v 16.226044 -26.045851 38.494598
v 16.231915 -26.046593 38.682938
v 16.226044 -26.045851 38.871277
v 16.20845 -26.043629 39.058876
v 16.118422 -25.010109 37.578747
v 16.182125 -25.014118 37.756039
v 16.234592 -25.017418 37.936993
v 16.275616 -25.02 38.120888
v 16.305037 -25.021851 38.306999
v 16.322735 -25.022964 38.494598
v 16.328642 -25.023336 38.682938
v 16.322735 -25.022964 38.871277
v 16.305037 -25.021851 39.058876
v 14.465613 -23.996025 35.89407
v 14.638549 -23.996025 35.968906
v 14.288321 -23.996025 35.830242
v 14.806444 -23.996025 36.054455
v 14.968637 -23.996025 36.150375
v 15.124486 -23.996025 36.25629
v 15.273378 -23.996025 36.37178
v 14.260125 -23.098854 35.830242
v 14.437069 -23.087721 35.89407
v 14.609663 -23.076862 35.968906
v 14.777227 -23.06632 36.054455
v 14.562714 -22.580193 35.968906
v 14.716979 -22.428965 36.054455
v 14.939099 -23.056135 36.150375
v 15.094642 -23.04635 36.25629
v 15.243239 -23.037001 36.37178
v 14.865365 -22.276108 36.150375
v 15.007286 -22.122225 36.25629
v 15.152943 -22.081762 36.37178
v 15.414724 -23.996025 36.496395
v 15.547966 -23.996025 36.629635
v 15.67258 -23.996025 36.770981
v 15.788072 -23.996025 36.919872
v 15.893987 -23.996025 37.075726
v 15.989907 -23.996025 37.237915
v 16.075455 -23.996025 37.405811
v 15.384307 -23.028126 36.496395
v 15.517286 -23.01976 36.629635
v 15.293174 -22.064047 36.496395
v 15.641653 -23.011934 36.770981
v 15.756918 -23.004683 36.919872
v 15.862624 -22.998034 37.075726
v 15.958355 -22.99201 37.237915
v 16.043734 -22.986639 37.405811
v 16.15029 -23.996025 37.578747
v 16.214119 -23.996025 37.756039
v 16.266691 -23.996025 37.936993
v 16.307796 -23.996025 38.120888
v 16.337275 -23.996025 38.306999
v 16.355007 -23.996025 38.494598
v 16.360926 -23.996025 38.682938
v 16.355007 -23.996025 38.871277
v 16.337275 -23.996025 39.058876
v 16.118422 -22.981939 37.578747
v 16.182125 -22.977932 37.756039
v 16.234592 -22.97463 37.936993
v 16.275616 -22.97205 38.120888
v 16.305037 -22.970198 38.306999
v 16.322735 -22.969086 38.494598
v 16.328642 -22.968714 38.682938
v 16.322735 -22.969086 38.871277
v 16.305037 -22.970198 39.058876
v 15.028967 -22.097424 36.274853
v 15.425366 -22.047348 36.629635
v 15.366495 -21.675653 36.629635
v 15.548997 -22.031729 36.770981
v 15.663578 -22.017254 36.919872
v 15.768658 -22.003981 37.075726
v 15.863822 -21.991959 37.237915
v 15.563115 -21.382956 36.919872
v 15.719554 -21.081087 37.237915
v 15.790713 -20.983786 37.405811
v 15.948694 -21.981236 37.405811
v 16.02294 -21.971857 37.578747
v 16.086266 -21.963856 37.756039
v 16.138424 -21.957268 37.936993
v 16.179205 -21.952116 38.120888
v 16.20845 -21.948421 38.306999
v 15.864224 -20.969763 37.578747
v 15.926923 -20.957802 37.756039
v 15.978563 -20.94795 37.936993
v 16.01894 -20.940248 38.120888
v 16.226044 -21.946199 38.494598
v 16.231915 -21.945457 38.682938
v 16.226044 -21.946199 38.871277
v 16.20845 -21.948421 39.058876
v 16.047895 -20.934725 38.306999
v 16.065315 -20.931402 38.494598
v 16.071129 -20.930292 38.682938
v 16.065315 -20.931402 38.871277
v 16.047895 -20.934725 39.058876
v 15.863744 -20.675152 37.756039
v 15.890063 -20.552027 37.936993
v 15.906057 -20.43524 38.120888
v 15.891658 -20.127386 38.682938
v 1.023975 -40.271641 39.244987
v 1.021394 -40.230618 39.428883
v 1.018093 -40.17815 39.609837
v 1.0140851 -40.114445 39.787128
v 1.0093862 -40.039757 39.960064
v 1.0040146 -39.95438 40.12796
v 0.99799168 -39.858646 40.290154
v 0.99134123 -39.752941 40.446003
v 0.98408943 -39.637676 40.594894
v 0.97626489 -39.513309 40.73624
v 2.0439088 -40.175228 39.244987
v 2.0387571 -40.134449 39.428883
v 2.0321681 -40.082291 39.609837
v 2.024168 -40.018967 39.787128
v 2.0147886 -39.944717 39.960064
v 2.0040667 -39.859848 40.12796
v 1.9920448 -39.764683 40.290154
v 1.97877 -39.659603 40.446003
v 1.964295 -39.545021 40.594894
v 1.9486769 -39.421391 40.73624
v 3.0122397 -39.786739 39.960064
v 2.9962099 -39.702705 40.12796
v 2.9782362 -39.608486 40.290154
v 2.9583895 -39.504448 40.446003
v 2.9367485 -39.390999 40.594894
v 0.96789855 -39.380329 40.86948
v 0.95902336 -39.239265 40.994095
v 0.94967437 -39.090668 41.109589
v 0.93988848 -38.935123 41.215504
v 0.92970431 -38.773251 41.311424
v 0.91916209 -38.605686 41.396969
v 0.90830338 -38.433094 41.471806
v 0.87426215 -37.892025 41.629311
v 0.89717102 -38.256149 41.535633
v 0.885809 -38.075554 41.588207
v 0.86257601 -37.706276 41.658791
v 1.7450739 -37.809708 41.629311
v 1.9319772 -39.2892 40.86948
v 1.9142618 -39.148968 40.994095
v 1.8956008 -39.001251 41.109589
v 2.9133983 -39.268593 40.73624
v 2.8884313 -39.137711 40.86948
v 2.8619456 -38.998867 40.994095
v 1.8760676 -38.84663 41.215504
v 1.8557396 -38.685715 41.311424
v 1.8346967 -38.519146 41.396969
v 1.8130221 -38.347572 41.471806
v 2.8340461 -38.852615 41.109589
v 2.8048429 -38.699524 41.215504
v 2.774451 -38.540207 41.311424
v 2.7429905 -38.375286 41.396969
v 2.7105856 -38.205414 41.471806
v 1.7908014 -38.171677 41.535633
v 1.7681222 -37.992153 41.588207
v 2.6773641 -38.031258 41.535633
v 2.6434574 -37.853512 41.588207
v 2.6089988 -37.672874 41.629311
v 0.85079664 -37.519051 41.676521
v 0.83897066 -37.331081 41.682442
v 0.82714468 -37.143112 41.676521
v 0.81536537 -36.955887 41.658791
v 0.80367923 -36.770142 41.629311
v 0.79213232 -36.586609 41.588207
v 1.7217478 -37.625061 41.658791
v 1.6982356 -37.438942 41.676521
v 1.6746303 -37.252087 41.682442
v 1.6510251 -37.065231 41.676521
v 1.6275128 -36.879116 41.658791
v 1.6041867 -36.694469 41.629311
v 1.5811385 -36.512024 41.588207
v 0.75877923 -36.056477 41.396969
v 0.74823701 -35.888912 41.311424
v 0.76963794 -36.229069 41.471806
v 0.71891803 -35.422897 40.994095
v 0.71004283 -35.281834 40.86948
v 0.72826701 -35.571495 41.109589
v 0.73805285 -35.727039 41.215504
v 1.5145639 -35.985031 41.396969
v 1.4349988 -35.355209 40.994095
v 1.4731929 -35.657547 41.215504
v 1.4935211 -35.818462 41.311424
v 1.4536599 -35.502926 41.109589
v 0.7807703 -36.406013 41.535633
v 1.5362386 -36.156605 41.471806
v 1.5584593 -36.3325 41.535633
v 2.5741246 -37.490059 41.658791
v 2.5389724 -37.305782 41.676521
v 2.5036809 -37.120781 41.682442
v 2.4332373 -36.751503 41.658791
v 2.4683895 -36.935776 41.676521
v 2.3983631 -36.568684 41.629311
v 1.4172834 -35.214977 40.86948
v 2.1454163 -35.242691 40.994095
v 2.2025192 -35.542034 41.215504
v 2.2329109 -35.701355 41.311424
v 2.1733158 -35.388947 41.109589
v 2.2643714 -35.866276 41.396969
v 2.2967763 -36.036148 41.471806
v 2.3639047 -36.388046 41.588207
v 2.3299978 -36.2103 41.535633
v 3.0557764 -40.014965 39.244987
v 3.048074 -39.974586 39.428883
v 3.038223 -39.922947 39.609837
v 3.0262625 -39.860249 39.787128
v 4.055584 -39.791481 39.244987
v 4.0453615 -39.751667 39.428883
v 4.0322876 -39.700748 39.609837
v 4.0164137 -39.638924 39.787128
v 3.997803 -39.566441 39.960064
v 3.9765282 -39.483578 40.12796
v 3.9526739 -39.390671 40.290154
v 3.9263337 -39.288086 40.446003
v 3.8976121 -39.17622 40.594894
v 5.0393863 -39.505661 39.244987
v 5.0266838 -39.466568 39.428883
v 5.0104384 -39.416569 39.609837
v 4.9907141 -39.355862 39.787128
v 4.9675884 -39.284691 39.960064
v 3.866622 -39.055523 40.73624
v 4.941153 -39.203331 40.12796
v 4.9115119 -39.112103 40.290154
v 4.8787823 -39.011372 40.446003
v 4.8430934 -38.901535 40.594894
v 4.8045859 -38.78302 40.73624
v 3.8334858 -38.926468 40.86948
v 3.7983346 -38.789562 40.994095
v 3.7613068 -38.645348 41.109589
v 3.7225487 -38.494392 41.215504
v 3.6822131 -38.337296 41.311424
v 3.6404591 -38.174675 41.396969
v 3.5974517 -38.007175 41.471806
v 3.5533607 -37.835449 41.535633
v 3.5083599 -37.660183 41.588207
v 4.7197332 -38.52187 40.994095
v 4.6737232 -38.380264 41.109589
v 4.6255631 -38.232044 41.215504
v 4.5754428 -38.077789 41.311424
v 4.5235605 -37.918114 41.396969
v 4.4701204 -37.753639 41.471806
v 4.7634115 -38.6563 40.86948
v 3.4626272 -37.482067 41.629311
v 3.4163425 -37.3018 41.658791
v 3.369689 -37.120098 41.676521
v 3.3228507 -36.937675 41.682442
v 3.2760124 -36.755249 41.676521
v 3.2293589 -36.573547 41.658791
v 2.9634883 -35.538052 41.311424
v 3.0052423 -35.700672 41.396969
v 2.9231529 -35.380955 41.215504
v 2.8843946 -35.23 41.109589
v 3.0482497 -35.868172 41.471806
v 3.6322503 -35.174942 41.215504
v 3.6823704 -35.329197 41.311424
v 3.7342529 -35.488873 41.396969
v 3.787693 -35.653343 41.471806
v 3.1373415 -36.215164 41.588207
v 3.0923407 -36.039898 41.535633
v 3.1830745 -36.39328 41.629311
v 4.0127358 -36.345955 41.658791
v 3.9552233 -36.168949 41.629311
v 3.8424797 -35.82196 41.535633
v 3.8983967 -35.994057 41.588207
v 4.3594165 -37.41293 41.588207
v 4.3025899 -37.238033 41.629311
v 4.2450776 -37.061031 41.658791
v 4.4153337 -37.585026 41.535633
v 4.1871071 -36.882614 41.676521
v 4.1289067 -36.703491 41.682442
v 4.0707064 -36.524372 41.676521
v 5.1932688 -37.112724 41.588207
v 4.9186678 -36.419163 41.682442
v 5.0570598 -36.7687 41.658791
v 5.1255727 -36.941742 41.629311
v 4.9880004 -36.594276 41.676521
v 4.4485264 -35.23172 41.396969
v 4.512188 -35.392509 41.471806
v 4.5774541 -35.557354 41.535633
v 4.8493352 -36.244045 41.676521
v 4.7802758 -36.069622 41.658791
v 4.7117629 -35.89658 41.629311
v 4.6440668 -35.725597 41.588207
v 0.65396637 -34.390522 39.244987
v 0.65654737 -34.431545 39.428883
v 0.66385627 -34.547718 39.787128
v 0.65984833 -34.484013 39.609837
v 1.3053517 -34.328949 39.244987
v 1.3105037 -34.369728 39.428883
v 1.3170925 -34.421886 39.609837
v 0.6685552 -34.622406 39.960064
v 1.3250926 -34.48521 39.787128
v 0.67392677 -34.707783 40.12796
v 0.67994964 -34.803516 40.290154
v 0.69385195 -35.024487 40.594894
v 0.68660015 -34.909222 40.446003
v 1.3451939 -34.644329 40.12796
v 1.3572159 -34.739494 40.290154
v 0.70167649 -35.148853 40.73624
v 1.3849655 -34.959156 40.594894
v 1.3704906 -34.844574 40.446003
v 1.3344719 -34.55946 39.960064
v 1.9515857 -34.226593 39.244987
v 1.959288 -34.266972 39.428883
v 1.9691389 -34.318611 39.609837
v 1.9810994 -34.38131 39.787128
v 2.5901175 -34.083866 39.244987
v 2.6003399 -34.12368 39.428883
v 2.6134138 -34.174599 39.609837
v 1.9951222 -34.454823 39.960064
v 2.6292875 -34.236423 39.787128
v 2.0291257 -34.633076 40.290154
v 2.0489724 -34.737114 40.446003
v 1.4005837 -35.082787 40.73624
v 2.0706134 -34.850559 40.594894
v 2.011152 -34.538853 40.12796
v 2.0939636 -34.972965 40.73624
v 2.7480893 -34.699127 40.594894
v 2.7193677 -34.587261 40.446003
v 2.6478984 -34.308907 39.960064
v 2.6691732 -34.391769 40.12796
v 2.6930275 -34.484676 40.290154
v 2.1189306 -35.103848 40.86948
v 2.7790794 -34.819824 40.73624
v 3.2311294 -33.940418 39.428883
v 3.2473748 -33.990417 39.609837
v 3.2670994 -34.051121 39.787128
v 3.2902248 -34.122295 39.960064
v 3.3166604 -34.203655 40.12796
v 3.3463013 -34.29488 40.290154
v 3.9195662 -33.895718 39.960064
v 3.3790309 -34.395611 40.446003
v 3.4147201 -34.505451 40.594894
v 3.2184272 -33.901325 39.244987
v 3.8340354 -33.679691 39.244987
v 3.8491671 -33.717911 39.428883
v 3.86852 -33.766792 39.609837
v 3.8920171 -33.826138 39.787128
v 3.9510581 -33.975258 40.12796
v 3.9863687 -34.064442 40.290154
v 3.4532275 -34.623966 40.73624
v 4.067874 -34.270302 40.594894
v 4.0253587 -34.162922 40.446003
v 4.6558003 -33.890102 40.446003
v 4.1137476 -34.386166 40.73624
v 4.7049742 -33.994602 40.594894
v 4.4345121 -33.419842 39.244987
v 4.501575 -33.562359 39.787128
v 4.452014 -33.457035 39.428883
v 4.4743977 -33.504604 39.609837
v 5.0626173 -33.204891 39.609837
v 5.017488 -33.122803 39.244987
v 5.037291 -33.158821 39.428883
v 4.5334387 -33.630074 39.960064
v 4.5698628 -33.707478 40.12796
v 4.6107039 -33.79427 40.290154
v 2.8473668 -35.085785 40.994095
v 2.8122156 -34.948879 40.86948
v 3.53808 -34.885117 40.994095
v 3.4944017 -34.750687 40.86948
v 3.58409 -35.026718 41.109589
v 4.2148299 -34.641472 40.994095
v 4.162797 -34.510052 40.86948
v 4.2696409 -34.779907 41.109589
v 4.327013 -34.924812 41.215504
v 4.3867197 -35.075615 41.311424
v 5.1452432 -34.930222 41.396969
v 5.0737567 -34.778305 41.311424
v 4.9383411 -34.490532 41.109589
v 5.0046988 -34.63155 41.215504
v 4.814764 -34.227921 40.86948
v 4.7580323 -34.107357 40.73624
v 4.8749461 -34.355812 40.994095
v 6.0033002 -39.15863 39.244987
v 5.9881682 -39.120411 39.428883
v 5.9688153 -39.071533 39.609837
v 5.9453182 -39.012184 39.787128
v 5.9177694 -38.942604 39.960064
v 5.8862777 -38.863064 40.12796
v 5.8509669 -38.77388 40.290154
v 5.8119769 -38.675404 40.446003
v 5.7694612 -38.56802 40.594894
v 5.723588 -38.45216 40.73624
v 6.943522 -38.751759 39.244987
v 6.9260201 -38.714565 39.428883
v 6.9036365 -38.667 39.609837
v 6.8764591 -38.609245 39.787128
v 6.8445954 -38.541531 39.960064
v 6.7673306 -38.377335 40.290154
v 6.8081713 -38.464127 40.12796
v 6.7222338 -38.281498 40.446003
v 6.6730599 -38.176998 40.594894
v 6.6200023 -38.064243 40.73624
v 7.6059613 -37.831219 40.446003
v 7.550323 -37.730011 40.594894
v 5.6745381 -38.328274 40.86948
v 5.5676947 -38.058414 41.109589
v 5.6225052 -38.196854 40.994095
v 5.5103226 -37.913509 41.215504
v 5.3888092 -37.606602 41.396969
v 5.4506159 -37.762707 41.311424
v 6.439693 -37.681068 41.109589
v 6.3733354 -37.540051 41.215504
v 6.5632701 -37.943684 40.86948
v 6.503088 -37.815788 40.994095
v 7.4260998 -37.504051 40.86948
v 7.4902897 -37.620811 40.73624
v 5.3251476 -37.445812 41.471806
v 6.2327909 -37.241379 41.396969
v 6.3042774 -37.393295 41.311424
v 6.1591587 -37.084904 41.471806
v 5.2598815 -37.280968 41.535633
v 6.0836706 -36.924484 41.535633
v 6.0066257 -36.760754 41.588207
v 5.9283266 -36.59436 41.629311
v 5.8490834 -36.425961 41.658791
v 5.7692084 -36.256218 41.676521
v 5.6890173 -36.0858 41.682442
v 5.6088257 -35.915386 41.676521
v 5.5289507 -35.745644 41.658791
v 5.4497075 -35.577244 41.629311
v 5.3714089 -35.410851 41.588207
v 5.2943635 -35.24712 41.535633
v 5.2188754 -35.0867 41.471806
v 6.3461809 -35.539684 41.676521
v 6.2558055 -35.375294 41.658791
v 6.1661444 -35.2122 41.629311
v 6.0775523 -35.051052 41.588207
v 6.9688625 -36.672337 41.471806
v 7.2862768 -37.249714 41.109589
v 7.358006 -37.380188 40.994095
v 7.2111959 -37.11314 41.215504
v 7.133059 -36.971012 41.311424
v 7.0521746 -36.823883 41.396969
v 6.7962766 -36.358406 41.588207
v 6.8834505 -36.516975 41.535633
v 6.6180239 -36.034164 41.658791
v 6.4369144 -35.704727 41.682442
v 6.527648 -35.869774 41.676521
v 6.7076845 -36.197258 41.629311
v 7.4605703 -35.752003 41.629311
v 7.0584903 -35.118427 41.676521
v 7.1594081 -35.277447 41.682442
v 7.3608456 -35.59486 41.658791
v 7.2603259 -35.436466 41.676521
v 7.8563409 -38.286655 39.244987
v 7.8365383 -38.250633 39.428883
v 7.8112116 -38.204567 39.609837
v 7.7804618 -38.148632 39.787128
v 7.7444091 -38.083054 39.960064
v 8.7381544 -37.765152 39.244987
v 8.7161293 -37.730446 39.428883
v 8.6879597 -37.686058 39.609837
v 8.653758 -37.632164 39.787128
v 7.7031965 -38.008087 40.12796
v 7.6569867 -37.92403 40.290154
v 8.6136589 -37.568981 39.960064
v 8.5678205 -37.49675 40.12796
v 8.5164242 -37.41576 40.290154
v 8.459672 -37.326336 40.446003
v 8.397788 -37.228821 40.594894
v 8.3310165 -37.123608 40.73624
v 9.5854826 -37.189308 39.244987
v 9.5613213 -37.156055 39.428883
v 9.5304203 -37.113522 39.609837
v 9.4929028 -37.061882 39.787128
v 9.4489145 -37.001339 39.960064
v 9.3422508 -36.85453 40.290154
v 9.2799959 -36.768845 40.446003
v 9.2121115 -36.675407 40.594894
v 9.398632 -36.932133 40.12796
v 9.1388655 -36.574593 40.73624
v 8.104105 -36.766052 41.109589
v 7.8437266 -36.355759 41.396969
v 8.0205965 -36.634464 41.215504
v 7.9336896 -36.49752 41.311424
v 8.2596216 -37.011105 40.86948
v 8.1838856 -36.891766 40.994095
v 7.7510633 -36.209747 41.471806
v 8.7030096 -35.974689 41.311424
v 8.5026741 -35.698952 41.471806
v 8.6043234 -35.83886 41.396969
v 7.656065 -36.060051 41.535633
v 7.5591063 -35.907269 41.588207
v 8.0746174 -35.109783 41.658791
v 7.9643507 -34.958012 41.676521
v 8.1840124 -35.260353 41.629311
v 8.2921038 -35.409126 41.588207
v 8.3984642 -35.555519 41.535633
v 8.9774666 -36.352448 40.994095
v 8.8899498 -36.231991 41.109589
v 9.0605478 -36.466797 40.86948
v 8.7983437 -36.105907 41.215504
v 9.2207289 -35.141972 41.471806
v 9.8257151 -35.873272 40.86948
v 9.7356176 -35.764366 40.994095
v 9.6407108 -35.649643 41.109589
v 9.5413685 -35.529556 41.215504
v 9.3309622 -35.275219 41.396969
v 9.4379826 -35.404587 41.311424
v 9.1077185 -35.005363 41.535633
v 5.0933676 -33.260826 39.787128
v 5.5806623 -32.789742 39.244987
v 5.630857 -32.868835 39.609837
v 5.6026878 -32.824448 39.428883
v 5.1294198 -33.326405 39.960064
v 5.6650586 -32.922729 39.787128
v 5.7051573 -32.985916 39.960064
v 6.2143922 -32.5494 39.787128
v 5.1706324 -33.401371 40.12796
v 5.2168422 -33.485424 40.290154
v 5.3235064 -33.679447 40.594894
v 5.2678676 -33.578239 40.446003
v 5.3835392 -33.788647 40.73624
v 5.9210286 -33.326073 40.594894
v 5.8591447 -33.228558 40.446003
v 5.7509956 -33.058144 40.12796
v 5.8023925 -33.139133 40.290154
v 6.2583795 -32.609943 39.960064
v 6.3086629 -32.679153 40.12796
v 6.3650432 -32.756756 40.290154
v 6.4272985 -32.842442 40.446003
v 5.9877996 -33.431286 40.73624
v 6.4951835 -32.935879 40.594894
v 6.568429 -33.03669 40.73624
v 7.0437045 -32.510399 40.594894
v 5.5158229 -34.02927 40.994095
v 5.4477291 -33.905407 40.86948
v 5.6626334 -34.296314 41.215504
v 5.5875521 -34.159744 41.109589
v 5.8216543 -34.585575 41.396969
v 5.7407699 -34.438446 41.311424
v 5.9049664 -34.737118 41.471806
v 6.2147117 -33.788841 41.109589
v 5.9903784 -34.892483 41.535633
v 6.0591946 -33.543789 40.86948
v 6.1349316 -33.663128 40.994095
v 6.47509 -34.199135 41.396969
v 6.2982202 -33.920429 41.215504
v 6.3851271 -34.057373 41.311424
v 6.5677533 -34.345146 41.471806
v 7.1029711 -33.772427 41.396969
v 6.8582463 -34.802891 41.629311
v 6.6627517 -34.494843 41.535633
v 6.7597103 -34.647625 41.588207
v 6.9579711 -34.960033 41.658791
v 7.3088307 -34.055767 41.535633
v 7.4151912 -34.20216 41.588207
v 7.2046204 -33.912334 41.471806
v 6.6467471 -33.144485 40.86948
v 6.7298284 -33.258839 40.994095
v 6.8173442 -33.379295 41.109589
v 6.9089503 -33.505379 41.215504
v 7.0042849 -33.636597 41.311424
v 7.2981653 -32.817989 40.994095
v 7.123136 -32.606419 40.73624
v 7.2080679 -32.709084 40.86948
v 7.3930721 -32.932713 41.109589
v 6.1218123 -32.421978 39.244987
v 6.1459737 -32.455231 39.428883
v 6.1768742 -32.497761 39.609837
v 6.6388021 -32.020958 39.244987
v 6.6650038 -32.052631 39.428883
v 6.698514 -32.093136 39.609837
v 6.7392006 -32.142319 39.787128
v 7.1295919 -31.588268 39.244987
v 7.1577306 -31.618233 39.428883
v 7.193718 -31.656555 39.609837
v 6.7869024 -32.199982 39.960064
v 7.237412 -31.703085 39.787128
v 6.8414321 -32.265896 40.12796
v 6.9025741 -32.339802 40.290154
v 6.9700871 -32.421413 40.446003
v 7.288641 -31.757639 39.960064
v 7.3472018 -31.82 40.12796
v 7.7429438 -34.653271 41.676521
v 7.5232821 -34.350933 41.629311
v 7.6326766 -34.501503 41.658791
v 7.8536472 -34.805641 41.682442
v 8.5168915 -34.291176 41.682442
v 8.6369438 -34.436295 41.676521
v 8.2772598 -34.001514 41.658791
v 8.1586266 -33.858109 41.629311
v 8.0414076 -33.716415 41.588207
v 8.3968391 -34.146057 41.676521
v 7.7028203 -33.307137 41.396969
v 7.5957999 -33.177769 41.311424
v 7.8130536 -33.440384 41.471806
v 7.4924145 -33.052799 41.215504
v 7.9396234 -32.450863 41.109589
v 8.2722702 -32.805096 41.396969
v 8.0463095 -32.564472 41.215504
v 8.1573381 -32.682709 41.311424
v 8.3906527 -32.931164 41.471806
v 7.926065 -33.576992 41.535633
v 8.5120182 -33.060402 41.535633
v 8.8751564 -34.724247 41.629311
v 8.7565231 -34.580841 41.658791
v 8.9923754 -34.86594 41.588207
v 9.1465235 -33.736084 41.682442
v 9.6571589 -34.279854 41.588207
v 9.7810278 -34.411762 41.535633
v 9.4038706 -34.010128 41.658791
v 9.2754507 -33.873375 41.676521
v 9.5312738 -34.145802 41.629311
v 8.8891764 -33.462036 41.658791
v 8.6358881 -33.19231 41.588207
v 8.7617731 -33.326366 41.629311
v 9.0175953 -33.598789 41.676521
v 8.9351377 -32.386677 41.471806
v 9.0643787 -32.508041 41.535633
v 9.6027641 -33.013618 41.676521
v 9.7400579 -33.142548 41.682442
v 9.3303404 -32.757797 41.629311
v 9.1962872 -32.631912 41.588207
v 9.466011 -32.885201 41.658791
v 7.7070613 -31.233437 39.787128
v 7.4128637 -31.889923 40.290154
v 7.4853678 -31.967131 40.446003
v 7.5644274 -32.051323 40.594894
v 7.7616143 -31.284666 39.960064
v 7.8239751 -31.343225 40.12796
v 7.893898 -31.408888 40.290154
v 7.6497312 -32.142162 40.73624
v 8.0552969 -31.560452 40.594894
v 7.971107 -31.481392 40.446003
v 7.5922441 -31.125616 39.244987
v 7.6222086 -31.153755 39.428883
v 7.6605315 -31.189743 39.609837
v 8.0249329 -30.634827 39.244987
v 8.0566053 -30.661028 39.428883
v 8.1462936 -30.735226 39.787128
v 8.0971127 -30.694538 39.609837
v 8.425952 -30.117836 39.244987
v 8.4592066 -30.141998 39.428883
v 8.2039557 -30.782927 39.960064
v 8.2698708 -30.837458 40.12796
v 8.3437786 -30.8986 40.290154
v 8.4253883 -30.966112 40.446003
v 8.5017376 -30.172899 39.609837
v 8.5533772 -30.210417 39.787128
v 8.1461363 -31.645756 40.73624
v 8.5143766 -31.039728 40.594894
v 8.6139202 -30.254404 39.960064
v 8.6831293 -30.304688 40.12796
v 8.7607307 -30.361069 40.290154
v 8.8464174 -30.423323 40.446003
v 8.6103926 -31.11916 40.73624
v 8.9398527 -30.491207 40.594894
v 9.0406675 -30.564453 40.73624
v 9.3300486 -29.917053 40.594894
v 7.740942 -32.239292 40.86948
v 7.8376999 -32.342327 40.994095
v 8.346303 -31.833725 40.994095
v 8.4548397 -31.935648 41.109589
v 8.2432661 -31.736967 40.86948
v 8.6866827 -32.153362 41.311424
v 8.8090734 -32.268295 41.396969
v 8.568449 -32.042336 41.215504
v 8.7130575 -31.204092 40.86948
v 8.8219662 -31.294189 40.994095
v 8.9366894 -31.389097 41.109589
v 9.0567732 -31.48844 41.215504
v 9.1817446 -31.591824 41.311424
v 9.3111105 -31.698845 41.396969
v 9.4443598 -31.809078 41.471806
v 9.580966 -31.922089 41.535633
v 9.1484623 -30.642771 40.86948
v 9.2628136 -30.725853 40.994095
v 9.3832693 -30.81337 41.109589
v 9.5093546 -30.904976 41.215504
v 9.6405706 -31.000309 41.311424
v 9.4352627 -29.983824 40.73624
v 9.5477629 -30.05522 40.86948
v 8.7937164 -29.576687 39.244987
v 8.8284235 -29.598713 39.428883
v 8.8728104 -29.626881 39.609837
v 8.9267035 -29.661083 39.787128
v 9.1267767 -29.013514 39.244987
v 9.1627979 -29.033316 39.428883
v 8.9898901 -29.701181 39.960064
v 9.264801 -29.089392 39.787128
v 9.2088671 -29.058641 39.609837
v 9.0621195 -29.747021 40.12796
v 9.1431074 -29.798416 40.290154
v 9.2325344 -29.855169 40.446003
v 9.5822153 -29.263891 40.446003
v 9.3303804 -29.125444 39.960064
v 9.405345 -29.166656 40.12796
v 9.4894009 -29.212868 40.290154
v 9.4238186 -28.430536 39.244987
v 9.4610119 -28.448038 39.428883
v 9.5085793 -28.470423 39.609837
v 9.5663338 -28.497601 39.787128
v 10.39498 -36.561398 39.244987
v 10.368779 -36.529724 39.428883
v 10.335269 -36.48922 39.609837
v 10.294582 -36.440037 39.787128
v 10.246881 -36.382374 39.960064
v 10.19235 -36.31646 40.12796
v 10.131208 -36.242554 40.290154
v 10.063696 -36.160942 40.446003
v 11.055634 -35.769081 39.787128
v 9.990078 -36.071953 40.594894
v 9.9106464 -35.975937 40.73624
v 11.004406 -35.714527 39.960064
v 10.880183 -35.582241 40.290154
v 10.945845 -35.652164 40.12796
v 10.807679 -35.505032 40.446003
v 10.728619 -35.420845 40.594894
v 10.643315 -35.330006 40.73624
v 11.163455 -35.883896 39.244987
v 11.135316 -35.853931 39.428883
v 11.099329 -35.815609 39.609837
v 11.887872 -35.159481 39.244987
v 11.857907 -35.13134 39.428883
v 11.819585 -35.095352 39.609837
v 11.773055 -35.051659 39.787128
v 11.586218 -34.876205 40.290154
v 11.718502 -35.000431 39.960064
v 11.65614 -34.941868 40.12796
v 10.353423 -35.021301 41.109589
v 10.246737 -34.907692 41.215504
v 10.552105 -35.232876 40.86948
v 10.455347 -35.129837 40.994095
v 11.509009 -34.803703 40.446003
v 11.424819 -34.724644 40.594894
v 11.33398 -34.639339 40.73624
v 12.164918 -34.059719 40.446003
v 12.07593 -33.986103 40.594894
v 10.135709 -34.789459 41.311424
v 10.020777 -34.667068 41.396969
v 9.9023943 -34.541004 41.471806
v 10.911667 -34.24276 41.215504
v 10.671043 -34.0168 41.396969
v 10.544978 -33.898418 41.471806
v 10.793433 -34.131733 41.311424
v 10.28383 -33.653183 41.588207
v 10.415737 -33.777054 41.535633
v 10.014105 -33.399895 41.658791
v 9.8773518 -33.271477 41.676521
v 10.149776 -33.527298 41.629311
v 10.150034 -32.392864 41.676521
v 10.295154 -32.512917 41.682442
v 10.869914 -32.9884 41.588207
v 10.584818 -32.752548 41.658791
v 10.440272 -32.632969 41.676521
v 10.728221 -32.871181 41.629311
v 11.23685 -34.54813 40.86948
v 11.133813 -34.45137 40.994095
v 11.025276 -34.349449 41.109589
v 11.653617 -33.636734 41.109589
v 11.76834 -33.731644 40.994095
v 11.979914 -33.90667 40.73624
v 11.877249 -33.821739 40.86948
v 11.145947 -33.216755 41.471806
v 11.533533 -33.537392 41.215504
v 11.279196 -33.326988 41.396969
v 11.408562 -33.434006 41.311424
v 11.702928 -32.498699 41.471806
v 12.109881 -32.794369 41.215504
v 11.842834 -32.600349 41.396969
v 11.978665 -32.699036 41.311424
v 11.00934 -33.103741 41.535633
v 11.413101 -32.288128 41.588207
v 11.559494 -32.394489 41.535633
v 9.7764015 -31.098995 41.396969
v 9.7203922 -32.037434 41.588207
v 9.8620853 -32.154652 41.629311
v 10.005488 -32.273285 41.658791
v 9.9163094 -31.200645 41.471806
v 10.206135 -31.411215 41.588207
v 10.059742 -31.304855 41.535633
v 10.657248 -31.738968 41.676521
v 10.809618 -31.849672 41.682442
v 10.354909 -31.519306 41.629311
v 10.505478 -31.628702 41.658791
v 10.203109 -30.471115 41.396969
v 9.6671047 -30.130957 40.994095
v 9.7928181 -30.210735 41.109589
v 9.924407 -30.294245 41.215504
v 10.06135 -30.381151 41.311424
v 10.349123 -30.563778 41.471806
v 10.58955 -29.817678 41.396969
v 10.498816 -30.658777 41.535633
v 10.651599 -30.755735 41.588207
v 10.806868 -30.854271 41.629311
v 10.741095 -29.900991 41.471806
v 11.113758 -32.070641 41.658791
v 10.961988 -31.960375 41.676521
v 11.264327 -32.180038 41.629311
v 11.122401 -31.054516 41.676521
v 11.281423 -31.155434 41.682442
v 11.440443 -31.256351 41.676521
v 11.598837 -31.356871 41.658791
v 11.755978 -31.456594 41.629311
v 11.911245 -31.55513 41.588207
v 10.964008 -30.953995 41.658791
v 10.896458 -29.986403 41.535633
v 11.055026 -30.073576 41.588207
v 11.216175 -30.162169 41.629311
v 11.379268 -30.251829 41.658791
v 11.708704 -30.43294 41.682442
v 11.873748 -30.523672 41.676521
v 11.54366 -30.342205 41.676521
v 12.565373 -34.391006 39.244987
v 12.533701 -34.364803 39.428883
v 12.493194 -34.331295 39.609837
v 12.444013 -34.290607 39.787128
v 12.386351 -34.242905 39.960064
v 13.193284 -33.581505 39.244987
v 13.160029 -33.557346 39.428883
v 13.117498 -33.526443 39.609837
v 12.320436 -34.188374 40.12796
v 12.246528 -34.127232 40.290154
v 13.065859 -33.488926 39.787128
v 13.005316 -33.444939 39.960064
v 12.679383 -33.208138 40.594894
v 12.858505 -33.338276 40.290154
v 12.936107 -33.394657 40.12796
v 12.772819 -33.27602 40.446003
v 12.578569 -33.134892 40.73624
v 13.232797 -32.393814 40.594894
v 13.769128 -32.73418 39.244987
v 13.734422 -32.712154 39.428883
v 13.690034 -32.683983 39.609837
v 13.636141 -32.649784 39.787128
v 13.572955 -32.609684 39.960064
v 13.500725 -32.563847 40.12796
v 13.419737 -32.512447 40.290154
v 13.33031 -32.455696 40.446003
v 12.356422 -32.973492 40.994095
v 12.470774 -33.056572 40.86948
v 12.235967 -32.885975 41.109589
v 13.127583 -32.327042 40.73624
v 13.015081 -32.255646 40.86948
v 14.290631 -31.852365 39.244987
v 14.25461 -31.832563 39.428883
v 14.152607 -31.776485 39.787128
v 14.208541 -31.807236 39.609837
v 14.087028 -31.740433 39.960064
v 13.835193 -31.601986 40.446003
v 13.733986 -31.546347 40.594894
v 13.624786 -31.486315 40.73624
v 13.928007 -31.653011 40.290154
v 14.012063 -31.699221 40.12796
v 14.38131 -30.763355 40.290154
v 14.285475 -30.718258 40.446003
v 14.180974 -30.669085 40.594894
v 14.06822 -30.616026 40.73624
v 12.359735 -31.839752 41.396969
v 12.213721 -31.747087 41.471806
v 12.638438 -32.016621 41.215504
v 12.501494 -31.929714 41.311424
v 12.770026 -32.100128 41.109589
v 12.89574 -32.179909 40.994095
v 12.827858 -31.048199 41.396969
v 13.117117 -31.20722 41.215504
v 12.974986 -31.129084 41.311424
v 12.064028 -31.65209 41.535633
v 12.676313 -30.964888 41.471806
v 13.088879 -30.155184 41.471806
v 12.201233 -30.703709 41.629311
v 12.03814 -30.614048 41.658791
v 12.362382 -30.792301 41.588207
v 12.52095 -30.879475 41.535633
v 12.260192 -29.765232 41.676521
v 12.429935 -29.845108 41.658791
v 12.598335 -29.924351 41.629311
v 12.764729 -30.002649 41.588207
v 12.928458 -30.079695 41.535633
v 13.508025 -31.422125 40.86948
v 13.253689 -31.282301 41.109589
v 13.384163 -31.354031 40.994095
v 13.685044 -30.435719 41.109589
v 13.544027 -30.36936 41.215504
v 13.245356 -30.228815 41.396969
v 13.397271 -30.300303 41.311424
v 13.947659 -30.559296 40.86948
v 13.819765 -30.499113 40.994095
v 14.332248 -29.670563 40.86948
v 14.755735 -30.939547 39.244987
v 14.718542 -30.922045 39.428883
v 14.670974 -30.89966 39.609837
v 14.613219 -30.872484 39.787128
v 14.545506 -30.84062 39.960064
v 15.162605 -29.999325 39.244987
v 15.124387 -29.984192 39.428883
v 15.075507 -29.96484 39.609837
v 15.01616 -29.941343 39.787128
v 14.468101 -30.804195 40.12796
v 14.946579 -29.913794 39.960064
v 14.777855 -29.846991 40.290154
v 14.86704 -29.882301 40.12796
v 14.571996 -29.765486 40.594894
v 14.679378 -29.808001 40.446003
v 14.456134 -29.719612 40.73624
v 9.6834221 -29.31953 40.594894
v 9.7982445 -28.606728 40.290154
v 9.8940792 -28.651825 40.446003
v 9.7926216 -29.379564 40.73624
v 9.99858 -28.700998 40.594894
v 9.6836681 -27.830059 39.244987
v 9.7218866 -27.845192 39.428883
v 9.7707663 -27.864544 39.609837
v 9.6340475 -28.529463 39.960064
v 9.8301134 -27.888042 39.787128
v 9.7114525 -28.565887 40.12796
v 10.068419 -27.982393 40.290154
v 9.8996944 -27.91559 39.960064
v 9.9792337 -27.947083 40.12796
v 10.166896 -28.021383 40.446003
v 10.111333 -28.754057 40.73624
v 10.274278 -28.063898 40.594894
v 10.207631 -27.312685 40.12796
v 10.298857 -27.342325 40.290154
v 10.399588 -27.375055 40.446003
v 10.39014 -28.109772 40.73624
v 10.509427 -27.410744 40.594894
v 9.9093828 -29.443754 40.86948
v 10.033245 -29.511848 40.994095
v 10.163719 -29.583576 41.109589
v 10.300291 -29.658657 41.215504
v 10.442422 -29.736795 41.311424
v 10.359788 -28.87097 40.994095
v 10.231894 -28.810789 40.86948
v 10.494509 -28.934366 41.109589
v 10.635526 -29.000723 41.215504
v 10.514026 -28.158821 40.86948
v 10.645446 -28.210855 40.994095
v 10.627941 -27.449251 40.73624
v 10.782282 -29.069782 41.311424
v 10.934198 -29.141268 41.396969
v 11.090675 -29.214901 41.471806
v 11.251095 -29.290388 41.535633
v 11.581218 -29.445732 41.629311
v 11.414824 -29.367434 41.588207
v 11.749619 -29.524975 41.658791
v 11.919361 -29.604851 41.676521
v 11.561329 -28.573479 41.535633
v 11.729573 -28.640091 41.588207
v 11.900555 -28.707788 41.629311
v 10.783881 -28.265665 41.109589
v 10.928787 -28.323038 41.215504
v 11.07959 -28.382744 41.311424
v 11.235695 -28.444551 41.396969
v 10.754663 -27.490427 40.86948
v 10.889091 -27.534105 40.994095
v 11.030695 -27.580114 41.109589
v 11.178917 -27.628275 41.215504
v 11.396486 -28.508213 41.471806
v 11.333171 -27.678394 41.311424
v 11.492849 -27.730278 41.396969
v 11.65732 -27.783718 41.471806
v 11.825936 -27.838505 41.535633
v 9.9053001 -27.214451 39.244987
v 9.9443941 -27.227154 39.428883
v 9.9943924 -27.243399 39.609837
v 10.055098 -27.263124 39.787128
v 10.087841 -26.586142 39.244987
v 10.127655 -26.596365 39.428883
v 10.178575 -26.609438 39.609837
v 10.126271 -27.286249 39.960064
v 10.240399 -26.625313 39.787128
v 10.48865 -26.689053 40.290154
v 10.591238 -26.715393 40.446003
v 10.312883 -26.643923 39.960064
v 10.395743 -26.665197 40.12796
v 10.23057 -25.947611 39.244987
v 10.270947 -25.955313 39.428883
v 10.322587 -25.965164 39.609837
v 10.385286 -25.977123 39.787128
v 10.332923 -25.301376 39.244987
v 10.373705 -25.306528 39.428883
v 10.425861 -25.313118 39.609837
v 10.458797 -25.991146 39.960064
v 10.489187 -25.321117 39.787128
v 10.542829 -26.007177 40.12796
v 10.63705 -26.02515 40.290154
v 10.563434 -25.330496 39.960064
v 10.648306 -25.341219 40.12796
v 10.703101 -26.744114 40.594894
v 10.741089 -26.044996 40.446003
v 10.8238 -26.775105 40.73624
v 10.854535 -26.066637 40.594894
v 10.74347 -25.353241 40.290154
v 10.84855 -25.366514 40.446003
v 10.976941 -26.089989 40.73624
v 10.963131 -25.380991 40.594894
v 10.952856 -26.808241 40.86948
v 11.089762 -26.843391 40.994095
v 11.233975 -26.880419 41.109589
v 11.107823 -26.114956 40.86948
v 11.542026 -26.959513 41.311424
v 11.384929 -26.919178 41.215504
v 11.704646 -27.001266 41.396969
v 11.872149 -27.044273 41.471806
v 11.246666 -26.141441 40.994095
v 11.39292 -26.16934 41.109589
v 11.546009 -26.198544 41.215504
v 11.705329 -26.228935 41.311424
v 11.870251 -26.260395 41.396969
v 11.086761 -25.396608 40.73624
v 11.218954 -25.413307 40.86948
v 11.359185 -25.431023 40.994095
v 11.506903 -25.449684 41.109589
v 11.661523 -25.469217 41.215504
v 11.822436 -25.489546 41.311424
v 11.731014 -24.734077 41.215504
v 12.089777 -29.685041 41.682442
v 12.073599 -28.7763 41.658791
v 12.248022 -28.84536 41.676521
v 12.423137 -28.914692 41.682442
v 12.945719 -29.121597 41.629311
v 13.1167 -29.189293 41.588207
v 12.598251 -28.984024 41.676521
v 12.772675 -29.053083 41.658791
v 11.998032 -27.894421 41.588207
v 12.172926 -27.951248 41.629311
v 12.349931 -28.00876 41.658791
v 12.528346 -28.06673 41.676521
v 12.707468 -28.124931 41.682442
v 12.886591 -28.183132 41.676521
v 13.065006 -28.241102 41.658791
v 12.577522 -27.225384 41.658791
v 12.759226 -27.272038 41.676521
v 12.941649 -27.318874 41.682442
v 13.610579 -29.384834 41.396969
v 13.449787 -29.321173 41.471806
v 14.062392 -29.563719 41.109589
v 14.200828 -29.61853 40.994095
v 13.917486 -29.506348 41.215504
v 13.766684 -29.44664 41.311424
v 13.757616 -28.466145 41.471806
v 13.922088 -28.519585 41.396969
v 14.23602 -28.621588 41.215504
v 14.081765 -28.571468 41.311424
v 13.284945 -29.255905 41.535633
v 14.011149 -27.593475 41.471806
v 14.178652 -27.636484 41.396969
v 13.24201 -28.298615 41.629311
v 13.416905 -28.355442 41.588207
v 13.589 -28.411358 41.535633
v 13.124072 -27.365713 41.676521
v 13.305776 -27.412367 41.658791
v 13.486042 -27.458652 41.629311
v 13.66416 -27.504385 41.588207
v 13.839426 -27.549385 41.535633
v 12.040123 -26.292801 41.471806
v 12.043872 -27.088366 41.535633
v 12.219138 -27.133366 41.588207
v 12.397256 -27.179098 41.629311
v 12.214275 -26.326023 41.535633
v 12.392022 -26.35993 41.588207
v 12.572659 -26.394388 41.629311
v 12.755477 -26.429262 41.658791
v 12.939751 -26.464415 41.676521
v 11.989008 -25.510588 41.396969
v 11.892887 -24.744261 41.311424
v 12.16058 -25.532263 41.471806
v 12.060451 -24.754805 41.396969
v 12.336475 -25.554483 41.535633
v 12.233046 -24.765663 41.471806
v 12.516 -25.577164 41.588207
v 12.698445 -25.600212 41.629311
v 12.883091 -25.623537 41.658791
v 12.409988 -24.776794 41.535633
v 12.590583 -24.788157 41.588207
v 12.774116 -24.799704 41.629311
v 13.494034 -26.570148 41.658791
v 13.124755 -26.499706 41.682442
v 13.309759 -26.534996 41.676521
v 13.67685 -26.605022 41.629311
v 13.857489 -26.639482 41.588207
v 14.035234 -26.673389 41.535633
v 14.209388 -26.70661 41.471806
v 13.069209 -25.647049 41.676521
v 13.256063 -25.670654 41.682442
v 13.442919 -25.69426 41.676521
v 13.629037 -25.717772 41.658791
v 12.959862 -24.81139 41.658791
v 13.147088 -24.82317 41.676521
v 13.335057 -24.834995 41.682442
v 13.523026 -24.846821 41.676521
v 13.813683 -25.741098 41.629311
v 13.996128 -25.764147 41.588207
v 14.175653 -25.786825 41.535633
v 13.710253 -24.858601 41.658791
v 13.895999 -24.870287 41.629311
v 14.079531 -24.881834 41.588207
v 10.394498 -24.64999 39.244987
v 10.435522 -24.652573 39.428883
v 10.487989 -24.655872 39.609837
v 10.551693 -24.659882 39.787128
v 10.41505 -23.996025 39.244987
v 10.456155 -23.996025 39.428883
v 10.508726 -23.996025 39.609837
v 10.626381 -24.664579 39.960064
v 10.572556 -23.996025 39.787128
v 10.394498 -23.342058 39.244987
v 10.435522 -23.339478 39.428883
v 10.487989 -23.336176 39.609837
v 10.551693 -23.332169 39.787128
v 10.378799 -23.175985 39.244987
v 10.410284 -23.072495 39.428883
v 10.452959 -22.965597 39.609837
v 10.626381 -23.327469 39.960064
v 10.71176 -24.66995 40.12796
v 10.80749 -24.675974 40.290154
v 10.913197 -24.682625 40.446003
v 11.028461 -24.689877 40.594894
v 10.647391 -23.996025 39.960064
v 10.732938 -23.996025 40.12796
v 10.828858 -23.996025 40.290154
v 10.934773 -23.996025 40.446003
v 11.152828 -24.697701 40.73624
v 11.050266 -23.996025 40.594894
v 10.71176 -23.322098 40.12796
v 10.80749 -23.316074 40.290154
v 10.913197 -23.309423 40.446003
v 11.174879 -23.996025 40.73624
v 11.028461 -23.302172 40.594894
v 10.648306 -22.650831 40.12796
v 10.74347 -22.638809 40.290154
v 10.84855 -22.625534 40.446003
v 11.152828 -23.294348 40.73624
v 10.963131 -22.611059 40.594894
v 11.285808 -24.706068 40.86948
v 11.426874 -24.714943 40.994095
v 11.575473 -24.724291 41.109589
v 11.308122 -23.996025 40.86948
v 11.449468 -23.996025 40.994095
v 11.598359 -23.996025 41.109589
v 11.754209 -23.996025 41.215504
v 11.285808 -23.285982 40.86948
v 11.086761 -22.59544 40.73624
v 11.426874 -23.277107 40.994095
v 11.575473 -23.267757 41.109589
v 11.731014 -23.257971 41.215504
v 11.218954 -22.578741 40.86948
v 11.359185 -22.561026 40.994095
v 11.506903 -22.542364 41.109589
v 11.892887 -23.247787 41.311424
v 11.661523 -22.522831 41.215504
v 10.630265 -22.653111 40.09227
v 10.644901 -22.629335 40.12796
v 10.907634 -22.260664 40.594894
v 11.013894 -22.135374 40.73624
v 11.251996 -21.88426 40.994095
v 11.39292 -21.822708 41.109589
v 11.822436 -22.502504 41.311424
v 11.546009 -21.793505 41.215504
v 11.705329 -21.763113 41.311424
v 11.511795 -21.64044 41.215504
v 11.651235 -21.521109 41.311424
v 11.870251 -21.731653 41.396969
v 11.916401 -23.996025 41.311424
v 12.084296 -23.996025 41.396969
v 12.257232 -23.996025 41.471806
v 12.434525 -23.996025 41.535633
v 12.615477 -23.996025 41.588207
v 12.799372 -23.996025 41.629311
v 12.985485 -23.996025 41.658791
v 12.060451 -23.237246 41.396969
v 12.233046 -23.226387 41.471806
v 11.989008 -22.481461 41.396969
v 12.16058 -22.459785 41.471806
v 12.409988 -23.215254 41.535633
v 12.336475 -22.437565 41.535633
v 12.590583 -23.203892 41.588207
v 12.774116 -23.192345 41.629311
v 12.959862 -23.180658 41.658791
v 12.516 -22.414886 41.588207
v 12.698445 -22.391838 41.629311
v 13.173082 -23.996025 41.676521
v 13.361423 -23.996025 41.682442
v 13.549763 -23.996025 41.676521
v 13.73736 -23.996025 41.658791
v 13.923473 -23.996025 41.629311
v 14.107368 -23.996025 41.588207
v 13.147088 -23.16888 41.676521
v 13.335057 -23.157053 41.682442
v 13.523026 -23.145227 41.676521
v 12.883091 -22.368511 41.658791
v 13.069209 -22.344999 41.676521
v 13.256063 -22.321394 41.682442
v 13.710253 -23.133448 41.658791
v 13.895999 -23.121763 41.629311
v 14.079531 -23.110216 41.588207
v 13.442919 -22.297789 41.676521
v 13.629037 -22.274277 41.658791
v 13.813683 -22.25095 41.629311
v 14.260125 -23.098854 41.535633
v 13.996128 -22.227901 41.588207
v 12.040123 -21.699247 41.471806
v 11.945322 -21.275135 41.471806
v 12.214275 -21.666027 41.535633
v 12.392022 -21.63212 41.588207
v 12.572659 -21.597662 41.629311
v 12.755477 -21.562788 41.658791
v 12.939751 -21.527636 41.676521
v 12.759226 -20.720013 41.676521
v 13.124755 -21.492344 41.682442
v 12.941649 -20.673174 41.682442
v 13.309759 -21.457052 41.676521
v 13.494034 -21.4219 41.658791
v 13.67685 -21.387026 41.629311
v 14.175653 -22.205223 41.535633
v 13.857489 -21.352568 41.588207
v 14.035234 -21.318661 41.535633
v 14.178652 -20.355566 41.396969
v 14.011149 -20.398573 41.471806
v 13.124072 -20.626335 41.676521
v 13.305776 -20.579681 41.658791
v 13.486042 -20.533398 41.629311
v 13.027196 -20.527576 41.678581
v 13.084408 -20.489811 41.676521
v 13.66416 -20.487665 41.588207
v 14.209388 -21.285439 41.471806
v 13.839426 -20.442663 41.535633
v 13.580707 -20.200417 41.588207
v 13.744909 -20.117332 41.535633
v 15.509636 -29.03541 39.244987
v 15.470542 -29.022709 39.428883
v 15.420545 -29.006462 39.609837
v 15.359838 -28.986738 39.787128
v 15.288666 -28.963614 39.960064
v 15.11608 -28.907537 40.290154
v 15.207306 -28.937178 40.12796
v 15.015348 -28.874807 40.446003
v 14.905509 -28.839117 40.594894
v 14.786995 -28.80061 40.73624
v 15.394649 -27.948698 40.290154
v 15.292061 -27.922358 40.446003
v 15.180197 -27.893637 40.594894
v 15.059499 -27.862646 40.73624
v 15.755643 -28.041386 39.428883
v 15.795457 -28.051609 39.244987
v 15.704723 -28.028313 39.609837
v 15.6429 -28.012438 39.787128
v 15.570415 -27.993828 39.960064
v 15.487555 -27.972553 40.12796
v 14.525846 -28.715757 40.994095
v 14.384241 -28.669748 41.109589
v 14.660274 -28.759436 40.86948
v 14.649323 -27.757332 41.109589
v 14.793537 -27.794359 40.994095
v 14.498369 -27.718573 41.215504
v 14.341272 -27.678238 41.311424
v 14.930442 -27.82951 40.86948
v 15.394975 -26.932774 40.594894
v 15.272569 -26.909424 40.73624
v 16.01894 -27.051802 39.244987
v 15.978563 -27.044098 39.428883
v 15.926923 -27.034248 39.609837
v 15.864224 -27.022287 39.787128
v 15.790713 -27.008265 39.960064
v 16.179205 -26.039934 39.244987
v 16.138424 -26.034782 39.428883
v 16.086266 -26.028193 39.609837
v 16.02294 -26.020193 39.787128
v 15.706682 -26.992235 40.12796
v 15.612461 -26.97426 40.290154
v 15.508422 -26.954414 40.446003
v 15.948694 -26.010813 39.960064
v 15.768658 -25.98807 40.290154
v 15.863822 -26.000092 40.12796
v 15.548997 -25.96032 40.594894
v 15.663578 -25.974794 40.446003
v 16.275616 -25.02 39.244987
v 16.234592 -25.017418 39.428883
v 16.182125 -25.014118 39.609837
v 16.118422 -25.010109 39.787128
v 16.043734 -25.005411 39.960064
v 15.425366 -25.944702 40.73624
v 15.862624 -24.994017 40.290154
v 15.641653 -24.980114 40.594894
v 15.517286 -24.97229 40.73624
v 15.756918 -24.987366 40.446003
v 15.958355 -25.000038 40.12796
v 14.37926 -26.739016 41.396969
v 14.703501 -26.800867 41.215504
v 14.544182 -26.770475 41.311424
v 14.85659 -26.83007 41.109589
v 15.002845 -26.857969 40.994095
v 15.141686 -26.884457 40.86948
v 15.005225 -25.891624 41.109589
v 15.293174 -25.928001 40.86948
v 15.152943 -25.910286 40.994095
v 14.850605 -25.872091 41.215504
v 14.351548 -25.809046 41.471806
v 14.52312 -25.830721 41.396969
v 14.689692 -25.851765 41.311424
v 14.437069 -24.904327 41.471806
v 14.609663 -24.915186 41.396969
v 14.777227 -24.92573 41.311424
v 15.094642 -24.9457 41.109589
v 15.243239 -24.955048 40.994095
v 14.939099 -24.935913 41.215504
v 14.260125 -24.893196 41.535633
v 15.384307 -24.963923 40.86948
v 16.307796 -23.996025 39.244987
v 16.266691 -23.996025 39.428883
v 16.15029 -23.996025 39.787128
v 16.214119 -23.996025 39.609837
v 16.075455 -23.996025 39.960064
v 15.788072 -23.996025 40.446003
v 15.67258 -23.996025 40.594894
v 15.893987 -23.996025 40.290154
v 15.547966 -23.996025 40.73624
v 15.989907 -23.996025 40.12796
v 16.275616 -22.97205 39.244987
v 16.234592 -22.97463 39.428883
v 16.118422 -22.981939 39.787128
v 16.182125 -22.977932 39.609837
v 16.043734 -22.986639 39.960064
v 15.756918 -23.004683 40.446003
v 15.641653 -23.011934 40.594894
v 15.862624 -22.998034 40.290154
v 15.517286 -23.01976 40.73624
v 15.958355 -22.99201 40.12796
v 14.465613 -23.996025 41.471806
v 14.638549 -23.996025 41.396969
v 15.124486 -23.996025 41.109589
v 14.968637 -23.996025 41.215504
v 14.806444 -23.996025 41.311424
v 15.273378 -23.996025 40.994095
v 14.288321 -23.996025 41.535633
v 14.437069 -23.087721 41.471806
v 14.609663 -23.076862 41.396969
v 14.351548 -22.183002 41.471806
v 14.777227 -23.06632 41.311424
v 14.52312 -22.161327 41.396969
v 15.094642 -23.04635 41.109589
v 15.243239 -23.037001 40.994095
v 14.939099 -23.056135 41.215504
v 15.005225 -22.100424 41.109589
v 15.384307 -23.028126 40.86948
v 15.152943 -22.081762 40.994095
v 14.850605 -22.119957 41.215504
v 14.689692 -22.140285 41.311424
v 15.414724 -23.996025 40.86948
v 15.293174 -22.064047 40.86948
v 15.394975 -21.059277 40.594894
v 15.180197 -20.098412 40.594894
v 15.059499 -20.129402 40.73624
v 16.179205 -21.952116 39.244987
v 16.138424 -21.957268 39.428883
v 16.086266 -21.963856 39.609837
v 16.02294 -21.971857 39.787128
v 15.948694 -21.981236 39.960064
v 16.01894 -20.940248 39.244987
v 15.978563 -20.94795 39.428883
v 15.926923 -20.957802 39.609837
v 15.864224 -20.969763 39.787128
v 15.768658 -22.003981 40.290154
v 15.863822 -21.991959 40.12796
v 15.548997 -22.031729 40.594894
v 15.425366 -22.047348 40.73624
v 15.663578 -22.017254 40.446003
v 15.706682 -20.999815 40.12796
v 15.612461 -21.017788 40.290154
v 15.508422 -21.037636 40.446003
v 15.790713 -20.983786 39.960064
v 15.795457 -19.940441 39.244987
v 15.755643 -19.950663 39.428883
v 15.704723 -19.963737 39.609837
v 15.6429 -19.97961 39.787128
v 15.570415 -19.998222 39.960064
v 15.272569 -21.082626 40.73624
v 15.394649 -20.04335 40.290154
v 15.487555 -20.019497 40.12796
v 15.292061 -20.069691 40.446003
v 14.37926 -21.253035 41.396969
v 14.544182 -21.221573 41.311424
v 14.703501 -21.191181 41.215504
v 15.002845 -21.134079 40.994095
v 14.85659 -21.161978 41.109589
v 15.141686 -21.107594 40.86948
v 14.498369 -20.273476 41.215504
v 14.341272 -20.313812 41.311424
v 14.649323 -20.234718 41.109589
v 14.793537 -20.197689 40.994095
v 14.930442 -20.162539 40.86948
v 15.060606 -19.686779 40.594894
v 15.781835 -19.893551 39.244987
v 15.575087 -19.746199 39.787128
v 15.488247 -19.715401 39.960064
v 15.392987 -19.693993 40.12796
v 14.224769 -19.912802 41.311424
v 14.420427 -19.848017 41.185684
v -15.795457 19.940441 39.244987
v -15.813519 19.935802 39.127251
v -15.781835 19.893551 39.244987
v -15.722171 19.835451 39.428883
v -15.755643 19.950663 39.428883
v -15.704723 19.963737 39.609837
v -15.6429 19.97961 39.787128
v -15.488247 19.715401 39.960064
v -15.392987 19.693993 40.12796
v -15.570415 19.998222 39.960064
v -15.487555 20.019497 40.12796
v -15.394649 20.04335 40.290154
v -15.292061 20.069691 40.446003
v -15.060606 19.686779 40.594894
v -15.180197 20.098412 40.594894
v -15.059499 20.129402 40.73624
v -14.930442 20.162539 40.86948
v -14.793537 20.197689 40.994095
v -14.649323 20.234718 41.109589
v -14.420427 19.848017 41.185684
v -14.498369 20.273476 41.215504
v -14.224769 19.912802 41.311424
v -14.341272 20.313812 41.311424
v -14.067576 19.973242 41.396969
v -14.178652 20.355566 41.396969
v -13.907413 20.041508 41.471806
v -15.790713 20.983786 37.405811
v -15.768658 22.003981 37.075726
v -15.863822 21.991959 37.237915
v -15.366495 21.675653 36.629635
v -15.293174 22.064047 36.496395
v -15.255094 21.823614 36.496395
v -15.425366 22.047348 36.629635
v -15.384307 23.028126 36.496395
v -15.517286 23.01976 36.629635
v -15.948694 21.981236 37.405811
v -15.958355 22.99201 37.237915
v -15.862624 22.998034 37.075726
v -16.043734 22.986639 37.405811
v -15.563115 21.382956 36.919872
v -15.663578 22.017254 36.919872
v -15.548997 22.031729 36.770981
v -15.641653 23.011934 36.770981
v -15.756918 23.004683 36.919872
v -15.028967 22.097424 36.274853
v -15.135618 21.972382 36.37178
v -15.152943 22.081762 36.37178
v -14.939099 23.056135 36.150375
v -14.777227 23.06632 36.054455
v -15.094642 23.04635 36.25629
v -15.243239 23.037001 36.37178
v -14.609663 23.076862 35.968906
v -15.926923 20.957802 37.756039
v -15.978563 20.94795 37.936993
v -16.01894 20.940248 38.120888
v -15.864224 20.969763 37.578747
v -16.02294 21.971857 37.578747
v -16.086266 21.963856 37.756039
v -16.138424 21.957268 37.936993
v -16.047895 20.934725 38.306999
v -16.179205 21.952116 38.120888
v -16.065315 20.931402 38.494598
v -15.891658 20.127386 38.682938
v -16.071129 20.930292 38.682938
v -16.065315 20.931402 38.871277
v -16.047895 20.934725 39.058876
v -16.20845 21.948421 38.306999
v -16.226044 21.946199 38.494598
v -16.231915 21.945457 38.682938
v -16.226044 21.946199 38.871277
v -16.118422 22.981939 37.578747
v -16.182125 22.977932 37.756039
v -16.234592 22.97463 37.936993
v -16.275616 22.97205 38.120888
v -16.20845 21.948421 39.058876
v -16.305037 22.970198 38.306999
v -16.322735 22.969086 38.494598
v -16.328642 22.968714 38.682938
v -16.322735 22.969086 38.871277
v -16.305037 22.970198 39.058876
v -15.273378 23.996025 36.37178
v -15.414724 23.996025 36.496395
v -15.547966 23.996025 36.629635
v -15.893987 23.996025 37.075726
v -15.989907 23.996025 37.237915
v -16.075455 23.996025 37.405811
v -15.788072 23.996025 36.919872
v -15.67258 23.996025 36.770981
v -15.384307 24.963923 36.496395
v -15.243239 24.955048 36.37178
v -15.517286 24.97229 36.629635
v -15.862624 24.994017 37.075726
v -15.958355 25.000038 37.237915
v -16.043734 25.005411 37.405811
v -15.756918 24.987366 36.919872
v -15.641653 24.980114 36.770981
v -14.968637 23.996025 36.150375
v -14.806444 23.996025 36.054455
v -14.638549 23.996025 35.968906
v -15.124486 23.996025 36.25629
v -14.437069 23.087721 35.89407
v -14.260125 23.098854 35.830242
v -14.079531 23.110216 35.777668
v -14.465613 23.996025 35.89407
v -14.288321 23.996025 35.830242
v -14.107368 23.996025 35.777668
v -14.939099 24.935913 36.150375
v -14.777227 24.92573 36.054455
v -15.094642 24.9457 36.25629
v -14.609663 24.915186 35.968906
v -14.437069 24.904327 35.89407
v -14.260125 24.893196 35.830242
v -14.079531 24.881834 35.777668
v -14.351548 25.809046 35.89407
v -14.175653 25.786825 35.830242
v -16.214119 23.996025 37.756039
v -16.15029 23.996025 37.578747
v -16.266691 23.996025 37.936993
v -16.307796 23.996025 38.120888
v -16.337275 23.996025 38.306999
v -16.355007 23.996025 38.494598
v -16.360926 23.996025 38.682938
v -16.355007 23.996025 38.871277
v -16.337275 23.996025 39.058876
v -16.182125 25.014118 37.756039
v -16.118422 25.010109 37.578747
v -16.234592 25.017418 37.936993
v -16.275616 25.02 38.120888
v -16.305037 25.021851 38.306999
v -16.322735 25.022964 38.494598
v -16.328642 25.023336 38.682938
v -16.322735 25.022964 38.871277
v -16.305037 25.021851 39.058876
v -15.293174 25.928001 36.496395
v -15.425366 25.944702 36.629635
v -15.863822 26.000092 37.237915
v -15.948694 26.010813 37.405811
v -15.663578 25.974794 36.919872
v -15.548997 25.96032 36.770981
v -15.768658 25.98807 37.075726
v -15.508422 26.954414 36.919872
v -15.272569 26.909424 36.629635
v -15.394975 26.932774 36.770981
v -15.612461 26.97426 37.075726
v -15.706682 26.992235 37.237915
v -15.790713 27.008265 37.405811
v -15.292061 27.922358 36.919872
v -15.180197 27.893637 36.770981
v -15.487555 27.972553 37.237915
v -15.570415 27.993828 37.405811
v -15.394649 27.948698 37.075726
v -14.850605 25.872091 36.150375
v -14.689692 25.851765 36.054455
v -15.005225 25.891624 36.25629
v -15.152943 25.910286 36.37178
v -14.703501 26.800867 36.150375
v -14.85659 26.83007 36.25629
v -15.141686 26.884457 36.496395
v -15.002845 26.857969 36.37178
v -14.52312 25.830721 35.968906
v -13.996128 25.764147 35.777668
v -14.544182 26.770475 36.054455
v -14.37926 26.739016 35.968906
v -14.209388 26.70661 35.89407
v -14.035234 26.673389 35.830242
v -14.930442 27.82951 36.496395
v -15.059499 27.862646 36.629635
v -14.649323 27.757332 36.25629
v -14.793537 27.794359 36.37178
v -14.341272 27.678238 36.054455
v -14.011149 27.593475 35.89407
v -14.178652 27.636484 35.968906
v -14.498369 27.718573 36.150375
v -16.02294 26.020193 37.578747
v -16.086266 26.028193 37.756039
v -16.138424 26.034782 37.936993
v -16.179205 26.039934 38.120888
v -15.926923 27.034248 37.756039
v -15.864224 27.022287 37.578747
v -15.978563 27.044098 37.936993
v -16.20845 26.043629 38.306999
v -16.01894 27.051802 38.120888
v -16.226044 26.045851 38.494598
v -16.231915 26.046593 38.682938
v -16.226044 26.045851 38.871277
v -16.20845 26.043629 39.058876
v -16.047895 27.057323 38.306999
v -16.065315 27.060648 38.494598
v -16.071129 27.061756 38.682938
v -16.065315 27.060648 38.871277
v -15.755643 28.041386 37.936993
v -15.795457 28.051609 38.120888
v -15.6429 28.012438 37.578747
v -15.704723 28.028313 37.756039
v -16.047895 27.057323 39.058876
v -15.824008 28.058939 38.306999
v -15.841185 28.063349 38.494598
v -15.846917 28.064821 38.682938
v -15.841185 28.063349 38.871277
v -15.824008 28.058939 39.058876
v -15.11608 28.907537 37.075726
v -15.207306 28.937178 37.237915
v -15.288666 28.963614 37.405811
v -14.660274 28.759436 36.496395
v -14.525846 28.715757 36.37178
v -14.786995 28.80061 36.629635
v -14.23602 28.621588 36.150375
v -14.081765 28.571468 36.054455
v -13.922088 28.519585 35.968906
v -14.384241 28.669748 36.25629
v -13.917486 29.506348 36.150375
v -14.062392 29.563719 36.25629
v -15.015348 28.874807 36.919872
v -14.905509 28.839117 36.770981
v -14.332248 29.670563 36.496395
v -14.200828 29.61853 36.37178
v -14.456134 29.719612 36.629635
v -13.947659 30.559296 36.496395
v -14.679378 29.808001 36.919872
v -14.571996 29.765486 36.770981
v -14.777855 29.846991 37.075726
v -14.86704 29.882301 37.237915
v -14.946579 29.913794 37.405811
v -14.468101 30.804195 37.237915
v -14.285475 30.718258 36.919872
v -14.180974 30.669085 36.770981
v -14.06822 30.616026 36.629635
v -14.38131 30.763355 37.075726
v -15.420545 29.006462 37.756039
v -15.359838 28.986738 37.578747
v -15.470542 29.022709 37.936993
v -15.509636 29.03541 38.120888
v -15.537671 29.044519 38.306999
v -15.554536 29.049999 38.494598
v -15.560165 29.051828 38.682938
v -15.554536 29.049999 38.871277
v -15.537671 29.044519 39.058876
v -15.075507 29.96484 37.756039
v -15.124387 29.984192 37.936993
v -15.162605 29.999325 38.120888
v -15.190013 30.010176 38.306999
v -15.206501 30.016705 38.494598
v -15.212004 30.018883 38.682938
v -15.206501 30.016705 38.871277
v -15.190013 30.010176 39.058876
v -15.01616 29.941343 37.578747
v -14.545506 30.84062 37.405811
v -14.613219 30.872484 37.578747
v -13.895999 23.121763 35.736565
v -13.713389 23.233257 35.707088
v -13.923473 23.996025 35.736565
v -13.73736 23.996025 35.707088
v -13.549763 23.996025 35.689354
v -13.361423 23.996025 35.683434
v -13.173082 23.996025 35.689354
v -12.985485 23.996025 35.707088
v -13.895999 24.870287 35.736565
v -13.710253 24.858601 35.707088
v -13.523026 24.846821 35.689354
v -13.813683 25.741098 35.736565
v -13.629037 25.717772 35.707088
v -13.442919 25.69426 35.689354
v -13.335057 24.834995 35.683434
v -13.147088 24.82317 35.689354
v -12.959862 24.81139 35.707088
v -13.256063 25.670654 35.683434
v -13.069209 25.647049 35.689354
v -12.883091 25.623537 35.707088
v -12.799372 23.996025 35.736565
v -12.615477 23.996025 35.777668
v -12.774116 24.799704 35.736565
v -12.590583 24.788157 35.777668
v -12.698445 25.600212 35.736565
v -12.516 25.577164 35.777668
v -12.434525 23.996025 35.830242
v -12.257232 23.996025 35.89407
v -12.409988 24.776794 35.830242
v -12.233046 24.765663 35.89407
v -12.336475 25.554483 35.830242
v -12.084296 23.996025 35.968906
v -12.060451 24.754805 35.968906
v -11.892887 24.744261 36.054455
v -11.731014 24.734077 36.150375
v -12.16058 25.532263 35.89407
v -11.989008 25.510588 35.968906
v -11.822436 25.489546 36.054455
v -11.575473 24.724291 36.25629
v -11.426874 24.714943 36.37178
v -11.285808 24.706068 36.496395
v -11.152828 24.697701 36.629635
v -11.661523 25.469217 36.150375
v -11.506903 25.449684 36.25629
v -11.359185 25.431023 36.37178
v -11.218954 25.413307 36.496395
v -11.086761 25.396608 36.629635
v -11.028461 24.689877 36.770981
v -11.047131 24.095793 36.770981
v -10.913197 24.682625 36.919872
v -10.80749 24.675974 37.075726
v -10.71176 24.66995 37.237915
v -10.647391 23.996025 37.405811
v -10.626381 24.664579 37.405811
v -10.963131 25.380991 36.770981
v -10.84855 25.366514 36.919872
v -10.74347 25.353241 37.075726
v -10.648306 25.341219 37.237915
v -10.563434 25.330496 37.405811
v -10.572556 23.996025 37.578747
v -10.551693 24.659882 37.578747
v -10.508726 23.996025 37.756039
v -10.456155 23.996025 37.936993
v -10.41505 23.996025 38.120888
v -10.40617 23.713478 38.120888
v -10.385571 23.996025 38.306999
v -10.365078 23.343908 39.058876
v -10.367839 23.996025 38.494598
v -10.361919 23.996025 38.682938
v -10.348223 23.371845 38.871277
v -10.367839 23.996025 38.871277
v -10.385571 23.996025 39.058876
v -10.487989 24.655872 37.756039
v -10.435522 24.652573 37.936993
v -10.394498 24.64999 38.120888
v -10.365078 24.64814 38.306999
v -10.489187 25.321117 37.578747
v -10.425861 25.313118 37.756039
v -10.373705 25.306528 37.936993
v -10.332923 25.301376 38.120888
v -10.303679 25.297682 38.306999
v -10.34738 24.647026 38.494598
v -10.341473 24.646654 38.682938
v -10.34738 24.647026 38.871277
v -10.365078 24.64814 39.058876
v -10.286085 25.29546 38.494598
v -10.280212 25.294718 38.682938
v -10.286085 25.29546 38.871277
v -10.303679 25.297682 39.058876
v -13.67685 26.605022 35.736565
v -13.857489 26.639482 35.777668
v -13.494034 26.570148 35.707088
v -13.309759 26.534996 35.689354
v -13.124755 26.499706 35.683434
v -12.939751 26.464415 35.689354
v -13.486042 27.458652 35.736565
v -13.66416 27.504385 35.777668
v -13.305776 27.412367 35.707088
v -13.124072 27.365713 35.689354
v -12.941649 27.318874 35.683434
v -13.065006 28.241102 35.707088
v -12.886591 28.183132 35.689354
v -12.392022 26.35993 35.777668
v -12.755477 26.429262 35.707088
v -12.572659 26.394388 35.736565
v -12.759226 27.272038 35.689354
v -12.577522 27.225384 35.707088
v -12.397256 27.179098 35.736565
v -12.219138 27.133366 35.777668
v -12.707468 28.124931 35.683434
v -12.528346 28.06673 35.689354
v -12.349931 28.00876 35.707088
v -12.172926 27.951248 35.736565
v -11.998032 27.894421 35.777668
v -13.24201 28.298615 35.736565
v -13.416905 28.355442 35.777668
v -12.945719 29.121597 35.736565
v -12.772675 29.053083 35.707088
v -13.1167 29.189293 35.777668
v -12.248022 28.84536 35.689354
v -12.598251 28.984024 35.689354
v -12.423137 28.914692 35.683434
v -12.073599 28.7763 35.707088
v -11.900555 28.707788 35.736565
v -11.729573 28.640091 35.777668
v -11.581218 29.445732 35.736565
v -12.598335 29.924351 35.736565
v -12.429935 29.845108 35.707088
v -12.260192 29.765232 35.689354
v -12.089777 29.685041 35.683434
v -12.764729 30.002649 35.777668
v -12.201233 30.703709 35.736565
v -12.03814 30.614048 35.707088
v -11.919361 29.604851 35.689354
v -11.749619 29.524975 35.707088
v -11.873748 30.523672 35.689354
v -11.54366 30.342205 35.689354
v -11.708704 30.43294 35.683434
v -11.414824 29.367434 35.777668
v -11.055026 30.073576 35.777668
v -11.379268 30.251829 35.707088
v -11.216175 30.162169 35.736565
v -13.839426 27.549385 35.830242
v -12.214275 26.326023 35.830242
v -12.040123 26.292801 35.89407
v -11.870251 26.260395 35.968906
v -11.705329 26.228935 36.054455
v -12.043872 27.088366 35.830242
v -11.872149 27.044273 35.89407
v -11.704646 27.001266 35.968906
v -11.825936 27.838505 35.830242
v -11.65732 27.783718 35.89407
v -13.757616 28.466145 35.89407
v -13.589 28.411358 35.830242
v -13.766684 29.44664 36.054455
v -13.610579 29.384834 35.968906
v -13.449787 29.321173 35.89407
v -13.284945 29.255905 35.830242
v -13.544027 30.36936 36.150375
v -13.397271 30.300303 36.054455
v -13.245356 30.228815 35.968906
v -13.685044 30.435719 36.25629
v -13.819765 30.499113 36.37178
v -13.088879 30.155184 35.89407
v -12.928458 30.079695 35.830242
v -11.561329 28.573479 35.830242
v -11.546009 26.198544 36.150375
v -11.39292 26.16934 36.25629
v -11.246666 26.141441 36.37178
v -11.107823 26.114956 36.496395
v -11.542026 26.959513 36.054455
v -11.384929 26.919178 36.150375
v -11.233975 26.880419 36.25629
v -11.089762 26.843391 36.37178
v -10.976941 26.089989 36.629635
v -10.952856 26.808241 36.496395
v -10.8238 26.775105 36.629635
v -10.854535 26.066637 36.770981
v -10.741089 26.044996 36.919872
v -10.63705 26.02515 37.075726
v -10.542829 26.007177 37.237915
v -10.703101 26.744114 36.770981
v -10.591238 26.715393 36.919872
v -10.48865 26.689053 37.075726
v -11.492849 27.730278 35.968906
v -11.333171 27.678394 36.054455
v -11.178917 27.628275 36.150375
v -11.030695 27.580114 36.25629
v -10.889091 27.534105 36.37178
v -10.754663 27.490427 36.496395
v -10.627941 27.449251 36.629635
v -10.514026 28.158821 36.496395
v -10.39014 28.109772 36.629635
v -10.509427 27.410744 36.770981
v -10.458797 25.991146 37.405811
v -10.395743 26.665197 37.237915
v -10.312883 26.643923 37.405811
v -10.399588 27.375055 36.919872
v -10.298857 27.342325 37.075726
v -10.207631 27.312685 37.237915
v -10.126271 27.286249 37.405811
v -10.274278 28.063898 36.770981
v -10.166896 28.021383 36.919872
v -10.068419 27.982393 37.075726
v -9.9792337 27.947083 37.237915
v -9.8996944 27.91559 37.405811
v -10.322587 25.965164 37.756039
v -10.385286 25.977123 37.578747
v -10.270947 25.955313 37.936993
v -10.23057 25.947611 38.120888
v -10.201614 25.942087 38.306999
v -10.240399 26.625313 37.578747
v -10.178575 26.609438 37.756039
v -10.127655 26.596365 37.936993
v -10.087841 26.586142 38.120888
v -10.05929 26.578812 38.306999
v -10.184196 25.938765 38.494598
v -10.178382 25.937654 38.682938
v -10.184196 25.938765 38.871277
v -10.201614 25.942087 39.058876
v -10.042114 26.574402 38.494598
v -10.036381 26.572929 38.682938
v -10.042114 26.574402 38.871277
v -10.05929 26.578812 39.058876
v -10.055098 27.263124 37.578747
v -9.9943924 27.243399 37.756039
v -9.9443941 27.227154 37.936993
v -9.9053001 27.214451 38.120888
v -9.8301134 27.888042 37.578747
v -9.8772659 27.205343 38.306999
v -9.7707663 27.864544 37.756039
v -9.7218866 27.845192 37.936993
v -9.6836681 27.830059 38.120888
v -9.6562605 27.819208 38.306999
v -9.8604002 27.199863 38.494598
v -9.8547716 27.198034 38.682938
v -9.8604002 27.199863 38.871277
v -9.8772659 27.205343 39.058876
v -9.6397724 27.812681 38.494598
v -9.6342697 27.810501 38.682938
v -9.6397724 27.812681 38.871277
v -9.6562605 27.819208 39.058876
v -11.396486 28.508213 35.89407
v -11.235695 28.444551 35.968906
v -11.07959 28.382744 36.054455
v -11.251095 29.290388 35.830242
v -11.090675 29.214901 35.89407
v -10.934198 29.141268 35.968906
v -10.928787 28.323038 36.150375
v -10.783881 28.265665 36.25629
v -10.645446 28.210855 36.37178
v -10.782282 29.069782 36.054455
v -10.635526 29.000723 36.150375
v -10.494509 28.934366 36.25629
v -10.359788 28.87097 36.37178
v -10.896458 29.986403 35.830242
v -10.741095 29.900991 35.89407
v -10.442422 29.736795 36.054455
v -10.58955 29.817678 35.968906
v -10.498816 30.658777 35.830242
v -10.349123 30.563778 35.89407
v -10.111333 28.754057 36.629635
v -10.231894 28.810789 36.496395
v -9.7926216 29.379564 36.629635
v -9.99858 28.700998 36.770981
v -9.8940792 28.651825 36.919872
v -9.7982445 28.606728 37.075726
v -9.7114525 28.565887 37.237915
v -9.6340475 28.529463 37.405811
v -9.6834221 29.31953 36.770981
v -9.5822153 29.263891 36.919872
v -9.4894009 29.212868 37.075726
v -9.405345 29.166656 37.237915
v -9.3303804 29.125444 37.405811
v -10.300291 29.658657 36.150375
v -10.163719 29.583576 36.25629
v -10.033245 29.511848 36.37178
v -9.9093828 29.443754 36.496395
v -10.203109 30.471115 35.968906
v -10.06135 30.381151 36.054455
v -9.924407 30.294245 36.150375
v -9.7928181 30.210735 36.25629
v -9.4352627 29.983824 36.629635
v -9.6671047 30.130957 36.37178
v -9.5477629 30.05522 36.496395
v -9.3300486 29.917053 36.770981
v -9.2325344 29.855169 36.919872
v -9.5663338 28.497601 37.578747
v -9.5085793 28.470423 37.756039
v -9.4610119 28.448038 37.936993
v -9.4238186 28.430536 38.120888
v -9.3971462 28.417986 38.306999
v -9.2088671 29.058641 37.756039
v -9.264801 29.089392 37.578747
v -9.3811007 28.410435 38.494598
v -9.3757448 28.407915 38.682938
v -9.3811007 28.410435 38.871277
v -9.3971462 28.417986 39.058876
v -13.835193 31.601986 36.919872
v -13.928007 31.653011 37.075726
v -14.012063 31.699221 37.237915
v -14.087028 31.740433 37.405811
v -14.670974 30.89966 37.756039
v -14.755735 30.939547 38.120888
v -14.718542 30.922045 37.936993
v -14.152607 31.776485 37.578747
v -14.208541 31.807236 37.756039
v -14.25461 31.832563 37.936993
v -14.782408 30.952097 38.306999
v -14.290631 31.852365 38.120888
v -14.798452 30.959648 38.494598
v -14.803808 30.962168 38.682938
v -14.798452 30.959648 38.871277
v -14.782408 30.952097 39.058876
v -14.316463 31.866566 38.306999
v -14.332002 31.875109 38.494598
v -14.337189 31.87796 38.682938
v -14.332002 31.875109 38.871277
v -13.769128 32.73418 38.120888
v -14.316463 31.866566 39.058876
v -13.794017 32.749973 38.306999
v -13.80899 32.759476 38.494598
v -13.813987 32.762646 38.682938
v -13.80899 32.759476 38.871277
v -12.362382 30.792301 35.777668
v -11.598837 31.356871 35.707088
v -11.440443 31.256351 35.689354
v -11.755978 31.456594 35.736565
v -11.911245 31.55513 35.777668
v -11.281423 31.155434 35.683434
v -10.964008 30.953995 35.707088
v -11.122401 31.054516 35.689354
v -10.961988 31.960375 35.689354
v -10.806868 30.854271 35.736565
v -10.651599 30.755735 35.777668
v -10.809618 31.849672 35.683434
v -10.657248 31.738968 35.689354
v -10.505478 31.628702 35.707088
v -10.354909 31.519306 35.736565
v -11.264327 32.180038 35.736565
v -11.113758 32.070641 35.707088
v -11.413101 32.288128 35.777668
v -10.295154 32.512917 35.683434
v -10.728221 32.871181 35.736565
v -10.584818 32.752548 35.707088
v -10.869914 32.9884 35.777668
v -10.440272 32.632969 35.689354
v -10.206135 31.411215 35.777668
v -10.150034 32.392864 35.689354
v -10.005488 32.273285 35.707088
v -9.8620853 32.154652 35.736565
v -9.7203922 32.037434 35.777668
v -9.7400579 33.142548 35.683434
v -9.6027641 33.013618 35.689354
v -9.3303404 32.757797 35.736565
v -9.466011 32.885201 35.707088
v -9.1962872 32.631912 35.777668
v -9.8773518 33.271477 35.689354
v -10.014105 33.399895 35.707088
v -10.149776 33.527298 35.736565
v -10.28383 33.653183 35.777668
v -9.1465235 33.736084 35.683434
v -9.0175953 33.598789 35.689354
v -9.4038706 34.010128 35.707088
v -9.2754507 33.873375 35.689354
v -9.5312738 34.145802 35.736565
v -9.6571589 34.279854 35.777668
v -13.508025 31.422125 36.496395
v -13.253689 31.282301 36.25629
v -13.384163 31.354031 36.37178
v -13.624786 31.486315 36.629635
v -13.117117 31.20722 36.150375
v -12.974986 31.129084 36.054455
v -12.676313 30.964888 35.89407
v -12.827858 31.048199 35.968906
v -12.638438 32.016621 36.150375
v -13.733986 31.546347 36.770981
v -12.89574 32.179909 36.37178
v -13.015081 32.255646 36.496395
v -13.127583 32.327042 36.629635
v -12.770026 32.100128 36.25629
v -13.33031 32.455696 36.919872
v -13.232797 32.393814 36.770981
v -13.500725 32.563847 37.237915
v -13.419737 32.512447 37.075726
v -13.572955 32.609684 37.405811
v -12.578569 33.134892 36.629635
v -12.772819 33.27602 36.919872
v -12.679383 33.208138 36.770981
v -12.52095 30.879475 35.830242
v -12.501494 31.929714 36.054455
v -12.359735 31.839752 35.968906
v -12.064028 31.65209 35.830242
v -12.213721 31.747087 35.89407
v -12.109881 32.794369 36.150375
v -11.978665 32.699036 36.054455
v -12.356422 32.973492 36.37178
v -12.470774 33.056572 36.496395
v -12.235967 32.885975 36.25629
v -11.702928 32.498699 35.89407
v -11.842834 32.600349 35.968906
v -11.559494 32.394489 35.830242
v -13.636141 32.649784 37.578747
v -13.690034 32.683983 37.756039
v -13.734422 32.712154 37.936993
v -13.794017 32.749973 39.058876
v -12.858505 33.338276 37.075726
v -12.936107 33.394657 37.237915
v -13.005316 33.444939 37.405811
v -11.533533 33.537392 36.150375
v -11.408562 33.434006 36.054455
v -11.653617 33.636734 36.25629
v -11.877249 33.821739 36.496395
v -11.76834 33.731644 36.37178
v -11.979914 33.90667 36.629635
v -12.07593 33.986103 36.770981
v -12.164918 34.059719 36.919872
v -12.246528 34.127232 37.075726
v -12.320436 34.188374 37.237915
v -12.386351 34.242905 37.405811
v -11.33398 34.639339 36.629635
v -11.509009 34.803703 36.919872
v -11.424819 34.724644 36.770981
v -11.65614 34.941868 37.237915
v -11.586218 34.876205 37.075726
v -11.718502 35.000431 37.405811
v -13.160029 33.557346 37.936993
v -13.193284 33.581505 38.120888
v -13.065859 33.488926 37.578747
v -13.117498 33.526443 37.756039
v -12.533701 34.364803 37.936993
v -13.217133 33.598835 38.306999
v -12.565373 34.391006 38.120888
v -13.231479 33.609257 38.494598
v -13.236267 33.612736 38.682938
v -13.231479 33.609257 38.871277
v -13.217133 33.598835 39.058876
v -12.588086 34.409794 38.306999
v -12.601749 34.421097 38.494598
v -12.60631 34.42487 38.682938
v -12.601749 34.421097 38.871277
v -12.444013 34.290607 37.578747
v -12.493194 34.331295 37.756039
v -11.773055 35.051659 37.578747
v -11.819585 35.095352 37.756039
v -11.857907 35.13134 37.936993
v -11.887872 35.159481 38.120888
v -11.90936 35.179657 38.306999
v -11.922287 35.191795 38.494598
v -12.588086 34.409794 39.058876
v -11.926601 35.19585 38.682938
v -11.922287 35.191795 38.871277
v -11.90936 35.179657 39.058876
v -11.145947 33.216755 35.89407
v -11.00934 33.103741 35.830242
v -9.9163094 31.200645 35.89407
v -9.7764015 31.098995 35.968906
v -10.059742 31.304855 35.830242
v -9.5093546 30.904976 36.150375
v -9.6405706 31.000309 36.054455
v -9.3832693 30.81337 36.25629
v -9.2628136 30.725853 36.37178
v -9.1484623 30.642771 36.496395
v -9.4443598 31.809078 35.89407
v -9.3111105 31.698845 35.968906
v -9.1817446 31.591824 36.054455
v -9.580966 31.922089 35.830242
v -9.0643787 32.508041 35.830242
v -11.279196 33.326988 35.968906
v -10.793433 34.131733 36.054455
v -10.911667 34.24276 36.150375
v -11.025276 34.349449 36.25629
v -11.133813 34.45137 36.37178
v -10.415737 33.777054 35.830242
v -10.544978 33.898418 35.89407
v -10.671043 34.0168 35.968906
v -11.23685 34.54813 36.496395
v -10.135709 34.789459 36.054455
v -10.246737 34.907692 36.150375
v -10.353423 35.021301 36.25629
v -10.552105 35.232876 36.496395
v -10.455347 35.129837 36.37178
v -10.643315 35.330006 36.629635
v -10.728619 35.420845 36.770981
v -10.807679 35.505032 36.919872
v -10.880183 35.582241 37.075726
v -10.945845 35.652164 37.237915
v -9.7810278 34.411762 35.830242
v -9.9023943 34.541004 35.89407
v -10.020777 34.667068 35.968906
v -9.5413685 35.529556 36.150375
v -9.6407108 35.649643 36.25629
v -9.1077185 35.005363 35.830242
v -8.9923754 34.86594 35.777668
v -9.2207289 35.141972 35.89407
v -9.3309622 35.275219 35.968906
v -9.4379826 35.404587 36.054455
v -11.004406 35.714527 37.405811
v -11.055634 35.769081 37.578747
v -10.131208 36.242554 37.075726
v -10.19235 36.31646 37.237915
v -9.8257151 35.873272 36.496395
v -9.7356176 35.764366 36.37178
v -9.9106464 35.975937 36.629635
v -8.8899498 36.231991 36.25629
v -9.0605478 36.466797 36.496395
v -8.9774666 36.352448 36.37178
v -9.990078 36.071953 36.770981
v -10.063696 36.160942 36.919872
v -10.246881 36.382374 37.405811
v -9.2121115 36.675407 36.770981
v -9.2799959 36.768845 36.919872
v -9.1388655 36.574593 36.629635
v -9.3422508 36.85453 37.075726
v -9.398632 36.932133 37.237915
v -9.4489145 37.001339 37.405811
v -11.099329 35.815609 37.756039
v -11.135316 35.853931 37.936993
v -11.163455 35.883896 38.120888
v -10.294582 36.440037 37.578747
v -10.335269 36.48922 37.756039
v -10.368779 36.529724 37.936993
v -11.183634 35.905384 38.306999
v -10.39498 36.561398 38.120888
v -11.195773 35.918312 38.494598
v -11.199824 35.922626 38.682938
v -11.195773 35.918312 38.871277
v -11.183634 35.905384 39.058876
v -10.413771 36.58411 38.306999
v -10.425074 36.597775 38.494598
v -10.428846 36.602333 38.682938
v -10.425074 36.597775 38.871277
v -10.413771 36.58411 39.058876
v -9.4929028 37.061882 37.578747
v -9.5304203 37.113522 37.756039
v -9.5613213 37.156055 37.936993
v -9.5854826 37.189308 38.120888
v -9.602809 37.213158 38.306999
v -9.6132317 37.227505 38.494598
v -9.6167107 37.232292 38.682938
v -9.6132317 37.227505 38.871277
v -9.602809 37.213158 39.058876
v -9.0406675 30.564453 36.629635
v -9.1431074 29.798416 37.075726
v -9.0621195 29.747021 37.237915
v -8.9898901 29.701181 37.405811
v -8.9398527 30.491207 36.770981
v -8.8464174 30.423323 36.919872
v -8.7607307 30.361069 37.075726
v -8.6831293 30.304688 37.237915
v -8.6139202 30.254404 37.405811
v -9.1627979 29.033316 37.936993
v -9.1267767 29.013514 38.120888
v -9.1009455 28.999311 38.306999
v -9.0854063 28.990768 38.494598
v -9.0802193 28.987917 38.682938
v -9.0854063 28.990768 38.871277
v -9.1009455 28.999311 39.058876
v -8.9267035 29.661083 37.578747
v -8.8728104 29.626881 37.756039
v -8.8284235 29.598713 37.936993
v -8.7937164 29.576687 38.120888
v -8.7688284 29.560892 38.306999
v -8.5533772 30.210417 37.578747
v -8.5017376 30.172899 37.756039
v -8.4592066 30.141998 37.936993
v -8.425952 30.117836 38.120888
v -8.4021044 30.10051 38.306999
v -8.7538557 29.55139 38.494598
v -8.7488585 29.548218 38.682938
v -8.7538557 29.55139 38.871277
v -8.7688284 29.560892 39.058876
v -8.3877573 30.090088 38.494598
v -8.3829689 30.086609 38.682938
v -7.9885569 30.604734 38.494598
v -7.9839964 30.60096 38.682938
v -8.3877573 30.090088 38.871277
v -8.4021044 30.10051 39.058876
v -7.9885569 30.604734 38.871277
v -8.7617731 33.326366 35.736565
v -8.8891764 33.462036 35.707088
v -8.6358881 33.19231 35.777668
v -8.5168915 34.291176 35.683434
v -8.3968391 34.146057 35.689354
v -8.0414076 33.716415 35.777668
v -8.2772598 34.001514 35.707088
v -8.1586266 33.858109 35.736565
v -8.7565231 34.580841 35.707088
v -8.8751564 34.724247 35.736565
v -8.6369438 34.436295 35.689354
v -7.9643507 34.958012 35.689354
v -7.8536472 34.805641 35.683434
v -8.1840124 35.260353 35.736565
v -8.0746174 35.109783 35.707088
v -8.2921038 35.409126 35.777668
v -7.4151912 34.20216 35.777668
v -7.7429438 34.653271 35.689354
v -7.6326766 34.501503 35.707088
v -7.5232821 34.350933 35.736565
v -7.1594081 35.277447 35.683434
v -7.2603259 35.436466 35.689354
v -6.7597103 34.647625 35.777668
v -6.8582463 34.802891 35.736565
v -7.0584903 35.118427 35.689354
v -6.9579711 34.960033 35.707088
v -6.3461809 35.539684 35.689354
v -6.1661444 35.2122 35.736565
v -6.0775523 35.051052 35.777668
v -6.2558055 35.375294 35.707088
v -5.3714089 35.410851 35.777668
v -8.7130575 31.204092 36.496395
v -8.6103926 31.11916 36.629635
v -9.0567732 31.48844 36.150375
v -8.9366894 31.389097 36.25629
v -8.8219662 31.294189 36.37178
v -8.346303 31.833725 36.37178
v -8.2432661 31.736967 36.496395
v -8.1461363 31.645756 36.629635
v -8.5143766 31.039728 36.770981
v -8.4253883 30.966112 36.919872
v -8.3437786 30.8986 37.075726
v -8.2698708 30.837458 37.237915
v -8.2039557 30.782927 37.405811
v -7.971107 31.481392 36.919872
v -8.0552969 31.560452 36.770981
v -8.9351377 32.386677 35.89407
v -8.8090734 32.268295 35.968906
v -8.6866827 32.153362 36.054455
v -8.568449 32.042336 36.150375
v -8.5120182 33.060402 35.830242
v -8.4548397 31.935648 36.25629
v -7.9396234 32.450863 36.25629
v -8.1573381 32.682709 36.054455
v -8.3906527 32.931164 35.89407
v -8.2722702 32.805096 35.968906
v -8.0463095 32.564472 36.150375
v -7.893898 31.408888 37.075726
v -7.8239751 31.343225 37.237915
v -7.7616143 31.284666 37.405811
v -7.3472018 31.82 37.237915
v -7.288641 31.757639 37.405811
v -7.6497312 32.142162 36.629635
v -7.8376999 32.342327 36.37178
v -7.740942 32.239292 36.496395
v -7.4924145 33.052799 36.150375
v -7.2981653 32.817989 36.37178
v -7.3930721 32.932713 36.25629
v -7.2080679 32.709084 36.496395
v -7.123136 32.606419 36.629635
v -7.5644274 32.051323 36.770981
v -7.4853678 31.967131 36.919872
v -7.4128637 31.889923 37.075726
v -6.9700871 32.421413 36.919872
v -6.9025741 32.339802 37.075726
v -6.8414321 32.265896 37.237915
v -6.7869024 32.199982 37.405811
v -7.0437045 32.510399 36.770981
v -8.1462936 30.735226 37.578747
v -8.0971127 30.694538 37.756039
v -8.0566053 30.661028 37.936993
v -8.0249329 30.634827 38.120888
v -8.0022202 30.616037 38.306999
v -8.0022202 30.616037 39.058876
v -7.6605315 31.189743 37.756039
v -7.6222086 31.153755 37.936993
v -7.5922441 31.125616 38.120888
v -7.7070613 31.233437 37.578747
v -7.570756 31.105438 38.306999
v -7.237412 31.703085 37.578747
v -7.193718 31.656555 37.756039
v -7.1577306 31.618233 37.936993
v -7.1295919 31.588268 38.120888
v -7.1094131 31.56678 38.306999
v -7.5578289 31.093298 38.494598
v -7.5535145 31.089247 38.682938
v -7.5578289 31.093298 38.871277
v -7.570756 31.105438 39.058876
v -7.0972738 31.553854 38.494598
v -7.0932221 31.54954 38.682938
v -7.0972738 31.553854 38.871277
v -7.1094131 31.56678 39.058876
v -6.7392006 32.142319 37.578747
v -7.8130536 33.440384 35.89407
v -7.926065 33.576992 35.830242
v -8.3984642 35.555519 35.830242
v -7.7028203 33.307137 35.968906
v -7.5957999 33.177769 36.054455
v -7.3088307 34.055767 35.830242
v -7.0042849 33.636597 36.054455
v -6.9089503 33.505379 36.150375
v -6.8173442 33.379295 36.25629
v -6.7298284 33.258839 36.37178
v -7.1029711 33.772427 35.968906
v -7.2046204 33.912334 35.89407
v -6.6627517 34.494843 35.830242
v -6.568429 33.03669 36.629635
v -6.4951835 32.935879 36.770981
v -6.4272985 32.842442 36.919872
v -6.3650432 32.756756 37.075726
v -6.3086629 32.679153 37.237915
v -6.2583795 32.609943 37.405811
v -5.7051573 32.985916 37.405811
v -6.698514 32.093136 37.756039
v -6.6650038 32.052631 37.936993
v -6.6388021 32.020958 38.120888
v -6.6200123 31.998245 38.306999
v -6.2143922 32.5494 37.578747
v -6.1768742 32.497761 37.756039
v -6.1459737 32.455231 37.936993
v -6.1218123 32.421978 38.120888
v -5.6650586 32.922729 37.578747
v -5.630857 32.868835 37.756039
v -6.104486 32.398129 38.306999
v -5.6026878 32.824448 37.936993
v -5.5806623 32.789742 38.120888
v -6.6087089 31.984581 38.494598
v -6.6049361 31.980021 38.682938
v -6.6087089 31.984581 38.871277
v -6.6200123 31.998245 39.058876
v -6.0940628 32.383781 38.494598
v -6.0905838 32.378994 38.682938
v -6.0940628 32.383781 38.871277
v -6.104486 32.398129 39.058876
v -5.5648675 32.764854 38.306999
v -5.5553656 32.749882 38.494598
v -5.5521941 32.744884 38.682938
v -5.5553656 32.749882 38.871277
v -5.5648675 32.764854 39.058876
v -6.6467471 33.144485 36.496395
v -6.0591946 33.543789 36.496395
v -6.47509 34.199135 35.968906
v -6.3851271 34.057373 36.054455
v -6.2982202 33.920429 36.150375
v -6.2147117 33.788841 36.25629
v -6.1349316 33.663128 36.37178
v -5.9877996 33.431286 36.629635
v -5.5875521 34.159744 36.25629
v -5.5158229 34.02927 36.37178
v -5.9210286 33.326073 36.770981
v -5.8591447 33.228558 36.919872
v -5.8023925 33.139133 37.075726
v -5.7509956 33.058144 37.237915
v -6.5677533 34.345146 35.89407
v -5.7407699 34.438446 36.054455
v -5.9903784 34.892483 35.830242
v -5.9049664 34.737118 35.89407
v -5.8216543 34.585575 35.968906
v -5.6626334 34.296314 36.150375
v -5.4477291 33.905407 36.496395
v -5.3835392 33.788647 36.629635
v -4.7580323 34.107357 36.629635
v -5.2678676 33.578239 36.919872
v -5.2168422 33.485424 37.075726
v -5.1706324 33.401371 37.237915
v -5.1294198 33.326405 37.405811
v -5.3235064 33.679447 36.770981
v -4.6558003 33.890102 36.919872
v -4.7049742 33.994602 36.770981
v -4.6107039 33.79427 37.075726
v -4.5698628 33.707478 37.237915
v -4.5334387 33.630074 37.405811
v -5.0046988 34.63155 36.150375
v -5.0737567 34.778305 36.054455
v -4.8749461 34.355812 36.37178
v -4.9383411 34.490532 36.25629
v -5.1452432 34.930222 35.968906
v -5.2188754 35.0867 35.89407
v -5.2943635 35.24712 35.830242
v -4.814764 34.227921 36.496395
v -4.2696409 34.779907 36.25629
v -4.512188 35.392509 35.89407
v -4.3867197 35.075615 36.054455
v -4.327013 34.924812 36.150375
v -4.4485264 35.23172 35.968906
v -5.0933676 33.260826 37.578747
v -5.0626173 33.204891 37.756039
v -5.037291 33.158821 37.936993
v -5.017488 33.122803 38.120888
v -4.501575 33.562359 37.578747
v -4.4743977 33.504604 37.756039
v -5.0032873 33.09697 38.306999
v -4.452014 33.457035 37.936993
v -4.4345121 33.419842 38.120888
v -4.9947443 33.081432 38.494598
v -4.9918928 33.076244 38.682938
v -4.9947443 33.081432 38.871277
v -5.0032873 33.09697 39.058876
v -4.4219613 33.393169 38.306999
v -4.4144111 33.377125 38.494598
v -4.411891 33.371769 38.682938
v -4.4144111 33.377125 38.871277
v -4.4219613 33.393169 39.058876
v -7.4605703 35.752003 35.736565
v -7.3608456 35.59486 35.707088
v -7.5591063 35.907269 35.777668
v -6.6180239 36.034164 35.707088
v -6.7076845 36.197258 35.736565
v -6.4369144 35.704727 35.683434
v -6.527648 35.869774 35.689354
v -6.7962766 36.358406 35.777668
v -5.9283266 36.59436 35.736565
v -5.6890173 36.0858 35.683434
v -5.5289507 35.745644 35.707088
v -5.4497075 35.577244 35.736565
v -5.6088257 35.915386 35.689354
v -5.8490834 36.425961 35.707088
v -5.7692084 36.256218 35.689354
v -6.0066257 36.760754 35.777668
v -4.7802758 36.069622 35.707088
v -4.9186678 36.419163 35.683434
v -4.8493352 36.244045 35.689354
v -4.9880004 36.594276 35.689354
v -4.6440668 35.725597 35.777668
v -4.7117629 35.89658 35.736565
v -5.0570598 36.7687 35.707088
v -5.1255727 36.941742 35.736565
v -5.1932688 37.112724 35.777668
v -4.1871071 36.882614 35.689354
v -4.3025899 37.238033 35.736565
v -4.2450776 37.061031 35.707088
v -8.6043234 35.83886 35.968906
v -8.7983437 36.105907 36.150375
v -8.7030096 35.974689 36.054455
v -8.5026741 35.698952 35.89407
v -7.7510633 36.209747 35.89407
v -8.0205965 36.634464 36.150375
v -7.9336896 36.49752 36.054455
v -7.8437266 36.355759 35.968906
v -8.104105 36.766052 36.25629
v -8.1838856 36.891766 36.37178
v -8.2596216 37.011105 36.496395
v -8.3310165 37.123608 36.629635
v -8.459672 37.326336 36.919872
v -8.397788 37.228821 36.770981
v -8.5678205 37.49675 37.237915
v -8.5164242 37.41576 37.075726
v -8.6136589 37.568981 37.405811
v -7.6569867 37.92403 37.075726
v -7.7031965 38.008087 37.237915
v -7.656065 36.060051 35.830242
v -6.9688625 36.672337 35.89407
v -6.8834505 36.516975 35.830242
v -7.0521746 36.823883 35.968906
v -7.133059 36.971012 36.054455
v -7.2111959 37.11314 36.150375
v -7.2862768 37.249714 36.25629
v -7.358006 37.380188 36.37178
v -7.4260998 37.504051 36.496395
v -7.4902897 37.620811 36.629635
v -6.503088 37.815788 36.37178
v -6.5632701 37.943684 36.496395
v -7.550323 37.730011 36.770981
v -7.6059613 37.831219 36.919872
v -6.6200023 38.064243 36.629635
v -8.653758 37.632164 37.578747
v -8.6879597 37.686058 37.756039
v -8.7161293 37.730446 37.936993
v -8.7381544 37.765152 38.120888
v -7.7444091 38.083054 37.405811
v -7.7804618 38.148632 37.578747
v -8.7539492 37.790043 38.306999
v -8.7634506 37.805012 38.494598
v -8.7666225 37.810013 38.682938
v -8.7634506 37.805012 38.871277
v -8.7539492 37.790043 39.058876
v -6.6730599 38.176998 36.770981
v -6.7222338 38.281498 36.919872
v -6.7673306 38.377335 37.075726
v -6.8081713 38.464127 37.237915
v -6.8445954 38.541531 37.405811
v -7.8112116 38.204567 37.756039
v -7.8365383 38.250633 37.936993
v -7.8563409 38.286655 38.120888
v -7.8705416 38.312489 38.306999
v -7.8790846 38.328026 38.494598
v -7.8819361 38.333214 38.682938
v -7.8790846 38.328026 38.871277
v -6.9036365 38.667 37.756039
v -6.8764591 38.609245 37.578747
v -6.9260201 38.714565 37.936993
v -6.943522 38.751759 38.120888
v -7.8705416 38.312489 39.058876
v -6.9560728 38.778431 38.306999
v -6.963623 38.794476 38.494598
v -6.9661436 38.799831 38.682938
v -6.963623 38.794476 38.871277
v -6.9560728 38.778431 39.058876
v -6.2327909 37.241379 35.968906
v -6.3042774 37.393295 36.054455
v -6.0836706 36.924484 35.830242
v -6.1591587 37.084904 35.89407
v -6.3733354 37.540051 36.150375
v -6.439693 37.681068 36.25629
v -5.3251476 37.445812 35.89407
v -5.3888092 37.606602 35.968906
v -5.4506159 37.762707 36.054455
v -5.5103226 37.913509 36.150375
v -4.5774541 35.557354 35.830242
v -5.2598815 37.280968 35.830242
v -4.4701204 37.753639 35.89407
v -4.5235605 37.918114 35.968906
v -4.3594165 37.41293 35.777668
v -4.4153337 37.585026 35.830242
v -5.6225052 38.196854 36.37178
v -5.6745381 38.328274 36.496395
v -5.5676947 38.058414 36.25629
v -5.723588 38.45216 36.629635
v -5.8509669 38.77388 37.075726
v -5.8862777 38.863064 37.237915
v -5.7694612 38.56802 36.770981
v -5.8119769 38.675404 36.919872
v -5.9177694 38.942604 37.405811
v -4.7197332 38.52187 36.37178
v -4.7634115 38.6563 36.496395
v -4.5754428 38.077789 36.054455
v -4.6255631 38.232044 36.150375
v -4.6737232 38.380264 36.25629
v -4.8045859 38.78302 36.629635
v -4.8430934 38.901535 36.770981
v -4.8787823 39.011372 36.919872
v -4.9115119 39.112103 37.075726
v -4.941153 39.203331 37.237915
v -4.9675884 39.284691 37.405811
v -5.9453182 39.012184 37.578747
v -5.9688153 39.071533 37.756039
v -5.9881682 39.120411 37.936993
v -6.0033002 39.15863 38.120888
v -6.0141516 39.186039 38.306999
v -6.0206795 39.202526 38.494598
v -6.0228586 39.208027 38.682938
v -6.0206795 39.202526 38.871277
v -6.0141516 39.186039 39.058876
v -4.9907141 39.355862 37.578747
v -5.0104384 39.416569 37.756039
v -5.0266838 39.466568 37.936993
v -5.0393863 39.505661 38.120888
v -5.0484953 39.533695 38.306999
v -4.055584 39.791481 38.120888
v -5.0539751 39.55056 38.494598
v -5.0558043 39.55619 38.682938
v -5.0539751 39.55056 38.871277
v -5.0484953 39.533695 39.058876
v -4.0629148 39.820034 38.306999
v -4.0673246 39.837208 38.494598
v -4.0687966 39.842941 38.682938
v -4.0673246 39.837208 38.871277
v -4.0253587 34.162922 36.919872
v -3.9863687 34.064442 37.075726
v -3.9510581 33.975258 37.237915
v -3.9195662 33.895718 37.405811
v -3.2902248 34.122295 37.405811
v -4.162797 34.510052 36.496395
v -4.1137476 34.386166 36.629635
v -4.2148299 34.641472 36.37178
v -3.6823704 35.329197 36.054455
v -3.4532275 34.623966 36.629635
v -3.4944017 34.750687 36.496395
v -3.6322503 35.174942 36.150375
v -3.58409 35.026718 36.25629
v -3.53808 34.885117 36.37178
v -4.067874 34.270302 36.770981
v -3.4147201 34.505451 36.770981
v -3.3790309 34.395611 36.919872
v -3.3463013 34.29488 37.075726
v -3.3166604 34.203655 37.237915
v -2.9231529 35.380955 36.150375
v -2.8843946 35.23 36.25629
v -2.7790794 34.819824 36.629635
v -2.8122156 34.948879 36.496395
v -2.8473668 35.085785 36.37178
v -2.0939636 34.972965 36.629635
v -2.1454163 35.242691 36.37178
v -2.1733158 35.388947 36.25629
v -2.1189306 35.103848 36.496395
v -2.7480893 34.699127 36.770981
v -2.7193677 34.587261 36.919872
v -2.6691732 34.391769 37.237915
v -2.6478984 34.308907 37.405811
v -2.6930275 34.484676 37.075726
v -2.0489724 34.737114 36.919872
v -2.011152 34.538853 37.237915
v -2.0291257 34.633076 37.075726
v -1.9951222 34.454823 37.405811
v -2.0706134 34.850559 36.770981
v -3.8920171 33.826138 37.578747
v -3.86852 33.766792 37.756039
v -3.8491671 33.717911 37.936993
v -3.8340354 33.679691 38.120888
v -3.2670994 34.051121 37.578747
v -3.2473748 33.990417 37.756039
v -3.823184 33.652287 38.306999
v -3.2311294 33.940418 37.936993
v -3.2184272 33.901325 38.120888
v -3.8166559 33.635796 38.494598
v -3.814477 33.630295 38.682938
v -3.8166559 33.635796 38.871277
v -3.823184 33.652287 39.058876
v -3.2093182 33.873291 38.306999
v -3.2038383 33.856426 38.494598
v -3.2020092 33.850796 38.682938
v -3.2038383 33.856426 38.871277
v -3.2093182 33.873291 39.058876
v -2.6003399 34.12368 37.936993
v -2.5901175 34.083866 38.120888
v -2.5827866 34.055313 38.306999
v -2.5783765 34.038139 38.494598
v -2.5769045 34.032406 38.682938
v -2.5783765 34.038139 38.871277
v -2.5827866 34.055313 39.058876
v -2.6292875 34.236423 37.578747
v -2.6134138 34.174599 37.756039
v -1.9810994 34.38131 37.578747
v -1.9691389 34.318611 37.756039
v -1.959288 34.266972 37.936993
v -1.9515857 34.226593 38.120888
v -1.9460621 34.197639 38.306999
v -1.9427392 34.180222 38.494598
v -1.9416301 34.174408 38.682938
v -1.9427392 34.180222 38.871277
v -1.9460621 34.197639 39.058876
v -1.4005837 35.082787 36.629635
v -1.4172834 35.214977 36.496395
v -1.4349988 35.355209 36.37178
v -0.71004283 35.281834 36.496395
v -1.3451939 34.644329 37.237915
v -1.3344719 34.55946 37.405811
v -1.3849655 34.959156 36.770981
v -1.3704906 34.844574 36.919872
v -1.3572159 34.739494 37.075726
v -0.70167649 35.148853 36.629635
v 0 35.170902 36.629635
v 0 35.304146 36.496395
v -0.6685552 34.622406 37.405811
v -0.67392677 34.707783 37.237915
v -0.68660015 34.909222 36.919872
v -0.69385195 35.024487 36.770981
v -0.67994964 34.803516 37.075726
v 0 34.643417 37.405811
v 0 34.930798 36.919872
v 0 35.046291 36.770981
v 0 34.824883 37.075726
v 0 34.728962 37.237915
v -1.3250926 34.48521 37.578747
v -1.3170925 34.421886 37.756039
v -1.3105037 34.369728 37.936993
v -1.3053517 34.328949 38.120888
v -1.3016573 34.299702 38.306999
v -1.2994348 34.282108 38.494598
v -1.2986929 34.276237 38.682938
v -1.2994348 34.282108 38.871277
v -1.3016573 34.299702 39.058876
v -0.66385627 34.547718 37.578747
v -0.65984833 34.484013 37.756039
v -0.65654737 34.431545 37.936993
v -0.65396637 34.390522 38.120888
v -0.65211546 34.361103 38.306999
v 0 34.568581 37.578747
v 0 34.504749 37.756039
v 0 34.452179 37.936993
v 0 34.411072 38.120888
v 0 34.381596 38.306999
v -0.65100199 34.343403 38.494598
v -0.6506303 34.337498 38.682938
v -0.65100199 34.343403 38.871277
v -0.65211546 34.361103 39.058876
v 0 34.363865 38.494598
v 0 34.357944 38.682938
v 0 34.363865 38.871277
v 0 34.381596 39.058876
v -3.8983967 35.994057 35.777668
v -3.9552233 36.168949 35.736565
v -4.0127358 36.345955 35.707088
v -4.0707064 36.524372 35.689354
v -4.1289067 36.703491 35.683434
v -3.1373415 36.215164 35.777668
v -3.1830745 36.39328 35.736565
v -3.2293589 36.573547 35.707088
v -3.2760124 36.755249 35.689354
v -3.3228507 36.937675 35.683434
v -3.4163425 37.3018 35.707088
v -3.369689 37.120098 35.689354
v -3.4626272 37.482067 35.736565
v -3.5083599 37.660183 35.777668
v -2.3639047 36.388046 35.777668
v -2.3983631 36.568684 35.736565
v -2.4332373 36.751503 35.707088
v -2.4683895 36.935776 35.689354
v -2.5036809 37.120781 35.683434
v -2.5389724 37.305782 35.689354
v -2.5741246 37.490059 35.707088
v -2.6089988 37.672874 35.736565
v -2.6434574 37.853512 35.777668
v -1.5811385 36.512024 35.777668
v -1.6041867 36.694469 35.736565
v -1.6275128 36.879116 35.707088
v -1.6510251 37.065231 35.689354
v -1.6746303 37.252087 35.683434
v -1.6982356 37.438942 35.689354
v -1.7217478 37.625061 35.707088
v -1.7450739 37.809708 35.736565
v -0.79213232 36.586609 35.777668
v -0.80367923 36.770142 35.736565
v -0.81536537 36.955887 35.707088
v -0.82714468 37.143112 35.689354
v -0.83897066 37.331081 35.683434
v -0.85079664 37.519051 35.689354
v -0.86257601 37.706276 35.707088
v -0.87426215 37.892025 35.736565
v 0 36.6115 35.777668
v 0 36.795395 35.736565
v 0 36.98151 35.707088
v 0 37.169106 35.689354
v 0 37.357449 35.683434
v 0 37.545788 35.689354
v 0 37.733383 35.707088
v -1.7681222 37.992153 35.777668
v -0.885809 38.075554 35.777668
v 0 37.919498 35.736565
v 0 38.103394 35.777668
v -3.787693 35.653343 35.89407
v -3.7342529 35.488873 35.968906
v -3.8424797 35.82196 35.830242
v -3.0482497 35.868172 35.89407
v -3.0923407 36.039898 35.830242
v -3.5533607 37.835449 35.830242
v -3.0052423 35.700672 35.968906
v -2.9634883 35.538052 36.054455
v -2.2025192 35.542034 36.150375
v -2.2643714 35.866276 35.968906
v -2.2329109 35.701355 36.054455
v -2.2967763 36.036148 35.89407
v -2.3299978 36.2103 35.830242
v -3.5974517 38.007175 35.89407
v -3.6404591 38.174675 35.968906
v -3.6822131 38.337296 36.054455
v -3.7225487 38.494392 36.150375
v -3.7983346 38.789562 36.37178
v -3.8334858 38.926468 36.496395
v -3.7613068 38.645348 36.25629
v -3.866622 39.055523 36.629635
v -3.8976121 39.17622 36.770981
v -3.9263337 39.288086 36.919872
v -3.9526739 39.390671 37.075726
v -3.9765282 39.483578 37.237915
v -3.997803 39.566441 37.405811
v -2.9133983 39.268593 36.629635
v -2.9367485 39.390999 36.770981
v -2.9583895 39.504448 36.919872
v -2.9782362 39.608486 37.075726
v -2.9962099 39.702705 37.237915
v -2.6773641 38.031258 35.830242
v -2.7105856 38.205414 35.89407
v -2.774451 38.540207 36.054455
v -2.7429905 38.375286 35.968906
v -2.8048429 38.699524 36.150375
v -2.8340461 38.852615 36.25629
v -2.8619456 38.998867 36.37178
v -2.8884313 39.137711 36.496395
v -1.7908014 38.171677 35.830242
v -1.8130221 38.347572 35.89407
v -1.8346967 38.519146 35.968906
v -1.8557396 38.685715 36.054455
v -1.8760676 38.84663 36.150375
v -1.8956008 39.001251 36.25629
v -1.9142618 39.148968 36.37178
v -1.9319772 39.2892 36.496395
v -3.0122397 39.786739 37.405811
v -1.9486769 39.421391 36.629635
v -1.964295 39.545021 36.770981
v -1.97877 39.659603 36.919872
v -1.9920448 39.764683 37.075726
v -2.0040667 39.859848 37.237915
v -4.0164137 39.638924 37.578747
v -4.0322876 39.700748 37.756039
v -4.0453615 39.751667 37.936993
v -3.0262625 39.860249 37.578747
v -3.038223 39.922947 37.756039
v -3.048074 39.974586 37.936993
v -3.0557764 40.014965 38.120888
v -4.0629148 39.820034 39.058876
v -3.0612998 40.043919 38.306999
v -3.0646226 40.06134 38.494598
v -3.0657318 40.067154 38.682938
v -3.0646226 40.06134 38.871277
v -2.0147886 39.944717 37.405811
v -2.024168 40.018967 37.578747
v -2.0321681 40.082291 37.756039
v -2.0387571 40.134449 37.936993
v -2.0439088 40.175228 38.120888
v -3.0612998 40.043919 39.058876
v -2.0476034 40.204475 38.306999
v -2.0498259 40.222069 38.494598
v -2.0505676 40.22794 38.682938
v -2.0498259 40.222069 38.871277
v -2.0476034 40.204475 39.058876
v -1.4731929 35.657547 36.150375
v -1.4935211 35.818462 36.054455
v -1.4536599 35.502926 36.25629
v -1.5584593 36.3325 35.830242
v -1.5145639 35.985031 35.968906
v -1.5362386 36.156605 35.89407
v -0.73805285 35.727039 36.150375
v -0.74823701 35.888912 36.054455
v -0.71891803 35.422897 36.37178
v -0.72826701 35.571495 36.25629
v -0.75877923 36.056477 35.968906
v -0.76963794 36.229069 35.89407
v -0.7807703 36.406013 35.830242
v 0 35.750233 36.150375
v 0 35.594383 36.25629
v 0 35.912426 36.054455
v 0 35.445492 36.37178
v 0 36.080322 35.968906
v 0 36.253258 35.89407
v 0 36.43055 35.830242
v -0.89717102 38.256149 35.830242
v -0.90830338 38.433094 35.89407
v -0.91916209 38.605686 35.968906
v -0.92970431 38.773251 36.054455
v -0.93988848 38.935123 36.150375
v -0.94967437 39.090668 36.25629
v -0.95902336 39.239265 36.37178
v -0.96789855 39.380329 36.496395
v -0.97626489 39.513309 36.629635
v -0.98408943 39.637676 36.770981
v -0.99134123 39.752941 36.919872
v -0.99799168 39.858646 37.075726
v -1.0040146 39.95438 37.237915
v -1.0093862 40.039757 37.405811
v 0 38.284344 35.830242
v 0 38.461639 35.89407
v 0 38.634575 35.968906
v 0 38.802467 36.054455
v 0 38.964661 36.150375
v 0 39.12051 36.25629
v 0 39.269402 36.37178
v 0 39.410748 36.496395
v 0 39.543991 36.629635
v 0 39.668606 36.770981
v 0 39.784096 36.919872
v 0 39.890011 37.075726
v 0 39.985931 37.237915
v 0 40.07148 37.405811
v -1.0140851 40.114445 37.578747
v -1.018093 40.17815 37.756039
v -1.021394 40.230618 37.936993
v -1.023975 40.271641 38.120888
v -1.0258259 40.30106 38.306999
v -1.0269394 40.31876 38.494598
v -1.0273111 40.324665 38.682938
v -1.0269394 40.31876 38.871277
v -1.0258259 40.30106 39.058876
v 0 40.146317 37.578747
v 0 40.210144 37.756039
v 0 40.262714 37.936993
v 0 40.303822 38.120888
v 0 40.333298 38.306999
v 0 40.351032 38.494598
v 0 40.356949 38.682938
v 0 40.351032 38.871277
v 0 40.333298 39.058876
v -16.01894 20.940248 39.244987
v -15.978563 20.94795 39.428883
v -16.179205 21.952116 39.244987
v -15.926923 20.957802 39.609837
v -16.138424 21.957268 39.428883
v -15.864224 20.969763 39.787128
v -16.086266 21.963856 39.609837
v -15.790713 20.983786 39.960064
v -16.02294 21.971857 39.787128
v -15.706682 20.999815 40.12796
v -15.612461 21.017788 40.290154
v -15.508422 21.037636 40.446003
v -15.394975 21.059277 40.594894
v -15.948694 21.981236 39.960064
v -15.863822 21.991959 40.12796
v -15.768658 22.003981 40.290154
v -15.663578 22.017254 40.446003
v -15.272569 21.082626 40.73624
v -15.548997 22.031729 40.594894
v -16.275616 22.97205 39.244987
v -16.234592 22.97463 39.428883
v -16.182125 22.977932 39.609837
v -16.118422 22.981939 39.787128
v -16.043734 22.986639 39.960064
v -15.958355 22.99201 40.12796
v -15.862624 22.998034 40.290154
v -15.756918 23.004683 40.446003
v -15.641653 23.011934 40.594894
v -15.425366 22.047348 40.73624
v -15.293174 22.064047 40.86948
v -15.517286 23.01976 40.73624
v -15.141686 21.107594 40.86948
v -15.002845 21.134079 40.994095
v -14.85659 21.161978 41.109589
v -14.703501 21.191181 41.215504
v -14.544182 21.221573 41.311424
v -14.37926 21.253035 41.396969
v -14.011149 20.398573 41.471806
v -14.209388 21.285439 41.471806
v -15.152943 22.081762 40.994095
v -15.005225 22.100424 41.109589
v -14.850605 22.119957 41.215504
v -15.384307 23.028126 40.86948
v -15.243239 23.037001 40.994095
v -15.094642 23.04635 41.109589
v -14.689692 22.140285 41.311424
v -14.939099 23.056135 41.215504
v -14.52312 22.161327 41.396969
v -14.351548 22.183002 41.471806
v -14.777227 23.06632 41.311424
v -14.609663 23.076862 41.396969
v -14.035234 21.318661 41.535633
v -14.175653 22.205223 41.535633
v -14.437069 23.087721 41.471806
v -13.996128 22.227901 41.588207
v -14.260125 23.098854 41.535633
v -16.307796 23.996025 39.244987
v -16.266691 23.996025 39.428883
v -16.214119 23.996025 39.609837
v -16.15029 23.996025 39.787128
v -16.075455 23.996025 39.960064
v -15.989907 23.996025 40.12796
v -15.893987 23.996025 40.290154
v -15.788072 23.996025 40.446003
v -15.67258 23.996025 40.594894
v -16.275616 25.02 39.244987
v -16.234592 25.017418 39.428883
v -16.182125 25.014118 39.609837
v -16.118422 25.010109 39.787128
v -16.043734 25.005411 39.960064
v -15.958355 25.000038 40.12796
v -15.862624 24.994017 40.290154
v -15.756918 24.987366 40.446003
v -15.547966 23.996025 40.73624
v -15.641653 24.980114 40.594894
v -15.414724 23.996025 40.86948
v -15.273378 23.996025 40.994095
v -15.517286 24.97229 40.73624
v -15.384307 24.963923 40.86948
v -15.243239 24.955048 40.994095
v -15.124486 23.996025 41.109589
v -14.968637 23.996025 41.215504
v -14.806444 23.996025 41.311424
v -14.638549 23.996025 41.396969
v -14.465613 23.996025 41.471806
v -14.079531 23.110216 41.588207
v -14.288321 23.996025 41.535633
v -14.107368 23.996025 41.588207
v -15.094642 24.9457 41.109589
v -14.939099 24.935913 41.215504
v -14.777227 24.92573 41.311424
v -14.609663 24.915186 41.396969
v -14.437069 24.904327 41.471806
v -14.52312 25.830721 41.396969
v -14.260125 24.893196 41.535633
v -14.079531 24.881834 41.588207
v -14.351548 25.809046 41.471806
v -14.175653 25.786825 41.535633
v -16.179205 26.039934 39.244987
v -16.138424 26.034782 39.428883
v -16.086266 26.028193 39.609837
v -16.02294 26.020193 39.787128
v -16.01894 27.051802 39.244987
v -15.978563 27.044098 39.428883
v -15.926923 27.034248 39.609837
v -15.948694 26.010813 39.960064
v -15.864224 27.022287 39.787128
v -15.863822 26.000092 40.12796
v -15.768658 25.98807 40.290154
v -15.663578 25.974794 40.446003
v -15.548997 25.96032 40.594894
v -15.790713 27.008265 39.960064
v -15.706682 26.992235 40.12796
v -15.612461 26.97426 40.290154
v -15.508422 26.954414 40.446003
v -15.425366 25.944702 40.73624
v -15.394975 26.932774 40.594894
v -15.795457 28.051609 39.244987
v -15.755643 28.041386 39.428883
v -15.704723 28.028313 39.609837
v -15.6429 28.012438 39.787128
v -15.570415 27.993828 39.960064
v -15.487555 27.972553 40.12796
v -15.394649 27.948698 40.290154
v -15.292061 27.922358 40.446003
v -15.272569 26.909424 40.73624
v -15.180197 27.893637 40.594894
v -15.293174 25.928001 40.86948
v -15.152943 25.910286 40.994095
v -15.005225 25.891624 41.109589
v -14.850605 25.872091 41.215504
v -14.689692 25.851765 41.311424
v -15.141686 26.884457 40.86948
v -15.002845 26.857969 40.994095
v -14.85659 26.83007 41.109589
v -14.703501 26.800867 41.215504
v -14.544182 26.770475 41.311424
v -14.37926 26.739016 41.396969
v -14.209388 26.70661 41.471806
v -14.035234 26.673389 41.535633
v -15.059499 27.862646 40.73624
v -14.930442 27.82951 40.86948
v -14.793537 27.794359 40.994095
v -14.649323 27.757332 41.109589
v -14.498369 27.718573 41.215504
v -14.341272 27.678238 41.311424
v -14.178652 27.636484 41.396969
v -14.011149 27.593475 41.471806
v -15.470542 29.022709 39.428883
v -15.420545 29.006462 39.609837
v -15.359838 28.986738 39.787128
v -15.509636 29.03541 39.244987
v -15.288666 28.963614 39.960064
v -15.207306 28.937178 40.12796
v -15.162605 29.999325 39.244987
v -15.124387 29.984192 39.428883
v -15.11608 28.907537 40.290154
v -15.015348 28.874807 40.446003
v -14.905509 28.839117 40.594894
v -15.075507 29.96484 39.609837
v -15.01616 29.941343 39.787128
v -14.946579 29.913794 39.960064
v -14.613219 30.872484 39.787128
v -14.86704 29.882301 40.12796
v -14.777855 29.846991 40.290154
v -14.679378 29.808001 40.446003
v -14.786995 28.80061 40.73624
v -14.571996 29.765486 40.594894
v -14.545506 30.84062 39.960064
v -14.468101 30.804195 40.12796
v -14.38131 30.763355 40.290154
v -14.285475 30.718258 40.446003
v -14.456134 29.719612 40.73624
v -14.180974 30.669085 40.594894
v -14.660274 28.759436 40.86948
v -14.525846 28.715757 40.994095
v -14.384241 28.669748 41.109589
v -14.23602 28.621588 41.215504
v -14.081765 28.571468 41.311424
v -14.200828 29.61853 40.994095
v -14.062392 29.563719 41.109589
v -14.332248 29.670563 40.86948
v -13.947659 30.559296 40.86948
v -14.06822 30.616026 40.73624
v -13.744909 20.117332 41.535633
v -13.839426 20.442663 41.535633
v -13.66416 20.487665 41.588207
v -13.580707 20.200417 41.588207
v -13.857489 21.352568 41.588207
v -13.486042 20.533398 41.629311
v -13.67685 21.387026 41.629311
v -13.305776 20.579681 41.658791
v -13.124072 20.626335 41.676521
v -12.941649 20.673174 41.682442
v -13.494034 21.4219 41.658791
v -13.309759 21.457052 41.676521
v -13.124755 21.492344 41.682442
v -13.813683 22.25095 41.629311
v -13.629037 22.274277 41.658791
v -13.895999 23.121763 41.629311
v -13.442919 22.297789 41.676521
v -13.710253 23.133448 41.658791
v -13.256063 22.321394 41.682442
v -12.939751 21.527636 41.676521
v -13.069209 22.344999 41.676521
v -13.523026 23.145227 41.676521
v -13.335057 23.157053 41.682442
v -12.883091 22.368511 41.658791
v -13.147088 23.16888 41.676521
v -11.945322 21.275135 41.471806
v -12.040123 21.699247 41.471806
v -12.759226 20.720013 41.676521
v -12.755477 21.562788 41.658791
v -12.572659 21.597662 41.629311
v -12.392022 21.63212 41.588207
v -12.099134 21.150913 41.535633
v -12.214275 21.666027 41.535633
v -11.870251 21.731653 41.396969
v -12.16058 22.459785 41.471806
v -11.705329 21.763113 41.311424
v -11.989008 22.481461 41.396969
v -11.822436 22.502504 41.311424
v -12.698445 22.391838 41.629311
v -12.516 22.414886 41.588207
v -12.959862 23.180658 41.658791
v -12.774116 23.192345 41.629311
v -12.336475 22.437565 41.535633
v -12.590583 23.203892 41.588207
v -13.923473 23.996025 41.629311
v -13.73736 23.996025 41.658791
v -13.549763 23.996025 41.676521
v -13.361423 23.996025 41.682442
v -13.173082 23.996025 41.676521
v -12.985485 23.996025 41.658791
v -13.895999 24.870287 41.629311
v -13.710253 24.858601 41.658791
v -13.523026 24.846821 41.676521
v -13.996128 25.764147 41.588207
v -13.813683 25.741098 41.629311
v -13.629037 25.717772 41.658791
v -13.335057 24.834995 41.682442
v -13.147088 24.82317 41.676521
v -12.959862 24.81139 41.658791
v -13.442919 25.69426 41.676521
v -13.256063 25.670654 41.682442
v -13.069209 25.647049 41.676521
v -12.233046 23.226387 41.471806
v -12.060451 23.237246 41.396969
v -11.892887 23.247787 41.311424
v -11.661523 22.522831 41.215504
v -12.257232 23.996025 41.471806
v -12.084296 23.996025 41.396969
v -11.731014 23.257971 41.215504
v -11.916401 23.996025 41.311424
v -11.754209 23.996025 41.215504
v -12.409988 23.215254 41.535633
v -12.799372 23.996025 41.629311
v -12.615477 23.996025 41.588207
v -12.434525 23.996025 41.535633
v -12.233046 24.765663 41.471806
v -12.060451 24.754805 41.396969
v -11.892887 24.744261 41.311424
v -11.731014 24.734077 41.215504
v -12.16058 25.532263 41.471806
v -11.989008 25.510588 41.396969
v -11.822436 25.489546 41.311424
v -12.774116 24.799704 41.629311
v -12.590583 24.788157 41.588207
v -12.409988 24.776794 41.535633
v -12.883091 25.623537 41.658791
v -12.698445 25.600212 41.629311
v -12.516 25.577164 41.588207
v -12.336475 25.554483 41.535633
v -10.648306 22.650831 40.12796
v -10.644901 22.629335 40.12796
v -10.74347 22.638809 40.290154
v -10.963131 22.611059 40.594894
v -11.086761 22.59544 40.73624
v -10.84855 22.625534 40.446003
v -11.546009 21.793505 41.215504
v -11.39292 21.822708 41.109589
v -11.506903 22.542364 41.109589
v -11.359185 22.561026 40.994095
v -11.218954 22.578741 40.86948
v -10.551693 23.332169 39.787128
v -10.572556 23.996025 39.787128
v -10.647391 23.996025 39.960064
v -10.71176 23.322098 40.12796
v -10.80749 23.316074 40.290154
v -10.626381 23.327469 39.960064
v -11.028461 23.302172 40.594894
v -11.152828 23.294348 40.73624
v -10.913197 23.309423 40.446003
v -10.828858 23.996025 40.290154
v -10.732938 23.996025 40.12796
v -10.934773 23.996025 40.446003
v -11.050266 23.996025 40.594894
v -11.174879 23.996025 40.73624
v -10.626381 24.664579 39.960064
v -10.80749 24.675974 40.290154
v -10.71176 24.66995 40.12796
v -10.913197 24.682625 40.446003
v -11.028461 24.689877 40.594894
v -11.152828 24.697701 40.73624
v -10.74347 25.353241 40.290154
v -10.648306 25.341219 40.12796
v -10.563434 25.330496 39.960064
v -10.963131 25.380991 40.594894
v -10.84855 25.366514 40.446003
v -11.086761 25.396608 40.73624
v -10.394498 23.342058 39.244987
v -10.378799 23.175985 39.244987
v -10.435522 23.339478 39.428883
v -10.487989 23.336176 39.609837
v -10.41505 23.996025 39.244987
v -10.456155 23.996025 39.428883
v -10.508726 23.996025 39.609837
v -10.394498 24.64999 39.244987
v -10.435522 24.652573 39.428883
v -10.487989 24.655872 39.609837
v -10.551693 24.659882 39.787128
v -10.332923 25.301376 39.244987
v -10.373705 25.306528 39.428883
v -10.425861 25.313118 39.609837
v -10.489187 25.321117 39.787128
v -11.575473 23.267757 41.109589
v -11.285808 23.285982 40.86948
v -11.426874 23.277107 40.994095
v -11.598359 23.996025 41.109589
v -11.449468 23.996025 40.994095
v -11.308122 23.996025 40.86948
v -11.575473 24.724291 41.109589
v -11.426874 24.714943 40.994095
v -11.285808 24.706068 40.86948
v -11.506903 25.449684 41.109589
v -11.218954 25.413307 40.86948
v -11.359185 25.431023 40.994095
v -11.661523 25.469217 41.215504
v -13.857489 26.639482 41.588207
v -13.67685 26.605022 41.629311
v -13.494034 26.570148 41.658791
v -13.309759 26.534996 41.676521
v -13.124755 26.499706 41.682442
v -12.939751 26.464415 41.676521
v -13.839426 27.549385 41.535633
v -13.66416 27.504385 41.588207
v -13.486042 27.458652 41.629311
v -13.305776 27.412367 41.658791
v -13.124072 27.365713 41.676521
v -12.941649 27.318874 41.682442
v -13.24201 28.298615 41.629311
v -13.065006 28.241102 41.658791
v -12.886591 28.183132 41.676521
v -12.040123 26.292801 41.471806
v -11.870251 26.260395 41.396969
v -11.705329 26.228935 41.311424
v -12.392022 26.35993 41.588207
v -12.755477 26.429262 41.658791
v -12.572659 26.394388 41.629311
v -12.214275 26.326023 41.535633
v -11.872149 27.044273 41.471806
v -11.704646 27.001266 41.396969
v -12.759226 27.272038 41.676521
v -12.577522 27.225384 41.658791
v -12.397256 27.179098 41.629311
v -12.707468 28.124931 41.682442
v -12.528346 28.06673 41.676521
v -12.349931 28.00876 41.658791
v -12.219138 27.133366 41.588207
v -12.043872 27.088366 41.535633
v -12.172926 27.951248 41.629311
v -11.998032 27.894421 41.588207
v -11.825936 27.838505 41.535633
v -11.65732 27.783718 41.471806
v -13.922088 28.519585 41.396969
v -13.757616 28.466145 41.471806
v -13.917486 29.506348 41.215504
v -13.766684 29.44664 41.311424
v -13.610579 29.384834 41.396969
v -13.589 28.411358 41.535633
v -13.416905 28.355442 41.588207
v -13.449787 29.321173 41.471806
v -13.284945 29.255905 41.535633
v -13.1167 29.189293 41.588207
v -12.945719 29.121597 41.629311
v -13.819765 30.499113 40.994095
v -13.685044 30.435719 41.109589
v -13.544027 30.36936 41.215504
v -13.397271 30.300303 41.311424
v -13.245356 30.228815 41.396969
v -13.088879 30.155184 41.471806
v -12.928458 30.079695 41.535633
v -12.423137 28.914692 41.682442
v -12.248022 28.84536 41.676521
v -12.772675 29.053083 41.658791
v -12.598251 28.984024 41.676521
v -12.073599 28.7763 41.658791
v -11.900555 28.707788 41.629311
v -11.729573 28.640091 41.588207
v -11.749619 29.524975 41.658791
v -12.764729 30.002649 41.588207
v -12.598335 29.924351 41.629311
v -12.429935 29.845108 41.658791
v -12.260192 29.765232 41.676521
v -12.362382 30.792301 41.588207
v -12.201233 30.703709 41.629311
v -12.089777 29.685041 41.682442
v -11.919361 29.604851 41.676521
v -12.03814 30.614048 41.658791
v -11.873748 30.523672 41.676521
v -11.708704 30.43294 41.682442
v -10.63705 26.02515 40.290154
v -10.542829 26.007177 40.12796
v -10.854535 26.066637 40.594894
v -10.976941 26.089989 40.73624
v -10.741089 26.044996 40.446003
v -10.591238 26.715393 40.446003
v -10.703101 26.744114 40.594894
v -10.8238 26.775105 40.73624
v -10.509427 27.410744 40.594894
v -10.627941 27.449251 40.73624
v -10.270947 25.955313 39.428883
v -10.23057 25.947611 39.244987
v -10.322587 25.965164 39.609837
v -10.385286 25.977123 39.787128
v -10.458797 25.991146 39.960064
v -10.087841 26.586142 39.244987
v -10.127655 26.596365 39.428883
v -10.240399 26.625313 39.787128
v -10.312883 26.643923 39.960064
v -10.178575 26.609438 39.609837
v -10.395743 26.665197 40.12796
v -10.48865 26.689053 40.290154
v -9.9053001 27.214451 39.244987
v -9.9443941 27.227154 39.428883
v -9.9943924 27.243399 39.609837
v -10.055098 27.263124 39.787128
v -10.126271 27.286249 39.960064
v -9.6836681 27.830059 39.244987
v -9.7218866 27.845192 39.428883
v -9.7707663 27.864544 39.609837
v -9.8301134 27.888042 39.787128
v -9.8996944 27.91559 39.960064
v -10.207631 27.312685 40.12796
v -10.298857 27.342325 40.290154
v -10.399588 27.375055 40.446003
v -10.068419 27.982393 40.290154
v -9.9792337 27.947083 40.12796
v -10.274278 28.063898 40.594894
v -10.166896 28.021383 40.446003
v -11.39292 26.16934 41.109589
v -11.246666 26.141441 40.994095
v -11.546009 26.198544 41.215504
v -11.107823 26.114956 40.86948
v -11.233975 26.880419 41.109589
v -11.542026 26.959513 41.311424
v -11.384929 26.919178 41.215504
v -10.952856 26.808241 40.86948
v -11.089762 26.843391 40.994095
v -11.492849 27.730278 41.396969
v -11.178917 27.628275 41.215504
v -11.333171 27.678394 41.311424
v -11.030695 27.580114 41.109589
v -10.889091 27.534105 40.994095
v -10.754663 27.490427 40.86948
v -10.514026 28.158821 40.86948
v -10.645446 28.210855 40.994095
v -10.39014 28.109772 40.73624
v -9.4238186 28.430536 39.244987
v -9.4610119 28.448038 39.428883
v -9.5663338 28.497601 39.787128
v -9.5085793 28.470423 39.609837
v -9.6340475 28.529463 39.960064
v -9.264801 29.089392 39.787128
v -9.8940792 28.651825 40.446003
v -9.99858 28.700998 40.594894
v -10.111333 28.754057 40.73624
v -9.7114525 28.565887 40.12796
v -9.7982445 28.606728 40.290154
v -9.3303804 29.125444 39.960064
v -9.405345 29.166656 40.12796
v -9.4894009 29.212868 40.290154
v -9.5822153 29.263891 40.446003
v -9.6834221 29.31953 40.594894
v -9.7926216 29.379564 40.73624
v -9.2325344 29.855169 40.446003
v -9.3300486 29.917053 40.594894
v -9.4352627 29.983824 40.73624
v -11.396486 28.508213 41.471806
v -11.235695 28.444551 41.396969
v -11.07959 28.382744 41.311424
v -11.090675 29.214901 41.471806
v -10.783881 28.265665 41.109589
v -10.928787 28.323038 41.215504
v -10.494509 28.934366 41.109589
v -10.934198 29.141268 41.396969
v -10.782282 29.069782 41.311424
v -10.635526 29.000723 41.215504
v -11.561329 28.573479 41.535633
v -11.581218 29.445732 41.629311
v -11.414824 29.367434 41.588207
v -11.251095 29.290388 41.535633
v -10.741095 29.900991 41.471806
v -10.442422 29.736795 41.311424
v -10.58955 29.817678 41.396969
v -11.055026 30.073576 41.588207
v -11.54366 30.342205 41.676521
v -11.379268 30.251829 41.658791
v -11.216175 30.162169 41.629311
v -10.896458 29.986403 41.535633
v -10.498816 30.658777 41.535633
v -10.231894 28.810789 40.86948
v -10.359788 28.87097 40.994095
v -9.9093828 29.443754 40.86948
v -10.163719 29.583576 41.109589
v -10.033245 29.511848 40.994095
v -10.300291 29.658657 41.215504
v -10.349123 30.563778 41.471806
v -10.203109 30.471115 41.396969
v -9.924407 30.294245 41.215504
v -10.06135 30.381151 41.311424
v -9.5477629 30.05522 40.86948
v -9.6671047 30.130957 40.994095
v -9.7928181 30.210735 41.109589
v -14.755735 30.939547 39.244987
v -14.718542 30.922045 39.428883
v -14.670974 30.89966 39.609837
v -14.290631 31.852365 39.244987
v -14.208541 31.807236 39.609837
v -14.152607 31.776485 39.787128
v -14.25461 31.832563 39.428883
v -14.087028 31.740433 39.960064
v -14.012063 31.699221 40.12796
v -13.928007 31.653011 40.290154
v -13.835193 31.601986 40.446003
v -13.733986 31.546347 40.594894
v -13.769128 32.73418 39.244987
v -13.734422 32.712154 39.428883
v -13.690034 32.683983 39.609837
v -13.636141 32.649784 39.787128
v -13.572955 32.609684 39.960064
v -13.500725 32.563847 40.12796
v -13.419737 32.512447 40.290154
v -13.33031 32.455696 40.446003
v -13.624786 31.486315 40.73624
v -13.232797 32.393814 40.594894
v -12.858505 33.338276 40.290154
v -12.772819 33.27602 40.446003
v -13.127583 32.327042 40.73624
v -12.679383 33.208138 40.594894
v -13.508025 31.422125 40.86948
v -13.384163 31.354031 40.994095
v -13.253689 31.282301 41.109589
v -13.117117 31.20722 41.215504
v -12.974986 31.129084 41.311424
v -12.827858 31.048199 41.396969
v -13.015081 32.255646 40.86948
v -12.89574 32.179909 40.994095
v -12.770026 32.100128 41.109589
v -12.676313 30.964888 41.471806
v -12.638438 32.016621 41.215504
v -12.501494 31.929714 41.311424
v -12.359735 31.839752 41.396969
v -12.213721 31.747087 41.471806
v -12.52095 30.879475 41.535633
v -11.598837 31.356871 41.658791
v -12.064028 31.65209 41.535633
v -11.911245 31.55513 41.588207
v -11.755978 31.456594 41.629311
v -12.356422 32.973492 40.994095
v -12.578569 33.134892 40.73624
v -12.470774 33.056572 40.86948
v -12.235967 32.885975 41.109589
v -12.109881 32.794369 41.215504
v -11.978665 32.699036 41.311424
v -11.842834 32.600349 41.396969
v -11.702928 32.498699 41.471806
v -11.559494 32.394489 41.535633
v -13.193284 33.581505 39.244987
v -13.160029 33.557346 39.428883
v -13.065859 33.488926 39.787128
v -13.117498 33.526443 39.609837
v -12.565373 34.391006 39.244987
v -13.005316 33.444939 39.960064
v -12.936107 33.394657 40.12796
v -12.533701 34.364803 39.428883
v -12.493194 34.331295 39.609837
v -12.444013 34.290607 39.787128
v -12.386351 34.242905 39.960064
v -12.320436 34.188374 40.12796
v -12.246528 34.127232 40.290154
v -12.164918 34.059719 40.446003
v -12.07593 33.986103 40.594894
v -11.887872 35.159481 39.244987
v -11.857907 35.13134 39.428883
v -11.819585 35.095352 39.609837
v -11.773055 35.051659 39.787128
v -11.718502 35.000431 39.960064
v -11.65614 34.941868 40.12796
v -11.586218 34.876205 40.290154
v -11.509009 34.803703 40.446003
v -11.979914 33.90667 40.73624
v -11.424819 34.724644 40.594894
v -11.877249 33.821739 40.86948
v -11.76834 33.731644 40.994095
v -11.653617 33.636734 41.109589
v -11.533533 33.537392 41.215504
v -11.440443 31.256351 41.676521
v -11.281423 31.155434 41.682442
v -11.122401 31.054516 41.676521
v -10.964008 30.953995 41.658791
v -10.961988 31.960375 41.676521
v -10.806868 30.854271 41.629311
v -10.651599 30.755735 41.588207
v -10.809618 31.849672 41.682442
v -10.657248 31.738968 41.676521
v -10.505478 31.628702 41.658791
v -10.354909 31.519306 41.629311
v -11.413101 32.288128 41.588207
v -11.264327 32.180038 41.629311
v -11.113758 32.070641 41.658791
v -11.00934 33.103741 41.535633
v -11.145947 33.216755 41.471806
v -10.869914 32.9884 41.588207
v -10.440272 32.632969 41.676521
v -10.728221 32.871181 41.629311
v -10.584818 32.752548 41.658791
v -9.9163094 31.200645 41.471806
v -9.7764015 31.098995 41.396969
v -9.3832693 30.81337 41.109589
v -9.2628136 30.725853 40.994095
v -9.5093546 30.904976 41.215504
v -9.6405706 31.000309 41.311424
v -9.4443598 31.809078 41.471806
v -9.1817446 31.591824 41.311424
v -9.3111105 31.698845 41.396969
v -10.059742 31.304855 41.535633
v -10.206135 31.411215 41.588207
v -9.580966 31.922089 41.535633
v -10.295154 32.512917 41.682442
v -10.150034 32.392864 41.676521
v -10.005488 32.273285 41.658791
v -9.8620853 32.154652 41.629311
v -9.7400579 33.142548 41.682442
v -9.7203922 32.037434 41.588207
v -9.466011 32.885201 41.658791
v -9.6027641 33.013618 41.676521
v -9.3303404 32.757797 41.629311
v -9.1962872 32.631912 41.588207
v -11.055634 35.769081 39.787128
v -11.004406 35.714527 39.960064
v -10.945845 35.652164 40.12796
v -10.880183 35.582241 40.290154
v -10.807679 35.505032 40.446003
v -11.33398 34.639339 40.73624
v -10.728619 35.420845 40.594894
v -11.408562 33.434006 41.311424
v -11.279196 33.326988 41.396969
v -11.23685 34.54813 40.86948
v -11.133813 34.45137 40.994095
v -11.025276 34.349449 41.109589
v -10.911667 34.24276 41.215504
v -10.671043 34.0168 41.396969
v -10.793433 34.131733 41.311424
v -10.544978 33.898418 41.471806
v -10.415737 33.777054 41.535633
v -10.28383 33.653183 41.588207
v -10.455347 35.129837 40.994095
v -10.353423 35.021301 41.109589
v -10.246737 34.907692 41.215504
v -10.643315 35.330006 40.73624
v -10.552105 35.232876 40.86948
v -10.149776 33.527298 41.629311
v -10.014105 33.399895 41.658791
v -9.8773518 33.271477 41.676521
v -9.7810278 34.411762 41.535633
v -9.6571589 34.279854 41.588207
v -9.1465235 33.736084 41.682442
v -9.5312738 34.145802 41.629311
v -9.4038706 34.010128 41.658791
v -9.2754507 33.873375 41.676521
v -10.135709 34.789459 41.311424
v -10.020777 34.667068 41.396969
v -9.9023943 34.541004 41.471806
v -9.7356176 35.764366 40.994095
v -9.6407108 35.649643 41.109589
v -9.4379826 35.404587 41.311424
v -9.3309622 35.275219 41.396969
v -9.5413685 35.529556 41.215504
v -9.2207289 35.141972 41.471806
v -9.1077185 35.005363 41.535633
v -11.163455 35.883896 39.244987
v -11.135316 35.853931 39.428883
v -11.099329 35.815609 39.609837
v -10.39498 36.561398 39.244987
v -10.368779 36.529724 39.428883
v -10.335269 36.48922 39.609837
v -10.294582 36.440037 39.787128
v -10.246881 36.382374 39.960064
v -10.19235 36.31646 40.12796
v -10.131208 36.242554 40.290154
v -9.990078 36.071953 40.594894
v -10.063696 36.160942 40.446003
v -9.4489145 37.001339 39.960064
v -9.398632 36.932133 40.12796
v -9.3422508 36.85453 40.290154
v -9.2799959 36.768845 40.446003
v -9.9106464 35.975937 40.73624
v -9.2121115 36.675407 40.594894
v -9.5854826 37.189308 39.244987
v -9.5613213 37.156055 39.428883
v -9.5304203 37.113522 39.609837
v -9.4929028 37.061882 39.787128
v -9.8257151 35.873272 40.86948
v -8.9774666 36.352448 40.994095
v -9.1388655 36.574593 40.73624
v -9.0605478 36.466797 40.86948
v -9.1267767 29.013514 39.244987
v -9.1627979 29.033316 39.428883
v -9.2088671 29.058641 39.609837
v -8.7937164 29.576687 39.244987
v -8.8284235 29.598713 39.428883
v -8.9267035 29.661083 39.787128
v -8.8728104 29.626881 39.609837
v -8.9898901 29.701181 39.960064
v -8.425952 30.117836 39.244987
v -8.4592066 30.141998 39.428883
v -8.5017376 30.172899 39.609837
v -8.5533772 30.210417 39.787128
v -8.6139202 30.254404 39.960064
v -9.0621195 29.747021 40.12796
v -9.1431074 29.798416 40.290154
v -8.6831293 30.304688 40.12796
v -8.7607307 30.361069 40.290154
v -8.9398527 30.491207 40.594894
v -8.8464174 30.423323 40.446003
v -9.0406675 30.564453 40.73624
v -9.1484623 30.642771 40.86948
v -8.0249329 30.634827 39.244987
v -8.0566053 30.661028 39.428883
v -8.0971127 30.694538 39.609837
v -8.1462936 30.735226 39.787128
v -8.2039557 30.782927 39.960064
v -8.3437786 30.8986 40.290154
v -8.2698708 30.837458 40.12796
v -8.4253883 30.966112 40.446003
v -8.5143766 31.039728 40.594894
v -8.6103926 31.11916 40.73624
v -7.971107 31.481392 40.446003
v -8.0552969 31.560452 40.594894
v -8.1461363 31.645756 40.73624
v -7.5922441 31.125616 39.244987
v -7.6222086 31.153755 39.428883
v -7.7070613 31.233437 39.787128
v -7.6605315 31.189743 39.609837
v -7.7616143 31.284666 39.960064
v -7.1295919 31.588268 39.244987
v -7.1577306 31.618233 39.428883
v -7.193718 31.656555 39.609837
v -7.237412 31.703085 39.787128
v -7.8239751 31.343225 40.12796
v -7.893898 31.408888 40.290154
v -7.288641 31.757639 39.960064
v -7.3472018 31.82 40.12796
v -7.4128637 31.889923 40.290154
v -7.4853678 31.967131 40.446003
v -7.5644274 32.051323 40.594894
v -7.6497312 32.142162 40.73624
v -6.7869024 32.199982 39.960064
v -6.9025741 32.339802 40.290154
v -6.8414321 32.265896 40.12796
v -6.9700871 32.421413 40.446003
v -7.0437045 32.510399 40.594894
v -7.123136 32.606419 40.73624
v -8.7130575 31.204092 40.86948
v -8.8219662 31.294189 40.994095
v -8.9366894 31.389097 41.109589
v -9.0567732 31.48844 41.215504
v -8.346303 31.833725 40.994095
v -8.2432661 31.736967 40.86948
v -8.9351377 32.386677 41.471806
v -8.568449 32.042336 41.215504
v -8.6866827 32.153362 41.311424
v -8.8090734 32.268295 41.396969
v -8.4548397 31.935648 41.109589
v -7.9396234 32.450863 41.109589
v -8.2722702 32.805096 41.396969
v -8.3906527 32.931164 41.471806
v -8.0463095 32.564472 41.215504
v -8.1573381 32.682709 41.311424
v -9.0643787 32.508041 41.535633
v -8.6358881 33.19231 41.588207
v -8.5120182 33.060402 41.535633
v -7.740942 32.239292 40.86948
v -7.8376999 32.342327 40.994095
v -7.3930721 32.932713 41.109589
v -7.4924145 33.052799 41.215504
v -7.2080679 32.709084 40.86948
v -7.2981653 32.817989 40.994095
v -8.8891764 33.462036 41.658791
v -9.0175953 33.598789 41.676521
v -8.7617731 33.326366 41.629311
v -8.6369438 34.436295 41.676521
v -8.5168915 34.291176 41.682442
v -8.0414076 33.716415 41.588207
v -7.926065 33.576992 41.535633
v -8.3968391 34.146057 41.676521
v -8.2772598 34.001514 41.658791
v -8.1586266 33.858109 41.629311
v -8.8751564 34.724247 41.629311
v -8.7565231 34.580841 41.658791
v -8.9923754 34.86594 41.588207
v -8.3984642 35.555519 41.535633
v -8.5026741 35.698952 41.471806
v -7.8536472 34.805641 41.682442
v -7.9643507 34.958012 41.676521
v -8.1840124 35.260353 41.629311
v -8.2921038 35.409126 41.588207
v -8.0746174 35.109783 41.658791
v -7.8130536 33.440384 41.471806
v -7.7028203 33.307137 41.396969
v -7.5957999 33.177769 41.311424
v -6.7298284 33.258839 40.994095
v -6.8173442 33.379295 41.109589
v -7.1029711 33.772427 41.396969
v -7.0042849 33.636597 41.311424
v -6.9089503 33.505379 41.215504
v -7.2046204 33.912334 41.471806
v -7.3088307 34.055767 41.535633
v -7.5232821 34.350933 41.629311
v -7.4151912 34.20216 41.588207
v -7.7429438 34.653271 41.676521
v -7.6326766 34.501503 41.658791
v -7.3608456 35.59486 41.658791
v -7.2603259 35.436466 41.676521
v -6.9579711 34.960033 41.658791
v -6.7597103 34.647625 41.588207
v -6.8582463 34.802891 41.629311
v -7.1594081 35.277447 41.682442
v -7.0584903 35.118427 41.676521
v -6.6388021 32.020958 39.244987
v -6.6650038 32.052631 39.428883
v -6.698514 32.093136 39.609837
v -6.7392006 32.142319 39.787128
v -6.1459737 32.455231 39.428883
v -6.1768742 32.497761 39.609837
v -6.2143922 32.5494 39.787128
v -6.1218123 32.421978 39.244987
v -5.5806623 32.789742 39.244987
v -5.6026878 32.824448 39.428883
v -6.2583795 32.609943 39.960064
v -5.630857 32.868835 39.609837
v -5.6650586 32.922729 39.787128
v -6.3086629 32.679153 40.12796
v -6.3650432 32.756756 40.290154
v -6.4272985 32.842442 40.446003
v -6.4951835 32.935879 40.594894
v -5.7051573 32.985916 39.960064
v -5.7509956 33.058144 40.12796
v -6.568429 33.03669 40.73624
v -5.8023925 33.139133 40.290154
v -5.8591447 33.228558 40.446003
v -5.9210286 33.326073 40.594894
v -5.9877996 33.431286 40.73624
v -5.017488 33.122803 39.244987
v -5.037291 33.158821 39.428883
v -5.0626173 33.204891 39.609837
v -5.0933676 33.260826 39.787128
v -5.1294198 33.326405 39.960064
v -4.4345121 33.419842 39.244987
v -4.452014 33.457035 39.428883
v -4.4743977 33.504604 39.609837
v -4.501575 33.562359 39.787128
v -4.5334387 33.630074 39.960064
v -5.2168422 33.485424 40.290154
v -5.1706324 33.401371 40.12796
v -5.2678676 33.578239 40.446003
v -5.3235064 33.679447 40.594894
v -5.3835392 33.788647 40.73624
v -4.5698628 33.707478 40.12796
v -4.6107039 33.79427 40.290154
v -4.6558003 33.890102 40.446003
v -4.7049742 33.994602 40.594894
v -4.7580323 34.107357 40.73624
v -6.6467471 33.144485 40.86948
v -6.1349316 33.663128 40.994095
v -6.2147117 33.788841 41.109589
v -6.3851271 34.057373 41.311424
v -6.5677533 34.345146 41.471806
v -6.47509 34.199135 41.396969
v -6.2982202 33.920429 41.215504
v -6.0591946 33.543789 40.86948
v -5.5158229 34.02927 40.994095
v -5.5875521 34.159744 41.109589
v -5.6626334 34.296314 41.215504
v -5.8216543 34.585575 41.396969
v -5.9049664 34.737118 41.471806
v -5.7407699 34.438446 41.311424
v -6.6627517 34.494843 41.535633
v -6.3461809 35.539684 41.676521
v -6.0775523 35.051052 41.588207
v -6.1661444 35.2122 41.629311
v -6.2558055 35.375294 41.658791
v -5.9903784 34.892483 41.535633
v -5.4497075 35.577244 41.629311
v -5.4477291 33.905407 40.86948
v -4.814764 34.227921 40.86948
v -4.9383411 34.490532 41.109589
v -5.0046988 34.63155 41.215504
v -5.0737567 34.778305 41.311424
v -5.1452432 34.930222 41.396969
v -5.2188754 35.0867 41.471806
v -4.8749461 34.355812 40.994095
v -4.327013 34.924812 41.215504
v -4.4485264 35.23172 41.396969
v -4.3867197 35.075615 41.311424
v -4.512188 35.392509 41.471806
v -5.2943635 35.24712 41.535633
v -5.3714089 35.410851 41.588207
v -4.5774541 35.557354 41.535633
v -8.7381544 37.765152 39.244987
v -8.7161293 37.730446 39.428883
v -8.6879597 37.686058 39.609837
v -8.653758 37.632164 39.787128
v -8.6136589 37.568981 39.960064
v -7.7804618 38.148632 39.787128
v -8.5678205 37.49675 40.12796
v -8.397788 37.228821 40.594894
v -8.5164242 37.41576 40.290154
v -8.459672 37.326336 40.446003
v -7.7444091 38.083054 39.960064
v -7.7031965 38.008087 40.12796
v -7.6569867 37.92403 40.290154
v -8.3310165 37.123608 40.73624
v -7.550323 37.730011 40.594894
v -7.6059613 37.831219 40.446003
v -8.7030096 35.974689 41.311424
v -8.8899498 36.231991 41.109589
v -8.7983437 36.105907 41.215504
v -8.6043234 35.83886 41.396969
v -8.1838856 36.891766 40.994095
v -8.104105 36.766052 41.109589
v -8.0205965 36.634464 41.215504
v -7.9336896 36.49752 41.311424
v -7.8437266 36.355759 41.396969
v -8.2596216 37.011105 40.86948
v -7.7510633 36.209747 41.471806
v -7.0521746 36.823883 41.396969
v -6.9688625 36.672337 41.471806
v -7.5591063 35.907269 41.588207
v -7.656065 36.060051 41.535633
v -7.4605703 35.752003 41.629311
v -6.6180239 36.034164 41.658791
v -6.7076845 36.197258 41.629311
v -6.8834505 36.516975 41.535633
v -6.7962766 36.358406 41.588207
v -7.4260998 37.504051 40.86948
v -7.358006 37.380188 40.994095
v -7.2862768 37.249714 41.109589
v -7.2111959 37.11314 41.215504
v -7.4902897 37.620811 40.73624
v -7.133059 36.971012 41.311424
v -6.6200023 38.064243 40.73624
v -6.5632701 37.943684 40.86948
v -7.8563409 38.286655 39.244987
v -7.8365383 38.250633 39.428883
v -7.8112116 38.204567 39.609837
v -6.943522 38.751759 39.244987
v -6.9260201 38.714565 39.428883
v -6.8764591 38.609245 39.787128
v -6.9036365 38.667 39.609837
v -6.8081713 38.464127 40.12796
v -6.8445954 38.541531 39.960064
v -6.7673306 38.377335 40.290154
v -6.7222338 38.281498 40.446003
v -6.6730599 38.176998 40.594894
v -6.527648 35.869774 41.676521
v -6.4369144 35.704727 41.682442
v -6.0066257 36.760754 41.588207
v -5.6088257 35.915386 41.676521
v -5.5289507 35.745644 41.658791
v -5.6890173 36.0858 41.682442
v -5.8490834 36.425961 41.658791
v -5.7692084 36.256218 41.676521
v -5.9283266 36.59436 41.629311
v -6.3042774 37.393295 41.311424
v -6.2327909 37.241379 41.396969
v -6.503088 37.815788 40.994095
v -6.439693 37.681068 41.109589
v -6.3733354 37.540051 41.215504
v -6.1591587 37.084904 41.471806
v -5.3888092 37.606602 41.396969
v -5.4506159 37.762707 41.311424
v -5.5103226 37.913509 41.215504
v -5.5676947 38.058414 41.109589
v -6.0836706 36.924484 41.535633
v -4.8493352 36.244045 41.676521
v -4.9186678 36.419163 41.682442
v -4.9880004 36.594276 41.676521
v -5.0570598 36.7687 41.658791
v -4.6440668 35.725597 41.588207
v -4.7117629 35.89658 41.629311
v -4.7802758 36.069622 41.658791
v -5.3251476 37.445812 41.471806
v -4.5235605 37.918114 41.396969
v -4.5754428 38.077789 41.311424
v -4.4701204 37.753639 41.471806
v -5.1255727 36.941742 41.629311
v -5.1932688 37.112724 41.588207
v -5.2598815 37.280968 41.535633
v -4.2450776 37.061031 41.658791
v -4.3594165 37.41293 41.588207
v -4.3025899 37.238033 41.629311
v -4.4153337 37.585026 41.535633
v -6.0033002 39.15863 39.244987
v -5.9453182 39.012184 39.787128
v -5.9881682 39.120411 39.428883
v -5.9688153 39.071533 39.609837
v -5.9177694 38.942604 39.960064
v -5.8862777 38.863064 40.12796
v -5.7694612 38.56802 40.594894
v -5.8119769 38.675404 40.446003
v -5.8509669 38.77388 40.290154
v -4.9675884 39.284691 39.960064
v -4.941153 39.203331 40.12796
v -4.8787823 39.011372 40.446003
v -5.723588 38.45216 40.73624
v -4.8430934 38.901535 40.594894
v -4.9115119 39.112103 40.290154
v -5.0393863 39.505661 39.244987
v -5.0266838 39.466568 39.428883
v -5.0104384 39.416569 39.609837
v -4.9907141 39.355862 39.787128
v -4.055584 39.791481 39.244987
v -5.6225052 38.196854 40.994095
v -5.6745381 38.328274 40.86948
v -4.7197332 38.52187 40.994095
v -4.7634115 38.6563 40.86948
v -4.8045859 38.78302 40.73624
v -4.6737232 38.380264 41.109589
v -4.6255631 38.232044 41.215504
v -3.8340354 33.679691 39.244987
v -3.8491671 33.717911 39.428883
v -3.86852 33.766792 39.609837
v -3.8920171 33.826138 39.787128
v -3.2184272 33.901325 39.244987
v -3.2311294 33.940418 39.428883
v -3.9195662 33.895718 39.960064
v -3.2473748 33.990417 39.609837
v -3.2670994 34.051121 39.787128
v -3.9510581 33.975258 40.12796
v -3.9863687 34.064442 40.290154
v -4.0253587 34.162922 40.446003
v -3.2902248 34.122295 39.960064
v -3.3166604 34.203655 40.12796
v -4.067874 34.270302 40.594894
v -4.1137476 34.386166 40.73624
v -3.3463013 34.29488 40.290154
v -3.4147201 34.505451 40.594894
v -3.3790309 34.395611 40.446003
v -3.4532275 34.623966 40.73624
v -2.5901175 34.083866 39.244987
v -2.6003399 34.12368 39.428883
v -2.6134138 34.174599 39.609837
v -2.6292875 34.236423 39.787128
v -1.9515857 34.226593 39.244987
v -1.959288 34.266972 39.428883
v -2.6478984 34.308907 39.960064
v -1.9691389 34.318611 39.609837
v -1.9810994 34.38131 39.787128
v -2.6691732 34.391769 40.12796
v -2.6930275 34.484676 40.290154
v -2.7193677 34.587261 40.446003
v -2.7480893 34.699127 40.594894
v -2.7790794 34.819824 40.73624
v -1.9951222 34.454823 39.960064
v -2.011152 34.538853 40.12796
v -2.0291257 34.633076 40.290154
v -2.0489724 34.737114 40.446003
v -2.0706134 34.850559 40.594894
v -4.162797 34.510052 40.86948
v -4.2148299 34.641472 40.994095
v -4.2696409 34.779907 41.109589
v -3.6823704 35.329197 41.311424
v -3.7342529 35.488873 41.396969
v -3.4944017 34.750687 40.86948
v -3.53808 34.885117 40.994095
v -3.58409 35.026718 41.109589
v -3.6322503 35.174942 41.215504
v -2.8122156 34.948879 40.86948
v -2.8473668 35.085785 40.994095
v -2.8843946 35.23 41.109589
v -2.9231529 35.380955 41.215504
v -2.0939636 34.972965 40.73624
v -2.1189306 35.103848 40.86948
v -2.1454163 35.242691 40.994095
v -2.1733158 35.388947 41.109589
v -1.3053517 34.328949 39.244987
v -1.3105037 34.369728 39.428883
v -1.3170925 34.421886 39.609837
v -1.3250926 34.48521 39.787128
v -1.3344719 34.55946 39.960064
v -1.3451939 34.644329 40.12796
v -1.3572159 34.739494 40.290154
v -1.3704906 34.844574 40.446003
v -1.3849655 34.959156 40.594894
v -1.4005837 35.082787 40.73624
v -0.65396637 34.390522 39.244987
v -0.65654737 34.431545 39.428883
v -0.65984833 34.484013 39.609837
v -0.66385627 34.547718 39.787128
v -0.6685552 34.622406 39.960064
v 0 34.411072 39.244987
v 0 34.452179 39.428883
v 0 34.504749 39.609837
v 0 34.568581 39.787128
v 0 34.643417 39.960064
v -0.67392677 34.707783 40.12796
v -0.67994964 34.803516 40.290154
v -0.68660015 34.909222 40.446003
v -0.69385195 35.024487 40.594894
v -0.70167649 35.148853 40.73624
v 0 34.728962 40.12796
v 0 34.824883 40.290154
v 0 34.930798 40.446003
v 0 35.046291 40.594894
v 0 35.170902 40.73624
v -1.4172834 35.214977 40.86948
v -1.4349988 35.355209 40.994095
v -0.71004283 35.281834 40.86948
v -0.71891803 35.422897 40.994095
v 0 35.304146 40.86948
v -3.787693 35.653343 41.471806
v -3.9552233 36.168949 41.629311
v -3.8424797 35.82196 41.535633
v -3.8983967 35.994057 41.588207
v -4.0127358 36.345955 41.658791
v -4.0707064 36.524372 41.676521
v -4.1289067 36.703491 41.682442
v -3.0923407 36.039898 41.535633
v -3.1830745 36.39328 41.629311
v -3.1373415 36.215164 41.588207
v -3.2293589 36.573547 41.658791
v -3.2760124 36.755249 41.676521
v -4.1871071 36.882614 41.676521
v -3.5974517 38.007175 41.471806
v -3.3228507 36.937675 41.682442
v -3.369689 37.120098 41.676521
v -3.4163425 37.3018 41.658791
v -3.4626272 37.482067 41.629311
v -3.5083599 37.660183 41.588207
v -3.5533607 37.835449 41.535633
v -2.9634883 35.538052 41.311424
v -3.0052423 35.700672 41.396969
v -3.0482497 35.868172 41.471806
v -2.2025192 35.542034 41.215504
v -2.2329109 35.701355 41.311424
v -2.2643714 35.866276 41.396969
v -2.2967763 36.036148 41.471806
v -2.4332373 36.751503 41.658791
v -2.3299978 36.2103 41.535633
v -2.3639047 36.388046 41.588207
v -2.3983631 36.568684 41.629311
v -2.4683895 36.935776 41.676521
v -2.5036809 37.120781 41.682442
v -2.5389724 37.305782 41.676521
v -2.5741246 37.490059 41.658791
v -2.6089988 37.672874 41.629311
v -2.6434574 37.853512 41.588207
v -3.9263337 39.288086 40.446003
v -3.8976121 39.17622 40.594894
v -4.0453615 39.751667 39.428883
v -4.0322876 39.700748 39.609837
v -4.0164137 39.638924 39.787128
v -3.997803 39.566441 39.960064
v -3.0262625 39.860249 39.787128
v -3.0557764 40.014965 39.244987
v -3.048074 39.974586 39.428883
v -3.038223 39.922947 39.609837
v -3.9765282 39.483578 40.12796
v -3.9526739 39.390671 40.290154
v -3.0122397 39.786739 39.960064
v -2.9962099 39.702705 40.12796
v -3.866622 39.055523 40.73624
v -2.9367485 39.390999 40.594894
v -2.9583895 39.504448 40.446003
v -2.9782362 39.608486 40.290154
v -2.0439088 40.175228 39.244987
v -2.0387571 40.134449 39.428883
v -2.0321681 40.082291 39.609837
v -2.024168 40.018967 39.787128
v -2.0040667 39.859848 40.12796
v -2.9133983 39.268593 40.73624
v -1.964295 39.545021 40.594894
v -1.9920448 39.764683 40.290154
v -1.97877 39.659603 40.446003
v -2.0147886 39.944717 39.960064
v -3.6404591 38.174675 41.396969
v -3.6822131 38.337296 41.311424
v -3.7225487 38.494392 41.215504
v -3.7613068 38.645348 41.109589
v -3.8334858 38.926468 40.86948
v -3.7983346 38.789562 40.994095
v -2.7429905 38.375286 41.396969
v -2.774451 38.540207 41.311424
v -2.7105856 38.205414 41.471806
v -2.8619456 38.998867 40.994095
v -2.8884313 39.137711 40.86948
v -2.8340461 38.852615 41.109589
v -2.8048429 38.699524 41.215504
v -1.8346967 38.519146 41.396969
v -1.9142618 39.148968 40.994095
v -1.8760676 38.84663 41.215504
v -1.8557396 38.685715 41.311424
v -1.8956008 39.001251 41.109589
v -2.6773641 38.031258 41.535633
v -1.7908014 38.171677 41.535633
v -1.8130221 38.347572 41.471806
v -1.9486769 39.421391 40.73624
v -1.9319772 39.2892 40.86948
v -1.4536599 35.502926 41.109589
v -1.4731929 35.657547 41.215504
v -1.4935211 35.818462 41.311424
v -1.5145639 35.985031 41.396969
v -1.5362386 36.156605 41.471806
v -0.72826701 35.571495 41.109589
v -0.73805285 35.727039 41.215504
v -0.74823701 35.888912 41.311424
v -0.75877923 36.056477 41.396969
v -0.76963794 36.229069 41.471806
v -1.5584593 36.3325 41.535633
v -1.5811385 36.512024 41.588207
v -1.6041867 36.694469 41.629311
v -0.7807703 36.406013 41.535633
v -0.79213232 36.586609 41.588207
v -1.6275128 36.879116 41.658791
v -1.6746303 37.252087 41.682442
v -1.6510251 37.065231 41.676521
v -1.6982356 37.438942 41.676521
v -1.7217478 37.625061 41.658791
v -1.7450739 37.809708 41.629311
v -1.7681222 37.992153 41.588207
v -0.80367923 36.770142 41.629311
v -0.81536537 36.955887 41.658791
v -0.82714468 37.143112 41.676521
v -0.83897066 37.331081 41.682442
v -0.85079664 37.519051 41.676521
v -0.86257601 37.706276 41.658791
v -0.87426215 37.892025 41.629311
v 0 35.445492 40.994095
v 0 35.594383 41.109589
v 0 35.750233 41.215504
v 0 35.912426 41.311424
v 0 36.080322 41.396969
v 0 36.253258 41.471806
v 0 36.43055 41.535633
v 0 36.6115 41.588207
v 0 36.795395 41.629311
v 0 36.98151 41.658791
v 0 37.169106 41.676521
v 0 37.357449 41.682442
v 0 37.545788 41.676521
v 0 37.733383 41.658791
v 0 37.919498 41.629311
v -1.023975 40.271641 39.244987
v -1.021394 40.230618 39.428883
v -1.0140851 40.114445 39.787128
v -1.018093 40.17815 39.609837
v -0.98408943 39.637676 40.594894
v -0.99134123 39.752941 40.446003
v -1.0093862 40.039757 39.960064
v -1.0040146 39.95438 40.12796
v -0.99799168 39.858646 40.290154
v 0 40.303822 39.244987
v 0 40.262714 39.428883
v 0 40.210144 39.609837
v 0 40.146317 39.787128
v 0 39.784096 40.446003
v -0.97626489 39.513309 40.73624
v 0 39.668606 40.594894
v 0 40.07148 39.960064
v 0 39.985931 40.12796
v 0 39.890011 40.290154
v -0.90830338 38.433094 41.471806
v -0.91916209 38.605686 41.396969
v -0.92970431 38.773251 41.311424
v -0.93988848 38.935123 41.215504
v -0.94967437 39.090668 41.109589
v -0.89717102 38.256149 41.535633
v -0.885809 38.075554 41.588207
v -0.95902336 39.239265 40.994095
v -0.96789855 39.380329 40.86948
v 0 38.634575 41.396969
v 0 38.802467 41.311424
v 0 38.964661 41.215504
v 0 39.12051 41.109589
v 0 38.461639 41.471806
v 0 38.284344 41.535633
v 0 38.103394 41.588207
v 0 39.269402 40.994095
v 0 39.410748 40.86948
v 0 39.543991 40.73624
v 13.907413 20.041508 41.471806
v 14.067576 19.973242 41.396969
v 14.011149 20.398573 41.471806
v 15.289684 19.682062 40.290154
v 15.292061 20.069691 40.446003
v 15.060606 19.686779 40.594894
v 15.180197 20.098412 40.594894
v 15.059499 20.129402 40.73624
v 15.795457 19.940441 39.244987
v 15.755643 19.950663 39.428883
v 15.653164 19.786268 39.609837
v 15.704723 19.963737 39.609837
v 15.6429 19.97961 39.787128
v 15.570415 19.998222 39.960064
v 15.487555 20.019497 40.12796
v 15.392987 19.693993 40.12796
v 15.394649 20.04335 40.290154
v 14.525783 19.809488 41.109589
v 14.649323 20.234718 41.109589
v 14.793537 20.197689 40.994095
v 14.498369 20.273476 41.215504
v 14.341272 20.313812 41.311424
v 14.224769 19.912802 41.311424
v 14.178652 20.355566 41.396969
v 14.420427 19.848017 41.185684
v 14.930442 20.162539 40.86948
v 9.5477629 30.05522 36.496395
v 9.4352627 29.983824 36.629635
v 9.1484623 30.642771 36.496395
v 8.6139202 30.254404 37.405811
v 8.6831293 30.304688 37.237915
v 8.9898901 29.701181 37.405811
v 9.1431074 29.798416 37.075726
v 9.405345 29.166656 37.237915
v 9.0621195 29.747021 37.237915
v 9.4894009 29.212868 37.075726
v 9.2325344 29.855169 36.919872
v 9.3303804 29.125444 37.405811
v 8.8464174 30.423323 36.919872
v 8.9398527 30.491207 36.770981
v 9.3300486 29.917053 36.770981
v 9.5822153 29.263891 36.919872
v 9.0406675 30.564453 36.629635
v 8.7607307 30.361069 37.075726
v 9.5085793 28.470423 37.756039
v 9.4610119 28.448038 37.936993
v 9.2088671 29.058641 37.756039
v 9.5663338 28.497601 37.578747
v 9.264801 29.089392 37.578747
v 9.1627979 29.033316 37.936993
v 9.4238186 28.430536 38.120888
v 9.1267767 29.013514 38.120888
v 9.3971462 28.417986 38.306999
v 9.1009455 28.999311 38.306999
v 9.3811007 28.410435 38.494598
v 9.0854063 28.990768 38.494598
v 9.3757448 28.407915 38.682938
v 9.0802193 28.987917 38.682938
v 9.3811007 28.410435 38.871277
v 9.0854063 28.990768 38.871277
v 9.3971462 28.417986 39.058876
v 9.1009455 28.999311 39.058876
v 8.5533772 30.210417 37.578747
v 8.9267035 29.661083 37.578747
v 8.8728104 29.626881 37.756039
v 8.5017376 30.172899 37.756039
v 8.8284235 29.598713 37.936993
v 8.4592066 30.141998 37.936993
v 8.7937164 29.576687 38.120888
v 8.425952 30.117836 38.120888
v 8.7688284 29.560892 38.306999
v 8.4021044 30.10051 38.306999
v 8.7538557 29.55139 38.494598
v 8.3877573 30.090088 38.494598
v 8.7488585 29.548218 38.682938
v 8.3829689 30.086609 38.682938
v 7.9885569 30.604734 38.494598
v 8.7538557 29.55139 38.871277
v 8.3877573 30.090088 38.871277
v 8.7688284 29.560892 39.058876
v 8.4021044 30.10051 39.058876
v 7.9839964 30.60096 38.682938
v 7.9885569 30.604734 38.871277
v 0.70167649 35.148853 36.629635
v 0.71004283 35.281834 36.496395
v 0.71891803 35.422897 36.37178
v 1.4172834 35.214977 36.496395
v 1.4005837 35.082787 36.629635
v 0.6685552 34.622406 37.405811
v 0.68660015 34.909222 36.919872
v 0.69385195 35.024487 36.770981
v 0.67994964 34.803516 37.075726
v 0.67392677 34.707783 37.237915
v 1.3344719 34.55946 37.405811
v 1.3451939 34.644329 37.237915
v 1.3704906 34.844574 36.919872
v 1.3572159 34.739494 37.075726
v 1.3849655 34.959156 36.770981
v 2.0939636 34.972965 36.629635
v 1.4349988 35.355209 36.37178
v 2.1189306 35.103848 36.496395
v 2.1454163 35.242691 36.37178
v 2.7790794 34.819824 36.629635
v 2.011152 34.538853 37.237915
v 1.9951222 34.454823 37.405811
v 2.0706134 34.850559 36.770981
v 2.0489724 34.737114 36.919872
v 2.0291257 34.633076 37.075726
v 2.6691732 34.391769 37.237915
v 2.6930275 34.484676 37.075726
v 2.6478984 34.308907 37.405811
v 2.7480893 34.699127 36.770981
v 2.7193677 34.587261 36.919872
v 0.66385627 34.547718 37.578747
v 0.65984833 34.484013 37.756039
v 0.65654737 34.431545 37.936993
v 0.65396637 34.390522 38.120888
v 0.65211546 34.361103 38.306999
v 1.3170925 34.421886 37.756039
v 1.3250926 34.48521 37.578747
v 1.3105037 34.369728 37.936993
v 1.3053517 34.328949 38.120888
v 1.3016573 34.299702 38.306999
v 0.65100199 34.343403 38.494598
v 0.6506303 34.337498 38.682938
v 0.65100199 34.343403 38.871277
v 0.65211546 34.361103 39.058876
v 1.2994348 34.282108 38.494598
v 1.2986929 34.276237 38.682938
v 1.2994348 34.282108 38.871277
v 1.3016573 34.299702 39.058876
v 1.9691389 34.318611 37.756039
v 1.959288 34.266972 37.936993
v 1.9810994 34.38131 37.578747
v 1.9515857 34.226593 38.120888
v 1.9460621 34.197639 38.306999
v 2.6292875 34.236423 37.578747
v 2.6134138 34.174599 37.756039
v 2.6003399 34.12368 37.936993
v 2.5901175 34.083866 38.120888
v 1.9427392 34.180222 38.494598
v 1.9416301 34.174408 38.682938
v 1.9427392 34.180222 38.871277
v 1.9460621 34.197639 39.058876
v 2.5827866 34.055313 38.306999
v 2.5783765 34.038139 38.494598
v 2.5769045 34.032406 38.682938
v 2.5783765 34.038139 38.871277
v 2.5827866 34.055313 39.058876
v 2.8122156 34.948879 36.496395
v 2.1733158 35.388947 36.25629
v 2.8473668 35.085785 36.37178
v 2.8843946 35.23 36.25629
v 3.6322503 35.174942 36.150375
v 3.58409 35.026718 36.25629
v 2.9231529 35.380955 36.150375
v 3.4532275 34.623966 36.629635
v 3.4944017 34.750687 36.496395
v 3.53808 34.885117 36.37178
v 3.3166604 34.203655 37.237915
v 3.2902248 34.122295 37.405811
v 3.3463013 34.29488 37.075726
v 3.4147201 34.505451 36.770981
v 3.3790309 34.395611 36.919872
v 3.9195662 33.895718 37.405811
v 3.9510581 33.975258 37.237915
v 4.0253587 34.162922 36.919872
v 4.6558003 33.890102 36.919872
v 4.6107039 33.79427 37.075726
v 3.9863687 34.064442 37.075726
v 4.5698628 33.707478 37.237915
v 4.5334387 33.630074 37.405811
v 4.1137476 34.386166 36.629635
v 4.162797 34.510052 36.496395
v 4.2148299 34.641472 36.37178
v 4.327013 34.924812 36.150375
v 4.2696409 34.779907 36.25629
v 3.6823704 35.329197 36.054455
v 3.7342529 35.488873 35.968906
v 4.3867197 35.075615 36.054455
v 4.7580323 34.107357 36.629635
v 4.814764 34.227921 36.496395
v 4.8749461 34.355812 36.37178
v 4.9383411 34.490532 36.25629
v 4.4485264 35.23172 35.968906
v 5.0046988 34.63155 36.150375
v 4.512188 35.392509 35.89407
v 5.1452432 34.930222 35.968906
v 5.0737567 34.778305 36.054455
v 4.067874 34.270302 36.770981
v 4.7049742 33.994602 36.770981
v 3.2184272 33.901325 38.120888
v 3.2473748 33.990417 37.756039
v 3.2311294 33.940418 37.936993
v 3.8920171 33.826138 37.578747
v 3.2670994 34.051121 37.578747
v 3.86852 33.766792 37.756039
v 3.2093182 33.873291 38.306999
v 3.8491671 33.717911 37.936993
v 3.8340354 33.679691 38.120888
v 3.2038383 33.856426 38.494598
v 3.2020092 33.850796 38.682938
v 3.2038383 33.856426 38.871277
v 3.2093182 33.873291 39.058876
v 3.823184 33.652287 38.306999
v 3.8166559 33.635796 38.494598
v 3.814477 33.630295 38.682938
v 3.8166559 33.635796 38.871277
v 3.823184 33.652287 39.058876
v 4.4743977 33.504604 37.756039
v 4.501575 33.562359 37.578747
v 4.452014 33.457035 37.936993
v 4.4345121 33.419842 38.120888
v 5.037291 33.158821 37.936993
v 5.017488 33.122803 38.120888
v 5.0626173 33.204891 37.756039
v 4.4219613 33.393169 38.306999
v 4.4144111 33.377125 38.494598
v 4.411891 33.371769 38.682938
v 4.4144111 33.377125 38.871277
v 4.4219613 33.393169 39.058876
v 5.0032873 33.09697 38.306999
v 4.9947443 33.081432 38.494598
v 4.9918928 33.076244 38.682938
v 4.9947443 33.081432 38.871277
v 5.0032873 33.09697 39.058876
v 0.79213232 36.586609 35.777668
v 0.80367923 36.770142 35.736565
v 0.81536537 36.955887 35.707088
v 0.82714468 37.143112 35.689354
v 0.83897066 37.331081 35.683434
v 0.85079664 37.519051 35.689354
v 0.86257601 37.706276 35.707088
v 1.5811385 36.512024 35.777668
v 1.6041867 36.694469 35.736565
v 1.6275128 36.879116 35.707088
v 1.6510251 37.065231 35.689354
v 1.6746303 37.252087 35.683434
v 1.6982356 37.438942 35.689354
v 0.87426215 37.892025 35.736565
v 1.7217478 37.625061 35.707088
v 2.3639047 36.388046 35.777668
v 2.3983631 36.568684 35.736565
v 1.7450739 37.809708 35.736565
v 2.4332373 36.751503 35.707088
v 2.4683895 36.935776 35.689354
v 2.5036809 37.120781 35.683434
v 2.5389724 37.305782 35.689354
v 2.5741246 37.490059 35.707088
v 1.7681222 37.992153 35.777668
v 2.6089988 37.672874 35.736565
v 0.885809 38.075554 35.777668
v 2.6434574 37.853512 35.777668
v 3.1373415 36.215164 35.777668
v 3.1830745 36.39328 35.736565
v 3.2293589 36.573547 35.707088
v 3.8983967 35.994057 35.777668
v 3.9552233 36.168949 35.736565
v 3.2760124 36.755249 35.689354
v 4.0127358 36.345955 35.707088
v 3.3228507 36.937675 35.683434
v 3.369689 37.120098 35.689354
v 3.4163425 37.3018 35.707088
v 3.4626272 37.482067 35.736565
v 3.5083599 37.660183 35.777668
v 4.0707064 36.524372 35.689354
v 4.7117629 35.89658 35.736565
v 4.6440668 35.725597 35.777668
v 4.7802758 36.069622 35.707088
v 4.1289067 36.703491 35.683434
v 4.8493352 36.244045 35.689354
v 4.9186678 36.419163 35.683434
v 4.1871071 36.882614 35.689354
v 4.2450776 37.061031 35.707088
v 4.3025899 37.238033 35.736565
v 4.3594165 37.41293 35.777668
v 4.9880004 36.594276 35.689354
v 5.0570598 36.7687 35.707088
v 5.1255727 36.941742 35.736565
v 0.73805285 35.727039 36.150375
v 0.72826701 35.571495 36.25629
v 0.74823701 35.888912 36.054455
v 0.75877923 36.056477 35.968906
v 0.76963794 36.229069 35.89407
v 0.7807703 36.406013 35.830242
v 1.4731929 35.657547 36.150375
v 1.4935211 35.818462 36.054455
v 1.4536599 35.502926 36.25629
v 1.5145639 35.985031 35.968906
v 1.5362386 36.156605 35.89407
v 1.5584593 36.3325 35.830242
v 2.2025192 35.542034 36.150375
v 2.2329109 35.701355 36.054455
v 2.2643714 35.866276 35.968906
v 2.2967763 36.036148 35.89407
v 2.3299978 36.2103 35.830242
v 0.89717102 38.256149 35.830242
v 0.90830338 38.433094 35.89407
v 0.91916209 38.605686 35.968906
v 0.92970431 38.773251 36.054455
v 0.93988848 38.935123 36.150375
v 0.94967437 39.090668 36.25629
v 0.95902336 39.239265 36.37178
v 0.96789855 39.380329 36.496395
v 0.97626489 39.513309 36.629635
v 0.98408943 39.637676 36.770981
v 0.99134123 39.752941 36.919872
v 0.99799168 39.858646 37.075726
v 1.0040146 39.95438 37.237915
v 1.0093862 40.039757 37.405811
v 1.7908014 38.171677 35.830242
v 1.8130221 38.347572 35.89407
v 1.8346967 38.519146 35.968906
v 1.8557396 38.685715 36.054455
v 1.8760676 38.84663 36.150375
v 1.8956008 39.001251 36.25629
v 2.6773641 38.031258 35.830242
v 2.7105856 38.205414 35.89407
v 2.7429905 38.375286 35.968906
v 2.774451 38.540207 36.054455
v 2.8048429 38.699524 36.150375
v 1.9142618 39.148968 36.37178
v 2.8340461 38.852615 36.25629
v 1.9319772 39.2892 36.496395
v 1.9486769 39.421391 36.629635
v 2.8619456 38.998867 36.37178
v 2.8884313 39.137711 36.496395
v 1.964295 39.545021 36.770981
v 1.97877 39.659603 36.919872
v 1.9920448 39.764683 37.075726
v 2.0040667 39.859848 37.237915
v 2.0147886 39.944717 37.405811
v 2.9133983 39.268593 36.629635
v 2.9367485 39.390999 36.770981
v 2.9583895 39.504448 36.919872
v 2.9782362 39.608486 37.075726
v 2.9962099 39.702705 37.237915
v 1.0140851 40.114445 37.578747
v 1.018093 40.17815 37.756039
v 1.021394 40.230618 37.936993
v 1.023975 40.271641 38.120888
v 1.0258259 40.30106 38.306999
v 1.0269394 40.31876 38.494598
v 1.0273111 40.324665 38.682938
v 1.0269394 40.31876 38.871277
v 1.0258259 40.30106 39.058876
v 2.024168 40.018967 37.578747
v 2.0321681 40.082291 37.756039
v 2.0387571 40.134449 37.936993
v 2.0439088 40.175228 38.120888
v 3.0122397 39.786739 37.405811
v 2.0476034 40.204475 38.306999
v 2.0498259 40.222069 38.494598
v 2.0505676 40.22794 38.682938
v 2.0498259 40.222069 38.871277
v 2.0476034 40.204475 39.058876
v 3.0052423 35.700672 35.968906
v 2.9634883 35.538052 36.054455
v 3.0482497 35.868172 35.89407
v 3.0923407 36.039898 35.830242
v 3.787693 35.653343 35.89407
v 3.8424797 35.82196 35.830242
v 4.5774541 35.557354 35.830242
v 3.5533607 37.835449 35.830242
v 3.5974517 38.007175 35.89407
v 4.4153337 37.585026 35.830242
v 4.4701204 37.753639 35.89407
v 5.1932688 37.112724 35.777668
v 3.6404591 38.174675 35.968906
v 3.6822131 38.337296 36.054455
v 3.7225487 38.494392 36.150375
v 3.7613068 38.645348 36.25629
v 3.7983346 38.789562 36.37178
v 3.8334858 38.926468 36.496395
v 3.866622 39.055523 36.629635
v 3.8976121 39.17622 36.770981
v 3.9263337 39.288086 36.919872
v 3.9526739 39.390671 37.075726
v 3.9765282 39.483578 37.237915
v 4.5235605 37.918114 35.968906
v 4.5754428 38.077789 36.054455
v 4.6255631 38.232044 36.150375
v 4.6737232 38.380264 36.25629
v 4.7197332 38.52187 36.37178
v 4.7634115 38.6563 36.496395
v 4.8045859 38.78302 36.629635
v 4.8430934 38.901535 36.770981
v 4.8787823 39.011372 36.919872
v 3.997803 39.566441 37.405811
v 4.9115119 39.112103 37.075726
v 4.941153 39.203331 37.237915
v 4.9675884 39.284691 37.405811
v 3.0262625 39.860249 37.578747
v 3.038223 39.922947 37.756039
v 3.048074 39.974586 37.936993
v 3.0557764 40.014965 38.120888
v 4.0164137 39.638924 37.578747
v 4.0322876 39.700748 37.756039
v 4.0453615 39.751667 37.936993
v 3.0612998 40.043919 38.306999
v 4.055584 39.791481 38.120888
v 3.0646226 40.06134 38.494598
v 3.0657318 40.067154 38.682938
v 3.0646226 40.06134 38.871277
v 3.0612998 40.043919 39.058876
v 4.0629148 39.820034 38.306999
v 4.0673246 39.837208 38.494598
v 4.0687966 39.842941 38.682938
v 4.0673246 39.837208 38.871277
v 4.9907141 39.355862 37.578747
v 5.0104384 39.416569 37.756039
v 5.0266838 39.466568 37.936993
v 5.0393863 39.505661 38.120888
v 4.0629148 39.820034 39.058876
v 5.0484953 39.533695 38.306999
v 5.0539751 39.55056 38.494598
v 5.0558043 39.55619 38.682938
v 5.0539751 39.55056 38.871277
v 6.0775523 35.051052 35.777668
v 5.4497075 35.577244 35.736565
v 6.1661444 35.2122 35.736565
v 6.7597103 34.647625 35.777668
v 6.2558055 35.375294 35.707088
v 6.8582463 34.802891 35.736565
v 7.4151912 34.20216 35.777668
v 6.9579711 34.960033 35.707088
v 6.3461809 35.539684 35.689354
v 7.0584903 35.118427 35.689354
v 7.5232821 34.350933 35.736565
v 8.1586266 33.858109 35.736565
v 8.0414076 33.716415 35.777668
v 7.6326766 34.501503 35.707088
v 7.1594081 35.277447 35.683434
v 7.7429438 34.653271 35.689354
v 7.8536472 34.805641 35.683434
v 7.2603259 35.436466 35.689354
v 8.2772598 34.001514 35.707088
v 8.3968391 34.146057 35.689354
v 7.9643507 34.958012 35.689354
v 7.3608456 35.59486 35.707088
v 8.0746174 35.109783 35.707088
v 8.5168915 34.291176 35.683434
v 8.6369438 34.436295 35.689354
v 8.6358881 33.19231 35.777668
v 8.7617731 33.326366 35.736565
v 8.8891764 33.462036 35.707088
v 9.0175953 33.598789 35.689354
v 9.1962872 32.631912 35.777668
v 9.3303404 32.757797 35.736565
v 9.466011 32.885201 35.707088
v 9.6027641 33.013618 35.689354
v 9.1465235 33.736084 35.683434
v 9.2754507 33.873375 35.689354
v 9.7400579 33.142548 35.683434
v 8.1840124 35.260353 35.736565
v 8.7565231 34.580841 35.707088
v 8.2921038 35.409126 35.777668
v 8.8751564 34.724247 35.736565
v 8.9923754 34.86594 35.777668
v 9.4038706 34.010128 35.707088
v 9.5312738 34.145802 35.736565
v 9.6571589 34.279854 35.777668
v 5.7509956 33.058144 37.237915
v 6.3086629 32.679153 37.237915
v 6.2583795 32.609943 37.405811
v 6.7869024 32.199982 37.405811
v 6.9025741 32.339802 37.075726
v 7.3472018 31.82 37.237915
v 6.8414321 32.265896 37.237915
v 7.288641 31.757639 37.405811
v 6.4951835 32.935879 36.770981
v 6.9700871 32.421413 36.919872
v 6.4272985 32.842442 36.919872
v 7.123136 32.606419 36.629635
v 7.0437045 32.510399 36.770981
v 6.568429 33.03669 36.629635
v 6.3650432 32.756756 37.075726
v 5.6650586 32.922729 37.578747
v 6.1768742 32.497761 37.756039
v 5.630857 32.868835 37.756039
v 6.1459737 32.455231 37.936993
v 5.6026878 32.824448 37.936993
v 5.5806623 32.789742 38.120888
v 6.1218123 32.421978 38.120888
v 6.104486 32.398129 38.306999
v 5.5648675 32.764854 38.306999
v 5.5553656 32.749882 38.494598
v 6.0905838 32.378994 38.682938
v 5.5521941 32.744884 38.682938
v 6.0940628 32.383781 38.494598
v 6.0940628 32.383781 38.871277
v 5.5553656 32.749882 38.871277
v 6.104486 32.398129 39.058876
v 5.5648675 32.764854 39.058876
v 6.6388021 32.020958 38.120888
v 6.6200123 31.998245 38.306999
v 5.7051573 32.985916 37.405811
v 6.2143922 32.5494 37.578747
v 6.7392006 32.142319 37.578747
v 6.698514 32.093136 37.756039
v 6.6650038 32.052631 37.936993
v 7.237412 31.703085 37.578747
v 7.193718 31.656555 37.756039
v 7.1577306 31.618233 37.936993
v 7.1295919 31.588268 38.120888
v 7.1094131 31.56678 38.306999
v 6.6087089 31.984581 38.494598
v 6.6049361 31.980021 38.682938
v 6.6087089 31.984581 38.871277
v 6.6200123 31.998245 39.058876
v 7.0972738 31.553854 38.494598
v 7.0932221 31.54954 38.682938
v 7.0972738 31.553854 38.871277
v 7.1094131 31.56678 39.058876
v 5.3835392 33.788647 36.629635
v 5.4477291 33.905407 36.496395
v 5.9877996 33.431286 36.629635
v 6.0591946 33.543789 36.496395
v 5.5158229 34.02927 36.37178
v 5.5875521 34.159744 36.25629
v 6.1349316 33.663128 36.37178
v 5.3235064 33.679447 36.770981
v 5.2678676 33.578239 36.919872
v 5.2168422 33.485424 37.075726
v 5.1706324 33.401371 37.237915
v 5.1294198 33.326405 37.405811
v 5.9210286 33.326073 36.770981
v 5.8591447 33.228558 36.919872
v 5.8023925 33.139133 37.075726
v 5.6626334 34.296314 36.150375
v 5.2188754 35.0867 35.89407
v 5.2943635 35.24712 35.830242
v 5.7407699 34.438446 36.054455
v 5.8216543 34.585575 35.968906
v 6.2147117 33.788841 36.25629
v 5.9049664 34.737118 35.89407
v 5.3714089 35.410851 35.777668
v 5.9903784 34.892483 35.830242
v 6.6467471 33.144485 36.496395
v 6.2982202 33.920429 36.150375
v 6.7298284 33.258839 36.37178
v 6.8173442 33.379295 36.25629
v 7.2080679 32.709084 36.496395
v 7.2981653 32.817989 36.37178
v 6.9089503 33.505379 36.150375
v 7.3930721 32.932713 36.25629
v 6.3851271 34.057373 36.054455
v 6.47509 34.199135 35.968906
v 7.0042849 33.636597 36.054455
v 6.5677533 34.345146 35.89407
v 7.2046204 33.912334 35.89407
v 7.1029711 33.772427 35.968906
v 6.6627517 34.494843 35.830242
v 7.3088307 34.055767 35.830242
v 5.0933676 33.260826 37.578747
v 7.8239751 31.343225 37.237915
v 7.7616143 31.284666 37.405811
v 8.0552969 31.560452 36.770981
v 8.4253883 30.966112 36.919872
v 7.971107 31.481392 36.919872
v 8.2039557 30.782927 37.405811
v 7.893898 31.408888 37.075726
v 8.2698708 30.837458 37.237915
v 8.3437786 30.8986 37.075726
v 7.6497312 32.142162 36.629635
v 7.8376999 32.342327 36.37178
v 7.740942 32.239292 36.496395
v 8.2432661 31.736967 36.496395
v 8.1461363 31.645756 36.629635
v 8.346303 31.833725 36.37178
v 8.0463095 32.564472 36.150375
v 7.9396234 32.450863 36.25629
v 7.4924145 33.052799 36.150375
v 8.4548397 31.935648 36.25629
v 7.4853678 31.967131 36.919872
v 7.4128637 31.889923 37.075726
v 7.5644274 32.051323 36.770981
v 8.6103926 31.11916 36.629635
v 8.7130575 31.204092 36.496395
v 8.8219662 31.294189 36.37178
v 9.2628136 30.725853 36.37178
v 9.0567732 31.48844 36.150375
v 9.5093546 30.904976 36.150375
v 9.3832693 30.81337 36.25629
v 9.1817446 31.591824 36.054455
v 9.3111105 31.698845 35.968906
v 9.6405706 31.000309 36.054455
v 8.9366894 31.389097 36.25629
v 8.5143766 31.039728 36.770981
v 8.6866827 32.153362 36.054455
v 8.568449 32.042336 36.150375
v 8.1573381 32.682709 36.054455
v 8.8090734 32.268295 35.968906
v 8.2722702 32.805096 35.968906
v 8.3906527 32.931164 35.89407
v 8.9351377 32.386677 35.89407
v 9.4443598 31.809078 35.89407
v 9.0643787 32.508041 35.830242
v 9.580966 31.922089 35.830242
v 8.5120182 33.060402 35.830242
v 7.7070613 31.233437 37.578747
v 7.6605315 31.189743 37.756039
v 7.6222086 31.153755 37.936993
v 7.5922441 31.125616 38.120888
v 7.570756 31.105438 38.306999
v 8.0971127 30.694538 37.756039
v 8.0566053 30.661028 37.936993
v 8.1462936 30.735226 37.578747
v 8.0249329 30.634827 38.120888
v 8.0022202 30.616037 38.306999
v 7.5578289 31.093298 38.494598
v 7.5535145 31.089247 38.682938
v 7.5578289 31.093298 38.871277
v 7.570756 31.105438 39.058876
v 8.0022202 30.616037 39.058876
v 7.5957999 33.177769 36.054455
v 7.7028203 33.307137 35.968906
v 7.8130536 33.440384 35.89407
v 7.926065 33.576992 35.830242
v 8.3984642 35.555519 35.830242
v 9.1077185 35.005363 35.830242
v 8.5026741 35.698952 35.89407
v 9.2207289 35.141972 35.89407
v 9.7810278 34.411762 35.830242
v 5.5289507 35.745644 35.707088
v 5.6088257 35.915386 35.689354
v 5.6890173 36.0858 35.683434
v 5.7692084 36.256218 35.689354
v 5.8490834 36.425961 35.707088
v 5.9283266 36.59436 35.736565
v 6.0066257 36.760754 35.777668
v 6.4369144 35.704727 35.683434
v 6.527648 35.869774 35.689354
v 6.6180239 36.034164 35.707088
v 6.7076845 36.197258 35.736565
v 6.7962766 36.358406 35.777668
v 7.4605703 35.752003 35.736565
v 7.5591063 35.907269 35.777668
v 5.2598815 37.280968 35.830242
v 5.3251476 37.445812 35.89407
v 5.3888092 37.606602 35.968906
v 5.4506159 37.762707 36.054455
v 6.0836706 36.924484 35.830242
v 6.1591587 37.084904 35.89407
v 6.2327909 37.241379 35.968906
v 5.5103226 37.913509 36.150375
v 6.3042774 37.393295 36.054455
v 6.8834505 36.516975 35.830242
v 6.9688625 36.672337 35.89407
v 6.3733354 37.540051 36.150375
v 5.5676947 38.058414 36.25629
v 6.439693 37.681068 36.25629
v 7.0521746 36.823883 35.968906
v 7.133059 36.971012 36.054455
v 7.2111959 37.11314 36.150375
v 6.503088 37.815788 36.37178
v 7.2862768 37.249714 36.25629
v 7.358006 37.380188 36.37178
v 6.5632701 37.943684 36.496395
v 5.6225052 38.196854 36.37178
v 5.6745381 38.328274 36.496395
v 5.723588 38.45216 36.629635
v 5.7694612 38.56802 36.770981
v 5.8119769 38.675404 36.919872
v 5.8509669 38.77388 37.075726
v 5.8862777 38.863064 37.237915
v 5.9177694 38.942604 37.405811
v 6.6200023 38.064243 36.629635
v 7.4260998 37.504051 36.496395
v 6.6730599 38.176998 36.770981
v 6.7222338 38.281498 36.919872
v 6.7673306 38.377335 37.075726
v 6.8081713 38.464127 37.237915
v 7.4902897 37.620811 36.629635
v 7.550323 37.730011 36.770981
v 7.6059613 37.831219 36.919872
v 6.8445954 38.541531 37.405811
v 5.9453182 39.012184 37.578747
v 5.9688153 39.071533 37.756039
v 5.9881682 39.120411 37.936993
v 6.0033002 39.15863 38.120888
v 5.0484953 39.533695 39.058876
v 6.0141516 39.186039 38.306999
v 6.0206795 39.202526 38.494598
v 6.0228586 39.208027 38.682938
v 6.0206795 39.202526 38.871277
v 6.0141516 39.186039 39.058876
v 6.8764591 38.609245 37.578747
v 6.9036365 38.667 37.756039
v 6.9260201 38.714565 37.936993
v 6.943522 38.751759 38.120888
v 6.9560728 38.778431 38.306999
v 6.963623 38.794476 38.494598
v 6.9661436 38.799831 38.682938
v 6.963623 38.794476 38.871277
v 6.9560728 38.778431 39.058876
v 7.656065 36.060051 35.830242
v 7.7510633 36.209747 35.89407
v 7.8437266 36.355759 35.968906
v 7.9336896 36.49752 36.054455
v 8.6043234 35.83886 35.968906
v 8.0205965 36.634464 36.150375
v 8.7030096 35.974689 36.054455
v 8.104105 36.766052 36.25629
v 8.1838856 36.891766 36.37178
v 8.2596216 37.011105 36.496395
v 8.3310165 37.123608 36.629635
v 8.397788 37.228821 36.770981
v 7.6569867 37.92403 37.075726
v 8.459672 37.326336 36.919872
v 7.7031965 38.008087 37.237915
v 8.5164242 37.41576 37.075726
v 8.7983437 36.105907 36.150375
v 8.8899498 36.231991 36.25629
v 8.9774666 36.352448 36.37178
v 9.3309622 35.275219 35.968906
v 9.4379826 35.404587 36.054455
v 9.5413685 35.529556 36.150375
v 9.6407108 35.649643 36.25629
v 9.0605478 36.466797 36.496395
v 9.7356176 35.764366 36.37178
v 9.1388655 36.574593 36.629635
v 9.8257151 35.873272 36.496395
v 9.2121115 36.675407 36.770981
v 9.2799959 36.768845 36.919872
v 8.5678205 37.49675 37.237915
v 7.7444091 38.083054 37.405811
v 8.6136589 37.568981 37.405811
v 9.3422508 36.85453 37.075726
v 9.398632 36.932133 37.237915
v 9.4489145 37.001339 37.405811
v 7.7804618 38.148632 37.578747
v 8.653758 37.632164 37.578747
v 8.6879597 37.686058 37.756039
v 9.4929028 37.061882 37.578747
v 8.7161293 37.730446 37.936993
v 9.5304203 37.113522 37.756039
v 8.7381544 37.765152 38.120888
v 9.5613213 37.156055 37.936993
v 8.7539492 37.790043 38.306999
v 9.5854826 37.189308 38.120888
v 8.7634506 37.805012 38.494598
v 9.602809 37.213158 38.306999
v 8.7666225 37.810013 38.682938
v 9.6132317 37.227505 38.494598
v 9.6167107 37.232292 38.682938
v 8.7634506 37.805012 38.871277
v 8.7539492 37.790043 39.058876
v 9.6132317 37.227505 38.871277
v 9.602809 37.213158 39.058876
v 7.8112116 38.204567 37.756039
v 7.8365383 38.250633 37.936993
v 7.8563409 38.286655 38.120888
v 7.8705416 38.312489 38.306999
v 7.8790846 38.328026 38.494598
v 7.8819361 38.333214 38.682938
v 7.8790846 38.328026 38.871277
v 7.8705416 38.312489 39.058876
v 12.615477 23.996025 35.777668
v 12.799372 23.996025 35.736565
v 12.985485 23.996025 35.707088
v 12.774116 24.799704 35.736565
v 12.959862 24.81139 35.707088
v 12.590583 24.788157 35.777668
v 12.698445 25.600212 35.736565
v 12.883091 25.623537 35.707088
v 13.173082 23.996025 35.689354
v 13.361423 23.996025 35.683434
v 13.549763 23.996025 35.689354
v 13.895999 23.121763 35.736565
v 14.079531 23.110216 35.777668
v 13.73736 23.996025 35.707088
v 13.923473 23.996025 35.736565
v 14.107368 23.996025 35.777668
v 13.147088 24.82317 35.689354
v 13.335057 24.834995 35.683434
v 13.523026 24.846821 35.689354
v 13.069209 25.647049 35.689354
v 13.256063 25.670654 35.683434
v 13.442919 25.69426 35.689354
v 13.710253 24.858601 35.707088
v 13.895999 24.870287 35.736565
v 14.079531 24.881834 35.777668
v 13.629037 25.717772 35.707088
v 13.813683 25.741098 35.736565
v 13.996128 25.764147 35.777668
v 11.152828 24.697701 36.629635
v 11.086761 25.396608 36.629635
v 11.218954 25.413307 36.496395
v 11.731014 24.734077 36.150375
v 11.171261 24.111151 36.629635
v 11.285808 24.706068 36.496395
v 11.426874 24.714943 36.37178
v 11.445817 24.11219 36.37178
v 11.575473 24.724291 36.25629
v 11.661523 25.469217 36.150375
v 11.359185 25.431023 36.37178
v 11.506903 25.449684 36.25629
v 10.913197 24.682625 36.919872
v 11.047131 24.095793 36.770981
v 11.028461 24.689877 36.770981
v 10.80749 24.675974 37.075726
v 10.732697 24.003675 37.237915
v 10.647391 23.996025 37.405811
v 10.71176 24.66995 37.237915
v 10.626381 24.664579 37.405811
v 10.84855 25.366514 36.919872
v 10.963131 25.380991 36.770981
v 10.74347 25.353241 37.075726
v 10.648306 25.341219 37.237915
v 10.563434 25.330496 37.405811
v 10.569777 23.907616 37.578747
v 10.572556 23.996025 37.578747
v 10.508726 23.996025 37.756039
v 10.456155 23.996025 37.936993
v 10.41505 23.996025 38.120888
v 10.365078 23.343908 39.058876
v 10.385571 23.996025 38.306999
v 10.367839 23.996025 38.494598
v 10.361919 23.996025 38.682938
v 10.348223 23.371845 38.871277
v 10.367839 23.996025 38.871277
v 10.385571 23.996025 39.058876
v 10.551693 24.659882 37.578747
v 10.487989 24.655872 37.756039
v 10.435522 24.652573 37.936993
v 10.394498 24.64999 38.120888
v 10.489187 25.321117 37.578747
v 10.425861 25.313118 37.756039
v 10.373705 25.306528 37.936993
v 10.365078 24.64814 38.306999
v 10.332923 25.301376 38.120888
v 10.34738 24.647026 38.494598
v 10.341473 24.646654 38.682938
v 10.34738 24.647026 38.871277
v 10.365078 24.64814 39.058876
v 10.303679 25.297682 38.306999
v 10.286085 25.29546 38.494598
v 10.280212 25.294718 38.682938
v 10.286085 25.29546 38.871277
v 10.303679 25.297682 39.058876
v 12.255475 23.940109 35.89407
v 12.434525 23.996025 35.830242
v 12.084296 23.996025 35.968906
v 12.060451 24.754805 35.968906
v 11.892887 24.744261 36.054455
v 12.257232 23.996025 35.89407
v 12.233046 24.765663 35.89407
v 12.409988 24.776794 35.830242
v 11.822436 25.489546 36.054455
v 11.989008 25.510588 35.968906
v 12.16058 25.532263 35.89407
v 12.336475 25.554483 35.830242
v 12.516 25.577164 35.777668
v 11.729573 28.640091 35.777668
v 11.581218 29.445732 35.736565
v 11.900555 28.707788 35.736565
v 11.414824 29.367434 35.777668
v 11.749619 29.524975 35.707088
v 11.216175 30.162169 35.736565
v 11.055026 30.073576 35.777668
v 11.379268 30.251829 35.707088
v 11.54366 30.342205 35.689354
v 11.919361 29.604851 35.689354
v 11.708704 30.43294 35.683434
v 12.572659 26.394388 35.736565
v 12.392022 26.35993 35.777668
v 12.755477 26.429262 35.707088
v 12.939751 26.464415 35.689354
v 12.219138 27.133366 35.777668
v 12.397256 27.179098 35.736565
v 12.172926 27.951248 35.736565
v 11.998032 27.894421 35.777668
v 12.349931 28.00876 35.707088
v 12.577522 27.225384 35.707088
v 12.759226 27.272038 35.689354
v 12.941649 27.318874 35.683434
v 12.528346 28.06673 35.689354
v 12.707468 28.124931 35.683434
v 13.124755 26.499706 35.683434
v 13.309759 26.534996 35.689354
v 13.494034 26.570148 35.707088
v 13.67685 26.605022 35.736565
v 13.857489 26.639482 35.777668
v 13.124072 27.365713 35.689354
v 13.305776 27.412367 35.707088
v 12.886591 28.183132 35.689354
v 13.065006 28.241102 35.707088
v 13.486042 27.458652 35.736565
v 13.24201 28.298615 35.736565
v 13.66416 27.504385 35.777668
v 12.073599 28.7763 35.707088
v 12.248022 28.84536 35.689354
v 12.423137 28.914692 35.683434
v 12.598251 28.984024 35.689354
v 12.772675 29.053083 35.707088
v 12.945719 29.121597 35.736565
v 12.089777 29.685041 35.683434
v 12.260192 29.765232 35.689354
v 11.873748 30.523672 35.689354
v 12.03814 30.614048 35.707088
v 12.429935 29.845108 35.707088
v 12.598335 29.924351 35.736565
v 12.764729 30.002649 35.777668
v 13.1167 29.189293 35.777668
v 12.201233 30.703709 35.736565
v 12.362382 30.792301 35.777668
v 13.416905 28.355442 35.777668
v 10.542829 26.007177 37.237915
v 10.458797 25.991146 37.405811
v 10.63705 26.02515 37.075726
v 10.48865 26.689053 37.075726
v 10.591238 26.715393 36.919872
v 10.395743 26.665197 37.237915
v 10.312883 26.643923 37.405811
v 10.126271 27.286249 37.405811
v 9.8996944 27.91559 37.405811
v 9.9792337 27.947083 37.237915
v 10.399588 27.375055 36.919872
v 10.207631 27.312685 37.237915
v 10.298857 27.342325 37.075726
v 10.166896 28.021383 36.919872
v 10.509427 27.410744 36.770981
v 10.627941 27.449251 36.629635
v 10.39014 28.109772 36.629635
v 10.274278 28.063898 36.770981
v 10.068419 27.982393 37.075726
v 11.107823 26.114956 36.496395
v 10.976941 26.089989 36.629635
v 10.952856 26.808241 36.496395
v 11.246666 26.141441 36.37178
v 11.089762 26.843391 36.37178
v 11.546009 26.198544 36.150375
v 11.705329 26.228935 36.054455
v 11.39292 26.16934 36.25629
v 11.384929 26.919178 36.150375
v 11.542026 26.959513 36.054455
v 11.233975 26.880419 36.25629
v 10.741089 26.044996 36.919872
v 10.854535 26.066637 36.770981
v 10.703101 26.744114 36.770981
v 10.8238 26.775105 36.629635
v 10.754663 27.490427 36.496395
v 11.030695 27.580114 36.25629
v 10.889091 27.534105 36.37178
v 10.514026 28.158821 36.496395
v 10.645446 28.210855 36.37178
v 11.178917 27.628275 36.150375
v 11.704646 27.001266 35.968906
v 11.870251 26.260395 35.968906
v 11.333171 27.678394 36.054455
v 11.492849 27.730278 35.968906
v 11.65732 27.783718 35.89407
v 11.872149 27.044273 35.89407
v 10.385286 25.977123 37.578747
v 10.322587 25.965164 37.756039
v 10.23057 25.947611 38.120888
v 10.270947 25.955313 37.936993
v 10.178575 26.609438 37.756039
v 10.240399 26.625313 37.578747
v 10.127655 26.596365 37.936993
v 10.201614 25.942087 38.306999
v 10.087841 26.586142 38.120888
v 10.184196 25.938765 38.494598
v 10.178382 25.937654 38.682938
v 10.184196 25.938765 38.871277
v 10.201614 25.942087 39.058876
v 10.05929 26.578812 38.306999
v 10.042114 26.574402 38.494598
v 10.036381 26.572929 38.682938
v 10.042114 26.574402 38.871277
v 10.05929 26.578812 39.058876
v 9.9443941 27.227154 37.936993
v 9.9053001 27.214451 38.120888
v 10.055098 27.263124 37.578747
v 9.8301134 27.888042 37.578747
v 9.9943924 27.243399 37.756039
v 9.7707663 27.864544 37.756039
v 9.7218866 27.845192 37.936993
v 9.8772659 27.205343 38.306999
v 9.6836681 27.830059 38.120888
v 9.8604002 27.199863 38.494598
v 9.8547716 27.198034 38.682938
v 9.8604002 27.199863 38.871277
v 9.8772659 27.205343 39.058876
v 9.6562605 27.819208 38.306999
v 9.6397724 27.812681 38.494598
v 9.6342697 27.810501 38.682938
v 9.6397724 27.812681 38.871277
v 9.6562605 27.819208 39.058876
v 10.231894 28.810789 36.496395
v 10.111333 28.754057 36.629635
v 9.9093828 29.443754 36.496395
v 10.494509 28.934366 36.25629
v 10.359788 28.87097 36.37178
v 9.7982445 28.606728 37.075726
v 9.7114525 28.565887 37.237915
v 9.6340475 28.529463 37.405811
v 9.99858 28.700998 36.770981
v 9.7926216 29.379564 36.629635
v 9.8940792 28.651825 36.919872
v 9.6834221 29.31953 36.770981
v 9.6671047 30.130957 36.37178
v 9.7928181 30.210735 36.25629
v 10.033245 29.511848 36.37178
v 10.163719 29.583576 36.25629
v 9.924407 30.294245 36.150375
v 10.635526 29.000723 36.150375
v 10.300291 29.658657 36.150375
v 10.442422 29.736795 36.054455
v 10.06135 30.381151 36.054455
v 10.203109 30.471115 35.968906
v 10.58955 29.817678 35.968906
v 10.349123 30.563778 35.89407
v 10.741095 29.900991 35.89407
v 10.928787 28.323038 36.150375
v 11.07959 28.382744 36.054455
v 10.783881 28.265665 36.25629
v 10.782282 29.069782 36.054455
v 11.235695 28.444551 35.968906
v 10.934198 29.141268 35.968906
v 11.090675 29.214901 35.89407
v 11.396486 28.508213 35.89407
v 11.561329 28.573479 35.830242
v 11.825936 27.838505 35.830242
v 11.251095 29.290388 35.830242
v 10.896458 29.986403 35.830242
v 10.498816 30.658777 35.830242
v 12.040123 26.292801 35.89407
v 12.214275 26.326023 35.830242
v 12.043872 27.088366 35.830242
v 14.175653 25.786825 35.830242
v 14.035234 26.673389 35.830242
v 13.839426 27.549385 35.830242
v 14.011149 27.593475 35.89407
v 14.209388 26.70661 35.89407
v 12.928458 30.079695 35.830242
v 13.284945 29.255905 35.830242
v 13.589 28.411358 35.830242
v 13.449787 29.321173 35.89407
v 13.757616 28.466145 35.89407
v 13.922088 28.519585 35.968906
v 14.178652 27.636484 35.968906
v 14.081765 28.571468 36.054455
v 13.610579 29.384834 35.968906
v 13.766684 29.44664 36.054455
v 13.917486 29.506348 36.150375
v 14.23602 28.621588 36.150375
v 13.088879 30.155184 35.89407
v 13.245356 30.228815 35.968906
v 13.397271 30.300303 36.054455
v 14.062392 29.563719 36.25629
v 13.544027 30.36936 36.150375
v 13.685044 30.435719 36.25629
v 13.819765 30.499113 36.37178
v 14.200828 29.61853 36.37178
v 13.947659 30.559296 36.496395
v 14.777227 23.06632 36.054455
v 15.152943 22.081762 36.37178
v 15.135618 21.972382 36.37178
v 15.293174 22.064047 36.496395
v 15.255094 21.823614 36.496395
v 14.939099 23.056135 36.150375
v 15.094642 23.04635 36.25629
v 15.243239 23.037001 36.37178
v 15.384307 23.028126 36.496395
v 15.790713 20.983786 37.405811
v 15.759769 20.989687 37.343983
v 15.863822 21.991959 37.237915
v 15.948694 21.981236 37.405811
v 15.425366 22.047348 36.629635
v 15.517286 23.01976 36.629635
v 15.548997 22.031729 36.770981
v 15.663578 22.017254 36.919872
v 15.563115 21.382956 36.919872
v 15.768658 22.003981 37.075726
v 15.641653 23.011934 36.770981
v 15.756918 23.004683 36.919872
v 15.862624 22.998034 37.075726
v 15.958355 22.99201 37.237915
v 16.043734 22.986639 37.405811
v 15.863744 20.675152 37.756039
v 15.926923 20.957802 37.756039
v 15.864224 20.969763 37.578747
v 15.978563 20.94795 37.936993
v 15.890063 20.552027 37.936993
v 16.01894 20.940248 38.120888
v 16.047895 20.934725 38.306999
v 16.02294 21.971857 37.578747
v 16.086266 21.963856 37.756039
v 16.138424 21.957268 37.936993
v 16.179205 21.952116 38.120888
v 16.065315 20.931402 38.494598
v 16.071129 20.930292 38.682938
v 16.065315 20.931402 38.871277
v 16.047895 20.934725 39.058876
v 16.20845 21.948421 38.306999
v 16.226044 21.946199 38.494598
v 16.231915 21.945457 38.682938
v 16.226044 21.946199 38.871277
v 16.20845 21.948421 39.058876
v 16.118422 22.981939 37.578747
v 16.182125 22.977932 37.756039
v 16.234592 22.97463 37.936993
v 16.275616 22.97205 38.120888
v 16.305037 22.970198 38.306999
v 16.322735 22.969086 38.494598
v 16.328642 22.968714 38.682938
v 16.322735 22.969086 38.871277
v 16.305037 22.970198 39.058876
v 14.260125 23.098854 35.830242
v 14.237467 22.859148 35.830242
v 14.437069 23.087721 35.89407
v 14.609663 23.076862 35.968906
v 14.288321 23.996025 35.830242
v 14.465613 23.996025 35.89407
v 14.638549 23.996025 35.968906
v 14.806444 23.996025 36.054455
v 14.968637 23.996025 36.150375
v 15.124486 23.996025 36.25629
v 15.273378 23.996025 36.37178
v 14.260125 24.893196 35.830242
v 14.437069 24.904327 35.89407
v 14.609663 24.915186 35.968906
v 14.351548 25.809046 35.89407
v 14.777227 24.92573 36.054455
v 14.52312 25.830721 35.968906
v 14.939099 24.935913 36.150375
v 15.094642 24.9457 36.25629
v 15.243239 24.955048 36.37178
v 15.414724 23.996025 36.496395
v 15.547966 23.996025 36.629635
v 15.67258 23.996025 36.770981
v 15.788072 23.996025 36.919872
v 15.893987 23.996025 37.075726
v 15.989907 23.996025 37.237915
v 16.075455 23.996025 37.405811
v 15.384307 24.963923 36.496395
v 15.517286 24.97229 36.629635
v 15.641653 24.980114 36.770981
v 15.756918 24.987366 36.919872
v 15.862624 24.994017 37.075726
v 15.958355 25.000038 37.237915
v 16.043734 25.005411 37.405811
v 16.15029 23.996025 37.578747
v 16.214119 23.996025 37.756039
v 16.266691 23.996025 37.936993
v 16.307796 23.996025 38.120888
v 16.337275 23.996025 38.306999
v 16.355007 23.996025 38.494598
v 16.360926 23.996025 38.682938
v 16.355007 23.996025 38.871277
v 16.337275 23.996025 39.058876
v 16.118422 25.010109 37.578747
v 16.182125 25.014118 37.756039
v 16.234592 25.017418 37.936993
v 16.275616 25.02 38.120888
v 16.305037 25.021851 38.306999
v 16.322735 25.022964 38.494598
v 16.328642 25.023336 38.682938
v 16.322735 25.022964 38.871277
v 16.305037 25.021851 39.058876
v 14.689692 25.851765 36.054455
v 14.37926 26.739016 35.968906
v 14.544182 26.770475 36.054455
v 14.703501 26.800867 36.150375
v 14.850605 25.872091 36.150375
v 15.005225 25.891624 36.25629
v 15.152943 25.910286 36.37178
v 15.293174 25.928001 36.496395
v 14.85659 26.83007 36.25629
v 15.002845 26.857969 36.37178
v 15.141686 26.884457 36.496395
v 14.341272 27.678238 36.054455
v 14.498369 27.718573 36.150375
v 14.649323 27.757332 36.25629
v 15.272569 26.909424 36.629635
v 14.793537 27.794359 36.37178
v 14.930442 27.82951 36.496395
v 15.059499 27.862646 36.629635
v 15.180197 27.893637 36.770981
v 15.394975 26.932774 36.770981
v 15.292061 27.922358 36.919872
v 15.425366 25.944702 36.629635
v 15.548997 25.96032 36.770981
v 15.663578 25.974794 36.919872
v 15.768658 25.98807 37.075726
v 15.863822 26.000092 37.237915
v 15.508422 26.954414 36.919872
v 15.612461 26.97426 37.075726
v 15.706682 26.992235 37.237915
v 15.790713 27.008265 37.405811
v 15.948694 26.010813 37.405811
v 15.394649 27.948698 37.075726
v 15.487555 27.972553 37.237915
v 15.570415 27.993828 37.405811
v 16.02294 26.020193 37.578747
v 16.086266 26.028193 37.756039
v 16.138424 26.034782 37.936993
v 16.179205 26.039934 38.120888
v 16.20845 26.043629 38.306999
v 15.864224 27.022287 37.578747
v 15.926923 27.034248 37.756039
v 15.978563 27.044098 37.936993
v 16.01894 27.051802 38.120888
v 16.226044 26.045851 38.494598
v 16.231915 26.046593 38.682938
v 16.226044 26.045851 38.871277
v 16.20845 26.043629 39.058876
v 16.047895 27.057323 38.306999
v 16.065315 27.060648 38.494598
v 16.071129 27.061756 38.682938
v 16.065315 27.060648 38.871277
v 16.047895 27.057323 39.058876
v 15.6429 28.012438 37.578747
v 15.704723 28.028313 37.756039
v 15.755643 28.041386 37.936993
v 15.795457 28.051609 38.120888
v 15.824008 28.058939 38.306999
v 15.841185 28.063349 38.494598
v 15.846917 28.064821 38.682938
v 15.841185 28.063349 38.871277
v 15.824008 28.058939 39.058876
v 14.384241 28.669748 36.25629
v 14.525846 28.715757 36.37178
v 14.660274 28.759436 36.496395
v 14.786995 28.80061 36.629635
v 14.905509 28.839117 36.770981
v 15.015348 28.874807 36.919872
v 15.11608 28.907537 37.075726
v 15.207306 28.937178 37.237915
v 14.332248 29.670563 36.496395
v 14.456134 29.719612 36.629635
v 14.06822 30.616026 36.629635
v 14.571996 29.765486 36.770981
v 14.180974 30.669085 36.770981
v 14.285475 30.718258 36.919872
v 14.679378 29.808001 36.919872
v 14.38131 30.763355 37.075726
v 14.777855 29.846991 37.075726
v 14.468101 30.804195 37.237915
v 14.86704 29.882301 37.237915
v 14.946579 29.913794 37.405811
v 15.288666 28.963614 37.405811
v 14.545506 30.84062 37.405811
v 15.01616 29.941343 37.578747
v 15.359838 28.986738 37.578747
v 15.075507 29.96484 37.756039
v 15.420545 29.006462 37.756039
v 14.613219 30.872484 37.578747
v 15.124387 29.984192 37.936993
v 15.162605 29.999325 38.120888
v 15.470542 29.022709 37.936993
v 15.190013 30.010176 38.306999
v 15.509636 29.03541 38.120888
v 15.537671 29.044519 38.306999
v 15.554536 29.049999 38.494598
v 15.560165 29.051828 38.682938
v 15.554536 29.049999 38.871277
v 15.537671 29.044519 39.058876
v 15.206501 30.016705 38.494598
v 15.212004 30.018883 38.682938
v 15.206501 30.016705 38.871277
v 15.190013 30.010176 39.058876
v 10.206135 31.411215 35.777668
v 10.354909 31.519306 35.736565
v 10.651599 30.755735 35.777668
v 10.505478 31.628702 35.707088
v 10.806868 30.854271 35.736565
v 9.7203922 32.037434 35.777668
v 9.8620853 32.154652 35.736565
v 10.005488 32.273285 35.707088
v 10.150034 32.392864 35.689354
v 10.657248 31.738968 35.689354
v 10.295154 32.512917 35.683434
v 10.809618 31.849672 35.683434
v 10.440272 32.632969 35.689354
v 10.964008 30.953995 35.707088
v 11.122401 31.054516 35.689354
v 11.281423 31.155434 35.683434
v 11.440443 31.256351 35.689354
v 10.961988 31.960375 35.689354
v 11.598837 31.356871 35.707088
v 11.113758 32.070641 35.707088
v 10.584818 32.752548 35.707088
v 10.728221 32.871181 35.736565
v 11.264327 32.180038 35.736565
v 10.869914 32.9884 35.777668
v 11.755978 31.456594 35.736565
v 11.413101 32.288128 35.777668
v 11.911245 31.55513 35.777668
v 9.8773518 33.271477 35.689354
v 10.014105 33.399895 35.707088
v 10.149776 33.527298 35.736565
v 10.28383 33.653183 35.777668
v 9.7764015 31.098995 35.968906
v 9.9163094 31.200645 35.89407
v 10.059742 31.304855 35.830242
v 11.559494 32.394489 35.830242
v 11.00934 33.103741 35.830242
v 11.145947 33.216755 35.89407
v 11.702928 32.498699 35.89407
v 10.415737 33.777054 35.830242
v 9.9023943 34.541004 35.89407
v 10.020777 34.667068 35.968906
v 10.135709 34.789459 36.054455
v 10.246737 34.907692 36.150375
v 10.544978 33.898418 35.89407
v 10.671043 34.0168 35.968906
v 10.793433 34.131733 36.054455
v 10.353423 35.021301 36.25629
v 10.911667 34.24276 36.150375
v 10.455347 35.129837 36.37178
v 11.279196 33.326988 35.968906
v 11.408562 33.434006 36.054455
v 11.025276 34.349449 36.25629
v 11.533533 33.537392 36.150375
v 11.842834 32.600349 35.968906
v 11.978665 32.699036 36.054455
v 11.653617 33.636734 36.25629
v 12.109881 32.794369 36.150375
v 11.133813 34.45137 36.37178
v 11.76834 33.731644 36.37178
v 11.23685 34.54813 36.496395
v 11.877249 33.821739 36.496395
v 10.552105 35.232876 36.496395
v 10.643315 35.330006 36.629635
v 11.33398 34.639339 36.629635
v 11.979914 33.90667 36.629635
v 10.728619 35.420845 36.770981
v 11.424819 34.724644 36.770981
v 10.807679 35.505032 36.919872
v 11.509009 34.803703 36.919872
v 10.880183 35.582241 37.075726
v 12.07593 33.986103 36.770981
v 11.586218 34.876205 37.075726
v 12.164918 34.059719 36.919872
v 10.945845 35.652164 37.237915
v 11.65614 34.941868 37.237915
v 11.004406 35.714527 37.405811
v 11.718502 35.000431 37.405811
v 11.055634 35.769081 37.578747
v 11.773055 35.051659 37.578747
v 12.064028 31.65209 35.830242
v 12.52095 30.879475 35.830242
v 12.213721 31.747087 35.89407
v 12.676313 30.964888 35.89407
v 12.827858 31.048199 35.968906
v 12.359735 31.839752 35.968906
v 12.501494 31.929714 36.054455
v 12.974986 31.129084 36.054455
v 12.638438 32.016621 36.150375
v 13.117117 31.20722 36.150375
v 12.235967 32.885975 36.25629
v 12.770026 32.100128 36.25629
v 12.356422 32.973492 36.37178
v 12.89574 32.179909 36.37178
v 12.470774 33.056572 36.496395
v 13.015081 32.255646 36.496395
v 12.578569 33.134892 36.629635
v 13.127583 32.327042 36.629635
v 13.253689 31.282301 36.25629
v 13.384163 31.354031 36.37178
v 13.508025 31.422125 36.496395
v 13.624786 31.486315 36.629635
v 13.733986 31.546347 36.770981
v 13.835193 31.601986 36.919872
v 13.928007 31.653011 37.075726
v 14.012063 31.699221 37.237915
v 13.232797 32.393814 36.770981
v 13.33031 32.455696 36.919872
v 12.679383 33.208138 36.770981
v 12.772819 33.27602 36.919872
v 13.419737 32.512447 37.075726
v 12.858505 33.338276 37.075726
v 13.500725 32.563847 37.237915
v 13.572955 32.609684 37.405811
v 14.087028 31.740433 37.405811
v 13.636141 32.649784 37.578747
v 14.152607 31.776485 37.578747
v 13.690034 32.683983 37.756039
v 14.208541 31.807236 37.756039
v 13.734422 32.712154 37.936993
v 14.25461 31.832563 37.936993
v 13.769128 32.73418 38.120888
v 14.290631 31.852365 38.120888
v 13.794017 32.749973 38.306999
v 13.80899 32.759476 38.494598
v 14.316463 31.866566 38.306999
v 13.813987 32.762646 38.682938
v 14.332002 31.875109 38.494598
v 13.80899 32.759476 38.871277
v 14.337189 31.87796 38.682938
v 13.794017 32.749973 39.058876
v 14.332002 31.875109 38.871277
v 12.246528 34.127232 37.075726
v 12.320436 34.188374 37.237915
v 12.386351 34.242905 37.405811
v 12.936107 33.394657 37.237915
v 13.005316 33.444939 37.405811
v 12.444013 34.290607 37.578747
v 13.065859 33.488926 37.578747
v 12.493194 34.331295 37.756039
v 13.117498 33.526443 37.756039
v 12.533701 34.364803 37.936993
v 13.160029 33.557346 37.936993
v 11.819585 35.095352 37.756039
v 11.857907 35.13134 37.936993
v 11.887872 35.159481 38.120888
v 12.565373 34.391006 38.120888
v 11.90936 35.179657 38.306999
v 12.588086 34.409794 38.306999
v 13.193284 33.581505 38.120888
v 11.922287 35.191795 38.494598
v 11.926601 35.19585 38.682938
v 12.601749 34.421097 38.494598
v 11.922287 35.191795 38.871277
v 12.60631 34.42487 38.682938
v 11.90936 35.179657 39.058876
v 12.601749 34.421097 38.871277
v 13.217133 33.598835 38.306999
v 13.231479 33.609257 38.494598
v 12.588086 34.409794 39.058876
v 13.236267 33.612736 38.682938
v 13.231479 33.609257 38.871277
v 13.217133 33.598835 39.058876
v 9.9106464 35.975937 36.629635
v 9.990078 36.071953 36.770981
v 10.063696 36.160942 36.919872
v 10.131208 36.242554 37.075726
v 10.19235 36.31646 37.237915
v 10.246881 36.382374 37.405811
v 10.294582 36.440037 37.578747
v 10.335269 36.48922 37.756039
v 10.368779 36.529724 37.936993
v 10.39498 36.561398 38.120888
v 10.413771 36.58411 38.306999
v 10.425074 36.597775 38.494598
v 10.428846 36.602333 38.682938
v 10.425074 36.597775 38.871277
v 10.413771 36.58411 39.058876
v 11.099329 35.815609 37.756039
v 11.135316 35.853931 37.936993
v 11.163455 35.883896 38.120888
v 11.183634 35.905384 38.306999
v 11.195773 35.918312 38.494598
v 11.199824 35.922626 38.682938
v 11.195773 35.918312 38.871277
v 11.183634 35.905384 39.058876
v 14.670974 30.89966 37.756039
v 14.718542 30.922045 37.936993
v 14.755735 30.939547 38.120888
v 14.782408 30.952097 38.306999
v 14.798452 30.959648 38.494598
v 14.803808 30.962168 38.682938
v 14.798452 30.959648 38.871277
v 14.316463 31.866566 39.058876
v 14.782408 30.952097 39.058876
v 9.4238186 28.430536 39.244987
v 9.1267767 29.013514 39.244987
v 9.4610119 28.448038 39.428883
v 9.1627979 29.033316 39.428883
v 9.5085793 28.470423 39.609837
v 9.2088671 29.058641 39.609837
v 9.5663338 28.497601 39.787128
v 9.264801 29.089392 39.787128
v 9.6340475 28.529463 39.960064
v 9.3303804 29.125444 39.960064
v 8.7937164 29.576687 39.244987
v 8.425952 30.117836 39.244987
v 8.8284235 29.598713 39.428883
v 8.4592066 30.141998 39.428883
v 8.8728104 29.626881 39.609837
v 8.5017376 30.172899 39.609837
v 8.9267035 29.661083 39.787128
v 8.5533772 30.210417 39.787128
v 8.9898901 29.701181 39.960064
v 8.6139202 30.254404 39.960064
v 9.0621195 29.747021 40.12796
v 8.6831293 30.304688 40.12796
v 9.405345 29.166656 40.12796
v 9.4894009 29.212868 40.290154
v 9.1431074 29.798416 40.290154
v 9.5822153 29.263891 40.446003
v 8.7607307 30.361069 40.290154
v 9.2325344 29.855169 40.446003
v 8.8464174 30.423323 40.446003
v 9.3300486 29.917053 40.594894
v 9.4352627 29.983824 40.73624
v 8.9398527 30.491207 40.594894
v 9.5477629 30.05522 40.86948
v 9.0406675 30.564453 40.73624
v 0.65396637 34.390522 39.244987
v 0.65654737 34.431545 39.428883
v 0.65984833 34.484013 39.609837
v 0.66385627 34.547718 39.787128
v 0.6685552 34.622406 39.960064
v 1.3053517 34.328949 39.244987
v 1.3105037 34.369728 39.428883
v 1.3170925 34.421886 39.609837
v 1.3250926 34.48521 39.787128
v 1.3344719 34.55946 39.960064
v 0.67392677 34.707783 40.12796
v 0.67994964 34.803516 40.290154
v 0.68660015 34.909222 40.446003
v 0.69385195 35.024487 40.594894
v 0.70167649 35.148853 40.73624
v 1.3451939 34.644329 40.12796
v 1.3572159 34.739494 40.290154
v 1.3704906 34.844574 40.446003
v 1.3849655 34.959156 40.594894
v 1.4005837 35.082787 40.73624
v 1.9515857 34.226593 39.244987
v 1.959288 34.266972 39.428883
v 1.9691389 34.318611 39.609837
v 1.9810994 34.38131 39.787128
v 2.5901175 34.083866 39.244987
v 2.6003399 34.12368 39.428883
v 1.9951222 34.454823 39.960064
v 2.6134138 34.174599 39.609837
v 2.6292875 34.236423 39.787128
v 2.011152 34.538853 40.12796
v 2.0291257 34.633076 40.290154
v 2.0489724 34.737114 40.446003
v 2.0706134 34.850559 40.594894
v 2.6478984 34.308907 39.960064
v 2.6691732 34.391769 40.12796
v 2.6930275 34.484676 40.290154
v 2.7193677 34.587261 40.446003
v 2.0939636 34.972965 40.73624
v 2.7480893 34.699127 40.594894
v 0.71004283 35.281834 40.86948
v 1.4172834 35.214977 40.86948
v 1.4349988 35.355209 40.994095
v 2.1189306 35.103848 40.86948
v 2.1454163 35.242691 40.994095
v 2.7790794 34.819824 40.73624
v 2.8122156 34.948879 40.86948
v 3.2184272 33.901325 39.244987
v 3.2311294 33.940418 39.428883
v 3.8340354 33.679691 39.244987
v 3.8491671 33.717911 39.428883
v 3.2473748 33.990417 39.609837
v 3.86852 33.766792 39.609837
v 3.8920171 33.826138 39.787128
v 3.2670994 34.051121 39.787128
v 3.9195662 33.895718 39.960064
v 3.2902248 34.122295 39.960064
v 3.3166604 34.203655 40.12796
v 3.3463013 34.29488 40.290154
v 3.3790309 34.395611 40.446003
v 3.9510581 33.975258 40.12796
v 3.4147201 34.505451 40.594894
v 3.4532275 34.623966 40.73624
v 4.4345121 33.419842 39.244987
v 4.452014 33.457035 39.428883
v 4.4743977 33.504604 39.609837
v 4.501575 33.562359 39.787128
v 5.017488 33.122803 39.244987
v 5.037291 33.158821 39.428883
v 5.0626173 33.204891 39.609837
v 4.5334387 33.630074 39.960064
v 5.0933676 33.260826 39.787128
v 4.5698628 33.707478 40.12796
v 4.6107039 33.79427 40.290154
v 3.9863687 34.064442 40.290154
v 4.6558003 33.890102 40.446003
v 4.0253587 34.162922 40.446003
v 4.7049742 33.994602 40.594894
v 4.067874 34.270302 40.594894
v 4.1137476 34.386166 40.73624
v 4.7580323 34.107357 40.73624
v 2.8473668 35.085785 40.994095
v 2.8843946 35.23 41.109589
v 2.1733158 35.388947 41.109589
v 3.4944017 34.750687 40.86948
v 3.53808 34.885117 40.994095
v 3.58409 35.026718 41.109589
v 3.6322503 35.174942 41.215504
v 2.9231529 35.380955 41.215504
v 3.6823704 35.329197 41.311424
v 4.162797 34.510052 40.86948
v 4.2148299 34.641472 40.994095
v 4.2696409 34.779907 41.109589
v 4.327013 34.924812 41.215504
v 4.3867197 35.075615 41.311424
v 4.814764 34.227921 40.86948
v 4.8749461 34.355812 40.994095
v 4.9383411 34.490532 41.109589
v 4.4485264 35.23172 41.396969
v 5.0046988 34.63155 41.215504
v 5.0737567 34.778305 41.311424
v 5.1452432 34.930222 41.396969
v 0.71891803 35.422897 40.994095
v 0.72826701 35.571495 41.109589
v 0.73805285 35.727039 41.215504
v 0.74823701 35.888912 41.311424
v 0.75877923 36.056477 41.396969
v 0.76963794 36.229069 41.471806
v 1.4536599 35.502926 41.109589
v 1.4731929 35.657547 41.215504
v 1.4935211 35.818462 41.311424
v 1.5145639 35.985031 41.396969
v 1.5362386 36.156605 41.471806
v 0.7807703 36.406013 41.535633
v 0.79213232 36.586609 41.588207
v 1.5584593 36.3325 41.535633
v 1.5811385 36.512024 41.588207
v 0.80367923 36.770142 41.629311
v 0.81536537 36.955887 41.658791
v 0.82714468 37.143112 41.676521
v 0.83897066 37.331081 41.682442
v 0.85079664 37.519051 41.676521
v 0.86257601 37.706276 41.658791
v 0.87426215 37.892025 41.629311
v 1.6041867 36.694469 41.629311
v 1.6275128 36.879116 41.658791
v 1.6510251 37.065231 41.676521
v 1.6746303 37.252087 41.682442
v 1.6982356 37.438942 41.676521
v 1.7217478 37.625061 41.658791
v 1.7450739 37.809708 41.629311
v 2.2025192 35.542034 41.215504
v 2.2329109 35.701355 41.311424
v 2.2643714 35.866276 41.396969
v 2.2967763 36.036148 41.471806
v 2.3299978 36.2103 41.535633
v 2.3639047 36.388046 41.588207
v 2.3983631 36.568684 41.629311
v 2.4332373 36.751503 41.658791
v 2.4683895 36.935776 41.676521
v 2.5036809 37.120781 41.682442
v 2.5389724 37.305782 41.676521
v 2.5741246 37.490059 41.658791
v 2.6089988 37.672874 41.629311
v 2.6434574 37.853512 41.588207
v 1.023975 40.271641 39.244987
v 1.021394 40.230618 39.428883
v 1.018093 40.17815 39.609837
v 1.0140851 40.114445 39.787128
v 0.98408943 39.637676 40.594894
v 1.0093862 40.039757 39.960064
v 1.0040146 39.95438 40.12796
v 0.99799168 39.858646 40.290154
v 0.99134123 39.752941 40.446003
v 2.0439088 40.175228 39.244987
v 2.0387571 40.134449 39.428883
v 2.0321681 40.082291 39.609837
v 2.024168 40.018967 39.787128
v 0.97626489 39.513309 40.73624
v 1.964295 39.545021 40.594894
v 1.97877 39.659603 40.446003
v 1.9920448 39.764683 40.290154
v 2.0147886 39.944717 39.960064
v 2.0040667 39.859848 40.12796
v 2.9782362 39.608486 40.290154
v 1.9486769 39.421391 40.73624
v 2.9367485 39.390999 40.594894
v 2.9583895 39.504448 40.446003
v 3.0122397 39.786739 39.960064
v 2.9962099 39.702705 40.12796
v 0.91916209 38.605686 41.396969
v 0.92970431 38.773251 41.311424
v 0.93988848 38.935123 41.215504
v 0.94967437 39.090668 41.109589
v 0.90830338 38.433094 41.471806
v 0.885809 38.075554 41.588207
v 0.89717102 38.256149 41.535633
v 1.7681222 37.992153 41.588207
v 0.95902336 39.239265 40.994095
v 0.96789855 39.380329 40.86948
v 1.8130221 38.347572 41.471806
v 1.8346967 38.519146 41.396969
v 1.8956008 39.001251 41.109589
v 1.9142618 39.148968 40.994095
v 1.8557396 38.685715 41.311424
v 1.8760676 38.84663 41.215504
v 2.7429905 38.375286 41.396969
v 2.8619456 38.998867 40.994095
v 2.8048429 38.699524 41.215504
v 2.774451 38.540207 41.311424
v 2.8340461 38.852615 41.109589
v 1.7908014 38.171677 41.535633
v 2.6773641 38.031258 41.535633
v 2.7105856 38.205414 41.471806
v 1.9319772 39.2892 40.86948
v 2.9133983 39.268593 40.73624
v 2.8884313 39.137711 40.86948
v 2.9634883 35.538052 41.311424
v 3.0052423 35.700672 41.396969
v 3.0482497 35.868172 41.471806
v 3.7342529 35.488873 41.396969
v 3.787693 35.653343 41.471806
v 3.0923407 36.039898 41.535633
v 3.1373415 36.215164 41.588207
v 3.1830745 36.39328 41.629311
v 3.2293589 36.573547 41.658791
v 3.8424797 35.82196 41.535633
v 3.8983967 35.994057 41.588207
v 3.9552233 36.168949 41.629311
v 4.0127358 36.345955 41.658791
v 3.2760124 36.755249 41.676521
v 3.3228507 36.937675 41.682442
v 3.369689 37.120098 41.676521
v 3.4163425 37.3018 41.658791
v 3.4626272 37.482067 41.629311
v 3.5083599 37.660183 41.588207
v 4.0707064 36.524372 41.676521
v 3.5533607 37.835449 41.535633
v 4.512188 35.392509 41.471806
v 4.5774541 35.557354 41.535633
v 4.6440668 35.725597 41.588207
v 4.7117629 35.89658 41.629311
v 4.7802758 36.069622 41.658791
v 4.8493352 36.244045 41.676521
v 4.9186678 36.419163 41.682442
v 4.1289067 36.703491 41.682442
v 4.9880004 36.594276 41.676521
v 4.1871071 36.882614 41.676521
v 4.2450776 37.061031 41.658791
v 4.3025899 37.238033 41.629311
v 4.3594165 37.41293 41.588207
v 4.4153337 37.585026 41.535633
v 5.0570598 36.7687 41.658791
v 5.1255727 36.941742 41.629311
v 4.4701204 37.753639 41.471806
v 5.1932688 37.112724 41.588207
v 5.2598815 37.280968 41.535633
v 3.0557764 40.014965 39.244987
v 3.048074 39.974586 39.428883
v 3.038223 39.922947 39.609837
v 3.0262625 39.860249 39.787128
v 4.055584 39.791481 39.244987
v 4.0453615 39.751667 39.428883
v 4.0322876 39.700748 39.609837
v 4.0164137 39.638924 39.787128
v 3.997803 39.566441 39.960064
v 3.9765282 39.483578 40.12796
v 3.9263337 39.288086 40.446003
v 3.8976121 39.17622 40.594894
v 3.9526739 39.390671 40.290154
v 3.866622 39.055523 40.73624
v 4.8430934 38.901535 40.594894
v 4.8787823 39.011372 40.446003
v 5.0393863 39.505661 39.244987
v 5.0266838 39.466568 39.428883
v 4.9907141 39.355862 39.787128
v 5.0104384 39.416569 39.609837
v 4.941153 39.203331 40.12796
v 4.9675884 39.284691 39.960064
v 4.9115119 39.112103 40.290154
v 3.6404591 38.174675 41.396969
v 3.6822131 38.337296 41.311424
v 3.5974517 38.007175 41.471806
v 3.7225487 38.494392 41.215504
v 3.7983346 38.789562 40.994095
v 3.8334858 38.926468 40.86948
v 3.7613068 38.645348 41.109589
v 4.5235605 37.918114 41.396969
v 4.6255631 38.232044 41.215504
v 4.5754428 38.077789 41.311424
v 4.7197332 38.52187 40.994095
v 4.6737232 38.380264 41.109589
v 4.8045859 38.78302 40.73624
v 4.7634115 38.6563 40.86948
v 6.1218123 32.421978 39.244987
v 5.5806623 32.789742 39.244987
v 6.1459737 32.455231 39.428883
v 5.6026878 32.824448 39.428883
v 6.1768742 32.497761 39.609837
v 5.630857 32.868835 39.609837
v 6.2143922 32.5494 39.787128
v 5.6650586 32.922729 39.787128
v 6.6388021 32.020958 39.244987
v 6.6650038 32.052631 39.428883
v 6.2583795 32.609943 39.960064
v 6.698514 32.093136 39.609837
v 6.7392006 32.142319 39.787128
v 7.1295919 31.588268 39.244987
v 7.1577306 31.618233 39.428883
v 7.193718 31.656555 39.609837
v 7.237412 31.703085 39.787128
v 6.7869024 32.199982 39.960064
v 5.7051573 32.985916 39.960064
v 6.3086629 32.679153 40.12796
v 6.8414321 32.265896 40.12796
v 7.288641 31.757639 39.960064
v 7.3472018 31.82 40.12796
v 6.9025741 32.339802 40.290154
v 6.3650432 32.756756 40.290154
v 7.4128637 31.889923 40.290154
v 6.9700871 32.421413 40.446003
v 6.4272985 32.842442 40.446003
v 7.0437045 32.510399 40.594894
v 6.4951835 32.935879 40.594894
v 7.123136 32.606419 40.73624
v 7.2080679 32.709084 40.86948
v 6.568429 33.03669 40.73624
v 5.1294198 33.326405 39.960064
v 5.1706324 33.401371 40.12796
v 5.2168422 33.485424 40.290154
v 5.2678676 33.578239 40.446003
v 5.3235064 33.679447 40.594894
v 5.3835392 33.788647 40.73624
v 5.7509956 33.058144 40.12796
v 5.8023925 33.139133 40.290154
v 5.8591447 33.228558 40.446003
v 5.9210286 33.326073 40.594894
v 5.9877996 33.431286 40.73624
v 5.4477291 33.905407 40.86948
v 6.0591946 33.543789 40.86948
v 6.1349316 33.663128 40.994095
v 5.5158229 34.02927 40.994095
v 6.2147117 33.788841 41.109589
v 5.5875521 34.159744 41.109589
v 5.6626334 34.296314 41.215504
v 5.7407699 34.438446 41.311424
v 5.2188754 35.0867 41.471806
v 5.8216543 34.585575 41.396969
v 6.2982202 33.920429 41.215504
v 5.9049664 34.737118 41.471806
v 5.2943635 35.24712 41.535633
v 5.9903784 34.892483 41.535633
v 6.0775523 35.051052 41.588207
v 5.3714089 35.410851 41.588207
v 6.1661444 35.2122 41.629311
v 6.6467471 33.144485 40.86948
v 6.7298284 33.258839 40.994095
v 6.8173442 33.379295 41.109589
v 7.2981653 32.817989 40.994095
v 7.3930721 32.932713 41.109589
v 6.9089503 33.505379 41.215504
v 7.0042849 33.636597 41.311424
v 6.3851271 34.057373 41.311424
v 7.1029711 33.772427 41.396969
v 6.47509 34.199135 41.396969
v 7.2046204 33.912334 41.471806
v 6.5677533 34.345146 41.471806
v 6.6627517 34.494843 41.535633
v 6.7597103 34.647625 41.588207
v 6.8582463 34.802891 41.629311
v 6.9579711 34.960033 41.658791
v 6.2558055 35.375294 41.658791
v 7.3088307 34.055767 41.535633
v 7.4151912 34.20216 41.588207
v 7.5232821 34.350933 41.629311
v 7.0584903 35.118427 41.676521
v 7.1594081 35.277447 41.682442
v 6.3461809 35.539684 41.676521
v 7.5922441 31.125616 39.244987
v 7.6222086 31.153755 39.428883
v 7.6605315 31.189743 39.609837
v 7.7070613 31.233437 39.787128
v 7.7616143 31.284666 39.960064
v 8.0249329 30.634827 39.244987
v 8.0566053 30.661028 39.428883
v 8.0971127 30.694538 39.609837
v 8.1462936 30.735226 39.787128
v 8.2039557 30.782927 39.960064
v 7.8239751 31.343225 40.12796
v 7.893898 31.408888 40.290154
v 8.2698708 30.837458 40.12796
v 8.3437786 30.8986 40.290154
v 8.4253883 30.966112 40.446003
v 7.971107 31.481392 40.446003
v 8.5143766 31.039728 40.594894
v 8.0552969 31.560452 40.594894
v 7.4853678 31.967131 40.446003
v 7.5644274 32.051323 40.594894
v 7.6497312 32.142162 40.73624
v 8.1461363 31.645756 40.73624
v 8.6103926 31.11916 40.73624
v 7.740942 32.239292 40.86948
v 7.8376999 32.342327 40.994095
v 7.9396234 32.450863 41.109589
v 8.2432661 31.736967 40.86948
v 8.346303 31.833725 40.994095
v 8.4548397 31.935648 41.109589
v 8.0463095 32.564472 41.215504
v 8.1573381 32.682709 41.311424
v 7.4924145 33.052799 41.215504
v 8.568449 32.042336 41.215504
v 8.7130575 31.204092 40.86948
v 9.1484623 30.642771 40.86948
v 8.8219662 31.294189 40.994095
v 8.9366894 31.389097 41.109589
v 9.2628136 30.725853 40.994095
v 9.6671047 30.130957 40.994095
v 9.3832693 30.81337 41.109589
v 9.5093546 30.904976 41.215504
v 9.0567732 31.48844 41.215504
v 9.6405706 31.000309 41.311424
v 9.1817446 31.591824 41.311424
v 8.6866827 32.153362 41.311424
v 8.8090734 32.268295 41.396969
v 8.2722702 32.805096 41.396969
v 8.9351377 32.386677 41.471806
v 8.3906527 32.931164 41.471806
v 9.3111105 31.698845 41.396969
v 9.4443598 31.809078 41.471806
v 9.0643787 32.508041 41.535633
v 9.580966 31.922089 41.535633
v 9.1962872 32.631912 41.588207
v 8.5120182 33.060402 41.535633
v 9.7203922 32.037434 41.588207
v 7.5957999 33.177769 41.311424
v 7.7028203 33.307137 41.396969
v 7.8130536 33.440384 41.471806
v 7.926065 33.576992 41.535633
v 8.0414076 33.716415 41.588207
v 8.1586266 33.858109 41.629311
v 8.6358881 33.19231 41.588207
v 7.6326766 34.501503 41.658791
v 7.7429438 34.653271 41.676521
v 7.8536472 34.805641 41.682442
v 7.9643507 34.958012 41.676521
v 7.2603259 35.436466 41.676521
v 8.2772598 34.001514 41.658791
v 8.3968391 34.146057 41.676521
v 8.5168915 34.291176 41.682442
v 8.0746174 35.109783 41.658791
v 8.6369438 34.436295 41.676521
v 8.7617731 33.326366 41.629311
v 8.8891764 33.462036 41.658791
v 9.0175953 33.598789 41.676521
v 9.3303404 32.757797 41.629311
v 9.466011 32.885201 41.658791
v 9.6027641 33.013618 41.676521
v 9.1465235 33.736084 41.682442
v 9.2754507 33.873375 41.676521
v 9.7400579 33.142548 41.682442
v 8.7565231 34.580841 41.658791
v 8.8751564 34.724247 41.629311
v 8.1840124 35.260353 41.629311
v 8.9923754 34.86594 41.588207
v 8.2921038 35.409126 41.588207
v 9.1077185 35.005363 41.535633
v 9.4038706 34.010128 41.658791
v 9.5312738 34.145802 41.629311
v 9.6571589 34.279854 41.588207
v 9.2207289 35.141972 41.471806
v 8.3984642 35.555519 41.535633
v 9.7810278 34.411762 41.535633
v 9.9023943 34.541004 41.471806
v 5.4497075 35.577244 41.629311
v 5.5289507 35.745644 41.658791
v 5.6088257 35.915386 41.676521
v 5.6890173 36.0858 41.682442
v 5.7692084 36.256218 41.676521
v 5.8490834 36.425961 41.658791
v 5.3888092 37.606602 41.396969
v 5.3251476 37.445812 41.471806
v 5.4506159 37.762707 41.311424
v 6.2327909 37.241379 41.396969
v 5.5103226 37.913509 41.215504
v 6.3733354 37.540051 41.215504
v 6.3042774 37.393295 41.311424
v 5.9283266 36.59436 41.629311
v 6.0066257 36.760754 41.588207
v 6.0836706 36.924484 41.535633
v 6.1591587 37.084904 41.471806
v 6.4369144 35.704727 41.682442
v 6.527648 35.869774 41.676521
v 6.6180239 36.034164 41.658791
v 6.7076845 36.197258 41.629311
v 6.7962766 36.358406 41.588207
v 7.3608456 35.59486 41.658791
v 6.8834505 36.516975 41.535633
v 7.4605703 35.752003 41.629311
v 7.5591063 35.907269 41.588207
v 6.439693 37.681068 41.109589
v 6.9688625 36.672337 41.471806
v 7.0521746 36.823883 41.396969
v 7.133059 36.971012 41.311424
v 7.2111959 37.11314 41.215504
v 7.2862768 37.249714 41.109589
v 7.358006 37.380188 40.994095
v 6.503088 37.815788 40.994095
v 6.5632701 37.943684 40.86948
v 7.4260998 37.504051 40.86948
v 5.8862777 38.863064 40.12796
v 5.7694612 38.56802 40.594894
v 5.8509669 38.77388 40.290154
v 5.8119769 38.675404 40.446003
v 5.9177694 38.942604 39.960064
v 5.9453182 39.012184 39.787128
v 6.0033002 39.15863 39.244987
v 5.9881682 39.120411 39.428883
v 5.9688153 39.071533 39.609837
v 6.943522 38.751759 39.244987
v 6.9260201 38.714565 39.428883
v 6.9036365 38.667 39.609837
v 6.8764591 38.609245 39.787128
v 5.723588 38.45216 40.73624
v 6.6730599 38.176998 40.594894
v 6.7222338 38.281498 40.446003
v 6.7673306 38.377335 40.290154
v 6.8081713 38.464127 40.12796
v 6.8445954 38.541531 39.960064
v 6.6200023 38.064243 40.73624
v 7.550323 37.730011 40.594894
v 7.6059613 37.831219 40.446003
v 7.6569867 37.92403 40.290154
v 5.6225052 38.196854 40.994095
v 5.5676947 38.058414 41.109589
v 5.6745381 38.328274 40.86948
v 7.4902897 37.620811 40.73624
v 7.7031965 38.008087 40.12796
v 8.5678205 37.49675 40.12796
v 8.5164242 37.41576 40.290154
v 8.459672 37.326336 40.446003
v 8.397788 37.228821 40.594894
v 7.7804618 38.148632 39.787128
v 8.653758 37.632164 39.787128
v 8.6879597 37.686058 39.609837
v 8.7381544 37.765152 39.244987
v 8.7161293 37.730446 39.428883
v 9.5854826 37.189308 39.244987
v 9.5613213 37.156055 39.428883
v 9.5304203 37.113522 39.609837
v 8.6136589 37.568981 39.960064
v 9.4929028 37.061882 39.787128
v 9.3422508 36.85453 40.290154
v 8.3310165 37.123608 40.73624
v 9.2121115 36.675407 40.594894
v 9.2799959 36.768845 40.446003
v 7.7444091 38.083054 39.960064
v 9.398632 36.932133 40.12796
v 9.4489145 37.001339 39.960064
v 7.7510633 36.209747 41.471806
v 7.8437266 36.355759 41.396969
v 7.9336896 36.49752 41.311424
v 8.6043234 35.83886 41.396969
v 8.7030096 35.974689 41.311424
v 7.656065 36.060051 41.535633
v 8.5026741 35.698952 41.471806
v 8.1838856 36.891766 40.994095
v 8.0205965 36.634464 41.215504
v 8.104105 36.766052 41.109589
v 8.2596216 37.011105 40.86948
v 9.3309622 35.275219 41.396969
v 8.8899498 36.231991 41.109589
v 8.9774666 36.352448 40.994095
v 9.0605478 36.466797 40.86948
v 8.7983437 36.105907 41.215504
v 9.5413685 35.529556 41.215504
v 9.4379826 35.404587 41.311424
v 9.6407108 35.649643 41.109589
v 9.7356176 35.764366 40.994095
v 9.8257151 35.873272 40.86948
v 9.1388655 36.574593 40.73624
v 9.9106464 35.975937 40.73624
v 7.8563409 38.286655 39.244987
v 7.8365383 38.250633 39.428883
v 7.8112116 38.204567 39.609837
v 10.648306 22.650831 40.12796
v 10.644901 22.629335 40.12796
v 10.74347 22.638809 40.290154
v 10.84855 22.625534 40.446003
v 10.907634 22.260664 40.594894
v 11.013894 22.135374 40.73624
v 10.963131 22.611059 40.594894
v 11.128833 22.009741 40.86948
v 11.086761 22.59544 40.73624
v 11.218954 22.578741 40.86948
v 11.39292 21.822708 41.109589
v 11.511795 21.64044 41.215504
v 11.546009 21.793505 41.215504
v 11.705329 21.763113 41.311424
v 11.506903 22.542364 41.109589
v 11.661523 22.522831 41.215504
v 11.359185 22.561026 40.994095
v 11.822436 22.502504 41.311424
v 10.378799 23.175985 39.244987
v 10.394498 23.342058 39.244987
v 10.410284 23.072495 39.428883
v 10.435522 23.339478 39.428883
v 10.551693 23.332169 39.787128
v 10.452959 22.965597 39.609837
v 10.487989 23.336176 39.609837
v 10.41505 23.996025 39.244987
v 10.456155 23.996025 39.428883
v 10.508726 23.996025 39.609837
v 10.626381 23.327469 39.960064
v 10.572556 23.996025 39.787128
v 10.394498 24.64999 39.244987
v 10.435522 24.652573 39.428883
v 10.487989 24.655872 39.609837
v 10.551693 24.659882 39.787128
v 10.332923 25.301376 39.244987
v 10.373705 25.306528 39.428883
v 10.425861 25.313118 39.609837
v 10.626381 24.664579 39.960064
v 10.489187 25.321117 39.787128
v 10.563434 25.330496 39.960064
v 10.71176 23.322098 40.12796
v 10.80749 23.316074 40.290154
v 10.913197 23.309423 40.446003
v 11.028461 23.302172 40.594894
v 10.647391 23.996025 39.960064
v 10.732938 23.996025 40.12796
v 10.828858 23.996025 40.290154
v 10.934773 23.996025 40.446003
v 11.152828 23.294348 40.73624
v 11.050266 23.996025 40.594894
v 10.71176 24.66995 40.12796
v 10.80749 24.675974 40.290154
v 10.913197 24.682625 40.446003
v 11.174879 23.996025 40.73624
v 11.028461 24.689877 40.594894
v 10.648306 25.341219 40.12796
v 10.74347 25.353241 40.290154
v 10.84855 25.366514 40.446003
v 10.963131 25.380991 40.594894
v 11.152828 24.697701 40.73624
v 11.285808 23.285982 40.86948
v 11.426874 23.277107 40.994095
v 11.575473 23.267757 41.109589
v 11.731014 23.257971 41.215504
v 11.308122 23.996025 40.86948
v 11.449468 23.996025 40.994095
v 11.598359 23.996025 41.109589
v 11.754209 23.996025 41.215504
v 11.285808 24.706068 40.86948
v 11.086761 25.396608 40.73624
v 11.426874 24.714943 40.994095
v 11.575473 24.724291 41.109589
v 11.731014 24.734077 41.215504
v 11.218954 25.413307 40.86948
v 11.359185 25.431023 40.994095
v 11.506903 25.449684 41.109589
v 11.892887 24.744261 41.311424
v 11.661523 25.469217 41.215504
v 12.040123 21.699247 41.471806
v 12.214275 21.666027 41.535633
v 12.759226 20.720013 41.676521
v 12.917596 20.590382 41.682442
v 12.941649 20.673174 41.682442
v 12.572659 21.597662 41.629311
v 12.392022 21.63212 41.588207
v 12.755477 21.562788 41.658791
v 12.939751 21.527636 41.676521
v 11.870251 21.731653 41.396969
v 11.989008 22.481461 41.396969
v 12.16058 22.459785 41.471806
v 12.336475 22.437565 41.535633
v 12.516 22.414886 41.588207
v 12.698445 22.391838 41.629311
v 12.883091 22.368511 41.658791
v 12.409988 23.215254 41.535633
v 12.590583 23.203892 41.588207
v 12.774116 23.192345 41.629311
v 13.124072 20.626335 41.676521
v 13.305776 20.579681 41.658791
v 13.486042 20.533398 41.629311
v 13.580707 20.200417 41.588207
v 13.124755 21.492344 41.682442
v 13.309759 21.457052 41.676521
v 13.494034 21.4219 41.658791
v 13.744909 20.117332 41.535633
v 13.66416 20.487665 41.588207
v 13.839426 20.442663 41.535633
v 13.67685 21.387026 41.629311
v 13.857489 21.352568 41.588207
v 14.035234 21.318661 41.535633
v 14.209388 21.285439 41.471806
v 13.069209 22.344999 41.676521
v 13.256063 22.321394 41.682442
v 13.442919 22.297789 41.676521
v 13.629037 22.274277 41.658791
v 12.959862 23.180658 41.658791
v 13.147088 23.16888 41.676521
v 13.335057 23.157053 41.682442
v 13.523026 23.145227 41.676521
v 13.813683 22.25095 41.629311
v 13.996128 22.227901 41.588207
v 14.175653 22.205223 41.535633
v 13.710253 23.133448 41.658791
v 13.895999 23.121763 41.629311
v 14.079531 23.110216 41.588207
v 11.892887 23.247787 41.311424
v 12.060451 23.237246 41.396969
v 12.233046 23.226387 41.471806
v 11.916401 23.996025 41.311424
v 12.084296 23.996025 41.396969
v 12.257232 23.996025 41.471806
v 12.434525 23.996025 41.535633
v 12.615477 23.996025 41.588207
v 12.799372 23.996025 41.629311
v 12.985485 23.996025 41.658791
v 12.060451 24.754805 41.396969
v 12.233046 24.765663 41.471806
v 11.822436 25.489546 41.311424
v 11.989008 25.510588 41.396969
v 12.409988 24.776794 41.535633
v 12.16058 25.532263 41.471806
v 12.590583 24.788157 41.588207
v 12.774116 24.799704 41.629311
v 12.959862 24.81139 41.658791
v 12.336475 25.554483 41.535633
v 12.516 25.577164 41.588207
v 12.698445 25.600212 41.629311
v 13.173082 23.996025 41.676521
v 13.361423 23.996025 41.682442
v 13.549763 23.996025 41.676521
v 13.73736 23.996025 41.658791
v 13.923473 23.996025 41.629311
v 14.107368 23.996025 41.588207
v 13.147088 24.82317 41.676521
v 13.335057 24.834995 41.682442
v 13.523026 24.846821 41.676521
v 12.883091 25.623537 41.658791
v 13.069209 25.647049 41.676521
v 13.256063 25.670654 41.682442
v 13.710253 24.858601 41.658791
v 13.895999 24.870287 41.629311
v 14.079531 24.881834 41.588207
v 13.442919 25.69426 41.676521
v 13.629037 25.717772 41.658791
v 13.813683 25.741098 41.629311
v 14.260125 24.893196 41.535633
v 13.996128 25.764147 41.588207
v 10.23057 25.947611 39.244987
v 10.270947 25.955313 39.428883
v 10.322587 25.965164 39.609837
v 10.385286 25.977123 39.787128
v 10.087841 26.586142 39.244987
v 10.127655 26.596365 39.428883
v 10.178575 26.609438 39.609837
v 10.240399 26.625313 39.787128
v 10.458797 25.991146 39.960064
v 10.542829 26.007177 40.12796
v 10.312883 26.643923 39.960064
v 10.395743 26.665197 40.12796
v 10.63705 26.02515 40.290154
v 10.48865 26.689053 40.290154
v 9.9053001 27.214451 39.244987
v 9.9443941 27.227154 39.428883
v 9.6836681 27.830059 39.244987
v 9.7218866 27.845192 39.428883
v 9.9943924 27.243399 39.609837
v 9.7707663 27.864544 39.609837
v 10.055098 27.263124 39.787128
v 9.8301134 27.888042 39.787128
v 10.126271 27.286249 39.960064
v 9.8996944 27.91559 39.960064
v 10.207631 27.312685 40.12796
v 10.298857 27.342325 40.290154
v 10.591238 26.715393 40.446003
v 10.399588 27.375055 40.446003
v 10.703101 26.744114 40.594894
v 9.9792337 27.947083 40.12796
v 10.068419 27.982393 40.290154
v 10.509427 27.410744 40.594894
v 10.166896 28.021383 40.446003
v 10.627941 27.449251 40.73624
v 10.274278 28.063898 40.594894
v 10.741089 26.044996 40.446003
v 10.854535 26.066637 40.594894
v 10.976941 26.089989 40.73624
v 10.8238 26.775105 40.73624
v 11.107823 26.114956 40.86948
v 11.246666 26.141441 40.994095
v 10.952856 26.808241 40.86948
v 11.39292 26.16934 41.109589
v 11.546009 26.198544 41.215504
v 11.089762 26.843391 40.994095
v 11.233975 26.880419 41.109589
v 11.705329 26.228935 41.311424
v 11.384929 26.919178 41.215504
v 11.870251 26.260395 41.396969
v 11.542026 26.959513 41.311424
v 10.754663 27.490427 40.86948
v 10.889091 27.534105 40.994095
v 10.39014 28.109772 40.73624
v 10.514026 28.158821 40.86948
v 11.030695 27.580114 41.109589
v 11.704646 27.001266 41.396969
v 11.178917 27.628275 41.215504
v 11.333171 27.678394 41.311424
v 11.492849 27.730278 41.396969
v 11.872149 27.044273 41.471806
v 11.65732 27.783718 41.471806
v 9.7114525 28.565887 40.12796
v 9.7982445 28.606728 40.290154
v 9.8940792 28.651825 40.446003
v 9.99858 28.700998 40.594894
v 9.6834221 29.31953 40.594894
v 10.111333 28.754057 40.73624
v 9.7926216 29.379564 40.73624
v 10.231894 28.810789 40.86948
v 10.645446 28.210855 40.994095
v 10.359788 28.87097 40.994095
v 10.783881 28.265665 41.109589
v 10.494509 28.934366 41.109589
v 9.9093828 29.443754 40.86948
v 10.033245 29.511848 40.994095
v 10.163719 29.583576 41.109589
v 9.7928181 30.210735 41.109589
v 10.635526 29.000723 41.215504
v 10.782282 29.069782 41.311424
v 10.300291 29.658657 41.215504
v 10.442422 29.736795 41.311424
v 9.924407 30.294245 41.215504
v 10.06135 30.381151 41.311424
v 10.58955 29.817678 41.396969
v 10.203109 30.471115 41.396969
v 10.741095 29.900991 41.471806
v 10.928787 28.323038 41.215504
v 11.07959 28.382744 41.311424
v 11.235695 28.444551 41.396969
v 10.934198 29.141268 41.396969
v 11.396486 28.508213 41.471806
v 11.090675 29.214901 41.471806
v 11.825936 27.838505 41.535633
v 11.561329 28.573479 41.535633
v 11.998032 27.894421 41.588207
v 11.729573 28.640091 41.588207
v 11.251095 29.290388 41.535633
v 11.900555 28.707788 41.629311
v 11.414824 29.367434 41.588207
v 10.896458 29.986403 41.535633
v 10.349123 30.563778 41.471806
v 11.055026 30.073576 41.588207
v 10.498816 30.658777 41.535633
v 11.581218 29.445732 41.629311
v 11.216175 30.162169 41.629311
v 11.749619 29.524975 41.658791
v 11.379268 30.251829 41.658791
v 11.919361 29.604851 41.676521
v 11.54366 30.342205 41.676521
v 12.040123 26.292801 41.471806
v 12.214275 26.326023 41.535633
v 12.392022 26.35993 41.588207
v 12.572659 26.394388 41.629311
v 12.755477 26.429262 41.658791
v 12.939751 26.464415 41.676521
v 12.043872 27.088366 41.535633
v 12.219138 27.133366 41.588207
v 12.397256 27.179098 41.629311
v 12.172926 27.951248 41.629311
v 12.577522 27.225384 41.658791
v 12.759226 27.272038 41.676521
v 13.124755 26.499706 41.682442
v 12.941649 27.318874 41.682442
v 12.349931 28.00876 41.658791
v 12.528346 28.06673 41.676521
v 13.124072 27.365713 41.676521
v 12.707468 28.124931 41.682442
v 13.309759 26.534996 41.676521
v 13.494034 26.570148 41.658791
v 13.67685 26.605022 41.629311
v 14.175653 25.786825 41.535633
v 13.857489 26.639482 41.588207
v 14.035234 26.673389 41.535633
v 13.305776 27.412367 41.658791
v 12.886591 28.183132 41.676521
v 13.486042 27.458652 41.629311
v 13.065006 28.241102 41.658791
v 13.66416 27.504385 41.588207
v 14.209388 26.70661 41.471806
v 13.839426 27.549385 41.535633
v 14.011149 27.593475 41.471806
v 12.073599 28.7763 41.658791
v 12.248022 28.84536 41.676521
v 12.423137 28.914692 41.682442
v 12.598251 28.984024 41.676521
v 12.772675 29.053083 41.658791
v 12.089777 29.685041 41.682442
v 12.260192 29.765232 41.676521
v 11.708704 30.43294 41.682442
v 11.873748 30.523672 41.676521
v 12.429935 29.845108 41.658791
v 12.945719 29.121597 41.629311
v 12.598335 29.924351 41.629311
v 13.1167 29.189293 41.588207
v 12.03814 30.614048 41.658791
v 12.201233 30.703709 41.629311
v 12.764729 30.002649 41.588207
v 14.178652 27.636484 41.396969
v 13.757616 28.466145 41.471806
v 13.922088 28.519585 41.396969
v 14.341272 27.678238 41.311424
v 14.081765 28.571468 41.311424
v 13.449787 29.321173 41.471806
v 13.610579 29.384834 41.396969
v 14.23602 28.621588 41.215504
v 13.766684 29.44664 41.311424
v 13.24201 28.298615 41.629311
v 13.416905 28.355442 41.588207
v 13.589 28.411358 41.535633
v 13.284945 29.255905 41.535633
v 13.088879 30.155184 41.471806
v 13.245356 30.228815 41.396969
v 13.397271 30.300303 41.311424
v 13.917486 29.506348 41.215504
v 14.332248 29.670563 40.86948
v 13.819765 30.499113 40.994095
v 14.200828 29.61853 40.994095
v 13.685044 30.435719 41.109589
v 14.062392 29.563719 41.109589
v 13.947659 30.559296 40.86948
v 13.544027 30.36936 41.215504
v 12.928458 30.079695 41.535633
v 15.394975 21.059277 40.594894
v 15.272569 21.082626 40.73624
v 16.01894 20.940248 39.244987
v 15.978563 20.94795 39.428883
v 15.926923 20.957802 39.609837
v 15.864224 20.969763 39.787128
v 15.790713 20.983786 39.960064
v 16.179205 21.952116 39.244987
v 16.138424 21.957268 39.428883
v 16.086266 21.963856 39.609837
v 16.02294 21.971857 39.787128
v 15.706682 20.999815 40.12796
v 15.612461 21.017788 40.290154
v 15.508422 21.037636 40.446003
v 15.948694 21.981236 39.960064
v 15.768658 22.003981 40.290154
v 15.863822 21.991959 40.12796
v 15.548997 22.031729 40.594894
v 15.663578 22.017254 40.446003
v 16.275616 22.97205 39.244987
v 16.234592 22.97463 39.428883
v 16.182125 22.977932 39.609837
v 16.118422 22.981939 39.787128
v 16.043734 22.986639 39.960064
v 15.425366 22.047348 40.73624
v 15.862624 22.998034 40.290154
v 15.641653 23.011934 40.594894
v 15.517286 23.01976 40.73624
v 15.756918 23.004683 40.446003
v 15.958355 22.99201 40.12796
v 14.37926 21.253035 41.396969
v 14.703501 21.191181 41.215504
v 14.544182 21.221573 41.311424
v 14.85659 21.161978 41.109589
v 15.002845 21.134079 40.994095
v 15.141686 21.107594 40.86948
v 15.293174 22.064047 40.86948
v 14.351548 22.183002 41.471806
v 14.52312 22.161327 41.396969
v 14.689692 22.140285 41.311424
v 14.437069 23.087721 41.471806
v 14.609663 23.076862 41.396969
v 15.005225 22.100424 41.109589
v 15.152943 22.081762 40.994095
v 14.850605 22.119957 41.215504
v 15.094642 23.04635 41.109589
v 15.243239 23.037001 40.994095
v 14.939099 23.056135 41.215504
v 14.777227 23.06632 41.311424
v 14.260125 23.098854 41.535633
v 15.384307 23.028126 40.86948
v 16.307796 23.996025 39.244987
v 16.266691 23.996025 39.428883
v 16.15029 23.996025 39.787128
v 16.214119 23.996025 39.609837
v 16.075455 23.996025 39.960064
v 15.788072 23.996025 40.446003
v 15.67258 23.996025 40.594894
v 15.893987 23.996025 40.290154
v 15.547966 23.996025 40.73624
v 15.989907 23.996025 40.12796
v 16.275616 25.02 39.244987
v 16.234592 25.017418 39.428883
v 16.118422 25.010109 39.787128
v 16.182125 25.014118 39.609837
v 16.043734 25.005411 39.960064
v 15.756918 24.987366 40.446003
v 15.641653 24.980114 40.594894
v 15.862624 24.994017 40.290154
v 15.517286 24.97229 40.73624
v 15.958355 25.000038 40.12796
v 14.465613 23.996025 41.471806
v 14.638549 23.996025 41.396969
v 15.124486 23.996025 41.109589
v 15.273378 23.996025 40.994095
v 14.968637 23.996025 41.215504
v 14.806444 23.996025 41.311424
v 14.288321 23.996025 41.535633
v 14.437069 24.904327 41.471806
v 14.609663 24.915186 41.396969
v 14.351548 25.809046 41.471806
v 15.094642 24.9457 41.109589
v 14.777227 24.92573 41.311424
v 14.939099 24.935913 41.215504
v 15.243239 24.955048 40.994095
v 15.414724 23.996025 40.86948
v 15.384307 24.963923 40.86948
v 15.180197 27.893637 40.594894
v 15.059499 27.862646 40.73624
v 15.394975 26.932774 40.594894
v 16.179205 26.039934 39.244987
v 16.138424 26.034782 39.428883
v 16.086266 26.028193 39.609837
v 16.02294 26.020193 39.787128
v 15.948694 26.010813 39.960064
v 16.01894 27.051802 39.244987
v 15.978563 27.044098 39.428883
v 15.926923 27.034248 39.609837
v 15.864224 27.022287 39.787128
v 15.768658 25.98807 40.290154
v 15.863822 26.000092 40.12796
v 15.548997 25.96032 40.594894
v 15.425366 25.944702 40.73624
v 15.663578 25.974794 40.446003
v 15.612461 26.97426 40.290154
v 15.706682 26.992235 40.12796
v 15.508422 26.954414 40.446003
v 15.790713 27.008265 39.960064
v 15.795457 28.051609 39.244987
v 15.755643 28.041386 39.428883
v 15.704723 28.028313 39.609837
v 15.6429 28.012438 39.787128
v 15.570415 27.993828 39.960064
v 15.272569 26.909424 40.73624
v 15.394649 27.948698 40.290154
v 15.487555 27.972553 40.12796
v 15.292061 27.922358 40.446003
v 14.52312 25.830721 41.396969
v 14.689692 25.851765 41.311424
v 14.37926 26.739016 41.396969
v 14.850605 25.872091 41.215504
v 14.544182 26.770475 41.311424
v 14.703501 26.800867 41.215504
v 15.005225 25.891624 41.109589
v 15.152943 25.910286 40.994095
v 15.293174 25.928001 40.86948
v 15.141686 26.884457 40.86948
v 15.002845 26.857969 40.994095
v 14.85659 26.83007 41.109589
v 14.498369 27.718573 41.215504
v 14.649323 27.757332 41.109589
v 14.793537 27.794359 40.994095
v 14.930442 27.82951 40.86948
v 15.015348 28.874807 40.446003
v 14.905509 28.839117 40.594894
v 15.207306 28.937178 40.12796
v 15.11608 28.907537 40.290154
v 14.786995 28.80061 40.73624
v 15.01616 29.941343 39.787128
v 15.359838 28.986738 39.787128
v 15.420545 29.006462 39.609837
v 14.946579 29.913794 39.960064
v 15.162605 29.999325 39.244987
v 15.124387 29.984192 39.428883
v 15.509636 29.03541 39.244987
v 15.075507 29.96484 39.609837
v 14.613219 30.872484 39.787128
v 15.470542 29.022709 39.428883
v 14.571996 29.765486 40.594894
v 14.456134 29.719612 40.73624
v 14.86704 29.882301 40.12796
v 14.38131 30.763355 40.290154
v 14.777855 29.846991 40.290154
v 14.285475 30.718258 40.446003
v 14.679378 29.808001 40.446003
v 14.180974 30.669085 40.594894
v 15.288666 28.963614 39.960064
v 14.545506 30.84062 39.960064
v 14.468101 30.804195 40.12796
v 14.384241 28.669748 41.109589
v 14.525846 28.715757 40.994095
v 14.660274 28.759436 40.86948
v 14.06822 30.616026 40.73624
v 9.7764015 31.098995 41.396969
v 9.9163094 31.200645 41.471806
v 10.059742 31.304855 41.535633
v 10.651599 30.755735 41.588207
v 10.206135 31.411215 41.588207
v 10.806868 30.854271 41.629311
v 10.354909 31.519306 41.629311
v 9.8620853 32.154652 41.629311
v 10.005488 32.273285 41.658791
v 10.150034 32.392864 41.676521
v 10.505478 31.628702 41.658791
v 10.657248 31.738968 41.676521
v 10.809618 31.849672 41.682442
v 10.295154 32.512917 41.682442
v 10.440272 32.632969 41.676521
v 10.961988 31.960375 41.676521
v 10.964008 30.953995 41.658791
v 11.122401 31.054516 41.676521
v 11.281423 31.155434 41.682442
v 11.440443 31.256351 41.676521
v 11.598837 31.356871 41.658791
v 11.145947 33.216755 41.471806
v 11.702928 32.498699 41.471806
v 11.842834 32.600349 41.396969
v 11.113758 32.070641 41.658791
v 10.584818 32.752548 41.658791
v 11.264327 32.180038 41.629311
v 10.728221 32.871181 41.629311
v 11.413101 32.288128 41.588207
v 10.869914 32.9884 41.588207
v 11.755978 31.456594 41.629311
v 11.911245 31.55513 41.588207
v 12.064028 31.65209 41.535633
v 11.559494 32.394489 41.535633
v 11.00934 33.103741 41.535633
v 11.819585 35.095352 39.609837
v 11.055634 35.769081 39.787128
v 11.773055 35.051659 39.787128
v 11.509009 34.803703 40.446003
v 10.807679 35.505032 40.446003
v 10.728619 35.420845 40.594894
v 11.424819 34.724644 40.594894
v 10.643315 35.330006 40.73624
v 11.33398 34.639339 40.73624
v 12.07593 33.986103 40.594894
v 12.164918 34.059719 40.446003
v 11.65614 34.941868 40.12796
v 10.880183 35.582241 40.290154
v 11.586218 34.876205 40.290154
v 11.718502 35.000431 39.960064
v 10.945845 35.652164 40.12796
v 11.004406 35.714527 39.960064
v 9.8773518 33.271477 41.676521
v 10.014105 33.399895 41.658791
v 10.149776 33.527298 41.629311
v 10.28383 33.653183 41.588207
v 10.415737 33.777054 41.535633
v 10.544978 33.898418 41.471806
v 10.020777 34.667068 41.396969
v 10.135709 34.789459 41.311424
v 10.246737 34.907692 41.215504
v 10.671043 34.0168 41.396969
v 10.793433 34.131733 41.311424
v 10.911667 34.24276 41.215504
v 10.353423 35.021301 41.109589
v 10.455347 35.129837 40.994095
v 11.025276 34.349449 41.109589
v 11.279196 33.326988 41.396969
v 11.408562 33.434006 41.311424
v 11.533533 33.537392 41.215504
v 11.978665 32.699036 41.311424
v 12.109881 32.794369 41.215504
v 11.877249 33.821739 40.86948
v 11.133813 34.45137 40.994095
v 11.76834 33.731644 40.994095
v 11.653617 33.636734 41.109589
v 10.552105 35.232876 40.86948
v 11.23685 34.54813 40.86948
v 11.979914 33.90667 40.73624
v 13.733986 31.546347 40.594894
v 13.928007 31.653011 40.290154
v 13.835193 31.601986 40.446003
v 13.624786 31.486315 40.73624
v 14.290631 31.852365 39.244987
v 13.734422 32.712154 39.428883
v 14.25461 31.832563 39.428883
v 13.690034 32.683983 39.609837
v 14.208541 31.807236 39.609837
v 13.636141 32.649784 39.787128
v 14.152607 31.776485 39.787128
v 13.769128 32.73418 39.244987
v 13.572955 32.609684 39.960064
v 13.232797 32.393814 40.594894
v 13.127583 32.327042 40.73624
v 13.33031 32.455696 40.446003
v 12.772819 33.27602 40.446003
v 13.419737 32.512447 40.290154
v 12.679383 33.208138 40.594894
v 14.012063 31.699221 40.12796
v 14.087028 31.740433 39.960064
v 13.500725 32.563847 40.12796
v 12.827858 31.048199 41.396969
v 12.676313 30.964888 41.471806
v 12.213721 31.747087 41.471806
v 12.359735 31.839752 41.396969
v 12.974986 31.129084 41.311424
v 13.117117 31.20722 41.215504
v 12.501494 31.929714 41.311424
v 12.362382 30.792301 41.588207
v 12.52095 30.879475 41.535633
v 12.638438 32.016621 41.215504
v 12.770026 32.100128 41.109589
v 13.253689 31.282301 41.109589
v 12.235967 32.885975 41.109589
v 12.89574 32.179909 40.994095
v 12.356422 32.973492 40.994095
v 13.015081 32.255646 40.86948
v 12.470774 33.056572 40.86948
v 13.384163 31.354031 40.994095
v 13.508025 31.422125 40.86948
v 12.578569 33.134892 40.73624
v 12.444013 34.290607 39.787128
v 12.386351 34.242905 39.960064
v 13.065859 33.488926 39.787128
v 13.160029 33.557346 39.428883
v 12.493194 34.331295 39.609837
v 13.117498 33.526443 39.609837
v 12.320436 34.188374 40.12796
v 13.005316 33.444939 39.960064
v 12.246528 34.127232 40.290154
v 12.936107 33.394657 40.12796
v 12.858505 33.338276 40.290154
v 11.887872 35.159481 39.244987
v 12.565373 34.391006 39.244987
v 11.857907 35.13134 39.428883
v 12.533701 34.364803 39.428883
v 13.193284 33.581505 39.244987
v 10.335269 36.48922 39.609837
v 10.294582 36.440037 39.787128
v 11.099329 35.815609 39.609837
v 10.246881 36.382374 39.960064
v 10.19235 36.31646 40.12796
v 10.131208 36.242554 40.290154
v 10.063696 36.160942 40.446003
v 9.990078 36.071953 40.594894
v 10.39498 36.561398 39.244987
v 10.368779 36.529724 39.428883
v 11.163455 35.883896 39.244987
v 11.135316 35.853931 39.428883
v 14.755735 30.939547 39.244987
v 14.718542 30.922045 39.428883
v 14.670974 30.89966 39.609837
