/*--------------------------------*- C++ -*----------------------------------*\
  =========                 |
  \\      /  F ield         | OpenFOAM: The Open Source CFD Toolbox
   \\    /   O peration     | Website:  https://openfoam.org
    \\  /    A nd           | Version:  12
     \\/     M anipulation  |
\*---------------------------------------------------------------------------*/
FoamFile
{
    format      ascii;
    class       labelList;
    note        "nPoints:99207  nCells:65859  nFaces:230908  nInternalFaces:167690";
    location    "constant/lid/polyMesh";
    object      neighbour;
}
// * * * * * * * * * * * * * * * * * * * * * * * * * * * * * * * * * * * * * //


167690
(
37
41
54
8295
8296
8297
24
39
68
8307
8308
8309
42
45
56
8313
8314
8315
27
44
73
903
904
30
48
78
8339
8340
8341
47
50
923
34
52
85
927
928
51
53
939
949
975
981
25969
25970
25971
951
979
984
25975
25976
25977
955
982
988
25981
25982
25983
957
987
991
25987
25988
963
996
1002
25992
25993
25994
969
1000
1008
971
1004
1010
25998
25999
973
1009
1012
985
1015
1016
26002
26003
997
1018
1021
26005
26006
1001
1020
1022
26008
26009
26010
1013
1024
1025
26013
26014
37
54
1026
38
55
1032
41
54
1035
1036
1037
42
56
1040
1041
1042
55
1045
1046
1047
43
57
1050
1051
1052
45
56
1054
57
1058
46
58
1064
47
59
1068
58
1071
1072
1073
49
60
1076
1077
1078
50
59
1081
1082
1083
51
61
1086
1087
1088
60
1090
53
61
1096
37
41
1099
1105
1106
39
68
1129
1130
1141
42
45
1147
8447
8448
8449
8454
8455
8456
44
73
8461
8462
8463
1177
1183
1184
48
78
1221
1222
79
1234
1235
1247
52
85
8506
8507
8508
79
8513
8514
8515
86
8520
8521
8522
1275
86
1293
1294
8552
8553
8554
68
8556
8557
8558
8560
8561
8562
73
8564
8565
8566
78
8568
8569
8570
79
8572
8573
8574
85
8576
8577
8578
86
8580
8581
8582
117
119
54745
124
125
1134
54747
54748
118
127
1135
8585
8586
97
134
136
64808
64809
64810
115
135
1158
8590
8591
8592
132
137
1159
8597
8598
8599
8615
8616
8617
100
138
296
1386
1387
1388
130
139
1169
8630
8631
140
143
1180
8632
8633
8634
144
146
1194
8637
8638
8652
8653
8654
151
152
1207
8668
8669
8670
104
153
54783
54784
54785
157
160
1226
8674
8675
147
159
1227
8678
8679
8680
8688
8689
8690
8707
8708
8709
163
165
1239
8715
8716
8717
166
1487
1488
1489
154
164
1241
8721
8722
107
170
326
1528
1529
1530
168
171
1257
8724
8729
8730
8731
8748
8749
8750
176
182
1272
8756
8757
8758
172
183
1278
8762
8763
184
187
1286
8767
8768
8769
113
185
54818
54819
54820
190
192
1298
8774
8775
8776
191
1619
1620
1621
186
193
1300
8780
8781
178
195
1304
8784
8785
8786
120
1667
1668
129
1674
1675
98
99
1677
1678
134
1683
136
1686
101
1689
102
138
1691
1692
141
1697
145
1699
1700
1704
1705
162
1711
1712
166
1716
1717
108
1720
109
170
1722
1723
173
1728
112
175
1731
112
177
1734
179
1736
1737
1741
1742
191
1748
1749
116
1102
8790
8791
135
1103
8795
8796
8797
121
1116
54827
54828
123
1117
8802
8803
121
1118
8807
8808
8809
122
54831
54832
54833
1119
8814
8815
8816
1828
1829
1830
127
1121
8820
8821
128
54840
128
1136
8824
8825
8826
129
1865
1866
1867
1138
8830
8831
1139
8834
8835
8836
54843
54844
54845
131
1144
8841
8842
8843
139
1145
8847
8848
133
1150
8851
8852
8853
137
1151
8857
8858
8859
294
1985
1986
1987
1161
8863
8864
294
2017
2018
2019
1163
8865
141
64815
64816
64817
1172
8867
8868
8869
142
1173
8874
8875
8876
296
2073
2074
2075
143
1175
8880
1181
8882
8883
8884
148
1195
8889
8890
8891
149
54865
54866
54867
148
1196
8895
8896
150
1197
8899
8900
8901
1198
8906
8907
8908
2154
2155
2156
159
1200
8912
8913
155
1208
8915
8916
155
1209
8919
8920
8921
2190
2191
2192
156
1211
8925
8926
1212
8928
8929
164
1213
8932
8933
8934
161
1228
8939
8940
8941
162
2239
2240
2241
1230
8945
8946
161
1231
8948
8949
1232
8952
8953
8954
54876
54877
54878
167
1242
8958
8959
1243
8962
8963
8964
167
1244
8969
8970
8971
54887
54888
54889
1245
8975
8976
169
1250
8979
8980
8981
171
1251
8985
8986
8987
173
64822
64823
64824
1260
8991
8992
8993
174
1261
8998
8999
9000
326
2405
2406
2407
183
1263
9004
9005
179
214
2437
2438
2439
180
1265
9006
179
214
2468
2469
2470
181
1267
9007
9008
64829
64830
64831
182
1270
9010
9011
9012
195
1271
9017
9018
9019
1273
9023
9024
9025
1279
9029
9030
9031
188
1287
9036
9037
9038
2538
2539
2540
189
1289
9042
9043
188
54909
1290
54911
54912
193
1291
9046
9047
194
1301
9051
9052
9053
54915
54916
54917
194
1302
54924
54925
1303
9058
9059
54927
1305
9062
9063
363
367
1347
2638
2639
2640
377
1376
1381
65776
65777
65778
2710
2711
2712
275
1364
1382
64836
64837
64838
1365
1378
1383
2717
2718
2719
236
379
1379
64843
64844
64845
276
380
1384
2724
2725
2726
391
394
1432
2760
2761
2762
241
395
1414
9097
9098
9099
304
1415
1433
2771
2772
2773
398
1416
1434
2759
2760
2764
2765
2770
2772
2775
2776
9096
9098
9101
9102
55616
55617
55618
305
392
1435
2783
2784
2785
425
1514
1523
65783
65784
65785
2802
2803
2804
323
1464
1524
64850
64851
64852
1465
1516
1525
2816
2817
2818
250
427
1517
64857
64858
64859
324
428
1526
2823
2824
2825
9131
436
438
1567
2842
2843
2844
319
336
1568
2856
2857
2858
321
437
1570
2867
2868
2869
338
440
1571
2874
2875
2876
443
449
1595
2881
2882
2883
254
444
1542
9144
9145
9146
348
1543
1596
2892
2893
2894
447
1544
1598
2880
2881
2884
2886
2891
2893
2896
2897
9143
9145
9148
9149
55769
55770
55771
349
450
1599
2904
2905
2906
473
476
1653
2911
2912
2913
342
353
1654
2924
2925
2926
344
475
1656
2934
2935
2936
355
477
1657
2941
2942
2943
265
479
1306
2947
2948
231
1111
2952
2953
2954
480
1114
2959
2960
2961
1123
2964
2965
2966
481
1126
2971
2972
2973
270
482
1307
2976
2977
286
483
1682
2986
2987
292
486
1685
2995
2996
489
1688
3004
3005
301
492
1696
3013
3014
308
495
1308
3017
3018
244
1189
3024
3025
3026
496
1192
3029
3030
3031
497
1309
3034
3035
247
1202
3041
3042
3043
498
1206
3046
3047
3048
1215
3051
3052
3053
499
1218
3058
3059
3060
313
500
1310
3063
3064
913
3068
3069
3070
501
916
3075
3076
3077
318
502
1311
3080
3081
503
1719
3090
3091
332
506
1727
3099
3100
339
509
1730
3108
3109
345
512
1733
3117
3118
515
1312
3121
3122
257
1281
3128
3129
3130
516
1285
3133
3134
3135
933
3140
3141
3142
517
936
3145
3146
3147
352
518
1313
3150
3151
520
522
1763
3156
3157
3158
266
284
1764
3169
3170
3171
268
521
1767
3179
3180
3181
287
524
1768
3186
3187
3188
530
533
1800
3193
3194
3195
534
888
9151
9152
9153
889
1801
3204
3205
3206
537
890
1803
3192
3193
3197
3198
3203
3205
3207
3209
9150
9152
9154
9156
55820
55821
55822
532
1804
3216
3217
3218
580
583
1897
3223
3224
3225
584
1363
9158
9159
9160
275
1364
1898
3234
3235
3236
587
1366
1900
3222
3223
3227
3228
3233
3235
3238
3239
9157
9159
9162
9163
55879
55880
55881
277
582
1901
3246
3247
3248
593
595
1922
3253
3254
3255
1923
3266
3267
3268
597
1925
3273
3274
3275
594
1926
3283
3284
3285
601
604
1953
3290
3291
3292
290
309
1954
3305
3306
3307
293
603
1957
3316
3317
3318
311
605
1958
3323
3324
3325
607
1975
1980
65790
65791
65792
3337
3338
3339
889
1981
64864
64865
64866
891
1977
1982
3344
3345
3346
610
1978
64871
64872
64873
611
1983
3351
3352
3353
618
2007
2012
65797
65798
65799
3365
3366
3367
898
2013
64878
64879
64880
899
2009
2014
3372
3373
3374
621
2010
64885
64886
64887
622
2015
3379
3380
3381
9172
629
633
2043
3398
3399
3400
9192
643
2063
2068
65804
65805
65806
3441
3442
3443
304
1415
2069
64892
64893
64894
1417
2065
2070
3448
3449
3450
645
2066
64899
64900
64901
306
647
2071
3455
3456
3457
654
657
2094
3462
3463
3464
2095
3476
3477
3478
658
2097
3483
3484
3485
656
2098
3494
3495
3496
660
663
2117
3501
3502
3503
664
897
9205
9206
9207
898
2118
3512
3513
3514
667
900
2119
3500
3501
3505
3506
3511
3513
3515
3517
9204
9206
9208
9210
56021
56022
56023
662
2120
3524
3525
3526
736
742
2274
3531
3532
3533
737
1463
9212
9213
9214
323
1464
2275
3542
3543
3544
740
1466
2276
3530
3531
3534
3536
3541
3543
3546
3547
9211
9213
9216
9217
56106
56107
56108
325
744
2277
3554
3555
3556
753
759
2314
3561
3562
3563
754
1472
9219
9220
9221
1473
2315
3572
3573
3574
757
1474
2316
3560
3561
3564
3566
3571
3573
3576
3577
9218
9220
9223
9224
56127
56128
56129
760
2317
3579
3580
3581
768
770
2343
3591
3592
3593
2344
3604
3605
3606
772
2346
3611
3612
3613
769
2347
3621
3622
3623
9233
775
779
2375
3640
3641
3642
789
2391
2400
65811
65812
65813
3664
3665
3666
348
1543
2401
64906
64907
64908
1545
2393
2402
3678
3679
3680
791
2394
64913
64914
64915
350
793
2403
3685
3686
3687
800
2423
2432
65818
65819
65820
3692
3693
3694
1473
2433
64920
64921
64922
1475
2425
2434
3706
3707
3708
802
2435
3713
3714
3715
803
2427
64927
64928
64929
811
2455
2463
65825
65826
65827
3720
3721
3722
1556
2464
64934
64935
64936
1557
2457
2465
3734
3735
3736
813
2466
3741
3742
3743
814
2459
64941
64942
64943
822
826
2494
3748
3749
3750
837
840
2518
3772
3773
3774
2519
3786
3787
3788
841
2521
3793
3794
3795
839
2522
3804
3805
3806
867
873
2594
3811
3812
3813
868
1555
9246
9247
9248
1556
2595
3822
3823
3824
871
1558
2597
3810
3811
3814
3816
3821
3823
3826
3827
9245
9247
9250
9251
56310
56311
56312
874
2598
3829
3830
3831
358
531
3850
528
540
1314
3851
3852
541
1315
3857
3858
526
565
1332
3865
3866
3867
362
566
1333
3872
3873
3874
561
576
1320
3879
3880
3881
577
1322
3890
3891
3892
371
1349
3897
3898
3899
519
608
1350
3912
3913
3914
1351
3923
3924
3925
375
609
1352
3930
3931
3932
371
1354
3937
3938
3939
600
619
1355
3952
3953
3954
1356
3963
3964
3965
376
620
1357
3970
3971
3972
1334
3977
3978
3979
613
624
1335
64948
64949
64950
614
3984
3985
625
3990
3991
615
1336
4000
4001
4002
626
1337
4007
4008
4009
382
1392
4055
4056
4057
596
630
1393
4072
4073
4074
385
489
4079
4080
4081
597
1394
4086
4087
4088
386
631
1395
4093
4094
4095
1368
1376
4100
4101
4102
638
1369
3429
4107
4108
4109
490
639
9283
9284
9285
491
1379
4119
4120
4121
641
1370
64955
64956
64957
1371
1380
3430
4126
4127
4128
634
655
1404
4137
4138
4139
670
675
1405
4150
4151
4152
671
4157
4158
400
1440
4214
4215
4216
658
1443
4238
4239
4240
402
1444
4245
4246
4247
400
1445
4252
4253
4254
497
4176
64962
64963
64964
697
4259
4260
4261
698
1446
4177
64969
64970
64971
1447
4178
4251
4252
4255
4257
55625
55626
55627
64961
64963
64965
64966
64968
64970
64972
64973
403
700
1448
4272
4273
4274
1423
4279
4280
4281
694
709
1424
4286
4287
4288
695
1426
4302
4303
4304
710
1427
4309
4310
4311
673
719
1461
4320
4321
4322
407
720
1462
4329
4330
4331
730
734
1449
4336
4337
4338
731
1451
4347
4348
4349
420
912
1501
4424
4425
4426
703
913
4431
4432
704
749
1503
4440
4441
4442
422
916
4447
4448
705
917
1504
4452
4453
4454
423
750
1505
4459
4460
4461
420
912
1506
64976
64977
64978
755
4473
4474
4475
756
1507
4382
4480
4481
4482
915
1508
4383
4487
4488
4489
422
501
916
9368
9369
9370
424
758
1509
4494
4495
4496
1477
4501
4502
4503
751
763
1478
4508
4509
4510
4523
752
1480
4527
4528
4529
764
1481
4534
4535
4536
430
1538
4541
4542
4543
771
776
1539
4558
4559
4560
433
503
4565
4566
4567
772
1540
4572
4573
4574
435
777
1541
4579
4580
4581
1510
1514
4586
4587
4588
784
1511
3635
4593
4594
4595
504
785
9375
9376
9377
505
1517
4605
4606
4607
1512
1518
3636
4612
4613
4614
787
1513
64983
64984
64985
441
1573
4701
4702
4703
760
1575
4720
4721
4722
441
1577
4727
4728
4729
801
836
1578
4740
4741
4742
802
1579
4751
4752
4753
1560
4763
780
838
1585
4771
4772
4773
452
1604
4781
4782
4783
515
4622
64990
64991
64992
844
4788
4789
4790
845
1605
4623
64997
64998
64999
1606
4624
4780
4781
4784
4786
55778
55779
55780
64989
64991
64993
64994
64996
64998
65000
65001
454
847
1607
4801
4802
4803
452
1608
4808
4809
4810
841
1611
4832
4833
4834
455
860
1612
4839
4840
4841
1586
4846
4847
4848
856
861
1587
4853
4854
4855
857
1589
4872
4873
4874
862
1590
4879
4880
4881
468
932
1637
65004
65005
65006
869
4893
4894
4895
870
1638
4659
4900
4901
4902
935
1639
4660
4907
4908
4909
470
517
936
9433
9434
9435
471
872
1640
4914
4915
4916
468
932
1641
4921
4922
4923
850
933
4928
4929
851
880
1643
4937
4938
4939
470
936
4944
4945
852
937
1644
4949
4950
4951
472
881
1645
4956
4957
4958
1613
4963
4964
4965
877
882
1614
4970
4971
4972
4985
878
1616
4989
4990
4991
883
1617
4996
4997
4998
478
1659
5003
5004
5005
812
887
1660
5016
5017
5018
813
1661
5027
5028
5029
478
1663
5040
5041
5042
874
1665
5058
5059
5060
1646
5064
5065
534
3840
5071
5072
553
5088
5089
5090
573
5101
5102
5103
584
3841
5107
5108
485
610
5118
5119
5120
614
5123
5124
616
1682
5128
5129
488
621
5132
5133
5134
625
5137
5138
627
1685
5142
5143
491
5146
5147
5148
5151
5152
1688
5156
5157
494
645
5162
5163
5164
650
5167
5168
651
1696
5172
5173
664
3842
5177
5178
681
5194
5195
5196
3843
5200
5201
701
5217
5218
5219
727
5230
5231
5232
737
3844
5236
5237
5253
5254
5255
754
3845
5259
5260
505
5268
5269
5270
5273
5274
1719
5278
5279
508
791
5284
5285
5286
796
5289
5290
797
1727
5294
5295
511
803
5298
5299
5300
807
5303
5304
809
1730
5308
5309
514
814
5312
5313
5314
818
5317
5318
820
1733
5322
5323
3846
5329
5330
848
5346
5347
5348
5359
5360
5361
868
3847
5365
5366
523
1755
5378
5379
5380
525
1769
5388
5389
5390
532
1772
5406
5407
5408
525
1773
5413
5414
5415
608
1774
5426
5427
5428
611
1776
5443
5444
5445
1756
5449
5450
545
1789
5460
5461
5462
529
547
1790
5467
5468
5469
556
1777
5474
5475
5476
558
1779
5485
5486
5487
539
1809
5492
5493
5494
541
1812
5513
5514
5515
1813
5523
5524
5525
539
1814
5530
5531
5532
2661
65011
65012
65013
550
5537
5538
5539
551
1815
2662
65018
65019
65020
1816
2663
5529
5530
5533
5535
55829
55830
55831
65010
65012
65014
65015
65017
65019
65021
65022
542
554
1817
5550
5551
5552
1791
5557
5558
5559
556
1792
5564
5565
5566
1794
5578
5579
5580
559
1795
5587
5588
5589
555
1110
1840
5594
5595
5596
564
1111
5601
5602
565
1842
5609
5610
5611
557
1114
5616
5617
558
1843
5621
5622
5623
568
1115
1844
5628
5629
5630
555
1110
1845
65025
65026
65027
5642
5643
5644
1846
4013
5649
5650
5651
1113
1847
4014
5656
5657
5658
557
1114
9445
9446
9447
559
1848
5663
5664
5665
1818
5670
5671
5672
1819
5677
5678
5679
5690
1821
5694
5695
5696
1822
5701
5702
5703
562
581
5709
590
1849
5710
5711
591
1850
5716
5717
575
1122
1879
5720
5721
5722
1123
5727
5728
1881
5736
5737
5738
577
1882
5743
5744
5745
578
1126
5750
5751
1127
1883
5755
5756
5757
575
1122
1884
65032
65033
65034
585
5769
5770
5771
586
1885
2690
5776
5777
5778
1125
1886
2691
5783
5784
5785
578
1126
9452
9453
9454
579
588
1887
5790
5791
5792
1855
5797
5798
5799
590
1856
5804
5805
5806
1858
5819
5820
5821
5826
592
1859
5830
5831
5832
589
1906
5837
5838
5839
591
1909
5861
5862
5863
594
1910
5868
5869
5870
589
1911
5875
5876
5877
4025
65039
65040
65041
5882
5883
5884
1912
4026
65046
65047
65048
1913
4027
5874
5875
5878
5880
55888
55889
55890
65038
65040
65042
65043
65045
65047
65049
65051
592
1914
5895
5896
5897
1888
5902
5903
5904
1889
5909
5910
5911
1891
5928
5929
5930
1892
5935
5936
5937
598
1928
5942
5943
5944
1930
5960
5961
5962
598
1932
5967
5968
5969
599
1933
5980
5981
5982
1934
5987
5988
5989
1915
6003
6004
630
1940
6013
6014
6015
602
1945
6027
6028
6029
606
1959
6038
6039
6040
619
1960
6053
6054
6055
622
1962
6070
6071
6072
606
1963
6077
6078
6079
662
1966
6096
6097
6098
1946
6102
612
1991
6107
6108
6109
1992
6124
6125
6126
615
1993
6131
6132
6133
616
6138
6139
6140
1994
6145
6146
6147
1967
1975
6152
6153
6154
1968
3393
6159
6160
6161
9460
9461
9462
1969
65053
65054
65055
1978
6171
6172
6173
1970
1979
3394
6178
6179
6180
623
2023
6185
6186
6187
2024
6202
6203
6204
626
2025
6209
6210
6211
627
6216
6217
6218
2026
6223
6224
6225
1999
2007
6230
6231
6232
2000
3393
6237
6238
6239
9467
9468
9469
2001
65060
65061
65062
2010
6249
6250
6251
2002
2011
3395
6256
6257
6258
637
2045
6263
6264
6265
2046
6277
6278
6279
641
2047
6284
6285
6286
2048
6295
6296
6297
637
2050
6302
6303
6304
644
2051
6316
6317
6318
2052
6323
6324
6325
642
646
2053
6334
6335
6336
2031
6341
6342
6343
649
2032
65067
65068
65069
6348
6349
650
6354
6355
2033
6360
6361
6362
652
2034
6371
6372
6373
648
2079
6378
6379
6380
655
2080
6395
6396
6397
651
6402
6403
6404
652
2081
6409
6410
6411
656
2082
6416
6417
6418
2055
2063
6423
6424
6425
2056
3429
6430
6431
6432
9474
9475
9476
2066
6442
6443
6444
2057
65074
65075
65076
2058
2067
3431
6449
6450
6451
659
2100
6456
6457
6458
2101
6470
6471
6472
2102
6487
6488
6489
659
2104
6494
6495
6496
2106
6509
6510
6511
2087
6519
669
2125
6524
6525
6526
671
2128
6546
6547
6548
2129
6557
6558
6559
669
2130
6564
6565
6566
2734
65081
65082
65083
678
6571
6572
6573
679
2131
2735
65088
65089
65090
2132
2736
6563
6564
6567
6569
56030
56031
56032
65080
65082
65084
65085
65087
65089
65091
65092
672
682
2133
6584
6585
6586
2108
6591
6592
6593
690
2109
6598
6599
6600
2111
6612
6613
6614
692
2112
6621
6622
6623
685
2146
6632
6633
6634
676
687
2147
6641
6642
6643
690
2134
6648
6649
6650
693
2136
6659
6660
6661
689
1188
2170
65095
65096
65097
6673
6674
6675
2171
4160
6680
6681
6682
1191
2172
4161
6687
6688
6689
691
1192
9485
9486
9487
692
2173
6694
6695
6696
689
1188
2174
6701
6702
6703
718
1189
6708
6709
719
2176
6716
6717
6718
691
1192
6723
6724
693
2177
6728
6729
6730
722
1193
2178
6735
6736
6737
2148
6742
6743
6744
2149
6749
6750
6751
6762
2151
6766
6767
6768
2152
6773
6774
6775
715
2179
6782
6783
6784
6789
6790
708
1201
2206
65102
65103
65104
6800
6801
6802
2207
4201
6807
6808
6809
1204
2208
4202
6814
6815
6816
710
2209
6821
6822
6823
711
1206
9492
9493
9494
708
1201
2210
6828
6829
6830
1202
6835
6836
713
2212
6843
6844
6845
1205
2213
6850
6851
6852
711
1206
6857
6858
712
714
2214
6862
6863
6864
2184
6869
6870
6871
715
2185
6876
6877
6878
2187
6889
6890
6891
6896
716
2188
6900
6901
6902
749
2227
6911
6912
6913
716
2228
6918
6919
6920
2215
6927
6928
6929
2217
6938
6939
6940
729
1214
2251
6945
6946
6947
1215
6952
6953
2253
6960
6961
6962
731
2254
6967
6968
6969
732
1218
6974
6975
1219
2255
6979
6980
6981
729
1214
2256
65109
65110
65111
738
6993
6994
6995
739
2257
2789
7000
7001
7002
1217
2258
2790
7007
7008
7009
732
1218
9502
9503
9504
733
741
2259
7014
7015
7016
2229
7021
7022
7023
746
2230
7028
7029
7030
2232
7041
7042
7043
7048
747
2233
7052
7053
7054
746
2260
7061
7062
7063
748
7068
7069
745
2282
7072
7073
7074
4353
65116
65117
65118
7079
7080
7081
2283
4354
65123
65124
65125
2284
4355
7071
7072
7075
7077
56115
56116
56117
65115
65117
65119
65120
65122
65124
65126
65128
747
2285
7092
7093
7094
745
2286
7099
7100
7101
748
2289
7125
7126
7127
769
2290
7132
7133
7134
2265
7139
7140
7141
2266
7146
7147
7148
2268
7162
7163
7164
2269
7169
7170
7171
2303
7180
7181
7182
752
2304
7187
7188
7189
766
2291
7196
7197
7198
2293
7207
7208
7209
762
2322
7214
7215
7216
4394
65130
65131
65132
7221
7222
7223
2323
4395
65137
65138
65139
2324
4396
7213
7214
7217
7219
56136
56137
56138
65129
65131
65133
65134
65136
65138
65140
65142
764
2325
7228
7229
7230
762
2326
7241
7242
7243
2329
7263
7264
7265
765
2330
7274
7275
7276
2305
7281
7282
7283
766
2306
7288
7289
7290
2308
7303
7304
7305
767
2309
7314
7315
7316
2331
7323
7324
7325
7330
7331
773
2349
7334
7335
7336
2351
7353
7354
7355
773
2353
7360
7361
7362
774
2354
7373
7374
7375
2355
7380
7381
7382
2336
7396
776
2361
7405
7406
7407
783
2377
7416
7417
7418
2378
7431
7432
7433
787
2379
7438
7439
7440
2380
7449
7450
7451
783
2382
7456
7457
7458
790
2383
7471
7472
7473
2384
7478
7479
7480
788
792
2385
7489
7490
7491
2362
7496
7497
7498
795
2363
65144
65145
65146
7503
7504
796
7509
7510
2364
7515
7516
7517
799
2365
7526
7527
7528
794
2415
7533
7534
7535
838
2416
7550
7551
7552
797
7557
7558
7559
799
2417
7564
7565
7566
839
2418
7571
7572
7573
2387
2391
7578
7579
7580
2388
3635
7585
7586
7587
9513
9514
9515
2394
7597
7598
7599
2389
2395
3637
7604
7605
7606
2390
65151
65152
65153
805
2447
7611
7612
7613
823
2448
7628
7629
7630
2449
7635
7636
7637
809
7642
7643
7644
810
824
2450
7649
7650
7651
2419
2423
7656
7657
7658
831
2420
2837
7663
7664
7665
832
9520
9521
9522
2421
2426
2838
7675
7676
7677
2427
7682
7683
7684
834
2422
65158
65159
65160
816
2478
7689
7690
7691
827
2479
7706
7707
7708
2480
7713
7714
7715
820
7720
7721
7722
821
828
2481
7727
7728
7729
2451
2455
7734
7735
7736
831
2452
2837
7741
7742
7743
833
9527
9528
9529
2453
2458
2839
7753
7754
7755
2459
7760
7761
7762
835
2454
65165
65166
65167
830
2496
7767
7768
7769
836
2497
7781
7782
7783
834
2498
7791
7792
7793
2500
7798
7799
7800
830
2501
7805
7806
7807
887
2502
7819
7820
7821
835
2503
7829
7830
7831
2505
7836
7837
7838
2482
7843
7844
7845
2483
65172
65173
65174
7850
7851
7856
7857
2484
7866
7867
7868
2485
7873
7874
7875
2510
7884
7885
7886
842
2524
7895
7896
7897
2525
7908
7909
7910
2526
7925
7926
7927
842
2528
7932
7933
7934
2530
7946
7947
7948
2511
7956
7957
855
1280
2556
65179
65180
65181
7970
7971
7972
2557
4647
7977
7978
7979
1283
2558
4648
7984
7985
7986
857
2559
7991
7992
7993
858
1285
9534
9535
9536
855
1280
2560
7998
7999
8000
1281
8005
8006
863
2562
8014
8015
8016
1284
2563
8021
8022
8023
858
1285
8028
8029
859
864
2564
8033
8034
8035
2532
8040
8041
8042
865
2533
8047
8048
8049
2535
8062
8063
8064
8069
866
2536
8073
8074
8075
862
8081
865
2565
8082
8083
2566
8088
8089
880
2583
8096
8097
8098
866
2584
8103
8104
8105
2571
8110
8111
8112
2573
8121
8122
8123
876
2603
8128
8129
8130
4675
65186
65187
65188
8135
8136
8137
2604
4676
65193
65194
65195
2605
4677
8127
8128
8131
8133
56319
56320
56321
65185
65187
65189
65190
65192
65194
65196
65198
878
2606
8142
8143
8144
876
2607
8155
8156
8157
2610
8177
8178
8179
879
884
2611
8188
8189
8190
2585
8195
8196
8197
885
2586
8202
8203
8204
2588
8217
8218
8219
886
2589
8228
8229
8230
2624
8239
8240
8241
883
2625
8246
8247
8248
885
2612
8253
8254
8255
2614
8264
8265
8266
886
8272
2626
8273
8274
2627
8279
8280
2636
8286
8287
8288
1306
2661
9550
9551
9554
2670
65567
65568
65569
2663
2671
9551
9552
9553
9556
9569
9570
9573
9575
56350
56351
56352
65568
65570
65572
65573
2667
2672
9562
9563
9566
2664
2668
2673
9570
9571
9572
1124
1359
9075
9585
9586
9587
1125
2691
9076
9591
9593
9594
2692
2694
9077
9599
9600
9601
1362
2696
9078
9606
9607
9608
1308
2734
9617
9618
9621
2739
65574
65575
65576
2731
2740
9624
9625
9628
2736
2741
9618
9619
9620
9623
9631
9633
9636
9637
56419
56420
56421
65576
65578
65579
65580
2732
2737
2742
9632
9633
9634
905
906
907
2766
2770
9096
905
907
1058
8653
9097
906
907
1177
2771
8654
9100
1178
2768
2774
2775
8655
9101
1216
1410
9107
9667
9668
9669
1217
2790
9108
9673
9675
9676
2791
2793
9109
9681
9682
9683
1413
2795
9110
9688
9689
9690
915
916
917
1493
4424
4425
4427
55675
55676
55677
64976
64977
64979
916
917
1202
3068
3069
3071
4431
4432
4433
8332
8333
8334
8336
915
917
1203
1468
1494
8334
8335
8336
8337
11237
11238
11240
1469
1495
4487
4488
4490
9706
9709
9710
9711
11243
11245
11247
3076
3077
3078
4447
4448
4449
9368
9369
9371
9707
9708
9709
9710
1205
1496
4452
4453
4455
2831
2835
9127
9745
9746
9747
8703
8740
9128
9752
9753
9754
2832
8704
9129
9759
9760
9761
2836
8741
9130
9766
9767
9768
924
925
2848
2852
2855
924
925
1235
2856
8515
1236
2850
2859
2854
2860
8516
929
930
931
2887
2891
9143
929
931
1090
8730
9144
930
931
1275
2892
8731
9147
1276
2889
2895
2896
8732
9148
935
936
937
1629
4921
4922
4924
65004
65005
65007
936
937
1281
3140
3141
3143
4928
4929
4930
8353
8354
8355
8357
935
937
1282
1551
1630
8355
8356
8357
8358
11472
11473
11475
1552
1631
4907
4908
4910
9772
9775
9776
9777
11478
11480
11482
3146
3147
3148
4944
4945
4946
9433
9434
9436
9773
9774
9775
9776
1284
1632
4949
4950
4952
940
941
2917
2923
940
941
1294
2924
8522
2919
2927
8523
1295
2921
2928
943
947
974
55213
949
975
26023
26024
945
950
977
26029
26030
951
979
55219
948
954
980
55221
949
981
26049
26050
26051
955
982
26056
26057
26058
55223
55224
55225
951
984
55227
55228
55229
26067
26068
26069
953
956
986
26074
26075
26076
957
987
55231
955
988
26088
26089
26090
26094
26095
26096
957
991
26098
26099
26100
26103
26104
26105
959
962
994
26111
26112
26113
963
996
26117
26118
26119
961
967
998
26121
26122
26123
969
1000
26127
26128
26129
963
1002
55233
26140
26141
26142
965
970
1003
26147
26148
26149
971
1004
55235
55236
55237
968
972
1006
55239
55240
55241
969
1008
26158
26159
26160
973
1009
26165
26166
26167
55243
971
1010
55245
26179
26180
973
1012
26185
26186
55249
975
981
26191
26192
978
983
1014
26196
26197
26198
979
984
26202
26203
985
1015
26207
26208
26209
982
988
26214
26215
26216
26221
26222
26223
985
1016
55252
55253
26230
26231
26232
55255
55256
987
991
26236
26237
26238
26245
26246
990
995
1017
26250
26251
26252
997
1018
55259
55260
26257
26258
26259
993
999
1019
55262
55263
1001
1020
26264
26265
26266
996
1002
26271
26272
997
1021
26276
26277
26278
26282
26283
26284
55265
55266
1000
1008
26288
26289
26290
1001
1022
55268
55269
26295
26296
26300
26301
26302
1004
1010
26307
26308
26309
26316
26317
26318
1007
1011
1023
55272
55273
1009
1012
26322
26323
26324
1013
1024
55275
55276
26328
26329
26330
26335
26336
26337
1013
1025
26344
26345
26346
26350
26351
26355
26356
26357
1015
1016
26361
26362
26364
26365
26368
26369
1018
1021
26372
26373
26374
26376
26377
1020
1022
26379
26380
26382
26383
26384
26386
26387
26388
26390
26391
1024
1025
26393
26394
26396
26397
26400
26401
1027
1105
2947
8553
2950
1029
1030
2952
8419
2955
2958
8420
1031
2964
8428
2967
2970
8429
1033
1129
2976
8557
2979
1038
2981
8552
1038
8447
1038
2984
8448
8554
2983
2985
8451
1043
2990
8560
1043
8454
1043
2993
8455
8561
2992
2994
8458
1048
2999
8556
1048
8307
1048
3002
8308
8558
3001
3003
8310
1053
3008
8564
1053
8461
1053
3011
8462
8565
3010
3012
8464
1055
1183
3017
8562
3020
1057
1062
3024
8471
3023
3027
8472
1059
3034
8566
3037
1061
1066
3041
8480
3040
3044
8481
1063
3051
8489
3054
3057
8490
1065
1221
3063
8569
3066
1067
3068
8332
3071
3074
8333
1069
1234
3080
8573
3083
1074
3087
8568
1074
3085
8339
8570
1074
8340
3086
3089
8342
1079
3096
8576
1079
3094
8506
8577
1079
8507
3095
3098
8509
1084
3105
8572
1084
3103
8513
8574
1084
8514
3104
3107
8517
1089
3114
8580
1089
3112
8520
8581
1089
8521
3113
3116
8524
1091
3121
8578
3124
1093
1094
3128
8535
3127
3131
8536
1095
3140
8353
3139
3143
8354
1097
1293
3150
8582
3153
1100
1101
3165
3168
1100
1101
1106
3169
8449
1109
3163
3172
3167
3173
8452
1103
1158
55311
1161
15584
15585
15588
1107
1108
1109
3199
3203
9150
1107
1108
8295
9151
1107
1109
3204
8297
3207
8298
9154
9155
3201
3208
1113
1114
1115
1834
5594
5596
5597
65025
65026
65028
1114
1115
1123
2952
2954
2955
5601
5602
5603
8419
8420
8421
8423
1113
1115
1124
1359
1835
8421
8422
8423
8424
10811
10812
10815
1360
1836
5656
5657
5659
10135
10138
10139
10140
10817
10819
10821
2960
2961
2962
5616
5617
5618
9445
9446
9448
10136
10137
10138
10139
1127
1837
5628
5629
5631
1119
55314
1121
1135
15591
15592
1119
15594
15595
15598
15601
15602
15605
1137
9781
15609
15610
15611
1138
15615
15616
15619
1125
1126
1127
1871
5721
5722
5723
65032
65033
65035
1126
1127
2964
2966
2967
5727
5728
5729
8428
8429
8430
8433
1125
1127
1872
8430
8431
8432
8433
9585
9586
9588
1873
5783
5784
5787
9591
9593
9595
10178
10181
10182
10183
2972
2973
2974
5750
5751
5752
9452
9453
9455
10179
10180
10181
10182
1874
5755
5756
5758
1131
1132
1133
3229
3233
9157
1131
1133
8615
9158
1132
1133
1141
3234
8617
9161
1143
3231
3237
3238
8619
9162
1136
55321
1138
15627
15628
1139
15630
15631
15634
9783
15638
15639
15640
15644
15645
15648
15656
15657
15660
1142
1143
3262
3265
1142
1143
3266
8309
3264
3269
8311
3260
3270
1145
1169
15664
15665
15668
1172
55330
1148
1149
3296
3300
3304
1148
1149
1184
3305
8456
3298
3308
8459
1187
3302
3309
1151
1159
55331
55332
1163
15671
15672
15675
3387
3391
9168
10250
10251
10252
8607
8640
9169
10257
10258
10259
3388
8608
9170
10264
10265
10266
3392
8641
9171
10271
10272
10273
1160
55349
55350
1162
15679
15680
1161
15683
15684
15687
1163
15690
15691
15694
9790
15698
15699
15700
15704
15705
15706
9791
15710
15711
15712
15716
15717
3423
3427
9188
10304
10305
10306
8320
8626
9189
10311
10312
10313
3428
8321
9190
10318
10319
10320
3424
8627
9191
10325
10326
10327
1170
8359
15721
15722
15723
1172
15727
15728
15729
55366
55367
1174
15733
15734
15737
15738
15741
1175
1180
15744
15745
15748
9795
15752
15753
15754
1181
15758
15759
1178
1179
3468
3471
3475
1178
1179
3476
8463
3473
3479
3470
3480
8465
1181
55370
55371
15762
15763
15766
1185
1186
1187
3507
3511
9204
1185
1186
8314
9205
1185
1187
3512
8315
3515
8317
9208
9209
3509
3516
1191
1192
1193
2164
6701
6703
6704
56036
56037
56038
65095
65096
65098
1192
1193
1215
3024
3026
3027
6708
6709
6710
8471
8472
8473
8475
1191
1193
1216
1410
2165
8473
8474
8475
8476
11001
11002
11005
1411
2166
6687
6688
6690
10373
10376
10377
10378
11007
11009
11011
3030
3031
3032
6723
6724
6725
9485
9486
9488
10374
10375
10376
10377
1219
2167
6735
6736
6738
1195
1196
1198
15769
15770
15773
1198
55376
55377
1200
1227
15782
15783
15785
15786
15789
1229
9802
15793
15794
15795
1230
15799
15802
1204
1205
1206
2200
6828
6829
6831
56059
56060
56061
65102
65104
65105
1205
1206
3041
3043
3044
6835
6836
6837
8480
8481
8482
8484
1204
1205
1419
2201
8482
8483
8484
8485
11087
11088
11090
1420
2202
6814
6815
6817
10412
10415
10416
10417
11093
11095
11097
2203
6850
6851
6853
3047
3048
3049
6857
6858
6859
9492
9493
9495
10413
10414
10415
10416
1208
1209
15811
15812
15815
1212
1212
15823
15824
15827
1240
9804
15831
15832
15833
1213
1241
15837
15840
55380
55381
1243
15850
15851
1217
1218
1219
2245
6946
6947
6948
56077
56078
56079
65109
65110
65112
1218
1219
3051
3053
3054
6952
6953
6954
8489
8490
8491
8494
1217
1219
2246
8491
8492
8493
8494
9667
9668
9670
2247
7007
7008
7011
9673
9675
9677
10451
10454
10455
10456
3059
3060
3061
6974
6975
6976
9502
9503
9505
10452
10453
10454
10455
2248
6979
6980
6982
1223
1224
1225
3537
3541
9211
1223
1225
8688
9212
1224
1225
1247
3542
8690
9215
1249
3539
3545
3546
8692
9216
1228
1231
55383
55384
1230
15854
15855
1232
15857
15858
15861
9806
15865
15866
15867
15871
15874
1232
15883
15884
15887
1236
1237
1238
3567
3571
9218
1237
1238
8707
9219
1236
1238
3572
8709
3569
3575
9222
3576
8710
9223
1242
1244
15895
15896
15899
8361
15903
15904
15905
1243
15909
15912
1245
55387
55388
15922
15923
1245
15925
15926
15929
1248
1249
3600
3603
1248
1249
3604
8341
3602
3607
8343
3598
3608
1251
1257
15937
15938
15941
1260
55394
55395
3629
3633
9229
10540
10541
10542
8345
8695
9230
10547
10548
10549
3634
8346
9231
10554
10555
10556
3630
8696
9232
10561
10562
10563
1258
8362
15945
15946
15947
1260
15951
15952
15956
15957
1262
55409
55410
15960
15961
15964
1263
1278
15967
15968
15971
9813
15975
15976
15977
1279
15981
15982
15983
1268
9817
15987
15988
15989
1270
1272
15993
15994
1269
9818
15998
15999
16000
1271
1304
16004
16005
16006
16010
16011
55414
55415
1273
16014
16015
16018
1305
16021
16022
16025
1273
16028
16029
16032
55421
55422
1276
1277
3778
3781
3785
1276
1277
3786
8508
3783
3789
3780
3790
8510
1279
55423
16036
16037
16040
1283
1284
1285
2548
7998
7999
8001
65179
65181
65182
1284
1285
3128
3130
3131
8005
8006
8007
8535
8536
8537
8539
1283
1284
1547
2549
8537
8538
8539
8540
11420
11421
11423
1548
2550
7984
7985
7987
10647
10650
10651
10652
11426
11428
11430
2551
8021
8022
8024
3134
3135
3136
8028
8029
8030
9534
9535
9537
10648
10649
10650
10651
1287
16043
16044
16047
1290
16050
16051
16054
1299
9825
16058
16059
16060
1291
1300
16064
16065
16068
55431
1303
16076
16077
1295
1296
1297
3817
3821
9245
1296
1297
8749
9246
1295
1297
3822
8750
3819
3825
9249
3826
8752
9250
1301
1302
16079
16080
16083
8365
16087
16088
16089
1303
16093
16094
16097
16105
16106
16109
55438
16112
16113
1305
16116
16117
16120
55442
3840
10739
1363
3841
10740
3842
10741
1414
3843
10742
1463
3844
10743
1472
3845
10744
1542
3846
10745
1555
3847
10746
1777
1792
55443
55444
1794
55446
1318
1319
1318
1319
1785
1806
3851
1786
3853
1807
3854
3856
1849
1856
26403
26405
1331
1857
10184
10747
10748
1333
1858
16123
16124
16127
1325
1326
3860
3864
9252
1325
1326
1781
1861
3865
1782
3869
9253
1862
3863
3870
1329
1330
3878
3885
1329
1330
1852
1876
3879
1853
3883
1877
3884
3888
1880
10186
10752
10753
1789
1881
10756
10757
10760
1882
10763
10764
10767
1349
1354
16130
16131
1968
2000
55448
55449
1352
1969
55451
55452
1357
2001
55454
55455
1353
1358
10277
10770
1341
1342
3903
3907
3911
1341
1342
1752
1972
3912
1753
3906
3916
1973
3910
3917
1345
1346
3943
3947
3951
1345
1346
1942
2004
3952
1943
3946
3956
2005
3950
3957
1349
1354
16133
16134
16137
1353
1358
10279
10771
10772
10773
16140
16141
16144
1755
1992
55462
55463
55466
16146
16147
16150
1993
16153
16154
10289
10786
10787
10788
26407
26408
26411
1945
2024
26413
26414
26417
26420
26421
26424
2025
16156
16157
10292
10800
10801
10802
9261
10811
10812
10813
4014
9262
10817
10819
10820
4015
4017
9263
10825
10826
10827
4019
9264
10832
10833
10834
4025
10870
10871
10874
4034
65581
65582
65583
4031
4035
10882
10883
10886
4027
4036
10871
10872
10873
10876
10889
10891
10893
10895
56664
56665
56666
65583
65585
65586
65587
4028
4032
4037
10890
10891
10892
1370
1392
1396
4101
4102
4103
55525
55527
55541
55550
1370
2032
4108
4109
4111
9184
55526
55527
55962
1395
2033
55546
55966
64955
64956
64958
1399
9185
55525
55526
1374
1375
4061
4066
4071
1374
1375
1919
2037
4072
1920
4065
4076
2038
4070
4077
1396
65199
65200
65201
1397
3421
4030
10941
10942
10943
1398
4031
10947
10948
10951
1688
10954
10955
10956
1399
3422
10960
10961
10964
1392
1396
55528
55529
1923
4034
55531
55532
1398
4035
55534
55535
1394
1925
55537
55538
1389
1390
1391
4106
4113
9282
1389
1391
4107
9192
64815
1390
1391
1689
9283
64816
1389
1390
4110
4115
9193
1690
4117
9287
4112
9288
64818
55540
55541
1933
2046
16208
16209
16211
1934
55543
55544
2047
55546
55547
55549
55550
4042
9196
10967
10968
4043
10970
10971
9197
10973
10974
1402
1403
4132
4136
1402
1403
2041
2089
4137
2042
4134
4141
2090
4135
4142
2051
2101
26427
26428
26430
2109
2134
55553
55554
1408
1409
4149
1408
1409
2122
2142
4150
2123
4153
4156
2143
4154
9293
11001
11002
11003
4161
9294
11007
11009
11010
4162
4164
9295
11015
11016
11017
4166
9296
11022
11023
11024
4176
11045
11046
11049
4181
65588
65589
65590
4178
4182
11046
11047
11048
11051
11059
11060
11064
11065
56733
56734
56735
65589
65591
65593
65594
4173
4183
11052
11053
11056
4174
4179
4184
11060
11061
11062
1468
9318
11087
11088
11089
4202
9319
11093
11095
11096
4203
4205
9320
11101
11102
11103
1471
4208
9321
11108
11109
11110
1440
1445
11114
11115
2179
2185
65831
65832
65835
1441
10418
11119
11120
11121
1444
11126
11127
11130
1448
2187
55610
55611
1430
1431
4220
4223
4227
1430
1431
4228
2093
4222
4232
4226
4233
1440
1445
16252
16253
2095
4181
55613
55614
1447
4182
55616
55617
1443
2097
16255
16256
1438
1439
4285
4292
1438
1439
2181
2204
4286
2182
4290
4295
4291
4298
16258
16259
11138
11139
2105
10427
11143
11144
11145
2106
26437
26438
26441
16263
16264
16267
55619
55620
2207
4189
55622
55623
4190
55625
55626
2209
55628
55629
2230
2260
26444
26446
1460
2231
10457
11155
11156
1462
2232
16270
16271
16274
1454
1455
4315
4319
9334
1454
1455
2138
2235
4320
2139
4324
9335
2236
4318
4325
1458
1459
4335
4342
1458
1459
2249
2262
4336
2250
4340
4345
2263
4341
2252
10458
11159
11160
2146
2253
11163
11164
11167
2254
16277
16278
16281
4353
11182
11183
11186
4362
65595
65596
65597
4359
4363
11194
11195
11198
4355
4364
11183
11184
11185
11188
11201
11203
11205
11207
56802
56803
56804
65597
65599
65600
65601
4356
4360
4365
11202
11203
11204
9346
11237
11238
11239
4383
9347
11243
11245
11246
4384
4386
9348
11251
11252
11253
4389
9349
11258
11259
11260
4394
11284
11285
11288
4403
65602
65603
65604
4396
4404
11285
11286
11287
11290
11303
11304
11307
11309
56871
56872
56873
65603
65605
65607
65608
4400
4405
11296
11297
11300
4397
4401
4406
11304
11305
11306
1501
1506
16316
16317
2291
2306
26448
26449
26452
1502
2292
10490
11315
11316
11317
1505
2293
16319
16320
16322
1509
2308
26455
26456
1484
1485
4430
4435
4439
1484
1485
2197
2295
4440
2198
4434
4444
2296
4438
4445
1490
1491
1492
4465
4472
4479
1490
1491
4466
1491
1492
1714
4473
54888
1490
1492
4480
9342
54889
4470
4483
9343
1715
4471
4477
4478
4485
54891
1501
1506
55675
55676
1495
1496
2201
9346
1508
9347
55675
55677
55687
1504
2203
55676
55677
55678
1499
1500
4507
4514
4518
1499
1500
2299
2319
4508
2300
4512
4517
2320
4513
4521
16324
16325
2302
10496
11320
11321
11322
2212
2303
11324
11325
11327
2213
55678
55679
2304
16327
16328
16330
55681
55682
2323
9350
55684
55685
9351
55687
55688
2325
55690
55691
1513
1534
1538
4587
4588
4589
55693
55695
55709
55712
1513
2363
4594
4595
4597
9225
55694
55695
56156
1537
9226
55693
55694
1541
2364
55714
56160
64983
64984
64986
1534
65206
65207
65208
1535
3627
4358
11338
11339
11340
1536
4359
11344
11345
11348
1719
11351
11352
11353
1537
3628
11357
11358
11361
1521
1522
4547
4552
4557
1521
1522
2340
2368
4558
2341
4551
4562
2369
4556
4563
1534
1538
55696
55697
2344
4362
55699
55700
1536
4363
55702
55703
1540
2346
55705
55706
1531
1532
1533
4592
4599
9374
1531
1533
4593
9233
64822
1531
1532
1532
1533
1720
9375
64823
4596
4601
9234
1721
4603
9379
4598
9380
64825
55708
55709
4370
9237
11364
11365
4371
11367
11368
9238
11370
11371
55711
55712
2354
2378
16332
16333
16335
2355
16336
16337
2379
55714
55715
4622
11390
11391
11394
4627
65609
65610
65611
4624
4628
11391
11392
11393
11396
11404
11405
11409
11410
56908
56909
56910
65610
65612
65614
65615
4619
4629
11397
11398
11401
4620
4625
4630
11405
11406
11407
1551
9390
11420
11421
11422
4648
9391
11426
11428
11429
4649
4651
9392
11434
11435
11436
1554
4654
9393
11441
11442
11443
9410
11472
11473
11474
4660
9411
11478
11480
11481
4661
4663
9412
11486
11487
11488
4666
9413
11493
11494
11495
4675
11504
11505
11508
4680
65616
65617
65618
4672
4681
11511
11512
11515
4677
4682
11505
11506
11507
11510
11518
11520
11523
11524
57009
57010
57011
65618
65620
65621
65622
4673
4678
4683
11519
11520
11521
1573
1577
1562
4707
4711
9431
2312
4710
4714
1565
1566
4733
4735
4739
1565
1566
2429
2507
4740
2430
4744
2508
4738
4745
1573
1577
16363
16364
16367
2315
2433
55757
55758
1574
10619
11529
11530
1575
2317
11534
11535
11537
1579
2435
16370
16371
1576
1580
10620
11540
11541
11542
16373
16376
2328
10629
11547
11548
11549
2329
11553
11554
11557
11560
11561
16378
16379
16382
2448
2510
26458
26459
26462
2449
16385
16386
10631
11570
11571
1583
1584
4770
1583
1584
2372
2513
4771
2373
4768
4775
2514
4769
4776
2383
2525
16390
16391
16392
1604
1608
11575
11576
2533
2565
11579
11580
11583
1609
10653
11588
11589
11590
1607
2535
11594
11595
1612
2566
11597
11598
11601
1593
1594
4814
4817
4821
1593
1594
4822
2517
4816
4826
4820
4827
1604
1608
16395
16396
2519
4627
55766
55767
1610
2520
10656
1606
4628
55769
55770
1611
2521
16398
16399
1602
1603
4852
4859
4863
1602
1603
2553
2568
4853
2554
4857
4862
2569
4858
4866
55772
55773
2557
4635
55775
55776
4636
55778
55779
2559
55781
55782
16401
16402
10663
11609
11610
2529
10664
11615
11616
11617
2530
26475
26476
26479
16406
16407
16410
1637
1641
16413
16414
2586
2612
26482
26483
26486
1642
2613
10690
11628
11629
11630
1640
2588
26489
26490
1645
2614
16416
16417
16419
1622
1623
1624
4885
4892
4899
1622
1623
4886
1623
1624
1746
4893
54916
1622
1624
4900
9406
54917
4890
4903
9407
1747
4891
4897
4898
4905
54919
1627
1628
4927
4932
4936
1627
1628
2545
2616
4937
2546
4931
4941
2617
4935
4942
1631
1632
1637
1641
55784
55796
1631
1632
2549
9410
1639
9411
55790
1644
2551
55799
1635
1636
4969
4976
4980
1635
1636
2600
2620
4970
2601
4974
4979
2621
4975
4983
55784
55785
2604
9414
55787
55788
9415
55790
55791
2606
55793
55794
55796
55797
2623
10696
11633
11634
2562
2624
11636
11637
11639
2563
55799
55800
2625
11641
11642
11644
1659
1663
55802
1649
1650
5009
5011
5015
1649
1650
2461
2633
5016
5020
2634
5014
5021
1652
5046
5050
2592
5049
5052
1659
1663
16421
16422
16425
2464
2595
55803
55804
1664
2596
10727
11646
11647
1661
2466
16428
16429
1665
2598
11650
11651
11653
1662
1666
10728
11656
11657
11658
11662
11663
11666
2479
2636
16431
16432
16435
2480
11675
11676
10734
11681
11682
11683
16443
16446
2609
10737
11688
11689
11690
2610
11694
11695
11698
11701
11702
1669
5071
54831
1669
1670
5076
54832
5074
5078
54835
1671
1829
5083
1832
5081
5086
1673
1675
1866
5096
1869
5094
5099
1676
5107
54843
1676
5112
54844
5110
5114
54847
1679
1680
1683
5116
64809
1679
1681
1686
5117
64810
64811
1978
1684
1986
5123
1990
5127
2010
1687
2018
5137
2022
5141
1690
1691
5151
5153
1693
1695
5160
64816
1694
1695
1697
5161
64817
64819
2066
1698
2074
5167
2077
5171
1701
5177
54865
1701
1702
5182
54866
5180
5184
54869
1703
2155
5189
2158
5187
5192
1706
5200
54783
1706
1707
5205
54784
5203
5206
54787
1708
2191
5212
2195
5210
5215
1710
1712
2240
5225
2243
5223
5228
1713
5236
54876
1713
5241
54877
5239
5243
54880
1715
1717
5248
5246
5250
1718
5259
54887
1718
5264
54888
5262
5266
54892
1721
1722
5273
5275
1724
1726
5282
64823
1725
1726
1728
5283
64824
64826
2394
1729
2407
5289
2409
5293
2427
1732
1736
2439
5303
2441
5307
2459
1735
1737
2470
5317
2472
5321
1738
1740
5326
64830
1739
1740
5327
64831
64832
1743
5329
54818
1743
1744
5334
54819
5332
5335
54822
1745
2539
5341
2543
5339
5344
1747
1749
5354
5352
5356
1750
5365
54915
1750
5370
54916
5368
5372
54920
1753
1754
5377
1753
1754
1760
5378
5375
5381
1761
5376
5383
1774
16448
16449
16450
1769
1773
55810
1758
5394
5398
1799
5397
5400
1761
1762
5419
5421
5425
1761
1762
1972
5426
5423
5429
1974
5431
1769
1773
16453
16454
16457
1801
1981
55811
55812
1770
1802
10123
11704
11705
1771
1775
10124
11709
11710
11711
1772
1804
11715
11716
11718
1776
1983
16460
16461
16463
16466
1811
10130
11721
11722
11723
11727
11728
1813
11730
11731
11734
11737
11738
11741
1992
16468
16469
16472
10132
11751
11752
11753
1994
11757
11758
1819
26492
26494
1788
1820
10141
11762
11763
1790
1821
16480
16481
16484
1782
1783
5455
5459
9439
1782
1783
1824
5460
5463
9440
1825
5458
5465
1786
1787
5473
5480
1786
1787
1838
5474
5477
1839
5479
5483
1841
10143
11767
11768
1842
11771
11772
11775
1843
11778
11779
11782
1809
1814
11785
11786
1819
11789
11790
11793
1810
10146
11797
11798
11799
1812
11804
11805
11808
1817
1822
11811
11812
1798
1799
5498
5501
5505
1798
1799
5506
5503
5509
5500
5510
1809
1814
16487
16488
2670
55817
55818
1811
10149
1816
2671
55820
55821
1813
16490
16491
1807
1808
5563
5570
1807
1808
1838
5564
5567
5572
5569
5576
16493
16494
10156
11819
11820
10157
11825
11826
11827
16498
16499
16502
26501
26502
26505
55823
55824
1846
2674
55826
55827
2675
55829
55830
1848
55832
55833
1840
1845
16505
16506
26508
26509
26512
1841
10165
11838
11839
11840
1843
16508
16509
16511
1848
26515
26516
1825
1826
5600
5605
5608
1825
1826
1861
5609
5607
5612
1863
5604
5614
1831
1832
1833
5634
5641
5648
1831
1832
5635
1832
1833
5642
54832
1831
1833
5649
9257
54833
5639
5652
9258
5640
5645
5646
5653
54836
1836
1837
1840
1845
55836
55841
1836
1837
1872
9261
1847
9262
55847
1844
1874
55838
1839
5677
5680
5684
55835
55836
10171
11843
11844
1881
11846
11847
11849
11851
11852
11854
1883
55838
55839
55841
55842
9265
55844
55845
9266
55847
55848
55850
55851
1889
55853
55854
1891
55856
1853
1854
1853
1854
1903
5710
5712
1904
5713
5715
1879
1884
16513
16514
1889
26518
26519
26522
1880
10189
11857
11858
11859
1882
16516
16517
16519
1887
1892
26525
26526
1862
1863
5726
5731
5735
1862
1863
5736
5733
5739
5730
5740
1868
1869
1870
5761
5768
5775
1868
1869
5762
1869
1870
5769
54844
1868
1870
5776
9071
54845
5765
5779
9072
5767
5772
5774
5781
54848
1873
1874
1879
1884
55859
55864
1873
1874
9075
1886
9076
55870
1883
55861
1877
1878
5803
5810
5814
1877
1878
1903
5804
5807
5812
1905
5809
5817
55858
55859
10195
11862
11863
11865
11866
11868
11870
11871
11873
55861
55862
55864
55865
1912
9079
55867
55868
9080
55870
55871
1914
55873
55874
1906
1911
11875
11876
11879
11880
11883
1907
10202
11887
11888
11889
1909
11894
11895
11898
1914
11901
11902
1895
1896
5843
5846
5850
1895
1896
5851
5848
5854
1917
5845
5856
1906
1911
16521
16522
1923
4034
55876
55877
1908
1924
10205
1913
4036
55879
55880
1910
1926
16524
16525
1904
1905
5908
5915
5919
1904
1905
5909
5912
5917
5913
5921
16527
16528
10212
11909
11910
1929
10213
11915
11916
11917
16532
16533
16536
1930
26533
26534
26537
55882
55883
4038
55885
55886
4039
55888
55889
55891
55892
1928
1932
55894
1917
5948
5952
5951
5954
1920
1921
5973
5975
5979
1920
1921
1937
5980
5983
1938
5978
5985
1928
1932
16539
16540
16543
55895
55896
1929
10221
11927
11928
1934
16546
16547
1930
11931
11932
11934
1931
1935
10222
11937
11938
11939
16549
16552
10228
11944
11945
11946
11950
11951
11954
11957
11958
11960
11961
11964
1940
16554
16555
16558
11973
11974
10230
11979
11980
11981
1938
1939
6012
1938
1939
2037
6013
6011
6016
2039
6010
6018
2046
16566
16567
16568
1943
1944
6022
6026
1943
1944
1948
6027
6024
6030
1949
6025
6032
1960
26540
26541
26543
1959
1963
1949
1950
6044
6048
6052
1949
1950
2004
6053
6050
6056
2006
6047
6058
1952
6083
6087
9458
2116
6086
6090
1959
1963
16571
16572
16575
2013
2118
55903
55904
1964
10234
11986
11987
1961
1965
10235
11991
11992
11993
1962
2015
16578
16579
1966
2120
11997
11998
12000
16581
16582
16585
2024
26546
26547
26550
10244
12009
12010
2026
16588
16589
16593
16596
2127
10247
12015
12016
12017
12021
12022
2129
12024
12025
12028
1969
1991
1995
6152
6154
6155
55911
55913
55926
55936
1969
6160
6161
6164
9164
55448
55912
55913
1993
55452
55929
65053
65054
65057
1998
9165
55911
55912
1973
1974
6113
6118
6123
1973
1974
6124
6121
6127
6117
6128
1995
65213
65214
65215
1996
2666
3385
12040
12041
12042
1997
2667
12046
12047
12050
12053
12054
12055
1998
3386
12059
12060
12063
1991
1995
55914
55915
2670
55917
55918
1997
2672
55920
55921
1994
55923
55924
1988
1989
1990
6158
6165
9459
1988
1989
6159
9172
64808
1989
1990
9460
64809
1988
1990
6162
6167
9173
6163
9463
64812
6168
9464
55926
55927
16598
16599
16601
55929
55930
55932
55933
55935
55936
2678
9176
12066
12067
2679
12069
12070
9177
12072
12073
2001
2023
2027
6230
6232
6233
55938
55940
55953
55960
2001
6238
6239
6242
9164
55449
55939
55940
2025
55455
55956
65060
65061
65064
2030
9166
55938
55939
2005
2006
6191
6196
6201
2005
2006
6202
6199
6205
6195
6206
2027
65220
65221
65222
2028
2730
3389
12084
12085
12086
2029
2731
12090
12091
12094
12097
12098
12099
2030
3390
12103
12104
12107
2023
2027
55941
55942
2739
55944
55945
2029
2740
55947
55948
2026
55950
55951
2020
2021
2022
6236
6243
9466
2020
2021
6237
9172
64808
2021
2022
9467
64810
2020
2022
6240
6245
9174
6241
9470
64813
6246
9471
55953
55954
16602
16603
16605
55956
55957
16606
16607
55959
55960
2743
9180
12110
12111
2744
12113
12114
9181
12116
12117
2045
2050
16609
16610
2056
55962
55963
2047
55965
55966
2053
2057
55968
55969
2049
2054
10334
12119
2038
2039
6269
6276
2038
2039
6277
6274
6280
6272
6281
2042
6308
6315
2042
2060
6316
6311
6319
2045
2050
16612
16613
16616
2049
2054
10336
12120
12121
12122
16619
16620
16623
55976
55977
55980
16625
16626
16628
16629
16632
10346
12135
12136
12137
26558
26559
26562
2080
26564
26565
26568
26571
26572
26575
2081
16635
16636
10349
12149
12150
12151
2057
2079
2083
6424
6425
6426
55983
55985
55998
56005
2057
6431
6432
6435
9184
55963
55984
55985
2081
55969
56001
65074
65075
65078
2086
9186
55983
55984
2061
2062
6384
6389
6394
2061
2062
2089
6395
6392
6398
2091
6388
6400
2083
65227
65228
65229
2084
3425
4172
12164
12165
12166
2085
4173
12170
12171
12174
12177
12178
12179
2086
3426
12183
12184
12187
2079
2083
55986
55987
2095
4181
55989
55990
2085
4183
55992
55993
2082
2098
55995
55996
2076
2077
2078
6429
6436
9473
2076
2078
6430
9192
64815
2077
2078
9474
64817
2076
2077
6433
6438
9194
6439
9477
6434
9478
64820
55998
55999
2101
16639
16640
16642
56001
56002
2102
16643
16644
56004
56005
4185
9200
12190
12191
4186
12193
12194
9201
12196
12197
2100
2104
2090
2091
6462
6465
6469
2090
2091
6470
6467
6473
6464
6474
2093
6500
6504
9480
6503
6506
2100
2104
16646
16647
16650
56007
56008
2105
10358
12200
12201
2106
12204
12205
12207
2102
16653
16654
2103
2107
10359
12210
12211
12212
16656
16657
16660
26578
26579
26582
16663
16664
10368
12223
12224
16668
16671
10371
12229
12230
12231
12235
12236
12239
12242
12243
2125
2130
12245
12246
2149
65838
65839
65842
2126
10379
12250
12251
12252
2128
12257
12258
12261
2133
2151
56015
56016
2115
2116
6530
6534
6538
2115
2116
6539
6536
6542
6533
6543
2125
2130
16673
16674
2739
56018
56019
2132
2741
56021
56022
2129
16676
16677
2123
2124
6597
6604
2123
2124
2168
6598
6601
6606
6603
6610
16679
16680
12269
12270
10388
12274
12275
12276
16684
16685
16688
26594
26595
26598
56024
56025
2171
2747
56027
56028
2748
56030
56031
2173
56033
56034
2149
26601
26603
2145
2150
10396
12286
12287
2147
2152
16691
16692
16695
2139
2140
6627
6631
9481
2139
2140
2161
6632
6635
9482
2162
6630
6637
2143
2144
6647
6654
2143
2144
2168
6648
6651
2169
6653
6657
2175
10397
12290
12291
2176
12294
12295
12298
2177
16698
16699
16702
2170
2174
16705
16706
26605
26606
26609
2175
10400
12302
12303
12304
2173
26612
26613
2177
16708
16709
16711
2157
2158
2159
6665
6672
6679
2157
2158
6666
2158
2159
6673
54866
2157
2159
6680
9289
54867
6670
6683
9290
6671
6676
6677
6684
54870
2162
2163
6707
6712
6715
2162
2163
2235
6716
6714
6719
2237
6711
6721
2170
2174
56036
56037
2166
2167
2246
9293
2172
9294
56036
56038
56045
2178
2248
56037
56038
56051
2169
6749
6753
6760
56039
56040
9297
56042
56043
9298
56045
56046
56048
56049
16713
16714
10406
12307
12308
12309
2253
12311
12312
12314
16716
16717
16719
2255
56051
56052
2215
56054
56055
2182
2183
6781
2182
2183
2223
6782
6785
6788
2224
6786
2206
2210
16721
16722
2215
26615
26616
26619
2211
2216
10435
12317
12318
12319
2209
26622
26623
2214
2217
16724
16725
16727
2193
2194
2195
6792
6799
6806
2193
2195
6793
2194
2195
6800
54784
2193
2194
6807
9314
54785
6797
6810
9315
6803
6811
54788
6798
6804
2198
2199
6834
6839
6842
2198
2199
2219
6843
6838
6846
2220
6841
6848
2206
2210
56059
56060
2202
2203
9318
2208
9319
56059
56061
56068
2213
56060
56061
56074
2205
2223
6876
2225
6881
6887
56062
56063
9322
56065
56066
9323
56068
56069
56071
56072
16729
16730
2226
10441
12322
12323
12324
2227
12326
12327
12329
56074
56075
2228
16732
16733
16735
26625
26627
2226
10447
12331
12332
2228
16737
16738
16741
2220
2221
6906
6910
9498
2220
2221
2295
6911
6908
6914
2297
6916
9499
2224
2225
6926
6933
2224
2225
6927
6930
6931
6935
10448
12335
12336
2303
12339
12340
12343
16744
16745
16748
2251
2256
16751
16752
2266
26629
26630
26633
2252
10461
12347
12348
12349
2254
16754
16755
16757
2259
2268
26636
26637
2236
2237
6951
6956
6959
2236
2237
6960
6958
6963
6955
6964
2242
2243
2244
6985
6992
6999
2242
2243
6986
2243
2244
6993
54877
2242
2244
7000
9103
54878
6989
7003
9104
6991
6996
6998
7005
54881
2251
2256
56077
56078
2247
2248
9107
2258
9108
56077
56079
56089
2255
56078
56079
56080
2250
2279
7028
7031
7035
16759
16760
10467
12352
12353
12354
12356
12357
12359
16762
16763
16765
56080
56081
56083
56084
2283
9111
56086
56087
9112
56089
56090
2285
56092
56093
2266
56095
56096
2263
2264
7060
2263
2264
2279
7061
7064
2281
7065
7067
2282
2286
12361
12362
65845
65846
65849
2287
10473
12367
12368
12369
2285
56100
56101
2289
12373
12374
12377
2272
2273
7105
7109
7113
2272
2273
7114
7111
7117
2338
7108
7119
2282
2286
16767
16768
2344
4362
56103
56104
2284
4364
56106
56107
2290
2347
16770
16771
2280
2281
7145
7155
2280
2281
7146
7149
7153
7150
7157
56109
56110
4366
56112
56113
4367
56115
56116
56118
56119
16773
16774
12385
12386
2350
10482
12390
12391
12392
16778
16779
16782
2351
26643
26644
26647
2331
26650
26652
2302
10502
12402
12403
2304
16785
16786
16789
2296
2297
7175
7179
9508
2296
2297
7180
7177
7183
7184
9509
2300
2301
7195
7202
2300
2301
2333
7196
7199
7204
2334
7201
10503
12406
12407
12410
12411
12414
16792
16793
16796
2322
2326
12417
12418
2331
65852
65853
65856
2327
10506
12423
12424
12425
2325
56121
56122
2330
12429
12430
12433
2312
2313
7247
7251
7255
2312
2313
7256
7250
7259
7254
7261
2322
2326
16799
16800
4403
56124
56125
2324
4404
56127
56128
2329
16802
16803
2320
2321
7287
7294
7298
2320
2321
2333
7288
7291
7296
2335
7293
7301
56130
56131
4407
56133
56134
4408
56136
56137
56139
56140
16805
16806
12441
12442
10515
12446
12447
12448
26658
26659
26662
16810
16811
16814
56142
56143
2334
2335
7322
2334
2335
7323
7326
7327
7329
2349
2353
2338
7340
7344
9511
7343
7346
2341
2342
7366
7368
7372
2341
2342
2358
7373
7376
2359
7371
7378
2349
2353
16817
16818
16821
56147
56148
2350
10523
12458
12459
2355
16824
16825
2351
12463
12464
12466
2352
2356
10524
12469
12470
12471
16827
16830
10533
12476
12477
12478
12482
12483
12486
12489
12490
16832
16833
16836
2361
26665
26666
26669
16839
16840
10535
12499
12500
2359
2360
7400
7404
2359
2360
2368
7405
7403
7408
2370
7402
7410
2378
26677
26678
26680
2377
2382
16844
16845
2388
56156
56157
2379
56159
56160
2385
2390
56162
56163
2381
2386
10570
12504
2369
2370
7422
7426
7430
2369
2370
7431
7428
7434
7425
7435
2373
2374
7462
7466
7470
2373
2374
2397
7471
7465
7474
2398
7469
7476
2377
2382
16847
16848
16851
2381
2386
10572
12505
12506
12507
26683
26684
26687
26689
26690
26693
16854
16855
26696
26697
26700
10582
12519
12520
12521
16858
16859
16862
2416
56170
56171
56174
16864
16865
16868
2417
16871
16872
10585
12535
12536
12537
2390
2411
2415
7579
7580
7581
56177
56179
56193
56195
2390
7586
7587
7590
9225
56157
56178
56179
2414
9227
56177
56178
2417
56163
56198
65151
65152
65155
2411
65234
65235
65236
2412
3631
4618
12549
12550
12551
2413
4619
12555
12556
12559
12562
12563
12564
2414
3632
12568
12569
12572
2398
2399
7539
7544
7549
2398
2399
2513
7550
7547
7553
2515
7543
7555
2411
2415
56180
56181
2519
4627
56183
56184
2413
4629
56186
56187
2418
2522
56189
56190
2408
2409
2410
7584
7591
9512
2408
2410
7585
9233
64822
2408
2409
2409
2410
9513
64824
7588
7593
9235
7594
9516
7589
9517
64827
56192
56193
4631
9241
12575
12576
4632
12578
12579
9242
12581
12582
56195
56196
2525
16874
16875
16877
56198
56199
2526
56201
56202
2422
2443
2447
7656
7658
7659
56204
56206
56220
56223
2422
2483
7664
7665
7667
9123
56205
56206
56255
2446
9124
56204
56205
2450
2484
56225
56259
65158
65159
65161
2443
65241
65242
65243
2444
2829
4399
12593
12594
12595
2445
4400
12599
12600
12603
2446
2830
12606
12607
12610
12613
12614
12615
2430
2431
7617
7622
7627
2430
2431
2488
7628
7621
7631
2489
7626
7633
2443
2447
56207
56208
4403
56210
56211
2445
4405
56213
56214
2449
56216
56217
2440
2441
2442
7662
7669
9519
2440
2442
7663
9131
64829
2440
2441
2441
2442
9520
64830
7666
7671
9132
7672
9523
7668
9525
64833
56219
56220
4411
9135
12619
12620
4412
12622
12623
9136
12625
12626
56222
56223
2497
16878
16879
16881
16882
16883
2498
56225
56226
2454
2474
2478
7734
7736
7737
56228
56230
56244
56247
2454
2483
7742
7743
7745
9123
56229
56230
56256
2477
9125
56228
56229
2481
2485
56252
56262
65165
65166
65168
2474
65248
65249
65250
2475
2833
4671
12637
12638
12639
2476
4672
12643
12644
12647
2477
2834
12650
12651
12654
12657
12658
12659
2462
7695
7700
7705
2462
2492
7706
7704
7711
2474
2478
56231
56232
4680
56234
56235
2476
4681
56237
56238
2480
56240
56241
2471
2472
2473
7740
7747
9526
2471
2473
7741
9131
64829
2471
2472
2472
2473
9527
64831
7744
7749
9133
7750
9530
7746
9532
64834
56243
56244
4684
9139
12663
12664
4685
12666
12667
9140
12669
12670
56246
56247
2502
16885
16886
16888
56249
56250
2503
56252
56253
2496
2501
16889
16890
56255
56256
2498
56258
56259
2503
56261
56262
2499
2504
10599
12672
2489
2490
7773
7780
2489
2490
2507
7781
7778
7784
2509
7776
7786
2493
7811
7818
2493
2633
7819
2635
7814
7824
2496
2501
16892
16893
16896
2499
2504
10601
12673
12674
12675
26703
26704
26707
2510
26709
26710
26713
16899
16900
10611
12687
12688
12689
26716
26717
26720
16903
16904
16907
2636
56269
56270
56273
16909
16910
10614
12703
12704
12705
16912
16913
16916
2508
2509
7879
7883
2508
2509
7884
7882
7887
7881
7888
26723
26724
26726
2524
2528
56277
2514
2515
7901
7903
7907
2514
2515
7908
7905
7911
7912
2517
7938
7942
7941
7944
2524
2528
16919
16920
16923
56278
56279
2529
10635
12708
12709
2530
12712
12713
12715
2526
16926
16927
2527
2531
10636
12718
12719
12720
12724
12725
12728
16929
16930
16933
12737
12738
10642
12743
12744
12745
16941
16944
10645
12750
12751
12752
12756
12757
12760
12763
12764
2556
2560
16946
16947
2571
26729
26730
26733
2561
2572
10672
12767
12768
12769
2559
26736
26737
2564
2573
16949
16950
16952
2541
2542
2543
7962
7969
7976
2541
2543
7963
2542
2543
7970
54819
2541
2542
7977
9386
54820
7967
7980
9387
7973
7981
54823
7968
7974
2546
2547
8004
8009
8013
2546
2547
2575
8014
8008
8017
2576
8012
8019
2550
2551
2556
2560
56284
56296
2550
2551
9390
2558
9391
56290
2563
56299
2554
2555
8046
8053
8057
2554
2555
2579
8047
8050
8055
2580
8052
8060
56284
56285
9394
56287
56288
9395
56290
56291
56293
56294
56296
56297
2582
10678
12772
12773
2583
12775
12776
12778
56299
56300
2584
12780
12781
12783
2571
56302
56303
56305
2569
2570
2569
2570
2579
8082
8084
8087
2581
8085
26739
26741
2582
10685
12785
12786
2584
16954
16955
16958
2576
2577
8091
8095
9540
2576
2577
2616
8096
8093
8099
2618
8101
9541
2580
2581
8109
8116
2580
2581
8110
8113
8118
8114
10687
12790
12791
2624
12794
12795
12798
12801
12802
12805
2603
2607
12808
12809
2626
12812
12813
12816
2608
10703
12821
12822
12823
2606
12827
12828
2611
2627
12830
12831
12834
2592
2593
8161
8165
8169
2592
2593
8170
8164
8173
8168
8175
2603
2607
16961
16962
4680
56307
56308
2609
10706
2605
4682
56310
56311
2610
16964
16965
2601
2602
8201
8208
8212
2601
2602
2629
8202
8205
8210
2630
8207
8215
56313
56314
4688
56316
56317
4689
56319
56320
56322
56323
16967
16968
10713
12842
12843
10714
12848
12849
12850
26748
26749
26752
16972
16973
16976
2626
26755
26757
2623
10722
12860
12861
2625
16979
16980
16983
2617
2618
8234
8238
9545
2617
2618
8239
8236
8242
8243
9546
2621
2622
8252
8259
2621
2622
2629
8253
8256
8261
2631
8258
10724
12865
12866
12869
12870
12873
12876
12877
12880
56325
56326
56328
2630
2631
2630
2631
8273
8275
8278
8276
2634
2635
8285
2634
2635
8286
8284
8289
8283
8290
16986
16987
16988
2641
2642
2643
2650
2654
2658
2641
2642
2651
3897
3937
2641
2643
2655
3898
16133
2642
2643
2659
3938
16134
2652
2657
3900
2653
2660
3940
16135
2646
2650
2654
2646
2656
3904
2652
2657
3905
2649
2650
2658
2649
3944
2653
2660
3945
2652
2653
2652
2653
3919
3959
3920
3960
2657
2657
3923
55458
2657
3924
3926
2660
2660
3963
55460
3966
3840
12883
12884
2674
4013
12888
12889
12892
2675
12884
12885
12886
12887
12889
12890
12891
12893
12895
12896
12899
12900
56353
56354
56355
2676
2686
12896
12897
12898
2677
2688
4016
12907
12908
12909
2678
10838
12914
12915
12916
2679
12920
12922
12923
2680
2686
12928
12929
12930
2681
2689
10839
12935
12936
12937
56347
56348
2675
56350
56351
2679
12941
12942
2676
2680
12944
12945
9265
12947
12948
56353
56354
2682
12950
12951
2684
9268
12953
12954
10842
12956
12957
12959
12960
2682
12962
12963
2685
10843
12965
12966
2686
12968
12969
2687
9270
10846
12971
12972
2688
9271
12974
12975
2689
10847
12977
12978
12981
12982
12983
4022
10854
12988
12989
12990
4023
12995
12996
12997
10855
13002
13003
13004
4026
9079
13012
13013
13016
9080
13019
13020
13023
2698
9081
13027
13028
13029
2700
4029
9082
13034
13035
13036
2698
9087
13041
13042
13043
4018
9088
10900
13048
13049
13050
4019
9089
13055
13056
13057
2701
9090
10901
13062
13063
13064
9083
13069
13070
13071
4051
9084
10908
13076
13077
13078
4052
9085
13083
13084
13085
9086
10909
13090
13091
13092
2706
2707
2708
2723
8306
64842
2706
2707
8307
2706
2708
3000
4062
64844
2707
2708
2725
3263
4063
3001
8310
64846
2727
3264
8311
2728
4064
64847
2713
2714
2715
2716
8306
64842
2713
2714
3002
8308
10877
2714
2715
2718
10878
10932
2713
2715
64845
3003
8310
64846
2720
8312
10879
2721
10933
64848
2720
2721
2722
64835
65775
2721
2722
10947
55534
65776
2720
2721
10882
10948
2720
2722
10883
55535
64837
10884
64840
10949
65780
55536
64841
65781
2727
2728
2729
64835
65775
2728
2729
4086
55537
65778
2727
2728
3274
4087
2727
2729
3275
55538
64838
3276
64839
4089
65779
55539
64841
65781
2743
10976
13097
13098
13099
2744
13103
13105
13106
2745
2755
13111
13112
13113
2746
2757
10977
13118
13119
13120
3842
13124
13125
2747
4160
13129
13130
13133
2748
13125
13126
13127
13128
13130
13131
13132
13134
13136
13137
13140
13141
56422
56423
56424
2749
2755
13137
13138
13139
2750
2758
4163
13148
13149
13150
56416
56417
2744
13154
13155
2748
56419
56420
2745
2749
13157
13158
10980
13160
13161
13163
13164
2751
13166
13167
2753
10981
13169
13170
9297
13172
13173
56422
56423
2751
13175
13176
2754
9300
13178
13179
2755
13181
13182
2756
9302
10984
13184
13185
2757
10985
13187
13188
2758
9303
13190
13191
13194
13195
13196
4169
10992
13201
13202
13203
10993
13208
13209
13210
4170
13215
13216
13217
2763
2764
2765
2777
2782
2764
2765
4252
16252
2763
2764
2778
4214
4253
2763
2765
2783
4215
16253
2780
2787
4217
2781
4255
2788
16254
2768
2769
2777
2782
2768
2769
2784
3472
4221
2786
3473
2780
2787
2774
2775
2776
2782
2774
2775
3476
65588
2775
2776
55613
65589
2774
2776
2785
3477
55614
2786
3479
65591
2788
55615
2780
2781
9096
2780
2781
4235
4266
2781
4267
9099
4268
9102
2786
2787
2788
2787
2788
4238
16255
2786
2787
3484
4239
2786
2788
3485
16256
3486
4241
16257
4354
9111
13225
13226
13229
9112
13232
13233
13236
2797
9113
13240
13241
13242
2800
4357
9114
13247
13248
13249
2797
9119
13254
13255
13256
4165
9120
11170
13261
13262
13263
4166
9121
13268
13269
13270
2799
9122
11171
13275
13276
13277
9115
13282
13283
13284
4379
9116
11178
13289
13290
13291
9117
11179
13296
13297
13298
4380
9118
13303
13304
13305
2805
2806
2807
2815
8338
64856
2805
2806
3085
8339
11189
2806
2807
2817
11190
11329
2805
2807
64858
3086
8342
64860
2819
8344
11191
2820
11330
64861
2812
2813
2814
2822
8338
64856
2812
2813
8340
2812
2814
3088
4548
64859
2813
2814
2824
3601
4549
3089
8342
64860
2826
3602
8343
2827
4550
64862
2819
2820
2821
64849
65782
2820
2821
11344
55702
65783
2819
2820
11194
11345
2819
2821
11195
55703
64851
11196
64854
11346
65786
55704
64855
65788
2826
2827
2828
64849
65782
2827
2828
4572
55705
65785
2826
2827
3612
4573
2826
2828
3613
55706
64852
3614
64853
4575
65787
55707
64855
65788
9135
11264
13310
13311
13312
2838
9136
13316
13318
13319
2840
9137
13324
13325
13326
9138
11265
13331
13332
13333
9139
11447
13338
13339
13340
2839
9140
13344
13346
13347
2840
9141
13352
13353
13354
9142
11448
13359
13360
13361
9123
13365
13366
13367
9124
13372
13373
13376
9125
13379
13380
13383
9126
13387
13388
13389
2845
2846
2847
2862
2866
2873
2845
2846
2863
4701
4727
2845
2847
2867
4702
16363
2846
2847
2874
4728
16364
2864
2871
4704
2865
2878
4730
2872
2879
16365
2850
2851
2862
2866
2850
2851
2868
3568
4708
2870
3569
2864
2871
4709
2854
2862
2873
2854
2875
3700
4734
2877
3702
2859
2860
2861
2866
2873
2859
2860
3572
64920
2859
2861
2869
3574
55757
2860
2861
2876
55758
64922
2870
3575
2877
64923
2872
2879
55759
2864
2865
2864
2865
4716
4747
4717
4748
2870
2871
2872
2871
2872
4720
11534
2870
2871
3580
4721
2870
2872
3581
11535
3582
4723
11536
2877
2878
2879
2878
2879
4751
16370
2877
2878
3714
4752
2877
2879
3715
16371
3716
4754
16372
2884
2885
2886
2898
2903
2884
2886
4781
16395
2884
2885
2899
4782
4808
2885
2886
2904
4809
16396
2901
4784
2902
2908
4811
2909
16397
2889
2890
2898
2903
2889
2890
2905
3782
4815
2907
3783
2902
2908
2895
2896
2897
2903
2895
2896
3786
65609
2896
2897
55766
65610
2895
2897
2906
3787
55767
2907
3789
65612
2909
55768
2901
2902
9143
2901
2902
4795
4829
2901
4796
9146
4797
9149
2907
2908
2909
2908
2909
4832
16398
2907
2908
3794
4833
2907
2909
3795
16399
3796
4835
16400
2914
2915
2916
2933
2940
2914
2915
2930
5003
5040
2914
2916
2934
5004
16421
2915
2916
2941
5041
16422
2931
2938
5006
2932
2945
5043
2939
2946
16423
2919
2933
2919
2935
3728
5010
2937
3730
2921
2922
2942
3818
5047
2944
3819
2932
2945
5048
2927
2928
2929
2933
2940
2927
2928
3822
64934
2927
2929
2936
55803
64936
2928
2929
2943
3824
55804
2937
64937
2944
3825
2939
2946
55805
2931
2932
5023
5054
5024
5055
2937
2938
2939
2938
2939
5027
16428
2937
2938
3742
5028
2937
2939
3743
16429
3744
5030
16430
2944
2945
2946
2945
2946
5058
11650
2944
2945
3830
5059
2944
2946
3831
11651
3832
5061
11652
2949
2950
9151
10739
2949
2951
5072
9153
9155
5073
2955
2964
2956
2965
2955
2956
2960
2962
2963
2958
2961
5080
10136
2962
10137
2963
5088
2962
2963
2962
5089
2967
2968
2967
2968
2972
2974
2975
2970
2973
5093
10179
2974
10180
2975
5101
2974
2975
2974
5102
2978
2979
9158
10740
2978
2980
5108
9160
9161
5109
2983
2983
2986
3331
2988
3333
2985
3337
2988
3341
2988
2989
5119
64872
2988
64873
64874
5121
2992
2992
2995
3359
2997
3361
2994
3365
2997
3369
2997
2998
5133
64886
2997
64887
64888
5135
3001
3001
3004
3006
3003
3006
3006
3007
5147
64844
3006
64845
64846
5149
3010
3010
3013
3435
3015
3437
3012
3441
3015
3444
3015
3016
5163
64900
3015
64901
64902
5165
3019
3020
9205
10741
3019
3021
5178
9207
9209
5179
3023
3030
5186
10374
3032
10375
3027
3051
3028
3052
3027
3028
3031
3032
3033
3033
5194
3032
5195
3032
3033
3036
3037
9097
10742
3036
3038
5201
9099
9100
5202
3040
3047
5209
10413
3049
10414
3044
3068
3045
3070
3044
3045
3048
3049
3050
3050
5217
3049
5218
3049
3050
3054
3055
3054
3055
3059
3061
3062
3057
3060
5222
10452
3061
10453
3062
5230
3061
3062
3061
5231
3065
3066
9212
10743
3065
3067
5237
9214
9215
5238
3071
3071
3072
3076
3072
3078
3079
3074
3077
5245
9707
3078
9708
3079
5253
3078
3079
3078
5254
3082
3083
9219
10744
3082
3084
5260
9221
9222
5261
3086
3092
3089
3089
3091
3092
3092
64858
3092
3093
5269
64859
64860
5271
3095
3664
3101
3667
3098
3098
3100
3672
3101
3674
3101
64914
3101
3102
5285
64915
64916
5287
3104
3692
3110
3695
3107
3107
3109
3701
3110
3703
3110
64928
3110
3111
5299
64929
64930
5301
3113
3720
3119
3723
3116
3116
3118
3729
3119
3731
3119
64942
3119
3120
5313
64943
64944
5315
3123
3124
9144
10745
3123
3125
5330
9146
9147
5331
3127
3134
5338
10648
3136
10649
3131
3140
3132
3142
3131
3132
3135
3136
3137
3137
5346
3136
5347
3136
3137
3139
3146
5351
9773
3148
9774
3143
3143
3144
3147
3144
3148
3149
3149
5359
3148
5360
3148
3149
3152
3153
9246
10746
3152
3154
5366
9248
9249
5367
3159
3160
3161
3178
3185
3159
3160
3175
5388
5413
3159
3161
3179
5390
16453
3160
3161
3186
5415
16454
3176
3183
5391
3177
3190
5416
3184
3191
16455
3163
3164
3180
3200
5395
3182
3201
3176
3183
5396
3167
3185
3167
3187
3332
5420
3189
3334
3172
3173
3174
3178
3185
3172
3173
3204
64864
3172
3174
3181
3206
55811
3173
3174
3188
55812
64866
3182
3208
3189
64868
3184
3191
55813
3176
3177
5402
5433
5403
5434
3182
3183
3184
3183
3184
5406
11715
3182
3183
3217
5407
3182
3184
3218
11716
3219
5409
11717
3189
3190
3191
3190
3191
5443
16460
3189
3190
3352
5444
3189
3191
3353
16461
3354
5446
16462
3196
3197
3198
3210
3215
3197
3198
5530
16487
3196
3197
3211
5493
5531
3196
3198
3216
5494
16488
3213
3220
5495
3214
5533
3221
16489
3201
3202
3210
3215
3201
3202
3217
5499
3219
3213
3220
3207
3208
3209
3215
3207
3208
65567
3207
3209
55817
65568
3208
3209
3218
55818
65570
3219
3221
55819
3213
3214
9150
3213
3214
5520
5544
3214
5545
9153
5546
9156
3219
3220
3221
3220
3221
5523
16490
3219
3220
5524
3219
3221
16491
5526
16492
3226
3227
3228
3240
3245
3227
3228
5875
16521
3226
3227
3241
5837
5876
3226
3228
3246
5839
16522
3243
3250
5840
3244
5878
3251
16523
3231
3232
3240
3245
3231
3232
3247
3259
5844
3249
3260
3243
3250
3237
3238
3239
3245
3237
3238
3266
65581
3238
3239
55876
65583
3237
3239
3248
3268
55877
3249
3270
65585
3251
55878
3243
3244
9157
3243
3244
5858
5889
3244
5890
9160
5891
9163
3249
3250
3251
3250
3251
5868
16524
3249
3250
3284
5869
3249
3251
3285
16525
3286
5871
16526
3256
3257
3258
3272
3282
3257
3258
3273
5967
16539
3256
3257
3279
5943
5968
3256
3258
3283
5944
16540
3280
3287
5945
3277
3281
5970
3278
3288
16541
3260
3261
3284
5949
3286
3280
3287
5950
3264
3272
3264
3274
5974
3276
3269
3270
3271
3272
3282
3269
3270
64836
3269
3271
3275
55895
64838
3270
3271
3285
55896
3276
64839
3286
3278
3288
55897
3276
3277
3278
3277
3278
5987
16546
3276
3277
5988
3276
3278
16547
5990
16548
3280
3281
5956
5994
5957
5995
3286
3287
3288
3287
3288
5960
11931
3286
3287
5961
3286
3288
11932
5963
11933
3293
3294
3295
3311
3315
3322
3293
3294
3312
6038
6077
3293
3295
3316
6040
16571
3294
3295
3323
6079
16572
3313
3320
6041
3314
3327
6080
3321
3328
16573
3298
3299
3311
3315
3298
3299
3317
3360
6045
3319
3362
3313
3320
6046
3302
3303
3311
3322
3302
3303
3324
3508
6084
3326
3509
3314
3327
6085
3308
3309
3310
3315
3322
3308
3309
3512
64878
3308
3310
3318
55903
64880
3309
3310
3325
3514
55904
3319
64882
3326
3516
3321
3328
55905
3313
3314
3313
3314
6060
6092
6061
6093
3319
3320
3321
3320
3321
6070
16578
3319
3320
3380
6071
3319
3321
3381
16579
3382
6073
16580
3326
3327
3328
3327
3328
6096
11997
3326
3327
3525
6097
3326
3328
3526
11998
3527
6099
11999
3333
3334
3335
3350
8446
64870
3333
3334
8447
3333
3335
6114
64872
3334
3335
3352
6115
8451
64874
3354
8452
3355
6116
64875
3340
3341
3342
3343
8446
64870
3340
3341
8448
9557
3340
3342
3345
9558
12031
3341
3342
64873
3347
8450
9559
8451
64874
3348
12032
64876
3347
3348
3349
64863
65789
3348
3349
12046
55920
65790
3347
3348
9562
12047
3347
3349
9563
55921
64865
9564
64867
12048
65794
55922
64869
65795
3354
3355
3356
64863
65789
3355
3356
6145
55923
65792
3354
3355
6146
3354
3356
55924
64866
64868
6148
65793
55925
64869
65795
3361
3362
3363
3378
8453
64884
3361
3362
8454
3361
3363
6192
64886
3362
3363
3380
6193
8458
64888
3382
8459
3383
6194
64889
3368
3369
3370
3371
8453
64884
3368
3369
8455
9612
3368
3370
3373
9613
12075
3369
3370
64887
3375
8457
9614
8458
64888
3376
12076
64890
3375
3376
3377
64877
65796
3376
3377
12090
55947
65797
3375
3376
9624
12091
3375
3377
9625
55948
64879
9626
64881
12092
65801
55949
64883
65802
3382
3383
3384
64877
65796
3383
3384
6223
55950
65799
3382
3383
6224
3382
3384
55951
64880
64882
6226
65800
55952
64883
65802
9176
10838
13394
13395
13396
3394
9177
13400
13402
13403
3396
9178
13408
13409
13410
9179
10840
13415
13416
13417
9180
10976
13422
13423
13424
3395
9181
13428
13430
13431
3396
9182
13436
13437
13438
9183
10978
13443
13444
13445
9164
13449
13450
13451
9165
13456
13457
13460
9166
13463
13464
13467
9167
13471
13472
13473
3401
3402
3403
3410
3413
3417
3402
3403
3411
6302
16612
3401
3402
3414
6264
6303
3401
3403
3418
6265
16613
3415
3420
6266
3412
3416
6305
16614
3406
3413
3417
3406
3419
6270
3415
3420
6271
3409
3410
3413
3409
6309
3412
3416
6310
3412
3412
6323
55972
6326
3415
3416
3415
3416
6291
6330
6292
6331
3420
3420
6295
55974
3420
6296
6298
9196
10912
13478
13479
13480
3430
9197
13484
13486
13487
3432
9198
13492
13493
13494
9199
10913
13499
13500
13501
9200
9642
13506
13507
13508
3431
9201
13512
13514
13515
3432
9202
13520
13521
13522
9203
9643
13527
13528
13529
9184
13533
13534
13535
9185
13540
13541
13544
9186
13547
13548
13551
9187
13555
13556
13557
3437
3438
3439
3454
8460
64898
3437
3438
8461
3437
3439
6385
64900
3438
3439
3456
3469
6386
8464
64902
3458
3470
8465
3459
6387
64903
3444
3445
3446
3447
8460
64898
3444
3445
8462
11040
3445
3446
3449
11041
12155
3444
3446
64901
8464
64902
3451
8466
11042
3452
12156
64904
3451
3452
3453
64891
65803
3452
3453
12170
55992
65804
3451
3452
11052
12171
3451
3453
11053
55993
64893
11054
64896
12172
65808
55994
64897
65809
3458
3459
3460
64891
65803
3459
3460
6416
55995
65806
3458
3459
3495
6417
3458
3460
3496
55996
64894
3497
64895
6419
65807
55997
64897
65809
3465
3466
3467
3482
3489
3493
3466
3467
3483
6494
16646
3465
3466
3490
6457
6495
3465
3467
3494
6458
16647
3491
3498
6459
3487
3492
6497
3488
3499
16648
3470
3489
3493
3470
3495
6463
3497
3473
3474
3482
3489
3473
3474
3484
6501
3486
3487
3492
6502
3479
3480
3481
3482
3493
3479
3480
64892
3479
3481
3485
56007
3480
3481
3496
56008
64894
3486
3497
64895
3488
3499
56009
3486
3487
3488
3487
3488
6509
12204
3486
3487
6510
3486
3488
12205
6512
12206
3491
3492
3491
3492
6483
6516
6484
6517
3497
3498
3499
3498
3499
6487
16653
3497
3498
6488
3497
3499
16654
6490
16655
3504
3505
3506
3518
3523
3505
3506
6564
16673
3504
3505
3519
6525
6565
3504
3506
3524
6526
16674
3521
3528
6527
3522
6567
3529
16675
3509
3510
3518
3523
3509
3510
3525
6531
3527
3521
3528
6532
3515
3516
3517
3523
3515
3516
65574
3515
3517
56018
65576
3516
3517
3526
56019
65578
3527
3529
56020
3521
3522
9204
3521
3522
6553
6578
3522
6579
9207
6554
6580
9210
3527
3528
3529
3528
3529
6557
16676
3527
3528
6558
3527
3529
16677
6560
16678
3534
3535
3536
3548
3553
3534
3536
7072
16767
3534
3535
3549
7073
7099
3535
3536
3554
7101
16768
3551
7075
3552
3558
7102
3559
16769
3539
3540
3548
3553
3539
3540
3555
3597
7106
3557
3598
3552
3558
7107
3545
3546
3547
3553
3545
3546
3604
65595
3546
3547
56103
65597
3545
3547
3556
3606
56104
3557
3608
65599
3559
56105
3551
3552
9211
3551
3552
7086
7121
3551
7087
9214
7088
9217
7122
3557
3558
3559
3558
3559
7132
16770
3557
3558
3622
7133
3557
3559
3623
16771
3624
7135
16772
3564
3565
3566
3578
3585
3564
3566
7214
16799
3565
3566
3579
7241
16800
3564
3565
3586
7216
7242
3588
7217
3583
3589
7244
3584
16801
3569
3570
3578
3585
3569
3570
3580
7248
3582
3583
3589
7249
3575
3576
3577
3578
3575
3576
65602
3576
3577
56124
65603
3575
3577
3581
56125
3582
65605
3584
56126
3582
3583
3584
3583
3584
7263
16802
3582
3583
7264
3582
3584
16803
7266
16804
3588
3589
9218
3588
3589
7235
7270
3588
7236
9221
7237
9224
7271
3594
3595
3596
3610
3620
3595
3596
3611
7360
16817
3594
3595
3617
7335
7361
3594
3596
3621
7336
16818
3618
3625
7337
3615
3619
7363
3616
3626
16819
3598
3599
3622
7341
3624
3618
3625
7342
3602
3610
3602
3612
7367
3614
3607
3608
3609
3610
3620
3607
3608
64850
3607
3609
3613
56147
64852
3608
3609
3623
56148
3614
64853
3624
3616
3626
56149
3614
3615
3616
3615
3616
7380
16824
3614
3615
7381
3614
3616
16825
7383
16826
3618
3619
7349
7387
7350
7388
3624
3625
3626
3625
3626
7353
12463
3624
3625
7354
3624
3626
12464
7356
12465
9237
11212
13562
13563
13564
3636
9238
13568
13570
13571
3638
9239
13576
13577
13578
9240
11213
13583
13584
13585
9241
9712
13590
13591
13592
3637
9242
13596
13598
13599
3638
9243
13604
13605
13606
9244
9713
13611
13612
13613
9225
13617
13618
13619
9226
13624
13625
13628
9227
13631
13632
13635
9228
13639
13640
13641
3643
3644
3645
3652
3656
3660
3644
3645
3653
7456
16847
3643
3644
3657
7417
7457
3643
3645
3661
7418
16848
3658
3662
7419
3655
3659
7459
16849
3648
3656
3660
3648
7423
3658
3662
7424
3651
3652
3656
3651
3654
7463
3655
3659
7464
3655
3655
7478
56166
3655
7479
7481
3658
3659
3658
3659
7445
7485
7446
7486
3662
3662
7449
56168
7452
3667
3668
3669
3677
8505
64912
3667
3668
8506
11385
3668
3669
3679
11386
12540
3667
3669
64914
8509
64916
3681
8511
11387
3682
12541
64917
3674
3675
3676
3684
8505
64912
3674
3675
8507
3674
3676
7540
64915
3675
3676
3686
3779
7541
8509
64916
3688
3780
8510
3689
7542
64918
3681
3682
3683
64905
65810
3682
3683
12555
56186
65811
3681
3682
11397
12556
3681
3683
11398
56187
64907
11399
64910
12557
65814
56188
64911
65816
3688
3689
3690
64905
65810
3689
3690
7571
56189
65813
3688
3689
3805
7572
3688
3690
3806
56190
64908
3807
64909
7574
65815
56191
64911
65816
3695
3696
3697
3705
8512
64926
3695
3696
8513
11291
3696
3697
3707
11292
12584
3695
3697
64928
8517
64930
3709
8518
11293
3710
12585
64931
3702
3703
3704
3712
8512
64926
3702
3703
8514
3702
3704
3714
7618
3703
3704
7619
64929
3716
8516
8517
64930
3717
7620
64932
3709
3710
3711
64919
65817
3710
3711
12599
56213
65818
3709
3710
11296
12600
3709
3711
11297
56214
64921
11298
64924
12601
65821
56215
64925
65823
3716
3717
3718
64919
65817
3717
3718
7635
56216
65819
3716
3717
7636
3716
3718
56217
64922
64923
7638
65822
56218
64925
65823
3723
3724
3725
3733
8519
64940
3723
3724
8520
11499
3724
3725
3735
11500
12628
3723
3725
64942
8524
64944
3737
8525
11501
3738
12629
64945
3730
3731
3732
3740
8519
64940
3730
3731
8521
3730
3732
3742
7696
3731
3732
7697
64943
3744
8523
8524
64944
3745
7698
64946
3737
3738
3739
64933
65824
3738
3739
12643
56237
65825
3737
3738
11511
12644
3737
3739
11512
56238
64935
11513
64938
12645
65828
56239
64939
65830
3744
3745
3746
64933
65824
3745
3746
7713
56240
65826
3744
3745
7714
3744
3746
56241
64936
64937
7716
65829
56242
64939
65830
3751
3752
3753
3760
3764
3767
3751
3752
3761
7767
7805
3751
3753
3765
7769
16892
3752
3753
3768
7807
16893
3762
3766
7770
3763
3770
7808
16894
3756
3760
3764
3756
7774
3762
3766
7775
3759
3760
3767
3759
3769
7812
3763
3770
7813
3762
3763
3762
3763
7788
7826
7789
7827
3766
3766
7798
56265
7801
3770
3770
7836
56267
3770
7837
7839
3775
3776
3777
3792
3799
3803
3776
3777
3793
7932
16919
3775
3776
3800
7896
7933
3775
3777
3804
7897
16920
3801
3808
7898
3797
3802
7935
3798
3809
16921
3780
3799
3803
3780
3805
7902
3807
3783
3784
3792
3799
3783
3784
3794
7939
3796
3797
3802
7940
3789
3790
3791
3792
3803
3789
3790
64906
3789
3791
3795
56278
3790
3791
3806
56279
64908
3796
3807
64909
3798
3809
56280
3796
3797
3798
3797
3798
7946
12712
3796
3797
7947
3796
3798
12713
7949
12714
3801
3802
3801
3802
7921
7953
7922
7954
3807
3808
3809
3808
3809
7925
16926
3807
3808
7926
3807
3809
16927
7928
16928
3814
3815
3816
3828
3835
3814
3816
8128
16961
3815
3816
3829
8155
16962
3814
3815
3836
8130
8156
3838
8131
3833
3839
8158
3834
16963
3819
3820
3828
3835
3819
3820
3830
8162
3832
3833
3839
8163
3825
3826
3827
3828
3825
3826
65616
3826
3827
56307
65618
3825
3827
3831
56308
3832
65620
3834
56309
3832
3833
3834
3833
3834
8177
16964
3832
3833
8178
3832
3834
16965
8180
16966
3838
3839
9245
3838
3839
8149
8184
3838
8150
9248
8151
9251
8185
4025
4176
4353
4394
4622
4675
3849
3850
3855
5502
5503
3858
5514
3853
3854
5474
5564
3854
3857
5565
55443
5477
3859
5567
3856
3858
5571
3859
5572
3859
5579
55446
3859
5580
5581
3862
3863
3871
9254
3862
3863
3873
3886
5732
3875
3887
9255
3877
5733
3868
3869
3870
3871
3869
3870
5460
5736
3868
3869
5461
10756
3868
3870
3874
5737
10757
3876
10758
5463
3877
5739
3875
3876
3877
3875
3876
3890
10763
3875
3877
3892
5744
3876
3877
5745
10764
3894
10765
5746
3882
3883
3884
3889
3883
3884
5710
5804
3882
3883
3882
3884
3891
5805
26403
3893
26404
5712
3895
5807
3887
3888
3889
3887
3888
3892
5811
3894
9256
3895
5812
3893
3894
3895
3893
3894
16123
3893
3895
5820
16124
3894
3895
5821
16125
5822
3900
3901
3902
3918
3922
3929
3900
3901
3919
3977
3900
3902
3923
16140
3901
3902
3930
3978
16141
3920
3926
3921
3933
3981
3927
3934
16142
3905
3906
3918
3922
3905
3906
3924
5374
3920
3926
3928
5375
3909
3910
3918
3929
3909
3910
3931
3985
6119
3921
3933
3986
3935
6121
3915
3916
3917
3922
3929
3916
3917
5378
6124
3915
3916
3925
5379
55462
3915
3917
3932
6125
55463
3927
3934
55464
3928
5381
3935
6127
3920
3921
3920
3921
3996
3997
3926
3927
3928
3926
3927
16146
3926
3928
3927
3928
5384
16147
16148
5385
3933
3934
3935
3933
3934
4000
16153
3933
3935
4002
6132
3934
3935
6133
16154
4004
16155
6134
3940
3941
3942
3958
3962
3969
3940
3941
3959
3977
3940
3942
3963
26407
3941
3942
3970
3979
26408
3960
3966
3961
3973
3982
3967
3974
26409
3945
3946
3958
3962
3945
3946
3964
6023
3960
3966
3968
6024
3949
3950
3958
3969
3949
3950
3971
3991
6197
3961
3973
3992
3975
6199
3955
3956
3957
3962
3969
3956
3957
6027
6202
3955
3956
3965
6028
26413
3955
3957
3972
6203
26414
3967
3974
26415
3968
6030
3975
6205
3960
3961
3960
3961
3996
3998
3966
3967
3968
3966
3967
26420
3966
3968
3967
3968
6033
26421
26422
6034
3973
3974
3975
3973
3974
4007
16156
3973
3975
4009
6210
3974
3975
6211
16157
4011
16158
6212
3980
3981
3982
3995
3999
4006
3981
3982
3996
3980
3981
4000
16130
3980
3982
4007
16131
4003
4010
16132
3997
4004
3998
4011
3986
3987
3988
3995
3999
64807
3987
3988
5116
9460
64809
3986
3988
4002
9461
3997
4004
64811
4005
9463
64812
3992
3993
3994
3995
4006
64807
3993
3994
5117
9467
64810
3992
3994
4009
9468
3998
4011
64811
4012
9470
64813
3997
3998
3997
3998
4003
4004
4005
64947
4003
4004
55451
4003
4005
55452
64949
65054
4004
4005
65055
55453
64951
64952
65056
4010
4011
4012
64947
4010
4011
55454
4010
4012
55455
64950
65061
4011
4012
65062
55456
64951
64953
65063
9265
13649
13650
13653
9266
13656
13657
13660
4021
9267
13664
13665
13666
4023
9268
13671
13672
13673
4021
9273
13678
13679
13680
9274
10858
13685
13686
13687
9275
13692
13693
13694
4024
9276
10859
13699
13700
13701
9269
13706
13707
13708
9270
10866
13713
13714
13715
9271
13720
13721
13722
9272
10867
13727
13728
13729
13733
13734
4038
13738
13739
13742
4039
13734
13735
13736
13737
13739
13740
13741
13744
13745
13746
13749
13750
56667
56668
56669
4040
4050
13746
13747
13748
4041
4052
13753
13754
13755
4042
10912
13764
13765
13766
4043
13770
13772
13773
4044
4050
13778
13779
13780
4045
4053
10914
13785
13786
13787
56661
56662
4043
13791
13792
4039
56664
56665
4040
4044
13794
13795
9079
13797
13798
56667
56668
4046
13800
13801
4048
9082
13803
13804
10916
13806
13807
13809
13810
4046
13812
13813
4049
10918
13815
13816
4050
13818
13819
4051
9084
10920
13821
13822
4052
9085
13824
13825
4053
10921
13827
13828
13831
13832
13833
10928
13838
13839
13840
13845
13846
13847
10929
13852
13853
13854
4058
4059
4060
4078
4085
4092
4058
4059
4079
4100
65777
4058
4060
4086
55540
65778
4059
4060
4093
4101
55541
4082
4089
65779
4083
4096
4104
4090
4097
55542
4064
4065
4078
4085
4064
4080
4064
4065
4087
5974
4082
4089
4091
4069
4070
4078
4092
4069
4081
9284
4069
4070
4094
6273
9285
4083
4096
9286
4098
6274
4075
4076
4077
4085
4092
4076
4077
5980
6277
4075
4076
4088
5981
16208
4075
4077
4095
6278
16209
4090
4097
16210
4091
5983
4098
6280
4082
4083
4084
4082
4083
4119
64843
4082
4084
5147
64844
4083
4084
4120
5148
64847
4122
4089
4090
4091
4089
4090
55543
4089
4091
5988
4090
4091
5989
55544
55545
5991
4096
4097
4098
4096
4097
55546
64955
4096
4098
6285
64957
4097
4098
6286
55547
64959
55548
6287
4103
4104
4105
4118
4125
64954
4104
4105
4119
65200
4103
4104
64955
4103
4105
4126
65201
4130
64958
4122
64959
4123
4131
65203
4110
4111
4112
4125
64954
4110
4112
13533
65067
4111
4112
64956
65068
4110
4111
4127
13534
4129
13536
4130
64958
64960
65070
4115
4116
4117
4118
4125
4115
4116
4128
10936
56565
4129
56566
4123
4131
10937
4124
4122
4123
4124
9282
4122
4123
10954
4122
4124
5156
9284
4123
4124
5157
10956
9286
10958
5158
9287
4129
4130
4131
4130
4131
10960
55525
4129
4130
13540
55526
4129
4131
10961
13541
13542
55527
10962
4134
4134
6309
4144
6311
4146
6467
4140
4141
4142
4141
4142
6316
6470
4140
4141
4143
6317
26427
4140
4142
4145
6471
26428
26429
4144
6319
4146
6473
4144
6325
55552
6327
4146
6478
6479
4148
4155
6535
4158
6547
4153
4154
4153
4154
6598
6648
4153
4157
6599
55553
4154
6649
4159
6601
6651
4156
4158
6605
4159
6606
4159
6613
55556
4159
6614
6615
9297
13862
13863
13866
9298
13869
13870
13873
4168
9299
13877
13878
13879
4170
9300
13884
13885
13886
4168
9305
13891
13892
13893
9306
11032
13898
13899
13900
9307
13905
13906
13907
4171
9308
11033
13912
13913
13914
9301
13919
13920
13921
9302
11036
13926
13927
13928
9303
13933
13934
13935
9304
11037
13940
13941
13942
4185
9642
13947
13948
13949
4186
13953
13955
13956
4187
4197
13961
13962
13963
4188
4199
9644
13968
13969
13970
13974
13975
4189
4201
13979
13980
13983
4190
13975
13976
13977
13978
13980
13981
13982
13984
13986
13987
13990
13991
56736
56737
56738
4191
4197
13987
13988
13989
4192
4200
4204
13998
13999
14000
56730
56731
4190
56733
56734
4186
14004
14005
4187
4191
14007
14008
9646
14010
14011
14013
14014
4193
14016
14017
4195
9648
14019
14020
9322
14022
14023
56736
56737
4193
14025
14026
4196
9325
14028
14029
4197
14031
14032
4198
9327
9650
14034
14035
4199
9651
14037
14038
4200
9328
14040
14041
14044
14045
14046
4210
9658
14051
14052
14053
9659
14058
14059
14060
4211
14065
14066
14067
9322
14075
14076
14079
9323
14082
14083
14086
4209
9324
14090
14091
14092
4211
9325
14097
14098
14099
4209
9330
14104
14105
14106
4387
9331
11074
14111
14112
14113
4212
9332
11075
14118
14119
14120
4389
9333
14125
14126
14127
9326
14132
14133
14134
9327
11078
14139
14140
14141
9328
14146
14147
14148
9329
11079
14153
14154
14155
4217
4218
4219
4234
4237
4244
4217
4218
4235
4279
4217
4219
4238
16258
4218
4219
4245
4280
16259
4241
4236
4248
4283
4242
4249
16260
4222
4234
4237
4222
4239
6501
4243
6503
4225
4226
4234
4244
4225
4226
4246
4293
6779
4236
4248
4294
4250
4231
4232
4233
4237
4244
4232
4233
4231
4232
4240
6505
26433
4231
4233
4247
4242
4249
26434
4243
6506
4250
4236
4236
4299
4241
4242
4243
4241
4242
26437
4241
4243
6510
4242
4243
6511
26438
26439
6513
4248
4249
4250
4248
4249
4302
16263
4248
4250
4304
6780
4249
4250
16264
4306
16265
4255
4256
4257
4265
4271
4255
4257
55619
4255
4256
4266
4279
4256
4257
4272
4281
55620
4268
4269
4275
4284
4276
55621
4262
4263
4264
4265
4271
54782
4263
4264
5205
6800
54784
4262
4263
4262
4264
4273
4296
6801
4269
4275
4297
4270
5206
54787
4277
6803
54788
4268
4269
4270
64961
4268
4269
4299
4268
4270
64964
64965
4300
5208
64967
4275
4276
4277
64968
4275
4276
4309
55628
4275
4277
4311
6822
4276
4277
6823
55629
64971
4313
55630
64973
6824
64974
4282
4283
4284
4301
4308
4283
4284
4299
4282
4283
4302
11114
4282
4284
4309
11115
4305
4312
11116
4306
4300
4313
4289
4290
4291
4301
4308
4290
4291
6782
6876
4289
4290
4303
6783
65831
4289
4291
4310
6877
65832
4305
4312
65833
4307
6785
4314
6879
4294
4295
4301
4294
4295
4304
6787
4306
4307
6788
4297
4298
4311
6883
4300
4313
4314
6884
4300
4305
4306
4307
4305
4306
11126
4305
4307
6789
11127
4306
4307
6790
11128
6791
4312
4313
4314
4312
4313
55610
4312
4314
6890
55611
4313
4314
6891
55612
6892
4317
4318
4328
9336
4317
4318
4330
4343
6957
4332
4344
4334
6958
4323
4324
4325
4326
4328
4324
4325
6632
6960
4323
4324
6633
11163
4323
4325
4331
6961
11164
4333
11165
4327
6635
4334
6963
4327
9334
6639
9335
4332
4333
4334
4332
4333
4347
16277
4332
4334
4349
6968
4333
4334
6969
16278
4351
16279
6970
4339
4340
4341
4346
4340
4341
7028
7061
4339
4340
4348
7029
26444
4339
4341
7062
4350
26445
4352
7031
7064
4344
4345
4346
4344
4345
4349
7034
4351
4352
7035
4350
4351
4352
4350
4351
16270
4350
4352
7042
16271
4351
4352
7043
16272
7044
14159
14160
4366
14164
14165
14168
4367
14160
14161
14162
14163
14165
14166
14167
14170
14171
14172
14175
14176
56805
56806
56807
4368
4378
14172
14173
14174
4369
4380
14179
14180
14181
4370
11212
14190
14191
14192
4371
14196
14198
14199
4372
4378
14204
14205
14206
4373
4381
11214
14211
14212
14213
56799
56800
4371
14217
14218
4367
56802
56803
4368
4372
14220
14221
9111
14223
14224
56805
56806
4374
14226
14227
4376
9114
14229
14230
11216
14232
14233
14235
14236
4374
14238
14239
4377
11218
14241
14242
4378
14244
14245
4379
9116
11220
14247
14248
4380
9118
14250
14251
4381
11221
14253
14254
14257
14258
14259
11228
14264
14265
14266
14271
14272
14273
11229
14278
14279
14280
4395
9350
14288
14289
14292
9351
14295
14296
14299
4390
9352
14303
14304
14305
4393
4398
9353
14310
14311
14312
4390
9358
14317
14318
14319
9359
9694
14324
14325
14326
4392
9360
9695
14331
14332
14333
9361
14338
14339
14340
9354
14345
14346
14347
4420
9355
9702
14352
14353
14354
9356
9703
14359
14360
14361
4421
9357
14366
14367
14368
14372
14373
4407
14377
14378
14381
4408
14373
14374
14375
14376
14378
14379
14380
14383
14384
14385
14388
14389
56874
56875
56876
4409
4419
14385
14386
14387
4410
4421
14396
14397
14398
4411
11264
14403
14404
14405
4412
14409
14411
14412
4413
4419
14417
14418
14419
4414
4422
11266
14424
14425
14426
56868
56869
4408
56871
56872
4412
14430
14431
4409
4413
14433
14434
9350
14436
14437
56874
56875
4415
14439
14440
4417
9353
14442
14443
11268
14445
14446
14448
14449
4415
14451
14452
4418
11270
14454
14455
4419
14457
14458
4420
9355
11272
14460
14461
4421
9357
14463
14464
4422
11273
14466
14467
14470
14471
14472
11280
14477
14478
14479
14484
14485
14486
11281
14491
14492
14493
4427
4428
4429
4446
4451
4458
4427
4428
4447
4501
4427
4429
4452
16324
4428
4429
4459
4502
16325
4449
4455
4450
4462
4505
4456
4463
16326
4433
4434
4446
4451
4433
4448
4433
4434
4453
6835
4449
4455
4457
6838
4437
4438
4446
4458
4437
4438
4460
4515
7176
4450
4462
4516
4464
7177
4443
4444
4445
4451
4458
4444
4445
6843
7180
4443
4444
4454
6844
11324
4443
4445
4461
7181
11325
4456
4463
11326
4457
6846
4464
7183
4449
4450
4449
4450
4523
4449
4524
4455
4456
4457
4455
4456
55678
4455
4457
6851
4456
4457
6852
55679
55680
6854
4462
4463
4464
4462
4463
4527
16327
4462
4464
4529
7188
4463
4464
7189
16328
4531
16329
7190
4469
4470
4471
4486
9367
4470
4471
4469
4470
4488
9706
14284
4469
4471
5245
9369
9707
4490
9371
9709
4491
14285
5246
9373
4476
4477
4478
4493
9367
4477
4478
5248
7221
4476
4477
5249
9370
4476
4478
4495
4519
7222
4497
4520
9372
5250
9373
4499
7224
4483
4484
4485
4486
4493
4483
4485
14288
65137
4483
4484
4489
14289
55684
4484
4485
4496
55685
65139
4491
14290
4492
4498
55686
4499
65141
4490
4491
4492
64975
4490
4492
55687
64976
4490
4491
14295
4491
4492
14296
55688
64979
14297
55689
64981
4497
4498
4499
64975
4497
4498
4534
55690
64978
4497
4499
4536
7229
4498
4499
7230
55691
4538
64980
55692
64981
7231
4504
4505
4506
4522
4526
4533
4505
4506
4523
64977
4504
4505
4527
16316
4504
4506
4534
16317
64978
4530
4537
16318
4524
4531
4525
4538
64980
4511
4512
4513
4526
4533
4512
4513
7196
7288
4511
4512
4528
7197
26448
4511
4513
4535
7289
26449
4530
4537
26450
4532
7199
4539
7291
4516
4517
4522
4526
4516
4517
4529
7203
4524
4531
4532
7204
4520
4521
4522
4533
4520
4521
4536
7295
4525
4538
4539
7296
4524
4525
4524
4525
9368
9372
4530
4531
4532
4530
4531
16319
4530
4532
7208
16320
4531
4532
7209
16321
7210
4537
4538
4539
4537
4538
26455
4537
4539
7304
26456
4538
4539
7305
26457
7306
4544
4545
4546
4564
4571
4578
4544
4545
4565
4586
65784
4544
4546
4572
55711
65785
4545
4546
4579
4588
55712
4568
4575
65787
4569
4582
4591
4576
4583
55713
4550
4551
4564
4571
4550
4566
4550
4551
4573
7367
4568
4575
4577
4555
4556
4564
4578
4555
4567
9376
4555
4556
4580
7427
9377
4569
4582
9378
4584
7428
4561
4562
4563
4571
4578
4562
4563
7373
7431
4561
4562
4574
7374
16332
4561
4563
4581
7432
16333
4576
4583
16334
4577
7376
4584
7434
4568
4569
4570
4568
4569
4605
64857
4568
4570
5269
64859
4569
4570
4607
5270
64862
4609
4575
4576
4577
4575
4576
16336
4575
4577
7381
4576
4577
7382
16337
16338
7384
4582
4583
4584
4582
4583
55714
64983
4582
4584
7439
64985
4583
4584
7440
55715
64987
55716
7441
4589
4590
4591
4604
4611
64982
4590
4591
4605
65207
4589
4590
4612
65208
4589
4591
64983
4616
64986
4608
4617
65210
4609
64987
4596
4597
4598
4611
64982
4596
4598
13617
65144
4596
4597
4613
13618
4597
4598
64984
65145
4615
13620
4616
64986
64988
65147
4601
4602
4603
4604
4611
4601
4602
4614
11333
56601
4615
56602
4608
4617
11334
4610
4608
4609
4610
9374
4608
4609
11351
4608
4610
5278
11353
4609
4610
5279
9376
11355
9378
5280
9379
4615
4616
4617
4616
4617
11357
55693
4615
4616
13624
55694
4615
4617
11358
13625
13626
55695
11359
4631
9712
14498
14499
14500
4632
14504
14506
14507
4633
4643
14512
14513
14514
4634
4645
9714
14519
14520
14521
14525
14526
4635
4647
14530
14531
14534
4636
14526
14527
14528
14529
14531
14532
14533
14535
14537
14538
14541
14542
56911
56912
56913
4637
4643
14538
14539
14540
4638
4646
4650
14549
14550
14551
56905
56906
4636
56908
56909
4632
14555
14556
4633
4637
14558
14559
9716
14561
14562
14564
14565
4639
14567
14568
4641
9718
14570
14571
9394
14573
14574
56911
56912
4639
14576
14577
4642
9397
14579
14580
4643
14582
14583
4644
9399
9720
14585
14586
4645
9721
14588
14589
4646
9401
14591
14592
14595
14596
14597
4656
9728
14602
14603
14604
9729
14609
14610
14611
4658
14616
14617
14618
9394
14626
14627
14630
9395
14633
14634
14637
4655
9396
14641
14642
14643
4658
9397
14648
14649
14650
4655
9402
14655
14656
14657
4664
9403
11377
14662
14663
14664
4657
9404
11378
14669
14670
14671
4666
9405
14676
14677
14678
9398
14683
14684
14685
9399
11381
14690
14691
14692
9400
11382
14697
14698
14699
9401
14704
14705
14706
4676
9414
14714
14715
14718
9415
14721
14722
14725
4667
9416
14729
14730
14731
4670
4679
9417
14736
14737
14738
4667
9422
14743
14744
14745
9423
9736
14750
14751
14752
4669
9424
9737
14757
14758
14759
9425
14764
14765
14766
9418
14771
14772
14773
4697
9419
9740
14778
14779
14780
9420
9741
14785
14786
14787
4699
9421
14792
14793
14794
4684
11447
14799
14800
14801
4685
14805
14807
14808
4686
4696
14813
14814
14815
4687
4698
11449
14820
14821
14822
14826
14827
4688
14831
14832
14835
4689
14827
14828
14829
14830
14832
14833
14834
14837
14838
14839
14842
14843
57012
57013
57014
4690
4696
14839
14840
14841
4691
4699
14850
14851
14852
57006
57007
4685
14856
14857
4689
57009
57010
4686
4690
14859
14860
11451
14862
14863
14865
14866
4692
14868
14869
4694
11453
14871
14872
9414
14874
14875
57012
57013
4692
14877
14878
4695
9417
14880
14881
4696
14883
14884
4697
9419
11455
14886
14887
4698
11456
14889
14890
4699
9421
14892
14893
14896
14897
14898
11463
14903
14904
14905
11464
14910
14911
14912
14917
14918
14919
4704
4705
4706
4715
4719
4704
4705
4716
4763
4704
4706
4720
16373
4705
4706
4717
4723
4718
4724
16374
4709
4710
4715
4719
4709
4710
4721
7248
4717
4723
4725
7250
4713
4714
4719
4713
4714
4722
7257
55760
4724
4725
7259
4717
4718
9431
4717
4718
4765
4723
4724
4725
4723
4724
11553
4723
4725
7264
4724
4725
7265
11554
11555
7267
4730
4731
4732
4746
4750
4757
4730
4731
4747
4763
4730
4732
4751
16378
4731
4732
4758
16379
4748
4754
4749
4760
4764
4755
4761
16380
4746
4750
4752
7618
4737
4738
4746
4757
4737
4738
4749
4760
4762
7882
4743
4744
4745
4750
4757
4744
4745
7628
7884
4743
4744
4753
7629
26458
4743
4745
4759
7885
26459
4755
4761
26460
4756
7631
4762
7887
4748
4749
4748
4749
4765
4766
4754
4755
4756
4754
4755
16385
4754
4756
7636
4755
4756
7637
16386
16387
7639
4760
4761
4762
4760
4761
26465
4761
4762
7890
26466
26467
7891
4764
4765
4766
4766
4768
7463
4778
7465
4779
7905
4774
4775
4776
4775
4776
7471
7908
4774
4775
4777
7472
16390
4774
4776
7909
16391
4778
7474
4779
7911
4778
7480
55765
7482
7917
4784
4785
4786
4794
4800
4784
4786
55772
4784
4785
4795
4846
4785
4786
4801
4847
55773
4797
4798
4804
4850
4805
55774
4791
4792
4793
4794
4800
54817
4792
4793
5334
7970
54819
4791
4792
4791
4793
4802
4860
7971
4798
4804
4861
4799
5335
54822
4806
7973
54823
4797
4798
4799
64989
4797
4798
4868
4797
4799
64992
64993
4869
5337
64995
4804
4805
4806
64996
4804
4805
4872
55781
4804
4806
4874
7992
4805
4806
7993
55782
64999
4876
55783
65001
7994
65002
4811
4812
4813
4828
4831
4838
4811
4812
4829
4846
4811
4813
4832
16401
4812
4813
4839
4848
16402
4835
4830
4842
4851
4836
4843
16403
4816
4828
4831
4816
4833
7939
4837
7941
4819
4820
4828
4838
4819
4820
4840
4864
8079
4830
4842
4865
4844
8080
4825
4826
4827
4831
4838
4826
4827
4825
4826
4834
7943
26470
4825
4827
4841
26471
4836
4843
26472
4837
7944
4844
4830
4830
4868
4870
4835
4836
4837
4835
4836
26475
4835
4837
7947
4836
4837
7948
26476
26477
7950
4842
4843
4844
4842
4843
4879
16406
4842
4844
4881
8081
4843
4844
16407
4883
16408
4849
4850
4851
4867
4871
4878
4850
4851
4868
4849
4850
4872
11575
4849
4851
4879
11576
4875
4882
11577
4869
4876
4870
4883
4856
4857
4858
4871
4878
4857
4858
8047
8082
4856
4857
4873
8048
11579
4856
4858
4880
8083
11580
4875
4882
11581
4877
8050
4884
8084
4861
4862
4867
4871
4861
4862
4874
8054
4869
4876
4877
8055
4865
4866
4867
4878
4865
4866
4881
8086
4870
4883
4884
8087
4869
4870
4869
4870
4875
4876
4877
4875
4876
11594
4875
4877
8063
11595
4876
4877
8064
11596
8065
4882
4883
4884
4882
4883
11597
4882
4884
8088
11598
4883
4884
8089
11599
8090
4889
4890
4891
4906
9432
4890
4891
4889
4890
4908
9772
14710
4889
4891
5351
9434
9773
4910
9436
9775
4911
14711
5352
9438
4896
4897
4898
4913
9432
4897
4898
5354
8135
4896
4897
5355
9435
4896
4898
4915
4977
8136
4917
4978
9437
5356
9438
4919
8138
4903
4904
4905
4906
4913
4903
4905
14714
65193
4903
4904
4909
14715
55787
4904
4905
4916
55788
65195
4911
14716
4912
4918
55789
4919
65197
4910
4911
4912
65003
4910
4912
55790
65004
4910
4911
14721
4911
4912
14722
55791
65007
14723
55792
65009
4917
4918
4919
65003
4917
4918
4989
55793
65006
4917
4919
4991
8143
4918
4919
8144
55794
4993
65008
55795
65009
8145
4924
4925
4926
4943
4948
4955
4924
4925
4944
4963
4924
4926
4949
55796
4925
4926
4956
4965
55797
4946
4952
4947
4959
4968
4953
4960
55798
4930
4931
4943
4948
4930
4945
4930
4931
4950
8005
4946
4952
4954
8008
4934
4935
4943
4955
4934
4935
4957
4981
8235
4947
4959
4982
4961
8236
4940
4941
4942
4948
4955
4941
4942
8014
8239
4940
4941
4951
8015
11636
4940
4942
4958
8240
11637
4953
4960
11638
4954
8017
4961
8242
4946
4947
4946
4947
4985
4946
4987
4952
4953
4954
4952
4953
55799
4952
4954
8022
4953
4954
8023
55800
55801
8025
4959
4960
4961
4959
4960
4996
11641
4959
4961
4998
8247
4960
4961
8248
11642
5000
11643
8249
4966
4967
4968
4984
4988
4995
4967
4968
4985
65005
4966
4967
4989
16413
65006
4966
4968
4996
16414
4992
4999
16415
4986
4993
65008
4987
5000
4973
4974
4975
4988
4995
4974
4975
8202
8253
4973
4974
4990
8203
26482
4973
4975
4997
8254
26483
4992
4999
26484
4994
8205
5001
8256
4978
4979
4984
4988
4978
4979
4991
8209
4986
4993
4994
8210
4982
4983
4984
4995
4982
4983
4998
8260
4987
5000
5001
8261
4986
4987
4986
4987
9433
9437
4992
4993
4994
4992
4993
26489
4992
4994
8218
26490
4993
4994
8219
26491
8220
4999
5000
5001
4999
5000
16416
4999
5001
8265
16417
5000
5001
8266
16418
8267
5006
5007
5008
5022
5026
5033
5006
5007
5023
5064
5006
5008
5027
11662
5007
5008
5034
5065
11663
5024
5030
5025
5036
5066
5031
5037
11664
5022
5026
5028
7696
5013
5014
5022
5033
5013
5014
5025
5036
5038
8284
5019
5020
5021
5026
5033
5020
5021
7706
8286
5019
5020
5029
7707
16431
5019
5021
5035
8287
16432
5031
5037
16433
5032
7709
5038
8289
5024
5025
5024
5025
5067
5068
5030
5031
5032
5030
5031
11675
5030
5032
7714
5031
5032
7715
11676
11677
7717
5036
5037
5038
5036
5037
16438
5037
5038
16439
16440
8292
5043
5044
5045
5053
5057
5043
5044
5054
5064
5043
5045
5058
16443
5044
5045
5055
5061
5056
5062
16444
5048
5049
5053
5057
5048
5049
5059
8162
5055
5061
5063
8164
5052
5057
5052
5060
8171
55808
5063
8173
5055
5056
5055
5056
5067
5069
5061
5062
5063
5061
5062
11694
5061
5063
8178
5062
5063
8179
11695
11696
8181
5066
5067
5066
5068
5068
5069
5073
5074
5074
65011
5073
5074
65013
5079
65016
5077
5078
5077
5078
5083
5537
5085
5079
5540
5547
5081
5089
5637
5092
5640
5085
5086
5087
5085
5086
5642
5086
5090
5643
5092
5645
5091
5092
5091
5092
9446
5091
5092
9447
9449
5094
5102
5764
5105
5767
5098
5099
5100
5098
5099
5112
5769
5099
5103
5770
5113
5105
5772
5104
5105
5104
5105
9453
5104
5105
9454
9456
5109
5110
5110
65039
5109
5110
65041
5115
65044
5113
5114
5113
5114
5882
5115
5885
5892
5123
5137
5121
5122
5121
6139
5122
5128
6140
5130
5125
5127
9460
5126
5127
5128
9462
5130
5131
9464
5130
5131
6172
5131
6173
6174
5135
5136
5135
6217
5136
5142
6218
5144
5139
5141
9467
5140
5141
5142
9469
5144
5145
9471
5144
5145
6250
5145
6251
6252
5149
5150
5149
5150
5156
5159
5153
5155
5160
9283
5153
5154
5156
9284
5158
9287
5159
5158
5159
5158
6348
5167
6354
5165
5166
5165
6403
5166
5172
6404
5174
5169
5171
9474
5170
5171
5172
9475
5174
5175
9477
5174
5175
6443
5175
6444
6445
5179
5180
5180
65081
5179
5180
65083
5185
65086
5183
5184
5183
5184
5189
6571
5191
5185
6574
6581
5187
5195
6668
5198
6671
5191
5192
5193
5191
5192
6673
5192
5196
6674
5198
6676
5197
5198
5197
5198
9486
5197
5198
9487
9489
5202
5203
5203
64962
5202
5203
64964
5208
64967
5206
5207
5206
5207
5212
5208
5214
5210
5218
6795
5221
6798
5214
5215
5216
5214
5215
6800
5215
5219
6802
5221
6804
5220
5221
5220
5221
9493
5220
5221
9494
9496
5223
5231
6988
5234
6991
5227
5228
5229
5227
5228
5241
6993
5228
5232
6994
5242
5234
6996
5233
5234
5233
5234
9503
5233
5234
9504
9506
5238
5239
5239
65116
5238
5239
65118
5244
65121
5242
5243
5242
5243
7079
5244
7082
7089
5246
5254
5256
5250
5251
5252
5250
5251
5264
5250
5255
5256
5265
5256
5257
5257
5256
9369
5256
5257
9370
9373
5261
5262
5262
65130
5261
5262
65132
5267
65135
5265
5266
5265
5266
7221
5267
7225
7238
5271
5272
5271
5272
5279
5281
5275
5277
5282
9375
5275
5276
5279
9376
5280
9379
5281
5280
5280
5281
7503
5289
7509
5287
5288
5287
7558
5288
5295
7559
5296
5291
5293
9513
5292
5293
5295
9514
5296
5297
9516
5297
7598
5296
5297
7599
7600
5301
5302
5301
7643
5302
5309
7644
5310
5306
5307
5326
9520
5305
5307
5309
9521
5310
5311
9523
5311
7683
5310
5311
7684
7685
5315
5316
5315
7721
5316
5323
7722
5324
5320
5321
5327
9527
5319
5321
5323
9528
5324
5325
9530
5325
7761
5324
5325
7762
7763
7850
7856
5331
5332
5332
64990
5331
5332
64992
5337
64995
5335
5336
5335
5336
5341
5337
5343
5339
5347
7965
5350
7968
5343
5344
5345
5343
5344
7970
5344
5348
7972
5350
7974
5349
5350
5349
5350
9535
5349
5350
9536
9538
5352
5360
5362
5356
5357
5358
5356
5357
5370
5356
5361
5362
5371
5362
5363
5363
5362
9434
5362
5363
9435
9438
5367
5368
5368
65186
5367
5368
65188
5373
65191
5371
5372
5371
5372
8135
5373
8139
8152
5375
5385
5386
5423
5381
5382
5383
5381
5383
5426
5381
5382
5384
16448
5382
5383
5427
16449
5385
5386
5429
5385
55809
5439
5391
5392
5393
5401
5405
5391
5392
5402
5449
5392
5393
5391
5393
5406
16463
5403
5409
5404
5410
16464
5396
5397
5401
5405
5396
5397
5407
5499
5403
5409
5411
5500
5400
5405
5400
5408
5508
55814
5411
5510
5403
5404
5403
5404
5452
5453
5409
5410
5411
5409
5410
11730
5409
5411
5524
5410
5411
5525
11731
11732
5527
5416
5417
5418
5432
5436
5442
5416
5417
5433
5449
5417
5418
5437
5450
11737
5416
5418
5443
11738
5434
5446
5435
5440
5451
5441
5447
11739
5432
5442
5444
6115
5423
5424
5432
5436
5423
5424
5439
5435
5440
5429
5430
5431
5436
5442
5429
5431
6124
5429
5430
5438
16468
5430
5431
5445
6126
16469
5439
5441
5447
16470
5448
6128
5434
5435
5434
5435
5452
5454
5439
5440
5441
5440
5441
16475
5439
5441
16476
16477
5446
5447
5448
5446
5447
11757
5446
5448
6146
5447
5448
6147
11758
11759
6149
5451
5452
5451
5454
5453
5454
5457
5458
5466
9441
5457
5458
5468
5481
5606
5470
5482
9442
5472
5607
5463
5464
5465
5466
5463
5465
5609
5463
5464
11771
5464
5465
5469
5610
11772
5471
11773
5472
5612
5470
5471
5472
5470
5471
5485
11778
5470
5472
5487
5622
5471
5472
5623
11779
5489
11780
5624
5477
5478
5479
5484
5477
5479
5677
5477
5478
5478
5479
5486
5678
26492
5488
26493
5490
5680
5482
5483
5484
5482
5483
5487
5683
5489
9443
5490
5684
5488
5489
5490
5488
5489
16480
5488
5490
5695
16481
5489
5490
5696
16482
5697
5495
5496
5497
5512
5519
5522
5496
5497
5513
5557
16493
5495
5496
5520
5558
5495
5497
5523
16494
5526
5517
5521
5561
5518
5528
16495
5500
5519
5522
5500
5524
5527
5503
5504
5512
5519
5503
5504
5514
5571
5516
5517
5521
5573
5509
5510
5511
5512
5522
5509
5510
5509
5511
5515
26496
5510
5511
5525
26497
5516
5527
5518
5528
26498
5516
5517
5518
5517
5518
5578
16498
5516
5517
5580
5516
5518
16499
5583
16500
5521
5521
5584
5526
5527
5528
5526
5528
26501
5526
5527
5527
5528
26502
26503
5533
5534
5535
5543
5549
5533
5535
55823
5533
5534
5544
5558
5534
5535
5550
5559
55824
5546
5548
5553
5562
5554
55825
5540
5541
5542
5543
5549
54830
5540
5542
5642
54832
5540
5541
5541
5542
5551
5574
5644
5547
54835
5548
5553
5575
5555
5646
54836
5546
5547
5548
65010
5546
5548
5584
5546
5547
65013
65015
65016
5585
5553
5554
5555
65017
5553
5554
5587
55832
5553
5555
5589
5664
5554
5555
5665
55833
65020
5591
55834
65022
5666
65023
5560
5561
5562
5577
5586
5560
5561
5578
11785
5561
5562
5584
5560
5562
5587
11786
5582
5590
11787
5583
5585
5591
5567
5568
5569
5577
5586
5567
5569
5677
5567
5568
5579
11789
5568
5569
5588
5679
11790
5581
5582
5590
11791
5592
5681
5572
5573
5577
5572
5573
5580
5581
5583
5575
5576
5589
5686
5585
5591
5592
5687
5581
5582
5583
5582
5583
11804
5581
5582
11805
5581
5583
11806
5585
5590
5591
5592
5590
5591
11811
5590
5592
5702
11812
5591
5592
5703
11813
5704
5597
5598
5599
5615
5620
5627
5597
5598
5616
5670
5598
5599
5621
5671
55835
5597
5599
5628
55836
5618
5631
5619
5625
5674
5626
5632
55837
5603
5604
5615
5627
5603
5617
5603
5604
5629
5728
5618
5631
5633
5730
5607
5615
5620
5607
5622
5683
5624
5612
5613
5614
5620
5627
5612
5614
5736
5612
5613
5623
11846
5613
5614
5630
5738
11847
5624
5626
5632
11848
5633
5740
5618
5619
5618
5619
5690
5618
5691
5624
5625
5626
5625
5626
5694
11851
5624
5625
5696
5624
5626
11852
5699
11853
5631
5632
5633
5631
5632
55838
5631
5633
5756
5632
5633
5757
55839
55840
5759
5638
5639
5640
5655
9444
5639
5640
5638
5639
5657
10135
13645
5638
5640
9446
10136
5659
9448
10138
5660
13646
9449
5645
5646
5647
5662
9444
5645
5646
5645
5647
9447
5646
5647
5664
5686
9449
5666
5667
5688
9450
5652
5653
5654
5655
5662
5652
5653
13649
65018
5652
5654
5658
13650
55844
5653
5654
5665
55845
65020
5660
13651
5666
65023
5661
5668
55846
5659
5660
5661
65024
5659
5661
55847
65025
5659
5660
13656
5660
5661
13657
55848
65028
13658
55849
65030
5666
5667
5668
65024
5667
5668
5701
55850
65027
5666
5667
5703
5666
5668
55851
5706
65029
55852
65030
5673
5674
5675
5689
5693
5700
5674
5675
5690
65026
5673
5674
5694
16505
5673
5675
5701
16506
65027
5698
5705
16507
5691
5699
5692
5706
65029
5680
5681
5682
5693
5700
5680
5681
5680
5682
5695
26508
5681
5682
5702
26509
5697
5704
5698
5705
26510
5684
5696
5697
5687
5688
5689
5700
5687
5688
5703
5704
5692
5706
5691
5692
5691
5692
9445
9450
5697
5698
5699
5698
5699
16508
5697
5698
16509
5697
5699
16510
5704
5705
5706
5705
5706
26515
5704
5705
26516
5704
5706
26517
5708
5709
5714
5847
5848
5717
5862
5712
5713
5909
5713
5716
5910
55853
5718
5912
5715
5717
5916
5718
5917
5718
5929
55856
5718
5930
5931
5723
5724
5725
5742
5749
5754
5724
5725
5743
5797
55858
5723
5724
5750
5798
5723
5725
5755
55859
5752
5758
5747
5753
5801
5748
5760
55860
5729
5730
5749
5754
5729
5751
5729
5730
5756
5752
5758
5759
5733
5734
5742
5749
5733
5734
5744
5811
5746
5747
5753
5813
5739
5740
5741
5742
5754
5739
5740
5739
5741
5745
11865
5740
5741
5757
11866
5746
5759
5748
5760
11867
5746
5747
5748
5747
5748
5819
11870
5746
5747
5821
5746
5748
11871
5824
11872
5752
5753
5752
5753
5826
5752
5827
5758
5759
5760
5758
5760
55861
5758
5759
5759
5760
55862
55863
5765
5766
5767
5782
9451
5765
5767
5765
5766
5784
10178
13008
5766
5767
9453
10179
5786
13009
5787
9455
10181
9456
5772
5773
5774
5789
9451
5772
5774
5882
5772
5773
9454
5773
5774
5791
5815
5884
9456
5793
5816
9457
5795
5886
5779
5780
5781
5782
5789
5779
5781
13012
65046
5779
5780
5785
13013
55867
5780
5781
5792
55868
65048
5786
13014
5788
5794
55869
5795
65050
5786
5787
5788
65031
5787
5788
55870
65032
5786
5787
13019
5786
5788
13020
55871
13021
65035
55872
65037
5793
5794
5795
65031
5793
5794
5830
55873
65034
5793
5795
5832
5896
5794
5795
5897
55874
5834
65036
55875
65037
5898
5800
5801
5802
5818
5825
5829
5800
5801
5819
16513
5801
5802
5826
65033
5800
5802
5830
16514
65034
5823
5833
16515
5824
5827
5828
5834
65036
5807
5808
5809
5818
5829
5807
5809
5909
5807
5808
5820
26518
5808
5809
5831
5911
26519
5822
5823
5833
26520
5835
5913
5812
5813
5818
5825
5812
5813
5821
5822
5824
5827
5816
5817
5825
5829
5816
5817
5832
5920
5828
5834
5835
5921
5822
5823
5824
5823
5824
16516
5822
5823
16517
5822
5824
16518
5827
5828
5827
5828
9452
9457
5833
5834
5835
5833
5834
26525
5833
5835
5936
26526
5834
5835
5937
26527
5938
5840
5841
5842
5857
5860
5867
5840
5841
5858
5902
5841
5842
5861
5903
16527
5840
5842
5868
16528
5871
5859
5865
5906
5866
5872
16529
5845
5857
5867
5845
5869
5949
5873
5951
5848
5849
5857
5860
5848
5849
5862
5916
5864
5859
5865
5918
5854
5855
5856
5860
5867
5854
5856
5854
5855
5863
26528
5855
5856
5870
5953
26529
5864
5866
5872
26530
5873
5954
5859
5859
5924
5925
5864
5865
5866
5865
5866
5928
16532
5864
5865
5930
5864
5866
16533
5933
16534
5871
5872
5873
5871
5872
26533
5871
5873
5961
5872
5873
5962
26534
26535
5964
5878
5879
5880
5888
5894
5878
5880
55882
5878
5879
5889
5902
5879
5880
5895
5904
55883
5891
5893
5899
5907
5900
55884
5885
5886
5887
5888
5894
54842
5885
5886
54844
5885
5887
5886
5887
5896
5920
5892
54847
5898
54848
5893
5899
5922
5891
5892
5893
65038
5891
5893
5924
5891
5892
65041
65042
65044
5926
5898
5899
5900
65045
5899
5900
5935
55891
5898
5899
5937
5898
5900
55892
65048
65050
5940
55893
65051
5905
5906
5907
5923
5927
5934
5906
5907
5924
5905
5906
5928
11875
5905
5907
5935
11876
5932
5939
11877
5925
5933
5926
5940
5912
5913
5914
5927
5934
5912
5913
5912
5914
5929
11879
5913
5914
5936
11880
5931
5938
5932
5939
11881
5917
5918
5923
5927
5917
5918
5930
5931
5925
5933
5921
5922
5923
5934
5921
5922
5937
5938
5926
5940
5925
5926
5925
5926
5931
5932
5933
5932
5933
11894
5931
5932
11895
5931
5933
11896
5938
5939
5940
5939
5940
11901
5938
5939
11902
5938
5940
11903
5945
5946
5947
5955
5959
5946
5947
5945
5946
5956
6003
5945
5947
5960
16549
5957
5963
5958
5965
16550
5950
5951
5955
5959
5950
5951
5961
5957
5963
5964
5954
5959
5954
5962
55898
5964
5957
5958
5957
5958
6006
6007
5963
5964
5965
5963
5965
11950
5963
5964
5964
5965
11951
11952
5970
5971
5972
5986
5993
5997
5970
5972
5987
11960
5970
5971
5994
6003
5971
5972
5998
6004
11961
5990
5995
5996
6000
6005
5992
6001
11962
5986
5993
5988
5977
5978
5993
5997
5977
5978
5996
6000
6002
6011
5983
5984
5985
5986
5997
5983
5985
6013
5983
5984
5989
16554
5984
5985
5999
6014
16555
5991
5992
6001
16556
6002
6016
5990
5991
5992
5990
5992
11973
5990
5991
5991
5992
11974
11975
5995
5996
5995
5996
6006
6008
6000
6001
6002
6000
6001
16561
6001
6002
16562
16563
6019
6005
6006
6005
6008
6007
6008
6010
6270
6021
6272
6019
6016
6017
6018
6016
6018
6277
6016
6017
16566
6017
6018
6020
6279
16567
6019
6021
6281
6021
6297
55901
6299
6024
6024
6034
6036
6050
6030
6031
6032
6030
6032
6053
6030
6031
6033
26540
6031
6032
6035
6054
26541
6034
26542
6036
6056
6034
55902
6036
6065
6066
6041
6042
6043
6059
6063
6069
6041
6042
6060
6102
6042
6043
6064
16581
6041
6043
6070
16582
6061
6073
6062
6067
6103
6068
6074
16583
6046
6047
6059
6069
6046
6047
6071
6193
6061
6073
6075
6195
6050
6051
6059
6063
6050
6051
6066
6062
6067
6056
6057
6058
6063
6069
6056
6058
6202
6056
6057
6065
26546
6057
6058
6072
6204
26547
6066
6068
6074
26548
6075
6206
6061
6062
6061
6062
6104
6105
6066
6067
6068
6067
6068
26553
6066
6068
26554
26555
6073
6074
6075
6073
6074
16588
6073
6075
6224
6074
6075
6225
16589
16590
6227
6080
6081
6082
6091
6095
6080
6081
6092
6102
6081
6082
6080
6082
6096
16593
6093
6099
6094
6100
16594
6085
6086
6091
6095
6085
6086
6097
6531
6093
6099
6101
6533
6089
6090
6095
6089
6090
6098
6541
55909
6100
6101
6543
6093
6094
9458
6093
6094
6104
6099
6100
6101
6099
6100
12024
6099
6101
6558
6100
6101
6559
12025
12026
6561
6103
6104
6105
6105
6110
6111
6112
6130
6137
6144
6111
6112
6131
6152
55926
6110
6111
6138
6153
65791
6110
6112
6145
55927
65792
6141
6148
65793
6135
6143
6156
6136
6150
55928
6116
6117
6137
6144
6116
6139
6116
6117
6146
6141
6148
6149
6121
6122
6130
6137
6121
6122
6132
9461
6122
6140
9462
6134
6135
6143
9465
6127
6128
6129
6130
6144
6127
6128
6127
6129
6133
16598
6128
6129
6147
16599
6134
6149
6136
6150
16600
6134
6135
6136
6135
6136
55929
65053
6134
6135
65055
6134
6136
55930
65058
55931
6141
6142
6143
6141
6143
6171
64871
6141
6142
64872
6142
6143
6172
64875
6175
6148
6149
6150
6148
6150
55932
6148
6149
6149
6150
55933
55934
6155
6156
6157
6170
6177
65052
6155
6156
65053
6156
6157
6171
65214
6155
6157
6178
65215
6182
65057
6175
65058
6176
6183
65217
6162
6163
6164
6177
65052
6162
6163
13449
64948
6163
6164
64949
65054
6162
6164
6179
13450
6181
13452
64952
65056
6182
65057
6167
6168
6169
6170
6177
6167
6169
6180
12035
56529
6181
56530
6174
6176
6183
12036
6174
6175
6176
9459
6175
6176
12053
6174
6175
9462
6174
6176
12055
9464
9465
12057
6181
6182
6183
6182
6183
12059
55911
6181
6182
13456
55912
6181
6183
12060
13457
13458
55913
12061
6188
6189
6190
6208
6215
6222
6189
6190
6209
6230
55953
6188
6189
6216
6231
65798
6188
6190
6223
55954
65799
6219
6226
65800
6213
6221
6234
6214
6228
55955
6194
6195
6215
6222
6194
6217
6194
6195
6224
6219
6226
6227
6199
6200
6208
6215
6199
6200
6210
9468
6200
6218
9469
6212
6213
6221
9472
6205
6206
6207
6208
6222
6205
6206
6205
6207
6211
16602
6206
6207
6225
16603
6212
6227
6214
6228
16604
6212
6213
6214
6213
6214
55956
65060
6212
6213
65062
6212
6214
55957
65065
55958
6219
6220
6221
6219
6221
6249
64885
6219
6220
64886
6220
6221
6250
64889
6253
6226
6227
6228
6226
6228
16606
6226
6227
6227
6228
16607
16608
6233
6234
6235
6248
6255
65059
6233
6234
65060
6234
6235
6249
65221
6233
6235
6256
65222
6260
65064
6253
65065
6254
6261
65224
6240
6241
6242
6255
65059
6240
6241
13449
64948
6241
6242
64950
65061
6240
6242
6257
13451
6259
13453
64953
65063
6260
65064
6245
6246
6247
6248
6255
6245
6247
6258
12079
56533
6259
56534
6252
6254
6261
12080
6252
6253
6254
9466
6253
6254
12097
6252
6253
9469
6252
6254
12099
9471
9472
12101
6259
6260
6261
6260
6261
12103
55938
6259
6260
13463
55939
6259
6261
12104
13464
13465
55940
12105
6266
6267
6268
6283
6290
6294
6267
6268
6284
6341
16619
6266
6267
6291
6342
6266
6268
6295
16620
6292
6298
6288
6293
6345
6289
6300
16621
6271
6272
6290
6294
6271
6272
6296
6292
6298
6299
6274
6275
6285
6349
6287
6288
6293
6352
6280
6281
6282
6283
6294
6280
6281
6280
6282
6286
55976
6281
6282
6297
55977
6287
6299
6289
6300
55978
6287
6288
6289
6288
6289
6360
16625
6287
6288
6362
6287
6289
16626
6365
16627
6292
6293
6292
6293
6367
6368
6298
6299
6300
6298
6300
16628
6298
6299
6299
6300
16629
16630
6305
6306
6307
6322
6329
6333
6305
6307
6323
26558
6305
6306
6330
6342
6306
6307
6334
6343
26559
6326
6331
6332
6337
6346
6328
6338
26560
6310
6311
6322
6329
6310
6311
6324
6326
6331
6327
6313
6314
6335
6355
6391
6332
6337
6357
6339
6392
6319
6320
6321
6322
6333
6319
6321
6395
6319
6320
6325
26564
6320
6321
6336
6396
26565
6327
6328
6338
26566
6339
6398
6326
6327
6328
6326
6328
26571
6326
6327
6327
6328
26572
26573
6331
6332
6331
6332
6367
6369
6337
6338
6339
6337
6338
6371
16635
6337
6339
6373
6410
6338
6339
6411
16636
6375
16637
6412
6344
6345
6346
6359
6366
6370
6344
6345
6360
16609
6345
6346
6367
6344
6346
6371
16610
6364
6374
16611
6365
6368
6369
6375
6350
6351
6352
6359
6366
64814
6350
6351
9283
64816
6350
6352
6362
9285
6363
9288
64818
64819
6365
6368
6356
6357
6358
6366
6370
64814
6356
6358
9474
64817
6357
6358
6373
9476
64819
6369
6375
6376
9478
64820
6363
6364
6365
65066
6364
6365
55965
6363
6364
55966
64956
65068
6363
6365
64957
64960
65070
55967
65071
6368
6369
6368
6369
6374
6375
6376
65066
6374
6375
55968
6374
6376
55969
65069
65075
6375
6376
65076
55970
65071
65072
65077
6381
6382
6383
6401
6408
6415
6381
6382
6402
6423
65805
6382
6383
6409
6424
55998
6381
6383
6416
55999
65806
6405
6419
65807
6407
6413
6427
6414
6420
56000
6387
6388
6401
6415
6387
6403
6387
6388
6417
6463
6405
6419
6421
6464
6392
6393
6401
6408
6393
6404
9475
6392
6393
6410
9476
6412
6407
6413
9479
6398
6399
6400
6408
6415
6398
6400
6470
6398
6399
6411
16639
6399
6400
6418
6472
16640
6412
6414
6420
16641
6421
6474
6405
6406
6407
6405
6407
6442
64899
6405
6406
64900
6406
6407
6443
64903
6446
6412
6413
6414
6413
6414
56001
65074
6412
6413
65076
6412
6414
56002
65079
56003
6419
6420
6421
6419
6420
16643
6419
6421
6488
6420
6421
6489
16644
16645
6491
6426
6427
6428
6441
6448
65073
6427
6428
6442
65228
6426
6427
65074
6426
6428
6449
65229
6453
65078
6446
65079
6447
6454
65231
6433
6434
6435
6448
65073
6433
6434
13533
65067
6434
6435
65069
65075
6433
6435
6450
13535
6452
13537
65072
65077
6453
65078
6438
6439
6440
6441
6448
6438
6440
6451
12159
56569
6452
56570
6445
6447
6454
12160
6445
6446
6447
9473
6446
6447
12177
6445
6446
9475
6445
6447
12179
9477
9479
12181
6452
6453
6454
6453
6454
12183
55983
6452
6453
13547
55984
6452
6454
12184
13548
13549
55985
12185
6459
6460
6461
6476
6482
6486
6460
6461
6477
16656
6459
6460
6483
6519
6459
6461
6487
16657
6484
6490
6480
6485
6520
6481
6492
16658
6464
6482
6486
6464
6488
6491
6467
6468
6476
6482
6467
6468
6479
6480
6485
6473
6474
6475
6476
6486
6473
6474
6473
6475
6478
26578
6474
6475
6489
26579
6479
6491
6481
6492
26580
6479
6480
6481
6480
6481
26585
6479
6481
26586
26587
6484
6485
6484
6485
6521
6522
6490
6491
6492
6490
6492
16663
6490
6491
6491
6492
16664
16665
6497
6498
6499
6508
6515
6497
6499
6509
16668
6497
6498
6516
6519
6498
6499
6512
6517
6518
6514
16669
6502
6503
6508
6515
6502
6503
6510
6512
6517
6513
6506
6507
6508
6506
6507
6511
56013
6513
6514
6512
6513
6514
6512
6514
12235
6512
6513
6513
6514
12236
12237
6517
6518
9480
6517
6518
6521
6520
6521
6522
6522
6527
6528
6529
6545
6552
6556
6528
6529
6546
6591
16679
6527
6528
6553
6592
6527
6529
6557
16680
6554
6560
6550
6555
6595
6551
6562
16681
6532
6533
6552
6556
6532
6533
6558
6554
6560
6561
6536
6537
6545
6552
6536
6537
6547
6605
6549
6550
6555
6607
6542
6543
6544
6545
6556
6542
6543
6542
6544
6548
6543
6544
6559
26590
6549
6561
6551
6562
26591
6549
6550
6551
6550
6551
6612
16684
6549
6550
6614
6549
6551
16685
6617
16686
6554
6555
6554
6555
6618
6560
6561
6562
6560
6562
26594
6560
6561
6561
6562
26595
26596
6567
6568
6569
6577
6583
6567
6569
56024
6567
6568
6578
6592
6568
6569
6584
6593
56025
6580
6582
6587
6596
6588
56026
6574
6575
6576
6577
6583
54864
6574
6576
6673
54866
6574
6575
6575
6576
6585
6608
6675
6581
54869
6582
6587
6609
6589
6677
54870
6580
6581
6582
65080
6580
6582
6618
6580
6581
65083
65085
65086
6619
6587
6588
6589
65087
6587
6588
6621
56033
6587
6589
6623
6695
6588
6589
6696
56034
65090
6625
56035
65092
6697
65093
6594
6595
6596
6611
6620
6594
6595
6612
12245
6595
6596
6618
6594
6596
6621
12246
6616
6624
12247
6617
6619
6625
6601
6602
6603
6611
6620
6601
6603
6749
6601
6602
6613
65838
6602
6603
6622
6750
65839
6615
6616
6624
65840
6626
6752
6606
6607
6611
6606
6607
6614
6615
6617
6609
6610
6623
6756
6619
6625
6626
6757
6615
6616
6617
6616
6617
12257
6615
6616
12258
6615
6617
12259
6619
6624
6625
6626
6624
6625
56015
6624
6626
6767
56016
6625
6626
6768
56017
6769
6629
6630
6640
9483
6629
6630
6642
6655
6713
6644
6656
6646
6714
6635
6636
6637
6638
6640
6635
6637
6716
6635
6636
12294
6636
6637
6643
6717
12295
6639
6645
12296
6646
6719
6639
9481
9482
6644
6645
6646
6644
6645
6659
16698
6644
6646
6661
6729
6645
6646
6730
16699
6663
16700
6731
6651
6652
6653
6658
6651
6653
6749
6651
6652
6652
6653
6660
6751
26601
6662
26602
6664
6753
6656
6657
6658
6656
6657
6661
6759
6663
6664
6760
6662
6663
6664
6662
6663
16691
6662
6664
6774
16692
6663
6664
6775
16693
6776
6669
6670
6671
6686
9484
6670
6671
6669
6670
6688
10373
13858
6669
6671
9486
10374
6690
9488
10376
6691
13859
9489
6676
6677
6678
6693
9484
6676
6677
6676
6678
9487
6677
6678
6695
6756
9489
6697
6698
6758
9490
6683
6684
6685
6686
6693
6683
6684
13862
65088
6683
6685
6689
13863
56042
6684
6685
6696
56043
65090
6691
13864
6697
65093
6692
6699
56044
6690
6691
6692
65094
6690
6692
56045
65095
6690
6691
13869
6691
6692
13870
56046
65098
13871
56047
65100
6697
6698
6699
65094
6698
6699
6766
56048
65097
6697
6698
6768
6697
6699
56049
6771
65099
56050
65100
6704
6705
6706
6722
6727
6734
6704
6705
6723
6742
6705
6706
6728
6744
16713
6704
6706
6735
16714
6725
6738
6726
6732
6747
6733
6739
16715
6710
6711
6722
6734
6710
6724
6710
6711
6736
6953
6725
6738
6740
6955
6714
6722
6727
6714
6729
6759
6731
6719
6720
6721
6727
6734
6719
6721
6960
6719
6720
6730
12311
6720
6721
6737
6962
12312
6731
6733
6739
12313
6740
6964
6725
6726
6725
6726
6762
6725
6764
6731
6732
6733
6732
6733
6773
16716
6731
6732
6775
6731
6733
16717
6778
16718
6738
6739
6740
6738
6739
56051
6738
6740
6980
6739
6740
6981
56052
56053
6983
6745
6746
6747
6761
6765
6772
6746
6747
6762
65096
6745
6746
6766
16705
65097
6745
6747
6773
16706
6770
6777
16707
6763
6771
65099
6764
6778
6752
6753
6754
6765
6772
6752
6753
6752
6754
6767
26605
6753
6754
6774
26606
6769
6776
6770
6777
26607
6757
6758
6761
6765
6757
6758
6768
6769
6763
6771
6760
6775
6776
6763
6764
6763
6764
9485
9490
6769
6770
6771
6770
6771
26612
6769
6770
26613
6769
6771
26614
6776
6777
6778
6777
6778
16708
6776
6777
16709
6776
6778
16710
6780
6787
6790
6785
6786
6785
6786
6927
6785
6789
56054
6786
6928
6791
6930
6788
6790
6791
6791
56057
6791
6796
6797
6798
6813
9491
6797
6798
6796
6797
6815
10412
14071
6796
6798
9493
10413
6817
9495
10415
6818
14072
9496
6803
6804
6805
6820
9491
6803
6804
6803
6805
6822
6883
6804
6805
9494
6824
9496
6825
6885
9497
6810
6811
6812
6813
6820
6810
6811
14075
64969
6810
6812
6816
14076
56065
6811
6812
6823
56066
64971
6818
14077
6824
64974
6819
6826
56067
6817
6818
6819
65101
6817
6819
56068
65102
6817
6818
14082
6818
6819
14083
56069
65105
14084
56070
65107
6824
6825
6826
65101
6825
6826
6889
56071
65103
6824
6825
6891
6824
6826
56072
6894
65106
56073
65107
6831
6832
6833
6849
6856
6861
6831
6833
6850
16729
6831
6832
6857
6870
6832
6833
6862
6871
16730
6853
6859
6860
6865
6874
6855
6866
16731
6837
6838
6849
6856
6837
6838
6851
6837
6858
6853
6859
6854
6841
6856
6861
6841
6863
6886
6907
6867
6908
6846
6847
6848
6849
6861
6846
6848
6911
6846
6847
6852
12326
6847
6848
6864
6912
12327
6854
6855
6866
12328
6867
6914
6853
6854
6855
6853
6855
56074
6853
6854
6854
6855
56075
56076
6859
6860
6859
6860
6896
6859
6898
6865
6866
6867
6865
6866
6900
16732
6865
6867
6902
6919
6866
6867
6920
16733
6904
16734
6921
6872
6873
6874
6888
6895
6899
6872
6873
6889
16721
65103
6873
6874
6896
65104
6872
6874
6900
16722
6893
6903
16723
6894
6897
65106
6898
6904
6879
6880
6881
6888
6899
6879
6881
6927
6879
6880
6890
26615
6880
6881
6901
6929
26616
6892
6893
6903
26617
6905
6931
6884
6885
6888
6895
6884
6885
6891
6892
6894
6897
6887
6902
6934
6905
6935
6892
6893
6894
6893
6894
26622
6892
6893
26623
6892
6894
26624
6897
6898
6897
6898
9492
9497
6903
6904
6905
6903
6904
16724
6903
6905
6939
16725
6904
6905
6940
16726
6941
6908
6909
6917
9500
6908
6909
6919
6934
6921
6922
6936
6914
6915
6916
6917
6924
6914
6916
7180
6914
6915
6920
12339
6915
6916
7182
12340
6921
6923
12341
6925
7184
6921
6922
6923
6922
6923
6938
16744
6921
6922
6940
6921
6923
16745
6943
16746
6925
9498
7194
9499
6930
6931
6932
6937
6930
6931
6930
6932
6931
6932
6939
26625
6941
6942
26626
6935
6936
6937
6935
6936
6940
6941
6943
6941
6942
6943
6942
6943
16737
6941
6942
16738
6941
6943
16739
6948
6949
6950
6966
6973
6978
6949
6950
6967
7021
16759
6948
6949
6974
7022
6948
6950
6979
16760
6976
6982
6971
6977
7025
6972
6984
16761
6954
6955
6973
6978
6954
6975
6954
6955
6980
6976
6982
6983
6958
6966
6973
6958
6968
7034
6970
6963
6964
6965
6966
6978
6963
6964
6963
6965
6969
12356
6964
6965
6981
12357
6970
6983
6972
6984
12358
6970
6971
6972
6971
6972
7041
16762
6970
6971
7043
6970
6972
16763
7046
16764
6976
6977
6976
6977
7048
6976
7049
6982
6983
6984
6982
6984
56080
6982
6983
6983
6984
56081
56082
6989
6990
6991
7006
9501
6989
6991
6989
6990
7008
10451
13221
6990
6991
9503
10452
7010
13222
7011
9505
10454
9506
6996
6997
6998
7013
9501
6996
6998
7079
6996
6997
9504
6997
6998
7015
7037
7081
9506
7017
7038
9507
7019
7083
7003
7004
7005
7006
7013
7003
7005
13225
65123
7003
7004
7009
13226
56086
7004
7005
7016
56087
65125
7010
13227
7012
7018
56088
7019
65127
7010
7011
7012
65108
7011
7012
56089
65109
7010
7011
13232
7010
7012
13233
56090
13234
65112
56091
65114
7017
7018
7019
65108
7017
7018
7052
56092
65111
7017
7019
7054
7093
7018
7019
7094
56093
7056
65113
56094
65114
7095
7024
7025
7026
7040
7047
7051
7024
7025
7041
16751
7025
7026
7048
65110
7024
7026
7052
16752
65111
7045
7055
16753
7046
7049
7050
7056
65113
7031
7032
7033
7040
7051
7031
7033
7146
7031
7032
7042
26629
7032
7033
7053
7147
26630
7044
7045
7055
26631
7057
7149
7035
7043
7044
7038
7039
7047
7051
7038
7039
7054
7152
7050
7056
7057
7153
7044
7045
7046
7045
7046
16754
7044
7045
16755
7044
7046
16756
7049
7050
7049
7050
9502
9507
7055
7056
7057
7055
7056
26636
7055
7057
7163
26637
7056
7057
7164
26638
7165
7059
7066
7110
7069
7126
7064
7065
7064
7065
7146
7064
7065
7068
7148
56095
7070
7150
7067
7069
7156
7070
7157
7070
7170
56098
7070
7171
7172
7075
7076
7077
7085
7091
7075
7077
56109
7075
7076
7086
7139
7076
7077
7092
7140
56110
7088
7090
7096
7143
7097
56111
7082
7083
7084
7085
7091
54875
7082
7083
54877
7082
7084
7083
7084
7093
7152
7089
54880
7095
54881
7090
7096
7154
7088
7089
7090
65115
7088
7090
7159
7088
7089
65118
65119
65121
7160
7095
7096
7097
65122
7096
7097
7162
56118
7095
7096
7164
7095
7097
56119
65125
65127
7167
56120
65128
7102
7103
7104
7120
7124
7131
7102
7103
7121
7139
7103
7104
7125
7141
16773
7102
7104
7132
16774
7122
7135
7123
7129
7144
7130
7136
16775
7107
7108
7120
7131
7107
7108
7133
7341
7122
7135
7137
7343
7111
7112
7120
7124
7111
7112
7126
7156
7128
7123
7129
7158
7117
7118
7119
7124
7131
7117
7119
7117
7118
7127
7118
7119
7134
7345
26639
7128
7130
7136
26640
7137
7346
7122
7123
7122
7123
7159
7128
7129
7130
7129
7130
7169
16778
7128
7129
7171
7128
7130
16779
7174
16780
7135
7136
7137
7135
7136
26643
7135
7137
7354
7136
7137
7355
26644
26645
7357
7142
7143
7144
7161
7168
7143
7144
7159
7142
7143
7162
12361
7142
7144
7169
12362
7166
7173
12363
7160
7167
7174
7149
7150
7151
7161
7168
7149
7150
7149
7151
7163
65845
7150
7151
7170
65846
7165
7172
7166
7173
65847
7153
7154
7164
7165
7160
7167
7157
7158
7168
7157
7158
7171
7172
7174
7160
7165
7166
7167
7166
7167
56100
7165
7166
56101
7165
7167
56102
7172
7173
7174
7173
7174
12373
7172
7173
12374
7172
7174
12375
7177
7178
7186
9510
7177
7178
7188
7203
7190
7191
7205
7183
7184
7185
7186
7193
7183
7184
7183
7185
7189
12410
7184
7185
12411
7190
7194
7192
12412
7190
7191
7192
7191
7192
7207
16792
7190
7191
7209
7190
7192
16793
7212
16794
7194
9508
9509
7199
7200
7201
7206
7199
7201
7323
7199
7200
7208
26650
7200
7201
7324
7210
7211
26651
7326
7204
7205
7206
7204
7205
7209
7210
7212
7210
7211
7212
7211
7212
16785
7210
7211
16786
7210
7212
16787
7217
7218
7219
7227
7234
7217
7219
56130
7218
7219
7228
7281
56131
7217
7218
7235
7282
7237
7232
7239
7285
7233
56132
7224
7225
7226
7227
7234
54886
7224
7225
54888
7224
7226
7229
7295
7225
7226
7231
54891
7238
54892
7232
7239
7297
7231
7232
7233
65136
7232
7233
7303
56139
7231
7232
7305
7231
7233
56140
65139
65141
7308
56141
65142
7237
7238
7239
65129
7237
7239
7310
7237
7238
65132
65133
65135
7311
7244
7245
7246
7262
7269
7273
7244
7246
7263
16805
7244
7245
7270
7282
7245
7246
7274
7283
16806
7266
7271
7272
7277
7286
7268
7278
16807
7249
7250
7262
7269
7249
7250
7264
7266
7271
7267
7253
7254
7269
7273
7253
7254
7275
7299
7320
7272
7277
7300
7279
7259
7260
7261
7262
7273
7259
7261
7259
7260
7265
26654
7260
7261
7276
7267
7268
7278
26655
7279
7266
7267
7268
7266
7268
26658
7266
7267
7267
7268
26659
26660
7271
7272
7271
7272
7310
7312
7277
7278
7279
7277
7278
7314
16810
7277
7279
7316
7321
7278
7279
16811
7318
16812
7284
7285
7286
7302
7309
7313
7284
7285
7303
12417
7285
7286
7310
7284
7286
7314
12418
7307
7317
12419
7308
7311
7312
7318
7291
7292
7293
7302
7313
7291
7293
7323
7291
7292
7304
65852
7292
7293
7315
7325
65853
7306
7307
7317
65854
7319
7327
7296
7297
7302
7309
7296
7297
7305
7306
7308
7311
7300
7301
7309
7313
7300
7301
7316
7328
7312
7318
7319
7329
7306
7307
7308
7307
7308
56121
7306
7307
56122
7306
7308
56123
7311
7312
7311
7312
7317
7318
7319
7317
7318
12429
7317
7319
7330
12430
7318
7319
7331
12431
7332
7321
7328
7331
7326
7327
7326
7327
7326
7327
7330
56142
7332
7329
7331
7332
7332
56145
7332
7337
7338
7339
7348
7352
7338
7339
7337
7338
7349
7396
7337
7339
7353
16827
7350
7356
7351
7358
16828
7342
7343
7348
7352
7342
7343
7354
7350
7356
7357
7346
7347
7352
7346
7347
7355
56150
7357
7358
7350
7351
9511
7350
7351
7398
7356
7357
7358
7356
7358
12482
7356
7357
7357
7358
12483
12484
7363
7364
7365
7379
7386
7390
7363
7365
7380
16832
7363
7364
7387
7396
7364
7365
7391
16833
7383
7388
7389
7393
7397
7385
7394
16834
7379
7386
7381
7370
7371
7386
7390
7370
7371
7389
7393
7395
7403
7376
7377
7378
7379
7390
7376
7378
7405
7376
7377
7382
26665
7377
7378
7392
7406
26666
7384
7385
7394
26667
7395
7408
7383
7384
7385
7383
7385
16839
7383
7384
7384
7385
16840
16841
7388
7389
7388
7389
7398
7399
7393
7394
7395
7393
7394
26672
7394
7395
7411
26673
26674
7412
7397
7398
7399
7399
7402
7402
7423
7414
7425
7412
7408
7409
7410
7408
7410
7431
7408
7409
7411
26677
7409
7410
7413
7433
26678
7412
26679
7414
7435
7412
7414
7451
56155
7453
7419
7420
7421
7437
7444
7448
7420
7421
7438
7496
26683
7419
7420
7445
7497
7419
7421
7449
26684
7446
7452
7442
7447
7500
7443
7454
26685
7424
7425
7444
7448
7424
7425
7450
7446
7452
7453
7428
7429
7437
7444
7428
7429
7439
7504
7441
7442
7447
7507
7434
7435
7436
7437
7448
7434
7435
7434
7436
7440
26689
7435
7436
7451
26690
7441
7453
7443
7454
26691
7441
7442
7443
7442
7443
7515
16854
7441
7442
7517
7441
7443
16855
7520
16856
7446
7447
7446
7447
7522
7523
7452
7453
7454
7452
7454
26696
7452
7453
7453
7454
26697
26698
7459
7460
7461
7477
7484
7488
7459
7461
7478
16858
7459
7460
7485
7497
7460
7461
7489
7498
16859
7481
7486
7487
7492
7501
7483
7493
16860
7464
7465
7477
7484
7464
7465
7479
7481
7486
7482
7468
7469
7484
7488
7468
7469
7490
7510
7546
7487
7492
7512
7494
7547
7474
7475
7476
7477
7488
7474
7476
7550
7474
7475
7480
56170
7475
7476
7491
7551
56171
7482
7483
7493
56172
7494
7553
7481
7482
7483
7481
7483
16864
7481
7482
7482
7483
16865
16866
7486
7487
7486
7487
7522
7524
7492
7493
7494
7492
7493
7526
16871
7492
7494
7528
7565
7493
7494
7566
16872
7530
16873
7567
7499
7500
7501
7514
7521
7525
7499
7500
7515
16844
7500
7501
7522
7499
7501
7526
16845
7519
7529
16846
7520
7523
7524
7530
7505
7506
7507
7514
7521
64821
7505
7506
9375
64823
7505
7507
7517
9377
7518
9380
64825
64826
7520
7523
7511
7512
7513
7521
7525
64821
7511
7513
9513
64824
7512
7513
7528
9515
64826
7524
7530
7531
9517
64827
7518
7519
7520
65143
7519
7520
56159
7518
7519
56160
64984
65145
7518
7520
64985
64988
65147
56161
65148
7523
7524
7523
7524
7529
7530
7531
65143
7529
7530
56162
7529
7531
56163
65146
65152
7530
7531
65153
56164
65148
65149
65154
7536
7537
7538
7556
7563
7570
7536
7537
7557
7578
65812
7537
7538
7564
7580
56195
7536
7538
7571
56196
65813
7560
7574
65815
7562
7568
7583
7569
7575
56197
7542
7543
7556
7570
7542
7558
7542
7543
7572
7902
7560
7574
7576
7547
7548
7556
7563
7548
7559
9514
7547
7548
7565
9515
7567
7562
7568
9518
7553
7554
7555
7563
7570
7553
7555
7908
7553
7554
7566
16874
7554
7555
7573
7910
16875
7567
7569
7575
16876
7576
7912
7560
7561
7562
7560
7562
7597
64913
7560
7561
64915
7561
7562
7599
64918
7602
7567
7568
7569
7568
7569
56198
65151
7567
7568
65153
7567
7569
56199
65156
56200
7574
7575
7576
7574
7575
56201
7574
7576
7926
7575
7576
7927
56202
56203
7929
7581
7582
7583
7596
7603
65150
7582
7583
7597
65235
7581
7582
7604
65236
7581
7583
65151
7608
65155
7601
7609
65238
7602
65156
7588
7589
7590
7603
65150
7588
7589
13617
65144
7588
7590
7605
13619
7589
7590
65146
65152
7607
13621
65149
65154
7608
65155
7593
7594
7595
7596
7603
7593
7595
7606
12544
56605
7607
56606
7600
7601
7609
12545
7600
7601
7602
9512
7601
7602
12562
7600
7601
12564
7600
7602
9514
9516
12566
9518
7607
7608
7609
7608
7609
12568
56177
7607
7608
13631
56178
7607
7609
12569
13632
13633
56179
12570
7614
7615
7616
7634
7641
7648
7614
7616
7635
56222
65819
7614
7615
7642
7657
65820
7615
7616
7649
7658
56223
7638
7645
65822
7647
7652
7661
7640
7653
56224
7620
7621
7634
7641
7620
7621
7636
7620
7643
7638
7645
7639
7625
7626
7641
7648
7625
7644
9521
7625
7626
7650
7777
9522
7647
7652
9524
7654
7778
7631
7632
7633
7634
7648
7631
7633
7781
7631
7632
7637
16878
7632
7633
7651
7782
16879
7639
7640
7653
16880
7654
7784
7638
7639
7640
7638
7640
16882
7638
7639
7639
7640
16883
16884
7645
7646
7647
7645
7647
7682
64927
7645
7646
64929
7646
7647
7684
64932
7687
7652
7653
7654
7652
7653
56225
65158
7652
7654
7792
65160
7653
7654
7793
56226
65162
56227
7794
7659
7660
7661
7674
7681
65157
7659
7660
7675
65242
7660
7661
7682
65243
7659
7661
65158
7679
65161
7680
7686
65245
7687
65162
7666
7667
7668
7674
65157
7666
7668
13365
65172
7666
7667
7676
13366
7667
7668
65159
65173
7678
13368
7679
65161
65163
65175
7671
7672
7673
7674
7681
7671
7673
7677
12588
56493
7678
56494
7685
7680
7686
12589
7678
7679
7680
7679
7680
12606
56204
7678
7679
13372
56205
7678
7680
12607
13373
13374
56206
12608
7685
7686
7687
9519
7686
7687
12613
7685
7686
12615
7685
7687
9521
9523
12617
9524
7692
7693
7694
7712
7719
7726
7692
7694
7713
56246
65826
7692
7693
7720
7735
65827
7693
7694
7727
7736
56247
7716
7723
65829
7725
7730
7739
7718
7731
56248
7698
7699
7712
7719
7698
7699
7714
7698
7721
7716
7723
7717
7703
7704
7719
7726
7703
7722
9528
7703
7704
7728
7815
9529
7725
7730
9531
7732
7816
7709
7710
7711
7712
7726
7709
7711
7819
7709
7710
7715
16885
7710
7711
7729
7820
16886
7717
7718
7731
16887
7732
7822
7716
7717
7718
7716
7718
56249
7716
7717
7717
7718
56250
56251
7723
7724
7725
7723
7725
7760
64941
7723
7724
64943
7724
7725
7762
64946
7765
7730
7731
7732
7730
7731
56252
65165
7730
7732
7830
65167
7731
7732
7831
56253
65169
56254
7832
7737
7738
7739
7752
7759
65164
7737
7738
7753
65249
7738
7739
7760
65250
7737
7739
65165
7757
65168
7758
7764
65252
7765
65169
7744
7745
7746
7752
65164
7744
7746
13365
65172
7744
7745
7754
13367
7745
7746
65166
65174
7756
13369
7757
65168
65170
65176
7749
7750
7751
7752
7759
7749
7751
7755
12632
56497
7756
56498
7763
7758
7764
12633
7756
7757
7758
7757
7758
12650
56228
7756
7757
13379
56229
7756
7758
12651
13380
13381
56230
12652
7763
7764
7765
9526
7764
7765
12657
7763
7764
12659
7763
7765
9528
9530
12661
9531
7770
7771
7772
7787
7790
7797
7770
7771
7788
7843
7771
7772
7791
7844
26703
7770
7772
7798
26704
7789
7801
7795
7847
7796
7802
26705
7775
7776
7787
7797
7775
7776
7799
7880
7789
7801
7803
7881
7778
7779
7792
7851
7794
7795
7854
7784
7785
7786
7790
7797
7784
7786
7884
7784
7785
7793
26709
7785
7786
7800
7886
26710
7794
7796
7802
26711
7803
7888
7789
7789
7862
7794
7795
7796
7795
7796
7866
16899
7794
7795
7868
7794
7796
16900
7871
16901
7801
7802
7803
7801
7802
26716
7801
7803
7802
7803
7892
26717
26718
7893
7808
7809
7810
7825
7828
7835
7808
7809
7826
7843
7809
7810
7829
7845
16903
7808
7810
7836
16904
7827
7839
7833
7848
7834
7840
16905
7813
7814
7825
7835
7813
7814
7837
8282
7827
7839
7841
8283
7816
7817
7830
7857
7832
7833
7860
7822
7823
7824
7828
7835
7822
7824
8286
7822
7823
7831
56269
7823
7824
7838
8288
56270
7832
7834
7840
56271
7841
8290
7827
7827
7862
7832
7833
7834
7833
7834
7873
16909
7832
7833
7875
7832
7834
16910
7878
16911
7839
7840
7841
7839
7840
16912
7839
7841
7840
7841
8293
16913
16914
8294
7846
7847
7848
7861
7865
7872
7847
7848
7862
7846
7847
7866
16889
7846
7848
7873
16890
7870
7877
16891
7863
7871
7864
7878
7852
7853
7854
7861
7865
64828
7852
7853
9520
64830
7853
7854
7868
9522
64832
7869
9525
64833
7863
7871
7858
7859
7860
7861
7872
64828
7858
7859
9527
64831
7859
7860
7875
9529
64832
7876
9532
64834
7864
7878
7863
7864
7863
7864
7869
7870
7871
65171
7870
7871
56258
7869
7870
56259
65159
65173
7869
7871
65160
65163
65175
56260
65177
7876
7877
7878
65171
7877
7878
56261
7876
7877
56262
65166
65174
7876
7878
65167
65170
65176
56263
65177
7881
7881
7893
7891
7887
7888
7889
7887
7888
7887
7889
7890
26723
7888
7889
7892
26724
7891
7893
26725
7891
7893
56276
7898
7899
7900
7914
7920
7924
7899
7900
7915
7956
12724
7898
7899
7921
7957
7898
7900
7925
12725
7922
7928
7918
7923
7958
7919
7930
12726
7920
7924
7926
7905
7906
7914
7920
7905
7906
7917
7918
7923
7911
7912
7913
7914
7924
7911
7912
7911
7913
7916
16929
7912
7913
7927
16930
7917
7929
7919
7930
16931
7917
7918
7919
7918
7919
16936
7917
7919
16937
16938
7922
7923
7922
7923
7959
7960
7928
7929
7930
7928
7930
12737
7928
7929
7929
7930
12738
12739
7935
7936
7937
7945
7952
7935
7937
7946
16941
7935
7936
7953
7957
7936
7937
7949
7954
7955
7951
16942
7940
7941
7945
7952
7940
7941
7947
7949
7954
7950
7944
7945
7944
7948
56283
7950
7949
7950
7951
7949
7951
12756
7949
7950
7950
7951
12757
12758
7954
7955
7954
7955
7959
7961
7958
7958
7959
7960
7960
7961
7966
7967
7968
7983
9533
7967
7968
7966
7967
7985
10647
14622
7966
7968
9535
10648
7987
9537
10650
7988
14623
9538
7973
7974
7975
7990
9533
7973
7974
7973
7975
7992
8054
7974
7975
9536
7994
9538
7995
8056
9539
7980
7981
7982
7983
7990
7980
7981
14626
64997
7980
7982
7986
14627
56287
7981
7982
7993
56288
64999
7988
14628
7994
65002
7989
7996
56289
7987
7988
7989
65178
7987
7989
56290
65179
7987
7988
14633
7988
7989
14634
56291
65182
14635
56292
65184
7994
7995
7996
65178
7995
7996
8062
56293
65180
7994
7995
8064
7994
7996
56294
8067
65183
56295
65184
8001
8002
8003
8020
8027
8032
8001
8003
8021
56296
8001
8002
8028
8041
8002
8003
8033
8042
56297
8024
8030
8031
8036
8045
8026
8037
56298
8007
8008
8020
8027
8007
8008
8022
8007
8029
8024
8030
8025
8011
8012
8027
8032
8011
8012
8034
8058
8092
8031
8036
8059
8038
8093
8017
8018
8019
8020
8032
8017
8019
8096
8017
8018
8023
12775
8018
8019
8035
8097
12776
8025
8026
8037
12777
8038
8099
8024
8025
8026
8024
8026
56299
8024
8025
8025
8026
56300
56301
8030
8031
8030
8031
8069
8030
8071
8036
8037
8038
8036
8037
8073
12780
8036
8038
8075
8104
8037
8038
8105
12781
8077
12782
8106
8043
8044
8045
8061
8068
8072
8043
8044
8062
16946
65180
8044
8045
8069
65181
8043
8045
8073
16947
8066
8076
16948
8067
8070
65183
8071
8077
8050
8051
8052
8061
8072
8050
8052
8110
8050
8051
8063
26729
8051
8052
8074
8111
26730
8065
8066
8076
26731
8078
8113
8055
8056
8061
8068
8055
8056
8064
8065
8067
8070
8059
8060
8068
8072
8059
8060
8075
8117
8071
8077
8078
8118
8065
8066
8067
8066
8067
26736
8065
8066
26737
8065
8067
26738
8070
8071
8070
8071
9534
9539
8076
8077
8078
8076
8077
16949
8076
8078
8122
16950
8077
8078
8123
16951
8124
8080
8081
8086
8089
8084
8085
8110
8084
8088
56302
8090
8114
8087
8089
8090
8090
56305
8090
8093
8094
8102
9542
8093
8094
8104
8117
8106
8107
8119
9543
8099
8100
8101
8102
8099
8101
8239
8099
8100
8105
12794
8100
8101
8241
12795
8106
8108
12796
8243
8106
8107
8108
8107
8108
8121
12801
8106
8107
8123
8106
8108
12802
8126
12803
8113
8114
8115
8120
8113
8114
8113
8115
8122
26739
8114
8115
8124
8125
26740
8118
8119
8120
8118
8119
8123
8124
8126
9544
8124
8125
8126
8125
8126
16954
8124
8125
16955
8124
8126
16956
8131
8132
8133
8141
8148
8131
8133
56313
8132
8133
8142
8195
56314
8131
8132
8149
8196
8151
8146
8153
8199
8147
56315
8138
8139
8140
8141
8148
54914
8138
8139
54916
8138
8140
8143
8209
8139
8140
8145
54919
8152
54920
8146
8153
8211
8145
8146
8147
65192
8146
8147
8217
56322
8145
8146
8219
8145
8147
56323
65195
65197
8222
56324
65198
8151
8152
8153
65185
8151
8153
8224
8151
8152
65188
65189
65191
8225
8158
8159
8160
8176
8183
8187
8158
8160
8177
16967
8158
8159
8184
8196
8159
8160
8188
8197
16968
8180
8185
8186
8191
8200
8182
8192
16969
8163
8164
8176
8183
8163
8164
8178
8180
8185
8181
8167
8168
8183
8187
8167
8168
8189
8213
8270
8186
8191
8214
8193
8271
8173
8174
8175
8176
8187
8173
8175
8173
8174
8179
26743
8174
8175
8190
26744
8181
8182
8192
26745
8193
8180
8181
8182
8180
8182
26748
8180
8181
8181
8182
26749
26750
8185
8186
8185
8186
8224
8226
8191
8192
8193
8191
8192
8228
16972
8191
8193
8230
8272
8192
8193
16973
8232
16974
8198
8199
8200
8216
8223
8227
8198
8199
8217
12808
8199
8200
8224
8198
8200
8228
12809
8221
8231
12810
8222
8225
8226
8232
8205
8206
8207
8216
8227
8205
8207
8273
8205
8206
8218
12812
8206
8207
8229
8274
12813
8220
8221
8231
12814
8233
8275
8210
8211
8216
8223
8210
8211
8219
8220
8222
8225
8214
8215
8223
8227
8214
8215
8230
8277
8226
8232
8233
8278
8220
8221
8222
8221
8222
12827
8220
8221
12828
8220
8222
12829
8225
8226
8225
8226
8231
8232
8233
8231
8232
12830
8231
8233
8279
12831
8232
8233
8280
12832
8281
8236
8237
8245
9547
8236
8237
8247
8260
8249
8250
8262
9548
8242
8243
8244
8245
8242
8243
8242
8244
8248
12869
8243
8244
12870
8249
8251
12871
8249
8250
8251
8250
8251
8264
12876
8249
8250
8266
8249
8251
12877
8269
12878
8256
8257
8258
8263
8256
8258
8273
8256
8257
8265
26755
8257
8258
8267
8268
26756
8276
8261
8262
8263
8261
8262
8266
8267
8269
9549
8267
8268
8269
8268
8269
16979
8267
8268
16980
8267
8269
16981
8271
8272
8277
8280
8275
8276
8275
8279
56325
8281
8278
8280
8281
8281
56328
8281
8283
8294
8292
8289
8290
8291
8289
8290
8289
8291
16986
8290
8291
8293
16987
8292
8294
8294
56330
8298
8301
8553
9550
8299
8301
8448
8554
9557
8298
8299
8449
65567
8300
9552
65570
8300
8450
9559
65571
8301
9553
9560
65572
8555
9555
8304
8305
9581
9584
55089
8304
8305
8431
8604
9585
8432
9582
9588
8605
9589
55091
8310
8311
8312
64835
8310
8311
8310
8312
8616
8311
8312
8617
64836
64839
8618
64840
8316
8319
8455
8561
9612
8317
8319
8562
9617
8316
8317
8456
65574
8318
8457
9614
65577
8318
9619
65578
8319
9615
9620
65579
8563
9622
15034
15046
17015
17016
17019
9643
15047
17022
17023
17026
9645
9654
15048
17030
17031
17032
9656
15035
15049
17037
17038
17039
8326
8327
9663
9666
55133
8326
8327
8492
8645
9667
8493
9664
9670
8646
9671
55135
9696
9698
15082
17068
17069
17070
8660
15066
15083
17075
17076
17077
9700
15067
15084
17082
17083
17084
8662
9697
15085
17089
17090
17091
8333
8336
8480
8334
9708
8336
8337
9710
8336
8337
8483
8700
8484
8701
9711
8342
8343
8344
64849
8342
8344
8689
8342
8343
8343
8344
8690
64850
64853
8691
64854
15058
15094
17095
17096
17099
9713
15095
17102
17103
17106
9715
9724
15096
17110
17111
17112
9726
15059
15097
17117
17118
17119
9732
9738
15106
17124
17125
17126
8726
15070
15107
17131
17132
17133
9734
15071
15108
17138
17139
17140
8728
9739
15109
17145
17146
17147
8354
8357
8535
8355
9774
8357
8358
9776
8357
8358
8538
8745
8539
8746
9777
26825
26826
26829
9799
9805
26841
26842
9804
26846
26847
26850
26858
26859
26862
9809
9822
26870
26871
26872
9823
9826
26878
26879
9825
26882
26883
26886
9827
9829
26893
26894
26895
9844
9845
9848
57152
9792
9846
54239
54240
54241
26902
26903
26904
9860
9862
9865
26910
26911
26912
26932
26933
26934
9883
9885
26946
26947
26948
9902
9904
26962
26963
26964
9907
9908
9911
26969
26970
26971
9909
26976
26977
9924
9926
9929
57162
9934
9936
26986
26987
26988
9940
9943
26999
27000
27001
9853
9955
27007
27008
27009
9857
9947
9959
27014
27015
27016
9956
9960
27021
27022
27023
9876
9970
27043
27044
27045
9895
9980
9981
27050
27051
27052
9971
9982
27057
27058
27059
9903
9984
27069
27070
9930
27085
27086
27087
9942
10001
57184
9957
10013
10021
27096
27097
27098
10022
57189
57190
9963
10026
10033
57192
57193
9972
10014
10040
27104
27105
27106
10034
10045
57202
10036
10046
27110
27111
27112
9990
10049
10061
27116
27117
10062
10068
57203
10064
10069
10070
27120
27121
27122
10006
10055
10080
27127
27128
10007
10073
10081
27133
27134
10056
10082
27141
27142
10074
10083
27146
27147
10023
10085
27151
27152
27153
10090
15540
27157
27158
10030
10089
27165
27166
27167
10086
15541
27172
27173
27174
10042
10093
10095
27179
27180
27181
10099
15554
27185
27186
27187
10098
57207
57208
10103
15559
54543
54544
10052
10104
27196
27197
27198
10096
15560
27203
27204
27205
10107
10110
15564
27209
27210
27211
10113
15572
27215
27216
27217
10118
10119
15578
27221
27222
10125
17588
17589
8425
15118
17594
17595
17596
10127
15119
17601
17602
17603
8427
10126
15583
17612
17613
17614
10129
17619
17620
8420
8423
8428
8421
10137
8423
8424
10139
8423
8424
8431
8604
8433
8606
10140
10152
15122
17624
17625
17626
10153
10155
15123
17630
17631
10150
10154
17633
17634
17635
8429
8433
8430
10180
8432
8433
10182
8432
8433
10183
8438
10208
15133
17639
17640
17641
10209
10211
15134
17645
17646
8440
10206
10210
17648
17649
17650
10223
17654
17655
15144
17660
17661
17662
10225
15145
17667
17668
17669
10224
15663
17678
17679
17680
10227
17685
17686
10239
15148
17696
17697
17698
8477
10242
15149
17703
17704
17705
10237
10241
17715
17716
8479
10238
10243
17720
17721
17722
8450
8451
8452
64863
8451
8452
8450
8451
8450
8452
64864
64867
64868
8457
8458
8459
64877
8458
8459
8457
8458
8457
8459
64878
64881
64882
8464
8465
8466
64891
8464
8465
8464
8466
8652
8465
8466
8654
64892
64895
8656
64896
10363
15167
17733
17734
17735
8486
10366
15168
17740
17741
17742
10361
10365
17752
17753
8488
10362
10367
17757
17758
17759
8472
8475
8489
8473
10375
8475
8476
10377
8475
8476
8492
8645
8494
8647
10378
10385
15172
17764
17765
17766
10386
15173
15776
17770
17771
10383
10387
17773
17774
8481
8484
8482
10414
8484
8485
10416
8484
8485
8664
8665
10417
10424
14941
17778
17779
17780
10425
14942
15818
17784
17785
10422
10426
17787
17788
8490
8494
8491
10453
8493
8494
10455
8493
8494
10456
8501
10479
15192
17792
17793
17794
10480
15193
15890
17798
17799
8503
10477
10481
17801
17802
8526
10512
15205
17806
17807
17808
10513
15206
15932
17812
17813
8528
10510
10514
17815
17816
10528
15216
17826
17827
17828
10530
15217
17833
17834
17835
10526
10529
17845
17846
17847
10527
10532
17852
17853
8509
8510
8511
64905
8509
8511
8729
8509
8510
8510
8511
8731
64906
64909
8733
64910
8516
8517
8518
64919
8517
8518
8708
8516
8517
8516
8518
8709
64920
64923
8711
64924
8523
8524
8525
64933
8524
8525
8748
8523
8524
8523
8525
8750
64934
64937
8751
64938
10624
14945
17863
17864
17865
10626
14946
17870
17871
17872
10622
10625
17882
17883
17884
10623
10628
17889
17890
10637
17894
17895
10639
15237
17900
17901
17902
8541
15238
17906
17907
17908
10641
17918
17919
8543
10638
16035
17923
17924
17925
8536
8539
8537
10649
8539
8540
10651
8539
8540
8737
8738
10652
10660
14950
17930
17931
17932
10658
10661
14951
17936
17937
10657
10662
17939
17940
17941
8549
10710
15248
17945
17946
17947
10708
10711
15249
17951
17952
8551
10707
10712
17954
17955
17956
10729
17960
17961
10731
14954
17966
17967
17968
14955
17972
17973
17974
10733
17984
17985
10730
16115
17989
17990
17991
8555
10739
8555
8559
8615
10740
8559
8616
8621
8563
8563
10741
8567
8652
8567
8653
10742
8658
8571
8688
10743
8571
8689
8694
8575
8707
10744
8575
8708
8713
8579
8729
8579
8730
10745
8735
8583
8748
8583
8749
10746
8754
8587
8588
10751
10759
8588
8830
10752
15627
8587
8588
8803
8831
10760
8804
10761
8832
10755
10762
8593
8594
8595
10776
10778
55465
8593
8595
15683
8594
8595
8790
8863
55466
8593
8594
8791
10779
15684
10777
10782
15685
8792
10784
55467
55468
8600
8601
8602
10791
10793
26416
8600
8602
15690
8601
8602
8852
8865
26417
8600
8601
8853
10794
15691
10792
10796
15692
8854
10798
26418
26419
8605
8606
10807
10810
55469
8605
8606
10811
10814
55471
10808
10815
14923
16160
17995
17996
17999
10840
16161
18002
18003
18006
10841
10850
16162
18010
18011
18012
10852
14924
16163
18017
18018
18019
10860
10862
16172
18024
18025
18026
8623
15022
16173
18031
18032
18033
10864
15023
16174
18038
18039
18040
8625
10861
16175
18045
18046
18047
8619
8621
10870
8618
8621
10877
8618
8619
65581
8620
10879
65584
8620
10872
65585
8621
10873
10880
65586
10875
10902
10904
16188
18052
18053
18054
14927
16189
18059
18060
18061
10906
14928
16190
18066
18067
18068
10903
16191
18073
18074
18075
15034
16200
18079
18080
18083
10913
16201
18086
18087
18090
10915
10924
16202
18094
18095
18096
10926
15036
16203
18101
18102
18103
8842
8868
16211
8843
15728
8636
8882
8635
8636
8875
8883
26430
8635
8876
55370
8878
26431
8886
26432
8639
8889
8895
55554
8639
8890
8893
55555
14923
16212
18107
18108
18111
10978
16213
18114
18115
18118
10979
10988
16214
18122
18123
18124
10990
14925
16215
18129
18130
18131
8646
8647
10997
11000
55570
8646
8647
11001
11004
55572
10998
11005
11028
11034
16224
18136
18137
18138
8685
15026
16225
18143
18144
18145
11030
15027
16226
18150
18151
18152
8687
11035
16227
18157
18158
18159
8656
8658
11040
8655
8658
11045
8655
8656
65588
8657
11047
65591
8657
11042
65592
8658
11043
11048
65593
11050
11070
11076
16240
18164
18165
18166
15042
16241
18171
18172
18173
11072
15043
16242
18178
18179
18180
11077
16243
18185
18186
18187
8665
8666
11083
11086
55602
8665
8666
8700
11087
11084
11090
8702
11091
55604
8671
8672
8673
11118
65834
8672
8673
8915
8919
65835
8671
8672
8916
11119
15811
8671
8673
8920
15812
11122
11125
15813
8917
11124
65836
8923
65837
8676
8939
8948
26446
8676
8940
11155
55383
8943
11157
26447
8681
8682
8683
11158
11166
8681
8683
8945
11159
15854
8682
8683
8900
8946
11167
8681
8682
8901
8903
11168
8947
11162
11169
11172
11174
16288
18192
18193
18194
14931
16289
18199
18200
18201
11176
14932
16290
18206
18207
18208
11173
16291
18213
18214
18215
8692
8694
11182
8691
8694
11189
8691
8692
65595
8693
11191
65598
8693
11184
65599
8694
11185
11192
65600
11187
15058
16300
18219
18220
18223
11213
16301
18226
18227
18230
11215
11224
16302
18234
18235
18236
11226
15060
16303
18241
18242
18243
8701
8702
11233
11236
55655
8701
8702
11237
11234
11240
11241
55657
15074
16308
18247
18248
18251
11265
16309
18254
18255
18258
11267
11276
16310
18262
18263
18264
11278
15075
16311
18269
18270
18271
8710
8713
11284
8711
8713
11291
8710
8711
65602
8712
11286
65605
8712
11293
65606
8713
11287
11294
65607
11289
8718
8719
8720
11314
26451
8719
8720
8958
8969
26452
8718
8719
8959
11315
15895
8718
8720
8970
15896
11318
15897
8960
11319
26453
8973
26454
8723
8962
11320
15909
8723
8926
8963
11327
8966
11323
11328
8980
8992
16335
11373
11379
16343
18276
18277
18278
15062
16344
18283
18284
18285
11375
15063
16345
18290
18291
18292
11380
16346
18297
18298
18299
8733
8735
11385
8732
8735
11390
8732
8733
65609
8734
11392
65612
8734
11387
65613
8735
11388
11393
65614
11395
8738
8739
11416
11419
55729
8738
8739
8745
11420
11417
11423
8747
11424
55731
15074
16355
18303
18304
18307
11448
16356
18310
18311
18314
11450
11459
16357
18318
18319
18320
11461
15076
16358
18325
18326
18327
8746
8747
11468
11471
55749
8746
8747
11472
11469
11475
11476
55751
8751
8754
11499
8752
8754
11504
8751
8752
65616
8753
11501
65619
8753
11506
65620
8754
11502
11507
65621
11509
8759
8760
8761
11563
26461
55762
8759
8761
9023
16028
8760
8761
9006
9024
26462
8759
8760
11564
16029
11566
16030
55763
11568
26463
9026
26464
55764
8764
8765
8999
9030
16392
8764
9000
9002
16393
9033
16394
8770
8771
8772
11582
11587
8771
8772
9036
11583
54909
8770
8771
9037
16043
8770
8772
11588
16044
11586
11591
16045
9040
11584
11585
11593
54910
8777
8778
8779
11627
26485
8778
8779
9051
26486
54924
8777
8778
9052
16079
8777
8779
11628
16080
54925
11631
16081
9055
26487
11632
26488
54926
8782
9058
11633
16093
8782
9043
9059
11639
9060
11635
11640
8787
8788
8789
11669
16434
55806
8787
8789
16116
8788
8789
9007
9062
16435
8787
8788
9008
11670
16117
11672
16118
55807
11674
16436
9064
16437
8792
8793
8796
16450
8792
16451
8799
16452
8798
8799
8800
11744
16471
55815
8798
8799
15584
8799
8800
8863
16472
8798
8800
8864
11745
15585
11747
15586
55816
16473
11749
16474
8804
8805
11766
11774
8805
8820
11767
15591
8804
8805
8821
11775
11776
8822
11770
11777
8810
8811
8812
11792
11796
8811
8812
8814
11793
54745
8810
8811
11797
15594
8810
8812
8816
15595
11800
11803
15596
11794
11801
54746
8819
11795
8817
8818
8819
11837
26511
8818
8819
26512
54827
8817
8818
11838
15601
54828
8817
8819
15602
11841
15603
11842
26513
54829
26514
8822
11843
15615
8822
8831
11849
11845
11850
8827
8828
8829
11856
26521
8828
8829
8834
26522
54747
8827
8828
11857
15630
54748
8827
8829
8836
15631
11860
15632
11861
26523
54749
8839
26524
8832
11862
15644
8832
11868
11864
11869
8837
8838
8839
11882
11886
8838
8839
11883
54840
8837
8838
11887
15656
8837
8839
15657
11890
11893
15658
11884
11891
54841
11885
8844
8845
8846
11967
16557
55899
8844
8846
15664
8845
8846
8847
16558
8844
8845
11968
15665
11970
15666
55900
11971
16559
8849
16560
8849
8850
8868
16568
8850
8869
16569
8872
16570
8855
8857
8854
8855
8858
26543
8854
55331
26544
8861
26545
8860
8861
8862
12002
26549
55906
8860
8861
15671
8861
8862
8865
26550
8860
8862
12003
15672
12005
15673
55907
26551
55908
12007
26552
16601
15705
16605
8870
8871
8872
12125
12127
55979
8870
8871
15737
8871
8872
55980
8870
8872
12128
15738
12126
12131
15739
55981
12132
55982
8877
8878
8879
12140
12142
26567
8877
8879
15744
8878
8879
8880
26568
8877
8878
12143
15745
12141
12145
15746
12146
26569
26570
8883
16642
8885
8886
8887
12216
26581
56010
8885
8886
15762
8886
8887
26582
8885
8887
12217
15763
12219
15764
56011
26583
56012
12220
26584
8892
8893
8894
12249
65841
8893
8894
8906
65842
8892
8893
12250
15769
8892
8894
8907
15770
12253
12256
15771
12254
65843
8910
65844
8897
8906
26603
8897
8908
12286
55376
8911
12288
26604
8902
8903
8904
12289
12297
8902
8904
8912
12290
15782
8903
8904
8913
12298
8902
8903
12299
8914
12293
12300
8909
8910
8911
12301
26608
8910
8911
26609
8909
8910
15785
8909
8911
12302
15786
12305
15787
26610
12306
26611
8914
12307
15799
8914
8946
12314
12310
12315
8917
8928
56055
8917
56056
8922
8923
8924
12316
26618
8923
8924
8928
26619
8922
8923
15823
8922
8924
8929
12317
15824
12320
15825
26620
8930
12321
26621
8927
8932
12322
15837
8927
8933
12329
8936
12325
12330
8930
26627
8930
12331
55380
12333
26628
8935
8936
8937
12334
12342
8935
8936
12335
15850
8936
8937
8963
12343
8935
8937
8964
12337
12344
8967
12345
8942
8943
8944
12346
26632
8943
8944
8952
26633
8942
8943
12347
15857
8942
8944
8953
15858
12350
15859
12351
26634
8956
26635
8947
12352
15871
8947
12359
12355
12360
8950
8952
56096
8950
8954
8957
56097
8955
8956
8957
12366
65848
8956
8957
65849
8955
8956
15883
8955
8957
12367
15884
12365
12370
15885
65850
12371
65851
8960
8975
26652
8960
12402
55387
12404
26653
8965
8966
8967
12405
12413
8965
8966
12406
15922
8966
8967
12414
8965
8967
12408
12415
12416
8972
8973
8974
12422
65855
8973
8974
8975
65856
8972
8973
15925
8972
8974
8976
12423
15926
12421
12426
15927
65857
8977
12428
65858
8977
56143
8977
56144
8982
8983
8984
12492
26668
56152
8982
8984
8985
15937
8983
8984
8986
26669
8982
8983
12493
15938
12495
15939
56153
12496
26670
8988
26671
56154
8988
8988
8989
8992
26680
8989
8993
55394
26681
8996
26682
8994
8995
8996
12510
12512
26692
8994
8995
15960
8995
8996
26693
8994
8996
12513
15961
12511
12515
15962
26694
12516
26695
9001
9002
9003
12525
12527
56173
9001
9003
15967
9002
9003
9004
56174
9001
9002
12528
15968
12526
12531
15969
12532
56175
56176
9030
16877
9031
15982
9011
16881
9018
16888
16005
9013
9014
9015
12678
12680
26712
9013
9014
16014
9014
9015
9024
26713
9013
9015
9025
12681
16015
12679
12683
16016
26714
9027
12685
26715
9020
9021
9022
12693
12695
56272
9020
9021
16021
9021
9022
9062
56273
9020
9022
9063
12696
16022
12694
12699
16023
56274
9065
12701
56275
9026
9026
9027
26726
9027
55421
26727
26728
9032
9033
9034
12731
16932
56281
9032
9033
16036
9033
9034
16933
9032
9034
12732
16037
12734
16038
56282
16934
12735
16935
9039
9040
9041
12766
26732
9040
9041
26733
54911
9039
9040
16050
9039
9041
12767
16051
54912
12770
16052
26734
12771
26735
54913
9044
9046
12772
16064
9044
9047
12778
9048
12774
12779
9048
9049
12789
12797
9048
12790
16076
9048
9049
9059
12798
12792
12799
9061
12800
9054
9055
9056
12815
12820
9055
9056
12816
54927
9054
9055
16105
9054
9056
12821
16106
12819
12824
16107
12817
12818
12826
54928
9060
9061
12864
12872
9060
12865
16112
9060
9061
12873
12867
12874
12875
9064
9065
16988
9065
16989
16990
9068
12883
54831
9068
9070
9257
12888
54833
9069
12885
12890
54834
9070
12886
12891
56331
9260
12894
56334
9072
9074
9278
13012
9073
13009
13014
9074
13010
13015
56368
9281
13018
56371
9076
9078
9261
9586
9587
9590
9077
9080
9593
9594
9597
9078
9081
9087
9599
9601
9603
9089
9264
9606
9607
9610
57399
57400
9081
13020
13023
13025
55871
57399
57401
9083
13027
13029
13031
57403
57404
9085
57402
57403
9086
9087
13070
13071
13073
57408
57410
16184
57405
57406
57408
57409
9090
13090
13091
13094
16185
57406
57407
9089
9090
13042
13043
13046
9089
9090
9274
13049
13050
13052
16192
9275
13055
13057
13059
13062
13064
13067
16193
9093
13124
54865
9093
9095
9289
13129
54867
9094
13126
13131
54868
9095
13127
13132
56412
9292
13135
56415
9100
9101
9102
9100
9101
11045
9101
9102
11046
64963
9100
9102
64964
11047
64965
9104
9106
9338
13225
9105
13222
13227
9106
13223
13228
56437
9341
13231
56440
9108
9110
9293
9668
9669
9672
9109
9112
9675
9676
9679
9110
9113
9119
9681
9683
9685
9121
9296
9688
9689
9692
57411
57412
9113
13233
13236
13238
56090
57411
57413
9115
13240
13242
13244
57415
57416
9118
57414
57415
9117
9119
13283
13284
13286
57420
57422
16284
57417
57418
9122
13296
13297
13300
16285
57417
57419
57420
57421
9121
9122
13255
13256
13259
9121
9122
9306
13262
13263
13265
16292
9307
13268
13270
13272
13275
13277
13280
16293
9124
9125
13366
13367
13371
9126
9136
13372
13376
13377
56205
57427
9126
9140
13379
13383
13384
56229
57436
9137
9141
13387
13388
13390
9129
9130
9137
9141
9746
9747
9750
9129
9130
9753
9754
9757
16308
16355
9138
9759
9761
9764
16309
57430
60281
9142
9766
9768
9771
16356
57439
60299
9132
9133
13365
9134
13368
56494
9134
13369
56498
13370
56495
56499
11268
57423
57424
57426
57427
13324
13326
13329
57427
57428
57430
57431
11269
57429
57430
11451
57432
57433
57435
57436
13352
13354
13357
57436
57437
57439
57440
11452
57438
57439
9147
9148
9149
9147
9148
11390
9148
9149
11391
64991
9147
9149
64992
11392
64993
9154
9155
9156
9154
9155
9550
9154
9156
9551
65012
9155
9156
65013
9552
65015
9161
9162
9163
9161
9162
10870
9162
9163
10871
65040
9161
9163
65041
10872
65042
9165
9166
13450
13451
13455
9167
9177
13456
13460
13461
55912
57445
9167
9181
13463
13467
13468
55939
57454
9178
9182
13471
13472
13474
9170
9171
9178
9182
10251
10252
10255
9170
9171
10258
10259
10262
16160
16212
9179
10264
10266
10269
16161
57448
60203
9183
10271
10273
10276
16213
57457
60239
9173
9174
13449
9175
13452
56530
9175
13453
56534
13454
56531
56535
10842
57441
57442
57444
57445
13408
13410
13413
57445
57446
57448
57449
10844
57447
57448
10980
57450
57451
57453
57454
13436
13438
13441
57454
57455
57457
57458
10982
57456
57457
9185
9186
13534
13535
13539
9187
9197
13540
13544
13545
55526
57463
9187
9201
13547
13551
13552
55984
57472
9198
9202
13555
13556
13558
9190
9191
9198
9202
10304
10306
10309
9190
9191
10312
10313
10316
15046
16200
9203
10318
10320
10323
15047
57475
59642
9199
10325
10327
10330
16201
57466
60227
9193
9194
13533
9195
13536
56566
9195
13537
56570
13538
56567
56571
10916
57459
57460
57462
57463
13492
13494
13497
57463
57464
57466
57467
10917
57465
57466
9646
57468
57469
57471
57472
13520
13521
13525
57472
57473
57475
57476
9647
57474
57475
9208
9209
9210
9208
9209
9617
9208
9210
9618
65082
9209
9210
65083
9619
65085
9215
9216
9217
9215
9216
11182
9216
9217
11183
65117
9215
9217
65118
11184
65119
9222
9223
9224
9222
9223
11284
9223
9224
11285
65131
9222
9224
65132
11286
65133
9226
9227
13618
13619
13623
9228
9238
13624
13628
13629
55694
57481
9228
9242
13631
13635
13636
56178
57490
9239
9243
13639
13640
13642
9231
9232
9239
9243
10540
10542
10545
9231
9232
10548
10549
10552
15094
16300
9244
10554
10556
10559
15095
57493
59732
9240
10561
10563
10566
16301
57484
60269
9234
9235
13617
9236
13620
56602
9236
13621
56606
13622
56603
56607
11216
57477
57478
57480
57481
13576
13578
13581
57481
57482
57484
57485
11217
57483
57484
9716
57486
57487
57489
57490
13604
13605
13609
57490
57491
57493
57494
9717
57492
57493
9249
9250
9251
9249
9250
11504
9250
9251
11505
65187
9249
9251
65188
11506
65189
9253
9254
9440
9255
9256
9258
9260
13649
9259
13646
13651
9260
13647
13652
56613
13654
56615
9262
9264
10812
10813
10816
9263
9266
10819
10820
10823
9264
9267
9273
10825
10826
10829
9275
10832
10833
10836
57495
57496
9267
13657
13660
13662
55848
57495
57497
9269
13664
13665
13668
57499
57500
9271
57498
57499
9272
9273
13706
13708
13710
57504
57506
16168
57501
57502
57504
57505
9276
13727
13728
13731
16169
57502
57503
9275
9276
13678
13680
13683
9275
9276
13686
13687
13690
16176
13692
13694
13697
13699
13701
13704
16177
9279
13733
54843
9279
9281
13738
54845
9280
13735
13740
54846
9281
13736
13741
56645
13743
56647
9286
9287
9288
64954
9287
9288
9286
9287
9286
9288
64957
64959
64960
9290
9292
13862
9291
13859
13864
9292
13860
13865
56682
13867
56684
9294
9296
11002
11003
11006
9295
9298
11009
11010
11013
9296
9299
9305
11015
11016
11019
9307
11022
11023
11026
57507
57508
9299
13870
13873
13875
56046
57507
57509
9301
13877
13878
13881
57511
57512
9303
57510
57511
9304
9305
13919
13921
13923
57516
57518
16220
57513
57514
57516
57517
9308
13940
13941
13944
16221
57514
57515
9307
9308
13891
13893
13896
9307
9308
13899
13900
13903
16232
13905
13907
13910
13912
13914
13917
16233
9311
13974
54783
9311
9313
9314
13979
54785
9312
13976
13981
54786
9313
13977
13982
56726
9317
13985
56729
9315
9317
14075
9316
14072
14077
9317
14073
14078
56751
14080
56753
9319
9321
9346
11088
11089
11092
9320
9323
11095
11096
11099
9321
9324
9330
11101
11103
11105
9333
9349
11108
11109
11112
57519
57520
9324
14083
14086
14088
56069
57519
57521
9326
14090
14092
14094
57523
57524
9328
57522
57523
9329
9330
14133
14134
14136
57528
57530
16236
57525
57526
57528
57529
9332
14153
14154
14157
16237
57526
57527
9332
9333
14105
14106
14109
9332
9333
9359
14112
14113
14115
16248
14118
14120
14123
16249
9361
14125
14127
14129
9335
9336
9482
9339
14159
54876
9339
9341
14164
54878
9340
14161
14166
54879
9341
14162
14167
56783
14169
56785
9343
9345
9363
14288
9344
14285
14290
9345
14286
14291
56820
9366
14294
56823
9347
9349
11238
11239
11242
9348
9351
11245
11246
11249
9349
9352
9358
11251
11253
11255
9361
11258
11259
11262
57531
57532
9352
14296
14299
14301
55688
57531
57533
9354
14303
14305
14307
57535
57536
9357
57534
57535
9356
9358
14345
14347
14349
57540
57542
15078
57537
57538
9360
14359
14360
14363
15079
57537
57539
57540
57541
9360
9361
14317
14319
14322
9360
9361
14325
14326
14329
15086
14331
14333
14336
15087
14338
14340
14343
9364
14372
54887
9364
9366
14377
54889
9365
14374
14379
54890
9366
14375
14380
56852
14382
56854
9371
9372
9373
64975
9371
9372
64977
9371
9373
9372
9373
64979
64980
9378
9379
9380
64982
9379
9380
9378
9379
9378
9380
64985
64987
64988
9383
14525
54818
9383
9385
9386
14530
54820
9384
14527
14532
54821
9385
14528
14533
56901
9389
14536
56904
9387
9389
14626
9388
14623
14628
9389
14624
14629
56926
14631
56928
9391
9393
9410
11421
11422
11425
9392
9395
11428
11429
11432
9393
9396
9402
11434
11436
11438
9405
9413
11441
11442
11445
57543
57544
9396
14634
14637
14639
56291
57543
57545
9398
14641
14643
14645
57547
57548
9401
57546
57547
9400
9402
14684
14685
14687
57552
57554
16339
57549
57550
9404
14697
14698
14701
16340
57549
57551
57552
57553
9404
9405
14656
14657
14660
9404
9405
9423
14663
14664
14666
16351
14669
14671
14674
16352
9425
14676
14678
14680
9407
9409
9427
14714
9408
14711
14716
9409
14712
14717
56958
9430
14720
56961
9411
9413
11473
11474
11477
9412
9415
11480
11481
11484
9413
9416
9422
11486
11488
11490
9425
11493
11494
11497
57555
57556
9416
14722
14725
14727
55791
57555
57557
9418
14729
14731
14733
57559
57560
9421
57558
57559
9420
9422
14771
14773
14775
57564
57566
15102
57561
57562
9424
14785
14786
14789
15103
57561
57563
57564
57565
9424
9425
14743
14745
14748
9424
9425
14751
14752
14755
15114
14757
14759
14762
15115
14764
14766
14769
9428
14826
54915
9428
9430
14831
54917
9429
14828
14833
54918
9430
14829
14834
57002
14836
57004
9436
9437
9438
65003
9436
9437
65005
9436
9438
9437
9438
65007
65008
9440
9441
9442
9443
9448
9449
9450
65024
9448
9450
65026
9448
9449
9449
9450
65028
65029
9455
9456
9457
65031
9455
9457
65033
9455
9456
9456
9457
65035
65036
9463
9464
9465
65052
9463
9464
9463
9465
65055
9464
9465
65056
65058
9470
9471
9472
65059
9470
9471
9470
9472
65062
9471
9472
65063
65065
9477
9478
9479
65073
9477
9478
9477
9479
9478
9479
65076
65077
65079
9482
9483
9488
9489
9490
65094
9488
9490
65096
9488
9489
9489
9490
65098
65099
9495
9496
9497
65101
9495
9497
65104
9495
9496
9496
9497
65105
65106
9499
9500
9509
9505
9506
9507
65108
9505
9507
65110
9505
9506
9506
9507
65112
65113
9509
9510
9516
9517
9518
65150
9516
9517
9516
9518
9517
9518
65153
65154
65156
9523
9524
9525
65157
9523
9525
9523
9524
9524
9525
65160
65162
65163
9530
9531
9532
65164
9530
9532
9530
9531
9531
9532
65167
65169
65170
9537
9538
9539
65178
9537
9539
65181
9537
9538
9538
9539
65182
65183
9541
9542
9546
9543
9544
9546
9547
9548
9549
9552
9555
10739
9552
9556
12884
9553
9555
9556
9576
9555
9556
9578
12887
9559
9559
9561
9562
56335
9560
9564
9561
9565
9576
9567
9579
56337
9564
9567
12920
9564
9568
12941
65569
9565
65571
9567
9568
9569
65572
9567
9568
9571
12923
12942
9574
12924
9575
12943
65573
9573
9574
9575
9576
9573
9575
12896
12944
9574
9575
12928
12945
9573
9574
9577
12897
12929
9578
12899
9579
12931
12946
9578
9579
9578
9579
12903
56344
12904
56345
9582
9583
9591
10178
13008
9582
9583
9592
55093
9595
10183
9596
13011
55095
9588
9589
9590
9592
9605
9588
9589
10811
9588
9590
9593
9589
9590
9606
10813
9595
9609
10814
9597
9610
9595
9596
13019
9595
9596
9597
9598
9595
9597
9596
9597
9599
13023
9602
13024
9603
9602
9603
9604
9605
55093
9602
9603
13027
9602
9604
13028
13041
55094
9603
9604
9607
13042
13030
55095
9610
9611
13044
55096
9609
9610
9611
55089
9609
9610
10832
9610
9611
13055
9609
9611
10834
13056
55090
10835
55091
13058
55092
9614
9614
9616
9624
56400
9615
9626
9616
9627
9638
9629
9640
56402
9619
9622
10741
9619
9623
13125
9620
9622
9623
9638
9622
9623
9641
13128
9626
9629
13103
9626
9630
13154
65575
9627
65577
9629
9630
9631
65579
9629
9630
9632
13106
13155
9635
13107
9637
13156
65580
9635
9636
9637
9638
9635
9637
13111
13157
9636
9637
13137
13158
9635
9636
9639
13112
13138
9640
13114
9641
13140
13159
9640
9641
9640
9641
13144
56409
56410
13145
9646
18403
18404
18405
9647
18410
18411
18414
9648
9659
18417
18418
18421
9649
9660
18425
18426
18427
18431
18432
15047
18434
18435
9651
18437
18438
9652
15048
18440
18441
9658
16236
18443
18444
9659
18446
18447
9660
15050
18449
18450
9661
15053
16239
18452
18453
9660
15050
18456
18457
18458
11071
15051
18371
18463
18464
18465
15052
18372
18470
18471
18472
9661
11073
15053
18477
18478
18479
11078
18483
18484
18487
18490
18491
18494
18498
18499
18500
11081
18505
18506
18507
9664
9665
9673
10451
13221
9664
9665
9674
55137
9677
10456
9678
13224
55139
9670
9671
9672
9674
9687
9670
9671
11001
9670
9672
9675
9671
9672
9688
11003
9677
9691
11004
9679
9692
9677
9678
13232
9677
9678
9679
9680
9677
9679
9678
9679
9681
13236
9684
13237
9685
9684
9685
9686
9687
55137
9684
9685
13240
9684
9686
13241
13254
55138
9685
9686
9689
13255
13243
55139
9692
9693
13257
55140
9691
9692
9693
55133
9691
9692
11022
9692
9693
13268
9691
9693
11024
13269
55134
11025
55135
13271
55136
11074
15086
18583
18584
18587
9703
15087
18590
18591
18594
9704
15088
18598
18599
18600
11077
15089
18605
18606
18607
9704
15090
18612
18613
18614
11277
15091
18547
18619
18620
18621
15092
18548
18626
18627
18628
9705
11279
15093
18633
18634
18635
11280
15078
18639
18640
18643
15079
18646
18647
18650
15080
18654
18655
18656
11283
15081
18661
18662
18663
9709
9711
11232
9708
9709
9710
9710
9711
11234
9716
18667
18668
18669
9717
18674
18675
18678
9718
9729
18681
18682
18685
9719
9730
18689
18690
18691
18695
18696
15095
18698
18699
9721
18701
18702
9722
15096
18704
18705
9728
16339
18707
18708
9729
18710
18711
9730
15098
18713
18714
9731
15101
16342
18716
18717
9730
15098
18720
18721
18722
11374
15099
18527
18727
18728
18729
15100
18528
18734
18735
18736
9731
11376
15101
18741
18742
18743
11381
18747
18748
18751
18754
18755
18758
18762
18763
18764
11384
18769
18770
18771
9742
15110
18776
18777
18778
11460
15111
18559
18783
18784
18785
15112
18560
18790
18791
18792
9743
11462
15113
18797
18798
18799
11377
15114
18803
18804
18807
9741
15115
18810
18811
18814
9742
15116
18818
18819
18820
11380
15117
18825
18826
18827
11463
15102
18831
18832
18835
15103
18838
18839
18842
15104
18846
18847
18848
11466
15105
18853
18854
18855
9748
9749
9750
9758
9765
55209
9748
9749
13325
13353
55210
9748
9750
9759
13326
9749
9750
9766
13354
9763
13327
55211
9770
13355
55212
9764
9771
9755
9756
9757
9758
9765
54699
9755
9756
18247
18303
54700
9755
9757
9761
18248
9756
9757
9768
18304
9762
18249
54701
9769
18305
54702
9764
9771
9762
9763
9764
55201
9763
9764
13332
9762
9763
13333
18254
55202
9762
9764
18255
18256
55203
13334
55204
9769
9770
9771
55205
9770
9771
13360
9769
9770
13361
18310
55206
9769
9771
18311
18312
55207
13362
55208
9775
9777
11467
9774
9775
9776
9776
9777
11469
9779
9780
27425
27426
27427
9782
9793
27432
27433
27434
9782
27439
27440
9783
27443
27444
27447
27457
27458
27459
27463
27464
27467
9785
9786
27474
27475
9787
27482
27483
27484
9787
27489
27490
27491
9796
27496
27497
27498
9789
9801
27503
27504
27505
9794
9803
27511
27512
27513
27517
27518
27521
27526
27527
27530
27539
27540
27541
57903
57904
27549
27550
27559
27560
27563
57922
57923
9861
27574
27575
27576
9800
27582
27583
9800
27591
27592
27593
9805
27599
27600
27601
9803
27612
27613
9806
27617
27618
27621
27630
27631
27638
27639
27642
27651
27652
27659
27660
27663
9808
9811
27678
27679
9812
27686
27687
9810
27699
27700
9822
27707
27708
9812
27714
27715
27716
9814
27722
27723
27724
27730
27731
27734
27741
27742
9909
27751
27752
27753
9824
57979
57980
27759
27760
27763
27770
27771
27774
9822
27783
27784
9829
58001
58002
9928
27795
27796
27797
27802
27803
27804
9824
27809
27810
27811
9826
27816
27817
27818
27822
27823
27826
27836
27837
27838
9828
27843
27844
9829
27851
27852
27853
27858
27859
27860
9831
9833
27870
27871
27872
9836
27883
27884
27885
9835
9853
58038
9836
9854
27891
27892
27893
9839
27898
27899
27900
9855
9946
27904
27905
27908
27909
27910
9838
9841
27921
27922
27923
9843
27933
27934
27935
27940
27941
27942
9842
9857
9947
27946
27947
9843
27950
27951
27952
9858
58044
9859
27958
27959
27960
9847
9849
27965
27966
27967
9847
9850
27987
27988
27989
27994
27995
9851
58050
9849
9850
58051
9851
27999
28000
28001
9851
28006
28007
28008
65255
65256
65257
9948
28014
28015
28016
9855
28027
28028
28029
58061
58062
9955
28033
28034
28035
28040
28041
28042
9858
28047
28048
28049
9959
28060
28061
28062
58066
58067
9863
9866
58069
9864
54246
54247
54248
9863
9867
58072
9869
28069
28070
28071
28076
28077
9866
9867
28081
28082
28083
9869
58082
9869
65260
65261
65262
9962
28089
28090
28091
28096
28097
28098
9871
9873
28110
28111
28112
9875
28126
28127
28128
9874
9876
58088
9875
9877
28134
28135
28136
9878
9969
28147
28148
28151
28152
28153
9878
28165
28166
28167
58089
58090
9970
28171
28172
28173
28177
28178
28179
9882
9884
9974
28191
28192
28193
9885
58095
58096
9886
9975
28197
28198
28199
9887
28212
28213
28214
9886
58099
9887
28220
28221
28222
9979
28233
28234
28237
28238
28239
9889
9891
28253
28254
28255
9893
28267
28268
28269
9892
9895
9980
28280
28281
9893
28284
28285
28286
9896
58101
9897
28292
28293
28294
28299
28300
28301
9896
28305
28306
28307
9981
28317
28318
28319
58105
58106
28325
28326
28327
9900
9903
9984
28331
28332
28333
9905
9986
28343
28344
28345
9906
58111
58112
9906
28358
28359
28360
9905
28371
28372
9906
28375
28376
28377
58115
28383
28384
28385
9910
9912
58116
9910
9914
58117
54253
54254
54255
9915
28392
28393
28394
9912
9914
28414
28415
28416
9915
65265
65266
65267
9989
28422
28423
28424
9915
58124
28429
28430
28431
28436
28437
28438
9919
9935
9996
28450
28451
28452
9936
58130
58131
9938
9997
28456
28457
28458
28463
28464
28465
9922
9942
10001
28470
28471
28472
9944
10003
28483
28484
28485
9945
58135
58136
9927
9931
28490
28491
28492
9928
28497
28498
9927
9932
28502
28503
28504
9933
58142
54260
54261
54262
9931
9932
65270
65271
65272
28527
28528
28529
9933
28534
28535
28536
9933
28541
28542
28543
58154
9939
28554
28555
28556
9938
58159
9939
28562
28563
28564
9941
28569
28570
28571
10012
28575
28576
28579
28580
28581
9945
28591
28592
28593
28598
28599
28600
9944
28604
28605
9945
28608
28609
28610
58161
28616
28617
28618
9955
58163
58165
28646
28647
28648
9953
9957
10013
28654
28655
28656
28660
28661
28662
9954
9972
10014
28666
28667
28668
28672
28673
28674
10015
28679
28680
10016
28684
28685
28691
28692
28693
9958
28698
28699
28700
28714
28715
28716
9960
28721
28722
28723
28733
28734
28735
28740
28741
28742
9963
10026
28755
28756
28757
28762
28763
28764
9965
28781
28782
28783
28787
28788
28789
10033
28794
28795
9967
10034
28799
28800
9977
10037
28805
28806
28807
28811
28812
28813
9970
28817
28818
28822
28823
28824
9973
28829
28830
28831
28842
28843
28844
9982
28849
28850
28851
9975
28863
28864
28865
9979
28870
28871
28872
9978
9985
28877
28878
28879
10045
28890
28891
28892
9987
28897
28898
28899
28908
28909
28912
28913
28917
28918
28919
28926
28927
28928
9990
10049
28938
28939
28940
9986
28945
28946
28947
9987
28952
28953
28954
28965
28966
28967
28974
28975
28976
10008
10057
28986
28987
28988
28993
28994
28995
9992
29009
29010
29011
29015
29016
29017
10061
29022
29023
9994
10062
29027
29028
9999
10065
29033
29034
29035
29039
29040
29041
9997
29047
29048
29049
10012
29054
29055
29056
10000
10002
29061
29062
29063
10068
29077
29078
29079
10004
29084
29085
29086
10003
29095
29096
29097
10004
29102
29103
29104
29115
29116
29117
29122
29123
29124
10010
10075
29137
29138
29139
10008
29163
29164
10010
29168
29169
10080
29174
29175
29176
29180
29181
29182
10081
29186
29187
29188
29192
29193
29194
58266
10015
58268
58269
10016
29201
29202
10021
29205
29206
10040
29211
29212
10019
10022
29219
29220
10020
10041
29224
29225
10025
29235
10043
29239
58271
10025
29243
29244
29245
10024
29256
29257
29258
10085
29266
29267
29268
29277
29278
29279
10028
29284
29285
29286
10029
58281
58282
10033
58284
10032
10035
29291
29292
29293
10031
29301
29302
29303
10089
29313
29314
29315
10038
29325
29326
29327
29332
29333
10037
29338
29339
10038
29346
29347
10039
29351
29352
10045
29355
29356
29365
10046
29369
58291
10043
29372
29373
29374
10044
29383
29384
29385
29394
29395
29396
10095
29402
29403
29404
29408
29409
29410
29419
29420
29421
10048
10098
29431
29432
29433
10101
29438
29439
29440
10050
29444
29445
29446
10061
58324
10054
10063
29450
29451
29452
10053
29457
29458
29459
10104
29467
29468
29469
10066
29478
29479
29480
10057
58334
10059
29485
29486
29487
10080
29492
29493
29494
10060
10108
29499
29500
29501
10082
29509
29510
29511
10112
29521
29522
29523
29528
29529
10065
29534
29535
10066
29542
29543
10067
29547
29548
10068
58351
58352
29559
10070
29563
29567
29568
29569
58357
58358
29579
29580
29581
10072
10114
29592
29593
29594
10116
29602
29603
29604
10075
58366
10076
10077
29608
29609
29610
10081
29615
29616
29617
58370
58371
10083
29627
29628
29629
10079
10120
29637
29638
29639
10122
29649
29650
29651
29655
29656
58379
58380
29666
29670
10088
15534
29681
29682
29689
29690
29691
15535
29696
29697
29698
10088
15536
29703
29704
29705
15537
29709
29710
29713
29714
29715
10091
15542
29719
29720
15544
29723
29724
29725
10097
15550
29738
29739
29740
58394
58395
10097
15551
54546
54547
29749
29750
29751
15552
29756
29757
29758
15553
29762
29763
29764
10101
29768
29769
29770
10100
15555
29773
29774
29775
15556
54549
54550
29783
29784
29785
10109
15557
29790
29791
29792
10105
15561
29796
29797
29798
10106
29802
29803
29804
15562
29808
29809
29810
58401
58402
15565
54552
54553
10112
29819
29820
29821
15566
29826
29827
29828
15567
29833
29834
29835
10112
58406
58407
29840
29841
29842
10115
15573
29853
29854
10116
29857
29858
29859
15575
29863
29864
29871
29872
29873
10121
15576
29878
29879
29880
15580
29885
29886
29887
15581
29891
29892
10122
29899
29900
29901
15582
29906
29907
29908
29913
29914
29915
10130
10149
21571
21574
10132
21579
21580
21583
21587
21588
21589
10131
10150
21594
21595
21596
10297
18859
21605
21606
21607
10133
10298
21611
21612
10134
21616
21617
21618
10157
21622
21623
21624
10160
15583
21627
21628
21637
21640
10299
21648
21649
21653
21654
21655
10138
10140
10806
10137
10138
10139
10139
10140
10808
10143
10165
21659
21660
10145
10167
58423
10171
21662
21663
10172
10187
58425
58426
10173
58428
58429
10156
21665
21666
21669
10159
10161
21677
21678
21679
10162
10166
21683
21684
21685
10157
58435
10160
21698
21699
10159
10161
21702
21703
21704
18867
21708
21709
10164
18868
21712
21713
21714
10160
15583
21719
21720
10164
18870
21723
21727
21728
21731
21734
21735
21738
21742
21743
21744
21749
21750
21751
21760
21761
21762
10174
21767
10176
18873
21771
21772
21773
18874
21778
21779
21780
10171
21791
21792
21795
10174
21799
21800
21801
10173
10177
21806
21807
21808
10172
10192
21813
21814
21815
10175
18889
21820
21821
21822
10173
10177
21831
21832
21833
21837
21838
21841
10196
21845
21846
21847
21852
21853
21854
21859
21860
21861
18892
21866
21867
21868
18893
21873
21881
21882
21883
10181
10183
10180
10181
10182
10182
10183
10186
10189
21891
21892
10188
10191
58463
10195
21894
21895
10196
58465
58466
10197
58468
58469
10195
21897
21898
21901
10198
10204
21905
21906
21907
10197
10201
21912
21913
21914
10196
21919
21920
21921
10199
18942
21926
21927
21928
10197
10201
21937
21938
21939
21943
21944
21947
21951
21952
21953
21958
21959
21960
10218
21965
21966
21967
18945
21972
21973
21974
10219
18946
21979
21987
21988
21989
10212
21997
21998
22001
10215
10217
22009
22010
22011
10218
22015
22016
22017
10213
10221
58491
10216
10224
22030
22031
10215
10217
22034
22035
22036
18957
22040
22041
10220
18958
22044
22045
22046
10216
15663
22051
22052
10220
18960
22055
10228
22059
22060
22063
22066
22067
22070
22074
22075
22076
10229
22085
22086
22087
22092
22093
22094
22099
18963
22103
22104
22105
18964
22110
22111
22112
10228
22123
22126
10230
22131
22132
22135
22139
22140
22141
10229
22146
22147
22148
10331
19017
22157
22158
22159
10231
10332
22163
22164
10232
22168
22169
22170
22174
22175
22176
15663
22179
22180
22189
22192
10333
22200
22201
22205
22206
22207
10245
10294
58511
10247
10382
22211
22214
10244
22216
22217
22220
22224
22225
22226
10246
22231
10248
10383
22235
22236
22237
10300
19025
22242
22243
22244
10245
10301
22249
22250
10246
22254
22255
22256
10385
22260
10248
10387
58517
58518
22268
22271
10302
22274
22275
22280
22281
22282
10388
22286
22287
22289
10391
22292
22293
10253
10254
10255
10263
10270
55344
10253
10254
13409
13437
55345
10253
10255
10264
13410
10254
10255
10271
13438
10268
13411
55346
10275
13439
55347
10269
10276
10260
10261
10262
10263
10270
54716
10260
10261
17995
18107
54717
10260
10262
10266
17996
10261
10262
10273
18108
10267
17997
54718
10274
18109
54719
10269
10276
10267
10268
10269
55336
10268
10269
13416
10267
10268
13417
18002
55337
10267
10269
18003
18004
55338
13418
55339
10274
10275
10276
55340
10275
10276
13444
10274
10275
13445
18114
55341
10274
10276
18115
18116
55342
13446
55343
10289
10292
58527
10290
10293
10295
22296
22297
22298
10289
10292
22301
22302
22303
10290
10293
15018
58528
10290
10295
15018
22307
22308
22309
10291
10298
22314
22315
22316
17151
22320
22321
22322
10296
17152
22327
22328
10293
10295
15018
22338
22339
22340
10294
10301
22344
22345
22346
17154
22350
22351
22352
10296
17155
22357
22358
22374
22375
22378
22382
22383
22384
10299
22389
22390
22391
22405
22406
22409
22413
22414
22415
10302
22420
22421
22422
22432
22433
22434
17157
22440
22441
22442
19032
22447
22448
10299
22452
22453
22454
22458
22459
22460
19042
22464
22465
10302
22469
22470
22471
22475
22476
22477
10307
10308
10309
10317
10324
55361
10308
10309
10318
13521
10307
10308
13493
13522
55362
10307
10309
10325
13494
10329
13495
55363
10322
13523
55364
10323
10330
10314
10315
10316
10317
10324
54720
10314
10315
17015
18079
54721
10314
10316
10320
17016
10315
10316
10327
18080
10321
17017
54722
10328
18081
54723
10323
10330
10321
10322
10323
55357
10322
10323
13528
10321
10322
13529
17022
55358
10321
10323
17023
17024
55359
13531
55360
10328
10329
10330
55353
10329
10330
13500
10328
10329
13501
18086
55354
10328
10330
18087
18088
55355
13502
55356
17168
22481
22482
10333
10339
22486
22487
22488
10348
22492
22493
22494
10346
10349
58575
10347
10350
10352
22498
22499
22500
10346
10349
22503
22504
22505
10347
10350
15019
58576
10347
10352
15019
22509
22510
22511
10348
22516
22517
22518
19088
22522
22523
22524
10353
19089
22529
22530
10350
10352
15019
22540
22541
22542
10351
10355
22546
22547
22548
19091
22552
22553
22554
10353
19092
22559
22560
22576
22577
22580
22584
22585
22586
22591
22592
22593
22607
22608
22611
22615
22616
22617
10356
10357
22622
22623
22624
22634
22635
22636
19094
22642
22643
22644
10363
19105
22648
22649
10356
10364
22653
22654
22655
10369
22659
22660
22661
10369
58603
10371
10421
22664
22667
10368
22669
22670
22673
22677
22678
22679
10370
22684
10372
10422
22688
22689
22690
19149
22695
22696
22697
10369
22702
22703
10370
22707
22708
22709
10424
22713
10372
10426
58609
58610
22721
22724
22727
22728
22733
22734
22735
10427
22739
22740
22742
10430
22745
22746
10376
10378
10996
10375
10376
10377
10377
10378
10998
22749
22750
10390
10392
22761
22762
22763
10393
10401
22767
22768
22769
10388
22782
10391
58623
58624
10390
10392
22785
22786
22787
19156
22791
22792
10395
19157
22795
22796
22797
10391
22802
22803
22804
22811
22812
22815
22818
22819
22822
22826
22827
22828
22833
22834
22835
22840
22841
22842
10409
22847
22848
19159
22852
22853
22854
15776
19160
22859
22860
22861
10397
10400
58636
58637
10406
22870
22871
10407
10459
15781
58641
58642
10408
58644
58645
10406
22873
22874
22877
10409
22881
22882
22883
10408
10411
22891
22892
22893
10407
10464
15781
22898
22899
22900
10410
19174
22905
22906
22907
10408
10411
22912
22913
22914
22918
22919
22922
10468
22926
22927
22928
22933
22934
22935
22940
22941
22942
22951
22952
22953
22962
22963
22964
10415
10417
11082
10414
10415
10416
10416
10417
11084
22968
22969
10429
10431
22980
22981
22982
10432
10436
22986
22987
22988
10427
23001
10430
58671
58672
10429
10431
23004
23005
23006
17178
23010
23011
10434
17179
23014
23015
23016
10430
23021
23022
23023
23030
23031
23034
23037
23038
23041
23045
23046
23047
23052
23053
23054
23059
23060
23061
10444
23066
23067
17181
23071
23072
23073
15818
17182
23078
23079
23080
10441
10447
23089
23090
23093
10444
23097
23098
23099
10443
10446
23107
23108
23109
10442
10493
15849
23114
23115
23116
10445
19227
23121
23122
23123
10443
10446
23128
23129
23130
10448
23134
23135
23138
10449
10497
23142
23143
23144
10450
23149
23150
23151
23156
23157
23158
23167
23168
23169
23178
23179
23180
10448
58704
58705
23184
23185
10504
15849
58709
58710
58712
58713
10454
10456
10453
10454
10455
10455
10456
10458
10461
58715
58716
10467
23187
23188
10468
15853
58720
58721
10469
58723
58724
10467
23190
23191
23194
10470
10475
23198
23199
23200
10469
10472
23205
23206
23207
10468
15853
23215
23216
23217
10471
19278
23222
23223
23224
10469
10472
23229
23230
23231
23235
23236
23239
23243
23244
23245
23250
23251
23252
10487
23257
23258
23259
23264
23265
23266
23279
23280
23281
23285
23286
10484
10486
23297
23298
23299
10487
23303
23304
23305
10482
10523
23318
10485
10526
58750
58751
10484
10486
23321
23322
23323
10528
19294
23327
23328
10489
19295
23331
23332
23333
10485
10529
23338
23339
23340
10533
23347
23348
23351
23354
23355
23358
23362
23363
23364
10534
23369
23370
23371
23376
23377
23378
23383
23384
19297
23388
23389
23390
15890
19298
23395
23396
23397
10496
10502
23406
23407
23410
10499
10508
23414
23415
23416
10498
10501
23421
23422
23423
10497
15921
23431
23432
23433
10500
17196
23438
23439
23440
10498
10501
23445
23446
23447
10503
23451
23452
23455
10504
23459
23460
23461
10505
23466
23467
23468
10520
23473
23474
23475
23480
23481
23482
23495
23496
23497
10503
58783
58784
23501
23502
15921
58788
58789
58791
58792
23504
23505
10517
10519
23516
23517
23518
10520
23522
23523
23524
10515
10619
23537
10518
10622
58798
58799
10517
10519
23540
23541
23542
10624
19349
23546
23547
10522
19350
23550
23551
23552
10518
10625
23557
23558
23559
10629
23566
23567
23570
23573
23574
23577
23581
23582
23583
10630
23588
23589
23590
23595
23596
23597
23602
23603
19352
23607
23608
23609
15932
19353
23614
23615
23616
10533
23625
23628
10535
23630
23631
23634
23638
23639
23640
10534
23645
23646
23647
10537
23652
23655
10534
58814
58815
10567
19402
23657
23658
23659
10536
10568
23664
23665
10537
23669
23670
23671
23675
23676
23678
23681
23682
23692
23695
10538
10569
23698
23699
23704
23705
23706
10584
58826
10543
10544
10545
10553
10560
55404
10544
10545
10554
13605
10543
10544
13577
13606
55405
10543
10545
10561
13578
10565
13579
55406
10558
13607
55407
10559
10566
10550
10551
10552
10553
10560
54730
10550
10551
17095
18219
54731
10550
10552
10556
17096
10551
10552
10563
18220
10557
17097
54732
10564
18221
54733
10559
10566
10557
10558
10559
55400
10558
10559
13612
10557
10558
13613
17102
55401
10557
10559
17103
17104
55402
13615
55403
10564
10565
10566
55396
10565
10566
13584
10564
10565
13585
18226
55397
10564
10566
18227
18228
55398
13586
55399
17212
23710
23711
10569
10575
23715
23716
23717
10584
23721
23722
23723
10582
10585
58835
10583
10586
10588
23726
23727
23728
10582
10585
23731
23732
23733
10583
10586
15020
58836
10583
10588
15020
23737
23738
23739
10584
23743
23744
23745
19409
23749
23750
23751
10589
19410
23756
23757
10586
10588
15020
23768
23769
23770
10587
10591
23775
23776
23777
19412
23781
23782
23783
10589
19413
23788
23789
23802
23803
23806
23810
23811
23812
23817
23818
23819
23835
23836
23839
23843
23844
23845
10592
23850
23851
23852
23862
23863
23864
19415
23870
23871
23872
10639
19426
23877
23878
10592
10640
23882
23883
23884
10643
23888
23889
23890
10626
19474
23894
23895
10595
10604
10627
23899
23900
23901
10613
10632
23905
23906
23907
10731
19482
23911
23912
10598
10608
10732
23916
23917
23918
10616
10735
23922
23923
23924
10611
10614
58883
10612
10615
10617
23928
23929
23930
10611
10614
23933
23934
23935
10612
10615
15021
58884
10612
10617
15021
23939
23940
23941
10613
23945
23946
23947
19492
23951
23952
23953
10618
19493
23958
23959
10615
10617
15021
23970
23971
23972
10616
23977
23978
23979
19495
23983
23984
23985
10618
19496
23990
23991
24004
24005
24008
24012
24013
24014
10634
24019
24020
24021
24037
24038
24041
24045
24046
24047
24052
24053
24054
24064
24065
24066
19498
24072
24073
24074
10629
24078
24081
10631
24083
24084
24087
24091
24092
24093
10630
24098
24099
24100
10633
24105
24108
10630
58906
58907
17220
24110
24111
24112
10632
24117
24118
10633
24122
24123
24124
24128
24129
24131
24134
24135
24145
24148
10634
24151
24152
24157
24158
24159
58918
10645
10656
24165
24168
10642
24171
24172
24175
24179
24180
24181
10646
10657
24190
24191
24192
19547
24197
24198
24199
10643
24203
24204
10644
24208
24209
24210
24221
24224
24232
24233
24237
24238
24239
10664
24243
24244
24245
10667
16035
24248
24249
10650
10652
11415
10649
10650
10651
10651
10652
11417
10663
24251
24252
24255
10666
10668
24263
24264
24265
10669
10673
24269
24270
24271
10664
58931
10667
24284
24285
10671
17225
10666
10668
24288
24289
24290
17228
24294
24295
10671
17229
24298
24299
24300
10667
16035
24305
24306
24309
24313
24314
24317
24320
24321
24324
24328
24329
24330
24335
24336
24337
24346
24347
24348
10681
24353
10682
17231
24357
24358
24359
17232
24364
24365
24366
10678
10685
24377
24378
24381
10681
24385
24386
24387
10680
10684
10686
24392
24393
24394
10679
10693
24399
24400
24401
10683
19555
24406
24407
24408
10680
10684
24417
24418
24419
10687
24423
24424
24427
10688
10697
24431
24432
24433
10689
24438
24439
24440
24445
24446
24447
19558
24452
19559
24456
24457
24458
24471
24472
24473
10687
24477
24478
10689
58959
24480
24481
10725
58961
58962
58964
58965
10696
10722
24483
24484
24487
10699
10705
24491
24492
24493
10698
10702
10723
24498
24499
24500
10697
24505
24506
24507
10701
17247
24512
24513
24514
10698
10702
24523
24524
24525
10724
24529
24530
24533
10725
24537
24538
24539
10726
24544
24545
24546
10719
24551
24552
24553
10720
17250
24558
17251
24562
24563
24564
24577
24578
24579
10713
24583
24584
24587
10716
10718
24595
24596
24597
10719
24601
24602
24603
10714
10727
58987
10717
10730
24616
24617
10721
19608
10716
10718
24620
24621
24622
19611
24626
24627
10721
19612
24630
24631
24632
10717
16115
24637
24638
24641
10737
24645
24646
24649
24652
24653
24656
24660
24661
24662
10738
24671
24672
24673
24678
24679
24680
24685
19614
24689
24690
24691
19615
24696
24697
24698
10724
24709
24710
10726
58999
24712
24713
59001
59002
59004
59005
10737
24717
24720
10734
24723
24724
24727
24731
24732
24733
10738
24742
24743
24744
17262
24749
24750
24751
10735
24755
24756
10736
24760
24761
24762
24773
24776
24784
24785
24789
24790
24791
24795
24796
24797
16115
24800
24801
10870
11045
11182
11284
11390
11504
10750
11857
21891
54748
10749
10750
10753
11858
16127
10754
16128
11861
16129
54749
10754
10755
10766
10755
11862
21894
10754
10755
10767
11863
10768
10769
11864
10758
10761
11771
10758
10762
10764
11865
10759
10765
10761
10762
10766
10761
10762
11775
11868
11776
10769
11869
10765
10768
16123
10765
10769
11871
10766
10768
10769
10768
10769
11873
16127
16128
11874
10786
10800
10774
10775
10786
10800
16137
10774
10788
22301
10775
10802
22302
10790
16138
55457
10805
16139
10777
10785
10789
58532
10782
10783
10784
10785
16149
10782
10784
22368
10783
10784
16150
10782
10783
10788
22369
10789
22370
10790
16151
55457
16152
10789
10790
16143
10790
16144
10789
22374
10789
10790
22375
22376
16145
10792
10799
16159
10803
58538
10796
10797
10798
10799
26423
10796
10798
22401
10796
10797
10802
22402
10803
22403
10805
26425
26426
10803
10804
10805
26410
10804
10805
26411
10803
10804
22405
10803
10805
22406
22407
26412
10808
10809
10817
13645
10808
10809
10818
55473
10821
10822
13648
55475
10814
10815
10816
10818
10831
10814
10815
10815
10816
10819
10814
10816
10832
10835
10821
10823
10836
10821
10822
13656
10821
10822
10823
10824
10821
10823
10822
10823
10825
13660
10828
13661
10829
10828
10829
10830
10831
55473
10828
10829
13664
10829
10830
10833
13678
10828
10830
13666
13679
55474
13667
55475
10836
10837
13681
55476
10835
10836
10837
55469
10835
10836
10836
10837
13692
10835
10837
13693
55470
55471
13695
55472
10842
24803
24804
24805
10843
10855
24810
24811
24814
10844
24817
24818
24821
10845
10856
24825
24826
24827
24831
24832
10847
24834
24835
16161
24837
24838
10848
16162
24840
24841
10854
16168
24843
24844
10855
24846
24847
10856
16164
24849
24850
10857
16167
16171
24852
24853
10856
16164
24856
24857
24858
10863
16165
16991
24863
24864
24865
16166
16992
24870
24871
24872
10857
10865
16167
24877
24878
24879
10866
24883
24884
24887
24890
24891
24894
24898
24899
24900
10869
24905
24906
24907
10900
16176
24911
24912
24915
10867
16177
24918
24919
24922
10868
16178
24926
24927
24928
10903
16179
24933
24934
24935
10868
16180
24940
24941
24942
16181
18331
24947
24948
24949
16182
18332
24954
24955
24956
10869
16183
24961
24962
24963
16168
24967
24968
24971
16169
24974
24975
24978
16170
24982
24983
24984
16171
24989
24990
24991
10872
10875
10872
10876
13734
10873
10875
10876
10896
10875
10876
10898
13737
10879
10879
10881
10882
56649
10880
10884
10881
10885
10896
10887
10899
56651
10884
10887
13770
10884
10888
13791
65582
10885
65584
10887
10888
10889
65586
10887
10888
10890
13773
13792
10894
13774
10895
13793
65587
10893
10894
10895
10896
10894
10895
13778
13794
10893
10895
13746
13795
10893
10894
10897
13748
13779
10898
13749
10899
13781
13796
10898
10899
10898
10899
13760
56658
13761
56659
16192
24995
24996
24999
10909
16193
25002
25003
25006
10910
16194
25010
25011
25012
16195
25017
25018
25019
10910
16196
25024
25025
25026
10925
16197
17003
25031
25032
25033
16198
17004
25038
25039
25040
10911
10927
16199
25045
25046
25047
10928
16184
25051
25052
25055
16185
25058
25059
25062
16186
25066
25067
25068
10931
16187
25073
25074
25075
10916
25079
25080
25081
10917
25086
25087
25090
10918
10929
25093
25094
25097
10919
10930
25101
25102
25103
25107
25108
16201
25110
25111
10921
25113
25114
10922
16202
25116
25117
10928
16184
25119
25120
10929
25122
25123
10930
16204
25125
25126
10931
16187
16207
25128
25129
10930
16204
25132
25133
25134
16205
18367
25139
25140
25141
16206
18368
25146
25147
25148
10931
16207
25153
25154
25155
25159
25160
25163
25166
25167
25170
25174
25175
25176
25181
25182
25183
10933
10935
10948
56649
10934
10949
10957
10935
10950
10959
54766
10953
54769
56652
10937
10939
10961
56541
10938
10958
10962
10939
10959
10963
54766
10966
54768
56543
10944
10945
10946
10950
10963
54766
10945
10946
13478
13764
54767
10944
10946
10951
10967
13765
10944
10945
10964
10968
13479
10952
10965
10969
10966
13482
54768
10953
13768
54769
10949
10952
10970
65199
10949
10953
13770
10950
65202
10952
10953
65204
10952
10953
10971
13772
10972
65205
13775
10957
10958
64843
65200
10957
64845
10958
10959
64848
65202
10959
65203
65204
10962
10965
10973
65201
10962
10966
13484
10963
65203
10965
10966
65204
10965
10966
10974
13486
10975
65205
13488
10969
10971
13806
10969
10974
57459
10972
10975
10972
55534
55549
10972
13809
55551
10975
55525
55550
10975
57462
55551
10980
25187
25188
25189
10981
10993
25194
25195
25198
10982
25201
25202
25205
10983
10994
25209
25210
25211
25215
25216
10985
25218
25219
16213
25221
25222
10986
16214
25224
25225
10992
16220
25227
25228
10993
25230
25231
10994
16216
25233
25234
10995
16219
16223
25236
25237
10994
16216
25240
25241
25242
11029
16217
16995
25247
25248
25249
16218
16996
25254
25255
25256
10995
11031
16219
25261
25262
25263
11036
25267
25268
25271
25274
25275
25278
25282
25283
25284
11039
25289
25290
25291
10998
10999
11007
13858
10998
10999
11008
55574
11011
11012
13861
55576
11004
11005
11006
11008
11021
11004
11005
11005
11006
11009
11004
11006
11022
11025
11011
11013
11026
11011
11012
13869
11011
11012
11013
11014
11011
11013
11012
11013
11015
13873
11018
13874
11019
11018
11019
11020
11021
55574
11018
11019
13877
11019
11020
11023
13891
11018
11020
13879
13892
55575
13880
55576
11026
11027
13894
55577
11025
11026
11027
55570
11025
11026
11026
11027
13905
11025
11027
13906
55571
55572
13908
55573
11038
16228
25296
25297
25298
16229
18343
25303
25304
25305
16230
18344
25310
25311
25312
11039
16231
25317
25318
25319
11170
16232
25323
25324
25327
11037
16233
25330
25331
25334
11038
16234
25338
25339
25340
11173
16235
25345
25346
25347
16220
25351
25352
25355
16221
25358
25359
25362
16222
25366
25367
25368
16223
25373
25374
25375
11042
11042
11044
11052
56714
11043
11054
11044
11055
11066
11057
11068
56716
11047
11050
11047
11051
13975
11048
11050
11051
11066
11050
11051
11069
13978
11054
11057
13953
11054
11058
14004
65590
11055
65592
11057
11058
11059
65593
11057
11058
11061
13956
14005
11063
13957
11065
14006
65594
11063
11064
11065
11066
11064
11065
13987
14007
11063
11065
13961
14008
11063
11064
11067
13963
13988
11068
13964
11069
13990
14009
11068
11069
11068
11069
13994
56723
56724
13995
11080
16244
25380
25381
25382
16245
18391
25387
25388
25389
16246
18392
25394
25395
25396
11081
16247
25401
25402
25403
16248
25407
25408
25411
11079
16249
25414
25415
25418
11080
16250
25422
25423
25424
16251
25429
25430
25431
16236
25435
25436
25439
16237
25442
25443
25446
16238
25450
25451
25452
16239
25457
25458
25459
11084
11085
11093
14071
11084
11085
11094
55606
11097
11098
14074
55608
11090
11091
11092
11094
11107
11090
11091
11237
11090
11092
11095
11091
11092
11108
11239
11097
11111
11241
11099
11112
11097
11098
14082
11097
11098
11099
11100
11097
11099
11098
11099
11101
14086
11104
14087
11105
11104
11105
11106
11107
55606
11104
11105
14090
11104
11106
14091
14104
55607
11105
11106
11109
14106
14093
55608
11112
11113
14107
55609
11111
11112
11113
55602
11111
11112
11258
11112
11113
14125
11111
11113
11260
14126
55603
11261
55604
14128
55605
11116
11117
11126
16259
11116
55610
55620
11128
55612
11131
11136
16262
11122
11123
11124
11129
11133
11122
11124
22968
11123
11124
11130
11138
11122
11123
11134
11139
22969
11135
22970
11131
11136
11141
11132
11135
58667
11128
11131
16263
11128
11132
56057
65831
11129
65833
11131
11132
65834
11131
11132
16267
16268
56058
65836
11135
11136
11135
11136
11150
22974
22975
11153
11140
11141
11149
16266
54789
11141
16267
11140
11141
11150
23026
11152
23027
54791
11153
16268
11146
11147
11148
11149
26440
54789
11146
11148
12229
23030
54790
11147
11148
12230
26441
11146
11147
11151
23031
11152
23032
54791
11154
26442
12233
26443
54792
11152
11153
11154
16261
11152
11153
23037
11152
11154
23038
23039
16262
11157
12347
58715
11157
11160
12348
16274
12351
16276
11161
11162
16280
11162
12352
23187
11161
11162
12353
16281
16282
12355
16283
11165
11168
12294
11165
11169
12356
16278
11166
16279
11168
11169
16280
11168
11169
12298
12359
12299
12360
16283
16292
25463
25464
25467
11179
16293
25470
25471
25474
11180
16294
25478
25479
25480
16295
25485
25486
25487
11180
16296
25492
25493
25494
11225
16297
17043
25499
25500
25501
16298
17044
25506
25507
25508
11181
11227
16299
25513
25514
25515
11228
16284
25519
25520
25523
16285
25526
25527
25530
16286
25534
25535
25536
11231
16287
25541
25542
25543
11184
11187
11184
11188
14160
11185
11187
11188
11208
11187
11188
11210
14163
11191
11191
11193
11194
56787
11192
11196
11193
11197
11208
11199
11211
56789
11196
11199
14196
11196
11200
14217
65596
11197
65598
11199
11200
11201
65600
11199
11200
11202
14199
14218
11206
14200
11207
14219
65601
11205
11206
11207
11208
11206
11207
14204
14220
11205
11207
14172
14221
11205
11206
11209
14174
14205
11210
14175
11211
14207
14222
11210
11211
11210
11211
14186
56796
14187
56797
11216
25547
25548
25549
11217
25554
25555
25558
11218
11229
25561
25562
25565
11219
11230
25569
25570
25571
25575
25576
16301
25578
25579
11221
25581
25582
11222
16302
25584
25585
11228
16284
25587
25588
11229
25590
25591
11230
16304
25593
25594
11231
16287
16307
25596
25597
11230
16304
25600
25601
25602
16305
18523
25607
25608
25609
16306
18524
25614
25615
25616
11231
16307
25621
25622
25623
25627
25628
25631
25634
25635
25638
25642
25643
25644
25649
25650
25651
11234
11235
11243
14284
11234
11235
11244
55659
11247
11248
14287
55661
11240
11241
11242
11244
11257
11240
11241
11240
11242
11245
11241
11242
11258
11247
11261
11249
11262
11247
11248
14295
11247
11248
11249
11250
11247
11249
11248
11249
11251
14299
11254
14300
11255
11254
11255
11256
11257
55659
11254
11255
14303
11254
11256
14304
14318
55660
11255
11256
11259
14319
14306
55661
11262
11263
14320
55662
11261
11262
11263
55655
11261
11262
11262
11263
14338
11261
11263
14339
55656
55657
14341
55658
11268
25655
25656
25657
11269
25662
25663
25666
11270
11281
25669
25670
25673
11271
11282
25677
25678
25679
25683
25684
16309
25686
25687
11273
25689
25690
11274
16310
25692
25693
11280
15078
25695
25696
11281
25698
25699
11282
16312
25701
25702
11283
15081
16315
25704
25705
11282
16312
25708
25709
25710
16313
18571
25715
25716
25717
16314
18572
25722
25723
25724
11283
16315
25729
25730
25731
25735
25736
25739
25742
25743
25746
25750
25751
25752
25757
25758
25759
11286
11289
11286
11290
14373
11287
11289
11290
11310
11289
11290
11312
14376
11293
11293
11295
11296
56856
11294
11298
11295
11299
11310
11301
11313
56858
11298
11301
14409
11298
11302
14430
65604
11299
65606
11301
11302
11303
65607
11301
11302
11305
14412
14431
11308
14413
11309
14432
65608
11307
11308
11309
11310
11307
11309
14385
14433
11308
11309
14417
14434
11307
11308
11311
14386
14418
11312
14388
11313
14420
14435
11312
11313
11312
11313
14392
56865
14393
56866
11318
11319
11318
11319
12402
23406
11319
11321
12403
16322
11318
11322
23407
23408
12404
16323
11323
12406
23451
11323
12407
16330
23452
12408
16331
11326
12326
55679
11326
11328
12410
16328
16329
55680
11328
12329
12414
12415
16331
11330
11332
11345
56787
11331
11346
11354
11332
11347
11356
54805
11350
54808
56790
11334
11336
11358
56577
11335
11355
11359
11336
11356
11360
54805
11363
54807
56579
11341
11342
11343
11347
11360
54805
11342
11343
13562
14190
54806
11341
11343
11348
11364
14191
11341
11342
11361
11365
13563
11349
11362
11366
11363
13566
54807
11350
14194
54808
11346
11349
11367
65206
11346
11350
14196
11347
65209
11349
11350
65211
11349
11350
11368
14198
11369
65212
14201
11354
11355
64857
65207
11354
64858
11355
11356
64861
65209
11356
65210
65211
11359
11362
11370
65208
11359
11363
13568
11360
65210
11362
11363
65211
11362
11363
11371
13570
11372
65212
13572
11366
11368
14232
11366
11371
57477
11369
11372
11369
55702
55708
11369
14235
55710
11372
55693
55709
11372
57480
55710
11383
16347
25764
25765
25766
16348
18535
25771
25772
25773
16349
18536
25778
25779
25780
11384
16350
25785
25786
25787
16351
25791
25792
25795
11382
16352
25798
25799
25802
11383
16353
25806
25807
25808
16354
25813
25814
25815
16339
25819
25820
25823
16340
25826
25827
25830
16341
25834
25835
25836
16342
25841
25842
25843
11387
11387
11389
11397
56889
11388
11399
11389
11400
11411
11402
11413
56891
11392
11395
11392
11396
14526
11393
11395
11396
11411
11395
11396
11414
14529
11399
11402
14504
11399
11403
14555
65611
11400
65613
11402
11403
11404
65614
11402
11403
11406
14507
14556
11408
14508
11410
14557
65615
11408
11409
11410
11411
11409
11410
14538
14558
11408
11410
14512
14559
11408
11409
11412
14514
14539
11413
14515
11414
14541
14560
11413
11414
11413
11414
14545
56898
56899
14546
11417
11418
11426
14622
11417
11418
11427
55733
11430
11431
14625
55735
11423
11424
11425
11427
11440
11423
11424
11472
11423
11425
11428
11424
11425
11441
11474
11430
11444
11476
11432
11445
11430
11431
14633
11430
11431
11432
11433
11430
11432
11431
11432
11434
14637
11437
14638
11438
11437
11438
11439
11440
55733
11437
11438
14641
11437
11439
14642
14655
55734
11438
11439
11442
14657
14644
55735
11445
11446
14658
55736
11444
11445
11446
55729
11444
11445
11493
11445
11446
14676
11444
11446
11495
14677
55730
11496
55731
14679
55732
11451
25847
25848
25849
11452
25854
25855
25858
11453
11464
25861
25862
25865
11454
11465
25869
25870
25871
25875
25876
16356
25878
25879
11456
25881
25882
11457
16357
25884
25885
11463
15102
25887
25888
11464
25890
25891
11465
16359
25893
25894
11466
15105
16362
25896
25897
11465
16359
25900
25901
25902
16360
18575
25907
25908
25909
16361
18576
25914
25915
25916
11466
16362
25921
25922
25923
25927
25928
25931
25934
25935
25938
25942
25943
25944
25949
25950
25951
11469
11470
11478
14710
11469
11470
11479
55753
11482
11483
14713
55755
11475
11476
11477
11479
11492
11475
11476
11475
11477
11480
11476
11477
11493
11482
11496
11484
11497
11482
11483
14721
11482
11483
11484
11485
11482
11484
11483
11484
11486
14725
11489
14726
11490
11489
11490
11491
11492
55753
11489
11490
14729
11489
11491
14730
14744
55754
11490
11491
11494
14745
14732
55755
11497
11498
14746
55756
11496
11497
11498
55749
11496
11497
11497
11498
14764
11496
11498
14765
55750
55751
14767
55752
11501
11501
11503
11511
56990
11502
11513
11503
11514
11525
11516
11527
56992
11506
11509
11506
11510
14827
11507
11509
11510
11525
11509
11510
11528
14830
11513
11516
14805
11513
11517
14856
65617
11514
65619
11516
11517
11518
65621
11516
11517
11519
14808
14857
11522
14809
11524
14858
65622
11522
11523
11524
11525
11522
11524
14813
14859
11523
11524
14839
14860
11522
11523
11526
14814
14840
11527
14816
11528
14842
14861
11527
11528
11527
11528
14846
56999
57000
14847
11532
11537
11548
11531
11532
11541
11549
24078
11543
24079
11538
11544
11551
11542
11565
58903
11536
11538
11553
16363
11536
16803
55757
16365
55759
11538
11557
11558
16368
11543
11544
11545
16366
11544
11545
11560
11570
16367
11543
11544
11561
24083
11543
11545
11571
24084
24085
11562
16368
11574
16369
11550
11551
11552
11556
11550
11552
12446
24128
11551
11552
11557
12447
11550
11551
11561
24129
24130
11558
11562
11559
12450
11555
11558
16373
11555
11559
26659
55760
11556
16374
11558
11559
16375
11558
11559
26662
16377
26663
55761
11562
16376
11562
58910
16377
11566
11567
11568
11569
16388
11566
11568
24138
11566
11567
11571
24139
11572
24140
11574
16389
11572
11573
11574
16381
55762
11573
11574
16382
11572
11574
24145
24146
55763
16383
16384
11577
11594
55773
11577
11578
11597
16402
11596
11599
11602
11607
16405
11581
11584
11595
26729
11581
11585
11598
56302
11582
11596
11599
11584
11585
11600
11584
11585
26733
56303
26734
11603
56304
11606
58928
11591
11592
11593
11600
11604
11591
11593
24251
11592
11593
11601
11609
11591
11592
11605
11610
24252
11606
24253
11602
11607
11612
11603
11596
55781
11596
26737
11599
11602
16406
11599
11603
56305
11600
11602
11603
11602
11603
16410
16411
56306
11606
11607
11606
11607
11622
24258
24259
11625
11611
11612
11613
11621
16409
54824
11612
11613
16410
11611
11612
11622
24309
11624
24310
54825
11625
16411
16412
11618
11619
11620
11621
26478
54824
11618
11620
12750
24313
11619
11620
12751
26479
11618
11619
11623
24314
11624
24315
54825
11626
26480
12754
26481
54826
11624
11625
11626
16404
11624
11625
24320
11624
11626
24321
24322
16405
11631
11632
11631
11632
12860
24483
11632
11634
12861
16419
11631
24484
24485
12862
16420
11635
12865
24529
11635
11644
12866
11645
12867
11638
12775
55800
11638
11640
11642
12869
11643
55801
11640
12778
12873
11645
12874
11643
16416
55797
11643
11645
12877
55798
11645
12880
16419
12881
11649
11653
11689
11648
11649
11658
11690
24717
11659
24718
11654
11661
11692
11652
11654
11694
16422
11652
16965
55804
16423
55805
11654
11698
11699
16427
11659
11660
11661
16424
11660
11661
11681
11701
16425
11659
11660
11683
24723
11659
11661
11702
24724
24725
11686
16426
11703
16427
11664
11668
11675
16421
11664
11667
16438
11665
11677
16440
11667
11668
11678
11680
16441
11667
11668
11681
16425
55802
11685
11679
11686
16426
11672
11673
11674
11678
11680
11672
11674
24766
11672
11673
11683
24767
11684
24768
11679
11686
11677
11679
16428
11677
16431
56250
11678
16433
11679
16434
11684
11685
11686
55806
11685
11686
11684
11685
11684
11686
24773
24774
55807
11691
11692
11693
11697
11691
11693
12848
24795
11692
11693
11698
12849
11691
11692
11702
24796
11699
11703
11700
12852
11696
11699
16443
11696
11700
26749
55808
11697
16444
11699
11700
16445
11699
11700
26752
16447
26753
11703
16446
11703
59011
16447
11706
11707
11710
11722
21571
11707
11718
11723
11712
21572
11713
11719
11725
11712
11713
11714
16456
11713
11714
11727
11751
16457
11712
11713
11728
21579
11712
11714
11753
21580
21581
11729
16458
11756
16459
11717
11719
11730
16453
11717
16491
55811
16455
55813
11719
11734
11735
16458
11724
11725
11726
11733
11724
11726
11825
21622
11724
11725
11728
21623
11725
11726
11734
11826
11729
11735
11736
11829
11729
16466
11729
58419
16467
11732
11735
16463
11732
11736
26502
55814
11733
16464
11735
11736
16465
11735
11736
26505
16467
26506
11739
11742
16475
11739
11743
11757
16454
11740
11759
16477
11742
11743
11750
11760
16478
11742
11743
11751
16457
55810
11755
11756
11761
16459
11747
11748
11749
11750
11760
11747
11749
21630
11747
11748
11753
21631
11754
21632
11756
11761
11754
11755
11756
55815
11755
11756
11754
11755
11754
11756
21637
21638
55816
11759
11761
16460
11759
16469
55933
11760
16470
11761
16471
11765
11838
21659
54828
11764
11765
11768
11839
16484
11769
16485
11842
16486
54829
11769
11770
11781
11770
11843
21662
11769
11770
11782
11844
11783
11784
11845
11773
11776
11773
11777
11779
11846
11774
11780
11776
11777
11781
11776
11777
11849
11784
11850
11780
11783
16480
11780
11784
11852
11781
11783
11784
11783
11784
11854
16484
16485
11855
11787
11788
11804
16493
11787
11811
55824
11806
11813
11810
11817
16497
11791
11794
11805
55443
11791
11795
11812
26509
11792
11806
11813
11794
11795
11807
11794
11795
26512
55444
11809
55445
26514
11800
11801
11802
11807
11814
11800
11801
21665
11801
11802
11808
11819
11800
11802
11815
11820
21666
11816
21667
11809
11810
11817
11823
11816
58432
11806
11810
16498
11806
11809
55446
11807
11809
11810
11809
11810
16502
55447
16504
11813
55832
11813
26516
11816
11817
11816
11817
11832
21672
21673
11835
11821
11822
11823
11831
16501
54837
11822
11823
16502
11821
11823
11832
21723
11834
21724
54838
16503
11835
16504
11828
11829
11830
11831
26504
54837
11828
11829
21727
11829
11830
26505
11828
11830
11833
21728
11834
21729
54838
26506
54839
11836
26507
11834
11835
11836
16496
11834
11835
21734
11834
11836
21735
21736
16497
11841
11842
11841
11842
21791
11842
11844
16511
11841
21792
21793
16512
11845
21837
11845
11854
11855
11848
11850
11852
11848
11866
55839
11853
55840
11850
11868
11855
11853
16508
55835
11853
11855
55837
11855
16511
11860
11861
11860
11861
21897
11861
11863
16519
11860
21898
21899
16520
11864
21943
11864
11873
11874
11867
11869
11871
11867
55862
11872
55863
11869
11874
11872
16516
55858
11872
11874
55860
11874
16519
11877
11878
11894
16527
11877
11901
55883
11896
11903
11900
11907
16531
11881
11884
11895
55853
11881
11885
11902
26519
11882
11896
11903
11884
11885
11897
11884
11885
26522
55854
11899
55855
26524
11890
11891
11892
11897
11904
11890
11891
21997
11891
11892
11898
11909
11890
11892
11905
11910
21998
11906
21999
11899
11900
11907
11913
11906
58488
11896
11900
16532
11896
11899
55856
11897
11899
11900
11899
11900
16536
55857
16538
11903
55891
11903
26526
11906
11907
11906
11907
11922
22004
22005
11925
11911
11912
11913
11921
16535
54849
11912
11913
16536
11911
11913
11922
22055
11924
22056
54850
16537
11925
16538
11918
11919
11920
11921
26536
54849
11918
11920
11944
22059
11918
11919
11923
22060
11919
11920
11945
26537
11924
22061
54850
11926
26538
11948
26539
54851
11924
11925
11926
16530
11924
11925
22066
11924
11926
22067
22068
16531
11930
11934
11945
11929
11930
11938
11946
22123
11940
22124
11935
11941
11949
11933
11935
11950
16540
11933
16525
55896
16541
55897
11935
11954
11956
16544
11940
11941
11942
16542
11941
11942
11957
11979
16543
11940
11941
11958
22131
11940
11942
11981
22132
22133
11959
16544
11984
16545
11947
11948
11949
11953
11947
11948
22174
11948
11949
11954
11947
11949
11958
22175
11955
11956
11959
11952
11956
16549
11952
11955
26534
55898
11953
16550
11955
11956
16551
11955
11956
26537
26539
16553
11959
16552
11959
58506
16553
11962
11966
11973
16539
11962
11965
16561
11963
11975
16563
11965
11966
11976
11978
16564
11965
11966
11979
16543
55894
11983
11977
11984
16545
11970
11971
11972
11976
11978
11970
11971
22182
11970
11972
11981
22183
11982
22184
11977
11984
11975
11977
16546
11975
16554
55544
11976
16556
11977
16557
11982
11983
11984
55899
11983
11984
11982
11983
11982
11984
22189
22190
55900
11992
12004
58512
11988
11989
11993
12016
22211
11989
12000
12017
11994
22212
11996
12001
12019
11994
11995
11996
16574
11995
11996
12009
12021
16575
11994
11995
12010
22216
11994
11996
12022
22217
22218
12013
16576
12023
16577
11999
12001
12024
16572
11999
16677
55904
16573
55905
12001
12028
12029
16577
12005
12006
12007
12008
16591
12005
12007
22261
12005
12006
12010
22262
12011
22263
12013
16592
12011
12012
12013
16584
55906
12012
12013
16585
12011
12013
22268
22269
55907
16586
16587
12018
12019
12020
12027
12018
12020
12274
22286
12018
12019
12022
22287
12019
12020
12028
12275
22288
12023
12029
12030
12278
12023
16596
12023
58524
16597
12026
12029
16593
12026
12030
26595
55909
12027
16594
12029
12030
16595
12029
12030
26598
16597
26599
55910
12032
12034
12047
56335
12033
12048
12056
12034
12049
12058
54852
12052
54854
56338
12036
12038
12060
56505
12037
12057
12061
12038
12058
12062
54852
12065
54855
56507
12043
12044
12045
12049
12062
54852
12044
12045
12914
13394
54853
12043
12044
12050
12066
12915
12043
12045
12063
12067
13395
12051
12064
12068
12052
12918
54854
12065
13398
54855
12048
12051
12069
65213
12048
12052
12920
12049
65216
12051
12052
65218
12051
12052
12070
12922
12071
65219
12925
12056
12057
64871
65214
12056
64873
12057
12058
64876
65216
12058
65217
65218
12061
12064
12072
65215
12061
12065
13400
12062
65217
12064
12065
65218
12064
12065
12073
13402
12074
65219
13404
12068
12070
12956
12068
12073
57441
12071
12074
12071
55920
55935
12071
12959
55937
12074
55911
55936
12074
57444
55937
12076
12078
12091
56400
12077
12092
12100
12078
12093
12102
54856
12096
54858
56403
12080
12082
12104
56517
12081
12101
12105
12082
12102
12106
54856
12109
54859
56519
12087
12088
12089
12093
12106
54856
12088
12089
13097
13422
54857
12087
12088
12094
12110
13098
12087
12089
12107
12111
13423
12095
12108
12112
12096
13101
54858
12109
13426
54859
12092
12095
12113
65220
12092
12096
13103
12093
65223
12095
12096
65225
12095
12096
12114
13105
12115
65226
13108
12100
12101
64885
65221
12100
64887
12101
12102
64890
65223
12102
65224
65225
12105
12108
12116
65222
12105
12109
13428
12106
65224
12108
12109
65225
12108
12109
12117
13430
12118
65226
13432
12112
12114
13160
12112
12117
57450
12115
12118
12115
55947
55959
12115
13163
55961
12118
55938
55960
12118
57453
55961
12135
12149
12123
12124
12135
12149
16616
12123
12137
22503
12124
12151
22504
12139
16617
55971
12154
16618
12126
12134
12138
58580
12131
12132
12133
12134
16631
12131
12132
22570
12132
12133
16632
12131
12133
12137
22571
12138
22572
16633
12139
16634
55971
12138
12139
16622
12139
16623
12138
22576
12138
12139
22577
22578
16624
12141
12148
16638
12152
58586
12145
12146
12147
12148
26574
12145
12146
22603
12145
12147
12151
22604
12152
22605
26576
12154
26577
12152
12153
12154
26561
12153
12154
26562
12152
12153
22607
12152
12154
22608
22609
26563
12156
12158
12171
56714
12157
12172
12180
12158
12173
12182
54860
12176
54863
56717
12160
12162
12184
56553
12161
12181
12185
12162
12182
12186
54860
12189
54862
56555
12167
12168
12169
12173
12186
54860
12168
12169
13506
13947
54861
12167
12169
12174
12190
13948
12167
12168
12187
12191
13507
12175
12188
12192
12189
13510
54862
12176
13951
54863
12172
12175
12193
65227
12172
12176
13953
12173
65230
12175
12176
65232
12175
12176
12194
13955
12195
65233
13958
12180
12181
64899
65228
12180
64901
12181
12182
64904
65230
12182
65231
65232
12185
12188
12196
65229
12185
12189
13512
12186
65231
12188
12189
65232
12188
12189
12197
13514
12198
65233
13516
12192
12194
14010
12192
12197
57468
12195
12198
12195
55992
56004
12195
14013
56006
12198
55983
56005
12198
57471
56006
12211
12218
58604
12203
12207
12230
12202
12203
12212
12231
22664
12213
22665
12208
12215
12234
12206
12208
12235
16646
12206
16256
56007
16648
56009
12208
12239
12241
16652
12213
12214
12215
16649
12214
12215
12223
12242
16650
12213
12214
12224
22669
12213
12215
12243
22670
22671
12227
16651
12244
16652
12219
12220
12221
12222
16666
12219
12220
22714
12219
12221
12224
22715
12225
22716
12227
16667
12225
12226
12227
16659
56010
12226
12227
16660
12225
12227
22721
22722
56011
16661
16662
12232
12233
12234
12238
12232
12233
22739
12233
12234
12239
12232
12234
12243
22740
22741
12240
12241
12244
12237
12241
16668
12237
12240
26438
56013
12238
16669
12240
12241
16670
12240
12241
26441
26443
56014
16672
12244
16671
12244
58616
16672
12247
12248
12257
16679
12247
56015
56025
12259
56017
12263
12267
16683
12253
12254
12255
12260
12264
12253
12254
22749
12254
12255
12261
12269
12253
12255
12265
12270
22750
12266
22751
12262
12263
12267
12272
12266
58619
12259
12263
16684
12259
12262
55556
65838
12260
65840
12262
12263
65841
12262
12263
16688
55557
65843
16690
12266
12267
12266
12267
12281
22755
22756
12284
12271
12272
12280
16687
54871
12272
16688
12271
12272
12281
22807
12283
22808
54873
12284
16690
12277
12278
12279
12280
26597
54871
12277
12278
22811
54872
12278
12279
26598
12277
12279
12282
22812
12283
22813
54873
26599
54874
12285
26600
12283
12284
12285
16682
12283
12284
22818
12283
12285
22819
22820
16683
12288
12302
58636
12288
12291
12303
16695
12306
16697
12292
12293
16701
12293
12307
22870
12292
12293
12308
16702
16703
12310
16704
12296
12299
12296
12300
12311
16699
12297
16700
12299
12300
16701
12299
12300
12314
12315
16704
12305
12306
12305
12306
22873
12306
12308
16711
12305
12309
22874
22875
16712
12310
22918
12310
16719
22919
16720
12313
12315
16717
12313
12357
56052
16718
56053
12315
12359
16720
12320
12321
12320
12321
12331
23089
12321
12323
12332
16727
12320
12324
23090
23091
12333
16728
12325
12335
23134
12325
12336
16735
23135
12337
16736
12328
56075
12328
12330
12339
16733
16734
56076
12330
12343
12344
16736
12333
58704
12333
12336
16741
16742
12337
12338
16747
12337
23184
12337
12338
16748
16749
16750
12341
12344
16745
12341
12345
12411
12342
16746
12344
12345
16747
12344
12345
12414
16749
12416
12350
12351
12350
12351
23190
12351
12353
16757
12350
12354
23191
23192
16758
12355
23235
12355
16765
23236
16766
12358
12360
16763
12358
56081
16764
56082
12360
16766
12363
56100
56110
12363
12364
12373
16773
12375
56102
12379
12383
16777
12382
58746
12370
12371
12372
12376
12380
12370
12371
23285
12371
12372
12377
12385
12370
12372
12381
12386
23286
12382
23287
12378
12379
12383
12388
12375
12379
16778
12375
12378
56098
65846
12376
65847
12378
12379
65848
12378
12379
16782
56099
65851
16784
12382
12383
12382
12383
12397
23291
23292
12400
12387
12388
12396
16781
54882
12388
16782
12387
12388
12397
23343
12399
23344
54884
12400
16784
12393
12394
12395
12396
26646
54882
12393
12395
12476
23347
54883
12393
12394
12398
23348
12394
12395
12477
26647
12399
23349
54884
12401
26648
12480
26649
54885
12399
12400
12401
16776
12399
12400
23354
12399
12401
23355
23356
16777
12404
58783
12404
12407
16789
16790
12408
12409
16795
12408
23501
12408
12409
16796
16797
16798
12412
12415
16793
12412
12416
12413
16794
12415
12416
16795
12415
12416
16797
12419
56121
56131
12419
12420
12429
16806
12431
56123
12434
12439
16809
12438
58794
12426
12427
12428
12432
12436
12426
12428
23504
12427
12428
12433
12441
12426
12427
12437
12442
23505
12438
23506
12434
12439
12444
12435
12431
12434
16810
12431
12435
56145
65853
12432
65854
12434
12435
65855
12434
12435
16814
16815
56146
65858
12438
12439
12438
12439
12453
23510
23511
12456
12443
12444
12452
16813
54893
12444
16814
12443
12444
12453
23562
12455
23563
54895
12456
16815
12449
12450
12451
12452
26661
54893
12449
12450
23566
54894
12450
12451
26662
12449
12451
12454
23567
12455
23568
54895
26663
54896
12457
26664
12455
12456
12457
16808
12455
12456
23573
12455
12457
23574
23575
16809
12461
12466
12477
12460
12461
12470
12478
23625
12472
23626
12467
12473
12481
12471
12494
58811
12465
12467
12482
16818
12465
16771
56148
16819
56149
12467
12486
12488
16822
12472
12473
12474
16820
12473
12474
12489
12499
16821
12472
12473
12490
23630
12472
12474
12500
23631
23632
12491
16822
12503
16823
12479
12480
12481
12485
12479
12480
23675
12480
12481
12486
12479
12481
12490
23676
23677
12487
12488
12491
12484
12488
16827
12484
12487
26644
56150
12485
16828
12487
12488
16829
12487
12488
26647
26649
56151
16831
12491
16830
12491
58818
16831
12495
12496
12497
12498
16842
12495
12496
23685
12495
12497
12500
23686
12501
23687
12503
16843
12501
12502
12503
16835
56152
12502
12503
16836
12501
12503
23692
23693
56153
16837
16838
12519
12535
12508
12509
12519
12535
16851
12508
12521
23731
12509
12537
23732
12524
16852
12539
16853
56165
12511
12518
16857
12522
58840
12515
12516
12517
12518
26699
12515
12516
23798
12515
12517
12521
23799
12522
23800
26701
12524
26702
12522
12523
12524
26686
12523
12524
26687
12522
12523
23802
12522
12524
23803
23804
26688
12526
12534
12538
58846
12531
12532
12533
12534
16867
12531
12532
23829
12532
12533
16868
12531
12533
12537
23830
12538
23831
16869
12539
16870
56165
12538
12539
16861
12539
16862
12538
23835
12538
12539
23836
23837
16863
12541
12543
12556
56889
12542
12557
12565
12543
12558
12567
54897
12561
54900
56892
12545
12547
12569
56589
12546
12566
12570
12547
12567
12571
54897
12574
54899
56591
12552
12553
12554
12558
12571
54897
12553
12554
13590
14498
54898
12552
12554
12559
12575
14499
12552
12553
12572
12576
13591
12560
12573
12577
12574
13594
54899
12561
14502
54900
12557
12560
12578
65234
12557
12561
14504
12558
65237
12560
12561
65239
12560
12561
12579
14506
12580
65240
14509
12565
12566
64913
65235
12565
64914
12566
12567
64917
65237
12567
65238
65239
12570
12573
12581
65236
12570
12574
13596
12571
65238
12573
12574
65239
12573
12574
12582
13598
12583
65240
13600
12577
12579
14561
12577
12582
57486
12580
12583
12580
56186
56192
12580
14564
56194
12583
56177
56193
12583
57489
56194
12585
12587
12600
56856
12586
12601
12616
12587
12602
12618
54901
12605
54904
56859
12589
12591
12607
56469
12590
12608
12617
12591
12609
12618
54901
12612
54903
56471
12596
12597
12598
12602
12609
54901
12597
12598
13310
14403
54902
12596
12598
12603
12619
14404
12596
12597
12610
12620
13311
12604
12611
12621
12612
13314
54903
12605
14407
54904
12601
12604
12622
65241
12601
12605
14409
12602
65244
12604
12605
65246
12604
12605
12623
14411
12624
65247
14414
12608
12611
12625
65242
12608
12612
13316
12609
65245
12611
12612
65246
12611
12612
12626
13318
12627
65247
13320
12616
12617
64927
65243
12616
64928
12617
12618
64931
65244
12618
65245
65246
12621
12623
14445
12621
12626
57423
12624
12627
12624
56213
56219
12624
14448
56221
12627
56204
56220
12627
57426
56221
12629
12631
12644
56990
12630
12645
12660
12631
12646
12662
54905
12649
54908
56993
12633
12635
12651
56481
12634
12652
12661
12635
12653
12662
54905
12656
54907
56483
12640
12641
12642
12646
12653
54905
12641
12642
13338
14799
54906
12640
12642
12647
12663
14800
12640
12641
12654
12664
13339
12648
12655
12665
12656
13342
54907
12649
14803
54908
12645
12648
12666
65248
12645
12649
14805
12646
65251
12648
12649
65253
12648
12649
12667
14807
12668
65254
14810
12652
12655
12669
65249
12652
12656
13344
12653
65252
12655
12656
65253
12655
12656
12670
13346
12671
65254
13348
12660
12661
64941
65250
12660
64942
12661
12662
64945
65251
12662
65252
65253
12665
12667
14862
12665
12670
57432
12668
12671
12668
56237
56243
12668
14865
56245
12671
56228
56244
12671
57435
56245
12687
12703
12676
12677
12687
12703
16896
12676
12689
23933
12677
12705
23934
12692
16897
12707
16898
56264
12679
12686
16902
12690
58888
12683
12684
12685
12686
26719
12683
12685
24000
12683
12684
12689
24001
12690
24002
12692
26721
26722
12690
12691
12692
26706
12691
12692
26707
12690
12691
24004
12690
12692
24005
24006
26708
12694
12702
12706
58894
12699
12700
12701
12702
16915
12699
12701
24031
12699
12700
12705
24032
12700
12701
16916
12706
24033
12707
16917
56264
16918
12706
12707
16906
12707
16907
12706
24037
12706
12707
24038
24039
16908
12711
12715
12751
12710
12711
12720
12752
24165
12721
24166
12716
12723
12755
12714
12716
12756
16919
12714
16399
56278
16921
56280
12716
12760
12762
16925
12721
12722
12723
16922
12722
12723
12743
12763
16923
12721
12722
12745
24171
12721
12723
12764
24172
24173
12748
16924
12765
16925
12726
12729
16936
12726
12730
12737
16920
12727
12739
16938
12729
12730
12740
12742
16939
12729
12730
12743
16923
56277
12747
12741
12748
16924
12734
12735
12736
12740
12742
12734
12735
24214
12734
12736
12745
24215
12746
24216
12741
12748
12739
12741
16926
12739
16930
56202
12740
16931
12741
16932
12746
12747
12748
56281
12747
12748
12746
12747
12746
12748
24221
24222
56282
12753
12754
12755
12759
12753
12754
24243
12754
12755
12760
12753
12755
12764
24244
12761
12762
12765
12758
12762
16941
12758
12761
26476
56283
12759
16942
12761
12762
16943
12761
12762
26479
26481
16945
12765
16944
12765
58924
16945
12770
12771
12770
12771
12785
24377
12771
12773
12786
16952
12770
24378
24379
12787
16953
12774
12790
24423
12774
12783
12791
12784
12792
12777
56300
12777
12779
12781
12794
12782
56301
12779
12798
12784
12799
12782
16949
56297
12782
12784
12802
56298
12784
12805
16952
12806
12787
24477
54912
12787
12788
12791
16958
16959
54913
12793
16960
12792
12793
12804
12792
24480
12792
12793
12805
12806
12807
12796
12799
12802
12796
12800
12870
12797
12803
12799
12800
12804
12799
12800
12873
12806
12875
12803
12807
16954
12803
12806
12804
12806
12807
12806
12807
16958
16960
12810
12827
56314
12810
12811
12830
16968
12829
12832
12835
12840
16971
12814
12817
12828
26482
12814
12818
12831
56325
12815
12829
12832
12817
12818
12833
12817
12818
26486
56326
26487
12836
56327
12839
58984
12824
12825
12826
12833
12837
12824
12826
24583
12825
12826
12834
12842
12824
12825
12838
12843
24584
12839
24585
12835
12840
12845
12836
12829
56322
12829
26490
12832
12835
16972
12832
12836
56328
12833
12835
12836
12835
12836
16976
16977
56329
12839
12840
12839
12840
12855
24590
24591
12858
12844
12845
12846
12854
16975
54921
12845
12846
16976
12844
12845
12855
24641
12857
24642
54922
12858
16977
16978
12851
12852
12853
12854
26751
54921
12851
12852
24645
12852
12853
26752
12851
12853
12856
24646
12857
24647
54922
26753
54923
12859
26754
12857
12858
12859
16970
12857
12858
24652
12857
12859
24653
24654
16971
12862
24709
54925
12862
12863
12866
16983
16984
54926
12868
16985
12867
12868
12879
12867
24712
12867
12868
12880
12881
12882
12871
12874
12877
12871
12875
12872
12878
12874
12875
12879
12874
12875
12881
12878
12882
16979
12878
12881
12879
12881
12882
12881
12882
16983
16985
12885
65011
12885
12887
65012
12886
65014
12887
12902
12904
12890
12894
13649
65018
12890
12893
12947
65019
12891
65021
12893
12894
12906
12893
12894
12907
12948
13653
12910
12949
12912
13654
12899
12900
12901
12902
12906
12899
12900
12950
12899
12901
12903
12981
12900
12901
12908
12951
12982
12904
12910
12952
12905
12911
12984
12904
12905
56331
12904
12905
56365
56333
56366
12910
12911
12912
56331
12910
12912
12953
13671
12910
12911
12954
12995
12911
12912
12996
13673
56332
12955
12998
56333
13674
56334
12917
12918
12919
12921
12934
54929
12917
12918
24803
54930
12918
12919
12922
12956
12917
12919
12935
12957
24804
12938
24806
54931
12925
54932
12926
12939
12958
12924
12925
56335
12924
12925
12926
12927
56336
12925
12926
12959
12924
12926
12928
12960
12931
56337
56338
12932
12961
12931
12932
12933
12934
56343
12931
12932
12962
12931
12933
12981
56344
12932
12933
12936
12963
12983
56345
12939
12964
12940
12985
56346
12938
12939
12940
56339
12938
12939
12965
24810
12939
12940
12966
13002
12938
12940
13003
24811
56340
24812
56341
12967
13006
56342
12943
55921
56348
12943
12945
12960
12946
56349
12946
12950
56351
12946
12962
56352
12949
55826
56353
12949
12953
57496
12955
56355
12952
56354
12952
12954
12968
12955
56355
12955
57498
12955
12974
12958
12959
12958
12965
24831
12961
12967
12961
12961
12962
12964
12964
12964
12966
12969
12967
12967
24834
12967
12977
12970
12974
12982
12970
12977
12983
12976
12979
12986
12973
12975
12989
57501
12973
12978
12990
24843
12976
12979
12992
12976
12995
12976
12997
57505
12999
12979
13002
12979
13004
24846
13007
12984
12985
12986
12994
13001
56364
12984
12985
56365
12984
12986
12995
12985
12986
13002
12998
56366
13006
56367
12999
13007
12991
12992
12993
12994
13001
54933
12991
12993
13713
24883
54934
12992
12993
12997
13714
12991
12992
13004
24884
13005
24885
54935
12999
13007
13000
13717
54936
12998
12999
13000
56356
12998
12999
12998
13000
13721
56357
12999
13000
13722
56358
13723
56359
13005
13006
13007
56360
13006
13007
13005
13006
24890
56361
13005
13007
24891
24892
56362
56363
13009
13011
13019
13010
13021
13011
13022
56372
13024
56374
13014
13018
13738
13014
13017
13020
57399
13015
13021
13017
13018
13022
13033
13017
13018
13034
13742
57400
13025
13037
57401
13039
13743
13021
13024
13021
13025
13022
13024
13025
13026
13024
13025
13027
13030
13031
13030
13031
13032
13033
56372
13030
13031
13030
13032
13069
56373
13031
13032
13035
13070
56374
13037
13038
13072
56375
13037
13038
13039
56368
13037
13039
13753
57402
13037
13038
13083
57403
13038
13039
13084
13755
56369
57404
13086
56370
13756
56371
13044
13045
13046
13054
13061
56384
13044
13045
13069
56385
13044
13046
13055
13045
13046
13062
13071
13058
56386
13066
13074
56387
13059
13067
13051
13052
13053
13054
13061
54937
13051
13053
13685
24995
54938
13052
13053
13057
13686
13051
13052
13064
24996
13065
24997
54939
13059
13067
13060
13689
54940
13058
13059
13060
56376
13058
13059
13058
13060
13693
56377
13059
13060
13694
56378
13696
56379
13065
13066
13067
56380
13066
13067
13090
13065
13066
13092
25002
56381
13065
13067
25003
25004
56382
13095
56383
13072
13073
13074
13082
13089
56396
13072
13074
56397
13072
13073
13083
13073
13074
13090
13086
56398
13087
13094
13095
56399
13079
13080
13081
13082
13089
54941
13079
13081
13838
25051
54942
13080
13081
13085
13839
57405
13079
13080
13091
25052
57406
13093
25053
54943
13087
13094
57407
13088
13842
54944
13086
13087
13088
56388
13086
13087
57408
13086
13088
13846
56389
13087
13088
13847
57409
56390
57410
13848
56391
13093
13094
13095
56392
13094
13095
13093
13094
25058
13093
13095
25059
56393
25060
56394
56395
13100
13101
13102
13104
13117
54945
13100
13101
25187
54946
13101
13102
13105
13160
13100
13102
13118
13161
25188
13121
25190
54947
13108
54948
13109
13122
13162
13107
13108
56400
13107
13108
13109
13110
56401
13108
13109
13163
13107
13109
13111
13164
13114
56402
56403
13115
13165
13114
13115
13116
13117
56408
13114
13115
13166
13114
13116
13194
56409
13115
13116
13119
13167
13195
56410
13122
13168
13123
13197
56411
13121
13122
13123
56404
13121
13122
13169
25194
13122
13123
13170
13208
13121
13123
13209
25195
56405
25196
56406
13171
13212
56407
13126
65081
13126
13128
65082
13127
65084
13128
13143
13145
13131
13135
13862
65088
13131
13134
13172
65089
13132
65091
13134
13135
13147
13134
13135
13148
13173
13866
13151
13174
13153
13867
13140
13141
13142
13143
13147
13140
13141
13175
13140
13142
13144
13194
13141
13142
13149
13176
13196
13145
13151
13177
13146
13152
13198
13145
13146
56412
13145
13146
56434
56414
56436
13151
13152
13153
56412
13151
13153
13178
13884
13151
13152
13179
13215
13152
13153
13216
13886
56413
13180
13218
56414
13887
56415
13156
55948
56416
13156
13157
13164
13159
56418
13159
13166
13159
13175
56420
56421
13162
13163
13162
13169
25215
13165
13171
13165
13165
13166
13168
13168
13168
13170
13181
13171
13171
25218
13171
13187
13174
56027
56422
13174
13178
57508
13180
56424
13177
56423
13177
13179
13182
13180
56424
13180
57510
13180
13190
13183
13187
13195
13183
13190
13196
13189
13192
13199
13186
13188
13202
25227
13186
13191
13203
57513
13189
13192
13205
13189
13208
13189
13210
25230
13213
13192
13215
13192
13217
57517
13219
13197
13198
13199
13207
13214
56433
13197
13198
56434
13197
13199
13208
13198
13199
13215
13212
56435
13218
56436
13213
13219
13204
13205
13206
13207
13214
54949
13204
13206
13926
25267
54950
13204
13205
13210
25268
13205
13206
13217
13927
13211
25269
54951
13213
13219
13220
13930
54952
13211
13212
13213
56425
13212
13213
13211
13212
25274
56426
13211
13213
25275
25276
56427
56428
13218
13219
13220
56429
13218
13219
13218
13220
13934
56430
13219
13220
13935
56431
13936
56432
13222
13224
13232
13223
13234
13224
13235
56441
13237
56443
13227
13231
14164
13227
13230
13233
57411
13228
13234
13230
13231
13235
13246
13230
13231
13247
14168
57412
13238
13250
57413
13252
14169
13234
13237
13234
13238
13235
13237
13238
13239
13237
13238
13240
13243
13244
13243
13244
13245
13246
56441
13243
13244
13243
13245
13282
56442
13244
13245
13248
13284
56443
13250
13251
13285
56444
13250
13251
13252
56437
13250
13252
14179
57414
13250
13251
13303
57415
13251
13252
13304
14181
56438
57416
13306
56439
14182
56440
13257
13258
13259
13267
13274
56453
13257
13258
13282
56454
13257
13259
13268
13258
13259
13275
13283
13271
56455
13279
13287
56456
13272
13280
13264
13265
13266
13267
13274
54953
13264
13266
13898
25463
54954
13265
13266
13270
13899
13264
13265
13277
25464
13278
25465
54955
13272
13280
13273
13902
54956
13271
13272
13273
56445
13271
13272
13271
13273
13906
56446
13272
13273
13907
56447
13909
56448
13278
13279
13280
56449
13279
13280
13296
13278
13279
13298
25470
56450
13278
13280
25471
25472
56451
13301
56452
13285
13286
13287
13295
13302
56465
13285
13287
56466
13286
13287
13296
13285
13286
13303
13306
56467
13300
13307
13301
56468
13292
13293
13294
13295
13302
54957
13292
13294
14264
25519
54958
13292
13293
13297
25520
57417
13293
13294
13305
14265
57418
13299
25521
54959
13300
13307
57419
13308
14268
54960
13299
13300
13301
56461
13300
13301
13299
13300
25526
13299
13301
25527
56462
25528
56463
56464
13306
13307
13308
56457
13306
13307
57420
13306
13308
14272
56458
13307
13308
14273
57421
56459
57422
14274
56460
13313
13314
13315
13317
13330
54961
13313
13314
25655
54962
13314
13315
13318
57423
13313
13315
13331
25656
57424
13335
25658
54963
13320
54964
13322
13336
57425
13320
13321
13373
56469
13320
13321
13322
13323
56470
13320
13322
57426
13321
13322
13324
13376
57427
56471
13328
13378
56472
13329
57428
13327
13328
13329
13330
56477
13328
13329
13387
13327
13328
13389
56478
13327
13329
13332
13334
56479
13391
56480
13336
13334
13335
13336
56473
13335
13336
25662
57429
13334
13336
57430
13334
13335
25663
56474
56475
25664
56476
57431
13341
13342
13343
13345
13358
54965
13341
13342
25847
54966
13342
13343
13346
57432
13341
13343
13359
25848
57433
13363
25850
54967
13348
54968
13350
13364
57434
13348
13349
13380
56481
13348
13349
13350
13351
56482
13348
13350
57435
13349
13350
13352
13383
57436
56483
13356
13385
56484
13357
57437
13355
13356
13357
13358
56489
13356
13357
13388
13355
13356
13389
56490
13355
13357
13360
13362
56491
13392
56492
13364
13362
13363
13364
56485
13363
13364
25854
57438
13362
13364
57439
13362
13363
25855
56486
56487
25856
56488
57440
13368
13369
13368
13371
13372
13369
13371
13379
13370
13374
13370
13381
13371
13375
13382
13377
13384
13374
13377
13374
13378
56493
13375
56494
13377
13378
13386
56495
13377
13378
13387
13390
13391
56496
13381
13384
13381
13385
56497
13382
56498
13384
13385
13386
56499
13384
13385
13388
13390
13392
56500
13390
13391
13392
56501
13390
13391
13390
13392
13391
13392
56502
56503
56504
13397
13398
13399
13401
13414
54969
13397
13398
24803
54970
13398
13399
13402
57441
13397
13399
13415
24805
57442
13419
24807
54971
13404
54972
13406
13420
57443
13404
13405
13457
56505
13404
13405
13406
13407
56506
13404
13406
57444
13405
13406
13408
13460
57445
56507
13412
13462
56508
13413
57446
13411
13412
13413
13414
56513
13412
13413
13471
13411
13412
13473
56514
13411
13413
13416
13418
56515
13475
56516
13420
13418
13419
13420
56509
13419
13420
24817
57447
13418
13420
57448
13418
13419
24818
56510
56511
24819
56512
57449
13425
13426
13427
13429
13442
54973
13425
13426
25187
54974
13426
13427
13430
57450
13425
13427
13443
25189
57451
13447
25191
54975
13432
54976
13434
13448
57452
13432
13433
13464
56517
13432
13433
13434
13435
56518
13432
13434
57453
13433
13434
13436
13467
57454
56519
13440
13469
56520
13441
57455
13439
13440
13441
13442
56525
13440
13441
13472
13439
13440
13473
56526
13439
13441
13444
13446
56527
13476
56528
13448
13446
13447
13448
56521
13447
13448
25201
57456
13446
13448
57457
13446
13447
25202
56522
56523
25203
56524
57458
13452
13453
13452
13455
13456
13453
13455
13463
13454
13458
13454
13465
13455
13459
13466
13461
13468
13458
13461
13458
13462
56529
13459
56530
13461
13462
13470
56531
13461
13462
13471
13474
13475
56532
13465
13468
13465
13469
56533
13466
56534
13468
13469
13470
56535
13468
13469
13472
13474
13476
56536
13474
13475
13476
56537
13474
13475
13474
13476
13475
13476
56538
56539
56540
13481
13482
13483
13485
13498
54977
13481
13482
25079
54978
13482
13483
13486
57459
13481
13483
13499
25080
57460
13503
25082
54979
13488
54980
13490
13504
57461
13488
13489
13541
56541
13488
13489
13490
13491
56542
13488
13490
57462
13489
13490
13492
13544
57463
56543
13496
13546
56544
13497
57464
13495
13496
13497
13498
56549
13496
13497
13555
13495
13496
13557
56550
13495
13497
13500
13502
56551
13559
56552
13504
13502
13503
13504
56545
13503
13504
25086
57465
13502
13504
57466
13502
13503
25087
56546
56547
25088
56548
57467
13509
13510
13511
13513
13526
54981
13509
13510
18403
54982
13510
13511
13514
57468
13509
13511
13527
18404
57469
13530
18406
54983
13516
54984
13518
13532
57470
13516
13517
13548
56553
13516
13517
13518
13519
56554
13516
13518
57471
13517
13518
13520
13551
57472
56555
13524
13553
56556
13525
57473
13523
13524
13525
13526
56561
13524
13525
13556
13523
13525
13528
13523
13524
13557
56562
13531
56563
13560
56564
13532
13530
13531
13532
56557
13530
13532
18410
57474
13531
13532
57475
13530
13531
18411
56558
18412
56559
56560
57476
13536
13537
13536
13539
13540
13537
13539
13547
13538
13542
13538
13549
13539
13543
13550
13545
13552
13542
13545
13542
13546
56565
13543
56566
13545
13546
13554
56567
13545
13546
13555
13558
13559
56568
13549
13552
13549
13553
56569
13550
56570
13552
13553
13554
56571
13552
13553
13556
13558
13560
56572
13558
13559
13560
56573
13558
13559
13558
13560
13559
13560
56574
56575
56576
13565
13566
13567
13569
13582
54985
13565
13566
25547
54986
13566
13567
13570
57477
13565
13567
13583
25548
57478
13587
25550
54987
13572
54988
13574
13588
57479
13572
13573
13625
56577
13572
13573
13574
13575
56578
13572
13574
57480
13573
13574
13576
13628
57481
56579
13580
13630
56580
13581
57482
13579
13580
13581
13582
56585
13580
13581
13639
13579
13580
13641
56586
13579
13581
13584
13586
56587
13643
56588
13588
13586
13587
13588
56581
13587
13588
25554
57483
13586
13588
57484
13586
13587
25555
56582
56583
25556
56584
57485
13593
13594
13595
13597
13610
54989
13593
13594
18667
54990
13594
13595
13598
57486
13593
13595
13611
18668
57487
13614
18670
54991
13600
54992
13602
13616
57488
13600
13601
13632
56589
13600
13601
13602
13603
56590
13600
13602
57489
13601
13602
13604
13635
57490
56591
13608
13637
56592
13609
57491
13607
13608
13609
13610
56597
13608
13609
13640
13607
13609
13612
13607
13608
13641
56598
13615
56599
13644
56600
13616
13614
13615
13616
56593
13614
13616
18674
57492
13615
13616
57493
13614
13615
18675
56594
18676
56595
56596
57494
13620
13621
13620
13623
13624
13621
13623
13631
13622
13626
13622
13633
13623
13627
13634
13629
13636
13626
13629
13626
13630
56601
13627
56602
13629
13630
13638
56603
13629
13630
13639
13642
13643
56604
13633
13636
13633
13637
56605
13634
56606
13636
13637
13638
56607
13636
13637
13640
13642
13644
56608
13642
13643
13644
56609
13642
13643
13642
13644
13643
13644
56610
56611
56612
13646
13648
13656
13647
13658
13648
13659
56617
13661
56619
13651
13654
13651
13655
13657
57495
13652
13658
13654
13655
13659
13670
13654
13655
13671
57496
13674
13662
13675
57497
13658
13661
13658
13662
13659
13661
13662
13663
13661
13662
13664
13667
13668
13667
13668
13669
13670
56617
13667
13668
13668
13669
13672
13706
13667
13669
13707
56618
56619
13675
13676
13709
56620
13674
13675
13676
56613
13674
13675
57498
13675
13676
13720
57499
13674
13676
13721
56614
56615
57500
13724
56616
13681
13682
13683
13691
13698
56629
13681
13683
13692
13681
13682
13707
56630
13682
13683
13699
13708
13695
56631
13703
13711
56632
13697
13704
13688
13689
13690
13691
13698
54993
13688
13689
24911
54994
13689
13690
13694
13688
13690
13701
24912
13702
24913
54995
13696
54996
13697
13704
13695
13696
13697
56621
13695
13697
13695
13696
56622
13696
13697
56623
56624
13702
13703
13704
56625
13703
13704
13727
13702
13703
13729
24918
56626
13702
13704
24919
24920
56627
13732
56628
13709
13710
13711
13719
13726
56641
13709
13710
13720
13709
13711
56642
13710
13711
13727
13724
56643
13725
13731
13732
56644
13716
13717
13718
13719
13726
54997
13716
13717
24967
54998
13717
13718
13722
57501
13716
13718
13728
24968
57502
13730
24969
54999
13723
55000
13725
13731
57503
13723
13724
13725
56633
13724
13725
57504
13723
13724
56634
13723
13725
57505
56635
56636
57506
13730
13731
13732
56637
13731
13732
13730
13731
24974
13730
13732
24975
56638
24976
56639
56640
13735
65039
13735
13737
65040
13736
65043
13737
13759
13761
13740
13743
65046
13740
13744
13797
65047
13741
65049
13743
13744
13752
13743
13744
13753
13798
13756
13757
13799
13749
13750
13751
13752
13759
13749
13750
13800
13750
13751
13754
13801
13831
13749
13751
13760
13832
13761
13757
13802
13758
13762
13834
13756
13757
13758
56645
13756
13757
13803
13757
13758
13804
13845
13756
13758
13846
56646
56647
13805
13849
56648
13761
13762
56645
13761
13762
56679
56648
56680
13767
13768
13769
13771
13784
55001
13767
13768
25079
55002
13768
13769
13772
13806
13767
13769
13785
13807
25081
13788
25083
55003
13775
55004
13776
13789
13808
13774
13775
56649
13774
13775
13776
13777
56650
13775
13776
13809
13774
13776
13778
13810
13781
56651
56652
13782
13811
13781
13782
13783
13784
56657
13781
13782
13812
13781
13783
13832
56658
13782
13783
13786
13813
13833
56659
13789
13814
13790
13835
56660
13788
13789
13790
56653
13788
13789
13815
25093
13789
13790
13816
13852
13788
13790
13853
25094
56654
25095
56655
13817
13856
56656
13793
55535
56661
13793
13794
13810
13796
56663
13796
13812
13796
13800
56665
56666
13799
55885
56667
13799
13803
57400
13805
56669
13802
56668
13802
13804
13818
13805
56669
13805
57402
13805
13824
13808
13809
13808
13815
25108
13811
13817
13811
13811
13812
13814
13814
13814
13816
13819
13817
13817
25113
13817
13827
13820
13824
13831
13820
13827
13833
13826
13829
13836
13823
13825
13839
57405
13823
13828
13840
25119
13826
13829
13843
13826
13845
13826
13847
57409
13850
13829
13852
13829
13854
25122
13857
13834
13835
13836
13844
13851
56678
13834
13836
13845
13834
13835
56679
13835
13836
13852
13849
56680
13856
56681
13850
13857
13841
13842
13843
13844
13851
55005
13841
13842
25159
55006
13842
13843
13847
13841
13843
13854
25160
13855
25161
55007
13848
55008
13850
13857
13848
13849
13850
56670
13849
13850
13848
13849
56671
13848
13850
56672
56673
13855
13856
13857
56674
13856
13857
13855
13856
25166
56675
13855
13857
25167
25168
56676
56677
13859
13861
13869
13860
13871
13861
13872
56686
13874
56688
13864
13867
13864
13868
13870
57507
13865
13871
13867
13868
13872
13883
13867
13868
13884
57508
13887
13875
13888
57509
13871
13874
13871
13875
13872
13874
13875
13876
13874
13875
13877
13880
13881
13880
13881
13882
13883
56686
13880
13881
13881
13882
13885
13919
13880
13882
13920
56687
56688
13888
13889
13922
56689
13887
13888
13889
56682
13887
13888
57510
13888
13889
13933
57511
13887
13889
13934
56683
56684
57512
13937
56685
13894
13895
13896
13904
13911
56698
13894
13896
13905
13894
13895
13920
56699
13895
13896
13912
13921
13908
56700
13916
13924
56701
13910
13917
13901
13902
13903
13904
13911
55009
13901
13902
25323
55010
13902
13903
13907
13901
13903
13914
25324
13915
25325
55011
13909
55012
13910
13917
13908
13909
13910
56690
13908
13910
13908
13909
56691
13909
13910
56692
56693
13915
13916
13917
56694
13916
13917
13940
13915
13916
13942
25330
56695
13915
13917
25331
25332
56696
13945
56697
13922
13923
13924
13932
13939
56710
13922
13923
13933
13922
13924
56711
13923
13924
13940
13937
56712
13938
13944
13945
56713
13929
13930
13931
13932
13939
55013
13929
13930
25351
55014
13930
13931
13935
57513
13929
13931
13941
25352
57514
13943
25353
55015
13936
55016
13938
13944
57515
13936
13937
13938
56702
13937
13938
57516
13936
13937
56703
13936
13938
57517
56704
56705
57518
13943
13944
13945
56706
13944
13945
13943
13944
25358
13943
13945
25359
56707
25360
56708
56709
13950
13951
13952
13954
13967
55017
13950
13951
18403
55018
13951
13952
13955
14010
13950
13952
13968
14011
18405
13971
18407
55019
13958
55020
13959
13972
14012
13957
13958
56714
13957
13958
13959
13960
56715
13958
13959
14013
13957
13959
13961
14014
13964
56716
56717
13965
14015
13964
13965
13966
13967
56722
13964
13965
14016
13965
13966
13969
14017
14044
13964
13966
14045
56723
56724
13972
14018
13973
14047
56725
13971
13972
13973
56718
13971
13972
14019
18417
13972
13973
14020
14058
13971
13973
14059
18418
56719
18419
56720
14021
14062
56721
13976
64962
13976
13978
64963
13977
64966
13978
13993
13995
13981
13985
14075
64969
13981
13984
14022
64970
13982
64972
13984
13985
13997
13984
13985
13998
14023
14079
14001
14024
14003
14080
13990
13991
13992
13993
13997
13990
13991
14025
13990
13992
13994
14045
13991
13992
13999
14026
14046
13995
14001
14027
13996
14002
14048
13995
13996
56726
13995
13996
56748
56728
56750
14001
14002
14003
56726
14001
14003
14028
14097
14001
14002
14029
14065
14002
14003
14066
14099
56727
14030
14068
56728
14100
56729
14006
55993
56731
14006
14008
14014
14009
56732
14009
14025
56734
14009
14016
56735
14012
14013
14012
14019
18432
14015
14021
14015
14015
14016
14018
14018
14018
14020
14031
14021
14021
18437
14021
14037
14024
55622
56736
14024
14028
57520
14030
56738
14027
56737
14027
14029
14032
14030
56738
14030
57522
14030
14040
14033
14037
14044
14033
14040
14046
14039
14042
14049
14036
14038
14052
18443
14036
14041
14053
57525
14039
14042
14055
14039
14058
14039
14060
18446
14063
14042
14065
14042
14067
57529
14069
14047
14048
14049
14057
14064
56747
14047
14049
14058
14047
14048
56748
14048
14049
14065
14062
56749
14068
56750
14063
14069
14054
14055
14056
14057
14064
55021
14054
14056
14139
18483
55022
14054
14055
14060
18484
14055
14056
14067
14140
14061
18485
55023
14063
14069
14070
14143
55024
14061
14062
14063
56739
14062
14063
14061
14062
18490
56740
14061
14063
18491
18492
56741
56742
14068
14069
14070
56743
14068
14069
14068
14070
14147
56744
14069
14070
14148
56745
14149
56746
14072
14074
14082
14073
14084
14074
14085
56755
14087
56757
14077
14080
14077
14081
14083
57519
14078
14084
14080
14081
14085
14096
14080
14081
14097
57520
14100
14088
14101
57521
14084
14087
14084
14088
14085
14087
14088
14089
14087
14088
14090
14093
14094
14093
14094
14095
14096
56755
14093
14094
14093
14095
14132
56756
14094
14095
14098
14133
56757
14101
14102
14135
56758
14100
14101
14102
56751
14100
14101
57522
14101
14102
14146
57523
14100
14102
14147
56752
56753
57524
14150
56754
14107
14108
14109
14117
14124
56767
14107
14108
14132
56768
14108
14109
14118
14134
14107
14109
14125
14128
56769
14122
14137
56770
14123
14129
14114
14115
14116
14117
14124
55025
14114
14116
14324
25407
55026
14114
14115
14120
25408
14115
14116
14127
14326
14121
25409
55027
14123
14129
14130
14328
55028
14121
14122
14123
56763
14122
14123
14153
14121
14122
14155
25414
56764
14121
14123
25415
25416
56765
14158
56766
14128
14129
14130
56759
14128
14129
14128
14130
14339
56760
14129
14130
14340
56761
14342
56762
14135
14136
14137
14145
14152
56779
14135
14137
56780
14135
14136
14146
14136
14137
14153
14150
56781
14151
14157
14158
56782
14142
14143
14144
14145
14152
55029
14142
14143
25435
55030
14143
14144
14148
57525
14142
14144
14154
25436
57526
14156
25437
55031
14149
55032
14151
14157
57527
14149
14150
14151
56771
14150
14151
57528
14149
14150
56772
14149
14151
57529
56773
56774
57530
14156
14157
14158
56775
14157
14158
14156
14157
25442
14156
14158
25443
56776
25444
56777
56778
14161
65116
14161
14163
65117
14162
65120
14163
14185
14187
14166
14169
65123
14166
14170
14223
65124
14167
65126
14169
14170
14178
14169
14170
14179
14224
14182
14183
14225
14175
14176
14177
14178
14185
14175
14176
14226
14176
14177
14180
14227
14257
14175
14177
14186
14258
14187
14183
14228
14184
14188
14260
14182
14183
14184
56783
14182
14183
14229
14183
14184
14230
14271
14182
14184
14272
56784
56785
14231
14275
56786
14187
14188
56783
14187
14188
56817
56786
56818
14193
14194
14195
14197
14210
55033
14193
14194
25547
55034
14194
14195
14198
14232
14193
14195
14211
14233
25549
14214
25551
55035
14201
55036
14202
14215
14234
14200
14201
56787
14200
14201
14202
14203
56788
14201
14202
14235
14200
14202
14204
14236
14207
56789
56790
14208
14237
14207
14208
14209
14210
56795
14207
14208
14238
14207
14209
14258
56796
14208
14209
14212
14239
14259
56797
14215
14240
14216
14261
56798
14214
14215
14216
56791
14214
14215
14241
25561
14215
14216
14242
14278
14214
14216
14279
25562
56792
25563
56793
14243
14282
56794
14219
55703
56799
14219
14220
14236
14222
56801
14222
14238
14222
14226
56803
56804
14225
56112
56805
14225
14229
57412
14231
56807
14228
56806
14228
14230
14244
14231
56807
14231
57414
14231
14250
14234
14235
14234
14241
25576
14237
14243
14237
14237
14238
14240
14240
14240
14242
14245
14243
14243
25581
14243
14253
14246
14250
14257
14246
14253
14259
14252
14255
14262
14249
14251
14265
57418
14249
14254
14266
25587
14252
14255
14269
14252
14271
14252
14273
57421
14276
14255
14278
14255
14280
25590
14283
14260
14261
14262
14270
14277
56816
14260
14262
14271
14260
14261
56817
14261
14262
14278
14275
56818
14282
56819
14276
14283
14267
14268
14269
14270
14277
55037
14267
14268
25627
55038
14268
14269
14273
14267
14269
14280
25628
14281
25629
55039
14274
55040
14276
14283
14274
14275
14276
56808
14275
14276
14274
14275
56809
14274
14276
56810
56811
14281
14282
14283
56812
14282
14283
14281
14282
25634
56813
14281
14283
25635
25636
56814
56815
14285
14287
14295
14286
14297
14287
14298
56824
14300
56826
14290
14294
14377
14290
14293
14296
57531
14291
14297
14293
14294
14298
14309
14293
14294
14310
14381
57532
14301
14313
57533
14315
14382
14297
14300
14297
14301
14298
14300
14301
14302
14300
14301
14303
14306
14307
14306
14307
14308
14309
56824
14306
14307
14306
14308
14346
56825
14307
14308
14311
14347
56826
14313
14314
14348
56827
14313
14314
14315
56820
14313
14315
14396
57534
14313
14314
14366
57535
14314
14315
14367
14398
56821
57536
14369
56822
14399
56823
14320
14321
14322
14330
14337
56836
14321
14322
14331
14345
14320
14321
14346
56837
14320
14322
14338
14341
56838
14335
14350
56839
14336
14343
14327
14328
14329
14330
14337
55041
14327
14328
18583
55042
14327
14329
14333
18584
14328
14329
14340
14334
18585
55043
14342
55044
14336
14343
14334
14335
14336
56832
14335
14336
14359
14334
14335
14361
18590
56833
14334
14336
18591
18592
56834
14364
56835
14341
14342
14343
56828
14341
14343
14341
14342
56829
14342
14343
56830
56831
14348
14349
14350
14358
14365
56848
14349
14350
14359
14348
14350
56849
14348
14349
14366
14369
56850
14363
14370
14364
56851
14355
14356
14357
14358
14365
55045
14355
14357
14477
18639
55046
14355
14356
14360
18640
57537
14356
14357
14368
14478
57538
14362
18641
55047
14363
14370
57539
14371
14481
55048
14362
14363
14364
56844
14363
14364
14362
14363
18646
14362
14364
18647
56845
18648
56846
56847
14369
14370
14371
56840
14369
14370
57540
14369
14371
14485
56841
14370
14371
14486
57541
56842
57542
14487
56843
14374
65130
14374
14376
65131
14375
65134
14376
14391
14393
14379
14382
65137
14379
14383
14436
65138
14380
65140
14382
14383
14395
14382
14383
14396
14437
14399
14400
14438
14388
14389
14390
14391
14395
14388
14389
14439
14388
14390
14392
14470
14389
14390
14397
14440
14471
14393
14400
14441
14394
14401
14473
14393
14394
56852
14393
14394
56886
56855
56887
14399
14400
14401
56852
14399
14400
14442
14400
14401
14443
14484
14399
14401
14485
56853
56854
14444
14488
56855
14406
14407
14408
14410
14423
55049
14406
14407
25655
55050
14407
14408
14411
14445
14406
14408
14424
14446
25657
14427
25659
55051
14414
55052
14415
14428
14447
14413
14414
56856
14413
14414
14415
14416
56857
14414
14415
14448
14413
14415
14417
14449
14420
56858
56859
14421
14450
14420
14421
14422
14423
56864
14420
14421
14451
14420
14422
14470
56865
14421
14422
14425
14452
14472
56866
14428
14453
14429
14474
56867
14427
14428
14429
56860
14427
14428
14454
25669
14428
14429
14455
14491
14427
14429
14492
25670
56861
25671
56862
14456
14495
56863
14432
56214
56869
14432
14434
14449
14435
56870
14435
14439
56872
14435
14451
56873
14438
56133
56874
14438
14442
57532
14444
56876
14441
56875
14441
14443
14457
14444
56876
14444
57534
14444
14463
14447
14448
14447
14454
25684
14450
14456
14450
14450
14451
14453
14453
14453
14455
14458
14456
14456
25689
14456
14466
14459
14463
14471
14459
14466
14472
14465
14468
14475
14462
14464
14478
57538
14462
14467
14479
25695
14465
14468
14482
14465
14484
14465
14486
57541
14489
14468
14491
14468
14493
25698
14496
14473
14474
14475
14483
14490
56885
14473
14474
56886
14473
14475
14484
14474
14475
14491
14488
56887
14495
56888
14489
14496
14480
14481
14482
14483
14490
55053
14480
14481
25735
55054
14481
14482
14486
14480
14482
14493
25736
14494
25737
55055
14487
55056
14489
14496
14487
14488
14489
56877
14488
14489
14487
14488
56878
14487
14489
56879
56880
14494
14495
14496
56881
14495
14496
14494
14495
25742
56882
14494
14496
25743
25744
56883
56884
14501
14502
14503
14505
14518
55057
14501
14502
18667
55058
14502
14503
14506
14561
14501
14503
14519
14562
18669
14522
18671
55059
14509
55060
14510
14523
14563
14508
14509
56889
14508
14509
14510
14511
56890
14509
14510
14564
14508
14510
14512
14565
14515
56891
56892
14516
14566
14515
14516
14517
14518
56897
14515
14516
14567
14516
14517
14520
14568
14595
14515
14517
14596
56898
56899
14523
14569
14524
14598
56900
14522
14523
14524
56893
14522
14523
14570
18681
14523
14524
14571
14609
14522
14524
14610
18682
56894
18683
56895
14572
14613
56896
14527
64990
14527
14529
64991
14528
64994
14529
14544
14546
14532
14536
14626
64997
14532
14535
14573
64998
14533
65000
14535
14536
14548
14535
14536
14549
14574
14630
14552
14575
14554
14631
14541
14542
14543
14544
14548
14541
14542
14576
14541
14543
14545
14596
14542
14543
14550
14577
14597
14546
14552
14578
14547
14553
14599
14546
14547
56901
14546
14547
56923
56903
56925
14552
14553
14554
56901
14552
14554
14579
14648
14552
14553
14580
14616
14553
14554
14617
14650
56902
14581
14619
56903
14651
56904
14557
56187
56906
14557
14559
14565
14560
56907
14560
14576
56909
14560
14567
56910
14563
14564
14563
14570
18696
14566
14572
14566
14566
14567
14569
14569
14569
14571
14582
14572
14572
18701
14572
14588
14575
55775
56911
14575
14579
57544
14581
56913
14578
56912
14578
14580
14583
14581
56913
14581
57546
14581
14591
14584
14588
14595
14584
14591
14597
14590
14593
14600
14587
14589
14603
18707
14587
14592
14604
57550
14590
14593
14606
14590
14609
14590
14611
18710
14614
14593
14616
14593
14618
57553
14620
14598
14599
14600
14608
14615
56922
14598
14600
14609
14598
14599
56923
14599
14600
14616
14613
56924
14619
56925
14614
14620
14605
14606
14607
14608
14615
55061
14605
14607
14690
18747
55062
14605
14606
14611
18748
14606
14607
14618
14692
14612
18749
55063
14614
14620
14621
14694
55064
14612
14613
14614
56914
14613
14614
14612
14613
18754
56915
14612
14614
18755
18756
56916
56917
14619
14620
14621
56918
14619
14620
14619
14621
14705
56919
14620
14621
14706
56920
14707
56921
14623
14625
14633
14624
14635
14625
14636
56930
14638
56932
14628
14631
14628
14632
14634
57543
14629
14635
14631
14632
14636
14647
14631
14632
14648
57544
14651
14639
14652
57545
14635
14638
14635
14639
14636
14638
14639
14640
14638
14639
14641
14644
14645
14644
14645
14646
14647
56930
14644
14645
14644
14646
14683
56931
14645
14646
14649
14685
56932
14652
14653
14686
56933
14651
14652
14653
56926
14651
14652
57546
14652
14653
14704
57547
14651
14653
14705
56927
56928
57548
14708
56929
14658
14659
14660
14668
14675
56942
14658
14659
14683
56943
14659
14660
14669
14684
14658
14660
14676
14679
56944
14673
14688
56945
14674
14680
14665
14666
14667
14668
14675
55065
14665
14667
14750
25791
55066
14665
14666
14671
25792
14666
14667
14678
14752
14672
25793
55067
14674
14680
14681
14754
55068
14672
14673
14674
56938
14673
14674
14697
14672
14673
14699
25798
56939
14672
14674
25799
25800
56940
14702
56941
14679
14680
14681
56934
14679
14680
14679
14681
14765
56935
14680
14681
14766
56936
14768
56937
14686
14687
14688
14696
14703
56954
14686
14688
56955
14687
14688
14697
14686
14687
14704
14708
56956
14701
14709
14702
56957
14693
14694
14695
14696
14703
55069
14693
14694
25819
55070
14693
14695
14698
25820
57549
14694
14695
14706
57550
14700
25821
55071
14707
55072
14701
14709
57551
14700
14701
14702
56950
14701
14702
14700
14701
25826
14700
14702
25827
56951
25828
56952
56953
14707
14708
14709
56946
14708
14709
57552
14707
14708
56947
14707
14709
57553
56948
56949
57554
14711
14713
14721
14712
14723
14713
14724
56962
14726
56964
14716
14720
14831
14716
14719
14722
57555
14717
14723
14719
14720
14724
14735
14719
14720
14736
14835
57556
14727
14739
57557
14741
14836
14723
14726
14723
14727
14724
14726
14727
14728
14726
14727
14729
14732
14733
14732
14733
14734
14735
56962
14732
14733
14732
14734
14772
56963
14733
14734
14737
14773
56964
14739
14740
14774
56965
14739
14740
14741
56958
14739
14741
14850
57558
14739
14740
14792
57559
14740
14741
14793
14852
56959
57560
14795
56960
14853
56961
14746
14747
14748
14756
14763
56974
14747
14748
14757
14771
14746
14747
14772
56975
14746
14748
14764
14767
56976
14761
14776
56977
14762
14769
14753
14754
14755
14756
14763
55073
14753
14754
18803
55074
14753
14755
14759
18804
14754
14755
14766
14760
18805
55075
14768
55076
14762
14769
14760
14761
14762
56970
14761
14762
14785
14760
14761
14787
18810
56971
14760
14762
18811
18812
56972
14790
56973
14767
14768
14769
56966
14767
14769
14767
14768
56967
14768
14769
56968
56969
14774
14775
14776
14784
14791
56986
14775
14776
14785
14774
14776
56987
14774
14775
14792
14795
56988
14789
14796
14790
56989
14781
14782
14783
14784
14791
55077
14781
14783
14903
18831
55078
14781
14782
14786
18832
57561
14782
14783
14794
14905
57562
14788
18833
55079
14789
14796
57563
14797
14907
55080
14788
14789
14790
56982
14789
14790
14788
14789
18838
14788
14790
18839
56983
18840
56984
56985
14795
14796
14797
56978
14795
14796
57564
14795
14797
14918
56979
14796
14797
14919
57565
56980
57566
14920
56981
14802
14803
14804
14806
14819
55081
14802
14803
25847
55082
14803
14804
14807
14862
14802
14804
14820
14863
25849
14823
25851
55083
14810
55084
14811
14824
14864
14809
14810
56990
14809
14810
14811
14812
56991
14810
14811
14865
14809
14811
14813
14866
14816
56992
56993
14817
14867
14816
14817
14818
14819
56998
14816
14817
14868
14816
14818
14896
56999
14817
14818
14821
14869
14897
57000
14824
14870
14825
14899
57001
14823
14824
14825
56994
14823
14824
14871
25861
14824
14825
14872
14910
14823
14825
14911
25862
56995
25863
56996
14873
14914
56997
14828
65186
14828
14830
65187
14829
65190
14830
14845
14847
14833
14836
65193
14833
14837
14874
65194
14834
65196
14836
14837
14849
14836
14837
14850
14875
14853
14854
14876
14842
14843
14844
14845
14849
14842
14843
14877
14842
14844
14846
14896
14843
14844
14851
14878
14898
14847
14854
14879
14848
14855
14900
14847
14848
57002
14847
14848
57024
57005
57026
14853
14854
14855
57002
14853
14854
14880
14854
14855
14881
14917
14853
14855
14918
57003
57004
14882
14921
57005
14858
56238
57006
14858
14859
14866
14861
57008
14861
14868
14861
14877
57010
57011
14864
14865
14864
14871
25876
14867
14873
14867
14867
14868
14870
14870
14870
14872
14883
14873
14873
25881
14873
14889
14876
56316
57012
14876
14880
57556
14882
57014
14879
57013
14879
14881
14884
14882
57014
14882
57558
14882
14892
14885
14889
14897
14885
14892
14898
14891
14894
14901
14888
14890
14904
25887
14888
14893
14905
57562
14891
14894
14908
14891
14910
14891
14912
25890
14915
14894
14917
14894
14919
57565
14922
14899
14900
14901
14909
14916
57023
14899
14900
57024
14899
14901
14910
14900
14901
14917
14914
57025
14921
57026
14915
14922
14906
14907
14908
14909
14916
55085
14906
14907
25927
55086
14906
14908
14912
25928
14907
14908
14919
14913
25929
55087
14920
55088
14915
14922
14913
14914
14915
57015
14914
14915
14913
14914
25934
57016
14913
14915
25935
25936
57017
57018
14920
14921
14922
57019
14921
14922
14920
14921
57020
14920
14922
57021
57022
26759
29919
29920
29921
16992
26760
29926
29927
29930
16996
26761
29933
29934
29937
16993
16997
26762
29941
29942
29943
15022
26775
29947
29948
29951
17004
26776
29954
29955
29958
17005
17007
26777
29962
29963
29964
15025
17009
26778
29969
29970
29971
15026
26791
29975
29976
29979
17044
26792
29982
29983
29986
17045
17047
26793
29990
29991
29992
15029
17049
26794
29997
29998
29999
17055
17059
26811
30004
30005
30006
15039
15055
26812
30011
30012
30013
15040
17057
26813
30018
30019
30020
15056
17061
26814
30025
30026
30027
15145
17168
59495
15147
17169
17173
59496
59497
15168
17178
30031
30032
30035
17179
26834
30038
30041
17180
17189
26835
30044
30045
30046
15170
17190
30051
30052
30053
15205
30057
30058
30061
17220
26155
30064
30065
30068
17222
30072
30073
15208
30078
30079
17221
17224
26156
30083
30084
30085
15238
17228
30089
30090
30093
17225
17229
30096
30099
17226
17230
17239
30102
30103
30104
17240
30109
30110
30111
15229
17262
30115
30116
30119
15248
30122
30123
30126
17264
30129
30130
15230
17263
17266
30135
30136
30137
15278
17269
30147
30148
30149
15260
17268
17271
30153
30154
17277
26916
26918
30157
30158
30159
15290
17278
30172
30173
30174
15162
26917
30179
30180
30181
15281
15303
17286
30193
30194
30195
15304
17285
17288
30199
30200
15186
17291
30203
30204
30205
15317
30209
30210
15318
17294
26944
30213
30214
30215
17298
17301
30219
30220
30221
15210
15325
26952
30226
30227
30228
15211
17300
30233
30234
30235
15326
17303
30240
30241
30242
17310
17311
17313
30247
30248
30249
15341
17314
30259
30260
15224
17312
30265
30266
30267
15242
17326
30277
30278
30279
15367
17329
17331
30284
30285
30286
17335
17338
30290
30291
30292
15253
15389
26992
30297
30298
30299
15254
17337
26993
30304
30305
30306
15390
17339
30311
30312
30313
17343
17347
30318
30319
30320
15285
15406
17345
30325
30326
30327
15286
30331
30332
30333
15407
17346
17348
30338
30339
15292
15403
17358
30342
30343
15404
15409
17361
30345
30346
30347
15405
17360
17363
30350
30351
30352
15300
15414
17369
59542
59543
15415
17371
30356
17378
17380
30358
30359
30360
15312
26367
27040
30365
30366
30367
30371
30372
30373
17381
27041
30378
30379
15343
15443
17390
30382
30383
15423
15444
17393
30385
30386
30387
15445
17392
17395
30391
30392
30393
15359
15454
17399
30397
30398
15441
15455
27072
30400
30401
15456
17400
59549
59550
15398
15476
17421
30403
30404
15477
15488
27093
59552
59553
15478
17422
27094
59555
59556
17441
17445
17447
30407
30408
30409
15417
15495
30414
30415
30416
15418
17443
30421
30422
30423
15496
17446
17449
30428
30429
30430
17482
17484
17488
30435
30436
30437
15451
15503
30442
30443
30444
15452
17486
30449
30450
30451
15504
17483
17490
30456
30457
30458
17506
17509
17512
15547
17539
17541
59559
15570
17565
17568
59561
15527
17579
30463
30464
15528
27224
30469
30470
15563
17580
17583
30480
30481
30482
15577
17584
27225
30487
30488
30489
59566
59567
59568
59569
27232
30493
30494
30497
18332
27233
30500
30501
30504
18333
18335
27234
30508
30509
30510
18337
27235
30515
30516
30517
27248
30521
30522
30525
18344
27249
30528
30529
30532
18345
18347
27250
30536
30537
30538
18349
27251
30543
30544
30545
18355
18359
27268
30550
30551
30552
15039
15055
27269
30557
30558
30559
15041
18358
27270
30564
30565
30566
15057
18362
27271
30571
30572
30573
27280
30577
30578
30579
18372
27281
30584
30585
30588
18368
27282
30591
30592
30595
18369
18373
27283
30599
30600
30601
18379
18383
27300
30606
30607
30608
27301
30613
30614
30615
18385
27302
30620
30621
30622
18382
27303
30627
30628
30629
15066
27312
30633
30634
30637
18392
27313
30640
30641
30644
18393
18395
27314
30648
30649
30650
15069
18398
27315
30655
30656
30657
15049
17016
17019
17021
27280
59642
59644
59642
59643
15050
59645
59646
15052
17037
17038
17041
27281
59646
59647
59648
59649
15052
16245
18464
18465
18467
27288
59652
59653
18470
18472
18475
27289
59648
59650
16247
59651
59652
18511
18515
27332
30662
30663
30664
27333
30669
30670
30671
18517
27334
30676
30677
30678
18514
27335
30683
30684
30685
27344
30689
30690
30691
18528
27345
30696
30697
30700
18524
27346
30703
30704
30707
18525
18529
27347
30711
30712
30713
15070
27360
30717
30718
30721
18536
27361
30724
30725
30728
18537
18539
27362
30732
30733
30734
15073
18542
27363
30739
30740
30741
27376
30745
30746
30749
18548
27377
30752
30753
30756
18549
18551
27378
30760
30761
30762
18554
27379
30767
30768
30769
27392
30773
30774
30777
18560
27393
30780
30781
30784
18561
18563
27394
30788
30789
30790
18566
27395
30795
30796
30797
27408
30801
30802
30803
18572
27409
30808
30809
30812
18576
27410
30815
30816
30819
18573
18577
27411
30823
30824
30825
59726
59727
15080
15087
18646
18650
18651
59726
59728
15088
15090
18654
18656
18657
59730
59731
15093
59729
59730
15084
15085
15088
15090
17068
17070
17073
15084
15085
16241
17076
17077
17080
27376
15092
17082
17084
17087
27377
15089
16243
17089
17091
17094
15087
15089
16248
18584
18587
18588
15088
18591
18594
18596
15089
18598
18600
18603
16251
18605
18606
18609
15092
15093
18612
18614
18617
15092
15093
16313
18620
18621
18623
27380
18626
18628
18631
27381
16315
18633
18635
18637
59730
60291
15097
17096
17099
17101
27344
59732
59734
59732
59733
15098
59735
59736
15100
17117
17118
17121
27345
59736
59737
59738
59739
15100
16348
18728
18729
18731
27352
59742
59743
18734
18736
18739
27353
59738
59740
16350
59741
59742
59744
59745
15104
15115
18838
18842
18843
59744
59746
15110
15116
18846
18848
18849
59748
59749
15113
59747
59748
15108
15109
15110
15116
17124
17126
17129
15108
15109
16344
17132
17133
17136
27392
15112
17138
17140
17143
27393
15117
16346
17145
17147
17150
15112
15113
18776
18778
18781
15112
15113
16360
18784
18785
18787
27396
18790
18792
18795
27397
16362
18797
18799
18801
59748
60309
15115
15117
16351
18804
18807
18808
15116
18811
18814
18816
15117
18818
18820
18823
16354
18825
18826
18829
15122
30829
30830
30833
15153
18859
30835
30836
30839
18861
30843
30844
15154
18860
18863
30854
30855
30856
18867
30860
30861
30864
18868
18870
30867
30870
18869
18871
18881
30873
30874
30875
18882
30880
30881
30882
18905
26021
26062
30887
30888
30889
15259
18908
30894
30895
30896
30901
30902
30903
18919
18923
18927
30908
30909
15138
15262
18924
30913
30914
30915
15139
18922
18925
30920
30921
15263
18926
18930
30925
30926
30927
15144
18957
30931
30932
30935
18958
18960
30938
30941
18959
18961
18971
30944
30945
30946
18973
30951
30952
30953
18983
18987
18991
30958
30959
15269
18988
30963
30964
30965
18985
18989
30970
30971
15270
18990
18994
30975
30976
30977
19007
26039
26063
30982
30983
30984
15272
19010
30989
30990
30991
30996
30997
30998
31002
31003
31006
19017
31008
31009
31012
19019
31016
31017
19018
19021
31022
31023
31024
19025
26046
31033
31034
31037
15172
31040
31041
31044
19027
31048
31049
19026
19029
26047
31054
31055
31056
15175
31061
31062
19032
59784
19034
19037
59785
59786
19061
26021
26062
31071
31072
19063
31085
31086
31087
15279
19066
31092
31093
15183
19075
26045
31101
31102
31103
19077
31114
31115
31116
15282
19080
31121
31122
19115
26039
26063
31131
31132
19119
31145
31146
19117
31150
31151
31152
15184
19138
26085
31161
31162
31163
19140
31174
31175
31176
15299
19143
31181
31182
19149
26064
31185
31186
31189
31192
31193
31196
19151
31200
31201
31206
31207
19150
19153
26065
31211
31212
31213
19156
31217
31218
31221
19157
27605
31224
31227
19158
19167
27606
31230
31231
31232
19168
31237
31238
31239
15183
19192
26045
31244
31245
31246
15302
19195
31251
31252
31253
31258
31259
31260
19206
19209
19213
31265
31266
31267
15197
15306
19214
31271
31272
31273
15198
19208
19215
31277
31278
15307
19212
19216
31281
31282
31283
19225
59804
15185
19226
59806
19245
26085
31290
31291
31292
19248
31297
31298
31299
31304
31305
31306
19259
19262
19266
31311
31312
31313
15210
15325
19267
31317
31318
31319
15212
19261
19268
31323
31324
15327
19265
19269
31327
31328
31329
15216
19294
31333
31334
31337
19295
27671
31340
31343
19296
19305
27672
31346
31347
31348
15220
19307
31353
31354
31355
19316
19319
19323
31360
31361
31362
15332
19320
31366
31367
31368
19317
19321
31372
31373
15333
19322
19326
31376
31377
31378
15203
19337
26138
31383
31384
31385
15335
19340
31390
31391
31392
31397
31398
31399
15223
19347
59824
15213
15231
19348
59826
19349
31405
31406
31409
19350
27692
31412
31415
19351
19360
27693
31418
31419
31420
19361
31425
31426
31427
19371
19374
19378
31432
31433
31434
19375
31438
31439
31440
19376
19380
31445
31446
31447
19373
19377
31451
31452
19392
26171
31455
31456
31457
15355
19395
31462
31463
31464
31469
31470
31471
31475
31476
31479
19402
25956
31482
31483
31486
19404
31490
31491
19403
19406
25957
31496
31497
31498
31503
31504
15237
19426
59841
15240
19428
19431
59842
59843
19436
26138
31512
31513
31514
19440
31525
31526
19438
31530
31531
31532
19458
26153
26177
31542
31543
19460
31556
31557
31558
15363
19463
31563
31564
19482
59846
19483
19487
59847
59848
19509
26171
31572
31573
31574
19511
31585
31586
31587
15382
19514
31592
31593
19522
26154
26190
31602
31603
19524
31616
31617
31618
15385
19527
31623
31624
19547
31627
31628
31631
31634
31635
31638
19549
31641
31642
19548
19551
31652
31653
31654
19571
26153
26177
31659
31660
31661
19574
31666
31667
31668
31673
31674
31675
19585
19589
19593
31680
31681
15253
15389
19594
31685
31686
31687
15255
19588
19595
31692
31693
15391
19592
19596
31697
31698
31699
19611
31703
31704
31707
19608
19612
31710
31713
19609
19613
19622
31716
31717
31718
19623
31723
31724
31725
19634
19638
19642
31730
31731
19643
31735
31736
31737
19640
19644
31742
31743
31744
19637
19645
31749
31750
19658
26154
26190
31754
31755
31756
15395
19661
31761
31762
31763
31768
31769
31770
19670
31775
31776
31777
19673
19675
31782
31783
31784
19679
19682
31788
31789
31790
15269
27876
31795
31796
31797
19681
27877
31802
31803
31804
15271
19683
31809
31810
31811
15274
19691
31816
31817
31818
15289
15400
19694
31823
31824
31825
19693
19696
31830
31831
31832
19700
19703
31837
31838
31839
27914
31844
31845
31846
19702
27915
31851
31852
31853
19704
31858
31859
31860
19708
31865
31866
31867
15291
19711
19713
31872
31873
31874
19717
31878
31879
31880
15292
15403
19720
31885
31886
31887
19719
19722
31892
31893
31894
19733
27971
27973
31899
31900
31901
19734
31914
31915
31916
27972
31925
31926
31927
19744
19746
19747
31932
31933
31934
19748
31944
31945
19745
31955
31956
31957
15285
15406
19768
31961
31962
15288
19766
19770
31965
31966
31967
19805
31981
31982
31983
31988
31989
19800
19804
31994
31995
19801
31999
32000
32001
15408
19809
32005
32006
19814
32009
32010
32011
19813
19816
32015
32016
19819
32018
32019
15300
15414
19829
32031
32032
32033
19824
19828
32038
32039
15301
19825
32043
32044
32045
15416
32050
32051
19837
19839
19840
32056
32057
32058
15317
19841
32068
32069
19838
32074
32075
32076
19860
32085
32086
19858
19862
32089
32090
32091
19891
32096
32097
32098
32102
32103
19894
28108
32106
32107
32108
19898
19901
32112
32113
32114
15332
28120
32119
32120
32121
19900
32126
32127
32128
15334
19903
32133
32134
32135
15338
19910
32140
32141
32142
15315
15419
19913
32147
32148
15316
19912
19915
32153
32154
32155
26227
28163
32164
32165
32166
19921
26228
32182
32183
32184
19922
19925
32189
32190
32191
15422
19929
59931
59932
19931
59934
19934
32198
32199
32200
19933
19936
32204
32205
15430
26242
28189
32212
32213
32214
19941
26243
32224
32225
32226
19942
19945
32231
32232
32233
15329
15433
19949
59939
59940
15330
19951
59942
19953
19956
32243
32244
32245
28206
32250
32251
32252
19958
32257
32258
32259
19955
32264
32265
32266
15358
19965
32271
32272
32273
15440
19968
32278
32279
19967
19970
32284
32285
32286
19974
19977
32291
32292
32293
28243
32298
32299
32300
19976
32305
32306
32307
19979
32312
32313
32314
19983
32319
32320
32321
15341
32325
32326
15342
19986
28265
32329
32330
32331
19990
32335
32336
32337
15343
15443
19993
32342
32343
15344
19992
19995
32348
32349
32350
20003
32358
32359
32360
20002
20005
32364
32365
20008
59956
59957
20010
59959
15447
26313
28323
32377
32378
32379
20014
20018
32384
32385
32386
20015
26314
32390
32391
32392
15356
15381
20023
32406
32407
32408
15357
20022
20025
32412
32413
15359
15454
20028
59964
59965
15360
20030
59967
15458
26341
28349
32425
32426
32427
20034
20038
32432
32433
32434
20035
26342
32438
32439
32440
20042
32451
32452
32453
32457
32458
20045
28356
32461
32462
32463
20049
32467
32468
32469
20052
32474
32475
20051
20054
32480
32481
32482
20065
28398
28399
32487
32488
32489
15366
20066
32502
32503
32504
28400
32509
32510
32511
15368
15465
20103
32519
32520
15369
20101
20105
32523
32524
32525
20113
32530
32531
32532
20112
20115
32536
32537
15468
20121
32545
32546
32547
20119
32556
32557
32558
20120
20124
32563
32564
15469
32568
32569
15393
15471
20128
32573
32574
15384
20133
32577
32578
32579
15396
20132
20135
32583
32584
15398
15476
20138
32586
32587
15386
15480
20145
32595
32596
32597
15387
20143
32606
32607
32608
20144
20148
32613
32614
15481
32618
32619
20155
20156
20158
32624
32625
32626
20159
32636
32637
20157
32642
32643
32644
20173
28508
28509
32654
32655
32656
20174
32669
32670
32671
28510
32676
32677
32678
15485
20211
32686
32687
20208
20213
32690
32691
32692
20220
20223
32697
32698
32699
28547
32704
32705
32706
20224
32711
32712
32713
20222
28548
32718
32719
32720
15397
20232
32725
32726
32727
15487
20235
32732
32733
32734
20234
20237
32739
32740
32741
20241
32746
32747
32748
20244
20246
32753
32754
32755
20250
32759
32760
32761
20253
32766
32767
32768
20252
20255
32773
32774
32775
15408
20263
32779
32780
15404
15409
28622
60015
60016
15410
20264
28623
60018
60019
20265
32782
32783
28624
60021
60022
20266
28625
60024
60025
20269
60027
60028
20271
32785
20322
32786
32787
20325
32789
32790
32791
20324
20327
32794
32795
32796
15417
15495
32807
32808
32809
15497
20352
32820
32821
32822
20357
20361
32827
32828
32829
20359
32834
32835
32836
20360
20362
32840
32841
32845
32846
32847
32858
32859
32860
20375
32865
32866
32867
15422
20443
32877
32878
15423
15444
28820
32880
32881
15424
20444
60055
60056
20445
32883
32884
20448
32886
32887
32888
20447
20450
32892
32893
32894
20456
20458
20461
20477
32899
32900
15451
15503
32909
32910
32911
15505
20480
32921
32922
32923
20484
20486
32928
32929
32930
26371
28860
32935
32936
32937
32941
32942
32943
20487
28861
32948
32949
15440
20496
32952
32953
15441
15455
20499
32955
32956
32957
15442
20498
20501
32961
32962
32963
20507
20509
20512
20528
32968
32969
15462
15507
32978
32979
32980
15508
20531
32990
32991
32992
20534
32996
32997
28911
32999
33000
20535
60075
60076
20536
33002
33003
28915
33005
33006
20537
60078
60079
20539
20541
33009
33010
33011
26012
28923
33016
33017
33018
20542
28924
33022
33023
33027
33028
33029
20552
33034
33035
33044
33045
33046
20554
33051
33052
33053
20560
20562
20565
20580
33062
33063
20583
33065
33066
33067
20582
20585
33071
33072
33073
20590
20592
33078
33079
33080
26399
28971
33085
33086
33087
33091
33092
33093
20594
28972
33098
33099
20603
33103
33104
15511
33113
33114
33115
15512
20606
33125
33126
33127
20611
20613
20616
15468
20645
60103
60104
15470
20648
33131
20680
20682
33133
33134
33135
20678
33140
33141
33142
33146
33147
33148
20679
20683
33153
33154
15487
20693
33157
33158
15477
15488
20696
33160
33161
33162
15489
20695
20698
33165
33166
33167
15483
15519
33178
33179
33180
15520
20723
33191
33192
33193
20728
33197
33198
20731
33200
33201
33202
20730
20733
33205
33206
33207
20739
20741
33212
33213
33214
15485
20737
33219
33220
33221
33225
33226
33227
15486
20738
20743
33232
33233
15523
33243
33244
33245
15524
20756
33256
33257
33258
20788
60135
60136
20791
33262
20821
33263
33264
29198
60137
60138
20822
29199
60140
60141
20827
20830
20833
29228
33267
33268
33269
15529
29230
33274
33275
15530
29232
33279
33280
20849
20853
20855
33296
33297
33298
33303
33304
33305
20854
20857
33310
33311
33312
20852
33317
33318
33319
20946
20949
20952
29358
33324
33325
33326
15545
29360
33331
33332
15546
29362
33336
33337
20972
20976
20978
33353
33354
33355
33360
33361
33362
20977
20980
33367
33368
33369
20975
33374
33375
33376
21040
21044
21046
33381
33382
33383
15511
33388
33389
33390
21042
33395
33396
33397
15513
21045
21049
33402
33403
33404
21140
21142
21146
33409
33410
33411
33416
33417
33418
21144
33423
33424
33425
21141
21148
33430
33431
33432
21207
21210
21213
29552
33437
33438
33439
15568
29554
33444
33445
15569
29556
33449
33450
21244
21246
21250
33466
33467
33468
15523
33473
33474
33475
21248
33480
33481
33482
15525
21245
21253
33487
33488
33489
21299
21301
21305
33494
33495
33496
33501
33502
33503
21303
33508
33509
33510
21300
21307
33515
33516
33517
29659
33522
33523
33524
29661
33529
33530
29663
33534
33535
29673
33551
33552
21370
33556
33557
15533
21374
29674
33568
33569
33570
15549
21371
21375
33575
33576
33577
21393
21395
60148
15537
54270
15538
15541
54635
54636
15537
54555
54556
54271
54272
15543
54638
15548
21418
21420
60150
15542
54274
15543
54639
54640
15544
54275
54276
54642
54558
54559
29729
33594
33595
21427
33599
33600
21428
21431
33605
33606
33607
21432
29730
33618
33619
33620
21439
21441
60156
15553
54643
54644
15553
54561
15560
60157
60158
54281
54282
15555
54646
54647
15556
54283
54284
54564
15566
60162
60163
15571
21485
21487
60166
15561
54565
60167
60168
15562
54285
54286
54649
54650
21508
21510
60172
15565
15567
54287
54288
54568
60174
60175
54652
54653
21519
33655
33656
29845
33661
33662
21523
29846
33666
33667
33668
21520
21524
33679
33680
33681
15573
54569
54570
15575
54292
54293
15576
15579
54655
54295
15582
54656
54657
21548
21551
60182
15580
15581
54296
54297
15582
54659
54572
54573
54299
54660
54661
60184
60185
15586
15589
15586
15590
15705
21630
15587
21632
58422
15589
15590
21633
21647
15589
15590
15706
21648
55311
15707
21636
21651
15593
15615
21662
15593
15619
15628
58425
15620
21664
58427
15596
15599
21665
15596
15600
15602
58431
15597
21667
58432
15599
15600
21668
21682
58433
15599
15600
15605
21683
21670
21686
15607
21688
58434
15603
15606
21791
55314
15603
15607
15604
21793
15606
15607
21794
21798
15606
15607
21799
21796
21802
55315
21803
58447
15612
15613
15614
21812
21819
58454
15612
15614
15638
27443
58455
15613
15614
15639
21813
15612
15613
21820
27444
21823
27445
58456
21816
21824
15642
21818
58457
15617
15620
21837
15617
15621
15645
15618
21839
15620
15621
21840
21844
15620
15621
15648
21845
21842
21848
15649
21850
15624
15625
15626
21858
21865
21872
15624
15626
21873
55318
57859
21869
21874
57860
21862
21870
21863
21875
55320
15629
15644
21894
15629
15648
58465
15650
21896
58467
15632
15635
21897
55321
15632
15636
15657
15633
21899
15635
15636
21900
21904
15635
15636
15660
21905
21902
21908
55322
15662
21910
58471
15641
15642
15643
21918
21925
58478
15641
15642
27463
58479
15642
15643
21919
15641
15643
21926
27464
21929
27465
58480
21922
58481
21923
21930
15646
15650
21943
15646
15649
15647
21945
15649
15650
21946
21950
15649
15650
21951
21954
21948
21955
15653
15654
15655
21964
21971
21978
15653
15655
21979
55325
57872
21975
21980
57873
21968
21976
21970
21981
55327
15658
15661
21997
15658
15662
58487
15659
21999
58488
15661
15662
22000
22014
58489
15661
15662
22015
22002
22018
22019
58490
60187
60188
15666
15669
15666
15670
15728
22182
15667
22184
58509
15669
15670
22185
22199
15669
15670
15729
22200
55330
15730
22188
22203
15673
15676
15673
15677
15716
22261
15674
22263
58519
15676
15677
22264
22273
15676
15677
15717
22274
55332
22276
15718
22267
22278
15681
15682
22343
22349
15682
15711
22344
15681
15682
15712
22350
57126
22353
15715
22348
22355
15685
15689
15704
15685
15688
22368
15686
22370
58532
15688
15689
22371
22388
58533
15688
15689
15706
22389
55311
22372
22392
15708
22394
58534
15692
15696
15692
15695
22401
55331
15693
22403
58538
15695
15696
22404
22419
58539
15695
15696
15717
22420
55332
22423
15719
22425
58541
15701
15702
15703
22446
22451
15701
15702
22447
27517
55312
15702
15703
22452
55349
15701
15703
27518
55350
58547
22449
27519
58548
22450
22455
55313
22456
55352
58549
15708
15707
15707
15708
22458
22461
22462
15713
15714
15715
22468
15713
15714
22464
27526
55333
15714
15715
22469
55334
15713
15715
27527
58557
22466
27528
22467
22472
55335
22473
58558
15718
15718
15719
22475
22478
22479
15724
15725
15726
22480
22485
15724
15725
22481
26825
55328
15725
15726
22486
55366
15724
15726
26826
55367
58565
22483
26827
58566
22484
22489
55329
22491
55369
58567
15731
15737
15730
15730
15731
15741
22492
22495
15743
22497
15735
15736
22545
22551
15736
15753
22546
15735
15736
15754
22552
57913
22555
15756
22550
22557
15739
15743
15739
15742
22570
15740
22572
58580
15742
15743
22573
22590
58581
15742
15743
22591
55330
22574
22594
22595
58582
15746
15749
15746
15750
22603
55370
15747
22605
58586
15749
15750
22606
22621
58587
15749
15750
15759
22622
55371
15760
22626
58589
22627
15755
15756
15757
22652
15755
15757
22648
27559
55372
15756
15757
22653
55373
15755
15756
27560
58595
22650
27561
22656
58596
22651
22658
55374
15761
15763
15760
15761
15766
22659
22662
15767
22663
15764
15768
15764
15767
22714
15765
22716
58611
15767
15768
22717
22726
15767
15768
22727
55371
22719
22729
22730
15771
15774
22749
15771
15775
15785
15772
22751
58619
15774
15775
22752
22766
58620
15774
15775
15789
22767
22753
22770
15790
22772
58621
27605
60189
15779
15780
22846
22851
58630
15779
15780
15807
22852
27608
22855
27609
58631
15809
22850
22857
15853
60190
15784
15799
22870
15784
15802
15855
58641
15803
22872
58643
15787
15790
15787
15791
22873
55376
15788
22875
15790
15791
22876
22880
15790
15791
22881
55377
22884
22878
22885
55378
15796
15797
15798
22897
22904
58651
15796
15798
15865
27617
58652
15797
15798
15866
22898
15796
15797
22905
27618
22908
27619
58653
22901
22909
15869
22903
58654
15800
15803
22918
15801
22920
15803
15804
22921
22925
15803
15804
15874
22926
22923
22929
15875
22931
15808
15809
15810
22939
22946
22950
15809
15810
22940
15808
15809
22947
27624
22948
22954
27625
22943
22949
22944
22955
15813
15816
22968
15813
15817
15823
15814
22970
58667
15816
15817
22971
22985
58668
15816
15817
15827
22986
22973
22990
15828
22991
58669
26834
60191
15821
15822
23065
23070
58678
15821
15822
15845
23071
26837
23074
26838
58679
15847
23069
23076
15825
15828
15825
15829
23089
55380
15826
23091
15828
15829
23092
23096
15828
15829
23097
55381
23100
23095
23102
55382
15834
15835
15836
23113
23120
58688
15834
15836
15903
27638
58689
15835
15836
15904
23114
15834
15835
23121
27639
23124
27640
58690
23118
23126
15907
23119
58691
15838
15841
15850
23134
15839
23136
15841
15842
23137
23141
15841
15842
15851
15912
23142
15852
23140
23146
15913
23147
15846
15847
15848
23155
23162
23166
15847
15848
23156
15846
15847
23163
27645
23164
23170
27646
23159
23165
23161
23172
15921
60192
15852
23184
15852
15923
58709
23186
58711
60193
15856
15871
23187
15856
15874
58720
15876
23189
58722
15859
15862
23190
55383
15859
15863
15883
15860
23192
15862
15863
23193
23197
15862
15863
15887
23198
55384
23195
23201
55385
15888
23203
15868
15869
15870
23214
23221
58730
15868
15869
27659
58731
15869
15870
23215
15868
15870
23222
27660
23225
27661
58732
23218
58733
23219
23226
15872
15876
23235
15873
23237
15875
15876
23238
23242
15875
15876
23243
23246
23240
23247
15880
15881
15882
23256
23263
23270
15881
15882
23257
15880
15882
15892
23271
27666
23267
23272
27667
23260
23268
15894
23262
23273
15885
15888
15885
15889
23285
15886
23287
58746
15888
15889
23288
23302
58747
15888
15889
23303
23306
58748
23289
23307
27671
60194
15893
15894
23382
23387
58757
15893
15894
23388
27674
23391
27675
58758
23385
23392
15897
15900
23406
55387
15897
15901
15925
15898
23408
15900
15901
23409
23413
15900
15901
15929
23414
55388
23412
23418
55389
15930
23419
15906
15907
15908
23430
23437
58767
15906
15907
26846
58768
15907
15908
23431
15906
15908
23438
26847
23441
26848
58769
23434
58770
23436
23443
15910
15914
15922
23451
15911
23453
15913
15914
23454
23458
15913
15914
15923
23459
23462
15924
23457
23464
15918
15919
15920
23472
23479
23486
15919
15920
23473
15918
15920
15934
23487
26853
23483
23488
26854
23477
23485
15936
23478
23489
60195
15924
23501
15924
58788
23503
58790
15927
15930
15927
15931
23504
15928
23506
58794
15930
15931
23507
23521
58795
15930
15931
23522
23525
58796
23509
23527
27692
60196
15935
15936
23601
23606
58805
15935
15936
23607
27695
23610
27696
58806
23604
23611
15939
15942
15939
15943
15951
23685
15940
23687
58821
15942
15943
23688
23697
15942
15943
15952
23698
55395
23701
15953
23691
23702
15948
15949
15950
23714
15948
15949
23710
26858
55391
15949
15950
15956
23715
55392
15948
15950
15957
26859
58827
23712
26860
23713
23718
55393
15959
23720
58828
15953
15953
15954
15964
23721
23724
15966
23725
15958
15959
23742
23748
15959
23743
15958
15959
23749
57963
23752
23746
23753
15962
15966
15962
15965
23798
55394
15963
23800
58840
15965
15966
23801
23816
58841
15965
15966
23817
55395
23820
23821
58842
15969
15972
15981
15969
15973
23829
15970
23831
58846
15972
15973
23832
23849
58847
15972
15973
15983
23850
55423
15984
23854
58848
23834
23855
15978
15979
15980
23876
23881
15978
15980
23877
27730
55424
15979
15980
23882
55409
15978
15979
27731
55410
58855
23879
27732
58856
23885
55412
58857
23880
23887
55425
15984
15985
16037
15984
15985
16040
23888
23891
16041
23893
15990
15991
15992
23898
15990
15992
23894
27759
55418
15991
15992
16010
23899
55419
15990
15991
16011
27760
58865
23896
27761
16013
23903
58866
23897
23904
55420
15996
16029
15995
15996
16018
16032
23905
16019
23908
16033
23909
16001
16002
16003
23910
23915
16001
16003
23911
27770
55440
16002
16003
23916
55414
16001
16002
27771
55415
58873
23913
27772
58874
23920
55417
58875
23914
23921
55441
16007
16021
16008
16117
16007
16008
16025
16120
23922
16026
23926
16121
23927
16012
16013
23944
23950
16013
23945
16012
16013
23951
57992
23954
23948
23955
16016
16019
16016
16020
24000
55421
16017
24002
58888
16019
16020
24003
24018
58889
16019
16020
24019
55422
24022
58890
24024
16023
16026
16023
16027
24031
16024
24033
58894
16026
16027
24034
24051
58895
16026
16027
24052
55442
24055
58896
24036
24057
16030
16034
16030
16033
24138
16031
24140
58913
16033
16034
24141
24150
16033
16034
24151
55422
24143
24153
24155
60198
60199
16038
16042
16038
16041
24214
16039
24216
58923
16041
16042
24217
24231
16041
16042
24232
55423
24219
24234
16045
16048
16050
58927
16045
16049
24251
16046
24253
58928
16048
16049
24254
24268
58929
16048
16049
16054
24269
16055
24273
58930
24257
24274
16052
16055
16052
16056
24377
55431
16053
24379
16055
16056
24380
24384
16055
16056
24385
24388
58943
24383
24390
55432
16061
16062
16063
24398
24405
58950
16061
16063
16087
27822
58951
16062
16063
16088
24399
16061
16062
24406
27823
24409
27824
58952
24403
24411
16091
24404
58953
16066
16069
16076
24423
16066
16070
16094
16067
24425
16069
16070
24426
24430
16069
16070
16077
16097
24431
16078
24429
24435
16098
24436
16073
16074
16075
24444
24451
24455
16073
16074
24452
55428
58011
24453
24459
58012
24448
24454
55430
24450
24461
16078
24480
16078
16113
58961
24482
58963
16081
16084
16105
16081
16085
24483
55438
16082
24485
16084
16085
24486
24490
16084
16085
16109
24491
16110
24495
58967
24489
24496
55439
16090
16091
16092
24504
24511
58974
16090
16091
26882
58975
16091
16092
24505
16090
16092
24512
26883
24515
26884
58976
24508
58977
24510
24517
16095
16099
16112
24529
16095
16098
16096
24531
16098
16099
24532
24536
16098
16099
16113
24537
24540
16114
24535
24542
16102
16103
16104
24550
24557
24561
16102
16103
24558
55435
57145
24559
24565
57146
24555
24560
55437
24556
24567
16107
16110
58983
16107
16111
24583
16108
24585
58984
16110
16111
24586
24600
58985
16110
16111
24601
24604
58986
24589
24606
16114
24712
16114
59001
24714
59003
60201
60202
16118
16122
16118
16121
24766
16119
24768
59010
16121
16122
24769
24783
16121
16122
24784
55442
24771
24786
16125
16128
16125
16129
16517
26403
16126
26404
16128
16129
16128
16129
16519
16520
26406
16132
16141
55451
16132
26408
55454
55453
55456
16135
16138
16140
55458
16135
16139
26407
55460
16136
16138
16139
16138
16139
16144
26411
16145
55459
26412
55461
16142
16145
16146
16142
16153
16143
16148
16155
16145
16149
16145
16151
16148
16151
55458
16148
16152
55462
55809
16149
55464
16151
16152
55465
16151
16152
55459
55467
16155
55451
16155
55463
55930
55464
16158
26408
55454
16158
26414
55957
16159
26409
26415
26410
26416
16163
17996
17999
18001
26759
60203
60205
60203
60204
16164
60206
60207
16166
18017
18018
18021
26760
60207
60208
60209
60210
16166
16181
24864
24865
24867
26763
60213
60214
24870
24872
24875
26764
60209
60211
16183
60212
60213
60215
60216
16170
16177
24974
24978
24979
60215
60217
16178
16180
24982
24984
24985
60219
60220
16183
60218
60219
16174
16175
16178
16180
18024
18026
18029
16174
16175
16189
18032
18033
18036
27232
16182
18038
18040
18043
27233
16179
16191
18045
18047
18050
16177
16179
16192
24912
24915
24916
16178
24919
24922
24924
16179
24926
24928
24931
16195
24933
24934
24937
16182
16183
24940
24942
24945
16182
16183
24948
24949
24952
27236
24954
24956
24959
27237
24961
24963
24966
60213
60219
60221
60222
16186
16193
25058
25062
25063
60221
60223
16194
16196
25066
25068
25069
60225
60226
16199
60224
60225
16190
16191
16194
16196
18052
18054
18057
16190
16191
18060
18061
18064
26775
16198
18066
18068
18071
26776
16195
18073
18075
18078
16193
16195
24996
24999
25001
16194
25003
25006
25008
16195
25010
25012
25015
25017
25018
25022
16198
16199
25024
25026
25029
16198
16199
16205
25032
25033
25035
26779
25038
25040
25043
26780
16207
25045
25047
25049
60225
60237
16203
18080
18083
18085
27280
60227
60229
60227
60228
16204
60230
60231
16206
18101
18102
18105
27282
60231
60232
60233
60234
16206
25140
25141
25144
27284
60237
60238
25146
25148
25151
27285
60233
60235
60236
60237
16210
16554
55544
16210
55547
55976
55545
55548
16558
55980
16215
18108
18111
18113
26759
60239
60241
60239
60240
16216
60242
60243
16218
18129
18130
18133
26761
60243
60244
60245
60246
16218
16229
25248
25249
25251
26767
60249
60250
25254
25256
25259
26768
60245
60247
16231
60248
60249
60251
60252
16222
16233
25358
25362
25363
60251
60253
16228
16234
25366
25368
25369
60255
60256
16231
60254
60255
16226
16227
16228
16234
18136
18138
18141
16226
16227
16289
18144
18145
18148
27248
16230
18150
18152
18155
27249
16235
16291
18157
18159
18162
16230
16231
25296
25298
25301
16230
16231
25304
25305
25308
27252
25310
25312
25315
27253
25317
25319
25322
60249
60255
16233
16235
16292
25324
25327
25328
16234
25331
25334
25336
16235
25338
25340
25343
16295
25345
25346
25349
60257
60258
16238
16249
25442
25446
25447
60257
60259
16244
16250
25450
25451
25453
60261
60262
16247
60260
60261
16242
16243
16244
16250
18164
18165
18169
16242
16243
18172
18173
18176
27312
16246
18178
18180
18183
27313
16251
18185
18187
18190
16246
16247
25380
25381
25385
16246
16247
25388
25389
25392
27316
25394
25396
25399
27317
25401
25403
25406
59652
60261
16249
16251
25408
25411
25413
16250
25415
25418
25420
16251
25422
25423
25427
25429
25430
25434
16254
55616
55619
16254
16255
16258
16257
55618
16257
26437
16257
55614
55615
16260
26437
16260
16262
16263
16261
16265
26439
16262
16266
26440
16268
16265
16268
16265
16269
16266
26434
16268
16269
26435
16268
16269
16272
16275
16277
16272
16276
16755
26444
16273
26445
16275
16276
16275
16276
16281
16757
16282
16758
26447
16279
16282
16279
16283
16763
16280
16282
16283
16282
16283
16765
16766
60263
60264
16286
16293
25526
25530
25531
60263
60265
16294
16296
25534
25536
25537
60267
60268
16299
60266
60267
16290
16291
16294
16296
18192
18194
18197
16290
16291
18200
18201
18204
26791
16298
18206
18208
18211
26792
16295
18213
18215
18218
16293
16295
25464
25467
25469
16294
25471
25474
25476
16295
25478
25480
25483
25485
25486
25490
16298
16299
25492
25494
25497
16298
16299
16305
25500
25501
25503
26795
25506
25508
25511
26796
16307
25513
25515
25517
60267
60279
16303
18220
18223
18225
27344
60269
60271
60269
60270
16304
60272
60273
16306
18241
18242
18245
27346
60273
60274
60275
60276
16306
25608
25609
25612
27348
60279
60280
25614
25616
25619
27349
60275
60277
60278
60279
16311
18248
18251
18253
27408
60281
60283
60281
60282
16312
60284
60285
16314
18269
18270
18273
27409
60285
60286
60287
60288
16314
25716
25717
25720
27412
60291
60292
25722
25724
25727
27413
60287
60289
60290
60291
16318
16319
16325
16318
26455
55682
16321
26457
16321
16327
16321
16323
16786
26448
26450
16323
16330
16789
16790
26453
16326
55676
55678
16326
16327
16329
55680
16329
16329
16331
16793
16331
16796
16797
16334
16337
26665
16334
26689
55715
16338
55716
26669
26693
16338
55705
55711
16338
16840
55713
60293
60294
16341
16352
25826
25830
25831
60293
60295
16347
16353
25834
25835
25837
60297
60298
16350
60296
60297
16345
16346
16347
16353
18276
18277
18281
16345
16346
18284
18285
18288
27360
16349
18290
18292
18295
27361
16354
18297
18299
18302
16349
16350
25764
25765
25769
16349
16350
25772
25773
25776
27364
25778
25780
25783
27365
25785
25787
25790
59742
60297
16352
16354
25792
25795
25797
16353
25799
25802
25804
16354
25806
25807
25811
25813
25814
25818
16358
18304
18307
18309
27408
60299
60301
60299
60300
16359
60302
60303
16361
18325
18326
18329
27410
60303
60304
60305
60306
16361
25908
25909
25912
27416
60309
60310
25914
25916
25919
27417
60305
60307
60308
60309
16365
16368
16373
16365
16369
16370
16378
16366
16372
16368
16369
16368
16369
16376
16382
16377
16384
16372
16385
16372
55758
56217
55759
16374
16377
16375
16377
16377
16380
16384
16385
16380
16383
26465
16381
16387
26467
16383
16384
16388
26468
16383
16384
16389
16387
16389
16387
16883
26458
16388
26460
16389
26461
16393
55765
56170
16394
16929
16393
16394
16933
56174
56175
16934
16397
55769
55772
16397
16398
16401
16400
55771
16400
26475
16400
55767
55768
16403
26475
16403
16405
16406
16404
16408
26477
16405
16409
26478
16411
16408
16411
16408
16412
26471
16409
26472
16411
16412
26473
16411
16412
16415
26489
55785
16415
16416
55797
16418
26491
16418
16418
16420
16980
26483
26484
16420
16983
16984
26488
16423
16426
16428
16423
16427
16443
16424
16430
16426
16427
16426
16427
16446
16447
16430
16430
55803
56241
55805
16433
16436
16885
16433
16437
16439
16986
16434
16440
16436
16437
16441
16436
16437
16888
16988
16442
16989
16440
16440
16442
16441
16442
55806
16444
16447
16445
16447
16447
55802
16451
55462
55809
16452
16468
16451
16452
16472
55466
55467
16473
16455
16458
16463
16455
16459
16460
16456
16462
16458
16459
16458
16459
16466
16467
16462
16462
55812
55924
55813
16464
16467
16465
16467
16467
55810
16470
16473
16476
16470
16474
16599
16471
16477
16473
16474
16478
16473
16474
16601
16479
16477
16477
16479
16478
16479
55815
16482
16485
16482
16486
16509
26492
16483
26493
16485
16486
16485
16486
16511
16512
26495
16489
55820
55823
16489
16490
16494
16492
55822
16492
26501
16492
55818
55819
16495
16497
16498
16495
26501
16496
16500
26503
16497
16501
26504
16504
16500
16504
16500
16503
26496
16501
26498
16503
16504
26499
16503
16504
16507
16508
55835
16507
26515
55842
16510
26517
16510
16510
16512
26508
26510
16512
26513
16515
16516
55858
16515
26525
55865
16518
26527
16518
16518
16520
26518
26520
16520
26523
16523
55879
55882
16523
16524
16528
16526
55881
16526
26533
16526
55877
55878
16529
16531
16532
16529
26533
16530
16534
26535
16531
16535
26536
16538
16534
16538
16534
16537
26528
16535
26530
16537
16538
26531
16537
16538
16541
16545
16546
16541
16544
16549
16542
16548
16544
16545
16544
16545
16552
16553
16548
16548
55538
55895
55897
16550
16553
16551
16553
16553
55894
16556
16559
16556
16560
16562
16566
16557
16563
16559
16560
16564
16559
16560
16568
16565
16569
16563
16563
16565
16564
16565
55899
16569
16570
55901
55977
16569
16570
55980
55982
16573
16576
16578
16582
16573
16577
16593
16574
16580
16576
16577
16576
16577
16585
16596
16587
16597
16580
16588
16580
55903
55951
55905
16583
16586
26553
16583
16587
16588
16584
16590
26555
16586
16587
16591
26556
16586
16587
16592
16590
16592
16590
16607
26547
16591
26548
16592
26549
16594
16597
16595
16597
16597
16600
55463
55930
16600
55933
55931
55934
55466
16604
26414
55957
16604
16607
26547
16608
55958
26417
26550
16608
55950
55954
16608
55955
16611
16619
55965
16611
26559
55968
55967
55970
16614
16618
26558
55972
16614
16617
16620
55974
16615
16617
16618
16617
16618
16623
26562
16624
55975
26563
55973
16621
16625
16621
16624
16628
16622
16627
16630
16624
16631
16624
16634
16627
55965
16627
55547
55976
55978
16630
16634
55974
16630
16633
55901
55977
16631
55978
16633
16634
55979
16633
16634
55982
55975
16637
26559
55968
16637
26565
56002
16638
26560
26566
26561
26567
16641
26565
56002
16641
16644
26579
16645
56003
26568
26582
16645
55995
55999
16645
16664
56000
16648
16652
16668
16648
16651
16653
16657
16649
16655
16651
16652
16651
16652
16660
16671
16662
16672
16655
16663
16655
55996
56008
56009
16658
16661
26585
16658
16662
16663
16659
16665
26587
16661
16662
16666
26588
16661
16662
16667
16665
16667
16665
26579
16666
26580
16667
26581
16669
16672
16670
16672
16672
16675
56021
56024
16675
16676
16680
16678
56023
16678
26594
16678
56019
56020
16681
16683
16684
16681
26594
16682
16686
26596
16683
16687
26597
16690
16686
16690
16686
16689
16687
26591
16689
16690
26592
16689
16690
16693
16696
16698
16693
16697
16709
26601
16694
26602
16696
16697
16696
16697
16702
16711
16703
16712
26604
16700
16703
16700
16704
16717
16701
16703
16704
16703
16704
16719
16720
16707
26612
56040
16707
16708
16713
16710
26614
16710
16716
16710
16712
26606
26607
16712
16719
26611
16715
16716
16715
56037
56051
16718
56053
16718
16718
16720
16720
16723
26622
56063
16723
16724
16730
16726
26624
16726
16732
16726
16728
16738
26616
26617
16728
16735
16741
16742
26621
16731
56060
56074
16731
16732
16734
56076
16734
16734
16736
16745
16736
16748
16749
16739
16743
16744
16739
16742
26625
16740
26626
16742
16743
16742
16743
16748
26628
16750
16746
16750
16746
16749
16747
16749
16750
16749
16750
16753
16754
16759
16753
26636
56084
16756
26638
16756
16762
16756
16758
26629
26631
16758
16765
26634
16761
16762
16761
56078
56080
16764
56082
16764
16764
16766
16766
16769
56106
56109
16769
16770
16774
16772
56108
16772
26643
16772
56104
56105
16775
16777
16778
16775
26643
16776
16780
26645
16777
16781
26646
16784
16780
16784
16780
16783
16781
26640
16783
16784
26641
16783
16784
16787
16791
16792
16787
16790
26650
16788
26651
16790
16791
16790
16791
16796
26653
16798
16794
16798
16794
16797
16795
16797
16798
16797
16798
16801
56127
56130
16801
16802
16805
16804
56129
16804
26658
16804
56125
56126
16807
26658
16807
16809
16810
16808
16812
26660
16809
16813
26661
16815
16812
16815
16812
16816
16813
26655
16815
16816
26656
16815
16816
16819
16823
16824
16832
16819
16822
16827
16820
16826
16822
16823
16822
16823
16830
16836
16831
16838
16826
16839
16826
55706
56147
56149
16828
16831
16829
16831
16831
16834
16838
16839
16834
16837
26672
16835
16841
26674
16837
16838
16842
26675
16837
16838
16843
16841
16843
16841
26665
16842
26667
16843
26668
16846
26683
56159
16846
16859
56162
56161
56164
16849
16853
16858
56166
16849
16852
26684
56168
16850
16852
16853
16852
16853
16862
26687
26688
56169
16863
56167
16856
26683
56159
16856
26689
55715
16857
26685
26691
26686
26692
16860
16863
16864
16860
16871
16861
16866
16873
16863
16867
16863
16870
16866
16870
56166
16866
16869
55765
56170
16867
56172
16869
16870
56173
16869
16870
56175
56167
16873
56162
16873
56171
56199
56172
16876
56171
56199
16876
16930
56202
56200
56203
16933
56174
16880
16883
26458
16880
26709
56226
16884
56227
26462
26713
16884
56216
56222
16884
56224
16887
56250
16887
56253
56269
56251
56254
56273
16891
26703
56258
16891
16903
56261
56260
56263
16894
16897
26704
56265
16894
16898
16904
56267
16895
16897
16898
16897
16898
16907
26707
26708
56266
16908
56268
16901
26703
56258
16901
26709
56226
16902
26705
26711
26706
26712
16905
16909
16905
16908
16912
16906
16911
16914
16908
16915
16908
16917
16911
56261
16911
56253
56269
56271
16914
16917
56267
16914
16918
56270
56330
16915
56271
16917
16918
56272
16917
16918
56268
56275
16921
16925
16941
16921
16924
16926
16922
16928
16924
16925
16924
16925
16944
16945
16928
16928
56190
56279
56280
16931
16934
16937
16931
16935
16932
16938
16934
16935
16939
16934
16935
16940
16938
16938
16940
16939
16940
56281
16942
16945
16943
16945
16945
56277
16948
26736
56285
16948
16949
56297
16951
26738
16951
16951
16953
16955
26730
26731
16953
16958
16959
26735
16956
16960
16956
16959
26739
16957
26740
16959
16960
16959
16960
26742
16963
56310
56313
16963
16964
16967
16966
56312
16966
26748
16966
56308
56309
16969
26748
16969
16971
16972
16970
16974
26750
16971
16975
26751
16977
16974
16977
16974
16978
26744
16975
26745
16977
16978
26746
16977
16978
16981
16985
16981
16984
26755
16982
26756
16984
16985
16984
16985
26758
16989
16990
56270
56330
16989
16990
56273
56275
18331
26763
33699
33700
33703
26764
33706
33707
33710
16999
26765
33714
33715
33716
17001
18334
26766
33721
33722
33723
18343
26767
33727
33728
33731
26768
33734
33735
33738
16999
26769
33742
33743
33744
17002
18346
26770
33749
33750
33751
26771
33756
33757
33758
18340
18352
26772
33763
33764
33765
18341
26773
33770
33771
33772
18353
26774
33777
33778
33779
18367
26779
33783
33784
33787
26780
33790
33791
33794
17011
26781
33798
33799
33800
17013
18370
26782
33805
33806
33807
17011
26787
33812
33813
33814
18336
18380
26788
33819
33820
33821
18337
26789
33826
33827
33828
17014
18381
26790
33833
33834
33835
26783
33840
33841
33842
18376
18388
26784
33847
33848
33849
18377
26785
33854
33855
33856
18389
26786
33861
33862
33863
17017
17020
30577
54675
17017
17021
17023
17018
17024
54676
17020
17021
17025
17036
54677
17020
17021
17037
30578
17040
30580
54678
17028
17041
17024
17027
18411
57051
17024
17028
59642
17025
57052
17027
17028
17029
57053
17027
17028
17030
18414
59643
17033
18415
57054
17034
59644
17033
17034
17035
17036
57059
17033
17034
18425
59645
17034
17035
17038
18456
59646
17033
17035
18427
18457
57060
18428
57061
17041
59647
17042
18459
57062
17040
17041
17042
57055
17040
17041
30584
17041
17042
18470
17040
17042
18471
30585
57056
30586
57057
18473
57058
18523
26795
33867
33868
33871
26796
33874
33875
33878
17051
26797
33882
33883
33884
17054
18526
26798
33889
33890
33891
17051
26803
33896
33897
33898
18348
18512
26804
33903
33904
33905
18349
26805
33910
33911
33912
17053
18513
26806
33917
33918
33919
26799
33924
33925
33926
18520
18532
26800
33931
33932
33933
18521
26801
33938
33939
33940
18533
26802
33945
33946
33947
17063
26815
33952
33953
33954
18384
18552
26816
33959
33960
33961
18385
26817
33966
33967
33968
17065
18553
26818
33973
33974
33975
17063
26819
33980
33981
33982
18516
18564
26820
33987
33988
33989
18517
26821
33994
33995
33996
17066
18565
26822
34001
34002
34003
26807
34008
34009
34010
18556
18568
26808
34015
34016
34017
18557
26809
34022
34023
34024
18569
26810
34029
34030
34031
17071
17072
17073
17081
17088
57095
17072
17073
17082
18612
17071
17072
18599
18613
57096
17071
17073
17089
18600
17093
18601
57097
17086
18615
57098
17087
17094
17078
17079
17080
17081
17088
54687
17078
17079
18171
30745
54688
17079
17080
17084
30746
17078
17080
17091
18173
17092
18174
54689
17085
30747
54690
17087
17094
17085
17086
17087
57091
17086
17087
18626
17085
17086
18627
30752
57092
17085
17087
30753
30754
57093
18629
57094
17092
17093
17094
57087
17093
17094
18606
17092
17093
18186
18607
57088
17092
17094
18187
18188
57089
18608
57090
17097
17100
30689
54691
17097
17101
17103
17098
17104
54692
17100
17101
17105
17116
54693
17100
17101
17117
30690
17120
30692
54694
17108
17121
17104
17107
18675
57099
17104
17108
59732
17105
57100
17107
17108
17109
57101
17107
17108
17110
18678
59733
17113
18679
57102
17114
59734
17113
17114
17115
17116
57107
17113
17114
18689
59735
17114
17115
17118
18720
59736
17113
17115
18691
18721
57108
18692
57109
17121
59737
17122
18723
57110
17120
17121
17122
57103
17120
17121
30696
17121
17122
18734
17120
17122
18735
30697
57104
30698
57105
18737
57106
17127
17128
17129
17137
17144
57119
17127
17129
17138
18776
17127
17128
18777
18819
57120
17128
17129
17145
18820
17142
18779
57121
17149
18821
57122
17143
17150
17134
17135
17136
17137
17144
54695
17134
17135
18283
30773
54696
17135
17136
17140
30774
17134
17136
17147
18285
17148
18286
54697
17141
30775
54698
17143
17150
17141
17142
17143
57111
17142
17143
18790
17141
17142
18791
30780
57112
17141
17143
30781
30782
57113
18793
57114
17148
17149
17150
57115
17149
17150
18826
17148
17149
18298
18827
57116
17148
17150
18299
18300
57117
18828
57118
34035
34036
34039
17157
34042
17159
17167
19033
34047
34048
34049
19043
34053
34054
34057
17157
60459
17160
19044
26824
34061
34062
34063
34067
34068
34071
17161
34075
34076
34077
17164
34082
34083
17165
34087
34088
34092
34093
17166
19035
19050
34098
34099
34100
19051
26823
27533
34105
34106
34107
17167
34112
34113
26824
27534
34117
34118
19038
19054
34128
34129
34130
19040
34133
34134
34135
19017
34139
34142
17176
19018
34158
34159
34160
17177
19090
34165
34166
17174
19099
19113
60475
17175
19020
19116
34169
34170
34171
17176
19021
34174
34175
19103
19122
34185
34186
34187
19123
34192
34193
34194
19022
34199
34200
34201
19104
34206
34207
34208
60479
17182
34217
34218
34219
17183
26845
34221
34222
19230
34224
34225
34228
26834
34231
34232
34235
17185
26835
34239
34240
17187
19232
26836
34245
34246
34247
17192
26845
34251
34252
17193
19234
19243
34255
34256
34257
17194
19235
34261
34262
34263
17195
60483
60484
17192
26845
34268
34269
34270
34285
34286
34287
17195
19246
34293
34294
34295
26835
34300
34301
34302
19237
19252
34305
34306
26836
34309
34310
19253
34313
34314
34315
34323
34324
17200
17206
34333
34334
34335
17208
19229
34344
34345
19352
34356
34357
34360
17202
34370
34371
34372
17204
19355
34377
34378
34379
17206
34384
34385
34386
17210
19357
19368
34391
34392
34393
19358
34398
34399
34400
17209
17211
19369
34405
34406
34407
34412
34413
34414
19240
19383
34423
34424
34425
19241
34430
34431
34432
19384
26857
34437
34438
34439
19364
19387
34443
34444
19388
26857
60503
19402
25956
34448
34451
19409
34453
34456
17218
19403
25957
34466
34467
34468
17219
19411
34473
34474
19443
26865
27728
34486
34487
34488
19444
26867
34493
34494
34495
26868
27720
34500
34501
34502
26866
27729
34507
34508
34509
19474
34517
34518
34519
19476
26876
34522
34523
34527
34528
34529
19546
27768
34534
34535
26876
27769
34543
34544
34545
17232
34548
34549
17233
17242
34551
34552
17234
17244
60507
60509
17232
34554
34555
34556
17233
17246
34559
34560
19558
34562
34563
34566
34569
34570
34573
17235
34577
34578
34579
17237
19561
34584
34585
34586
17242
17246
34590
34591
17243
19563
27832
34594
34595
17244
19564
34599
34600
34601
17245
27833
60512
60513
17242
17246
34606
34607
34608
34624
34625
17245
19572
34630
34631
34632
34636
34637
34638
19578
27829
34641
34642
27830
34645
34646
19579
34649
34650
34651
60519
60520
17251
34659
34660
34663
17252
17258
34671
34672
17260
19557
34680
34681
19614
34688
34689
34692
34695
17254
34705
34706
34707
17256
19617
34712
34713
34714
17258
34723
34724
34725
19619
19631
26889
34730
34731
34732
19620
26890
34737
34738
34739
17261
19632
26891
34744
34745
34746
34751
34752
34753
19567
19651
34758
34759
34760
19568
34765
34766
34767
19652
34772
34773
34774
19482
34778
34779
34780
17267
19483
34783
34784
34788
34789
34790
19486
19669
34795
34796
17267
19487
34800
34801
34802
19490
60545
17273
19673
19734
34807
34808
34809
17272
19674
19799
34814
34815
34816
17273
19675
34821
34822
19677
19806
34825
34826
19678
60552
17281
26927
26929
34829
34830
34831
17282
19833
28066
34836
34837
19854
26928
26930
34848
34849
34850
26927
26929
34855
34856
34857
19814
34862
34863
19856
34867
34868
19857
26928
26930
34879
34880
26916
26918
34885
34886
34887
28067
34891
34892
19126
34896
34897
34898
19127
26917
34903
34904
17290
19894
19748
34915
34916
34917
17289
19920
28107
34922
34923
34924
17290
28108
34929
34930
19896
19926
34933
34934
19897
60570
60571
19248
34937
34938
34939
19249
19954
34944
17295
34948
34949
17297
19933
34954
34955
34956
19960
34965
34966
34967
19937
19963
26943
34972
34973
19938
26944
34977
34978
34979
17304
34984
34985
34986
19379
20043
34991
34992
34993
19380
35002
35003
35004
17304
35015
35016
17306
20050
35026
19958
35030
35031
35032
35045
20046
35049
35050
20055
35055
35056
17317
17321
17323
35069
35070
35071
17318
20061
28389
35076
35077
35078
17322
17324
20075
35089
35090
35091
17317
17321
35095
17317
17323
35096
35097
35098
17320
19440
35102
35103
35104
17321
17323
35109
35110
35111
20003
35116
35117
20077
35121
35122
35123
17322
17324
20078
35134
35135
35140
35141
35142
28390
35146
35147
27746
35151
35152
35153
27747
35158
35159
60609
20086
35169
35170
35171
35173
35174
20088
35176
20153
20171
60611
19574
35178
35179
35180
19575
20221
35185
17332
35189
35190
35191
17334
20112
35196
35197
35198
17333
20114
20228
60624
60625
17334
20115
35202
35203
35204
20226
35207
35208
35209
20116
20229
35214
35215
20117
35220
35221
35222
17340
35227
35228
35229
19639
20242
35234
35235
35236
19640
35245
35246
35247
17340
35257
35258
35259
20224
35276
35277
35278
35287
20247
35291
35292
20256
35297
35298
17350
35311
35312
17352
20323
35323
35324
35325
19805
20269
60648
60649
17356
20271
35342
35343
35344
17350
17354
35347
35348
35349
17356
60653
60654
17353
17357
28712
35353
35354
35355
35359
35360
35361
20338
35366
35367
20328
35372
20339
27005
35380
35381
35382
60660
60661
20274
20342
35387
35388
35389
20275
35394
35395
35396
20344
27005
35399
35400
19819
20265
35404
35405
17364
20358
35410
35411
35412
17366
20266
35417
35418
35419
20325
28624
35424
35425
35426
17365
20372
35431
35432
35433
17366
28625
35438
35439
35440
20366
35449
35450
35451
20378
35456
35457
35458
35463
35464
35465
17373
20398
20418
60672
17376
20400
27033
60673
60674
19860
20359
35470
35471
35472
19861
27032
35477
35478
17375
20360
35482
35483
35484
17376
20402
27033
35489
35490
35491
20408
20420
35496
35497
20369
35507
35508
20370
35512
35513
35514
20409
35518
35519
35520
17385
17389
20455
17386
35525
35526
17388
20446
35536
35537
17386
35550
35551
35552
17384
60697
60698
17385
17389
20457
35556
35557
35558
20282
20465
35562
35563
35564
20283
27041
35569
35570
35571
20467
35575
35576
35580
35581
35582
20469
35587
35588
20451
35593
20470
35602
35603
35604
20008
20536
35609
35610
17396
20540
35614
35615
35616
17398
20537
35621
35622
35623
20448
28915
35628
35629
35630
17397
20551
35635
35636
35637
17398
35642
35643
35644
20546
35653
35654
35655
20556
35660
35661
35662
35667
35668
35669
20052
20580
35677
35678
20582
60713
20081
26012
28923
35685
35686
35687
20082
27076
35692
35693
17407
28924
35703
35704
35705
17408
20635
27077
35710
35711
35712
20654
27073
28999
35717
35718
35719
20548
35728
35729
20549
35733
35734
35735
27074
29000
35739
35740
35741
20797
27091
29143
35751
35752
35753
17419
20786
20798
35758
35759
35760
17417
27092
29144
35765
35766
35767
17418
17420
20787
35772
35773
35774
17417
20780
27092
17418
17420
20790
20182
29146
35785
35786
29154
35790
35791
29147
35795
35796
35797
29155
35801
35802
20792
20807
35805
35806
35807
20794
60726
20253
20728
35809
35810
20730
60727
20846
20870
35818
35819
17434
20871
35824
35825
35826
17433
20847
35830
35831
35832
17431
20332
20850
60734
60735
17433
20851
60738
17435
29200
29242
35847
35848
17432
20336
35853
17436
35857
35858
20346
20860
35870
35871
20347
35875
35876
35877
20861
35882
35883
35884
20874
35889
35890
35891
20823
20869
35896
35897
35901
35902
35903
17451
17454
17457
35908
35909
20900
20916
35912
35913
35914
17453
17455
20902
35919
35920
35921
17456
17460
20917
35926
35927
35928
17451
17454
35932
35933
17452
20374
20903
35936
35937
20375
35941
35942
35943
17453
17455
20904
35947
35948
17451
17457
60754
60755
17459
20854
60756
17454
17457
35950
35951
17458
20856
20918
35954
35955
17459
20857
35957
35958
35959
17456
17460
20919
35962
35963
60757
60758
20380
20908
35965
35966
20909
35968
35969
35970
35972
35973
60763
60765
60767
60768
20866
20923
35975
35976
20867
60770
60771
20924
35978
35979
35980
20912
20955
27102
17473
20992
35988
35989
20969
35993
35994
17472
20970
36003
36004
36005
17474
20824
20966
36016
36017
17471
20460
36022
36023
17475
36027
36028
17470
20462
20973
60783
60784
36033
36034
36035
20473
20983
36041
36042
20474
36047
36048
36049
20984
36057
36058
36059
20996
36064
36065
36066
20825
20967
36071
36072
36076
36077
36078
17477
20950
21025
60789
60790
20958
21034
36082
36083
36084
17492
17495
17499
36087
36088
21090
21107
36091
36092
36093
17494
17500
21092
36098
36099
36100
17498
17501
21108
36105
36106
36107
17492
17495
60795
60796
17497
20977
60798
17492
17499
36112
36113
17493
20553
21093
36117
36118
20554
36122
36123
36124
17494
17500
36128
36129
17495
17499
36131
36132
17496
20979
21109
36134
36135
17497
20980
36137
36138
36139
17498
17501
21110
60799
60800
36142
36143
21098
28936
60802
60803
21099
36145
36146
36147
36149
36150
20989
21114
36152
36153
20990
60807
60808
21115
36155
36156
36157
36159
36160
36162
60811
60812
17503
21094
21208
60814
21102
21216
21219
21238
27119
36166
36167
36168
17514
17517
27138
60815
17514
27138
36172
36173
36174
17515
21160
21363
36185
36186
36187
20801
27139
36192
36193
17517
27138
36201
36202
36203
17518
29607
29658
36213
36214
36215
20805
27139
36220
36221
17514
17517
60821
17516
17519
29660
36229
36230
36231
36234
36235
36236
21161
21364
36241
36242
36243
21366
36254
36255
36260
36261
36262
21294
21365
36267
36268
36269
21368
36280
36281
36282
17521
21378
21388
60834
60835
21383
21396
36286
36287
20877
21397
60836
17528
21406
21409
36290
36291
17530
21410
33588
36294
36295
17529
17532
36299
36300
36301
17531
21381
36314
36315
17529
17532
36323
36324
36325
21407
21411
36329
36330
36331
36343
36344
36345
21412
33589
36350
36351
36352
21386
36357
36358
36359
36364
36365
36366
21442
21453
27178
36370
36371
20999
21443
60849
60850
17542
21463
29767
36376
36377
17544
36388
36389
36390
21061
21427
36404
36405
36406
17543
21062
36411
36412
36413
17546
21428
36417
36418
36419
17545
21430
33634
36428
36429
36430
17546
21431
36433
21461
29777
36436
36437
21067
21462
36439
36440
36441
36445
36446
36447
33635
36458
36459
21434
36462
36463
36464
33636
36468
36469
36470
17553
21476
29801
36474
36475
17555
21477
33640
36479
36480
17554
17557
36484
36485
36486
17556
21451
36499
36500
17554
17557
36504
36505
36506
21479
29800
36511
36512
36513
36525
36526
36527
21478
33641
36532
36533
36534
21456
36539
36540
36541
36546
36547
36548
21494
21504
27213
60875
60876
17560
21495
33647
54577
54578
21501
54567
17569
21527
21531
36553
36554
17571
36564
36565
36566
21265
29845
36580
36581
36582
17570
21266
36587
36588
36589
17573
29846
36594
36595
36596
17571
36601
36602
17572
21522
33687
36605
36606
36607
17573
21523
36610
36611
21529
21532
36614
36615
21271
21533
36619
36620
36621
36625
36626
36627
36640
36641
21526
36644
36645
33688
36653
36654
36655
17577
21544
21558
36659
36660
17578
21559
33692
54303
54304
21552
21563
21565
54298
21506
29661
36662
36663
36664
17585
21508
60886
21509
33697
36667
36668
21550
33698
36672
36673
17585
21510
36677
36678
36679
17586
21551
36684
36685
36686
21515
21556
27225
17590
17591
17592
17606
17611
17618
17590
17591
17612
21588
17590
17592
17619
21589
58416
17616
17621
21590
17609
17617
17610
17622
58417
17597
17598
17599
17606
17611
54705
17597
17598
17624
30829
54706
17598
17599
30830
17597
17599
17614
17626
60183
17615
17627
54707
17608
30831
54708
17609
17617
17604
17605
17606
17618
54705
17604
30835
17604
17605
17607
21606
30836
17605
17620
21607
17608
30837
54708
17610
17622
21608
17608
17609
17610
17608
17610
59750
59751
58418
17615
17616
17617
57215
17616
17617
21595
60184
17615
17616
17634
21596
17615
17617
17635
60185
17636
21597
57216
17621
17622
57215
17621
17622
21601
21616
17622
21617
21602
57216
21619
17627
17628
17629
17627
17628
30860
17628
17629
17631
21708
30861
17627
17629
17635
21709
17636
30862
17632
17637
21710
17632
21712
57217
17632
21713
30867
21715
57219
17637
21699
21719
57218
17636
17636
17637
21720
21721
57219
17642
17643
17644
17642
17643
17660
30931
17643
17644
17646
22040
30932
17642
17644
17650
17662
22041
17651
17663
30933
17647
17652
22042
17647
22044
57220
17647
22045
30938
22047
57222
17652
22031
22051
57221
17651
17679
17651
17652
17680
22052
17681
22053
57222
17656
17657
17658
17672
17677
17684
17656
17657
17678
22140
17656
17658
17685
22141
58503
17682
17687
22142
17675
17683
17676
17688
58504
17663
17664
17665
17672
17677
54709
17663
17664
31002
54710
17664
17665
31003
17663
17665
17680
60186
17681
54711
17674
31004
54712
17675
17683
17670
17671
17672
17684
54709
17670
31008
17670
17671
17673
22158
31009
17671
17686
22159
17674
31010
54712
17676
17688
22160
17674
17675
17676
17674
17676
59774
59775
58505
17681
17682
17683
57223
17682
17683
22147
60187
17681
17682
22148
17681
17683
60188
22149
57224
17687
17688
57223
17687
17688
22153
22168
17688
22169
22154
57224
22171
17692
17693
17694
17709
17714
17719
17692
17693
17715
22225
58515
17692
17694
17720
22226
17717
17724
22227
17712
17718
58516
17713
17725
17699
17700
17701
17709
17714
54713
17699
17700
31033
17700
17701
17710
22243
31034
17699
17701
17716
22244
17711
31035
54715
17712
17718
22245
17706
17707
17708
17709
17719
54713
17706
17707
17764
31040
54714
17707
17708
31041
17706
17708
17722
17766
22260
17723
17767
17711
31042
54715
17713
17725
17711
17712
17713
17711
17712
59780
59781
17717
17718
57225
17717
17718
22231
22254
17718
22255
22232
57226
22257
17723
17724
17725
57225
17724
17725
22236
58517
17723
17724
22237
17723
17725
17774
58518
17775
22238
57226
17729
17730
17731
17746
17751
17756
17729
17730
17752
22678
58607
17729
17731
17757
22679
17754
17761
22680
17749
17755
58608
17750
17762
17736
17737
17738
17746
17751
54724
17736
17737
31185
17737
17738
17747
22696
31186
17736
17738
17753
22697
17748
31187
54726
17749
17755
22698
17743
17744
17745
17746
17756
54724
17743
17744
17778
31192
54725
17744
17745
31193
17743
17745
17759
17780
22713
17760
17782
17748
31194
54726
17750
17762
17748
17749
17750
17748
17749
59791
59792
17754
17755
57227
17754
17755
22684
22707
17755
22708
22685
57228
22710
17760
17761
17762
57227
17761
17762
22689
58609
17760
17761
22690
17760
17762
17788
58610
17789
22691
57228
17767
17768
17769
17767
17768
31217
17768
17769
17771
22791
31218
17767
17769
17774
22792
17775
31219
17772
17776
22793
17772
22795
57229
60189
17772
22796
31224
22798
57231
17776
22802
57230
58624
17775
17776
22803
22805
57231
17781
17782
17783
17781
17782
30031
17781
17783
17785
23010
30032
17782
17783
17788
23011
30033
17789
17786
17790
23012
17786
23014
57232
60191
17786
23015
30038
23018
57234
17790
23021
57233
58672
17789
17790
23022
23024
57234
17795
17796
17797
17795
17796
17826
31333
17796
17797
17799
23327
31334
17795
17797
17802
17828
23328
17803
17829
31335
17800
17804
23329
17800
23331
57235
60194
17800
23332
31340
23334
57237
17804
23338
57236
58751
17803
17804
17847
23339
17848
23341
57237
17809
17810
17811
17809
17810
17863
31405
17810
17811
17813
23546
31406
17809
17811
17816
17865
23547
17817
17867
31407
17814
17818
23548
17814
23550
57238
60196
17814
23551
31412
23553
57240
17818
23557
57239
58799
17817
17818
17884
23558
17885
23560
57240
17822
17823
17824
17839
17844
17851
17822
17823
17845
23639
17822
17824
17852
23640
58816
17849
17854
23641
17842
17850
17843
17855
58817
17829
17830
17831
17839
17844
54727
17829
17830
31475
54728
17830
17831
31476
17829
17831
17847
23655
17848
17841
31477
54729
17842
17850
17836
17837
17838
17839
17851
54727
17836
17837
31482
17837
17838
17840
23658
31483
17836
17838
17853
23659
17841
31484
54729
17843
17855
23660
17841
17842
17843
17841
17843
59837
59838
17848
17849
17850
57241
17849
17850
23646
58814
17848
17849
23647
17848
17850
58815
23648
57242
17854
17855
57241
17854
17855
23652
23669
17855
23670
23653
57242
23672
17859
17860
17861
17876
17881
17888
17859
17860
17882
24092
17859
17861
17889
24093
58908
17886
17891
24094
17879
17887
17880
17892
58909
17866
17867
17868
17876
17881
54734
17866
17867
30057
54735
17866
17868
30058
17867
17868
17884
24108
17878
30059
54736
17885
17879
17887
17873
17874
17875
17876
17888
54734
17873
17874
30064
17873
17875
17877
24111
30065
17874
17875
17890
24112
17878
30066
54736
17880
17892
24114
17878
17879
17880
17878
17880
59500
59501
17885
17886
17887
57243
17886
17887
24099
58906
17885
17886
24100
17885
17887
58907
24101
57244
17891
17892
57243
17891
17892
24105
24122
17892
24123
24106
57244
24125
17896
17897
17898
17912
17917
17922
17896
17897
17918
24180
58920
17896
17898
17923
24181
17920
17927
24182
17915
17921
58921
17916
17928
17903
17904
17912
17917
54737
17903
31627
17903
17904
17913
24198
31628
17904
17919
24199
17914
31629
54740
17915
17921
24200
17909
17910
17911
17912
17922
54737
17909
17910
17930
31634
54738
17910
17911
31635
17909
17911
17925
17932
60197
17926
17934
54739
17914
31636
54740
17916
17928
17914
17915
17916
17914
17915
59851
59852
58922
17920
17921
57245
17920
17921
24186
24208
17921
24209
24187
57246
24211
17926
17927
17928
57245
17927
17928
24191
60198
17926
17927
17940
24192
17926
17928
17941
60199
17942
24193
57246
17933
17934
17935
17933
17934
30089
17933
17935
17937
24294
30090
17934
17935
17941
24295
30091
17942
17938
17943
24296
17938
24298
57247
17938
24299
30096
24302
57249
17943
24285
24305
57248
17942
17942
17943
24306
24307
57249
17948
17949
17950
17948
17949
17972
31703
17949
17950
17952
24626
31704
17948
17950
17956
17974
24627
17957
17976
31705
17953
17958
24628
17953
24630
57250
17953
24631
31710
24633
57252
17958
24617
24637
57251
17957
17990
17957
17958
17991
24638
17992
24639
57252
17962
17963
17964
17978
17983
17988
17962
17963
17984
24732
59007
17962
17964
17989
24733
17986
17993
24734
17981
17987
59008
17982
17994
17969
17970
17978
17983
54741
17969
30115
17969
17970
17979
24750
30116
17970
17985
24751
17980
30117
54743
17981
17987
24753
17975
17976
17977
17978
17988
54741
17975
17976
30122
54742
17975
17977
30123
17976
17977
17991
60200
17980
30124
54743
17992
54744
17982
17994
17980
17981
17982
17980
17981
59507
59508
59009
17986
17987
57253
17986
17987
24738
24760
17987
24761
24739
57254
24763
17992
17993
17994
57253
17993
17994
24743
60201
17992
17993
24744
17992
17994
60202
24745
57254
17997
18000
29919
54750
17997
18001
18003
17998
18004
54751
18000
18001
18005
18016
54752
18000
18001
18017
29920
18020
29922
54753
18008
18021
18004
18007
24818
57255
18004
18008
60203
18005
57256
18007
18008
18009
57257
18007
18008
18010
24821
60204
18013
24822
57258
18014
60205
18013
18014
18015
18016
57263
18013
18014
24826
60206
18014
18015
18018
24856
60207
18013
18015
24827
24857
57264
24828
57265
18021
60208
18022
24859
57266
18020
18021
18022
57259
18020
18021
29926
18021
18022
24870
18020
18022
24871
29927
57260
29928
57261
24874
57262
18027
18028
18029
18037
18044
57275
18028
18029
18038
24940
18027
18028
24927
24941
57276
18027
18029
18045
24928
18049
24929
57277
18042
24943
57278
18043
18050
18034
18035
18036
18037
18044
54754
18034
18035
18059
30493
54755
18035
18036
18040
30494
18034
18036
18047
18061
18048
18063
54756
18041
30495
54757
18043
18050
18041
18042
18043
57271
18042
18043
24954
18041
18042
24955
30500
57272
18041
18043
30501
30502
57273
24957
57274
18048
18049
18050
57267
18049
18050
24934
18048
18049
18074
24935
57268
18048
18050
18075
18076
57269
24936
57270
18055
18056
18057
18065
18072
57287
18056
18057
18066
25024
18055
18056
25011
25025
57288
18055
18057
18073
25012
18077
25013
57289
18070
25027
57290
18071
18078
18062
18063
18064
18065
18072
54758
18062
18063
29947
54759
18062
18064
18068
29948
18063
18064
18075
18069
29949
54760
18076
54761
18071
18078
18069
18070
18071
57283
18070
18071
25038
18069
18070
25039
29954
57284
18069
18071
29955
29956
57285
25042
57286
18076
18077
18078
57279
18077
18078
25018
18076
18077
25019
57280
18076
18078
57281
25020
57282
18081
18084
30577
54762
18081
18085
18087
18082
18088
54763
18084
18085
18089
18100
54764
18084
18085
18101
30579
18104
30581
54765
18092
18105
18088
18091
25087
57291
18088
18092
60227
18089
57292
18091
18092
18093
57293
18091
18092
18094
25090
60228
18097
25091
57294
18098
60229
18097
18098
18099
18100
57299
18097
18098
25101
60230
18098
18099
18102
25132
60231
18097
18099
25103
25133
57300
25104
57301
18105
60232
18106
25135
57302
18104
18105
18106
57295
18104
18105
30591
18105
18106
25146
18104
18106
25147
30592
57296
30593
57297
25149
57298
18109
18112
29919
54770
18109
18113
18115
18110
18116
54771
18112
18113
18117
18128
54772
18112
18113
18129
29921
18132
29923
54773
18120
18133
18116
18119
25202
57303
18116
18120
60239
18117
57304
18119
18120
18121
57305
18119
18120
18122
25205
60240
18125
25206
57306
18126
60241
18125
18126
18127
18128
57311
18125
18126
25210
60242
18126
18127
18130
25240
60243
18125
18127
25211
25241
57312
25212
57313
18133
60244
18134
25243
57314
18132
18133
18134
57307
18132
18133
29933
18133
18134
25254
18132
18134
25255
29934
57308
29935
57309
25258
57310
18139
18140
18141
18149
18156
57323
18139
18141
18150
25296
18139
18140
25297
25339
57324
18140
18141
18157
25340
18154
25299
57325
18161
25341
57326
18155
18162
18146
18147
18148
18149
18156
54774
18146
18147
18199
30521
54775
18147
18148
18152
30522
18146
18148
18159
18201
18160
18203
54776
18153
30523
54777
18155
18162
18153
18154
18155
57315
18154
18155
25310
18153
18154
25311
30528
57316
18153
18155
30529
30530
57317
25313
57318
18160
18161
18162
57319
18161
18162
25346
18160
18161
18214
25347
57320
18160
18162
18215
18216
57321
25348
57322
18167
18168
18169
18177
18184
57335
18167
18169
18178
25380
18168
18169
18185
25423
18167
18168
25382
25424
57336
18182
25383
57337
18189
25425
57338
18183
18190
18174
18175
18176
18177
18184
54778
18174
18175
30633
54779
18175
18176
18180
30634
18174
18176
18187
18188
54780
18181
30635
54781
18183
18190
18181
18182
18183
57327
18182
18183
25394
18181
18182
25395
30640
57328
18181
18183
30641
30642
57329
25397
57330
18188
18189
18190
57331
18189
18190
25430
18188
18189
25431
57332
18188
18190
57333
25432
57334
18195
18196
18197
18205
18212
57347
18196
18197
18206
25492
18195
18196
25479
25493
57348
18195
18197
18213
25480
18217
25481
57349
18210
25495
57350
18211
18218
18202
18203
18204
18205
18212
54793
18202
18203
29975
54794
18202
18204
18208
29976
18203
18204
18215
18209
29977
54795
18216
54796
18211
18218
18209
18210
18211
57343
18210
18211
25506
18209
18210
25507
29982
57344
18209
18211
29983
29984
57345
25510
57346
18216
18217
18218
57339
18217
18218
25486
18216
18217
25487
57340
18216
18218
57341
25488
57342
18221
18224
30689
54797
18221
18225
18227
18222
18228
54798
18224
18225
18229
18240
54799
18224
18225
18241
30691
18244
30693
54800
18232
18245
18228
18231
25555
57351
18228
18232
60269
18229
57352
18231
18232
18233
57353
18231
18232
18234
25558
60270
18237
25559
57354
18238
60271
18237
18238
18239
18240
57359
18237
18238
25569
60272
18238
18239
18242
25600
60273
18237
18239
25571
25601
57360
25572
57361
18245
60274
18246
25603
57362
18244
18245
18246
57355
18244
18245
30703
18245
18246
25614
18244
18246
25615
30704
57356
30705
57357
25617
57358
18249
18252
30801
54801
18249
18253
18255
18250
18256
54802
18252
18253
18257
18268
54803
18252
18253
18269
30802
18272
30804
54804
18260
18273
18256
18259
25663
57363
18256
18260
60281
18257
57364
18259
18260
18261
57365
18259
18260
18262
25666
60282
18265
25667
57366
18266
60283
18265
18266
18267
18268
57371
18265
18266
25677
60284
18266
18267
18270
25708
60285
18265
18267
25679
25710
57372
25680
57373
18273
60286
18274
25711
57374
18272
18273
18274
57367
18272
18273
30808
18273
18274
25722
18272
18274
25723
30809
57368
30810
57369
25725
57370
18279
18280
18281
18289
18296
57383
18279
18281
18290
25764
18280
18281
18297
25807
18279
18280
25766
25808
57384
18294
25767
57385
18301
25809
57386
18295
18302
18286
18287
18288
18289
18296
54809
18286
18287
30717
54810
18287
18288
18292
30718
18286
18288
18299
18300
54811
18293
30719
54812
18295
18302
18293
18294
18295
57375
18294
18295
25778
18293
18294
25779
30724
57376
18293
18295
30725
30726
57377
25781
57378
18300
18301
18302
57379
18301
18302
25814
18300
18301
25815
57380
18300
18302
57381
25816
57382
18305
18308
30801
54813
18305
18309
18311
18306
18312
54814
18308
18309
18313
18324
54815
18308
18309
18325
30803
18328
30805
54816
18316
18329
18312
18315
25855
57387
18312
18316
60299
18313
57388
18315
18316
18317
57389
18315
18316
18318
25858
60300
18321
25859
57390
18322
60301
18321
18322
18323
18324
57395
18321
18322
25869
60302
18322
18323
18326
25900
60303
18321
18323
25871
25902
57396
25872
57397
18329
60304
18330
25903
57398
18328
18329
18330
57391
18328
18329
30815
18329
18330
25914
18328
18330
25915
30816
57392
30817
57393
25917
57394
27236
36690
36691
36694
27237
36697
36698
36701
18339
27238
36705
36706
36707
18341
27239
36712
36713
36714
18339
27244
36719
36720
36721
18356
27245
36726
36727
36728
27246
36733
36734
36735
18342
18357
27247
36740
36741
36742
27240
36747
36748
36749
18364
27241
36754
36755
36756
27242
36761
36762
36763
18365
27243
36768
36769
36770
27252
36774
36775
36778
27253
36781
36782
36785
18351
27254
36789
36790
36791
18353
27255
36796
36797
36798
18351
27260
36803
36804
36805
18360
27261
36810
36811
36812
27262
36817
36818
36819
18354
18361
27263
36824
36825
36826
27256
36831
36832
36833
18364
27257
36838
36839
36840
27258
36845
36846
36847
18366
27259
36852
36853
36854
18363
27272
36859
36860
36861
18380
27273
36866
36867
36868
18365
27274
36873
36874
36875
18382
27275
36880
36881
36882
18363
27276
36887
36888
36889
18512
27277
36894
36895
36896
18366
27278
36901
36902
36903
18514
27279
36908
36909
36910
27264
36915
36916
36917
27265
36922
36923
36924
27266
36929
36930
36931
27267
36936
36937
36938
27284
36942
36943
36946
27285
36949
36950
36953
18375
27286
36957
36958
36959
18377
27287
36964
36965
36966
18391
27288
36970
36971
36974
27289
36977
36978
36981
18375
27290
36985
36986
36987
18378
18394
27291
36992
36993
36994
27292
36999
37000
37001
18400
27293
37006
37007
37008
27294
37013
37014
37015
18401
27295
37020
37021
37022
18387
27304
37027
37028
37029
27305
37034
37035
37036
18389
27306
37041
37042
37043
27307
37048
37049
37050
18387
27308
37055
37056
37057
18396
27309
37062
37063
37064
27310
37069
37070
37071
18390
18397
27311
37076
37077
37078
27296
37083
37084
37085
18400
27297
37090
37091
37092
27298
37097
37098
37099
18402
27299
37104
37105
37106
27316
37110
37111
37114
27317
37117
37118
37121
18399
27318
37125
37126
37127
18401
27319
37132
37133
37134
18399
27324
37139
37140
37141
18552
27325
37146
37147
37148
18402
27326
37153
37154
37155
18554
27327
37160
37161
37162
27320
37167
37168
37169
27321
37174
37175
37176
27322
37181
37182
37183
27323
37188
37189
37190
18406
18407
55121
18406
18409
18410
18431
18407
18409
18417
18432
18408
18412
55122
18408
18419
55123
18409
18413
18420
55124
18416
18422
18433
18412
18416
18434
18412
18415
57639
18413
57640
18415
18416
18424
57641
18415
18416
18425
18435
18428
57642
18429
18436
18419
18422
18437
18419
18423
18490
57643
18420
57644
18422
18423
18424
57645
18422
18423
18426
18438
18494
18429
18439
18430
18495
57646
18428
18429
18430
57647
18428
18429
18440
18429
18430
18441
18498
18428
18430
18499
57648
57649
18442
18501
57650
18433
18434
57469
18433
18437
18436
18439
18436
57474
18436
18440
59643
18442
18439
18439
18441
18447
18442
18442
59645
18442
18449
18445
18446
18484
18445
18452
18487
60258
18448
18454
18488
18448
18491
18448
18449
18494
18451
18496
18451
18498
18451
18453
18500
59649
18454
18502
18454
18505
60260
18454
18506
59651
18508
18459
18460
18461
18469
18476
57659
18459
18461
18470
59648
18459
18460
18499
57660
18460
18461
18477
18500
59649
18473
57661
18480
18503
57662
18475
18481
59650
18466
18467
18468
18469
18476
55125
18466
18468
25387
36970
55126
18466
18467
18472
36971
18467
18468
18479
25389
18474
36972
55127
18475
18481
18482
25391
55128
18473
18474
18475
57651
18473
18475
18473
18474
36977
57652
18474
18475
36978
57653
36979
57654
18480
18481
18482
57655
18480
18481
18506
59651
18480
18482
18507
25402
57656
18481
18482
25403
59652
18509
57657
59653
25404
57658
18485
18489
25435
55129
18485
18488
18491
18486
18492
55130
18488
18489
18493
18504
55131
18488
18489
18505
25439
18496
18508
18510
25440
55132
18492
18495
57663
18492
18496
18493
57664
18495
18496
18497
57665
18495
18496
18498
18501
57666
18502
18501
18502
18503
18504
57671
18501
18502
18501
18503
57672
18502
18503
18506
57673
18508
18509
57674
18508
18509
18510
57667
18508
18510
25457
18508
18509
18509
18510
25459
57668
57669
25460
57670
18519
27336
37195
37196
37197
27337
37202
37203
37204
18521
27338
37209
37210
37211
27339
37216
37217
37218
18519
27340
37223
37224
37225
18540
27341
37230
37231
37232
27342
37237
37238
37239
18522
18541
27343
37244
37245
37246
27328
37251
37252
37253
18544
27329
37258
37259
37260
27330
37265
37266
37267
18545
27331
37272
37273
37274
27348
37278
37279
37282
27349
37285
37286
37289
18531
27350
37293
37294
37295
18533
27351
37300
37301
37302
18535
27352
37306
37307
37310
27353
37313
37314
37317
18531
27354
37321
37322
37323
18534
18538
27355
37328
37329
37330
27356
37335
37336
37337
18544
27357
37342
37343
37344
27358
37349
37350
37351
18546
27359
37356
37357
37358
27364
37362
37363
37366
27365
37369
37370
37373
18543
27366
37377
37378
37379
18546
27367
37384
37385
37386
18543
27372
37391
37392
37393
18564
27373
37398
37399
37400
18545
27374
37405
37406
37407
18566
27375
37412
37413
37414
27368
37419
37420
37421
27369
37426
37427
37428
27370
37433
37434
37435
27371
37440
37441
37442
18571
27380
37446
37447
37450
27381
37453
37454
37457
18555
27382
37461
37462
37463
18558
18574
27383
37468
37469
37470
18555
27388
37475
37476
37477
27389
37482
37483
37484
18557
27390
37489
37490
37491
27391
37496
37497
37498
27384
37503
37504
37505
18580
27385
37510
37511
37512
27386
37517
37518
37519
18581
27387
37524
37525
37526
18575
27396
37530
37531
37534
27397
37537
37538
37541
18567
27398
37545
37546
37547
18570
18578
27399
37552
37553
37554
18567
27404
37559
37560
37561
27405
37566
37567
37568
18569
27406
37573
37574
37575
27407
37580
37581
37582
27400
37587
37588
37589
18580
27401
37594
37595
37596
27402
37601
37602
37603
18582
27403
37608
37609
37610
27412
37614
37615
37618
27413
37621
37622
37625
18579
27414
37629
37630
37631
18581
27415
37636
37637
37638
27416
37642
37643
37646
27417
37649
37650
37653
18579
27418
37657
37658
37659
18582
27419
37664
37665
37666
27420
37671
37672
37673
27421
37678
37679
37680
27422
37685
37686
37687
27423
37692
37693
37694
18585
18589
25407
55165
18585
18588
18591
18586
18592
55166
18588
18589
18593
18604
55167
18588
18589
18605
25411
18596
18609
18610
25412
55168
18592
18595
18647
57747
18592
18596
18593
57748
18595
18596
18597
57749
18595
18596
18598
18650
18602
18652
57750
18603
18601
18602
18603
18604
57755
18602
18603
18654
18601
18602
18655
57756
18601
18603
18606
18608
57757
18658
57758
18609
18608
18609
18610
57751
18609
18610
25429
18608
18609
18608
18610
25431
57752
57753
25433
57754
18615
18616
18617
18625
18632
57767
18615
18617
18626
18615
18616
18655
57768
18616
18617
18633
18656
18629
57769
18636
18659
57770
18631
18637
18622
18623
18624
18625
18632
55169
18622
18624
25715
37446
55170
18622
18623
18628
37447
18623
18624
18635
25717
18630
37448
55171
18631
18637
18638
25719
55172
18629
18630
18631
57759
18629
18631
18629
18630
37453
57760
18630
18631
37454
57761
37455
57762
18636
18637
18638
57763
18636
18637
18662
18636
18638
18663
25730
57764
18637
18638
25731
18665
57765
25732
57766
18641
18645
25735
55173
18641
18644
18646
59726
18642
18648
55174
18644
18645
18649
18660
55175
18644
18645
18661
25739
59727
18651
18664
59728
18666
25740
55176
18648
18651
18648
18652
57771
18649
57772
18651
18652
18653
57773
18651
18652
18654
18657
18658
57774
18657
18658
18659
18660
57779
18657
18658
18658
18659
57780
18657
18659
18662
18664
57781
18665
57782
18664
18665
18666
57775
18664
18666
25757
59729
18664
18665
59730
18665
18666
25759
57776
59731
57777
25760
57778
18670
18671
55177
18670
18673
18674
18695
18671
18673
18681
18696
18672
18676
55178
18672
18683
55179
18673
18677
18684
55180
18680
18686
18697
18676
18680
18698
18676
18679
57783
18677
57784
18679
18680
18688
57785
18679
18680
18689
18699
18692
57786
18693
18700
18683
18686
18701
18683
18687
18754
57787
18684
57788
18686
18687
18688
57789
18686
18687
18690
18702
18758
18693
18703
18694
18759
57790
18692
18693
18694
57791
18692
18693
18704
18693
18694
18705
18762
18692
18694
18763
57792
57793
18706
18765
57794
18697
18698
57487
18697
18701
18700
18703
18700
57492
18700
18704
59733
18706
18703
18703
18705
18711
18706
18706
59735
18706
18713
18709
18710
18748
18709
18716
18751
60294
18712
18718
18752
18712
18755
18712
18713
18758
18715
18760
18715
18762
18715
18717
18764
59739
18718
18766
18718
18769
60296
18718
18770
59741
18772
18723
18724
18725
18733
18740
57803
18723
18725
18734
59738
18723
18724
18763
57804
18724
18725
18741
18764
59739
18737
57805
18744
18767
57806
18739
18745
59740
18730
18731
18732
18733
18740
55181
18730
18732
25771
37306
55182
18730
18731
18736
37307
18731
18732
18743
25773
18738
37308
55183
18739
18745
18746
25775
55184
18737
18738
18739
57795
18737
18739
18737
18738
37313
57796
18738
18739
37314
57797
37315
57798
18744
18745
18746
57799
18744
18745
18770
59741
18744
18746
18771
25786
57800
18745
18746
25787
59742
18773
57801
59743
25788
57802
18749
18753
25819
55185
18749
18752
18755
18750
18756
55186
18752
18753
18757
18768
55187
18752
18753
18769
25823
18760
18772
18774
25824
55188
18756
18759
57807
18756
18760
18757
57808
18759
18760
18761
57809
18759
18760
18762
18765
57810
18766
18765
18766
18767
18768
57815
18765
18766
18765
18767
57816
18766
18767
18770
57817
18772
18773
57818
18772
18773
18774
57811
18772
18774
25841
18772
18773
18773
18774
25843
57812
57813
25844
57814
18779
18780
18781
18789
18796
57827
18779
18781
18790
18779
18780
18847
57828
18780
18781
18797
18848
18793
57829
18800
18850
57830
18795
18801
18786
18787
18788
18789
18796
55189
18786
18788
25907
37530
55190
18786
18787
18792
37531
18787
18788
18799
25909
18794
37532
55191
18795
18801
18802
25911
55192
18793
18794
18795
57819
18793
18795
18793
18794
37537
57820
18794
18795
37538
57821
37539
57822
18800
18801
18802
57823
18800
18801
18854
18800
18802
18855
25922
57824
18801
18802
25923
18857
57825
25924
57826
18805
18809
25791
55193
18805
18808
18811
18806
18812
55194
18808
18809
18813
18824
55195
18808
18809
18825
25795
18816
18829
18830
25796
55196
18812
18815
18839
57831
18812
18816
18813
57832
18815
18816
18817
57833
18815
18816
18818
18842
18822
18844
57834
18823
18821
18822
18823
18824
57839
18822
18823
18846
18821
18822
18847
57840
18821
18823
18826
18828
57841
18851
57842
18829
18828
18829
18830
57835
18829
18830
25813
18828
18829
18828
18830
25815
57836
57837
25817
57838
18833
18837
25927
55197
18833
18836
18838
59744
18834
18840
55198
18836
18837
18841
18852
55199
18836
18837
18853
25931
59745
18843
18856
59746
18858
25932
55200
18840
18843
18840
18844
57843
18841
57844
18843
18844
18845
57845
18843
18844
18846
18849
18851
57846
18849
18850
18851
18852
57851
18849
18851
18850
18851
57852
18849
18850
18854
18856
18857
57853
57854
18856
18857
18858
57847
18856
18858
25949
59747
18856
18857
59748
18857
18858
25951
57848
59749
57849
25952
57850
19032
37698
37699
37700
18864
19034
37703
37704
37708
37709
37710
18866
19036
37715
37716
18864
19037
37720
37721
37722
19041
61331
18905
19061
26021
37727
37728
37729
19062
37732
37733
61332
18874
37738
37739
37740
18875
18884
37743
37744
18874
37746
37747
18875
18885
37749
37750
18876
18887
61335
18893
37752
37753
37756
37759
37760
37763
18877
37767
37768
37769
18879
18895
37774
37775
37776
18884
18885
37780
37781
18886
18897
27453
37784
37785
18887
18898
37789
37790
37791
18888
27454
61337
61338
18884
18885
37796
37797
37798
37814
37815
18888
18906
37820
37821
37822
61344
61345
37826
37827
37828
18912
27450
37831
37832
27451
37835
37836
18913
37839
37840
37841
18892
37849
37850
37853
18894
18900
37861
37862
18903
18944
37874
37875
37878
37882
37883
37886
18896
37895
37896
37897
18898
37906
37907
37908
18900
37913
37914
37915
18916
27450
37920
37921
37922
27451
37927
37928
37929
18902
18917
27452
37934
37935
37936
37941
37942
37943
18932
18954
37948
37949
37950
18933
37955
37956
37957
18955
37962
37963
37964
18911
37969
37970
19086
37974
37975
37976
18913
37985
37986
37987
18911
37998
37999
38000
19670
38005
38006
18928
19671
38013
38014
38015
18914
18929
38020
38021
38022
38036
38037
38038
18936
27453
38043
38044
38045
27454
38050
38051
38052
18938
27455
38057
38058
38059
18931
18935
18939
38063
38064
18936
27453
38067
38068
18933
18937
38072
38073
38074
18938
18940
27455
61373
61374
18931
18935
38078
38079
18932
18984
61376
61377
18933
18937
61379
61380
18934
18985
38081
38082
18931
18939
38084
38085
18988
27876
61382
61383
18934
18989
38087
38088
18941
27877
61385
61386
18935
18939
38091
38092
38093
19680
38098
38099
38100
18938
18940
38105
38106
38107
18941
19681
38112
38113
38114
38119
38120
38121
18996
38126
38127
38128
38133
38134
38135
18997
38140
38141
38142
38146
38147
27450
38150
38151
27452
61388
61389
38155
38156
38157
38161
38162
61391
61393
18945
38168
38169
38172
18947
18953
38180
38181
18955
38193
38194
38197
18963
38201
38202
38205
18949
38214
38215
38216
18951
18966
38225
38226
38227
18953
38232
38233
38234
18968
18980
27470
38239
38240
38241
18969
27471
38246
38247
38248
18956
18981
27472
38253
38254
38255
38260
38261
38262
18996
38267
38268
38269
38274
38275
38276
18998
38281
38282
38283
61411
18964
38287
38288
38289
18965
18974
38292
38293
18964
38295
38296
18965
18975
38298
38299
18966
18977
61414
38301
38302
38305
38308
38309
38312
18967
38316
38317
38318
18969
38323
38324
38325
18974
18975
38329
38330
18976
27478
38333
38334
18977
38338
38339
38340
18978
27479
61416
61417
18974
18975
38345
38346
38347
18978
19008
38363
38364
38365
38370
38371
61423
61424
38375
38376
38377
19014
27470
38380
38381
27471
38384
38385
19015
38388
38389
38390
18995
18999
19003
38394
38395
19000
27478
38398
38399
18998
19001
38403
38404
38405
19002
19004
27480
61426
61427
18995
18999
38409
38410
18996
61429
61430
18997
38412
38413
18998
19001
61432
61433
18995
19003
38415
38416
27914
61435
61436
18997
38418
38419
19005
27915
61438
61439
18999
19003
38422
38423
38424
19011
19701
38429
38430
38431
19002
19004
19012
38436
38437
38438
19005
19702
38443
38444
38445
38450
38451
38452
38457
38458
38459
38464
38465
38466
38471
38472
38473
38477
38478
19014
27470
38481
38482
27472
61441
61442
19016
38486
38487
38488
38492
38493
61444
61446
19013
38496
38497
19023
19087
38501
38502
38503
19015
38512
38513
38514
19013
38525
38526
38527
19708
38532
38533
19709
38540
38541
38542
19016
38547
38548
38549
38563
38564
38565
27478
38570
38571
38572
27479
38577
38578
38579
27480
38584
38585
38586
38590
38591
38592
19022
38595
38596
38600
38601
38602
19024
38607
38608
19022
38612
38613
38614
61465
19115
26039
38619
38620
38621
19116
38624
38625
19042
38630
38631
38632
19045
27509
38635
38636
38640
38641
38642
19031
27535
38647
38648
27509
27536
38652
38653
38654
19075
19192
26045
38661
38662
38663
19076
61468
61469
38666
38669
19040
38685
38686
19041
38690
38691
38692
19038
19059
61475
19039
19062
38696
38697
38698
19041
38701
38702
19068
38712
38713
38714
19069
38719
38720
38721
38726
38727
38728
38733
38734
38735
26046
38744
38747
38749
38752
19048
38762
38763
19049
26047
38767
38768
38769
19082
26823
27533
38782
38783
38784
19083
27535
38789
38790
38791
26824
27534
38796
38797
38798
27509
27536
38803
38804
38805
19054
19059
38814
38815
38816
27537
27547
38821
38822
38823
19055
19057
19060
38834
38835
38836
19058
27548
38841
38842
38843
19068
61484
61485
19071
61486
19072
38855
38856
19073
38865
38866
38867
27555
38871
38872
19068
38875
38876
19071
19073
38879
38880
38881
19086
38884
38885
19069
38889
38890
38891
19070
38896
38897
38898
19067
38903
38904
38905
19071
19073
38910
38911
19074
27972
38915
38916
38917
38922
38923
38924
38929
38930
38931
38936
38937
38938
38942
38943
38953
38954
19739
38959
38960
38961
38966
38967
38968
19740
61502
61503
19225
38973
38974
19083
27535
38978
38979
38980
19084
38985
38986
38987
19081
38992
38993
38994
19085
27555
39002
39003
19745
27556
39007
39008
39009
39014
39015
27537
27547
39020
39021
39022
39027
39028
39029
39034
39035
27548
39045
39046
26062
61513
19115
26063
61514
39050
39051
39054
19094
39057
19096
19104
39062
39063
39064
19106
39068
39069
39072
19094
61519
19097
19107
27558
39076
39077
39078
39082
39083
39086
19098
39090
39091
39092
19101
39097
39098
19102
39102
39103
39107
39108
19103
19129
39113
39114
39115
19130
27557
27566
39120
39121
39122
19104
39127
39128
27558
27567
39132
39133
19133
39143
39144
39145
39148
39149
39150
19149
26064
39154
39157
39159
39162
19111
39172
39173
19112
19150
26065
39177
39178
39179
19145
27557
27566
39192
39193
39194
19146
27568
39199
39200
39201
27558
27567
39206
39207
39208
27569
27597
39217
39218
39219
19122
19129
39223
39224
19125
19128
19131
39227
39228
39229
39232
39233
19123
39237
39238
39239
19124
39244
39245
39246
19121
39251
39252
39253
19127
26917
39258
39259
39260
19125
19128
39265
39266
39270
39271
39272
19133
39277
39278
39279
39284
39285
39286
39296
39297
19134
39301
39302
19135
39307
39308
39309
61549
61550
19136
39314
39315
39316
19133
39321
39322
39323
27572
27580
39328
39329
39330
19134
19136
39341
39342
39343
19137
27581
39348
39349
39350
61557
61558
61559
39362
39363
39372
39373
39374
27588
39378
39379
19154
19226
39383
39384
19146
19155
27568
39388
39389
39390
19148
39395
39396
39397
19144
39402
39403
39404
19147
27588
39412
39413
19838
27589
39417
39418
39419
39424
39425
27572
27580
39430
39431
39432
39437
39438
39439
27581
39450
39451
39456
39457
39460
39461
39462
27597
39465
39466
39470
39471
39472
19155
27568
39477
39478
27569
27597
39486
39487
39488
19245
26085
39491
39492
39493
61570
61571
61576
19160
39496
39497
39498
19161
27616
39500
39501
19177
39503
39504
39507
27605
39510
39511
39514
19163
27606
39518
39519
19165
19179
27607
39524
39525
39526
19170
27616
39530
39531
19171
19181
19190
39534
39535
39536
19172
19182
39540
39541
39542
19173
61580
61581
19170
27616
39547
39548
39549
39565
39566
39567
19173
19193
39572
39573
39574
27606
39579
39580
39581
19184
19199
39584
39585
27607
39588
39589
19200
39592
39593
39594
39602
39603
19178
19186
39612
39613
39614
19189
19280
39627
39628
39631
39632
39635
19180
39649
39650
39651
19182
39656
39657
39658
19186
39663
39664
39665
19184
19203
39670
39671
39672
39677
39678
39679
19185
19188
19204
39684
39685
39686
19218
39690
39691
19219
27628
61596
39696
39697
39698
19222
19289
39707
39708
39709
19223
27628
39714
39715
39716
19290
39721
39722
39723
19199
19203
39727
39728
19201
19205
27635
61603
19225
39736
39737
39738
19200
39751
39752
39753
19198
39764
39765
19891
39770
39771
39772
19210
19892
39776
39777
39778
19201
19211
27635
39783
39784
39785
39798
39799
39800
19218
39805
39806
39807
39812
39813
39814
19220
39819
39820
39821
19217
19221
27636
39825
39826
19218
39828
39829
39830
19219
19223
39834
39835
39836
19220
27637
39840
39841
19217
19221
39843
39844
19219
19223
27628
61620
61621
19224
19317
61623
61624
19217
27636
39847
39848
39849
19899
39854
39855
39856
19220
27637
39861
39862
39863
19900
39868
39869
39870
19221
27636
39874
39875
19320
28120
39877
39878
19224
19321
39880
39881
39882
61626
61627
39884
39885
39888
39889
39891
39892
39894
39895
39896
39901
39902
19328
39906
39907
39908
39913
39914
39915
19329
39920
39921
39922
19245
39930
39931
19231
19239
39940
39941
39942
19241
39951
39952
39959
39960
39963
19233
39977
39978
39979
19235
39984
39985
39986
19239
39991
39992
39993
19237
19256
39998
39999
40000
40005
40006
40007
19238
19242
19257
40012
40013
40014
19271
40018
40019
19272
27649
61639
40024
40025
40026
19275
40035
40036
40037
40042
40043
40044
19276
27649
40049
40050
40051
19252
19256
40055
40056
19254
19258
27656
61646
40064
40065
40066
19253
40079
40080
40081
19251
40092
40093
40098
40099
40100
19263
40104
40105
40106
19254
19264
27656
40119
40120
40121
40126
40127
40128
19271
40133
40134
40135
40140
40141
40142
19273
40147
40148
40149
19270
19274
27657
40153
40154
19271
40156
40157
40158
19272
19276
40162
40163
40164
19273
27658
40168
40169
19270
19274
40171
40172
19272
19276
27649
61663
61664
19277
19373
61666
61667
19270
27657
40175
40176
40177
19954
40182
40183
40184
19273
27658
40189
40190
40191
19955
40196
40197
40198
19274
27657
40202
40203
19375
28206
40205
40206
19277
19377
40208
40209
40210
61669
61670
40212
40213
40216
40217
40219
40220
40222
40223
40224
40229
40230
19383
40234
40235
40236
40241
40242
40243
19385
40248
40249
40250
40258
40259
19282
19288
40268
40269
40270
19290
40283
40284
19297
40291
40292
40295
19284
40305
40306
40307
19286
19300
40312
40313
40314
19288
40319
40320
40321
19292
19302
19313
40326
40327
40328
19303
40333
40334
40335
19291
19293
19314
40340
40341
40342
40347
40348
40349
19328
40358
40359
40360
40365
40366
40367
19330
27670
40372
40373
40374
19309
19332
40378
40379
19333
27670
61686
61688
19298
40383
40384
40385
19299
27682
40387
40388
40390
40391
40394
27671
40397
40398
40401
19301
27672
40405
40406
19303
27673
40411
40412
40413
19308
27682
40417
40418
19309
19335
40421
40422
40423
19310
40427
40428
40429
19311
61692
61693
19308
27682
40434
40435
40436
19311
19338
40451
40452
40453
40459
40460
40461
27672
40466
40467
40468
19344
40471
40472
27673
40475
40476
19345
40479
40480
40481
19327
19331
27683
40485
40486
19332
19335
40488
40489
40490
19330
19333
40494
40495
40496
19334
19336
27684
40500
40501
19327
19331
40503
40504
19329
61701
61702
19330
19333
27670
61704
61705
19327
27683
40506
40507
28243
40509
40510
19329
40512
40513
40514
61707
61708
19331
27683
40517
40518
40519
19341
19975
40524
40525
40526
19334
19342
27684
40531
40532
40533
19976
40538
40539
40540
40545
40546
40550
40551
40552
40557
40558
40559
40564
40565
40566
40570
40571
19344
40574
40575
40577
40578
19346
40580
40581
40582
19344
40586
40587
19346
27691
61711
19347
19407
40595
40596
40597
19345
40610
40611
40612
19343
40623
40624
19983
40629
40630
40631
19984
40635
40636
40637
19346
27691
40642
40643
40644
40657
40658
40659
40664
40665
40666
40671
40672
40673
40678
40679
40680
19436
19392
19509
61725
19353
40684
40685
40686
19354
27703
40688
40689
40691
40692
40695
27692
40698
40699
40702
19356
27693
40706
40707
19358
27694
40712
40713
40714
19363
27703
40718
40719
19364
19390
40722
40723
40724
19365
40728
40729
40730
19366
61729
61730
19363
27703
40735
40736
40737
40752
40753
40754
19366
19393
40760
40761
40762
27693
40767
40768
40769
19399
40772
40773
27694
40776
40777
19400
40780
40781
40782
19382
19386
27704
40786
40787
19387
19390
40789
40790
40791
19384
19388
40795
40796
40797
19389
19391
27705
40801
40802
19382
19386
40804
40805
19384
19388
26857
61738
61739
19385
61741
61742
19382
27704
40807
40808
26952
40810
40811
61744
61745
19385
40813
40814
40815
19386
27704
40818
40819
40820
19396
40825
40826
40827
40832
40833
40834
19389
19397
27705
40839
40840
40841
40846
40847
40851
40852
40853
40858
40859
40860
40865
40866
40867
40871
40872
19399
40875
40876
40878
40879
19401
40881
40882
40883
19399
40887
40888
19401
27712
61748
19545
40896
40897
40898
19400
40917
40918
40919
19398
40924
40925
20042
40930
40931
40932
20043
40936
40937
40938
19401
27712
40947
40948
40949
40958
40959
40960
40965
40966
40967
40972
40973
40974
40979
40980
40981
40985
40986
40987
27720
40990
40991
40995
40996
40997
19408
26867
41002
41003
26868
27720
41007
41008
41009
19436
26138
41016
41017
41018
19437
61765
61766
41021
41022
41025
19415
61770
19417
27729
41029
41030
41031
41035
41036
41039
19415
41042
19418
19425
19427
41047
41048
41049
41053
41054
41057
19419
41061
41062
41063
19422
41068
41069
19423
41073
41074
41078
41079
19447
26865
27728
41084
41085
41086
19424
19429
19448
41091
41092
41093
26866
27729
41098
41099
19425
41104
41105
19432
19451
41114
41115
41116
19434
41119
41120
41121
19547
41125
41128
19434
41144
41145
19435
19548
41149
41150
41151
19432
19456
61790
19433
19459
19550
41155
41156
41157
19435
19551
41160
41161
19465
41171
41172
41173
19466
41178
41179
41180
41185
41186
41187
19552
41197
41198
41199
41204
41205
19444
26867
41209
41210
41211
19445
41216
41217
41218
19442
41223
41224
41225
27747
41233
41234
41235
19446
27748
41240
41241
41245
41246
27739
27749
41251
41252
41253
41258
41259
41260
41271
41272
27740
41276
41277
27739
27749
41282
41283
41284
19451
19456
41289
41290
41291
19454
27740
41302
41303
41304
19452
19455
19457
41309
41310
41311
19465
61807
61808
19467
61809
19469
41328
41329
27748
41333
41334
19470
41338
41339
41340
19465
41343
41344
19467
19470
41347
41348
41349
19472
19553
41352
41353
19466
19554
41357
41358
41359
19468
41364
41365
41366
19464
41371
41372
41373
19467
19470
41378
41379
19471
28400
41383
41384
41385
41390
41391
41392
41397
41398
41399
41404
41405
41406
41416
41417
41422
41423
20071
41427
41428
41429
41434
41435
41436
20072
61825
61826
19571
26153
61828
19522
19658
26154
61829
26155
41440
41443
19492
41445
41448
19480
26156
41458
41459
41460
19481
19494
41465
41466
19516
27766
27779
41478
41479
41480
19517
27768
41485
41486
41487
26876
27769
41492
41493
41494
27767
27780
41499
41500
41501
41509
41512
19490
41528
41529
41530
19491
19497
41535
41536
19488
19504
19520
61831
19489
19523
41539
41540
41541
19490
41544
41545
19507
19529
41555
41556
41557
19530
41562
41563
41564
41569
41570
41571
19508
41576
41577
41578
41587
41588
41591
19498
61835
19500
27780
41595
41596
41597
41601
41602
41605
19498
41608
19501
19508
41613
41614
41615
41619
41620
41623
19502
41627
41628
41629
19505
41634
41635
19506
41639
41640
41644
41645
19536
27766
27779
41650
41651
41652
19507
19537
41657
41658
41659
27767
27780
41664
41665
19508
41670
41671
19540
41680
41681
41682
41685
41686
41687
19545
41692
41693
19517
19546
27768
41697
41698
41699
19519
41704
41705
41706
19515
41711
41712
41713
19518
27789
41721
41722
20157
27790
41726
41727
41728
41733
41734
27781
27793
41739
41740
41741
41746
41747
41748
27782
41759
41760
41765
41766
19529
19537
41769
41770
19531
19534
19539
41773
41774
41775
19668
41778
41779
19530
19669
41783
41784
41785
19532
41790
41791
41792
19528
41797
41798
41799
19531
19534
41804
41805
19535
28510
41809
41810
41811
41816
41817
41818
19540
41823
41824
41825
41830
41831
41832
19541
41842
41843
41848
41849
19542
20179
41853
41854
41855
19544
41860
41861
41862
20180
61877
61878
27781
27793
41867
41868
41869
19540
41874
41875
41876
19543
27782
41887
41888
41889
19541
19544
41894
41895
41896
61885
61886
61887
41913
41914
27789
41918
41919
41923
41924
41925
26171
41928
41929
41930
61889
61890
41933
41934
41935
19552
41938
41939
41943
41944
41945
19554
41950
41951
19552
41955
41956
41957
61901
19571
26177
41962
41963
41964
41967
41968
19559
41977
41978
41981
19560
19566
41989
41990
19568
41998
41999
42006
42007
42010
42013
19562
42023
42024
42025
19564
42030
42031
42032
19566
42041
42042
42043
19582
27829
42048
42049
42050
27830
42055
42056
42057
19569
19583
27831
42062
42063
42064
42069
42070
42071
19602
42076
42077
42078
42083
42084
42085
19603
42090
42091
42092
19577
42097
42098
42102
42103
42104
19579
42113
42114
42115
19577
42126
42127
42128
42133
42134
19590
42141
42142
42143
19580
19591
42157
42158
42159
42164
42165
42166
19598
27832
42171
42172
42173
27833
42178
42179
42180
19600
27834
42185
42186
42187
19597
19601
19605
42191
42192
19598
27832
42195
42196
19599
19603
42200
42201
42202
19600
19606
27834
61928
61929
19597
19601
42206
42207
19602
19635
61931
61932
19599
19603
61934
61935
19604
19637
42209
42210
19597
19605
42213
42214
42215
20221
42220
42221
42222
19600
19606
42227
42228
42229
19607
20222
42234
42235
42236
19601
19605
42240
42241
19643
28547
61937
61938
19604
19645
42243
42244
19607
28548
61940
61941
42246
42247
27829
42250
42251
27831
61943
61944
42255
42256
42257
42262
42263
42264
19651
42269
42270
42271
42276
42277
42278
19653
42283
42284
42285
42289
42290
61946
61948
19615
42292
42293
19616
19625
42295
42296
19617
19627
61950
61952
19615
42298
42299
42300
19616
19629
42303
42304
42306
42307
42310
42313
42314
42317
19618
42321
42322
42323
19620
42328
42329
42330
19625
19629
42334
42335
19626
27847
42338
42339
19627
42343
42344
42345
19628
27848
61955
61956
19625
19629
42350
42351
42352
42368
42369
19628
19659
42374
42375
42376
42380
42381
42382
19665
26889
42385
42386
26890
42389
42390
19666
42393
42394
42395
61962
61963
19646
19650
19654
42399
42400
19647
27847
42403
42404
19648
19652
42408
42409
42410
19649
19656
27849
61965
61966
19646
19650
42414
42415
19651
61968
61969
19648
19652
61971
61972
19653
42417
42418
19646
19654
42421
42422
42423
19662
42428
42429
42430
19655
42435
42436
42437
19649
19656
19663
42442
42443
42444
19650
19654
42448
42449
26992
61974
61975
19655
26993
61977
61978
19653
42451
42452
42454
42455
19665
26889
42458
42459
26891
61980
61981
19667
42463
42464
42465
42470
42471
42472
42477
42478
42479
42484
42485
42486
42491
42492
42493
42497
42498
61983
61985
19664
42501
42502
19668
42506
42507
42508
19666
42523
42524
42525
19664
42530
42531
42532
20241
42537
42538
20242
42545
42546
42547
19667
42556
42557
42558
42568
42569
42570
27847
42575
42576
42577
27848
42582
42583
42584
27849
42589
42590
42591
26190
42596
42597
42598
42601
42602
42608
42609
42610
19680
42615
19676
42619
42620
42621
19678
42626
42627
42628
19677
19687
62009
62010
19678
42632
42633
42634
19685
42637
42638
42639
19688
42644
42645
42650
42651
42652
19684
42657
42658
42659
42664
42665
42666
42675
42676
42677
19684
42687
42688
42689
19704
42706
42707
42708
42717
42721
42722
19697
42727
42728
19688
19799
62031
19806
42740
42741
19698
19807
27889
42744
42745
19808
62032
62033
19717
42749
42750
42751
19697
42756
42757
42758
19699
42763
42764
42765
19809
20263
42769
42770
19698
19810
27889
42773
42774
19699
19811
42778
42779
42780
42785
42786
42787
19812
42792
42793
42794
42799
42800
42801
19705
42806
42807
42808
19709
42813
42814
42815
42824
42825
42826
19705
42836
42837
42838
42855
42856
42857
42866
19714
42870
42871
19723
42876
42877
42890
42891
42892
42897
19714
42901
42902
42903
19716
19813
42908
42909
42910
19715
19726
19815
62078
62079
19716
19816
42914
42915
42916
42919
42920
42921
19727
19817
42926
42927
19818
42932
42933
42934
42939
42940
42941
19723
42946
42947
42948
19725
42953
42954
42955
19819
20265
42959
42960
19724
19820
27956
42963
42964
19725
19821
42968
42969
42970
42975
42976
42977
19728
19822
42982
42983
42984
42989
42990
42991
19727
19823
62099
19830
42995
42996
19831
27956
42999
43000
19832
62100
62101
19737
27982
27984
43004
43005
43006
19738
19759
26899
43011
43012
19762
27983
27985
43023
43024
43025
27982
27984
43030
43031
43032
43037
43038
19764
43042
43043
19765
27983
27985
43054
43055
27971
27973
43060
43061
43062
26900
43066
43067
43071
43072
43073
27972
43085
43086
19751
19755
19757
43090
43091
43092
19752
19759
26899
43097
43098
43099
19756
19758
19779
43110
43111
43112
19751
19755
43116
43117
43118
19754
43122
43123
43124
19751
19757
43128
19755
19757
43130
43131
43132
43137
43138
19781
43142
43143
43144
19756
19758
19782
43155
43156
43161
43162
43163
26900
43167
43168
27554
43172
43173
43174
27556
43186
43187
43190
43191
19789
43193
62123
19791
43194
43195
43196
62125
19771
43199
43200
19774
28012
43210
43211
19772
43216
43217
43218
19776
43222
43223
43228
43229
43230
19772
43235
43236
19773
19801
43240
43241
43242
19771
43247
43248
43249
19805
20269
43254
43255
43256
19775
20270
43260
19773
43264
43265
43276
43277
43278
27985
43283
43284
43285
62140
19797
43289
43290
28626
43294
43295
43296
43301
43302
43303
19790
19793
43308
43309
19794
28012
43319
43320
19789
19791
43324
43325
43326
19796
43330
43331
19919
43336
43337
43338
19789
19791
43343
43344
19792
19921
26228
43348
43349
43350
19790
19793
43355
43356
43357
20277
26227
28163
43362
43363
43364
19795
20278
43368
19792
26228
43372
43373
43377
43378
43379
43384
43385
43386
43390
43391
43392
62157
62158
43395
19797
43399
43400
19798
28637
43404
43405
43406
43411
43412
43413
28012
43418
43419
43420
20292
62164
19806
43431
43432
43433
19808
43443
43444
43445
43450
43451
43452
43456
43457
43458
19807
19810
27889
43463
43464
19808
43469
43470
43471
43475
43476
43477
43478
19812
43481
43482
43485
43486
43487
20322
43491
43492
19812
43494
43495
62177
62178
62180
62181
19818
43498
43499
43500
19817
19823
43505
43506
43507
19818
43512
43513
19830
43516
43517
62190
43519
43520
19822
19827
43522
43523
62192
62193
19831
62195
62196
19830
43530
43531
43532
19832
43542
43543
43544
19858
43549
43550
43551
43555
43556
43557
19831
27956
43562
43563
19832
43568
43569
43570
19860
20359
43574
43575
43576
43577
43580
43581
43584
43585
43586
19835
62208
19844
19848
19850
43591
43592
43593
19845
28066
43598
43599
43600
19849
19851
19873
43611
43612
43613
19844
19848
43617
43618
43619
19847
43623
43624
43625
19844
19850
43629
19848
19850
43631
43632
43633
19934
43638
43639
19875
43643
43644
43645
19849
19851
19876
43650
43651
43662
43663
43664
28067
43668
43669
27587
43673
43674
43675
27589
43680
43681
43691
43692
19883
43694
62219
19885
43695
43696
43697
19863
43700
43701
19866
28087
43711
43712
19864
43717
43718
43719
19868
43723
43724
43729
43730
43731
19864
43736
43737
19865
43741
43742
43743
19863
43748
43749
43750
43755
43756
43757
19867
43761
19865
43772
43773
43777
43778
43779
26930
43784
43785
43786
62232
19869
43790
43791
27032
43795
43796
43797
43802
43803
43804
19888
28087
43809
43810
43811
19889
20405
62244
19884
19887
43818
43819
19888
28087
43829
43830
19883
19885
43834
43835
43836
19890
43840
43841
19939
43846
43847
43848
19883
19885
43853
43854
19886
19941
26243
43858
43859
43860
19884
19887
43865
43866
43867
20410
26242
28189
43872
43873
43874
19889
20411
43878
19886
26243
43882
43883
43887
43888
43889
43894
43895
43896
43900
43901
43902
62258
62259
43905
43909
43910
28773
43914
43915
43916
43921
43922
43923
43928
43929
43930
19899
43935
19895
43939
43940
19897
43945
43946
43947
19905
43956
43957
43958
19908
28107
43963
43964
28108
43968
43969
43970
19904
43975
43976
43977
43982
43983
43984
43993
43994
43995
19904
44006
44007
19906
19911
44012
19979
44029
44030
44031
44036
44040
44041
19916
44046
44047
19909
19914
19924
62289
62290
19926
28132
44059
44060
19917
19927
44062
44063
19990
44067
44068
44069
19916
44074
44075
44076
19918
44085
44086
44087
19929
20443
44091
44092
19917
19930
44096
44097
44098
19918
19931
44102
44103
44104
44109
44110
44111
19932
44116
44117
44118
44123
44124
44125
44138
44139
19926
28132
44143
44144
44145
44151
44152
44153
19928
44157
44158
44159
44165
44166
44167
19927
19930
44172
44173
19928
44178
44179
44180
44185
44186
44187
19932
44190
44191
44195
44196
44197
20445
44201
44202
19932
44204
44205
44207
44208
62311
62312
19938
44211
44212
44213
19937
19940
26943
44218
44219
44220
19938
26944
44225
44226
19946
44229
44230
62320
62321
44241
44242
19946
28218
44246
44247
44248
44253
44254
44255
19948
44260
44261
44262
44268
44269
44270
19947
19950
19962
44275
44276
19948
44281
44282
44283
19963
44288
44289
44290
19952
19964
44293
44294
44298
44299
44300
19968
20496
44304
44305
19952
19969
44307
44308
19970
44310
44311
19972
62326
62327
19959
44314
44315
44316
44321
44322
44323
44338
44339
44340
19959
44345
44346
19961
19966
44351
44360
44361
44362
44375
44379
44380
19971
44385
44386
19964
19969
62347
62348
28218
44398
44399
19972
44401
44402
20049
44406
44407
44408
19971
44413
44414
44415
19973
44424
44425
44426
20534
44430
44431
19972
44435
44436
44437
19973
44441
44442
44443
44448
44449
44450
44455
44456
44457
44462
44463
44464
19980
44469
44470
44471
19984
44476
44477
44478
44487
44488
44489
19980
44500
44501
19982
19991
44511
44519
44520
44521
44530
19987
44534
44535
19996
44540
44541
44554
44555
44556
44561
19987
44565
44566
19989
20002
44575
44576
44577
44582
44583
44584
20000
20006
28264
44589
44590
20007
28265
44594
44595
44596
44601
44602
44603
19996
44612
44613
44614
19998
44619
44620
44621
20008
20536
44625
44626
19997
19999
20009
44630
44631
44632
19998
20010
44636
44637
44638
44643
44644
44645
20001
20011
44650
44651
44652
44657
44658
44659
20001
20017
62404
62405
20019
28290
44663
44664
20020
44666
44667
20007
44671
44672
44673
20006
20012
28264
44678
44679
44680
20007
28265
44685
44686
20019
44689
44690
62417
62418
44692
44693
20011
20017
44695
44696
44698
44699
20020
62420
62421
20019
28290
44710
44711
44712
20077
44717
44718
20021
44722
44723
44724
20079
44730
44731
44732
44737
44738
44739
20020
44744
44745
20021
44750
44751
44752
44757
44758
44759
44762
44763
44767
44768
44769
20027
20045
20159
44774
44775
44776
20026
20032
28355
44781
44782
44783
20027
28356
44788
44789
20039
20047
44792
44793
20048
62432
62433
20052
20580
44795
44796
20031
20037
20053
44798
44799
20054
44801
44802
20040
20056
62435
62436
20039
28381
44813
44814
44815
20187
44820
44821
20041
44826
44827
44828
20188
44833
44834
44835
44840
44841
44842
20040
20058
44847
44848
20041
44853
44854
44855
20059
44860
44861
44862
20060
44865
44866
44870
44871
44872
44877
44878
44879
44884
20046
44888
44889
20048
44898
44899
44900
44905
44906
44907
20059
28355
44912
44913
28356
44917
44918
44919
44924
44925
44926
20055
44935
44936
44937
20057
44942
44943
44944
44948
44949
20056
20058
44953
44954
44955
20057
44959
44960
44961
44966
44967
44968
20060
44973
44974
44975
44980
44981
44982
20060
62461
62462
28381
44986
44987
44989
44990
20063
62468
20069
28409
28411
44994
44995
44996
20070
28389
45001
45002
20097
28410
28412
45013
45014
45015
28409
28411
45020
45021
45022
20113
45027
45028
20099
45032
45033
20100
28410
28412
45038
45039
28398
28399
45050
45051
45052
28390
45056
45057
45061
45062
45063
28400
45068
45069
20085
20089
45080
45081
20090
28420
45091
45092
20086
20088
45096
45097
45098
20092
45102
45103
45108
45109
45110
20086
20088
45115
45116
20087
26314
45120
45121
45122
20085
20089
45127
45128
45129
26313
28323
45134
45135
45136
20091
45140
45144
45145
45146
20087
26314
45151
45152
45156
45157
45158
45162
45163
45164
62488
62489
45167
20093
45171
45172
20094
27076
45176
45177
45178
45183
45184
45185
20109
28420
45190
45191
45192
20637
62494
20106
45199
45200
20109
28420
45210
45211
20107
45216
45217
45218
20111
45222
45223
45228
45229
45230
20107
45235
45236
20108
20119
45240
45241
45242
20106
45247
45248
45249
20121
20645
45254
45255
45256
20110
20646
45260
20108
45264
45265
45276
45277
45278
28410
45283
45284
45285
62514
45289
45290
29001
45294
45295
45296
45301
45302
45303
20117
45308
45309
45310
20116
20118
45315
45316
45317
20117
45322
45323
20125
45326
45327
62527
20125
20228
45339
45340
45341
45346
45347
45348
20127
45352
45353
45354
20678
45358
45360
45361
45362
20126
20129
28560
45367
45368
20127
45373
45374
45375
20229
45379
45380
45381
20131
20230
45384
45385
20231
45388
45389
45390
20235
20693
45394
45395
20131
20236
45397
45398
20237
62538
62539
20239
62541
62542
20137
20244
20174
45401
45402
45403
20136
20142
20245
45408
45409
45410
20137
20246
45415
45416
20149
20248
45419
45420
20249
62551
20253
20728
45422
45423
20141
20147
20254
45425
45426
20255
62553
62554
20150
20257
62556
62557
20149
20259
45438
45439
45440
20208
45445
45446
45447
20151
45451
45452
45453
20211
20737
45457
45459
45460
45461
20150
28614
45466
45467
20151
45472
45473
45474
20260
45478
45479
45480
20261
45483
45484
20262
45487
45488
45489
20162
20166
20168
45494
45495
45496
20163
28523
45501
45502
45503
20167
20169
20185
45514
45515
45516
20162
20166
45520
20162
20168
45521
45522
45523
20165
45527
45528
45529
20166
20168
45534
45535
45536
45541
45542
20187
45546
45547
45548
20167
20169
20189
45559
45560
45565
45566
45567
28524
45571
45572
27788
45576
45577
45578
27790
45583
45584
62579
20197
45594
45595
45596
45598
45599
20198
45601
20177
28519
28521
45603
45604
45605
20178
28523
45610
45611
20205
28520
28522
45622
45623
45624
28519
28521
45629
45630
45631
45636
45637
20207
45641
45642
20209
28520
28522
45653
45654
28508
28509
45659
45660
45661
28524
45665
45666
45670
45671
45672
28510
45677
45678
20200
20217
28525
45689
45690
45691
20201
62591
20195
20199
45698
45699
20200
28525
45709
45710
20197
20198
45714
45715
45716
20202
45720
45721
45726
45727
45728
20196
26342
45733
45734
45735
20197
20198
45740
45741
20195
20199
45745
45746
45747
20778
26341
28349
45752
45753
45754
20201
20779
45758
20196
26342
45762
45763
45767
45768
45769
45774
45775
45776
62606
62607
45780
45781
45782
45785
45789
45790
29146
45794
45795
45796
45801
45802
45803
20214
45808
45809
20217
28525
45819
45820
20216
45825
45826
45827
20219
45831
45832
45837
45838
45839
20215
45844
45845
45846
20216
45851
45852
20214
45856
45857
45858
20788
45863
45864
45865
20218
20789
45869
20215
45873
45874
45885
45886
45887
62623
28520
45892
45893
45894
45898
45899
29154
45903
45904
45905
45910
45911
45912
20225
45917
45918
45919
45924
45925
45926
45940
45941
45942
20225
45947
45948
45949
45962
45963
45964
45977
45981
45982
20238
45987
45988
20229
62649
46000
46001
20239
28560
46004
46005
62650
62651
20250
46009
46010
46011
20238
46016
46017
46018
20240
46023
46024
46025
20821
46029
46030
20239
28560
46033
46034
20240
46038
46039
46040
46045
46046
46047
46052
46053
46054
46059
46060
46061
46066
46067
46068
46073
20247
46077
46078
46079
20249
46084
46085
46086
20248
20259
62680
62681
20249
46090
46091
46092
46095
46096
46097
20260
46102
46103
46108
46109
46110
46115
46116
46117
20256
46122
46123
46124
20258
46129
46130
46131
46135
46136
20257
28614
46139
46140
20258
46144
46145
46146
46151
46152
46153
20261
46158
46159
46160
46165
46166
46167
20260
62701
46171
46172
28614
46175
46176
62702
62703
20322
46179
46180
20324
62705
46182
46183
62707
20273
20285
20297
62709
20276
20287
28627
62710
62711
46186
46187
46188
28626
46193
46194
20275
46198
46199
46200
20276
20289
28627
46205
46206
46207
20295
20299
46212
46213
46223
46224
46228
46229
46230
20296
46234
46235
46236
26367
27040
46245
46246
46247
28637
46252
46253
20283
27041
46257
46258
46259
20284
20290
28638
46270
46271
46272
20303
28634
28652
46277
46278
46279
46288
46289
46293
46294
46295
28635
28653
46299
46300
46301
20295
20307
46311
46312
46313
20308
28634
28652
46318
46319
46320
20293
20296
46325
46326
46327
20294
28635
28653
46332
46333
46334
20293
20296
20294
28653
28626
46345
46346
28637
46350
46351
28627
46355
46356
28638
46360
46361
46362
20317
46365
46366
46367
62737
20299
20307
20300
20311
20335
46369
46370
46371
20317
46376
46377
20343
46381
46382
46383
20318
62744
62745
20304
20459
46388
46389
46390
28688
46395
46396
20466
46400
46401
46402
28689
46407
46408
20319
46411
46412
20317
46417
46418
46419
28688
46423
46424
46425
20318
20320
46435
46436
28689
46440
46441
46446
46447
46450
46451
46452
20318
20320
46457
46458
46459
20321
20829
62757
28689
46471
46472
46473
20321
20832
46478
46482
46483
46484
46488
46489
46490
46495
46496
46497
46503
29217
46507
46508
46509
46514
46515
20328
46520
46521
46522
20330
46527
46528
46529
28622
46534
46535
46536
20329
20348
46541
46542
46543
20330
28623
46548
46549
46550
46559
46560
46561
20354
46566
46567
46568
46573
46574
46575
20337
20345
46579
46580
20346
20350
46582
46583
20340
20351
46587
46588
46589
20341
20345
46594
46595
46596
20343
46601
46602
20347
46606
46607
28709
28711
46617
46618
20353
46622
46623
46624
28710
28712
46629
46630
46631
20355
46636
46637
46638
28709
28711
46643
46644
46645
46650
46651
46652
46657
28710
28712
46661
46662
28709
46673
46674
46675
20356
46678
46679
46682
46683
46684
20354
46697
46698
46699
46716
46717
46718
20356
20850
46723
46724
46725
20355
46730
46731
46732
20852
46737
46738
46739
46749
46750
46754
46766
46767
46768
20860
62804
62805
20364
46773
46774
20366
46785
46786
46787
62808
62809
20370
46804
46805
46806
20364
20368
46809
46810
46811
20370
62813
62814
20367
20371
28753
46815
46816
46817
46821
46822
46823
20388
46828
46829
46834
20389
28731
46842
46843
46844
62820
62821
20392
46849
46850
46851
46856
46857
46858
20394
28731
46861
46862
20378
46874
46875
46876
46893
46894
46895
20380
20382
46900
46901
46902
46907
46908
46909
20379
20383
46914
46915
46916
20388
46926
46927
46931
20390
46943
46944
46945
20396
62833
62834
20387
20395
46949
46950
20396
20903
46952
46953
20390
46957
46958
46959
20391
20395
46964
46965
46966
20393
20419
46971
46972
20397
20906
46981
46982
28750
28752
46987
46988
46992
46993
46994
28751
28753
46999
47000
47001
47006
47007
47008
28750
28752
47013
47014
47015
47020
47021
47022
20421
47027
28751
28753
47031
47032
28750
47043
47044
47045
20908
47048
47049
20910
47052
47053
47054
20408
20424
47064
47065
47066
20425
28768
28770
47071
47072
47073
20406
20409
47078
47079
47080
20407
28769
28771
47085
47086
47087
20406
20409
20407
20412
28769
27032
47098
47099
28773
47103
47104
27033
47108
47109
28774
47113
47114
47115
20434
47118
47119
47120
62855
26371
28860
47127
47128
47129
28773
47134
47135
20416
28774
47145
47146
47147
20417
28861
47152
47153
47154
20440
28768
28770
47159
47160
47161
20489
47170
47171
28769
28771
47175
47176
47177
20490
47182
47183
47184
20420
20424
20421
20428
47187
47188
47189
20434
47194
47195
47199
47200
47201
20435
62869
62870
20436
47206
47207
20434
47212
47213
47214
28803
47218
47219
47220
20435
20437
47230
47231
28804
47235
47236
47241
47242
47245
47246
47247
20435
20437
47252
47253
47254
20438
20948
62872
28804
47266
47267
47268
20438
20951
47273
47277
47278
47279
47283
47284
47285
47290
47291
47292
47298
29344
47302
47303
47304
20441
20510
47309
47310
47311
28803
47316
47317
20517
47321
47322
47323
28804
47328
47329
20445
47331
47332
20447
62895
47335
47336
20451
47340
47341
47342
20453
47347
47348
47349
28820
47354
47355
47356
20452
20476
47361
47362
47363
20453
47368
47369
47370
47379
47380
47381
20481
47386
47387
47388
47393
47394
47395
20464
20468
20472
47403
47404
20467
20470
62902
20464
20468
47406
20467
20470
47408
47409
20464
20472
47412
47413
47414
20466
47419
47420
20474
47424
47425
20468
20472
47434
47435
20473
20478
47437
47438
20471
20475
20479
47441
47442
47443
47448
47449
47450
47455
47456
47457
47462
47466
47467
47477
47478
47481
47482
47483
47488
47489
47490
20482
47495
47496
47497
47501
47502
47503
28859
47506
47507
47511
47512
47513
62918
62919
20481
47528
47529
47538
47539
47540
20973
28859
47545
47546
47547
20482
47552
47553
47554
20975
47559
47560
47561
47576
47591
47592
47593
20491
20495
20506
20492
47598
47599
20494
20497
47609
47610
20492
47623
47624
47625
20490
62944
62945
20491
20495
20508
47629
47630
47631
20516
47635
47636
47637
28861
47642
47643
47644
20518
47648
47649
47653
47654
47655
20520
47660
47661
20502
47666
20521
47675
47676
47677
20534
47682
47683
20502
47687
47688
47689
20504
20535
47694
47695
47696
20583
28911
47701
47702
47703
20503
20527
47708
47709
47710
20504
47715
47716
47717
47726
47727
47728
20532
47733
47734
47735
47744
47745
47746
20515
20519
20523
47750
47751
20518
20521
62959
20515
20519
47753
20518
20521
47755
47756
20515
20523
47759
47760
47761
20517
47766
47767
20526
21027
47776
47777
20519
20523
47781
47782
20524
20529
21028
47784
47785
20522
20525
20530
47788
47789
47790
47795
47796
47797
47802
47803
47804
47809
47819
47820
47824
47825
47828
47829
47830
47835
47836
47837
20533
47842
47843
47844
47848
47849
47850
21030
28907
47853
47854
62975
62976
21031
47858
47859
47860
20532
47875
47876
47885
47886
47887
21041
28907
47892
47893
47894
20533
47899
47900
47901
21042
47906
47907
47908
47923
47934
47935
47936
47944
47945
62994
47947
47948
62997
20547
20550
20559
20544
47951
47952
20546
47962
47963
20544
47976
47977
47978
20549
63007
63008
20547
20550
20561
47982
47983
47984
47988
47989
47990
20569
47995
47996
48001
20570
48010
48011
48012
20573
48017
48018
48019
28924
48024
48025
48026
20575
48030
48031
20556
48045
48046
48055
48056
48057
20563
28936
48062
48063
48064
48069
48070
48071
20557
20564
48076
48077
48078
48093
20571
48108
48109
48110
20568
20572
20576
48114
48115
20570
20575
63032
20568
20572
48117
20570
20575
48119
48120
20568
20576
48122
48123
20577
21093
48125
48126
20571
20578
48129
48130
48131
20572
20576
48136
48137
48138
20574
20653
48143
48144
20579
21095
48153
48154
48159
48160
48163
48164
48165
48170
48171
48172
48177
48178
48179
48184
48185
48186
48191
48192
48193
20655
48198
48202
48203
48212
48213
48214
21098
28936
48217
48218
63048
63049
21100
48222
48223
48224
48229
48230
20586
20591
48234
48235
48236
20588
48241
48242
48243
27072
48248
48249
48250
20587
20602
48255
48256
48257
20588
48262
48263
48264
20597
48273
48274
48275
20607
48280
48281
48282
48287
48288
48289
20598
20600
20610
20595
48298
48299
20597
48309
48310
20595
48323
48324
48325
20598
20600
20612
48329
48330
48331
20601
63064
63065
48335
48336
48337
20620
48342
48343
48348
20621
48357
48358
48359
20624
20783
48364
48365
48366
20626
48370
48371
20785
28972
48375
48376
48377
20607
48392
48393
48402
48403
48404
20614
21143
28984
48409
48410
48411
20608
20615
48416
48417
48418
21144
48423
48424
48425
48440
20622
48451
48452
48453
20619
20623
20627
48461
48462
20621
20626
63089
20619
20623
48464
20621
20626
48466
48467
20619
20627
48469
48470
20628
21165
48472
48473
20622
20629
48476
48477
48478
20623
20627
48483
48484
48485
20625
20812
48490
48491
20630
21167
48500
48501
48506
48507
48510
48511
48512
48517
48518
48519
48524
48525
48526
48531
48532
48533
48538
48539
48540
20814
48545
48549
48550
48559
48560
48561
21170
28984
48564
48565
63105
63106
21171
48569
48570
48571
20658
27073
28999
48581
48582
48583
20641
20643
20659
48588
48589
48590
20639
27074
29000
48595
48596
48597
20640
20642
20644
48602
48603
48604
20639
29000
20640
20642
20647
27076
48615
48616
29001
48620
48621
27077
48625
48626
48627
29002
48631
48632
20649
20668
48635
48636
48637
20651
63114
20649
20673
63115
20651
29002
63116
63117
20678
48640
48641
48642
29001
48647
48648
20651
29002
48652
48653
48654
20652
20679
48659
48660
48661
20675
48666
48667
20686
48677
48678
48682
48683
48684
20687
48689
48690
48691
20655
48695
48696
48697
29031
48702
48703
48707
48708
48709
29032
48714
48715
20670
48718
48719
29031
48724
48725
48726
20668
20673
48730
48731
48732
29032
48742
48743
20669
20671
48747
48748
29032
48759
48760
48761
20672
21209
48766
20674
48771
48772
48775
48776
48777
20669
20671
48782
48783
48784
20672
21212
63145
20675
48789
48790
48791
20677
48795
48796
48797
48802
48803
48804
48810
29540
48814
48815
48816
20675
20676
20703
48820
48821
48822
48827
48828
20710
48832
48833
48834
63160
63161
63167
63168
20687
48838
48839
48840
20689
48843
48844
20691
20694
48855
48856
48857
20685
20689
48875
48876
48877
20687
63172
63173
20688
20692
29075
48881
48882
48883
63175
63176
20709
48887
48888
48889
48894
48895
48896
20711
29045
48899
48900
48904
48905
48906
20713
48911
48912
20699
48917
20714
29045
48925
48926
48927
20821
48932
48933
20699
48938
48939
48940
20701
20822
48945
48946
48947
20731
29198
48952
48953
48954
20700
20719
48959
48960
48961
20701
29199
48966
48967
48968
48977
48978
48979
20725
48984
48985
48986
48991
48992
48993
20708
20716
48998
48999
49000
20710
49005
49006
20718
21231
49015
49016
20712
20716
49020
49021
20717
20721
21232
49023
49024
20715
20722
49028
49029
49030
29072
29074
49035
49036
49037
49042
49043
49044
49049
29073
29075
49060
49061
29072
29074
49066
49067
20724
49071
49072
49073
29073
29075
49078
49079
49080
20726
49085
49086
49087
29072
49091
49092
49093
20727
21234
49096
49097
21235
49100
49101
49102
20725
49115
49116
49117
49134
49135
49136
20727
21247
49141
49142
49143
20726
49148
49149
49150
21248
49155
49156
49157
49167
49168
49172
49180
49181
49182
21255
63215
63216
49191
49192
20734
20740
49197
49198
49199
20736
49204
49205
49206
27093
49211
49212
49213
20735
20752
49218
49219
49220
20736
27094
49225
49226
49227
20750
49236
49237
49238
20758
49243
49244
49245
49250
49251
49252
20788
63228
63229
20747
20791
49256
49257
49258
20748
49261
49262
20750
49273
49274
49275
20744
20748
49293
49294
49295
20746
20751
29135
49299
49300
49301
20747
63233
63234
63236
63237
20768
20793
49305
49306
49307
20770
29113
49311
49312
20795
49316
49317
49318
49322
49323
49324
20772
49329
49330
49335
20773
29113
49343
49344
49345
20758
49358
49359
49360
49377
49378
49379
20760
20765
21302
49384
49385
49386
20759
20766
49391
49392
49393
21303
49398
49399
49400
20772
49410
49411
49415
20774
49423
49424
49425
20776
21310
63253
63254
20767
20775
49434
49435
49436
20769
20817
49441
49442
20777
21323
49451
49452
20771
20775
49456
49457
20776
21325
49459
49460
20774
49464
49465
49466
29132
29134
49471
49472
49473
49478
49479
49480
20819
49485
29133
29135
49489
49490
29132
29134
49502
49503
49507
49508
49509
29133
29135
49514
49515
49516
49521
49522
49523
29132
49527
49528
49529
21327
49532
49533
21328
49536
49537
49538
26399
28971
49547
49548
49549
29146
49554
49555
20784
29147
49559
49560
49561
20785
28972
49572
49573
49574
20813
27091
29143
49579
49580
49581
49590
49591
27092
29144
49595
49596
49597
49602
49603
49604
20792
20816
63274
20794
29155
63275
63276
49608
49609
49610
29154
49615
49616
20794
29155
49620
49621
49622
20795
49627
49628
49629
20818
49634
49635
49645
49646
49650
49651
49652
49657
49658
49659
20809
49663
49664
29172
49669
49670
49671
20807
20816
49675
49676
49677
29173
49687
49688
20808
20811
49692
49693
20810
49704
29173
49708
49709
49710
20817
49716
49717
49720
49721
49722
20810
63296
20808
20811
49727
49728
49729
20818
49734
49735
49736
20820
49740
49741
49742
49747
49748
49749
27139
49756
49757
49758
49762
20814
49766
49767
49768
29172
49773
49774
49778
49779
49780
29173
49785
49786
20818
20819
49788
49789
49790
49795
49796
49800
49801
49802
63321
63322
49806
49807
63324
20836
29200
20825
20831
63326
20839
20835
20838
29216
63327
20835
29216
49810
49811
49812
20836
29200
29242
49822
49823
49824
29217
49829
49830
20838
29216
49839
49840
49841
20839
20966
49852
49853
49854
29217
49859
49860
20835
20838
63333
20837
20840
29229
49867
49868
49869
49872
49873
49874
20869
49879
49880
49881
20841
49892
49893
49894
49899
49900
49901
20967
49906
49907
49908
20843
49919
49920
29229
49936
49937
29231
49941
49942
49943
29229
49961
49962
29233
49966
49967
49968
20859
20862
20865
49973
49974
20880
49977
49978
49979
20861
20863
49984
49985
49986
20864
20868
20881
49991
49992
49993
20859
20862
49997
49998
20860
50001
50002
20861
20863
50005
50006
50009
50010
50011
20859
20865
63348
63349
20867
63350
20862
20865
50015
50016
20866
20882
50019
50020
20867
50022
50023
50024
20864
20868
20883
50027
50028
63351
63352
50030
50031
50033
50034
50035
50037
50038
63357
63359
63361
63362
20887
50040
50041
63364
63365
20888
50043
50044
50045
29242
50049
50050
50051
20880
50055
20874
50059
50060
50061
20875
20878
20891
50072
50073
50074
20875
20878
20894
63374
63375
20895
50078
50079
50080
20897
50084
50085
50088
50089
50090
20898
50095
50096
20899
50101
50102
20886
20890
50106
50107
50108
50113
50114
50115
20888
50120
50121
50122
20887
20918
63382
63383
20888
63385
20886
20890
50132
50133
50134
20889
20921
50145
50146
50147
50157
50158
50159
20923
50164
50165
50166
50171
50172
50173
20925
50178
50179
50180
50185
20897
20899
63399
21390
29230
50206
50207
20898
21391
50217
50218
50219
20897
20899
50229
50230
63402
63403
50235
50236
50237
50242
50243
21397
50246
50247
50248
63410
63411
20927
50256
50257
20911
20928
50262
50263
50264
20909
50268
50269
50270
20908
63418
63419
20909
63421
20912
27102
29290
50285
50286
20910
50291
20913
50295
50296
50308
50309
50313
50314
50315
50320
50321
50322
20931
50327
50328
50329
20914
50334
50335
50339
50340
50341
20955
29290
50347
50348
50349
20922
20926
50353
50354
50355
20927
50360
50361
50362
20924
50367
50368
50369
20923
63444
63445
20924
63447
20922
20926
50379
50380
50381
20925
50397
50398
50399
50404
50405
50406
50411
50412
50413
50418
50419
50420
50425
50426
50427
50432
50453
20931
50457
50458
50459
20932
20935
20936
50470
50471
50472
20932
20935
20939
63468
63469
20940
50476
50477
50478
20942
50482
50483
50486
50487
50488
20943
21408
50493
50494
20944
50499
50500
20942
20944
63470
21415
29360
50504
50505
20943
21416
50515
50516
50517
20942
20944
50522
50523
63473
63474
50533
50534
50535
50540
50541
21422
50544
50545
50546
63481
63482
20954
20957
29343
63484
20954
29343
50549
50550
50551
20955
27102
29290
50561
50562
50563
29344
50573
50574
20957
29343
50578
50579
50580
20958
20960
50591
50592
50593
29344
50598
50599
20954
20957
63490
20956
20959
29359
50606
50607
50608
50611
50612
50613
50618
50619
50620
20963
50631
50632
50633
50638
50639
50640
20961
50645
50646
50647
20964
50658
50659
20961
21025
63503
21034
29361
50675
50676
50677
29359
50682
50683
29359
50700
50701
29363
50705
50706
50707
20967
63506
63507
50711
50712
50713
20982
20985
20988
50716
50717
21011
50720
50721
50722
20984
20986
50727
50728
50729
20987
20991
21012
50734
50735
50736
20982
20985
50741
50742
20983
50746
50747
20984
20986
50750
50751
50754
50755
50756
20982
20988
63512
63513
20990
63515
20985
20988
50760
50761
20989
21013
50763
50764
20990
50766
50767
50768
20987
20991
21014
63516
63517
50771
50772
28859
63519
63520
50774
50775
50776
50778
50779
50781
63525
63526
50783
50784
21018
50786
50787
63528
63529
21019
50789
50790
50791
20996
50794
50795
50796
20998
50805
50806
20997
21000
21001
50811
50812
50813
20997
21000
21004
63538
21005
50817
50818
50819
21007
50822
50823
50827
50828
50829
21008
50834
50835
21009
50838
50839
50840
21007
21009
63540
21437
29232
50844
50845
21008
21438
50855
50856
50857
21007
21009
50867
50868
50869
50873
50874
50878
50879
50880
50887
50888
21443
50891
50892
50893
63543
21017
21021
50896
50897
50898
50903
50904
50905
21019
50910
50911
50912
21018
21109
63550
63551
21019
63553
21017
21021
50922
50923
50924
21020
21112
50935
50936
50937
50946
50947
50948
21114
50953
50954
50959
50960
50961
21116
50966
50967
50968
50973
50974
21033
21069
51004
51005
21037
51009
51010
21032
21038
51019
51020
51021
21034
51032
51033
21035
51038
51039
21031
51044
51045
21030
21041
63575
63576
51049
51050
51051
21051
51057
51058
51066
51067
51068
21052
51073
51074
51075
21073
51080
51081
51082
51087
51088
51092
51093
51094
21050
21053
21056
51098
51099
21079
51102
51103
51104
21052
21054
51109
51110
51111
21055
21058
21080
51116
51117
51118
21050
21053
51123
51124
21051
51128
51129
51133
51134
51135
21052
21054
51139
51140
21050
21056
63581
63582
21059
21141
63584
21053
21056
51142
51143
21057
21081
21147
51145
51146
21055
21058
21082
63585
63586
21059
21148
51148
51149
51150
51153
51154
28907
63588
63589
51156
51157
51158
51160
51161
51163
63594
63595
51165
51166
21086
21154
51168
51169
21087
51171
51172
51173
21155
63597
63598
21066
21068
21071
63600
29362
51176
51177
21067
51187
51188
51189
21066
21068
21072
51199
51200
51201
21073
51205
51206
51210
51211
51212
21074
51219
51220
21076
51223
51224
51225
21077
63603
21073
51228
51229
51230
21075
51239
51240
21074
21077
51245
51246
51247
21074
21077
63612
51251
51252
51253
51256
51257
51261
51262
51263
21462
51268
51269
51272
51273
51274
21085
21089
51278
51279
51280
51285
51286
51287
21087
51292
51293
51294
21086
21179
63619
63620
21087
63622
21085
21089
51304
51305
51306
21088
21182
51317
51318
51319
51328
51329
51330
21184
51335
51336
51341
51342
51343
21185
51348
51349
51350
51355
51356
51386
51387
21101
21118
51392
51393
21099
51397
51398
51399
21098
63639
63640
21102
21104
51414
51415
21100
51420
51421
21103
51425
51426
51431
51432
51433
51438
51439
51445
51446
51447
51452
51453
51454
21122
51462
51463
51464
21105
51469
51470
51474
51475
51476
21105
21208
63650
63651
21216
51480
51481
51482
21113
21117
51486
51487
51488
51493
51494
51495
21115
51500
51501
51502
21114
63661
63662
21115
63664
21113
21117
51512
51513
51514
21116
51529
51530
51531
51536
51537
51538
51543
51544
51549
51550
51551
51556
51557
51558
51563
51564
21122
51593
51594
51595
21124
51600
51601
21123
21126
21127
51606
51607
51608
21123
21126
21130
63683
21131
51612
51613
51614
21133
51617
51618
51622
51623
51624
21134
21480
51629
51630
21135
51633
51634
51635
21133
21135
63685
21483
29554
51639
51640
21134
21484
51650
51651
51652
21133
21135
51657
51658
51659
51668
51669
51673
51674
51675
51680
51681
21489
51686
51687
51688
63688
21150
21153
21157
51690
51691
21162
21177
51694
51695
51696
21152
21158
21164
51701
51702
51703
21156
21159
21178
51708
51709
51710
21150
21153
63690
63691
21155
63693
21150
21157
51715
51716
21151
21165
51720
51721
51725
51726
51727
21152
21158
51731
51732
21153
21157
51734
51735
21154
21179
51737
51738
21155
51740
51741
51742
21156
21159
21180
63694
63695
51745
51746
21170
28984
63697
63698
21172
51748
51749
51750
51752
51753
21184
51755
51756
63702
63703
21186
51758
51759
51760
51762
51763
51765
63706
63707
21161
21166
63709
63710
21174
51767
51768
51769
51778
51779
21173
21197
51784
51785
21172
51789
51790
51791
21170
63720
63721
21174
21363
51806
51807
21171
51812
51813
21175
51817
51818
51823
51824
51825
51830
51831
51837
51838
51839
51844
51845
51846
21201
51854
51855
51856
21364
51861
51862
51866
51867
51868
21183
21187
51873
51874
51875
51880
51881
51882
21186
51887
51888
51889
21184
63736
63737
21186
63739
21183
21187
51899
51900
51901
21185
51912
51913
51914
51923
51924
51925
51930
51931
51936
51937
51938
51943
51944
51945
51950
51951
21194
21196
21199
63751
21506
29661
51976
51977
21195
21507
51987
51988
51989
21194
21196
21200
51994
51995
51996
21201
52005
52006
52010
52011
52012
21202
52017
52018
21204
21512
52023
52024
52025
21205
63754
21201
52032
52033
52034
21203
52039
52040
21202
21205
52045
52046
52047
21202
21205
63763
52051
52052
52053
52056
52057
52061
52062
52063
21518
52068
52069
52072
52073
52074
21215
21218
29539
63765
21215
29539
52078
52079
52080
21216
52091
52092
52093
29540
52102
52103
21218
29539
52107
52108
52109
21219
27119
29551
52119
52120
52121
29540
52126
52127
21215
21218
63771
21217
21220
29553
52135
52136
52137
52140
52141
52142
52147
52148
52149
21223
52160
52161
52166
52167
52168
21221
52173
52174
52175
21224
52186
52187
52188
21238
29551
29555
52206
52207
52208
29553
52213
52214
29553
52229
52230
29557
52234
52235
52236
21237
21273
52246
52247
52248
21241
21274
52252
52253
21236
21242
52263
52264
52265
21238
27119
29551
52275
52276
21239
52281
52282
21235
52287
21234
21247
63797
63798
21236
21249
63801
21255
52298
52299
52303
52304
52305
21256
52310
52311
52312
21277
52317
52318
52319
52324
52325
52329
52330
52331
21254
21257
21261
52336
52337
21283
52340
52341
52342
21256
21262
52347
52348
52349
21259
21263
21284
52354
52355
52356
21254
21257
63811
63812
21260
21300
63813
21254
21261
52360
52361
21255
52364
52365
52369
52370
52371
21256
21262
52375
52376
21257
21261
52378
52379
21258
21285
21306
52382
52383
21259
21263
21286
52385
52386
21260
21307
52388
52389
52390
63814
63815
52393
52394
52396
52397
52398
63820
63821
21290
21313
52400
52401
21291
52403
52404
52405
21314
63823
63824
52407
52408
63826
63828
21270
21272
21275
63830
29556
52411
52412
21271
52422
52423
52424
21270
21272
21276
52434
52435
21277
63833
63834
52440
52441
52442
21278
52447
52448
21280
52451
52452
52453
21281
63841
63842
21277
52456
52457
52458
21283
52463
21278
21281
52473
52474
52475
21278
21281
63851
63852
52479
52480
52481
52485
52486
52489
52490
52491
21533
52496
52497
52500
52501
21289
21293
52507
52508
52509
52514
52515
52516
21291
52521
52522
52523
21290
21345
63859
63860
21291
63862
21289
21293
52533
52534
52535
21292
21348
52546
52547
52548
52558
52559
52560
21350
52565
52566
52567
52572
52573
52574
21351
52579
52580
52581
52586
21331
29607
52608
52609
52610
21309
21312
21316
52614
52615
21320
21343
52618
52619
52620
21311
21317
21321
52625
52626
52627
21315
21318
21344
52632
52633
52634
21309
21312
63876
63877
21314
63878
21309
21316
52638
52639
21310
21325
52642
52643
52647
52648
52649
21311
21317
21326
52653
52654
21312
21316
52656
52657
21313
21345
52660
52661
21314
52663
52664
52665
21315
21318
21346
52668
52669
63879
63880
21327
52671
52672
21329
52674
52675
52676
63885
63886
21350
52678
52679
63888
63889
21352
52681
52682
52683
52685
52686
63891
63893
21330
21354
52694
52695
52696
21355
52700
52701
21329
52711
52712
52713
21331
29607
29658
52723
52724
21328
52729
21332
52733
52734
21327
63906
63907
21329
63910
52746
52747
52751
52752
52753
52758
52759
52760
21358
52765
52766
52767
21365
52772
52773
52777
52778
52779
21339
21341
21356
63920
21546
29663
52784
52785
21340
21547
52795
52796
52797
21339
21341
21357
52802
52803
21358
63923
63924
52813
52814
52815
21359
52820
52821
21361
21553
52824
52825
52826
21362
63931
63932
21349
21353
52829
52830
52831
21355
52836
52837
52838
21352
52843
52844
52845
21350
63940
63941
21352
63943
21349
21353
52855
52856
52857
21351
52868
52869
52870
52880
52881
52882
52887
52888
52889
52894
52895
52896
52901
52902
52903
52908
21358
52929
52930
52931
52936
21359
21362
52946
52947
52948
21359
21362
63964
63965
52952
52953
52954
52958
52959
52962
52963
52964
21570
52969
52970
52973
52974
21364
63966
29658
29660
52993
52994
29662
52998
52999
53000
29660
53016
53017
29664
53021
53022
53023
21437
29232
53027
53028
53029
21377
21439
63969
21394
33581
53032
53033
21440
33582
53037
53038
21376
21395
53042
53043
53044
21377
21441
53049
53050
53051
21400
29674
21446
21383
21402
53055
53056
21385
21403
33583
53059
53060
21384
21387
53064
53065
53066
21386
53079
53080
21384
21387
53088
53089
53090
21404
53094
53095
53096
53108
53109
53110
21405
33584
53115
53116
53117
53122
53123
53124
53129
53130
53131
21396
21402
53136
53137
21398
53147
53148
53149
29673
53163
53164
53165
21397
53170
53171
53172
21398
53177
53178
21400
29674
53182
53183
53184
21399
33585
53188
53189
53190
21400
53193
53194
21404
53197
53198
53202
53203
53204
53208
53209
53210
53223
53224
53231
53232
33586
53236
53237
53238
21404
53242
53243
21405
33587
54306
54307
54273
21407
21413
63992
63993
21421
53245
53246
21422
63994
21411
21413
53249
53250
21412
33590
54309
54310
21421
54277
21421
53253
53254
21423
53264
53265
53266
29729
53280
53281
53282
21422
53287
53288
53289
21423
53294
53295
21426
29730
53299
53300
53301
21424
21429
33591
53305
53306
53307
21426
21432
53310
53311
53314
53315
53319
53320
53321
53325
53326
53327
53340
53341
33592
53348
53349
53350
21433
53355
53356
29362
53359
53360
53361
21434
64004
33624
53364
53365
33625
53369
53370
21434
53374
53375
53376
21433
53381
53382
53383
29730
21442
21458
27178
53388
53389
21444
53400
53401
53402
53416
53417
53418
21443
53423
53424
53425
21446
53434
53435
53436
21445
33627
53440
53441
53442
21446
53445
29766
53448
53449
53451
53452
53453
53457
53458
53459
33628
53470
53471
53474
53475
53476
33629
53480
53481
53482
21453
21458
27178
53486
53487
21455
21459
33630
53491
53492
21454
21457
53496
53497
53498
21456
53511
53512
21454
21457
53516
53517
53518
29766
53523
53524
53525
53537
53538
53539
21460
33631
53544
53545
53546
53551
53552
53553
53558
53559
53560
29766
64033
64034
21460
33632
54582
54583
54562
21471
29767
53564
53565
64037
64038
21466
29777
64040
64041
21465
21467
33637
54585
54586
21473
54563
21471
29767
53569
53570
21473
33638
53574
53575
21472
21475
53579
53580
53581
21474
21497
53594
53595
21472
21475
53599
53600
53601
29777
53606
53607
53608
53620
53621
53622
33639
53627
53628
53629
21502
53634
53635
53636
53641
53642
53643
21481
29800
64058
64059
21478
33642
54588
54589
54566
21488
29801
53647
53648
21489
64062
64063
21488
29801
53653
53654
21490
53665
53666
53667
21519
53681
53682
53683
21489
53688
53689
53690
21493
21520
53699
53700
53701
21491
21521
33644
53705
53706
53707
21493
21524
53710
29800
53713
53714
53716
53717
53718
53722
53723
53724
33645
53735
53736
33646
53739
53740
53741
21525
53746
53747
53748
21499
29839
53751
53752
21501
33648
53756
53757
21500
21503
53761
53762
53763
21502
53776
53777
21500
21503
53781
53782
53783
21517
27213
53788
53789
53790
53802
53803
53804
33649
53809
53810
53811
53816
53817
53818
53823
53824
53825
21511
29839
53830
53831
21513
53842
53843
53844
53858
53859
53860
21512
53865
53866
53867
21515
53871
53872
53873
21514
33651
53882
53883
53884
21515
53887
21517
27213
53890
53891
21518
53893
53894
53895
53899
53900
53901
33652
53912
53913
53916
53917
53918
33653
53922
53923
53924
29839
53928
53929
64097
64098
29554
53933
53934
53935
21525
64100
33685
53938
53939
33686
53943
53944
21526
53948
53949
53950
21525
53955
53956
53957
29846
21529
21534
53961
53962
21530
21535
33689
54312
54313
21539
21541
54294
21532
21534
64107
64108
21539
53964
53965
64109
21539
53968
53969
21541
33690
53972
53973
21540
21543
53977
53978
53979
21542
21561
53992
53993
21540
21543
54001
54002
54003
54007
54008
54009
54021
54022
54023
33691
54028
54029
54030
21566
54035
54036
54037
54042
54043
54044
21552
21568
54049
54050
21554
54060
54061
54062
27224
54076
54077
54078
21553
54083
54084
54085
21556
27225
54090
54091
54092
21554
54097
54098
21555
33693
54101
54102
54103
21556
54106
54107
21569
54110
54111
21570
54115
54116
54117
54121
54122
54123
54136
54137
54140
54141
33694
54149
54150
54151
21563
21568
54155
54156
21565
33695
54159
54160
21564
21567
54164
54165
54166
21566
54179
54180
21564
21567
54184
54185
54186
21569
54194
54195
54196
54208
54209
54210
33696
54215
54216
54217
54222
54223
54224
54229
54230
54231
21569
64138
64139
54235
54236
64140
21572
21575
21579
21623
21573
21581
21575
21576
21582
21593
21575
21576
21594
21624
58435
21584
21598
21625
21599
21578
21580
21631
21585
21603
21635
21581
21584
58419
21581
21585
21637
21582
21584
21585
21586
21584
21585
21587
21640
21591
58420
21592
21641
21590
21591
21592
21593
21600
21591
21592
21643
21590
21591
21595
21590
21592
21601
21644
21597
21602
21598
58421
21603
21645
21597
21598
21599
21598
21599
21627
21698
21597
21598
21628
21597
21599
21629
21602
21603
21602
21603
21654
21656
21608
21609
21610
21615
21609
21610
22447
37698
55312
21608
21609
37699
21608
21610
21617
22448
21619
58418
21621
22450
55313
21614
22452
21613
21614
21618
21649
22453
21620
21650
21621
22455
55313
21619
21620
21621
21619
21620
21654
58416
21619
21621
58550
21620
21621
21655
58551
58417
21657
58552
21626
21727
21625
58419
21625
21626
21627
21731
21629
58420
21732
21629
21749
21629
60184
58421
21632
21636
21632
21635
21637
21633
21638
21635
21636
21639
21652
21635
21636
21653
21641
21656
21658
21638
21641
21639
58422
21641
21642
21641
21643
21645
21645
21646
21652
21645
21645
21646
21654
58416
21656
21657
21650
21651
21652
21651
22458
58415
21650
21651
21655
22459
21657
21658
22461
21656
21657
21658
21656
21658
21656
21657
21657
21658
58555
58556
21661
21791
55314
21661
21663
21795
58423
21796
55315
58424
21664
21837
21664
21841
58428
21842
58430
21667
21670
21667
21671
21672
21723
21668
21673
21670
21671
21674
21689
21670
21671
21691
21675
21692
21726
21673
21675
21734
21674
58432
21675
21676
58433
21680
21739
21680
21681
21689
21694
21680
21742
21680
21681
21690
21744
21761
21681
21762
21692
21745
21693
21696
21763
21686
21687
21688
21689
21694
21686
21688
21799
21686
21687
21687
21688
21695
21767
21801
21691
21693
21696
21768
21697
21803
21691
21692
21693
21692
21693
21756
58444
21757
58445
21696
21697
58433
21696
21697
21786
58449
21788
58434
58450
21700
21749
58435
21700
21750
58437
21753
58436
21705
21706
21707
21711
21718
21705
21707
21712
21760
57217
21705
21706
21719
21743
57218
21706
21707
21744
21761
58438
21715
21721
57219
21722
21747
21717
21764
58439
21710
21713
61332
21710
21720
60183
21715
21721
21715
21716
21717
21715
21717
21778
21715
21716
37738
21716
21717
21779
37739
21782
21721
21722
21721
21722
21750
21721
60185
21754
21724
21726
21734
21725
21736
55316
21726
21737
21755
21739
21757
21729
21732
21729
21733
21735
21730
21736
55316
21732
21733
21737
21748
21732
21733
21749
58435
21752
21740
21753
58436
21736
21739
21736
21740
21737
21739
21740
21741
21739
21740
21742
21745
21746
21745
21746
21747
21748
21755
21745
21746
21746
21747
21750
58437
21745
21747
21756
21757
21753
21754
21758
21752
21753
21754
21752
21753
21753
21754
21752
21754
21757
21758
21757
21758
58438
21763
21764
21765
21777
21784
58443
21764
21765
21778
21763
21764
58444
21763
21765
21785
21788
58445
21782
58446
21783
21789
21768
21769
21784
55317
58443
21768
21769
21786
21861
21788
58445
21790
21863
55320
21774
21775
21776
21777
21784
55317
21774
21776
21873
37752
55318
21774
21775
21780
37753
21775
21776
21787
21781
37754
55319
21783
21789
21790
21875
55320
21781
21782
21783
58440
21782
21783
21781
21782
37759
21781
21783
37760
37761
58441
58442
21788
21789
21790
21788
21789
21788
21790
21888
21789
21790
21889
21793
21796
21793
21797
21838
21794
21796
21797
21805
21796
21797
21806
21841
21809
21810
21843
21802
21803
21804
21805
58448
21802
21803
21802
21804
21808
21860
21803
21804
21861
58449
21809
58450
21811
21864
58451
21809
21810
21811
21809
21810
21852
58423
21810
21811
21853
21881
21809
21811
21882
58424
21856
21885
21816
21817
21818
21830
58458
21816
21818
21919
21816
21817
21832
21846
21817
21818
21847
21920
21834
21835
21849
21922
58459
21823
21824
21825
21826
21830
21823
21824
37849
21823
21825
21827
21867
37850
21824
21825
21833
21868
21828
37851
21834
21829
21836
21871
21828
21829
58452
58454
21828
21829
21877
37856
37857
58456
21879
58453
21834
21835
21836
58452
21835
21836
21853
21881
21834
21835
21854
21834
21836
21883
21857
21886
58453
21839
21842
21839
21843
21840
21842
21843
21851
21842
21843
21852
21855
21856
21848
21849
21850
21851
21848
21850
21951
58425
21848
21849
21854
58426
21849
21850
21952
21855
58427
21857
21954
21855
21856
21857
21855
21856
58428
21856
21857
21855
21857
58429
58430
21862
21863
21864
21880
21887
21862
21863
21862
21864
21882
21863
21864
21888
21884
21889
21885
21890
21869
21870
21871
21876
21880
21869
21870
21869
21871
21877
37878
21870
21871
21883
21878
37879
21884
21879
21886
21874
21875
21876
21887
21874
21875
37882
21878
37884
21889
21878
21879
58460
21878
21879
37889
37890
58462
21884
21885
21886
58460
21885
21886
21884
21885
21884
21886
58461
58462
21889
21890
58460
21889
21890
58449
58451
58461
21893
21897
55321
21893
21895
21901
58463
21902
55322
58464
21896
21943
21896
21947
58468
21948
58470
21899
21902
21899
21903
21944
21900
21902
21903
21911
21902
21903
21912
21947
21915
21916
21949
21908
21909
21910
21911
58472
21908
21910
22015
21908
21909
21914
21966
21909
21910
21967
22017
58473
21915
21917
21969
58474
22019
58475
21915
21916
21917
21915
21916
21958
58463
21916
21917
21959
21987
21915
21917
21988
58464
21962
21991
21922
21923
21924
21936
58482
21922
21923
21922
21924
21952
21923
21924
21938
21953
58483
21940
21941
21956
21929
21930
21931
21932
21936
21929
21930
38168
21929
21931
21933
21973
38169
21930
21931
21939
21974
21934
38170
21940
21935
21942
21977
21934
21935
58476
58478
21934
21935
21983
38175
38176
58480
21985
58477
21940
21941
21942
58476
21941
21942
21959
21987
21940
21941
21960
21940
21942
21989
21963
21992
58477
21945
21948
21945
21949
21946
21948
21949
21957
21948
21949
21958
21961
21962
21954
21955
21956
21957
21954
21955
58465
21954
21956
21955
21956
21960
58466
21961
58467
21963
21961
21962
21963
21961
21962
58468
21962
21963
21961
21963
58469
58470
21968
21969
21970
21986
21993
21968
21970
21968
21969
21988
21969
21970
21994
22099
21990
21991
21995
21996
22100
21975
21976
21977
21982
21986
21975
21976
21975
21977
21983
38197
21976
21977
21989
21984
38198
21990
21985
21992
21980
21981
21982
21993
21980
21981
22103
38201
21984
38203
21996
22107
21984
21985
58484
21984
21985
38208
38209
58486
21990
21991
21992
58484
21991
21992
21990
21991
21990
21992
58485
58486
21995
21996
58484
21995
21996
22118
58473
58474
58485
22120
21999
22002
21999
22003
22004
22055
22000
22005
22002
22003
22006
22021
22002
22003
22023
22007
22024
22058
22005
22007
22066
22006
58488
22007
22008
58489
22012
22071
22012
22013
22021
22026
22012
22074
22012
22013
22022
22075
22093
22013
22094
22024
22077
22025
22029
22095
22018
22019
22020
22021
22026
22018
22019
22018
22020
22019
22020
22027
22099
22023
22028
22025
22029
22101
22023
22024
22025
22024
22025
22081
58500
22082
58501
22028
22029
58489
22028
22029
22118
58473
58475
58490
22121
22032
22085
22146
58491
22032
22086
58493
22088
58492
22037
22038
22039
22043
22050
22037
22039
22044
22092
57220
22038
22039
22075
22093
58494
22037
22038
22051
22076
57221
22047
22053
57222
22054
22079
22049
22096
58495
22042
22045
61411
22042
22052
60186
22047
22053
22047
22048
22049
22047
22049
22110
22047
22048
38287
22048
22049
22111
38288
22114
22053
22054
22053
22054
22086
22053
60188
22089
22056
22058
22066
22057
22068
55323
22058
22069
22080
22071
22082
22061
22065
22174
22061
22064
22067
22062
22068
55323
22064
22065
22069
22084
22064
22065
22085
22176
58491
22072
22088
58492
22090
22177
22068
22071
22068
22072
22069
22071
22072
22073
22071
22072
22074
22077
22078
22077
22078
22079
22080
22084
22077
22078
22077
22079
22081
22078
22079
22086
58493
22082
22088
22083
22089
22082
22083
22082
22083
58494
22088
22089
22090
22088
22090
22179
22088
22089
22089
22090
22095
22096
22097
22109
22116
58499
22096
22097
22110
22095
22096
58500
22095
22097
22117
22121
58501
22114
58502
22115
22122
22100
22101
22116
55324
58499
22100
22101
22118
22120
55327
22121
58501
22106
22107
22108
22109
22116
55324
22106
22107
38301
55325
22106
22108
22112
38302
22107
22108
22119
22113
38303
55326
22120
55327
22115
22122
22113
22114
22115
58496
22114
22115
22113
22114
38308
22113
22115
38309
38310
58497
58498
22120
22121
22122
22121
22122
22120
22121
22120
22122
22124
22128
22131
22175
22125
22133
22127
22128
22134
22145
22127
22128
22146
22176
58491
22150
22136
22151
22178
22130
22132
22183
22137
22155
22187
22133
22136
58506
22133
22137
22189
22134
22136
22137
22138
22136
22137
22139
22192
22143
58507
22144
22193
22142
22143
22144
22145
22152
22143
22144
22195
22142
22143
22147
22142
22144
22153
22196
22149
22154
22151
58508
22155
22197
22149
22150
22151
22150
22151
22179
22149
22151
22180
22149
22150
22181
22154
22155
22154
22155
22206
22208
22160
22161
22162
22167
22161
22162
22481
38590
55328
22160
22161
38591
22160
22162
22169
22482
22171
58505
22173
22484
55329
22166
22486
22165
22166
22170
22201
22487
22172
22202
22173
22489
55329
22171
22172
22173
22171
22172
22206
58503
22171
22173
58568
22172
22173
22207
58569
58504
22209
58570
22177
22178
58506
22177
22178
22179
22181
58507
22181
22181
60187
58508
22184
22188
22184
22187
22189
22185
22190
22187
22188
22191
22204
22187
22188
22205
22193
22208
22210
22190
22193
22191
58509
22193
22194
22193
22195
22197
22197
22198
22204
22197
22197
22198
22206
58503
22208
22209
22202
22203
22204
22203
22492
58510
22202
22203
22207
22493
22209
22210
22495
22208
22209
22210
22208
22210
22208
22209
22209
22210
58573
58574
22212
22215
22217
22287
22213
22218
22215
22219
22234
22215
22235
22289
22782
22222
22239
22290
22218
22221
22268
58512
22218
22222
58524
22219
22221
22222
22223
58513
22221
22222
22224
22271
22228
22272
58514
22229
58525
22227
22228
22229
22230
22234
22228
22229
22227
22228
22231
58521
22227
22229
22236
22232
22238
22233
58522
22239
58526
22232
22233
58513
22232
22233
22281
22283
58514
22238
22239
22240
22239
22240
22292
58623
22238
22239
22293
22238
22240
22294
22245
22246
22247
22253
22246
22247
22464
38630
55333
22245
22246
38631
22245
22247
22255
22465
22257
22259
22467
55335
22251
22252
22253
22252
22469
55334
22251
22252
22256
22275
22470
22258
22277
22259
22472
55335
22257
22258
22259
22257
22258
22281
58515
22257
22259
58559
22258
22259
22282
58560
58516
22284
58561
22792
58518
22263
22267
22263
22266
22268
58512
22264
22269
22266
22267
22270
22279
22266
22267
22280
22272
22283
58514
22285
22269
22272
22270
58519
22272
58520
22272
58522
22276
22277
22278
22279
22276
22278
22475
58511
22277
22278
22282
22476
22284
22285
22478
22283
22284
22285
58520
22283
22285
22283
22284
58521
22284
22285
58563
58522
58523
58564
22288
22291
22811
22288
22290
58524
22290
22291
22292
22815
22294
58525
22295
22816
22294
22295
22833
22294
58517
58526
22836
22299
22300
22382
22413
58527
22299
22384
22433
22300
22415
22434
22385
22416
22304
22375
22305
22406
22304
22305
22378
22409
58528
22380
22411
22310
22311
22312
22326
22331
58529
22310
22312
22327
22432
59566
22310
22311
22383
22311
22312
22332
22384
22433
22334
22387
58530
22330
22335
22435
22317
22318
22331
55348
58529
22318
22452
55349
22317
22390
22317
22318
22333
22391
22454
22334
22393
58530
22336
22456
55352
22323
22324
22325
22326
22331
55348
22323
22325
34035
55350
58547
22323
22324
22328
22437
34036
22324
22325
22329
34037
55351
22330
22335
22438
22336
55352
58549
22329
22330
22330
22440
22329
22330
22441
34042
34043
22444
22334
22335
22336
22334
22335
22396
22334
22336
22397
58553
22399
58554
22341
22342
22356
22361
22342
22357
22432
59566
22341
22414
22341
22342
22362
22415
22434
22365
22418
58531
22360
22366
22436
22347
22348
22361
22348
22469
22347
22421
22347
22348
22363
22422
22471
22365
22424
58531
22367
22473
22353
22354
22355
22356
22361
22353
22355
34053
58557
22353
22354
22358
34054
58544
22354
22355
22364
22359
34055
22360
22366
58545
22367
58558
22359
22360
22360
22440
22359
22360
22442
60459
60460
22445
22365
22366
22367
22365
22366
22427
22365
22367
22428
22366
22367
22430
58546
58562
22370
22372
22370
22373
22375
22371
22376
22372
22373
22377
58535
22380
58536
22376
22379
22376
22380
22377
58532
22379
22380
22381
58533
22379
22380
22382
58527
22385
22386
22385
22386
22387
22395
58535
22385
22386
58528
22386
22387
22385
22387
22396
22398
58536
22399
58537
22392
22393
22394
22395
58535
22392
22394
22458
58415
22392
22393
22393
22394
22397
22460
22399
58537
22400
22462
22398
22399
22400
58533
22398
22399
22399
22400
58534
22403
22403
22406
22404
22407
22408
58542
22407
22410
22407
22411
22408
58538
22410
22411
22412
58539
22410
22411
22413
58527
22416
58540
22417
22416
22417
22418
22426
58542
22416
22417
58528
22417
22418
22416
22418
22427
22429
22430
58543
22423
22424
22425
22426
58542
22423
22425
22475
58511
22423
22424
22424
22425
22428
22477
22430
58543
22431
22479
22429
22430
22431
58539
22429
22430
22430
22431
58540
58541
22435
22436
22440
22435
22436
22444
22445
58546
22438
22441
60466
22444
22443
22444
22445
22444
22445
22443
22444
34067
22443
22445
34068
58544
34069
58545
22449
22450
22449
22450
38666
22450
58550
38667
58552
22455
22456
22457
22455
22456
22455
22457
22459
58551
22456
22457
22460
58553
58552
58554
22463
22461
22462
22461
22463
58555
22462
22463
58556
22466
22467
38744
22467
58559
38745
58561
22472
22473
22474
22472
22473
22472
22474
22476
58560
22473
22474
22477
58561
58562
22478
22479
22478
58563
22479
58564
22483
22484
22483
22484
34139
22484
58568
34140
58570
22489
22490
22491
22489
22491
22516
22489
22490
22493
58569
22490
22491
22494
22518
58571
58570
22496
22519
58572
22495
22497
22591
22495
22496
58573
22496
22497
22593
58574
22595
22501
22502
22584
22615
58575
22501
22586
22635
22502
22616
22636
22587
22618
22506
22577
22507
22608
22506
22507
22580
22611
58576
22582
22613
22512
22513
22514
22528
22533
58577
22512
22514
22529
22634
59567
22512
22513
22585
22513
22514
22534
22586
22635
22537
22589
58578
22532
22538
22637
22519
22520
22533
55365
58577
22519
55366
22520
22592
22519
22520
22535
22593
22536
55369
22537
22596
58578
22525
22526
22527
22528
22533
55365
22525
22526
39050
55367
58565
22525
22527
22530
22639
39051
22526
22527
22531
39052
55368
22536
55369
58567
22532
22538
22640
22531
22532
22532
22642
22531
22532
22643
39057
39058
22646
22536
22537
22538
22537
22538
22598
22536
22537
22599
58571
58572
22602
22543
22544
22558
22563
22544
22559
22634
59567
22543
22544
22564
22616
22636
22543
22617
22567
22620
58579
22562
22568
22638
22549
22550
22563
22550
22653
22549
22550
22565
22623
22654
22549
22624
22567
22625
58579
22569
22656
22555
22556
22557
22558
22563
22555
22557
39068
58595
22555
22556
22560
39069
58592
22556
22557
22566
22561
39070
22562
22568
58593
22569
58596
22561
22562
22562
22642
22561
22562
22644
61519
61520
22647
22567
22568
22569
22567
22568
22629
22567
22569
22630
22568
22569
22632
58594
58597
22572
22574
22572
22575
22577
22573
22578
22574
22575
22579
58583
22582
58584
22578
22581
22578
22582
22579
58580
22581
22582
22583
58581
22581
22582
22584
58575
22587
22588
22587
22588
22589
22597
58583
22587
22588
58576
22588
22589
22587
22589
22598
22601
58584
22602
58585
22594
22595
22596
22597
58583
22594
22595
58510
22594
22596
22595
22596
22599
22600
22602
58585
22600
22601
22602
58581
22601
22602
22600
22602
58582
22605
22605
22608
22606
22609
22610
58590
22609
22612
22609
22613
22610
58586
22612
22613
22614
58587
22612
22613
22615
58575
22618
58588
22619
22618
22619
22620
22628
58590
22618
22619
58576
22618
22620
22629
22619
22620
22631
22632
58591
22625
22626
22627
22628
58590
22626
22627
22659
58603
22625
22626
22630
22660
22625
22627
22632
58591
22633
22662
22631
22632
22633
58587
22631
22632
22632
22633
58588
58589
22637
22638
22642
22637
22638
22646
22647
58594
22640
22643
61526
22646
22645
22646
22647
22646
22647
22645
22646
39082
22645
22647
39083
58592
39084
58593
22650
22651
22695
39154
22651
22697
58598
39155
22700
58600
22656
22657
22658
22656
22658
22702
22656
22657
22660
22657
22658
22661
22703
58599
58597
22704
58600
22662
22663
22727
22662
22663
22728
58601
22729
58602
22665
22668
22670
22740
22666
22671
22668
22672
22687
22668
22688
22742
23001
22675
22692
22743
22671
22674
22721
58604
22671
22675
58616
22672
22674
22675
22676
58605
22674
22675
22677
22724
22681
22725
58606
22682
58617
22680
22681
22682
22683
22687
22681
22682
22680
22681
22684
58613
22680
22682
22689
22685
22691
22686
58614
22692
58618
22685
22686
58605
22685
22686
22734
22737
58606
22691
22692
22693
22692
22693
22745
58671
22691
22692
22746
22691
22693
22747
22698
22699
22700
22706
22699
22700
39460
55372
22698
22699
39461
22698
22700
22708
22710
22711
55374
22704
22705
22706
22704
55373
22704
22705
22709
22728
22711
55374
22712
22731
22710
22711
22712
22710
22712
22734
58607
22710
22711
58598
22711
22712
22735
58599
58608
58600
22738
23011
58610
22716
22719
22716
22720
22721
58604
22717
22722
22719
22720
22723
22732
22719
22720
22733
22736
22725
22737
58606
22722
22725
22723
58611
22725
58612
22725
58614
22729
22730
22731
22732
22729
22730
58603
22729
22731
22735
22736
22738
22736
22737
22738
58612
22736
22737
22737
22738
58613
22736
22738
58601
58602
58614
58615
22741
22744
23030
22741
22743
58616
22743
22744
22745
23034
22747
58617
22748
23035
22747
22748
23052
22747
58609
58618
23055
22751
22753
22751
22754
22755
22807
22752
22756
22753
22754
22757
22773
22775
22759
22776
22810
22756
22759
22818
22757
58619
22759
22760
58620
22759
22761
22822
22764
22823
22764
22765
22773
22778
22764
22826
22764
22765
22774
22828
22841
22765
22842
22776
22829
22777
22780
22843
22770
22771
22772
22773
22778
22770
22772
22881
22770
22771
22771
22772
22779
22848
22882
22775
22777
22780
22849
22781
22884
22775
22776
22777
22776
22777
58628
58633
58629
58634
22780
22781
58620
22780
22781
22866
22887
22867
22888
58621
22783
22815
58623
22817
58625
22788
22789
22790
22794
22801
22788
22790
22795
22840
57229
22788
22789
22802
22827
57230
22789
22790
22828
22841
58626
22798
22805
57231
22806
22831
22800
22844
22793
22796
61576
22793
22803
22798
22805
22798
22799
22800
22798
22800
22859
22798
22799
39496
22799
22800
22860
39497
22863
22805
22806
22805
22806
22834
22805
58518
22806
22835
22838
22808
22810
22818
22809
22820
55375
22810
22821
58627
22823
58629
22813
22816
22813
22817
22819
22814
22820
55375
22816
22817
22821
22832
22816
22817
22833
22836
22824
22837
22820
22823
22820
22824
22821
22823
22824
22825
22823
22824
22826
22829
22830
22829
22830
22831
22832
58627
22829
22830
22830
22831
22834
58622
22829
22831
58628
58629
22837
22838
22836
22837
22838
22836
22837
58623
22837
22838
58624
22836
22838
58625
22843
22844
22845
22858
22865
58632
22844
22845
22859
22843
22844
58633
22843
22845
22867
58634
22863
58635
22864
22868
22849
22850
22865
58632
22850
22940
22849
22850
22866
22941
22867
58634
22869
22943
22855
22856
22857
22858
22865
22855
22857
22947
39503
22855
22856
22861
39504
22856
22857
22862
39505
22864
22868
22869
22949
22862
22863
22864
58630
22863
22864
60189
22862
22863
39510
22862
22864
39511
39512
58631
22867
22868
22869
22867
22869
58664
58665
22872
22918
22872
22922
58637
58644
22923
58646
22875
22878
58636
22875
22879
22919
22876
22878
22879
22890
22878
22879
22891
22922
58637
22894
58638
22895
22924
22884
22885
22886
22890
22884
22885
22884
22886
22887
22941
22885
22886
22893
22942
22888
22894
22889
22896
22945
22888
22889
58664
58647
58666
22894
22895
22896
22894
22895
22933
58639
22895
22896
22934
22962
22894
22896
22963
58640
22937
22966
58647
22901
22902
22903
22911
22901
22903
23215
22901
22902
22913
22927
60190
22902
22903
22928
23216
22915
22916
22930
23218
22908
22909
22910
22911
58655
22908
22909
39602
22908
22910
22952
39603
58656
22909
22910
22914
22953
39604
58657
22915
22917
22956
58658
22915
22916
22917
58648
22916
22917
22934
22962
58649
22915
22916
22935
22915
22917
22964
22938
22967
58650
22920
22923
22920
22924
22921
22923
22924
22932
22923
22924
22933
22936
22937
22929
22930
22931
22932
22929
22931
23243
58641
22929
22930
22935
58642
22930
22931
23244
22936
58643
22938
23246
22936
22937
22938
22936
22937
58644
22937
22938
22936
22938
58645
58646
22943
22944
22945
22961
58663
22943
22944
22943
22945
58664
22944
22945
22963
58665
22965
22966
58666
22948
22949
22957
58663
22948
22949
39631
22959
39633
58665
22954
22955
22956
22957
22961
22954
22955
22954
22956
22958
39638
22955
22956
22964
22959
39639
22965
22960
22967
22959
22960
58659
22959
22960
39642
58656
39643
58658
58662
22965
22966
22967
58659
22966
22967
58660
22965
22966
22965
22967
58661
58662
22970
22973
22970
22972
22974
23026
22971
22975
22972
22973
22976
22992
22978
22994
23029
22996
22975
22978
23037
22976
58667
22978
22979
58668
22978
22980
23041
22983
23042
22983
22984
22992
22997
22983
23045
22983
22984
22993
23047
23060
22984
23061
22994
23048
22995
22999
23062
22989
22990
22991
22992
22997
22990
22991
23097
22989
22990
22989
22991
22998
23067
23098
22995
22999
23068
22996
23000
23100
22994
22995
22996
22994
22995
58676
58681
58677
58682
22999
23000
58668
22999
23000
23085
23103
23086
23104
58669
23002
23034
58671
23036
58673
23007
23008
23009
23013
23020
23007
23009
23014
23059
57232
23007
23008
23021
23046
57233
23008
23009
23047
23060
58674
23018
23024
57234
23025
23050
23019
23063
23012
23015
60479
23012
23022
23018
23024
23017
23018
23019
23018
23019
23078
23017
23018
34217
23017
23019
23079
34218
23082
23024
23025
23024
23025
23053
23024
58610
23025
23054
23057
23027
23029
23037
23028
23039
55379
23029
23040
58675
23042
58677
23032
23035
23032
23036
23038
23033
23039
55379
23035
23036
23040
23051
23035
23036
23052
23055
23043
23056
23039
23042
23039
23043
23040
23042
23043
23044
23042
23043
23045
23048
23049
23048
23049
23050
23051
58675
23048
23049
23049
23050
23053
58670
23048
23050
58676
58677
23056
23057
23055
23056
23057
23055
23056
58671
23056
23057
58672
23055
23057
58673
23062
23063
23064
23077
23084
58680
23063
23064
23078
23062
23063
58681
23062
23064
23086
58682
23082
58683
23083
23087
23068
23069
23084
58680
23069
23156
23068
23069
23085
23157
23086
58682
23088
23159
23074
23075
23076
23077
23084
23074
23076
23163
34224
23074
23075
23080
34225
23075
23076
23081
34226
23083
23087
23088
23165
23081
23082
23083
58678
23082
23083
60191
23081
23082
34231
23081
23083
34232
34233
58679
23086
23087
23088
23086
23088
58701
58702
23091
23095
58704
23091
23094
23135
23092
23094
23095
23106
23094
23095
23107
23138
58705
23110
23139
23112
58706
23100
23101
23102
23106
23100
23102
23100
23101
23103
23157
23101
23102
23109
23158
23104
23105
23111
23160
23112
23104
23105
58701
58684
58703
23110
23111
23112
23110
23112
23149
58707
23110
23111
23150
23178
23111
23112
23179
23152
23181
58684
58708
23117
23118
23119
23127
23118
23119
23431
23117
23118
23129
23143
60192
23117
23119
23144
23432
23131
23145
23133
23434
23124
23125
23126
23127
58692
23124
23126
39930
23124
23125
23168
39931
58693
23125
23126
23130
23169
39932
58694
23132
23171
58695
23133
23131
23132
23133
58685
23131
23132
23150
23178
58686
23131
23133
23151
23132
23133
23180
23153
23182
58687
23136
23140
23184
23136
23139
23137
23139
23140
23148
23139
23140
23149
23185
23152
23154
23186
23145
23146
23147
23148
23146
23147
23459
58709
23145
23146
23151
58710
23145
23147
23460
23153
23154
58711
23462
23152
23153
23154
23152
23154
58712
23152
23153
23153
23154
58713
58714
23159
23160
23161
23177
58700
23159
23161
23159
23160
58701
23160
23161
23179
58702
23181
58703
23183
23164
23165
23173
58700
23164
23165
39959
23175
39961
58702
23170
23171
23172
23173
23177
23170
23172
23170
23171
23174
39966
23171
23172
23180
23175
39967
23176
23182
23183
23175
23176
58696
23175
23176
39970
58693
39971
58695
58699
23181
23182
23183
58696
23181
23182
58697
23181
23183
23182
23183
58698
58699
23186
23186
58705
58712
58714
23189
23235
23189
23239
58716
58723
23240
58725
23192
23195
58715
23192
23196
23236
23193
23195
23196
23204
23195
23196
23205
23239
58716
23208
58717
23209
23241
23201
23202
23203
23204
23201
23203
23303
23201
23202
23207
23258
23202
23203
23211
23259
23304
23208
23210
23212
23261
23213
23306
23208
23209
23210
23208
23209
23250
58718
23209
23210
23251
23279
23208
23210
23280
58719
23254
23283
58726
23212
23213
23310
58743
58726
58744
23311
23218
23219
23220
23228
23218
23219
23218
23220
23244
23219
23220
23230
23245
60193
23232
23233
23248
23225
23226
23227
23228
58734
23225
23226
40258
23225
23227
23265
40259
58735
23226
23227
23231
23266
40260
58736
23232
23234
23269
58737
23232
23233
23234
58727
23233
23234
23251
23279
58728
23232
23233
23252
23232
23234
23281
23255
23284
58729
23237
23240
23237
23241
23238
23240
23241
23249
23240
23241
23250
23253
23254
23246
23247
23248
23249
23246
23247
58720
23246
23248
23247
23248
23252
58721
23253
58722
23255
23253
23254
23255
23253
23254
58723
23254
23255
23253
23255
58724
58725
23260
23261
23262
23278
58742
23260
23262
23383
23260
23261
23280
23261
23262
23384
58743
23282
23283
58744
23385
58745
23267
23268
23269
23274
23278
23267
23268
23267
23269
23275
40287
23268
23269
23281
23276
40288
23282
23277
23284
23272
23273
23274
58742
23272
23273
23388
40291
23276
40293
23392
58745
23276
23277
58738
23276
23277
40298
58735
40299
58737
58741
23282
23283
23284
58738
23283
23284
58739
23282
23283
23282
23284
58740
58741
23287
23289
23287
23290
23291
23343
23288
23292
23289
23290
23293
23313
23315
23295
23316
23346
23292
23295
23354
23293
58746
23295
23296
58747
23295
23297
23358
23300
23359
23300
23301
23309
23313
23300
23362
23301
23377
23300
23301
23314
23363
23378
23316
23365
23312
23317
23379
23306
23307
23308
23309
23313
23306
23307
23306
23308
23310
23384
23307
23308
23311
23315
23312
23317
23386
23311
23312
58747
23311
23312
23402
58748
23404
23315
23316
23317
23316
23317
58755
58760
58756
58761
23319
23351
23628
58750
23352
58752
23324
23325
23326
23330
23337
23324
23326
23331
23376
57235
23325
23326
23363
23378
58753
23324
23325
23338
23364
57236
23334
23341
57237
23342
23367
23336
23381
23329
23332
61688
23329
23339
23655
23334
23341
23334
23335
23336
23334
23336
23395
23334
23335
40383
23335
23336
23397
40384
23400
23341
23342
23341
23342
23370
23341
58815
23342
23371
23373
23344
23346
23354
23345
23356
55386
23346
23357
58754
23359
58756
23349
23353
23675
23349
23352
23355
23350
23356
55386
23352
23353
23357
23368
23352
23353
23369
23678
23360
23372
23374
23679
23356
23359
23356
23360
23357
23359
23360
23361
23359
23360
23362
23365
23366
23365
23366
23367
23368
58754
23365
23366
23365
23367
58755
23366
23367
23370
58749
58756
23372
23373
23372
23373
23374
23372
23374
23681
58750
23372
23373
58751
23373
23374
58752
23683
23379
23380
23381
23394
23401
58759
23380
23381
23395
23379
23380
23379
23381
58760
23404
58761
23399
23405
23400
58762
23385
23386
23401
58759
23385
23385
23386
23402
23403
23404
58761
23391
23392
23393
23394
23401
23391
23392
40390
23391
23393
23396
40391
23392
23393
23398
40392
23403
23399
23405
23398
23399
23400
58757
23399
23400
60194
23398
23399
40397
23398
23400
40398
40399
58758
23403
23404
23405
23403
23404
58743
58745
23408
23412
58783
23408
23411
23452
23409
23411
23412
23420
23411
23412
23421
23455
58784
23424
23456
23426
58785
23417
23418
23419
23420
23418
23419
23522
23417
23418
23423
23474
23417
23419
23427
23475
23523
23425
23428
23476
23426
23429
23525
23424
23425
23426
23424
23426
23466
58786
23424
23425
23467
23495
23425
23426
23496
23469
23498
58763
58787
23428
23429
23529
58780
58763
58781
23530
23434
23435
23436
23444
23434
23436
23434
23435
23460
23435
23436
23446
23461
60195
23448
23463
23450
23441
23442
23443
23444
58771
23441
23443
34323
23441
23442
23481
34324
58772
23442
23443
23447
23482
34325
58773
23449
23484
58774
23450
23448
23449
23450
58764
23448
23449
23467
23495
58765
23448
23450
23468
23449
23450
23497
23470
23499
58766
23453
23457
23501
23453
23456
23454
23456
23457
23465
23456
23457
23466
23502
23469
23471
23503
23462
23463
23464
23465
23462
23464
58788
23462
23463
23463
23464
23468
58789
23470
23471
58790
23469
23470
23471
23469
23471
58791
23469
23470
23470
23471
58792
58793
23476
23477
23478
23494
58779
23477
23478
23602
23476
23477
23496
23476
23478
23603
58780
23498
58781
23500
23604
58782
23483
23484
23485
23490
23494
23483
23485
23483
23484
23491
34352
23484
23485
23497
23492
34353
23493
23499
23500
23488
23489
23490
58779
23488
23489
23607
34356
23492
34358
23611
58782
23492
23493
58775
23492
23493
34363
58772
34364
58774
58778
23498
23499
23500
58775
23498
23499
58776
23498
23500
23499
23500
58777
58778
23503
23503
58784
58791
58793
23506
23509
23506
23508
23510
23562
23507
23511
23508
23509
23512
23532
23514
23534
23565
23536
23511
23514
23573
23512
58794
23514
23515
58795
23514
23516
23577
23519
23578
23519
23520
23528
23532
23519
23581
23520
23596
23519
23520
23533
23582
23597
23534
23584
23531
23535
23598
23525
23526
23527
23528
23532
23525
23527
23525
23526
23529
23603
23526
23527
23530
23531
23535
23605
23536
23530
23531
58795
23530
23531
23621
58796
23623
23534
23535
23536
23534
23535
58803
58808
58804
58809
23538
23570
24081
58798
23571
58800
23543
23544
23545
23549
23556
23543
23545
23550
23595
57238
23544
23545
23582
23597
58801
23543
23544
23557
23583
57239
23553
23560
57240
23561
23586
23555
23600
23548
23551
61725
23548
23558
24108
23553
23560
23553
23554
23555
23553
23555
23614
23553
23554
40684
23554
23555
23616
40685
23619
23560
23561
23560
23561
23589
23560
58907
23561
23590
23592
23563
23565
23573
23564
23575
55390
23565
23576
58802
23578
58804
23568
23572
24128
23568
23571
23574
23569
23575
55390
23571
23572
23576
23587
23571
23572
23588
24131
23579
23591
23593
24132
23575
23578
23575
23579
23576
23578
23579
23580
23578
23579
23581
23584
23585
23584
23585
23586
23587
58802
23584
23585
23584
23586
58803
23585
23586
23589
58797
58804
23591
23592
23591
23592
23593
23591
23593
24134
58798
23591
23592
58799
23592
23593
58800
24136
23598
23599
23600
23613
23620
58807
23599
23600
23614
23598
23599
23598
23600
58808
23623
58809
23618
23624
23619
58810
23604
23605
23620
58807
23604
23604
23605
23621
23622
23623
58809
23610
23611
23612
23613
23620
23610
23611
40691
23610
23612
23615
40692
23611
23612
23617
40693
23622
23618
23624
23617
23618
23619
58805
23618
23619
60196
23617
23618
40698
23617
23619
40699
40700
58806
23622
23623
23624
23622
23623
58780
58782
23626
23629
23630
23676
23627
23632
23629
23633
23644
23629
23645
23678
23635
23650
23680
23632
23635
58818
23632
23636
23692
58811
23633
23635
23636
23637
58812
23635
23636
23638
23695
23642
58819
23643
23696
58813
23641
23642
23643
23644
23651
23642
23643
23641
23642
23646
23641
23643
23652
58823
23648
23653
23650
58820
23654
58824
23648
23649
23650
23649
23650
23681
58750
23648
23650
23682
23648
23649
23684
23653
23654
58812
23653
23654
23705
23707
58813
58815
23660
23661
23662
23668
23661
23662
23710
40985
55391
23660
23661
40986
23660
23662
23670
23711
23672
23674
23713
55393
23666
23667
23668
23667
23715
55392
23666
23667
23671
23699
23716
23673
23700
23674
23718
55393
23672
23673
23674
23672
23673
23705
58816
23672
23674
58829
23673
23674
23706
58830
58817
23708
58831
23677
23679
23677
23680
58818
23679
23680
23681
23683
23684
58819
23683
23684
23684
58814
58820
23687
23691
23687
23690
23692
58811
23688
23693
23690
23691
23694
23703
23690
23691
23704
23696
23707
58813
23709
23693
23696
23694
58821
23696
58822
23696
58824
23700
23701
23702
23703
23701
23702
23721
58826
23700
23702
23706
23722
23708
23709
23724
23707
23708
23709
58822
23707
23709
23707
23708
58823
23708
23709
58833
58824
58825
58834
23712
23713
34448
23713
58829
34449
58831
23718
23719
23720
23718
23720
23743
23718
23719
23722
58830
23719
23720
23723
23745
58831
23746
58832
23724
23725
23817
23724
58833
23725
23819
58834
23821
23729
23730
23810
23843
58835
23729
23812
23863
23730
23844
23864
23813
23846
23734
23803
23735
23836
23734
23735
23806
23839
58836
23808
23841
23740
23741
23755
23760
23741
23756
23862
59568
23740
23811
23740
23741
23761
23812
23863
23765
23815
58837
23759
23766
23865
23746
23747
23760
23746
23747
23818
23746
23747
23762
23819
23764
23765
23822
58837
23752
23753
23754
23755
23760
23752
23753
41021
58827
23752
23754
23757
41022
58852
23753
23754
23763
23758
41023
23764
58828
23759
23766
58853
23758
23759
23759
23870
23758
23759
23871
61770
61771
23874
23764
23765
23766
23765
23766
23824
23764
23765
23825
23764
23766
58832
23828
58854
23771
23772
23773
23787
23792
58838
23771
23773
23788
23862
59568
23772
23773
23793
23844
23864
23771
23772
23845
23795
23848
58839
23791
23796
23866
23778
23779
23792
55408
58838
23779
23882
55409
23778
23779
23794
23851
23883
23778
23852
23795
23853
58839
23797
23885
55412
23784
23785
23786
23787
23792
55408
23784
23786
41035
55410
58855
23784
23785
23789
23867
41036
23785
23786
23790
41037
55411
23791
23796
23868
23797
55412
58857
23790
23791
23791
23870
23790
23791
23872
41042
41043
23875
23795
23796
23797
23795
23796
23857
23795
23797
23858
58858
23860
58859
23800
23800
23803
23801
23804
23805
58844
23804
23807
23804
23808
23805
58840
23807
23808
23809
58841
23807
23808
23810
58835
23813
58843
23814
23813
23814
23815
23823
58844
23813
23814
58836
23814
23815
23813
23815
23824
23827
23828
58845
23820
23821
23822
23823
58844
23820
23821
58826
23820
23822
23821
23822
23825
23826
23828
58845
23826
23827
23828
58841
23827
23828
23826
23828
58842
58843
23831
23834
23831
23833
23836
23832
23837
23833
23834
23838
58849
23841
58850
23837
23840
23837
23841
23838
58846
23840
23841
23842
58847
23840
23841
23843
58835
23846
23847
23846
23847
23848
23856
58849
23846
23847
58836
23846
23848
23857
23847
23848
23859
58850
23860
58851
23853
23854
23855
23856
58849
23854
23855
23888
58919
23853
23854
23858
23889
23853
23855
23860
58851
23861
23891
23859
23860
23861
58847
23859
23860
23860
23861
58848
23865
23866
23870
23865
23866
23874
58854
23875
23868
23872
61785
23875
23873
23874
23875
23874
23875
23873
23874
41053
58852
23873
23875
41054
41055
58853
23879
23880
23879
23880
24197
41125
23880
24199
58860
41126
24202
58862
23885
23886
23887
23885
23887
24203
23885
23886
23889
58858
23886
23887
23890
24204
58861
58859
23892
24205
58862
23891
23893
24232
23891
23892
23892
23893
24233
58863
24234
58864
23896
23897
24110
41440
23897
24112
58868
41441
24115
58870
23902
23903
23904
23903
23904
23945
24117
23902
23903
23906
23946
23902
23904
23907
24118
58869
23948
58867
24119
58870
23908
23909
24019
24151
23908
24020
23909
24152
58871
24022
24153
58872
23913
23914
23913
23914
24749
41509
23914
24751
58878
41510
24754
58880
23919
23920
23921
23920
23921
23977
24755
23919
23920
23923
23978
58876
23919
23921
23924
24756
58879
23925
23980
58877
24757
58880
23926
23927
24052
24784
23925
23926
24053
23925
23927
24785
58881
24055
24786
58882
23931
23932
24012
24045
58883
23931
24013
24065
23932
24046
24066
24015
24048
23936
24005
23937
24038
23936
23937
24008
24041
58884
24010
24043
23942
23943
23957
23962
23943
23958
24064
59569
23942
23943
23963
24013
24065
23942
24014
23967
24017
58885
23961
23968
24067
23948
23949
23962
23948
23948
23949
23964
24020
23949
24021
23966
23967
24023
58885
23954
23955
23956
23957
23962
23954
23955
41587
58865
23954
23956
23959
41588
58900
23955
23956
23965
23960
41589
23966
58866
23961
23968
58901
23960
23961
23961
24072
23960
23961
24073
61835
61836
24076
23966
23967
23968
23967
23968
24026
23966
23967
24027
23966
23968
58867
24030
58902
23973
23974
23975
23989
23994
58886
23973
23975
23990
24064
59569
23974
23975
23995
24046
24066
23973
23974
24047
23998
24050
58887
23993
23999
24068
23980
23981
23994
55413
58886
23980
55414
23980
23981
23996
24053
23981
24054
23997
55417
23998
24056
58887
23986
23987
23988
23989
23994
55413
23986
23987
41601
55415
58873
23986
23988
23991
24069
41602
23987
23988
23992
41603
55416
23997
55417
58875
23993
23999
24070
23992
23993
23993
24072
23992
23993
24074
41608
41609
24077
23997
23998
23999
23998
23999
24059
23997
23998
24060
58876
58877
24063
24002
24002
24005
24003
24006
24007
58892
24006
24009
24006
24010
24007
58888
24009
24010
24011
58889
24009
24010
24012
58883
24015
58891
24016
24015
24016
24017
24025
58892
24015
24016
58884
24015
24017
24026
24016
24017
24029
24030
58893
24022
24023
24024
24025
58892
24022
24024
58918
24022
24023
24027
24023
24024
24028
24030
58893
24028
24029
24030
58889
24029
24030
24028
24030
58890
58891
24033
24036
24033
24035
24038
24034
24039
24035
24036
24040
58897
24043
58898
24039
24042
24039
24043
24040
58894
24042
24043
24044
58895
24042
24043
24045
58883
24048
24049
24048
24049
24050
24058
58897
24048
24049
58884
24048
24050
24059
24049
24050
24062
58898
24063
58899
24055
24056
24057
24058
58897
24055
24057
59014
24055
24056
24060
24056
24057
24061
24063
58899
24061
24062
24063
58895
24062
24063
24061
24063
58896
24067
24068
24072
24067
24068
24076
58902
24077
24070
24074
61850
24077
24075
24076
24077
24076
24077
24075
24076
41619
58900
24075
24077
41620
41621
58901
24079
24082
24083
24129
24080
24085
24082
24086
24097
24082
24098
24131
24088
24103
24133
24085
24088
58910
24085
24089
24145
58903
24086
24088
24089
24090
58904
24088
24089
24091
24148
24095
58911
24096
24149
58905
24094
24095
24096
24097
24104
24095
24096
24094
24095
24099
24094
24096
24105
58915
24101
24106
24103
58912
24107
58916
24101
24102
24103
24102
24103
24134
58798
24101
24103
24135
24101
24102
24137
24106
24107
58904
24106
24107
24158
24161
58905
58907
24113
24114
24115
24121
24113
24115
34517
55418
24113
24114
34518
24114
24115
24123
24125
24126
55420
24119
24120
24121
24119
55419
24119
24120
24124
24152
24126
55420
24127
24154
24125
24126
24127
24125
24127
24158
58908
24125
24126
58868
24126
24127
24159
58869
58909
58870
24162
24130
24132
24130
24133
58910
24132
24133
24134
24136
24137
58911
24136
24137
24137
58906
58912
24140
24143
24140
24144
24145
58903
24141
24146
24143
24144
24147
24156
24143
24144
24157
24160
24149
24161
58905
24146
24149
24147
58913
24149
58914
24149
58916
24153
24154
24155
24156
24153
24155
58918
24153
24154
24159
24160
24162
24160
24161
24162
58914
24160
24161
24161
24162
58915
24160
24162
58871
58872
58916
58917
24164
24171
24215
24176
24188
24220
24166
24169
24172
24244
24167
24173
24169
24170
24174
24189
24169
24170
24190
24245
58931
24177
24194
24246
24195
24173
24176
24221
24173
24177
58924
24174
24176
24177
24178
24176
24177
24179
24224
24183
24225
24184
58925
24182
24183
24184
24185
24189
24183
24184
24227
24182
24183
24186
24228
24182
24184
24191
24187
24193
24188
24229
24194
58926
24187
24188
24187
24188
24238
24241
24193
24194
24195
24194
24195
24248
24284
24193
24194
24249
24193
24195
24250
24200
24201
24202
24207
24201
24202
41933
55424
24200
24201
41934
24200
24202
24209
24211
58922
24212
55425
24205
24205
24206
24210
24233
24212
55425
24213
24235
24211
24212
24213
24211
24213
24238
58920
24211
24212
58860
24212
24213
24239
58861
58921
58862
24242
24216
24219
24216
24220
24221
24217
24222
24219
24220
24223
24236
24219
24220
24237
24240
24225
24241
24222
24225
24223
58923
24225
24226
24225
24227
24229
24229
24230
24236
24229
24229
24230
24238
58920
24241
24242
24234
24235
24236
24234
58919
24234
24235
24239
24240
24242
24240
24241
24242
24240
24241
24241
24242
24240
24242
58863
58864
24247
24313
24246
58924
24246
24247
24248
24317
24250
58925
24318
24250
24335
24250
60198
58926
24253
24257
24253
24256
24258
24309
24254
24259
24256
24257
24260
24279
24256
24257
24261
24281
24312
24283
24259
24261
24320
24260
58928
24261
24262
58929
24266
24325
24266
24267
24275
24279
24266
24328
24267
24347
24266
24267
24280
24330
24348
24281
24331
24277
24282
24349
24272
24273
24274
24275
24279
24273
24274
24385
24272
24273
24276
24353
24386
24272
24274
24277
24282
24354
24278
24388
24283
24277
24278
58929
24277
24278
24372
58945
24374
58930
58946
24281
24282
24283
24281
24282
24342
58940
24343
58941
24286
24335
58931
24286
24336
58933
24339
58932
24291
24292
24293
24297
24304
24291
24293
24298
24346
57247
24291
24292
24305
24329
57248
24292
24293
24330
24348
58934
24302
24307
57249
24308
24333
24303
24351
58935
24296
24299
60509
24296
24306
60197
24302
24307
24301
24302
24303
24302
24303
24364
24301
24302
34554
24301
24303
24366
34555
24369
24307
24308
24307
24308
24336
24307
60199
24340
24310
24312
24320
24311
24322
55426
24312
24323
24341
24325
24343
24315
24318
24315
24319
24321
24316
24322
55426
24318
24319
24323
24334
24318
24319
24335
58931
24338
24326
24339
58932
24322
24325
24322
24326
24323
24325
24326
24327
24325
24326
24328
24331
24332
24331
24332
24333
24334
24341
24331
24332
24332
24333
24336
58933
24331
24333
24342
24343
24339
24340
24344
24338
24339
24340
24338
24339
24339
24340
24338
24340
24343
24344
24343
24344
58934
24349
24350
24351
24363
24370
58939
24350
24351
24364
24349
24350
24371
24349
24351
58940
24374
58941
24368
24375
24369
58942
24354
24355
24370
55427
58939
24354
24355
24372
24446
24374
58941
24376
24448
55430
24360
24361
24362
24363
24370
55427
24360
24362
24452
34562
55428
24360
24361
24365
34563
24361
24362
24373
24367
34564
55429
24368
24375
24376
24454
55430
24367
24368
24369
58936
24368
24369
24367
24368
34569
24367
24369
34570
34571
58937
58938
24374
24375
24376
24374
24375
24374
24376
24467
24375
24376
24468
24379
24383
24477
24379
24382
24424
24380
24382
24383
24391
24382
24383
24392
24427
24478
24395
24428
24397
24479
24388
24389
24390
24391
58944
24388
24390
24388
24389
24446
58945
24389
24390
24394
24447
58946
24396
24449
58947
24397
24395
24396
24397
24395
24397
24438
58959
24395
24396
24439
24471
24396
24397
24472
24441
24474
58960
24402
24403
24404
24416
58954
24403
24404
24505
24402
24403
24418
24432
24402
24404
24433
24506
24420
24434
24422
24508
58955
24409
24410
24411
24412
24416
24409
24411
41977
24409
24410
24413
24457
41978
24410
24411
24419
24458
24414
41979
24415
24421
24460
24422
24414
24415
58948
58950
24414
24415
24463
41984
41985
58952
24465
58949
24420
24421
24422
58948
24420
24421
24439
24471
24420
24422
24440
24421
24422
24473
24442
24475
58949
24425
24429
24480
24425
24428
24426
24428
24429
24437
24428
24429
24438
24481
24441
24443
24482
24434
24435
24436
24437
24435
24436
24537
58961
24434
24435
24440
58962
24434
24436
24538
24442
24443
58963
24540
24441
24442
24443
24441
24443
58964
24441
24442
24442
24443
58965
58966
24448
24449
24450
24466
24470
24448
24450
24448
24449
24467
24449
24450
24472
24468
24469
24474
24476
24453
24454
24462
24466
24453
24454
42006
24464
42008
24468
24459
24460
24461
24462
24470
24459
24461
24459
24460
24463
42013
24460
24461
24473
24464
42014
24465
24475
24476
24464
24465
58956
24464
24465
42017
42018
58958
24468
24469
58956
24468
24469
58945
58947
58957
24474
24475
24476
58956
24474
24475
24474
24476
24475
24476
58957
58958
24479
55431
24479
24481
58959
55432
58960
24482
24482
58964
58966
24485
24489
24709
24485
24488
24530
24486
24488
24489
24497
24488
24489
24498
24533
24710
24501
24534
24503
24711
24494
24495
24496
24497
58968
24495
24496
24601
24494
24495
24552
24602
58969
24494
24496
24500
24553
24502
24554
58970
24604
58971
24503
24501
24502
24503
24501
24503
24544
58999
24501
24502
24545
24577
24502
24503
24578
24547
24580
59000
24508
24509
24510
24522
58978
24508
24510
24508
24509
24538
24509
24510
24524
24539
58979
24526
24541
24528
24515
24516
24517
24518
24522
24515
24517
34659
24515
24516
24519
24563
34660
24516
24517
24525
24564
24520
34661
24521
24527
24566
24528
24520
24521
58972
58974
24520
24521
24569
34666
34667
58976
24571
58973
24526
24527
24528
58972
24526
24527
24545
24577
24526
24528
24546
24527
24528
24579
24548
24581
58973
24531
24535
24712
24531
24534
24532
24534
24535
24543
24534
24535
24544
24713
24547
24549
24714
24540
24541
24542
24543
24540
24542
59001
24540
24541
24541
24542
24546
59002
24548
24549
59003
24547
24548
24549
24547
24549
59004
24547
24548
24548
24549
59005
59006
24554
24555
24556
24572
24576
24555
24556
24554
24555
24573
24685
24554
24556
24578
24574
24580
24575
24686
24582
24559
24560
24568
24572
24559
24560
24689
34688
24570
34690
24575
24693
24565
24566
24567
24568
24576
24565
24567
24565
24566
24569
34695
24566
24567
24579
24570
34696
24571
24581
24582
24570
24571
58980
24570
24571
34699
34700
58982
24574
24575
58980
24574
24575
24704
58969
58970
58981
24706
24580
24581
24582
58980
24580
24581
24580
24582
24581
24582
58981
58982
24585
24589
24585
24588
24590
24641
24586
24591
24588
24589
24592
24611
24588
24589
24593
24613
24644
24615
24591
24593
24652
24592
58984
24593
24594
58985
24598
24657
24598
24599
24607
24611
24598
24660
24599
24679
24598
24599
24612
24661
24680
24613
24663
24610
24614
24681
24604
24605
24606
24607
24611
24604
24606
24604
24605
24608
24685
24605
24606
24609
24610
24614
24687
24615
24609
24610
58985
24609
24610
24704
58969
58971
58986
24707
24613
24614
24615
24613
24614
24667
58996
24668
58997
24618
24671
24742
58987
24618
24672
58989
24674
58988
24623
24624
24625
24629
24636
24623
24625
24630
24678
57250
24624
24625
24661
24680
58990
24623
24624
24637
24662
57251
24633
24639
57252
24640
24665
24635
24683
58991
24628
24631
61952
24628
24638
60200
24633
24639
24633
24634
24635
24633
24635
24696
24633
24634
42298
24634
24635
24698
42299
24701
24639
24640
24639
24640
24672
24639
60202
24675
24642
24644
24652
24643
24654
55433
24644
24655
24666
24657
24668
24647
24651
24795
24647
24650
24653
24648
24654
55433
24650
24651
24655
24670
24650
24651
24671
24797
58987
24658
24674
58988
24676
24798
24654
24657
24654
24658
24655
24657
24658
24659
24657
24658
24660
24663
24664
24663
24664
24665
24666
24670
24663
24664
24663
24665
24667
24664
24665
24672
58989
24668
24674
24669
24675
24668
24669
24668
24669
58990
24674
24675
24676
24674
24676
24800
24674
24675
24675
24676
24681
24682
24683
24695
24702
58995
24682
24683
24696
24681
24682
24703
24681
24683
58996
24707
58997
24700
24708
24701
58998
24686
24687
24702
55434
58995
24686
24687
24704
24706
55437
24707
58997
24692
24693
24694
24695
24702
55434
24692
24693
42306
55435
24692
24694
24697
42307
24693
24694
24705
24699
42308
55436
24706
55437
24700
24708
24699
24700
24701
58992
24700
24701
24699
24700
42313
24699
24701
42314
42315
58993
58994
24706
24707
24708
24707
24708
24706
24707
24706
24708
24711
55438
24711
24713
58999
55439
59000
24714
24714
59004
59006
24716
24723
24767
24728
24740
24772
24718
24722
24724
24796
24719
24725
24721
24722
24726
24741
24721
24722
24742
24797
58987
24746
24729
24747
24799
24725
24728
24773
24725
24729
59011
24726
24728
24729
24730
24728
24729
24731
24776
24735
24777
24736
59012
24734
24735
24736
24737
24741
24735
24736
24779
24734
24735
24738
24780
24734
24736
24743
24739
24745
24740
24781
24747
59013
24739
24740
24739
24740
24790
24793
24745
24746
24747
24746
24747
24800
24745
24747
24801
24745
24746
24802
24752
24753
24754
24759
24752
24754
34778
55440
24752
24753
34779
24753
24754
24761
24763
59009
24764
55441
24757
24757
24758
24762
24785
24764
55441
24765
24787
24763
24764
24765
24763
24765
24790
59007
24763
24764
58878
24764
24765
24791
58879
59008
58880
24794
24768
24771
24768
24772
24773
24769
24774
24771
24772
24775
24788
24771
24772
24789
24792
24777
24793
24774
24777
24775
59010
24777
24778
24777
24779
24781
24781
24782
24788
24781
24781
24782
24790
59007
24793
24794
24786
24787
24788
24786
59014
24786
24787
24791
24792
24794
24792
24793
24794
24792
24793
24793
24794
24792
24794
58881
58882
24798
24799
59011
24798
24799
24800
24802
59012
24802
24802
60201
59013
24806
24807
55477
24806
24809
24810
24831
24807
24809
24817
24832
24808
24812
55478
24808
24819
55479
24809
24813
24820
55480
24815
24823
24833
24812
24815
24834
24812
24816
24890
59019
24813
59020
24815
24816
24824
59021
24815
24816
24825
24835
24894
24829
24836
24830
24895
59022
24819
24823
24837
24819
24822
59015
24820
59016
24822
24823
24824
59017
24822
24823
24826
24838
24828
59018
24829
24839
24828
24829
24830
59023
24829
24830
24840
24898
24828
24829
24841
24828
24830
24899
59024
59025
24842
24901
59026
24833
24834
24833
24837
57442
24836
24839
24836
24836
24840
24847
24842
24839
57447
24839
24841
60204
24842
24842
24849
24842
60206
24845
24846
24884
24845
24852
24887
60216
24848
24854
24888
24848
24891
24848
24849
24894
24851
24896
24851
24898
24851
24853
24900
60210
24854
24902
24854
24905
60218
24854
24906
60212
24908
24859
24860
24861
24869
24876
59035
24859
24861
24870
60209
24859
24860
24899
59036
24860
24861
24877
24900
60210
24874
59037
24880
24903
59038
24875
24881
60211
24866
24867
24868
24869
24876
55481
24866
24868
24947
33699
55482
24866
24867
24872
33700
24867
24868
24879
24949
24873
33701
55483
24875
24881
24882
24951
55484
24873
24874
24875
59027
24874
24875
24873
24874
33706
59028
24873
24875
33707
33708
59029
59030
24880
24881
24882
59031
24880
24881
24906
60212
24880
24882
24907
24962
59032
24881
24882
24963
60213
24909
59033
60214
24964
59034
24885
24889
24967
55485
24885
24888
24891
24886
24892
55486
24888
24889
24893
24904
55487
24888
24889
24905
24971
24896
24908
24910
24972
55488
24892
24895
59039
24892
24896
24893
59040
24895
24896
24897
59041
24895
24896
24898
24901
59042
24902
24901
24902
24903
24904
59047
24901
24902
24901
24903
59048
24902
24903
24906
59049
24908
24909
59050
24908
24909
24910
59043
24908
24910
24989
24908
24909
24909
24910
24991
59044
59045
24992
59046
24913
24917
24995
55489
24913
24916
24919
24914
24920
55490
24916
24917
24921
24932
55491
24916
24917
24933
24999
24924
24937
24938
25000
55492
24920
24923
24975
59051
24920
24924
24921
59052
24923
24924
24925
59053
24923
24924
24926
24978
24930
24980
59054
24931
24929
24930
24931
24932
59059
24930
24931
24982
24929
24930
24983
59060
24929
24931
24934
24936
59061
24986
59062
24937
24936
24937
24938
59055
24937
24938
25017
24936
24937
24936
24938
25019
59056
59057
25021
59058
24943
24944
24945
24953
24960
59071
24943
24945
24954
24943
24944
24983
59072
24944
24945
24961
24984
24957
59073
24965
24987
59074
24959
24966
24950
24951
24952
24953
24960
55493
24950
24951
36690
55494
24950
24952
24956
36691
24951
24952
24963
24958
36692
55495
24964
55496
24959
24966
24957
24958
24959
59063
24957
24959
24957
24958
36697
59064
24958
24959
36698
59065
36699
59066
24964
24965
24966
59067
24965
24966
24990
24964
24965
24991
59068
24964
24966
59069
24994
59070
24969
24972
55497
24969
24973
24974
60215
24970
24976
55498
24972
24973
24977
24988
55499
24972
24973
24989
60216
24992
55500
24979
24993
60217
24976
24979
24976
24980
59075
24977
59076
24979
24980
24981
59077
24979
24980
24982
24985
24986
59078
24985
24986
24987
24988
59083
24985
24986
24986
24987
59084
24985
24987
24990
24993
59085
24994
59086
24992
24993
24994
59079
24992
24993
60218
24993
24994
60219
24992
24994
59080
59081
60220
59082
24997
25000
55501
24997
25001
25003
24998
25004
55502
25000
25001
25005
25016
55503
25000
25001
25017
25021
55504
25008
25022
25004
25007
25059
59087
25004
25008
25005
59088
25007
25008
25009
59089
25007
25008
25010
25062
25014
25064
59090
25015
25013
25014
25015
25016
59095
25014
25015
25066
25013
25014
25067
59096
25013
25015
25018
25020
59097
25070
59098
25022
25020
25021
25022
59091
25021
25022
25020
25022
25020
25021
59092
59093
59094
25027
25028
25029
25037
25044
59107
25027
25029
25038
25027
25028
25067
59108
25028
25029
25045
25068
25042
59109
25048
25071
59110
25043
25049
25034
25035
25036
25037
25044
55505
25034
25036
25139
33783
55506
25034
25035
25040
33784
25035
25036
25047
25141
25041
33785
55507
25043
25049
25050
25143
55508
25041
25042
25043
59099
25042
25043
25041
25042
33790
59100
25041
25043
33791
33792
59101
59102
25048
25049
25050
59103
25048
25049
25074
25048
25050
25075
25154
59104
25049
25050
25155
25077
59105
25156
59106
25053
25057
25159
55509
25053
25056
25058
60221
25054
25060
55510
25056
25057
25061
25072
55511
25056
25057
25073
25163
60222
25063
25076
60223
25078
25164
55512
25060
25063
25060
25064
59111
25061
59112
25063
25064
25065
59113
25063
25064
25066
25069
25070
59114
25069
25070
25071
25072
59119
25069
25070
25070
25071
59120
25069
25071
25074
25076
59121
25077
59122
25076
25077
25078
59115
25076
25078
25181
60224
25076
25077
60225
25077
25078
25183
59116
60226
59117
25184
59118
25082
25083
55513
25082
25085
25086
25107
25083
25085
25093
25108
25084
25088
55514
25084
25095
55515
25085
25089
25096
55516
25092
25098
25109
25088
25092
25110
25088
25091
59123
25089
59124
25091
25092
25100
59125
25091
25092
25101
25111
25104
59126
25105
25112
25095
25098
25113
25095
25099
25166
59127
25096
59128
25098
25099
25100
59129
25098
25099
25102
25114
25170
25105
25115
25106
25171
59130
25104
25105
25106
59131
25104
25105
25116
25105
25106
25117
25174
25104
25106
25175
59132
59133
25118
25177
59134
25109
25110
57460
25109
25113
25112
25115
25112
57465
25112
25116
60228
25118
25115
25115
25117
25123
25118
25118
60230
25118
25125
25121
25122
25160
25121
25128
25163
60222
25124
25130
25165
25124
25167
25124
25125
25170
25127
25172
25127
25174
25127
25129
25176
60234
25130
25178
25130
25181
60224
25130
25182
60236
25185
25135
25136
25137
25145
25152
59143
25135
25137
25146
60233
25135
25136
25175
59144
25136
25137
25153
25176
60234
25149
59145
25157
25179
59146
25151
25158
60235
25142
25143
25144
25145
25152
55517
25142
25143
36942
55518
25142
25144
25148
36943
25143
25144
25155
25150
36944
55519
25156
55520
25151
25158
25149
25150
25151
59135
25149
25151
25149
25150
36949
59136
25150
25151
36950
59137
36951
59138
25156
25157
25158
59139
25157
25158
25182
60236
25156
25157
25183
59140
25156
25158
60237
59141
25186
59142
60238
25161
25164
55521
25161
25165
25167
25162
25168
55522
25164
25165
25169
25180
55523
25164
25165
25181
25184
55524
25172
25185
25168
25171
59147
25168
25172
25169
59148
25171
25172
25173
59149
25171
25172
25174
25177
59150
25178
25177
25178
25179
25180
59155
25177
25178
25177
25179
59156
25178
25179
25182
59157
25185
25186
59158
25184
25185
25186
59151
25184
25185
25185
25186
25184
25186
59152
59153
59154
25190
25191
55558
25190
25193
25194
25215
25191
25193
25201
25216
25192
25196
55559
25192
25203
55560
25193
25197
25204
55561
25199
25207
25217
25196
25199
25218
25196
25200
25274
59163
25197
59164
25199
25200
25208
59165
25199
25200
25209
25219
25278
25213
25220
25214
25279
59166
25203
25207
25221
25203
25206
59159
25204
59160
25206
25207
25208
59161
25206
25207
25210
25222
25212
59162
25213
25223
25212
25213
25214
59167
25213
25214
25224
25282
25212
25213
25225
25212
25214
25283
59168
59169
25226
25285
59170
25217
25218
25217
25221
57451
25220
25223
25220
25220
25224
25231
25226
25223
57456
25223
25225
60240
25226
25226
25233
25226
60242
25229
25230
25268
25229
25236
25271
60252
25232
25238
25272
25232
25275
25232
25233
25278
25235
25280
25235
25282
25235
25237
25284
60246
25238
25286
25238
25289
60254
25238
25290
60248
25292
25243
25244
25245
25253
25260
59179
25243
25245
25254
60245
25243
25244
25283
59180
25244
25245
25261
25284
60246
25258
59181
25264
25287
59182
25259
25265
60247
25250
25251
25252
25253
25260
55562
25250
25252
25303
33727
55563
25250
25251
25256
33728
25251
25252
25263
25305
25257
33729
55564
25259
25265
25266
25307
55565
25257
25258
25259
59171
25258
25259
25257
25258
33734
59172
25257
25259
33735
33736
59173
59174
25264
25265
25266
59175
25264
25265
25290
60248
25264
25266
25291
25318
59176
25265
25266
25319
60249
25293
59177
60250
25320
59178
25269
25273
25351
55566
25269
25272
25275
25270
25276
55567
25272
25273
25277
25288
55568
25272
25273
25289
25355
25280
25292
25294
25356
55569
25276
25279
59183
25276
25280
25277
59184
25279
25280
25281
59185
25279
25280
25282
25285
59186
25286
25285
25286
25287
25288
59191
25285
25286
25285
25287
59192
25286
25287
25290
59193
25292
25293
59194
25292
25293
25294
59187
25292
25294
25373
25292
25293
25293
25294
25375
59188
59189
25376
59190
25299
25300
25301
25309
25316
59203
25299
25301
25310
25299
25300
25367
59204
25300
25301
25317
25368
25313
59205
25321
25370
59206
25315
25322
25306
25307
25308
25309
25316
55578
25306
25307
36774
55579
25306
25308
25312
36775
25307
25308
25319
25314
36776
55580
25320
55581
25315
25322
25313
25314
25315
59195
25313
25315
25313
25314
36781
59196
25314
25315
36782
59197
36783
59198
25320
25321
25322
59199
25321
25322
25374
25320
25321
25375
59200
25320
25322
59201
25378
59202
25325
25329
25463
55582
25325
25328
25331
25326
25332
55583
25328
25329
25333
25344
55584
25328
25329
25345
25467
25336
25349
25350
25468
55585
25332
25335
25359
59207
25332
25336
25333
59208
25335
25336
25337
59209
25335
25336
25338
25362
25342
25364
59210
25343
25341
25342
25343
25344
59215
25342
25343
25366
25341
25342
25367
59216
25341
25343
25346
25348
59217
25371
59218
25349
25348
25349
25350
59211
25349
25350
25485
25348
25349
25348
25350
25487
59212
59213
25489
59214
25353
25356
55586
25353
25357
25358
60251
25354
25360
55587
25356
25357
25361
25372
55588
25356
25357
25373
60252
25376
55589
25363
25377
60253
25360
25363
25360
25364
59219
25361
59220
25363
25364
25365
59221
25363
25364
25366
25369
25371
59222
25369
25370
25371
25372
59227
25369
25371
25370
25371
59228
25369
25370
25374
25377
25378
59229
59230
25376
25377
25378
59223
25376
25377
60254
25377
25378
60255
25376
25378
59224
59225
60256
59226
25383
25384
25385
25393
25400
59239
25383
25385
25394
25384
25385
25401
25451
25383
25384
25452
59240
25397
59241
25405
25454
59242
25399
25406
25390
25391
25392
25393
25400
55590
25390
25391
37110
55591
25390
25392
25396
37111
25391
25392
25403
25398
37112
55592
25404
55593
25399
25406
25397
25398
25399
59231
25397
25399
25397
25398
37117
59232
25398
25399
37118
59233
37119
59234
25404
25405
25406
59235
25405
25406
25458
25404
25405
25459
59236
25404
25406
59237
25462
59238
25409
25412
55594
25409
25413
25415
25410
25416
55595
25412
25413
25417
25428
55596
25412
25413
25429
25433
55597
25420
25434
25416
25419
25443
59243
25416
25420
25417
59244
25419
25420
25421
59245
25419
25420
25422
25446
25426
25448
59246
25427
25425
25426
25427
25428
59251
25426
25427
25450
25425
25427
25430
25425
25426
25452
59252
25432
59253
25455
59254
25434
25432
25433
25434
59247
25433
25434
25432
25434
25432
25433
59248
59249
59250
25437
25440
55598
25437
25441
25442
60257
25438
25444
55599
25440
25441
25445
25456
55600
25440
25441
25457
60258
25460
55601
25447
25461
60259
25444
25447
25444
25448
59255
25445
59256
25447
25448
25449
59257
25447
25448
25450
25453
25455
59258
25453
25454
25455
25456
59263
25453
25455
25453
25454
25458
25454
25455
59264
25461
25462
59265
59266
25460
25461
25462
59259
25460
25461
60260
25461
25462
60261
25460
25462
59260
59261
60262
59262
25465
25468
55631
25465
25469
25471
25466
25472
55632
25468
25469
25473
25484
55633
25468
25469
25485
25489
55634
25476
25490
25472
25475
25527
59267
25472
25476
25473
59268
25475
25476
25477
59269
25475
25476
25478
25530
25482
25532
59270
25483
25481
25482
25483
25484
59275
25482
25483
25534
25481
25482
25535
59276
25481
25483
25486
25488
59277
25538
59278
25490
25488
25489
25490
59271
25489
25490
25488
25490
25488
25489
59272
59273
59274
25495
25496
25497
25505
25512
59287
25495
25497
25506
25495
25496
25535
59288
25496
25497
25513
25536
25510
59289
25516
25539
59290
25511
25517
25502
25503
25504
25505
25512
55635
25502
25504
25607
33867
55636
25502
25503
25508
33868
25503
25504
25515
25609
25509
33869
55637
25511
25517
25518
25611
55638
25509
25510
25511
59279
25510
25511
25509
25510
33874
59280
25509
25511
33875
33876
59281
59282
25516
25517
25518
59283
25516
25517
25542
25516
25518
25543
25622
59284
25517
25518
25623
25545
59285
25624
59286
25521
25525
25627
55639
25521
25524
25526
60263
25522
25528
55640
25524
25525
25529
25540
55641
25524
25525
25541
25631
60264
25531
25544
60265
25546
25632
55642
25528
25531
25528
25532
59291
25529
59292
25531
25532
25533
59293
25531
25532
25534
25537
25538
59294
25537
25538
25539
25540
59299
25537
25538
25538
25539
59300
25537
25539
25542
25544
59301
25545
59302
25544
25545
25546
59295
25544
25546
25649
60266
25544
25545
60267
25545
25546
25651
59296
60268
59297
25652
59298
25550
25551
55643
25550
25553
25554
25575
25551
25553
25561
25576
25552
25556
55644
25552
25563
55645
25553
25557
25564
55646
25560
25566
25577
25556
25560
25578
25556
25559
59303
25557
59304
25559
25560
25568
59305
25559
25560
25569
25579
25572
59306
25573
25580
25563
25566
25581
25563
25567
25634
59307
25564
59308
25566
25567
25568
59309
25566
25567
25570
25582
25638
25573
25583
25574
25639
59310
25572
25573
25574
59311
25572
25573
25584
25573
25574
25585
25642
25572
25574
25643
59312
59313
25586
25645
59314
25577
25578
57478
25577
25581
25580
25583
25580
57483
25580
25584
60270
25586
25583
25583
25585
25591
25586
25586
60272
25586
25593
25589
25590
25628
25589
25596
25631
60264
25592
25598
25633
25592
25635
25592
25593
25638
25595
25640
25595
25642
25595
25597
25644
60276
25598
25646
25598
25649
60266
25598
25650
60278
25653
25603
25604
25605
25613
25620
59323
25603
25605
25614
60275
25603
25604
25643
59324
25604
25605
25621
25644
60276
25617
59325
25625
25647
59326
25619
25626
60277
25610
25611
25612
25613
25620
55647
25610
25611
37278
55648
25610
25612
25616
37279
25611
25612
25623
25618
37280
55649
25624
55650
25619
25626
25617
25618
25619
59315
25617
25619
25617
25618
37285
59316
25618
25619
37286
59317
37287
59318
25624
25625
25626
59319
25625
25626
25650
60278
25624
25625
25651
59320
25624
25626
60279
59321
25654
59322
60280
25629
25632
55651
25629
25633
25635
25630
25636
55652
25632
25633
25637
25648
55653
25632
25633
25649
25652
55654
25640
25653
25636
25639
59327
25636
25640
25637
59328
25639
25640
25641
59329
25639
25640
25642
25645
59330
25646
25645
25646
25647
25648
59335
25645
25646
25645
25647
59336
25646
25647
25650
59337
25653
25654
59338
25652
25653
25654
59331
25652
25653
25653
25654
25652
25654
59332
59333
59334
25658
25659
55663
25658
25661
25662
25683
25659
25661
25669
25684
25660
25664
55664
25660
25671
55665
25661
25665
25672
55666
25668
25674
25685
25664
25668
25686
25664
25667
59339
25665
59340
25667
25668
25676
59341
25667
25668
25677
25687
25680
59342
25681
25688
25671
25674
25689
25671
25675
25742
59343
25672
59344
25674
25675
25676
59345
25674
25675
25678
25690
25746
25681
25691
25682
25747
59346
25680
25681
25682
59347
25680
25681
25692
25681
25682
25693
25750
25680
25682
25752
59348
59349
25694
25753
59350
25685
25686
57424
25685
25689
25688
25691
25688
57429
25688
25692
60282
25694
25691
25691
25693
25699
25694
25694
60284
25694
25701
25697
25698
25736
25697
25704
25739
59727
25700
25706
25741
25700
25743
25700
25701
25746
25703
25748
25703
25750
25703
25705
25751
60288
25706
25754
25706
25757
59729
25706
25758
60290
25761
25711
25712
25713
25721
25728
59359
25711
25713
25722
60287
25712
25713
25729
25751
60288
25711
25712
25752
59360
25725
59361
25733
25755
59362
25727
25734
60289
25718
25719
25720
25721
25728
55667
25718
25719
37614
55668
25718
25720
25724
37615
25719
25720
25731
25726
37616
55669
25732
55670
25727
25734
25725
25726
25727
59351
25725
25727
25725
25726
37621
59352
25726
25727
37622
59353
37623
59354
25732
25733
25734
59355
25733
25734
25758
60290
25732
25733
25759
59356
25732
25734
60291
59357
25762
59358
60292
25737
25740
55671
25737
25741
25743
25738
25744
55672
25740
25741
25745
25756
55673
25740
25741
25757
25760
55674
25748
25761
25744
25747
59363
25744
25748
25745
59364
25747
25748
25749
59365
25747
25748
25750
25753
59366
25754
25753
25754
25755
25756
59371
25753
25754
25754
25755
25758
25753
25755
59372
59373
25761
25762
59374
25760
25761
25762
59367
25760
25761
25761
25762
25760
25762
59368
59369
59370
25767
25768
25769
25777
25784
59383
25767
25769
25778
25768
25769
25785
25835
25767
25768
25836
59384
25781
59385
25789
25838
59386
25783
25790
25774
25775
25776
25777
25784
55717
25774
25775
37362
55718
25774
25776
25780
37363
25775
25776
25787
25782
37364
55719
25788
55720
25783
25790
25781
25782
25783
59375
25781
25783
25781
25782
37369
59376
25782
25783
37370
59377
37371
59378
25788
25789
25790
59379
25789
25790
25842
25788
25789
25843
59380
25788
25790
59381
25846
59382
25793
25796
55721
25793
25797
25799
25794
25800
55722
25796
25797
25801
25812
55723
25796
25797
25813
25817
55724
25804
25818
25800
25803
25827
59387
25800
25804
25801
59388
25803
25804
25805
59389
25803
25804
25806
25830
25810
25832
59390
25811
25809
25810
25811
25812
59395
25810
25811
25834
25809
25811
25814
25809
25810
25836
59396
25816
59397
25839
59398
25818
25816
25817
25818
59391
25817
25818
25816
25818
25816
25817
59392
59393
59394
25821
25824
55725
25821
25825
25826
60293
25822
25828
55726
25824
25825
25829
25840
55727
25824
25825
25841
60294
25844
55728
25831
25845
60295
25828
25831
25828
25832
59399
25829
59400
25831
25832
25833
59401
25831
25832
25834
25837
25839
59402
25837
25838
25839
25840
59407
25837
25839
25837
25838
25842
25838
25839
59408
25845
25846
59409
59410
25844
25845
25846
59403
25844
25845
60296
25845
25846
60297
25844
25846
59404
59405
60298
59406
25850
25851
55737
25850
25853
25854
25875
25851
25853
25861
25876
25852
25856
55738
25852
25863
55739
25853
25857
25864
55740
25860
25866
25877
25856
25860
25878
25856
25859
59411
25857
59412
25859
25860
25868
59413
25859
25860
25869
25879
25872
59414
25873
25880
25863
25866
25881
25863
25867
25934
59415
25864
59416
25866
25867
25868
59417
25866
25867
25870
25882
25938
25873
25883
25874
25939
59418
25872
25873
25874
59419
25872
25873
25884
25873
25874
25885
25942
25872
25874
25944
59420
59421
25886
25945
59422
25877
25878
57433
25877
25881
25880
25883
25880
57438
25880
25884
60300
25886
25883
25883
25885
25891
25886
25886
60302
25886
25893
25889
25890
25928
25889
25896
25931
59745
25892
25898
25933
25892
25935
25892
25893
25938
25895
25940
25895
25942
25895
25897
25943
60306
25898
25946
25898
25949
59747
25898
25950
60308
25953
25903
25904
25905
25913
25920
59431
25903
25905
25914
60305
25904
25905
25921
25943
60306
25903
25904
25944
59432
25917
59433
25925
25947
59434
25919
25926
60307
25910
25911
25912
25913
25920
55741
25910
25911
37642
55742
25910
25912
25916
37643
25911
25912
25923
25918
37644
55743
25924
55744
25919
25926
25917
25918
25919
59423
25917
25919
25917
25918
37649
59424
25918
25919
37650
59425
37651
59426
25924
25925
25926
59427
25925
25926
25950
60308
25924
25925
25951
59428
25924
25926
60309
59429
25954
59430
60310
25929
25932
55745
25929
25933
25935
25930
25936
55746
25932
25933
25937
25948
55747
25932
25933
25949
25952
55748
25940
25953
25936
25939
59435
25936
25940
25937
59436
25939
25940
25941
59437
25939
25940
25942
25945
59438
25946
25945
25946
25947
25948
59443
25945
25946
25946
25947
25950
25945
25947
59444
59445
25953
25954
59446
25952
25953
25954
59439
25952
25953
25953
25954
25952
25954
59440
59441
59442
26083
30036
59499
64143
26868
64144
64145
25959
25961
30057
54735
25960
30059
30066
54736
25961
25962
30060
30067
30071
26125
30062
30074
30069
30075
25964
25967
30122
54742
55247
25965
30117
30124
54743
25966
25967
30118
30125
30128
30120
30131
30127
30132
55248
25972
25973
30146
25972
26191
55224
59513
25973
26215
55225
25972
25973
26192
26216
30147
26193
30150
59515
26217
30151
25978
25979
25980
30163
30169
30171
25978
25979
26068
30164
25978
25980
26069
26231
25979
25980
26232
30172
26070
30166
30170
30167
30175
26233
30176
25984
26095
26222
25985
26096
26245
30189
25984
25985
26223
26246
30193
26224
30196
26247
30191
30197
25989
25990
30202
25989
25990
26105
26258
30203
25990
26259
30209
26106
30206
26260
30207
30211
25995
25996
25997
30253
30258
59525
25995
25996
26141
26283
25995
25997
26142
30254
25996
25997
26284
30259
26143
30256
59526
26285
30261
59527
30262
26000
26001
26180
26317
30277
26001
26318
59531
26181
30280
26319
30281
59533
26004
26364
30342
55256
26004
26365
26369
30345
26366
30344
30348
26007
26387
30382
55266
26007
26377
26388
30385
26389
30384
30388
26301
26383
26011
26302
26390
30397
26011
26384
26391
30400
26392
30399
30402
26313
64146
64147
26015
26356
26396
30403
26015
26397
26401
59552
26398
30405
59554
26017
26019
30829
54706
55215
26018
30831
30837
54708
26019
26020
30832
30838
30842
30834
30845
55216
30840
30846
64149
64150
64151
26025
26026
26027
30886
30893
26025
26026
30887
55213
55223
26026
26027
26191
30894
55224
30890
30891
30897
55226
26194
30898
26031
26032
26033
30981
30988
26031
26032
30982
55219
55227
26032
26033
26202
30989
55228
30985
30986
30992
55230
26204
30993
26035
26038
31002
54710
55217
26036
31004
31010
54712
26037
26038
31005
31011
31015
31013
31018
31007
31019
55218
64154
64155
64156
26041
26044
31040
54714
26042
31035
31042
54715
26043
26044
31036
31043
31047
31038
31050
26086
31045
31051
64159
64160
64161
64163
27536
64164
64165
26052
26053
26054
31070
31076
26052
26053
31071
55213
55223
26052
26054
26214
31077
26053
26054
26215
55225
31073
31080
55214
31074
26218
31081
31083
26059
26060
26061
31100
31107
59787
26059
26060
26094
31101
55221
26059
26061
26221
31108
26060
26061
26095
26222
31104
31110
55222
31105
26225
31111
59788
64166
64167
64170
64171
64174
27569
64175
64176
26070
26071
26072
31130
31136
26071
26072
31131
55219
55227
26070
26071
31137
26070
26072
55229
31140
31143
31133
31141
55220
31134
26077
26078
26079
31160
31167
59789
26077
26078
26098
31161
55231
26077
26079
26236
31168
26078
26079
26099
26237
31164
31170
55232
31165
26239
31171
59790
26081
26083
31192
54725
26082
31187
31194
54726
26083
26084
31188
31195
31199
31197
31202
31190
31203
64177
64178
64179
31222
59796
26091
26092
26093
31243
31250
26091
26092
26094
31244
55221
26091
26093
26092
26093
26096
26245
31251
31247
26097
31248
31254
26248
31255
26097
59804
26097
31287
59805
26101
26103
59806
26257
26101
26105
26258
31288
26108
59807
26106
26107
26108
31289
31296
26107
26108
31290
55231
26106
26107
26106
26108
31297
31300
31293
31294
31301
26137
31338
59816
26114
26115
26116
31382
31389
26114
26115
26117
31383
55233
26114
26116
26118
26271
31390
26115
26116
26120
31386
31393
31387
26273
31394
26120
26140
59824
26120
26282
31403
26141
26283
59825
26124
26127
26158
59826
26124
26128
26288
31404
26159
26289
26130
59827
31410
59829
26130
26131
26132
31454
31461
26130
26131
31455
55243
26130
26132
26295
31462
26131
26132
31458
31465
31459
26297
31466
26134
26137
31475
54728
26135
31477
31484
54729
26136
26137
31478
31485
31489
31487
31492
31480
31493
64181
64182
64183
26143
26144
26145
31511
31518
59844
26144
26145
31512
55233
26143
26144
26143
26145
31519
31521
59845
31515
31516
31522
55234
26150
26151
26152
31541
31548
26150
26151
31542
55235
55245
26150
26152
26307
55236
26151
26152
26308
31549
31544
31545
31552
55246
26310
31547
31553
64185
64186
64189
64190
64193
27769
64194
64195
26161
26162
26163
31571
31578
59849
26161
26162
31572
55243
26161
26163
26328
26162
26163
26329
31579
31575
31576
31581
55244
26332
31582
59850
26168
26169
26170
31601
31608
26168
26169
31602
55239
55249
26168
26170
26335
55240
26169
26170
26336
31609
31604
31605
31612
55250
26339
31607
31613
64196
64197
64198
26173
26175
31634
54703
54738
26174
31629
31636
54740
26175
26176
31630
31637
31640
31639
31643
54704
31632
31644
64200
64201
64202
26181
26182
26183
31658
31665
26182
26183
31659
55235
55245
26181
26182
31666
55237
31669
31662
31670
55238
31663
26187
26188
26189
31753
31760
26187
26188
31754
55239
55249
26187
26189
26350
31761
55241
31757
31764
55242
31758
26352
31765
64205
64206
64207
26193
26194
31775
26193
59872
31778
59874
31779
26199
26200
26201
31815
31822
26199
26200
26207
31816
55252
26199
26201
26208
26200
26201
26361
31823
55253
26210
31819
31820
31826
55254
31827
26204
26205
26230
31865
26205
26232
59883
31868
26234
31869
59885
26210
26211
26212
31877
31884
26210
26211
31878
55255
26210
26212
26211
26212
26364
31885
55256
31881
31882
31888
55257
31889
26217
26218
26219
31905
31911
31913
26218
26219
31906
26217
26218
26217
26219
31914
31917
31908
31912
31909
31918
26224
26225
26226
31938
31943
59889
26225
26226
31939
26224
26225
26224
26226
31944
31946
59890
31941
59891
31947
26228
26367
32164
32166
32168
43363
43364
43365
64219
32183
32184
32185
43348
43349
43351
43372
43373
43374
64210
64211
26233
26234
32008
26234
55228
59904
26233
55229
26233
26234
32009
32012
32013
59906
26239
26240
26241
32062
32067
59914
26239
26240
32063
26239
26241
26257
26240
26241
26259
32068
32065
59915
32070
26261
32071
59916
26243
26371
32212
32213
32215
43873
43874
43875
64221
32225
32226
32227
43858
43859
43861
43882
43883
43884
64212
64213
26247
26248
32095
26247
26248
32096
26247
32102
32099
32104
32100
26253
26254
26255
32139
32146
26253
26254
26276
32140
55259
26253
26255
26372
32147
55260
26254
26255
26277
26373
32143
32149
55261
26279
32144
32150
32163
32170
59928
26261
26260
32194
26260
26261
32198
32196
32201
32202
32211
32218
59936
26267
26268
26269
32270
32277
26267
26268
26300
32271
55262
26267
26269
26382
32278
55263
26268
26269
26301
26383
32274
32280
55264
26304
32275
32281
26273
26274
32318
26273
26274
26282
32319
26274
26284
32325
32322
26286
32323
32327
26279
26280
26281
32334
32341
26279
26280
32335
55265
26279
26281
26386
26280
26281
26387
32342
55266
32338
32339
32344
55267
32345
26286
32354
26285
26285
26286
32358
32361
32356
32362
32371
32376
59961
26291
26295
32402
26292
26328
26291
26292
26296
26330
32406
26298
32404
32409
26333
32410
32419
32424
59969
26297
26298
32450
26297
26298
32451
26298
32457
32454
32455
32459
26303
26304
26305
32466
32473
26304
26305
32467
55268
26303
26304
26303
26305
32474
55269
32476
32470
32471
32477
55270
26310
26311
26312
32493
32495
32501
26310
26311
26316
26310
26312
32496
26311
26312
26318
32502
32494
32498
26320
32505
32499
32506
26314
32377
32378
32380
45135
45136
45137
64146
32391
32392
32393
45120
45121
45123
45151
45152
45153
64214
64215
26319
26320
32529
26320
55236
26319
55237
59977
26319
26320
32530
32533
59979
32534
26325
26326
32576
26325
26335
55240
26326
26350
55241
59987
26325
26326
26337
26351
32577
26340
32580
26353
32581
59989
26331
26332
26333
32630
32635
59997
26332
26333
26331
26332
32631
26331
26333
32636
32638
32633
59998
32639
59999
26338
26339
26340
32660
32662
32668
26339
26340
26338
26339
32663
26338
26340
32669
32665
32672
32661
32666
32673
26342
26399
32425
32426
32428
45753
45754
45755
64224
32439
32440
32441
45733
45734
45736
45762
45763
45764
64216
64217
26347
26348
26349
32724
32731
26347
26348
26355
32725
55272
26347
26349
26400
32732
55273
26348
26349
26357
32728
32735
55274
26360
32729
32736
26352
26353
32746
26353
60012
32749
32750
60014
26358
26359
26360
32758
32765
26359
26360
32759
55275
26358
26359
32766
55276
26358
26360
32769
32762
32770
55277
32763
26363
26368
32779
26363
26365
26369
60015
26370
32781
60017
26366
32782
26366
60021
32784
60023
64218
64219
26370
32786
55253
26370
32789
32788
32792
64221
64222
26375
26376
32877
26386
26375
26377
26388
32880
26378
32879
32882
26378
32883
55260
26378
32886
32885
32889
26381
26382
32952
55263
26381
26384
26391
32955
26385
32954
32958
26385
32996
26385
32999
32998
33001
26389
33002
26389
33005
33004
33007
26392
33062
55269
26392
33065
33064
33068
26395
26400
33157
55273
26395
26397
26401
33160
26402
33159
33163
26398
33197
55276
26398
33200
33199
33203
64224
64225
26402
33263
26402
60137
33265
60139
26404
26406
26518
26406
26522
54747
55854
26523
54749
26409
26412
26420
26409
26410
26422
26412
26423
26412
26425
26415
26418
26421
26540
26415
26419
26416
26422
26418
26419
26423
26418
26419
26543
26426
26544
26422
26425
55460
26422
26426
55902
26423
26425
26426
26425
26426
55461
26429
26431
26564
55552
26429
26432
26578
26431
26432
26568
26582
26569
26583
26434
26436
26438
56013
26435
26439
26436
26440
54789
26443
54792
56014
26439
26442
26439
26443
26440
26442
26443
26442
26443
26445
26447
26629
26447
26633
56096
26634
26450
26453
26650
26450
26454
26456
65852
26451
26457
26453
26454
26453
26454
26652
65856
26653
65857
26457
55690
26457
56122
26460
26463
26460
26464
26466
26723
26461
26467
26463
26464
26468
26463
26464
26726
26469
26727
26467
26467
26469
26468
26469
55762
55764
26472
26474
26476
56283
26472
26473
26477
26474
26478
54824
26481
54826
26477
26480
26477
26481
26478
26480
26481
26480
26481
26484
26487
26490
26484
26488
26755
26485
26491
26487
26488
26487
26488
26757
26758
26491
55793
26491
26493
26495
26508
26495
26512
54827
55444
26513
54829
26498
26498
26500
26502
55814
26499
26503
26500
26504
54837
26506
54839
26503
26507
26503
26506
26504
26506
26507
26506
26507
26510
26513
26510
26514
26516
26511
26517
26513
26514
26513
26514
26517
55850
26517
26520
26523
26520
26524
26526
26521
26527
26523
26524
26523
26524
26527
55873
26527
26530
26530
26532
26534
55898
26531
26535
26532
26536
54849
26539
54851
26535
26538
26535
26539
26536
26538
26539
26538
26539
26542
26544
55902
26542
26545
26546
26544
26545
26550
26551
26548
26551
26554
26548
26552
26549
26555
26551
26552
26556
26551
26552
26557
26555
26555
26557
26556
26557
55906
55908
26560
26563
26571
26560
26561
26573
26563
26574
26563
26577
26566
26569
26572
26566
26570
26567
26573
26569
26570
26574
26569
26570
26576
26573
26577
55972
26573
26576
55552
26574
26576
26577
26576
26577
55973
26580
26583
26586
26580
26584
26581
26587
26583
26584
26588
26583
26584
26589
26587
26587
26589
26588
26589
56010
56012
26591
26593
26595
55909
26592
26596
26593
26597
54871
26599
54874
55910
26596
26600
26596
26599
26597
26599
26600
26599
26600
26602
26604
26606
26604
26609
55554
26611
26607
26610
26613
65839
26607
26611
26608
26614
26610
26611
26610
26611
65842
65844
26614
56048
26614
56016
26617
26620
26623
65832
26617
26621
26625
26618
26624
26620
26621
26620
26621
26627
65835
65837
26628
26624
56071
26624
55611
26626
26628
26628
56055
26631
26634
26631
26635
26637
65845
26632
26638
26634
26635
26634
26635
65849
65850
26638
56092
26638
56101
26640
26642
26644
56150
26641
26645
26642
26646
54882
26649
54885
56151
26645
26648
26645
26649
26646
26648
26649
26648
26649
26651
26653
26653
56143
26655
26657
26659
55760
26656
26660
26657
26661
54893
26663
54896
55761
26660
26664
26660
26663
26661
26663
26664
26663
26664
26667
26670
26667
26671
26673
26677
26668
26674
26670
26671
26675
26670
26671
26680
26676
26681
26674
26674
26676
26675
26676
56152
56154
26679
26681
26679
26682
26690
56155
26681
26682
26693
26695
26685
26685
26688
26696
26686
26698
26688
26699
26688
26702
26691
26694
26691
26695
26697
26692
26698
26694
26695
26699
26694
26695
26701
26698
26702
56168
26698
26701
56155
26699
26701
26702
26701
26702
56169
26705
26705
26708
26716
26706
26718
26708
26719
26708
26721
26711
26714
26711
26715
26717
26724
26712
26718
26714
26715
26719
26714
26715
26726
26722
26728
26718
26721
56265
26718
26722
56276
26719
26721
26722
26721
26722
56266
26725
26727
26725
26728
56276
26727
26728
26731
26734
26737
26731
26735
26739
26732
26738
26734
26735
26734
26735
26741
26742
26738
56293
26738
26740
26742
26742
54911
56303
54913
26745
26747
26749
55808
26745
26746
26750
26747
26751
54921
26753
54923
26750
26754
26750
26753
26751
26753
26754
26753
26754
26756
26758
26758
54924
56326
54926
26760
26761
29920
29921
29925
26762
26764
29926
29930
29931
26762
26768
29933
29937
29938
26765
26769
29941
29942
29944
26764
26766
27236
33700
33703
33704
26765
33707
33710
33712
26766
26771
33714
33716
33718
26773
27239
33721
33722
33724
26768
26770
27252
33728
33731
33732
26769
33735
33738
33740
26770
26771
33742
33744
33746
26774
27255
33749
33750
33752
26773
26774
33757
33758
33761
26773
26774
27241
27257
33764
33765
33766
27242
33770
33772
33774
27258
33777
33779
33781
26776
26778
27232
29948
29951
29953
26777
26780
29955
29958
29960
26778
26781
26787
29962
29964
29966
26789
27235
29969
29970
29973
26780
26782
27284
33784
33787
33788
26781
33791
33794
33796
26782
26783
33798
33800
33802
26785
27287
33805
33806
33808
26785
26786
26787
33841
33842
33844
26785
26786
27293
27297
33848
33849
33850
27294
33854
33856
33858
26790
27298
33861
33862
33864
26789
26790
33813
33814
33817
26789
26790
27245
27305
33820
33821
33822
27246
33826
33828
33830
27306
33833
33835
33837
26792
26794
27248
29976
29979
29981
26793
26796
29983
29986
29988
26794
26797
26803
29990
29992
29994
26805
27251
29997
29998
30001
26796
26798
27348
33868
33871
33872
26797
33875
33878
33880
26798
26799
33882
33884
33886
26802
27351
33889
33890
33892
26801
26802
26803
33925
33926
33928
26801
26802
27329
27357
33932
33933
33934
26806
27330
33938
33939
33941
27358
33945
33947
33949
26805
26806
33897
33898
33901
26805
26806
27261
27337
33904
33905
33906
27262
33910
33912
33914
27338
33917
33919
33921
26809
26810
26815
26819
34009
34010
34011
26809
26810
27385
27401
34016
34017
34018
26818
27386
34022
34023
34025
26822
27402
34029
34030
34032
26813
26814
26815
26819
30005
30006
30009
26813
26814
27301
27333
30012
30013
30016
26817
27302
30018
30020
30023
26821
27334
30025
30027
30030
26817
26818
33953
33954
33957
26817
26818
27309
27389
33960
33961
33962
27310
33966
33968
33970
27390
33973
33975
33977
26821
26822
33981
33982
33985
26821
26822
27341
27405
33988
33989
33990
27342
33994
33996
33998
27406
34001
34003
34005
27537
65623
65624
65625
65275
65276
65277
26827
26830
34139
57888
26827
26831
34145
57910
26828
34140
34146
26830
26831
34141
34147
34150
26830
26831
34151
34144
34155
34149
34156
57912
26833
27491
34169
57923
27492
34173
64228
64229
64231
64232
64233
64235
26838
26839
27645
34224
34226
27648
34230
60482
26843
26844
34274
34278
60486
26843
27591
26843
26844
27593
27652
34279
27594
34277
34282
27653
34283
60488
64237
64238
26848
26851
27638
34319
26848
26852
34323
26849
34320
34325
26851
26852
34321
34326
34339
26851
26852
27642
27643
34322
34342
26854
26856
27695
34356
26855
34353
34358
26856
34354
34359
60489
27697
34362
60492
26860
26863
34448
57961
26860
26864
34453
57963
26861
34449
34454
26863
26864
34450
34455
34458
26863
26864
34459
34452
34463
57962
34457
34464
57964
27739
64239
64240
65280
65281
65282
65628
65629
65630
26873
26874
26875
34526
34533
26873
26874
27699
34527
26873
26875
27700
27803
60505
26874
26875
27804
34534
57984
27701
34531
60506
34532
34536
57985
27805
34537
64243
64244
26880
26881
34612
34617
60515
26880
27809
34613
26880
26881
27811
27838
34618
27812
34616
34621
27839
34622
60517
26884
26887
27822
34655
26884
26888
34659
26885
34656
34661
26887
26888
34657
34662
34675
26887
26888
27826
27827
34658
34678
34665
64245
64246
64248
64250
26896
26897
26898
34787
34794
26896
26897
27843
34788
26896
26898
27777
27859
34795
26897
26898
27844
27860
60538
27778
34792
34797
27845
34793
60539
27861
34798
26900
65286
65287
65288
65291
65292
65293
26905
26906
26907
34806
34813
60546
26905
26906
34807
26905
26907
28021
34814
26906
26907
27975
28022
60547
34811
34818
27976
34812
60548
28023
34819
60549
27872
34825
58061
26913
26914
26915
34835
60554
60557
26913
26914
34836
58069
58072
26913
26915
28081
26914
26915
28082
34839
58070
60555
34840
28084
60556
60559
26927
65633
65634
65635
65297
65298
65299
26929
64261
26921
26922
34861
34866
26921
26922
28042
34867
58077
28043
34865
34870
34871
58078
26926
34890
34895
26926
34891
54246
26926
27570
34896
54247
34894
34901
54249
64262
64263
64264
64265
64267
64268
64269
26935
26936
26937
34914
34921
60564
26935
26936
34915
26935
26937
28158
58047
60565
26936
26937
28159
34922
34919
58048
60566
34920
34926
58087
28160
34927
60567
26940
26941
26942
34936
34943
34947
26940
26942
28203
34944
57945
34941
34945
57946
34942
34951
28204
34946
34952
28218
64274
64275
64277
64278
64279
26949
26950
26951
34964
34971
26950
26951
28212
28220
26949
26950
28213
34965
26949
26951
28221
34972
58093
34969
34974
58094
28215
34970
28223
34975
28206
64281
64282
26955
26956
34990
34997
60581
26955
26956
28351
34991
57956
34995
28352
34996
35000
26959
26960
35020
35025
60587
26959
26960
28208
28366
35021
28209
35023
60590
28368
35024
35028
26965
26966
26967
35048
35054
60591
26966
26967
28358
28375
60592
26965
26966
28359
35049
26965
26967
28376
35055
35052
35058
28361
35053
60593
28378
35059
60594
26972
26973
26974
35075
60599
60602
26972
26973
35076
58116
58117
26972
26974
28414
26973
26974
28415
35080
35081
58118
28417
60601
60603
26978
26979
35145
35150
26979
35146
54253
26978
26979
35151
54254
57973
35155
35149
35156
54256
26982
26983
26984
35177
35184
35188
26982
26984
35185
58018
58156
35182
35186
58019
35183
35193
35187
35194
58157
26989
26990
26991
35206
35213
26990
26991
28554
28562
26989
26990
28555
35207
26989
26991
28442
28563
35214
35211
35217
28557
35212
28565
35218
28547
64284
64285
26996
26997
35263
35267
60635
26996
26997
28550
28600
35268
28551
35269
60638
28601
35266
35270
27002
27003
27004
35290
35296
60639
27003
27004
28591
28608
27002
27003
28592
35291
27002
27004
28609
35297
35294
35300
28594
35295
60640
28611
35301
60641
28710
27010
27011
27012
35315
35321
35322
27010
27011
28027
35316
27010
27012
28029
28692
27011
27012
28693
35323
28030
35319
35320
35327
28694
35328
27017
27018
27019
35403
35409
27017
27018
28047
35404
58165
27017
27019
28049
28734
27018
27019
28735
35410
28050
35407
35408
35414
58166
28736
35415
27024
27025
27026
35423
35430
27024
27025
28698
35424
27024
27026
28741
35431
27025
27026
28700
28742
35428
35435
28701
35429
28743
35436
27029
27030
27031
35444
35448
35455
27030
27031
28747
35445
58181
35453
35460
35446
35454
58182
28748
35447
35461
27033
35477
35478
35479
43795
43796
43798
47098
47099
47100
57173
57174
35489
35490
35492
47108
47109
47110
60673
27037
27038
27039
35495
35501
35506
27038
27039
28787
35496
27037
27039
28788
35507
58184
35504
35509
35499
35505
28790
35500
35510
27041
28163
30366
30367
30369
46245
46246
46249
30378
30379
30380
35569
35570
35572
46258
46259
46261
64286
64287
27046
27047
27048
35529
35535
60689
27046
27047
28165
35530
27046
27048
28167
28823
27047
27048
28824
35536
28168
35533
60690
35534
35539
28825
35540
27053
27054
27055
35608
35613
27053
27054
28305
28912
35609
27053
27055
28307
28918
27054
27055
28913
28919
35614
28914
35612
35618
28920
35619
27060
27061
27062
35627
35634
27060
27061
28829
35628
27060
27062
28831
28927
27061
27062
28928
35635
28832
35632
35633
35639
28929
35640
27066
27067
27068
35648
35652
35659
27067
27068
28933
35649
58212
27066
27068
35660
35657
35664
35650
35658
58213
28934
35651
35665
27071
28371
28945
35677
27071
28947
28948
35679
60712
28911
64288
64289
64291
27077
64292
64293
35684
35691
60715
65303
65304
65305
65309
65310
65311
27081
27082
27083
35716
35723
35727
27082
27083
29015
35717
27081
27083
29016
35728
58215
35726
35730
58216
35721
29018
35722
35731
27088
27089
27090
35778
35784
35789
27089
27090
27088
27089
28528
35785
58260
27088
27090
28529
35790
58262
28530
35787
35792
35782
35788
35783
35793
58263
29172
65739
65740
65741
64295
29198
64296
64297
27099
27100
27101
35841
35846
60744
27099
27100
28714
27099
27101
28716
27100
27101
35847
58269
58271
28717
35844
60745
35850
35845
35851
64298
27107
27108
27109
36009
36015
27107
27108
28842
27107
27109
28844
36010
27108
27109
29202
36016
58291
28845
36013
60782
36019
36014
36020
27114
27115
29419
58305
60792
27113
27114
29351
36082
58306
27113
27115
29352
29420
29353
36085
36086
58307
60793
29422
27118
29011
29528
27118
29446
29529
60814
29530
64299
64300
27124
27125
29579
36164
58357
27123
27124
29547
36166
58358
27123
27125
29548
29580
29549
36169
36165
36170
58359
29582
27129
27130
27131
36178
36184
27129
27131
29164
29655
36179
27130
27131
29656
36185
58334
29165
36182
36189
29657
36183
36190
27135
27136
27137
36206
36212
27135
27137
29169
36207
58379
27136
27137
36213
58366
58380
29170
36210
36217
36211
36218
58381
65314
65315
65316
65319
65320
65321
27143
27144
36240
36247
60822
27143
29486
36241
27143
27144
29487
29666
36248
29488
36245
36251
29667
36252
27148
27149
36266
36273
60828
27148
29609
36267
27148
27149
29610
29670
36274
29611
36271
36277
29671
36278
29681
29703
60834
27155
27156
29689
36286
58384
27154
27155
29257
29690
27154
27156
29258
58385
60836
29259
29692
36288
36289
58386
60837
27159
29712
29719
36290
27159
29720
36294
54274
29721
36293
36297
27162
27163
36305
36309
36313
27162
27163
29685
36306
58286
36307
36312
58287
29686
36308
36317
27168
27169
27170
36328
36335
27169
27170
29713
36329
27168
27169
29302
29714
27168
27170
29303
36336
29304
36340
29716
36333
36334
36341
27175
27176
27177
36349
36356
27175
27177
36350
54639
27176
27177
29697
36357
27175
27176
29698
54640
36353
54641
29700
36361
36355
36362
64302
64303
27182
27183
29749
36370
58394
27182
29384
58395
60849
27183
29385
29750
36372
58396
60851
29752
27188
27189
27190
36375
36381
27189
27190
29773
36376
58397
27188
27189
36382
54646
27188
27190
29774
54647
36384
54648
36379
36386
36380
27193
27194
36490
36494
36498
27193
27194
29745
36491
58329
36492
36497
58330
29746
36493
36502
27199
27200
27201
36510
36517
27200
27201
29802
36511
27199
27200
29458
36518
27199
27201
29459
29803
29460
36522
36515
36523
29805
36516
27206
27207
27208
36531
36538
27206
27208
36532
60167
27207
27208
29757
36539
27206
27207
29758
60168
36535
60169
29760
36543
36537
36544
27212
29833
54552
60875
27212
54287
54553
54577
29834
54288
54554
54579
60877
64304
27218
27219
27220
36552
36557
27219
27220
29853
29856
36553
27218
27219
54569
27218
27220
36558
54570
36560
54571
36556
36562
27223
29885
29891
36659
27223
29892
54297
54303
29893
36661
54305
29663
65638
65639
65640
64305
27229
27230
27231
36666
36671
60889
27229
27230
36667
54300
27229
27231
36672
54301
36669
36674
54302
36670
60891
36675
27233
27235
30494
30497
30499
27234
27237
30501
30504
30506
27235
27238
27244
30508
30509
30512
27246
30515
30516
30519
27237
27239
36691
36694
36696
27238
36698
36701
36703
27239
27240
36705
36706
36709
27242
36712
36713
36716
27242
27243
27244
36747
36749
36751
27242
27243
27265
36755
36756
36758
36761
36763
36766
27247
27266
36768
36769
36771
27246
27247
36719
36721
36724
27246
27247
27273
36727
36728
36730
36733
36735
36738
27274
36740
36742
36744
27249
27251
30522
30525
30527
27250
27253
30529
30532
30534
27251
27254
27260
30536
30537
30540
27262
30543
30544
30547
27253
27255
36775
36778
36780
27254
36782
36785
36787
27255
27256
36789
36790
36793
27258
36796
36797
36800
27258
27259
27260
36831
36833
36835
27258
27259
27265
36839
36840
36842
36845
36847
36850
27263
27267
36852
36853
36855
27262
27263
36803
36805
36808
27262
27263
27277
36811
36812
36814
36817
36819
36822
27278
36824
36826
36828
27266
27267
27272
27276
36916
36917
36918
27266
27267
36923
36924
36927
27274
36929
36930
36933
27278
36936
36937
36940
27270
27271
27272
27276
30551
30552
30555
27270
27271
27301
27333
30558
30559
30562
27275
27303
30564
30566
30569
27279
27335
30571
30573
30576
27274
27275
36860
36861
36864
27274
27275
27305
36867
36868
36870
36873
36875
36878
27307
36880
36882
36884
27278
27279
36888
36889
36892
27278
27279
27337
36895
36896
36898
36901
36903
36906
27339
36908
36910
36912
27281
27282
30578
30579
30583
27283
27289
30584
30588
30589
27283
27285
30591
30595
30596
27286
27290
30599
30600
30602
27285
27287
36943
36946
36948
27286
36950
36953
36955
27287
27292
36957
36958
36961
27294
36964
36965
36968
27289
27291
27316
36971
36974
36975
27290
36978
36981
36983
27291
27292
36985
36987
36989
27295
27319
36992
36993
36995
27294
27295
36999
37001
37004
27294
27295
27321
37007
37008
37010
37013
37015
37018
27322
37020
37022
37024
27298
27299
27304
27308
37083
37085
37086
27298
27299
27321
37091
37092
37094
27306
37097
37098
37101
27311
27323
37104
37105
37107
27302
27303
27304
27308
30606
30608
30611
27302
27303
30614
30615
30618
27310
30620
30622
30625
27307
30627
30629
30632
27306
27307
37027
37029
37032
27306
27307
37035
37036
37039
37041
37043
37046
37048
37050
37053
27310
27311
37055
37057
37060
27310
27311
27325
37063
37064
37066
37069
37071
37074
27326
37076
37078
37080
27313
27315
27376
30634
30637
30639
27314
27317
30641
30644
30646
27315
27318
27324
30648
30650
30652
27327
27379
30655
30656
30659
27317
27319
37111
37114
37116
27318
37118
37121
37123
27319
27320
37125
37127
37129
27322
37132
37133
37136
27322
27323
27324
37168
37169
37171
27322
27323
37175
37176
37179
37181
37183
37186
27326
37188
37189
37192
27326
27327
37140
37141
37144
27326
27327
27389
37147
37148
37150
37153
37155
37158
27391
37160
37162
37164
27330
27331
27336
27340
37251
37253
37254
27330
27331
27369
37259
37260
37262
27338
37265
37266
37269
27343
27370
37272
37273
37275
27334
27335
27336
27340
30662
30664
30667
27334
27335
30670
30671
30674
27342
30676
30678
30681
27339
30683
30685
30688
27338
27339
37195
37197
37200
27338
27339
37203
37204
37207
37209
37211
37214
37216
37218
37221
27342
27343
37223
37225
37228
27342
27343
27373
37231
37232
37234
37237
37239
37242
27374
37244
37246
37248
27345
27346
30690
30691
30695
27347
27353
30696
30700
30701
27347
27349
30703
30707
30708
27350
27354
30711
30712
30714
27349
27351
37279
37282
37284
27350
37286
37289
37291
27351
27356
37293
37294
37297
27358
37300
37301
37304
27353
27355
27364
37307
37310
37311
27354
37314
37317
37319
27355
27356
37321
37323
37325
27359
27367
37328
37329
37331
27358
27359
37335
37337
37340
27358
27359
27369
37343
37344
37346
37349
37351
37354
27371
37356
37358
37360
27361
27363
27392
30718
30721
30723
27362
27365
30725
30728
30730
27363
27366
27372
30732
30734
30736
27375
27395
30739
30740
30743
27365
27367
37363
37366
37368
27366
37370
37373
37375
27367
27368
37377
37379
37381
27371
37384
37385
37388
27370
27371
27372
37420
37421
37423
27370
27371
37427
37428
37431
27374
37433
37434
37437
37440
37442
37445
27374
27375
37392
37393
37396
27374
27375
27405
37399
37400
37402
37405
37407
37410
27407
37412
37414
37416
27377
27379
30746
30749
30751
27378
27381
30753
30756
30758
27379
27382
27388
30760
30762
30764
27391
30767
30768
30771
27381
27383
27412
37447
37450
37451
27382
37454
37457
37459
27383
27384
37461
37463
37465
27387
27415
37468
37469
37471
27386
27387
27388
37503
37505
37507
27386
27387
27421
37511
37512
37514
27390
37517
37518
37521
27422
37524
37526
37528
27390
27391
37475
37477
37480
27390
27391
37483
37484
37487
37489
37491
37494
37496
37498
37501
27393
27395
30774
30777
30779
27394
27397
30781
30784
30786
27395
27398
27404
30788
30790
30792
27407
30795
30796
30799
27397
27399
27416
37531
37534
37535
27398
37538
37541
37543
27399
27400
37545
37547
37549
27403
27419
37552
37553
37555
27402
27403
27404
37587
37589
37591
27402
27403
27421
37595
37596
37598
27406
37601
37602
37605
27423
37608
37610
37612
27406
27407
37559
37561
37564
27406
27407
37567
37568
37571
37573
37575
37578
37580
37582
37585
27409
27410
30802
30803
30807
27411
27413
30808
30812
30813
27411
27417
30815
30819
30820
27414
27418
30823
30824
30826
27413
27415
37615
37618
37620
27414
37622
37625
37627
27415
27420
37629
37631
37633
27422
37636
37637
37640
27417
27419
37643
37646
37648
27418
37650
37653
37655
27419
27420
37657
37659
37661
27423
37664
37665
37668
27422
27423
37672
37673
37676
27422
27423
37679
37680
37683
37685
37687
37690
37692
37694
37697
27428
27429
27430
37707
37714
27429
27430
27439
37708
27428
27429
27433
27440
61324
27428
27430
27434
27524
37715
27435
37717
27441
37712
61325
27525
37713
37718
27435
27436
27437
37726
27436
27437
27457
37727
57903
27435
27436
27458
27435
27437
37732
57904
37734
27460
37730
37731
37735
57905
27441
27442
37802
37807
61340
27441
37803
27441
27442
27458
37808
37806
37810
27461
37812
61342
27445
27449
27463
37845
27445
27448
37849
27446
37846
37851
27448
27449
37847
37852
37865
27448
27449
27467
37854
27469
37848
37868
64306
64307
64309
64311
64313
64314
64316
64318
27460
27461
27462
37973
37980
61363
27460
27462
37974
27460
27461
61364
27461
27462
37978
61365
37982
61366
37979
27465
27469
38164
27465
27468
38168
27466
38165
38170
27468
27469
38166
38171
38184
27468
27469
38173
38167
38186
64320
64321
64323
64325
27476
27477
38351
38356
61419
27477
27489
38352
27476
27477
27483
27490
38357
27485
38360
61421
27493
38355
38361
64327
64328
64330
64332
27485
27486
27487
38500
38507
61448
27486
27487
27496
38501
27485
27486
27497
61449
27485
27487
38509
61450
27499
38505
61451
38506
27492
27493
27494
38599
38606
27492
27493
38600
27493
27494
27497
61458
27492
27494
27498
38607
38604
38609
38605
61459
27500
38610
27499
27500
27501
38618
27499
27501
38619
57922
27499
27500
27500
27501
38624
57923
38622
38626
38623
38627
57924
27506
27507
27508
38639
38646
27507
27508
27612
38640
27506
27507
27512
38647
57894
27506
27508
27513
27613
61466
27514
38649
38644
38650
57895
27614
38645
61467
64335
64336
27514
27515
27516
27515
27516
27549
27630
38661
27514
27515
27550
61468
27514
27516
27631
61471
27551
38664
61470
27632
38665
27519
27523
38666
57855
27519
27522
38672
57123
27520
38667
38673
27522
27523
38668
38674
38677
27522
27523
38678
38676
38681
57125
38671
38682
27525
38696
57904
38699
27528
27532
38744
57889
27528
27531
38749
57126
27529
38745
38750
27531
27532
38746
38751
38754
27531
27532
38755
38753
38758
57127
38748
38759
57890
27547
64337
64338
65324
65325
65326
65642
65643
65644
64340
27542
27543
27544
38847
38854
38859
27543
27544
38848
27542
27543
27545
38855
54240
27542
27544
38860
54241
57908
38857
38862
54242
27546
38852
38858
38853
38863
57909
27546
27980
38959
38962
61501
65743
65744
65745
27555
65647
65648
65649
27551
38973
27551
38978
57894
38976
38981
27553
39019
39026
39032
39023
39030
57898
54315
54316
54317
65330
65331
65332
64346
27572
65652
65653
65654
65337
65338
65339
27561
27565
39154
57933
27561
27564
39159
57913
27562
39155
39160
27564
27565
39156
39161
39164
27564
27565
39165
39163
39168
57914
39158
39170
57934
27580
64349
64350
65342
65343
65344
65657
65658
65659
27571
27575
39307
27577
39312
61548
64352
27577
27578
27579
39354
39361
39366
27577
27578
39355
27577
27579
39362
54247
27578
27579
39367
54248
57931
39358
39364
39360
39369
57932
39365
39370
54250
65748
65749
65750
27588
65662
65663
65664
27584
27599
39383
27584
27600
39388
57917
27602
39386
39393
27586
39429
39436
39442
39433
39440
57921
54322
54323
54324
65348
65349
65350
64358
27594
27595
27596
39469
39476
27594
27595
39470
27595
27596
27600
39477
57917
27594
27596
27601
61568
39474
61569
39475
39479
57918
27603
39480
64361
64362
27602
27603
27604
27602
27604
27651
39491
27602
27603
61570
27603
27604
27652
61573
39494
61572
27654
39495
64363
64364
64366
64367
64368
64370
27609
27610
27624
39503
39505
27627
39509
61579
27614
27615
39553
39557
61583
27614
27614
27615
27631
39558
39556
39560
27633
39562
61585
64372
64373
27619
27623
27659
39598
27619
27622
39602
27620
39599
39604
27622
27623
39600
39605
39618
27622
27623
27663
27665
39601
39621
27625
27627
39631
27626
39633
39639
27627
39634
39640
61586
39636
61588
27632
27633
27634
39735
39742
39746
27632
27634
39736
27632
27633
39743
39740
39744
39745
39748
39741
27637
64374
64375
64377
64378
27640
27643
39926
27640
27644
39930
27641
39927
39932
27643
27644
39928
39933
39946
27643
27644
39929
39948
27646
27648
39959
27647
39961
39967
27648
39962
39968
61629
39964
61631
27653
27654
27655
40063
40070
40074
27654
27655
40064
27653
27654
40071
40072
40076
40068
40073
40069
27658
64382
64383
64385
64386
27661
27665
40254
27661
27664
40258
27662
40255
40260
27664
27665
40256
40261
40274
27664
27665
40257
40276
27667
27669
27674
40291
27668
40288
40293
27669
40289
40294
61672
27676
40297
61675
64390
64391
64393
64394
64395
64397
27675
27676
40390
40392
40395
61691
27680
27681
40440
40444
61695
27681
27714
27680
27681
27687
27715
40445
27688
40448
61697
27718
40443
40449
64399
64400
64401
64402
27691
64404
64405
27688
27689
27690
40594
40601
40605
27689
27690
27722
40595
27688
27690
27723
40606
40603
40607
40599
27725
40600
40608
64409
64410
64412
64413
64414
64416
27696
27697
40691
40693
40696
61728
27701
27702
40741
40745
61732
27701
27701
27702
27708
40746
40744
40748
27710
40750
61734
64418
64419
64420
64421
27712
64425
64426
27709
27710
27711
40895
40902
40906
27709
27711
27802
40896
27710
27711
27803
40907
40900
40904
40908
27806
40901
40909
27717
27718
27719
40994
41001
27717
27718
40995
27718
27719
27723
61762
27717
27719
27724
41002
57135
40999
41004
57136
41000
61763
27726
41005
64429
64430
27725
27726
27727
27725
27727
27741
41016
27725
27726
61764
27726
27727
27742
61765
41019
27743
41020
61767
27749
65667
65668
65669
65355
65356
65357
27732
27736
41125
58010
27732
27735
41131
57965
27733
41126
41132
27735
27736
41127
41133
41136
27735
27736
41137
41135
41140
57967
41130
41142
27738
27810
41155
57980
27813
41159
65753
65754
65755
27748
65672
65673
65674
27743
41204
27743
41209
57135
41207
41213
27745
41250
41257
41263
41254
41261
57139
54329
54330
54331
64436
65360
65361
65362
64438
27754
27755
27756
41315
41322
41327
27754
27755
41316
27754
27756
41323
54254
57973
27755
27756
27757
41328
54255
41319
41325
57974
27758
41321
41330
41326
41331
54257
27758
28407
41427
41430
61824
27761
27764
41440
57140
27761
27765
41445
57992
27762
41441
41446
27764
27765
41442
41447
41450
27764
27765
41451
41444
41454
57141
41449
41456
57993
27781
64440
64441
65367
65368
65369
65677
65678
65679
27772
27775
41509
57151
27772
27776
41515
57994
27773
41510
41516
27775
27776
41511
41517
41520
27775
27776
41521
41514
41524
41519
41526
57996
27778
41539
58002
41542
27793
65682
65683
65684
65373
65374
65375
65758
65759
65760
27789
65687
65688
65689
27785
27802
41692
27785
27804
41697
57984
27807
41695
41702
27787
41738
41745
41751
41742
41749
57988
54336
54337
54338
65378
65379
65380
64448
27792
27797
28517
41853
27799
41857
61876
64450
27798
27799
27800
41900
41907
41912
27798
27799
41901
27798
27800
41908
54261
57999
27799
27800
41913
54262
41904
41910
58000
41905
41915
41911
41916
54263
27805
27806
27807
27806
27807
41928
27805
27806
61888
27805
27807
61889
41931
41932
61891
27812
27813
27814
41942
41949
27812
27813
41943
27813
27814
27817
41950
27812
27814
27818
61894
41947
61895
41948
41952
27820
41953
27819
27820
27821
41961
27819
27821
27836
41962
57979
27819
27820
41967
57980
27820
27821
27838
41965
41969
57981
41970
27841
41966
27824
27827
41973
27824
27828
41977
27825
41974
41979
27827
27828
41975
41980
41993
27827
27828
41976
41995
41983
64452
64453
64455
64457
64459
64460
64462
64464
27839
27840
27841
42101
42108
61918
27840
27841
42102
27839
27840
27839
27841
61919
42110
61920
42106
42107
61921
27845
27846
42356
42361
61958
27845
42357
27845
27846
27853
42362
42360
42364
27855
42366
61960
64466
64467
64469
64471
27854
27855
27856
42505
42512
61987
27854
27856
27858
42506
27854
27855
27855
27856
27860
61988
42510
42514
61989
27863
42511
61990
27861
27862
27863
42595
27862
27863
42596
58001
27861
27862
42601
58002
27861
27863
42603
42599
42604
58003
42600
27866
27867
27868
42607
42614
42618
27867
27868
42615
57866
58035
42612
42622
42613
42616
57868
42617
42624
58037
27873
27874
27875
42636
42643
27874
27875
27883
27891
27873
27874
27884
42637
27873
27875
27892
42644
42640
42646
27886
42642
27894
42648
27914
64473
64474
27880
27881
42693
42697
62020
27880
27881
27899
27917
42694
27901
42695
42700
27918
42696
62023
27886
27887
27888
42720
42726
62024
27886
27887
27908
27886
27888
42721
27887
27888
27909
42727
42723
62025
27911
42730
62026
42725
42731
64475
64476
27894
27895
27896
27894
27895
27908
27894
27896
42740
58061
27895
27896
27910
42744
58062
42742
27912
42746
42743
42747
58063
27901
27902
27903
42748
42755
62037
27902
27903
27940
42749
27901
27902
27941
62038
27901
27903
42756
42759
62039
27943
42753
62040
42754
42761
27906
28033
42769
58163
27906
28034
42773
58038
28036
42772
42776
27911
27912
27913
42784
42791
27911
27912
27911
27913
42785
27912
27913
42792
58064
42788
42795
42790
42797
64480
64481
27918
27919
42842
42846
62055
27918
27919
27941
42843
42844
62058
27944
42845
42849
27924
27925
27926
42869
42875
62059
27925
27926
27933
27950
27924
27925
27934
42870
27924
27926
27951
42876
42872
42878
27936
42874
62060
27953
42880
62061
27929
27930
27931
42889
42896
42900
27929
27930
42897
57885
58041
42894
42898
57887
42899
42904
58043
42895
42906
27936
27937
27938
42918
42925
27936
27937
27958
27936
27938
42919
27937
27938
27959
28046
42926
42922
27961
42929
42924
42930
27943
27944
27945
42938
42945
62086
27943
27945
42939
27943
27944
62087
27944
27945
42946
42943
62088
42949
62089
42944
42951
27948
28047
42959
58165
27948
28048
42963
58044
28051
42962
42966
27953
27954
27955
42974
42981
27953
27954
27958
27953
27955
42975
27954
27955
27960
42982
58065
42978
27962
42986
42980
42987
64482
64483
27961
27962
27963
27961
27962
27961
27963
42995
58066
27962
27963
42999
58067
42997
43001
42998
43002
58068
27968
27969
27970
43010
62103
62106
27968
27969
43011
57152
58050
27968
27970
27999
27969
27970
28000
43013
57153
62104
43015
28002
62105
62108
27982
65692
65693
65694
65385
65386
65387
27984
64489
27976
27977
43036
43041
27976
27977
43042
58052
43040
43044
43046
58053
27981
43065
43070
27981
43066
54239
27981
43071
54240
43068
43074
54243
64490
64491
64492
64493
64495
64496
64497
27990
27991
27992
43096
62113
62115
27990
27991
43097
57152
58050
27990
27992
28006
27991
27992
28007
43100
57154
43102
28009
62114
62117
27996
27997
43166
43171
27996
43167
54239
27996
27997
43172
54241
57908
43169
43175
54244
43176
28002
28003
28004
43203
43209
62127
28002
28003
28002
28004
43204
65255
28003
28004
43210
58051
65257
43206
62128
43212
43208
43214
65258
28009
28010
28011
43312
43318
62147
28009
28010
28009
28011
43313
65256
28010
28011
43319
58051
65257
43315
62148
43317
43322
65259
65391
65392
65393
28017
28018
28019
43417
28017
28018
43418
28017
28019
28647
58055
62162
28018
28019
28648
58059
62164
43421
58056
62163
43422
58060
62165
28649
28023
28024
28025
43426
43430
43437
28023
28024
43431
28023
28025
43438
58052
43434
43440
43435
43429
43441
58054
28030
28031
28032
43455
43462
28030
28031
43456
28031
28032
28034
43463
58038
28030
28032
28035
43460
43461
43465
58039
28037
43467
28036
28038
28691
43491
28036
28037
43494
28037
28038
28692
43493
43496
28695
28043
28044
28045
43497
43504
62184
28043
28044
43498
28044
28045
28054
43505
28043
28045
28055
62185
43502
62186
43503
43508
28057
43510
62187
43516
58066
28050
28051
43519
28051
28052
28061
43522
28050
28052
28062
43521
43524
28064
28056
28057
28058
43525
43529
43536
28056
28057
43530
28057
28058
43537
58077
43533
43534
43539
43528
43540
58079
28063
28064
28065
43554
43561
28063
28065
28733
43555
28063
28064
43562
58044
28064
28065
28734
43559
43564
58045
43565
28737
43560
28067
65396
65397
65398
65401
65402
65403
28072
28073
28074
43597
62209
62211
28072
28073
43598
58069
58072
28072
28074
28096
28073
28074
28097
43601
58071
43602
28099
62210
62213
28078
28079
43667
43672
28079
43668
54246
28078
28079
43673
54248
57931
43676
43670
43677
54251
28084
28085
28086
43704
43710
62221
28084
28085
28084
28086
43705
65260
28085
28086
43711
58082
65262
43707
62222
43714
43709
43715
65263
65407
65408
65409
28092
28093
28094
43808
28092
28093
43809
28092
28094
28763
58080
62242
28093
28094
28764
58085
62244
43812
58081
62243
43814
58086
62245
28766
28099
28100
28101
43822
43828
62248
28099
28100
28099
28101
43823
65261
28100
28101
43829
58082
65262
43825
62249
43826
43831
65264
28104
28105
28106
43927
43934
43938
28105
28106
28117
43935
57938
43932
43941
43933
43936
57940
28119
43937
43943
28132
64509
64510
64512
64513
64514
28113
28114
28115
43955
43962
28114
28115
28126
28134
28113
28114
28127
43956
28113
28115
28135
43963
57155
43959
43965
57156
28129
43961
28137
43966
28118
28119
43981
43988
62271
28118
28119
43982
57941
43985
43986
43990
28243
64516
64517
28123
28124
44011
44015
62277
28123
28124
28143
28249
44016
28144
44014
44018
28250
44019
62280
28129
28130
28131
44039
44045
62281
28129
28130
28151
62282
28129
28131
44040
28130
28131
28152
44046
44042
62283
28154
44049
62284
44044
44050
64519
28137
28138
28139
28137
28138
28151
28137
28139
44059
58089
28138
28139
28153
44062
58090
28155
44064
44061
44065
58091
28144
28145
28146
44066
44073
44080
28145
28146
28274
44067
28144
28145
44074
28144
28146
28275
44081
44077
44082
44071
44079
28277
44072
44083
28149
28171
28817
44091
28149
28172
44096
58088
28174
44094
44100
28154
28155
28156
44108
44115
28154
28155
28154
28156
44109
28155
28156
44116
58092
44112
62304
44119
44114
44121
28160
28161
28162
44132
44137
44142
28160
28161
44138
58057
28160
28162
44143
44140
44146
44135
44141
58058
44136
44147
64520
28168
28169
28170
44164
44171
28168
28169
44165
28169
28170
28172
44172
58088
28168
28170
28173
44169
44170
44174
28175
44176
28174
28822
44201
28174
28175
44204
28175
28823
44203
44206
28180
28181
28182
44210
44217
62314
28180
28181
44211
28181
28182
28184
58074
62315
28180
28182
28185
44218
44215
44221
57157
44216
58076
62316
28187
44223
62317
28186
28187
28188
44235
44240
44245
28186
28187
44241
58083
28187
28188
44246
44238
44243
58084
44244
44249
44239
44251
28860
64522
28194
28195
28196
44267
44274
28195
28196
28863
44268
28194
28195
28198
44275
58099
28194
28196
28199
28864
28200
44278
44272
44279
28867
44273
28201
28233
28870
44304
28200
28201
28234
44307
28200
28871
28235
44306
44309
28204
28205
44320
44327
62329
28204
28205
44321
57948
44324
44329
44325
64524
64525
28209
28210
44350
44354
62335
28209
28210
28229
44355
44357
62338
28231
44353
44358
28215
28216
28217
44378
44384
62339
28215
28217
28237
62340
28215
28216
44379
28216
28217
28238
44385
44381
62341
44382
44387
28241
44389
62342
64527
28223
28224
28225
28223
28225
28237
28223
28224
44398
58095
28224
28225
28239
44401
58096
44400
44403
58097
28242
44404
28230
28231
28232
44405
44412
44419
28230
28232
28365
44406
28230
28231
44413
28231
28232
28366
44420
44410
44416
44417
44421
28369
44411
44422
28235
28908
44430
28235
44435
58099
44433
44438
28240
28241
28242
44447
44454
28241
28242
28240
28241
44448
28240
28242
44455
58098
44451
44458
44452
62362
44459
64528
64529
28246
28247
44475
44482
62366
28246
28247
28260
44476
57951
44479
28262
44481
44485
28250
28251
44505
44510
62372
28250
28251
28275
44506
44508
62375
28278
44509
44513
28256
28257
28258
44533
44539
62376
28257
28258
28267
28284
62377
28256
28257
28268
44534
28256
28258
28285
44540
44536
44542
28270
44538
62378
28287
44544
62379
28261
28262
28263
44553
44560
44564
28261
28262
44561
57953
44558
44562
57955
44563
44567
44559
44569
28290
64533
64534
64536
64537
64538
28270
28271
28272
44581
44588
28270
28271
28292
28270
28272
44582
28271
28272
28293
44589
58102
44585
28295
44591
44587
44592
58103
28277
28278
28279
44600
44607
44611
28277
28279
44601
28277
28278
44608
28278
28279
44612
44605
44609
44610
44615
44606
44617
28282
28305
28912
44625
28282
28306
44630
58101
28308
44628
44634
28287
28288
28289
44642
44649
28287
28288
28292
28287
28289
44643
28288
28289
28294
44650
58104
44646
62400
28296
44654
44648
44655
64540
28295
28296
28297
28295
28296
28295
28297
44663
58105
28296
28297
44666
58106
44668
44665
44669
58107
28302
28303
28304
44670
44677
62411
28302
28303
44671
28303
28304
28311
44678
28302
28304
28312
57159
62412
44675
57160
62413
44676
44681
58100
28314
44683
62414
28308
44692
28308
28309
28318
44695
28309
28319
44694
44697
28321
28313
28314
28315
44704
44709
44716
28313
28314
44710
28314
28315
44717
58120
44707
44713
44714
44719
44708
44720
58121
28320
28321
28322
44736
44743
28320
28322
28917
44737
28320
28321
44744
58101
28321
28322
28918
44741
44746
44747
28921
44742
28923
64541
28328
28329
28330
44773
44780
62426
28329
28330
44774
28328
28329
28337
44781
28328
28330
28338
58139
62427
28339
44785
62428
44778
44786
58114
44779
58140
62429
28335
28371
28945
44795
28334
28335
28344
28372
44798
28334
28345
28946
28346
28373
44797
44800
28339
28340
28341
44807
44812
44819
28339
28340
44813
28339
28341
44820
58145
44816
44822
44810
44818
44811
44823
58146
28346
28347
28348
44839
44846
28347
28348
28965
44840
28346
28347
44847
58115
28346
28348
28966
44849
44844
44851
28968
44845
28971
64543
28352
28353
28354
44876
44883
44887
28352
28353
44884
57958
44885
44890
44881
44886
57960
44882
44891
28381
64547
64548
64550
64551
64552
28361
28362
28363
44904
44911
28361
28363
28383
28361
28362
44905
28362
28363
28384
44912
58108
44908
44909
44914
58109
28387
44915
28368
28369
28370
44923
44930
44934
28369
28370
44924
28368
28369
44931
28368
28370
44935
44932
44938
44928
44933
44929
44939
28373
44948
28373
44953
58115
44951
44956
28378
28379
28380
44965
44972
28378
28380
28383
28378
28379
44966
28379
28380
28385
44973
58110
44969
62457
44970
44976
28388
44978
64554
28386
28387
28388
28387
28388
28386
28387
44986
58111
28386
28388
44989
58112
44988
44991
58113
44992
28390
65412
65413
65414
65417
65418
65419
28395
28396
28397
45000
62469
62472
28395
28396
45001
58116
58117
28395
28397
28429
28396
28397
28430
45003
45004
58119
62473
28432
62471
62474
28409
64562
28411
65697
65698
65699
65423
65424
65425
28403
28404
45026
45031
28403
28404
28437
45032
58125
45035
58126
28440
45030
45036
28408
45055
45060
28408
45056
54253
28408
45061
54255
45058
45065
54258
64565
64567
64568
64569
64572
64573
64574
28417
28418
28419
45084
45090
62479
28417
28418
45085
65265
28417
28419
28418
28419
45091
58124
65267
45087
62480
45089
45094
65268
65429
65430
65431
28425
28426
28427
45189
28425
28426
45190
28425
28427
28994
58122
62494
28426
28427
28995
58128
62496
45193
58123
62495
45195
58129
62497
28997
28432
28433
28434
45203
45209
62501
28432
28433
45204
65266
28432
28434
28433
28434
45210
58124
65267
45206
62502
45207
45212
65269
45213
28439
28440
28441
45307
45314
62521
28439
28440
45308
28440
28441
28444
62522
28439
28441
28445
45315
45312
45318
45313
62523
28447
45320
62524
45326
58130
28446
28447
28448
45329
45333
45338
28446
28447
45334
58125
28447
28448
45339
45332
45336
58127
45337
45342
45344
28453
28454
28455
45359
45366
28454
28455
29047
45360
28453
28454
28457
45367
58159
28453
28455
28458
29048
28459
45370
45364
45371
58160
29051
45365
28460
28461
28575
29054
45394
28459
28460
28576
45397
28459
28461
29055
28577
45396
45399
29057
28466
28467
28468
45400
45407
62545
28467
28468
45401
28466
28467
28477
28512
62546
28466
28468
28478
45408
28479
45412
62547
28513
45405
62548
45406
45413
28593
45419
58135
28474
28475
28604
29095
45422
28473
28474
28484
28605
45425
28473
28475
28485
29096
28486
28606
45424
45427
29099
28479
28480
28481
45428
45432
45437
28479
28480
45433
58149
28479
28481
45438
45435
45441
45431
45436
58150
45443
28486
28487
28488
45458
45465
28487
28488
29115
45459
28486
28487
45466
58161
28486
28488
29116
45468
45463
45470
58162
29118
45464
28493
28494
28495
45500
62569
62572
28493
28494
45501
57162
58142
28493
28495
28534
28494
28495
28535
45504
45506
58143
28537
62571
62573
28499
28500
45570
45575
28500
45571
54260
28499
28500
45576
54261
57999
45579
45574
45581
54264
28505
28506
28507
45609
62581
62584
28505
28506
45610
57162
58142
28505
28507
28541
28506
28507
28542
45612
45614
58144
62585
28544
62583
62586
28519
64575
28521
65702
65703
65704
65434
65435
65436
28513
28514
45635
45640
28513
28514
45641
58149
45639
45643
45645
58151
28518
45664
45669
28518
45665
54260
28518
45670
54262
45668
45675
54265
64578
64580
64581
64582
64585
64586
64587
28524
65440
65441
65442
65445
65446
65447
65451
65452
65453
28530
28531
28532
45688
28531
28532
45689
28530
28531
58147
62591
28530
28532
58152
62593
45693
58148
62592
45694
58153
62594
28537
28538
28539
45702
45708
62597
28537
28538
45703
65270
28537
28539
28538
28539
45709
58154
65272
45705
62598
45706
45711
65273
28544
28545
28546
45812
45818
62612
28544
28545
45813
65271
28544
28546
28545
28546
45819
58154
65272
45815
62613
45816
45821
65274
45823
64595
64596
28551
28552
45953
45957
62638
28551
28552
28571
45958
45959
62641
28573
45956
45960
28557
28558
28559
45980
45986
62642
28557
28559
28579
28557
28558
45981
28558
28559
28580
45987
45983
62643
45984
45989
28583
45991
62644
64597
64598
28565
28566
28567
28565
28567
28579
28565
28566
46000
58130
28566
28567
28581
46004
58131
46002
46003
46006
58132
28584
46007
28572
28573
28574
46008
46015
62655
28572
28574
28598
46009
28572
28573
46016
28573
28574
28600
62656
46013
46019
46020
62657
28603
46014
62658
28577
46029
58266
28577
46033
58159
46032
46035
28582
28583
28584
46044
46051
28583
28584
28582
28583
46045
28582
28584
46052
58133
46048
46055
46049
46056
28587
28588
28589
46065
46072
46076
28587
28588
46073
57164
58031
46074
46080
57166
46070
46075
58033
46071
46081
28594
28595
28596
46094
46101
28594
28596
28616
28594
28595
46095
28595
28596
28617
46102
46098
46099
46104
28620
46106
28601
28602
28603
46114
46121
62688
28602
28603
46115
28601
28602
46122
28601
28603
62689
46125
62690
46119
46126
46120
62691
28606
46135
57184
28606
46139
58161
46138
46141
28611
28612
28613
46150
46157
28611
28613
28616
28611
28612
46151
28612
28613
28618
46158
58134
46154
46155
46161
28621
46163
64602
64603
28619
28620
28621
28620
28621
28619
28620
46171
58135
28619
28621
46175
58136
46173
46177
58137
46174
46178
28624
64607
64608
64609
64610
28627
43294
43296
43299
46193
46194
46196
46345
46346
46348
58168
58169
46205
46206
46208
46355
46356
46357
62710
28631
28632
28633
46211
46217
46222
28632
28633
28660
46212
28631
28633
28661
46223
57171
46219
46225
46215
46221
28663
46216
46226
64611
28638
64612
64613
46244
46251
62726
65456
65457
65458
65462
65463
65464
28642
28643
28644
46276
46283
46287
28643
28644
28672
46277
28642
28644
28673
46288
57175
46285
46290
57176
46281
28675
46282
46291
28649
28650
28651
46338
46344
46349
28650
28651
28649
28650
46345
58168
28649
28651
46350
58170
46347
46352
46341
46348
58169
46342
46353
28688
65763
65764
65765
64615
28658
28714
28657
28658
28679
28715
46369
28657
28680
58268
28681
46373
62738
28718
46374
28663
28664
28665
46375
46380
28663
28664
46376
28663
28665
58178
62741
28664
28665
46381
46378
62742
46379
46385
58174
46386
58179
62743
28670
28842
28669
28670
28684
28843
46388
28669
28685
29201
28686
46392
62749
28846
46393
28675
28676
28677
46394
46399
28675
28676
46395
28675
28677
58196
62752
28676
28677
46400
46397
62753
46398
46404
46405
58197
62754
28681
28682
46449
28681
46446
28681
28682
29205
46450
46448
46453
29207
46455
28686
28687
46463
28686
62762
28686
28687
29211
46464
46467
62764
29213
46469
65707
65708
65709
65467
65468
65469
28694
28695
28696
46513
46519
28695
28696
46514
58163
28694
28695
28694
28696
46520
46523
46517
46518
46524
58164
28701
28702
28703
46533
46540
28701
28702
46534
28702
28703
28722
46541
28701
28703
28723
46538
46539
46544
28725
46546
28706
28707
28708
46554
46558
46565
28706
28708
28728
46555
57168
46556
46562
57169
46563
46569
28729
46557
46571
64619
64620
64621
64623
64626
64627
64628
28717
28718
28719
46600
62782
62785
28717
28718
28718
28719
46601
28717
28719
62783
62787
46603
62784
28724
28725
28726
46692
46696
62794
28724
28726
28740
28724
28725
46697
28725
28726
28742
62795
46700
46701
62796
28745
46695
62797
28729
28730
46748
46753
62801
28729
28730
46749
58175
46751
46755
46752
58177
62802
28751
28736
28737
28738
46777
46783
46784
28737
28738
46778
28736
28737
28736
28738
46785
46788
46781
46782
46789
28743
28744
28745
46869
46873
62823
28744
28745
28743
28744
46874
28743
28745
62824
46877
62825
46878
46872
62826
28748
28749
46925
46930
62830
28748
28749
46926
58185
46928
46932
46929
58187
62832
64630
64631
64632
64634
64637
64638
64639
28758
28759
28760
46970
62837
62840
28759
28760
28781
29284
28758
28759
28782
46971
28758
28760
29285
28784
46974
62838
29288
62839
62843
28765
28766
28767
47091
47097
47102
28765
28767
28765
28766
47098
57173
28766
28767
47103
58192
47094
47100
57174
47101
47105
47096
47106
28803
65767
65768
65769
64641
64642
28774
64643
64644
47126
47133
62856
65474
65475
65476
65480
65481
65482
28778
28779
28780
47158
47165
47169
28778
28779
28811
47159
28779
28780
28812
47170
58200
47162
28814
47164
47172
47168
47173
58201
28784
28784
28785
28794
47187
28785
28795
57192
47190
28796
47192
62861
28790
28791
28792
47193
47198
28790
28792
47194
28790
28791
58188
62864
28791
28792
47199
47196
62865
47202
58189
62866
47197
47204
58194
28796
28797
47244
28796
47241
28796
28797
29332
47245
47243
47248
29335
47250
28801
28802
47258
28801
28806
62877
28801
28802
28807
29338
47259
28808
47263
62879
29341
47264
65712
65713
65714
65485
65486
65487
28809
28890
28808
28809
28891
47309
28808
29355
47312
62886
28893
47314
28814
28815
28816
47315
47320
28814
28815
47316
28814
28816
58207
62889
28815
28816
47321
47318
62890
47319
47324
47326
58208
62891
28819
28822
47331
28819
28824
28827
47333
62894
28915
64649
64650
28825
28826
28827
47334
47339
28826
28827
47335
28825
28826
28825
28827
47340
47343
47338
47344
28832
28833
28834
47353
47360
28832
28833
47354
28833
28834
28850
47361
28832
28834
28851
47358
47359
47364
28853
47366
28838
28839
28840
47374
47378
47385
28838
28840
28856
47375
57178
28839
28840
47386
47376
47382
57179
47383
47389
28857
47377
47391
28845
28846
28847
47418
62906
62909
28845
28846
28846
28847
47419
28845
28847
62907
62911
47421
62908
28852
28853
28854
47521
47527
62921
28852
28854
28926
47522
28852
28853
47528
28853
28854
28927
47525
47530
47531
62922
28930
47526
62923
28857
28858
47570
47575
47579
28857
28858
47571
58198
47573
47577
47574
47580
58199
64652
64653
28861
32936
32937
32939
47127
47129
47132
32948
32949
32950
47153
47154
47157
47642
47643
47646
64654
64655
28866
28867
28868
47602
47608
62936
28866
28867
47603
28867
28868
28871
28866
28868
28872
47609
47606
47611
47607
62937
28874
47613
28873
28874
28875
47681
47686
28873
28875
28908
47682
28873
28874
28874
28875
28909
47687
47690
28910
47685
47692
28880
28881
28882
47700
47707
28881
28882
28952
47701
28880
28881
28898
47708
28880
28882
28899
28953
28900
47712
47705
47713
28956
47706
28886
28887
28888
47721
47725
47732
28886
28887
28904
47722
58203
28887
28888
47733
47723
47729
58204
28905
47724
47737
47731
47738
28893
28894
28895
47765
62963
62966
28893
28895
29408
28893
28894
47766
28894
28895
29409
47768
62964
29412
62965
62969
28900
28901
28902
47868
47874
62978
28901
28902
28974
47869
28900
28901
47875
28900
28902
28975
47877
62979
47872
47879
28977
47873
62980
28905
28906
47917
47922
47926
28905
28906
47918
58209
47920
47924
47921
47927
58210
64656
64657
28910
47944
28910
47946
62993
64658
64659
28914
47947
28914
47949
62996
64661
64662
28920
28921
28922
47955
47961
62999
28921
28922
47956
28920
28921
28920
28922
47962
47964
47959
63000
47960
47965
28924
33017
33018
33020
35685
35687
35690
33022
33023
33024
35704
35705
35708
48024
48025
48028
64664
64665
28929
28930
28931
48038
48044
63017
28930
28931
48039
28929
28930
28929
28931
48045
48047
63018
48042
63019
48043
48048
28934
28935
48087
48092
48096
28934
28935
48088
58217
48090
48094
48091
48098
58218
64666
64667
28941
28942
28943
48142
63039
63042
28942
28943
29009
29444
28941
28942
29010
48143
28941
28943
29445
29012
48146
63040
29448
63041
63045
28948
28949
28950
48228
48233
28948
28949
48229
28949
28950
28966
28948
28950
28967
48234
48232
48237
28969
48239
28955
28956
28957
48247
48254
28955
28956
48248
28956
28957
28975
28955
28957
28976
48255
48252
48258
48253
28978
48260
28961
28962
28963
48268
48272
48279
28962
28963
28981
48269
58223
28961
28963
48280
48276
48283
48270
48278
58224
28982
48271
48285
28968
28969
28970
48302
48308
63056
28968
28970
48303
28968
28969
28969
28970
48309
48306
63057
48311
48307
48313
28972
33086
33087
33089
49547
49549
49552
33098
33099
33100
48375
48376
48378
49573
49574
49576
64668
64669
28977
28978
28979
48385
48391
63074
28977
28979
48386
28977
28978
28978
28979
48392
48389
63075
48394
63076
48390
48396
28982
28983
48434
48439
48443
28982
28983
48435
58228
48437
48441
48438
48445
58229
64670
64671
28989
28990
28991
48489
63096
63099
28990
28991
29174
29492
28989
28990
29175
48490
28989
28991
29493
29177
48493
63097
29495
63098
63102
28996
28997
28998
48608
48614
48619
28996
28998
28996
28997
48615
57181
28997
28998
48620
58236
48611
48617
48618
48622
48613
48623
58237
29031
65771
65772
65773
64672
29002
45294
45296
45299
48620
48621
48623
48647
48648
48650
58236
58237
48631
48632
48634
48652
48653
48656
63116
29006
29007
29008
48665
48671
48676
29006
29007
29039
48666
29007
29008
29040
48677
58240
48668
48673
29042
48670
48679
48675
48680
29012
29012
29013
29022
48695
29013
29023
48698
29024
48700
63132
29018
29019
29020
48701
48706
29018
29020
48702
29018
29019
58220
63135
29019
29020
48707
48704
63136
48710
58221
63137
48705
48712
29024
29025
48751
29024
63142
29024
29025
29528
48752
48755
63144
29531
48757
29029
29030
48774
29029
29034
48771
29029
29030
29035
29534
48775
29036
48773
48779
29537
48780
65717
65718
65719
65492
65493
65494
29037
29077
29036
29037
29078
48820
29036
58351
48823
63154
29080
48825
29042
29043
29044
48826
48831
29042
29043
48827
29042
29044
58245
63157
29043
29044
48832
48829
63158
48830
48835
58239
48837
58246
63159
29073
29050
29051
29052
48847
48853
48854
29050
29051
48848
29051
29052
29055
29050
29052
29056
48855
48851
48858
48852
29058
48860
29057
29058
29059
48931
48937
29057
29059
48932
58266
29057
29058
29058
29059
48938
48935
48941
48936
48943
58267
29064
29065
29066
48951
48958
29065
29066
29102
48952
29064
29065
29085
29103
29064
29066
29086
48959
29087
48963
29106
48956
48957
48964
29069
29070
29071
48972
48976
48983
29069
29070
29091
48973
58242
48974
48980
58243
29092
48975
48988
48982
48989
64676
64677
64678
64680
64683
64684
64685
29080
29081
29082
49004
63191
63194
29080
29082
29567
29080
29081
49005
29081
29082
29568
49007
63192
29571
63193
63197
29087
29088
29089
49110
49114
63205
29088
29089
29122
29087
29088
29123
63206
29087
29089
49115
49118
63207
29125
49113
63208
49120
29092
29093
49166
49171
63212
29092
29093
49167
58247
49169
49173
49170
58249
63213
29098
29099
29100
49190
49196
29098
29099
49191
57184
29099
29100
29116
29098
29100
29117
49197
49194
49200
57185
49195
29119
49202
29105
29106
29107
49210
49217
29105
29106
49211
29106
29107
29123
29105
29107
29124
49218
49215
49221
49216
29126
49223
29110
29111
29112
49231
49235
49242
29111
29112
29129
49232
58252
49239
49246
49233
49241
58253
29130
49234
49248
29133
29118
29119
29120
49265
49271
49272
29118
29120
49266
29118
29119
29119
29120
49273
49269
49276
49270
49278
29125
29126
29127
49353
49357
63243
29125
29127
29125
29126
63244
29126
29127
49358
49356
63245
49361
63246
49363
29130
29131
49409
49414
63250
29130
29131
49410
58257
49412
49416
49413
58259
63252
64687
64688
64689
64691
64694
64695
64696
29140
29141
29142
49440
63255
63258
29141
29142
29186
29615
29140
29141
29187
49441
29140
29142
29616
29189
49444
63256
29618
63257
63261
64698
29147
64699
64700
49546
49553
63269
65499
65500
65501
65505
65506
65507
29151
29152
29153
49578
49585
49589
29151
29153
29180
49579
29152
29153
29181
49590
58226
49582
49587
49592
58227
29184
49584
49593
29155
35790
35791
35793
45903
45905
45908
49615
49616
49618
58262
58263
35801
35802
35804
49620
49621
49624
63275
29159
29160
29161
49633
49639
49644
29159
29161
29192
49634
29160
29161
29193
49645
58250
49636
49641
49642
49647
29196
49638
49648
29165
29166
49696
29166
29175
63293
29165
29166
29176
49697
49700
29178
49702
63295
29170
29171
49719
29171
29187
49716
29170
29171
29188
49720
49723
29190
49718
49725
65722
65723
65724
65510
65511
65512
29177
29177
29178
49766
29178
29655
49769
49770
63305
29183
29184
29185
49772
49777
29184
29185
49773
29183
29184
58231
63308
29183
29185
49778
49781
58232
63309
49775
63310
49776
49782
29189
29189
29190
49788
29190
58379
49791
49792
63313
29195
29196
29197
49794
49799
29196
29197
49795
29195
29196
58255
63316
29195
29197
49800
49803
58256
63317
49797
63318
49798
49804
58265
64705
64706
64707
29203
29211
29203
29212
63326
29214
29207
29208
29209
49815
49821
29207
29208
49816
58268
29208
29209
49822
58269
58271
49818
49819
49825
58270
49827
29213
29214
29215
49845
49851
29213
29214
49846
29214
29215
49852
58291
49848
49849
49855
49857
65517
65518
65519
65522
65523
65524
29221
29222
49878
49885
63334
29222
29244
49879
29221
29222
29235
29245
49886
29236
49889
29247
49884
49890
29226
29227
49905
49912
63340
29227
29373
49906
29226
29227
29239
29374
49913
29240
49916
29376
49911
49917
54343
54344
54345
64709
64710
64711
29673
65527
65528
65529
54353
54354
54355
64720
64721
64722
54362
54363
54364
29236
29237
49928
29236
29237
29278
49929
49932
29280
49934
63347
29240
29241
49951
29240
29241
29395
49952
49955
29397
49957
49959
64725
64726
29246
29248
29277
50047
57189
29246
29247
50049
57190
29247
29248
29278
50048
50052
57191
50053
29281
29251
29252
50054
50058
50065
29251
29252
29263
50055
57187
50056
50062
57188
29264
50057
50069
29254
29277
50078
57189
29282
50082
50083
29259
29260
29261
50087
50094
29260
29261
29266
50088
29259
29260
29267
29259
29261
50095
58276
29269
50092
50093
50097
58277
29264
50112
63376
29264
50113
50117
63378
29269
29270
50188
50193
63392
29269
50189
29269
29270
29690
29270
29691
50191
63393
29693
50196
63394
29273
29274
29275
50205
50210
50216
29273
29275
50206
50208
50213
50214
50220
50209
50222
58383
29280
29281
29282
50234
29281
29282
63402
29280
29281
63405
29280
29282
50235
50238
63406
50239
63404
29287
29288
29289
50279
50284
63428
29287
29288
29288
29289
29287
29289
50285
57193
58284
50287
50281
63429
50283
50289
64727
64728
29294
29295
29325
50345
58281
29294
29296
29346
50347
58282
29295
29296
29326
29347
50346
50350
58283
29328
29348
50351
29299
50359
63438
29299
29307
50360
29309
50365
63441
29304
29305
50435
50440
63454
29305
29313
50436
29304
29305
29314
29304
50442
63455
29316
50439
63456
29308
29309
50452
50456
50463
29308
29309
50453
58279
50454
50460
58280
50455
50466
29311
29325
50476
58281
29329
50480
50481
29316
29317
29318
50485
50492
29316
29317
50486
29316
29318
29714
29317
29318
29715
50493
58289
50489
50491
50495
58290
29717
29321
29322
29323
50503
50508
50514
29322
29323
50504
50511
50518
50506
50513
50507
50520
58388
29328
29329
29330
50532
29328
29329
63473
29328
29330
29365
63476
29329
29330
50533
50536
63475
29366
50538
63477
29334
29335
29336
50554
50560
29334
29335
50555
57192
29334
29336
50561
57193
58284
50557
50564
57194
50558
50565
29340
29341
29342
50584
50590
29341
29342
29355
50585
29340
29342
29356
50591
57202
50594
50587
29357
50589
50596
65532
65533
65534
65537
65538
65539
29348
29349
50617
50624
63491
29348
50618
29348
29349
29365
50625
50622
50627
29367
50629
29353
29354
50644
50651
63497
29353
50645
29353
29354
29369
50652
50648
50654
29370
50656
29357
29357
29410
63503
54369
54370
54371
64730
64731
64732
29729
65542
65543
65544
54379
54380
54381
64741
64742
64743
54388
54389
54390
29366
29367
50667
29366
29367
50668
50671
63505
50672
29370
29371
50690
29370
29371
29420
50691
50694
29423
50696
50698
29375
29377
29394
57199
63509
29375
29376
50711
57200
29376
29377
29395
50714
57201
63510
50715
29398
29380
29381
50793
50800
50804
29380
29381
50801
57196
58295
50797
50802
57198
50803
50809
58296
29386
29387
29388
50826
50833
29387
29388
29402
50827
29386
29387
29400
50834
29386
29388
29403
50831
50836
29405
50832
29391
29392
50843
50848
50854
29391
29392
50844
50846
50851
50847
50860
58393
29397
29398
29399
50877
29398
29399
50873
58292
29397
29398
29397
29399
50878
50876
50881
50875
50882
58293
50891
58395
29405
29406
50977
50982
63562
29405
50978
29405
29406
29750
29406
29751
50980
63563
29753
50985
63564
29411
29412
29413
51025
51031
29412
29413
29411
29412
51026
29411
29413
51032
57202
51028
51034
51029
63574
51035
29416
29417
51175
51180
51186
29416
29417
51176
51178
51190
57206
51179
51183
29422
29423
29424
51209
29422
29424
51205
58308
29422
29423
29423
29424
51210
51208
51213
51207
51215
58309
29432
51223
57208
29428
29429
51227
51234
51238
29428
29429
51235
58302
58311
51231
51236
58304
51237
51243
58312
29434
29435
29436
51260
51267
29434
29435
29438
51261
29434
29436
29769
51268
29435
29436
29439
29770
51264
51270
29441
51266
29441
29442
51359
51364
63631
29441
51360
29441
29442
29784
29442
29785
51362
63632
29786
51367
63633
29447
29448
29449
51407
51413
29447
29448
29448
29449
51408
29447
29449
51414
58324
51416
51410
63647
51412
51418
29453
29454
29478
58321
63653
29453
29455
29542
51480
58322
29454
29455
29479
29543
51483
58323
63654
29481
29544
51484
29460
29461
51567
51572
63673
29461
29467
51568
29460
29460
29461
29468
51574
63674
29470
51571
63675
29464
29465
51588
51592
51599
29464
29465
51589
58318
58326
51590
51596
58320
51591
51602
58327
29470
29471
29472
51621
51628
29470
29471
51622
29470
29472
29803
29471
29472
29484
29804
51629
51625
51627
51631
29475
29476
51638
51643
51649
29475
29476
51639
51641
51648
51642
51655
58400
29481
29482
29483
51672
29481
29482
51668
58332
29481
29483
29559
29482
29483
51673
51670
51676
58333
29560
51671
51678
51686
58402
29489
29490
29509
58339
63712
29488
29489
51767
58340
29488
29490
29510
51770
51771
58341
63713
29512
29495
29496
29497
51799
51805
29495
29497
29495
29496
51800
29496
29497
29656
51806
58334
51802
63728
51803
51808
51810
29502
29503
51954
51959
63748
29502
29521
51955
29503
29820
29502
29503
29522
29821
29524
51958
63749
29823
51962
63750
29506
29507
51975
51980
51986
29506
29507
51976
51978
51985
51979
51992
58405
29512
29513
29514
52009
29512
29513
52005
58349
29512
29514
29666
29513
29514
52010
52007
52014
58350
29668
52008
52015
29523
52023
58407
29518
29519
52027
52031
52038
29518
29519
52028
58336
58343
52029
52035
58338
52030
52041
58344
29524
29525
29526
52060
52067
29524
29525
52061
29524
29526
29841
29525
29526
29842
52068
52064
52065
52070
29530
29531
29532
52084
52090
29530
29531
52085
29530
29532
52091
58324
52087
52094
52088
52095
29536
29537
29538
52112
52118
29537
29538
52113
58351
29536
29538
52119
57203
58352
52122
52115
52117
52124
58353
65547
65548
65549
65552
65553
65554
29544
29545
52146
52153
63772
29544
52147
29544
29545
29559
52154
52151
52156
29561
52158
29549
29550
52172
52179
63778
29549
52173
29549
29550
29563
52180
52176
52182
29564
52184
64747
54395
54396
54397
64750
64751
64752
64757
64758
64759
54405
54406
54407
29845
65557
65558
65559
54414
54415
54416
29560
29561
52196
29560
29561
52197
52200
52204
52201
29564
29565
52221
29564
29565
29580
52222
52225
29583
52227
63785
29570
29571
29572
52269
52274
63795
29571
29572
29570
29571
29570
29572
52275
57203
58352
52271
52277
52272
63796
52278
29575
29576
29577
52410
52415
52421
29575
29576
52411
52413
52425
57211
52414
52418
52420
52427
29582
29583
29584
52439
29582
29584
29589
63833
29582
29583
63836
29583
29584
52440
52443
63837
29590
52445
63835
29587
29588
52455
52462
52466
29587
29588
29599
52463
58355
52459
52464
58356
29600
52465
52471
29590
52479
58357
52482
52484
29595
29596
29597
52488
52495
29595
29596
29602
52489
29595
29597
29858
52496
58360
29596
29597
29604
29859
52492
52498
58361
29605
52494
29861
29600
52513
63853
29600
52514
52518
63855
29605
29606
52589
52594
63869
29605
52590
29606
29872
29605
29606
29873
52592
63870
29874
52597
63871
64764
64765
29612
29613
29627
52606
58370
29611
29612
52608
58371
29611
29613
29628
52611
52607
52612
58372
29630
29618
29619
29620
52717
52722
63904
29618
29620
29618
29619
29619
29620
52723
58366
58380
52719
63905
52720
52725
52727
29623
29624
29625
52783
52788
52794
29624
29625
52784
52792
52799
52786
52793
52787
52800
58411
29630
29631
29632
52812
29630
29631
29646
63923
29630
29632
29670
63926
29631
29632
52813
29647
52817
63925
29672
52818
63927
29635
52835
63934
29635
29643
52836
29645
52841
63937
29640
29641
52911
52916
63950
29640
29649
52912
29641
29900
29640
29641
29651
29901
29653
52915
63951
29903
52919
63952
29644
29645
52928
52935
52939
29644
29645
52936
58368
52932
52937
58369
52938
52943
29647
52952
58370
52955
52957
29652
29653
29654
52961
52968
29652
29653
52962
29652
29654
29914
52969
58373
29653
29654
29915
52965
52971
58374
52966
29916
29657
29657
63966
64766
54421
54422
54423
64767
64768
64769
64776
64777
64778
54431
54432
54433
65562
65563
65564
54440
54441
54442
29667
29668
52983
29667
29668
52984
52987
52988
52991
29671
29672
53008
29671
29672
53009
53012
53013
63968
65727
65728
65729
64783
29678
29679
29680
53031
53036
63972
29678
29679
53032
54267
29678
29680
53037
54268
53034
53039
54269
53035
53040
63974
29683
29709
53055
29683
29710
53059
54270
29711
53058
53062
29686
29687
53070
53074
53078
29686
29687
53071
58273
53072
53081
53073
53076
58275
29692
29693
29694
53093
53100
29692
29694
53094
29692
29693
29693
29694
53101
53097
53104
53099
53106
29699
29700
29701
53114
53121
29699
29701
53115
54635
29700
29701
53122
29699
29700
54636
53118
54637
53125
53120
53127
29706
29707
29708
53135
53140
29707
29708
29709
53136
29706
29707
53141
54555
29706
29708
54556
53143
54557
53138
53144
29711
53242
29711
54271
54306
53244
54308
29723
63992
29716
29718
53245
58389
29716
29717
29717
29718
58390
63994
53247
53248
58391
63995
29721
29723
53249
29721
54275
54309
53251
54311
29726
29727
29728
53252
53257
29727
29728
53253
29726
29727
53258
54558
29726
29728
54559
53260
54560
53255
53261
65731
65732
65733
64784
29734
29735
29736
53363
53368
64007
29734
29736
53364
54278
29734
29735
53369
54279
53366
53371
54280
53372
64009
53367
29741
29742
29743
53387
53393
29742
29743
29762
53388
57204
29741
29742
53394
54643
29741
29743
29763
54644
53396
54645
53390
53397
53392
29746
29747
53502
53506
53510
29746
29747
53503
58298
53504
53513
53505
53508
58300
29752
29753
29754
53522
53529
29752
29754
53523
29752
29753
29753
29754
53530
53526
53533
53528
53535
29759
29760
29761
53543
53550
29759
29761
53544
60157
29760
29761
53551
29759
29760
60158
53547
60159
53554
53549
53556
29765
54546
64033
54281
29765
54282
54547
54582
54548
54584
64035
64785
64786
64787
29771
29772
29783
53564
57207
29771
57208
64037
29772
29784
53566
57209
64039
29787
29776
54549
64040
54283
29776
54284
54550
54585
54551
54587
64042
64788
29780
29781
53585
53589
53593
29780
29781
29815
53586
58314
53587
53591
58316
29817
53588
53597
29786
29787
29788
53605
53612
29787
29788
53606
29786
29787
29786
29788
53613
53616
53609
53610
53617
29793
29794
29795
53626
53633
29793
29794
53627
60162
29794
29795
29827
53634
29793
29795
29828
60163
53630
60164
53631
53637
29831
53639
29799
29808
54543
64058
29799
54285
54544
54588
29809
54286
54545
54590
64060
64789
64790
64791
29805
29806
53647
58401
29805
29806
58402
64062
53649
58403
64064
29811
29812
29813
53652
53658
29812
29813
53653
58398
29811
29812
54649
29811
29813
53659
54650
53661
54651
53655
53656
53662
29816
29817
53767
53771
53775
29816
29817
53768
58346
53769
53773
58348
53770
53778
29822
29823
29824
53787
53794
29822
29824
29840
53788
29822
29823
53795
29823
29824
29841
53791
53798
53799
29843
53793
29829
29830
29831
53808
53815
29829
29830
53809
60174
29830
29831
53816
29829
29831
60175
53812
60176
53813
53819
53820
29836
29837
29838
53829
53835
29837
29838
53830
58409
29836
29837
54652
29836
29838
53836
54653
53838
54654
53832
53834
53840
64792
64793
29843
29844
53928
58406
29843
29844
58407
64097
53930
58408
64099
65735
65736
65737
64794
29850
29851
29852
53937
53942
64103
29850
29852
53938
54289
29850
29851
53943
54290
53940
53945
54291
53946
53941
64105
29855
29863
53961
29855
29864
54293
54312
29865
53963
54314
29863
64107
29860
29862
29871
53964
57212
29860
29861
57213
64109
29861
29862
29873
53966
57214
64110
29876
53967
29865
53968
29865
53972
54295
53970
53974
29868
29869
53983
53987
53991
29868
29869
29895
53984
58363
53985
53989
58365
29897
53986
53995
29874
29875
29876
54006
54013
29875
29876
54007
29874
29875
54014
29874
29876
54017
54010
54018
54011
29881
29882
29883
54027
54034
29881
29882
54028
54656
29882
29883
29907
54035
29881
29883
29908
54657
54031
54658
54032
54038
29911
54040
29888
29889
29890
54048
54053
29889
29890
29912
54049
29888
29889
54572
29888
29890
54054
54573
54056
54574
54052
54058
29893
29912
54155
29893
54159
54299
54157
54161
29896
29897
54170
54174
54178
29896
29897
54171
58376
54172
54176
58378
54173
54181
29902
29903
29904
54193
54200
29902
29904
29913
54194
29902
29903
54201
29903
29904
29915
54197
54204
54205
29918
54199
29909
29910
29911
54214
54221
29909
29910
54215
54660
29910
29911
54222
29909
29911
54661
54218
54662
54219
54225
54226
64138
29917
29918
54235
58412
29916
29917
58413
64140
29916
29918
54237
58414
64141
54238
29922
29923
54667
29922
29925
29926
29923
29925
29933
29924
29928
54668
29924
29935
54669
29925
29929
29936
54670
29931
29938
29928
29931
29928
29932
33706
59447
29929
59448
29931
29932
29940
59449
29931
29932
29941
33710
29944
29945
33711
59450
29935
29938
29935
29939
33734
59451
29936
59452
29938
29939
29940
59453
29938
29939
29942
33738
29944
29946
33739
59454
29944
29945
29946
59455
29944
29945
33714
29944
29946
33742
29945
29946
33715
33743
59456
33717
59457
33745
59458
29949
29952
30493
54671
29949
29953
29955
29950
29956
54672
29952
29953
29957
29968
54673
29952
29953
29969
30497
29972
30498
54674
29960
29973
29956
29959
33790
59459
29956
29960
29957
59460
29959
29960
29961
59461
29959
29960
29962
33794
29965
33795
59462
29966
29965
29966
29967
29968
59467
29965
29966
33798
29965
29967
33799
33812
59468
29966
29967
29970
33813
33801
59469
29973
29974
33815
59470
29972
29973
29974
59463
29972
29973
30515
29973
29974
33826
29972
29974
30517
33827
59464
30518
59465
33829
59466
29977
29980
30521
54679
29977
29981
29983
29978
29984
54680
29980
29981
29985
29996
54681
29980
29981
29997
30525
30000
30526
54682
29988
30001
29984
29987
33874
59471
29984
29988
29985
59472
29987
29988
29989
59473
29987
29988
29990
33878
29993
33879
59474
29994
29993
29994
29995
29996
59479
29993
29994
33882
29993
29995
33883
33896
59480
29994
29995
29998
33897
33885
59481
30001
30002
33899
59482
30000
30001
30002
59475
30000
30001
30543
30001
30002
33910
30000
30002
30545
33911
59476
30546
59477
33913
59478
30007
30008
30009
30017
30024
59491
30007
30008
33952
33980
59492
30007
30009
30018
33953
30008
30009
30025
33981
30022
33955
59493
30029
33983
59494
30023
30030
30014
30015
30016
30017
30024
54683
30014
30015
30613
30669
54684
30014
30016
30020
30614
30015
30016
30027
30670
30021
30616
54685
30028
30672
54686
30023
30030
30021
30022
30023
59483
30022
30023
33966
30021
30022
30621
33967
59484
30021
30023
30622
30623
59485
33969
59486
30028
30029
30030
59487
30029
30030
33994
30028
30029
30677
33995
59488
30028
30030
30678
30679
59489
33997
59490
30033
30036
31192
30033
30037
30038
60479
30034
30039
30036
30037
30040
30050
30036
30037
30051
31196
30054
31197
30042
30055
60480
30039
30042
34217
30040
30042
30043
30042
30044
34219
64229
30047
34220
30047
30048
30049
30050
30047
30048
34221
64231
30047
30049
30052
34222
34268
30048
30049
34269
64232
30055
34223
30056
34271
30054
30055
30056
30054
30055
31206
30055
30056
34285
30054
30056
31207
34286
59498
31208
59499
60481
34288
30059
30062
31405
30059
30063
30060
59501
30062
30063
30077
59502
30062
30063
30078
31409
30080
31410
30066
30069
30066
30070
34518
59500
30067
59501
30069
30070
30082
59502
30069
30070
30083
34519
64193
30086
30087
34520
30074
30075
30076
30077
30082
30074
30076
30079
34528
59828
30075
30076
30085
34529
30080
59829
30086
30081
30088
34530
30080
30081
59503
30080
31425
30080
30081
31427
34539
31428
34540
30086
30087
30088
59503
30086
30087
34522
64194
30087
30088
34543
30086
30088
34544
64195
34524
34546
30091
30094
31634
54703
30091
30095
30096
60509
30092
30097
30094
30095
30098
30108
30094
30095
30109
31638
30112
31639
54704
30100
30113
60510
30097
30100
34554
30098
30100
30101
30100
30102
34549
34556
30106
34557
30105
30106
30107
30108
30105
30106
34551
34559
30105
30107
34606
30106
30107
30110
34560
34607
30113
34561
30114
34609
30112
30113
30114
30112
30113
31647
30113
30114
34624
30112
30114
31648
34625
59504
31649
59505
60511
34626
59506
30117
30120
30117
30121
34779
59507
30118
59508
30120
30121
30134
59509
30120
30121
30135
34780
59846
30138
30139
34781
59510
30124
30127
31703
30124
30125
59508
30127
30141
59509
30127
30142
31707
30144
31708
30131
30132
30133
30134
30141
30131
30133
30137
34789
30132
30133
30143
34790
59863
30138
30144
59864
30140
30145
34791
30138
30139
30140
59511
30138
30139
34783
59847
30139
30140
34800
30138
30140
34801
59848
34785
34803
59512
30144
30145
59511
30144
31723
30144
30145
31725
60541
31726
59512
60542
30150
30151
30152
30150
30151
31914
59872
30150
30152
30154
34808
59873
30151
30152
31915
34809
30155
59874
31917
34810
30155
31783
59514
30155
31784
34821
31785
59515
30160
30161
30162
30178
30185
59516
30160
30161
30179
64261
65633
30160
30162
34855
65634
30161
30162
34856
30183
59517
65636
30184
30188
34858
59518
30166
30167
30168
30178
59516
30166
30167
31137
30166
30168
30180
31138
30182
31140
30183
59517
30170
30178
30185
30182
31143
30175
30176
30177
30185
59516
30175
30176
32009
30175
30177
30176
30177
30186
32010
34863
30187
32012
30188
34864
59518
30182
30183
30184
30183
30184
65297
30182
30183
31146
65298
30182
30184
31147
65300
30187
30188
30187
30188
34874
34875
30191
31287
32096
30191
30199
32097
30201
32099
30196
30197
30198
30196
30197
31944
32102
30196
30198
31945
34916
30197
30198
30200
32103
34917
31946
30201
32104
34918
30201
32107
30201
32108
34929
32109
30206
30207
30208
30212
30206
30207
31297
32194
30206
30208
31298
34938
30207
30208
30214
32195
34939
31300
30216
32196
30217
34940
30211
32198
30211
30215
32199
64272
30216
32201
30216
30217
30217
34954
64277
30216
30217
32204
34955
30216
32205
64278
32206
34957
30222
30223
30224
30232
30239
59521
30222
30223
30233
34984
30222
30224
30240
35015
30223
30224
34985
35016
59522
30237
30244
30238
34987
59523
30245
35017
59524
30229
30230
30231
30232
30239
30229
30230
31438
32250
30229
30231
30234
31439
64281
30230
30231
30241
32251
64282
30236
31441
30243
32253
30237
30244
30236
30237
30238
30237
30238
35002
30236
30237
31446
64283
30236
30238
31447
35003
31448
35005
30243
30244
30245
30244
30245
35030
30243
30244
32258
30243
30245
32259
35031
59519
32260
35033
59520
30250
30251
30252
30264
30271
59528
30250
30251
30265
35095
35096
30250
30252
30272
35109
30251
30252
35097
35110
30269
30270
35099
59529
30275
35112
59530
30256
30257
30264
59528
30256
31519
30256
30257
30267
31520
30268
31521
30270
59529
30261
30262
30263
30271
59528
30261
30262
32358
30261
30263
30273
32359
35117
30274
32361
30275
35118
59530
30268
30269
30270
59525
30269
30270
35102
30268
30269
30268
30270
31526
35103
31527
59526
35105
30274
30275
59525
30275
35128
30274
30275
35129
59527
35130
30280
30281
30282
30283
30280
30281
31666
59977
30280
30282
31667
35179
30281
30282
30285
35180
59978
31669
30287
59979
30288
35181
30287
30288
30288
35196
35202
30287
30288
32536
35197
30287
32537
35203
59532
32538
59533
35199
30293
30294
30295
30303
30310
30293
30294
30304
35227
30293
30295
35228
35257
59536
30294
30295
30311
35258
30308
35230
30309
30315
30316
35260
59537
30300
30301
30302
30303
30310
30300
30301
31735
32704
30300
30302
30306
31736
64284
30301
30302
30312
32705
30307
31738
30314
32707
30309
30315
30307
30308
30309
30308
30309
35245
30307
30308
31743
35246
30307
30309
31744
64285
31745
35248
30314
30315
30316
30315
30316
35276
30314
30315
32712
30314
30316
32713
35277
59534
32714
35279
59535
30321
30322
30323
30330
30337
30321
30322
30331
35311
30321
30323
35312
35347
30322
30323
30338
35348
60646
30335
35313
59541
30336
30340
60647
30341
35350
30328
30329
30330
30337
30328
31981
30328
30329
30333
31982
60648
30329
30339
60027
60649
30334
31984
30336
30340
60650
30334
30335
30336
30335
30336
30334
30335
31988
35330
59538
30334
30336
31989
31990
59539
35331
59540
30340
30341
30340
30341
35342
60653
30340
32785
35343
35345
30344
32018
32782
30344
30351
32783
35405
30353
32784
30348
32789
60021
30348
30349
30352
35425
60022
30349
32790
35426
30353
60023
30355
35427
30354
30355
35417
35438
30353
30354
35418
60024
30353
30355
35439
60025
60026
35420
35441
32841
35483
59543
30361
30362
30363
30370
30377
30361
30362
30371
35525
30361
30363
30378
35550
64286
30362
30363
35526
35551
30375
30380
64287
30376
35527
59548
30381
35553
30368
30369
30370
30377
30368
32164
30368
30369
30372
32165
30369
30379
64218
30374
32167
30375
30380
30374
30375
30376
59544
30375
30376
30374
30375
32176
30374
30376
32177
35542
59545
32178
59546
35543
59547
30380
30381
30380
30381
60697
30380
64220
30384
33002
59956
30384
30392
33003
35610
30394
33004
30388
32886
33005
30389
32887
35629
30388
30389
30393
33006
35630
30394
33007
30396
35631
30394
30395
30396
30395
30396
35621
35642
30394
30395
35622
60078
30394
30396
35643
60079
60080
35624
35645
30399
32474
33062
30399
33063
35678
59549
33064
59551
30402
32999
33065
30402
33066
59550
64289
33068
59551
30405
32766
33197
30405
33198
35810
59555
33199
59557
30410
30411
30412
30420
30427
30410
30411
30421
35932
60754
30410
30412
30411
30412
30428
35950
60755
30425
35934
30426
30432
30433
35952
30417
30418
30419
30420
30427
30417
30418
32858
33303
30417
30419
30423
32859
30418
30419
30429
33304
30424
32861
30431
33306
30426
30432
30424
30425
30426
30425
30426
35941
30424
30425
32866
35942
30424
30426
32867
32868
35944
30431
30432
30433
30432
30433
35957
60756
30431
30432
33311
30431
30433
33312
35958
33313
35960
30438
30439
30440
30448
30455
30438
30439
30449
36112
60795
30438
30440
30456
36131
60796
30439
30440
30453
30460
60797
30454
36114
30461
30445
30446
30447
30448
30455
30445
30446
33044
33360
30445
30447
30450
33045
30446
30447
30457
33361
30452
33047
30459
33363
30453
30460
30452
30453
30454
30453
30454
36122
30452
30453
33052
30452
30454
33053
36123
33054
36125
30459
30460
30461
30460
30461
36137
60798
30459
30460
33368
30459
30461
33369
36138
33370
36140
30465
30466
30467
30473
30479
30465
30467
30474
33529
36663
30466
30467
30481
36664
60171
30476
33531
30483
30477
30484
36665
30471
30472
30473
30486
30471
30472
30475
33534
65639
30472
30488
60181
65640
30476
33536
30478
30491
65641
30476
30477
30478
59562
30476
30477
33540
30476
30478
33541
33542
30483
30484
30485
59562
59564
30484
30485
36677
30483
30484
60172
60886
30483
30485
36678
36680
59563
59565
30490
30491
30492
59562
59564
30491
30492
36684
30490
30491
60182
64305
30490
30492
36685
36687
59563
59565
30495
30498
55097
30495
30499
30501
30496
30502
55098
30498
30499
30503
30514
55099
30498
30499
30515
30518
55100
30506
30519
30502
30505
36697
59570
30502
30506
30503
59571
30505
30506
30507
59572
30505
30506
30508
36701
30511
36702
59573
30512
30511
30512
30513
30514
59578
30511
30512
36705
30512
30513
30516
36719
30511
30513
36707
36720
59579
36708
59580
30519
30520
36722
59581
30518
30519
30520
59574
30518
30519
30519
30520
36733
30518
30520
36734
59575
59576
36736
59577
30523
30526
55101
30523
30527
30529
30524
30530
55102
30526
30527
30531
30542
55103
30526
30527
30543
30546
55104
30534
30547
30530
30533
36781
59582
30530
30534
30531
59583
30533
30534
30535
59584
30533
30534
30536
36785
30539
36786
59585
30540
30539
30540
30541
30542
59590
30539
30540
36789
30540
30541
30544
36803
30539
30541
36791
36804
59591
36792
59592
30547
30548
36806
59593
30546
30547
30548
59586
30546
30547
30547
30548
36817
30546
30548
36818
59587
59588
36820
59589
30553
30554
30555
30563
30570
59602
30553
30554
36859
36887
59603
30553
30555
30564
36861
30554
30555
30571
36889
30568
36862
59604
30575
36890
59605
30569
30576
30560
30561
30562
30563
30570
55105
30560
30561
30613
30669
55106
30560
30562
30566
30615
30561
30562
30573
30671
30567
30617
55107
30574
30673
55108
30569
30576
30567
30568
30569
59594
30568
30569
36880
30567
30568
30628
36881
59595
30567
30569
30629
30630
59596
36883
59597
30574
30575
30576
59598
30575
30576
36908
30574
30575
30684
36909
59599
30574
30576
30685
30686
59600
36911
59601
30580
30581
55109
30580
30583
30584
30581
30583
30591
30582
30586
55110
30582
30593
55111
30583
30587
30594
55112
30589
30596
30586
30589
30586
30590
36977
59610
30587
59611
30589
30590
30598
59612
30589
30590
30599
36981
30602
30604
36982
59613
30593
30596
30593
30597
36949
59606
30594
59607
30596
30597
30598
59608
30596
30597
30600
36953
30602
30603
36954
59609
30602
30603
30604
59614
30602
30604
36985
30602
30603
36957
30603
30604
36959
36986
59615
36960
59616
36988
59617
30609
30610
30611
30619
30626
59626
30610
30611
30620
37055
30609
30610
37028
37056
59627
30609
30611
30627
37029
30631
37030
59628
30624
37058
59629
30625
30632
30616
30617
30618
30619
30626
55113
30616
30617
55114
30616
30618
30622
30617
30618
30629
30623
55115
30630
55116
30625
30632
30623
30624
30625
59622
30624
30625
37069
30623
30624
37070
59623
30623
30625
59624
37072
59625
30630
30631
30632
59618
30631
30632
37048
30630
30631
37049
59619
30630
30632
59620
37051
59621
30635
30638
30745
55117
30635
30639
30641
30636
30642
55118
30638
30639
30643
30654
55119
30638
30639
30655
30749
30658
30750
55120
30646
30659
30642
30645
37117
59630
30642
30646
30643
59631
30645
30646
30647
59632
30645
30646
30648
37121
30651
37122
59633
30652
30651
30652
30653
30654
59638
30651
30652
37125
30651
30653
37126
37139
59639
30652
30653
30656
37141
37128
59640
30659
30660
37142
59641
30658
30659
30660
59634
30658
30659
30767
30659
30660
37160
30658
30660
30769
37161
59635
30770
59636
37163
59637
30665
30666
30667
30675
30682
59662
30666
30667
30676
37223
30665
30666
37196
37224
59663
30665
30667
30683
37197
30687
37198
59664
30680
37226
59665
30681
30688
30672
30673
30674
30675
30682
55141
30672
30673
55142
30672
30674
30678
30673
30674
30685
30679
55143
30686
55144
30681
30688
30679
30680
30681
59658
30680
30681
37237
30679
30680
37238
59659
30679
30681
59660
37240
59661
30686
30687
30688
59654
30687
30688
37216
30686
30687
37217
59655
30686
30688
59656
37219
59657
30692
30693
55145
30692
30695
30696
30693
30695
30703
30694
30698
55146
30694
30705
55147
30695
30699
30706
55148
30701
30708
30698
30701
30698
30702
37313
59670
30699
59671
30701
30702
30710
59672
30701
30702
30711
37317
30714
30716
37318
59673
30705
30708
30705
30709
37285
59666
30706
59667
30708
30709
30710
59668
30708
30709
30712
37289
30714
30715
37290
59669
30714
30715
30716
59674
30714
30716
37321
30714
30715
37293
30715
30716
37295
37322
59675
37296
59676
37324
59677
30719
30722
30773
55149
30719
30723
30725
30720
30726
55150
30722
30723
30727
30738
55151
30722
30723
30739
30777
30742
30778
55152
30730
30743
30726
30729
37369
59678
30726
30730
30727
59679
30729
30730
30731
59680
30729
30730
30732
37373
30735
37374
59681
30736
30735
30736
30737
30738
59686
30735
30736
37377
30735
30737
37378
37391
59687
30736
30737
30740
37393
37380
59688
30743
30744
37394
59689
30742
30743
30744
59682
30742
30743
30795
30743
30744
37412
30742
30744
30797
37413
59683
30798
59684
37415
59685
30747
30750
55153
30747
30751
30753
30748
30754
55154
30750
30751
30755
30766
55155
30750
30751
30767
30770
55156
30758
30771
30754
30757
37453
59690
30754
30758
30755
59691
30757
30758
30759
59692
30757
30758
30760
37457
30763
37458
59693
30764
30763
30764
30765
30766
59698
30763
30764
37461
30763
30765
37462
37476
59699
30764
30765
30768
37477
37464
59700
30771
30772
37478
59701
30770
30771
30772
59694
30770
30771
30771
30772
37496
30770
30772
37497
59695
59696
37499
59697
30775
30778
55157
30775
30779
30781
30776
30782
55158
30778
30779
30783
30794
55159
30778
30779
30795
30798
55160
30786
30799
30782
30785
37537
59702
30782
30786
30783
59703
30785
30786
30787
59704
30785
30786
30788
37541
30791
37542
59705
30792
30791
30792
30793
30794
59710
30791
30792
37545
30791
30793
37546
37560
59711
30792
30793
30796
37561
37548
59712
30799
30800
37562
59713
30798
30799
30800
59706
30798
30799
30799
30800
37580
30798
30800
37581
59707
59708
37583
59709
30804
30805
55161
30804
30807
30808
30805
30807
30815
30806
30810
55162
30806
30817
55163
30807
30811
30818
55164
30813
30820
30810
30813
30810
30814
37621
59714
30811
59715
30813
30814
30822
59716
30813
30814
30823
37625
30826
30827
37626
59717
30817
30820
30817
30821
37649
59718
30818
59719
30820
30821
30822
59720
30820
30821
30824
37653
30826
30828
37654
59721
30826
30827
30828
59722
30826
30827
37629
30826
30828
37657
30827
30828
37630
37658
59723
37632
59724
37660
59725
30831
30834
30860
30831
30832
59751
30834
30848
59752
30834
30849
30864
30851
30865
30837
30840
30837
30841
37699
59750
30838
59751
30840
30841
30853
59752
30840
30841
30854
37700
59784
30857
30858
37701
59753
30845
30846
30847
30848
30853
30845
30847
30850
37709
59756
30846
30847
30856
37710
30851
59757
30857
30852
30859
37711
30851
30852
59754
30851
30880
30851
30852
30882
61327
30883
59755
61328
30857
30858
30859
59754
30857
30858
37703
59785
30858
30859
37720
30857
30859
37721
59786
37705
37723
59755
30862
30865
55215
30862
30866
30867
61332
30863
30868
30865
30866
30869
30879
30865
30866
30880
30883
55216
30871
30884
61333
30868
30871
37738
30869
30871
30872
30871
30873
37740
37747
30876
37741
30876
30877
30878
30879
30876
30877
37743
37749
30877
30878
37796
30876
30878
30881
37744
37797
30884
37745
30885
37799
30883
30884
30885
30883
30884
30884
30885
37814
30883
30885
37815
59756
59757
61334
37816
59758
30890
30891
30892
30900
30890
30891
64149
64166
30890
30892
37975
64150
30891
30892
30902
37976
64167
30904
64168
30905
37977
30897
30898
30899
30900
30897
30898
31775
64169
30897
30899
30903
38005
30898
30899
31777
38006
59763
30904
31779
30906
38007
59764
30904
30905
30906
59759
30905
30906
37992
38027
59760
30904
30905
37993
30904
30906
37994
59761
38028
59762
30910
30911
30919
30924
30910
30920
38079
38084
30910
30911
30925
38085
38093
30923
30929
38086
30930
38094
30916
30917
30918
30919
30924
30916
30917
30963
31795
30916
30918
30921
30964
61382
30917
30918
30926
31796
61383
30922
30966
30928
31798
30923
30929
61384
30922
30923
30923
38081
38087
30922
30923
30971
38088
30972
38089
30928
30929
30930
30929
30930
38112
61385
30928
30929
31803
61386
30928
30930
31804
38113
31805
61387
38115
30933
30936
31002
55217
30933
30937
30938
61411
30934
30939
30936
30937
30940
30950
30936
30937
30951
31006
30954
31007
55218
30942
30955
61412
30939
30942
38287
30940
30942
30943
30942
30944
38289
38296
30947
38290
30947
30948
30949
30950
30947
30948
38292
38298
30947
30949
30952
38293
38346
30948
30949
38347
30955
38294
30956
38348
30954
30955
30956
30954
30955
31029
30955
30956
38370
30954
30956
31030
38371
59765
31031
59766
61413
38372
59767
30960
30961
30969
30974
30960
30970
38409
38415
30960
30961
30975
38416
38424
30973
30979
38417
30980
38425
30966
30967
30968
30969
30974
30966
30967
31844
30966
30968
30971
61435
30967
30968
30976
31845
61436
30972
30978
31847
30973
30979
61437
30972
30973
30973
38412
38418
30972
30973
38419
38420
30978
30979
30980
30979
30980
38443
61438
30978
30979
31852
61439
30978
30980
31853
38444
31854
61440
38446
30985
30986
30987
30995
30985
30986
64154
64170
30985
30987
38502
64155
30986
30987
30997
38503
64171
30999
64172
31000
38504
30992
30993
30994
30995
30992
30993
31865
64173
30992
30994
30998
38532
30993
30994
31866
38533
59772
30999
31868
31001
38534
59773
30999
31000
31001
59768
31000
31001
38519
38554
59769
30999
31000
38520
30999
31001
38521
59770
38555
59771
31004
31007
31004
31005
59775
31007
31028
59776
31007
31029
31031
31010
31013
31010
31014
38591
59774
31011
59775
31013
31014
31021
59776
31013
31014
31022
38592
59495
31025
31026
38593
59777
31018
31019
31020
31021
31028
31018
31020
31024
38601
31019
31020
31030
38602
59765
31025
31031
59766
31027
31032
38603
31025
31026
31027
59778
31025
31026
38595
59496
31026
31027
38612
31025
31027
38613
59497
38597
38615
59779
31031
31032
59778
31031
31031
31032
61461
59779
61462
31035
31038
31035
31039
38631
59780
31036
59781
31038
31039
31053
59782
31038
31039
31054
38632
64163
31057
31058
38633
31042
31045
31217
31042
31046
31043
59781
31045
31046
31060
59782
31045
31046
31061
31221
31063
31222
31050
31051
31052
31053
31060
31050
31052
31056
38641
31051
31052
31062
38642
59795
31057
31063
59796
31059
31064
38643
31057
31058
31059
59783
31057
31058
38635
64164
31058
31059
38652
31057
31059
38653
64165
38637
38655
31063
31064
59783
31063
31237
31063
31064
31239
38658
31240
38659
31068
31069
31084
31091
31068
31069
31085
38903
61488
31069
31092
38905
31089
31090
31095
38906
31073
31074
31075
31084
31073
31074
64149
64166
31073
31075
31086
38885
64151
31088
64152
31089
38886
31080
31081
31082
31084
31091
31080
31081
31906
31080
31082
31087
31081
31082
31093
31907
61491
31088
31094
31908
31090
31095
61492
31094
31912
31088
31089
31090
31089
31090
38896
61496
31088
31089
38897
64153
31088
31090
38899
61497
31094
31095
31095
38915
31094
31095
31926
38916
31928
38918
31098
31099
31113
31120
31098
31099
31114
38992
61505
31118
31119
31124
38995
31104
31105
31106
31113
31104
31105
59804
64159
31104
31106
31115
38974
64160
31105
31106
31117
64162
31118
38975
31110
31111
31112
31113
31120
31110
31111
31939
31111
31112
31122
31940
61508
31117
31123
31941
31119
31124
61509
31117
31118
31119
31118
31119
38985
61510
31117
31118
38986
31117
31119
38988
61511
31123
31124
59787
31124
39007
31123
31124
31956
39008
31958
59788
39010
31128
31129
31144
31149
31129
31145
39251
31128
31129
31150
39252
61535
31154
31148
31155
39254
31133
31134
31135
31149
31133
31134
64154
64170
31133
31135
31151
39233
64156
31153
64157
31154
39234
31140
31141
31142
31144
31149
31140
31141
31140
31142
31146
61538
31141
31142
31152
31147
31153
31148
31155
61539
31147
31147
31148
31148
39258
31147
31148
39259
39261
31153
31154
31155
31154
31155
39244
61543
31153
31154
39245
64158
31153
31155
39247
61544
31158
31159
31173
31180
31158
31159
31174
39403
61560
31178
31179
31184
39405
31164
31165
31166
31173
31164
31165
59806
64177
31164
31166
31175
39384
64178
31165
31166
31177
64180
31178
39385
31170
31171
31172
31173
31180
31170
31171
32063
31171
31172
31182
32064
61563
31177
31183
32065
31179
31184
61564
31177
31178
31179
31178
31179
39395
61565
31177
31178
39396
31177
31179
39398
61566
31183
31184
59789
31184
39417
31183
31184
32075
39418
32077
59790
39420
31187
31190
31187
31191
39461
59791
31188
59792
31190
31191
31210
59793
31190
31191
31211
39462
64174
31214
31215
39463
31194
31197
31194
31198
31195
59792
31197
31198
31205
59793
31197
31198
31206
31208
31202
31203
31204
31205
31210
31202
31204
31207
39471
59498
31203
31204
31213
39472
31208
59499
31214
31209
31216
39473
31208
31209
59794
31208
31208
31209
39482
39483
31214
31215
31216
59794
31214
31215
39465
64175
31215
31216
39486
31214
31216
39487
64176
39467
39489
31219
31222
31219
31223
31224
61576
31220
31225
31222
31223
31226
31236
31222
31223
31237
31240
31228
31241
61577
31225
31228
39496
31226
31228
31229
31228
31230
39498
64364
31233
39499
31233
31234
31235
31236
31233
31234
39500
64366
31234
31235
39547
64367
31233
31235
31238
39501
39548
31241
39502
31242
39550
31240
31241
31242
31240
31241
31241
31242
39565
31240
31242
39566
59795
59796
61578
39568
31247
31248
31249
31257
31247
31248
59804
64159
31247
31249
39737
64161
31248
31249
31259
39738
31261
59805
31262
39739
59801
31254
31255
31256
31257
31254
31255
31287
32096
31254
31256
31260
39771
31255
31256
32098
39772
59802
31261
32100
31263
39773
59803
31261
31262
31263
59797
31262
31263
39758
39790
59798
31261
31262
39759
31261
31263
39760
59799
39791
59800
31268
31269
31280
31268
39848
31269
31277
39844
39874
31268
31269
31281
39849
39875
31285
39850
31279
31286
39876
31274
31275
31276
31280
31274
31275
31366
32119
31274
31276
31278
31367
39877
31275
31276
31283
32120
39878
31369
31284
32122
31279
31286
39879
31279
39880
61623
31279
31373
39881
39883
31284
31285
31286
31285
31286
39868
61626
31284
31285
32127
39869
31284
31286
32128
61627
32129
39871
61628
31297
32194
31293
31294
31295
31303
31293
31294
59806
64177
31293
31295
40065
64179
31294
31295
31305
40066
31307
59807
31308
40067
59814
31300
31301
31302
31303
31300
31301
31300
31302
40099
59812
31301
31302
31306
40100
31307
31309
40101
59813
31307
31308
31309
59808
31308
31309
40086
40115
59809
31307
31308
40087
31307
31309
40088
59810
40116
59811
31314
31315
31326
31314
40175
31315
31323
40172
40202
31314
31315
31327
40177
40203
31331
40178
31325
31332
40204
31320
31321
31322
31326
31320
31321
31438
32250
31320
31322
31324
31440
40205
31321
31322
31329
32252
40206
31442
31330
32254
31325
31332
40207
31325
40208
61666
31325
31452
40209
40211
31330
31331
31332
31331
31332
40196
61669
31330
31331
32265
40197
31330
31332
32266
61670
32267
40199
61671
31335
31338
31475
31335
31339
31340
61688
31336
31341
31338
31339
31342
31352
31338
31339
31353
31479
31356
31480
31344
31357
61689
31341
31344
40383
31342
31344
31345
31344
31346
40385
64391
31350
40386
31349
31350
31351
31352
31349
31350
40387
64393
31349
31351
40435
64395
31350
31351
31354
40388
40436
31357
40389
31358
40437
31356
31357
31358
31356
31357
31503
31357
31358
40459
31356
31358
31504
40460
59815
31505
59816
61690
40462
31363
31364
31375
31363
31372
40503
40506
31364
40518
31363
31364
31376
40507
40519
31374
31380
40508
31381
40520
31369
31370
31371
31375
31369
31370
32298
31369
31371
31373
40509
31370
31371
31377
32299
40510
31379
32301
31374
31380
40511
31374
40512
61701
31374
40513
40515
31379
31380
31381
31380
31381
40538
61707
31379
31380
32306
61708
31379
31381
32307
40539
32308
61709
40541
31386
31387
31388
31396
31386
31387
59824
64181
31386
31388
31398
40596
31387
31388
40597
64182
31400
59825
31401
40598
59821
31393
31394
31395
31396
31393
31394
31403
32319
31393
31395
31399
40630
31394
31395
32320
40631
59822
31400
32322
31402
40632
59823
31400
31401
31402
59817
31401
31402
40617
40649
59818
31400
31401
40618
31400
31402
40619
59819
40650
59820
32354
31462
32402
31407
31410
31407
31411
31412
61725
31408
31413
31410
31411
31414
31424
31410
31411
31425
31428
31416
31429
61726
31413
31416
40684
31414
31416
31417
31416
31418
40686
64410
31422
40687
31421
31422
31423
31424
31421
31422
40688
64412
31422
31423
31426
40689
40735
31421
31423
40736
64414
31429
40690
31430
40738
31428
31429
31430
31428
31429
31429
31430
40752
31428
31430
40753
59828
59829
61727
40755
31435
31436
31444
31435
31436
31445
40807
40818
31435
31451
40805
40808
31436
40819
31449
31453
40809
31450
40821
31441
31442
31443
31444
31441
31442
31441
31443
31446
40810
31442
31443
31452
40811
31448
31449
31453
40812
31448
31449
31450
31449
31450
40832
61744
31448
31449
61745
31448
31450
40833
61746
40835
31453
40813
61741
31453
40814
40816
31458
31459
31460
31468
31458
31459
59826
64196
31458
31460
31470
40897
31459
31460
40898
64197
31472
59827
31473
40899
59834
31465
31466
31467
31468
31465
31466
32451
31465
31467
31471
40931
31466
31467
32452
40932
59835
31472
32454
31474
40933
59836
31472
31473
31474
59830
31473
31474
40911
40943
59831
31472
31473
40912
31472
31474
40913
59832
40944
59833
31477
31480
31477
31481
31478
59838
31480
31481
31502
59839
31480
31481
31503
31505
31484
31487
31484
31488
40986
59837
31485
59838
31487
31488
31495
59839
31487
31488
31496
40987
64143
31499
31500
40988
31492
31493
31494
31495
31502
31492
31494
31498
40996
31493
31494
31504
40997
59815
31499
31505
59816
31501
31506
40998
31499
31500
31501
59840
31499
31500
40990
64144
31500
31501
41007
31499
31501
41008
64145
40992
41010
31505
31506
59840
31505
31505
31506
41013
41014
31509
31510
31524
31529
31509
31510
31530
41224
61794
31534
31528
31535
41226
31515
31516
31517
31529
31515
31516
59824
64181
31515
31517
31516
31517
31531
41205
64183
31533
64184
31534
41206
31521
31522
31523
31524
31529
31521
31522
31521
31523
31526
61797
31527
31533
31528
31535
61798
31527
31528
59844
31528
41233
31527
31528
41234
59845
41236
31533
31534
31535
31534
31535
41216
61799
31533
31534
41217
31533
31535
41219
61800
31539
31540
31555
31562
31539
31540
31556
41372
61811
31540
31563
41373
31560
31561
31566
41374
31544
31545
31546
31555
31544
31545
64185
64200
31545
31546
31557
41353
64201
31559
64203
31560
41354
31565
32494
31552
31553
31554
31555
31562
31552
31553
32496
31552
31554
31558
31553
31554
31564
32497
61814
31559
31565
32498
31561
31566
61815
31559
31560
31561
31560
31561
41364
61819
31559
31560
41365
64204
31559
31561
41367
61820
31565
31566
31566
41383
31565
31566
32511
41384
32512
41386
31569
31570
31584
31591
31569
31570
31585
41712
61854
31589
31590
31595
41714
31575
31576
31577
31584
31575
31576
59826
64196
31575
31577
31576
31577
31586
41693
64198
31588
64199
31589
41694
31581
31582
31583
31584
31591
31581
31582
32631
31582
31583
31593
32632
61857
31588
31594
32633
31590
31595
61858
31588
31589
31590
31589
31590
41704
61859
31588
31589
41705
31588
31590
41707
61860
31594
31595
59849
31595
41726
31594
31595
32644
41727
32645
59850
41729
31599
31600
31615
31622
31599
31600
31616
41798
61863
31600
31623
41799
31620
31621
31626
41800
31604
31605
31606
31615
31604
31605
64189
64205
31605
31606
31617
41779
64206
31619
64208
31620
41780
31625
32661
31612
31613
31614
31615
31622
31612
31613
32663
31612
31614
31618
31613
31614
31624
32664
61866
31619
31625
32666
31621
31626
61867
31619
31620
31621
31620
31621
41790
61871
31619
31620
41791
64209
31619
31621
41793
61872
31625
31626
31626
41809
31625
31626
32678
41810
32679
41812
31629
31632
31629
31633
41934
59851
31630
59852
31632
31633
31651
59853
31632
31633
31652
41935
59841
31655
31656
41936
59854
31636
31639
31636
31637
59852
31639
31646
59853
31639
31647
31649
31643
31644
31645
31646
31651
31643
31645
31648
41944
59504
31644
31645
31654
41945
31649
59505
31655
31650
31657
41946
31649
31650
59855
31649
31649
31650
61897
59856
61898
31655
31656
31657
59855
31655
31656
41938
59842
31656
31657
41955
31655
31657
41956
59843
41940
41958
59856
31662
31663
31664
31672
31662
31663
64185
64200
31662
31664
31674
42103
64186
31663
31664
42104
64202
31676
64187
31677
42105
31669
31670
31671
31672
31669
31670
64188
31669
31671
42133
59861
31670
31671
31675
42134
31676
31678
42135
59862
31676
31677
31678
59857
31677
31678
42120
42153
59858
31676
31677
42121
31676
31678
42122
59859
42154
59860
31682
31683
31691
31696
31683
31692
42207
42240
31682
31683
31697
42215
42241
31701
42216
31695
31702
42242
31688
31689
31690
31691
31696
31688
31689
31735
32704
31688
31690
31693
31737
61937
31689
31690
31699
32706
61938
31694
31739
31700
32708
31695
31702
61939
31694
31695
31695
42209
42243
31694
31695
31750
42244
31751
42245
31700
31701
31702
31701
31702
42234
61940
31700
31701
32719
42235
31700
31702
32720
61941
32721
42237
61942
31705
31708
55247
31705
31709
31710
61952
31706
31711
31708
31709
31712
31722
31708
31709
31723
31726
55248
31714
31727
61953
31711
31714
42298
31712
31714
31715
31714
31716
42293
42300
31720
42301
31719
31720
31721
31722
31719
31720
42295
42303
31720
31721
31724
42304
42350
31719
31721
42351
31727
42305
31728
42353
31726
31727
31728
31726
31727
31727
31728
42368
31726
31728
42369
59863
59864
61954
42370
59865
31732
31733
31741
31748
31732
31733
31742
42421
42448
31733
31749
42415
42449
31746
42424
31747
31752
42450
31738
31739
31740
31741
31748
31738
31739
31738
31740
31744
61974
31739
31740
31750
61975
31745
31751
31747
31752
61976
31745
31746
31747
31746
31747
42435
61977
31745
31746
42436
31745
31747
61978
42438
61979
31751
31752
31752
42417
42451
31751
31752
42452
42453
31757
31758
31759
31767
31757
31758
64189
64205
31757
31759
31769
42507
64190
31758
31759
42508
64207
31771
64191
31772
42509
31764
31765
31766
31767
31764
31765
32746
64192
31764
31766
31770
42537
31765
31766
32747
42538
59870
31771
32749
31773
42539
59871
31771
31772
31773
59866
31772
31773
42517
42552
59867
31771
31772
42518
31771
31773
42519
59868
42553
59869
31778
31779
31780
31781
31778
31779
59513
31778
31780
31783
42609
59514
31779
31780
42610
31785
59515
31786
42611
31785
31786
31786
42626
42632
31785
31786
42627
31785
42633
59873
59874
42629
31791
31792
31793
31801
31808
31791
31792
31802
42657
31791
31793
31809
42688
31792
31793
42659
42689
59877
31806
31813
31807
42660
31814
42690
59878
31798
31799
31800
31801
31808
31798
31799
31844
31798
31800
31803
64473
31799
31800
31810
31846
31805
31812
31848
31806
31813
31805
31806
31807
31806
31807
42675
31805
31806
64474
31805
31807
42676
42678
31812
31813
31814
31813
31814
42706
31812
31813
31859
31812
31814
31860
42707
59875
31861
42709
59876
31819
31820
31821
31829
31819
31820
31878
59900
31819
31821
31879
42750
31820
31821
31831
42751
31881
31833
59901
31834
42752
31826
31827
31828
31829
31826
31827
32005
32779
31826
31828
31832
32006
42770
31827
31828
31833
32007
31835
42771
31833
31834
31835
31834
31835
42763
42778
31833
31834
42764
31833
31835
42779
59902
59903
42766
42781
31840
31841
31842
31850
31857
31841
31842
42806
42836
59881
31840
31841
31851
42807
31840
31842
31858
42837
31855
31862
31856
42809
31863
42839
59882
31847
31848
31849
31850
31857
31847
31848
31847
31849
31852
64480
31848
31849
31859
31854
31861
31855
31862
31854
31855
31856
31855
31856
42824
31854
31855
64481
31854
31856
42825
42827
31861
31862
31863
31862
31863
42855
31861
31862
31861
31863
42856
59879
42858
59880
31868
31869
31870
31871
31868
31869
59904
31868
31870
42891
31869
31870
31873
42892
59905
31875
59906
31876
42893
31875
31876
31876
42908
42914
31875
31876
32015
42909
31875
32016
42915
59884
32017
59885
42911
31881
31882
31883
31891
31881
31882
59907
31881
31883
42940
31882
31883
31893
42941
31895
59908
31896
42942
31888
31889
31890
31891
31888
31889
32018
32782
31888
31890
31894
32019
42960
31889
31890
31895
32020
31897
42961
31895
31896
31897
31896
31897
42953
42968
31895
31896
42954
31895
31897
42969
59909
59910
42956
42971
31902
31903
31904
31920
31924
59886
31903
31904
43030
31902
31903
31925
64489
65693
31902
31904
43031
65694
31929
59887
65695
31930
31923
43033
59888
31908
31909
31910
31924
59886
31908
31909
31908
31910
31926
31928
31929
59887
31912
31920
31924
31928
31917
31918
31919
31920
59886
31917
31918
31917
31919
31921
43038
31918
31919
31922
31923
43039
59888
31922
31923
31922
31923
43049
43050
31928
31929
31930
31929
31930
65385
31928
31929
65386
31928
31930
65388
31935
31936
31937
31949
31954
59892
31936
31937
31950
43130
31935
31936
31955
43117
43128
31935
31937
43118
43131
31959
43119
59893
31960
31953
43133
59894
31941
31942
31954
59892
31941
31941
31942
31956
31958
31959
59893
31946
31947
31948
31949
59892
31946
31947
31946
31948
31951
43138
31952
31953
43139
59894
31952
31953
59889
31953
43149
31952
31953
43150
59890
43151
31958
31959
31960
59889
31959
31960
43122
31958
31959
43123
31958
31960
59891
43125
31963
31964
31967
31983
43255
31964
43256
60028
31968
31985
31970
43257
31969
31970
43240
43264
59895
31968
31969
32000
43241
31968
31970
32001
43265
32002
43243
43266
59896
31973
31974
31975
31987
31993
31998
31973
31974
31994
62169
31996
32003
62170
31991
31997
62173
31992
32004
31978
31979
31987
31993
55251
31978
31979
31988
43457
59538
31990
59539
31991
31997
43459
31984
31985
31986
31987
31998
55251
31984
31985
31984
31986
31989
31985
31986
32001
43475
31990
32002
31992
32004
31990
31991
31992
31990
31991
62174
31990
31992
62175
31996
31997
59897
31996
31997
43443
43469
31997
43470
43446
59899
43472
32002
32003
32004
59897
32003
32004
43450
32002
32003
43451
59898
32002
32004
43453
59899
32007
32786
55253
32007
43492
59902
55254
59903
32012
32013
32014
32012
32013
59883
32012
32014
43499
32013
32014
32016
43500
59884
32017
59885
43501
32017
59905
32017
43512
59906
32020
55256
32020
43520
59909
55257
59910
32023
32024
32025
32037
32042
32049
32023
32024
32038
62200
32040
32047
62201
32041
32053
62204
32048
32054
32028
32029
32037
32049
55258
32028
32029
32050
43557
60040
32052
60041
32041
32053
43558
32034
32035
32036
32042
32049
55258
32034
32035
32834
32034
32036
32045
32086
43574
32035
32036
32051
32836
32046
32087
32052
32837
32048
32054
32040
32041
59911
32040
32041
43542
43568
32041
43569
43545
59913
43571
32046
32047
32048
59911
32047
32048
43549
32046
32047
32090
43550
59912
32046
32048
32091
32092
43552
59913
32052
32053
32054
32052
32053
32846
62205
32052
32054
32847
32848
62206
32059
32060
32061
32073
32080
59917
32059
32060
32074
43617
43629
32059
32061
43619
43632
32060
32061
32081
43633
32078
43620
59918
32079
32084
43634
59919
32065
32066
32073
59917
32065
32065
32066
32075
32077
32078
59918
32070
32071
32072
32080
59917
32070
32071
32198
32071
32072
32082
32200
43639
32083
32202
32084
43640
59919
32077
32078
32079
59914
32078
32079
43623
32077
32078
43624
32077
32079
59915
43626
32083
32084
59914
32084
43656
32083
32084
43657
59916
43658
32088
43756
59542
32087
32088
32091
43757
32092
32094
43758
32093
32094
43741
43772
59920
32092
32093
43742
32092
32094
43773
43744
43774
59921
32099
32100
32101
32105
32099
32100
32099
32101
32107
43929
32100
32101
43930
32109
32110
43931
32104
32104
32108
64507
32109
32109
32110
32110
43945
64512
32109
32110
43946
32109
64513
43948
32115
32116
32117
32125
32132
59924
32115
32116
32126
43975
32115
32117
43977
44006
59925
32116
32117
32133
44007
32130
43978
59926
32131
32137
32138
44008
59927
32122
32123
32124
32125
32132
32122
32123
32298
32122
32124
32128
64516
32123
32124
32134
32300
64517
32129
32136
32302
32131
32137
32129
32130
32131
32130
32131
43993
32129
32130
43994
32129
32131
64518
43996
32136
32137
32138
32137
32138
44029
32136
32137
32313
32136
32138
32314
44030
59922
32315
44032
59923
32143
32144
32145
32152
32143
32144
32335
32143
32145
32154
44068
32144
32145
32336
44069
32156
32338
32157
44070
32149
32150
32151
32152
32149
32150
32877
59931
32149
32151
32155
44092
59932
32156
59933
32158
44093
32156
32157
32158
32157
32158
44085
44102
32156
32157
44086
32156
32158
44103
59934
59935
44088
44105
32161
32162
32175
32181
32188
32161
32162
32189
44130
32186
32192
44131
32180
32193
44163
32167
32168
32169
32175
32181
32167
32168
32167
32169
32176
32168
32169
32184
64520
32178
32185
32179
32187
32173
32174
32175
32188
32173
32174
32177
44166
59545
32174
32191
44167
32178
59546
32180
32193
44168
32178
32179
32180
32178
32179
32178
32180
62308
62309
32185
32186
32187
59928
32186
32187
44151
32185
32186
44152
59929
32185
32187
64521
44154
59930
32192
32193
59928
32192
32193
44157
44178
32192
44158
32193
44179
44160
59930
44181
32196
32196
32204
32206
32201
32202
32203
32201
32202
32201
32203
32205
44212
32202
32203
44213
32206
44214
32206
32206
44225
32209
32210
32223
32230
32236
32209
32210
32231
44233
32228
32234
44234
32235
32241
44266
32215
32216
32217
32223
32236
32215
32216
32935
32215
32217
32226
64522
32216
32217
32237
32936
32227
32239
32938
32229
32240
32221
32222
32230
32236
32222
32233
44269
32221
32222
32238
44270
60065
32239
60066
32235
32241
44271
32227
32228
32229
59936
32228
32229
44253
32227
32228
44254
59937
32227
32229
64523
44256
59938
32234
32235
59936
32234
32235
44260
44281
32234
44261
32235
44282
44263
59938
44284
32239
32240
32241
32239
32240
32942
32239
32241
32943
62323
32944
62324
32246
32247
32248
32256
32263
59946
32247
32248
32257
44345
32246
32247
32264
44315
32246
32248
44316
44346
59947
32268
44317
59948
32261
32269
32262
44347
59949
32253
32254
32255
32256
32263
32253
32254
32253
32255
32258
64524
32254
32255
32266
64525
32260
32267
32261
32269
32260
32261
32262
32261
32262
44360
32260
32261
32260
32262
44361
59944
44363
59945
32267
32268
32269
32268
32269
44338
32267
32268
44339
32267
32269
64526
44341
32274
32275
32276
32283
32274
32275
32467
32274
32276
32285
44407
32275
32276
32468
44408
32287
32470
32288
44409
32280
32281
32282
32283
32280
32281
32996
59939
32280
32282
32286
44431
59940
32287
59941
32289
44432
32287
32288
32289
32288
32289
44424
44441
32287
32288
44425
32287
32289
44442
59942
59943
44427
44444
32294
32295
32296
32304
32311
59952
32295
32296
44469
44500
59953
32294
32295
32305
44470
32294
32296
32312
44501
32309
32316
32310
44472
59954
32317
44502
59955
32301
32302
32303
32304
32311
32301
32302
32301
32303
32306
64528
32302
32303
32313
64529
32308
32315
32309
32316
32308
32309
32310
32309
32310
44487
32308
32309
64530
32308
32310
44488
44490
32315
32316
32317
32316
32317
44519
32315
32316
32315
32317
44520
59950
44522
59951
32322
32323
32324
32328
32322
32323
32354
32322
32324
44555
32323
32324
32330
32355
44556
32332
32356
32333
44557
32327
32358
32327
32331
32360
64531
32332
32362
32332
32333
32333
44575
64536
32332
32333
32364
44576
32332
32365
64537
32366
44578
32338
32339
32340
32347
32338
32339
32338
32340
44602
32339
32340
32349
44603
32351
32352
44604
32344
32345
32346
32347
32344
32345
33002
59956
32344
32346
32350
44626
59957
32351
59958
32353
44627
32351
32352
32353
32352
32353
44619
44636
32351
32352
44620
32351
32353
44637
59959
59960
44622
44639
32356
32356
32364
32366
32361
32362
32363
32361
32362
32361
32363
44672
32362
32363
32365
44673
32366
44674
32366
32366
44685
32369
32370
32383
32389
32396
32369
32370
32384
44702
32387
32394
44703
32388
32400
44735
32374
32375
32383
32396
32375
32386
44738
32374
32375
32397
44739
60082
32399
60083
32388
32400
44740
32380
32381
32382
32389
32396
32380
32381
33016
32380
32382
32392
64541
32381
32382
32398
33018
32393
32399
33019
32395
32401
32387
32388
59961
32387
32388
44722
44750
32387
44723
32388
44751
44725
59963
44753
32393
32394
32395
59961
32394
32395
44730
32393
32394
44731
59962
32393
32395
64542
44733
59963
32399
32400
32401
32399
32400
33028
62423
32399
32401
33029
33030
62424
32404
32451
32404
32412
32453
32414
32455
32409
32410
32411
32409
32410
32457
32636
32409
32411
32413
32458
44775
32410
32411
32637
44776
32414
32459
32639
44777
32414
32462
32414
32463
44788
32464
32417
32418
32431
32437
32444
32417
32418
32432
44805
32435
32442
44806
32436
32448
44838
32422
32423
32431
32444
32423
32434
44841
32422
32423
32445
44842
60093
32447
60094
32436
32448
44843
32428
32429
32430
32437
32444
32428
32429
33085
32428
32430
32440
64543
32429
32430
32446
33086
32441
32447
33088
32443
32449
32435
32436
59969
32435
32436
44826
44853
32435
44827
32436
44854
44829
59971
44856
32441
32442
32443
59969
32442
32443
44833
32441
32442
44834
59970
32441
32443
64544
44836
59971
32447
32448
32449
32447
32448
33092
62438
32447
32449
33093
33094
62439
32454
32455
32456
32460
32454
32455
32454
32456
44878
32455
32456
32462
44879
32464
32465
44880
32459
32459
32463
64545
32464
32464
32465
32465
44898
64550
32464
32465
44899
32464
64551
44901
32470
32471
32472
32479
32470
32471
32470
32472
44925
32471
32472
32481
44926
32483
32484
44927
32476
32477
32478
32479
32476
32477
59964
32477
32478
32482
44949
59965
32483
59966
32485
44950
32483
32484
32485
32484
32485
44942
44959
32483
32484
44943
32483
32485
44960
59967
59968
44945
44962
32490
32491
32492
32508
32515
59972
32490
32491
32509
64562
65697
32490
32492
45021
32491
32492
45022
65699
32513
32514
59973
65700
32518
45023
59974
32494
32508
32515
32512
32498
32499
32500
32508
59972
32498
32499
32498
32500
32511
32512
32514
59973
32505
32506
32507
32515
59972
32505
32506
32530
32505
32507
32516
32532
45028
32506
32507
32517
32534
32518
45029
59974
32512
32513
32514
32513
32514
65423
32512
32513
32512
32514
65424
65426
32517
32518
32517
32518
45045
45046
32521
32522
32525
32546
45255
32522
45256
60103
32526
32548
32528
45257
32527
32528
45240
45264
59975
32526
32527
32557
45241
32526
32528
32558
45265
32559
45243
45266
59976
32533
32534
32535
32533
32534
59531
32533
32535
32537
45309
59532
32534
32535
45310
32538
59533
45311
32538
59978
32538
45322
59979
32541
32542
32543
32555
32562
32567
32541
32543
32563
62530
32560
32565
62531
32561
32571
32566
32572
62534
32548
32549
32550
32555
32567
55271
32548
32549
33140
32548
32550
32558
45358
32549
32550
32568
33141
32559
32570
33143
32561
32571
32553
32554
32562
32567
55271
32553
32554
32569
45362
60105
32570
60106
32566
32572
45363
32559
32560
32561
59980
32560
32561
45346
32559
32560
45347
59981
32559
32561
45349
59982
32565
32566
59980
32565
32566
45352
45373
32566
45374
45355
59982
45376
32570
32571
32572
32570
32571
33147
32570
32572
33148
62535
33149
62536
32575
32732
33157
55273
32575
32733
45395
59985
32735
55274
59986
32580
32581
32582
32580
32581
32669
60012
32580
32582
32671
45402
32581
32582
32584
45403
60013
32673
32585
60014
45404
32585
32754
59988
32585
32755
45415
32756
59989
32588
32766
33197
55276
32588
32768
45423
59992
32770
55277
59993
32591
32592
32593
32605
32612
32617
32591
32593
32613
62561
32610
32615
62562
32611
32621
32616
32622
62565
32598
32599
32600
32605
32617
55278
32598
32599
33219
32598
32600
32608
32686
45457
32599
32600
32618
33220
32609
32688
32620
33222
32611
32621
32603
32604
32612
32617
55278
32603
32604
32619
45461
60120
32620
60121
32616
32622
45462
32609
32610
32611
59994
32610
32611
45445
32609
32610
32691
45446
59995
32609
32611
32692
32693
45448
59996
32615
32616
59994
32615
32616
45451
45472
32616
45473
45454
59996
45475
32620
32621
32622
32620
32621
33226
32620
32622
33227
62566
33228
62567
32627
32628
32629
32641
32648
60000
32628
32629
45521
45534
32627
32628
32642
45520
45522
32627
32629
32649
45535
32646
32647
45524
60001
32652
45537
60002
32633
32634
32641
60000
32633
32633
32634
32644
32645
32647
60001
32638
32639
32640
32648
60000
32638
32639
32639
32640
32650
45542
32651
32652
45543
60002
32645
32646
32647
59997
32646
32647
45527
32645
32646
32645
32647
45528
59998
45530
32651
32652
59997
32652
45553
32651
32652
45554
59999
45555
32657
32658
32659
32675
32682
60003
32658
32659
45629
65702
32657
32658
32676
64575
65703
32657
32659
45630
32680
32681
60004
65705
32685
45632
60005
32661
32675
32682
32679
32665
32666
32667
32675
60003
32665
32666
32666
32667
32678
32679
32681
60004
32672
32673
32674
32682
60003
32672
32673
32672
32674
32673
32674
32683
45637
32684
32685
45638
60005
32679
32680
32681
32680
32681
65434
32679
32680
32679
32681
65435
65437
32684
32685
32684
32685
45648
45649
32688
32689
32692
45864
32689
45865
60135
32693
32695
45866
32694
32695
45844
45873
60006
32693
32694
45845
32693
32695
45874
45847
45875
60007
32700
32701
32702
32710
32717
32701
32702
32711
45947
32700
32701
32718
45918
32700
32702
45919
45948
60010
32722
45920
32715
32723
32716
45950
60011
32707
32708
32709
32710
32717
32707
32708
32707
32709
32712
32708
32709
32720
64595
32714
32721
32715
32723
32714
32715
32716
32715
32716
45962
32714
32715
32714
32716
45963
60008
45965
60009
32721
32722
32723
32722
32723
45940
32721
32722
45941
32721
32723
64596
45943
32728
32729
32730
32738
32728
32729
32759
59983
32728
32730
32740
46010
32729
32730
32761
46011
32742
59984
32763
32743
46012
32735
32736
32737
32738
32735
32736
33263
32735
32737
32741
46030
32736
32737
32742
32744
46031
32742
32743
32744
32743
32744
46023
46038
32742
32743
46024
32742
32744
46039
59985
59986
46026
46041
32749
32750
32751
32752
32749
32750
59987
32749
32751
46067
32750
32751
32754
46068
59988
32756
59989
32757
46069
32756
32757
32757
46084
46090
32756
32757
46085
32756
46091
60013
60014
46087
32762
32763
32764
32772
32762
32763
59990
32762
32764
32774
46116
32763
32764
46117
32776
59991
32777
46118
32769
32770
32771
32772
32769
32770
32769
32771
32770
32771
32775
46136
32776
32778
46137
32776
32777
32778
32777
32778
46129
46144
32776
32777
46130
32776
32778
46145
59992
59993
46132
46147
32781
32786
32781
32787
46180
60018
32788
60020
32784
32784
46183
60024
60026
46199
60027
32788
32788
32795
46515
32797
32792
60015
32793
46535
32792
32793
32796
46536
60016
32797
60017
32799
46537
32798
32799
46527
46548
32797
32798
46528
60018
32797
32799
46549
60019
60020
46530
46551
32803
32804
32805
32813
32819
60036
32803
32804
46689
46716
60037
32804
32805
32820
46718
32817
46690
60038
32824
46719
60039
32818
32825
32810
32811
32812
32813
32819
55279
32810
32811
32858
33303
55280
32810
32812
32815
32860
32811
32812
32822
33305
32816
32862
55281
32823
33307
55282
32818
32825
32816
32817
32818
60029
32816
32817
32872
46712
60030
32816
32818
32873
32874
60031
46713
60032
32823
32824
32825
60033
32824
32825
46737
32823
32824
33318
46738
32823
32825
33319
33320
60034
46740
60035
32830
32831
32832
32839
32844
32831
32832
32840
46809
62806
32830
32831
32845
46773
32830
32832
46774
46810
32849
46775
60043
32842
32850
62807
32843
46812
32837
32838
32839
32844
32837
32838
32841
59543
62808
32837
32838
32847
62809
32848
32842
32850
62810
32842
32843
32842
32843
46804
62813
32842
46805
46807
32848
32849
32850
32849
32850
32848
32849
46796
60040
32848
32850
60041
46797
60042
32854
32855
32856
32864
32871
60051
32855
32856
32865
46893
32854
32855
46866
46894
60052
32875
46867
60053
32869
46896
60054
32870
32876
32861
32862
32863
32864
32871
55283
32861
32862
55284
32861
32863
32867
32862
32863
32873
32868
55285
32874
55286
32870
32876
32868
32869
32870
60048
32869
32870
46907
32868
32869
46908
32868
32870
60049
46910
60050
32874
32875
32876
60044
32874
32875
46889
60045
32874
32876
60046
46890
60047
32879
32883
32879
32884
47332
60055
32885
60057
32882
32886
33005
32882
32888
60056
64650
32889
60057
32885
59931
32885
32893
47336
32895
32889
32890
47355
32889
32890
32894
47356
32895
32897
47357
32895
32896
32897
32896
32897
47347
47368
32895
32896
47348
60055
32895
32897
47369
60056
60057
47350
47371
32901
32902
32903
32915
32920
60060
32901
32902
47518
47538
60061
32902
32903
32921
47540
32918
47519
60062
32925
47541
60063
32919
32926
32906
32907
32915
55287
60060
32906
32907
32916
33040
47523
32917
33041
55289
32918
47524
60062
32912
32913
32914
32915
32920
55287
32912
32913
33044
33360
55288
32912
32914
33046
32913
32914
32923
33362
32917
33048
55289
32924
33364
55290
32919
32926
32917
32918
32919
32917
32918
33058
62929
33059
62930
32924
32925
32926
60058
32925
32926
47559
32924
32925
33375
47560
32924
32926
33376
33377
47562
60059
32931
32932
32933
32940
32947
32932
32933
47598
47623
32931
32932
32941
47599
32931
32933
32948
47624
64654
32945
32950
64655
32946
47600
60068
32951
47626
32938
32939
32940
32947
32938
32938
32939
32942
32939
32949
64222
32944
32945
32950
32944
32945
32946
60064
32945
32946
32944
32945
32944
32946
47619
60065
60066
47620
60067
32950
32951
32950
32951
62944
32950
64223
32954
32996
59939
32954
32962
32997
47683
32964
32998
32958
32999
33065
32958
32959
32963
33000
47702
32959
33067
47703
32964
33001
32966
47704
32964
32965
32966
32965
32966
47694
47715
32964
32965
47695
60075
32964
32966
47716
60076
60077
47697
47718
32970
32971
32972
32984
32989
60071
32970
32971
47865
47886
60072
32971
32972
32990
47887
32987
47866
60073
32994
47888
60074
32988
32995
32975
32976
32984
55291
60071
32975
32976
32985
33109
47870
32986
33110
55293
32987
47871
60073
32981
32982
32983
32984
32989
55291
32981
32982
33113
33388
55292
32981
32983
33114
32982
32983
32992
33389
32986
33116
55293
32993
33391
55294
32988
32995
32986
32987
32988
32986
32987
33120
62986
33121
62987
32993
32994
32995
60069
32994
32995
47906
32993
32994
33396
47907
32993
32995
33397
33398
47909
60070
32998
32998
47945
60075
60077
33001
33001
60076
64659
60077
33004
33004
47948
60078
60080
33007
33007
60079
64662
60080
33012
33013
33014
33021
33026
33013
33014
33022
47976
64664
33012
33013
33027
47951
33012
33014
47952
47977
33031
47953
60085
33024
33032
64665
33025
47979
33019
33020
33021
33026
33019
33020
33023
64147
33019
33020
33029
33030
33024
33032
33024
33025
33024
33025
63007
33024
64148
33030
33031
33032
60081
33031
33032
33030
33031
47968
60082
33030
33032
60083
47969
60084
33036
33037
33038
33050
33057
60088
33037
33038
33051
48055
33036
33038
48035
48056
60089
33060
48036
60090
33055
33061
33056
48058
60091
33041
33042
33057
55295
60088
33041
33042
33058
48040
33059
55298
33060
48041
60090
33047
33048
33049
33050
33057
55295
33047
33048
55296
33047
33049
33052
33048
33049
33054
55297
33059
55298
33055
33061
33054
33055
33056
60086
33055
33056
48069
33054
33055
33054
33056
48070
48072
60087
33059
33060
33061
33059
33060
63025
63026
33064
59964
33064
33072
48230
33074
33068
33068
33069
33073
48249
33069
48250
33074
33076
48251
33074
33075
33076
33075
33076
48241
48262
33074
33075
48242
59549
33074
33076
48263
59550
59551
48244
48265
33081
33082
33083
33090
33097
33081
33082
33091
48298
33081
33083
48299
48324
33082
33083
33098
48325
64668
33095
48300
60096
33096
33100
64669
33101
48326
33088
33089
33090
33097
33088
33088
33089
33093
33089
33099
64225
33094
33096
33100
33094
33095
33096
60092
33095
33096
33094
33095
48315
60093
33094
33096
60094
48316
60095
33100
33101
33100
33101
63064
33100
64226
33105
33106
33107
33119
33124
60099
33105
33107
48382
48403
60100
33106
33107
33125
48404
33122
48383
60101
33123
33129
33130
48405
60102
33110
33111
33119
55299
60099
33110
33111
33120
48387
33121
55301
33122
48388
60101
33116
33117
33118
33119
33124
55299
33116
33117
33416
55300
33116
33118
33117
33118
33126
33417
33121
55301
33128
33419
55302
33123
33129
33121
33122
33123
33121
33122
63078
63079
33128
33129
33130
60097
33129
33130
48423
33128
33129
33424
33128
33130
33425
48424
33426
48426
60098
33154
48660
60104
33136
33137
33138
33145
33152
33137
33138
48843
48875
33136
33137
33146
48844
33136
33138
33153
48876
63165
33150
33155
63166
33151
48845
60108
33156
48878
33143
33144
33145
33152
33143
33143
33144
33147
63167
33144
33154
60104
63168
33149
33150
33155
63169
33149
33150
33151
33150
33151
33149
33150
33149
33151
48867
60105
60106
48868
60107
33155
33156
33155
33156
48838
63172
33155
48839
48841
33159
33263
33159
33166
33264
48933
33168
33265
33163
33200
60137
33164
33202
48953
33163
33164
33167
48954
60138
33168
60139
33170
48955
33169
33170
48945
48966
33168
33169
48946
60140
33168
33170
48967
60141
60142
48948
48969
33174
33175
33176
33184
33190
60116
33174
33176
49107
49135
60117
33175
33176
33191
49136
33188
49108
60118
33189
33195
33196
49137
60119
33181
33182
33183
33184
33190
55303
33181
33182
33243
33473
55304
33181
33183
33186
33244
33182
33183
33192
33474
33187
33246
55305
33194
33476
55306
33189
33195
33187
33188
33189
60109
33187
33188
33250
49126
60110
33187
33189
33251
33252
60111
49127
60112
33194
33195
33196
60113
33195
33196
49155
33194
33195
33481
33194
33196
33482
49156
33483
60114
49158
60115
33199
33199
33206
49192
33208
33203
59552
33203
33204
33207
49212
59553
33204
49213
33208
59554
33210
49214
33209
33210
49204
49225
33208
33209
49205
59555
33208
33210
49226
59556
59557
49207
49228
33215
33216
33217
33224
33231
33215
33216
33225
49261
33215
33217
33232
49294
63226
33216
33217
49262
49295
33229
33234
63227
33230
49263
60123
33235
49296
33222
33223
33224
33231
33222
33222
33223
33226
63228
33223
33233
60136
63229
33228
33229
33234
63230
33228
33229
33230
33229
33230
33228
33229
33228
33230
49280
60120
60121
49281
60122
33234
33235
33234
33235
49256
63233
33234
33262
49257
49259
33239
33240
33241
33249
33255
60131
33239
33241
49350
49378
60132
33240
33241
33256
49379
33253
49351
60133
33254
33260
33261
49380
60134
33246
33247
33248
33249
33255
55307
33246
33247
33501
55308
33246
33248
33251
33247
33248
33257
33502
33252
55309
33259
33504
55310
33254
33260
33252
33253
33254
60124
33252
33253
49365
60125
33252
33254
60126
49366
60127
33259
33260
33261
60128
33260
33261
49398
33259
33260
33509
33259
33261
33510
49399
33511
60129
49401
60130
49628
60136
33265
33265
49807
60140
60142
33270
33271
33272
33288
33270
33271
33283
54344
54351
33270
33272
33285
54345
64718
33271
33272
33289
54346
33284
33293
54352
33287
33294
64719
33276
33277
33288
33277
65528
33276
33277
33290
33551
65529
33292
33553
33284
33293
65530
33281
33282
33288
33282
33286
64721
33281
33282
33291
33556
64722
33292
33558
33287
33294
64723
33284
54350
54353
54356
33287
54362
64714
33287
54363
54365
33292
33293
33294
33293
33294
33292
33293
33562
33292
33294
33563
33564
64717
33299
33300
33301
33309
33316
33300
33301
33310
50015
63348
33299
33300
33317
49998
63349
33299
33301
33321
49999
33314
33322
33315
50017
33306
33307
33308
33309
33316
33306
33307
33306
33308
33311
33307
33308
33319
33313
33320
33314
33322
33313
33314
33315
33314
33315
50022
63350
33313
33314
33313
33315
50023
50025
33320
33321
33322
33321
33322
50009
33320
33321
50010
33320
33322
50012
33327
33328
33329
33345
33327
33328
33340
54369
54377
33327
33329
33342
54371
64739
33328
33329
33346
54372
33341
33350
54378
33344
33351
64740
33333
33334
33345
33334
65543
33333
33334
33347
33594
65544
33349
33596
33341
33350
65545
33338
33339
33345
33339
33343
64742
33338
33339
33348
33600
64743
33349
33602
33344
33351
64744
33341
54376
54379
54382
33344
54388
64735
33344
54389
54391
33349
33350
33351
33350
33351
33349
33350
33612
33349
33351
33613
33614
64738
33356
33357
33358
33366
33373
33357
33358
33367
50760
63512
33356
33357
33374
50742
63513
33356
33358
33378
50743
33371
33379
63514
33372
33363
33364
33365
33366
33373
33363
33364
33363
33365
33368
33364
33365
33376
33370
33377
33371
33379
33370
33371
33372
33371
33372
50766
63515
33370
33371
33370
33372
50767
50769
33377
33378
33379
33378
33379
50754
33377
33378
50755
33377
33379
50757
33384
33385
33386
33394
33401
33384
33385
33395
51123
63581
33384
33386
33385
33386
33402
51143
63582
33399
51125
33400
33406
63583
33407
33391
33392
33393
33394
33401
33391
33392
33416
33391
33393
33397
33392
33393
33403
33418
33398
33405
33420
33400
33406
33398
33399
33400
33399
33400
51133
33398
33399
51134
33398
33400
51136
33405
33406
33407
33406
33407
51148
63584
33405
33406
33431
33405
33407
33432
51149
33433
51151
33412
33413
33414
33422
33429
33413
33414
33412
33413
33423
51715
63690
33412
33414
33430
51734
63691
33427
33434
63692
33428
51717
33435
33419
33420
33421
33422
33429
33419
33420
33419
33421
33424
33420
33421
33431
33426
33433
33427
33434
33426
33427
33428
33427
33428
51725
33426
33427
33426
33428
51726
51728
33433
33434
33435
33434
33435
51740
63693
33433
33434
33433
33435
51741
51743
33440
33441
33442
33458
33440
33441
33453
54395
64755
33440
33442
33456
54397
54412
33441
33442
33459
54398
33455
33463
64756
33457
33464
54413
33446
33447
33458
33447
33454
64758
33446
33447
33460
33655
64759
33462
33657
33455
33463
64760
33451
33452
33458
33452
65558
33451
33452
33461
33662
65559
33462
33663
33457
33464
65560
33455
54405
64748
33455
54406
54408
33457
54402
54414
54417
33462
33463
33464
33463
33464
33462
33463
33673
33462
33464
33674
33675
64763
33469
33470
33471
33479
33486
33469
33470
33480
52360
63811
33469
33471
33487
52379
63812
33470
33471
33484
33491
33485
52362
33492
52380
33476
33477
33478
33479
33486
33476
33477
33501
33476
33478
33481
33477
33478
33488
33503
33483
33490
33505
33484
33491
33483
33484
33485
33484
33485
52369
33483
33484
33483
33485
52370
52372
33490
33491
33492
33491
33492
52388
63813
33490
33491
33516
33490
33492
33517
52389
33518
52391
33497
33498
33499
33507
33514
33498
33499
33497
33498
33508
52638
63876
33497
33499
33515
52656
63877
33512
33519
33513
52640
33520
52658
33504
33505
33506
33507
33514
33504
33505
33504
33506
33509
33505
33506
33516
33511
33518
33512
33519
33511
33512
33513
33512
33513
52647
33511
33512
33511
33513
52648
52650
33518
33519
33520
33519
33520
52663
63878
33518
33519
33518
33520
52664
52666
33525
33526
33527
33538
33526
33527
33539
33525
33526
33545
54422
64774
33525
33527
33548
54423
54438
54424
33543
33547
64775
33544
33549
54439
33531
33532
33538
33531
33532
33540
64777
33532
33546
64778
33542
33543
33547
64779
33536
33537
33538
33536
33537
33541
65563
33537
65564
33542
33544
33549
65565
33542
33543
33544
33543
33544
33542
33543
33542
33544
64782
33547
54431
64772
33547
54432
54434
33549
54428
54440
54443
33553
33554
33561
33567
33553
33554
33562
65728
33554
33569
60147
65729
33564
33565
33572
65730
33558
33559
33560
33561
33574
33558
33560
33563
53028
33559
33560
33576
53029
60155
33564
33578
33566
33579
53030
33564
33565
33566
60143
33564
33565
33564
33566
33571
33572
33573
60143
60145
33572
33573
53042
33571
33572
60148
64783
33571
33573
53043
53045
60144
60146
33578
33579
33580
60143
60145
33579
33580
53049
33578
33579
60156
63969
33578
33580
53050
53052
60144
60146
33585
54447
33627
54595
33584
33587
54449
54273
64795
54454
54455
54458
54459
54273
54461
33589
33590
54462
54277
64797
54277
54463
33624
54468
54469
54472
54473
33596
33597
33611
33617
33596
33597
33612
65732
33597
33619
60149
65733
33614
33615
33622
65734
33601
33602
33603
33604
33611
33601
33603
33606
53360
59558
33602
33603
33613
53361
33608
33614
33609
33616
53362
33608
33609
33610
60151
60153
33609
33610
53374
33608
33609
59559
64004
33608
33610
53375
53377
60152
60154
33614
33615
33616
60151
33614
33615
33614
33616
33621
33622
33623
60151
60153
33622
33623
53381
33621
33622
60150
64784
33621
33623
53382
53384
60152
60154
54475
33634
54601
33629
54480
33628
54482
54483
54484
54604
54605
33631
33632
54485
54562
64799
54562
54607
33636
54489
33635
54491
54492
54493
54609
54610
33638
54563
54612
33639
54494
54563
64800
33641
33642
54495
54566
64801
54566
54613
33646
54499
33645
33685
54501
54502
54503
54615
54616
33648
54567
54618
33649
54504
54567
64802
33653
54508
33652
33697
54510
54511
54512
54620
54621
33657
33658
33659
33672
33678
33657
33659
33673
53934
33658
33659
33680
53935
60165
33675
33682
33676
33683
53936
33663
33664
33665
33672
33664
33667
59560
65736
33663
33664
33674
65737
33675
33670
33677
65738
33669
33670
33671
60177
60179
33670
33671
53948
33669
33670
59561
64794
33669
33671
53949
53951
60178
60180
33675
33676
33677
60177
33675
33676
33675
33677
33682
33683
33684
60177
60179
33683
33684
53955
33682
33683
60166
64100
33682
33684
53956
53958
60178
60180
54623
33687
54513
54519
54520
54523
54524
33690
54294
54526
33691
54527
54294
64803
33695
54298
54528
33698
54533
54534
54537
54538
33696
54540
54298
64805
54629
54541
33701
33705
36690
57027
33701
33704
33707
33702
33708
57028
33704
33705
33709
33720
57029
33704
33705
33721
36694
33712
33724
33726
36695
57030
33708
33711
60311
33708
33712
33709
60312
33711
33712
33713
60313
33711
33712
33714
33717
60314
33718
33717
33718
33719
33720
60319
33717
33718
33717
33719
33756
60320
33718
33719
33722
33757
60321
33724
33725
33759
60322
33724
33725
33726
60315
33724
33726
36712
33724
33725
33770
33725
33726
33771
36714
60316
33773
60317
36715
60318
33729
33733
36774
57031
33729
33732
33735
33730
33736
57032
33732
33733
33737
33748
57033
33732
33733
33749
36778
33740
33752
33754
36779
57034
33736
33739
60323
33736
33740
33737
60324
33739
33740
33741
60325
33739
33740
33742
33745
60326
33746
33745
33746
33747
33748
60331
33745
33746
33745
33747
33756
60332
33746
33747
33750
33758
60333
33752
33753
33760
60334
33752
33753
33754
60327
33752
33754
36796
33752
33753
33777
33753
33754
33778
36798
60328
33780
60329
36799
60330
33759
33760
33761
33769
33776
60343
33759
33760
60344
33759
33761
33770
33760
33761
33777
33773
60345
33780
60346
33774
33781
33766
33767
33768
33769
33776
57035
33767
33768
36754
36838
57036
33766
33767
33772
36755
33766
33768
33779
36839
33774
33781
33775
36757
57037
33782
36841
57038
33773
33774
33775
60335
33773
33774
33773
33775
36762
60336
33774
33775
36763
60337
36764
60338
33780
33781
33782
60339
33780
33781
33780
33782
36846
60340
33781
33782
36847
60341
36848
60342
33785
33789
36942
57039
33785
33788
33791
33786
33792
57040
33788
33789
33793
33804
57041
33788
33789
33805
36946
33796
33808
33810
36947
57042
33792
33795
60347
33792
33796
33793
60348
33795
33796
33797
60349
33795
33796
33798
33801
60350
33802
33801
33802
33803
33804
60355
33801
33802
33801
33803
33840
60356
33802
33803
33806
33841
60357
33808
33809
33843
60358
33808
33809
33810
60351
33808
33810
36964
33808
33809
33854
33809
33810
33855
36966
60352
33857
60353
36967
60354
33815
33816
33817
33825
33832
60367
33815
33816
33840
60368
33815
33817
33826
33816
33817
33833
33842
33829
60369
33836
33845
60370
33830
33837
33822
33823
33824
33825
33832
57043
33823
33824
36726
37034
57044
33822
33823
33828
36727
33822
33824
33835
37035
33830
33837
33831
36729
57045
33838
37037
57046
33829
33830
33831
60359
33829
33830
33829
33831
36734
60360
33830
33831
36735
60361
36737
60362
33836
33837
33838
60363
33836
33837
33861
33836
33838
33863
37042
60364
33837
33838
37043
33865
60365
37044
60366
33843
33844
33845
33853
33860
60379
33843
33845
60380
33843
33844
33854
33844
33845
33861
33857
60381
33858
33864
33865
60382
33850
33851
33852
33853
33860
57047
33851
33852
37006
37090
57048
33850
33851
33856
37007
33850
33852
33862
37091
33858
33864
33859
37009
57049
33866
37093
57050
33857
33858
33859
60371
33857
33858
33857
33859
37014
60372
33858
33859
37015
60373
37016
60374
33864
33865
33866
60375
33864
33865
33864
33866
37098
33865
33866
37099
60376
60377
37100
60378
33869
33873
37278
57063
33869
33872
33875
33870
33876
57064
33872
33873
33877
33888
57065
33872
33873
33889
37282
33880
33892
33894
37283
57066
33876
33879
60383
33876
33880
33877
60384
33879
33880
33881
60385
33879
33880
33882
33885
60386
33886
33885
33886
33887
33888
60391
33885
33886
33885
33887
33924
60392
33886
33887
33890
33926
60393
33892
33893
33927
60394
33892
33893
33894
60387
33892
33894
37300
33892
33893
33945
33893
33894
33946
37302
60388
33948
60389
37303
60390
33899
33900
33901
33909
33916
60403
33899
33900
33924
60404
33899
33901
33910
33900
33901
33917
33925
33913
60405
33920
33929
60406
33914
33921
33906
33907
33908
33909
33916
57067
33907
33908
36810
37202
57068
33906
33907
33912
36811
33906
33908
33919
37203
33914
33921
33915
36813
57069
33922
37205
57070
33913
33914
33915
60395
33913
33914
33913
33915
36818
60396
33914
33915
36819
60397
36821
60398
33920
33921
33922
60399
33920
33921
33938
33920
33922
33940
37210
60400
33921
33922
37211
33942
60401
37212
60402
33927
33928
33929
33937
33944
60415
33927
33929
60416
33928
33929
33938
33927
33928
33945
33948
60417
33941
33949
33942
60418
33934
33935
33936
33937
33944
57071
33935
33936
37258
37342
57072
33934
33935
33939
37259
33934
33936
33947
37343
33941
33949
33943
37261
57073
33950
37345
57074
33941
33942
33943
60411
33941
33942
33941
33943
37266
33942
33943
37267
60412
60413
37268
60414
33948
33949
33950
60407
33948
33949
33948
33950
37350
60408
33949
33950
37351
60409
37352
60410
33955
33956
33957
33965
33972
60427
33955
33956
34008
60428
33955
33957
33966
33956
33957
33973
34009
33969
60429
33976
34012
60430
33970
33977
33962
33963
33964
33965
33972
57075
33963
33964
37062
37482
57076
33962
33963
33968
37063
33962
33964
33975
37483
33970
33977
33971
37065
57077
33978
37485
57078
33969
33970
33971
60419
33969
33970
33969
33971
37070
60420
33970
33971
37071
60421
37073
60422
33976
33977
33978
60423
33976
33977
34022
33976
33978
34024
37490
60424
33977
33978
37491
34026
60425
37492
60426
33983
33984
33985
33993
34000
60439
33983
33984
34008
60440
33983
33985
33994
33984
33985
34001
34010
33997
60441
34004
34013
60442
33998
34005
33990
33991
33992
33993
34000
57079
33991
33992
37230
37566
57080
33990
33991
33996
37231
33990
33992
34003
37567
33998
34005
33999
37233
57081
34006
37569
57082
33997
33998
33999
60431
33997
33998
33997
33999
37238
60432
33998
33999
37239
60433
37241
60434
34004
34005
34006
60435
34004
34005
34029
34004
34006
34031
37574
60436
34005
34006
37575
34033
60437
37576
60438
34011
34012
34013
34021
34028
60451
34012
34013
60452
34011
34012
34022
34011
34013
34029
34025
34032
34026
60453
34033
60454
34018
34019
34020
34021
34028
57083
34019
34020
37510
37594
57084
34018
34019
34023
37511
34018
34020
34030
37595
34025
34032
34027
37513
57085
34034
37597
57086
34025
34026
34027
60443
34025
34026
34025
34027
37518
34026
34027
37519
60444
60445
37520
60446
34032
34033
34034
60447
34032
34033
34032
34034
37602
34033
34034
37603
60448
60449
37604
60450
34037
34041
38672
57123
34037
34040
34042
60466
34038
34043
57124
34040
34041
34044
34046
34040
34041
34047
38675
34045
34050
60467
34052
38676
57125
34043
34045
34067
34044
34045
34072
60456
34050
34051
34052
34050
34052
34082
38685
34050
34051
34083
34133
60455
34051
34052
34134
38686
60457
34084
60456
34136
38687
60458
34055
34059
38749
57126
34055
34058
60459
60468
34056
60460
34058
34059
34060
34058
34059
34061
38752
60470
34064
60461
60471
34066
38753
57127
34064
34065
34066
34064
34066
34087
38762
34064
34065
34088
60462
65275
34065
34066
38763
60464
65276
34089
60463
38764
60465
34069
34072
60466
34069
34073
60459
60468
34070
34072
34073
34074
60469
34072
34073
34075
34078
60467
34079
60461
60471
34078
34079
34080
34081
34086
34078
34079
34078
34080
34083
34092
60455
34079
34080
34088
34093
60462
34084
60456
34089
60463
34085
34090
34094
34084
34085
34084
34084
34085
34112
60467
34114
34089
34090
60469
34089
60470
34089
34090
34117
60471
34119
34094
34095
34096
34111
34116
34122
34094
34095
34112
60473
34094
34096
34117
64227
34114
34119
34115
34125
34120
34126
34101
34102
34103
34111
34122
57128
34102
34103
38814
34101
34102
34113
34129
61475
34101
34103
34123
34130
38815
34115
34125
34131
34127
38817
57129
34108
34109
34110
34116
34122
57128
34109
34110
38821
34108
34109
34118
64337
65624
34108
34110
34124
38822
65625
34120
34126
65626
34121
34127
38824
57129
34114
34115
60472
34114
34115
34133
34115
34135
61476
34137
34119
34120
34121
60472
34119
34120
65275
34120
34121
64338
65277
65278
34125
34126
34127
34125
34127
61482
34126
34127
61483
34132
38712
34131
34132
34135
38713
34131
61484
34137
34138
38715
34136
34137
60473
34136
34138
38727
34137
34138
38728
38729
34140
34144
38590
34141
34143
34144
34157
34143
34144
34158
38592
59495
34161
34163
38594
34146
34149
39050
58565
34147
58566
34149
34164
34149
34165
39054
34168
39055
34154
34155
34156
34157
34164
34155
34156
34154
34155
34160
34179
34154
34156
34166
34180
61517
34162
34167
34181
34163
34168
61518
34161
34162
34163
34161
34163
38595
59496
34161
34162
34199
34162
34163
34200
38596
34202
60474
38598
34167
34168
34168
39062
34167
34168
34207
39064
34209
60474
39065
34173
38607
39237
34172
34173
34175
34193
38608
34172
34194
39238
34176
34195
34177
38609
34177
38613
59497
34176
34177
34201
38614
34203
38616
34181
34182
34183
34198
34205
57130
34181
34182
34200
34181
34183
34207
34202
34209
34204
34211
57131
34188
34189
34190
34205
34212
57130
34189
34190
39143
39277
34188
34189
34208
39144
60475
34188
34190
34213
39278
34210
34211
39146
57131
34216
39280
57132
34195
34196
34197
34198
34212
57130
34196
34197
39284
34195
34196
34201
61464
34195
34197
34214
39285
34203
34215
34204
34216
39287
57132
34202
34203
34204
60477
34202
34203
34202
34204
34203
34204
61465
60478
34209
34210
34211
60477
34209
34210
34209
34211
39149
34210
34211
39150
60476
60478
39151
34215
34216
60477
34216
39290
34215
34216
39291
39292
34220
60479
34231
34220
34221
34235
34223
60480
34223
34239
34223
64237
60481
34226
34230
39959
34226
34229
34232
34227
34233
34229
34230
34234
34244
34229
34230
34245
39963
34237
34248
34250
39964
34233
34236
34233
34237
64228
34234
34236
34237
34238
34236
34237
34239
64229
34241
34242
64230
34241
34242
34243
34244
34241
34242
64231
34242
34243
34246
34251
64233
34248
64234
34249
34253
34248
34249
34250
34248
34250
39984
34248
34249
34261
64235
34249
34250
34262
39986
64236
34264
39987
60482
34253
34254
34261
34301
34254
34302
60483
64238
34264
34265
34303
60485
34259
39998
34258
34259
34263
34305
39999
34258
34306
40055
60484
34265
34307
60485
34266
40001
34264
34265
34266
34264
34265
34309
34264
34266
40006
34265
34266
34310
40007
34311
40008
34271
34272
34273
34284
34291
34292
34271
34272
34285
64237
34271
34273
34300
34272
34273
34293
34302
64238
34288
34289
34296
34297
34304
34276
34277
34284
34291
34276
34277
34286
39471
59498
34288
34290
39474
34281
34282
34283
34284
34292
34282
34283
40071
61568
34281
34283
34294
34289
34296
34290
61569
34298
40072
34288
34289
34290
34288
34289
34288
34290
39482
34289
34290
39484
60486
34296
34297
34298
60486
34296
34297
34313
34296
34298
40080
34297
34298
34315
40081
60487
34317
40082
60488
34303
34304
34312
34304
64232
34303
34309
64233
34303
34304
34313
34311
34316
34317
34307
34310
40018
34307
34308
34314
40134
34311
34316
34318
40136
34311
64235
34311
40021
34316
34317
34318
34316
34317
60483
34316
34318
40141
60484
34317
34318
40142
60485
40143
34320
34322
39926
58768
34321
34329
58769
34322
34330
34343
34347
39929
34325
34325
34327
34328
34352
34326
34329
34327
34330
34348
34331
34350
34355
34329
34331
34363
58772
34330
58773
34331
34332
34337
34367
34336
34337
34338
34343
34348
34336
34337
34370
34336
34338
34344
34412
34337
34338
34349
34371
34413
34350
34373
34346
34351
34415
34341
34342
34343
34348
34341
34342
34345
34419
39947
34346
34351
34420
34347
39948
34346
34347
34346
34430
34346
34347
34431
39952
34433
39953
34350
34351
34350
34351
60494
60500
60495
60501
34353
34355
34363
34354
34364
34355
34365
60493
34367
60495
34358
34362
40691
34358
34361
34359
34364
34361
34362
34365
34376
34361
34362
34377
40695
34368
34380
34382
40696
34364
34367
34365
34367
34368
34369
34367
34368
34370
34373
34374
34373
34374
34375
34376
60493
34373
34374
34373
34375
34384
60494
34374
34375
34378
34385
60495
34380
34381
34387
60496
34380
34381
34382
60489
34380
34382
40712
34380
34381
34398
34381
34382
34399
40714
60490
34401
60491
40715
60492
34387
34388
34389
34397
34404
34387
34388
34413
60497
34387
34389
34398
34388
34389
34405
34414
34401
60498
34408
34416
34402
34409
34394
34395
34396
34397
34404
34395
34396
40722
40789
34394
34395
34400
34443
40723
34394
34396
34407
34444
40790
34402
34409
34445
34403
40725
34410
40792
34401
34402
34403
34401
34402
34401
34403
40729
34402
34403
34446
40730
34447
40731
34408
34409
34410
34408
34409
34437
34408
34410
34438
40796
34409
34410
40797
60503
34440
60504
40798
34415
34416
34417
34429
34436
60499
34415
34417
34430
34415
34416
60500
34416
34417
34437
34433
60501
34440
60502
34434
34441
34420
34421
34429
57133
60499
34420
34421
34431
40031
34433
60501
34435
40032
57134
34426
34427
34428
34429
34436
57133
34427
34428
40035
40851
34426
34427
34432
40036
34426
34428
34439
40852
34434
34441
34435
40038
57134
34442
40854
34433
34434
34435
34433
34434
34433
34435
40043
34434
34435
40044
40045
34440
34441
34442
34440
34441
34440
34442
40859
34441
34442
40860
40861
34445
34446
40772
34445
40875
60503
34447
60504
34447
40777
34449
34452
40985
34450
34452
34465
34452
34466
40987
64143
34471
40989
34454
34457
41021
58827
34455
34457
34472
34457
34473
41025
34476
41026
34462
34463
34464
34465
34472
34463
34464
34462
34463
34468
34480
34462
34464
34474
34481
61775
34470
34475
34482
34471
34476
61776
34469
34470
34471
34469
34471
40990
64144
34469
34470
34500
34470
34471
34501
40991
34503
40993
34475
34476
34476
41029
34475
34476
34508
41031
34510
41032
34478
34499
34506
34513
34503
34510
34482
34483
34484
34499
34506
57137
34482
34483
34501
34482
34484
34508
34503
34510
34505
34512
57138
34489
34490
34491
34506
34513
57137
34490
34491
41251
65667
34489
34490
34509
64239
65668
34489
34491
41252
34511
34512
57138
65670
34516
41254
57139
34496
34497
34498
34499
34513
57137
34497
34498
41258
34496
34497
34502
64428
65281
34496
34498
34514
41259
65282
34504
34515
65283
34505
34516
41261
57139
34503
34504
34505
34503
34504
65628
34503
34505
64429
34504
34505
64430
65630
65631
34510
34511
34512
34510
34511
34510
34512
65356
34511
34512
64240
65357
65358
34515
34516
34515
34516
41266
41267
34521
41440
57140
34520
34520
34521
34522
41443
34524
34525
41444
57141
34524
34525
41458
34525
41460
64243
41462
34530
34531
34532
34538
34542
34531
34532
34530
34531
34539
40742
34530
34532
34544
34540
34546
34541
40744
34547
64442
34536
34537
34542
34536
34537
61889
65367
34536
34545
64242
65368
34547
65370
34540
34541
34540
34541
40753
40756
60506
34546
34547
34546
34546
34547
65678
34547
64244
65679
65680
34550
34569
34550
34551
34573
34553
34574
34553
34577
34553
34578
34637
60507
34580
60508
34557
60509
34558
34570
34557
34558
34559
34573
34561
60510
34575
34561
34577
34561
60519
60511
34564
34568
42006
57142
34564
34567
34569
34565
34571
57143
34567
34568
34572
34583
34567
34568
34584
42010
34574
34587
34589
42011
57144
34571
34574
34571
34575
34572
34574
34575
34576
34574
34575
34577
34580
34581
34580
34581
34582
34583
34580
34581
34580
34582
34585
34590
34581
34582
34587
34588
34592
34587
34588
34589
34587
34589
42030
34587
34588
34599
60507
34588
34589
34600
42032
60508
34602
42033
34592
34593
34599
34637
34593
34638
60512
60520
34602
34603
34639
60514
34596
34597
34601
34641
42049
34596
34642
60513
64459
34603
34643
60514
34604
42051
34602
34603
34604
34602
34603
34645
34602
34604
42056
34603
34604
34646
42057
34647
42058
34609
34610
34611
34623
34629
60518
34609
34610
34636
34609
34611
34624
60519
34610
34611
34630
34638
60520
34626
34633
34640
34627
34634
34615
34616
34623
60518
34616
41943
34615
34616
34625
41944
59504
34626
59506
34628
41947
34620
34621
34622
34623
34629
34621
34622
61894
61919
34620
34622
34632
34627
34634
34628
61895
34635
61920
34626
34627
34628
34626
34627
34626
34628
61897
61899
34633
34634
34635
60515
34633
34634
34649
60521
34633
34635
34651
42114
60516
34634
34635
42115
34653
42116
60517
34640
34639
34645
34639
34640
34649
34647
34652
34653
34643
34646
64452
34643
34644
34650
42172
34647
34652
34654
42174
34647
60507
34647
64455
34652
34653
34654
34652
34653
60512
34652
34654
42179
60513
34653
34654
42180
60514
42181
34656
34658
41973
58975
34657
34667
58976
34658
34668
34679
34683
41976
34661
34665
34661
34664
34666
34695
34662
34667
34664
34665
34668
34684
34664
34665
34669
34686
34698
34667
34669
34699
34668
34669
34670
34673
34703
34673
34674
34679
34684
34674
34680
34751
34673
34674
34685
34707
34752
34686
34709
34682
34687
34754
34677
34678
34679
34684
34677
34678
34681
41994
60529
34682
34687
60530
34683
41995
34682
34683
34682
34765
34682
34683
34766
41999
34768
42000
34686
34687
34686
34687
34719
60535
34720
60536
34690
34694
42306
57145
34690
34693
34691
34700
57146
34693
34694
34701
34711
57147
34693
34694
34712
42310
34702
34715
34717
42311
57148
34696
34698
34699
34697
34700
57146
34698
34701
34718
57147
34703
34720
34700
34703
34701
34702
34703
34704
34708
34709
34708
34709
34710
34711
34718
34708
34709
34708
34710
34713
34723
34709
34710
34719
34724
34715
34720
34716
34721
34726
34715
34716
34717
60522
34715
34717
42328
34715
34716
34737
34716
34717
34738
42330
34740
60523
42331
60524
34720
34721
60522
34720
34721
60525
60523
60526
34726
34727
34728
34736
34743
34726
34727
34737
34726
34728
34752
60525
34727
34728
34744
34753
34740
60526
34741
34747
34748
34755
60527
34733
34734
34735
34736
34743
34734
34735
34733
34734
34739
42338
64245
34733
34735
34745
42403
64246
34741
34747
64247
34742
42340
34749
42405
34740
34741
34742
34740
34741
34740
34742
42344
34741
34742
42345
64248
64249
42346
34747
34748
34749
34747
34748
34772
34747
34749
42409
64250
34748
34749
34773
42410
64251
34775
42411
34754
34755
34756
34764
34771
60534
34754
34756
34765
34754
34755
60535
34755
34756
34772
34768
60536
34775
60537
34769
34776
34761
34762
34763
34764
34771
57149
34762
34763
42076
42477
34761
34762
34767
42077
34761
34763
34774
42478
34769
34776
34770
42079
57150
34777
42480
34768
34769
34770
60528
34768
34769
34768
34770
42084
60529
34769
34770
42085
60530
42086
60531
34775
34776
34777
60532
34775
34776
34775
34777
42485
34776
34777
42486
60533
42487
34782
41509
57151
34781
34781
34782
34783
41512
34785
34786
41514
34785
34786
41528
34786
41530
41532
34791
34792
34793
34799
60540
34792
34793
42357
34791
34792
34801
34791
34793
42358
60541
34803
60542
34805
42360
60543
34797
34798
34799
34797
34798
41539
42601
34797
34802
41540
60544
34805
41542
42603
34803
34804
34805
34803
34804
34803
34805
41544
34804
34805
41545
60545
41546
34810
34811
34812
34820
34811
34812
43037
34810
34811
34821
62007
34810
34812
43038
60550
34823
34824
62008
43040
60551
34817
34818
34819
34820
34818
34819
43431
62009
34817
34818
34822
34826
62010
34817
34819
43432
34824
62011
43434
34823
34824
34823
34824
42633
34824
42634
60552
42635
34827
42644
43476
34827
42645
60552
42646
60553
34832
34833
34834
34841
34847
60560
34832
34833
34842
34886
64262
34832
34834
34887
34833
34834
34848
64263
64265
34844
34888
60561
34845
34851
34852
34838
34839
34840
34841
60560
34839
34840
62208
65396
34838
34839
34843
34892
65397
34844
34893
60561
34846
65399
34844
34845
34846
60554
34844
34845
34908
34844
34846
34909
34911
60555
34851
34852
34853
60554
60557
34851
34852
64264
64267
34851
34853
43718
34852
34853
43719
60558
64268
64270
43720
60556
60559
34858
34859
34860
34872
34878
60562
34858
34859
34858
34860
34873
34859
34860
34879
64263
64265
34875
60563
34881
34876
34882
64266
34864
34865
34872
60562
34865
43498
34864
34865
34874
43499
34875
60563
34877
43502
34869
34870
34871
34872
34878
34870
34871
43729
62185
34869
34871
34880
43730
34876
34882
34877
62186
34883
43732
34875
34876
34877
34875
34876
34875
34877
62188
62189
34881
34882
34883
34881
34882
64264
64267
34882
34883
43737
64269
64271
43738
34888
34889
34902
34907
34889
34903
64261
65633
34888
34889
34908
65635
34888
34911
34905
34912
65637
34893
34894
34907
34894
65401
34893
34894
34909
65402
34911
34913
65404
34899
34900
34901
34902
34907
34900
34901
39307
64500
34899
34900
34904
39308
64259
34899
34901
34910
34905
34912
64260
34906
39310
34913
64501
34905
34906
34905
65297
34905
34906
61550
65299
65301
34911
34912
34913
34911
34912
34911
34913
64504
34912
34913
64505
34918
34919
34920
34928
34919
34920
43137
34918
34919
43138
60568
34918
34920
34929
64507
34931
43140
60569
34932
64508
34925
34926
34927
34928
34926
34927
44143
64509
34925
34926
34930
34934
64510
34925
34927
44144
34932
64511
44146
34931
34932
34931
34932
64513
34932
60571
64514
64515
34935
43963
44185
57155
34935
43964
60571
43965
57156
60572
34940
34941
34942
34953
60574
34941
34942
40098
34940
34941
40099
60575
34940
34942
34955
34957
60576
40102
60577
34959
34945
34946
34960
60574
34945
34946
40104
44321
40107
60577
34963
44324
34950
34951
34952
34953
34960
34950
34951
34956
34966
34950
34952
34961
34967
44328
34958
34962
34968
34959
34963
44329
34957
34958
34959
60573
34957
34958
34977
34957
34959
34958
34959
34978
34980
34962
34963
60573
34962
34963
44333
60578
60579
44334
34968
34969
34970
34976
34969
34970
44379
34968
34969
34978
34968
34970
44380
60578
34980
60579
34982
44381
60580
34974
34975
34976
34974
34975
44229
44398
34974
34979
44230
64275
34982
44231
34980
34981
34982
34980
34981
64277
34980
34982
62320
34981
34982
62321
64279
62322
34987
34988
34989
35001
35008
60583
34987
34988
35002
34987
34989
35045
60584
34988
34989
35005
60585
35006
35011
35012
35046
60586
34994
34995
34996
35001
35008
34995
34996
40825
44884
34994
34995
35004
40826
34994
34996
35009
35006
35011
35007
40828
35013
44885
34999
35000
35008
60583
34999
35000
35010
35050
44888
35012
35051
60586
35013
44890
35005
35006
35007
60581
35005
35006
35005
35007
40833
35006
35007
40834
60582
40836
35011
35012
35013
35011
35013
35012
35013
35065
44894
35066
44895
35017
35018
35019
35029
35036
35040
35017
35018
35030
35017
35019
35037
35045
35033
35038
35034
35039
35042
35047
35023
35024
35029
35040
35023
35024
44355
44931
35023
35032
44356
35035
44357
35043
44932
35027
35028
35036
35040
35027
35028
35041
35056
44936
35039
35042
35057
35043
44938
35033
35034
35035
60587
35033
35034
35033
35035
44361
60588
35034
35035
44362
60589
44364
60590
35038
35039
60587
35038
35039
35061
59522
59524
60589
35063
35042
35043
35042
35043
60596
62451
60597
62452
35046
35047
35060
35064
60595
35046
35047
35061
35062
35066
35063
60597
35051
35052
35053
35060
35064
35052
35053
44905
35051
35053
35065
44906
35062
35066
35067
44908
35057
35058
35059
35060
60595
35058
35059
44966
35057
35059
44967
60596
35063
60597
44969
60598
35062
35063
35062
35063
60584
60586
35066
35067
60591
35066
35067
62446
60593
62447
35072
35073
35074
35082
35088
60604
35072
35073
35141
35072
35074
35083
35142
35173
35073
35074
35089
35174
60609
35085
35143
60605
35092
35086
35093
35175
35079
35080
35081
35082
60604
35080
35081
62468
65412
35079
35080
35079
35081
35084
35147
65413
35085
35148
60605
35087
65415
35085
35086
35087
60602
35085
35086
35163
35085
35087
35164
35166
35092
35093
35094
60599
60602
35092
35093
35169
35176
35092
35094
35170
45097
60600
35093
35094
45098
45099
60601
60603
35140
35099
35100
35102
35140
35099
35100
35142
35173
35105
35106
35144
35105
35106
35107
35105
35106
35158
35105
35107
41234
35106
35107
35159
41235
60606
35160
60607
41237
35112
35113
35114
35127
35133
35112
35113
35128
35112
35114
35113
35114
35134
35174
60609
35130
60608
35131
35136
60610
35137
35118
35119
35127
57158
35119
44671
35118
35119
35129
44672
35130
60608
35132
44675
57160
35124
35125
35126
35127
35133
57158
35125
35126
45108
57159
62412
35124
35125
35124
35126
35135
45109
35131
35136
35132
57160
62413
35138
45111
57161
35130
35131
35132
35130
35131
35130
35132
62415
62416
35136
35137
35138
35136
35137
35169
35176
35136
35138
35171
45116
35172
45117
35143
35144
35157
35162
35144
35158
35143
35143
35144
35163
35166
35160
35167
35148
35149
35162
35149
65417
35148
35149
35164
65418
35166
35168
65420
35154
35155
35156
35157
35162
35155
35156
54329
64555
35154
35155
35159
54330
60606
35154
35156
35165
35160
35167
60607
35161
54332
35168
64556
35160
35161
35160
35160
35161
64436
35166
35167
35168
35166
35167
35166
35168
35167
35168
64559
35172
60609
45163
35172
45164
60610
35175
35175
35176
35181
35182
35183
35195
60614
35182
35183
35181
35182
42133
60615
35181
35183
35197
35199
60616
42136
60617
35201
35186
35187
60614
60618
35186
35187
42141
45924
42144
60617
45927
60621
35192
35193
35194
35195
60618
35193
35194
35192
35193
35198
35208
35192
35194
35209
45931
60619
35200
35210
60620
35201
45932
60621
35199
35200
35201
60612
35199
35200
35220
35199
35201
35200
35201
35221
35223
60613
35220
35205
45322
60622
35205
35222
45323
60625
45325
60623
60626
35210
35211
35212
35219
35211
35212
45981
35210
35211
35221
35210
35212
45982
60627
35223
60628
35225
45983
60629
35216
35217
35218
35219
35217
35218
45326
46000
35216
35217
35222
45327
60625
35224
35225
45328
46002
35223
35224
35225
35223
35224
35223
35225
35224
35225
62527
62528
35230
35231
35232
35244
35251
60631
35230
35231
35245
35230
35232
35287
60632
35231
35232
35248
60633
35249
35253
35254
35288
60634
35237
35238
35239
35244
35251
57163
35238
35239
42428
46073
57164
35237
35238
35247
42429
35237
35239
35249
35253
35250
42431
57165
35255
46074
57166
35242
35243
35251
57163
60631
35242
35243
35252
35292
46078
35254
35293
60634
35255
46080
57166
35248
35249
35250
60630
35248
35249
35248
35250
42436
35249
35250
42437
42439
35253
35254
35255
35254
35255
60643
62671
60644
62672
35260
35261
35262
35271
35275
35282
35260
35261
35272
35287
35260
35262
35276
35261
35262
35273
35279
35274
35284
35289
35280
35265
35266
35271
35282
35265
35266
35283
35298
46123
35274
35284
35299
35285
46125
35269
35270
35275
35282
35269
35270
45958
62689
35281
45959
35285
62690
35273
35274
60635
35273
35274
35303
59536
59537
60637
35305
35279
35280
35281
60635
35279
35280
35279
35281
45963
60636
35280
35281
45964
60637
45966
60638
35284
35285
35284
35285
35307
62693
35308
62694
35288
35289
35302
35306
60642
35288
35289
35303
35304
60644
35305
35308
35293
35294
35295
35302
60642
35294
35295
46095
35293
35295
46096
60643
35304
60644
46098
60645
35299
35300
35301
35302
35306
35300
35301
46151
35299
35301
35307
46152
35305
35308
35309
46154
35304
35305
35304
35305
60632
60634
35308
35309
60639
35308
35309
62698
60641
62699
35313
35314
35329
35333
35338
35313
35313
35314
35334
35359
35331
35335
35336
35340
35363
35318
35319
35320
35329
35333
35319
35320
43456
35318
35319
35330
43457
59538
35331
35335
59540
35332
43460
35337
35329
35338
35326
35327
35328
35333
35338
35327
35328
46520
35326
35327
35326
35328
35339
35372
46521
35336
35340
35373
35337
35341
46523
35331
35332
35331
35332
62174
62176
35335
35336
35337
35335
35336
60658
59541
60659
35340
35341
35340
35341
35376
62771
35377
35345
35394
60646
35345
46199
60649
35395
46200
60647
60650
35350
35351
35352
35350
35351
35359
35350
35352
60653
60660
35351
35352
35353
35361
60661
35356
35364
35357
60655
60662
35356
35357
35380
35399
35356
35382
35357
35400
60651
64628
35384
35401
60652
35362
35363
35364
35375
35379
60657
35363
35364
60658
35362
35363
35362
35364
35380
35383
35377
60659
35384
35368
35369
35370
35375
35379
57167
35369
35370
46555
46622
57168
35368
35370
35381
46623
35383
35378
46556
57169
35385
46625
57170
35373
35374
35375
57167
60657
35373
35374
35376
46560
35377
60659
35378
46562
57169
35377
35378
35377
35378
62774
62775
35383
35384
35385
60656
35383
35384
35383
35385
46630
35384
35385
46631
46632
35390
35391
35392
35393
35391
35392
46223
46650
57171
35390
35391
35396
46224
35390
35392
35400
46651
60651
35397
35401
60652
35398
46225
35402
46653
35397
35398
35397
60653
60660
35398
46229
35397
35398
46230
60654
60655
60662
46231
35401
60661
35401
35402
46662
60662
46663
35406
35407
35408
35416
35407
35408
43519
46182
35406
35408
35418
46183
35420
35422
46184
35413
35414
35415
35416
35414
35415
46785
35413
35414
35419
35450
35413
35415
35451
46786
60663
35421
35452
35422
46788
35420
35421
35422
35420
35421
35463
35420
35422
62707
35421
35422
35464
35466
62708
35427
35428
35429
35437
35428
35429
46534
35427
35428
35439
64609
35427
35429
46535
35441
35443
46538
35434
35435
35436
35437
35435
35436
46874
35434
35435
35440
35457
35434
35436
35458
46875
35442
35459
35443
46877
35441
35442
35443
35441
35442
35463
35441
35443
64610
35442
35443
35465
35467
35446
35447
60665
60669
35446
35447
46828
46926
46830
60668
46928
60671
35452
35453
35454
35462
60665
35453
35454
35452
35453
35464
35452
35454
46834
60666
35466
60667
35468
46835
60668
35459
35460
35461
35462
60669
35460
35461
35459
35460
35465
35459
35461
46931
60670
35467
35468
46932
60671
35466
35467
35468
60664
35466
35467
35466
35468
35467
35468
35473
35474
35475
35481
57172
60681
35474
35475
43755
35473
35474
43756
59542
60682
35473
35475
35483
59543
62808
35485
60684
43759
60686
35487
35479
35480
35488
57172
60681
35479
35480
43761
60683
35479
35490
35492
60685
43762
60686
35485
35486
35487
60676
60679
35485
35486
35512
35485
35487
46805
35486
35487
35513
46806
35515
60678
60680
35492
35493
35494
60676
60679
35492
35493
35518
35492
35494
35493
35494
35520
60677
35522
60678
60680
35498
35499
35500
35517
35499
35500
47118
47194
35498
35499
35519
47119
60672
35521
35523
47121
47196
35503
35504
35505
35511
35517
35503
35504
35513
35515
35522
60680
35516
35523
35509
35510
35511
35509
35510
46849
62864
35509
35514
46850
35516
46852
62865
35515
35516
60687
35515
35515
35516
46857
35516
46858
60688
46859
35521
35522
35523
60687
35521
35522
35521
35523
60674
62855
35522
35523
60688
35527
35528
35541
35545
60691
35527
35527
35528
35546
35580
35543
35547
35548
35584
60693
35532
35533
35534
35541
35545
35533
35534
44165
35532
35533
35542
44166
59545
35543
35547
59547
35544
44169
35538
35539
35540
35545
60691
35539
35540
47340
35538
35540
35593
47341
60692
35548
35594
60693
47343
60694
35543
35544
60689
35543
35544
62308
60690
62310
35547
35548
35547
35548
60705
59548
60706
35553
35554
35555
35553
35554
60697
60700
35553
35555
35580
35554
35555
35556
35582
60701
35559
60699
60702
35560
35585
35559
35560
35575
35602
35559
35576
47409
60695
35560
35604
35577
60696
35606
35565
35566
35567
35568
35566
35567
46288
47455
57175
35565
35566
35571
46289
35565
35567
35576
47456
60695
35573
35577
60696
35574
46290
57176
35578
47458
35572
35573
35574
35572
35573
60697
60700
35572
35574
46294
35573
35574
46295
60698
60699
60702
46296
35577
60701
35577
35578
47467
60702
47468
35583
35584
35585
35596
35601
60704
35584
35585
60705
35583
35584
35583
35585
35602
35598
35605
35599
60706
35606
35589
35590
35591
35596
35601
57177
35590
35591
47375
47481
57178
35589
35591
35603
47482
35598
35605
35600
47376
57179
35607
47484
57180
35594
35595
35596
57177
60704
35594
35595
35597
47380
35599
60706
35600
47382
57179
35598
35599
35600
35599
35600
60692
62900
60693
62901
35605
35606
35607
60703
35605
35606
35605
35607
47489
35606
35607
47490
47491
35611
35612
35620
35612
44692
47947
35611
35612
35622
47948
35624
35626
47949
35617
35618
35619
35620
35618
35619
47962
35617
35618
35623
35654
35617
35619
35655
47963
60707
35625
35656
35626
62996
47964
35624
35625
35626
35624
35625
35667
35624
35626
62997
35625
35626
35668
35670
62998
35631
35632
35633
35641
35632
35633
47354
64661
35631
35632
47355
35631
35633
35643
64662
35645
47358
35647
35638
35639
35640
35641
35639
35640
48045
35638
35639
35644
35661
35638
35640
35662
48046
60708
35646
35663
35647
48047
35645
35646
35647
35645
35646
35667
35645
35647
64663
35646
35647
35669
35671
35650
35651
35673
60709
35650
35651
47995
48088
47997
60711
35676
48090
35656
35657
35658
35666
60709
35657
35658
35656
35657
35668
35656
35658
48001
60710
35670
35672
48002
60711
35663
35664
35665
35666
35673
35664
35665
35663
35664
35669
35663
35665
35674
48093
35671
35675
35672
35676
48094
35670
35671
35672
35670
35671
35670
35672
35671
35672
35675
35676
35675
35676
48100
60708
48101
35679
44948
48229
35679
48230
60713
48232
60714
35682
35683
35696
35702
35709
35682
35683
35710
35700
35713
35707
35714
60718
35688
35689
35690
35696
35702
35689
35690
45134
35688
35689
35697
45135
64146
35688
35690
35704
64147
35699
35706
35701
45138
35708
35694
35695
35696
35709
35694
35695
35698
45140
65304
35694
35711
65305
35700
35713
65306
35701
45141
35699
35700
35701
35699
35701
45145
35700
35701
45146
64294
45148
35706
35707
35708
60715
35706
35707
35733
35706
35708
64148
35707
35708
35734
35736
60716
35713
35714
35715
60715
35713
35714
35739
65309
35713
35715
65311
35714
35715
35741
65312
35743
60716
35720
35721
35722
35738
60719
35721
35722
48702
65771
35720
35721
35740
64291
65772
35720
35722
35742
35744
65774
48704
35725
35726
35732
35738
35725
35726
35734
35736
35743
60716
35737
35730
35731
35732
60719
35730
35731
48017
63135
35730
35735
48018
35737
48020
63136
35736
35737
60717
35736
35736
35737
48025
35737
48026
60718
48027
35742
35743
35744
60717
35742
35743
35742
35744
64293
64672
35743
35744
60718
35748
35749
35764
35771
57182
35748
35766
35779
35748
35749
35773
35780
35768
35775
35781
35777
35754
35755
35756
35764
57182
60722
35755
35756
49669
35754
35755
35767
64698
65740
35754
35756
49670
60723
65741
35769
35770
49672
57183
60725
35761
35762
35763
35771
57182
60722
35762
35763
49675
35761
35762
35774
35806
63274
35761
35763
35807
49676
60724
35776
35777
49678
57183
60725
35768
35769
35770
60720
35768
35769
35795
35768
35770
35796
64699
35769
35770
64295
64700
35798
60721
35775
35776
35777
60720
35775
35776
35775
35777
35801
63275
35776
35777
60726
63276
35803
60721
63277
35781
35782
35783
35794
35800
35781
35782
35796
35781
35783
35801
35798
35803
35799
35804
35787
35788
35794
35787
35788
62591
65499
35788
35797
65500
35799
65502
35792
35793
35800
35792
35793
62593
35793
35802
35804
35798
35799
35798
35798
35799
65506
35799
65507
65508
35803
35804
35803
35804
35804
35808
49634
49734
35808
49635
60726
49735
49636
35811
46135
49191
57184
35811
49192
60727
49194
57185
60728
35815
35816
35829
35836
60730
35815
35830
35864
35815
35816
35837
35865
60752
35833
35839
35866
35840
60732
60753
35820
35821
35822
35829
57186
60730
35821
35822
49977
50055
57187
35820
35821
35832
49978
35834
35835
49980
50056
57188
60733
35827
35828
35836
57186
60730
35828
50059
35827
35838
35890
35827
35828
35891
50060
60731
35840
35892
60732
50062
57188
60733
35833
35834
35835
60729
35833
35834
35882
35833
35835
35883
49985
35834
35835
49986
35885
49987
35839
35840
60729
35839
35840
35901
60749
35840
35902
60750
35904
35843
35844
35845
35852
35856
35843
35844
35853
60746
62786
35854
35859
60747
35855
62787
35861
35849
35850
35851
35856
35850
35851
64707
64725
35849
35851
35858
35897
64726
35860
35898
35861
35854
35855
60740
60744
35854
35855
35877
46607
35879
60742
46609
60745
35859
35860
35861
60740
35859
35860
35901
60741
60749
35860
35861
35903
60742
60751
35905
60743
35866
35867
35868
35874
35881
60748
35867
35868
35875
35866
35867
35882
35866
35868
60741
60749
35885
60750
35878
35886
35879
60742
60751
35872
35873
35874
35881
35872
35873
35876
46678
60734
35872
35884
50030
60735
35878
35886
60736
35880
35878
35879
35880
35878
35879
35878
35880
46683
60737
35879
35880
46684
60746
60747
46685
35885
35886
35887
35885
35886
35885
35887
50034
35886
35887
50035
60738
60739
35892
35893
35894
35900
35893
35894
50047
50078
57189
35892
35893
35902
35892
35894
50079
35904
35906
50048
57191
35898
35899
35900
35899
50049
57190
35898
35899
35903
50050
35905
35906
50052
57191
35904
35905
35906
35904
35905
60752
35904
35906
35905
35906
60753
35910
35918
35925
35910
35919
35972
60758
35910
35926
35973
60768
35923
35929
35974
35915
35916
35917
35918
35925
35916
35917
50256
50360
35915
35916
35921
50257
35915
35917
35927
50361
35923
35929
35924
50258
35931
50363
35922
35923
35924
35922
35923
35968
60763
35922
35924
35969
50269
35923
35924
50270
60764
50271
35929
35930
35931
35929
35930
35978
60765
35929
35931
50368
35930
35931
35979
50369
60766
50370
35934
35935
35941
60757
35935
35947
35972
60758
35944
35945
35949
60759
35938
35939
35943
35965
46901
35938
35948
35966
63418
35945
35949
35967
35946
46903
35944
35945
35946
35944
35945
60760
35944
35946
46908
35945
35946
46909
60761
60762
46911
35949
35968
60763
35949
35970
63421
35971
35952
35953
35957
60767
35953
35962
35973
60768
35960
35961
35964
60769
35956
35959
35975
50019
35956
35963
35976
63444
35961
35964
35977
35960
35961
60770
35960
50023
35961
50024
60771
60772
35964
35978
60765
35964
35980
63447
35981
35967
60761
62833
35967
35970
50308
35971
60762
35971
60758
50314
35971
50315
60759
35974
60763
35974
60765
60764
60766
35977
50040
60771
35977
35980
50412
35981
60772
35981
60768
50419
35981
50420
60769
35985
35986
35998
36002
60774
35985
35986
35999
36034
60787
35985
36003
36035
36000
36006
36036
36001
60776
60788
35990
35991
35998
57195
60774
35990
36065
35990
35991
36066
50795
60775
36001
36067
60776
50797
57198
60777
35995
35996
35997
36002
57195
60774
35996
35997
50720
50801
57196
35995
35996
36005
50721
36007
36008
50723
57197
50802
57198
60777
36000
36001
60773
36000
36001
36053
36076
36054
36079
36006
36007
36008
60773
36006
36007
36057
36006
36008
36058
50728
36007
36008
50729
36060
50730
36012
36013
36014
36021
36026
36013
36014
36012
36013
36023
62910
36024
36029
36039
36025
62911
36031
36018
36019
36020
36026
36019
36020
63326
63506
36018
36020
36028
36072
63507
36030
36073
36031
63508
36024
36025
60778
36024
36047
36024
36025
36048
47425
36050
60780
47427
60782
36029
36030
36031
60778
36029
36030
36053
36076
60779
36030
36031
36078
36055
60780
36080
60781
36036
36037
36038
36046
36056
36037
36038
36047
36036
36037
36053
60779
36036
36038
36057
36054
36060
36050
36055
60780
36051
36061
36050
36055
36043
36044
36045
36046
36056
36043
36044
36049
47506
60783
36043
36045
36059
60784
63519
36051
36061
60785
36052
47508
36062
36050
36051
36052
36050
36051
36050
36052
47512
36051
36052
47513
47514
36054
36055
36060
36061
36062
36060
36061
36060
36062
50775
36061
36062
50776
60786
36067
36068
36069
36075
36068
36069
50817
57199
63509
36067
36068
36077
36067
36069
50818
36079
36081
57201
63510
36073
36074
36075
36074
50711
57200
36073
36074
36078
50712
36080
36081
50714
57201
36079
36080
36081
36079
36080
60787
36079
36081
36080
36081
60788
63511
36085
36086
50645
51087
36085
50646
36086
51088
60790
50648
51089
60794
36089
36098
36143
36159
36089
36105
36150
36160
36102
36109
36161
36094
36095
36096
36097
36104
36095
36096
51386
51493
36094
36095
36100
51387
36094
36096
36107
51494
36102
36109
60810
36103
51388
36110
51496
36101
36102
36103
36101
36102
36145
36162
36101
36103
36146
51398
36102
36103
51399
36163
51400
36108
36109
36110
36108
36109
36155
60811
36108
36110
36156
51501
36109
36110
51502
60812
60813
51503
36114
36115
36121
36114
36115
36122
36142
36115
36128
36143
36159
36125
36126
36130
36144
36119
36120
36121
36119
36120
36124
48063
60802
36119
36129
60803
63639
36126
36130
60804
36127
48065
36125
36126
36127
36125
36126
60805
36125
36127
48070
36126
36127
48071
60806
48073
36130
36145
36162
36130
36147
63642
36148
36133
36137
36149
36133
36150
36160
60799
36141
36151
60801
36136
36139
36152
50763
36136
36153
60800
63661
36141
36154
60801
36140
36141
60807
36140
50767
36141
50768
60808
60809
36144
60795
60805
36144
36145
36148
60806
36148
51446
36148
51447
60803
60804
36151
60796
60807
36151
36155
36158
60809
36154
50786
60808
36154
36157
51543
36158
60809
36158
60799
51550
36158
51551
60800
60801
36161
36162
36161
60811
36163
60813
36163
60810
36165
52317
63833
52320
36169
36170
52173
52324
36169
52174
36170
52325
64300
52176
52326
36175
36176
36177
36191
36196
60817
36175
36176
36192
65314
36175
36177
36234
36176
36177
36235
65315
36194
36197
65317
36198
36238
60818
36181
36182
36183
36191
36196
36182
36183
49697
36181
36182
36193
49698
36194
36197
36195
49700
36199
36188
36189
36190
36196
60817
36189
36190
63709
63966
36188
36189
36242
36188
36190
36243
36198
36244
60818
36199
36194
36195
36194
65319
36194
36195
49704
65320
65322
49705
36197
36198
36199
60827
36204
36205
36219
36224
60819
36204
36220
65314
36205
36260
36204
36205
36225
36261
65316
36222
36226
65318
36227
36264
60820
36209
36210
36211
36219
36224
36210
36211
49720
36209
36210
36221
49721
64301
36222
36226
36223
49723
36228
36216
36217
36218
36224
60819
36217
36218
64764
64766
36216
36217
36268
36216
36218
36269
36227
36270
60820
36228
36222
36223
36222
65319
36222
36223
63296
65321
65323
63297
36226
36227
36228
36226
36227
60833
36232
36254
36280
60821
36232
36255
64768
36282
64769
36257
36237
36238
36239
36253
60823
60826
36238
36239
36237
36238
36237
36239
36254
60815
60821
36256
60824
60827
36257
36244
36245
36246
60823
60826
36245
36246
51767
36244
36245
51768
36244
36246
60824
60827
51770
60825
36250
36251
36252
36253
60823
36251
36252
52984
36250
36252
36255
52985
36257
60825
36258
52987
36256
36257
36258
60822
36256
36257
60816
36257
36258
52994
52995
36263
36264
36265
36279
60829
60832
36264
36265
36263
36264
36263
36265
36280
60815
60821
36283
60830
60833
36284
36270
36271
36272
60829
60832
36271
36272
52608
36270
36271
52609
36270
36272
60830
60833
52611
60831
36276
36277
36278
36279
60829
36277
36278
53009
36276
36278
36282
53010
36284
60831
36285
53012
36283
36284
36285
60828
36283
36284
60816
36283
36285
36284
36285
53017
53018
36288
36289
53094
53197
36289
53198
60835
53097
53199
60838
36293
53249
63992
36292
36293
36300
36331
53250
36302
36332
36304
53251
36297
54309
54462
36296
36297
36301
36351
54310
36303
36354
36304
54311
36302
36303
36304
36302
36303
36343
36364
36302
36304
36344
36303
36304
36365
36346
36367
63997
36307
36308
36318
60842
36307
36308
50386
53071
36321
50389
53072
60845
36311
36312
36318
36322
36311
36312
36319
36337
63450
36320
36326
36339
36321
63451
36316
36317
36322
60842
36316
36317
36358
53079
60843
36316
36325
36359
36327
36360
60844
53081
60845
36320
36321
60839
36320
36321
50392
60846
60840
60847
50394
36326
36327
60839
36326
36327
36343
36364
36326
36345
36327
36366
36347
60840
36368
60841
36332
36333
36334
36342
36333
36334
53245
36332
36333
36332
36334
36344
36346
53247
36348
36339
36340
36341
36342
36340
36341
36339
36340
50441
60846
36339
36341
36345
36347
60847
50442
60848
36348
36346
36347
36348
36346
36347
36346
36348
36347
36348
36353
36354
36355
36363
36353
36355
64797
36354
36355
36365
36353
36354
64798
36367
36369
36360
36361
36362
36363
36361
36362
53122
36360
36361
53123
36360
36362
36366
36368
53125
36369
36367
36368
36369
36367
36368
36367
36369
36368
36369
36372
53448
53523
36372
36373
53449
64303
36374
53450
36374
53458
53460
60851
36378
36379
36380
36387
36379
36380
64040
64786
36378
36379
36389
36437
64787
36391
36393
36384
36385
36386
36387
36394
36384
36386
54486
36384
36385
36395
54487
54575
36396
54488
36392
36397
54576
36393
36391
36392
36393
36391
36392
36445
60852
60858
36391
36393
36446
36392
36393
36448
60853
60859
36396
36397
36396
36397
36469
54489
54490
36472
60853
36401
36402
36416
36423
60855
36402
36417
36452
36401
36402
36424
36453
36426
60856
36421
36427
36455
36407
36408
36409
36416
57205
60855
36408
36409
51176
53359
36407
36408
36407
36409
36418
53360
59558
36420
51178
57206
60857
36422
36414
36415
36423
57205
60855
36415
51187
36414
36415
36440
51188
36414
36425
36441
36426
36442
60856
51190
57206
60857
36420
36421
36422
60854
36420
36421
36462
36420
36422
59559
64004
36421
36422
36463
36465
36426
36427
60854
36426
36427
36445
60858
36426
36447
36449
60860
36432
53369
54491
36431
36432
36433
36458
53370
36431
36459
54492
36434
36460
36435
53372
36434
36435
36464
53376
36466
53378
36438
53564
57207
64788
36438
36446
53565
36450
53566
57209
36443
51223
57208
64037
36442
51224
36442
36443
36447
64038
36449
36450
57209
64039
36448
36449
36450
36448
36449
36448
36450
53567
36449
36450
53568
36454
36455
36456
36461
36467
36455
36456
36462
36454
36455
60852
60858
36472
60853
60859
36465
60860
36466
36473
36460
36461
36467
36460
36464
36460
36470
54493
36466
36473
36465
36466
36465
36466
36465
36466
36471
36472
36473
36472
36473
36471
36472
54575
54609
36471
36473
54610
54611
54576
36477
54543
64058
64790
36476
36477
36485
36512
64059
36487
36514
36489
54545
64060
36481
36482
36483
36482
54495
54544
54588
36481
36482
36486
36533
54589
36488
36536
36489
54545
54590
36487
36488
36489
36487
36488
36525
36546
36487
36489
36526
36488
36489
36547
36528
36549
64061
36492
36493
60863
60867
36492
36493
51519
53503
51522
60866
53504
60870
36496
36497
36503
60863
36496
36497
36519
60864
63667
36507
36521
60865
60866
63668
36501
36502
36503
60867
36501
36502
36540
53511
60868
36501
36506
36541
36508
36542
60869
53513
60870
36507
36508
36509
60861
36507
36508
36525
36546
36507
36509
36527
36508
36509
36548
36529
60862
36550
36514
36515
36516
36524
36515
36516
53647
64789
36514
36515
36526
36514
36516
36528
36530
36521
36522
36523
36524
60871
36522
36523
36521
36522
51573
60872
36521
36523
36527
36529
60873
51574
60874
36530
36528
36529
36530
36528
36529
36528
36530
36529
36530
36535
36536
36537
36545
36535
36537
64801
36536
36537
36547
36535
36536
36549
36551
36542
36543
36544
36545
36543
36544
53551
36542
36543
53552
36542
36544
36548
36550
53554
36551
36549
36550
36551
36549
36550
36549
36551
36550
36551
36555
36556
36563
36556
53961
64107
36555
36556
36565
36615
64108
36567
36616
36569
36560
36561
36562
36563
36570
36560
36562
36560
36561
36571
36637
54515
36572
54516
36568
36573
36638
36569
36567
36568
36569
36567
36568
36625
36649
60879
36567
36569
36626
36568
36569
36628
36650
60880
36572
36573
36572
36573
36654
54517
54518
36657
60880
36577
36578
36593
36600
60882
36578
36594
36632
36577
36578
36601
36633
36603
36598
36604
36635
36583
36584
36585
36593
57210
60882
36584
36585
52411
65735
36583
36584
36583
36585
36595
59560
65736
36597
52413
57211
60883
36599
36590
36591
36592
36600
57210
60882
36591
36592
52422
36590
36591
36620
52423
36590
36592
36602
36621
36603
36622
52425
57211
60883
36597
36598
36599
60881
36597
36598
36644
36597
36599
59561
64794
36598
36599
36646
36603
36604
60881
36603
36604
36625
36649
36603
36627
36629
36651
36609
53943
54519
36608
36609
36611
36640
53944
36608
36641
54520
60884
36612
36642
36613
53946
36612
36644
36612
36613
36645
53950
36647
53952
36617
53964
57212
36616
36617
36626
53965
36628
36630
53966
57214
36622
36623
36624
36623
52451
57213
64109
36622
52452
36622
36623
36627
36629
36630
57214
64110
36628
36629
36630
36628
36629
36628
36630
36629
36630
64111
36634
36635
36636
36643
36648
36652
36635
36636
36644
36634
36635
36649
60879
36650
36657
60880
36646
36651
36647
36658
36638
36654
36650
36657
36642
36643
36652
36642
36645
36642
36655
54522
36647
36658
36646
36647
36646
36647
36647
36650
36651
36650
36651
36656
36657
36658
36657
36658
36656
36657
54523
36656
36658
54524
60884
54525
36661
54049
54155
36661
54156
54157
60885
53858
64776
36665
64777
36665
53859
60886
36669
36670
36676
36669
36670
53882
54629
36670
36679
53883
54630
36682
53885
36674
36675
36683
36674
36675
54101
54541
36675
36686
54102
54542
36689
54104
36680
36681
36682
60887
60889
36680
36681
36680
36682
36681
36682
53887
60888
60890
53888
60891
36687
36688
36689
60887
60889
36687
36688
36687
36689
36688
36689
54107
60888
60890
54108
36692
36695
57567
36692
36696
36698
36693
36699
57568
36695
36696
36700
36711
57569
36695
36696
36712
36715
57570
36703
36716
36699
36702
60892
36699
36703
36700
60893
36702
36703
36704
60894
36702
36703
36705
36708
60895
36709
36708
36709
36710
36711
60900
36708
36709
36709
36710
36713
36747
36708
36710
36748
60901
60902
36716
36717
36750
60903
36715
36716
36717
60896
36715
36716
36716
36717
36761
36715
36717
36762
60897
60898
36765
60899
36722
36723
36724
36732
36739
60912
36722
36724
36733
36722
36723
36748
60913
36723
36724
36740
36749
36736
60914
36743
36752
60915
36738
36744
36729
36730
36731
36732
36739
57571
36729
36731
36866
57572
36729
36730
36735
36730
36731
36742
36867
36737
57573
36738
36744
36745
36869
57574
36736
36737
36738
60904
36736
36738
36736
36737
60905
36737
36738
60906
60907
36743
36744
36745
60908
36743
36744
36768
36743
36745
36770
36874
60909
36744
36745
36875
36772
60910
36876
60911
36750
36751
36752
36760
36767
60924
36750
36751
36761
36750
36752
60925
36751
36752
36768
36765
60926
36766
36771
36772
60927
36757
36758
36759
36760
36767
57575
36757
36759
36922
57576
36757
36758
36763
36758
36759
36769
36923
36764
57577
36766
36771
36773
36925
57578
36764
36765
36766
60916
36765
36766
36764
36765
60917
36764
36766
60918
60919
36771
36772
36773
60920
36771
36772
36771
36773
36930
36772
36773
36931
60921
60922
36932
60923
36776
36779
57579
36776
36780
36782
36777
36783
57580
36779
36780
36784
36795
57581
36779
36780
36796
36799
57582
36787
36800
36783
36786
60928
36783
36787
36784
60929
36786
36787
36788
60930
36786
36787
36789
36792
60931
36793
36792
36793
36794
36795
60936
36792
36793
36793
36794
36797
36831
36792
36794
36832
60937
60938
36800
36801
36834
60939
36799
36800
36801
60932
36799
36800
36800
36801
36845
36799
36801
36846
60933
60934
36849
60935
36806
36807
36808
36816
36823
60948
36806
36808
36817
36806
36807
36832
60949
36807
36808
36824
36833
36820
60950
36827
36836
60951
36822
36828
36813
36814
36815
36816
36823
57583
36813
36815
36894
57584
36813
36814
36819
36814
36815
36826
36895
36821
57585
36822
36828
36829
36897
57586
36820
36821
36822
60940
36820
36822
36820
36821
60941
36821
36822
60942
60943
36827
36828
36829
60944
36827
36828
36852
36827
36829
36854
36902
60945
36828
36829
36903
36856
60946
36904
60947
36834
36835
36836
36844
36851
60960
36834
36835
36845
36834
36836
60961
36835
36836
36852
36849
60962
36850
36855
36856
60963
36841
36842
36843
36844
36851
57587
36841
36843
36922
57588
36841
36842
36847
36842
36843
36853
36924
36848
57589
36850
36855
36857
36926
57590
36848
36849
36850
60952
36849
36850
36848
36849
60953
36848
36850
60954
60955
36855
36856
36857
60956
36855
36856
36855
36857
36937
36856
36857
36938
60957
60958
36939
60959
36862
36863
36864
36872
36879
60972
36862
36863
36915
60973
36863
36864
36873
36916
36862
36864
36880
36883
60974
36877
36919
60975
36878
36884
36869
36870
36871
36872
36879
57591
36869
36871
37034
57592
36869
36870
36875
36870
36871
36882
37036
36876
57593
36878
36884
36885
37038
57594
36876
36877
36878
60968
36877
36878
36929
36876
36877
36931
60969
36876
36878
60970
36934
60971
36883
36884
36885
60964
36883
36884
36883
36885
37049
60965
36884
36885
37050
60966
37052
60967
36890
36891
36892
36900
36907
60984
36890
36891
36915
60985
36891
36892
36901
36917
36890
36892
36908
36911
60986
36905
36920
60987
36906
36912
36897
36898
36899
36900
36907
57595
36897
36899
37202
57596
36897
36898
36903
36898
36899
36910
37204
36904
57597
36906
36912
36913
37206
57598
36904
36905
36906
60980
36905
36906
36936
36904
36905
36938
60981
36904
36906
60982
36941
60983
36911
36912
36913
60976
36911
36912
36911
36913
37217
60977
36912
36913
37218
60978
37220
60979
36918
36919
36920
36928
36935
60996
36919
36920
60997
36918
36919
36929
36918
36920
36936
36933
36940
36934
60998
36941
60999
36925
36926
36927
36928
36935
57599
36925
36926
57600
36925
36927
36930
36926
36927
36937
36932
57601
36939
57602
36933
36940
36932
36933
36934
60988
36933
36934
36932
36933
36932
36934
60989
60990
60991
36939
36940
36941
60992
36940
36941
36939
36940
36939
36941
60993
60994
60995
36944
36947
57603
36944
36948
36950
36945
36951
57604
36947
36948
36952
36963
57605
36947
36948
36964
36967
57606
36955
36968
36951
36954
61000
36951
36955
36952
61001
36954
36955
36956
61002
36954
36955
36957
36960
61003
36961
36960
36961
36962
36963
61008
36960
36961
36961
36962
36965
36999
36960
36962
37000
61009
61010
36968
36969
37002
61011
36967
36968
36969
61004
36967
36968
36968
36969
37013
36967
36969
37014
61005
61006
37017
61007
36972
36976
37110
57607
36972
36975
36978
36973
36979
57608
36975
36976
36980
36991
57609
36975
36976
36992
37114
36983
36995
36997
37115
57610
36979
36982
61012
36979
36983
36980
61013
36982
36983
36984
61014
36982
36983
36985
36988
61015
36989
36988
36989
36990
36991
61020
36988
36989
36988
36990
37000
61021
36989
36990
36993
37001
61022
36995
36996
37003
61023
36995
36996
36997
61016
36995
36997
37132
36995
36996
37020
36996
36997
37021
37134
61017
37023
61018
37135
61019
37002
37003
37004
37012
37019
61032
37002
37004
37013
37002
37003
61033
37003
37004
37020
37017
61034
37023
61035
37018
37024
37009
37010
37011
37012
37019
57611
37009
37011
37174
57612
37009
37010
37015
37010
37011
37022
37175
37016
57613
37018
37024
37025
37177
57614
37016
37017
37018
61024
37017
37018
37016
37017
61025
37016
37018
61026
61027
37023
37024
37025
61028
37023
37024
37023
37025
37182
61029
37024
37025
37183
61030
37184
61031
37030
37031
37032
37040
37047
61044
37031
37032
37041
37083
37030
37031
37084
61045
37030
37032
37048
37051
61046
37045
37087
61047
37046
37053
37037
37038
37039
37040
37047
57615
37037
37038
57616
37037
37039
37043
37038
37039
37050
37044
57617
37052
57618
37046
37053
37044
37045
37046
61040
37045
37046
37097
37044
37045
37099
61041
37044
37046
61042
37102
61043
37051
37052
37053
61036
37051
37053
37051
37052
61037
37052
37053
61038
61039
37058
37059
37060
37068
37075
61056
37058
37060
37069
37058
37059
37084
61057
37059
37060
37076
37085
37072
61058
37079
37088
61059
37074
37080
37065
37066
37067
37068
37075
57619
37065
37067
37146
57620
37065
37066
37071
37066
37067
37078
37147
37073
57621
37074
37080
37081
37149
57622
37072
37073
37074
61048
37072
37074
37072
37073
61049
37073
37074
61050
61051
37079
37080
37081
61052
37079
37080
37104
37079
37081
37106
37154
61053
37080
37081
37155
37108
61054
37156
61055
37086
37087
37088
37096
37103
61068
37086
37087
37097
37087
37088
61069
37086
37088
37104
37101
37107
37102
61070
37108
61071
37093
37094
37095
37096
37103
57623
37093
37095
37174
57624
37093
37094
37098
37094
37095
37105
37176
37100
57625
37101
37107
37109
37178
57626
37100
37101
37102
61060
37101
37102
37100
37101
37100
37102
61061
61062
61063
37107
37108
37109
61064
37107
37108
37107
37109
37189
37108
37109
37190
61065
61066
37191
61067
37112
37115
57627
37112
37116
37118
37113
37119
57628
37115
37116
37120
37131
57629
37115
37116
37132
37135
57630
37123
37136
37119
37122
61072
37119
37123
37120
61073
37122
37123
37124
61074
37122
37123
37125
37128
61075
37129
37128
37129
37130
37131
61080
37128
37129
37128
37130
37167
61081
37129
37130
37133
37168
61082
37136
37137
37170
61083
37135
37136
37137
61076
37135
37136
37136
37137
37181
37135
37137
37182
61077
61078
37185
61079
37142
37143
37144
37152
37159
61092
37142
37143
37167
61093
37143
37144
37153
37169
37142
37144
37160
37163
61094
37157
37172
61095
37158
37164
37149
37150
37151
37152
37159
57631
37149
37151
37482
57632
37149
37150
37155
37150
37151
37162
37484
37156
57633
37158
37164
37165
37486
57634
37156
37157
37158
61088
37157
37158
37188
37156
37157
37190
61089
37156
37158
61090
37193
61091
37163
37164
37165
61084
37163
37164
37163
37165
37497
61085
37164
37165
37498
61086
37500
61087
37170
37171
37172
37180
37187
61104
37170
37172
61105
37170
37171
37181
37171
37172
37188
37185
61106
37186
37192
37193
61107
37177
37178
37179
37180
37187
57635
37177
37178
57636
37177
37179
37183
37178
37179
37189
37184
57637
37191
57638
37186
37192
37184
37185
37186
61096
37185
37186
37184
37185
61097
37184
37186
61098
61099
37191
37192
37193
61100
37192
37193
37191
37192
37191
37193
61101
61102
61103
37198
37199
37200
37208
37215
61116
37199
37200
37209
37251
37198
37199
37252
61117
37198
37200
37216
37219
61118
37213
37255
61119
37214
37221
37205
37206
37207
37208
37215
57675
37205
37206
57676
37205
37207
37211
37206
37207
37218
37212
57677
37220
57678
37214
37221
37212
37213
37214
61112
37213
37214
37265
37212
37213
37267
61113
37212
37214
61114
37270
61115
37219
37220
37221
61108
37219
37221
37219
37220
61109
37220
37221
61110
61111
37226
37227
37228
37236
37243
61128
37226
37228
37237
37226
37227
37252
61129
37227
37228
37244
37253
37240
61130
37247
37256
61131
37242
37248
37233
37234
37235
37236
37243
57679
37233
37235
37398
57680
37233
37234
37239
37234
37235
37246
37399
37241
57681
37242
37248
37249
37401
57682
37240
37241
37242
61120
37240
37242
37240
37241
61121
37241
37242
61122
61123
37247
37248
37249
61124
37247
37248
37272
37247
37249
37274
37406
61125
37248
37249
37407
37276
61126
37408
61127
37254
37255
37256
37264
37271
61140
37254
37255
37265
37255
37256
61141
37254
37256
37272
37269
37275
37270
61142
37276
61143
37261
37262
37263
37264
37271
57683
37261
37263
37426
57684
37261
37262
37266
37262
37263
37273
37427
37268
57685
37269
37275
37277
37429
57686
37268
37269
37270
61132
37269
37270
37268
37269
37268
37270
61133
61134
61135
37275
37276
37277
61136
37275
37276
37275
37277
37434
37276
37277
37435
61137
61138
37436
61139
37280
37283
57687
37280
37284
37286
37281
37287
57688
37283
37284
37288
37299
57689
37283
37284
37300
37303
57690
37291
37304
37287
37290
61144
37287
37291
37288
61145
37290
37291
37292
61146
37290
37291
37293
37296
61147
37297
37296
37297
37298
37299
61152
37296
37297
37297
37298
37301
37335
37296
37298
37336
61153
61154
37304
37305
37338
61155
37303
37304
37305
61148
37303
37304
37304
37305
37349
37303
37305
37350
61149
61150
37353
61151
37308
37312
37362
57691
37308
37311
37314
37309
37315
57692
37311
37312
37316
37327
57693
37311
37312
37328
37366
37319
37331
37333
37367
57694
37315
37318
61156
37315
37319
37316
61157
37318
37319
37320
61158
37318
37319
37321
37324
61159
37325
37324
37325
37326
37327
61164
37324
37325
37324
37326
37336
61165
37325
37326
37329
37337
61166
37331
37332
37339
61167
37331
37332
37333
61160
37331
37333
37384
37331
37332
37356
37332
37333
37357
37386
61161
37359
61162
37387
61163
37338
37339
37340
37348
37355
61176
37338
37340
37349
37338
37339
61177
37339
37340
37356
37353
61178
37359
61179
37354
37360
37345
37346
37347
37348
37355
57695
37345
37347
37426
57696
37345
37346
37351
37346
37347
37358
37428
37352
57697
37354
37360
37361
37430
57698
37352
37353
37354
61168
37353
37354
37352
37353
61169
37352
37354
61170
61171
37359
37360
37361
61172
37359
37360
37359
37361
37441
61173
37360
37361
37442
61174
37443
61175
37364
37367
57699
37364
37368
37370
37365
37371
57700
37367
37368
37372
37383
57701
37367
37368
37384
37387
57702
37375
37388
37371
37374
61180
37371
37375
37372
61181
37374
37375
37376
61182
37374
37375
37377
37380
61183
37381
37380
37381
37382
37383
61188
37380
37381
37380
37382
37419
61189
37381
37382
37385
37421
61190
37388
37389
37422
61191
37387
37388
37389
61184
37387
37388
37388
37389
37440
37387
37389
37441
61185
61186
37444
61187
37394
37395
37396
37404
37411
61200
37394
37395
37419
61201
37395
37396
37405
37420
37394
37396
37412
37415
61202
37409
37424
61203
37410
37416
37401
37402
37403
37404
37411
57703
37401
37403
37566
57704
37401
37402
37407
37402
37403
37414
37568
37408
57705
37410
37416
37417
37570
57706
37408
37409
37410
61196
37409
37410
37433
37408
37409
37435
61197
37408
37410
61198
37438
61199
37415
37416
37417
61192
37415
37416
37415
37417
37581
61193
37416
37417
37582
61194
37584
61195
37422
37423
37424
37432
37439
61212
37422
37424
61213
37423
37424
37433
37422
37423
37440
37444
61214
37437
37445
37438
61215
37429
37430
37431
37432
37439
57707
37429
37430
57708
37429
37431
37434
37430
37431
37442
37436
57709
37443
57710
37437
37445
37436
37437
37438
61208
37437
37438
37436
37437
37436
37438
61209
61210
61211
37443
37444
37445
61204
37444
37445
37443
37444
61205
37443
37445
61206
61207
37448
37452
37614
57711
37448
37451
37454
37449
37455
57712
37451
37452
37456
37467
57713
37451
37452
37468
37618
37459
37471
37473
37619
57714
37455
37458
61216
37455
37459
37456
61217
37458
37459
37460
61218
37458
37459
37461
37464
61219
37465
37464
37465
37466
37467
61224
37464
37465
37464
37466
37504
61225
37465
37466
37469
37505
61226
37471
37472
37506
61227
37471
37472
37473
61220
37471
37473
37636
37471
37472
37524
37472
37473
37525
37638
61221
37527
61222
37639
61223
37478
37479
37480
37488
37495
61236
37479
37480
37489
37503
37478
37479
37504
61237
37478
37480
37496
37499
61238
37493
37508
61239
37494
37501
37485
37486
37487
37488
37495
57715
37485
37486
57716
37485
37487
37491
37486
37487
37498
37492
57717
37500
57718
37494
37501
37492
37493
37494
61232
37493
37494
37517
37492
37493
37519
61233
37492
37494
61234
37522
61235
37499
37500
37501
61228
37499
37501
37499
37500
61229
37500
37501
61230
61231
37506
37507
37508
37516
37523
61248
37507
37508
37517
37506
37508
61249
37506
37507
37524
37527
61250
37521
37528
37522
61251
37513
37514
37515
37516
37523
57719
37513
37515
37678
57720
37513
37514
37518
37514
37515
37526
37679
37520
57721
37521
37528
37529
37681
57722
37520
37521
37522
61244
37521
37522
37520
37521
37520
37522
61245
61246
61247
37527
37528
37529
61240
37527
37528
37527
37529
37686
61241
37528
37529
37687
61242
37688
61243
37532
37536
37642
57723
37532
37535
37538
37533
37539
57724
37535
37536
37540
37551
57725
37535
37536
37552
37646
37543
37555
37557
37647
57726
37539
37542
61252
37539
37543
37540
61253
37542
37543
37544
61254
37542
37543
37545
37548
61255
37549
37548
37549
37550
37551
61260
37548
37549
37548
37550
37588
61261
37549
37550
37553
37589
61262
37555
37556
37590
61263
37555
37556
37557
61256
37555
37557
37664
37555
37556
37608
37556
37557
37609
37666
61257
37611
61258
37667
61259
37562
37563
37564
37572
37579
61272
37563
37564
37573
37587
37562
37563
37588
61273
37562
37564
37580
37583
61274
37577
37592
61275
37578
37585
37569
37570
37571
37572
37579
57727
37569
37570
57728
37569
37571
37575
37570
37571
37582
37576
57729
37584
57730
37578
37585
37576
37577
37578
61268
37577
37578
37601
37576
37577
37603
61269
37576
37578
61270
37606
61271
37583
37584
37585
61264
37583
37585
37583
37584
61265
37584
37585
61266
61267
37590
37591
37592
37600
37607
61284
37591
37592
37601
37590
37592
61285
37590
37591
37608
37611
61286
37605
37612
37606
61287
37597
37598
37599
37600
37607
57731
37597
37599
37678
57732
37597
37598
37602
37598
37599
37610
37680
37604
57733
37605
37612
37613
37682
57734
37604
37605
37606
61280
37605
37606
37604
37605
37604
37606
61281
61282
61283
37611
37612
37613
61276
37611
37612
37611
37613
37693
61277
37612
37613
37694
61278
37695
61279
37616
37619
57735
37616
37620
37622
37617
37623
57736
37619
37620
37624
37635
57737
37619
37620
37636
37639
57738
37627
37640
37623
37626
61288
37623
37627
37624
61289
37626
37627
37628
61290
37626
37627
37629
37632
61291
37633
37632
37633
37634
37635
61296
37632
37633
37632
37634
37671
61297
37633
37634
37637
37672
61298
37640
37641
37674
61299
37639
37640
37641
61292
37639
37640
37640
37641
37685
37639
37641
37686
61293
61294
37689
61295
37644
37647
57739
37644
37648
37650
37645
37651
57740
37647
37648
37652
37663
57741
37647
37648
37664
37667
57742
37655
37668
37651
37654
61300
37651
37655
37652
61301
37654
37655
37656
61302
37654
37655
37657
37660
61303
37661
37660
37661
37662
37663
61308
37660
37661
37660
37662
37671
61309
37661
37662
37665
37673
61310
37668
37669
37675
61311
37667
37668
37669
61304
37667
37668
37668
37669
37692
37667
37669
37693
61305
61306
37696
61307
37674
37675
37676
37684
37691
61320
37674
37675
61321
37674
37676
37685
37675
37676
37692
37689
61322
37696
61323
37690
37697
37681
37682
37683
37684
37691
57743
37681
37682
57744
37681
37683
37687
37682
37683
37694
37688
57745
37695
57746
37690
37697
37688
37689
37690
61312
37689
37690
37688
37689
61313
37688
37690
61314
61315
37695
37696
37697
61316
37696
37697
37695
37696
61317
37695
37697
61318
61319
37702
38666
57855
37701
37701
37702
37703
38669
37705
37706
38671
37705
37706
38690
37706
38692
38694
37711
37712
37713
37719
61326
37712
37713
37803
37711
37712
37804
61327
37711
37713
37721
37723
61328
37806
61329
37725
37717
37718
37719
37717
37718
37732
38696
37718
37722
38697
61330
37734
37725
38699
37723
37724
37725
37723
37724
37723
37725
38701
37724
37725
38702
61331
38703
37730
37731
37730
37731
37974
38884
37730
37975
64150
37731
37736
38885
64151
37978
37737
38887
37734
37735
38889
37735
38890
37737
38892
37737
38897
64153
38900
37741
61332
37742
37759
37741
37742
37743
37763
37745
61333
37764
37745
37767
37745
61344
61334
37748
37760
37748
37749
37763
37751
37765
37751
37767
37751
37769
37827
61335
37771
61336
37754
37758
37882
57856
37754
37757
37760
37755
37761
57857
37757
37758
37762
37773
37757
37758
37774
37886
37765
37777
37779
37887
57858
37761
37764
37761
37765
37762
37764
37765
37766
37764
37765
37767
37770
37771
37770
37771
37772
37773
37770
37771
37770
37772
37771
37772
37775
37780
37777
37778
37782
37777
37778
37779
37777
37779
37906
37777
37778
37789
61335
37778
37779
37790
37908
61336
37792
37909
37782
37783
37789
37827
37783
37828
61337
61345
37792
37793
37829
61339
37786
37787
37791
37831
37921
37786
37832
61338
64313
37793
37833
61339
37794
37923
37792
37793
37794
37792
37793
37835
37792
37794
37928
37793
37794
37836
37929
37837
37930
37799
37800
37801
37813
37819
61343
37799
37801
37826
37799
37800
37814
61344
37800
37801
37820
37828
61345
37816
37818
37823
37824
37830
37805
37806
37813
61343
37806
37805
37806
37815
59756
37816
59758
37817
37810
37811
37812
37813
37819
37810
37812
61324
61364
37811
37812
37821
37817
61325
37818
37823
37825
61366
37816
37817
37818
37816
37818
37816
37817
61327
61329
37823
37824
37825
61340
37823
37824
37839
61346
37823
37825
37986
37824
37825
37841
37987
61341
37843
37988
61342
37830
37829
37835
37829
37830
37839
37837
37842
37843
37833
37836
64306
37833
37834
37840
38044
37837
37842
37844
38046
37837
61335
37837
64309
37842
37843
37844
37842
37843
61337
37842
37844
38051
61338
37843
37844
38052
61339
38053
37846
37848
38164
58455
37847
37857
58456
37848
37858
37873
37877
38167
37851
37854
37851
37855
37856
37878
37852
37857
37854
37855
37858
37869
37854
37855
37859
37871
37881
37857
37859
37889
37858
37859
37860
37863
37892
37863
37864
37869
37873
37863
37864
37870
37896
37941
37864
37874
37943
37871
37898
37872
37876
37944
37867
37868
37869
37873
37867
37868
37875
38185
61354
37872
37876
61355
37877
38186
37871
37872
37871
37872
37902
61360
37903
61361
37876
37877
37876
37962
37876
37877
37963
38194
37965
38195
37879
37881
37889
37880
37890
57860
37881
37891
37901
57861
37892
37903
37884
37887
57859
37884
37888
37885
37890
57860
37887
37888
37891
37905
57861
37887
37888
37906
37909
57862
37893
37910
37890
37892
37891
37892
37893
37894
37898
37899
37898
37899
37900
37901
37905
37898
37899
37898
37900
37902
37913
37899
37900
37907
37914
37903
37910
37904
37911
37916
37903
37904
61347
37903
37904
61350
61349
61351
37909
37910
37911
61347
37909
37910
37910
37911
37927
37909
37911
37928
61348
37931
61349
37916
37917
37918
37926
37933
37916
37917
37941
61350
37916
37918
37927
37917
37918
37934
37942
37931
61351
37937
37945
61352
37932
37938
37923
37924
37925
37926
37933
37923
37925
37923
37924
37929
64306
37924
37925
37936
38067
64307
37930
37932
37938
64308
37939
38069
37930
37931
37932
37931
37932
37930
37931
37930
37932
64309
64310
37937
37938
37939
37937
37938
37955
37937
37939
37956
38073
37938
37939
38074
64311
37958
64312
38075
37944
37945
37946
37954
37961
61359
37944
37945
61360
37945
37946
37955
37944
37946
37962
37965
61361
37958
61362
37959
37966
37951
37952
37953
37954
37961
57863
37952
37953
38126
38267
37951
37952
37957
38127
37951
37953
37964
38268
37959
37966
37960
38129
37967
38270
57864
37958
37959
37960
61357
37958
37959
37958
37960
38134
37959
37960
38135
61358
38136
37965
37966
37967
61353
37965
37966
37965
37967
38275
61354
37966
37967
38276
61355
38277
61356
37971
37972
37984
37991
61367
37972
37985
38036
37971
37972
37992
38038
59760
37994
59761
61368
37990
37995
38040
37977
37978
37979
37991
61367
37978
37979
61513
37977
37978
37977
37979
37993
37994
61368
37996
37982
37983
37984
37991
37982
37983
37987
61341
37988
61342
37990
37995
61369
37988
37989
37990
61363
37989
37990
38050
37988
37989
37988
37990
38052
61366
38055
37994
37995
37996
37994
37995
61370
37994
37996
61371
38001
38002
38003
38019
38026
38030
38002
38003
38020
38037
38001
38002
38027
38038
59760
38001
38003
38028
38032
59762
38023
38029
38041
38024
38033
38007
38008
38026
38030
57865
38007
38007
38008
38031
42610
38028
38032
38034
42613
57868
38010
38011
38019
38026
57865
38023
38029
38025
57867
38016
38017
38018
38019
38030
57865
38017
38018
38098
42615
57866
38016
38017
38022
38099
38016
38018
38024
38033
38025
38101
57867
38034
42616
57868
38023
38024
38025
38023
38024
38057
38023
38025
38059
38106
38024
38025
38107
38061
38108
38028
38029
38028
38029
61370
61372
38032
38033
38034
38032
38034
59763
62000
59764
62002
38039
38040
38041
38049
38056
38039
38040
38050
38039
38041
38057
38040
38041
61370
38054
38060
38055
61371
38061
61372
38046
38047
38048
38049
38056
38046
38048
38046
38047
38051
64313
38047
38048
38058
38151
64314
38053
38054
38060
64315
38062
38152
38053
38054
38055
38054
38055
38053
38054
64316
38053
38055
64317
61369
38060
38061
38062
38060
38061
38060
38062
38156
64318
38061
38062
38157
64319
38158
38065
38066
38072
38119
38146
38066
38147
38161
61373
38076
38122
38077
38148
61375
38069
38070
38074
38150
38070
38151
61374
64314
38075
38077
38153
61375
38075
38076
38077
38076
38077
38133
61388
38075
38076
38134
38075
38077
61389
38137
61390
38080
38119
38146
61379
38080
38081
38121
38083
38123
61381
38083
38140
38083
38141
38413
61377
38143
61378
38086
38087
38121
38086
38162
61385
38089
61387
38089
38140
38089
38419
61382
61384
38094
38095
38096
38104
38111
38095
38096
38105
38147
38161
38094
38095
38094
38096
38112
38162
38115
38109
38149
38110
38116
38163
38101
38102
38103
38104
38111
38101
38103
42664
57869
38101
38102
38107
38102
38103
38114
42665
38108
57870
38110
38116
38117
42667
57871
38108
38109
38110
38109
38110
38155
61391
38108
38109
38157
38108
38110
38160
61392
38115
38116
38117
38115
38116
61393
38115
38117
42676
38116
38117
42677
61394
42679
38122
38123
38124
38132
38139
38122
38123
38133
38122
38124
38123
38124
38140
38137
38138
38143
38144
38129
38130
38131
38132
38139
38129
38131
38457
38129
38130
38135
61376
38130
38131
38141
38458
61377
38136
38138
38143
61378
38145
38460
38136
38137
38138
38137
38138
61379
38136
38137
38136
38138
61380
61381
38143
38144
38145
38143
38144
38143
38145
38465
38144
38145
38466
38467
38148
61388
38148
38149
38155
38159
61390
38160
38153
61389
64307
38152
38153
38156
38158
38159
61390
38158
38159
38160
38159
38160
61373
38158
38159
61374
38158
38160
61375
38163
61391
38163
61393
61392
61394
38165
38167
58479
38166
38176
58480
38167
38177
38192
38195
38170
38173
38170
38174
38175
38197
38171
38176
38173
38174
38177
38188
38173
38174
38178
38190
38200
38176
38178
38208
38177
38178
38179
38182
38211
38182
38183
38188
38192
38182
38183
38189
38215
38260
38183
38193
38261
38190
38217
38191
38196
38263
38186
38187
38188
38192
38186
38187
38194
61402
38195
38191
38196
61404
38190
38191
38190
38191
38221
61408
38222
61409
38195
38196
38196
38274
38195
38196
38275
38278
38198
38200
38208
38199
38209
57873
38200
38210
38220
57874
38211
38222
38203
38207
38301
57872
38203
38206
38204
38209
57873
38206
38207
38210
38224
57874
38206
38207
38225
38305
38212
38228
38230
38306
57875
38209
38211
38210
38211
38212
38213
38217
38218
38217
38218
38219
38220
38224
38217
38218
38217
38219
38221
38232
38218
38219
38226
38233
38222
38228
38223
38229
38235
38222
38223
61395
38222
38223
61398
61396
61399
38228
38229
38230
61395
38228
38230
38323
38228
38229
38246
38229
38230
38247
38325
38249
61396
38326
61397
38235
38236
38237
38245
38252
38235
38236
38260
61398
38235
38237
38246
38236
38237
38253
38262
38249
61399
38256
38264
61400
38250
38257
38242
38243
38244
38245
38252
38243
38244
38242
38243
38248
38333
64320
38242
38244
38255
38398
64321
38250
38257
64322
38251
38335
38258
38400
38249
38250
38251
38249
38250
38249
38251
38339
38250
38251
38340
64323
64324
38341
38256
38257
38258
38256
38257
38281
38256
38258
38282
38404
38257
38258
38405
64325
38284
64326
38406
38263
38264
38265
38273
38280
61407
38263
38264
61408
38263
38265
38274
38264
38265
38281
38278
61409
38284
61410
38279
38285
38270
38271
38272
38273
38280
57876
38270
38272
38457
38270
38271
38276
38271
38272
38283
38459
38277
57877
38279
38285
38286
38461
38277
38278
38279
61401
38278
38279
38277
38278
61402
38277
38279
61403
61404
38284
38285
38286
61405
38284
38285
38284
38286
38472
38285
38286
38473
61406
38474
38290
61411
38291
38308
38290
38291
38292
38312
38294
61412
38313
38294
38316
38294
61424
61413
38297
38309
38297
38298
38312
38300
38314
38300
38316
38300
38318
38375
61414
38320
61415
38303
38306
57878
38303
38307
38309
38304
38310
57879
38306
38307
38311
38322
38306
38307
38323
38326
57880
38314
38327
38310
38313
38310
38314
38311
38313
38314
38315
38313
38314
38316
38319
38320
38319
38320
38321
38322
38319
38320
38319
38321
38320
38321
38324
38329
38327
38328
38331
38326
38327
38328
38326
38327
38327
38328
38338
61414
38326
38328
38339
61415
38342
38331
38332
38338
38375
38332
38376
61416
61423
38342
38343
38378
61418
38335
38336
38340
38380
38336
38381
61417
64327
38341
38343
38382
61418
38341
38342
38343
38342
38343
38384
38341
38342
38341
38343
38385
38386
38348
38349
38350
38362
38369
61422
38349
38350
38363
38376
61423
38348
38349
38370
61424
38348
38350
38377
38372
38366
38373
38367
38379
38354
38355
38369
61422
38355
38600
38354
38355
38371
38602
59765
38372
59767
38374
38605
38359
38360
38361
38362
38369
38360
38361
61449
61458
38359
38360
38364
38366
38373
38368
61450
38374
61459
38366
38367
38368
61419
38366
38367
38388
61425
38366
38368
38513
38367
38368
38390
38514
61420
38392
38515
61421
38372
38373
38374
38372
38373
38372
38374
61461
61463
38378
38384
38378
38379
38388
38379
38386
38391
38392
38382
38385
64320
38382
38383
38389
38571
38386
38391
38393
38573
38386
61414
38386
64323
38391
38392
38393
38391
38392
61416
38391
38393
38578
61417
38392
38393
38579
61418
38580
38396
38397
38403
38451
38477
38397
38478
38492
61426
38407
38453
38408
38479
61428
38400
38401
38405
38481
38401
38482
61427
64328
38406
38408
38483
61428
38406
38407
38408
38407
38408
38471
61441
38406
38407
38472
38406
38408
61442
38475
61443
38411
38412
38450
38411
38451
38477
61432
38414
38454
61434
38414
38464
38414
38465
61429
38468
61431
38417
38418
38450
38417
38493
61438
38420
61440
38420
38464
38420
61435
61437
38425
38426
38427
38435
38442
38426
38427
38436
38478
38492
38425
38426
38425
38427
38443
38493
38446
38439
38480
38440
38447
38494
38432
38433
38434
38435
38442
38433
38434
38540
42813
57881
38432
38433
38438
38541
38432
38434
38445
42814
38440
38447
38441
38543
57882
38448
42816
57883
38439
38440
38441
38439
38440
38486
61444
38439
38441
38488
38548
38440
38441
38549
38490
61445
38550
38446
38447
38448
38446
38447
61446
38446
38448
42825
38447
38448
42826
61447
42828
38453
38454
38455
38463
38470
38454
38455
38464
38453
38454
38471
38453
38455
38475
38468
38476
38469
38460
38461
38462
38463
38470
38460
38461
38460
38462
38465
61429
38461
38462
38473
61430
38467
38474
38468
38476
61431
38467
38468
38469
38468
38469
38467
38468
38467
38469
38474
38475
38476
38475
38476
61432
38474
38475
38474
38476
61433
61434
38479
61441
38479
38480
38486
38489
61443
38490
38483
61442
64321
38483
38484
38487
38572
38489
61443
38491
38574
38489
38490
38491
38489
38490
61426
38489
38491
38585
61427
38490
38491
38586
61428
38587
38494
61444
38494
61446
61445
61447
38498
38499
38511
38518
61452
38499
38512
38563
38498
38499
38519
38565
59769
38521
59770
61453
38517
38522
38567
38504
38505
38506
38518
61452
38505
38506
38619
61514
38504
38505
38620
38504
38506
38520
38521
61453
38622
38523
38509
38510
38511
38518
38509
38510
38514
61420
38515
61421
38517
38522
61454
38515
38516
38517
61448
38516
38517
38577
38515
38516
38515
38517
38579
61450
38582
38521
38522
38523
38521
38522
61455
38521
38523
61456
38528
38529
38530
38546
38553
38557
38529
38530
38547
38564
38528
38529
38554
38565
59769
38528
38530
38555
38559
59771
38551
38556
38568
38552
38560
38534
38535
38553
38557
57884
38534
38534
38535
38558
42891
38555
38559
38561
42894
57887
38537
38538
38546
38553
57884
38550
57886
38551
38556
38543
38544
38545
38546
38557
57884
38543
38545
42897
57885
38543
38544
38549
38544
38545
38550
57886
38552
38560
38561
42898
57887
38550
38551
38552
38551
38552
38584
38550
38551
38586
38550
38552
38589
38555
38556
38555
38556
61455
61457
38559
38560
38561
38559
38561
59772
62069
59773
62071
38566
38567
38568
38576
38583
38566
38567
38577
38566
38568
38584
38567
38568
61455
38581
38588
38582
61456
38589
61457
38573
38574
38575
38576
38583
38573
38574
38573
38575
38578
64327
38574
38575
38585
64328
38580
38587
38581
38588
64329
38580
38581
38582
38581
38582
38580
38581
64330
38580
38582
64331
61454
38587
38588
38589
38588
38589
38587
38588
64332
38587
38589
64333
38594
57888
38593
38593
38594
38595
38597
38598
38597
38598
38598
38603
38604
38605
38611
61460
38604
38605
38603
38604
38613
38603
38605
61461
38615
61462
38616
61463
38609
38610
38611
38609
38610
38624
38609
38614
61464
38616
38626
38615
38616
38617
38615
38617
38615
38616
38616
38617
61465
38622
38623
38622
38623
39232
38622
64155
38623
38628
39233
64156
38629
39235
38626
38627
39237
38627
39239
38629
39241
38629
39245
64158
39248
38634
38744
57889
38633
38633
38634
38635
38747
38637
38638
38748
57890
38637
38638
38767
38638
38769
64335
38771
38643
38644
38645
38651
38657
38644
38645
38643
38644
38653
38643
38645
38658
39554
38655
38659
38656
64339
38660
39556
38649
38650
38651
38649
38650
61468
65324
38650
38654
64334
65325
38656
65327
38655
38656
38655
38655
38656
65643
38656
64336
65644
65645
38659
38660
38659
38660
39566
39569
61467
38664
38665
38973
39736
38664
38974
61472
64160
38665
39737
64161
38976
61473
39740
38667
38671
38668
38670
38671
38689
38670
38671
38690
59784
38693
38694
38673
38676
58547
38674
58548
38676
38684
38676
38685
38687
38681
38682
38683
38684
38689
38681
38682
38681
38683
38686
38706
60457
38682
38683
38692
38707
38687
60458
38694
38688
38695
38710
38687
38688
38687
38687
38688
38727
38730
61474
38693
38694
38695
38693
38694
59785
38693
38695
38733
38694
38695
38734
38737
61474
38699
38889
38699
38700
38702
38720
38700
38721
38891
38703
38704
38723
38703
59786
38703
38704
38735
38738
38708
38709
38710
38725
38732
57891
38708
38710
38727
38709
38710
38734
38729
57892
38736
38730
38737
38715
38716
38717
38725
38739
57891
38715
38717
38929
38715
38716
38728
61475
38716
38717
38740
38930
38729
57892
38731
38743
38932
57893
38722
38723
38724
38732
38739
57891
38722
38724
38936
38722
38723
38735
61330
38723
38724
38741
38938
38736
38738
38742
38743
38939
57893
38729
38730
38731
61477
38730
38731
38729
38730
38729
38731
61476
61478
38736
38737
38738
61477
38737
38738
38736
38737
38736
38738
61331
61478
38742
38743
61477
38743
38947
38742
38743
38948
38949
38745
38748
38746
38748
38766
38748
38767
64163
38771
38750
38753
58557
38751
38753
38761
38753
38762
38764
38758
38759
38760
38761
38766
38758
38759
38758
38760
38763
38776
60464
38759
38760
38769
38777
38764
60465
38771
38765
38772
38780
38764
38765
38764
38764
38765
38797
38800
38770
38771
38772
38770
38771
64164
38770
38772
38803
38771
38772
38804
38807
38774
38795
38802
38809
38800
38807
38778
38779
38780
38795
38802
57896
38778
38780
38797
38779
38780
38804
38799
57897
38806
38800
38807
38785
38786
38787
38795
38809
57896
38785
38787
39020
65623
38785
38786
38798
64337
65624
38786
38787
39021
38799
57897
65627
38801
38812
39023
57898
38792
38793
38794
38802
38809
57896
38792
38794
39027
38792
38793
38805
64334
65325
38793
38794
38810
39029
65326
38806
38808
38811
65328
38812
39030
57898
38799
38800
38801
38800
38801
38799
38800
65276
38799
38801
64338
65277
65279
38806
38807
38808
38807
38808
65642
38806
38807
64335
38806
38808
64336
65644
65646
38811
38812
38811
38812
39040
39041
38817
38818
38819
38833
57899
61481
38817
38819
38817
38818
61482
61484
38818
38819
38835
38876
61485
57900
61483
38837
38839
38877
57901
38824
38825
38826
38840
57899
61481
38824
38826
65743
38824
38825
38825
38826
38842
64340
65745
57900
61483
38844
38846
57902
65746
38830
38831
38832
38833
38840
57899
38830
38831
38836
38849
38830
38832
38843
38850
38838
38845
38851
38839
57901
38846
57902
38837
38838
38839
61479
38837
38838
38865
38837
38839
38880
61486
38838
38839
38866
38881
38868
61480
38882
38844
38845
38846
61479
38844
38845
38844
38846
64341
65648
38845
38846
38871
65649
38873
61480
65650
38851
38852
38853
38864
38870
38852
38853
38851
38852
38866
38851
38853
38871
64344
38868
38873
38869
61501
38874
64345
38857
38858
38864
38857
38858
38959
64252
38858
38867
38960
38869
38962
38862
38863
38870
38862
38863
54315
64254
38863
38872
54316
38874
54318
38868
38869
38868
38868
38869
38967
38869
38968
38969
38873
38874
38873
38874
65331
38874
65332
65333
38878
38930
38877
38878
38880
38931
38882
38883
38934
38883
38953
38966
61487
38882
38883
38954
38882
38967
38956
38887
57903
61513
38886
38887
38897
38899
38900
57905
38892
38893
38894
38895
38892
38893
57904
38892
38894
38898
38937
38893
38894
38938
38900
57905
38901
38940
61490
38899
38900
38901
38899
38901
38942
61488
38899
38900
38900
38901
38943
38944
61489
38906
38907
38908
38909
38914
38906
38907
38922
61496
38907
38908
38910
38924
61499
38906
38908
38915
38918
61497
38912
38927
61498
38913
38919
61500
38912
38913
38912
38913
38953
38966
38913
38968
61493
38957
38971
61495
38918
38919
38920
38918
38919
61502
38918
38920
61491
65386
38919
38920
61494
61503
65387
61492
61495
61504
65389
38925
38926
38927
38941
38946
38952
38926
38927
38942
61488
38925
38926
38925
38927
38953
61487
38950
38956
38944
38951
61489
38945
38957
38932
38933
38934
38946
38952
57906
38932
38933
38932
38934
38947
38933
38934
38954
61485
38949
57907
38955
38950
38956
38939
38940
38941
38946
57906
38939
38940
38943
38939
38940
38948
38949
57907
38944
38951
38944
38945
38944
38945
61496
38944
61498
38949
38950
38951
38949
38950
38949
38951
61490
38955
38956
38957
38956
38957
38955
38956
61486
38962
38963
38964
38965
38962
38964
43071
38962
38963
38968
61493
38963
38964
43073
61494
61503
38969
38971
61495
61504
43075
38969
38970
38971
38970
38971
61499
38969
38970
38969
38971
61501
61500
38975
38976
38984
38976
38975
38976
38986
38988
38989
38981
38982
38983
38984
38981
38982
61468
65324
38981
38983
38987
39028
61469
38982
38983
39029
65326
38989
61470
65329
38990
39031
61507
38988
38989
38990
38988
38990
39034
61505
38988
38989
61472
38989
38990
39035
61473
39036
61506
38995
38996
38997
39001
39006
38995
38996
39014
61510
38996
38997
39002
39015
64342
38995
38997
39007
39010
61511
39004
39018
61512
39005
39011
64343
39000
39003
54316
39000
39009
54317
62120
39005
39011
54319
39004
39005
39004
39005
39045
65330
39005
65332
39049
65334
39010
39011
39012
39010
39011
39010
39012
43123
61508
39011
39012
43124
64346
61509
64347
43126
39016
39017
39018
39033
39038
39044
39017
39018
39034
61505
39016
39018
39045
39042
39048
39036
39043
61506
39037
39049
39023
39024
39025
39038
39044
39023
39024
39023
39025
39039
65744
39024
39025
39046
64340
65745
39041
39047
39042
39048
65747
39030
39031
39033
39038
39030
39031
39035
39030
39031
39040
39041
39036
39043
39033
39044
39036
39037
39036
39037
61510
39036
61512
39041
39042
39043
39041
39042
39041
39043
61507
39047
39048
39049
39048
39049
65647
39047
39048
64341
65648
65651
39052
39055
57910
39052
39056
39057
61526
39053
39058
57911
39055
39056
39059
39061
39055
39056
39062
39065
57912
39060
39066
61527
39058
39060
39082
39059
39060
39087
61516
39065
39066
39067
39065
39066
39097
39066
39067
39098
39148
61515
39065
39067
39149
61517
61518
39099
61516
39152
39070
39074
39159
57913
39070
39073
61519
61528
39071
61520
39073
39074
39075
39073
39074
39076
39162
61530
39079
61521
61531
39081
39163
57914
39079
39080
39081
39079
39081
39102
39172
39079
39080
39103
61522
65337
39080
39081
39173
61524
65338
39104
61523
39174
61525
39084
39087
61526
39084
39088
61519
61528
39085
39087
39088
39089
61529
39087
39088
39090
39093
61527
39094
61521
61531
39093
39094
39095
39096
39101
39093
39094
39093
39095
39098
39107
61515
39094
39095
39103
39108
61522
39099
61516
39104
61523
39100
39105
39109
39099
39100
39099
39099
39100
39127
61527
39129
39104
39105
61529
39104
61530
39104
39105
39132
61531
39134
39109
39110
39111
39126
39131
39137
39109
39110
39127
61533
39109
39111
39132
64348
39129
39134
39130
39140
39135
39141
39116
39117
39118
39126
39137
57915
39116
39118
39321
39116
39117
39128
39144
60475
39117
39118
39138
39145
39322
39130
39140
39147
39142
39324
57916
39123
39124
39125
39131
39137
57915
39124
39125
39328
39123
39124
39133
64349
65653
39123
39125
39139
39329
65654
39135
39141
65655
39136
39142
39331
57916
39129
39130
61532
39129
39130
39148
39130
39150
60476
39153
39134
39135
39136
61532
39134
39135
65337
39135
39136
64350
65339
65340
39140
39141
39142
39140
39142
61555
39141
39142
61556
39146
39146
39147
39150
39147
61557
39151
39153
39152
39153
61533
39151
39152
39151
39153
39155
39158
39460
39156
39158
39176
39158
39177
39462
64174
39182
39464
39160
39163
58595
39161
39163
39171
39163
39172
39174
39168
39169
39170
39171
39176
39168
39170
39168
39169
39173
39186
61524
39169
39170
39179
39187
39174
61525
39175
39181
39189
39182
39174
39175
39174
39174
39175
39207
39210
39180
39181
39182
39180
39182
39465
64175
39180
39181
39217
39181
39182
39218
39466
39220
39468
39184
39205
39212
39216
39210
39220
39188
39189
39190
39205
39216
57919
39188
39189
39207
39189
39190
39218
39209
57920
39210
39220
39222
39195
39196
39197
39205
39212
57919
39195
39197
39430
65652
39195
39196
39208
64349
65653
39196
39197
39431
39209
57920
65656
39211
39215
39433
57921
39202
39203
39204
39212
39216
57919
39203
39204
39437
39202
39203
39213
39438
65343
39202
39204
39219
64360
65344
39214
39221
65345
39215
39440
57921
39222
39209
39210
39211
39210
39211
39209
39210
65338
39209
39211
64350
65339
65341
39214
39215
39214
39215
39445
39446
39220
39221
39222
39220
39221
65657
39220
39222
64361
39221
39222
64362
65659
65660
39225
39278
39225
39226
39228
39279
39323
39230
39281
39231
39325
39230
39301
39314
61534
39230
39231
39302
39342
39231
39315
39343
39303
39344
39235
57922
61514
39234
39235
39245
39247
39248
57924
39240
39241
39242
39243
39240
39241
57923
39240
39242
39285
39241
39242
39246
39286
39248
57924
39249
39288
61537
39247
39248
39249
39247
39249
39296
61535
39247
39248
39248
39249
39297
39298
61536
39254
39255
39256
39257
39264
39254
39256
39258
39254
39255
39271
61543
39255
39256
39265
39272
61546
39261
61544
39267
39275
61545
39263
39268
61547
39261
39262
39263
39261
39263
61549
39261
39262
61538
65298
39262
39263
61540
61550
65299
61539
65302
61542
61551
39267
39268
39267
39268
39301
39314
39268
39316
61541
39304
39318
61542
39273
39274
39275
39289
39295
39300
39273
39274
39274
39275
39296
61535
39273
39275
39301
61534
39293
39303
39294
39298
61536
39299
39304
39280
39281
39282
39289
39300
57925
39280
39282
39280
39281
39290
39281
39282
39302
61558
39292
57926
39293
39303
39305
39287
39288
39289
39295
57925
39287
39287
39288
39291
39288
39297
39292
57926
39294
39298
39292
39293
39294
39292
39293
39292
39294
61537
39298
39299
39298
39299
61543
39298
61545
39303
39304
39305
39303
39304
39303
39305
61559
39310
39311
39312
39313
39310
39312
39362
39310
39311
61540
61550
39311
39312
39316
39363
61541
39318
61542
61551
39319
39364
39317
39318
39319
39317
39318
61546
39317
39319
39373
39318
39319
39374
61547
39375
61548
39324
39325
39326
39340
57927
61554
39324
39325
39324
39326
61555
61557
39325
39326
39342
61558
57928
61556
39344
57929
39345
39331
39332
39333
39347
57927
61554
39331
39333
65748
39331
39332
39332
39333
39349
64352
65750
57928
61556
39351
39353
57930
65751
39337
39338
39339
39340
39347
57927
39337
39338
39343
39356
39338
39339
39350
39357
39344
57929
39346
39352
39359
39353
57930
39344
39345
39346
61552
39345
39346
39372
39344
39345
61559
39344
39346
39373
39376
61553
39351
39352
39353
61552
39351
39352
39351
39353
64353
65663
39352
39353
39378
65664
39380
61553
65665
39358
39359
39360
39371
39377
39358
39360
39358
39359
39373
39359
39360
39378
64356
39375
61548
39376
39380
39381
64357
39364
39365
39371
39364
39365
64500
39364
39374
39375
39369
39370
39377
39369
39370
54322
64502
39369
39379
54323
39381
54325
39375
39376
39376
39375
39376
39375
39380
39381
39380
39381
65349
39381
65350
65351
39385
39386
39394
39386
39491
39385
39386
39396
39492
39398
39400
39494
39391
39392
39393
39394
39391
39393
61570
65342
39391
39392
39438
65343
39392
39393
39397
39439
61571
65346
39399
39441
61562
39400
61572
39398
39399
39400
39398
39399
39456
61560
39398
39400
61574
39399
39400
39457
39458
61561
61575
39405
39406
39407
39411
39416
39406
39407
39412
39424
64354
39405
39406
39425
61565
39405
39407
39417
39420
61566
39414
39428
61567
39415
39421
64355
39410
39413
54323
39410
39419
54324
62216
39415
39421
54326
39414
39415
39414
39415
39450
65348
39415
65350
39454
65352
39420
39421
39422
39420
39421
39420
39422
43624
61563
39421
39422
43625
64358
61564
64359
43627
39426
39427
39428
39443
39449
39455
39426
39428
39450
39427
39428
39456
61560
39447
39453
39448
39458
61561
39454
39459
39433
39434
39435
39443
39449
39433
39434
39433
39435
39444
65749
39434
39435
39451
64352
65750
39446
39452
39447
39453
65752
39440
39441
39443
39455
39440
39440
39441
39445
39441
39457
39446
39448
39458
39449
39455
39446
39447
39448
39446
39447
39446
39448
61562
39452
39453
39454
39453
39454
65662
39452
39453
64353
65663
65666
39458
39459
39458
39459
61565
39458
61567
39464
57933
39463
39463
39464
39465
39467
39468
57934
39467
39468
39468
64361
39473
39474
39475
39481
39485
39474
39475
39473
39474
39482
39473
39475
39487
39483
39489
39484
39490
64351
39479
39480
39485
39479
39480
61570
65342
39479
39488
64360
65344
39490
65347
39483
39484
39483
39484
61569
39489
39490
39489
39489
39490
65658
39490
64362
65659
65661
39494
39495
40064
39494
61574
64178
39495
40065
64179
61575
40068
39499
61576
39510
39499
39500
39514
39502
61577
39502
39518
39502
64372
61578
39505
39509
39631
39505
39508
39511
39506
39512
39508
39509
39513
39523
39508
39509
39524
39635
39516
39527
39529
39636
39512
39515
39512
39516
64363
39513
39515
39516
39517
39515
39516
39518
64364
39520
39521
64365
39520
39521
39522
39523
39520
39521
64366
39521
39522
39525
39530
64368
39527
64369
39528
39532
39527
39528
39529
39527
39529
39656
39527
39528
39540
64370
39528
39529
39541
39658
64371
39543
39659
61579
39532
39533
39540
39580
39533
39581
61580
64373
39543
39544
39582
61582
39538
39670
39537
39538
39542
39584
39671
39537
39585
39727
61581
39544
39586
61582
39545
39673
39543
39544
39545
39543
39544
39588
39543
39545
39678
39544
39545
39589
39679
39590
39680
39550
39551
39552
39563
39564
39571
39550
39552
39579
39550
39551
39565
64372
39551
39552
39572
39581
64373
39568
39570
39575
39576
39583
39555
39556
39563
39564
39555
39556
39566
59795
39568
39569
39560
39561
39562
39564
39571
39560
39562
39743
61466
39561
39562
39573
39569
61467
39570
39575
39577
39745
61583
39568
39569
39570
39568
39570
39568
39569
39569
39570
39575
39576
39577
61583
39575
39576
39592
39575
39577
39752
39576
39577
39594
39753
61584
39596
39754
61585
39582
39583
39591
39583
64367
39582
39588
64368
39582
39583
39592
39590
39595
39596
39586
39589
39690
39586
39587
39593
39806
39590
39595
39597
39808
39590
64370
39590
39693
39595
39596
39597
39595
39596
61580
39595
39597
39813
61581
39596
39597
39814
61582
39815
39599
39601
40254
58652
39600
39608
58653
39601
39609
39626
39630
40257
39604
39604
39606
39607
39638
39605
39608
39606
39609
39622
39610
39624
39641
39608
39610
39642
58656
39609
58657
39610
39611
39616
39647
39615
39616
39617
39622
39626
39615
39616
39649
39616
39617
39623
39651
39696
39615
39617
39627
39698
39624
39653
39625
39629
39699
39620
39621
39622
39626
39620
39621
39628
39703
40275
39625
39629
39704
39630
40276
39624
39625
39624
39625
61591
61599
61592
61600
39629
39630
39629
39721
39629
39630
39722
40284
39724
40285
39633
39636
39633
39637
39634
39643
39636
39637
39644
39655
39636
39637
39656
39659
39646
39660
39639
39641
39642
39640
39643
39641
39644
61590
39647
61592
39643
39647
39644
39646
39647
39648
39646
39647
39649
39652
39653
39652
39653
39654
39655
61590
39652
39653
39652
39654
39657
39663
39653
39654
39664
61591
39660
61592
39661
39666
61593
39659
39660
39661
61586
39659
39660
39660
39661
39677
39659
39661
39678
61587
61588
39681
61589
39666
39667
39668
39676
39683
39666
39667
39677
39666
39668
39696
61594
39667
39668
39684
39697
39681
61595
39682
39687
39688
39700
39673
39674
39675
39676
39683
39673
39675
39828
39673
39674
39679
39690
39674
39675
39685
39691
39829
39680
39682
39687
39692
39689
39831
39680
39681
39682
39681
39682
39680
39681
39680
39682
39693
39694
39687
39688
39689
39687
39688
39714
39687
39689
39835
61596
39688
39689
39715
39836
61597
39717
39837
39692
39693
39692
39888
61596
39694
61597
39694
39699
39700
39701
39713
39720
61598
39699
39700
61599
39700
39701
39714
39699
39701
39721
39724
61600
39717
61601
39718
39725
39704
39705
39720
57935
61598
39704
39705
39722
40354
39724
61600
39726
40355
57936
39710
39711
39712
39713
39720
57935
39711
39712
39906
40358
39710
39711
39716
39907
39710
39712
39723
40359
39718
39725
39719
39909
39726
40361
57936
39717
39718
39719
39717
39718
39717
39719
39914
39718
39719
39915
39916
39724
39725
39726
39724
39725
39724
39726
40366
39725
39726
40367
40368
39729
39806
61602
39729
39807
39830
61603
39809
61604
39733
39734
39750
39757
61605
39734
39751
39798
39733
39734
39758
39800
59798
39760
59799
61606
39756
39761
39802
39739
39740
39741
39757
61605
39740
39741
39739
39740
39739
39741
39759
39760
61606
61607
39762
39744
39745
39750
61605
39744
39745
61471
61607
39754
39748
39749
39750
39757
39748
39749
39753
61584
61611
39754
61585
39756
39761
61612
39754
39755
39756
39755
39756
39812
39754
39755
39754
39756
39814
39817
39760
39761
39762
39760
39761
61614
39760
39762
61615
39766
39767
39768
39782
39789
39793
39767
39768
39783
39799
39766
39767
39790
39800
59798
39791
39795
59800
39786
39792
39803
39787
39773
39774
39789
39793
57937
39774
43928
39773
39773
39774
39794
43930
39791
39795
39796
43933
57940
39779
39780
39781
39782
39793
57937
39780
39781
39854
43935
57938
39779
39780
39785
39855
39779
39781
39787
39788
39857
57939
39796
43936
57940
39786
39787
39788
61608
39786
39787
39819
39786
39788
39821
39862
39787
39788
39863
39823
61609
39864
61610
39791
39792
61608
39791
39792
61614
61609
61616
39795
39796
39795
39796
59802
62265
59803
62267
39801
39802
39803
39811
39818
61613
39801
39802
39812
39801
39803
39819
39802
39803
61614
39816
39822
39817
61615
39823
61616
39808
39809
39810
39811
39818
39808
39810
39808
39809
39813
39809
39810
39820
39889
39815
39816
39822
39824
39815
39816
39817
39816
39817
39815
39816
61602
39815
39817
61611
61612
39822
39823
39824
39822
39823
39822
39824
39895
61603
39823
39824
39896
61604
39897
39827
39834
39884
39901
39827
39840
39885
64374
39838
39842
39886
39831
39831
39832
39835
39888
39832
39841
39889
39837
39838
39842
39890
39837
39838
39839
39838
39839
39891
39913
39837
39838
39892
39837
39839
39914
39893
39917
39842
39894
64377
39842
39895
61603
39898
39845
39884
39901
61620
39845
39902
61623
39904
61622
61625
39850
39851
39852
39860
39867
39851
39852
39861
39885
64374
39850
39851
39850
39852
39868
64375
39871
39865
39887
39866
39872
64376
39857
39858
39859
39860
39867
39857
39859
43982
57941
39857
39858
39863
39858
39859
39870
43983
39864
39866
39872
39873
43985
39864
39865
39866
39865
39866
39894
64377
39864
39865
39896
39864
39866
64378
39899
64379
39871
39872
39873
39871
39872
64380
39871
39873
43994
39872
39873
43995
64381
43997
39876
39880
39902
39876
61626
64375
39883
61628
39879
39881
40509
39879
61627
64516
39883
61628
39883
39920
39883
40513
39922
40514
39886
39891
39886
39887
39894
39893
39898
39899
39890
39892
39890
39895
39893
39898
39893
61620
39893
61596
39898
39899
39897
39898
39897
39899
39903
39904
39912
39919
39903
39904
39913
39904
39920
39917
39918
39923
39909
39910
39911
39912
39919
39909
39911
40550
39909
39910
39915
61617
39910
39911
39921
40551
61618
39916
39918
39923
61619
39925
40553
39916
39917
39918
39917
39918
61620
39916
39917
39916
39918
61621
61622
39923
39924
39925
39923
39924
61623
39923
39925
40558
61624
39924
39925
40559
61625
40560
39927
39929
58689
39928
39936
58690
39929
39937
39950
39953
39932
39932
39934
39935
39966
39933
39936
39934
39937
39955
39938
39957
39969
39936
39938
39970
58693
39937
58694
39938
39939
39944
39975
39943
39944
39945
39950
39955
39943
39944
39977
39943
39945
39951
40024
39944
39945
39956
39979
40025
39957
39981
39954
39958
40027
39948
39949
39950
39955
39948
39949
39952
40031
39953
39954
39958
40033
39953
39954
39954
40042
39953
39954
40043
40046
39957
39958
39957
39958
61634
61642
61635
61643
39961
39964
39961
39965
39962
39971
39964
39965
39972
39983
39964
39965
39984
39987
39974
39988
39967
39969
39970
39968
39971
39969
39972
61633
39975
61635
39971
39975
39972
39974
39975
39976
39974
39975
39977
39980
39981
39980
39981
39982
39983
61633
39980
39981
39980
39982
39985
39991
39981
39982
39992
61634
39988
61635
39989
39994
61636
39987
39988
39989
61629
39987
39988
39988
39989
40005
39987
39989
40006
61630
61631
40009
61632
39994
39995
39996
40004
40011
39994
39995
40005
39994
39996
40025
61637
39995
39996
40012
40026
40009
61638
40010
40015
40016
40028
40001
40002
40003
40004
40011
40001
40003
40156
40001
40002
40007
40018
40002
40003
40013
40019
40157
40008
40010
40015
40020
40017
40159
40008
40009
40010
40009
40010
40008
40009
40008
40010
40021
40022
40015
40016
40017
40015
40016
40049
40015
40017
40163
61639
40016
40017
40050
40164
61640
40052
40165
40020
40021
40020
40216
61639
40022
61640
40022
40027
40028
40029
40041
40048
61641
40027
40029
40042
40027
40028
61642
40028
40029
40049
40046
61643
40052
61644
40047
40053
40032
40033
40041
57942
61641
40032
40033
40043
40045
57943
40046
61643
40038
40039
40040
40041
40048
57942
40038
40040
40234
40038
40039
40044
40039
40040
40051
40235
40045
57943
40047
40053
40054
40237
40045
40046
40047
40046
40047
40045
40046
40045
40047
40052
40053
40054
40052
40053
40052
40054
40242
40053
40054
40243
40244
40057
40134
61645
40057
40135
40158
61646
40137
61647
40061
40062
40078
40085
61648
40062
40079
40126
40061
40062
40086
40127
59809
40088
59810
61649
40084
40090
40130
40067
40068
40069
40085
61648
40068
40069
40067
40068
40067
40069
40087
40088
61649
61650
40089
40072
40073
40078
61648
40072
40073
61573
40082
61650
40076
40077
40078
40085
40076
40077
40081
60487
61654
40082
60488
40084
40090
61655
40082
40083
40084
40083
40084
40140
40082
40083
40082
40084
40142
40145
40088
40089
40090
40088
40090
61657
40088
40089
61658
40094
40095
40096
40110
40114
40118
40094
40095
40115
40127
59809
40095
40096
40119
40128
40112
40116
59811
40117
40122
40131
40123
40101
40102
40110
40114
57944
40102
40101
40102
40111
40101
40112
40116
40113
57946
40107
40108
40109
40110
40118
57944
40107
40109
40182
57945
40107
40108
40108
40109
40121
40183
40113
57946
40123
40124
40185
57947
40112
40113
40112
40113
59812
60575
59813
60577
40116
40117
61651
40116
40117
61657
61652
61659
40122
40123
40124
61651
40122
40123
40147
40122
40124
40149
40190
40123
40124
40191
40151
61652
40192
61653
40129
40130
40131
40139
40146
61656
40129
40130
40140
40130
40131
61657
40129
40131
40147
40144
40150
40145
61658
40151
61659
40136
40137
40138
40139
40146
40136
40138
40136
40137
40141
40137
40138
40148
40217
40143
40144
40150
40152
40143
40144
40145
40144
40145
40143
40144
61645
40143
40145
61654
61655
40150
40151
40152
40150
40151
40150
40152
40223
61646
40151
40152
40224
61647
40225
40155
40162
40212
40229
40155
40168
40213
64382
40166
40170
40214
40159
40159
40160
40163
40216
40160
40169
40217
40165
40166
40170
40218
40165
40166
40167
40166
40167
40219
40241
40165
40166
40220
40165
40167
40242
40221
40245
40170
40222
64385
40170
40223
61646
40226
40173
40212
40229
61663
40173
40230
61666
40232
61665
61668
40178
40179
40180
40188
40195
40178
40179
40179
40180
40189
40213
64382
40178
40180
40196
64383
40199
40193
40215
40194
40200
64384
40185
40186
40187
40188
40195
40185
40187
44321
57948
40185
40186
40191
40186
40187
40198
44323
40192
40194
40200
40201
44325
40192
40193
40194
40193
40194
40222
64385
40192
40193
40224
40192
40194
64386
40227
64387
40199
40200
40201
40199
40200
64388
40199
40201
44339
40200
40201
44340
64389
44342
40204
40208
40230
40204
61669
64383
40211
61671
40207
40209
40811
40207
61670
64525
40211
61671
40211
40248
40211
40814
40250
40815
40214
40219
40214
40215
40222
40221
40226
40227
40218
40220
40218
40223
40221
40226
40221
61663
40221
61639
40226
40227
40225
40226
40225
40227
40231
40232
40240
40247
40231
40232
40241
40232
40248
40245
40246
40251
40237
40238
40239
40240
40247
40237
40239
40851
40237
40238
40243
61660
40238
40239
40249
40853
61661
40244
40246
40251
61662
40253
40855
40244
40245
40246
40245
40246
61663
40244
40245
40244
40246
61664
61665
40251
40252
40253
40251
40252
61666
40251
40253
40866
61667
40252
40253
40867
61668
40868
40255
40257
58731
40256
40264
58732
40257
40265
40282
40285
40260
40260
40262
40263
40287
40261
40264
40262
40265
40278
40266
40280
40290
40264
40266
40298
58735
40265
58736
40266
40267
40272
40302
40271
40272
40273
40278
40282
40271
40272
40305
40272
40273
40279
40306
40347
40271
40273
40283
40348
40280
40308
40281
40286
40350
40276
40277
40278
40282
40276
40277
40284
40354
40285
40281
40286
40356
40280
40281
40280
40281
61677
61683
61678
61684
40285
40286
40286
40365
40285
40286
40366
40369
40288
40290
40298
40289
40299
40290
40300
61676
40302
61678
40293
40297
40390
40293
40296
40294
40299
40296
40297
40300
40311
40296
40297
40312
40394
40303
40315
40317
40395
40299
40302
40300
40302
40303
40304
40302
40303
40305
40308
40309
40308
40309
40310
40311
61676
40308
40309
40308
40310
40319
61677
40309
40310
40313
40320
61678
40315
40316
40322
61679
40315
40316
40317
61672
40315
40317
40411
40315
40316
40333
40316
40317
40334
40413
61673
40336
61674
40414
61675
40322
40323
40324
40332
40339
40322
40323
40347
61680
40322
40324
40333
40323
40324
40340
40349
40336
61681
40343
40351
40337
40344
40329
40330
40331
40332
40339
40330
40331
40421
40488
40329
40330
40335
40378
40422
40329
40331
40342
40379
40489
40337
40344
40380
40338
40424
40345
40491
40336
40337
40338
40336
40337
40336
40338
40428
40337
40338
40381
40429
40382
40430
40343
40344
40345
40343
40344
40372
40343
40345
40373
40495
40344
40345
40496
61686
40375
61687
40497
40350
40351
40352
40364
40371
61682
40350
40351
61683
40350
40352
40365
40351
40352
40372
40369
61684
40375
61685
40370
40376
40355
40356
40364
57949
61682
40355
40356
40366
40368
57950
40369
61684
40361
40362
40363
40364
40371
57949
40361
40363
40550
40361
40362
40367
40362
40363
40374
40552
40368
57950
40370
40376
40377
40554
40368
40369
40370
40369
40370
40368
40369
40368
40370
40375
40376
40377
40375
40376
40375
40377
40565
40376
40377
40566
40567
40380
40381
40471
40380
40574
61686
40382
61687
40382
40476
40386
61688
40398
40386
40387
40401
40389
61689
40389
40405
40389
64400
61690
40392
40395
40392
40396
40397
40393
40399
40395
40396
40400
40410
40395
40396
40411
40414
40402
40415
40399
40402
64390
40399
40403
40400
40402
40403
40404
40402
40403
40405
64391
40407
64392
40408
40407
40408
40409
40410
40407
40408
64393
40407
40409
40412
40417
64394
40415
64396
40416
40419
40414
40415
40416
40414
40415
40415
40416
40427
64397
40414
40416
40428
61691
64398
40431
40419
40420
40427
40466
40420
40467
61692
64399
40431
40432
40469
61694
40424
40424
40425
40429
40471
40425
40472
40586
61693
40430
40432
40473
61694
40430
40431
40432
40431
40432
40475
40430
40431
40430
40432
40476
40477
40437
40438
40439
40450
40457
40458
40438
40439
40451
40467
64399
40437
40438
40468
40437
40439
40459
64400
40462
40454
40470
40455
40463
40442
40443
40457
40458
40442
40443
40460
40997
59815
40462
40464
41000
40447
40448
40449
40450
40458
40448
40449
40606
61762
40447
40448
40453
40455
40463
40456
40607
40464
61763
40454
40455
40456
61695
40454
40455
40479
40454
40456
40481
40611
61696
40455
40456
40612
40483
40613
61697
61695
40462
40463
40464
40462
40463
40462
40464
41013
40463
40464
41015
40469
40470
40478
40469
40475
64394
40469
40470
40479
40470
64395
40477
40482
40483
40473
40476
40473
40474
40480
40665
40477
40482
40484
40667
40477
64397
40477
40482
40483
40484
40482
40483
61692
40482
40484
40672
61693
40483
40484
40673
61694
40674
40487
40494
40546
40570
40487
40500
40571
64401
40499
40502
40572
40491
40491
40492
40496
40574
40492
40501
40575
40587
40497
40499
40502
40576
40497
40498
40499
40498
40499
40564
40577
40497
40498
40565
40497
40499
40578
40568
40579
40502
40580
64404
40502
40581
61711
40583
40505
40545
61701
40505
40546
40570
61704
40548
61703
61706
40508
40512
40545
40508
61707
64402
40515
61709
40511
40513
40511
61708
64528
40515
61709
40515
40557
40515
40559
40520
40521
40522
40530
40537
40521
40522
40531
40571
64401
40520
40521
40520
40522
40538
64402
40541
40534
40573
40535
40542
64403
40527
40528
40529
40530
40537
40528
40529
40635
44476
57951
40527
40528
40533
40636
40527
40529
40540
44477
40535
40542
40536
40638
40543
44479
40534
40535
40536
40534
40535
40580
64404
40534
40536
40582
40643
40535
40536
40644
64405
40584
64406
40645
40541
40542
40543
40541
40542
64407
40541
40543
44488
40542
40543
44489
64408
44491
40547
40548
40556
40563
40548
40557
40547
40548
40564
40568
40561
40569
40553
40554
40555
40556
40563
40553
40554
40553
40555
40558
61698
40554
40555
40566
61699
40560
40567
40561
40569
61700
40560
40561
40562
40561
40562
61701
40560
40561
61702
40560
40562
61703
40567
40568
40569
40568
40569
61704
40567
40568
40567
40569
61705
61706
40572
40577
40572
40573
40580
40579
40583
40584
40576
40578
40576
40581
40666
40579
40583
40579
61704
40579
61686
40583
40584
40583
40585
40679
40584
40585
40680
40681
40588
40665
61710
40588
40666
61711
40669
61712
40592
40593
40609
40616
61713
40593
40610
40657
40592
40593
40617
40659
59818
40619
59819
61714
40614
40620
40661
40598
40599
40600
40616
61713
40599
40600
41016
40598
40599
40618
40598
40600
41017
40619
61714
40621
41019
61715
40603
40604
40609
40616
40603
40604
40611
61696
61719
40613
61697
40614
40620
61720
40607
40608
40609
61713
40607
40608
61764
40613
61715
40613
40614
40615
40614
40615
40671
40613
40614
40673
40613
40615
40676
40619
40620
40621
40619
40620
61722
40619
40621
61723
40625
40626
40627
40641
40648
40652
40626
40627
40642
40658
40625
40626
40649
40659
59818
40650
40654
59820
40646
40651
40662
40647
40632
40633
40648
40652
57952
40633
44554
40632
40632
40633
40653
44555
40650
40654
40655
44558
57955
40638
40639
40640
40641
40652
57952
40638
40640
44561
57953
40638
40639
40644
40639
40640
40645
57954
40647
40655
44562
57955
40645
40646
40647
61716
40646
40647
40678
40645
40646
40680
40645
40647
61717
40683
61718
40650
40651
61716
40650
40651
61722
61718
61724
40654
40655
40654
40655
59822
62386
59823
62388
40660
40661
40662
40670
40677
61721
40660
40661
40671
40660
40662
40678
40661
40662
61722
40675
40682
40676
61723
40683
61724
40667
40668
40669
40670
40677
40667
40668
40667
40669
40672
40668
40669
40679
40674
40681
40675
40682
40674
40675
40676
40675
40676
40674
40675
61710
40674
40676
61719
61720
40681
40682
40683
40682
40683
40681
40682
61711
40681
40683
61712
40687
61725
40699
40687
40688
40702
40690
61726
40690
40706
40690
64418
61727
40693
40696
40693
40697
40698
40694
40700
40696
40697
40701
40711
40696
40697
40712
40715
40703
40716
40700
40703
64409
40700
40704
40701
40703
40704
40705
40703
40704
40706
64410
40708
64411
40709
40708
40709
40710
40711
40708
40709
64412
40708
40710
40713
40718
64413
40716
64415
40717
40720
40715
40716
40717
40715
40716
40716
40717
40728
64416
40715
40717
40729
61728
64417
40732
40720
40721
40728
40767
40721
40769
61729
64419
40732
40733
40770
61731
40725
40725
40726
40730
40772
40726
40773
40887
61730
40731
40733
40774
61731
40731
40732
40733
40732
40733
40776
40731
40732
40731
40733
40777
40778
40738
40739
40740
40751
40758
40759
40738
40740
40752
64418
40738
40739
40768
40739
40740
40760
40769
64419
40755
40763
40771
40757
40764
40743
40744
40751
40758
40743
40744
40753
59828
40755
40756
40748
40749
40750
40751
40759
40748
40750
40907
60505
40749
40750
40762
40756
60506
40757
40764
40765
40908
40755
40756
40757
40755
40757
40755
40756
40756
40757
61732
40763
40764
40765
61732
40763
40764
40780
40763
40765
40782
40918
61733
40764
40765
40919
40784
40920
61734
40770
40771
40779
40770
40776
64413
40771
64414
40770
40771
40780
40778
40783
40784
40774
40777
40774
40775
40781
40966
40778
40783
40785
40968
40778
64416
40778
40783
40784
40785
40783
40784
61729
40783
40785
40973
61730
40784
40785
40974
61731
40975
40788
40795
40846
40871
40788
40801
40872
64421
40800
40803
40873
40792
40792
40793
40797
40875
40793
40802
40876
40888
40798
40800
40803
40877
40798
40799
40800
40799
40800
40858
40878
40798
40799
40859
40798
40800
40879
40862
40880
40803
40881
64425
40803
40882
61748
40884
40806
40846
40871
61738
40806
40847
61741
40849
61740
61743
40809
61744
64420
40809
40813
40847
40816
61746
40812
61745
64281
40812
40814
40816
61746
40816
40865
40816
40867
40821
40822
40823
40831
40838
40821
40823
40832
64420
40821
40822
40822
40823
40839
40872
64421
40835
40842
40874
40837
40843
64422
40828
40829
40830
40831
40838
40828
40830
40936
57956
40828
40829
40834
40829
40830
40841
40937
40836
40837
40843
40844
40939
40835
40836
40837
40835
40837
64423
40835
40836
40836
40837
64424
40842
40843
40844
40842
40843
40881
64425
40842
40844
40883
40948
40843
40844
40949
64426
40885
64427
40950
40848
40849
40857
40864
40848
40849
40858
40849
40865
40862
40863
40869
40854
40855
40856
40857
40864
40854
40855
40854
40856
40860
61735
40855
40856
40866
61736
40861
40868
40863
40869
61737
40861
40862
40863
40862
40863
61738
40861
40862
40861
40863
61739
61740
40868
40869
40870
40869
40870
61741
40868
40869
61742
40868
40870
61743
40873
40878
40873
40874
40881
40880
40884
40885
40877
40879
40877
40882
40967
40880
40884
40880
61738
40880
60503
40884
40885
40884
40886
40980
40885
40886
40981
40982
40889
40966
61747
40889
40967
61748
40970
61749
40893
40894
40910
40916
61750
40893
40894
40911
40958
59831
40894
40917
40959
40913
59832
61751
40915
40921
40962
40899
40900
40901
40910
61750
40900
40901
41928
40899
40900
40912
40899
40901
41929
40913
61751
40914
41931
61752
40904
40905
40910
40916
40904
40905
40918
61733
61756
40920
61734
40915
40921
61757
40908
40909
40916
61750
40908
40909
61888
40920
61752
40913
40914
40915
40913
40915
61759
40913
40914
61760
40920
40921
40922
40921
40922
40972
40920
40921
40974
40920
40922
40977
40926
40927
40928
40942
40946
40953
40926
40927
40943
40958
59831
40927
40928
40947
40960
40944
40955
59833
40945
40951
40963
40952
40933
40934
40942
40953
57957
40934
44877
40933
40933
40934
40954
44878
40944
40955
40956
44881
57960
40939
40940
40941
40946
40953
57957
40939
40941
44884
57958
40939
40940
40949
40940
40941
40950
57959
40952
40956
44886
57960
40944
40945
61753
40944
40945
61759
61755
61761
40950
40951
40952
61753
40951
40952
40979
40950
40951
40981
40950
40952
61754
40984
61755
40955
40956
40955
40956
59835
62443
59836
62445
40961
40962
40963
40971
40978
61758
40962
40963
61759
40961
40962
40972
40961
40963
40979
40976
40983
40977
61760
40984
61761
40968
40969
40970
40971
40978
40968
40969
40968
40970
40973
40969
40970
40980
40975
40982
40976
40983
40975
40976
40977
40976
40977
40975
40976
61747
40975
40977
61756
61757
40982
40983
40984
40983
40984
40982
40983
61748
40982
40984
61749
40989
57961
40988
40988
40989
40990
40992
40993
57962
40992
40993
40993
64429
40998
40999
41000
41006
41012
40999
41000
40998
40999
41008
40998
41000
41013
41010
41014
41011
64241
41015
41004
41005
41006
41004
41005
61765
65280
41004
41009
64428
65281
41011
65284
41010
41011
41010
41010
41011
65629
41011
64430
65630
65632
41014
41015
41014
41015
61763
41019
41020
41204
41019
64182
41020
41205
61768
64183
41207
61769
41023
41026
57963
41023
41027
61770
61781
41024
61771
41026
41027
41028
41026
41027
41029
61783
41032
57964
41033
61772
61784
41032
41033
41034
41032
41033
41068
41033
41034
41069
61773
65355
41032
41034
61775
65356
61776
41070
61774
41037
41041
41131
57965
41037
41040
41042
61785
41038
41043
57966
41040
41041
41044
41046
41040
41041
41047
41134
41045
41050
61786
41052
41135
57967
41043
41045
41054
41044
41045
41059
61778
41050
41051
41052
41050
41052
41073
41144
41050
41051
41074
41119
61777
41051
41052
41120
41145
61779
41075
61778
41122
41146
61780
41055
41058
61770
61781
41055
41059
61785
41056
41058
41059
41060
61782
41058
41059
41061
41064
61772
61784
41065
61786
41064
41065
41066
41067
41072
41064
41065
41064
41066
41069
41078
61773
41065
41066
41074
41079
61777
41070
61774
41075
61778
41071
41076
41080
41070
41071
61782
41070
61783
41070
41071
41098
61784
41101
41075
41076
41075
41075
41076
41104
61786
41106
41080
41081
41082
41097
41103
41108
41080
41081
41098
64431
41080
41082
41104
61788
41101
41106
41102
41111
41107
41112
41087
41088
41089
41097
41108
57968
41087
41089
41282
41087
41088
41099
64239
65668
41088
41089
41109
41283
65669
41100
41102
41111
65671
41113
41285
57969
41094
41095
41096
41103
41108
57968
41095
41096
41289
41094
41095
41105
41115
61790
41094
41096
41110
41116
41290
41107
41112
41117
41113
41292
57969
41100
41101
41102
61787
41101
41102
65355
41100
41102
64240
65357
65359
41106
41107
61787
41106
41107
41119
41107
41121
61791
41123
41111
41112
41113
41111
41113
41112
41113
61805
61806
41118
41171
41117
41118
41121
41172
41117
61807
41123
41124
41174
41122
41123
61788
41122
41124
41186
41123
41124
41187
41188
41126
41130
41933
41127
41129
41130
41148
41129
41130
41149
41935
59841
41152
41154
41937
41132
41135
58855
41133
58856
41135
41143
41135
41144
41146
41140
41141
41142
41143
41148
41140
41142
41140
41141
41145
41165
61779
41141
41142
41151
41166
41146
61780
41147
41153
41168
41154
41146
41147
41146
41146
41147
41186
41189
61789
41152
41153
41154
41152
41154
41938
59842
41152
41153
41197
41153
41154
41198
41939
41200
61789
41941
41159
41357
41950
41158
41179
41358
41158
41159
41161
41180
41951
41162
41181
41163
41952
41163
41956
59843
41162
41163
41199
41957
41201
41959
41167
41168
41169
41184
41196
57970
41167
41168
41186
41168
41169
41198
41188
57971
41189
41200
41202
41174
41175
41176
41184
41191
57970
41174
41176
41397
41174
41175
41187
61790
41175
41176
41192
41398
41188
57971
41190
41195
41400
57972
41181
41182
41183
41191
41196
57970
41182
41183
41404
41181
41182
41193
41405
41181
41183
41199
61900
41194
41201
41195
41407
57972
41202
41188
41189
41190
61792
41189
41190
41188
41189
41188
41190
61791
61793
41194
41195
61792
41195
41410
41194
41195
41411
41412
41200
41201
41202
61792
41200
41201
41200
41202
41201
41202
61901
61793
41206
41207
41215
41207
41206
41207
41217
41219
41220
41212
41213
41214
41215
41212
41213
61765
65280
41212
41214
41259
65282
41213
41214
41218
41260
61766
65285
41220
61767
41221
41262
61796
41219
41220
41221
41219
41221
41271
61794
41219
41220
61768
41220
41221
41272
61769
41273
61795
41226
41227
41228
41232
41239
41226
41228
41233
41226
41227
41245
61799
41227
41228
41240
41246
64432
41236
61800
41242
41249
61801
41238
41243
64433
41231
41235
54330
60606
41231
41241
54331
41238
41243
54333
41236
41237
41238
41236
41238
41236
41237
61797
41237
41238
64436
61798
64437
41242
41243
41242
41243
41276
65360
41243
65362
41279
65363
41247
41248
41249
41264
41270
41275
41248
41249
41271
61794
41247
41249
41276
41268
41278
41269
41273
61795
41274
41279
41254
41255
41256
41264
41275
41254
41256
41254
41255
41265
65754
41255
41256
41277
64438
65755
41267
41268
41278
65756
41280
41261
41262
41264
41270
41261
41261
41262
41266
41262
41272
41267
41269
41273
41270
41275
41267
41268
41269
41267
41268
41267
41269
61796
41273
41274
41273
41274
61799
41273
61801
41278
41279
41280
41278
41279
65672
41278
41280
64439
65673
65675
41285
41286
41287
41301
57975
61804
41285
41286
65753
41285
41287
41286
41287
41303
64438
65755
57976
61806
41305
57977
65757
41306
41292
41293
41294
41308
57975
61804
41292
41294
41292
41293
61805
61807
41293
41294
41310
41344
61808
57976
61806
41312
41314
41345
57978
41298
41299
41300
41301
41308
57975
41298
41299
41304
41317
41299
41300
41311
41318
41305
57977
41307
41313
41320
41314
57978
41305
41306
41307
61802
41306
41307
41305
41306
64439
65673
41305
41307
41333
65674
65676
41336
61803
41312
41313
41314
61802
41312
41313
41338
41312
41314
41348
61809
41313
41314
41339
41349
41341
61803
41350
41319
41320
41321
41332
41337
41319
41321
41319
41320
41333
64434
41320
41321
41339
41335
64435
41336
41341
41342
61824
41325
41326
41332
41325
41326
54329
64555
41325
41334
54331
41335
54334
41330
41331
41337
41330
41331
41427
64557
41330
41340
41428
41342
41430
41335
41336
41335
41336
65361
41335
65362
65364
41341
41342
41341
41341
41342
41435
41342
41436
41437
41346
41398
41345
41346
41348
41399
41350
41351
41402
41351
41416
41434
61810
41350
41351
41417
41350
41435
41419
41355
41962
57979
61828
41354
41355
41365
41963
41367
41369
41965
57981
41360
41361
41362
41363
41360
41362
41967
57980
41360
41361
41405
41361
41362
41366
41406
41968
41368
41408
61813
41369
41969
57981
41367
41368
41369
41367
41368
41422
61811
41367
41369
41971
41368
41369
41423
41424
61812
41972
41374
41375
41376
41377
41382
41375
41376
41378
41391
61822
41374
41375
41392
61819
41374
41376
41383
41386
61820
41380
41395
61821
41381
41387
61823
41380
41381
41380
41381
41416
41434
41381
41436
61816
41420
41439
61818
41386
41387
41388
41386
41387
61825
41386
41388
61814
65424
41387
41388
61817
61826
65425
61815
61818
61827
65427
41393
41394
41395
41409
41415
41421
41393
41394
41393
41395
41416
61810
41394
41395
41422
61811
41413
41419
41414
41424
61812
41420
41425
41400
41401
41402
41409
41415
57982
41400
41401
41400
41402
41410
41401
41402
41417
61808
41412
57983
41418
41413
41419
41407
41408
41409
41421
57982
41407
41407
41408
41411
41408
41423
41412
57983
41414
41424
41412
41413
41414
41412
41413
41412
41414
61813
41418
41419
41420
41419
41420
41418
41419
61809
41424
41425
41424
41425
61819
41424
61821
41430
41431
41432
41433
41430
41432
45061
41430
41431
41436
61816
41431
41432
45062
61817
61826
41437
41439
61818
61827
45064
41437
41438
41439
41438
41439
61822
41437
41438
41437
41439
61824
61823
41441
41444
41442
41444
41457
41444
41458
64193
41462
41446
41449
41587
58865
41447
41449
41464
41449
41465
41591
41468
41592
41454
41455
41456
41457
41464
41454
41456
41454
41455
41460
41472
41455
41456
41466
41473
61840
41462
41463
41467
41475
41468
61841
41461
41462
41463
41461
41462
64194
41461
41463
41492
41462
41463
41493
41496
41467
41468
41468
41595
41467
41468
41500
41597
41502
41598
41470
41491
41498
41505
41496
41502
41474
41475
41476
41491
41498
57986
41474
41475
41493
41475
41476
41500
41495
41496
41502
41504
57987
41481
41482
41483
41498
41505
57986
41482
41483
41739
65682
41481
41482
41501
64440
65683
41481
41483
41740
41503
41504
57987
65685
41508
41742
57988
41488
41489
41490
41491
41505
57986
41488
41490
41746
41488
41489
41494
64242
65368
41489
41490
41506
41747
65369
41495
41497
41507
65371
41508
41749
57988
41495
41496
41497
41496
41497
65677
41495
41496
64243
41495
41497
64244
65679
65681
41502
41503
41504
41502
41503
41502
41504
65374
41503
41504
64441
65375
65376
41507
41508
41507
41508
41754
41755
41510
41514
41511
41513
41514
41527
41513
41514
41528
59846
41531
41532
41516
41519
41601
58873
41517
58874
41519
41534
41519
41535
41605
41538
41606
41524
41525
41526
41527
41534
41524
41526
41524
41525
41530
41549
41525
41526
41536
41550
61844
41532
41533
41537
41552
41538
61845
41531
41532
41533
41531
41532
59847
41531
41533
41569
41532
41533
41570
41573
61830
41537
41538
41538
41613
41537
41538
41577
41615
41579
61830
41616
41542
41783
41542
41543
41545
41563
41543
41564
41784
41546
41547
41566
41546
59848
41546
41547
41571
41574
41551
41552
41553
41568
41575
57989
41551
41552
41570
41552
41553
41577
41572
41573
41579
41581
57990
41558
41559
41560
41575
41582
57989
41559
41560
41680
41823
41558
41559
41578
41681
61831
41558
41560
41583
41824
41580
41581
41683
57990
41586
41826
57991
41565
41566
41567
41568
41582
57989
41565
41567
41830
41565
41566
41571
60544
41566
41567
41584
41831
41572
41574
41585
41586
41833
57991
41572
41573
41574
61833
41573
41574
41572
41573
41572
41574
60545
61834
41579
41580
41581
61833
41579
41580
41579
41581
41686
41580
41581
41687
61832
61834
41688
41585
41586
61833
41586
41836
41585
41586
41837
41838
41589
41592
57992
41589
41593
61835
61846
41590
61836
41592
41593
41594
41592
41593
41595
61848
41598
57993
41599
61837
61849
41598
41599
41600
41598
41599
41634
41599
41600
41635
61838
65373
41598
41600
61840
65374
61841
41636
61839
41603
41606
57994
41603
41607
41608
61850
41604
41609
57995
41606
41607
41610
41612
41606
41607
41613
41616
57996
41611
41617
61851
41609
41611
41620
41610
41611
41625
61843
41616
41617
41618
41616
41617
41639
41617
41618
41640
41685
61842
41616
41618
41686
61844
61845
41641
61843
41689
41621
41624
61835
61846
41621
41625
61850
41622
41624
41625
41626
61847
41624
41625
41627
41630
61837
61849
41631
61851
41630
41631
41632
41633
41638
41630
41631
41630
41632
41635
41644
61838
41631
41632
41640
41645
61842
41636
61839
41641
61843
41637
41642
41646
41636
41637
61847
41636
61848
41636
41637
41664
61849
41667
41641
41642
41641
41641
41642
41670
61851
41672
41646
41647
41648
41663
41669
41674
41646
41647
41664
64443
41646
41648
41670
61853
41667
41672
41668
41677
41673
41678
41653
41654
41655
41663
41674
57997
41653
41655
41867
41653
41654
41665
64440
65683
41654
41655
41675
41868
65684
41666
41668
41677
65686
41679
41870
57998
41660
41661
41662
41669
41674
57997
41660
41662
41874
41660
41661
41671
41681
61831
41661
41662
41676
41682
41875
41673
41678
41684
41679
41877
57998
41666
41667
41668
61852
41667
41668
65373
41666
41668
64441
65375
65377
41672
41673
61852
41672
41673
41685
41673
41687
61832
41690
41677
41678
41679
41677
41679
41678
41679
61883
61884
41683
41683
41684
41687
41684
61885
41688
41690
41689
41690
61853
41688
41689
41688
41690
41694
41695
41703
41695
41928
41694
41695
41705
41930
41707
41709
41932
41700
41701
41702
41703
41700
41702
61889
65367
41700
41701
41747
65369
41701
41702
41706
41748
61890
65372
41708
41750
61856
41709
61891
41707
41708
41709
41707
41708
41765
61854
41707
41709
61892
41708
41709
41766
41767
61855
61893
41714
41715
41716
41720
41725
41715
41716
41721
41733
64444
41714
41715
41734
61859
41714
41716
41726
41729
61860
41723
41737
61861
41724
41730
64445
41719
41722
54337
41719
41728
54338
62576
41724
41730
54339
41723
41724
41723
41724
41759
65378
41724
65380
41762
65381
41729
41730
41731
41729
41730
41729
41731
45528
61857
41730
41731
45529
64448
61858
64449
45531
41735
41736
41737
41752
41758
41764
41735
41737
41759
41736
41737
41765
61854
41756
41761
41757
41767
61855
41762
41768
41742
41743
41744
41752
41758
41742
41744
41742
41743
41753
65759
41743
41744
41760
64450
65760
41755
41756
41761
65761
41763
41749
41750
41752
41764
41749
41749
41750
41754
41750
41766
41755
41757
41767
41758
41764
41755
41756
41757
41755
41756
41755
41757
61856
41761
41762
41763
41761
41762
65687
41761
41763
64451
65688
65690
41767
41768
41767
41768
61859
41767
61861
41771
41824
41771
41772
41774
41825
41876
41776
41827
41777
41878
41776
41842
41860
61862
41776
41777
41843
41895
41777
41861
41896
41844
41897
41781
42596
58001
61829
41780
41781
41791
42597
41793
41795
42599
58003
41786
41787
41788
41789
41786
41788
42601
58002
41786
41787
41831
41787
41788
41792
41832
42602
41794
41834
61865
41795
42604
58003
41793
41794
41795
41793
41794
41848
61863
41793
41795
42605
41794
41795
41849
41850
61864
42606
41800
41801
41802
41803
41808
41801
41802
41804
41817
61874
41800
41801
41818
61871
41800
41802
41809
41812
61872
41806
41821
61873
41807
41813
61875
41806
41807
41806
41807
41842
41860
41807
41862
61868
41845
41864
61870
41812
41813
41814
41812
41813
61877
41812
41814
61866
65435
41813
41814
61869
61878
65436
61867
61870
61879
65438
41819
41820
41821
41835
41841
41847
41819
41820
41819
41821
41842
61862
41820
41821
41848
61863
41839
41844
41840
41850
61864
41845
41851
41826
41827
41828
41835
41841
58004
41826
41828
41826
41827
41836
41827
41828
41843
61886
41838
58005
41839
41844
41846
41833
41834
41835
41847
58004
41833
41833
41834
41837
41834
41849
41838
58005
41840
41850
41838
41839
41840
41838
41839
41838
41840
61865
41844
41845
41846
41844
41845
41844
41846
61887
41850
41851
41850
41851
61871
41850
61873
41856
41857
41858
41859
41857
41858
41913
45670
41856
41857
41862
41914
61868
41856
41858
45671
61869
61878
41864
61870
61879
41865
41915
45673
41863
41864
41865
41863
41864
61874
41863
41865
41924
41864
41865
41925
61875
41926
61876
41870
41871
41872
41886
58006
61882
41870
41871
65758
41870
41872
41871
41872
41888
64450
65760
58007
61884
41890
58008
65762
41891
41877
41878
41879
41893
58006
61882
41877
41878
41877
41879
61883
61885
41878
41879
41895
61886
58007
61884
41897
58009
41898
41883
41884
41885
41886
41893
58006
41883
41885
41889
41902
41884
41885
41896
41903
41890
58008
41897
58009
41892
41899
41906
41890
41891
41892
61880
41891
41892
41890
41891
64451
65688
41890
41892
41918
65689
65691
41921
61881
41897
41898
41899
61880
41898
41899
41923
41897
41898
61887
41897
41899
41924
41927
61881
41904
41905
41906
41917
41922
41904
41905
41904
41906
41918
64446
41905
41906
41924
41920
64447
41926
61876
41921
41927
41910
41911
41917
41910
41911
54336
64588
41910
41919
54337
41920
54340
41915
41916
41922
41915
41916
64590
41915
41925
41926
41920
41921
41920
41921
65379
41920
65380
65382
41926
41927
41927
41926
41927
41926
41931
41932
41931
64197
41932
61892
64198
61893
41937
58010
41936
41936
41937
41938
41940
41941
41940
41941
41941
41946
41947
41948
41954
61896
41947
41948
41946
41947
61897
41946
41948
41956
41958
61898
61899
41959
41952
41953
41954
41952
41953
41967
41952
41957
61900
41959
41970
41958
41959
41960
41958
41960
41958
41959
41959
41960
61901
41965
41966
41965
41966
42102
41965
41971
64201
41966
42104
64202
41972
42107
41969
41970
41969
41972
41972
64204
41974
41976
58951
41975
41985
58952
41976
41986
41997
42000
41979
41983
41979
41982
41984
42013
41980
41985
41982
41983
41986
42002
41982
41983
41987
42004
42016
41985
41987
42017
41986
41987
41988
41991
42021
41991
41992
41997
42002
41992
41998
42069
41991
41992
42003
42025
42070
42004
42027
42001
42005
42072
41995
41996
41997
42002
41995
41996
41999
61909
42000
42001
42005
61911
42000
42001
42001
42083
42000
42001
42084
42087
42004
42005
42004
42005
42037
61915
42038
61916
42008
42011
58011
42008
42012
42009
42018
58012
42011
42012
42019
42029
58013
42011
42012
42030
42033
58014
42020
42034
42014
42016
42017
42015
42018
58012
42016
42019
42036
58013
42021
42038
42018
42021
42019
42020
42021
42022
42026
42027
42026
42027
42028
42029
42036
42026
42027
42026
42028
42031
42041
42027
42028
42037
42042
42034
42038
42035
42039
42044
42033
42034
42035
61902
42033
42034
42034
42035
42055
42033
42035
42056
61903
42059
61904
42038
42039
61902
42038
42039
61905
61904
61906
42044
42045
42046
42054
42061
42044
42045
42055
42044
42046
42070
61905
42045
42046
42062
42071
42059
61906
42060
42065
42066
42073
61907
42051
42052
42053
42054
42061
42051
42053
42051
42052
42057
64452
42052
42053
42063
42195
64453
42058
42060
42065
64454
42067
42197
42058
42059
42060
42059
42060
42058
42059
42058
42060
64455
64456
42065
42066
42067
42065
42066
42090
42065
42067
42201
64457
42066
42067
42091
42202
64458
42093
42203
42072
42073
42074
42082
42089
61914
42072
42074
42083
42072
42073
61915
42073
42074
42090
42087
61916
42093
61917
42088
42094
42079
42080
42081
42082
42089
58015
42079
42081
42269
42079
42080
42085
42080
42081
42092
42270
42086
58016
42088
42094
42095
42272
42086
42087
42088
61908
42087
42088
42086
42087
61909
42086
42088
61910
61911
42093
42094
42095
61912
42093
42094
42093
42095
42277
42094
42095
42278
61913
42279
42099
42100
42112
42119
61922
42100
42113
42164
42099
42100
42120
42165
59858
42122
59859
61923
42117
42124
42168
42105
42106
42107
42119
61922
42106
42107
61828
42105
42106
42121
42105
42107
42122
61923
42123
42110
42111
42112
42119
42110
42111
42114
60516
42116
60517
42117
42124
61924
42116
42117
42118
61918
42117
42118
42178
42116
42117
42180
42116
42118
61920
42183
42122
42123
42124
42122
42124
61925
42122
42123
61926
42129
42130
42131
42147
42152
42156
42129
42131
42129
42130
42153
42165
59858
42130
42131
42157
42166
42149
42154
59860
42155
42160
42169
42151
42161
42135
42136
42147
42152
58017
42135
42136
42148
42135
42149
42154
42150
58019
42138
42139
42152
42156
58017
42155
42160
42162
58020
42144
42145
42146
42147
42156
58017
42144
42146
42220
58018
42144
42145
42145
42146
42159
42221
42150
58019
42151
42161
42162
42223
58020
42149
42150
42151
42149
42150
59861
60615
59862
60617
42154
42155
42154
42155
61925
61927
42160
42161
42162
42160
42161
42185
42160
42162
42187
42228
42161
42162
42229
42189
42230
42167
42168
42169
42177
42184
42167
42168
42178
42168
42169
61925
42167
42169
42185
42182
42188
42183
61926
42189
61927
42174
42175
42176
42177
42184
42174
42176
42174
42175
42179
64459
42175
42176
42186
42251
64460
42181
42182
42188
64461
42190
42252
42181
42182
42183
42182
42183
42181
42182
64462
42181
42183
64463
61924
42188
42189
42190
42188
42189
42188
42190
42256
64464
42189
42190
42257
64465
42258
42193
42194
42200
42246
42262
42193
42247
42289
61928
42204
42248
61930
42205
42265
42197
42198
42201
42250
42198
42251
61929
64460
42203
42204
42253
61930
42203
42204
42205
42204
42205
42276
61943
42203
42204
61944
42203
42205
42277
61945
42280
42208
42246
42262
61934
42208
42209
42264
42211
42266
61936
42211
42283
42211
42284
42418
61932
42286
61933
42216
42217
42218
42226
42233
42216
42217
42217
42218
42227
42247
42289
42216
42218
42234
42290
42237
42231
42249
42232
42238
42291
42223
42224
42225
42226
42233
42223
42225
45924
58021
42223
42224
42229
42224
42225
42236
45926
42230
58022
42232
42238
42239
45928
58023
42230
42231
42232
42231
42232
42255
61946
42230
42231
42257
42230
42232
42260
61947
42237
42238
42239
42237
42238
61948
42237
42239
45941
42238
42239
45942
61949
45944
42242
42243
42264
42242
42290
61940
42245
61942
42245
42283
42245
42452
61937
61939
42248
61943
42248
42249
42255
42259
61945
42260
42253
61944
64453
42252
42253
42256
42258
42259
61945
42258
42259
42260
42259
42260
61928
42258
42259
61929
42258
42260
61930
42265
42266
42267
42275
42282
42265
42266
42276
42265
42267
42266
42267
42283
42280
42281
42286
42287
42272
42273
42274
42275
42282
42272
42274
42477
42272
42273
42278
61931
42273
42274
42284
42479
61932
42279
42281
42286
61933
42288
42481
42279
42280
42281
42280
42281
61934
42279
42280
42279
42281
61935
61936
42286
42287
42288
42286
42287
42286
42288
42492
42287
42288
42493
42494
42291
61946
42291
61948
61947
61949
42294
42313
42294
42295
42317
42297
42318
42297
42321
42297
42322
42380
61950
42324
61951
42301
61952
42302
42314
42301
42302
42303
42317
42305
61953
42319
42305
42321
42305
61962
61954
42308
42311
58024
42308
42312
42313
42309
42315
58025
42311
42312
42316
42327
42311
42312
42328
42331
58026
42318
42332
42315
42318
42315
42319
42316
42318
42319
42320
42318
42319
42321
42324
42325
42324
42325
42326
42327
42324
42325
42324
42326
42329
42334
42325
42326
42332
42333
42336
42331
42332
42333
42331
42332
42332
42333
42343
61950
42331
42333
42344
61951
42347
42336
42337
42343
42380
42337
42382
61955
61963
42347
42348
42383
61957
42340
42341
42345
42385
42341
42386
61956
64466
42346
42348
42387
61957
42346
42347
42348
42347
42348
42389
42346
42347
42346
42348
42390
42391
42353
42354
42355
42367
42373
61961
42353
42355
42368
61962
42353
42354
42381
42354
42355
42374
42382
61963
42370
42377
42384
42372
42378
42359
42360
42367
61961
42360
42359
42360
42369
59863
42370
59865
42371
42364
42365
42366
42367
42373
42364
42366
60538
61988
42365
42366
42376
42371
60539
42372
42378
42379
61989
42370
42371
42372
42370
42372
42370
42371
60541
60543
42377
42378
42379
61958
42377
42378
42393
61964
42377
42379
42395
42524
61959
42378
42379
42525
42397
42526
61960
42383
42389
42384
42383
42384
42393
42391
42396
42397
42387
42390
64245
42387
42388
42394
42576
42391
42396
42398
42578
42391
61950
42391
64248
42396
42397
42398
42396
42397
61955
42396
42398
42583
61956
42397
42398
42584
61957
42585
42401
42402
42408
42454
42470
42401
42455
42498
61965
42412
42456
61967
42413
42473
42405
42406
42409
42458
42406
42459
61966
64467
42411
42412
42460
61967
42411
42412
42413
42412
42413
42484
61980
42411
42412
61981
42411
42413
42485
61982
42488
42416
42454
42470
61971
42416
42417
42471
42419
42474
61973
42419
42491
42419
42492
61969
42495
61970
42424
42425
42426
42434
42441
42424
42426
42435
42497
42424
42425
42425
42426
42442
42455
42498
42438
42445
42457
42440
42446
42499
42431
42432
42433
42434
42441
42431
42433
42545
58027
42431
42432
42437
42432
42433
42444
42546
42439
58028
42440
42446
42447
42548
58029
42438
42439
42440
42438
42440
61983
42438
42439
42439
42440
61984
42445
42446
42447
42445
42446
42463
61985
42445
42447
42465
42557
42446
42447
42558
42467
61986
42559
42450
42497
61977
42450
42451
42471
42453
61979
42453
42491
42453
61975
61976
42456
61980
42456
42457
42463
42466
61982
42467
42460
61981
64246
42460
42461
42464
42577
42466
61982
42468
42579
42466
42467
42468
42466
42467
61965
42466
42468
42590
61966
42467
42468
42591
61967
42592
42473
42474
42475
42483
42490
42473
42474
42484
42474
42475
42491
42473
42475
42488
42489
42495
42496
42480
42481
42482
42483
42490
42480
42481
42480
42482
42486
61968
42481
42482
42492
61969
42487
42494
42489
42495
61970
42487
42488
42489
42488
42489
61971
42487
42488
42487
42489
61972
61973
42494
42495
42496
42495
42496
42494
42495
42494
42496
42499
61983
42499
61985
61984
61986
42503
42504
42516
42522
61991
42503
42504
42517
42568
59867
42504
42523
42569
42519
59868
61992
42521
42527
42572
42509
42510
42511
42516
61991
42510
42511
42596
61829
42509
42510
42518
42509
42511
42598
42519
61992
42520
42600
42514
42515
42516
42522
42514
42515
42524
61959
42526
61960
42521
42527
61993
42519
42520
42521
42519
42521
61994
42519
42520
61995
42526
42527
42528
61987
42527
42528
42582
42526
42527
42584
42526
42528
61989
42587
42533
42534
42535
42551
42555
42562
42533
42534
42552
42568
59867
42534
42535
42556
42570
42533
42535
42553
42564
59869
42554
42560
42573
42561
42565
42539
42540
42551
42562
58030
42539
42539
42540
42563
46067
42553
42564
42566
46070
58033
42542
42543
42551
42555
58030
42559
58032
42554
42560
42548
42549
42550
42555
42562
58030
42548
42550
46073
58031
42548
42549
42558
42549
42550
42559
58032
42561
42565
42566
46075
58033
42553
42554
42553
42554
61994
61996
42559
42560
42561
42560
42561
42589
42559
42560
42591
42559
42561
42594
42564
42565
42566
42564
42566
59870
62675
59871
62677
42571
42572
42573
42581
42588
42572
42573
61994
42571
42572
42582
42571
42573
42589
42586
42593
42587
61995
42594
61996
42578
42579
42580
42581
42588
42578
42579
42578
42580
42583
64466
42579
42580
42590
64467
42585
42592
42586
42593
64468
42585
42586
42587
42586
42587
42585
42586
64469
42585
42587
64470
61993
42592
42593
42594
42593
42594
42592
42593
64471
42592
42594
64472
42599
42600
42599
42600
42599
42605
64206
42600
64207
42606
42603
42604
42604
42606
42606
64209
42611
42612
42613
42625
61999
42612
42613
42611
42612
42627
42611
42613
62000
42629
62001
42630
62002
42616
42617
61999
62003
42616
42617
42664
62002
42668
62006
42622
42623
42624
42625
62003
42622
42624
42622
42623
42628
42638
42623
42624
42639
42671
62004
42630
42631
42641
62005
42672
62006
42629
42630
42631
61997
42629
42631
42650
42629
42630
42630
42631
42651
42654
61998
42650
42635
62007
42635
42652
62010
62008
62011
42640
42641
42642
42649
42640
42642
42721
42640
42641
42651
42641
42642
42722
62012
42653
42654
62013
42723
62014
42646
42647
42648
42649
42646
42648
42740
42646
42647
42652
62010
42653
42655
42742
42653
42654
42655
42654
42655
42653
42654
42653
42655
60552
60553
42660
42661
42662
42674
42681
62016
42660
42661
42675
42661
42662
42660
42662
42717
62017
42678
62018
42680
42684
42685
42718
62019
42667
42668
42669
42674
42681
58034
42667
42668
58035
42667
42669
42677
42668
42669
42679
58036
42683
58037
42680
42684
42672
42673
42681
58034
62016
42672
42673
42682
42722
42683
58037
42685
42724
62019
42678
42679
42680
62015
42678
42680
42678
42679
42679
42680
42683
42684
42685
42683
42685
62004
62028
62006
62030
42690
42691
42692
42701
42705
42712
42691
42692
42690
42691
42706
42690
42692
42713
42717
42709
42714
42710
42703
42715
42719
42695
42696
42701
42705
42695
42696
42843
62038
42704
62039
42711
42844
42699
42700
42701
42712
42699
42700
42702
42728
42757
42703
42715
42729
42704
42759
42703
42704
42703
42704
42733
62042
42734
62043
42709
42710
42711
62020
42709
42710
42709
42711
42856
62021
42710
42711
42857
62022
42859
62023
42714
42715
62020
42714
42715
42737
59877
59878
62022
42739
42718
42719
42732
42736
62027
42718
42719
42737
42738
62030
42734
42739
42723
42724
42725
42736
62027
42723
42725
42723
42724
62028
62029
42738
62030
42729
42730
42731
42732
42736
42730
42731
42785
42729
42730
42733
42786
42734
42739
42735
42788
42734
42735
62024
42734
42735
62047
62026
62048
42738
42739
42738
42739
62017
62019
42742
42743
43476
42743
43478
62031
62032
43479
62034
42746
42747
42792
43481
42747
43482
62033
64476
42795
43483
62034
42752
42753
42754
42762
62045
42753
42754
42939
42752
42753
42940
42752
42754
42764
42766
42943
62046
42768
42759
42760
42761
42762
62041
42759
42761
42759
42760
42786
62042
42760
42761
42765
42787
62043
42767
42789
62044
42768
42766
42767
42768
62035
42766
42767
42799
42766
42768
42767
42768
42800
42802
62036
42772
43491
46179
42771
42772
42779
43492
42781
42783
43493
42776
43494
64475
42775
42776
42780
42794
43495
42782
42796
42783
43496
42781
42782
42783
42781
42782
42799
42781
42783
62177
42782
42783
42801
62178
42803
62179
42788
42789
42790
42798
42788
42790
42788
42789
62047
42789
42790
42800
62048
42802
62049
42804
42795
42796
42797
42798
42795
42797
62180
42795
42796
42796
42797
42801
62181
42803
42804
62182
42802
42803
42804
42802
42803
42802
42804
42803
42804
62183
42809
42810
42811
42823
42830
62051
42809
42811
42866
62052
42809
42810
42824
42810
42811
42827
62053
42829
42832
42833
42867
62054
42816
42817
42818
42823
42830
58040
42816
42818
42897
58041
42816
42817
42826
42817
42818
42828
58042
42829
42832
42834
42899
58043
42821
42822
42830
58040
62051
42821
42822
42831
42871
42902
42833
42873
62054
42834
42904
58043
42827
42828
42829
62050
42827
42829
42827
42828
42828
42829
42832
42833
42834
42833
42834
62063
62073
62064
62074
42839
42840
42841
42850
42854
42861
42839
42841
42851
42866
42839
42840
42855
42840
42841
42852
42858
42860
42853
42863
42868
42844
42845
42854
42861
42844
42845
62087
42859
42864
62089
42848
42849
42850
42861
42848
42849
42862
42877
42947
42853
42863
42879
42864
42949
42852
42853
62055
42852
42853
42882
59881
59882
62057
42884
42858
42859
42860
62055
42858
42860
42858
42859
62056
42859
42860
62057
62058
42863
42864
42863
42864
42886
62093
42887
62094
42867
42868
42881
42885
62062
42867
42868
42882
42883
62064
42884
42887
42872
42873
42874
42881
62062
42872
42874
42919
42873
42874
42920
62063
42883
62064
42922
62065
42878
42879
42880
42881
42885
42878
42880
42975
42879
42880
42886
42976
42884
42887
42888
42978
42883
42884
42883
42884
62052
62054
42887
42888
62059
42887
42888
62096
62061
62097
42893
42894
42895
42907
62068
42894
42895
42893
42894
62069
42893
42895
42909
42911
62070
62071
42913
42898
42899
62068
62072
42898
42899
62071
62074
42904
42905
42906
42907
62072
42904
42906
42904
42905
42920
62073
42905
42906
42910
42921
62074
42912
42923
62075
42913
42911
42912
42913
62066
42911
42912
42932
42911
42913
42912
42913
42933
42935
62067
42932
42917
43512
62076
42917
42934
43513
62079
43515
62077
62080
42922
42923
42924
42931
42922
42924
42922
42923
62081
42923
42924
42933
62082
42935
62083
42937
42928
42929
42930
42931
42929
42930
42995
43516
42928
42930
42934
43517
62079
42936
42997
42937
43518
42935
42936
42937
42935
42936
42935
42937
42936
42937
62190
62191
42942
42943
42944
42952
62090
42943
42944
42942
42943
42942
42944
42954
42956
62091
42958
42949
42950
42951
42952
62092
42949
42951
42949
42950
42976
62093
42950
42951
42955
42977
62094
42957
42979
62095
42958
42956
42957
42958
62084
42956
42957
42989
42956
42958
42957
42958
42990
42992
62085
42962
43519
46182
42961
42962
42969
43520
42971
42973
43521
42966
43522
64482
42965
42966
42970
42984
43523
42972
42985
42973
43524
42971
42972
42973
42971
42972
42989
42971
42973
62192
42972
42973
42991
62193
42993
62194
42978
42979
42980
42988
42978
42980
42978
42979
62096
42979
42980
42990
62097
42992
62098
42994
42985
42986
42987
42988
42986
42987
42999
62195
42985
42986
42985
42987
42991
62196
42993
43001
42994
62197
42992
42993
42994
42992
42993
42992
42994
42993
42994
62198
42997
42998
43575
42998
43576
62099
62100
43578
62102
43001
43002
43580
43002
43581
62101
64483
43582
62102
43007
43008
43009
43016
43022
62109
43007
43008
43017
43060
64490
43007
43009
43062
43008
43009
43023
64491
64493
43020
43063
62110
43021
43026
43027
43013
43014
43015
43016
62109
43013
43015
62125
65286
43013
43014
43018
43067
65287
43019
65289
43020
43069
62110
43019
43020
43021
62103
43020
43021
43078
43019
43020
43079
62104
43082
43026
43027
43028
62103
62106
43026
43027
64492
64495
43026
43028
43217
43027
43028
43218
62107
64496
64498
43219
62105
62108
43033
43034
43035
43047
43053
62111
43033
43035
43048
43033
43034
43034
43035
43054
64491
64493
43050
62112
43056
43052
43057
64494
43039
43040
43047
62111
43040
43039
43040
43049
43050
62112
43051
43044
43045
43046
43047
43053
43044
43046
43228
60547
43045
43046
43055
43229
43051
60548
43052
43057
43058
43231
43050
43051
43052
43050
43052
43050
43051
60550
60551
43056
43057
43058
43056
43057
64492
64495
43057
43058
43236
64497
64499
43237
43063
43064
43077
43084
43063
43064
43078
65692
43064
43085
64489
65693
43063
43082
43083
43088
65696
43068
43069
43077
43068
65291
43068
43069
43079
65292
43081
65294
43082
43074
43075
43076
43077
43084
43074
43075
64252
43074
43076
43080
43075
43076
43086
64487
43081
64253
43087
43083
43088
64488
43081
43082
43083
43082
43083
43081
43082
64256
43081
43083
64257
43087
43088
43088
65385
43087
43088
61503
65387
65390
43093
43094
43095
43103
43109
62118
43093
43094
43104
43161
43190
43093
43095
43163
43094
43095
43110
43191
62123
43107
43164
62119
43108
43113
43192
43114
43100
43101
43102
43103
62118
43100
43102
62125
65286
43100
43101
43105
43168
65288
43101
43102
43106
65290
43107
43170
62119
43106
43107
43108
62113
43107
43108
43179
43106
43107
43180
43183
43113
43114
43115
62113
62115
43113
43114
43193
43194
43113
43115
43325
43114
43115
43195
43326
62116
43327
62114
62117
43120
43161
43190
43119
43120
43122
43162
43119
43125
43127
43165
43125
43126
43127
43125
43127
43186
43125
43126
43126
43127
43187
62120
43189
62121
43162
43133
43134
43135
43148
43154
43133
43135
43149
43133
43134
43134
43135
43155
43191
62123
43151
62122
43157
43153
43158
62124
43139
43140
43148
58046
43140
43139
43140
43150
43151
62122
43152
58048
43145
43146
43147
43148
43154
58046
43145
43147
43336
58047
60565
43145
43146
43146
43147
43156
43337
43152
58048
60566
43153
43158
43159
43339
58049
43151
43152
43153
43151
43153
43151
43152
60568
60569
43157
43158
43159
43157
43158
43193
43194
43158
43159
43196
43344
43197
43345
43164
43165
43178
43185
43164
43165
43179
43165
43186
43164
43183
43184
43189
43169
43170
43178
43169
65291
43169
43170
43180
65293
43182
65295
43183
43175
43176
43177
43178
43185
43175
43176
54315
64254
43175
43177
43181
43176
43177
43187
54317
62120
43182
64255
43188
54320
43184
43189
62121
43182
43183
43184
43183
43184
43182
43183
43182
43184
64258
43188
43189
43189
43188
43189
64346
43192
43192
43193
43197
62123
43391
43197
43392
62124
43201
43202
43215
43221
43201
43216
43276
43201
43202
43222
43277
62142
43220
43224
43279
43225
62143
43206
43207
43208
43215
43221
43206
43208
43206
43207
43218
62107
43219
62108
43220
43224
43226
43212
43213
43214
43221
43212
43214
62126
65391
43213
43214
43223
43290
65392
43225
43291
43226
65394
43219
43220
62127
43220
43283
43219
43219
43220
43284
62128
43286
43224
43225
43226
43224
43225
43301
62138
43225
43226
43302
62139
43304
43231
43232
43233
43234
43239
43231
43233
43438
58052
43231
43232
43236
62136
43232
43233
43242
43439
43237
58053
43238
43244
62137
43245
43441
58054
43237
43238
43238
43283
62129
43237
43238
43285
43287
62131
43243
43244
43245
43243
43244
62130
62140
43243
43245
43451
43244
43245
43452
62131
62141
43454
62132
43250
43251
43252
43263
43268
62133
43251
43252
43277
62134
62142
43250
43251
43264
43278
59895
43250
43252
43269
43266
43272
59896
43267
43281
43273
62135
62144
43257
43258
43263
43268
43258
46186
43257
43265
43475
43257
43258
43270
46188
43266
43272
43274
46191
43261
43262
43268
62133
43261
43262
43271
43296
46193
43273
43297
62135
43274
46195
43266
43267
43266
43267
62140
43266
43272
43273
43274
43272
43273
43272
43274
62719
43273
43274
62145
62720
62146
62722
43279
43280
43281
43282
43279
43280
43283
62129
43279
43281
62138
43280
43281
62130
62140
43286
62139
43287
62131
62141
43286
43287
43286
43287
43286
64496
43287
62136
64497
62137
43291
43292
43300
43292
43418
43291
43292
43302
43419
43304
43306
43421
58056
43297
43298
43299
43300
43298
43299
58055
62162
43297
43298
43303
43297
43299
62145
43305
62146
43306
58056
62163
43304
43305
43306
43304
43305
62134
62142
43304
43306
43424
43305
43306
62143
62135
62144
43425
43310
43311
43323
43329
43310
43324
43384
43310
43311
43330
43385
43395
43328
43332
43387
43333
43396
43315
43316
43317
43323
43329
43315
43317
43315
43316
43326
62116
43327
62117
43328
43332
43334
43321
43322
43329
43322
62126
65391
43321
43322
43331
43400
65393
43333
43401
43334
65395
43327
43328
62147
43328
43390
43327
43327
43328
43391
62148
43393
43332
43333
43334
43332
43333
43411
62156
43333
43334
43412
43414
43339
43340
43341
43342
43347
43339
43341
44138
58057
43339
43340
43344
62154
43340
43341
43350
44139
43345
43346
43352
62155
43353
44141
58058
43345
43346
43346
43390
62149
43345
43346
43392
43394
62151
43351
43352
43353
43351
43352
62150
62157
43351
43353
44152
43352
43353
44153
62158
62151
62159
44155
43358
43359
43360
43371
43376
43359
43360
43385
43395
62152
43358
43359
43372
43386
64210
43358
43360
43377
43374
43380
64211
43375
43389
43381
43397
62153
43365
43366
43371
43376
43366
46245
43365
43373
64520
43365
43366
43378
46247
43374
43380
43382
46250
43369
43370
43376
43369
43370
43379
43406
46252
43381
43407
62153
43382
46254
43374
43375
43374
43375
62157
43374
64521
43380
43381
43382
43380
43381
43380
43382
46264
43381
43382
46265
62160
62161
46267
43387
43388
43389
43387
43388
43390
62149
43387
43389
62156
43388
43389
62150
62157
43393
43394
62151
62159
43393
43394
43393
43394
62154
62155
43396
43397
43411
43414
43415
62161
43401
43402
43410
43402
43418
43401
43402
43412
43420
43414
43416
43422
58060
43407
43408
43409
43410
43408
43409
58059
62164
65456
43407
43408
43413
43407
43409
62160
65457
43415
62161
43416
58060
62165
65459
43414
43415
43416
43414
43415
62152
43414
43416
62166
43415
43416
62153
62167
43421
43422
43423
43421
43422
43421
43423
43424
65392
43422
43423
62166
65393
43425
62167
43425
62163
43428
43429
43442
43449
43428
43429
43451
59898
43446
43453
59899
43454
62132
43434
43435
43436
43442
62171
43434
43435
43434
43436
43477
43435
43436
43445
43478
62031
62172
43447
43448
43480
43440
43441
43449
62171
43440
43441
60547
43441
43452
60549
62172
43454
43446
43447
43448
62168
43446
43448
43485
62169
43446
43447
43447
43448
43486
62170
43489
43453
43454
62168
43453
43453
43454
43454
62170
43459
43460
43461
43468
43460
43461
43459
43460
62174
43459
43461
43470
43472
62175
62176
43473
43465
43466
43467
43468
43465
43467
43494
64475
43465
43466
43471
43482
64476
43473
64477
43474
43472
43473
43474
43472
43474
43485
43472
43473
43473
43474
43487
64478
62173
64479
43490
43479
58061
43480
43479
43480
43486
43488
58063
43489
43483
58062
62180
43483
43487
43488
58063
43488
43489
43490
43489
43490
43488
43489
62032
43488
43490
62033
62034
43493
46514
43493
62177
62179
43496
43496
62178
62181
62179
43501
43502
43503
43511
43502
43503
43501
43502
62188
43501
43503
43512
62076
43514
62189
43515
62077
43508
43509
43510
43511
43508
43510
43530
62078
43508
43509
43513
43517
62079
43509
43510
43532
43515
62080
43534
43514
43515
43514
43515
43515
62190
43518
43575
43518
62190
62191
43521
43521
62192
62194
43524
43562
43524
62193
62196
62194
43527
43528
43541
43548
43527
43528
43550
59912
43545
43552
59913
43553
62226
43533
43534
43535
43541
62202
43533
43534
43533
43535
43544
43576
62099
43534
43535
43577
43546
62203
43547
43579
43539
43540
43548
62202
43539
43540
43729
62185
43540
43551
43731
62187
62203
43553
43733
43545
43546
43547
62199
43545
43547
43584
62200
43545
43546
43546
43547
43585
62201
43588
43552
43553
62199
43552
43552
43553
43742
43553
43743
62201
43745
43558
43559
43560
43567
43559
43560
46778
43558
43559
43569
43558
43560
46779
62205
43571
62206
43572
46781
62207
43564
43565
43566
43567
43564
43565
64482
43564
43566
43570
43581
64483
43572
64484
43573
43571
43572
43573
43571
43573
43584
43571
43572
43572
43573
43586
64485
62204
64486
43589
43757
43578
58066
43578
43579
43585
43579
43587
58068
43588
43582
58067
62195
43582
43586
43587
58068
43587
43588
43589
43588
43589
43587
43588
62100
43587
43589
62101
62102
43594
43595
43596
43604
43610
62214
43594
43595
43605
43663
43691
43594
43596
43664
43595
43596
43611
43692
62219
43608
43665
62215
43609
43614
43693
43615
43601
43602
43603
43604
62214
43601
43602
62208
65396
43601
43603
43606
43669
65398
43602
43603
43607
65400
43608
43671
62215
43607
43608
43609
62209
43608
43609
43685
43607
43608
43686
43689
43614
43615
43616
62209
62211
43614
43615
43694
43695
43614
43616
43835
43615
43616
43696
43836
62212
43837
62210
62213
43620
43621
43623
43662
43621
43663
43691
43620
43626
43628
43666
43626
43627
43628
43626
43628
43680
43626
43627
43627
43628
43681
62216
43683
62217
43662
43634
43635
43636
43649
43655
43635
43636
43650
43692
62219
43634
43635
43634
43636
43656
43658
62218
43652
43653
43659
62220
43640
43641
43655
58073
43641
44211
43640
43641
43657
44213
43658
62218
43660
44216
58076
43646
43647
43648
43649
43655
58073
43647
43648
43846
58074
62315
43646
43647
43651
43847
43646
43648
43653
43659
43654
43849
58075
43660
58076
62316
43652
43653
43654
43652
43653
43694
43695
43653
43654
43697
43854
43698
43855
43658
43659
43660
43658
43659
43658
43660
62318
62319
43665
43666
43679
43684
43666
43680
43665
43666
43685
43665
43689
43683
43690
43670
43671
43684
43670
65401
43670
43671
43686
65403
43688
65405
43689
43676
43677
43678
43679
43684
43676
43677
54322
64502
43676
43678
43681
54324
62216
43677
43678
43687
43682
54327
43688
64503
43683
43690
62217
43682
43683
43683
43682
43683
64358
43688
43689
43690
43689
43690
43688
43689
43688
43690
64506
43693
43693
43694
43698
62219
43901
43698
43902
62220
43702
43703
43716
43722
43702
43717
43777
43702
43703
43723
43779
62236
43721
43725
43780
43726
62237
43707
43708
43709
43716
43722
43707
43709
43707
43708
43719
60558
43720
60559
43721
43725
43727
43713
43714
43715
43722
43714
43715
62241
65407
43713
43715
43724
43791
65408
43726
43792
43727
65410
43720
43721
62221
43721
43784
43720
43720
43721
43785
62222
43787
43725
43726
43727
43725
43726
43802
62234
43726
43727
43803
62235
43805
43732
43733
43734
43735
43740
43732
43733
58077
43732
43734
43737
62230
43733
43734
43743
43738
58078
43745
58079
43739
43746
62231
43738
43739
43739
43784
62223
43738
43739
43786
43788
62225
43744
43745
43746
43744
43746
62224
62232
43744
43745
43745
43746
62226
62225
62233
43751
43752
43753
43764
43771
62227
43751
43753
43765
43751
43752
43772
43778
59920
43752
43753
43779
62228
62236
43768
43774
59921
43775
43782
43770
62229
62238
43758
43759
43764
43771
43759
43758
43759
43766
43758
43773
43768
43774
43769
43762
43763
43764
62227
43762
43763
43767
43796
43769
43770
43799
62229
43768
43769
43770
43768
43770
43768
43769
60682
43769
43770
60683
62239
60686
62240
43774
43775
43774
43775
62232
43774
43780
43781
43782
43783
43780
43781
43784
62223
43781
43782
62224
62232
43780
43782
62234
43787
62235
43788
62225
62233
43787
43788
43787
43788
43787
64268
43788
62230
64269
62231
43792
43793
43801
43793
43809
43792
43793
43803
43810
43805
43807
43812
58081
43798
43799
43800
43801
43798
43800
58080
62242
43798
43799
62239
43799
43800
43804
43806
62240
43807
58081
62243
43805
43806
43807
43805
43806
62228
62236
43805
43807
43815
43806
43807
62237
62229
62238
43816
43812
43813
43814
43812
43814
43909
43812
43813
43815
65408
43813
43814
43910
62246
65409
43816
43911
62247
43816
62243
43820
43821
43833
43839
43820
43834
43894
43820
43821
43840
43895
43905
43838
43843
43897
43844
43906
43825
43826
43827
43833
43839
43825
43826
43825
43827
43836
62212
43837
62213
43842
43838
43843
43831
43832
43839
43831
62241
65407
43831
43832
43841
43910
65409
43842
65411
43844
43912
43837
43838
62248
43838
43900
43837
43837
43838
43901
62249
43903
43842
43843
43844
43843
43844
43921
62257
43842
43844
43922
43925
43849
43850
43851
43852
43857
43849
43851
44241
58083
43849
43850
43854
62255
43850
43851
43860
44242
43855
43856
43862
62256
43863
44243
58084
43855
43856
43856
43900
62250
43855
43856
43902
43904
62252
43861
43862
43863
43861
43862
62251
62258
43861
43863
44254
43862
43863
44255
62259
62252
62260
44257
43868
43869
43870
43881
43886
43869
43870
43895
43905
62253
43868
43869
43882
43896
64212
43868
43870
43887
43884
43890
64213
43885
43899
43891
43907
62254
43875
43876
43881
43886
43876
47127
43875
43883
64522
43875
43876
43888
47128
43884
43890
43892
47131
43879
43880
43886
43879
43880
43889
43916
47134
43891
43918
62254
43892
47136
43884
43885
43884
43885
62258
43884
64523
43890
43891
43892
43890
43891
43890
43892
47139
43891
43892
47140
62261
62262
47142
43897
43898
43899
43897
43898
43900
62250
43897
43899
62257
43898
43899
62251
62258
43903
43904
62252
62260
43903
43904
43903
43904
62255
62256
43906
43907
43921
43925
43926
62262
43911
43912
43920
43911
43911
43912
43922
43924
58086
43925
43917
43918
43919
43920
43917
43919
58085
62244
65474
43917
43918
43923
43918
43919
62261
65475
43924
58086
62245
43926
62262
65477
43924
43925
43926
43925
43926
62253
43924
43925
62246
43924
43926
62247
62254
43931
43932
43933
43944
62264
43932
43933
43931
43932
43946
43931
43933
62265
43948
62266
43949
62267
43936
43937
43951
62264
43936
43937
43982
62267
43954
43986
43941
43942
43943
43944
43951
43941
43942
43947
43957
43942
43943
43952
43958
43989
43949
43950
43953
43960
43954
43990
43948
43949
43950
62263
43948
43950
43968
43948
43949
43949
43950
43969
43972
43953
43954
62263
43953
43954
44001
62268
62269
44002
43959
43960
43961
43967
43959
43961
44040
43959
43960
43969
43960
43961
44041
62268
43971
43972
62269
44042
62270
43965
43966
43967
43965
43966
44059
43965
43970
64510
43971
43971
43972
43973
43972
43973
64512
43971
43972
60570
43971
43973
60571
64514
60572
43978
43979
43980
43992
43999
62273
43978
43979
43993
43979
43980
43978
43980
44036
62274
43996
62275
43998
44003
44004
44037
62276
43985
43986
43987
43992
43999
43985
43986
43985
43987
43995
43986
43987
44000
43997
44002
43998
44003
43990
43991
43999
62273
43990
43991
44001
44041
44002
44004
44043
62276
43996
43997
43998
62271
43996
43998
43996
43997
43997
43998
62272
44002
44003
44004
44002
44003
44002
44004
44052
44054
44008
44009
44010
44020
44024
44028
44008
44009
44025
44036
44008
44010
44029
44026
44032
44022
44027
44038
44033
44013
44014
44020
44024
44013
44014
44021
44047
44075
44022
44027
44048
44023
44077
44018
44019
44020
44028
44018
44019
44081
44506
44019
44031
44507
44023
44082
44034
44508
44022
44023
44022
44023
62286
62298
62287
62299
44026
44027
62277
44026
44027
44056
59925
59927
62279
44058
44032
44033
44034
62277
44032
44033
44032
44034
44520
62278
44033
44034
44521
62279
44523
62280
44037
44038
44051
44055
62285
44037
44038
44056
44054
44057
44058
62287
44042
44043
44044
44051
44055
44042
44044
44042
44043
44052
44053
44054
44057
44048
44049
44050
44055
62285
44049
44050
44109
44048
44049
44110
62286
44058
62287
44112
62288
44053
44054
62281
44053
44054
62268
62270
62283
44057
44058
44057
44058
62274
62276
44061
44185
44061
44187
62293
64519
44188
62295
44064
44065
44116
44190
44065
44191
62290
62294
44119
44192
62295
44070
44071
44072
44084
62301
44071
44072
44601
44070
44071
44086
44070
44072
44602
62302
44088
44090
44605
62303
44077
44078
44079
44084
62297
44077
44079
44077
44078
44110
62298
44078
44079
44087
44111
62299
44089
44113
62300
44090
44082
44083
62297
62301
44082
44083
44608
62299
44609
62303
44088
44089
44090
62296
44088
44089
44123
44088
44090
44089
44090
44124
44126
44094
44201
47331
44093
44094
44103
44202
44105
44107
44203
44099
44100
44101
44100
44204
62289
44099
44117
44099
44100
44104
44118
44205
44106
44120
44107
44206
44105
44106
44107
44105
44106
44123
44105
44107
44207
44106
44107
44125
44208
44127
44209
44112
44113
44114
44122
44112
44114
44112
44113
62305
44113
44114
44124
62306
44126
62307
44128
44119
44120
44121
44122
44119
44121
62311
44119
44120
44120
44121
44125
62312
44127
44128
44126
44127
44128
44126
44127
44126
44128
44127
44128
62313
44131
44149
44150
44156
44131
44157
44154
44160
44134
44135
44136
44150
44156
44134
44135
44152
59929
44154
44160
59930
44155
44161
44140
44141
44149
44150
44140
44141
60565
44141
44153
60567
44155
44146
44147
44148
44149
44156
44146
44147
44146
44148
44186
44147
44148
44159
44187
64519
44161
44162
44189
44154
44155
44154
44154
44155
44155
44160
44161
44162
44160
44162
44195
44160
44161
44161
44162
44196
44199
44181
62309
44168
44169
44170
44177
44169
44170
44168
44169
62308
44168
44170
44179
44181
62309
62310
44182
44174
44175
44176
44177
44174
44176
44204
62289
44174
44175
44180
44191
62290
44182
62291
44183
44193
44181
44182
44183
44181
44183
44195
44181
44182
44182
44183
44197
62292
44200
44188
44189
44194
44188
58089
44189
44188
44189
44196
44198
58091
44199
44192
58090
62311
44192
44193
44197
44198
58091
44200
44198
44199
44200
44199
44200
44198
44199
62293
44198
44200
62294
62295
44203
47335
44203
44207
59932
44209
44206
44206
44208
62312
44209
44209
59934
44209
62313
44214
44215
44216
44224
44215
44216
44214
44215
44225
64272
44214
44216
62318
44227
44228
64273
62319
44221
44222
44223
44224
44221
44223
44246
64274
44221
44222
44226
44230
64275
44222
44223
44247
44228
64276
44249
44227
44228
44227
44228
64278
44228
62321
64279
64280
44231
44288
58093
44231
62321
58094
62322
44234
44252
44258
44259
44234
44260
44256
44263
44237
44238
44239
44252
44259
44237
44238
44254
59937
44256
44263
59938
44257
44265
44243
44244
44252
44258
44243
44244
62315
44243
44255
44257
62317
44249
44250
44251
44258
44259
44249
44251
44249
44250
44289
44250
44251
44262
44290
64527
44264
44291
44265
44256
44257
44256
44256
44257
44257
44263
44264
44265
44263
44264
44298
44263
44265
44264
44265
44299
44301
44284
62324
44271
44272
44273
44280
44272
44273
47603
44271
44272
44282
44271
44273
47604
62323
44284
62324
44286
47607
62325
44277
44278
44279
44280
44278
44279
44307
62347
44277
44279
44283
44294
62348
44285
44295
44286
62349
44284
44285
44286
44284
44285
44298
44284
44286
44285
44286
44300
62350
44302
44291
44292
44297
44292
44398
58095
44291
44291
44292
44299
44399
44301
44303
44400
58097
44296
44401
58096
62326
44295
44296
44300
44402
44302
44303
44403
58097
44301
44302
44303
44301
44302
44301
44303
62351
44302
44303
62352
62353
44306
44430
47682
44306
44310
44431
59940
44312
44433
44309
44435
44309
44311
44436
62327
44312
44438
44312
44442
59942
44312
44443
62328
44445
44317
44318
44319
44331
44337
62331
44318
44319
44317
44318
44338
44317
44319
44375
62332
44341
62333
44335
44343
44336
44376
62334
44324
44325
44326
44331
44337
44324
44325
44324
44326
44332
44325
44326
44340
44334
44342
44335
44343
44329
44330
44331
62331
44329
44330
44333
44380
44334
44336
44383
62334
44334
44335
44336
44334
44335
44334
44336
44391
44393
44341
44342
44343
62329
44341
44343
44341
44342
44342
44343
62330
44347
44348
44349
44359
44366
44370
44347
44349
44360
44347
44348
44367
44375
44363
44368
44369
44372
44377
44365
44352
44353
44366
44370
44352
44353
44371
44386
44415
44369
44372
44388
44373
44417
44357
44358
44359
44370
44357
44358
44420
44357
44362
44364
44373
44421
44363
44364
44365
62335
44363
44365
44363
44364
62336
44364
44365
62337
62338
44368
44369
62335
44368
44369
44395
59947
59949
62337
44397
44372
44373
44372
44373
62344
62356
62345
62357
44376
44377
44390
44394
62343
44376
44377
44395
44393
44396
44397
62345
44381
44382
44383
44390
44394
44381
44382
44381
44383
44391
44392
44393
44396
44387
44388
44389
44394
62343
44387
44389
44448
44388
44389
44450
62344
44397
62345
44452
62346
44392
44393
62339
44392
44393
60578
60580
62341
44396
44397
44396
44397
62332
62334
44400
44400
62351
64527
62353
44403
44404
44455
44403
62348
62352
62353
44459
44409
44410
44411
44423
62359
44410
44411
44924
44409
44410
44425
44409
44411
44925
62360
44427
44428
44928
62361
44416
44417
44418
44423
62355
44416
44417
44416
44418
44426
44449
44417
44418
44450
62356
44428
62357
44429
44453
62358
44421
44422
62355
62359
44421
44422
44931
62357
44933
62361
44427
44428
44429
62354
44427
44429
44462
44427
44428
44428
44429
44463
44466
44433
47944
44432
44433
44442
44444
44445
44438
44439
44440
44438
62347
44438
44439
44443
44456
44439
44457
44445
44446
44460
44444
44445
44446
44444
44446
44462
44444
44445
44445
44446
44464
44467
44451
44452
44453
44461
44451
44452
44451
44453
44463
44452
44453
62363
44465
62364
44466
62365
44458
44459
44460
44461
44458
44459
62326
44458
44460
44464
62327
44459
44460
44465
44467
44465
44466
44467
44466
44467
44465
44466
44465
44467
62328
44472
44473
44474
44486
44493
62368
44472
44474
44530
62369
44472
44473
44487
44473
44474
44490
62370
44492
44496
44497
44531
62371
44479
44480
44481
44486
44493
44479
44481
44561
44479
44480
44489
44480
44481
44494
44491
44492
44496
44498
44563
44484
44485
44493
62368
44484
44485
44495
44535
44565
44497
44537
62371
44498
44567
44490
44491
44492
62366
44490
44492
44490
44491
44491
44492
62367
44496
44497
44498
44496
44498
44497
44498
44550
44571
44551
44572
44502
44503
44504
44514
44518
44525
44502
44504
44515
44530
44502
44503
44519
44516
44522
44524
44517
44527
44532
44508
44509
44518
44525
44508
44509
44608
44508
44521
44523
44528
44610
44512
44513
44514
44525
44512
44513
44526
44541
44613
44517
44527
44543
44528
44615
44516
44517
62372
44516
44517
44546
59953
59955
62374
44548
44522
44523
44524
62372
44522
44524
44522
44523
62373
44523
44524
62374
62375
44527
44528
44527
44528
62381
62397
62382
62398
44531
44532
44545
44549
62380
44531
44532
44546
44547
44551
44548
62382
44536
44537
44538
44545
44549
44536
44538
44582
44537
44538
44550
44583
44547
44551
44552
44585
44542
44543
44544
44545
62380
44542
44544
44643
44543
44544
44644
62381
44548
62382
44646
62383
44547
44548
44547
44548
62369
62371
44551
44552
62376
44551
44552
62389
62378
62390
44557
44558
44559
44574
62385
44558
44559
44557
44558
62386
44557
44559
44576
44578
62387
62388
44580
44562
44563
44570
62385
44562
44563
62388
44572
44567
44568
44569
44570
44574
44567
44568
44571
44583
44568
44569
44577
44584
44572
44573
44579
44586
44580
44572
44573
62384
44572
44573
62389
62391
44578
44579
44580
62384
44578
44579
44594
44578
44580
44579
44580
44595
44597
44585
44586
44587
44593
44585
44587
44585
44586
62389
44586
44587
44595
62390
44597
62391
44599
44591
44592
44593
44591
44592
44663
44689
44592
44596
44690
64534
44599
44691
44597
44598
44599
44597
44598
64536
44597
44599
62417
44598
44599
62418
64538
62419
44604
44605
44606
44618
62393
44605
44606
44604
44605
62394
44604
44606
44620
44622
62395
44624
44609
44610
62393
62396
44609
44610
62395
62398
44615
44616
44617
44618
62396
44615
44617
44615
44616
44644
62397
44616
44617
44621
44645
62398
44623
44647
62399
44624
44622
44623
44624
62392
44622
44623
44657
44622
44624
44623
44624
44658
44660
44628
44692
47947
44627
44628
44637
44693
44639
44641
44694
44633
44634
44635
44634
44695
62404
44633
44651
44633
44634
44638
44652
44696
44640
44653
44641
44697
44639
44640
44641
44639
44640
44657
44639
44641
44698
44640
44641
44659
44699
44661
44700
44646
44647
44648
44656
44646
44648
44646
44647
62401
44647
44648
44658
62402
44660
62403
44662
44653
44654
44655
44656
44654
44655
44666
62420
44653
44654
44653
44655
44659
62421
44661
44668
44662
44660
44661
44662
44660
44661
44660
44662
44661
44662
62422
44665
44757
44665
44758
62408
64540
44760
62410
44668
44669
44762
44669
44763
62405
62409
44764
62410
44674
44675
44676
44684
44675
44676
44674
44675
62415
44674
44676
44685
64531
44687
62416
44688
64532
44681
44682
44683
44684
44681
44683
44710
64533
44681
44682
44686
44690
64534
44682
44683
44712
44688
64535
44714
44687
44688
44687
44688
64537
44688
62418
64538
64539
44691
44757
58102
44691
62418
58103
62419
44694
44694
44698
59957
44700
44697
44744
44697
44699
62421
44700
44700
59959
44700
62422
44703
44721
44728
44729
44703
44722
44725
44733
44706
44707
44708
44721
44729
44706
44708
44731
59962
44725
44733
59963
44726
44734
44713
44714
44715
44721
44728
44713
44714
44713
44715
44724
44758
64540
44714
44715
44759
44726
44727
44761
44719
44720
44728
44729
44719
44720
45108
62412
44720
44732
45110
62414
44734
45112
44725
44726
44727
44725
44727
44767
44725
44726
44726
44727
44768
44771
44733
44734
44733
44733
44734
45121
44734
45122
45124
44753
62424
44740
44741
44742
44749
44741
44742
47956
44740
44741
44751
44740
44742
47957
62423
44753
62424
44754
47959
62425
44746
44747
44748
44749
44746
44747
62404
44746
44748
44752
44763
62405
44754
62406
44755
44765
44753
44754
44755
44753
44755
44767
44753
44754
44754
44755
44769
62407
44772
44760
44761
44766
44760
58105
44760
44761
44768
44761
44770
58107
44771
44764
58106
62420
44764
44765
44769
44770
58107
44772
44770
44771
44772
44771
44772
44770
44771
62408
44770
44772
62409
62410
44777
44778
44779
44787
44778
44779
45541
44777
44778
44788
64545
44777
44779
45542
62430
44790
44791
64546
45544
62431
44784
44785
44786
44787
44785
44786
44813
64547
44784
44785
44814
44784
44786
44789
44793
64548
44816
44791
64549
44790
44791
44790
44791
64551
44791
62433
64552
64553
44794
44860
44912
58108
44794
44913
62433
44914
58109
62434
44797
44948
48229
44797
44801
44949
59965
44803
44951
44800
44847
44953
44800
44802
44954
62436
44803
44956
44803
44960
59967
44803
44961
62437
44963
44806
44824
44825
44832
44806
44826
44829
44836
44809
44810
44811
44825
44832
44809
44811
44834
59970
44829
44836
59971
44831
44837
44816
44817
44818
44824
44825
44816
44818
44816
44817
44861
44817
44818
44828
44862
64554
44830
44863
44831
44822
44823
44824
44832
44822
44823
45726
62427
44823
44835
45727
62428
44837
45729
44829
44830
44831
44829
44830
44870
44829
44831
44830
44831
44871
44873
44836
44837
44836
44836
44837
45734
44837
45735
45737
44856
62439
44843
44844
44845
44852
44844
44845
48303
44843
44844
44854
44843
44845
48304
62438
44856
62439
44858
48306
62440
44849
44850
44851
44852
44849
44851
62461
44850
44851
44855
44866
62462
44857
44867
44858
62463
44856
44857
44858
44856
44857
44870
44856
44858
44857
44858
44872
62464
44874
44863
44864
44869
44864
44986
58111
44863
44863
44864
44871
44987
44873
44875
44988
58113
44868
44989
58112
62435
44867
44868
44872
44990
44874
44875
44991
58113
44873
44874
44875
44873
44874
44873
44875
62465
44874
44875
62466
62467
44880
44881
44882
44897
62442
44881
44882
44880
44881
62443
44880
44882
44899
44901
62444
62445
44902
44885
44886
44893
62442
44885
44886
44895
62445
44890
44891
44892
44893
44897
44890
44892
44894
44906
44891
44892
44900
44907
44895
44902
44896
44903
44910
44895
44896
62441
44895
44896
62446
62448
44901
44902
44903
62441
44901
44903
44917
44901
44902
44902
44903
44918
44921
44908
44909
44910
44916
44908
44909
44908
44910
62446
44909
44910
44918
62447
44920
44921
62448
44914
44915
44916
44914
44915
44986
44914
44919
64548
44920
44920
44921
44922
44921
44922
64550
44920
44921
62432
44920
44922
62433
64552
62434
44927
44928
44929
44941
62454
44928
44929
44927
44928
62455
44927
44929
44943
44945
62456
44946
44932
44933
62450
62454
44932
44933
62452
62456
44938
44939
44940
44941
62450
44938
44939
44938
44940
44967
62451
44939
44940
44944
44968
62452
44946
44947
44971
62453
44945
44946
44947
62449
44945
44947
44980
44945
44946
44946
44947
44981
44984
44951
44950
44951
44960
44962
44963
44956
44957
44958
44956
62461
44956
44957
44961
44974
44957
44975
44963
44964
44977
44962
44963
44964
44962
44964
44980
44962
44963
44963
44964
44982
44985
44969
44970
44971
44979
44969
44970
44969
44971
62458
44970
44971
44981
62459
44983
44984
62460
44976
44977
44978
44979
44976
44978
44989
62435
44976
44977
44982
62436
44977
44978
44983
44985
44992
44983
44984
44985
44984
44985
44983
44984
44983
44985
62437
44988
44988
62465
64554
62467
44991
44992
44991
62462
62466
62467
44997
44998
44999
45006
45012
62475
44997
44998
45051
44997
44999
45007
45052
64572
44998
44999
45013
64565
64573
45010
45053
62476
45016
45011
45017
45003
45004
45005
45006
62475
45003
45004
62468
65412
45004
45005
45008
45057
65414
45009
65416
45010
45059
62476
45009
45010
45011
62472
45010
45011
45073
45009
45010
45074
62473
45077
45016
45017
45018
62469
62472
45016
45017
64567
64574
45016
45018
45217
62470
64568
45017
45018
45218
64570
45219
62471
62474
45023
45024
45025
45037
45043
62477
45024
45025
45038
64565
64573
45023
45024
45044
45023
45025
45046
62478
45040
45047
64566
45041
45029
45030
45043
62477
45030
45308
45029
45030
45045
45310
45046
62478
45048
45313
45034
45035
45036
45037
45043
45035
45036
45228
62522
45034
45035
45039
45229
45040
45047
45042
45231
45048
62523
45040
45041
45042
45040
45041
64567
64574
45040
45042
45236
64569
64571
45237
45046
45047
45048
45046
45047
45046
45048
62525
62526
45053
45054
45067
45072
45054
45068
64562
65697
45053
45053
45054
45073
65698
45077
45071
45078
65701
45058
45059
45072
45058
65417
45058
45059
45074
65419
45076
65421
45077
45064
45065
45066
45067
45072
45064
45065
64557
45064
45066
45069
64563
45065
45066
45075
45070
45076
64558
45071
45078
64564
45070
45071
45071
65423
45070
45071
61826
65425
65428
45076
45077
45078
45077
45078
45076
45077
64560
45076
45078
64561
45082
45083
45095
45101
45082
45096
45156
45082
45083
45102
45158
45167
45100
45104
45159
45105
45168
45087
45088
45089
45095
45101
45087
45089
45087
45088
45097
60600
45099
60601
45100
45104
45106
45093
45094
45101
45094
62500
65429
45093
45094
45103
45172
65430
45105
45173
45106
65432
45099
45100
62479
45100
45162
45099
45100
45163
45099
62480
45165
45104
45105
45106
45104
45105
45183
62491
45105
45106
45184
45186
45111
45112
45113
45114
45119
45111
45112
58120
45111
45113
45116
62486
45112
45113
45122
45117
45124
58121
45118
45125
62487
45117
45118
45118
45162
62481
45117
45118
45164
45166
62483
45123
45124
45125
45123
45125
62482
62488
45123
45124
45124
45125
62489
62483
62490
45130
45131
45132
45143
45150
45130
45132
45144
45130
45131
45151
45157
64214
45131
45132
45158
45167
62484
45147
45153
64215
45154
45161
45149
45169
62485
45137
45138
45143
45150
45138
45137
45138
45145
45137
45152
64541
45147
45153
45148
45141
45142
45143
45141
45142
45146
45177
45148
45149
45180
62485
45147
45148
45149
45147
45149
45147
45148
45148
45149
62492
62493
45153
45154
45153
45154
62488
45153
64542
45159
45160
45161
45159
45160
45162
62481
45160
45161
62482
62488
45159
45161
62491
45165
45166
62483
62490
45165
45166
45165
45166
62486
62487
45168
45169
45183
45186
45187
62493
45173
45174
45182
45174
45190
45173
45174
45184
45191
45186
45188
45193
58123
45179
45180
45181
45182
45179
45181
58122
62494
65303
45179
45180
62492
65304
45180
45181
45185
65307
45187
62493
45188
58123
62495
45186
45187
45188
45186
45187
62484
45186
45188
62498
45187
45188
62485
62499
45193
45194
45195
45193
45195
45289
45193
45194
62498
65430
45194
45195
45196
45290
65431
62499
45197
45291
45197
45302
45304
62497
45201
45202
45215
45221
45201
45216
45276
45201
45202
45222
45277
62516
45220
45225
45279
45226
62517
45206
45207
45208
45215
45221
45206
45207
45206
45208
45217
62470
45219
62471
45224
45220
45225
45212
45213
45214
45221
45212
45213
62500
65429
45212
45214
45223
45290
65431
45224
65433
45226
45292
45219
45220
62501
45220
45283
45219
45220
45284
45219
62502
45286
45224
45225
45226
45225
45226
45301
62512
45224
45226
45302
62513
45305
45231
45232
45233
45234
45239
45231
45233
45334
58125
45231
45232
45236
62510
45232
45233
45242
45335
45237
58126
45238
45244
62511
45245
45336
58127
45237
45238
45238
45283
62503
45237
45238
45285
45287
62505
45243
45244
45245
45243
45244
62504
62514
45243
45245
45347
45244
45245
45348
62505
62515
45350
62506
45250
45251
45252
45263
45268
62507
45251
45252
45277
62508
62516
45250
45251
45264
45278
59975
45250
45252
45269
45266
45272
59976
45267
45281
45273
62509
62518
45257
45258
45263
45268
45258
48640
45257
45265
45358
45257
45258
45270
48641
45266
45272
45274
48644
45261
45262
45268
62507
45261
45262
45271
45296
48647
45273
45298
62509
45274
48649
45266
45267
45266
45267
62514
45266
45272
45273
45274
45272
45273
45272
45274
63125
45273
45274
62519
63126
62520
63128
45279
45280
45281
45282
45279
45280
45283
62503
45279
45281
62512
45280
45281
62504
62514
45286
62513
45287
62505
62515
45286
45287
45286
45287
45286
64568
45287
62510
64569
62511
45291
45292
45300
45291
45291
45292
45302
45304
58129
45305
45297
45298
45299
45300
45297
45299
58128
62496
45297
45298
45303
45298
45299
62519
45304
58129
62497
45306
62520
45304
45305
45306
45305
45306
62508
62516
45304
45305
45304
45306
62517
62509
62518
45311
45312
45313
45321
45312
45313
45311
45312
45322
60622
45311
45313
62525
45324
45325
60623
62526
45318
45319
45320
45321
45318
45320
45339
60624
45318
45319
45323
45327
60625
45319
45320
45340
45325
60626
45342
45324
45325
45324
45325
45325
62527
45328
45379
45328
62527
62528
45331
45332
45345
45351
45331
45332
45347
59981
45349
45355
59982
45350
62506
45336
45337
45345
62532
45336
45337
62522
45336
45348
45350
62524
62533
45342
45343
45344
45351
62532
45342
45344
45342
45343
45380
45343
45344
45354
45381
62649
62533
45356
45382
45357
45349
45350
62529
45349
45349
45350
45350
62531
45355
45356
45357
62529
45355
45356
45388
62530
45355
45357
45356
45357
45389
62531
45391
45363
45364
45365
45372
45364
45365
48848
45363
45364
45374
45363
45365
48849
62535
45376
62536
45378
48852
62537
45369
45370
45371
45372
45370
45371
45397
64597
45369
45371
45375
45385
64598
45377
45378
64599
45376
45377
45378
45376
45377
45388
45376
45378
45377
45378
45390
64600
62534
45392
64601
45383
46000
58130
45382
45382
45383
45389
46001
45391
45393
46003
58132
45386
46004
58131
62541
45386
45390
46005
45393
46006
58132
45391
45392
45393
45391
45392
45391
45393
62650
45392
45393
62651
62652
45396
46029
48932
45396
46030
62538
46032
62540
45399
46033
45399
46034
62539
62542
46035
62540
45404
45405
45406
45414
45405
45406
45636
45404
45405
45637
62549
45404
45406
45415
62678
45417
45639
62550
45418
62679
45411
45412
45413
45414
45412
45413
45438
62680
45411
45412
45439
45411
45413
45416
45420
62681
45441
45418
62682
45417
45418
45417
45418
46091
45418
46092
62551
46093
45421
45478
46102
45421
46103
62551
46104
62552
45424
46135
49191
45424
46136
62553
46138
62555
45427
45466
46139
45427
46140
62554
62557
46141
62555
45430
45431
45444
45450
45430
45431
45446
59995
45448
45454
59996
45449
62617
45435
45436
45444
62563
45435
45436
45837
62546
45436
45447
45838
62547
62564
45449
45840
45441
45442
45443
45450
62563
45441
45443
45441
45442
45479
45442
45443
45453
45480
62701
62564
45455
45481
45456
45448
45449
62560
45448
45448
45449
45845
45449
45846
62562
45848
45454
45455
45456
62560
45454
45455
45487
62561
45454
45456
45455
45456
45488
62562
45490
45864
45462
45463
45464
45471
45463
45464
49266
45462
45463
45473
45462
45464
49267
62566
45475
62567
45477
49269
62568
45468
45469
45470
45471
45468
45470
64602
45469
45470
45474
45484
64603
45476
45477
64604
45475
45476
45477
45475
45476
45487
45475
45477
45476
45477
45489
64605
62565
45491
64606
45482
46171
58135
45481
45481
45482
45488
46172
45490
45492
46173
58137
45485
46175
58136
62556
45485
45489
46176
45492
46177
58137
45490
45491
45492
45490
45491
45490
45492
62702
45491
45492
62703
62704
45497
45498
45499
45507
45513
62574
45497
45498
45565
45497
45499
45508
45567
45598
45498
45499
45514
45599
62579
45510
45568
62575
45517
45511
45518
45600
45504
45505
45506
45507
62574
45504
45506
60611
65440
45504
45505
45505
45506
45509
45572
65441
45510
45573
62575
45512
65443
45510
45511
45512
62572
45510
45511
45588
45510
45512
45589
45591
45517
45518
45519
62569
62572
45517
45518
45594
45601
45517
45519
45595
45715
62570
45518
45519
45716
45717
62571
62573
45566
45524
45524
45525
45527
45566
45525
45567
45598
45530
45532
45569
45530
45531
45532
45530
45532
45583
45530
45531
45531
45532
45584
62576
45586
62577
45537
45538
45539
45552
45558
45537
45539
45537
45538
45553
45538
45539
45559
45599
62579
45555
62578
45557
45561
62580
45562
45543
45544
45552
58138
45544
45543
45544
45554
45555
62578
45556
58140
45549
45550
45551
45552
45558
58138
45549
45551
45726
58139
62427
45549
45550
45550
45551
45560
45728
45556
58140
62429
45557
45561
45563
45730
58141
45555
45556
45557
45555
45557
45555
45556
62430
62431
45561
45562
45563
45561
45562
45594
45601
45561
45563
45596
45741
45597
45742
45568
45569
45582
45587
45568
45569
45583
45568
45569
45588
45591
45586
45592
45573
45574
45587
45574
65445
45573
45574
45589
65446
45591
45593
65448
45579
45580
45581
45582
45587
45579
45581
54336
64588
45579
45580
45584
54338
62576
45580
45581
45590
45585
54341
45586
45592
62577
45593
64589
45585
45586
45586
45585
45586
64448
45591
45592
45593
45591
45592
45591
45593
45592
45593
64592
45597
62579
45781
45597
45782
62580
45600
45600
45601
45606
45607
45608
45615
45621
62587
45606
45607
45659
45606
45608
45616
45661
64585
45607
45608
45622
64578
64586
45618
45662
62588
45625
45619
45626
45612
45613
45614
45615
62587
45612
45614
60611
65440
45613
45614
45617
45666
65442
45618
45667
62588
45620
65444
45618
45619
45620
62584
45618
45619
45682
45618
45620
45683
45685
62585
45625
45626
45627
62581
62584
45625
45626
64580
64587
45625
45627
45826
62582
64581
45626
45627
45827
64583
45828
62583
62586
45632
45633
45634
45646
45652
62589
45632
45634
45632
45633
45647
45633
45634
45653
64578
64586
45649
62590
45651
45655
64579
45656
45638
45639
45646
62589
45639
45638
45639
45648
45649
62590
45650
45643
45644
45645
45646
45652
45643
45645
45837
62546
45644
45645
45654
45839
45650
62548
45651
45655
45657
45841
45649
45650
45651
45649
45651
45649
45650
62549
62550
45655
45656
45657
45655
45656
64580
64587
45655
45657
45852
64582
64584
45853
45662
45663
45676
45681
45662
45663
45677
64575
65703
45662
45663
45682
65704
45685
45680
45686
65706
45667
45668
45681
45668
65445
45667
45668
45683
65447
45685
45687
65449
45673
45674
45675
45676
45681
45673
45675
64590
45673
45674
45678
64576
45674
45675
45684
45679
45680
45686
64577
45687
64591
45679
45680
45680
65434
45679
45680
61878
65436
65439
45685
45686
45687
45685
45686
45685
45687
64593
45686
45687
64594
45692
45693
45694
45693
45694
45789
45898
45692
45693
45790
62595
65452
45692
45694
45695
45899
65453
45791
62596
45696
45900
45696
45911
45913
62594
45700
45701
45713
45719
45700
45714
45775
45700
45701
45720
45776
45785
45718
45723
45777
45724
45786
45705
45706
45707
45713
45719
45705
45706
45705
45707
45715
62570
45717
62571
45722
45718
45723
45711
45712
45719
45711
62632
65451
45711
45712
45721
45790
65452
45722
65454
45724
45792
45717
45718
62597
45718
45780
45717
45718
45781
45717
62598
45783
45722
45723
45724
45723
45724
45801
62609
45722
45724
45802
45805
45729
45730
45731
45732
45739
45729
45730
58145
45729
45731
45735
45730
45731
45741
62604
45737
58146
45742
45738
45743
62605
45736
45737
45738
45736
45738
62599
62606
45736
45737
45737
45738
62607
62601
62608
45742
45743
45743
45780
62600
45742
45743
45782
45784
62601
45748
45749
45750
45761
45766
45748
45749
45762
45774
64216
45749
45750
45776
45785
62602
45748
45750
45767
45764
45770
64217
45765
45779
45771
45787
62603
45755
45756
45761
45766
45756
49547
45755
45763
64543
45755
45756
45768
49548
45764
45770
45772
49551
45759
45760
45766
45759
45760
45769
45796
49555
45771
45798
62603
45772
49556
45764
45765
45764
45765
62606
45764
64544
45770
45771
45772
45770
45771
45770
45772
49566
45771
45772
49567
62610
62611
49569
45777
45778
45779
45778
45779
62599
62606
45777
45778
45780
62600
45777
45779
62609
45783
45784
62601
62608
45783
45784
45783
45784
62604
62605
45786
45787
45801
45805
45806
62611
45791
45792
45800
45791
45791
45792
45802
45804
58148
45805
45797
45798
45799
45800
45797
45799
58147
62591
65499
45797
45798
45803
45798
45799
62610
65501
45804
58148
62592
45806
62611
65503
45804
45805
45806
45805
45806
62602
45804
45805
62595
45804
45806
62596
62603
45810
45811
45824
45830
45810
45825
45886
45810
45811
45831
45887
62627
45829
45834
45888
45835
62628
45815
45816
45817
45824
45830
45815
45816
45815
45817
45826
62582
45828
62583
45833
45829
45834
45821
45822
45823
45830
45821
45823
62632
65451
45821
45822
45832
45899
65453
45833
65455
45835
45901
45828
45829
62612
45829
45892
45828
45829
45893
45828
62613
45895
45833
45834
45835
45834
45835
45910
62625
45833
45835
45911
62626
45914
45840
45841
45842
45843
45850
45840
45841
58149
45840
45842
45846
45841
45842
45852
62621
45848
58150
45853
58151
45849
45854
62622
45847
45848
45849
45847
45849
62614
62623
45847
45848
45848
45849
62617
62616
62624
45853
45854
45854
45892
62615
45853
45854
45894
45896
62616
45859
45860
45861
45872
45877
62618
45859
45860
45873
45885
60006
45860
45861
45887
62619
62627
45859
45861
45878
45875
45881
60007
45876
45890
45882
62620
62629
45866
45867
45872
45877
45867
49608
45866
45874
45866
45867
45879
49609
45875
45881
45883
49612
45870
45871
45877
62618
45870
45871
45880
45905
49616
45882
45907
62620
45883
49617
45875
45876
45875
45876
62623
45875
45881
45882
45883
45881
45882
45881
45883
63284
45882
45883
62630
63285
62631
63287
45888
45889
45890
45891
45889
45890
62614
62623
45888
45889
45892
62615
45888
45890
62625
45895
62626
45896
62616
62624
45895
45896
45895
45896
45895
64581
45896
62621
64582
62622
45900
45901
45909
45900
45900
45901
45911
45913
58153
45914
45906
45907
45908
45909
45906
45908
58152
62593
45906
45907
45912
45907
45908
62630
45913
58153
62594
45915
62631
45913
45914
45915
45914
45915
62619
62627
45913
45914
45913
45915
62628
62620
62629
45920
45921
45922
45934
45939
62634
45921
45922
45920
45921
45940
45920
45922
45977
62635
45943
62636
45937
45945
45938
45978
62637
45927
45928
45929
45934
45939
58155
45927
45928
58156
45927
45929
45928
45929
45942
45936
58157
45944
58158
45937
45945
45932
45933
45934
58155
62634
45932
45933
45935
45982
45936
58157
45938
45985
62637
45936
45937
45938
45936
45938
60619
62646
60621
62648
45943
45944
45945
62633
45943
45945
45943
45944
45944
45945
45950
45951
45952
45961
45968
45972
45950
45952
45962
45950
45951
45969
45977
45951
45952
45965
45970
45971
45974
45979
45967
45955
45956
45968
45972
45955
45956
45973
45988
46018
45971
45974
45990
45975
46020
45959
45960
45961
45972
45959
45960
62656
45966
45975
62657
45965
45966
45967
62638
45965
45967
45965
45966
62639
45966
45967
62640
62641
45970
45971
62638
45970
45971
45993
60010
60011
62640
45995
45974
45975
45974
45975
45997
62660
45998
62661
45978
45979
45992
45996
62645
45978
45979
45993
45994
62648
45995
45998
45983
45984
45985
45992
62645
45983
45984
45983
45985
62646
62647
45994
62648
45989
45990
45991
45992
45996
45989
45991
46045
45990
45991
45997
46047
45995
45998
45999
46049
45994
45995
45994
45995
62635
62637
45998
45999
62642
45998
45999
62665
62644
62666
46002
46003
46003
62649
62650
62652
46006
46007
46052
46006
62651
64598
62652
46056
46012
46013
46014
46022
62663
46013
46014
46115
46012
46013
46024
46012
46014
46117
46026
46027
46120
62664
46019
46020
46021
46022
62659
46019
46020
46019
46021
46025
46046
46020
46021
46047
62660
46027
62661
46028
46050
62662
46026
46027
46028
62653
46026
46028
46059
46026
46027
46027
46028
46060
46063
62654
46032
49806
46031
46032
46039
46041
46042
46035
64597
46035
46036
46040
46053
46042
46043
46057
46041
46042
46043
46041
46043
46059
46041
46042
62538
46042
46043
46061
62539
62540
46064
46048
46049
46050
46058
46048
46049
46048
46050
46060
46049
46050
62665
46062
62666
46063
62667
46055
46056
46057
46058
46055
46056
62541
46055
46057
46061
62542
46056
46057
46062
62543
46064
46062
46063
46064
46063
46064
46062
46063
46062
46064
62544
46069
46070
46071
46083
62674
46070
46071
46069
46070
62675
46069
46071
46085
46087
62676
62677
46088
46074
46075
62670
62674
46074
46075
62672
62677
46080
46081
46082
46083
62670
46080
46081
46080
46082
46096
62671
46081
46082
46086
46097
62672
46088
46089
46100
62673
46087
46088
46089
62668
46087
46089
46108
46087
46088
46088
46089
46109
46112
62669
46108
46093
62678
46093
46110
62681
62679
62682
46098
46099
46100
46107
46098
46099
46098
46100
62683
46099
46100
46109
62684
46111
46112
62685
46104
46105
46106
46107
46104
46106
46171
46104
46105
46110
62681
46111
46113
46174
46111
46112
46113
46112
46113
46111
46112
46111
46113
62551
62552
46118
46119
46120
46128
62696
46119
46120
46118
46119
46130
46118
46120
46132
46133
62697
46125
46126
46127
46128
62692
46125
46126
46125
46127
46152
62693
46126
46127
46131
46153
62694
46133
46134
46156
62695
46132
46133
46134
62686
46132
46134
46165
46132
46133
46133
46134
46166
46169
62687
46138
46137
46138
46145
46147
46148
46141
64602
46141
46142
46146
46159
46148
46149
46162
46147
46148
46149
46147
46149
46165
46147
46148
62553
46148
46149
46167
62554
62555
46170
46154
46155
46156
46164
46154
46155
46154
46156
62698
46155
46156
46166
62699
46168
46169
62700
46161
46162
46163
46164
46161
46163
46175
62556
46161
46162
46167
62557
46162
46163
46168
62558
46170
46178
46168
46169
46170
46169
46170
46168
46169
46168
46170
62559
46173
46174
46173
62701
62702
62704
46177
46178
46177
62703
64603
62704
46181
46514
58163
46181
46515
62705
46518
58164
62706
46184
58165
46184
62707
58166
62708
46189
46190
46191
46197
58167
62718
46190
46191
46189
46190
46199
60027
60649
46189
46191
60028
62719
46201
62721
46202
62722
46195
46196
46204
58167
62718
46195
46196
62720
46196
46206
62722
46208
62723
46201
46202
46203
62713
62716
46201
46203
46228
46201
46202
46202
46203
46229
46232
62715
62717
46208
46209
46210
62713
62716
46208
46209
46234
46208
46210
46209
46210
46236
62714
46238
62715
62717
46214
46215
46216
46233
46215
46216
46365
46376
46214
46215
46235
46366
62709
46237
46239
46368
46378
46219
46220
46221
46227
46233
46219
46220
46229
46231
46232
46238
62717
46239
46225
46226
46227
46225
46226
62741
46225
46230
46231
62742
46231
46232
62724
46232
46231
46232
46231
62725
46237
46238
46239
62724
46237
46238
46237
46239
62711
62737
46238
46239
62725
46242
46243
46256
46263
46269
46242
46243
46270
46268
46273
46262
46274
62729
46248
46249
46250
46256
46263
46249
46250
46248
46249
46258
64218
46248
46250
46264
64219
46260
46266
46261
46267
46254
46255
46263
46269
46254
46255
46265
65457
46255
46271
65458
46267
46268
46273
65460
46260
46261
46262
62726
46260
46262
46293
46260
46261
64220
46261
46262
46294
46297
62727
46266
46267
46268
46266
46267
46267
46268
64614
46273
46274
46275
62726
46273
46274
46299
65462
46273
46275
65464
46274
46275
46301
65465
46303
62727
46280
46281
46282
46298
62730
46281
46282
46395
65763
46280
46281
46300
64611
65764
46280
46282
46302
46304
65766
46397
46285
46286
46292
46298
46285
46286
46294
46296
46297
46303
62727
46290
46291
46292
62730
46290
46291
62752
46290
46295
46296
62753
46296
46297
62728
46297
46296
46297
46296
62729
46302
46303
46304
62728
46302
46303
46302
46304
64613
64615
46303
46304
62729
46308
46309
46324
46331
58171
46308
46309
46326
46339
46309
46333
46340
46328
46329
46336
46343
46314
46315
46316
46324
58171
62733
46314
46316
46417
46314
46315
46327
46366
62709
46315
46316
46367
46418
62734
46328
46330
46420
58172
62736
46321
46322
46323
46331
58171
62733
46321
46323
46423
46321
46322
46334
64611
65764
46322
46323
46424
62735
65765
46335
46337
46426
58172
62736
46328
46329
46330
62731
46329
46330
46328
46329
46355
62710
46328
46330
62711
62737
62712
46358
62732
46335
46336
46337
62731
46336
46337
46360
46335
46336
46361
64612
46335
46337
64613
64615
46364
62732
46341
46342
46343
46354
46359
46341
46343
46355
46342
46343
46361
46357
46363
46358
46364
46347
46348
46354
46347
46348
62162
46348
46356
46357
46352
46353
46359
46352
46353
62164
65456
46353
46362
65458
46363
65461
46357
46358
46357
46358
46357
46363
46364
46364
46363
46364
65463
46363
65464
65466
46368
46482
46368
62737
46483
46373
46374
46446
46601
46372
46373
46382
46447
62739
46372
46374
46383
46602
46384
46448
62740
46603
46378
46379
46378
46379
46482
46379
46484
62744
46485
62746
46384
46385
46386
46385
46386
46384
46385
62745
62765
46384
46386
46657
62747
62746
62766
46658
62748
46391
46392
46393
46392
46393
47419
62762
46391
46392
46401
62750
62763
46391
46393
46402
47420
46403
62751
62764
47421
46397
46398
46406
46397
46398
65707
46398
46407
65709
46409
65710
46403
46404
46405
46406
46404
46405
46403
46404
46408
64617
46403
46405
47462
62755
46409
64618
47463
62756
46409
46409
65468
46409
62750
65469
65470
46413
46414
46415
46428
46434
46439
46413
46415
46435
46481
46495
46414
46415
46440
46496
64616
46432
46437
46433
46442
46438
46443
46498
46420
46421
46428
46434
46420
46420
46421
46429
46483
46421
46436
46484
46431
58173
46432
46437
46486
46426
46427
46428
46439
46426
46426
46427
46430
65708
46427
46441
65709
46431
58173
46433
46442
65711
46431
46432
46433
46431
46432
62734
46431
46433
62735
62736
46437
46438
46437
46438
46488
46503
46437
46489
46492
46504
46442
46443
46442
46443
62769
65467
46442
65468
65471
46445
46457
46481
46495
46462
46499
62758
46448
46448
46458
62765
46460
46453
46454
46455
46456
46453
46455
49816
46453
46454
46459
46454
46455
46501
49817
62757
46460
62738
46462
46502
62758
49818
62759
46460
46461
46462
46461
46462
46488
46503
46460
46461
46490
62739
46460
46462
62740
46493
46505
46467
46468
46469
46470
46477
46467
46469
49846
46467
46468
46473
46468
46469
46478
49847
62767
46474
62749
46476
46479
62768
46480
49848
46474
46475
46476
46475
46476
62760
62769
65467
46474
46475
62750
62763
65469
46474
46476
62751
62764
65472
62761
62770
46479
46480
46479
46480
46509
49860
46511
62761
49861
46488
46485
46486
46485
46486
46489
46491
58174
46492
46491
46492
46493
46492
46493
46491
46492
62744
46491
46493
62745
62765
62746
62766
46498
46499
46500
46506
46498
46499
46503
46498
46500
62760
62769
46499
46500
46507
46504
46505
46510
46511
62761
62770
46502
46508
64708
46505
46510
46504
46505
46510
46511
46512
46510
46511
46510
46512
62757
65523
46511
46512
62767
65524
62758
62768
46516
46517
46518
46526
46517
46518
46516
46518
46528
46530
46531
46523
46524
46525
46526
46523
46524
46523
46525
46560
62771
46524
46525
46529
46561
46531
46532
46564
46530
46531
46532
46530
46532
46573
46530
46531
62705
46531
46532
46574
62706
46577
46537
46538
46539
46547
46538
46539
46537
46538
46537
46539
46549
64607
46551
46552
46544
46545
46546
46547
46544
46546
46697
46544
46545
46550
46567
46545
46546
46568
46699
46552
46553
46570
46701
46551
46552
46553
46551
46553
46573
46551
46552
64608
46552
46553
46575
46578
46556
46557
62773
62777
46556
46557
46749
62775
46751
62779
46562
46563
46564
46572
62773
46562
46563
46562
46564
62774
46563
46564
46574
62775
46576
46577
62776
46569
46570
46571
46572
62777
46569
46571
46569
46570
46575
46570
46571
46754
62778
46576
46578
46755
62779
46576
46577
46578
62772
46577
46578
46576
46577
46576
46578
46581
46673
46581
46587
46618
46674
46591
46676
62781
46584
46678
60734
62780
46584
46585
46589
46679
46724
46591
46680
62781
46592
46726
46590
46591
46592
46590
46591
46636
62791
46590
46592
46638
46731
46591
46592
46732
62792
46640
62793
46733
46597
46598
46599
46605
46611
62789
46597
46599
46606
46673
46597
46598
46612
46644
46598
46599
46645
46675
46608
46615
46648
62790
46610
46677
46603
46604
46611
62789
46603
46603
46604
46613
46657
46614
46615
46659
62790
46608
46609
46610
62782
62785
46608
46610
46682
46609
46610
46684
62786
62783
62787
46687
62788
46614
46615
62782
46615
46667
46614
46615
46669
62784
46672
46619
46620
46628
46635
46619
46629
64619
64626
46619
46620
46636
64620
46633
46639
64622
46640
46625
46626
46627
46628
46635
46625
46627
46749
58175
46625
46626
46630
46626
46627
46637
46750
46632
58176
46633
46639
46641
46752
58177
46632
46633
46634
46633
46634
64623
64627
46632
46633
46632
46634
64624
46639
46640
46641
46639
46640
64625
46639
46641
46767
46640
46641
46768
46769
46646
46647
46648
46660
46666
46646
46647
46661
64619
64626
46647
46648
46667
46646
46648
64621
46664
46665
46671
46672
46653
46654
46655
46660
46666
46653
46654
58178
62741
46653
46655
46662
46654
46655
46668
46663
46670
58179
62743
46665
46671
46658
46659
46666
46658
46659
46669
46670
58179
46672
46663
46664
46665
46664
46665
64623
64627
46663
46665
64628
64629
46670
46671
46672
46671
46672
46670
46671
46670
46672
62747
62748
46676
46677
46682
46676
62791
64620
46677
64621
46686
62793
46687
46680
46683
46680
62792
62804
46686
62793
46685
46686
46687
46686
46687
46685
46686
62780
46685
46687
62781
46690
46691
46703
46707
46711
46690
46691
46704
46744
46705
46713
46706
46710
46746
46694
46695
46703
46711
46694
46695
46712
46870
60030
46705
46713
60032
46714
46872
46700
46701
46702
46703
46707
46700
46701
46700
46702
46701
46702
46708
46754
46709
46706
46710
46756
46705
46706
46705
46706
46758
60037
60038
46759
46709
46710
62794
46709
46710
46762
62796
46764
46713
46714
62794
46713
46714
46889
46891
62797
46719
46720
46721
46729
46736
46719
46720
46744
62798
46720
46721
46730
46745
46719
46721
46737
46740
62799
46734
46747
62800
46735
46741
46726
46727
46728
46729
46736
46726
46728
46726
46727
46732
62804
46727
46728
46739
50002
62805
46733
46735
46741
46742
50003
46733
46734
46735
46734
46735
46766
46733
46734
46768
46733
46735
46771
46740
46741
46742
46740
46741
46740
46742
50010
46741
46742
50011
50013
46746
46747
46757
46761
46765
46746
46747
46758
46747
46766
46759
46764
46760
46771
46751
46752
46761
46765
46751
46752
46752
46767
46763
46769
46755
46756
46757
46761
46755
46756
46762
46763
46759
46764
46759
46760
62801
46759
46760
62798
62800
62803
46763
46764
46763
46764
62778
62779
46769
46770
46771
62801
46770
46771
46769
46770
46769
46771
62802
62803
46775
46776
46791
46795
46799
46775
46775
46776
46800
46822
46797
46801
46794
46803
46825
46780
46781
46782
46795
46799
46781
46782
46780
46781
46796
60040
46797
46801
60042
46798
46802
46791
46795
46788
46789
46790
46791
46799
46788
46789
46788
46790
46792
46834
46789
46790
46793
46802
46794
46803
46836
46793
46794
46793
46794
46838
60663
46840
46797
46798
46797
46798
62205
62207
46801
46802
46803
46801
46803
62818
60043
62819
46807
46856
62806
46807
62808
46857
62807
62810
46812
46813
46814
46812
46814
62813
62820
46812
46813
46822
46813
46814
46815
46823
62821
46818
46826
46819
62815
62822
46818
46819
46842
46861
46818
46844
46819
46862
62811
64639
46846
46863
62812
46824
46825
46826
46837
46841
62817
46824
46825
46825
46826
62818
46824
46826
46842
46845
46840
62819
46846
46830
46831
46832
46837
46841
58180
46830
46832
46992
58181
46831
46832
46843
46993
46839
58182
46845
46847
46995
58183
46835
46836
46837
58180
62817
46835
46836
46838
46839
58182
46840
62819
46839
46840
46839
46840
60666
60668
46845
46846
46847
62816
46845
46846
46845
46847
47000
46846
46847
47001
47002
46852
46853
46854
46855
46852
46854
47020
58184
46852
46853
46858
46853
46854
46862
47021
62811
46859
46860
46863
62812
46864
47023
46859
46860
46860
62813
62820
46859
46859
46860
62814
62815
62822
46863
62821
46863
46864
47032
62822
47033
46867
46868
46880
46884
46888
46867
46868
46885
46921
46886
46890
46883
46887
46923
46871
46872
46884
46888
46871
46872
46889
60045
46886
46890
60047
46891
46877
46878
46879
46880
46884
46877
46878
46877
46879
46881
46931
46878
46879
46882
46883
46887
46933
46882
46883
62823
46882
46883
46935
62825
46937
46886
46887
46886
46887
46939
60052
60053
46940
46890
46891
62823
46890
46891
62826
46896
46897
46898
46906
46913
46896
46898
46907
46896
46897
46921
62827
46897
46898
46914
46922
46910
62828
46917
46924
62829
46912
46918
46903
46904
46905
46906
46913
46903
46905
46903
46904
46909
62833
46904
46905
46916
46952
62834
46911
46912
46918
46919
46954
46910
46911
46912
46910
46912
46910
46911
46911
46912
46917
46918
46919
46917
46918
46943
46917
46919
46945
46958
46918
46919
46959
46947
46960
46923
46924
46934
46938
46942
46923
46924
46939
46924
46943
46937
46940
46941
46947
46928
46929
46934
46942
46928
46929
46992
46929
46944
46994
46936
46948
46996
46932
46933
46934
46938
46932
46933
46935
46936
46937
46940
46936
46937
46936
46937
60670
60671
46940
46941
62830
46940
46941
62827
62829
62831
46946
46947
46948
62830
46946
46947
46946
46948
47007
46947
46948
47008
62831
47009
62832
46951
46957
46988
47043
46951
47045
46962
47046
62836
46954
46955
46959
47048
46955
47049
62835
63419
46960
46962
47050
62836
46960
46961
46962
46961
46962
47006
62846
46960
46961
47008
46960
46962
62847
47011
62848
46967
46968
46969
46975
46980
62844
46968
46969
47014
47044
46967
46968
46976
47015
46967
46969
46981
47045
46983
46978
47018
62845
46984
47047
46973
46974
46975
62844
46974
47187
46973
46974
46977
47027
47188
46978
47028
62845
46979
47190
46978
46979
62837
46978
47037
46978
46979
47039
47041
62838
46983
46984
46985
62837
62840
46983
46984
47052
46984
46985
47054
50291
62841
47056
62842
50292
62839
62843
46989
46990
46998
47005
46989
46999
64630
64637
46989
46990
47006
64631
47003
47010
64633
47011
46995
46996
46997
46998
47005
46995
46996
58185
46995
46997
47000
46996
46997
47007
47002
58186
47009
58187
47003
47010
47002
47003
47004
47003
47004
64634
64638
47002
47003
47002
47004
64635
47009
47010
47011
47010
47011
64636
47009
47010
47009
47011
47016
47017
47018
47030
47036
47016
47017
47031
64630
64637
47016
47018
64632
47017
47018
47037
47034
47035
47040
47041
47023
47024
47025
47030
47036
47023
47025
58188
62864
47023
47024
47032
47024
47025
47038
47033
47035
47040
47042
58189
62866
47028
47029
47036
47028
47029
47039
47200
47041
47042
47202
58189
47033
47034
47035
47034
47035
64634
64638
47033
47035
64639
64640
47040
47041
47042
47040
47041
47040
47042
47041
47042
62867
62868
47046
62846
64631
47047
64632
47046
47047
47052
47055
62848
47056
47050
62834
62847
47050
47053
50309
47055
62848
47055
47056
47057
47055
47056
47055
47057
50321
62835
47056
47057
50322
62836
50323
47061
47062
47077
47084
58190
47061
47062
47079
47092
47062
47086
47093
47081
47082
47088
47095
47067
47068
47069
47077
58190
62851
47067
47069
47212
47067
47068
47080
47119
60672
47068
47069
47120
47213
62852
47081
47083
47215
58191
62854
47074
47075
47076
47084
58190
62851
47075
47076
47218
47074
47075
47087
64642
65768
47074
47076
47219
62853
65769
47089
47090
47221
58191
62854
47081
47082
47083
62849
47082
47083
47081
47082
47108
60673
47081
47083
60674
62855
60675
47111
62850
47088
47089
47090
62849
47088
47089
47113
47088
47090
47114
64643
47089
47090
64641
64644
47116
62850
47094
47095
47096
47107
47112
47094
47095
47108
47095
47096
47114
47110
47111
47116
47117
47100
47101
47107
47100
47101
62242
47100
47109
47110
47105
47106
47112
47105
47106
62244
65474
47106
47115
65476
47117
65478
47110
47111
47110
47111
47110
47116
47117
47116
47116
47117
65481
47117
65482
65483
47121
47277
47121
62855
47278
47124
47125
47138
47144
47151
47124
47125
47145
47143
47149
47150
47156
62859
47130
47131
47132
47138
47151
47131
47132
47130
47131
47139
64221
47130
47132
47153
64222
47141
47155
47142
47157
47136
47137
47138
47144
47136
47137
47140
65475
47137
47146
65476
47142
47143
47149
65479
47141
47142
47143
47141
47142
47142
47143
64645
47148
47149
47150
62856
47149
47150
47175
65480
47148
47149
65482
47148
47150
47177
65484
47180
62857
47155
47156
47157
62856
47155
47156
47182
47155
47157
64223
47156
47157
47183
47185
62857
47162
47163
47164
47174
62860
47162
47164
47316
65767
47162
47163
47176
64642
65768
47163
47164
47178
65770
47179
47318
47167
47168
47174
47181
47167
47168
47183
47180
47185
62857
47186
47172
47173
47181
62860
47172
47173
47635
62889
47173
47184
47636
62890
47186
47638
47178
47179
47180
62858
47179
47180
47178
47179
64641
64644
47178
47180
62859
47185
47186
62858
47185
47185
47186
47643
47186
47644
62859
47645
47190
47192
47241
47190
47191
47200
47191
47192
47201
47242
62862
47203
47243
62863
47196
47197
47196
47197
47277
47197
47279
62869
47280
62871
47202
47203
47204
47202
47204
47202
47203
62867
47203
47204
62870
62880
62868
62871
62881
47208
47209
47210
47223
47229
47234
47208
47210
47230
47276
47290
47209
47210
47235
47291
64646
47227
47232
47228
47237
47233
47238
47293
47215
47216
47223
47229
47215
47215
47216
47224
47278
47216
47231
47279
47226
58193
47227
47232
47281
47221
47222
47223
47234
47221
47221
47222
47225
65713
47222
47236
65714
47226
58193
47228
47237
65715
47226
47227
47228
47226
47227
62852
47226
47228
62853
62854
47232
47233
47232
47233
47283
47298
47232
47284
47287
47299
47237
47238
47237
47238
62884
65485
47237
65486
65488
47240
47252
47276
47290
47257
47294
62873
47243
47243
47253
62880
47255
47248
47249
47250
47251
47248
47250
50555
47248
47249
47254
47249
47250
47296
50556
62872
47255
62861
47257
47297
62873
50558
62874
47255
47256
47257
47256
47257
47283
47298
47255
47256
47285
62862
47255
47257
62863
47288
47300
47262
47263
47264
47265
47272
47263
47264
50585
47262
47263
47268
47262
47264
47273
50586
62882
47270
47274
62883
47271
62886
47275
50587
47269
47270
47271
47269
47270
62875
62884
65485
47269
47271
62878
62887
65487
47270
47271
65489
62876
62885
62879
62888
47274
47275
47274
47275
47304
50599
47306
62876
50600
47283
47280
47281
47280
47281
47284
47286
58194
47287
47286
47287
47288
47287
47288
47286
47287
62869
47286
47288
62870
62880
62871
62881
47293
47294
47295
47301
47293
47294
47298
47293
47295
62875
62884
47294
47295
47302
47299
47300
47305
47306
62876
62885
47297
47303
64729
47300
47305
47299
47300
47305
47306
47307
47305
47306
47305
47307
62872
65538
47306
47307
62882
65539
62873
62883
47312
47313
47314
47312
47314
47766
62877
47312
47313
47322
62878
62887
47313
47314
47323
47767
62879
62888
47325
47768
47318
47319
47327
47318
47319
65712
47319
47328
65714
47330
65716
47324
47325
47326
47327
47324
47326
47324
47325
47329
64647
47325
47326
47809
62892
47330
64648
47810
62893
47330
47330
65486
47330
62887
65487
65490
47333
47335
47333
47336
62895
47338
62896
47337
47338
47346
47338
47337
47338
47348
47350
47351
47343
47344
47345
47346
47343
47344
47343
47345
47380
62897
47344
47345
47349
47381
47351
62894
47352
47384
47350
47351
47352
47350
47352
47393
47350
47351
62895
47351
47352
47394
62896
47397
47357
47358
47359
47367
47358
47359
64649
47357
47358
47357
47359
47369
64650
47371
47372
47364
47365
47366
47367
47364
47366
47528
47364
47365
47370
47387
47365
47366
47388
47529
62898
47372
47373
47390
47531
47371
47372
47373
47371
47373
47393
47371
47372
64651
47372
47373
47395
47398
47376
47377
47399
62899
47376
47377
47571
62901
47402
47573
47382
47383
47384
47392
62899
47382
47383
47382
47384
62900
47383
47384
47394
62901
47396
47397
47389
47390
47391
47392
47399
47389
47391
47389
47390
47395
47390
47391
47400
47576
47396
47398
47401
47402
47577
47396
47397
47398
47397
47398
47396
47397
47396
47398
47401
47402
47401
47402
47587
62898
47588
47405
47448
47477
62902
47405
47478
47503
62904
47479
62903
62905
47407
47408
47448
47477
47410
47452
47410
47466
47488
47410
47467
47469
47415
47416
47417
47423
47429
62913
47415
47417
47424
47501
47415
47416
47430
47449
47416
47417
47450
47502
47426
47433
47453
62914
47428
47504
47421
47422
47429
62913
47421
47421
47422
47431
47462
47432
47433
47464
62914
47426
47427
47428
62906
62909
47426
47428
47511
47427
47428
47512
62910
62907
62911
47515
62912
47432
47433
62906
47433
47471
47432
47433
47472
62908
47475
47436
47501
62915
47436
47441
47478
47503
47445
47505
62917
47439
47506
60783
62916
47439
47440
47443
47507
47546
47445
47509
62917
47446
47548
47444
47445
47495
62918
47444
47446
47497
47553
47445
47446
47554
62919
47499
62920
47555
47451
47452
47453
47465
47470
47451
47452
47466
47452
47453
47471
47451
47453
47469
47474
47475
47458
47459
47460
47465
47470
58195
47458
47459
58196
62752
47458
47460
47467
47459
47460
47468
47473
58197
62754
47469
47474
47463
47464
47470
58195
47463
47464
47472
47473
58197
47475
47468
47469
47469
62902
47468
47469
47473
47474
47475
47474
47475
47473
47475
62755
62756
47479
47487
47494
47479
47488
47479
47495
47492
47498
47484
47485
47486
47487
47494
47484
47486
47571
58198
47484
47485
47489
47485
47486
47496
47572
47491
47492
47498
47500
47574
58199
47491
47492
47493
47492
47493
62902
47491
47492
47491
47493
62903
47498
47499
47500
47498
47499
62904
47498
47500
47592
47499
47500
47593
62905
47594
47504
47505
47511
47504
47505
62918
47515
47516
62920
47508
47509
47513
47509
62919
64652
47514
47516
62920
47514
47515
47516
47515
47516
62915
47514
47515
47514
47516
62916
62917
47519
47520
47533
62924
62928
47519
47520
47534
47566
47535
62930
47536
47568
62927
47524
47525
47526
47533
62928
47525
47526
48039
47524
47526
48040
62929
47535
62930
48042
62931
47530
47531
47532
47533
62924
47530
47531
47531
47532
47576
62925
62926
47536
47578
62927
47535
47536
47535
47536
47583
60061
60062
47584
47541
47542
47543
47551
47558
47541
47542
47566
62933
47542
47543
47552
47567
47541
47543
47559
47562
62934
47556
47569
62935
47557
47563
47548
47549
47550
47551
47558
47548
47550
47548
47549
47554
64652
47549
47550
47561
50747
64653
47555
47557
47563
47564
50748
47555
47556
47557
47556
47557
47591
47555
47556
47593
47555
47557
47596
62932
47562
47563
47564
47562
47563
47562
47564
50755
47563
47564
50756
50758
47568
47569
47582
47586
47590
47568
47569
47583
47569
47591
47584
47589
47585
47596
47573
47574
47586
47590
47573
47574
47574
47592
47588
47594
47577
47578
47582
47586
47577
47578
47587
47588
47584
47589
47580
47581
47582
47590
47594
47585
47596
62932
47584
47585
47584
47585
62933
62935
47588
47589
47588
47589
62925
62927
47594
47595
47596
47595
47596
47594
47595
47594
47596
47600
47601
47614
47618
62938
47600
47601
47615
47653
47600
47616
47620
47617
47657
62940
47605
47606
47607
47614
47618
47606
47607
47605
47607
47619
60065
47616
47620
60067
47621
47611
47612
47613
47614
62938
47611
47613
47687
47612
47613
47666
47688
62939
47617
47667
62940
47690
62941
47616
47617
47616
47617
62952
60068
62953
47620
47621
62936
47620
47621
62323
62325
62937
47626
47627
47628
47626
47628
47653
47626
47627
62944
62947
47627
47628
47629
47655
62948
47632
62946
62949
47633
47658
47632
47633
47648
47675
47632
47649
47756
62942
47633
47677
47650
62943
47679
47638
47639
47640
47641
47638
47640
47802
58200
47638
47639
47644
47639
47640
47649
47804
62942
47645
58201
47647
47650
62943
47651
47806
47645
47646
47647
47646
47647
62944
62947
47645
47646
47645
47647
62945
62946
62949
47650
62948
47650
47651
47820
62949
47821
47656
47657
47658
47669
47674
62951
47657
47658
62952
47656
47657
47656
47658
47675
47671
47678
47672
62953
47679
47662
47663
47664
47669
47674
58202
47663
47664
47722
47828
58203
47662
47664
47676
47829
47671
47678
47673
47723
58204
47680
47831
58205
47667
47668
47669
58202
62951
47667
47668
47670
47727
47672
62953
47673
47729
58204
47671
47672
47673
47672
47673
62939
62957
62940
62958
47678
47679
47680
62950
47678
47679
47678
47680
47836
47679
47680
47837
47838
47684
47685
47693
47685
47944
47684
47685
47695
47945
47697
47699
47946
47690
47691
47692
47693
47690
47692
47690
47691
47727
62954
47691
47692
47696
47728
47698
47730
47699
62993
47697
47698
47699
47697
47698
47744
47697
47699
62994
47698
47699
47745
47747
62995
47704
47705
47706
47714
47705
47706
48248
64658
47704
47705
47716
64659
47704
47706
48250
47718
47720
48253
47711
47712
47713
47714
47712
47713
47875
47711
47712
47734
47876
62955
47711
47713
47717
47735
47719
47736
47877
47720
47718
47719
47720
47718
47719
47744
47718
47720
64660
47719
47720
47746
47748
47723
47724
47739
62956
47723
47724
47918
62958
47742
47920
47729
47730
47731
47743
62956
47729
47731
47729
47730
62957
47730
47731
47745
62958
47747
47749
47736
47737
47738
47739
47743
47737
47738
47736
47737
47740
47923
47736
47738
47746
47741
47748
47742
47924
47749
47741
47742
47741
47742
47930
62955
47931
47747
47748
47749
47747
47748
47747
47749
47748
47749
47752
47796
47824
62959
47752
47825
47849
62961
47826
62960
62962
47754
47755
47796
47824
47757
47799
47757
47819
47835
47757
47820
47822
47762
47763
47764
47770
47775
62970
47762
47763
47771
47795
47763
47764
47797
47848
47762
47764
47776
47850
47778
47774
47800
62971
47779
47851
47768
47769
47770
62970
47768
47768
47769
47772
47809
47773
47774
47811
62971
47773
47774
62963
47774
47813
47773
47774
47814
62964
47817
47778
47779
47780
62963
62966
47778
47779
47858
47779
47780
47859
51045
62967
47861
62968
51046
62965
62969
47783
47788
47825
47849
47783
47850
62972
47792
47852
62974
47786
47787
47790
47853
47893
47786
47854
62973
63575
47792
47855
62974
47793
47895
47791
47792
47842
62975
47791
47793
47844
47900
47792
47793
47901
62976
47846
62977
47902
47798
47799
47800
47812
47818
47799
47800
47813
47798
47799
47819
47798
47800
47816
47822
47817
47805
47806
47807
47812
47818
58206
47805
47806
58207
62889
47805
47807
47806
47807
47820
47815
58208
62891
47821
47816
47822
47810
47811
47812
58206
47810
47811
47814
47815
58208
47817
47815
47816
47817
47816
47817
47815
47817
62892
62893
47821
47822
47822
62959
47821
47822
47826
47834
47841
47826
47835
47826
47842
47839
47845
47831
47832
47833
47834
47841
47831
47833
47918
58209
47831
47832
47836
47832
47833
47843
47919
47838
47839
47845
47847
47921
58210
47838
47839
47840
47839
47840
62959
47838
47839
47838
47840
62960
47845
47846
47847
47845
47846
62961
47845
47847
47935
47846
47847
47936
62962
47937
47851
47852
62975
47851
47852
47858
47861
47862
62977
47855
62976
64656
47855
47856
47860
51057
47862
62977
47863
51059
47861
47862
47863
47861
47862
62972
47861
47863
51067
47862
47863
51068
62973
62974
51069
47866
47867
47880
62981
62985
47866
47867
47881
47914
47882
62987
47883
47915
62984
47871
47872
47873
47880
62985
47872
47873
48386
47871
47873
48387
62986
47882
62987
48389
62988
47877
47878
47879
47880
62981
47877
47879
47877
47878
47923
62982
62983
47883
47925
62984
47882
47883
47882
47883
47941
60072
60073
47942
47888
47889
47890
47898
47905
47889
47890
47899
47913
47888
47889
47914
62990
47888
47890
47906
47909
62991
47903
47916
62992
47904
47910
47895
47896
47897
47898
47905
47895
47897
47895
47896
47901
64656
47896
47897
47908
51128
64657
47902
47904
47910
47911
51130
47902
47903
47904
47903
47904
47934
47902
47903
47936
47902
47904
47939
62989
47909
47910
47911
47909
47910
47909
47911
51134
47910
47911
51135
51137
47915
47916
47929
47933
47940
47916
47934
47915
47916
47941
47932
47942
47939
47943
47920
47921
47929
47933
47920
47921
47921
47935
47931
47937
47924
47925
47929
47940
47924
47925
47930
47931
47932
47942
47927
47928
47933
47940
47937
47939
47943
62989
47931
47932
47931
47932
62982
62984
47937
47938
47939
47938
47939
47937
47938
47937
47939
47942
47943
47942
47943
62990
62992
47946
47946
62994
62995
47949
47949
62997
62998
47953
47954
47967
47971
63001
47953
47953
47954
47972
47989
47969
47973
47974
47992
63004
47958
47959
47960
47967
47971
47959
47960
47958
47959
47968
60082
47969
47973
60084
47970
47964
47965
47966
47971
63001
47964
47965
47964
47966
48001
63002
63003
47974
48003
63004
47969
47970
62999
47969
47970
62423
62425
63000
47973
47974
47973
47974
63012
60085
63013
47979
47980
47981
47979
47981
63007
63014
47979
47980
47989
47980
47981
47982
47990
63015
47985
47993
47986
63009
63016
47985
47986
48010
48030
47985
48012
47986
48031
48120
63005
48014
48032
63006
47991
47992
47993
48004
48009
63011
47991
47992
47992
47993
63012
47991
47993
48010
48007
48013
48008
63013
48014
47997
47998
47999
48004
48009
58211
47997
47999
48163
58212
47998
47999
48011
48164
48006
58213
48007
48013
48015
48166
58214
48002
48003
48004
58211
63011
48002
48003
48005
48006
58213
48008
63013
48006
48007
48008
48006
48008
60710
63002
60711
63004
48013
48014
48015
63010
48013
48014
48013
48015
48171
48014
48015
48172
48173
48020
48021
48022
48023
48020
48022
48191
58215
48020
48021
48026
48021
48022
48031
48192
63005
48027
58216
48029
48032
63006
48033
48194
48027
48028
48029
48028
48029
63007
63014
48027
48028
48027
48029
63008
63009
63016
48032
63015
48032
48033
48203
63016
48204
48036
48037
48050
63020
63024
48036
48037
48051
48083
48052
63026
48053
48085
63023
48041
48042
48043
48050
63024
48042
48043
48041
48042
63025
48052
63026
63027
48047
48048
48049
48050
63020
48047
48048
48047
48049
48093
63021
63022
48053
48095
63023
48052
48053
48052
48053
48104
60089
60090
48105
48058
48059
48060
48068
48075
48058
48060
48069
48058
48059
48083
63029
48059
48060
48076
48084
48072
63030
48079
48086
63031
48074
48080
48065
48066
48067
48068
48075
48065
48067
48065
48066
48071
64666
48066
48067
48078
48125
64667
48073
48074
48080
48081
48127
48072
48073
48074
48072
48074
48072
48073
48073
48074
48079
48080
48081
48079
48080
48108
48079
48081
48110
48130
48080
48081
48131
48112
63028
48132
48085
48086
48099
48103
48107
48085
48086
48104
48086
48108
48102
48105
48106
48112
48090
48091
48099
48107
48090
48091
48163
48091
48109
48165
48101
48113
48167
48094
48095
48099
48103
48094
48095
48100
48101
48102
48105
48097
48098
48103
48107
48106
48112
63028
48113
48101
48102
48101
48102
63021
63023
48105
48106
48105
48106
63029
63031
48111
48112
48113
48111
48112
48111
48113
48178
48112
48113
48179
48180
48116
48159
48184
63032
48116
48160
48212
63034
48161
63033
63035
48118
48119
48159
48184
48121
48188
48121
48170
48202
48121
48203
48205
48124
48129
48160
48212
48124
48214
63036
48134
48215
63038
48127
48128
48131
48217
48128
48218
63037
63640
48132
48134
48219
63038
48133
48134
48177
63048
48132
48133
48179
48132
48134
63049
48182
63050
48139
48140
48141
48147
48152
63046
48140
48141
48185
48213
48139
48140
48148
48186
48139
48141
48153
48214
48155
48150
48189
63047
48156
48216
48145
48146
48147
63046
48146
48695
48145
48146
48149
48198
48696
48150
48199
63047
48151
48698
48150
48151
63039
48150
48207
48150
48151
48208
48210
63040
48155
48156
48157
63039
63042
48155
48156
48222
48156
48157
48224
51421
63043
48226
63044
51422
63041
63045
48161
48169
48176
48161
48170
48161
48177
48174
48181
48166
48167
48168
48169
48176
48166
48167
58217
48166
48168
48171
48167
48168
48178
48173
48180
58218
48174
48181
48173
48174
48175
48174
48175
63032
48173
48174
48173
48175
63033
48180
48181
48182
48181
48182
63034
48180
48181
48180
48182
63035
48187
48188
48189
48201
48206
48187
48188
48202
48187
48189
48188
48189
48207
48205
48209
48210
48194
48195
48196
48201
48206
58219
48194
48196
58220
63135
48194
48195
48203
48195
48196
48204
48205
48209
48211
58221
63137
48199
48200
48206
58219
48199
48200
48208
48708
48210
48211
48710
58221
48204
48205
48205
63032
48204
48205
48209
48210
48211
48209
48210
48210
48211
63138
63139
48215
63048
48216
48215
48216
48222
48225
63050
48226
48219
63049
64667
48219
48220
48223
51439
48225
63050
48227
51441
48225
48226
48227
48225
48226
63036
48225
48227
51453
63037
48226
48227
51454
63038
51455
48231
48232
48240
48232
48231
48232
48242
48244
48245
48237
48238
48239
48240
48237
48239
48309
48237
48238
48243
48274
48238
48239
48275
48310
63051
48245
60712
48246
48277
48311
48244
48245
48246
48244
48246
48287
48244
48245
60713
48245
48246
48288
60714
48291
48251
48252
48253
48261
48252
48253
64288
48251
48252
48263
64289
48251
48253
48265
48266
48258
48259
48260
48261
48258
48260
48392
48258
48259
48264
48281
48259
48260
48282
48393
63052
48266
48267
48284
48394
48265
48266
48267
48265
48267
48287
48265
48266
64290
48266
48267
48289
48292
48270
48271
48293
63053
48270
48271
48342
48435
48344
63055
48296
48437
48276
48277
48278
48286
63053
48276
48278
48276
48277
48288
48277
48278
48348
63054
48290
48291
48349
63055
48283
48284
48285
48286
48293
48283
48285
48283
48284
48289
48284
48285
48294
48440
48290
48292
48295
48296
48441
48290
48291
48292
48291
48292
48290
48291
48290
48292
48295
48296
48295
48296
48447
63052
48448
48300
48301
48314
48318
63058
48300
48300
48301
48319
48337
48316
48320
48321
48339
63061
48305
48306
48307
48314
48318
48306
48307
48305
48306
48315
60093
48316
48320
60095
48317
48311
48312
48313
48318
63058
48311
48313
48311
48312
48348
63059
63060
48321
48350
63061
48316
48317
63056
48316
48317
62438
62440
63057
48320
48321
48320
48321
63069
60096
63070
48326
48327
48328
48327
48328
48329
48336
63071
48326
48327
48337
48326
48328
63064
63072
48332
48340
48333
63066
63073
48332
48333
48357
48370
48332
48359
48333
48371
48467
63062
48361
48372
63063
48338
48339
48340
48351
48356
63068
48338
48339
48338
48340
48357
48339
48340
63069
48354
48360
48355
63070
48361
48344
48345
48346
48351
48356
58222
48344
48346
48510
58223
48345
48346
48358
48511
48353
58224
48354
48360
48362
48513
58225
48349
48350
48351
58222
63068
48349
48350
48352
48353
58224
48355
63070
48353
48354
48355
48353
48355
63054
63059
63055
63061
48360
48361
48362
63067
48360
48361
48360
48362
48518
48361
48362
48519
48520
48367
48368
48369
48374
48368
48369
48538
49590
58226
48367
48368
48371
48539
63062
48367
48369
48377
49591
48372
48379
63063
48373
48541
48380
49592
58227
48372
63071
48372
48373
48550
63073
48551
48378
48379
48380
48378
48379
63064
63072
48378
48380
49603
48379
48380
49604
63065
63066
63073
49605
48383
48384
48397
63077
63081
48383
48384
48398
48431
48399
63079
48400
48432
63084
48388
48389
48390
48397
63077
48389
48390
48388
48389
63078
48399
63079
63080
48394
48395
48396
48397
63081
48394
48396
48394
48395
48440
63082
63083
48400
48442
63084
48399
48400
48399
48400
48458
60100
60101
48459
48405
48406
48407
48415
48422
48406
48407
48416
48430
48405
48406
48431
63086
48405
48407
48423
48426
63087
48419
48433
63088
48420
48427
48412
48413
48414
48415
48422
48413
48414
48412
48413
48418
48472
64670
48412
48414
48425
51720
64671
48420
48427
48421
48474
48428
51722
48419
48420
48421
48419
48420
48451
48419
48421
48453
48477
48420
48421
48478
48455
63085
48479
48426
48427
48428
48426
48427
48426
48428
51726
48427
48428
51727
51729
48432
48433
48446
48450
48457
48433
48451
48432
48433
48458
48449
48459
48455
48460
48437
48438
48446
48450
48437
48438
48510
48438
48452
48512
48448
48456
48514
48441
48442
48446
48457
48441
48442
48447
48448
48449
48459
48444
48445
48450
48457
48455
48460
63085
48456
48448
48449
48448
48449
63082
63084
48454
48455
48456
48454
48455
48454
48456
48525
48455
48456
48526
48527
48459
48460
48459
48460
63086
63088
48463
48506
48531
63089
48463
48507
48559
63091
48508
63090
63092
48465
48466
48506
48531
48468
48535
48468
48517
48549
48468
48550
48552
48471
48476
48507
48559
48471
48561
63093
48481
48562
63095
48474
48475
48478
48564
48475
48565
63094
63720
48479
48481
48566
63095
48480
48481
48524
63105
48479
48480
48526
48479
48481
63106
48529
63107
48486
48487
48488
48494
48499
63103
48487
48488
48532
48560
48486
48487
48495
48533
48486
48488
48500
48561
48502
48497
48536
63104
48503
48563
48492
48493
48494
63103
48493
49766
48492
48493
48496
48545
49767
48497
48546
63104
48498
49769
48497
48498
63096
48497
48554
48497
48498
48555
48557
63097
48502
48503
48504
63096
63099
48502
48503
48569
48503
48504
48571
51813
63100
48573
63101
51814
63098
63102
48508
48516
48523
48508
48517
48508
48524
48521
48528
48513
48514
48515
48516
48523
48513
48514
58228
48513
48515
48518
48514
48515
48525
48520
48527
58229
48521
48528
48520
48521
48522
48521
48522
63089
48520
48521
48520
48522
63090
48527
48528
48529
48528
48529
63091
48527
48528
48527
48529
63092
48534
48535
48536
48548
48553
48534
48535
48549
48534
48536
48535
48536
48554
48552
48556
48557
48541
48542
48543
48548
48553
58230
48541
48543
58231
63308
48541
48542
48550
48542
48543
48551
48552
48556
48558
58232
63309
48546
48547
48553
58230
48546
48547
48555
49779
48557
48558
49781
58232
48551
48552
48552
63089
48551
48552
48556
48557
48558
48556
48557
48557
48558
63311
63312
48562
63105
48563
48562
48563
48569
48572
63107
48573
48566
63106
64670
48566
48567
48570
51830
48572
63107
48574
51832
48572
48573
48574
48572
48573
63093
48572
48574
51838
63094
48573
48574
51839
63095
51840
48578
48579
48594
48601
58233
48578
48596
48609
48578
48579
48603
48610
48599
48605
48612
48607
48584
48585
48586
48594
58233
63110
48584
48586
48724
48584
48585
48597
64291
65772
48585
48586
48725
63111
65773
48598
48600
48727
58234
63113
48591
48592
48593
48601
58233
63110
48592
48593
48730
48591
48592
48604
48636
63115
48591
48593
48637
48731
63112
48606
48607
48733
58234
63113
48598
48599
48600
63108
48599
48600
48625
48598
48599
48626
64292
48598
48600
64293
64672
48629
63109
48605
48606
48607
63108
48605
48606
48605
48607
48631
63116
48606
48607
63114
63117
48633
63109
63118
48611
48612
48613
48624
48630
48611
48612
48626
48612
48613
48631
48628
48629
48633
48634
48617
48618
48624
48617
48618
62494
65303
48617
48627
65305
48628
65308
48622
48623
48630
48622
48623
62496
48623
48632
48634
48628
48629
48629
48628
48629
65310
48628
65311
65313
48633
48634
48633
48634
48634
48638
48666
48789
48638
48667
63114
48790
48668
48643
48644
48645
48658
58235
63124
48644
48645
48643
48644
60103
63125
48643
48645
48660
60104
63168
48662
63127
63128
48664
48649
48650
48651
58235
63124
48649
48650
63126
48650
48653
63128
48656
63129
48655
48656
48657
63119
63122
48656
48657
48682
48655
48656
48655
48657
48684
63120
48687
63121
63123
48662
48663
48664
63119
63122
48662
48663
48689
48662
48664
48839
48663
48664
48690
48840
48692
63121
63123
48668
48669
48670
48681
48668
48670
48827
48668
48669
48683
63115
48685
48686
48829
48673
48674
48675
48681
48688
48674
48675
48690
48685
48687
48692
63123
48693
48679
48680
48688
48679
48680
48887
63157
48680
48691
48888
63158
48693
48890
48685
48686
48687
63130
48686
48687
48685
48686
63114
63117
48685
48687
63131
48692
48693
63130
48692
48692
48693
48895
48693
48896
63131
48897
48698
48699
48700
48698
48700
63142
48698
48699
48708
48699
48700
48709
63133
63143
48711
63134
63144
48704
48705
48713
48704
48705
65717
48705
48714
65719
48716
65720
48710
48711
48712
48713
48710
48712
48710
48711
63138
48711
48712
48715
64674
63139
48716
64675
48716
48716
65493
48716
63133
65494
65495
48720
48721
48722
48735
48741
48746
48720
48722
48742
48802
64673
48721
48722
48747
48788
48803
48739
48744
48740
48749
48745
48750
48805
48727
48728
48735
48741
48727
48727
48728
48736
65718
48728
48743
65719
48738
58238
48739
48744
65721
48733
48734
48735
48746
48733
48733
48734
48737
48790
48734
48748
48791
48738
58238
48740
48749
48792
48738
48739
48740
48738
48739
63111
48738
48740
63112
63113
48744
48745
48744
48745
63152
65492
48744
65493
65496
48749
48750
48749
48750
48795
48810
48749
48796
48798
48811
48755
48756
48757
48758
48765
48755
48757
52085
48755
48756
48761
48756
48757
48766
52086
63150
48762
63132
48764
48767
63151
48768
52088
48762
48763
48764
48763
48764
63140
63152
65492
48762
48763
63133
63143
65494
48762
48764
63134
63144
65497
63141
63153
48767
48768
48767
48768
48815
52103
48817
63141
52104
48770
48782
48788
48803
48786
48807
63146
48773
48820
48773
48783
48821
63148
48787
48823
48778
48779
48780
48781
48779
48780
52113
48778
48779
48784
48778
48780
48808
52114
63145
48786
48809
63146
48787
63154
52115
63147
48785
48786
48787
48785
48786
48795
48810
48785
48787
48797
63155
48786
48787
48799
48812
63156
48795
48793
48827
48792
48792
48793
48796
48828
48798
48800
48830
58239
48798
48799
48800
48798
48799
48798
48800
63160
48799
48800
63148
63161
63149
63162
48805
48806
48807
48813
48805
48806
63140
63152
48805
48807
48810
48806
48807
48814
48811
48817
63141
63153
48812
48818
48809
48816
64746
48812
48818
48811
48812
48817
48818
48819
48817
48818
48817
48819
63150
65553
48818
48819
63145
65554
63151
63146
48823
48825
49005
48823
48824
48833
63155
48824
48825
48834
49006
63156
48836
49007
48829
48830
48829
48830
48830
63160
63162
48835
48836
48837
48835
48837
48835
48836
63148
63161
48836
48837
49049
63163
63149
63162
49050
63164
48841
48894
63165
48841
63168
48895
63166
63169
48845
48846
48861
48866
48870
48845
48846
48862
48904
48845
48863
48868
48865
48872
48908
48850
48851
48852
48861
48866
48851
48852
48850
48852
48867
60105
48863
48868
60107
48864
48869
48866
48870
48858
48859
48860
48861
48870
48858
48860
48938
48858
48859
48859
48860
48871
48917
48939
48864
48865
48872
48918
48873
48941
48863
48864
48865
48863
48865
63180
60108
63181
48868
48869
48868
48869
62535
62537
48872
48873
48872
48873
48921
63182
48922
48878
48879
48880
48878
48880
48904
48878
48879
63172
63175
48879
48880
48881
48906
63176
48884
63174
63177
48885
48909
48884
48885
48899
48925
48884
48900
63170
64685
48885
48927
48901
63171
48929
48890
48891
48892
48893
48890
48892
49042
58240
48890
48891
48896
48891
48892
48900
49044
63170
48897
48898
48901
63171
48902
49046
48897
48898
48898
63172
63175
48897
48897
48898
63173
63174
63177
48901
63176
48901
48902
49061
63177
49062
48907
48908
48909
48920
48924
63179
48908
48909
63180
48907
48908
48907
48909
48925
48928
48922
63181
48929
48913
48914
48915
48920
48924
58241
48914
48915
48973
49071
58242
48913
48915
48926
49072
48928
48923
48974
58243
48930
49074
58244
48918
48919
48920
58241
63179
48918
48919
48921
48978
48922
63181
48923
48980
58243
48922
48923
48922
48923
63185
63186
48928
48929
48930
63178
48928
48929
48928
48930
49079
48929
48930
49080
49081
48934
48935
48936
48944
48935
48936
49806
48934
48936
48946
49807
48948
48950
49808
48941
48942
48943
48944
48941
48943
48941
48942
48978
63182
48942
48943
48947
48979
48949
48981
48950
48948
48949
48950
48948
48949
48991
48948
48950
63324
48949
48950
48992
48994
63325
48955
48956
48957
48965
48956
48957
49211
48955
48956
49213
48955
48957
48967
64705
48969
49216
48971
48962
48963
48964
48965
48963
48964
49115
48962
48963
48985
49116
48962
48964
48968
48986
48970
48987
49118
48971
48969
48970
48971
48969
48970
48991
48969
48971
64706
48970
48971
48993
48995
48974
48975
63184
63188
48974
48975
49167
63186
49169
63190
48980
48981
48982
48990
63184
48980
48982
48980
48981
63185
48981
48982
48992
63186
48994
63187
48996
48987
48988
48989
48990
63188
48988
48989
48987
48988
49172
63189
48987
48989
48993
48995
49173
63190
48996
48994
48995
48996
63183
48994
48995
48994
48996
48995
48996
49001
49002
49003
49009
49014
63198
49001
49002
49010
49035
49002
49003
49037
49091
49001
49003
49015
49093
49017
49013
49040
63199
49018
49094
49007
49008
49009
63198
49007
49007
49008
49011
49049
49012
49013
49051
63199
49012
49013
63191
49013
49053
49012
49013
49055
63192
49058
49017
49018
49019
63191
63194
49017
49018
49100
49018
49019
49101
52287
63195
49103
63196
52288
63193
63197
49022
49028
49067
49092
49022
49093
49032
49095
63201
49025
49026
49030
49096
49142
49025
49097
63200
63797
49032
49098
63201
49033
49144
49031
49032
49033
49031
49032
49085
63202
49031
49033
49087
49149
49032
49033
49150
63203
49089
63204
49151
49038
49039
49040
49052
49059
49039
49040
49053
49038
49039
49060
64676
64683
49038
49040
64677
49063
49057
49064
49058
49045
49046
49047
49052
49059
49045
49046
58245
63157
49045
49047
49054
49046
49047
49061
49056
58246
63159
49062
49057
49064
49050
49051
49052
49050
49051
49055
49056
58246
49058
49056
49057
49058
49057
49058
49056
49057
49056
49058
63163
63164
49062
49063
49064
49063
49064
64680
64684
49062
49064
64685
64686
49068
49069
49077
49084
49068
49078
64676
64683
49068
49069
49085
64678
49082
49088
64679
49089
49074
49075
49076
49077
49084
49074
49076
49167
58247
49074
49075
49079
49075
49076
49086
49168
49081
58248
49082
49088
49090
49170
58249
49081
49082
49083
49082
49083
64680
64684
49081
49082
49081
49083
64681
49088
49089
49090
49088
49089
64682
49088
49090
49181
49089
49090
49182
49183
49094
64677
49095
63202
64678
49094
49095
49100
49103
49104
63204
49098
63203
63215
49098
49102
52298
49104
63204
49103
49104
49105
49103
49104
49103
49105
52304
49104
49105
52305
63200
63201
52306
49108
49109
49121
49125
49129
49108
49109
49130
49163
49127
49131
49124
49132
49164
49112
49113
49125
49129
49112
49113
49126
49354
60110
49127
49131
60112
49128
49356
49118
49119
49120
49121
49129
49118
49120
49118
49119
49122
49172
49119
49120
49123
49124
49132
49174
49123
49124
63205
49123
49124
49176
63207
49178
49127
49128
63205
49127
49128
49365
49367
63208
49131
49132
49131
49132
49187
60117
60118
49188
49137
49138
49139
49147
49154
49138
49139
49148
49162
49137
49138
49163
63209
49137
49139
49155
49158
63210
49152
49165
63211
49153
49159
49144
49145
49146
49147
49154
49144
49146
49144
49145
49150
63215
49145
49146
49157
52364
63216
49151
49153
49159
49160
52366
49151
49152
49153
49152
49153
49180
49151
49152
49182
49151
49153
49185
49158
49159
49160
49158
49159
49158
49160
52370
49159
49160
52371
52373
49164
49165
49175
49179
49186
49165
49180
49164
49165
49187
49178
49188
49185
49189
49169
49170
49175
49179
49169
49170
49170
49181
49177
49183
49173
49174
49175
49186
49173
49174
49176
49177
49178
49188
49177
49178
49177
49178
63189
63190
49183
49184
49185
63212
49184
49185
49183
49184
49183
49185
63213
63214
49188
49189
63212
49188
49189
63209
63211
63214
49193
49194
49195
49203
49194
49195
49193
49194
49205
49207
49208
49200
49201
49202
49203
49200
49202
49273
49200
49201
49206
49237
49201
49202
49238
49274
63217
49208
49209
49240
49276
49207
49208
49209
49207
49209
49250
49207
49208
60727
49208
49209
49251
60728
49254
49214
49215
49216
49224
49215
49216
49214
49215
49226
64296
49214
49216
49228
49229
49221
49222
49223
49224
49221
49223
49358
49221
49222
49227
49244
49222
49223
49245
49359
49229
49230
49247
49361
49228
49229
49230
49228
49230
49250
49228
49229
64297
49229
49230
49252
49255
49233
49234
63219
63223
49233
49234
49329
49410
49331
63222
49412
63225
49239
49240
49241
49249
63219
49239
49241
49239
49240
49251
49240
49241
49335
63220
49253
49254
63221
49336
63222
49246
49247
49248
49249
63223
49246
49248
49246
49247
49252
49247
49248
49415
63224
49253
49255
49416
63225
49253
49254
49255
63218
49254
49255
49253
49254
49253
49255
49259
49316
63226
49259
49628
63229
49317
49629
63227
63230
49263
49264
49279
49283
49287
49263
49263
49264
49288
49324
49281
49289
49286
49290
49326
49268
49269
49270
49279
49287
49269
49270
49268
49269
49280
60120
49281
49289
60122
49282
49291
49279
49283
49276
49277
49278
49283
49287
49276
49278
49276
49277
49284
49335
49277
49278
49285
49286
49290
49337
49291
49281
49282
49281
49282
62566
62568
49285
49286
49285
49286
49339
63217
49341
49289
49290
49291
49289
49290
63241
60123
63242
49296
49297
49298
49297
49298
49299
49323
63236
49296
49297
63233
63237
49296
49298
49324
49302
63235
63238
49303
49327
49302
49303
49311
49343
49302
49312
63231
64696
49303
49345
49313
63232
49347
49308
49309
49310
49315
49309
49310
49478
49645
58250
49308
49309
49312
49479
63231
49308
49310
49318
49646
49313
49319
63232
49314
49481
49320
49647
49313
63236
49313
49314
49490
63238
49491
49319
49320
49319
63233
63237
49320
49658
49319
49320
49659
63234
63235
63238
49660
49325
49326
49327
49338
49342
63240
49325
49326
49325
49327
49343
49326
49327
63241
49346
49341
63242
49347
49331
49332
49333
49338
49342
58251
49331
49333
49507
58252
49332
49333
49344
49508
49340
58253
49346
49348
49510
58254
49336
49337
49338
58251
63240
49336
49337
49339
49340
58253
49341
63242
49340
49341
49340
49341
63220
63222
49346
49347
49348
63239
49346
49347
49346
49348
49515
49347
49348
49516
49517
49351
49352
49364
49368
49372
49351
49352
49373
49406
49366
49374
49371
49375
49407
49355
49356
49364
49372
49355
49356
49365
60125
49366
49374
60127
49367
49361
49362
49363
49368
49372
49361
49363
49361
49362
49369
49415
49362
49363
49370
49371
49375
49417
49366
49367
63243
49366
49367
63245
49370
49371
63243
49370
49371
49419
63246
49421
49374
49375
49374
49375
49430
60132
60133
49431
49380
49381
49382
49390
49397
49381
49382
49391
49405
49380
49381
49406
63247
49380
49382
49398
49401
63248
49394
49408
63249
49395
49402
49387
49388
49389
49390
49397
49388
49389
49387
49388
49393
49459
63253
49387
49389
49400
52642
63254
49395
49402
49396
49461
49403
52644
49394
49395
49396
49394
49395
49423
49394
49396
49425
49465
49395
49396
49466
49427
49467
49401
49402
49403
49401
49402
49401
49403
52648
49402
49403
52649
52651
49407
49408
49418
49422
49429
49408
49423
49407
49408
49430
49421
49431
49427
49432
49412
49413
49418
49422
49412
49413
49507
49413
49424
49509
49420
49428
49511
49416
49417
49418
49429
49416
49417
49419
49420
49421
49431
49420
49421
49420
49421
63224
63225
49426
49427
49428
63250
49426
49427
49426
49428
49522
49427
49428
49523
63251
49524
63252
49431
49432
63250
49431
49432
63247
63249
63251
49437
49438
49439
49445
49450
63262
49438
49439
49472
49527
49437
49438
49446
49473
49437
49439
49451
49529
49453
49448
49476
63263
49454
49530
49443
49444
49445
63262
49444
49788
49443
49444
49447
49485
49789
49448
49486
63263
49449
49791
49448
49449
63255
49448
49495
49448
49449
49497
49499
63256
49453
49454
49455
63255
63258
49453
49454
49536
49454
49455
49537
52729
63259
49539
63260
52730
63257
63261
49458
49464
49503
49528
49458
49529
49469
49531
63265
49461
49462
49466
49532
49462
49533
63264
63906
49467
49469
49534
63265
49467
49468
49469
49468
49469
49521
63266
49467
49468
49523
49467
49469
63267
49526
63268
49474
49475
49476
49488
49494
49474
49475
49489
64687
64694
49474
49476
64688
49475
49476
49495
49492
49493
49498
49499
49481
49482
49483
49488
49494
49481
49483
58255
63316
49481
49482
49490
49482
49483
49496
49491
49493
49498
49500
58256
63317
49486
49487
49494
49486
49487
49497
49801
49499
49500
49803
58256
49491
49492
49493
49492
49493
64691
64695
49491
49493
64696
64697
49498
49499
49500
49498
49499
49498
49500
49499
49500
63319
63320
49504
49505
49513
49520
49504
49514
64687
64694
49504
49505
49521
64689
49518
49525
64690
49526
49510
49511
49512
49513
49520
49510
49511
58257
49510
49512
49515
49511
49512
49522
49517
58258
49524
58259
49518
49525
49517
49518
49519
49518
49519
64691
64695
49517
49518
49517
49519
64692
49524
49525
49526
49525
49526
64693
49524
49525
49524
49526
49530
64688
49531
63266
64689
49530
49531
49536
49539
49540
63268
49534
63253
63267
49534
49538
52746
49540
63268
49539
49540
49541
49539
49540
49539
49541
52752
49540
49541
52753
63264
63265
52754
49544
49545
49558
49565
49571
49544
49545
49559
49563
49570
49564
49577
63272
49550
49551
49552
49565
49571
49551
49552
49550
49551
49566
64224
49550
49552
49573
64225
49568
49575
49569
49576
49556
49557
49558
49565
49557
49560
65500
49556
49557
49567
65501
49569
49563
49570
65504
49562
49563
49564
63269
49563
49564
49595
65505
49562
49563
65507
49562
49564
49597
65509
49600
63270
49568
49569
49570
49568
49569
49569
49570
64701
49575
49576
49577
63269
49575
49577
49602
49575
49576
64226
49576
49577
49603
49606
63270
49582
49583
49584
49594
63273
49582
49584
49773
65739
49582
49583
49596
64698
65740
49583
49584
49598
65742
49599
49775
49587
49588
49594
49601
49587
49588
49603
49605
49600
49606
63270
49592
49593
49601
63273
49592
49593
63308
49592
49604
49605
63310
49598
49599
49600
63271
49599
49600
49598
49599
64295
64700
49598
49600
63272
49605
49606
63271
49606
49605
49606
49605
63272
49611
49612
49613
49626
58261
63283
49612
49613
49611
49612
60135
63284
49611
49613
49628
60136
63229
49630
63286
63287
49631
49617
49618
49619
58261
63283
49618
49621
49617
49618
63285
63287
49624
63288
49623
49624
49625
63278
63281
49624
49625
49650
49623
49624
49623
49625
49652
63279
49655
63280
63282
49630
49631
49632
63278
63281
49630
49632
49657
49630
49631
49631
49632
49658
49661
63280
63282
49636
49637
49638
49649
49636
49638
49795
49636
49637
49651
63274
49653
49654
49797
49641
49642
49643
49649
49656
49642
49643
49658
49653
49660
49655
49661
63282
49647
49648
49656
49647
49648
63316
49647
49659
49660
63318
49653
49654
49655
63289
49654
49655
49653
49654
60726
63276
49653
49655
63290
49660
49661
63289
49661
49660
49661
49660
63290
49665
49666
49667
49680
49686
49691
49665
49667
49687
49748
64702
49666
49667
49692
49733
49749
49684
49689
49685
49694
49690
49695
49750
49672
49673
49680
49686
49672
49672
49673
49681
65723
49673
49688
65724
49683
58264
49684
49689
65725
49678
49679
49680
49691
49678
49678
49679
49682
49735
49679
49693
49736
49683
58264
49685
49694
49737
49683
49684
49685
49683
49684
60723
49683
49685
60724
60725
49689
49690
49689
49690
63303
65510
49689
65511
65513
49694
49695
49694
49695
49740
49762
49694
49741
49743
49763
49700
49701
49702
49703
49707
49700
49702
49700
49701
49704
63301
49701
49702
49710
49705
49706
49712
63302
49713
63305
49705
49706
49705
49706
49757
49760
63292
49711
49712
49713
49711
49712
63291
63303
65510
49711
49713
63294
63306
65512
49712
49713
65514
63292
63304
63295
63307
49715
49727
49733
49749
49731
49752
63298
49718
49788
49718
49728
49790
63299
49732
49792
49723
49724
49725
49726
49723
49725
49723
49724
49753
63296
49724
49725
49729
63297
49731
49754
63298
49732
63313
49730
49731
49732
49730
49731
49740
49762
49730
49732
49742
63314
49731
49732
49744
49764
63315
49740
49738
49795
49737
49737
49738
49741
49796
49743
49745
49798
58265
49743
49744
49745
49743
49744
49743
49745
63321
49744
49745
63299
63322
63300
63323
49750
49751
49752
49755
49751
49752
49756
49750
49751
63291
63303
49750
49752
49762
49763
49760
63292
63304
49761
49764
49754
49758
64301
49761
49764
49759
49760
49761
49760
49761
49759
49760
63301
65320
49759
49761
63296
65321
63302
63298
49763
49764
49769
49770
49771
49769
49770
63293
49769
49771
49779
49770
49771
49780
63294
63306
63295
63307
49783
49775
49776
49784
49775
49776
65722
49776
49785
65724
49787
65726
49781
49782
49783
49784
49781
49782
49781
49783
63311
49782
49783
49786
64703
63312
49787
64704
49787
49787
65511
49787
63306
65512
65515
49791
49792
49791
49793
49801
49792
49793
49802
63314
63315
49805
49797
49798
49797
49798
49798
63321
63323
49803
49804
49805
49803
49804
49803
49805
63319
49804
49805
63299
63322
63320
63300
63323
49808
58266
49808
63324
58267
63325
49813
49814
49828
49833
63329
49813
49829
65517
49813
49814
49834
49872
65518
49814
49874
49832
49836
65520
49837
49876
63330
49818
49819
49820
49828
49833
49818
49819
49818
49820
49830
64708
49831
49835
49832
49836
49825
49826
49827
49833
63329
49825
49827
64707
64725
49825
49826
49880
49826
49827
49881
49835
49837
49883
63330
49831
49832
49832
65522
49831
49832
62757
65523
62759
65525
49835
49836
49837
49836
49837
63336
49842
49843
49844
49858
49863
63331
49842
49843
49859
65517
49843
49844
49899
65519
49842
49844
49901
49862
49865
65521
49866
49903
63332
49848
49849
49850
49858
49863
49848
49849
49848
49850
49860
49861
49864
49862
49865
49855
49856
49857
49863
63331
49855
49857
63326
63506
49855
49856
49907
49856
49857
49908
49864
49866
49910
63332
49861
49862
49862
65522
49861
49862
65524
65526
49864
49865
49866
63342
49870
49892
49919
63333
49894
64710
49870
49920
64711
49922
49875
49876
49877
49891
63335
63337
49875
49876
49875
49877
49892
63327
63333
49876
49877
49895
63336
63338
49896
49882
49883
49884
63335
63337
49882
49884
50049
49882
49883
49883
49884
50051
63336
63338
50053
63339
49888
49889
49890
49891
63337
49889
49890
49929
49888
49889
49894
49930
49896
49897
49932
63339
49895
49896
49897
63334
49895
49896
63328
49895
49897
49896
49897
49937
49938
49902
49903
49904
49918
63341
63343
49902
49903
49902
49904
49919
63327
63333
49903
49904
49921
63342
63344
49922
49909
49910
49911
63341
63343
49909
49911
50711
49909
49910
49910
49911
50713
63342
63344
50715
63345
49915
49916
49917
49918
63343
49916
49917
49952
49915
49916
49920
49953
49922
49923
49955
63345
49921
49922
49923
63340
49921
49922
63328
49922
49923
49962
49963
49927
49935
49940
49927
49936
54343
49927
49941
54344
54351
49939
49944
54347
49932
49933
49934
49935
49940
49932
49934
63405
49932
49933
49937
49933
49934
49942
49938
49939
49944
49946
63406
49938
49939
49939
64709
49938
49939
64710
64712
49944
49945
49946
49944
49945
54350
54353
49944
49946
49945
49946
54355
63346
63407
54357
63347
63408
49950
49960
49965
49950
49961
54343
49950
49966
54345
64718
49964
49969
54348
49955
49956
49957
49960
49965
49955
49957
49955
49956
49962
49956
49957
49967
49963
49964
49969
49971
50876
49959
49968
50879
54360
49971
50881
49963
49964
49964
64709
49963
49964
64711
64713
49969
49970
49971
49969
49970
54362
64714
49969
49971
49970
49971
50884
54364
64715
54366
50885
49975
49983
49990
49975
49984
50037
63351
49975
49991
50038
63362
49989
49994
50039
49980
49981
49982
49983
49990
49980
49982
50113
49980
49981
49986
49981
49982
49992
50114
49987
49989
49994
49996
50116
49987
49988
49989
49988
49989
50033
63357
49987
49988
50034
49987
49989
63358
49994
49995
49996
49994
49995
50043
63359
49994
49996
50121
49995
49996
50044
50122
63360
50123
50000
50005
50037
63351
49999
50000
50009
63352
50012
50007
50014
63353
50004
50006
50030
60735
50003
50004
50011
50031
50013
50007
50014
50032
50007
50033
63357
50007
50035
60738
50036
50012
50013
50014
50012
50014
63354
50012
50013
50013
50014
63355
63356
50017
50018
50022
63361
50018
50027
50038
63362
50025
50026
50029
63363
50021
50024
50040
50021
50028
50041
63382
50026
50029
50042
50025
50026
63364
50025
50026
63365
63366
50029
50043
63359
50029
50045
63385
50046
50032
50035
50032
62805
63355
50036
63356
50036
63351
50036
63353
50039
63357
50039
63359
63358
63360
50042
63365
50042
50045
50165
50046
63366
50046
63362
50172
50046
50173
63363
50048
63402
50052
50053
50052
64726
50053
50056
50057
63367
63369
50056
50057
50113
63368
50117
63372
50062
50063
50064
50071
63367
50062
50064
50062
50063
50079
50063
50064
50073
50080
63368
50075
50081
50077
50068
50069
50070
50071
63369
50068
50069
50089
63370
63377
50068
50070
50074
50090
50076
50091
63371
63372
63378
50077
50075
50076
50077
50075
50076
50075
50077
50084
63399
50076
50077
50101
50103
50082
63402
50081
50081
50082
50084
63403
50086
63404
50086
50239
50086
50242
50086
50243
63374
50244
50091
50092
50093
50100
50092
50093
50189
50091
50092
50098
50190
50091
50093
50101
50103
50099
50191
50104
50097
50100
50097
50246
60836
50097
50102
50247
63373
50104
50249
50099
50198
63370
50199
50103
50104
50103
50104
63410
50104
63375
63411
63412
50109
50110
50111
50119
50126
63380
50109
50110
50120
50157
50109
50111
50110
50111
50158
50185
50124
50129
50125
50160
50130
50186
63381
50116
50117
50118
50119
50126
50116
50117
50116
50118
50121
50117
50118
50123
50128
50124
50129
50123
50124
50125
50124
50125
50171
50123
50124
50123
50125
50172
50175
50128
50129
50130
63376
50128
50130
50198
63370
63377
63372
63378
50200
63379
50135
50136
50137
50144
50151
50136
50137
50158
50185
50135
50136
50145
50159
50135
50137
50148
50153
50149
50162
50154
50187
63391
50141
50142
50143
50144
50151
58272
50142
50143
50386
53071
58273
50141
50142
50146
50387
50148
50153
50150
50390
58274
50155
53073
58275
50148
50149
50150
50148
50149
50178
50148
50150
50398
50149
50150
50180
50399
50182
50401
50153
50154
50155
63387
50154
50155
50202
53084
63388
50203
63389
53085
63390
50160
50161
50162
50170
50177
50160
50161
50171
50160
50162
50161
50162
50178
50175
50176
50181
50182
50167
50168
50169
50170
50177
50167
50169
50411
50167
50168
50173
63382
50168
50169
50179
50413
63383
50174
50176
50181
63384
50183
50415
50174
50175
50176
50175
50176
50174
50175
50174
50176
63385
63386
50181
50182
50183
50181
50182
50181
50183
50426
50182
50183
50427
50428
50186
50187
50197
50201
63395
50186
50187
63396
50200
63397
50203
63398
50191
50192
50197
63395
50191
50191
50192
50198
63377
50199
50200
63379
63397
50195
50196
50201
63395
50195
50196
50202
53102
63388
50203
63389
63398
50204
53104
50199
50200
63392
50199
50200
63393
50203
50204
63392
50203
50204
63982
63394
63983
50208
50209
50223
63400
50208
50209
53163
65527
50208
50224
65528
50226
65531
53167
63401
50213
50214
50215
50223
50228
50213
50215
50225
50236
64716
50214
50215
50229
50237
50226
50231
50227
50232
50240
50220
50221
50222
50228
63400
50220
50222
53170
50220
50221
50230
50247
63373
50221
50222
50248
53172
50231
50233
53174
63401
50226
50227
50226
54354
50226
50227
54355
63407
54358
63409
50231
50232
50233
50231
50232
50243
63374
50231
50233
63375
63411
50245
50238
50239
50240
50241
50238
50239
50238
50240
63346
63407
50239
50240
50243
63347
63408
50244
50245
63409
50244
50245
50244
63399
63403
50244
50245
63404
50249
53202
58276
50249
63411
53204
58277
63412
50253
50254
50267
50274
63414
50253
50268
50301
50253
50254
50275
50303
63436
50272
50277
50304
50278
63416
63437
50258
50259
50260
50267
58278
63414
50258
50260
50453
58279
50258
50259
50270
50271
50273
50454
58280
63417
50265
50266
50274
58278
63414
50266
50457
50265
50276
50328
50265
50266
50329
50458
63415
50278
50330
63416
50460
58280
63417
50271
50272
50273
63413
50272
50273
50313
50271
50272
50314
50271
50273
50317
50277
50278
63413
50277
50278
50339
63433
50278
50340
63434
50342
50281
50282
50283
50290
50294
50281
50282
50291
62841
63430
50292
62843
50293
50297
63431
50299
50287
50288
50289
50294
50287
50289
64298
64727
50288
50289
50296
50335
64728
50298
50336
50299
50292
50293
63424
63428
50292
50293
50322
63429
50325
63426
50297
50298
50299
63424
50297
50298
50339
63425
63433
50298
50299
50341
63426
63435
50343
63427
50304
50305
50306
50312
50319
63432
50304
50305
50313
50305
50306
50320
50304
50306
63425
63433
50317
63434
50318
50324
50325
63426
63435
50310
50311
50312
50319
50311
50315
63418
50310
50311
50321
63419
50323
50318
50324
63420
50316
50317
50318
50317
50318
50316
50317
50316
50318
63421
63422
50323
50324
50325
50324
50325
50323
50324
63423
50323
50325
63430
63431
50330
50331
50332
50338
50331
50332
50345
50476
58281
50330
50331
50340
50330
50332
50477
50342
50344
50346
58283
50336
50337
50338
50337
50347
58282
50336
50337
50341
50348
50343
50344
50350
58283
50342
50343
50344
50342
50343
63436
50342
50344
50343
50344
63437
50346
63473
50350
50351
50618
50350
64728
50351
50620
50622
50356
50357
50358
50366
50373
63442
50356
50357
50367
50404
50356
50358
50357
50358
50406
50432
50371
50375
50372
50407
50376
50433
63443
50363
50364
50365
50366
50373
50363
50365
50453
50363
50364
50368
50364
50365
50370
50371
50375
50377
50455
50370
50371
50372
50371
50372
50418
50370
50371
50370
50372
50419
50422
50375
50376
50377
63438
50376
50377
50449
63439
63464
50450
63440
63441
63465
50382
50383
50384
50391
50396
50382
50384
50382
50383
50397
50405
50383
50384
50406
50432
50393
50400
50402
50409
50395
50434
63453
50388
50389
50390
50391
50396
58285
50389
50390
58286
50388
50390
50398
50393
50400
50394
58287
50401
58288
50393
50394
50395
63449
50394
50395
50445
63450
63451
50447
63452
50400
50401
50402
50400
50402
50425
50400
50401
50401
50402
50427
50430
50407
50408
50409
50417
50424
50407
50408
50418
50408
50409
50425
50407
50409
50422
50423
50429
50430
50414
50415
50416
50417
50424
50414
50415
50414
50416
50420
63444
50415
50416
50426
63445
50421
50428
50423
50429
63446
50421
50422
50423
50422
50423
50421
50422
50421
50423
63447
63448
50428
50429
50430
50429
50430
50428
50429
50428
50430
50433
50434
50444
50448
63457
50433
50434
63458
50450
63459
50447
63460
50438
50439
50448
63457
50439
50486
50438
50439
50449
50487
63439
50450
63440
63459
50451
50489
50442
50443
50444
63457
50442
50443
50445
63450
50446
50447
63452
63460
50446
50447
63454
50446
50447
60846
60848
63455
50450
50451
63454
50450
50451
50496
50497
63456
50454
50455
63461
63463
50454
50455
63462
63465
50460
50461
50462
50469
63461
50460
50462
50460
50461
50477
50461
50462
50471
50478
63462
50473
50479
50475
50466
50467
50468
50469
63463
50466
50467
50487
63439
63464
50467
50468
50472
50488
63441
63465
50474
50490
63466
50475
50473
50474
50475
50473
50474
50473
50475
50482
63470
50474
50475
50499
50501
50480
63473
50479
50479
50480
50482
63474
50484
63475
50484
50536
50484
50540
50484
50541
63468
50542
50489
50490
50491
50498
50489
50491
50489
50490
50496
50490
50491
50499
50497
50501
50502
50495
50498
50495
50544
63994
50495
50500
50545
63467
50502
50547
50497
63464
50501
50502
50501
50502
63481
50502
63469
63482
63483
50506
50507
50527
63471
50506
50507
53280
65542
50506
50528
65543
50531
65546
53284
63472
50511
50512
50513
50521
50527
50511
50512
50522
50534
50512
50513
50529
50535
64737
50524
50525
50530
50537
50531
50518
50519
50520
50521
63471
50518
50520
53287
50518
50519
50523
50545
63467
50519
50520
50546
53288
50524
50526
53290
63472
50524
50525
50526
50524
50525
50541
63468
50524
50526
63469
63482
50543
50530
50531
50531
54380
50530
50531
54381
63478
63479
54383
50536
50537
50538
50539
50536
50538
50536
50537
50541
50537
50538
63478
63504
50542
50543
63479
63480
63505
50542
50543
50542
63470
63474
50542
50543
63475
50547
53319
58289
50547
63482
53320
58290
63483
50552
50553
50567
50572
63486
50552
50553
50568
50611
65532
50552
50573
65533
50553
50612
50570
50576
65535
50571
50615
63487
50557
50558
50559
50567
50572
50557
50558
50558
50559
50574
64729
50569
50575
50570
50576
50564
50565
50566
50567
63486
50564
50565
64298
64727
50564
50566
50619
50565
50566
50620
50569
50571
50623
63487
50569
50570
50571
50570
50571
63493
50575
50576
50576
65537
50575
50576
62872
65538
62874
65540
50581
50582
50583
50597
50602
63488
50581
50583
50638
50581
50582
50598
65533
50582
50583
50639
65534
50601
50603
65536
50604
50642
63489
50587
50588
50589
50597
50602
50587
50589
50587
50588
50599
50600
50601
50603
50605
50594
50595
50596
50602
63488
50594
50596
60789
63503
50594
50595
50646
50595
50596
50647
50604
50649
63489
50605
50600
50601
50601
65537
50600
50601
65539
65541
50603
50604
50605
63502
50609
50631
50658
63490
50633
64731
50609
50659
64732
50661
50614
50615
50616
50630
63492
63494
50614
50615
50615
50616
50614
50616
50631
63484
63490
50634
63493
63496
50635
50621
50622
50623
63492
63494
50621
50622
50621
50623
50622
50623
63495
63493
63496
50627
50628
50629
50630
63494
50627
50629
50668
50628
50629
50633
50670
63495
50635
50636
50672
50634
50635
50636
63491
50634
50635
63485
50634
50636
50635
50636
50683
50684
50641
50642
50643
50657
63498
63501
50642
50643
50641
50642
50641
50643
50658
63484
63490
50660
63500
63502
50661
50648
50649
50650
63498
63501
50648
50650
50648
50649
50649
50650
63499
63500
63502
50654
50655
50656
50657
63498
50654
50656
50691
50655
50656
50659
50692
63499
50661
50662
50694
50660
50661
50662
63497
50660
50661
63485
50661
50662
50701
50702
50666
50674
50681
50666
50675
54369
54377
50666
50682
54370
50679
50685
54373
50671
50672
50673
50674
50681
50671
50672
63476
50671
50673
50676
50672
50673
50683
50678
63477
50684
50679
50685
50678
50679
50680
50679
50680
54376
54379
50678
50679
50678
50680
54381
63478
63504
63480
63505
54384
50684
50685
50685
64730
50684
50685
64731
64733
50689
50699
50704
50689
50700
54370
50689
50705
54371
64739
50703
50708
54374
50694
50695
50696
50699
50704
50694
50696
50694
50695
50701
50695
50696
50706
50702
50703
50708
50710
51208
50698
50707
51211
54386
50710
51213
50702
50703
50703
64730
50702
50703
64732
64734
50708
50709
50710
50708
50709
54388
64735
50708
50710
50709
50710
51216
54390
64736
54392
51217
50714
50715
50714
63507
50715
63511
50718
50727
50771
50778
50718
50734
50779
50784
50732
50737
50780
50723
50724
50725
50726
50733
50723
50725
50903
50723
50724
50729
50724
50725
50735
50904
50730
50732
50737
63524
50739
50906
50730
50731
50732
50731
50732
50774
50781
50730
50731
50775
50730
50732
50782
50737
50738
50739
50737
50738
50789
63525
50737
50739
50911
63526
50738
50739
50790
50912
63527
50913
50743
50744
50753
50744
50750
50771
50778
50743
50744
50754
50772
50757
50752
50759
50773
50748
50749
50753
50749
50751
60784
63519
50748
50749
50756
63520
50758
50752
50759
63521
50752
50774
50781
50752
50776
60786
50777
50757
50758
50759
50757
50759
63522
50757
50758
50758
50759
63523
50762
50766
50783
50762
50779
50784
63516
50770
50785
63518
50765
50768
50786
50765
50787
63517
63550
50770
50788
63518
50769
50770
63528
50769
50770
63529
63530
50773
50774
50773
63513
63522
50777
63523
50777
50777
63519
63521
50780
50781
50780
63525
50782
63527
50782
63524
50785
63512
63528
50785
50789
50792
63530
50788
63529
50788
50791
50953
50792
63530
50792
63516
50960
50792
50961
63517
63518
50797
50798
50799
50810
63531
50797
50799
50797
50798
50818
50798
50799
50812
50819
63532
50814
50820
50816
50802
50803
63531
63533
50802
50803
50903
63532
50907
63536
50807
50808
50809
50810
63533
50807
50808
50813
50828
50807
50809
50829
63534
63546
50815
50830
63535
50816
63536
63547
50814
50815
50816
50814
50815
50838
50814
50816
50822
63540
50815
50816
50839
50824
50841
50821
50873
58292
50820
50820
50821
50822
50874
50824
50825
50875
58293
50824
50825
50887
50825
50888
50889
50830
50831
50832
50837
50831
50832
50978
50830
50831
50839
50830
50832
50979
63539
50841
50842
50980
50836
50837
50836
50891
60849
50836
50840
50892
63537
50842
50894
50841
50842
50841
50841
50842
50842
63538
63543
63544
50846
50847
50861
63541
50846
50847
53416
64720
50846
50862
64721
50864
64724
53420
63542
50851
50852
50853
50861
50866
50851
50853
50863
50879
54360
50852
50853
50868
50880
50864
54361
50870
50865
50871
50883
50858
50859
50860
50866
63541
50858
50860
53423
50858
50859
50869
50892
63537
50859
50860
50893
53425
50870
50872
53426
63542
50864
50865
50864
54363
50864
50865
50884
54364
54367
50870
50871
50872
50871
50872
50870
50871
50888
50870
50872
63538
63543
50890
50875
63509
50875
50887
50889
50885
50881
50882
50883
50886
50881
50882
50881
50883
50884
50882
50883
50888
50885
50889
50890
50885
50889
50890
50889
63540
50889
50890
50894
53451
50894
63543
53453
63544
50899
50900
50901
50909
50916
50899
50900
50910
50946
50899
50901
50973
50900
50901
50947
50974
50914
50919
50915
50949
50920
50975
63549
50906
50907
50908
50909
50916
58294
50906
50907
58295
50906
50908
50911
50907
50908
50913
50918
58296
50914
50919
50913
50914
50915
50914
50915
50959
50913
50914
50913
50915
50960
50963
50918
50919
50920
63545
50918
50920
50987
63534
63546
63536
63547
50989
63548
50925
50926
50927
50934
50941
63559
50926
50927
50947
50974
63560
50925
50926
50935
50948
50925
50927
50938
50939
50951
50943
50976
63561
50931
50932
50933
50934
50941
58297
50932
50933
51519
53503
58298
50931
50932
50936
51520
50938
50940
51523
58299
50944
53505
58300
50938
50939
50940
63554
50938
50939
50966
50938
50940
51530
50939
50940
50968
51531
50970
51533
50943
50944
63555
50943
50944
50995
63556
64026
50996
63557
63558
64027
50949
50950
50951
50958
50965
50949
50950
50959
50949
50951
50950
50951
50966
50963
50964
50969
50970
50955
50956
50957
50958
50965
50955
50956
50961
63550
50956
50957
50967
51544
63551
50962
50964
50969
63552
50971
51546
50962
50963
50964
50963
50964
50962
50963
50962
50964
63553
50969
50970
50971
50969
50970
50969
50971
51557
50970
50971
51558
51559
50975
50976
50986
50990
50994
50975
50975
50976
50991
50989
50992
50993
50996
50980
50981
50986
50990
50980
50980
50981
50987
63546
50988
50989
50992
63548
50984
50985
50990
50994
50984
50985
50995
53531
63556
50993
50996
63557
50997
53533
50988
50989
63562
50988
50989
63539
63563
50992
50993
50992
50993
63560
63549
63561
50996
50997
63562
50996
50997
64030
63564
64031
51001
51002
51014
51018
63566
51001
51002
51015
51049
63579
51001
51019
51051
51016
51022
51052
51017
63568
63580
51006
51007
51014
58301
63566
51006
51081
51006
51007
51082
51229
63567
51017
51084
63568
51231
58304
63569
51011
51012
51013
51018
58301
63566
51012
51013
51102
51235
58302
51011
51012
51021
51103
51023
51024
51105
58303
51236
58304
63569
51016
51017
63565
51016
51017
51062
51092
51063
51096
51022
51023
51024
63565
51022
51023
51073
51022
51024
51074
51110
51023
51024
51111
51076
51112
51028
51029
51030
51037
51043
51028
51029
51029
51030
51045
62967
51040
51046
62969
51041
51047
51055
51034
51035
51036
51037
51034
51035
60789
63503
51034
51036
51039
51088
60790
51040
60791
51042
51090
51040
51041
51042
63570
51041
51042
51062
51092
63571
51040
51042
51094
51064
63572
51097
63573
51046
51047
63570
51047
51066
51046
51047
51067
63574
51070
63572
51052
51053
51054
51065
51072
51052
51053
51062
63571
51053
51054
51066
51052
51054
51073
51063
51076
51064
51070
63572
51071
51077
51064
51070
51059
51060
51061
51065
51072
51059
51060
51068
63575
51060
51061
51075
63576
63589
51069
51071
51077
63577
51078
51063
51064
51069
51070
51071
51070
51071
51069
51070
51069
51071
51076
51077
51078
51076
51077
51076
51078
51157
51077
51078
51158
63578
51083
51084
51085
51091
51083
51085
51251
58305
60792
51083
51084
51093
51084
51085
51252
51095
58307
60793
51096
51089
51090
51091
51089
58306
51089
51090
51094
51095
58307
51097
51095
51096
51097
51096
51097
63579
51095
51096
51095
51097
60794
63580
51100
51109
51154
51160
51100
51116
51161
51165
51114
51119
51162
51105
51106
51107
51108
51115
51105
51107
51285
51105
51106
51111
51106
51107
51117
51286
51112
51114
51119
63593
51121
51288
51112
51113
51114
51113
51114
51156
51163
51112
51113
51157
51112
51114
51164
51119
51120
51121
51119
51120
51171
63594
51119
51121
51293
63595
51120
51121
51172
51294
63596
51295
51125
51126
51132
51125
51126
51133
51153
51126
51139
51154
51160
51136
51138
51141
51155
51130
51131
51132
51130
51131
51135
63588
51131
51140
63576
63589
51137
51138
51141
63590
51136
51137
51138
51136
51138
63591
51136
51137
51137
51138
63592
51141
51156
51163
51141
51158
63578
51159
51144
51161
51165
63585
51144
51148
51166
51152
51167
63587
51147
51168
63586
63619
51147
51150
51169
51737
51152
51170
63587
51151
51152
63597
51151
51741
51152
51742
63598
63599
51155
63581
63591
51155
51156
51159
63592
51159
51159
63589
63590
51162
51163
51162
63594
51164
63596
51164
63593
51167
51171
51167
63582
63597
51174
63599
51170
51173
51335
51170
51755
63598
51174
63599
51174
63585
51342
51174
51343
63586
63587
51178
51179
51193
63601
51178
51179
64741
51179
51194
64742
63602
51196
64745
51183
51184
51185
51193
51198
51183
51184
51195
51211
54386
51184
51185
51200
51212
51196
54387
51197
51202
51214
51204
51190
51191
51192
51198
63601
51190
51192
51190
51191
51224
51191
51192
51201
51225
63611
63602
51203
51204
51196
51197
51196
54389
51196
51197
51216
54390
54393
51202
51203
51204
51202
51203
51202
51204
51220
51203
51204
63603
63612
51221
51207
51251
60792
51207
51219
51253
51222
51254
51217
51213
51214
51215
51218
51213
51215
51213
51214
51216
51214
51215
51220
51217
51221
51222
51217
51221
51222
51222
51256
63600
51221
51222
51257
51258
51226
51268
51226
51269
63603
51270
63604
51231
51232
51233
51244
63605
51231
51232
51231
51233
51252
51232
51233
51246
51253
63606
51248
51249
51255
51236
51237
63605
63607
51236
51237
51285
63606
51289
63610
51241
51242
51243
51244
63607
51241
51242
51247
51262
51242
51243
51263
63608
63615
51248
51250
51265
63609
63610
63616
51248
51249
51250
51249
51250
51272
51248
51249
51256
63600
51248
51250
51273
51259
51276
51254
58308
51255
51254
51255
51256
51258
58309
51259
51258
51259
51258
51264
51265
51266
51271
51264
51266
51360
51264
51265
51273
51265
51266
51361
63613
51275
51276
51362
51270
51271
51270
64037
51270
51274
63611
51275
51275
51276
51276
51275
51276
51275
63603
63612
63604
51281
51282
51283
51291
51298
51281
51282
51292
51328
51281
51283
51355
51282
51283
51329
51356
51296
51301
51297
51331
51302
51357
63618
51288
51289
51290
51291
51298
58310
51288
51289
58311
51288
51290
51293
51289
51290
51295
51300
58312
51296
51301
51295
51296
51297
51296
51297
51341
51295
51296
51295
51297
51342
51345
51300
51301
51302
63614
51300
51302
51369
63608
63615
63610
63616
51371
63617
51307
51308
51309
51316
51323
63628
51308
51309
51329
51356
63629
51307
51308
51317
51330
51307
51309
51320
51321
51333
51325
51358
63630
51313
51314
51315
51316
51323
58313
51314
51315
51906
53586
58314
51313
51314
51318
51907
51320
51322
51909
58315
51326
53587
58316
51320
51321
51322
63623
51320
51321
51348
51320
51322
51913
51321
51322
51350
51914
51352
51916
51325
51326
63624
51325
51326
51377
63625
64047
51378
63626
63627
64048
51331
51332
51333
51340
51347
51331
51332
51341
51331
51333
51332
51333
51348
51345
51346
51351
51352
51337
51338
51339
51340
51347
51337
51338
51343
63619
51338
51339
51349
51930
63620
51344
51346
51351
63621
51353
51932
51344
51345
51346
51345
51346
51344
51345
51344
51346
63622
51351
51352
51353
51351
51352
51351
51353
51937
51352
51353
51938
51939
51357
51358
51368
51372
51376
51357
51357
51358
51373
51371
51374
51375
51378
51362
51363
51368
51372
51362
51362
51363
51369
63615
51370
51371
51374
63617
51366
51367
51372
51376
51366
51367
51377
53614
63625
51375
51378
63626
51379
53616
51370
51371
63631
51370
51371
63613
63632
51374
51375
51374
51375
63629
63618
63630
51378
51379
63631
51378
51379
64055
63633
64056
51383
51384
51396
51403
63635
51383
51397
51431
51383
51384
51404
51433
63648
51401
51405
51434
51406
63637
63649
51388
51389
51390
51396
58317
63635
51388
51390
51589
58318
51388
51389
51399
51400
58319
51402
51590
58320
63638
51394
51395
51403
58317
63635
51394
51463
51394
51395
51464
51594
63636
51406
51465
63637
51596
58320
63638
51400
51401
51402
63634
51401
51402
51445
51400
51401
51446
51400
51402
51449
51405
51406
63634
51405
51406
51458
51474
51459
51477
51410
51411
51412
51419
51424
51410
51412
51410
51411
51421
63043
51422
63045
51423
51427
51443
51429
51416
51417
51418
51424
51416
51418
60814
63650
51417
51418
51426
51470
63651
51428
51471
51429
63652
51422
51423
63643
51423
51452
51422
51423
51454
63647
51457
63645
51427
51428
51429
63643
51427
51428
51458
51474
63644
51428
51429
51476
51460
63645
51478
63646
51434
51435
51436
51444
51451
51434
51435
51445
51435
51436
51452
51434
51436
51458
63644
51449
51459
51450
51456
51457
51460
63645
51440
51441
51442
51444
51451
51440
51442
51447
60803
63639
51441
51442
51453
63640
51448
51455
51450
51456
63641
51457
51460
51448
51449
51450
51449
51450
51448
51449
51448
51450
63642
51455
51456
51457
51456
51457
51455
51456
51455
51457
51459
51460
51465
51466
51467
51473
51466
51467
51612
58321
63653
51465
51466
51475
51465
51467
51613
51477
51479
58323
63654
51471
51472
51473
51472
51480
58322
51471
51472
51476
51481
51478
51479
51483
58323
51477
51478
51479
51477
51478
63648
51477
51479
51478
51479
63649
63655
51483
51484
52147
51483
63651
51484
52149
63655
52151
51489
51490
51491
51499
51506
51489
51490
51500
51536
51489
51491
51538
51563
51490
51491
51564
51504
51539
51505
51508
51509
51565
63660
51496
51497
51498
51499
51506
58325
51496
51498
51589
58326
51496
51497
51502
51497
51498
51503
51505
51508
51510
51591
58327
51503
51504
51505
51504
51505
51549
51503
51504
51550
51503
51505
51553
51508
51509
51510
63656
51509
51510
51585
63657
63679
51586
63658
63659
63680
51515
51516
51517
51524
51528
63670
51515
51517
51515
51516
51529
51537
51516
51517
51538
51563
63671
51532
51534
51541
51527
51566
63672
51521
51522
51523
51524
51528
58328
51522
51523
58329
51521
51523
51530
51532
51526
58330
51533
58331
51526
51527
63666
51526
51527
51577
60864
63667
60866
63668
51579
63669
51532
51533
51534
63665
51532
51534
51556
51532
51533
51533
51534
51558
51561
51539
51540
51541
51548
51555
51539
51540
51549
51540
51541
51556
51539
51541
51553
51554
51560
51561
51545
51546
51547
51548
51555
51545
51547
51551
63661
51546
51547
51557
63662
51552
51559
51554
51560
63663
51552
51553
51554
51553
51554
51552
51553
51552
51554
63664
51559
51560
51561
51560
51561
51559
51560
51559
51561
51565
51566
51576
51580
51584
51565
51566
51581
51565
51582
51586
51579
51583
51570
51571
51580
51584
51571
51622
51570
51571
51585
51623
63657
51582
51586
63658
51587
51625
51574
51575
51576
51580
51574
51575
51577
63667
51578
51579
51583
63669
51578
51579
63673
51578
51579
60872
60874
63674
51582
51583
51582
51583
63671
63660
63672
51586
51587
63673
51586
51587
63684
63675
51590
51591
63676
63678
51590
51591
63677
63680
51596
51597
51598
51605
63676
51596
51598
51596
51597
51613
51597
51598
51607
51614
63677
51609
51615
51611
51602
51603
51604
51605
63678
51602
51603
51623
63657
63679
51603
51604
51608
51624
63659
63680
51610
51626
63681
51611
51609
51610
51611
51609
51610
51633
51609
51611
51617
63685
51610
51611
51634
51619
51636
51616
51668
58332
51615
51615
51616
51617
51669
51619
51620
51670
58333
51619
51620
51680
51620
51681
51682
51625
51626
51627
51632
51625
51627
51625
51626
63684
51626
51627
51634
51636
51637
51631
51632
51631
51686
64062
51631
51635
51687
63682
51637
51689
51636
51637
51636
51636
51637
51637
63683
63688
63689
51641
51642
51663
63686
51641
51642
53681
64757
51641
51664
64758
51667
64761
53685
63687
51646
51647
51648
51656
51663
51646
51647
51658
51674
51647
51648
51665
51675
54403
51660
51661
51666
51677
51667
54404
51653
51654
51655
51656
63686
51653
51655
53688
51653
51654
51659
51687
63682
51654
51655
51688
53689
51660
51662
53691
63687
51660
51661
51662
51661
51662
51660
51661
51681
51660
51662
63683
63688
51683
51666
51667
51667
54406
51666
51667
51684
54407
54409
51670
63653
51670
51680
51682
51685
52200
51676
51677
51678
51679
51676
51678
51676
51677
51681
51677
51678
51684
52203
51682
51683
51685
52204
51682
51683
51682
63685
51682
51683
51685
52208
52209
51689
53716
51689
63688
53717
63689
51692
51701
51746
51762
51692
51708
51753
51763
51705
51712
51764
51697
51698
51699
51700
51707
51698
51699
51778
51880
51697
51698
51703
51779
51697
51699
51710
51881
51705
51712
63705
51706
51780
51713
51883
51704
51705
51706
51704
51705
51748
51765
51704
51706
51749
51790
51705
51706
51791
51766
51792
51711
51712
51713
51711
51712
51758
63706
51711
51713
51759
51888
51712
51713
51889
63707
63708
51890
51717
51718
51724
51717
51718
51725
51745
51718
51731
51746
51762
51728
51730
51733
51747
51722
51723
51724
51722
51723
51727
63697
51723
51732
63698
63721
51729
51730
51733
63699
51728
51729
51730
51728
51730
63700
51728
51729
51729
51730
63701
51733
51748
51765
51733
51750
63723
51751
51736
51740
51752
51736
51753
51763
63694
51744
51754
63696
51739
51742
51755
51739
51756
63695
63737
51744
51757
63696
51743
51744
63702
51743
51744
63703
63704
51747
63690
63700
51747
51748
51751
63701
51751
51845
51751
51846
63698
63699
51754
63691
63702
51754
51758
51761
63704
51757
63703
51757
51760
51931
51761
63704
51761
63694
51944
51761
51945
63695
63696
51764
51765
51764
63706
51766
63708
51766
63705
51770
51771
51861
51770
51771
51862
63710
51863
63714
51775
51776
51788
51795
63716
51775
51789
51824
51775
51776
51796
51825
63729
51793
51797
51826
51798
63718
63730
51780
51781
51782
51788
58335
63716
51780
51782
52028
58336
51780
51781
51791
51792
58337
51794
52029
58338
63719
51786
51787
51795
58335
63716
51786
51855
51786
51787
51856
52033
63717
51798
51858
63718
52035
58338
63719
51792
51793
51794
63715
51793
51794
51844
51792
51793
51845
51792
51794
51848
51797
51798
63715
51797
51798
51850
51866
51851
51870
51802
51803
51804
51811
51816
51802
51803
51802
51804
51813
63100
51814
63102
51819
51815
51820
51835
51808
51809
51810
51816
51808
51810
63709
63966
51808
51809
51818
51862
63710
51819
63711
51821
51864
51814
51815
63724
51815
51837
51814
51815
51839
63728
51842
63726
51819
51820
51821
63724
51820
51821
51850
51866
63725
51819
51821
51868
51852
63726
51871
63727
51826
51827
51828
51836
51843
51827
51828
51837
51826
51827
51844
51826
51828
51850
63725
51848
51851
51841
51849
51842
51852
63726
51832
51833
51834
51836
51843
51832
51834
51838
63720
51833
51834
51846
63698
63721
51840
51847
51841
51849
63722
51842
51852
51840
51841
51842
51841
51842
51840
51841
51840
51842
51847
51848
51849
51848
51849
51847
51848
51847
51849
63723
51851
51852
51857
51858
51859
51865
51857
51859
52051
58339
63712
51857
51858
51867
51858
51859
52052
51869
58341
63713
51870
51863
51864
51865
51863
58340
51863
51864
51868
51869
58341
51871
51869
51870
51871
51870
51871
63729
51869
51870
51869
51871
63714
63730
51876
51877
51878
51886
51893
51876
51877
51887
51924
51876
51878
51925
51950
51877
51878
51951
51891
51926
51892
51895
51896
51952
63735
51883
51884
51885
51886
51893
58342
51883
51885
52028
58343
51883
51884
51889
51884
51885
51890
51892
51895
51897
52030
58344
51890
51891
51892
51891
51892
51943
51890
51891
51944
51890
51892
51947
51895
51896
51897
63731
51896
51897
51968
63732
63759
51969
63733
63734
63760
51902
51903
51904
51911
51918
63745
51902
51903
51912
51923
51903
51904
51925
51950
63746
51902
51904
51915
51917
51928
51920
51953
63747
51908
51909
51910
51911
51918
58345
51909
51910
53768
58346
51908
51909
51913
51915
51916
58347
51921
53769
58348
51915
51916
51917
63740
51915
51917
51936
51915
51916
51916
51917
51938
51941
51920
51921
63741
51920
51921
51972
63742
64077
51973
63743
63744
64078
51926
51927
51928
51935
51942
51927
51928
51936
51926
51927
51943
51926
51928
51947
51940
51948
51941
51932
51933
51934
51935
51942
51932
51934
51937
63736
51933
51934
51945
63737
51939
51946
51940
51948
63738
51939
51940
51941
51940
51941
51939
51940
51939
51941
51946
51947
51948
51947
51948
51946
51947
51946
51948
63739
51952
51953
51963
51967
51971
51952
51953
51964
51952
51965
51969
51966
51973
51957
51958
51963
51967
51958
52061
51957
51958
51968
52062
63732
51965
51969
63733
51970
52064
51961
51962
51963
51971
51961
51962
51972
53797
63742
51966
51973
63743
51974
53799
51965
51966
51965
51966
63746
63735
63747
51969
51970
63748
51969
51970
63764
63749
51973
51974
63748
51973
51974
64085
63750
64086
51978
51979
52000
63752
51978
51979
53858
64776
51978
52001
64778
52004
64780
53863
63753
51983
51984
51985
51993
52000
51983
51984
51995
52011
51983
51985
52002
52012
54429
51997
52003
52013
51999
52004
54430
51990
51991
51992
51993
63752
51991
51992
53865
51990
51991
51996
52024
63762
51990
51992
52025
53866
51998
51999
53868
63753
51997
51998
51999
51997
51998
51997
51999
52018
51998
51999
63754
63763
52019
52003
52004
52004
54432
52003
52004
52021
54433
54435
52007
52051
63712
52007
52017
52053
52020
52054
52022
52988
52013
52014
52015
52016
52014
52015
52013
52014
52018
52013
52015
52021
52990
52019
52020
52022
52991
52019
52020
52020
52056
63751
52019
52020
52057
52058
52022
53000
53001
52026
52068
53893
52026
52069
63754
53894
52070
63755
52029
52030
63756
63758
52029
52030
63757
63760
52035
52036
52037
52044
63756
52035
52036
52035
52037
52052
52036
52037
52046
52053
63757
52048
52049
52055
52041
52042
52043
52044
63758
52041
52043
52062
63732
63759
52042
52043
52047
52063
63734
63760
52048
52050
52066
63761
52048
52049
52050
52049
52050
52072
52048
52049
52056
63751
52048
52050
52073
52059
52076
52054
58349
52055
52054
52055
52056
52058
58350
52059
52058
52059
52058
52064
52065
52066
52071
52064
52065
52064
52066
63764
52065
52066
52073
52075
52076
52070
52071
52070
64097
52070
52074
63762
52075
52075
52076
52076
52075
52076
52075
63754
63763
63755
52081
52082
52083
52097
52101
63767
52082
52083
52140
65547
52081
52082
52102
65548
52081
52083
52141
52099
52105
65550
52100
52144
63768
52087
52088
52089
52097
52101
52087
52088
52088
52089
52103
52098
52104
52099
52105
52094
52095
52096
52097
63767
52094
52095
60814
63650
52094
52096
52148
52095
52096
52149
52098
52100
52152
63768
52098
52099
52100
63774
52104
52105
52105
65552
52104
52105
65553
65555
52110
52111
52125
52130
63769
52111
52166
52110
52126
65548
52110
52111
52131
52167
65549
52129
52132
65551
52133
52170
63770
52115
52116
52117
52125
52130
52115
52117
52115
52116
52127
64746
52128
52129
52132
52134
52122
52123
52124
52130
63769
52122
52124
64299
64747
52122
52123
52174
52123
52124
52175
52133
52177
63770
52134
52128
52129
52129
65552
52128
52129
63145
65554
63147
65556
52132
52133
52134
52132
52133
63783
52138
52160
52186
63771
52138
52161
64751
52188
64752
52163
52143
52144
52145
52159
63773
63775
52143
52144
52144
52145
52143
52145
52160
63765
63771
52162
63774
63777
52163
52150
52151
52152
63773
63775
52150
52151
52150
52152
52151
52152
63776
63774
63777
52156
52157
52158
52159
63775
52156
52158
52197
52157
52158
52161
52199
63776
52163
52164
52201
52162
52163
52164
63772
52162
52163
63766
52163
52164
52214
52215
52169
52170
52171
52185
63779
63782
52170
52171
52169
52170
52169
52171
52186
63765
63771
52189
63781
63783
52190
52176
52177
52178
63779
63782
52176
52178
52176
52177
52177
52178
63780
63781
63783
52182
52183
52184
52185
63779
52182
52184
52222
52183
52184
52188
52223
63780
52190
52191
52225
52189
52190
52191
63778
52189
52190
63766
52189
52191
52190
52191
52230
52231
52195
52205
52212
52195
52206
54395
64755
52195
52213
54396
52210
52216
54399
52200
52201
52202
52205
52212
52200
52201
52200
52202
52207
52201
52202
52214
52209
52215
52210
52216
52204
52208
54403
52209
52209
52210
52211
52210
52211
54405
64748
52209
52210
52209
52211
54407
64749
54410
52215
52216
52216
64750
52215
52216
64751
64753
52220
52228
52233
52220
52229
54396
52220
52234
54397
54412
52232
52237
54400
52225
52226
52227
52228
52233
52225
52227
63836
52225
52226
52230
52226
52227
52235
52231
52232
52237
52239
63837
52231
52232
52232
64750
52231
52232
64752
64754
52237
52238
52239
52237
52238
54402
54414
52237
52239
52238
52239
54416
63784
63838
54418
63785
63839
52243
52244
52257
52262
63787
52243
52244
52258
52291
63809
52243
52263
52293
52260
52266
52294
52261
63789
63810
52249
52250
52257
58354
63787
52250
52456
52249
52259
52318
52249
52250
52319
52457
63788
52261
52321
63789
52459
58356
63790
52254
52255
52256
52262
58354
63787
52255
52256
52340
52463
58355
52254
52255
52265
52341
52267
52268
52343
52464
58356
63790
52260
52261
63786
52260
52261
52329
63806
52261
52330
63807
52333
52266
52267
52268
63786
52266
52267
52310
52266
52268
52311
52348
52267
52268
52349
52313
52350
52271
52272
52273
52280
52286
52272
52273
52287
63195
63803
52283
52288
63197
52284
52289
63804
52277
52278
52279
52280
52277
52278
64299
64747
52277
52279
52282
52325
64300
52283
52285
52327
52283
52284
52285
63791
52284
52285
52329
63792
63806
52283
52285
52331
63793
63808
52334
63794
52288
52289
63791
63795
52288
52289
52304
63796
52307
63793
52294
52295
52296
52302
52309
63805
52294
52295
63792
63806
52295
52296
52303
52294
52296
52310
52313
63807
52307
63793
63808
52308
52314
52300
52301
52302
52309
52300
52301
52305
63797
52301
52312
52394
63798
52306
52308
52314
63799
52306
52307
52308
52307
52308
52306
52307
63803
52306
52308
63800
63804
52313
52314
52315
52313
52314
52313
52315
52397
52314
52315
52398
63801
63802
52320
52321
52322
52328
52320
52322
52479
58357
52320
52321
52330
52321
52322
52480
52332
58359
52333
52326
52327
52328
52326
58358
52326
52327
52331
52332
58359
52334
52332
52333
52334
52333
52334
63809
52332
52333
52332
52334
63810
52338
52346
52353
52338
52347
52407
63815
52338
52354
52408
63820
52352
52358
52409
52343
52344
52345
52346
52353
52343
52345
52514
52343
52344
52349
52344
52345
52356
52515
52350
52352
52358
52359
52517
52350
52351
52352
52351
52352
52396
63826
52350
52351
52397
52350
52352
63827
52357
52358
52359
52357
52358
52403
63828
52357
52359
52404
52522
52358
52359
52523
63829
52524
52362
52363
52369
63814
52363
52375
52407
63815
52372
52374
52377
63816
52366
52367
52371
52393
52367
52376
52394
63798
52373
52374
52377
52395
52372
52373
52374
52372
52374
63817
52372
52373
52373
52374
63818
63819
52377
52396
63826
52377
52398
63801
52399
52381
52385
52408
63820
52380
52381
52388
63821
52391
52387
52392
63822
52384
52386
52400
63859
52384
52390
52401
52660
52387
52392
52402
52387
52403
63828
52387
52405
63862
52406
52391
52392
63823
52391
52664
52392
52665
63824
63825
52395
63216
63818
52395
52398
52399
63819
52399
63815
52399
63816
52402
52405
52566
52402
52678
63824
52406
63825
52406
63820
52573
52406
52574
63822
52409
63826
52409
63828
63827
63829
52413
52414
52428
63831
52413
52414
65557
52414
52429
65558
63832
52431
65561
52418
52419
52420
52428
52433
52418
52419
52430
52441
64762
52419
52420
52434
52442
52431
52432
52436
52444
52438
52425
52426
52427
52433
63831
52425
52427
52425
52426
52452
52426
52427
52435
52453
63850
63832
52437
52438
52431
52432
52431
54415
52431
52432
54416
63838
54419
63840
52436
52437
52438
52436
52438
52448
63851
52437
52438
63842
63852
52449
52443
52444
52445
52446
52443
52445
52443
52444
63784
63838
52444
52445
52448
63785
63839
52449
63840
52450
52484
52449
52450
52450
52485
63830
63834
52449
52450
52486
52487
63835
52454
52496
58360
52454
52497
63842
52498
58361
63843
52459
52460
52461
52472
63844
52459
52460
52459
52461
52480
52460
52461
52474
52481
63845
52476
52477
52483
52464
52465
63844
63846
52464
52465
52514
63845
52518
63849
52469
52470
52471
52472
63846
52469
52470
52475
52490
52470
52471
52491
63847
63854
52476
52478
52493
63848
63849
63855
52476
52477
52478
52477
52478
52476
52477
52485
63830
52476
52478
52500
52503
52482
63833
52483
52482
52483
52485
63834
52487
63835
52487
52487
52487
63851
52492
52493
52494
52499
52492
52494
52590
52492
52493
52500
52493
52494
52504
52591
52502
52503
52505
52592
52498
52499
52498
64109
52498
52501
63850
52502
52502
52503
52502
52503
63841
52502
63842
63852
63843
52505
52599
63847
52600
52510
52511
52512
52520
52527
63857
52510
52511
52521
52558
52510
52512
52559
52586
52511
52512
52525
52561
52526
52530
52531
52587
63858
52517
52518
52519
52520
52527
52517
52518
52517
52519
52523
52518
52519
52524
52529
52526
52530
52524
52525
52526
52525
52526
52572
52524
52525
52573
52524
52526
52576
52529
52530
52531
63853
52529
52531
52599
63847
63854
63849
63855
52601
63856
52536
52537
52538
52545
52552
52537
52538
52559
52586
52536
52537
52546
52560
52536
52538
52549
52554
52550
52563
52555
52588
63868
52542
52543
52544
52545
52552
58362
52543
52544
52862
53984
58363
52542
52543
52547
52863
52549
52554
52551
52865
58364
52556
53985
58365
52549
52550
52551
52549
52550
52579
52549
52551
52869
52550
52551
52581
52870
52583
52872
52554
52555
52556
63864
52555
52556
52603
53997
63865
52604
63866
53998
63867
52561
52562
52563
52571
52578
52561
52562
52572
52561
52563
52562
52563
52579
52576
52577
52582
52583
52568
52569
52570
52571
52578
52568
52570
52887
52568
52569
52574
63859
52569
52570
52580
52888
63860
52575
52577
52582
63861
52584
52890
52575
52576
52577
52576
52577
52575
52576
52575
52577
63862
63863
52582
52583
52584
52582
52583
52582
52584
52895
52583
52584
52896
52897
52587
52588
52598
52602
63872
52587
52588
63873
52601
63874
52604
63875
52592
52593
52598
63872
52592
52592
52593
52599
63854
52600
52601
63856
63874
52596
52597
52602
63872
52596
52597
52603
54015
63865
52604
63866
63875
52605
54017
52600
52601
63869
52600
52601
63870
52604
52605
63869
52604
52605
64119
63871
64120
52607
52765
63923
52768
52611
52612
52772
52611
52612
52773
64765
52774
52616
52624
52631
52616
52625
52685
63880
52616
52632
52686
63886
52629
52636
52687
52621
52622
52623
52624
52631
52622
52623
52700
52836
52621
52622
52627
52701
52621
52623
52634
52837
52629
52636
52630
52702
52637
52839
52628
52629
52630
52628
52629
52674
63891
52628
52630
52675
52712
52629
52630
52713
63892
52714
52635
52636
52637
52635
52636
52681
63893
52635
52637
52682
52844
52636
52637
52845
63894
52846
52640
52641
52647
63879
52641
52653
52685
63880
52650
52652
52655
63881
52644
52645
52649
52671
52645
52654
52672
63907
52651
52652
52655
52673
52650
52651
52652
52650
52652
63882
52650
52651
52651
52652
63883
63884
52655
52674
63891
52655
52676
63910
52677
52658
52659
52663
63885
52659
52668
52686
63886
52666
52667
52670
63887
52662
52665
52678
52662
52669
52679
63941
52667
52670
52680
52666
52667
63888
52666
52667
63889
63890
52670
52681
63893
52670
52683
63943
52684
52673
63254
63883
52673
52676
52747
52677
63884
52677
63880
52759
52677
52760
63881
52680
63889
52680
52683
52889
52684
63890
52684
63886
52902
52684
52903
63887
52687
63891
52687
63893
63892
63894
52691
52692
52705
52710
63896
52691
52692
52706
52740
63918
52691
52711
52741
52708
52715
52742
52709
63898
63919
52697
52698
52705
58367
63896
52698
52929
52697
52707
52766
52697
52698
52767
52930
63897
52709
52769
63898
52932
58369
63899
52702
52703
52704
52710
58367
63896
52702
52704
52936
58368
52702
52703
52713
52714
52716
52937
58369
63899
52708
52709
63895
52708
52709
52777
63915
52709
52778
63916
52781
52714
52715
52716
63895
52715
52716
52758
52714
52715
52759
52714
52716
52762
52719
52720
52721
52728
52732
52719
52721
52729
63259
63912
52730
63261
52735
52731
52736
63913
52725
52726
52727
52732
52725
52727
64764
64766
52725
52726
52734
52773
64765
52735
52737
52775
52730
52731
63900
63904
52730
52731
52752
63905
52755
63902
52735
52736
52737
63900
52736
52737
52777
63901
63915
52735
52737
52779
63902
63917
52782
63903
52742
52743
52744
52750
52757
63914
52743
52744
52751
52742
52743
63901
63915
52742
52744
52758
52762
63916
52755
63902
63917
52756
52763
52748
52749
52750
52757
52748
52749
52753
63906
52749
52760
63907
52754
52756
52763
63908
52754
52755
52756
52755
52756
52754
52755
63912
52754
52756
63909
63913
52761
52762
52763
52762
52763
52761
52762
52761
52763
63910
63911
52768
52769
52770
52776
52768
52770
52952
58370
52768
52769
52778
52769
52770
52953
52780
58372
52781
52774
52775
52776
52774
58371
52774
52775
52779
52780
58372
52782
52780
52781
52782
52781
52782
63918
52780
52781
52780
52782
63919
52786
52787
52807
63921
52786
52787
54076
65562
52786
52808
65564
52811
65566
54081
63922
52791
52792
52793
52801
52807
52791
52792
52802
52814
52791
52793
52809
52815
64781
52804
52810
52816
52806
52811
52798
52799
52800
52801
63921
52799
52800
54083
52798
52799
52803
52825
63963
52798
52800
52826
54084
52805
52806
54086
63922
52804
52805
52806
52804
52806
52821
63964
52805
52806
63932
63965
52822
52810
52811
52811
54441
52810
52811
54442
63928
63929
54444
52816
52817
52818
52819
52817
52818
52816
52817
52821
52816
52818
63928
63967
52822
63929
52823
52957
63930
63968
52822
52823
52823
52958
63920
63924
52822
52823
52959
52960
63925
52827
52969
54115
58373
52827
52970
63932
54116
52971
58374
63933
52832
52833
52834
52842
52849
63938
52832
52833
52843
52881
52832
52834
52882
52908
52833
52834
52847
52883
52848
52851
52852
52909
63939
52839
52840
52841
52842
52849
52839
52841
52936
52839
52840
52845
52840
52841
52846
52848
52851
52853
52938
52846
52847
52848
52847
52848
52901
52846
52847
52902
52846
52848
52905
52851
52852
52853
63934
52852
52853
52921
63935
63960
52922
63936
63937
63961
52858
52859
52860
52867
52874
52858
52859
52868
52880
52859
52860
52882
52908
52858
52860
52871
52876
52873
52885
52877
52910
63949
52864
52865
52866
52867
52874
58375
52865
52866
54171
58376
52864
52865
52869
52871
52876
52872
58377
52878
54172
58378
52871
52872
52873
52871
52873
52894
52871
52872
52872
52873
52896
52899
52876
52877
52878
63945
52877
52878
52925
54190
63946
52926
63947
54191
63948
52883
52884
52885
52893
52900
52884
52885
52894
52883
52884
52901
52883
52885
52905
52898
52906
52899
52890
52891
52892
52893
52900
52890
52891
52890
52892
52895
63940
52891
52892
52903
63941
52897
52904
52898
52906
63942
52897
52898
52899
52898
52899
52897
52898
52897
52899
52904
52905
52906
52905
52906
52904
52905
52904
52906
63943
63944
52909
52910
52920
52924
63953
52909
52910
63954
52922
63955
52926
63956
52914
52915
52920
63953
52915
52962
52914
52915
52921
52964
63935
52922
63936
63955
52923
52966
52918
52919
52924
63953
52918
52919
52925
54203
63946
52926
63947
63956
52927
54205
52922
52923
63950
52922
52923
52977
52978
63951
52926
52927
63950
52926
52927
64135
63952
64136
52932
52933
52934
52945
63957
52932
52933
52932
52934
52953
52933
52934
52947
52954
63958
52949
52950
52956
52937
52938
63957
63959
52937
52938
63958
63961
52942
52943
52944
52945
63959
52942
52944
52948
52963
52943
52944
52964
63935
63960
52949
63937
63961
52951
52967
63962
52949
52950
52951
52950
52951
52949
52950
52958
63920
52949
52951
52973
52976
52955
63923
52956
52955
52956
52958
63924
52960
63925
52960
52960
52960
63964
52965
52966
52967
52972
52965
52966
52965
52967
52973
52966
52967
52977
52975
52978
52976
52971
52972
52971
64140
52971
52974
63963
52975
52975
52976
52975
52976
63931
52975
63932
63965
63933
52978
63960
52982
52992
52997
52982
52993
54421
52982
52998
54422
64774
52996
53002
54425
52987
52988
52989
52992
52997
52987
52988
52987
52989
52994
52988
52989
52999
52995
53001
52996
53002
52991
53000
54429
53001
52995
52996
52996
64767
52995
52996
64768
64770
53001
53002
53003
53002
53003
54431
64772
53001
53002
53001
53003
54433
64773
54436
53007
53015
53020
53007
53016
54421
53007
53021
54423
54438
53019
53025
54426
53012
53013
53014
53015
53020
53012
53013
63926
53012
53014
53017
53013
53014
53022
53018
53024
63927
53019
53025
53018
53019
53019
64767
53018
53019
64769
64771
53024
53025
53026
53025
53026
54428
54440
53024
53025
53024
53026
54442
63928
63967
63930
63968
54445
53416
64720
53030
64722
53030
53418
63969
53034
53035
53041
53034
53035
53188
54447
53035
53044
53189
54448
53047
53191
53039
53040
53048
53039
53040
53440
54595
53040
53051
53441
54596
53054
53443
53045
53046
53047
63970
63972
53045
53046
53045
53047
53046
53047
53194
63971
63973
53195
53052
53053
53054
63970
63972
53052
53053
53052
53054
53053
53054
53445
63971
63973
53446
63974
53058
53242
60834
53057
53058
53065
53096
53243
53067
53098
53069
53244
53062
54306
54449
53061
53062
53066
53116
54307
53068
53119
53069
54308
53067
53068
53069
53067
53068
53108
53129
53067
53069
53109
53068
53069
53130
53111
53132
63991
53072
53073
53083
63978
53072
53073
63980
53085
53076
53077
53083
53087
53076
53077
53084
53102
63388
53085
63390
53086
53091
53105
53081
53082
53087
63978
53081
53082
53123
63979
53082
53090
53124
63980
53092
53126
63981
53085
53086
63975
53085
53086
63982
63976
63984
53091
53092
63975
53091
53092
53108
53129
53091
53110
53092
53131
53112
63976
53133
63977
53097
53098
53099
53107
53097
53099
53097
53098
53098
53099
53109
53111
53113
53104
53105
53106
53107
53104
53106
53104
53105
63982
53105
53106
53110
63983
53112
63984
53113
53111
53112
53113
53111
53112
53111
53113
53112
53113
53118
53119
53120
53128
53118
53120
64795
53119
53120
53130
53118
53119
64796
53132
53134
53125
53126
53127
53128
53125
53127
53125
53126
53126
53127
53131
53133
53134
53132
53133
53134
53132
53133
53132
53134
53133
53134
53138
53139
53146
53138
53242
60834
53138
53139
53148
53198
60835
53150
53151
53200
53143
53144
53145
53146
53153
53143
53144
53143
53145
53154
53220
54450
53155
54451
53150
53152
53156
53221
53150
53151
53152
53151
53152
53208
53227
63985
53150
53151
53209
53150
53152
53212
53228
63986
53155
53156
53155
53156
53237
54452
54453
53240
63986
53160
53161
53176
53181
63988
53160
53161
53177
53215
53161
53182
53216
53179
53180
53187
53218
53166
53167
53168
53181
58382
63988
53167
53168
65727
53166
53167
53166
53168
53183
60147
65729
53185
58383
63989
53186
53173
53174
53175
53176
58382
63988
53173
53174
53173
53175
53178
53203
53174
53175
53204
58383
63989
53179
53206
53179
53180
63987
53179
53180
53208
53227
53179
53210
53213
53229
53185
53186
53187
63987
53185
53187
53231
53185
53186
60148
64783
53186
53187
53233
53191
54454
53191
53192
53194
53223
53192
53224
54455
63990
53195
53196
53225
53196
53231
53195
53196
53232
53234
53199
58384
53199
53200
53209
53211
58386
53212
53205
53206
53207
53205
58385
60836
53205
53206
53210
53206
53211
58386
60837
53213
53211
53212
53213
53212
53213
53211
53212
53211
53213
60838
53217
53218
53219
53226
53230
53235
53217
53218
53227
63985
53218
53219
53231
53228
53240
63986
53229
53233
53234
53241
53221
53237
53228
53240
53225
53230
53235
53225
53232
53225
53238
54457
53234
53241
53228
53229
53228
53229
53233
53234
53233
53234
53234
53239
53240
53241
53240
53241
53239
53240
54458
53239
53241
54459
63990
54460
53244
53244
63991
53247
53248
53314
53248
53315
63993
53316
63996
53251
53253
53251
63997
53255
53256
53263
53255
63992
53255
53256
53265
53315
63993
53267
53268
53317
53260
53261
53262
53263
53270
53260
53261
53260
53262
53271
53337
54464
53272
54465
53267
53269
53273
53338
53267
53268
53269
53268
53269
53325
53344
63998
53267
53268
53326
53267
53269
53329
53345
63999
53272
53273
53272
53273
53349
54466
54467
53352
63999
53277
53278
53293
53298
64001
53277
53278
53294
53332
53278
53299
53333
53296
53297
53303
53335
53283
53284
53285
53298
58387
64001
53284
53285
65731
53283
53284
53283
53285
53300
60149
65733
53302
58388
64002
53304
53290
53291
53292
53293
58387
64001
53290
53291
53290
53292
53320
53291
53292
53295
53321
58388
64002
53296
53323
53296
53297
64000
53296
53297
53325
53344
53296
53327
53330
53346
53302
53303
53304
64000
53302
53303
53355
53302
53304
60150
64784
53303
53304
53357
53309
53364
54468
53308
53340
54469
64003
53308
53309
53311
53341
53365
53312
53342
53313
53367
53312
53355
53312
53313
53356
53383
53358
53385
53316
58389
53316
53317
53326
53328
58391
53329
53322
53323
53324
53322
58390
63994
53323
53322
53323
53327
53328
58391
63995
53330
53328
53329
53330
53329
53330
53328
53329
53328
53330
63996
53334
53335
53336
53343
53347
53354
53334
53335
53344
63998
53335
53336
53355
53345
53352
63999
53346
53357
53353
53358
53338
53349
53345
53352
53342
53347
53354
53342
53350
54471
53342
53356
53353
53358
53345
53346
53345
53346
53351
53352
53353
53352
53353
53351
53352
54472
53351
53353
54473
64003
54474
53357
53358
53357
53358
53358
64741
53362
64004
53362
64743
53366
53367
53380
53366
53367
54475
53367
53383
54476
53385
53371
53372
53373
53371
53372
54601
53372
53376
54602
53378
53377
53378
53379
64005
64007
53377
53379
53377
53378
53378
53379
64006
64008
64009
53384
53385
53386
64005
64007
53384
53386
53384
53385
53385
53386
64006
64008
53390
53391
53392
53399
53390
53392
64033
64302
53390
53391
53401
53449
64303
53403
53404
53396
53397
53398
53399
53406
53396
53397
54477
53396
53398
53407
54478
54580
53408
54479
53403
53405
53409
54581
53403
53404
53405
53404
53405
53457
64010
64016
53403
53404
53458
53403
53405
53461
64011
64017
53408
53409
53408
53409
53481
54480
54481
53484
64011
53413
53414
53428
53433
64013
53413
53414
53429
53464
53414
53434
53465
53431
64015
53432
53439
53467
53419
53420
53421
53433
58392
64013
53420
53421
53419
53420
53419
53421
53435
60155
53437
58393
64014
53438
53426
53427
53428
58392
64013
53426
53427
53430
53452
53426
53427
53453
58393
64014
53431
53455
64015
53431
53432
64012
53431
53432
53457
64016
53431
53459
53462
64018
53437
53438
53439
64012
53437
53439
53474
53437
53438
60156
63969
53438
53439
53475
53477
53443
54482
53443
53444
53445
53470
53444
53471
54483
53446
53447
53472
53446
53447
53476
53478
53450
58394
64785
53450
53458
53460
58396
53454
58395
60849
53454
53455
53459
60850
53455
53460
58396
60851
53462
53460
53461
53462
53461
53462
53460
53461
53460
53462
53466
53467
53468
53473
53479
53466
53467
64010
64016
53467
53468
53474
53484
64011
64017
53477
64018
53478
53485
53472
53473
53479
53472
53476
53472
53482
54484
53478
53485
53477
53478
53477
53478
53477
53478
53483
53484
53485
53484
53485
53483
53484
54580
54604
53483
53485
54605
54606
54581
53489
54546
64033
64302
53488
53489
53497
53525
64034
53499
53527
53501
54548
64035
53493
53494
53495
53494
54485
54547
54582
53493
53494
53498
53545
54583
53500
53548
53501
54548
54584
53499
53500
53501
53499
53500
53537
53558
53499
53501
53538
53500
53501
53559
53540
53561
64036
53504
53505
64021
64025
53504
53505
64023
64027
53508
53509
53515
64025
53508
53509
53531
63556
64026
63558
64027
53519
53534
64028
53513
53514
53515
64021
53513
53514
53552
64022
53514
53518
53553
64023
53520
53555
64024
53519
53520
53521
64019
53519
53520
53537
53558
53519
53521
53539
53520
53521
53560
53541
64020
53562
53526
53527
53528
53536
53526
53528
64785
53526
53527
53527
53528
53538
53540
53542
53533
53534
53535
53536
64029
53533
53535
53533
53534
64030
53534
53535
53539
64031
53541
64032
53542
53540
53541
53542
53540
53541
53540
53542
53541
53542
53547
53548
53549
53557
53547
53549
64799
53548
53549
53559
53547
53548
53561
53563
53554
53555
53556
53557
53554
53556
53554
53555
53555
53556
53560
53562
53563
53561
53562
53563
53561
53562
53561
53563
53562
53563
53566
53606
53566
53567
64787
53568
53568
64039
53571
54549
64040
64786
53571
53572
53580
53608
64041
53582
54551
64042
53583
53611
53576
53577
53578
53576
54494
54550
54585
53576
53577
53581
53628
54586
53582
54551
54587
53584
53632
53582
53583
53584
53583
53584
53620
53641
53582
53583
53621
53582
53584
53642
64043
53624
53645
53587
53588
64046
64050
53587
53588
53768
64048
53770
64053
53591
53592
53598
64046
53591
53592
53614
63625
64047
63627
64048
53603
53618
64049
53596
53597
53598
64050
53596
53601
53635
53596
53597
53636
53777
64051
53604
53638
64052
53778
64053
53602
53603
53604
64044
53603
53604
53620
53641
53602
53603
53622
53602
53604
53643
53625
64045
53646
53609
53610
53611
53619
53609
53610
64788
53609
53611
53610
53611
53621
53623
53624
53616
53617
53618
53619
64054
53616
53617
53616
53618
64055
53617
53618
53622
64056
53623
53625
64057
53623
53624
53625
53624
53625
53623
53624
53623
53625
53630
53631
53632
53640
53630
53631
64800
53631
53632
53642
53630
53632
53644
53645
53637
53638
53639
53640
53637
53639
53816
53637
53638
53643
53638
53639
53818
53644
53646
53820
53644
53645
53646
53645
53646
53644
53645
53644
53646
53649
53713
53649
53650
53714
64791
53651
53715
53651
53723
53725
64064
53655
53656
53657
53664
53655
53656
64058
64790
53656
53657
53666
53714
64791
53668
53669
53661
53662
53663
53664
53671
53661
53662
54496
53661
53663
53672
54497
54591
53673
54498
53668
53670
53674
54592
53668
53669
53670
53669
53670
53722
64065
64071
53668
53669
53723
53668
53670
53726
64066
64072
53673
53674
53673
53674
53740
54499
54500
53743
64066
53678
53679
53693
53698
64068
53678
53679
53694
53729
53679
53699
53730
53696
64070
53697
53703
53732
53684
53685
53686
53698
58399
64068
53685
53686
53933
53684
53685
53684
53686
53700
53935
60165
53702
58400
64069
53704
53691
53692
53693
58399
64068
53691
53691
53692
53717
53692
53695
53718
58400
64069
53696
53720
64070
53696
53697
64067
53696
53697
53722
64071
53696
53724
53727
64073
53702
53703
53704
64067
53702
53703
53746
53702
53704
60166
64100
53703
53704
53747
53749
53709
53938
54501
53708
53735
54502
53708
53709
53710
53736
53939
53711
53737
53712
53941
53711
53712
53748
53957
53750
53959
53715
58401
64789
53715
53723
53725
58403
53719
58402
64062
53720
53719
53720
53724
64063
53725
58403
64064
53727
53725
53726
53727
53726
53727
53725
53726
53725
53727
53731
53732
53733
53738
53745
53731
53732
64065
64071
53732
53733
53746
53743
64066
64072
53749
64073
53744
53750
53737
53738
53745
53737
53741
54503
53737
53748
53744
53750
53742
53743
53744
53743
53744
53742
53743
54591
54615
53742
53744
54616
54617
54592
53749
53750
53749
53750
53749
53750
53753
54552
60875
64792
53753
53754
53762
53789
60876
53764
54554
60877
53765
53792
53758
53759
53760
53758
54504
54553
54577
53758
53759
53763
53810
54578
53764
54554
54579
53766
53814
53764
53765
53766
53765
53766
53802
53823
53764
53765
53803
53764
53766
53824
60878
53806
53827
53769
53770
64076
64080
53769
53770
64078
64082
53773
53774
53780
64076
53773
53774
53797
63742
64077
63744
64078
53785
53800
64079
53778
53779
53780
64080
53779
53783
53817
53778
53779
53818
64081
64082
53786
53821
64083
53784
53785
53786
64074
53785
53786
53802
53823
53784
53785
53804
53784
53786
53825
53807
64075
53828
53791
53792
53793
53801
53791
53793
53928
64304
53791
53792
53803
53792
53793
53805
53806
53798
53799
53800
53801
64084
53798
53799
53798
53800
53804
53799
53800
64085
53805
64086
53807
64087
53805
53806
53807
53806
53807
53805
53806
53805
53807
53812
53813
53814
53822
53812
53813
64802
53813
53814
53824
53812
53814
53826
53827
53819
53820
53821
53822
53819
53820
53819
53821
53825
53820
53821
53826
53828
53826
53827
53828
53827
53828
53826
53827
53826
53828
53832
53833
53834
53841
53832
53834
60875
64792
53833
53834
53843
53891
64793
53845
53847
53838
53839
53840
53841
53848
53838
53840
54505
53838
53839
53849
54506
54593
53850
54507
53846
53851
54594
53847
53845
53846
53847
53845
53846
53899
64088
64094
53845
53847
53900
53846
53847
53902
64089
64095
53850
53851
53850
53851
53923
54508
54509
53926
64089
53855
53856
53870
53877
64091
53856
53871
53906
53855
53856
53878
53907
53880
64093
53876
53881
53909
53861
53862
53863
53870
58404
64091
53862
53863
53861
53862
53872
60171
53861
53863
53874
53875
58405
64092
53868
53869
53877
58404
64091
53868
53868
53869
53894
53869
53879
53895
58405
64092
53880
53896
64093
53874
53875
53876
64090
53874
53876
53916
53874
53875
60172
60886
53875
53876
53917
53919
53880
53881
64090
53880
53881
53899
64094
53880
53901
53903
64096
53885
54510
53885
53886
53887
53912
53886
53913
54511
53888
53889
53914
53888
53889
53918
53920
53892
53928
58406
64304
53892
53900
53929
53904
53930
58408
53897
58407
64097
53896
53896
53897
53901
64098
53903
53904
58408
64099
53902
53903
53904
53902
53903
53902
53904
53931
53903
53904
53932
53908
53909
53910
53915
53921
53909
53910
53916
53908
53909
64088
64094
53926
64089
64095
53919
64096
53920
53927
53914
53915
53921
53914
53918
53914
53924
54512
53920
53927
53919
53920
53919
53920
53919
53920
53925
53926
53927
53926
53927
53925
53926
54593
54620
53925
53927
54621
54622
54594
53930
53930
53931
64793
53932
53932
64099
64757
53936
64759
53936
64100
53940
53941
53954
53940
53941
54623
53941
53957
54624
53959
53945
53946
53947
53945
53946
54513
53946
53950
54514
53952
53951
53952
53953
64101
64103
53951
53953
53951
53952
53952
53953
64102
64104
53958
53959
53960
64101
64103
53958
53960
53958
53959
53959
53960
64102
64104
64105
53963
53968
53963
53969
53970
64106
53966
53967
54007
53966
64108
64111
54011
53970
64107
53970
53971
53978
54008
53980
53981
54012
53974
54312
54527
53974
53975
53979
54029
54313
53980
54314
53982
54033
53980
53981
53982
53981
53982
54021
54042
53980
53981
54022
53980
53982
54043
64106
54025
54046
53985
53986
53996
64115
53985
53986
54171
53998
54173
64118
53989
53990
53996
54000
53989
53990
53997
54015
63865
53998
63867
53999
54004
54019
53994
53995
54000
64115
53994
54003
54036
53994
53995
54037
54180
64116
54005
54039
64117
54181
64118
53998
53999
64112
53998
53999
64119
64113
64121
54004
54005
64112
54004
54005
54021
54042
54004
54023
54005
54044
54026
64113
54047
64114
54010
54011
54012
54020
54010
54011
54010
54012
54022
54011
54012
54024
54025
54017
54018
54019
54020
54017
54018
54017
54019
64119
54018
54019
54023
64120
54024
54026
64121
54024
54025
54026
54025
54026
54024
54025
54024
54026
54031
54032
54033
54041
54031
54032
64803
54032
54033
54043
54031
54033
64804
54045
54046
54038
54039
54040
54041
54038
54040
54222
54038
54039
54044
54039
54040
54224
54045
54047
54226
54045
54046
54047
54046
54047
54045
54046
54045
54047
54051
54052
54059
54052
64138
54051
54052
54061
54111
64139
54063
54112
54065
54056
54057
54058
54059
54066
54056
54058
54056
54057
54067
54133
54529
54068
54530
54064
54069
54134
54065
54063
54064
54065
54063
54064
54121
54145
64122
54063
54065
54122
54064
54065
54124
54146
64123
54068
54069
54068
54069
54150
54531
54532
54153
64123
54073
54074
54089
54096
64125
54074
54090
54128
54073
54074
54097
54129
54099
54095
54100
54131
54079
54080
54081
54089
58410
64125
54080
54081
65638
54079
54080
54091
60181
65640
54079
54081
54093
54094
58411
64126
54086
54087
54088
54096
58410
64125
54086
54088
54086
54087
54116
54087
54088
54098
54117
58411
64126
54099
54118
54093
54094
54095
64124
54093
54095
54140
54093
54094
60182
64305
54094
54095
54142
54099
54100
64124
54099
54100
54121
54145
54099
54123
54125
54147
54104
54533
54104
54105
54107
54136
54105
54137
54534
64127
54108
54109
54138
54109
54140
54108
54109
54141
54143
54113
54235
58412
54112
54113
54122
54236
54124
54126
54237
58414
54118
54119
54120
54119
58413
64140
54118
54118
54119
54123
54125
54126
58414
64141
54124
54125
54126
54124
54125
54124
54126
54125
54126
64142
54130
54131
54132
54139
54144
54148
54131
54132
54140
54130
54131
54145
64122
54146
54153
64123
54142
54147
54143
54154
54134
54150
54146
54153
54138
54139
54148
54138
54141
54138
54151
54536
54143
54154
54142
54143
54142
54143
54143
54146
54147
54146
54147
54152
54153
54154
54153
54154
54152
54153
54537
54152
54154
54538
64127
54539
54157
64138
54157
54158
54165
54195
54167
54168
54198
54161
54303
54540
54161
54162
54166
54216
54304
54167
54305
54169
54220
54167
54168
54169
54168
54169
54208
54229
54167
54168
54209
54167
54169
54230
60885
54212
54233
54172
54173
54189
64131
54172
54173
54191
64133
54176
54177
54183
54189
54176
54177
54190
54203
63946
54191
63948
54187
54192
54206
54181
54182
54183
64131
54182
54186
54223
54181
54182
54224
64132
64133
54188
54227
64134
54187
54188
64128
54187
54188
54208
54229
54187
54210
54188
54231
54213
64129
54234
64130
54191
54192
64128
54191
54192
64135
64129
64137
54197
54198
54199
54207
54197
54199
54235
54197
54198
54209
54198
54199
54211
54212
54238
54204
54205
54206
54207
54204
54205
54204
54206
54210
54205
54206
64135
54211
64136
54213
64137
54211
54212
54213
54212
54213
54211
54212
54211
54213
54218
54219
54220
54228
54218
54219
64805
54219
54220
54230
54218
54220
64806
54232
54233
54225
54226
54227
54228
54225
54226
54225
54227
54231
54226
54227
54232
54234
54232
54233
54234
54233
54234
54232
54233
54232
54234
54237
54238
54237
64139
64142
54243
54244
65291
54242
54243
64252
54242
54244
64254
54245
54245
64253
65294
54245
64255
65295
65296
54249
54251
65401
54249
54250
64500
54250
54251
64502
54252
64501
65404
54252
54252
64503
65405
65406
54256
54258
65417
54256
54257
64555
54257
54258
64557
54259
64556
65420
54259
54259
64558
65421
65422
54264
54265
65445
54263
54264
64588
54263
54265
64590
54266
54266
64589
65448
54266
64591
65449
65450
54269
54447
54269
54595
54448
54596
54271
54449
54461
54556
54631
54275
54462
54463
54559
54632
54280
54475
54280
54601
54476
54602
54644
54561
54607
54647
54564
54612
54565
54613
54649
54568
54618
54652
54291
54623
54291
54513
54514
54624
54569
54295
54526
54633
54527
54572
54299
54528
54634
54540
54302
54629
54302
54541
54542
54630
54305
54528
54305
60885
54308
54461
54308
63991
54311
54463
54311
63997
54314
54526
54314
64106
54318
54320
57908
54318
54319
65332
54319
54320
64346
54321
57909
65333
54321
64347
65334
54321
65335
54325
54327
57931
54325
54326
65350
54326
54327
64358
54328
57932
65351
54328
64359
65352
54328
65353
54332
54334
57973
54332
54333
64436
54333
54334
65362
54335
54335
64437
65363
54335
57974
65364
65365
54340
54341
57999
54339
54340
65380
54339
54341
64448
54342
64449
65381
54342
58000
65382
54342
65383
54347
54348
64709
54346
54347
54350
54346
54348
64714
54349
54349
64712
54349
64713
64715
54352
54353
54356
64717
54356
54357
54356
54358
65528
54357
54358
64716
54359
65530
54359
54359
65531
54361
54364
54367
54365
54366
64718
54365
54367
64721
54366
54367
54368
64719
64723
54368
54368
64724
54372
54373
54376
54373
54374
64730
54372
54374
64735
54375
54375
64733
54375
64734
64736
54378
54379
54382
64738
54382
54384
54382
54383
65543
54383
54384
64737
54385
65545
54385
65546
54385
54387
54390
54393
54391
54392
64739
54391
54393
64742
54392
54393
54394
64740
64744
54394
54394
64745
54398
54399
64748
54399
54400
64750
54398
54400
54402
54401
54401
64749
64753
54401
64754
54404
54407
54409
54408
54410
64755
54408
54409
64758
54409
54410
54411
64756
64760
54411
64761
54411
54413
54414
54417
64763
54417
54418
54417
54419
65558
54418
54419
64762
54420
65560
54420
54420
65561
54425
54426
64767
54424
54425
64772
54424
54426
54428
54427
54427
64770
64773
54427
64771
54430
54433
54435
54434
54436
64774
54434
54435
64778
54435
54436
54437
64775
64779
54437
64780
54437
54439
54440
54443
64782
54443
54445
54443
54444
65564
54444
54445
64781
54446
65565
54446
65566
54446
54448
54454
54461
54451
54452
54453
54557
54453
54458
54597
54456
54456
54457
54598
54459
54460
54460
54598
54463
54465
54466
54467
54560
54467
54472
54599
54470
54475
54470
54471
54600
54473
54474
54474
54600
54476
54479
54643
54479
54480
54481
54645
54481
54604
54595
54484
54603
54605
54561
54607
54488
54646
54488
54489
54490
54648
54490
54609
54601
54493
54608
54610
54564
54612
54565
54613
54498
54650
54498
54499
54500
54651
54500
54615
54623
54503
54614
54616
54568
54618
54507
54653
54507
54508
54509
54654
54509
54620
54629
54512
54619
54621
54514
54519
54516
54517
54518
54571
54518
54523
54625
54521
54521
54522
54626
54524
54525
54525
54626
54527
54540
54530
54531
54532
54574
54532
54537
54627
54535
54541
54535
54536
54628
54538
54539
54539
54628
54542
54545
58398
54545
54565
54548
57204
54548
54561
54551
58397
54551
54564
54554
58409
54554
54568
54557
54557
54597
54560
54560
54599
54663
54664
54665
54666
54571
54571
54625
54574
54574
54627
54576
60859
54579
54618
54579
60878
54581
64017
54584
54607
54584
64036
54587
54612
54587
64043
54590
54613
54590
64061
54592
64072
54594
64095
54596
63990
64003
54602
54605
54606
54606
54610
54611
54611
54616
54617
54617
54621
54622
54622
54624
60884
64127
54630
54638
64795
54642
64797
54655
64803
54659
64805
54637
54638
64795
54637
54640
64796
54641
54642
64797
54641
64798
54645
54645
54648
54648
54651
54651
54654
54654
54656
54658
64803
54658
54661
64804
54660
54662
64805
54662
64806
60160
64799
60161
64800
60170
64801
60173
64802
54668
54669
54750
54770
54670
54753
59448
54670
54773
59452
59449
59453
54672
54674
54759
55097
54673
54760
59460
54674
59461
59463
55100
59465
54676
54678
54721
55109
54677
54722
57052
54678
57053
57055
55110
57057
54680
54682
54794
55101
54681
54795
59472
54682
59473
59475
55104
59477
54685
54686
59483
59487
54685
54686
55114
55142
55115
59485
55143
59489
54689
54690
57087
57091
54689
54690
54779
55153
54780
57089
55154
57093
54692
54694
54731
55145
54693
54732
57100
54694
57101
57103
55146
57105
54697
54698
57111
57115
54697
54698
54810
55157
54811
57117
55158
57113
54701
54702
55201
55205
54701
54702
54801
54813
54802
55203
54814
55207
54704
59505
54707
54708
57215
54707
54708
54711
54712
57223
54711
54712
54715
57225
54715
54718
54719
55336
55340
54718
54719
54750
54770
54751
55338
54771
55342
54722
54723
55353
55357
54722
54723
54762
55359
54763
55355
54726
57227
54726
54729
57241
54729
54732
54733
55396
55400
54732
54733
54797
55402
54798
55398
54736
57243
54736
54739
54740
57245
54739
54740
54743
54744
57253
54743
54744
54746
54827
55444
55445
54749
54840
54749
55321
54751
54753
54752
57256
54753
57257
57259
57261
54756
54757
57267
57271
54756
54757
54759
55097
54761
57269
55098
57273
54760
54761
57279
57283
54760
54761
57285
57281
54763
54765
55109
54764
57292
54765
57293
57295
55111
57297
54768
54769
54768
54769
54978
55002
54980
55004
54771
54773
54772
57304
54773
57305
57307
57309
54776
54777
57315
57319
54776
54777
54794
55101
54796
57321
55102
57317
54780
54781
57327
57331
54780
54781
55117
57333
55118
57329
54786
54787
54788
64961
64968
54786
54787
64962
54787
54788
54786
54788
64969
64966
64972
64967
64974
54791
54792
54791
54792
55379
54795
54796
57339
57343
54795
54796
57345
57341
54798
54800
55145
54799
57352
54800
57353
57355
55147
57357
54802
54804
55161
54803
57364
54804
57365
57367
55162
57369
54807
54808
54807
54808
54986
55034
54988
55036
54811
54812
57375
57379
54811
54812
55149
57381
55150
57377
54814
54816
55161
54815
57388
54816
57389
57391
55163
57393
54821
54822
54823
64989
64996
54821
54822
64990
54822
54823
54821
54823
64997
64994
65000
64995
65002
54825
54826
55426
54829
54829
55314
54834
54835
54836
65010
65017
54834
54835
65011
54835
54836
54834
54836
65018
65014
65021
65016
65023
54838
54839
55316
54841
55854
55855
54846
54847
54848
65038
65045
54846
54847
65039
54847
54848
54846
54848
65046
65043
65049
65044
65050
54850
54851
55323
54854
54855
54854
54855
54930
54970
54932
54972
54858
54859
54858
54859
54946
54974
54948
54976
54862
54863
54862
54863
54982
55018
54984
55020
54868
54869
54870
65080
65087
54868
54869
65081
54869
54870
54868
54870
65088
65084
65091
65086
65093
54873
54874
54873
54874
55375
54879
54880
54881
65115
65122
54879
54880
65116
54880
54881
54879
54881
65123
65120
65126
65121
65127
54884
54885
54884
54885
55386
54890
54891
54892
65129
65136
54890
54892
65130
54891
54892
54890
54891
65137
65134
65140
65141
65135
54895
54896
54895
54896
55390
54899
54900
54899
54900
54990
55058
54992
55060
54903
54904
54903
54904
54962
55050
54964
55052
54907
54908
54907
54908
54966
55082
54968
55084
54910
54911
56303
56304
54913
54913
55431
54918
54919
54920
65185
65192
54918
54920
65186
54919
54920
54918
54919
65193
65190
65196
65197
65191
54922
54923
55433
54926
54927
54926
55438
54928
56326
56327
54931
54932
56336
56339
54931
54932
55477
55478
56341
56338
54935
54936
56356
56360
54935
54936
54998
55485
55486
56362
55000
56359
54939
54940
56376
56380
54939
54940
54994
55501
55502
56382
54996
56379
54943
54944
56388
56392
54943
54944
55006
55509
55510
56394
55008
56391
54947
54948
56401
56404
54947
54948
55558
55559
56406
56403
54951
54952
56425
56429
54951
54952
55014
55566
55567
56427
55016
56432
54955
54956
56445
56449
54955
54956
55010
55631
55632
56451
55012
56448
54959
54960
56457
56461
54959
54960
55038
55639
55640
56463
55040
56460
54963
54964
56470
56473
54963
54964
55663
55664
56476
56471
54967
54968
56482
56485
54967
54968
55737
55738
56488
56483
54971
54972
56506
56509
54971
54972
55477
55479
56512
56507
54975
54976
56518
56521
54975
54976
55558
55560
56524
56519
54979
54980
56542
56545
54979
54980
55513
55514
56548
56543
54983
54984
56554
56557
54983
54984
55121
55122
56559
56555
54987
54988
56578
56581
54987
54988
55643
55644
56584
56579
54991
54992
56590
56593
54991
54992
55177
55178
56595
56591
54995
54996
56621
56625
54995
54996
55489
55490
56627
56624
54999
55000
56633
56637
54999
55000
55497
55498
56639
56635
55003
55004
56650
56653
55003
55004
55513
55515
56655
56652
55007
55008
56670
56674
55007
55008
55521
55522
56676
56672
55011
55012
56690
56694
55011
55012
55582
55583
56696
56693
55015
55016
56702
56706
55015
55016
55586
55587
56708
56704
55019
55020
56715
56718
55019
55020
55121
55123
56720
56717
55023
55024
56739
56743
55023
55024
55030
55129
55130
56741
55032
56746
55027
55028
56759
56763
55027
55028
55042
55594
55595
56765
55044
56762
55031
55032
56771
56775
55031
55032
55598
55599
56777
56773
55035
55036
56788
56791
55035
55036
55643
55645
56793
56790
55039
55040
56808
56812
55039
55040
55651
55652
56814
56810
55043
55044
56828
56832
55043
55044
55165
55166
56834
56831
55047
55048
56840
56844
55047
55048
55054
55173
55174
56846
55056
56843
55051
55052
56857
56860
55051
55052
55663
55665
56862
56859
55055
55056
56877
56881
55055
55056
55671
55672
56883
56879
55059
55060
56890
56893
55059
55060
55177
55179
56895
56892
55063
55064
56914
56918
55063
55064
55070
55185
55186
56916
55072
56921
55067
55068
56934
56938
55067
55068
55074
55721
55722
56940
55076
56937
55071
55072
56946
56950
55071
55072
55725
55726
56952
56948
55075
55076
56966
56970
55075
55076
55193
55194
56972
56969
55079
55080
56978
56982
55079
55080
55086
55197
55198
56984
55088
56981
55083
55084
56991
56994
55083
55084
55737
55739
56996
56993
55087
55088
57015
57019
55087
55088
55745
55746
57017
57021
55091
55092
55093
55091
55092
55470
56377
55471
55096
56378
55095
55096
55095
55096
56373
56385
56374
56386
55098
55100
55099
59571
55100
59572
59574
59576
55102
55104
55103
59583
55104
59584
59586
59588
55107
55108
59594
59598
55107
55108
55114
55142
55116
59596
55144
59600
55110
55111
55112
59611
55112
59607
59608
59612
55115
55116
59618
59622
55115
55116
59624
59620
55118
55120
55153
55119
59631
55120
59632
59634
55156
59636
55122
55123
55124
57640
55124
57644
57641
57645
55127
55128
57651
57655
55127
55128
55591
57607
57608
57654
55593
57658
55130
55132
55598
55131
57664
55132
57665
57667
55601
57670
55135
55136
55137
55135
55136
55571
56446
55572
55140
56447
55139
55140
55139
55140
56442
56454
56443
56455
55143
55144
59654
59658
55143
55144
59660
59656
55146
55147
55148
59671
55148
59667
59668
59672
55150
55152
55157
55151
59679
55152
59680
59682
55160
59684
55154
55156
55155
59691
55156
59692
59694
59696
55158
55160
55159
59703
55160
59704
59706
59708
55162
55163
55164
59715
55164
59719
59716
59720
55166
55168
55594
55167
57748
55168
57749
57751
55597
57754
55171
55172
57759
57763
55171
55172
55668
57711
57712
57762
55670
57766
55174
55176
55671
55175
57772
55176
57773
57775
55674
57778
55178
55179
55180
57784
55180
57788
57785
57789
55183
55184
57795
57799
55183
55184
55718
57691
57692
57798
55720
57802
55186
55188
55725
55187
57808
55188
57809
57811
55728
57814
55191
55192
57819
57823
55191
55192
55742
57723
57724
57822
55744
57826
55194
55196
55721
55195
57832
55196
57833
57835
55724
57838
55198
55200
55745
55199
57844
55200
57845
57847
55748
57850
55203
55204
55209
55203
55204
56474
57363
57364
55211
56475
55207
55208
55209
55207
55208
56486
57387
57388
55212
56487
55211
55212
55211
55212
56478
56490
56479
56491
55214
64149
64152
55216
59757
55218
59766
55220
64154
64157
55222
64159
64162
55226
64166
55226
64169
64168
55230
64170
55230
64173
64172
55232
64177
64180
55234
64181
64184
55238
64185
55238
64188
64187
55242
64189
55242
64192
64191
55244
64196
64199
55246
64200
64203
55248
59864
55250
64205
64208
59897
55254
55255
59900
55254
59901
55257
59907
55257
59908
59911
55261
55265
55261
59931
59933
55264
55268
55264
59939
59941
55267
55267
59956
59958
55270
55270
59964
59966
59980
55274
55275
59983
55274
59984
55277
59990
55277
59991
59994
55281
55282
60029
60033
55281
55282
55284
55286
60031
60034
55285
55286
60044
60048
55285
55286
60049
60046
55289
55290
60058
55289
55290
55296
55298
55293
55294
60069
55293
55294
55300
55301
55297
55298
60086
55297
55298
55301
55302
60097
55301
55302
55305
55306
60109
60113
55305
55306
55308
55309
60111
60114
55309
55310
60124
60128
55309
55310
60126
60129
58415
55313
57855
55315
55319
55320
58440
55319
55320
57856
57857
58441
55322
55326
55327
58496
55326
55327
57878
57879
58497
55329
57888
58510
58511
55335
57889
55335
55338
55339
55344
55338
55339
56510
57255
57256
55346
56511
55342
55343
55344
55342
55343
56522
57303
57304
55347
56523
55346
55347
55346
55347
56514
56526
56515
56527
55351
55352
55352
55351
55352
57123
57124
55355
55356
55361
55355
55356
56546
57291
57292
55363
56547
55359
55360
55361
55359
55360
56558
57051
57052
55364
56560
55363
55364
55363
55364
56550
56562
56551
56563
55368
55369
55369
55368
55369
57910
57911
58603
55374
57933
55374
55378
58636
55378
58638
55382
58704
55382
58706
55385
58715
55385
58717
55389
58783
55389
58785
55393
57961
55393
58826
55398
55399
55404
55398
55399
56582
57351
57352
55406
56583
55402
55403
55404
55402
55403
56594
57099
57100
55407
56596
55406
55407
55406
55407
56586
56598
56587
56599
55411
55412
55412
55411
55412
57965
57966
55416
55417
55417
55416
55417
57994
57995
55420
57140
55420
58918
58919
55425
58010
55429
55430
58936
55429
55430
57142
57143
58937
55432
55436
55437
58992
55436
55437
58024
58025
58993
55439
55441
57151
59014
55445
55446
55445
55447
55447
55450
55452
64949
55450
55455
64950
55453
55456
64951
55453
55453
55456
55456
55459
55459
55461
55464
55467
55464
55468
55465
55467
55468
55467
55468
55471
55472
55473
55471
55472
56622
55476
56623
55475
55476
55475
55476
56618
56630
56619
56631
55478
55479
55480
59020
55480
59016
59017
59021
55483
55484
59027
59031
55483
55484
55494
57027
57028
59029
55496
59034
55486
55488
55497
55487
59040
55488
59041
59043
55500
59046
55490
55492
55501
55491
59052
55492
59053
59055
55504
59058
55495
55496
59063
59067
55495
55496
57567
57568
59066
59069
55498
55500
55499
59076
55500
59077
59079
59081
55502
55504
55503
59088
55504
59089
59091
59094
55507
55508
59099
59103
55507
55508
55518
57039
57040
59101
55520
59106
55510
55512
55521
55511
59112
55512
59113
59115
55524
59118
55514
55515
55516
59124
55516
59128
59125
59129
55519
55520
59135
59139
55519
55520
57603
57604
59138
59141
55522
55524
55523
59148
55524
59149
59151
59153
55527
55527
55530
55534
55549
65776
55530
55537
55540
65778
55536
55539
65781
55533
55535
56661
64837
55533
55538
55895
64838
55536
55539
64841
55536
55536
55539
55543
55539
55542
55543
55542
55546
55545
55548
55545
55545
55548
55548
55551
65199
55551
65201
65205
55555
55556
65838
55555
65842
55557
65843
55557
55559
55560
55561
59164
55561
59160
59161
59165
55564
55565
59171
59175
55564
55565
55579
57031
57032
59173
55581
59178
55567
55569
55586
55568
59184
55569
59185
59187
55589
59190
55572
55573
55574
55572
55573
56691
55577
56692
55576
55577
55576
55577
56687
56699
56688
56700
55580
55581
59195
59199
55580
55581
57579
57580
59198
59201
55583
55585
55631
55584
59208
55585
59209
59211
55634
59214
55587
55589
55588
59220
55589
59221
59223
59225
55592
55593
59231
59235
55592
55593
57627
57628
59234
59237
55595
55597
55596
59244
55597
59245
59247
59250
55599
55601
55600
59256
55601
59257
59259
59261
55604
55605
55606
55604
55605
55656
56760
55657
55609
56761
55608
55609
55608
55609
56756
56768
56757
56769
55612
55628
55612
65832
65833
55615
55617
56730
55615
56007
55618
55618
55625
55618
56733
55621
55625
55621
55628
55627
55630
55624
55626
64970
55624
55629
56066
64971
55627
55630
64973
55627
55627
56736
55630
55630
56072
55632
55634
55633
59268
55634
59269
59271
59274
55637
55638
59279
59283
55637
55638
55648
57063
57064
59281
55650
59286
55640
55642
55651
55641
59292
55642
59293
59295
55654
59298
55644
55645
55646
59304
55646
59308
59305
59309
55649
55650
59315
59319
55649
55650
57687
57688
59318
59321
55652
55654
55653
59328
55654
59329
59331
59333
55657
55658
55659
55657
55658
56829
55662
56830
55661
55662
55661
55662
56825
56837
56826
56838
55664
55665
55666
59340
55666
59344
59341
59345
55669
55670
59351
59355
55669
55670
57735
57736
59354
59357
55672
55674
55673
59364
55674
59365
59367
59369
55677
55681
55677
55680
55680
56075
55683
55687
64976
55683
55690
64978
55689
55692
64981
55686
55688
57531
55686
55691
56134
55689
55692
55689
55689
55692
55692
56140
55695
55695
55698
55702
55708
65783
55698
55705
55711
65785
55704
55707
65788
55701
55703
56799
64851
55701
55706
56147
64852
55704
55707
64855
55704
55704
55707
55707
55710
65206
55710
65208
65212
55713
55713
55714
55716
55716
55716
55719
55720
59375
59379
55719
55720
57699
57700
59378
59381
55722
55724
55723
59388
55724
59389
59391
59394
55726
55728
55727
59400
55728
59401
59403
59405
55731
55732
55733
55731
55732
55750
56935
55751
55736
56936
55735
55736
55735
55736
56931
56943
56932
56944
55738
55739
55740
59412
55740
59416
59413
59417
55743
55744
59423
59427
55743
55744
57739
57740
59426
59429
55746
55748
55747
59436
55748
59437
59439
59441
55751
55752
55753
55751
55752
56967
55756
56968
55755
55756
55755
55756
56963
56975
56964
56976
55759
56125
55759
56211
55761
55763
55764
58913
55768
55770
56905
55768
56278
55771
55771
55778
55771
56908
55774
55778
55774
55781
55780
55783
55777
55779
64998
55777
55782
56288
64999
55780
55783
65001
55780
55780
56911
55783
55783
56294
55786
55790
65004
55786
55793
65006
55792
55795
65009
55789
55791
57555
55789
55794
56317
55792
55795
55792
55792
55795
55795
56323
55798
55799
55798
55801
55801
55801
56300
55805
56235
55805
56308
55807
59010
55813
55818
55813
55918
55816
58422
55819
55821
56347
55819
55822
55822
55829
55822
56350
55825
55829
55825
55832
55831
55834
55828
55830
65019
55828
55833
55845
65020
55831
55834
65022
55831
55831
56353
55834
55834
55851
55837
55837
55838
55840
55840
55840
55862
55843
55847
65025
55843
55850
65027
55849
55852
65030
55846
55848
57495
55846
55851
55849
55852
55849
55849
55852
55852
55855
55856
55855
55857
55857
55860
55860
55861
55863
55863
55863
55866
55870
65032
55866
55873
65034
55872
55875
65037
55869
55871
57399
55869
55874
55886
55872
55875
55872
55872
55875
55875
55892
55878
55880
56662
55878
55896
55881
55881
55888
55881
56664
55884
55888
55884
55891
55890
55893
55887
55889
65047
55887
55892
65048
55890
55893
65051
55890
55890
56667
55893
55893
55897
55897
55900
58509
55905
55945
55905
56019
55907
55908
58519
55910
55913
55913
55916
55920
55935
65790
55916
55923
55927
65792
55922
55925
65795
55919
55921
56348
64865
55919
55924
64866
55922
55925
64869
55922
55922
55925
55932
55925
55928
55929
55928
55932
55931
55934
55931
55931
55934
55934
55937
65213
55937
65215
65219
55940
55940
55943
55947
55959
65797
55943
55950
55954
65799
55949
55952
65802
55946
55948
56416
64879
55946
55951
64880
55949
55952
64883
55949
55949
55952
55952
55955
55956
55955
55958
55958
55958
55961
65220
55961
65222
65226
55964
55966
65068
55964
55969
65069
55967
55970
65071
55967
55967
55970
55970
55975
55973
55975
55978
55981
55978
55982
55979
55981
55982
55981
55982
55985
55985
55988
55992
56004
65804
55988
55995
55999
65806
55994
55997
65809
55991
55993
56731
64893
55991
55996
56008
64894
55994
55997
64897
55994
55994
55997
55997
56000
56001
56000
56003
56003
56003
56006
65227
56006
65229
65233
56009
56009
56011
56012
58611
56014
56017
56033
56017
65839
65840
56020
56022
56417
56020
56023
56023
56030
56023
56419
56026
56030
56026
56033
56032
56035
56029
56031
65089
56029
56034
56043
65090
56032
56035
65092
56032
56032
56422
56035
56035
56049
56038
56039
56038
56041
56045
65095
56041
56048
65097
56047
56050
65100
56044
56046
57507
56044
56049
56047
56050
56047
56047
56050
56050
56053
56053
56081
56056
56057
65831
56056
65835
56058
65836
56058
56061
56062
56061
56064
56068
65102
56064
56071
65103
56070
56073
65107
56067
56069
57519
56067
56072
56070
56073
56070
56070
56073
56073
56076
56076
56079
56083
56079
56082
56082
56085
56089
65109
56085
56092
65111
56091
56094
65114
56088
56090
57411
56088
56093
56113
56091
56094
56091
56091
56094
56094
56119
56097
56098
65846
56097
65849
56099
65851
56099
56102
56118
56102
65845
65847
56105
56107
56800
56105
56148
56108
56108
56115
56108
56802
56111
56115
56111
56118
56117
56120
56114
56116
65124
56114
56119
65125
56117
56120
65128
56117
56117
56805
56120
56120
56123
56139
56123
65852
65854
56126
56128
56868
56126
56129
56129
56136
56129
56871
56132
56136
56132
56139
56138
56141
56135
56137
65138
56135
56140
65139
56138
56141
65142
56138
56138
56874
56141
56141
56144
56145
65853
56144
65856
56146
65858
56146
56149
56149
56151
56153
56154
58821
56158
56160
65145
56158
56163
65146
56161
56164
65148
56161
56161
56164
56164
56167
56167
56169
56172
56175
56172
56176
56173
56175
56176
56175
56176
56179
56179
56182
56186
56192
65811
56182
56189
56196
65813
56188
56191
65816
56185
56187
56906
64907
56185
56190
56279
64908
56188
56191
64911
56188
56188
56191
56201
56191
56194
65234
56194
65236
65240
56197
56198
56197
56201
56200
56203
56200
56200
56203
56203
56206
56206
56209
56213
56219
65818
56209
56216
56222
65819
56215
56218
65823
56212
56214
56869
64921
56212
56217
64922
56215
56218
64925
56215
56215
56218
56218
56221
65241
56221
65242
65247
56224
56224
56225
56227
56227
56227
56230
56230
56233
56237
56243
65825
56233
56240
56246
65826
56239
56242
65830
56236
56238
57006
64935
56236
56241
64936
56239
56242
64939
56239
56239
56242
56249
56242
56245
65248
56245
65249
65254
56248
56249
56248
56252
56251
56254
56251
56251
56254
56254
56257
56259
65173
56257
56262
65174
56260
56263
65177
56260
56260
56263
56263
56268
56266
56268
56271
56274
56271
56275
56272
56274
56275
56274
56275
56280
56280
56282
58923
56286
56290
65179
56286
56293
65180
56292
56295
65184
56289
56291
57543
56289
56294
56292
56295
56292
56292
56295
56295
56298
56299
56298
56301
56301
56301
56304
56305
56304
56306
56306
56309
56311
57007
56309
56312
56312
56319
56312
57009
56315
56319
56315
56322
56321
56324
56318
56320
65194
56318
56323
65195
56321
56324
65198
56321
56321
57012
56324
56324
56327
56328
56327
56329
56329
56333
56334
56333
56334
56357
56614
56358
56615
56337
56338
56337
56338
56343
56345
56341
56342
56343
56341
56342
56361
59019
59020
56346
56363
56345
56346
56345
56346
56365
56367
56349
56350
65568
56349
65569
56352
65573
56352
56352
56354
56355
56355
56358
56359
56364
56358
56359
56634
56366
56635
56362
56363
56364
56362
56363
59039
59040
56367
56366
56367
56366
56367
56370
56371
56372
56370
56371
56389
56646
56375
56390
56647
56374
56375
56374
56375
56397
56398
56378
56379
56384
56378
56379
56622
56386
56624
56382
56383
56384
56382
56383
56393
59087
59088
56387
56395
56386
56387
56386
56387
56397
56399
56390
56391
56396
56390
56391
56671
56398
56672
56394
56395
56396
56394
56395
59111
59112
56399
56398
56399
56398
56399
56402
56403
56402
56403
56408
56410
56406
56407
56408
56406
56407
56426
59163
59164
56411
56428
56410
56411
56410
56411
56434
56435
56414
56415
56414
56415
56430
56683
56431
56684
56418
65575
56418
56419
65576
56421
65580
56421
56421
56423
56424
56424
56427
56428
56433
56427
56428
59183
59184
56435
56431
56432
56433
56431
56432
56703
56436
56704
56435
56436
56435
56436
56439
56440
56441
56439
56440
56458
56784
56444
56459
56785
56443
56444
56443
56444
56466
56467
56447
56448
56453
56447
56448
56691
56455
56693
56451
56452
56453
56451
56452
56462
59267
59268
56456
56464
56455
56456
56455
56456
56466
56468
56459
56460
56465
56459
56460
56809
56467
56810
56463
56464
56465
56463
56464
59291
59292
56468
56467
56468
56467
56468
56471
56472
56493
56471
56472
56477
56480
56496
56475
56476
56477
56475
56476
59339
56479
59340
56479
56480
56479
56480
56502
56503
56483
56484
56497
56483
56484
56489
56492
56500
56487
56488
56489
56487
56488
59411
56491
59412
56491
56492
56491
56492
56502
56504
56494
56496
56495
56496
56501
56503
56498
56500
56499
56500
56501
56504
56503
56504
56503
56504
56507
56508
56529
56507
56508
56513
56516
56532
56511
56512
56513
56511
56512
59015
56515
59016
56515
56516
56515
56516
56538
56539
56519
56520
56533
56519
56520
56525
56528
56536
56523
56524
56525
56523
56524
59159
56527
59160
56527
56528
56527
56528
56538
56540
56530
56532
56531
56532
56537
56539
56534
56536
56535
56536
56537
56540
56539
56540
56539
56540
56543
56544
56565
56543
56544
56549
56552
56568
56547
56548
56549
56547
56548
59123
56551
59124
56551
56552
56551
56552
56574
56575
56555
56556
56569
56555
56556
56561
56564
56572
56559
56560
56561
56559
56560
57639
57640
56563
56563
56564
56563
56564
56574
56576
56566
56568
56567
56568
56573
56575
56570
56572
56571
56572
56573
56576
56575
56576
56575
56576
56579
56580
56601
56579
56580
56585
56588
56604
56583
56584
56585
56583
56584
59303
56587
59304
56587
56588
56587
56588
56610
56611
56591
56592
56605
56591
56592
56597
56600
56608
56595
56596
56597
56595
56596
57783
57784
56599
56599
56600
56599
56600
56610
56612
56602
56604
56603
56604
56609
56611
56606
56608
56607
56608
56609
56612
56611
56612
56611
56612
56615
56616
56617
56615
56616
56634
56620
56636
56619
56620
56619
56620
56642
56643
56623
56624
56629
56623
56624
56631
56627
56628
56629
56627
56628
56638
59051
59052
56632
56640
56631
56632
56631
56632
56642
56644
56635
56636
56641
56635
56636
56643
56639
56640
56641
56639
56640
59075
59076
56644
56643
56644
56643
56644
56647
56648
56647
56648
56671
56673
56651
56652
56651
56652
56657
56659
56655
56656
56657
56655
56656
56675
59127
59128
56660
56677
56659
56660
56659
56660
56679
56681
56663
65582
56663
56664
65583
56666
65587
56666
56666
56668
56669
56669
56672
56673
56678
56672
56673
56680
56676
56677
56678
56676
56677
59147
59148
56681
56680
56681
56680
56681
56684
56685
56686
56684
56685
56703
56689
56705
56688
56689
56688
56689
56711
56712
56692
56693
56698
56692
56693
56700
56696
56697
56698
56696
56697
56707
59207
59208
56701
56709
56700
56701
56700
56701
56711
56713
56704
56705
56710
56704
56705
56712
56708
56709
56710
56708
56709
59219
59220
56713
56712
56713
56712
56713
56716
56717
56716
56717
56722
56724
56720
56721
56722
56720
56721
56740
57643
57644
56725
56742
56724
56725
56724
56725
56748
56749
56728
56729
56728
56729
56744
56752
56745
56753
56732
56733
65589
56732
65590
56735
65594
56735
56735
56737
56738
56738
56741
56742
56747
56741
56742
57663
57664
56749
56745
56746
56747
56745
56746
56772
56750
56773
56749
56750
56749
56750
56753
56754
56755
56753
56754
56772
56758
56774
56757
56758
56757
56758
56780
56781
56761
56762
56767
56761
56762
56829
56769
56831
56765
56766
56767
56765
56766
56776
59243
59244
56770
56778
56769
56770
56769
56770
56780
56782
56773
56774
56779
56773
56774
56781
56777
56778
56779
56777
56778
59255
59256
56782
56781
56782
56781
56782
56785
56786
56785
56786
56809
56811
56789
56790
56789
56790
56795
56797
56793
56794
56795
56793
56794
56813
59307
59308
56798
56815
56797
56798
56797
56798
56817
56819
56801
65596
56801
56802
65597
56804
65601
56804
56804
56806
56807
56807
56810
56811
56816
56810
56811
56818
56814
56815
56816
56814
56815
59327
59328
56819
56818
56819
56818
56819
56822
56823
56824
56822
56823
56841
56853
56827
56842
56854
56826
56827
56826
56827
56849
56850
56830
56831
56836
56830
56831
56838
56834
56835
56836
56834
56835
56845
57747
57748
56839
56847
56838
56839
56838
56839
56849
56851
56842
56843
56848
56842
56843
56878
56850
56879
56846
56847
56848
56846
56847
57771
57772
56851
56850
56851
56850
56851
56854
56855
56854
56855
56878
56880
56858
56859
56858
56859
56864
56866
56862
56863
56864
56862
56863
56882
59343
59344
56867
56884
56866
56867
56866
56867
56886
56888
56870
56871
65603
56870
65604
56873
65608
56873
56873
56875
56876
56876
56879
56880
56885
56879
56880
56887
56883
56884
56885
56883
56884
59363
59364
56888
56887
56888
56887
56888
56891
56892
56891
56892
56897
56899
56895
56896
56897
56895
56896
56915
57787
57788
56900
56917
56899
56900
56899
56900
56923
56924
56903
56904
56903
56904
56919
56927
56920
56928
56907
56908
65610
56907
65611
56910
65615
56910
56910
56912
56913
56913
56916
56917
56922
56916
56917
57807
57808
56924
56920
56921
56922
56920
56921
56947
56925
56948
56924
56925
56924
56925
56928
56929
56930
56928
56929
56947
56933
56949
56932
56933
56932
56933
56955
56956
56936
56937
56942
56936
56937
56967
56944
56969
56940
56941
56942
56940
56941
56951
59387
59388
56945
56953
56944
56945
56944
56945
56955
56957
56948
56949
56954
56948
56949
56956
56952
56953
56954
56952
56953
59399
59400
56957
56956
56957
56956
56957
56960
56961
56962
56960
56961
56979
57003
56965
56980
57004
56964
56965
56964
56965
56987
56988
56968
56969
56974
56968
56969
56976
56972
56973
56974
56972
56973
56983
57831
57832
56977
56985
56976
56977
56976
56977
56987
56989
56980
56981
56986
56980
56981
57020
56988
57021
56984
56985
56986
56984
56985
57843
57844
56989
56988
56989
56988
56989
56992
56993
56992
56993
56998
57000
56996
56997
56998
56996
56997
57016
59415
59416
57001
57018
57000
57001
57000
57001
57024
57025
57004
57005
57004
57005
57020
57022
57008
65617
57008
57009
65618
57011
65622
57011
57011
57013
57014
57014
57017
57018
57023
57017
57018
59435
59436
57025
57021
57022
57023
57021
57022
57026
57025
57026
57025
57026
57028
57030
57567
57029
60312
57030
60313
60315
57570
60318
57032
57034
57579
57033
60324
57034
60325
60327
57582
60330
57037
57038
60335
60339
57037
57038
57576
57588
57577
60338
57589
60342
57040
57042
57603
57041
60348
57042
60349
60351
57606
60354
57045
57046
60359
60363
57045
57046
57572
57616
57573
60362
57617
60366
57049
57050
60371
60375
57049
57050
57612
57624
57613
60374
57625
60378
57052
57054
57639
57053
57054
57059
57061
57642
57057
57058
57059
57057
57058
57652
59610
59611
57062
57653
57061
57062
57061
57062
57648
57660
57649
57661
57064
57066
57687
57065
60384
57066
60385
60387
57690
60390
57069
57070
60395
60399
57069
57070
57584
57676
57585
60398
57677
60402
57073
57074
60407
60411
57073
57074
57684
57696
57685
60414
57697
60410
57077
57078
60419
60423
57077
57078
57620
57716
57621
60422
57717
60426
57081
57082
60431
60435
57081
57082
57680
57728
57681
60434
57729
60438
57085
57086
60443
60447
57085
57086
57720
57732
57721
60446
57733
60450
57089
57090
57095
57089
57090
57332
57752
57333
57097
57753
57093
57094
57095
57093
57094
57760
59690
59691
57098
57761
57097
57098
57097
57098
57756
57768
57757
57769
57100
57102
57783
57101
57102
57107
57109
57786
57105
57106
57107
57105
57106
57796
59670
59671
57110
57797
57109
57110
57109
57110
57792
57804
57793
57805
57113
57114
57119
57113
57114
57820
59702
59703
57121
57821
57117
57118
57119
57117
57118
57380
57836
57381
57122
57837
57121
57122
57121
57122
57828
57840
57829
57841
57124
57125
60458
57127
60465
57129
60472
57900
57131
57132
57926
57134
57943
57136
65280
64241
65284
57138
57139
57141
57143
57144
58011
58014
57146
57148
58024
57147
57148
60522
58026
60524
57150
60528
60532
58016
60531
57153
57154
65286
65289
65290
57156
58089
64273
64276
57160
57161
57160
57161
58120
60611
57165
57166
60630
57165
57166
58027
58028
57169
57170
60656
57169
57170
58175
58176
58178
60679
57174
58080
57176
58196
57179
57180
60703
57179
57180
58198
58122
65303
57183
58264
57185
57188
60729
57188
57191
57191
57194
57194
64298
57197
57198
60773
57197
57198
57201
58292
57201
60789
64299
64302
57206
60854
57209
57209
57211
60881
57214
57214
58360
57216
57219
57219
58437
57222
57222
58493
57224
57226
57228
57231
57231
58622
57234
57234
58670
57237
57237
58749
57240
57240
58797
57242
57244
57246
57249
57249
58933
57252
57252
58989
57254
57256
57258
59015
57257
57258
57263
57265
59018
57261
57262
57263
57261
57262
59028
59447
59448
57266
59030
57265
57266
57265
57266
59024
59036
59025
59037
57269
57270
57275
57269
57270
57280
59056
57281
57277
59057
57273
57274
57275
57273
57274
59064
59570
59571
57278
59065
57277
57278
57277
57278
59060
59072
59061
59073
57281
57282
57287
57281
57282
59092
57289
59093
57285
57286
57287
57285
57286
59100
59459
59460
57290
59102
57289
57290
57289
57290
59096
59108
59097
59109
57292
57294
59123
57293
57294
57299
57301
59126
57297
57298
57299
57297
57298
59136
59606
59607
57302
59137
57301
57302
57301
57302
59132
59144
59133
59145
57304
57306
59159
57305
57306
57311
57313
59162
57309
57310
57311
57309
57310
59172
59451
59452
57314
59174
57313
57314
57313
57314
59168
59180
59169
59181
57317
57318
57323
57317
57318
59196
59582
59583
57325
59197
57321
57322
57323
57321
57322
57340
59212
57341
57326
59213
57325
57326
57325
57326
59204
59216
59205
59217
57329
57330
57335
57329
57330
59232
59630
59631
57337
59233
57333
57334
57335
57333
57334
59248
57338
59249
57337
57338
57337
57338
59240
59252
59241
59253
57341
57342
57347
57341
57342
59272
57349
59273
57345
57346
57347
57345
57346
59280
59471
59472
57350
59282
57349
57350
57349
57350
59276
59288
59277
59289
57352
57354
59303
57353
57354
57359
57361
59306
57357
57358
57359
57357
57358
59316
59666
59667
57362
59317
57361
57362
57361
57362
59312
59324
59313
59325
57364
57366
59339
57365
57366
57371
57373
59342
57369
57370
57371
57369
57370
59352
59714
59715
57374
59353
57373
57374
57373
57374
59348
59360
59349
59361
57377
57378
57383
57377
57378
59376
59678
59679
57385
59377
57381
57382
57383
57381
57382
59392
57386
59393
57385
57386
57385
57386
59384
59396
59385
59397
57388
57390
59411
57389
57390
57395
57397
59414
57393
57394
57395
57393
57394
59424
59718
59719
57398
59425
57397
57398
57397
57398
59420
59432
59421
59433
57401
57401
57402
57404
57404
57404
57408
57407
57409
57407
60221
57410
57410
57410
57413
57413
57414
57416
57416
57416
57420
57419
60263
57419
57421
57422
57422
57422
57425
57426
57425
57429
57428
57431
57428
57428
57431
57431
57434
57435
57434
57438
57437
57440
57437
57437
57440
57440
57443
57444
57443
57447
57446
57449
57446
57446
57449
57449
57452
57453
57452
57456
57455
57458
57455
57455
57458
57458
57461
57462
57461
57465
57464
57467
57464
57464
57467
57467
57470
57471
57470
57474
57473
57476
57473
57473
57476
57476
57479
57480
57479
57483
57482
57485
57482
57482
57485
57485
57488
57489
57488
57492
57491
57494
57491
57491
57494
57494
57497
57497
57498
57500
57500
57500
57504
57503
57505
57503
60215
57506
57506
57506
57509
57509
57510
57512
57512
57512
57516
57515
57517
57515
60251
57518
57518
57518
57521
57521
57522
57524
57524
57524
57528
57527
57529
57527
60257
57530
57530
57530
57533
57533
57534
57536
57536
57536
57540
57539
59726
57539
57541
57542
57542
57542
57545
57545
57546
57548
57548
57548
57552
57551
60293
57551
57553
57554
57554
57554
57557
57557
57558
57560
57560
57560
57564
57563
59744
57563
57565
57566
57566
57566
57568
57570
57569
60893
57570
60894
60896
60898
57573
57574
60904
60908
57573
57574
57592
60907
57593
60911
57577
57578
60916
60920
57577
57578
57600
60918
57601
60923
57580
57582
57581
60929
57582
60930
60932
60934
57585
57586
60940
60944
57585
57586
57596
60943
57597
60947
57589
57590
60952
60956
57589
57590
57600
60954
57602
60959
57593
57594
60964
60968
57593
57594
57616
60970
57618
60967
57597
57598
60976
60980
57597
57598
57676
60982
57678
60979
57601
57602
60988
60992
57601
57602
60990
60994
57604
57606
57605
61001
57606
61002
61004
61006
57608
57610
57627
57609
61013
57610
61014
61016
57630
61019
57613
57614
61024
61028
57613
57614
57636
61026
57637
61031
57617
57618
61036
61040
57617
57618
61042
61039
57621
57622
61048
61052
57621
57622
57632
61051
57633
61055
57625
57626
61060
61064
57625
57626
57636
61062
57638
61067
57628
57630
57629
61073
57630
61074
61076
61078
57633
57634
61084
61088
57633
57634
57716
61090
57718
61087
57637
57638
61096
61100
57637
57638
61098
61102
57640
57642
57641
57642
57647
57649
57644
57646
57663
57645
57646
57647
57650
57666
57649
57650
57649
57650
57672
57673
57653
57654
57659
57653
57654
61012
57661
61013
57657
57658
57659
57657
57658
57668
59236
57662
57669
59237
57661
57662
57661
57662
57672
57674
57664
57666
57665
57666
57671
57673
57669
57670
57671
57669
57670
59260
57674
59261
57673
57674
57673
57674
57677
57678
61108
61112
57677
57678
61114
61111
57681
57682
61120
61124
57681
57682
57704
61123
57705
61127
57685
57686
61132
61136
57685
57686
57708
61134
57709
61139
57688
57690
57689
61145
57690
61146
61148
61150
57692
57694
57699
57693
61157
57694
61158
61160
57702
61163
57697
57698
61168
61172
57697
57698
57708
61170
57710
61175
57700
57702
57701
61181
57702
61182
61184
61186
57705
57706
61192
61196
57705
57706
57728
61198
57730
61195
57709
57710
61204
61208
57709
57710
61210
61206
57712
57714
57735
57713
61217
57714
61218
61220
57738
61223
57717
57718
61228
61232
57717
57718
61234
61231
57721
57722
61240
61244
57721
57722
57744
61246
57745
61243
57724
57726
57739
57725
61253
57726
61254
61256
57742
61259
57729
57730
61264
61268
57729
57730
61270
61267
57733
57734
61276
61280
57733
57734
57744
61282
57746
61279
57736
57738
57737
61289
57738
61290
61292
61294
57740
57742
57741
61301
57742
61302
61304
61306
57745
57746
61312
61316
57745
57746
61314
61318
57748
57750
57771
57749
57750
57755
57758
57774
57753
57754
57755
57753
57754
59248
57757
59250
57757
57758
57757
57758
57780
57781
57761
57762
57767
57761
57762
61216
57769
61217
57765
57766
57767
57765
57766
57776
59356
57770
57777
59357
57769
57770
57769
57770
57780
57782
57772
57774
57773
57774
57779
57781
57777
57778
57779
57777
57778
59368
57782
59369
57781
57782
57781
57782
57784
57786
57785
57786
57791
57793
57788
57790
57807
57789
57790
57791
57794
57810
57793
57794
57793
57794
57816
57817
57797
57798
57803
57797
57798
61156
57805
61157
57801
57802
57803
57801
57802
57812
59380
57806
57813
59381
57805
57806
57805
57806
57816
57818
57808
57810
57809
57810
57815
57817
57813
57814
57815
57813
57814
59404
57818
59405
57817
57818
57817
57818
57821
57822
57827
57821
57822
61252
57829
61253
57825
57826
57827
57825
57826
57848
59428
57830
57849
59429
57829
57830
57829
57830
57852
57853
57832
57834
57843
57833
57834
57839
57842
57846
57837
57838
57839
57837
57838
59392
57841
59394
57841
57842
57841
57842
57852
57854
57844
57846
57845
57846
57851
57854
57849
57850
57851
57849
57850
59440
57853
59441
57853
57854
57853
57854
57857
57858
57859
57862
57860
57862
57861
57862
61347
61348
57864
61353
61357
57877
61356
57867
57868
57867
57868
57869
57870
57870
57871
58035
58036
57873
57875
57878
57874
57875
61395
57880
61397
57877
61401
61405
61403
57879
57880
57882
57883
57885
58041
57886
58042
57886
57887
57886
57887
57890
57892
57893
57907
57895
65324
64339
65327
57897
57898
57900
57901
57902
57905
57905
57907
57909
64345
57911
57912
61518
57914
61525
57916
61532
57928
57918
65342
64351
65347
57920
57921
57924
57924
57926
57928
57929
57930
57932
64357
57934
57936
57950
57939
57940
61608
57939
57940
57941
61610
57943
57946
57947
61651
57946
57947
57948
61653
57950
57953
57954
57955
61716
57954
57955
61717
57958
57959
57960
61753
57959
57960
61754
57962
57964
61776
57966
57967
61780
57969
61787
57976
57971
57972
57983
57974
64435
57976
57977
57978
57981
57981
57983
57985
65367
64442
65370
57987
57988
57990
57991
58005
57993
61841
57995
57996
61845
57998
61852
58007
58000
64447
58003
58003
58005
58007
58008
58009
58012
58014
58013
58014
61902
61903
58016
61908
61912
61910
58019
58020
58019
58020
58021
58022
58022
58023
58156
58158
58025
58026
58028
58029
58031
58032
58032
58033
58032
58033
58036
58037
62015
58036
58037
58039
64475
64477
58042
58043
62050
58042
58043
58045
64482
64484
58048
58049
58048
58049
58057
62125
62126
58053
58054
62132
58056
58168
58058
58060
58170
58063
58063
58064
62180
58067
62195
58068
58068
58070
58071
65396
65399
65400
62208
58075
58076
58075
58076
58083
58078
58079
62226
58081
62241
58084
58086
58192
64508
64511
62289
58091
58091
58092
62311
58094
58095
58097
58097
58098
62326
62347
64532
64535
62404
58103
58105
58106
62420
58107
58107
58109
58111
58112
62435
58113
58113
64546
64549
62461
62468
58118
58119
65412
65415
65416
58121
58123
62500
58126
58127
62506
58129
58236
58132
58132
58133
62541
58136
62556
58137
58137
58140
58141
58140
58141
58145
58143
58144
65440
65443
65444
58146
58148
58260
58150
58151
62617
58153
58262
62632
58157
58158
62633
58157
58158
58160
64597
64599
58162
64602
64604
58164
58166
62716
58169
65456
58172
58173
62766
58176
58177
58179
58182
58183
62816
58182
58183
58185
58186
58188
58186
58187
58189
58191
58193
65474
62881
58197
58197
58199
58201
58207
58204
58205
62950
58204
58205
58209
58208
58208
58210
58213
58214
63010
58213
58214
58217
58216
58220
58218
58221
58221
58224
58225
63067
58224
58225
58228
58227
58231
58229
58232
58232
58234
58238
63122
58237
63149
58245
58243
58244
63178
58243
58244
58247
58248
58246
58248
58249
58255
58253
58254
63239
58253
58254
58257
58258
58256
58258
58259
65499
63281
58263
63300
58267
58270
58270
64707
64725
58274
58275
63387
58274
58275
58286
58288
63390
58277
58385
58280
63413
58280
58283
58283
64727
58287
58288
63449
58287
58288
63451
58290
58390
63506
58293
58296
63545
58296
63547
58299
58300
63554
63555
58299
58300
58329
58331
63558
58303
58304
63565
58303
58304
58307
58308
58307
58309
58312
63614
58312
63616
58315
58316
63623
63624
58315
58316
58346
58347
63627
58319
58320
63634
58319
58320
58323
58332
58323
63650
58327
63656
58327
63659
58330
58331
63665
63666
58330
58331
63668
58333
63709
58337
58338
63715
58337
58338
58341
58349
58341
58344
63731
58344
63734
58347
58348
63740
63741
58347
58348
63744
58350
58353
58353
64747
58356
63786
58356
58359
58359
58361
58364
58365
63864
58364
58365
58376
58377
63867
64764
58369
63895
58369
58372
58372
58374
58413
58377
58378
63945
58377
58378
63948
58381
58381
64766
58383
63987
58386
58386
58388
64000
58391
58391
58393
64012
58396
58396
64786
64790
58400
64067
58403
58403
58405
64090
58408
58408
64792
58411
64124
58414
58414
58417
58418
58420
58421
58424
58428
58427
58465
58427
58429
58430
58430
58430
58432
58434
58433
58434
58447
58436
58439
58444
58446
58441
58442
58443
58446
58445
58446
58445
58446
58450
58450
58451
58450
58451
58453
58458
58462
58456
58457
58458
58456
58457
58479
58459
58481
58459
58483
58461
58462
58464
58468
58467
58467
58469
58470
58470
58470
58475
58490
58474
58475
58474
58475
58477
58482
58486
58480
58481
58482
58480
58481
58483
58483
58485
58486
58488
58490
58489
58490
58492
58495
58500
58502
58497
58498
58499
58502
58501
58502
58501
58502
58504
58505
58507
58508
58514
58514
58516
58521
58522
58523
58522
58523
58525
58526
58530
58537
58543
58533
58534
58536
58537
58539
58540
58541
58543
58545
60468
58546
58548
58549
58554
58552
58552
58555
58554
58556
58558
58562
58561
58561
58563
58564
58566
58567
58572
58570
58570
58573
58572
58574
58578
58585
58591
58581
58582
58584
58585
58587
58588
58589
58591
58593
61528
58594
58596
58597
58600
58600
58601
58602
58606
58606
58608
58613
58614
58615
58614
58615
58617
58618
58620
58621
58624
58625
58625
58628
58633
58629
58629
58631
58632
58634
58635
58634
58635
58638
58638
58639
58640
58640
58644
58643
58720
58643
58645
60190
58646
58646
58646
58661
58650
58655
58650
58660
58658
58662
58653
58654
58655
58653
58654
58731
58657
58733
58657
58658
58657
58658
58661
58662
58663
58661
58662
58666
58665
58666
58665
58666
58668
58669
58672
58673
58673
58676
58681
58677
58677
58679
58680
58682
58683
58682
58683
58698
58687
58692
58687
58697
58695
58699
58690
58691
58692
58690
58691
58768
58694
58770
58694
58695
58694
58695
58698
58699
58700
58698
58699
58703
58702
58703
58702
58703
58706
58706
58707
58708
58708
58712
58711
58788
58711
58713
60192
58714
58714
58714
58717
58717
58718
58719
58719
58723
58722
58722
58724
60193
58725
58725
58725
58740
58729
58734
58729
58739
58737
58741
58732
58733
58734
58732
58733
58736
58736
58737
58736
58737
58740
58741
58742
58740
58741
58744
58744
58745
58744
58745
58747
58748
58751
58752
58752
58755
58760
58756
58756
58758
58759
58761
58762
58761
58762
58777
58766
58771
58766
58776
58774
58778
58769
58770
58771
58769
58770
58773
58773
58774
58773
58774
58777
58778
58779
58777
58778
58781
58781
58782
58781
58782
58785
58785
58786
58787
58787
58791
58790
58790
58792
60195
58793
58793
58793
58795
58796
58799
58800
58800
58803
58808
58804
58804
58806
58807
58809
58810
58809
58810
58813
58813
58817
58823
58819
58820
58824
58825
58824
58825
58828
58832
58831
58831
58833
58834
58845
58839
58851
58841
58842
58843
58845
58847
58848
58850
58851
58853
61781
58854
58856
58857
58859
58859
58862
58862
58863
58864
58866
58867
58870
58870
58871
58872
58874
58875
58877
58877
58880
58880
58881
58882
58893
58887
58899
58889
58890
58891
58893
58895
58896
58898
58899
58901
61846
58902
58905
58905
58909
58915
58911
58912
58916
58917
58916
58917
58921
58922
58925
58926
58928
58930
58929
58930
58943
58932
58935
58940
58942
58937
58938
58939
58942
58941
58942
58941
58942
58946
58946
58947
58946
58947
58949
58954
58958
58952
58953
58954
58952
58953
58975
58955
58977
58955
58979
58957
58958
58960
58964
58963
59001
58963
58965
58966
58966
58966
58971
58986
58970
58971
58970
58971
58973
58978
58982
58976
58977
58978
58976
58977
58979
58979
58981
58982
58984
58986
58985
58986
58988
58991
58996
58998
58993
58994
58995
58998
58997
58998
58997
58998
59000
59004
59003
59003
59005
59006
59006
59006
59008
59009
59012
59013
59016
59018
59017
59018
59023
59025
59020
59022
59039
59021
59022
59023
59026
59042
59025
59026
59025
59026
59048
59049
59029
59030
59035
59029
59030
60311
60312
59037
59033
59034
59035
59033
59034
59044
59068
59038
59045
59069
59037
59038
59037
59038
59048
59050
59040
59042
59041
59042
59047
59049
59045
59046
59047
59045
59046
59080
59050
59081
59049
59050
59049
59050
59052
59054
59075
59053
59054
59059
59062
59078
59057
59058
59059
59057
59058
59092
59061
59094
59061
59062
59061
59062
59084
59085
59065
59066
59071
59065
59066
60892
59073
60893
59069
59070
59071
59069
59070
59080
59074
59082
59073
59074
59073
59074
59084
59086
59076
59078
59077
59078
59083
59085
59081
59082
59083
59081
59082
59086
59085
59086
59085
59086
59088
59090
59111
59089
59090
59095
59098
59114
59093
59094
59095
59093
59094
59097
59097
59098
59097
59098
59120
59121
59101
59102
59107
59101
59102
60347
60348
59109
59105
59106
59107
59105
59106
59116
59140
59110
59117
59141
59109
59110
59109
59110
59120
59122
59112
59114
59113
59114
59119
59121
59117
59118
59119
59117
59118
59152
59122
59153
59121
59122
59121
59122
59124
59126
59125
59126
59131
59133
59128
59130
59147
59129
59130
59131
59134
59150
59133
59134
59133
59134
59156
59157
59137
59138
59143
59137
59138
61000
59145
61001
59141
59142
59143
59141
59142
59152
59146
59154
59145
59146
59145
59146
59156
59158
59148
59150
59149
59150
59155
59157
59153
59154
59155
59153
59154
59158
59157
59158
59157
59158
59160
59162
59161
59162
59167
59169
59164
59166
59183
59165
59166
59167
59170
59186
59169
59170
59169
59170
59192
59193
59173
59174
59179
59173
59174
60323
60324
59181
59177
59178
59179
59177
59178
59188
59200
59182
59189
59201
59181
59182
59181
59182
59192
59194
59184
59186
59185
59186
59191
59193
59189
59190
59191
59189
59190
59224
59194
59225
59193
59194
59193
59194
59197
59198
59203
59197
59198
60928
59205
60929
59201
59202
59203
59201
59202
59224
59206
59226
59205
59206
59205
59206
59228
59229
59208
59210
59219
59209
59210
59215
59218
59222
59213
59214
59215
59213
59214
59272
59217
59274
59217
59218
59217
59218
59228
59230
59220
59222
59221
59222
59227
59230
59225
59226
59227
59225
59226
59229
59229
59230
59229
59230
59233
59234
59239
59233
59234
61072
59241
61073
59237
59238
59239
59237
59238
59260
59242
59262
59241
59242
59241
59242
59264
59265
59244
59246
59255
59245
59246
59251
59254
59258
59249
59250
59251
59249
59250
59253
59253
59254
59253
59254
59264
59266
59256
59258
59257
59258
59263
59266
59261
59262
59263
59261
59262
59265
59265
59266
59265
59266
59268
59270
59291
59269
59270
59275
59278
59294
59273
59274
59275
59273
59274
59277
59277
59278
59277
59278
59300
59301
59281
59282
59287
59281
59282
60383
60384
59289
59285
59286
59287
59285
59286
59296
59320
59290
59297
59321
59289
59290
59289
59290
59300
59302
59292
59294
59293
59294
59299
59301
59297
59298
59299
59297
59298
59332
59302
59333
59301
59302
59301
59302
59304
59306
59305
59306
59311
59313
59308
59310
59327
59309
59310
59311
59314
59330
59313
59314
59313
59314
59336
59337
59317
59318
59323
59317
59318
61144
59325
61145
59321
59322
59323
59321
59322
59332
59326
59334
59325
59326
59325
59326
59336
59338
59328
59330
59329
59330
59335
59337
59333
59334
59335
59333
59334
59338
59337
59338
59337
59338
59340
59342
59341
59342
59347
59349
59344
59346
59363
59345
59346
59347
59350
59366
59349
59350
59349
59350
59372
59373
59353
59354
59359
59353
59354
61288
59361
61289
59357
59358
59359
59357
59358
59368
59362
59370
59361
59362
59361
59362
59372
59374
59364
59366
59365
59366
59371
59373
59369
59370
59371
59369
59370
59374
59373
59374
59373
59374
59377
59378
59383
59377
59378
61180
59385
61181
59381
59382
59383
59381
59382
59404
59386
59406
59385
59386
59385
59386
59408
59409
59388
59390
59399
59389
59390
59395
59398
59402
59393
59394
59395
59393
59394
59397
59397
59398
59397
59398
59408
59410
59400
59402
59401
59402
59407
59410
59405
59406
59407
59405
59406
59409
59409
59410
59409
59410
59412
59414
59413
59414
59419
59421
59416
59418
59435
59417
59418
59419
59422
59438
59421
59422
59421
59422
59444
59445
59425
59426
59431
59425
59426
61300
59433
61301
59429
59430
59431
59429
59430
59440
59434
59442
59433
59434
59433
59434
59444
59446
59436
59438
59437
59438
59443
59445
59441
59442
59443
59441
59442
59446
59445
59446
59445
59446
59448
59450
60311
59449
59450
59455
59457
60314
59452
59454
60323
59453
59454
59455
59458
60326
59457
59458
59457
59458
60320
60332
60321
60333
59460
59462
60347
59461
59462
59467
59469
60350
59465
59466
59467
59465
59466
59575
60360
59576
59470
60361
59469
59470
59469
59470
60356
60368
60357
60369
59472
59474
60383
59473
59474
59479
59481
60386
59477
59478
59479
59477
59478
59587
60396
59588
59482
60397
59481
59482
59481
59482
60392
60404
60393
60405
59485
59486
59491
59485
59486
59623
60420
59624
59493
60421
59489
59490
59491
59489
59490
59659
60432
59660
59494
60433
59493
59494
59493
59494
60428
60440
60429
60441
59496
59499
59501
59502
59503
59505
59506
59508
59510
59509
59510
59511
59512
59515
64169
59515
59517
59518
60563
59520
59944
60588
59524
60589
59523
59524
59523
59524
60584
60585
59526
59527
59845
59529
59530
60608
59533
59533
60622
59535
60008
60636
59537
60637
59537
60632
59539
59540
59541
59546
59547
59546
59547
59548
59551
60713
59551
64290
59554
60137
59554
59556
64296
59557
59557
60727
59557
64297
59559
59561
59563
60888
59565
60890
59571
59573
60892
59572
59573
59578
59580
60895
59576
59577
59578
59576
59577
60905
59581
60906
59580
59581
59580
59581
60901
60913
60902
60914
59583
59585
60928
59584
59585
59590
59592
60931
59588
59589
59590
59588
59589
60941
59593
60942
59592
59593
59592
59593
60937
60949
60938
60950
59596
59597
59602
59596
59597
59619
60965
59620
59604
60966
59600
59601
59602
59600
59601
59655
60977
59656
59605
60978
59604
59605
59604
59605
60973
60985
60974
60986
59607
59609
61000
59608
59609
59614
59616
61003
59611
59613
61012
59612
59613
59614
59617
61015
59616
59617
59616
59617
61009
61021
61010
61022
59620
59621
59626
59620
59621
61037
59628
61038
59624
59625
59626
59624
59625
61049
59629
61050
59628
59629
59628
59629
61045
61057
61046
61058
59631
59633
61072
59632
59633
59638
59640
61075
59636
59637
59638
59636
59637
59695
61085
59696
59641
61086
59640
59641
59640
59641
61081
61093
61082
61094
59644
59644
59645
59647
59647
59647
59648
59650
59650
59651
59653
59653
59653
59656
59657
59662
59656
59657
61109
59664
61110
59660
59661
59662
59660
59661
61121
59665
61122
59664
59665
59664
59665
61117
61129
61118
61130
59667
59669
61144
59668
59669
59674
59676
61147
59671
59673
61156
59672
59673
59674
59677
61159
59676
59677
59676
59677
61153
61165
61154
61166
59679
59681
61180
59680
59681
59686
59688
61183
59684
59685
59686
59684
59685
59707
61193
59708
59689
61194
59688
59689
59688
59689
61189
61201
61190
61202
59691
59693
61216
59692
59693
59698
59700
61219
59696
59697
59698
59696
59697
61229
59701
61230
59700
59701
59700
59701
61225
61237
61226
61238
59703
59705
61252
59704
59705
59710
59712
61255
59708
59709
59710
59708
59709
61265
59713
61266
59712
59713
59712
59713
61261
61273
61262
61274
59715
59717
61288
59716
59717
59722
59724
61291
59719
59721
61300
59720
59721
59722
59725
61303
59724
59725
59724
59725
61297
61309
61298
61310
59728
59728
59729
59731
59731
59731
59734
59734
59735
59737
59737
59737
59738
59740
59740
59741
59743
59743
59743
59746
59746
59747
59749
59749
59749
59751
59753
59752
59753
59754
59755
59757
59758
59761
59762
59761
59762
59764
59764
59766
59767
59770
59771
59770
59771
59773
59773
59775
59777
59776
59777
59778
59779
59781
59782
59783
59785
59788
59891
59790
59915
59792
59793
59794
59796
59799
59800
59799
59800
59801
59803
61606
59803
59805
59807
59810
59811
59810
59811
59814
59813
59813
61649
59816
59819
59820
59819
59820
59821
59823
61714
59823
59825
59827
59829
59832
59833
59832
59833
59834
59836
61751
59836
59838
59839
59840
59842
59845
59847
59850
59998
59852
59854
59853
59854
59855
59856
59859
59860
59859
59860
59862
59862
59864
59865
59868
59869
59868
59869
59871
59871
59874
59874
62007
59876
59879
62021
59878
62022
59878
62017
59880
62056
59882
62057
59882
62052
59885
59885
62076
59887
59888
62112
59890
59891
59893
59894
62122
59896
62130
59899
59899
59901
59907
59903
59903
62177
59906
64173
59906
59908
59910
59910
62192
59913
59913
59915
59916
59918
59919
62218
59921
62224
59923
59950
62278
59927
62279
59926
59927
59926
59927
62274
62275
59930
59930
59933
59933
59934
59935
59935
59938
59938
59941
59941
59942
59943
59943
59945
62336
59949
62337
59948
59949
59948
59949
62332
62333
59951
62373
59955
62374
59954
59955
59954
59955
62369
62370
59958
59958
59959
59960
59960
59963
59963
59966
59966
59967
59968
59968
59971
59971
59973
59974
62478
59976
62504
59979
64188
59979
59982
59982
59984
59990
59986
59986
62538
59989
64192
59989
59991
59993
59993
62553
59996
59996
59998
59999
60001
60002
62578
60004
60005
62590
60007
62614
60009
62639
60011
62640
60011
62635
60014
60014
62678
60017
60021
60017
60019
64607
60020
60020
62705
60020
64608
60023
60023
60025
64609
60026
60026
62707
60026
64610
60031
60032
60036
60031
60032
60045
60046
60038
60034
60035
60036
60039
60038
60039
60038
60039
62798
62799
60041
60042
60043
60046
60047
60051
60046
60047
60053
60049
60050
60051
60054
60053
60054
60053
60054
62827
62828
60057
62895
60057
64651
60059
60060
60063
60062
60063
60062
60063
62933
62934
60066
60067
60066
60067
60068
60070
60071
60074
60073
60074
60073
60074
62990
62991
60077
62994
60077
64660
60080
62997
60080
64663
60083
60084
60083
60084
60085
60087
60088
60091
60090
60091
60090
60091
63029
63030
60094
60095
60094
60095
60096
60098
60099
60102
60101
60102
60101
60102
63086
63087
60106
60107
60108
60111
60112
60116
60111
60112
60125
60126
60118
60114
60115
60116
60119
60118
60119
60118
60119
63209
63210
60121
60122
60123
60126
60127
60131
60126
60127
60133
60129
60130
60131
60134
60133
60134
60133
60134
63247
63248
60139
60139
60141
64705
60142
60142
63324
60142
64706
60144
63971
60146
63973
60148
60150
60152
64006
60154
64008
60156
60159
60160
64799
60159
60168
60162
60164
64800
60164
60175
60166
60169
60170
64801
60169
60172
60174
60176
64802
60176
60178
64102
60180
64104
60182
60185
60188
60199
60202
60205
60205
60206
60208
60208
60208
60209
60211
60211
60212
60214
60214
60214
60217
60217
60218
60220
60220
60220
60223
60223
60224
60226
60226
60226
60229
60229
60230
60232
60232
60232
60233
60235
60235
60236
60238
60238
60238
60241
60241
60242
60244
60244
60244
60245
60247
60247
60248
60250
60250
60250
60253
60253
60254
60256
60256
60256
60259
60259
60260
60262
60262
60262
60265
60265
60266
60268
60268
60268
60271
60271
60272
60274
60274
60274
60275
60277
60277
60278
60280
60280
60280
60283
60283
60284
60286
60286
60286
60287
60289
60289
60290
60292
60292
60292
60295
60295
60296
60298
60298
60298
60301
60301
60302
60304
60304
60304
60305
60307
60307
60308
60310
60310
60310
60312
60314
60313
60314
60319
60321
60317
60318
60319
60317
60318
60336
60897
60322
60337
60898
60321
60322
60321
60322
60344
60345
60324
60326
60325
60326
60331
60333
60329
60330
60331
60329
60330
60340
60933
60334
60341
60934
60333
60334
60333
60334
60344
60346
60337
60338
60343
60337
60338
60917
60345
60918
60341
60342
60343
60341
60342
60953
60346
60954
60345
60346
60345
60346
60348
60350
60349
60350
60355
60357
60353
60354
60355
60353
60354
60372
61005
60358
60373
61006
60357
60358
60357
60358
60380
60381
60361
60362
60367
60361
60362
60905
60369
60907
60365
60366
60367
60365
60366
60376
61041
60370
60377
61042
60369
60370
60369
60370
60380
60382
60373
60374
60379
60373
60374
61025
60381
61026
60377
60378
60379
60377
60378
61061
60382
61062
60381
60382
60381
60382
60384
60386
60385
60386
60391
60393
60389
60390
60391
60389
60390
60408
61149
60394
60409
61150
60393
60394
60393
60394
60416
60417
60397
60398
60403
60397
60398
60941
60405
60943
60401
60402
60403
60401
60402
60412
61113
60406
60413
61114
60405
60406
60405
60406
60416
60418
60409
60410
60415
60409
60410
61169
60417
61170
60413
60414
60415
60413
60414
61133
60418
61134
60417
60418
60417
60418
60421
60422
60427
60421
60422
61049
60429
61051
60425
60426
60427
60425
60426
60444
61233
60430
60445
61234
60429
60430
60429
60430
60452
60453
60433
60434
60439
60433
60434
61121
60441
61123
60437
60438
60439
60437
60438
60448
61269
60442
60449
61270
60441
60442
60441
60442
60452
60454
60445
60446
60451
60445
60446
61245
60453
61246
60449
60450
60451
60449
60450
61281
60454
61282
60453
60454
60453
60454
60456
60473
60458
60460
60461
60463
60463
64227
60465
60467
60471
60471
60471
60478
60476
60478
60480
60481
61631
60485
60485
61645
60488
60488
60491
60492
60493
60491
60492
60496
61728
60495
60496
60495
60496
60497
60498
60498
60500
60501
60502
60501
60502
60504
60506
61888
60508
60510
60511
60514
60521
60514
64462
60517
60518
60517
60521
60523
60524
60526
60527
60535
60537
60530
60531
60534
60530
60531
61909
60536
61910
60533
60534
60537
60536
60537
60536
60537
60539
60543
60542
60543
60542
60543
60545
60548
60549
60548
60549
60551
60551
60553
60555
60556
62222
60559
60560
60559
60561
60563
60566
60567
60566
60567
60569
60569
60572
60572
60574
60576
60577
60576
60577
60579
60580
60582
60583
60585
60585
60586
60585
60586
60589
60590
60589
60590
62336
62338
60593
60594
60595
60593
60594
60598
62457
60597
60598
60597
60598
62458
62459
60601
60604
60601
60603
62480
60605
60607
60610
60613
60614
60618
60620
60616
60617
60616
60617
60620
60621
60620
60621
60627
60628
60623
60626
60626
60628
60629
62646
62647
60631
60633
60634
60633
60634
60637
60638
60637
60638
62639
62641
60640
60641
60642
60645
60644
60645
60644
60645
62683
62684
60647
60660
60650
60650
60652
60655
60655
60655
60657
60659
60659
60662
60662
60666
60665
60669
60667
60668
60667
60668
60671
60671
60674
60675
60675
60677
60678
60681
60685
60688
60680
60684
60685
60686
60684
60686
60685
60686
60688
60690
60691
60693
60694
60693
60694
62897
60696
60699
60699
60699
60702
64286
60702
60704
60706
60706
60710
63002
63021
60711
60711
60714
60714
60716
60718
60719
60721
60722
60725
60725
60725
60728
60732
60733
60732
60733
63368
60736
60737
60736
60738
60739
62780
60739
60742
60743
60742
60743
60752
60745
62783
60747
60751
60750
60751
60750
60751
60753
60757
60756
60767
60770
60759
60760
60759
60762
60762
60762
60764
60766
60769
60770
60769
60772
60772
60772
63365
60776
60777
60776
60777
63532
60780
60781
60780
60781
60787
62907
60785
60785
60786
60788
60791
60791
60793
60794
60797
60797
60798
60807
60801
60811
60801
63664
60804
64666
60804
60806
60806
60809
60809
63529
60813
60813
60813
60816
60818
60824
60820
60830
60826
60824
60825
60827
60832
60830
60831
60833
60837
60838
60840
60841
60842
60844
60844
60845
60844
60845
63979
63980
60847
60848
60851
60851
60853
60856
60857
63602
60859
60860
60862
60863
60867
60865
60865
60866
60865
60866
60872
60873
60869
60870
60869
60870
64022
64023
60873
60874
60873
60874
60877
60877
60878
60880
60883
63832
60888
60890
60891
60893
60895
60894
60895
60900
60902
60898
60899
60900
60898
60899
60917
60903
60919
60902
60903
60902
60903
60925
60926
60906
60907
60912
60906
60907
60914
60910
60911
60912
60910
60911
60921
60969
60915
60922
60970
60914
60915
60914
60915
60925
60927
60918
60919
60924
60918
60919
60926
60922
60923
60924
60922
60923
60989
60927
60990
60926
60927
60926
60927
60929
60931
60930
60931
60936
60938
60934
60935
60936
60934
60935
60953
60939
60955
60938
60939
60938
60939
60961
60962
60942
60943
60948
60942
60943
60950
60946
60947
60948
60946
60947
60957
60981
60951
60958
60982
60950
60951
60950
60951
60961
60963
60954
60955
60960
60954
60955
60962
60958
60959
60960
60958
60959
60993
60963
60994
60962
60963
60962
60963
60966
60967
60972
60966
60967
61037
60974
61039
60970
60971
60972
60970
60971
60989
60975
60991
60974
60975
60974
60975
60997
60998
60978
60979
60984
60978
60979
61109
60986
61111
60982
60983
60984
60982
60983
60993
60987
60995
60986
60987
60986
60987
60997
60999
60990
60991
60996
60990
60991
60998
60994
60995
60996
60994
60995
60999
60998
60999
60998
60999
61001
61003
61002
61003
61008
61010
61006
61007
61008
61006
61007
61025
61011
61027
61010
61011
61010
61011
61033
61034
61013
61015
61014
61015
61020
61022
61018
61019
61020
61018
61019
61029
61077
61023
61030
61078
61022
61023
61022
61023
61033
61035
61026
61027
61032
61026
61027
61034
61030
61031
61032
61030
61031
61097
61035
61098
61034
61035
61034
61035
61038
61039
61044
61038
61039
61046
61042
61043
61044
61042
61043
61061
61047
61063
61046
61047
61046
61047
61069
61070
61050
61051
61056
61050
61051
61058
61054
61055
61056
61054
61055
61065
61089
61059
61066
61090
61058
61059
61058
61059
61069
61071
61062
61063
61068
61062
61063
61070
61066
61067
61068
61066
61067
61101
61071
61102
61070
61071
61070
61071
61073
61075
61074
61075
61080
61082
61078
61079
61080
61078
61079
61097
61083
61099
61082
61083
61082
61083
61105
61106
61086
61087
61092
61086
61087
61229
61094
61231
61090
61091
61092
61090
61091
61101
61095
61103
61094
61095
61094
61095
61105
61107
61098
61099
61104
61098
61099
61106
61102
61103
61104
61102
61103
61107
61106
61107
61106
61107
61110
61111
61116
61110
61111
61118
61114
61115
61116
61114
61115
61133
61119
61135
61118
61119
61118
61119
61141
61142
61122
61123
61128
61122
61123
61130
61126
61127
61128
61126
61127
61137
61197
61131
61138
61198
61130
61131
61130
61131
61141
61143
61134
61135
61140
61134
61135
61142
61138
61139
61140
61138
61139
61209
61143
61210
61142
61143
61142
61143
61145
61147
61146
61147
61152
61154
61150
61151
61152
61150
61151
61169
61155
61171
61154
61155
61154
61155
61177
61178
61157
61159
61158
61159
61164
61166
61162
61163
61164
61162
61163
61173
61185
61167
61174
61186
61166
61167
61166
61167
61177
61179
61170
61171
61176
61170
61171
61178
61174
61175
61176
61174
61175
61205
61179
61206
61178
61179
61178
61179
61181
61183
61182
61183
61188
61190
61186
61187
61188
61186
61187
61205
61191
61207
61190
61191
61190
61191
61213
61214
61194
61195
61200
61194
61195
61265
61202
61267
61198
61199
61200
61198
61199
61209
61203
61211
61202
61203
61202
61203
61213
61215
61206
61207
61212
61206
61207
61214
61210
61211
61212
61210
61211
61215
61214
61215
61214
61215
61217
61219
61218
61219
61224
61226
61222
61223
61224
61222
61223
61241
61293
61227
61242
61294
61226
61227
61226
61227
61249
61250
61230
61231
61236
61230
61231
61238
61234
61235
61236
61234
61235
61245
61239
61247
61238
61239
61238
61239
61249
61251
61242
61243
61248
61242
61243
61313
61250
61314
61246
61247
61248
61246
61247
61251
61250
61251
61250
61251
61253
61255
61254
61255
61260
61262
61258
61259
61260
61258
61259
61277
61305
61263
61278
61306
61262
61263
61262
61263
61285
61286
61266
61267
61272
61266
61267
61274
61270
61271
61272
61270
61271
61281
61275
61283
61274
61275
61274
61275
61285
61287
61278
61279
61284
61278
61279
61317
61286
61318
61282
61283
61284
61282
61283
61287
61286
61287
61286
61287
61289
61291
61290
61291
61296
61298
61294
61295
61296
61294
61295
61313
61299
61315
61298
61299
61298
61299
61321
61322
61301
61303
61302
61303
61308
61310
61306
61307
61308
61306
61307
61317
61311
61319
61310
61311
61310
61311
61321
61323
61314
61315
61320
61314
61315
61322
61318
61319
61320
61318
61319
61323
61322
61323
61322
61323
61325
61329
61328
61329
61328
61329
61331
61333
61334
61336
61339
61346
61339
64316
61342
61343
61342
61346
61348
61349
61351
61352
61360
61362
61355
61356
61359
61355
61356
61402
61361
61403
61358
61359
61362
61361
61362
61361
61362
61365
61366
61367
61365
61366
61368
61371
61371
61372
61375
61391
61375
64318
61378
61380
61378
61429
61381
61381
61388
61381
61384
61435
61384
61386
64473
61387
61387
61393
61387
64474
61390
61390
64311
61392
61394
61396
61397
61399
61400
61408
61410
61403
61404
61407
61403
61404
61409
61406
61407
61410
61409
61410
61409
61410
61412
61413
61415
61418
61425
61418
64330
61421
61422
61421
61425
61428
61444
61428
64332
61431
61431
61433
61434
61434
61441
61434
61437
61437
61439
64480
61440
61440
61446
61440
64481
61443
61443
64325
61445
61447
61450
61451
61452
61450
61451
61453
61456
61456
61457
61459
61463
61462
61463
61462
61463
61465
61467
61471
61470
61470
61473
61473
61478
61476
61478
61480
61481
61483
61483
61486
61499
61489
61490
61492
61497
61495
61495
64487
61497
61498
61500
61504
61504
61504
61506
61507
61509
61511
61511
61512
61516
61533
61518
61520
61521
61523
61523
64348
61525
61527
61531
61531
61531
61546
61536
61537
61539
61544
61542
64259
61542
61544
61545
61547
61551
61551
61551
61553
61554
61556
61556
61559
61561
61562
61564
61566
61566
61567
61569
61573
61572
61572
61575
61575
61577
61578
61588
61582
61582
61602
61585
61585
61588
61589
61590
61588
61589
61593
61592
61593
61592
61593
61594
61595
61595
61599
61597
61600
61601
61600
61601
61604
61606
61607
61609
61610
61612
61615
61615
61616
61615
61616
61619
61621
61619
61624
61698
61622
61625
61622
61622
61625
61625
61702
61628
64380
61628
64518
61631
61632
61633
61631
61632
61636
61635
61636
61635
61636
61637
61638
61638
61642
61640
61643
61644
61643
61644
61647
61649
61650
61652
61653
61655
61658
61658
61659
61658
61659
61662
61664
61662
61667
61736
61665
61668
61665
61665
61668
61668
61742
61671
64388
61671
64526
61674
61675
61676
61674
61675
61679
61691
61678
61679
61678
61679
61680
61681
61681
61683
61684
61685
61684
61685
61687
61689
61690
61694
61694
61710
61697
61697
61700
61702
61700
61705
61703
61706
61703
61703
61706
61706
61709
64407
61709
64530
61712
61714
61715
61717
61718
61720
61723
61723
61724
61723
61724
61726
61727
61731
61731
61747
61734
61734
61737
61739
61737
61742
61740
61743
61740
61740
61743
61743
61746
64423
61746
64283
61749
61751
61752
61754
61755
61757
61760
61760
61761
61760
61761
61763
61764
61767
61767
61769
61769
61771
61772
61774
61774
64431
61776
61778
61788
61780
61784
61784
61784
61786
61793
61791
61793
61795
61796
61798
61800
61800
61801
61803
61804
61806
61806
61809
61822
61812
61813
61815
61820
61818
61818
64563
61820
61821
61823
61827
61827
61827
61834
61832
61834
61836
61837
61839
61839
64443
61841
61843
61853
61845
61849
61849
61849
61851
61855
61856
61858
61860
61860
61861
61874
61864
61865
61867
61872
61870
61870
64576
61872
61873
61875
61879
61879
61879
61881
61882
61884
61884
61887
61891
61891
61893
61893
61895
61899
61898
61899
61898
61899
61901
61903
61904
61906
61907
61915
61917
61910
61911
61914
61910
61911
61916
61913
61914
61917
61916
61917
61916
61917
61920
61921
61922
61920
61921
61923
61926
61926
61927
61930
61946
61930
64464
61933
61935
61933
61969
61936
61936
61943
61936
61939
61975
61939
61941
64595
61942
61942
61948
61942
64596
61945
61945
64457
61947
61949
61951
61953
61954
61957
61964
61957
64469
61960
61961
61960
61964
61967
61985
61967
64471
61970
61972
61970
61973
61973
61980
61973
61976
61978
64284
61976
61979
61979
61983
61979
64285
61982
61982
64250
61984
61986
61989
61990
61991
61989
61990
61992
61995
61995
61996
61998
61999
62003
62005
62001
62002
62001
62002
62005
62006
62005
62006
62012
62013
62008
62011
62011
62013
62014
62028
62029
62016
62018
62019
62018
62019
62022
62023
62022
62023
62056
62058
62025
62026
62027
62029
62029
62030
62029
62030
62034
62034
64478
62036
62041
62045
62044
62039
62040
62041
62045
62039
62040
62087
62043
62046
62088
62043
62044
62043
62044
62047
62049
62046
62091
62048
62049
62051
62053
62054
62053
62054
62057
62058
62057
62058
62060
62061
62062
62065
62064
62065
62064
62065
62081
62082
62067
62068
62072
62075
62070
62071
62070
62071
62074
62075
62074
62075
62081
62083
62077
62080
62080
62082
62083
62085
62090
62092
62095
62088
62089
62090
62092
62088
62089
62091
62094
62091
62094
62095
62094
62095
62096
62098
62097
62098
62102
62102
64485
62104
62105
62128
62108
62109
62108
62110
62112
62114
62148
62117
62118
62117
62119
62121
62124
62128
62131
62131
62135
62135
62138
62137
62141
62139
62141
62143
62144
62146
62146
62148
62151
62151
64210
62153
62156
62155
62159
62159
62159
62161
64614
62163
62165
62167
62167
62170
62171
62170
62172
62175
62175
62176
62179
62179
62183
62182
62182
62183
62186
62187
62186
62187
62189
62189
62191
62194
62194
62198
62197
62197
62198
62201
62202
62201
62203
62206
62206
62207
62210
62249
62213
62214
62213
62215
62217
62220
62222
62225
62225
62229
62229
62234
62231
62233
62233
62235
62237
62238
62240
62240
62243
62245
62247
62247
62249
62252
62252
64212
62254
62257
62256
62260
62260
62260
62262
64645
62264
62266
62267
62266
62267
62269
62270
62272
62273
62275
62275
62276
62275
62276
62279
62280
62279
62280
62373
62375
62283
62284
62285
62283
62284
62288
62304
62287
62288
62287
62288
62305
62306
62291
62291
62292
62294
62295
62295
62297
62301
62299
62300
62299
62300
62305
62307
62303
62303
62394
62395
62306
62306
62307
62309
62310
62313
62316
62317
62316
62317
62319
62319
62322
62322
62324
62325
62328
62330
62331
62333
62333
62334
62333
62334
62337
62338
62337
62338
62341
62342
62343
62341
62342
62346
62362
62345
62346
62345
62346
62363
62364
62349
62349
62350
62352
62353
62353
62355
62359
62357
62358
62357
62358
62363
62365
62361
62361
62455
62456
62364
62364
62365
62367
62368
62370
62370
62371
62370
62371
62374
62375
62374
62375
62378
62379
62380
62378
62379
62383
62400
62382
62383
62382
62383
62401
62402
62385
62387
62388
62387
62388
62390
62391
62393
62396
62395
62395
62398
62399
62398
62399
62401
62403
62402
62402
62403
62406
62406
62407
62409
62410
62410
62413
62414
62413
62414
62416
62416
62419
62419
62422
62424
62425
62428
62429
62428
62429
62431
62431
62434
62434
62437
62439
62440
62442
62444
62445
62444
62445
62447
62448
62450
62454
62452
62453
62452
62453
62458
62460
62456
62456
62459
62459
62460
62463
62463
62464
62466
62467
62467
62471
62475
62471
62473
62474
62502
62476
62478
62480
62483
62483
64214
62485
62491
62487
62490
62490
62490
62493
64294
62495
62499
62497
62499
62502
62505
62505
62509
62509
62512
62511
62515
62513
62515
62517
62518
62520
62520
62523
62524
62523
62524
62526
62526
62528
62531
62532
62531
62533
62536
62536
62537
62540
62540
62544
62543
62543
62544
62547
62548
62547
62548
62550
62550
62552
62555
62555
62559
62558
62558
62559
62562
62563
62562
62564
62567
62567
62568
62571
62574
62571
62573
62598
62575
62577
62580
62583
62587
62583
62585
62586
62613
62588
62590
62592
62596
62594
62596
62598
62601
64216
62601
62603
62609
62605
62608
62608
62608
62611
64701
62613
62616
62616
62620
62620
62625
62622
62624
62624
62626
62628
62629
62631
62631
62634
62636
62637
62636
62637
62640
62641
62640
62641
62643
62644
62645
62647
62647
62648
62647
62648
62652
62652
64600
62654
62659
62663
62662
62657
62658
62659
62663
62657
62658
62689
62661
62664
62691
62661
62662
62661
62662
62665
62667
62664
62697
62666
62667
62669
62670
62674
62673
62672
62673
62672
62673
62683
62685
62676
62677
62676
62677
62679
62682
62682
62684
62685
62687
62692
62696
62695
62690
62691
62692
62696
62690
62691
62694
62697
62694
62695
62694
62695
62698
62700
62697
62699
62700
62704
62704
64605
62706
62708
62711
62712
62712
62714
62715
62718
62723
62725
62717
62721
62722
62723
62721
62722
62722
62723
62725
62727
62729
62730
62732
62733
62736
62736
62736
62740
62740
62745
62742
62743
62748
62746
62746
62748
62751
62751
62753
62754
62756
62756
62758
62759
62761
64616
62764
62764
64617
62766
62768
62770
62770
62774
62773
62777
62775
62776
62775
62776
62779
62779
62781
62783
62784
62787
62788
62789
62787
62788
62790
62793
64625
62793
62796
62797
62796
62797
62824
62826
62799
62800
62802
62803
62807
62820
62810
62810
62812
62815
62815
62815
62817
62819
62819
62822
62822
62825
62826
62825
62826
62828
62829
62831
62832
62836
63423
62838
62839
63429
62842
62843
62844
62842
62843
62845
62848
64636
62848
62850
62851
62854
62854
62854
62857
62859
62860
62863
62863
62870
62865
62866
62868
62868
62871
62871
62873
62874
62876
64646
62879
62879
64647
62881
62883
62885
62885
62888
62888
62890
62891
62893
62893
62896
62896
62900
62925
62901
62901
62903
62905
62918
62907
62908
62911
62912
62913
62911
62912
62914
62917
62917
62920
62920
62922
62923
62924
62928
62926
62931
63019
62926
62927
62926
62927
62930
62931
62930
62931
63025
63027
62935
62934
62935
62937
62938
62940
62941
62940
62941
62954
62943
62946
62946
62946
62949
64654
62949
62951
62953
62953
62957
62982
62958
62958
62960
62962
62975
62964
62965
63574
62968
62969
62970
62968
62969
62971
62974
62974
62977
62977
62979
62980
62981
62985
62983
62988
63075
62983
62984
62983
62984
62987
62988
62987
62988
63078
63080
62992
62991
62992
62995
62995
62998
62998
63000
63001
63003
63004
63003
63004
63006
63009
63009
63009
63011
63013
63013
63016
64664
63016
63018
63019
63020
63024
63022
63027
63022
63023
63022
63023
63026
63027
63026
63027
63031
63030
63031
63033
63035
63048
63038
63038
63040
63041
63647
63044
63045
63046
63044
63045
63047
63050
63050
63054
63059
63082
63055
63055
63057
63058
63060
63061
63060
63061
63063
63066
63066
63066
63068
63070
63070
63073
63073
64668
63075
63076
63077
63081
63080
63083
63079
63080
63079
63080
63083
63084
63083
63084
63088
63087
63088
63090
63092
63105
63095
63095
63097
63098
63728
63101
63102
63103
63101
63102
63104
63107
63107
63109
63110
63113
63113
63113
63117
63118
63118
63120
63121
63124
63129
63131
63123
63127
63128
63129
63127
63128
63128
63129
63131
63134
63134
63136
63137
63139
63139
63141
64673
63144
63144
64674
63146
63147
63149
63151
63153
63153
63156
63156
63161
63158
63159
63164
63162
63162
63164
63166
63175
63169
63169
63171
63174
63174
63174
63177
63177
63179
63181
63181
63185
63184
63188
63186
63187
63186
63187
63190
63190
63192
63193
63796
63196
63197
63198
63196
63197
63199
63201
63800
63204
64682
63204
63207
63208
63207
63208
63244
63245
63210
63211
63213
63214
63220
63219
63223
63221
63222
63221
63222
63225
63225
63227
63237
63230
63230
63232
63235
63235
63235
63238
63238
63240
63242
63242
63245
63246
63245
63246
63248
63249
63251
63252
63256
63257
63905
63260
63261
63262
63260
63261
63263
63265
63909
63268
64693
63268
63270
63272
63273
63276
63277
63277
63279
63280
63283
63288
63290
63282
63286
63287
63288
63286
63287
63287
63288
63290
63292
64702
63295
63295
64703
63297
63298
63300
63302
63304
63304
63307
63307
63309
63310
63312
63312
63315
63315
63322
63317
63318
63320
63320
63323
63323
63325
63328
63330
63338
63332
63344
63335
63336
63338
63339
63341
63342
63344
63345
63347
64716
63350
63361
63352
63364
63353
63353
63354
63356
63356
63356
63358
63360
63363
63364
63363
63366
63366
63366
63368
63371
63372
63371
63372
63375
63378
63379
63380
63378
63379
63381
63381
63397
63384
63385
63384
63445
63386
63386
63389
63390
63389
63390
63391
63398
63393
63394
63397
63398
63397
63398
63401
63989
63404
63404
63406
63408
63408
63409
63412
63412
63416
63417
63416
63417
63462
63420
63421
63420
63423
63422
63422
63426
63427
63426
63427
63436
63429
63431
63435
63434
63435
63434
63435
63437
63440
63441
63442
63440
63441
63443
63443
63459
63446
63447
63446
63448
63448
63451
63452
63451
63452
63453
63460
63455
63456
63459
63460
63459
63460
63462
63465
63466
63465
63466
63469
63472
64002
63475
63475
63477
63480
63479
63480
63483
63483
63485
63487
63496
63489
63500
63492
63493
63495
63496
63501
63499
63500
63502
63505
64737
63508
63508
63510
63511
63514
63515
63514
63528
63518
63525
63518
63553
63521
63521
64653
63523
63523
63527
63527
63527
63530
63530
63532
63535
63536
63535
63536
63539
63538
63542
64014
63544
63547
63548
63547
63548
63549
63552
63553
63552
63662
63559
63557
63558
63559
63557
63558
63561
63561
63561
63563
63564
63568
63569
63568
63569
63606
63572
63573
63572
63573
63579
63577
63577
63578
63580
63583
63583
63584
63597
63587
63594
63587
63622
63590
64657
63590
63592
63592
63596
63596
63596
63599
63599
63703
63602
63604
63606
63609
63610
63609
63610
63613
63612
63616
63617
63616
63617
63618
63621
63622
63621
63736
63628
63626
63627
63628
63626
63627
63630
63630
63630
63632
63633
63637
63638
63637
63638
63677
63641
63642
63641
63645
63646
63645
63646
63648
63649
63652
63652
63654
63655
63658
63659
63658
63659
63660
63663
63664
63663
63670
63668
63669
63670
63668
63669
63672
63672
63672
63674
63675
63677
63680
63681
63680
63681
63684
63683
63687
64069
63689
63692
63692
63693
63702
63696
63706
63696
63739
63699
64671
63699
63701
63701
63704
63704
63708
63708
63708
63711
63711
63713
63714
63718
63719
63718
63719
63757
63722
63722
63723
63726
63727
63726
63727
63729
63730
63733
63734
63733
63734
63735
63738
63738
63739
63745
63743
63744
63745
63743
63744
63747
63747
63747
63749
63750
63753
64092
63755
63757
63760
63761
63760
63761
63764
63763
63766
63768
63777
63770
63781
63773
63774
63776
63777
63782
63780
63781
63783
63785
64762
63789
63790
63789
63790
63845
63793
63794
63793
63794
63809
63796
63799
63800
63799
63801
63802
63802
63804
63808
63807
63808
63807
63808
63810
63814
63813
63821
63823
63816
63817
63816
63819
63819
63819
63822
63822
63823
63825
63825
63825
63889
63827
63829
63832
63835
63835
63837
63839
63839
63840
63843
63843
63845
63848
63849
63848
63849
63852
63855
63856
63857
63855
63856
63858
63858
63874
63861
63862
63861
63940
63863
63863
63866
63867
63866
63867
63868
63875
63870
63871
63874
63875
63874
63875
63879
63878
63885
63888
63881
63882
63881
63884
63884
63884
63887
63888
63887
63890
63890
63890
63892
63894
63898
63899
63898
63899
63958
63902
63903
63902
63903
63918
63905
63908
63909
63908
63910
63911
63911
63913
63917
63916
63917
63916
63917
63919
63922
64126
63925
63925
63927
63930
63929
63930
63933
63933
63936
63937
63938
63936
63937
63939
63939
63955
63942
63942
63943
63944
63944
63947
63948
63947
63948
63949
63956
63951
63952
63955
63956
63955
63956
63958
63961
63962
63961
63962
63965
63968
64781
63971
63973
63974
63976
63977
63978
63981
63980
63981
63980
63981
63983
63984
63986
63989
63995
63996
63999
64002
64006
64008
64009
64011
64014
64015
64017
64018
64020
64021
64025
64028
64023
64024
64023
64024
64027
64028
64027
64028
64030
64032
64031
64032
64031
64032
64035
64035
64036
64039
64039
64042
64042
64043
64045
64046
64050
64049
64048
64049
64048
64049
64055
64057
64052
64053
64052
64053
64081
64082
64056
64057
64056
64057
64060
64060
64061
64064
64064
64066
64069
64070
64072
64073
64075
64076
64080
64079
64078
64079
64078
64079
64085
64087
64082
64083
64082
64083
64086
64087
64086
64087
64089
64092
64093
64095
64096
64099
64099
64102
64104
64105
64110
64111
64113
64114
64115
64117
64117
64118
64117
64118
64132
64133
64120
64121
64123
64126
64129
64130
64131
64134
64133
64134
64133
64134
64136
64137
64141
64142
64144
65629
64148
64152
64152
64153
64157
64157
64158
64162
64162
64164
65643
64168
64168
64172
64172
64175
65658
64180
64180
64184
64184
64187
64187
64191
64191
64194
65678
64199
64199
64203
64203
64204
64208
64208
64209
64211
64213
64215
64217
64220
64223
64226
65275
64230
64230
64231
64234
64234
64234
64235
64236
64236
64240
65632
64244
64247
64248
64247
64250
64249
64251
64249
64251
64253
64257
64255
64258
64257
65292
65294
65295
64260
65299
65301
65635
64264
64266
64267
64271
64270
64271
64270
64271
64273
64278
64280
64276
64276
64279
64280
64280
64280
64283
64524
64285
64287
64658
64290
64293
65310
65304
65740
64297
65321
65640
64308
64309
64308
64311
64310
64312
64310
64312
64315
64316
64315
64318
64317
64319
64317
64319
64322
64323
64322
64325
64324
64326
64324
64326
64329
64330
64329
64332
64331
64333
64331
64333
64336
64338
65645
64341
64343
65330
64347
65334
64345
65331
65333
64347
65337
64350
65661
64353
64355
65348
64359
65352
64357
65349
65351
64359
64362
64365
64365
64366
64369
64369
64369
64370
64371
64371
64376
64377
64376
64380
64379
64381
64379
64379
64381
64384
64385
64384
64388
64387
64389
64387
64387
64389
64392
64392
64393
64396
64396
64396
64397
64398
64398
64403
64404
64403
64407
64406
64408
64406
64406
64408
64411
64411
64412
64415
64415
64415
64416
64417
64417
64422
64423
64422
64425
64424
64427
64424
64427
64427
64430
65355
64433
65360
64437
65363
64435
65361
65364
64437
64439
64441
65680
65373
64445
65378
64449
65381
64447
65379
65382
64449
64451
64454
64455
64454
64457
64456
64458
64456
64458
64461
64462
64461
64464
64463
64465
64463
64465
64468
64469
64468
64471
64470
64472
64470
64472
64474
64477
64477
64478
64479
64479
64481
64484
64484
64485
64486
64486
64488
65387
65390
65692
64492
64494
64495
64499
64498
64499
64498
64499
64501
64505
64503
64506
64505
65402
65404
65405
64508
64513
64515
64511
64511
64514
64515
64515
64515
64518
64529
64521
64523
64526
64530
64532
64537
64539
64535
64535
64538
64539
64539
64539
64542
64544
64546
64551
64553
64549
64549
64552
64553
64553
64553
64556
64559
64558
64561
65420
64561
65419
65421
64564
65425
65428
64566
64567
64571
64570
64571
64570
64571
65698
64574
64577
65436
65439
64579
64580
64584
64583
64584
64583
64584
65704
64587
64589
64592
64591
64594
65448
64594
65447
65449
64596
64599
64599
64600
64601
64601
64604
64604
64605
64606
64606
64608
64610
64613
65463
65457
65764
65467
64618
65469
65470
64622
64623
64622
64625
64624
64624
64627
64629
64629
64633
64634
64633
64636
64635
64635
64638
64640
64640
65768
64644
65481
65475
65485
64648
65487
65490
64661
64651
64655
64660
64663
64665
64669
65772
65492
64675
65494
65495
64679
64680
64679
64682
64681
64681
64684
64686
64686
64690
64691
64690
64693
64692
64692
64695
64697
64697
64700
65506
65501
65510
64704
65512
65515
64706
65523
64712
64713
64712
64713
64715
65530
64719
64724
64723
64724
64723
65538
64733
64734
64733
64734
64736
65545
64740
64745
64744
64745
64744
65554
64749
64753
64754
64753
64754
64756
64761
64760
64761
64760
65560
64770
64771
64770
64771
64773
64775
64780
64779
64779
64780
65565
65729
65733
65736
64796
64798
64804
64806
64811
64812
64813
64947
64812
64813
64948
64811
64812
64811
64813
64952
64953
64818
64819
64820
65066
64818
64820
65067
64818
64819
64819
64820
65070
65072
64825
64826
64827
65143
64825
64827
65144
64825
64826
64826
64827
65147
65149
64832
64833
64834
65171
64833
64834
65172
64832
64833
64832
64834
65175
65176
64839
64840
64841
64839
64840
65581
64840
64841
65582
64839
64841
65584
64846
64847
64848
65775
64847
64848
65777
64846
64847
64846
64848
65779
65780
64853
64854
64855
64853
64854
65595
64854
64855
65596
64853
64855
65598
64860
64861
64862
65782
64861
64862
65784
64860
64861
64860
64862
65786
65787
64867
64868
64869
64867
64868
65567
64867
64869
65569
64868
64869
65571
64874
64875
64876
65789
64875
64876
65791
64874
64875
64874
64876
65793
65794
64881
64882
64883
64881
64882
65574
64881
64883
65575
64882
64883
65577
64888
64889
64890
65796
64889
64890
65798
64888
64889
64888
64890
65800
65801
64895
64896
64897
64895
64896
65588
64896
64897
65590
64895
64897
65592
64902
64903
64904
65803
64903
64904
65805
64902
64903
64902
64904
65807
65808
64909
64910
64911
64909
64910
65609
64910
64911
65611
64909
64911
65613
64916
64917
64918
65810
64917
64918
65812
64916
64917
64916
64918
65814
65815
64923
64924
64925
64923
64924
65602
64924
64925
65604
64923
64925
65606
64930
64931
64932
65817
64931
64932
65820
64930
64931
64930
64932
65821
65822
64937
64938
64939
64937
64938
65616
64938
64939
65617
64937
64939
65619
64944
64945
64946
65824
64945
64946
65827
64944
64945
64944
64946
65828
65829
64951
64952
64953
64952
64953
64951
64952
64951
64953
64958
64959
64960
64958
64959
64958
64960
64959
64960
64965
64966
64967
64966
64967
64965
64966
64965
64967
64972
64973
64974
64972
64974
64972
64973
64973
64974
64979
64980
64981
64979
64981
64979
64980
64980
64981
64986
64987
64988
64986
64987
64986
64988
64987
64988
64993
64994
64995
64994
64995
64993
64994
64993
64995
65000
65001
65002
65000
65002
65000
65001
65001
65002
65007
65008
65009
65007
65009
65007
65008
65008
65009
65014
65015
65016
65014
65016
65014
65015
65015
65016
65021
65022
65023
65021
65023
65021
65022
65022
65023
65028
65029
65030
65028
65030
65028
65029
65029
65030
65035
65036
65037
65035
65037
65035
65036
65036
65037
65042
65043
65044
65043
65044
65042
65043
65042
65044
65049
65050
65051
65049
65050
65049
65051
65050
65051
65056
65057
65058
65057
65058
65056
65057
65056
65058
65063
65064
65065
65064
65065
65063
65064
65063
65065
65070
65071
65072
65070
65072
65070
65071
65071
65072
65077
65078
65079
65078
65079
65077
65078
65077
65079
65084
65085
65086
65084
65086
65084
65085
65085
65086
65091
65092
65093
65091
65093
65091
65092
65092
65093
65098
65099
65100
65098
65100
65098
65099
65099
65100
65105
65106
65107
65105
65107
65106
65107
65105
65106
65112
65113
65114
65112
65114
65112
65113
65113
65114
65119
65120
65121
65120
65121
65119
65120
65119
65121
65126
65127
65128
65126
65127
65126
65128
65127
65128
65133
65134
65135
65134
65135
65133
65134
65133
65135
65140
65141
65142
65140
65141
65140
65142
65141
65142
65147
65148
65149
65147
65149
65147
65148
65148
65149
65154
65155
65156
65155
65156
65154
65155
65154
65156
65161
65162
65163
65161
65162
65161
65163
65162
65163
65168
65169
65170
65168
65169
65168
65170
65169
65170
65175
65176
65177
65175
65176
65175
65177
65176
65177
65182
65183
65184
65182
65184
65183
65184
65182
65183
65189
65190
65191
65190
65191
65189
65190
65189
65191
65196
65197
65198
65196
65197
65196
65198
65197
65198
65202
65205
65776
65202
65203
65777
65203
65205
65204
65780
65204
65205
65209
65212
65783
65209
65210
65784
65210
65212
65211
65786
65211
65212
65216
65219
65790
65216
65217
65791
65217
65219
65218
65794
65218
65219
65223
65226
65797
65223
65224
65798
65224
65226
65225
65801
65225
65226
65230
65233
65804
65230
65231
65805
65231
65233
65232
65808
65232
65233
65237
65240
65811
65237
65238
65812
65238
65240
65239
65814
65239
65240
65244
65247
65818
65245
65247
65244
65245
65820
65246
65821
65246
65247
65251
65254
65825
65252
65254
65251
65252
65827
65253
65828
65253
65254
65258
65259
65258
65259
65391
65394
65395
65263
65264
65263
65264
65407
65410
65411
65268
65269
65268
65269
65429
65432
65433
65273
65274
65273
65274
65451
65454
65455
65278
65279
65278
65279
65624
65626
65627
65284
65285
65283
65284
65630
65283
65285
65631
65632
65289
65290
65289
65292
65290
65293
65294
65295
65294
65295
65296
65296
65300
65301
65633
65300
65302
65301
65302
65636
65637
65307
65308
65306
65307
65306
65308
65311
65312
65313
65312
65313
65312
65313
65317
65318
65319
65317
65318
65322
65323
65322
65323
65322
65323
65327
65329
65327
65328
65644
65328
65329
65645
65646
65334
65336
65647
65333
65336
65649
65333
65334
65335
65335
65336
65340
65341
65340
65341
65653
65655
65656
65346
65347
65345
65346
65345
65347
65659
65660
65661
65352
65354
65662
65351
65354
65664
65351
65352
65353
65353
65354
65359
65358
65358
65359
65668
65670
65671
65363
65366
65672
65364
65366
65674
65363
65364
65365
65365
65366
65370
65372
65370
65371
65679
65371
65372
65680
65681
65377
65376
65376
65377
65683
65685
65686
65381
65384
65687
65382
65384
65689
65381
65382
65383
65383
65384
65388
65390
65693
65388
65389
65389
65390
65695
65696
65394
65395
65394
65395
65399
65400
65399
65402
65400
65403
65404
65405
65404
65405
65406
65406
65410
65411
65410
65411
65415
65416
65415
65418
65416
65419
65420
65421
65420
65421
65422
65422
65426
65428
65697
65426
65427
65427
65428
65700
65701
65432
65433
65432
65433
65437
65439
65703
65437
65438
65438
65439
65705
65706
65443
65444
65443
65446
65444
65447
65448
65449
65448
65449
65450
65450
65454
65455
65454
65455
65459
65461
65459
65460
65460
65461
65464
65465
65466
65465
65466
65465
65466
65471
65472
65470
65471
65709
65470
65472
65473
65710
65473
65711
65473
65477
65478
65477
65479
65478
65479
65482
65483
65484
65484
65483
65483
65484
65488
65489
65488
65490
65714
65489
65490
65491
65715
65491
65491
65716
65496
65497
65495
65496
65719
65495
65497
65498
65720
65498
65721
65498
65502
65503
65502
65504
65507
65503
65504
65508
65509
65509
65508
65508
65509
65513
65514
65513
65515
65724
65514
65515
65516
65725
65516
65516
65726
65520
65521
65522
65520
65521
65525
65526
65525
65526
65525
65526
65531
65727
65530
65531
65530
65728
65535
65535
65536
65537
65536
65540
65541
65540
65541
65540
65541
65546
65731
65545
65546
65545
65732
65550
65550
65551
65552
65551
65555
65556
65555
65556
65555
65556
65561
65735
65560
65561
65560
65737
65566
65638
65565
65639
65565
65566
65570
65571
65570
65573
65571
65573
65572
65572
65573
65577
65578
65577
65580
65578
65580
65579
65579
65580
65584
65585
65584
65587
65585
65587
65586
65586
65587
65591
65592
65591
65594
65592
65594
65593
65593
65594
65598
65599
65598
65601
65599
65601
65600
65600
65601
65605
65606
65605
65608
65606
65608
65607
65607
65608
65612
65613
65612
65615
65613
65615
65614
65614
65615
65619
65620
65619
65622
65620
65622
65621
65621
65622
65627
65626
65627
65626
65631
65632
65631
65632
65636
65637
65636
65637
65641
65641
65646
65645
65645
65646
65651
65650
65651
65745
65650
65746
65747
65656
65655
65656
65655
65660
65661
65660
65661
65666
65665
65666
65750
65665
65751
65752
65670
65670
65671
65671
65675
65675
65676
65755
65676
65756
65757
65681
65680
65680
65681
65685
65685
65686
65686
65690
65690
65691
65760
65691
65761
65762
65696
65695
65696
65695
65700
65701
65701
65700
65705
65705
65706
65706
65710
65763
65711
65765
65710
65711
65716
65767
65715
65769
65715
65716
65720
65771
65721
65773
65720
65721
65726
65739
65725
65741
65725
65726
65730
65730
65734
65734
65738
65738
65742
65742
65746
65747
65746
65747
65751
65752
65751
65752
65757
65756
65756
65757
65762
65761
65761
65762
65766
65766
65770
65770
65774
65774
65779
65780
65781
65780
65781
65779
65780
65779
65781
65786
65787
65788
65786
65788
65786
65787
65787
65788
65793
65794
65795
65794
65795
65793
65794
65793
65795
65800
65801
65802
65801
65802
65800
65801
65800
65802
65807
65808
65809
65808
65809
65807
65808
65807
65809
65814
65815
65816
65814
65816
65814
65815
65815
65816
65821
65822
65823
65821
65823
65822
65823
65821
65822
65828
65829
65830
65828
65830
65829
65830
65828
65829
65833
65836
65833
65837
65834
65836
65837
65836
65837
65840
65843
65840
65844
65841
65843
65844
65843
65844
65847
65850
65847
65851
65848
65850
65851
65850
65851
65854
65857
65854
65858
65855
65857
65858
65857
65858
)


// ************************************************************************* //
